specimen_id,chrom,n_positions,mean_coverage,median_coverage,sd_coverage,mean_methylation_5mC,positions_10x,pct_positions_10x
USNM_1606826,OZ247652.1,13706656,1.7948066982931503,1,2.4288989344213783,4.751376729709374,144748,1.0560416778534458
USNM_1606826,OZ247653.1,12729348,1.577105127458217,1,1.4833895010307006,2.2395563534670035,64634,0.5077557782221054
USNM_1606826,OZ247654.1,12133690,1.6238337224702462,1,1.6832745547764358,2.037533988621077,74039,0.6101936014518254
USNM_1606826,OZ247656.1,6550923,1.6192182384070153,1,1.5635288241938698,2.7933447713869723,25959,0.39626477062850535
USNM_1606826,OZ247655.1,5330974,2.131546130219356,1,9.655686974468122,3.1580833066463776,60748,1.139529099185252
USNM_1606826,OZ247657.1,5030162,1.5481881100449648,1,1.3622797818607435,3.013297345023079,21727,0.43193439893188335
USNM_1606826,OZ247658.1,4438066,1.5926746019549958,1,1.4759071741711949,3.4121896627509134,20958,0.4722327247949895
USNM_1606826,OZ247661.1,4231785,2.09083046515832,1,3.2811362038810437,2.7806950463211066,71660,1.6933752541776106
USNM_1606826,OZ247662.1,4228643,1.5944817285356083,1,1.5514767865458898,3.7038776553208614,19473,0.46050234082186653
USNM_1606826,OZ247664.1,4034326,1.592238951438233,1,1.4834865368902979,3.8940035487895885,17851,0.4424778761061947
USNM_1606826,OZ247663.1,3996841,1.7185792479610773,1,2.740375893575159,2.748125563518758,34518,0.8636320534141838
USNM_1606826,OZ247665.1,3933488,1.6299192980886175,1,1.4449943144805117,3.8049047711029558,20048,0.5096748738015726
USNM_1606826,OZ247660.1,3872768,1.5955559434492332,1,1.6965362126522108,3.2210560388165637,14777,0.38156171503172925
USNM_1606826,OZ247666.1,3800189,1.587919969243635,1,1.998787593091682,3.6849723644570647,18568,0.48860727716437263
USNM_1606826,OZ247659.1,3427498,1.6153978791526646,1,1.835056287988467,3.777436544637368,14031,0.40936566556712795
USNM_1606826,OZ247668.1,3398954,1.5743834720917083,1,1.3436296995201098,3.600538095747546,16610,0.48867975265331626
USNM_1606826,OZ247667.1,3364421,1.5663833390648791,1,1.8259147228216108,3.688307377711207,18145,0.5393201385914546
USNM_1606826,CBDDTY010000010.1,422991,1.7853831405396332,1,1.5672840421355967,2.0681997540501524,2522,0.5962301798383417
USNM_1606826,CBDDTY010000018.1,309584,1.938313995555326,1,2.1577515846255917,1.3022797295799624,3749,1.21097989560184
USNM_1606826,CBDDTY010000019.1,279851,2.087907493630539,1,2.6087813580669446,0.24344813948123004,4686,1.6744624818206832
USNM_1606826,CBDDTY010000001.1,179807,1.5880527454437259,1,1.158821650609021,8.1130673232023085,336,0.1868670296484564
USNM_1606826,CBDDTY010000025.1,164736,1.631653069153069,1,1.2433102214543026,2.7304259962816264,372,0.22581585081585082
USNM_1606826,CBDDTY010000023.1,157499,5.758665134381806,1,29.018007868275454,20.245086285788993,12435,7.895288224052216
USNM_1606826,CBDDTY010000022.1,153646,1.825117477838668,1,1.4445727297379847,3.5475071609788036,738,0.48032490269841066
USNM_1606826,CBDDTY010000020.1,153481,1.6644926733602206,1,1.574116664731568,3.158691753402722,804,0.5238433421726468
USNM_1606826,CBDDTY010000029.1,128479,3.9208430949805027,1,6.9277644978757715,5.210392073841985,13021,10.134730189369469
USNM_1606826,CBDDTY010000035.1,101861,1.6879080315331678,1,1.2536402769010098,3.3680472764645426,196,0.19241908090436968
USNM_1606826,CBDDTY010000027.1,101549,1.65822410855843,1,1.3408867047584607,2.5658743141111917,521,0.5130528119430029
USNM_1606826,CBDDTY010000028.1,94655,2.809296920395119,1,5.733766781472849,0.8707747873703833,4065,4.294543341609001
USNM_1606826,CBDDTY010000036.1,93354,1.5813355614114017,1,1.2916356272648846,4.652820824881677,441,0.47239539816183557
USNM_1606826,CBDDTY010000015.1,89819,2.0212649884768257,1,3.127105732675603,2.0593535504804694,2113,2.352508934635211
USNM_1606826,CBDDTY010000011.1,88623,2.2999559933651534,1,2.5361489546670533,9.120352770735241,1374,1.550387596899225
USNM_1606826,CBDDTY010000031.1,87806,1.6933466961255494,1,1.6435472876691393,2.097311684460261,706,0.8040452816436234
USNM_1606826,CBDDTY010000034.1,69845,4.405984680363662,1,14.073916918410312,4.3362242935345465,4347,6.223781229866132
USNM_1606826,CBDDTY010000042.1,68329,1.8961787820691067,1,1.549827540817231,2.8355563186813186,369,0.5400342460741413
USNM_1606826,CBDDTY010000026.1,61707,1.7433030288297924,1,1.5212915374113007,4.272701949860724,484,0.7843518563534121
USNM_1606826,CBDDTY010000032.1,57052,1.8173771296361214,1,1.476096858628044,4.342742590336988,251,0.4399495197363808
USNM_1606826,CBDDTY010000039.1,54658,1.4563101467305792,1,0.8076442039812696,4.4766943156867525,0,0
USNM_1606826,CBDDTY010000002.1,52477,3.0185605122244032,2,3.013455109028276,0.2652460892789012,2474,4.714446328867885
USNM_1606826,CBDDTY010000046.1,51493,1.9718990930806128,1,1.8603581733015635,1.5584126984126985,698,1.355524051812868
USNM_1606826,CBDDTY010000049.1,50047,2.1431854057186244,1,1.9470159388847943,0.7915322718712549,719,1.4366495494235418
USNM_1606826,CBDDTY010000048.1,48041,1.674923502841323,1,1.3314416596631062,1.3497424242424243,198,0.41214795695343565
USNM_1606826,CBDDTY010000053.1,46436,1.3174261348953398,1,0.628889555690033,2.141930322580645,0,0
USNM_1606826,CBDDTY010000041.1,41489,1.6440020246330354,1,1.317433956101229,3.1519819100824686,320,0.7712887753380414
USNM_1606826,CBDDTY010000008.1,41028,1.1382470507945792,1,0.4761057081452803,0.16178367134685387,0,0
USNM_1606826,CBDDTY010000045.1,40487,2.0006915800133376,1,4.617750270695623,1.0821930360415395,756,1.8672660360115594
USNM_1606826,CBDDTY010000055.1,39918,2.3360388797033917,1,2.4638192817263316,3.774085510688836,1319,3.3042737612104816
USNM_1606826,CBDDTY010000038.1,39393,1.7577234534054273,1,1.3640842528544916,2.5298655139289146,218,0.5533978117939735
USNM_1606826,CBDDTY010000073.1,39195,2.649878811072841,2,2.6113723155308164,0.14645694312043217,1053,2.6865671641791042
USNM_1606826,CBDDTY010000056.1,39023,1.690182712759142,1,1.2703402147124723,3.275638432364096,73,0.18706916433897958
USNM_1606826,CBDDTY010000043.1,38851,1.7405729582250136,1,1.7018744669661896,2.530606527093596,287,0.7387197240740264
USNM_1606826,CBDDTY010000044.1,35429,1.8134579017189307,1,1.4402610934828355,2.6799555859241546,182,0.5137034632645573
USNM_1606826,CBDDTY010000072.1,33913,1.9384601775130481,1,1.5969547275050004,3.8515093646713185,67,0.19756435585173826
USNM_1606826,CBDDTY010000060.1,32783,2.3551840893145837,1,2.8315327706472857,0.8413018597997138,827,2.522648933898667
USNM_1606826,CBDDTY010000116.1,31928,13.416687546980707,13,9.894530077955016,3.5125884923525126,18938,59.314708093209724
USNM_1606826,CBDDTY010000076.1,31827,2.2059572061457255,1,1.9413002653103661,2.507824251726784,396,1.2442266000565556
USNM_1606826,CBDDTY010000006.1,30696,1.722602293458431,1,1.693744982219066,2.561897091722595,354,1.1532447224394058
USNM_1606826,CBDDTY010000050.1,30643,1.4955454753124695,1,0.9640787730269456,2.243170359052712,33,0.10769180563260777
USNM_1606826,CBDDTY010000070.1,30554,1.4955488643058192,1,0.835736183415405,3.1527341453170936,0,0
USNM_1606826,CBDDTY010000063.1,29256,2.1111225047853432,1,1.8463796421209226,0.682626876340243,342,1.1689909762100084
USNM_1606826,CBDDTY010000014.1,28685,1.7795014816105978,1,1.1619692168879625,0.35287052117263845,86,0.2998082621579223
USNM_1606826,CBDDTY010000054.1,28654,2.1472394779088435,1,2.0205018069366094,0.18359445124439006,459,1.601870593983388
USNM_1606826,CBDDTY010000062.1,28567,1.9348549025098891,1,2.4309966321560057,1.3872879330943848,825,2.887947631882942
USNM_1606826,CBDDTY010000111.1,27481,2.120810741967177,2,1.6996543481193793,0.3246658639373871,269,0.978858120155744
USNM_1606826,CBDDTY010000051.1,27324,2.026936026936027,1,2.227928050951979,2.4581630901287554,720,2.635046113306983
USNM_1606826,CBDDTY010000079.1,26290,3.291479650057056,1,12.356822584237358,1.341406396989652,812,3.088626854317231
USNM_1606826,CBDDTY010000100.1,24786,1.7940369563463245,1,1.1624124438496959,2.1565353037766832,0,0
USNM_1606826,CBDDTY010000113.1,24440,3.2639934533551553,2,4.543260667189863,0.21363412921348315,1848,7.561374795417349
USNM_1606826,CBDDTY010000067.1,23689,1.6421968002026257,1,0.9782604038300245,6.253993975903614,0,0
USNM_1606826,CBDDTY010000349.1,22396,2.4583407751384176,2,1.5150083715444298,0.21940516821062897,28,0.12502232541525274
USNM_1606826,CBDDTY010000225.1,21025,2.7653269916765755,2,2.4282524535093803,1.614494382022472,719,3.4197384066587393
USNM_1606826,CBDDTY010000181.1,20773,3.2920618110046695,2,2.8847916672179768,0.3485783664459161,980,4.717662350166081
USNM_1606826,CBDDTY010000102.1,20309,1.761386577379487,1,1.5144839316997223,0.638561686298822,210,1.0340243241912452
USNM_1606826,CBDDTY010000093.1,20143,1.5629250856376906,1,0.9194008956103333,2.233038976857491,0,0
USNM_1606826,CBDDTY010000040.1,20114,1.816893705876504,1,1.7603190591236986,7.904815602836879,235,1.1683404593815254
USNM_1606826,CBDDTY010000099.1,19668,2.1063148261134836,1,1.7806536429284825,4.38325,85,0.4321740898922107
USNM_1606826,CBDDTY010000134.1,19515,1.7655137074045606,1,1.2624899368639555,1.5484525205158266,12,0.06149116064565719
USNM_1606826,CBDDTY010000174.1,19256,3.2173348566680513,2,2.3965422770599876,0.3620492272467086,348,1.8072289156626504
USNM_1606826,CBDDTY010000052.1,19135,1.8239351972824667,1,1.768861793206081,3.012071086807929,186,0.9720407629997386
USNM_1606826,CBDDTY010001809.1,18177,15.93799856962095,13,17.26902898362238,2.636466358500257,11565,63.624360455520716
USNM_1606826,CBDDTY010000110.1,18127,1.9712031775804049,1,2.32742629671703,1.7061281337047354,390,2.151486732498483
USNM_1606826,CBDDTY010000033.1,18084,1.258681707586817,1,0.7603326827218618,0.582817248459959,7,0.038708250387082505
USNM_1606826,CBDDTY010000162.1,17939,4.132058643179664,3,3.988151094329872,0.3351311084624553,1897,10.574725458498243
USNM_1606826,CBDDTY010000141.1,17575,7.795391180654338,2,21.00185903140181,1.0444613649182177,2031,11.556187766714082
USNM_1606826,CBDDTY010000546.1,17549,2.8364579178300757,2,5.393870225124121,1.1427248850952068,591,3.367713260014816
USNM_1606826,CBDDTY010000119.1,17456,1.420371219065078,1,0.7697115046009916,1.438004402054292,0,0
USNM_1606826,CBDDTY010000068.1,17372,2.0240041446005064,1,2.334980150898297,2.0560416666666668,445,2.5615933686391896
USNM_1606826,CBDDTY010000126.1,17043,2.2464354867100864,2,1.5482114669451872,0.6218947368421053,10,0.05867511588335387
USNM_1606826,CBDDTY010000118.1,16952,1.3131193959414817,1,0.6370820452023361,5.5047954743255,0,0
USNM_1606826,CBDDTY010000086.1,16476,1.8899611556202962,1,1.5320055304666,3.351875,47,0.28526341344986644
USNM_1606826,CBDDTY010000133.1,16219,1.6020099882853442,1,1.059867064424677,7.991754874651811,0,0
USNM_1606826,CBDDTY010000166.1,16078,2.1613384749346936,1,2.240770888896649,0.8519864559819413,370,2.3012812538872995
USNM_1606826,CBDDTY010000117.1,16043,2.3933802904693637,1,3.0806227763823637,1.5526341866226259,585,3.646450165181076
USNM_1606826,CBDDTY010000009.1,16007,1.6184794152558255,1,1.1127562746904123,0.2995805871779509,0,0
USNM_1606826,CBDDTY010000845.1,15879,3.3444171547326658,3,2.5981838708852516,0.3651180358829084,640,4.030480508848164
USNM_1606826,CBDDTY010000585.1,15850,3.334447949526814,1,4.1760888463784065,1.7369795109054857,1360,8.580441640378549
USNM_1606826,CBDDTY010000230.1,15810,1.5722960151802656,1,0.8636525538299795,0.18298261665141813,0,0
USNM_1606826,CBDDTY010000082.1,15780,1.3430291508238277,1,0.654641794024386,4.673640684410646,0,0
USNM_1606826,CBDDTY010000179.1,15670,4.279132099553286,2,6.464871798794765,2.764423076923077,1625,10.370134014039566
USNM_1606826,CBDDTY010000670.1,15300,2.706928104575163,2,2.591370556468733,1.5780360205831905,352,2.3006535947712417
USNM_1606826,CBDDTY010000077.1,15169,1.2861098292570374,1,0.6004285642558087,0.21015033947623665,0,0
USNM_1606826,CBDDTY010000005.1,15102,1.7203019467620182,1,1.487482935906089,0.16233766233766234,35,0.2317573831280625
USNM_1606826,CBDDTY010002021.1,15025,3.580965058236273,3,3.0403717246555835,1.6438082083662193,919,6.1164725457570714
USNM_1606826,CBDDTY010000487.1,14953,1.5671102788738045,1,0.9226688858251694,0,0,0
USNM_1606826,CBDDTY010000090.1,14839,2.1743378933890423,1,1.689026208882061,1.9116077738515902,8,0.053911988678482375
USNM_1606826,CBDDTY010000332.1,14820,1.6255735492577599,1,1.1917034321943327,0.47951176983435045,26,0.17543859649122806
USNM_1606826,CBDDTY010000219.1,14765,2.087368777514392,1,1.6886735666969228,5.929390815370197,139,0.9414155096512021
USNM_1606826,CBDDTY010001350.1,14732,3.6454656530002714,3,2.561115939080572,0.4284307692307692,406,2.7559055118110236
USNM_1606826,CBDDTY010000685.1,14542,2.942923944436804,2,2.7074620066448554,2.0086040268456378,536,3.685875395406409
USNM_1606826,CBDDTY010000471.1,14520,1.5017217630853994,1,0.8238288143043487,0.34668721109399075,0,0
USNM_1606826,CBDDTY010000592.1,14487,1.4086422309656934,1,0.6851836232643118,3.777570262919311,0,0
USNM_1606826,CBDDTY010000464.1,14483,2.4907132500172615,2,1.896826097104011,3.7517735042735043,116,0.8009390319685148
USNM_1606826,CBDDTY010000364.1,14315,1.72651065316102,1,1.461687352092283,0.15217391304347827,79,0.5518686692280824
USNM_1606826,CBDDTY010000007.1,14246,1.442510178295662,1,0.9416987195942095,0,0,0
USNM_1606826,CBDDTY010000442.1,14232,1.8319280494659922,1,1.2932143431716066,0.6035205364626991,0,0
USNM_1606826,CBDDTY010000253.1,14227,2.279187460462501,2,1.4289260184065573,0.9003500473036897,1,0.007028888732691362
USNM_1606826,CBDDTY010000433.1,14227,2.037463976945245,2,1.3079537932525978,0.6809595070422535,0,0
USNM_1606826,CBDDTY010000071.1,14199,2.53419254877104,1,3.3081529384288135,3.548632128214685,718,5.0566941333896755
USNM_1606826,CBDDTY010000815.1,14187,3.124832593219144,2,3.2733013496258407,0.8089335281227173,984,6.935927257348276
USNM_1606826,OZ247669.1,14187,31.156481285684077,32,11.121893022726812,1.116057605760576,13333,93.98040459575668
USNM_1606826,CBDDTY010000933.1,14186,3.0584378965176935,2,2.689953829095187,0.6049376797698945,653,4.603129846327365
USNM_1606826,CBDDTY010000078.1,14167,1.2293357803345804,1,0.5334953196462874,11.120543293718166,0,0
USNM_1606826,CBDDTY010000892.1,14048,2.040717539863326,2,1.1791450161527341,0.06530564263322884,0,0
USNM_1606826,CBDDTY010000990.1,13964,1.536665711830421,1,0.7471316946928128,0.18062068965517242,0,0
USNM_1606826,CBDDTY010000989.1,13960,1.8689828080229227,1,1.2976464656174609,2.0616902738432485,25,0.17908309455587393
USNM_1606826,CBDDTY010000823.1,13940,3.330846484935438,2,2.964942542838854,0.29900958466453675,636,4.562410329985653
USNM_1606826,CBDDTY010000302.1,13921,1.7473601034408448,1,1.1855349889578155,0.11595547309833024,0,0
USNM_1606826,CBDDTY010002179.1,13888,2.0231854838709675,2,1.1539062144216765,3.7418546132339237,0,0
USNM_1606826,CBDDTY010000321.1,13855,1.2513172140021653,1,0.4915125937051719,4.3975023474178405,0,0
USNM_1606826,CBDDTY010000435.1,13849,2.0079428117553615,1,1.5420433273856424,2.138224374495561,10,0.07220737959419452
USNM_1606826,CBDDTY010000891.1,13830,2.277946493130875,2,1.5401576992939405,0.2455795677799607,0,0
USNM_1606826,CBDDTY010000101.1,13825,1.4297287522603979,1,0.7240885415890416,1.8590704500978474,0,0
USNM_1606826,CBDDTY010000195.1,13823,1.2772914707371772,1,0.5109240589927413,1.6544117647058822,0,0
USNM_1606826,CBDDTY010000186.1,13746,1.6600465589989815,1,1.0022309624836727,0.4839655172413793,0,0
USNM_1606826,CBDDTY010001121.1,13724,1.6241620518799185,1,1.0008896379235932,0.5982053838484547,0,0
USNM_1606826,CBDDTY010001453.1,13681,2.088005262773189,2,1.2392237732573643,0.22615384615384615,7,0.05116585044952854
USNM_1606826,CBDDTY010000314.1,13672,2.194558221181978,2,1.5267941951515025,1.8925456125108602,0,0
USNM_1606826,CBDDTY010000420.1,13660,1.4092972181551977,1,0.7176469536657556,0,0,0
USNM_1606826,CBDDTY010000125.1,13588,1.7070944951427731,1,1.656313677258384,1.4861357210179076,167,1.229025610833088
USNM_1606826,CBDDTY010000930.1,13576,1.8123158515026518,1,1.3044132707159177,0.43261061946902657,0,0
USNM_1606826,CBDDTY010000483.1,13552,2.096590909090909,2,1.295945508889237,4.046718606782768,0,0
USNM_1606826,CBDDTY010000666.1,13500,1.7373333333333334,1,1.1179290961901174,0.2801120448179272,0,0
USNM_1606826,CBDDTY010000600.1,13483,1.5334124453014908,1,0.8808103414145261,0.29296875,0,0
USNM_1606826,CBDDTY010000716.1,13452,2.715804341361879,2,3.0261482803053372,3.68318763326226,550,4.088611358905739
USNM_1606826,CBDDTY010000705.1,13406,2.1212889750857826,1,1.690193408471004,1.482479784366577,88,0.6564224973892286
USNM_1606826,CBDDTY010000312.1,13367,1.3344804368968355,1,0.581752678429041,0.34537725823591925,0,0
USNM_1606826,CBDDTY010000301.1,13326,1.6992345790184602,1,1.2488653670005856,0.9924,22,0.16509079993996698
USNM_1606826,CBDDTY010001802.1,13282,1.8197560608342118,1,1.0899081186380088,9.142071057192375,0,0
USNM_1606826,CBDDTY010000261.1,13239,3.184908225696805,1,4.4815964232900285,2.2310494880546075,1343,10.144270715310824
USNM_1606826,CBDDTY010000231.1,13178,1.606541205038701,1,1.2371803320554633,0.009154078549848942,57,0.43253908028532406
USNM_1606826,CBDDTY010000491.1,13127,1.6642035499352479,1,1.0313466212310398,0.39100684261974583,9,0.0685609811838196
USNM_1606826,CBDDTY010000421.1,13089,1.4091221636488656,1,0.9954876345932587,7.6120959332638165,47,0.3590801436320574
USNM_1606826,CBDDTY010000756.1,13037,1.830022244381376,1,1.134662970344511,1.0667286652078773,0,0
USNM_1606826,CBDDTY010000530.1,12973,1.635473676096508,1,1.518798715618574,0,185,1.4260386957527171
USNM_1606826,CBDDTY010000254.1,12962,1.3359049529393612,1,0.6266384178519794,1.18082995951417,0,0
USNM_1606826,CBDDTY010000365.1,12916,1.7240631774543203,1,1.6581328832436146,3.5584640522875817,158,1.223288943945494
USNM_1606826,CBDDTY010000631.1,12904,1.6839739615623062,1,0.9210165011721446,0.7832909930715936,0,0
USNM_1606826,CBDDTY010001125.1,12887,4.621479009854893,2,5.088626108952101,0.33535413153457,1947,15.108248622642972
USNM_1606826,CBDDTY010000495.1,12828,1.4126130339881509,1,0.7760465970645857,0,0,0
USNM_1606826,CBDDTY010000436.1,12655,1.3480837613591465,1,0.646793102518771,0.14229455709711847,0,0
USNM_1606826,CBDDTY010000843.1,12641,1.8160746776362628,1,1.0619041004127643,1.8299321047526673,0,0
USNM_1606826,CBDDTY010000965.1,12614,1.583399397494847,1,0.9232741161009215,2.3121387283236996,0,0
USNM_1606826,CBDDTY010000416.1,12601,2.506626458217602,2,2.085469318173433,3.5063037974683544,77,0.6110626140782478
USNM_1606826,CBDDTY010000583.1,12593,2.4346859366314617,2,1.7889016435027991,0.4144620811287478,108,0.8576193123163662
USNM_1606826,CBDDTY010000618.1,12585,1.5087008343265793,1,0.9345770712898135,0.16133591481122941,0,0
USNM_1606826,CBDDTY010000224.1,12582,1.5475282149101892,1,1.0038902997057952,0.43478260869565216,0,0
USNM_1606826,CBDDTY010000300.1,12577,1.6717023137473166,1,1.4682133203741001,2.0390038684719536,111,0.8825634093981077
USNM_1606826,CBDDTY010001134.1,12563,2.906948977155138,2,2.2421158609703546,1.8603906976744187,249,1.9820106662421395
USNM_1606826,CBDDTY010000061.1,12542,1.661696699091054,1,1.3241658226696642,0.9737865168539326,21,0.16743741030138734
USNM_1606826,CBDDTY010000124.1,12496,1.7908130601792573,1,1.1485567030602992,3.0681221091581867,0,0
USNM_1606826,CBDDTY010001376.1,12494,1.9513366415879623,2,1.1901034274805593,0.1278772378516624,0,0
USNM_1606826,CBDDTY010000779.1,12488,1.6190743113388852,1,0.9870198054463362,4.12548418972332,0,0
USNM_1606826,CBDDTY010001644.1,12483,1.8375390531122326,1,1.2468363811508265,3.1267916666666666,0,0
USNM_1606826,CBDDTY010000617.1,12476,1.3703109971144598,1,0.6106052185597175,1.1397645739910314,0,0
USNM_1606826,CBDDTY010000058.1,12475,1.5653707414829658,1,1.1139012644582695,4.069255319148936,0,0
USNM_1606826,CBDDTY010000490.1,12456,1.5166184971098267,1,1.2630232052933372,1.3132374100719424,77,0.6181759794476558
USNM_1606826,CBDDTY010000477.1,12453,1.3252228378703927,1,0.6763908768338962,3.530934131736527,0,0
USNM_1606826,CBDDTY010001059.1,12440,1.9066720257234726,2,1.1478332636803597,0.2188340336134454,0,0
USNM_1606826,CBDDTY010000251.1,12416,2.12878543814433,1,1.596539554437971,3.396738683127572,14,0.11275773195876287
USNM_1606826,CBDDTY010000265.1,12416,1.3793492268041236,1,0.6653052704131502,0.35496957403651114,0,0
USNM_1606826,CBDDTY010001274.1,12406,2.147267451233274,2,1.7754186650599324,1.423578244274809,150,1.2090923746574238
USNM_1606826,CBDDTY010001831.1,12393,4.327684983458404,3,3.7152768483073646,6.768762575452716,1026,8.278867102396514
USNM_1606826,CBDDTY010000526.1,12387,1.3818519415516266,1,0.6696242247186963,0.20408163265306123,0,0
USNM_1606826,CBDDTY010001135.1,12380,2.185541195476575,2,1.6649863810015917,12.724225526641883,10,0.08077544426494346
USNM_1606826,CBDDTY010000189.1,12373,1.4841186454376465,1,1.0689202362827621,10.334967320261438,26,0.2101349713084943
USNM_1606826,CBDDTY010001414.1,12351,2.996599465630313,2,3.6651091215237557,1.1509664582148948,1051,8.509432434620678
USNM_1606826,CBDDTY010000417.1,12343,1.4563720327311027,1,0.844029060077821,0.38743486973947894,0,0
USNM_1606826,CBDDTY010000606.1,12343,1.5158389370493397,1,0.7763443438663997,0,0,0
USNM_1606826,CBDDTY010000310.1,12323,2.180556682625984,1,2.4982912742099295,1.3133106382978723,356,2.888906922015743
USNM_1606826,CBDDTY010000296.1,12316,1.5624391036050667,1,0.8592825912387524,0.9212948207171314,0,0
USNM_1606826,CBDDTY010000430.1,12297,1.456859396600797,1,0.8020267465840731,0.8005786026200873,0,0
USNM_1606826,CBDDTY010000401.1,12285,1.5356125356125356,1,0.8127158940014315,4.72586011342155,0,0
USNM_1606826,CBDDTY010000380.1,12277,1.3421031196546387,1,0.67390782097935,0.2628811777076761,0,0
USNM_1606826,CBDDTY010000233.1,12261,1.5351113286028872,1,0.8093123666254936,2.8197280966767373,0,0
USNM_1606826,CBDDTY010001805.1,12259,1.5923811077575658,1,0.7868913164025307,0.4610655737704918,0,0
USNM_1606826,CBDDTY010000580.1,12213,1.3267829362155081,1,0.57266088838492335,0.2295684113865932,0,0
USNM_1606826,CBDDTY010000200.1,12199,1.7817034183129765,1,1.0644764133954063,0.09398496240601503,0,0
USNM_1606826,CBDDTY010001241.1,12178,2.6484644440794876,2,2.136164593224079,5.834419817470665,179,1.469863688618821
USNM_1606826,CBDDTY010000094.1,12148,1.7775765558116563,1,1.2228112269540576,1.7349946751863685,0,0
USNM_1606826,CBDDTY010001349.1,12123,1.8049987626825044,1,1.1776326954811562,0.0210479797979798,0,0
USNM_1606826,CBDDTY010000152.1,12104,1.6267349636483808,1,1.0271690750940157,0.3630077787381158,0,0
USNM_1606826,CBDDTY010000358.1,12099,1.9074303661459624,1,1.2356741323086333,3.9057642725598525,0,0
USNM_1606826,CBDDTY010000197.1,12083,1.6144997103368368,1,0.9012828894282372,1.4987559161595674,0,0
USNM_1606826,CBDDTY010000191.1,12077,2.030388341475532,2,1.2885283683212947,7.62522372528616,0,0
USNM_1606826,CBDDTY010000752.1,12056,1.668380889183809,1,0.8396137246077624,3.1729438717067584,0,0
USNM_1606826,CBDDTY010000218.1,12054,1.449975111996018,1,0.7417420589724917,0.6410256410256411,0,0
USNM_1606826,CBDDTY010000386.1,12035,1.4180307436643125,1,0.6799612440334174,11.583929078014185,0,0
USNM_1606826,CBDDTY010000431.1,12002,1.4451758040326612,1,0.7179780745571753,0.3123814773980154,0,0
USNM_1606826,CBDDTY010000304.1,11989,1.3382267078154975,1,0.5678438796497403,8.760951188986233,0,0
USNM_1606826,CBDDTY010000305.1,11972,1.4876378215836954,1,0.7797865274878912,2.8719912472647704,0,0
USNM_1606826,CBDDTY010000138.1,11949,3.4581136496777973,1,6.2512957202696615,2.98095701540957,1010,8.452590174910034
USNM_1606826,CBDDTY010001225.1,11940,2.3918760469011726,2,1.643985909470542,3.353437185929648,6,0.05025125628140704
USNM_1606826,CBDDTY010000566.1,11885,1.6575515355490114,1,1.132215250032861,0.279992,0,0
USNM_1606826,CBDDTY010002313.1,11875,2.9659789473684213,3,1.665881291157467,4.544784836065574,48,0.40421052631578946
USNM_1606826,CBDDTY010000576.1,11861,1.7499367675575415,1,1.5090595569502572,0.5366823751178134,65,0.5480145013068038
USNM_1606826,CBDDTY010000329.1,11859,1.337633864575428,1,0.603170490352251,0.39307783018867926,0,0
USNM_1606826,CBDDTY010000140.1,11850,1.450632911392405,1,0.7744997080169467,0.7978723404255319,0,0
USNM_1606826,CBDDTY010000215.1,11840,1.8264358108108107,1,1.220040086051804,2.604608076009501,0,0
USNM_1606826,CBDDTY010000250.1,11833,1.3803769120256908,1,0.6761239808689794,0.4871294363256785,0,0
USNM_1606826,CBDDTY010000499.1,11827,1.585862856176545,1,0.8266631207654143,5.580832249674902,0,0
USNM_1606826,CBDDTY010000704.1,11801,2.0189814422506567,1,1.8604206777085153,1.2513144058885384,115,0.9744936869756801
USNM_1606826,CBDDTY010000794.1,11801,1.5882552326074062,1,1.0749983119907671,0.15772870662460567,1,0.008473858147614609
USNM_1606826,CBDDTY010000777.1,11777,1.4466332682346947,1,0.6558104771087891,7.1241699346405225,0,0
USNM_1606826,CBDDTY010001070.1,11777,2.522543941581048,2,1.6491790350863038,5.82188703465982,1,0.008491126772522714
USNM_1606826,CBDDTY010001901.1,11736,2.9989775051124745,2,2.6640625858724425,0.4451108647450111,385,3.2805044308111793
USNM_1606826,CBDDTY010000469.1,11694,1.323071660680691,1,0.5542057745392556,0.1148105625717566,0,0
USNM_1606826,CBDDTY010000075.1,11667,1.4110739693151624,1,0.8297821539646849,4.437734939759036,0,0
USNM_1606826,CBDDTY010000694.1,11642,1.4279333447861193,1,0.7013453070918103,4.350702151755379,0,0
USNM_1606826,CBDDTY010001011.1,11610,2.447114556416882,2,1.5940395356816648,3.314953538241601,26,0.2239448751076658
USNM_1606826,CBDDTY010000582.1,11585,1.8503236944324557,1,1.4130673848872906,2.599270633397313,2,0.017263703064307294
USNM_1606826,CBDDTY010000904.1,11570,1.6097666378565254,1,1.0000905987968802,6.7373529411764705,0,0
USNM_1606826,CBDDTY010000626.1,11557,1.5049753396210088,1,0.9734696307600443,1.4717783191230207,0,0
USNM_1606826,CBDDTY010000202.1,11551,3.0753181542723573,1,4.188651677444613,5.690825439783492,1351,11.695957059994806
USNM_1606826,CBDDTY010000264.1,11535,1.4644993498049415,1,0.7218032062414332,6.795642857142857,0,0
USNM_1606826,CBDDTY010002061.1,11527,2.2594777478962436,1,2.2572477989562794,3.262896174863388,313,2.7153639281686477
USNM_1606826,CBDDTY010000478.1,11495,1.3454545454545455,1,0.5743184278050317,1.3106338028169013,0,0
USNM_1606826,CBDDTY010000710.1,11459,1.748843703639061,1,1.20615357193363,1.2224613220815752,0,0
USNM_1606826,CBDDTY010000271.1,11452,1.4040342298288508,1,0.6827293989862643,0.11185682326621924,0,0
USNM_1606826,CBDDTY010000627.1,11446,1.2922418312074087,1,0.568693295358943,1.63727959697733,0,0
USNM_1606826,CBDDTY010000030.1,11431,1.2190534511416324,1,0.6219582259690051,1.419698314108252,0,0
USNM_1606826,CBDDTY010000814.1,11413,1.57933934986419,1,0.9947024162212967,5.475507921714819,0,0
USNM_1606826,CBDDTY010001395.1,11407,1.8178311563075304,1,1.322509541433559,1.867980198019802,29,0.2542298588585956
USNM_1606826,CBDDTY010002318.1,11404,2.455191160996142,2,1.6094657374254415,1.4196128318584071,78,0.6839705366538057
USNM_1606826,CBDDTY010000221.1,11400,1.59640350877193,1,1.4229348620751727,2.298195067264574,95,0.8333333333333334
USNM_1606826,CBDDTY010000419.1,11399,1.4025791736117204,1,0.6678360040151898,0.24813895781637718,0,0
USNM_1606826,CBDDTY010001045.1,11393,3.0606512770999736,2,3.582263212450031,1.286851851851852,717,6.293338014570351
USNM_1606826,CBDDTY010000682.1,11388,1.6215314365999298,1,1.02368544743827,0.037033333333333335,0,0
USNM_1606826,CBDDTY010000288.1,11346,1.524766437511017,1,0.9545668861609866,3.422940414507772,0,0
USNM_1606826,CBDDTY010000784.1,11337,2.408750110258446,2,1.9890280371469542,2.4805418138987045,94,0.8291435123930493
USNM_1606826,CBDDTY010000234.1,11332,1.9300211789622308,1,1.3595355905159447,0.10353421859039837,0,0
USNM_1606826,CBDDTY010000341.1,11321,1.311103259429379,1,0.5748170949137643,0,0,0
USNM_1606826,CBDDTY010000995.1,11321,1.7894178959455878,1,1.1468181617446023,1.35501775147929,0,0
USNM_1606826,CBDDTY010001044.1,11299,2.406673156916541,2,1.7701708295519016,0.3748843187660668,62,0.5487211257633419
USNM_1606826,CBDDTY010000709.1,11295,1.4917220008853476,1,0.7474042209629685,0.22172949002217296,0,0
USNM_1606826,CBDDTY010000988.1,11289,1.9143413942776153,1,1.735070163839696,0.9741691248770895,103,0.9123925945610771
USNM_1606826,CBDDTY010000214.1,11285,1.7606557377049181,1,1.008231415568709,4.976776232616941,0,0
USNM_1606826,CBDDTY010000148.1,11278,1.418336584500798,1,0.7414965606447628,2.777758215962441,0,0
USNM_1606826,CBDDTY010000342.1,11236,1.7744749021003916,1,1.1500863689988097,9.741426701570681,1,0.0088999644001424
USNM_1606826,CBDDTY010000206.1,11203,1.386860662322592,1,0.9756610424180961,2.4550898203592815,10,0.08926180487369455
USNM_1606826,CBDDTY010000213.1,11200,1.8101785714285714,1,1.1838134904242599,1.9615916230366492,0,0
USNM_1606826,CBDDTY010000217.1,11187,2.0136765888978276,2,1.3523957948800251,0.2592555555555556,0,0
USNM_1606826,CBDDTY010000374.1,11180,1.383989266547406,1,0.7137195945214752,0.37082818294190356,0,0
USNM_1606826,CBDDTY010001672.1,11160,1.6024193548387098,1,1.0355684757921262,0.3078817733990148,0,0
USNM_1606826,CBDDTY010001286.1,11157,2.2735502375190464,2,1.7476390024098176,2.0453107344632766,33,0.29577843506318907
USNM_1606826,CBDDTY010000268.1,11156,1.8605234851201147,2,1.0887540752541456,10.437914893617021,0,0
USNM_1606826,CBDDTY010000677.1,11153,1.3478884605039003,1,0.6087148636777919,2.601156069364162,0,0
USNM_1606826,CBDDTY010001049.1,11140,2.6372531418312386,2,1.8953958310885273,2.325594111461619,54,0.48473967684021546
USNM_1606826,CBDDTY010000128.1,11133,2.0141022186293003,1,1.8823839144956191,2.253078677309008,193,1.7335848378693972
USNM_1606826,CBDDTY010000315.1,11133,2.6762777328662537,1,2.8989959626671378,6.421405184174625,651,5.847480463486931
USNM_1606826,CBDDTY010001172.1,11120,2.2586330935251797,2,1.9255448389466079,4.073279258400927,112,1.0071942446043165
USNM_1606826,CBDDTY010000258.1,11088,2.641955266955267,2,1.8713122517615046,0.20170454545454544,12,0.10822510822510822
USNM_1606826,CBDDTY010000196.1,11087,1.3943357084874177,1,0.690648096832271,0.16648168701442842,0,0
USNM_1606826,CBDDTY010001419.1,11070,1.9133694670280037,1,1.3244853982017601,1.6186492146596858,0,0
USNM_1606826,CBDDTY010002543.1,11051,3.9058908696045607,3,2.5085217024412785,3.224538784067086,337,3.049497783006063
USNM_1606826,CBDDTY010001938.1,11016,2.227124183006536,2,1.4134987414772442,0.7317073170731707,0,0
USNM_1606826,CBDDTY010000143.1,11014,1.8097875431269295,1,1.5152754363309542,0.7870902160101652,70,0.6355547485019067
USNM_1606826,CBDDTY010000884.1,11014,1.3461957508625386,1,0.6679110062862215,1.7699115044247788,0,0
USNM_1606826,CBDDTY010000550.1,11008,1.2823401162790697,1,0.5366961743447978,0.18159806295399517,0,0
USNM_1606826,CBDDTY010001113.1,11008,1.4704760174418605,1,0.8242709587251701,0.20876826722338204,0,0
USNM_1606826,CBDDTY010000635.1,10996,1.6390505638413968,1,0.967709291163581,1.9280533926585095,0,0
USNM_1606826,CBDDTY010001393.1,10991,2.12401055408971,1,2.3227711951465086,0.9568235294117647,314,2.856882904194341
USNM_1606826,CBDDTY010001075.1,10990,1.8524112829845314,1,2.16858440300335,4.770531400966184,357,3.248407643312102
USNM_1606826,CBDDTY010001173.1,10967,2.277012856752074,2,1.8333952715889343,5.542392857142857,91,0.8297620133126652
USNM_1606826,CBDDTY010001364.1,10963,1.4721335400893916,1,0.6979677537444273,0.4050925925925926,0,0
USNM_1606826,CBDDTY010000532.1,10958,2.2941230151487497,2,1.5779187705493882,6.995581737849779,23,0.20989231611607956
USNM_1606826,CBDDTY010000906.1,10941,1.3214514212594828,1,0.5736804548692065,2.5028768699654775,0,0
USNM_1606826,CBDDTY010001284.1,10936,1.796269202633504,1,1.3204482959176442,2.327190426638918,0,0
USNM_1606826,CBDDTY010000969.1,10933,1.3071435104728804,1,0.5193486530281256,2.7607361963190185,0,0
USNM_1606826,CBDDTY010001282.1,10932,1.9243505305525064,1,1.950687417422633,0.6612617924528302,216,1.9758507135016465
USNM_1606826,CBDDTY010000659.1,10928,1.9007137628111275,2,1.185359364022999,6.719396681749623,0,0
USNM_1606826,CBDDTY010001408.1,10926,1.45075965586674,1,0.7075279228008682,0.6633457711442786,0,0
USNM_1606826,CBDDTY010000262.1,10904,1.3718818782098312,1,0.7117299834065832,0.8408071748878924,0,0
USNM_1606826,CBDDTY010000422.1,10903,1.3449509309364396,1,0.6413015015723249,1.2345679012345678,0,0
USNM_1606826,CBDDTY010001257.1,10898,1.5783630023857589,1,0.8955539542712033,0,0,0
USNM_1606826,CBDDTY010000325.1,10890,1.3471992653810836,1,0.5848234879338665,4.995255681818182,0,0
USNM_1606826,CBDDTY010001100.1,10877,1.2968649443780453,1,0.5513718801507491,0.03217181467181467,0,0
USNM_1606826,CBDDTY010000391.1,10875,1.3905287356321838,1,0.7709089282554585,1.3363028953229399,0,0
USNM_1606826,CBDDTY010001869.1,10867,3.5958406183859393,2,8.143007488323997,3.0621544715447153,474,4.36182939173645
USNM_1606826,CBDDTY010000379.1,10861,1.51477764478409,1,0.8117959869909888,0.9792206235011991,0,0
USNM_1606826,CBDDTY010001146.1,10832,1.6075516986706055,1,1.1028162583417458,3.0233524684270954,11,0.10155096011816839
USNM_1606826,CBDDTY010000868.1,10830,1.5514312096029548,1,0.794689457608266,0.7459462915601023,0,0
USNM_1606826,CBDDTY010000316.1,10795,2.0288096340898565,1,2.768975669029777,1.9272431332655138,473,4.381658175081056
USNM_1606826,CBDDTY010000534.1,10774,1.3806385743456469,1,0.6687520437907508,1.1904761904761905,0,0
USNM_1606826,CBDDTY010000785.1,10774,1.4829218488954892,1,0.836729788019953,0.22026431718061673,0,0
USNM_1606826,CBDDTY010000377.1,10747,1.6283614031822835,1,1.3492791412579819,3.6543559718969556,44,0.4094165813715456
USNM_1606826,CBDDTY010000613.1,10744,1.4628629932985853,1,0.7600015637048767,2.2560975609756095,0,0
USNM_1606826,CBDDTY010000308.1,10733,1.3131463710053106,1,0.572584219086911,6.666671140939597,0,0
USNM_1606826,CBDDTY010000298.1,10721,1.4398843391474676,1,0.6650598570707684,2.449676290463692,0,0
USNM_1606826,CBDDTY010000516.1,10712,1.5210044809559373,1,1.0480596790360321,0.03996402877697842,0,0
USNM_1606826,CBDDTY010000410.1,10710,1.6598506069094305,1,0.8947735151318275,5.396005221932115,0,0
USNM_1606826,CBDDTY010001184.1,10704,1.3650037369207773,1,0.6784775015168276,6.796276013143483,0,0
USNM_1606826,CBDDTY010000899.1,10693,1.4309361264378566,1,0.7584322297949668,0.6998011049723757,0,0
USNM_1606826,CBDDTY010000715.1,10684,1.3084986896293522,1,0.5862147169532015,8.13332,0,0
USNM_1606826,CBDDTY010001353.1,10679,2.936510909261167,2,2.579127145815709,8.610685131195336,428,4.007865905047289
USNM_1606826,CBDDTY010000718.1,10677,1.5819986887702537,1,0.9793417010812605,2.598977900552486,0,0
USNM_1606826,CBDDTY010001943.1,10675,1.6682903981264636,1,0.9133539866576353,1.3540382317801674,0,0
USNM_1606826,CBDDTY010000726.1,10670,1.4371134020618557,1,1.1567268362649192,3.406128170894526,49,0.45923149015932524
USNM_1606826,CBDDTY010001261.1,10635,1.6759755524212505,1,0.9172767461789544,0.46782456140350875,0,0
USNM_1606826,CBDDTY010001000.1,10630,1.2828786453433678,1,0.5212922342729315,0.36075036075036077,0,0
USNM_1606826,CBDDTY010000472.1,10626,1.5426312817617165,1,1.0020772791315609,4.413793103448276,0,0
USNM_1606826,CBDDTY010001653.1,10626,1.9037267080745341,1,1.2202415352943183,1.9483910386965377,0,0
USNM_1606826,CBDDTY010000981.1,10605,1.547006129184347,1,0.8369427491037873,2.090266370699223,0,0
USNM_1606826,CBDDTY010000615.1,10599,1.3756958203604113,1,0.6072453062690045,0.9248288075560803,0,0
USNM_1606826,CBDDTY010000292.1,10580,1.289224952741021,1,0.5567324325704395,0.7150153217568948,0,0
USNM_1606826,CBDDTY010000438.1,10577,1.2816488607355583,1,0.5689893404128736,9.05436879432624,0,0
USNM_1606826,CBDDTY010000239.1,10566,1.1920310429680105,1,0.441501655344921,5.578987341772152,0,0
USNM_1606826,CBDDTY010000187.1,10561,1.6902755420888174,1,1.0803816708696912,2.045851851851852,0,0
USNM_1606826,CBDDTY010000695.1,10546,1.54029963967381,1,1.1574637768834948,2.9521199442119945,2,0.018964536317087048
USNM_1606826,CBDDTY010001106.1,10532,1.3473224458792252,1,0.5691641415730502,0.13458950201884254,0,0
USNM_1606826,CBDDTY010001361.1,10506,1.5972777460498762,1,0.9274019918062447,1.0041216216216216,0,0
USNM_1606826,CBDDTY010000935.1,10489,1.3626656497282867,1,0.7252409492317451,0.4060324825986079,0,0
USNM_1606826,CBDDTY010000841.1,10488,1.6435926773455378,1,1.0328701618464577,0.11299435028248588,0,0
USNM_1606826,CBDDTY010000696.1,10483,1.4772488791376515,1,0.856043749097917,0.4294478527607362,0,0
USNM_1606826,CBDDTY010000706.1,10467,1.474061335626254,1,0.9068874439029897,0.9803889943074003,0,0
USNM_1606826,CBDDTY010000347.1,10464,1.3527331804281346,1,0.635761031651292,0.11778563015312132,0,0
USNM_1606826,CBDDTY010001374.1,10464,1.823585626911315,1,1.0738896328940961,0.5122950819672131,0,0
USNM_1606826,CBDDTY010000112.1,10453,1.7645651965942792,1,1.1583237980491101,5.227868632707775,0,0
USNM_1606826,CBDDTY010000439.1,10451,1.7279686154434983,1,1.258829667371685,0.6287717121588089,12,0.11482154817720792
USNM_1606826,CBDDTY010000616.1,10449,1.614412862474878,1,1.1716023758090726,0.02994609164420485,10,0.09570293808019906
USNM_1606826,CBDDTY010001138.1,10448,1.785030627871363,1,1.180031473630837,3.92348427672956,0,0
USNM_1606826,CBDDTY010000326.1,10445,1.5075155576831019,1,1.231164486489199,7.032450980392157,31,0.2967927237912877
USNM_1606826,CBDDTY010001266.1,10443,1.3836062434166427,1,0.6773819683566107,0.5354718875502008,0,0
USNM_1606826,CBDDTY010000428.1,10433,1.469184318987827,1,0.7892553203818236,1.3291139240506329,0,0
USNM_1606826,CBDDTY010000244.1,10426,2.3229426433915212,1,2.3441882238310714,0.20134228187919462,278,2.6664108958373296
USNM_1606826,CBDDTY010000858.1,10381,1.2997784413832965,1,0.6041833522709688,0,0,0
USNM_1606826,CBDDTY010000205.1,10378,1.5051069570244748,1,1.0402068964962352,1.2218045112781954,0,0
USNM_1606826,CBDDTY010000447.1,10363,1.5893081154105955,1,0.94421180523181,0.810438010393467,0,0
USNM_1606826,CBDDTY010000242.1,10360,2.741023166023166,2,2.6024739125924983,5.263365881677197,290,2.799227799227799
USNM_1606826,CBDDTY010000612.1,10345,1.806186563557274,1,1.2767782914369137,4.614283559577677,0,0
USNM_1606826,CBDDTY010000190.1,10341,1.2878831834445412,1,0.5657855806721127,1.3953488372093024,0,0
USNM_1606826,CBDDTY010000351.1,10329,1.5749830574111725,1,1.3818066376498277,6.043886010362694,93,0.9003775776938717
USNM_1606826,CBDDTY010000131.1,10325,1.6580145278450362,1,1.2364511470953912,1.5282899628252788,13,0.12590799031476999
USNM_1606826,CBDDTY010000423.1,10323,1.3322677516225903,1,0.6489018350611135,1.5432060185185186,0,0
USNM_1606826,CBDDTY010000135.1,10306,1.6687366582573258,1,1.7857342651482204,2.4183197199533257,192,1.8629924315932467
USNM_1606826,CBDDTY010000769.1,10276,1.6649474503697936,1,1.4261176629153511,1.6262142857142856,101,0.9828727131179447
USNM_1606826,CBDDTY010000648.1,10267,1.7475406642641473,1,1.325969292538402,1.3825949367088608,0,0
USNM_1606826,CBDDTY010000354.1,10255,1.9281326182350074,1,1.4318956372644922,7.590648535564854,25,0.24378352023403219
USNM_1606826,CBDDTY010000680.1,10251,1.4923422105160473,1,0.7908099499432958,0.23547880690737832,0,0
USNM_1606826,CBDDTY010000714.1,10248,1.3272833723653397,1,0.5687180183140801,1.3854889975550122,0,0
USNM_1606826,CBDDTY010000807.1,10237,1.3685650092800625,1,0.6762021425805684,7.2884012539184955,0,0
USNM_1606826,CBDDTY010000909.1,10232,1.8321931196247068,1,1.3469149938378153,0.3800217155266015,20,0.1954652071931196
USNM_1606826,CBDDTY010000336.1,10208,1.4883424764890283,1,0.9551832864320652,1.6715350877192983,0,0
USNM_1606826,CBDDTY010000328.1,10206,1.546541250244954,1,0.8281779855268331,0.10787486515641856,0,0
USNM_1606826,CBDDTY010001272.1,10198,1.4899980388311433,1,0.9279464494881479,1.947396937573616,0,0
USNM_1606826,CBDDTY010000913.1,10181,1.6001375110499951,1,1.3770915440078948,0.14297658862876253,92,0.9036440428248699
USNM_1606826,CBDDTY010000533.1,10163,1.5939191183705599,1,1.4994949028719502,3.231995277449823,119,1.1709141001672734
USNM_1606826,CBDDTY010000992.1,10163,1.409918331201417,1,0.7297944263724601,0.4750593824228028,0,0
USNM_1606826,CBDDTY010000287.1,10151,2.090532952418481,2,1.4903234752097687,2.7609203142536476,16,0.15761993892227366
USNM_1606826,CBDDTY010000951.1,10149,1.635432062272145,1,0.9789415860675716,2.5308465608465607,0,0
USNM_1606826,CBDDTY010001145.1,10146,2.098561009264735,1,1.8113991768503326,2.449377049180328,81,0.7983441750443524
USNM_1606826,CBDDTY010000294.1,10138,2.1215229828368516,1,4.559800540510075,0.6909422110552764,405,3.9948707831919514
USNM_1606826,CBDDTY010001531.1,10138,1.6543696981653186,1,1.019244218522888,1.3309415971394518,0,0
USNM_1606826,CBDDTY010000406.1,10132,2.331030398736676,2,1.5692397769957827,0.12514392991239048,10,0.09869719699960522
USNM_1606826,CBDDTY010000686.1,10124,1.717601738443303,1,1.9359399821693415,1.9394437869822485,245,2.419992097984986
USNM_1606826,CBDDTY010001332.1,10119,1.8800276707184504,1,1.288121165423056,2.085162213740458,0,0
USNM_1606826,CBDDTY010000833.1,10114,1.489420605101839,1,0.8836925309998899,3.197850267379679,0,0
USNM_1606826,CBDDTY010000761.1,10111,1.2495302146177432,1,0.5527948294742949,1.9310344827586208,0,0
USNM_1606826,CBDDTY010002333.1,10097,2.905021293453501,2,2.2016039081239906,0.8454861944777912,48,0.47538872932554227
USNM_1606826,CBDDTY010001982.1,10091,1.5572292141512238,1,0.8294445183384788,0.21172638436482086,0,0
USNM_1606826,CBDDTY010000418.1,10081,1.4069040769764904,1,0.7255867546448975,1.261377171215881,0,0
USNM_1606826,CBDDTY010002403.1,10073,3.193785366822198,2,2.7617488747344874,2.2266382978723405,372,3.6930408021443464
USNM_1606826,CBDDTY010000607.1,10060,1.6362823061630218,1,0.98664695296104,6.30503740648379,0,0
USNM_1606826,CBDDTY010000797.1,10057,4.607338172417222,2,5.235108615480546,2.4853436426116837,1968,19.56845977925823
USNM_1606826,CBDDTY010002836.1,10028,6.899182289589151,6,4.809019165388942,22.392844720496896,2827,28.19106501794974
USNM_1606826,CBDDTY010000274.1,10026,1.6578894873329344,1,1.0228589799786132,2.5728033980582525,0,0
USNM_1606826,CBDDTY010000630.1,10024,1.6334796488427774,1,1.1198464599974,3.082063953488372,0,0
USNM_1606826,CBDDTY010001310.1,10023,1.799261698094383,1,1.1016992434262922,6.495073529411765,0,0
USNM_1606826,CBDDTY010000220.1,10019,1.3007286156303024,1,0.540153025158179,0.2597402597402597,0,0
USNM_1606826,CBDDTY010001558.1,10008,2.0731414868105515,2,1.237163950702099,0.30952857142857143,0,0
USNM_1606826,CBDDTY010001861.1,10002,3.2335532893421317,2,3.38752039435447,0.13404825737265416,878,8.778244351129775
USNM_1606826,CBDDTY010000980.1,9994,2.2534520712427457,1,1.879301155040391,2.4500774193548387,40,0.40024014408645187
USNM_1606826,CBDDTY010000266.1,9966,1.3439694962873772,1,0.5872770956092895,2.489905787348587,0,0
USNM_1606826,CBDDTY010000900.1,9966,2.287778446718844,1,2.3765591214787034,1.4586241134751774,278,2.789484246437889
USNM_1606826,CBDDTY010003131.1,9956,3.8956408196062675,3,2.68119501554031,0.8880813953488372,454,4.5600642828445155
USNM_1606826,CBDDTY010000740.1,9951,2.236559139784946,1,3.627354751185686,1.0151126126126127,400,4.019696512913275
USNM_1606826,CBDDTY010001099.1,9948,1.4324487334137515,1,0.7120729659255819,0.18610421836228289,0,0
USNM_1606826,CBDDTY010000510.1,9947,1.4405348346235045,1,0.7996314475483597,0.11627906976744186,0,0
USNM_1606826,CBDDTY010000376.1,9941,1.379639875264058,1,0.7114498410523011,0.9345794392523364,0,0
USNM_1606826,CBDDTY010000687.1,9928,1.7240128928283642,1,1.163036502501046,13.89157809983897,0,0
USNM_1606826,CBDDTY010001510.1,9928,1.4943593875906527,1,0.6628543251134865,0.45180722891566266,0,0
USNM_1606826,CBDDTY010000950.1,9920,1.5283266129032258,1,0.8731433413034575,2.3710267857142857,0,0
USNM_1606826,CBDDTY010000766.1,9917,1.9127760411414743,1,1.3542379387964631,0.5116279069767442,8,0.08066955732580418
USNM_1606826,CBDDTY010001247.1,9917,1.7786629020873248,1,1.6108110033619725,1.0012515644555695,146,1.472219421195926
USNM_1606826,CBDDTY010000915.1,9911,1.5912622338815459,1,0.8907645504307811,0.8849557522123894,0,0
USNM_1606826,CBDDTY010001158.1,9911,2.1359095953990517,1,2.377661125847,6.085118306351183,301,3.037029563111694
USNM_1606826,CBDDTY010000059.1,9903,1.1928708472180147,1,0.4918664531528691,1.0695187165775402,0,0
USNM_1606826,CBDDTY010000767.1,9899,1.492575007576523,1,0.8065079466436025,5.436455542021925,0,0
USNM_1606826,CBDDTY010000800.1,9889,1.2352108403276367,1,0.46335141885851994,0.10989010989010989,0,0
USNM_1606826,CBDDTY010000395.1,9886,1.4990896216872345,1,1.4381707247560316,9.098289290681501,95,0.9609548856969451
USNM_1606826,CBDDTY010001152.1,9863,1.361756057994525,1,0.820373706403451,5.117200520833333,0,0
USNM_1606826,CBDDTY010001127.1,9855,1.5212582445459157,1,1.2052122946747585,0.453416149068323,7,0.07102993404363267
USNM_1606826,CBDDTY010000108.1,9849,1.950350289369479,1,1.6110630327210202,1.2930901856763926,41,0.4162859173520155
USNM_1606826,CBDDTY010000505.1,9848,2.3006701868399677,2,1.7879547889373861,1.9246376811594204,39,0.3960194963444354
USNM_1606826,CBDDTY010000509.1,9843,1.3515188458803211,1,0.7178554727135148,3.3825816485225504,0,0
USNM_1606826,CBDDTY010002098.1,9836,1.6874745831638878,1,0.986605611324752,0.4235451080050826,0,0
USNM_1606826,CBDDTY010000645.1,9828,1.264855514855515,1,0.5225728998133408,0.4878048780487805,0,0
USNM_1606826,CBDDTY010001136.1,9822,1.3618407656281817,1,0.6906077034001769,0.640279394644936,0,0
USNM_1606826,CBDDTY010000719.1,9805,1.4054054054054055,1,0.6663743887183622,0,0,0
USNM_1606826,CBDDTY010000470.1,9799,1.455556689458108,1,0.9371118949407359,1.9594594594594594,0,0
USNM_1606826,CBDDTY010000434.1,9796,1.4577378521845652,1,0.7445225178337125,1.625,0,0
USNM_1606826,CBDDTY010000967.1,9793,1.3909935668334525,1,0.6318970453149214,0.06435006435006435,0,0
USNM_1606826,CBDDTY010001793.1,9788,3.2139354311401718,2,3.121857065999754,2.3523863636363638,620,6.334286881896199
USNM_1606826,CBDDTY010000355.1,9774,1.3223859218334357,1,0.6000751991061642,0.6198347107438017,0,0
USNM_1606826,CBDDTY010000306.1,9770,1.4685772773797339,1,0.866622301080241,2.7979055118110234,0,0
USNM_1606826,CBDDTY010000640.1,9760,1.2989754098360655,1,0.6300197335384419,4.520136286201022,0,0
USNM_1606826,CBDDTY010000619.1,9746,1.6961830494561871,1,1.0114479666140788,10.667744107744108,0,0
USNM_1606826,CBDDTY010001576.1,9734,1.4183275118142593,1,0.8428673651543286,2.071129707112971,0,0
USNM_1606826,CBDDTY010000149.1,9730,1.218705035971223,1,0.5405345324626226,10.84070796460177,0,0
USNM_1606826,CBDDTY010002272.1,9684,1.9153242461792648,1,1.3904472588566545,0.12254901960784313,0,0
USNM_1606826,CBDDTY010000390.1,9683,1.561809356604358,1,1.157667428599361,0.6658595641646489,0,0
USNM_1606826,CBDDTY010001753.1,9681,1.4398305960128086,1,0.7351281247028143,0.06605019815059446,0,0
USNM_1606826,CBDDTY010000543.1,9675,1.5673385012919896,1,0.926761907661665,0.39011703511053314,0,0
USNM_1606826,CBDDTY010000531.1,9666,1.3685081729774466,1,0.7248007655927682,0,0,0
USNM_1606826,CBDDTY010002086.1,9655,2.3725530813050235,2,2.121123221648276,3.866152046783626,216,2.2371828068358366
USNM_1606826,CBDDTY010001092.1,9647,1.4385819425728206,1,0.7718991527316298,4.748056478405315,0,0
USNM_1606826,CBDDTY010000144.1,9644,1.4007673164661967,1,0.8244195316880736,0,0,0
USNM_1606826,CBDDTY010001080.1,9634,1.3968237492215072,1,0.8652574689456897,1.964512040557668,0,0
USNM_1606826,CBDDTY010000857.1,9632,1.7792774086378738,1,1.1242387459257641,0.706589861751152,0,0
USNM_1606826,CBDDTY010001017.1,9620,1.50997920997921,1,0.8735430444152136,5.582399355877617,0,0
USNM_1606826,CBDDTY010001233.1,9619,1.8248258654745815,1,1.0708830737452568,3.666635761589404,0,0
USNM_1606826,CBDDTY010001942.1,9619,1.7923900613369372,1,1.015087009971786,0.05841121495327103,0,0
USNM_1606826,CBDDTY010000485.1,9618,1.571740486587648,1,1.04455186553742,4.357103347889374,0,0
USNM_1606826,CBDDTY010001321.1,9603,1.4510048943038634,1,0.7703158868849677,0.3739612188365651,0,0
USNM_1606826,CBDDTY010000838.1,9601,1.5901468597021144,1,0.8227385604471495,0,0,0
USNM_1606826,CBDDTY010001297.1,9599,1.4960933430565684,1,0.8805274317537829,0.0972345390898483,0,0
USNM_1606826,CBDDTY010000373.1,9583,1.2644265887509132,1,0.5798702724619677,1.1111069182389937,0,0
USNM_1606826,CBDDTY010000500.1,9581,1.4100824548585742,1,0.6862644361252133,1.819322459222083,0,0
USNM_1606826,CBDDTY010000629.1,9579,1.3781188015450465,1,0.6244190200766779,0,0,0
USNM_1606826,CBDDTY010000763.1,9575,1.6132637075718015,1,1.017135180939292,1.0135135135135136,0,0
USNM_1606826,CBDDTY010001425.1,9571,1.3019538188277087,1,0.5027981747725839,0.35765379113018597,0,0
USNM_1606826,CBDDTY010001148.1,9560,1.6900627615062762,1,0.9505316433970957,1.8243243243243243,0,0
USNM_1606826,CBDDTY010000488.1,9559,1.2923946019458101,1,0.5506142860692852,0.13280212483399734,0,0
USNM_1606826,CBDDTY010001341.1,9555,1.3851386708529565,1,0.6660750918430599,0.5121638924455826,0,0
USNM_1606826,CBDDTY010001863.1,9554,1.6513502198032237,1,0.8376945666376264,6.900599369085174,0,0
USNM_1606826,CBDDTY010001813.1,9552,1.4636725293132329,1,0.6862084525712592,7.789559939301973,0,0
USNM_1606826,CBDDTY010001381.1,9543,1.3140521848475322,1,0.5344734549365885,0,0,0
USNM_1606826,CBDDTY010000443.1,9539,1.693993081035748,1,1.1670030779984282,0.40456464379947227,0,0
USNM_1606826,CBDDTY010000658.1,9539,2.0234825453401823,1,2.1158702935095417,1.6270337922403004,184,1.9289233672292694
USNM_1606826,CBDDTY010001240.1,9539,1.4102107139113114,1,0.8169573552160903,0.45219638242894056,0,0
USNM_1606826,CBDDTY010000278.1,9531,2.6660371419578217,2,2.132396299779401,2.3005992010652463,88,0.9233029063057391
USNM_1606826,CBDDTY010001447.1,9527,1.7098771911409678,1,1.2474664880092088,1.138312925170068,0,0
USNM_1606826,CBDDTY010000115.1,9525,1.3671391076115487,1,0.7477471793693163,3.9916272965879265,0,0
USNM_1606826,CBDDTY010000611.1,9519,1.6650908708897993,1,1.182199243403084,0.8563032581453635,0,0
USNM_1606826,CBDDTY010000943.1,9496,1.4966301600673968,1,0.8207352414181789,3.464203233256351,0,0
USNM_1606826,CBDDTY010000869.1,9495,2.879515534491838,2,2.1681029737267594,0.821008174386921,45,0.47393364928909953
USNM_1606826,CBDDTY010000405.1,9487,1.6229577316327606,1,1.1693210882863225,0.21940149625935162,0,0
USNM_1606826,CBDDTY010000634.1,9484,1.8159004639392662,1,1.2221617930907382,0.827404255319149,7,0.07380851961197807
USNM_1606826,CBDDTY010000707.1,9483,1.6681429927238216,1,1.2397075097685806,1.1047724137931034,24,0.2530844669408415
USNM_1606826,CBDDTY010000885.1,9481,1.7154308617234468,1,0.9670866502685385,0.564579945799458,0,0
USNM_1606826,CBDDTY010001278.1,9481,2.9044404598671028,1,3.363483210865205,1.3173652694610778,688,7.256618500158211
USNM_1606826,CBDDTY010001744.1,9481,3.2230777344162007,2,2.398117901959647,1.6704204204204205,228,2.404809619238477
USNM_1606826,CBDDTY010000361.1,9472,4.115815033783784,1,7.448127382819826,0.9308322663252241,1008,10.641891891891891
USNM_1606826,CBDDTY010000429.1,9470,1.4325237592397044,1,0.7631262497481116,1.8086126373626374,0,0
USNM_1606826,CBDDTY010000721.1,9468,1.437896070975919,1,0.7188834230314067,0,0,0
USNM_1606826,CBDDTY010001021.1,9464,1.5237743026204564,1,0.822170520371754,5.570911602209945,0,0
USNM_1606826,CBDDTY010001551.1,9456,1.5889382402707275,1,0.8234533401978879,0.0651890482398957,0,0
USNM_1606826,CBDDTY010000496.1,9450,1.4841269841269842,1,0.8361424514603951,1.4778045325779037,0,0
USNM_1606826,CBDDTY010001035.1,9438,2.0848696757787666,2,1.547626834023347,1.4898010610079575,60,0.6357279084551812
USNM_1606826,CBDDTY010000291.1,9427,1.4957038294261165,1,1.0319825126099138,5.982761780104712,0,0
USNM_1606826,CBDDTY010001133.1,9420,1.6425690021231423,1,1.5899117218824426,2.13248595505618,136,1.4437367303609343
USNM_1606826,CBDDTY010000927.1,9414,1.3262162736350116,1,0.578042008737772,0.07267441860465117,0,0
USNM_1606826,CBDDTY010000689.1,9401,1.5550473353898522,1,0.9324962497178453,0.7284768211920529,0,0
USNM_1606826,CBDDTY010000898.1,9394,1.3301043219076005,1,0.7849420249388619,0,0,0
USNM_1606826,CBDDTY010000597.1,9383,1.6577853564957903,1,0.9706933912121325,2.543076923076923,0,0
USNM_1606826,CBDDTY010001171.1,9382,1.4778298870176934,1,0.8739370546759206,0.4701410437235543,0,0
USNM_1606826,CBDDTY010000671.1,9376,1.4034769624573378,1,0.6994585830787613,0.6237777777777778,0,0
USNM_1606826,CBDDTY010001358.1,9373,1.6734236637149258,1,1.0269184203344142,0.9062994350282486,0,0
USNM_1606826,CBDDTY010001583.1,9371,1.445309998932878,1,0.7970544341634022,1.4603616133518775,0,0
USNM_1606826,CBDDTY010000691.1,9370,2.32017075773746,2,1.8669447589952655,4.577343976777939,43,0.4589114194236926
USNM_1606826,CBDDTY010002574.1,9369,3.557370050165439,2,3.622879744461648,5.301311475409836,747,7.973102785782901
USNM_1606826,CBDDTY010000971.1,9365,2.154831820608649,1,2.5940138647247397,0.5351638269986894,364,3.8868126001067806
USNM_1606826,CBDDTY010000775.1,9360,1.4587606837606837,1,0.7784962274161981,4.772941176470588,0,0
USNM_1606826,CBDDTY010000511.1,9347,1.2875789023216004,1,0.5668444562239666,7.252846497764531,0,0
USNM_1606826,CBDDTY010001077.1,9343,1.7149737771593707,1,1.0740100851895116,0.9934821428571429,0,0
USNM_1606826,CBDDTY010002188.1,9343,1.63684041528417,1,1.1579775299482449,0.6728552803129074,0,0
USNM_1606826,CBDDTY010000762.1,9341,1.3067123434321808,1,0.5390797472387135,1.2762762762762763,0,0
USNM_1606826,CBDDTY010000155.1,9336,1.7088688946015425,1,1.1183192710591077,2.2334513274336283,0,0
USNM_1606826,CBDDTY010000851.1,9336,1.3510068551842331,1,0.6041057998514573,22.533333333333335,0,0
USNM_1606826,CBDDTY010000506.1,9331,1.2928946522344873,1,0.672098895666856,2.696220930232558,0,0
USNM_1606826,CBDDTY010001295.1,9327,1.364425860405275,1,0.6923431994160565,0.7173601147776184,0,0
USNM_1606826,CBDDTY010001752.1,9327,1.358957864265037,1,0.6281864148682903,0,0,0
USNM_1606826,CBDDTY010001394.1,9324,1.5282067782067783,1,0.9968082506419432,0.5812417437252312,0,0
USNM_1606826,CBDDTY010001448.1,9323,2.532232114126354,2,1.8548215652767714,1.589721166032953,81,0.868819049662126
USNM_1606826,CBDDTY010001561.1,9323,1.4428831921055454,1,0.7685582299480473,5.261129032258064,0,0
USNM_1606826,CBDDTY010001819.1,9317,1.547493828485564,1,0.7867402883624738,3.3125187032418952,0,0
USNM_1606826,CBDDTY010000383.1,9316,1.625053671103478,1,1.1021528960376463,0.6896551724137931,0,0
USNM_1606826,CBDDTY010001308.1,9311,1.4154226184083343,1,0.6960950859153556,0.40609137055837563,0,0
USNM_1606826,CBDDTY010000675.1,9298,1.3773929877392987,1,0.8048690168215591,0.8269720101781171,0,0
USNM_1606826,CBDDTY010000605.1,9288,1.6183247200689062,1,1.0178741294317561,0.795593635250918,0,0
USNM_1606826,CBDDTY010000475.1,9272,1.994499568593615,1,1.676215679823188,8.356524822695036,15,0.16177739430543572
USNM_1606826,CBDDTY010000120.1,9269,1.4690905167763513,1,0.8828922651990189,0.8552631578947368,0,0
USNM_1606826,CBDDTY010000961.1,9264,1.4275690846286702,1,0.7629127957424569,2.0833252427184465,0,0
USNM_1606826,CBDDTY010000198.1,9260,1.3048596112311015,1,0.6914206881785662,3.1296572280178836,0,0
USNM_1606826,CBDDTY010000746.1,9257,1.7055201469158474,1,1.3862536613247827,2.2456671070013208,78,0.8426055957653669
USNM_1606826,CBDDTY010000459.1,9253,1.66194747649411,1,0.9012272284750081,4.090690104166667,0,0
USNM_1606826,CBDDTY010001031.1,9252,1.6480760916558581,1,0.9757704441202238,1.2155338345864661,0,0
USNM_1606826,CBDDTY010000977.1,9243,2.7417505139024128,2,1.9862260623210204,3.44774897680764,47,0.5084929135562047
USNM_1606826,CBDDTY010000831.1,9240,1.5404761904761906,1,0.8701158681852355,1.1415342465753424,0,0
USNM_1606826,CBDDTY010001205.1,9224,1.507805724197745,1,0.9218302479024706,2.018312020460358,0,0
USNM_1606826,CBDDTY010001327.1,9221,1.4766294328163974,1,0.7051263823253147,3.141629392971246,0,0
USNM_1606826,CBDDTY010000370.1,9218,1.2769581254068127,1,0.5525372159864532,0.5376344086021505,0,0
USNM_1606826,CBDDTY010000883.1,9210,1.8434310532030402,1,3.2105373319247965,4.19060162601626,286,3.1053203040173725
USNM_1606826,CBDDTY010001219.1,9207,1.4648636906701422,1,0.7623544977104979,19.057377049180328,0,0
USNM_1606826,CBDDTY010001281.1,9195,1.2576400217509516,1,0.5359240370320999,0.17730053191489362,0,0
USNM_1606826,CBDDTY010001892.1,9195,1.9048395867319194,1,1.2937885878240432,0.8404958677685951,15,0.1631321370309951
USNM_1606826,CBDDTY010000753.1,9188,1.3409882455376578,1,0.6013920054852017,0.21613832853025935,0,0
USNM_1606826,CBDDTY010001014.1,9181,1.3604182550920378,1,0.6995466937078672,2.5063451776649748,0,0
USNM_1606826,CBDDTY010001302.1,9180,1.4624183006535947,1,0.7451067313821894,3.2476798825256976,0,0
USNM_1606826,CBDDTY010000561.1,9176,1.5938317349607671,1,1.4433238537226016,1.0611045364891518,46,0.5013077593722756
USNM_1606826,CBDDTY010000770.1,9170,1.3644492911668484,1,0.7471186860184736,1.6287613636363636,0,0
USNM_1606826,CBDDTY010000953.1,9160,1.3831877729257642,1,0.7067601233322289,1.2570351105331599,0,0
USNM_1606826,CBDDTY010001459.1,9154,1.343128686912825,1,0.6176005484912135,7.490074404761905,0,0
USNM_1606826,CBDDTY010002036.1,9136,1.778677758318739,1,1.0408454327196757,0.8044266666666666,0,0
USNM_1606826,CBDDTY010000309.1,9118,1.6262338232068436,1,0.9137539274526636,0.5778114842903576,0,0
USNM_1606826,CBDDTY010000290.1,9109,1.8304973103523987,1,1.1509046224879502,8.932419080068144,0,0
USNM_1606826,CBDDTY010000808.1,9102,2.150296638101516,1,2.1856077012954285,1.8465198237885463,251,2.7576356844649528
USNM_1606826,CBDDTY010001212.1,9101,1.2348093616086144,1,0.516668575539207,0.43370508054522927,0,0
USNM_1606826,CBDDTY010000193.1,9095,1.5176470588235293,1,0.8655438895053712,0.21246458923512748,0,0
USNM_1606826,CBDDTY010000974.1,9093,1.4415484438579127,1,0.809247517132351,0.1282051282051282,0,0
USNM_1606826,CBDDTY010000474.1,9089,1.3168665419738146,1,0.577739984958256,4.505737931034483,0,0
USNM_1606826,CBDDTY010000449.1,9077,1.428115015974441,1,0.7572439246268243,1.6246814814814814,0,0
USNM_1606826,CBDDTY010000590.1,9072,1.125110229276896,1,0.36868369840680626,3.6511156186612577,0,0
USNM_1606826,CBDDTY010000299.1,9043,1.419219285635298,1,0.7291858309983795,0.9977278911564625,0,0
USNM_1606826,CBDDTY010000790.1,9043,1.336171624460909,1,0.584398489868996,2.4107371349095965,0,0
USNM_1606826,CBDDTY010002262.1,9040,1.7203539823008849,1,0.9813536976567035,0.1893939393939394,0,0
USNM_1606826,CBDDTY010001472.1,9032,2.5814880425155002,1,3.3874981810406832,0.24774774774774774,452,5.004428697962799
USNM_1606826,CBDDTY010000865.1,9025,1.387590027700831,1,0.6211949851404652,0.11376564277588168,0,0
USNM_1606826,CBDDTY010001007.1,9022,1.4097761028596763,1,0.6551542632968834,0.3246753246753247,0,0
USNM_1606826,CBDDTY010002434.1,9020,2.3597560975609757,2,2.1529185708483487,0.0728862973760933,199,2.2062084257206207
USNM_1606826,CBDDTY010000282.1,9019,1.8482093358465461,1,1.7941651128228804,2.345360824742268,123,1.3637875595964075
USNM_1606826,CBDDTY010000945.1,9017,1.5051569258068094,1,0.7578347216104525,4.444424242424242,0,0
USNM_1606826,CBDDTY010000632.1,9012,1.3767199289835774,1,0.6669285411190121,0,0,0
USNM_1606826,CBDDTY010001079.1,9009,1.407037407037407,1,0.6669029374795503,0.04020506634499397,0,0
USNM_1606826,CBDDTY010000644.1,8999,1.1980220024447161,1,0.45381551424014754,0.2728512960436562,0,0
USNM_1606826,CBDDTY010001030.1,8996,1.2486660738105826,1,0.5274809289377929,5.580693815987933,0,0
USNM_1606826,CBDDTY010001342.1,8990,1.96440489432703,1,1.2805661904726469,6.7557099236641225,0,0
USNM_1606826,CBDDTY010000864.1,8987,1.6108823856681873,1,1.3750444908198396,0,54,0.6008679203293646
USNM_1606826,CBDDTY010001743.1,8973,1.381254875738326,1,0.6354379898401912,2.4597793103448278,0,0
USNM_1606826,CBDDTY010000385.1,8969,2.3135243616902663,2,1.8327227291713535,6.395557184750733,86,0.9588582896643996
USNM_1606826,CBDDTY010000587.1,8968,1.5657894736842106,1,1.2170118734575923,1.149954407294833,32,0.35682426404995543
USNM_1606826,CBDDTY010000303.1,8965,1.5866146123814835,1,0.8238411027578298,0.2889459084604716,0,0
USNM_1606826,CBDDTY010000757.1,8965,1.1950920245398773,1,0.44907859074426426,0,0,0
USNM_1606826,CBDDTY010001699.1,8960,1.9446428571428571,1,1.2447251291248076,5.008944543828265,0,0
USNM_1606826,CBDDTY010001960.1,8956,1.6251674854845914,1,0.8052512776684593,0.40387722132471726,0,0
USNM_1606826,CBDDTY010000789.1,8947,1.4787079467978093,1,0.6839390474285496,2.3773006134969323,0,0
USNM_1606826,CBDDTY010001003.1,8943,1.513809683551381,1,0.9088424992514902,0.12236417033773862,0,0
USNM_1606826,CBDDTY010000170.1,8942,1.3366137329456498,1,0.687562884747607,0.10460251046025104,0,0
USNM_1606826,CBDDTY010001467.1,8935,1.4799104644655847,1,0.9782812699616487,3.3287592319054653,0,0
USNM_1606826,CBDDTY010001796.1,8934,1.8226997985224984,1,1.0836065342679555,0,0,0
USNM_1606826,CBDDTY010000703.1,8913,1.5659149556827106,1,1.2955145032167448,0.5586592178770949,43,0.48244137776281837
USNM_1606826,CBDDTY010000641.1,8912,1.2392280071813286,1,0.45143021249262866,0.5586592178770949,0,0
USNM_1606826,CBDDTY010000863.1,8910,1.4089786756453424,1,0.6772013037392212,3.3164586846543003,0,0
USNM_1606826,CBDDTY010001563.1,8906,2.5226813384235345,1,4.691563843071375,0.4213574097135741,561,6.299124185942063
USNM_1606826,CBDDTY010000393.1,8904,2.058063791554358,1,1.9068201994492788,5.5181023720349565,40,0.44923629829290207
USNM_1606826,CBDDTY010001239.1,8904,1.3069407008086253,1,0.623776444894855,1.1576626240352812,0,0
USNM_1606826,CBDDTY010001917.1,8903,1.9719195776704481,2,1.3224713855270418,13.467414383561644,0,0
USNM_1606826,CBDDTY010000245.1,8885,1.4856499718626899,1,0.9090458141065196,1.556634460547504,0,0
USNM_1606826,CBDDTY010001462.1,8879,1.695911701768217,1,1.1354018551568628,2.807425860023725,0,0
USNM_1606826,CBDDTY010000486.1,8877,1.3429086403064099,1,0.5322186188791015,0.532724505327245,0,0
USNM_1606826,CBDDTY010000805.1,8877,1.9174270586909992,1,1.842872156883896,1.8803956343792634,121,1.3630731102850062
USNM_1606826,CBDDTY010001874.1,8856,1.65210027100271,1,1.2626377941903317,0.1750625,49,0.5532971996386631
USNM_1606826,CBDDTY010001186.1,8852,1.5773836421147762,1,1.0180825953517914,0.5717916137229987,0,0
USNM_1606826,CBDDTY010000574.1,8849,1.4538365917052773,1,0.9157177004071807,6.754772727272727,0,0
USNM_1606826,CBDDTY010001383.1,8830,1.3889014722536805,1,0.6913959464531683,3.1528189910979227,0,0
USNM_1606826,CBDDTY010002122.1,8829,2.8193453392230152,2,2.749940391825465,0.538953488372093,374,4.236040321667233
USNM_1606826,CBDDTY010001587.1,8820,3.227891156462585,1,6.181386626430368,2.2074271229404308,457,5.18140589569161
USNM_1606826,CBDDTY010001067.1,8819,1.2814378047397663,1,0.5274793348558032,0.14705882352941177,0,0
USNM_1606826,CBDDTY010000280.1,8805,1.5762634866553096,1,0.9945352196502772,1.3568587896253603,0,0
USNM_1606826,CBDDTY010001400.1,8805,1.4375922771152754,1,0.763561098798706,7.349377934272301,0,0
USNM_1606826,CBDDTY010001230.1,8800,1.8878409090909092,1,1.2052796580578515,0.9936220472440945,0,0
USNM_1606826,CBDDTY010001641.1,8794,1.9797589265408233,1,1.7585519813064747,2.247262830482115,118,1.3418239708892425
USNM_1606826,CBDDTY010000962.1,8791,1.7829598452963258,1,1.3398541082019666,0.5214142857142857,0,0
USNM_1606826,CBDDTY010001737.1,8782,1.3529947620132088,1,0.6388439976355763,0.3004807692307692,0,0
USNM_1606826,CBDDTY010000248.1,8777,1.3593482966845163,1,0.6076667077775695,0,0,0
USNM_1606826,CBDDTY010000700.1,8772,2.3988828089375285,2,2.5006967231531436,2.016196682464455,372,4.240766073871409
USNM_1606826,CBDDTY010001380.1,8772,1.4008207934336525,1,0.7568871325202162,0.3689192708333333,0,0
USNM_1606826,CBDDTY010001243.1,8758,1.8258734870975108,1,1.1925244419662682,1.5305867346938775,0,0
USNM_1606826,CBDDTY010000639.1,8757,1.8129496402877698,1,1.57511815529856,0.21551724137931033,52,0.5938106657531118
USNM_1606826,CBDDTY010001139.1,8757,1.380267214799589,1,0.8262558567605613,0.31496062992125984,0,0
USNM_1606826,CBDDTY010000679.1,8749,1.6543604983426676,1,1.1284038151213263,1.818778523489933,0,0
USNM_1606826,CBDDTY010000602.1,8748,1.4513031550068587,1,1.0291429193808912,0.39818466353677623,15,0.17146776406035666
USNM_1606826,CBDDTY010000279.1,8742,1.2860901395561657,1,0.5018543079064518,0.0879419525065963,0,0
USNM_1606826,CBDDTY010000362.1,8730,1.4458190148911798,1,0.84419621322591,0.7597794117647059,0,0
USNM_1606826,CBDDTY010002032.1,8720,1.4701834862385321,1,0.7507497270752239,2.57871335504886,0,0
USNM_1606826,CBDDTY010001378.1,8719,1.484803303131093,1,0.7913660351653423,2.6923076923076925,0,0
USNM_1606826,CBDDTY010001326.1,8713,1.4721680247905429,1,0.8809730372863781,0.7275132275132276,0,0
USNM_1606826,CBDDTY010001905.1,8706,2.2311049850677693,2,1.5284029938681027,3.9557213316892725,0,0
USNM_1606826,CBDDTY010001019.1,8700,1.2722988505747126,1,0.5829240426286091,1.7119244391971664,0,0
USNM_1606826,CBDDTY010001110.1,8689,1.4571297042237312,1,0.7370959278565602,0,0,0
USNM_1606826,CBDDTY010000286.1,8688,1.2231813996316758,1,0.48152840607897934,1.2012012012012012,0,0
USNM_1606826,CBDDTY010000623.1,8682,1.3211241649389542,1,0.5706310889419816,5.389201596806387,0,0
USNM_1606826,CBDDTY010002099.1,8682,1.3032711356830224,1,0.5754337149872598,0.6072874493927125,0,0
USNM_1606826,CBDDTY010000463.1,8680,1.3514976958525347,1,0.6577272990400458,0.1366120218579235,0,0
USNM_1606826,CBDDTY010001786.1,8675,1.6500288184438041,1,0.8448659182004054,2.2937227722772278,0,0
USNM_1606826,CBDDTY010000106.1,8666,1.460766212785599,1,0.8799334098728145,5.362021857923497,0,0
USNM_1606826,CBDDTY010001016.1,8663,1.875331871176267,1,2.030913206691424,1.7294311377245508,196,2.262495671245527
USNM_1606826,CBDDTY010000991.1,8653,1.6572287068068878,1,1.0135090956936554,1.4921900826446282,0,0
USNM_1606826,CBDDTY010000774.1,8652,1.7483818770226538,1,1.5789340925454358,3.5694612794612794,98,1.132686084142395
USNM_1606826,CBDDTY010001094.1,8652,1.4041840036985669,1,0.7332744557617393,0.3129890453834116,0,0
USNM_1606826,CBDDTY010000826.1,8651,1.552652872500289,1,0.8130984495259579,4.432867756315008,0,0
USNM_1606826,CBDDTY010000207.1,8650,1.3008092485549132,1,0.5446100514451215,1.088646967340591,0,0
USNM_1606826,CBDDTY010000284.1,8647,1.4725338267607262,1,1.0359726233891093,6.140356536502547,1,0.011564704521799469
USNM_1606826,CBDDTY010000712.1,8646,1.4649548924358085,1,0.893060537405581,4.270821428571429,0,0
USNM_1606826,CBDDTY010001324.1,8645,1.3658762290341238,1,0.5986385030471444,4.7963206307490145,0,0
USNM_1606826,CBDDTY010002634.1,8645,6.163562753036437,2,14.358553595161274,0.6218243243243243,783,9.057258530942741
USNM_1606826,CBDDTY010001356.1,8641,1.6976044439301008,1,1.0658221706906856,0.2695417789757412,0,0
USNM_1606826,CBDDTY010001919.1,8638,1.7284093540171337,1,1.0165271037280126,7.405049504950495,0,0
USNM_1606826,CBDDTY010000919.1,8622,1.6700301554163768,1,1.0000716707966637,0.7372991850989523,0,0
USNM_1606826,CBDDTY010001768.1,8618,2.074495242515665,2,1.4705406270845907,1.5327047913446676,0,0
USNM_1606826,CBDDTY010001968.1,8615,2.0601276842716194,1,2.8163107026646164,3.768957415565345,272,3.1572838073128264
USNM_1606826,CBDDTY010000795.1,8608,1.4151951672862453,1,0.8006977084245952,0.5637058823529412,0,0
USNM_1606826,CBDDTY010000104.1,8606,2.80350917964211,1,3.8399220107380097,0.30366236162361626,662,7.6923076923076925
USNM_1606826,CBDDTY010000375.1,8603,2.0255724747181216,1,1.5451950580574008,3.223920265780731,39,0.4533302336394281
USNM_1606826,CBDDTY010000972.1,8603,1.4562361966755784,1,0.698611314606754,8.425925925925926,0,0
USNM_1606826,CBDDTY010001367.1,8602,1.6349686119507092,1,0.9371482716720562,4.456006944444445,0,0
USNM_1606826,CBDDTY010001949.1,8596,1.559678920428106,1,0.9295350732766728,1.8214142857142857,0,0
USNM_1606826,CBDDTY010000669.1,8590,1.5837019790454017,1,1.0487765592196046,0.8924849397590361,0,0
USNM_1606826,CBDDTY010001442.1,8580,1.4634032634032634,1,0.8518616862626692,2.63728323699422,0,0
USNM_1606826,CBDDTY010001474.1,8579,1.3910712204219606,1,0.6760875934919338,0.5636070853462157,0,0
USNM_1606826,CBDDTY010001981.1,8577,1.8221989040457036,1,1.0522637582227827,8.506953907815632,0,0
USNM_1606826,CBDDTY010001022.1,8568,1.9717553688141924,2,1.1425309644375574,14.660896551724138,0,0
USNM_1606826,CBDDTY010000875.1,8565,1.5166374781085814,1,0.9105792126417526,7.385382003395586,0,0
USNM_1606826,CBDDTY010001246.1,8564,1.3815973843998133,1,0.6997555292709239,1.4131897711978465,0,0
USNM_1606826,CBDDTY010001426.1,8564,1.5631714152265297,1,0.7314065470861291,0.3816793893129771,0,0
USNM_1606826,CBDDTY010001375.1,8562,1.3558747956085027,1,0.6239252642765081,7.204712430426716,0,0
USNM_1606826,CBDDTY010001506.1,8547,1.3777933777933777,1,0.6158360645514339,0,0,0
USNM_1606826,CBDDTY010000560.1,8546,2.1840627194008895,1,2.7391675975109018,3.3143797856049004,299,3.4987128481160776
USNM_1606826,CBDDTY010001368.1,8546,2.5547624619705127,1,2.388064508524656,0.29239766081871343,187,2.188158202667915
USNM_1606826,CBDDTY010000467.1,8543,1.4968980451831908,1,0.9564178831436957,1.320373692077728,0,0
USNM_1606826,CBDDTY010000223.1,8541,1.5748741365179721,1,0.9570010724433384,0,0,0
USNM_1606826,CBDDTY010000755.1,8525,1.4192375366568915,1,0.9945678977036649,2.3261348684210525,0,0
USNM_1606826,CBDDTY010002066.1,8521,1.9735946485154325,1,1.4339552148536927,5.783954703832753,5,0.05867855885459453
USNM_1606826,CBDDTY010000476.1,8519,1.561920413194037,1,0.9162568034897847,5.051527272727273,0,0
USNM_1606826,CBDDTY010001382.1,8516,1.3670737435415687,1,0.6119314241348407,1.1516314779270633,0,0
USNM_1606826,CBDDTY010000818.1,8514,1.2748414376321353,1,0.5219116381248808,6.155015197568389,0,0
USNM_1606826,CBDDTY010000821.1,8507,1.3156224285882214,1,0.6394023649825215,1.6489929328621908,0,0
USNM_1606826,CBDDTY010001553.1,8505,1.3268665490887712,1,0.5669345158318033,0,0,0
USNM_1606826,CBDDTY010000747.1,8504,3.311618062088429,2,3.007306405876297,0.5337484276729559,416,4.891815616180621
USNM_1606826,CBDDTY010001620.1,8491,2.183723942998469,1,2.271174170803537,2.5438496240601505,254,2.991402661641738
USNM_1606826,CBDDTY010002449.1,8489,1.6127930262692898,1,0.9261268626690433,1.0954616588419406,0,0
USNM_1606826,CBDDTY010000319.1,8488,1.7733270499528746,1,1.3190236562291657,1.7714520958083833,18,0.2120640904806786
USNM_1606826,CBDDTY010001078.1,8487,1.325556733828208,1,0.6212786212306736,2.5660518292682926,0,0
USNM_1606826,CBDDTY010000297.1,8482,1.7142183447300166,1,1.207475109683555,0.2326522842639594,0,0
USNM_1606826,CBDDTY010000889.1,8473,1.836657618317007,1,1.2026653465362083,20.92457420924574,0,0
USNM_1606826,CBDDTY010001123.1,8473,1.388410244305441,1,0.7257848708158914,0.2692307692307692,0,0
USNM_1606826,CBDDTY010000536.1,8471,1.5300436784322984,1,0.9691890915298085,1.8225037707390648,0,0
USNM_1606826,CBDDTY010000921.1,8461,1.4420281290627586,1,0.9738189062104017,0.631453125,0,0
USNM_1606826,CBDDTY010000647.1,8460,2.0775413711583925,1,1.9393551961219977,0.7808716707021792,128,1.5130023640661938
USNM_1606826,CBDDTY010001369.1,8458,1.340151336013242,1,0.6329773717239567,4.288827361563518,0,0
USNM_1606826,CBDDTY010001169.1,8447,1.4549544216881733,1,0.7283548911327051,1.1730205278592376,0,0
USNM_1606826,CBDDTY010001748.1,8444,1.3931785883467551,1,0.6535870363292512,0.1510574018126888,0,0
USNM_1606826,CBDDTY010000832.1,8436,1.3757705073494546,1,0.652277710202713,2.0903010033444818,0,0
USNM_1606826,CBDDTY010000188.1,8425,1.4548367952522254,1,0.7350169582025838,1.8518468468468468,0,0
USNM_1606826,CBDDTY010000661.1,8396,2.5376369699857073,1,3.859366779376991,0.5919808743169399,443,5.276322058122916
USNM_1606826,CBDDTY010001518.1,8376,2.294173829990449,2,1.785284982740969,1.933589001447178,47,0.561127029608405
USNM_1606826,CBDDTY010000267.1,8373,1.8337513436044428,1,1.1666338859219463,1.5135135135135136,0,0
USNM_1606826,CBDDTY010000165.1,8369,1.2982435177440554,1,0.6340015429526968,3.1422775263951737,0,0
USNM_1606826,CBDDTY010001111.1,8354,1.3294230308834092,1,0.5550533843053396,0.3095142857142857,0,0
USNM_1606826,CBDDTY010000481.1,8353,1.4727642763079134,1,0.8439023647628916,0.6976744186046512,0,0
USNM_1606826,CBDDTY010000772.1,8352,1.3030411877394636,1,0.5453895277847691,0.07587253414264036,0,0
USNM_1606826,CBDDTY010001762.1,8351,1.9097114118069691,1,1.4912086648005844,1.6886930983847284,3,0.03592384145611304
USNM_1606826,CBDDTY010001196.1,8349,1.5508444125044916,1,1.1051382013329831,1.4194952681388013,0,0
USNM_1606826,CBDDTY010001065.1,8342,1.2952529369455765,1,0.6554843666951807,0.5500495049504951,0,0
USNM_1606826,CBDDTY010001410.1,8334,2.9185265178785698,2,2.6433162931283434,4.908475836431227,300,3.599712023038157
USNM_1606826,CBDDTY010000525.1,8331,1.7244028327931822,1,1.0897993088200135,2.1988870967741936,0,0
USNM_1606826,CBDDTY010001198.1,8327,1.3589528041311396,1,0.6310953143182944,0.6451612903225806,0,0
USNM_1606826,CBDDTY010002314.1,8319,1.5739872580839043,1,1.2903833015803943,0.7336908077994428,25,0.30051688904916457
USNM_1606826,CBDDTY010000350.1,8317,1.3163400264518457,1,0.620003781118239,6.572362728785357,0,0
USNM_1606826,CBDDTY010000277.1,8315,2.0357185808779312,1,2.101364196617747,2.596167883211679,236,2.838244137101624
USNM_1606826,CBDDTY010001041.1,8315,1.5787131689717377,1,1.4280613365709822,3.360655737704918,56,0.6734816596512326
USNM_1606826,CBDDTY010001634.1,8305,1.3902468392534617,1,0.6606371721780655,4.899849785407725,0,0
USNM_1606826,CBDDTY010001391.1,8304,1.425578034682081,1,0.7105481160680996,6.518151815181518,0,0
USNM_1606826,CBDDTY010001508.1,8301,1.4281411878086978,1,0.7062872737602237,3.684352574102964,0,0
USNM_1606826,CBDDTY010001167.1,8298,2.05410942395758,1,2.303758761580466,12.374895104895105,255,3.0730296456977584
USNM_1606826,CBDDTY010000554.1,8284,1.8171173346209561,1,1.1954849242154455,0.6924498567335243,0,0
USNM_1606826,CBDDTY010000984.1,8281,1.5457070402125348,1,1.2059108593248622,0.5364076246334311,3,0.036227508754981284
USNM_1606826,CBDDTY010000229.1,8274,2.0564418660865362,1,1.662966902980413,0.7507567567567568,52,0.628474740149867
USNM_1606826,CBDDTY010001534.1,8270,2.360459492140266,1,2.29814476785932,1.0678219395866455,242,2.9262394195888755
USNM_1606826,CBDDTY010000334.1,8265,1.3151845130066546,1,0.6255630903528581,0.8949880668257757,0,0
USNM_1606826,CBDDTY010001180.1,8263,1.4992133607648555,1,1.0096211631628902,0.7672801302931596,31,0.3751664044535883
USNM_1606826,CBDDTY010000208.1,8259,1.917544496912459,1,1.4565162374028109,2.922891344383057,0,0
USNM_1606826,CBDDTY010000437.1,8252,1.2895055744062045,1,0.8401057224319296,0.15151515151515152,0,0
USNM_1606826,CBDDTY010001814.1,8252,1.516602035870092,1,0.8397705535480792,0.2930298273155416,0,0
USNM_1606826,CBDDTY010002203.1,8239,1.4630416312659302,1,0.7058607510988206,0,0,0
USNM_1606826,CBDDTY010001098.1,8238,1.2811361981063365,1,0.5204205121162241,6.666666666666667,0,0
USNM_1606826,CBDDTY010000684.1,8232,1.430636540330418,1,0.7196154314331262,0.7751937984496124,0,0
USNM_1606826,CBDDTY010001431.1,8232,1.28377065111759,1,0.5266684279236876,0,0,0
USNM_1606826,CBDDTY010001033.1,8222,1.8046703964972026,1,1.2319145704605856,0.5703712296983758,2,0.024324981756263683
USNM_1606826,CBDDTY010000384.1,8221,1.809998783602968,1,1.9255996664479123,3.743494539781591,201,2.4449580343023962
USNM_1606826,CBDDTY010001386.1,8216,1.6346153846153846,1,1.0511631898462832,2.83853125,0,0
USNM_1606826,CBDDTY010000293.1,8208,2.075414230019493,1,3.920408319044942,4.7505427631578945,322,3.9230019493177384
USNM_1606826,CBDDTY010000923.1,8198,1.3799707245669675,1,0.6369332243564607,0.8605851979345955,0,0
USNM_1606826,CBDDTY010000628.1,8185,1.302871105681124,1,0.6219925225205035,0.9626379310344828,0,0
USNM_1606826,CBDDTY010001256.1,8183,2.024685323231089,1,2.743473256700467,2.6112437810945273,281,3.43394842967127
USNM_1606826,CBDDTY010001346.1,8180,1.6533007334963326,1,0.8561223367361492,1.5151153324287652,0,0
USNM_1606826,CBDDTY010001724.1,8178,1.7862558082660798,1,1.3363331810051668,5.260515463917526,49,0.599168500855955
USNM_1606826,CBDDTY010001144.1,8176,1.4196428571428572,1,0.6851152591388815,0.2032469512195122,0,0
USNM_1606826,CBDDTY010001443.1,8170,1.5952264381884944,1,0.9126639814518048,3.5960961538461538,0,0
USNM_1606826,CBDDTY010001330.1,8168,1.260896180215475,1,0.5242999542418229,0.24875621890547264,0,0
USNM_1606826,CBDDTY010001539.1,8161,2.0377404729812523,1,1.9299743449961595,0.4144254658385093,122,1.4949148388677858
USNM_1606826,CBDDTY010000468.1,8151,1.900380321432953,1,1.5430472926525616,0.9187948717948717,27,0.3312476996687523
USNM_1606826,CBDDTY010001617.1,8146,1.3533022342253866,1,0.6913653336280196,8.191194029850747,0,0
USNM_1606826,CBDDTY010000269.1,8138,3.5756942737773407,2,4.5734064700711095,5.141647819063005,708,8.699926271811256
USNM_1606826,CBDDTY010001236.1,8135,1.5350952673632452,1,0.8999446955365185,1.6012584573748307,0,0
USNM_1606826,CBDDTY010000786.1,8133,1.5332595598180254,1,0.9055394161326443,7.364507389162561,0,0
USNM_1606826,CBDDTY010002121.1,8132,1.9949581898671913,2,1.1327350021701366,1.4381047765793529,0,0
USNM_1606826,CBDDTY010000842.1,8130,1.2779827798277983,1,0.5737265249455966,0.49019607843137253,0,0
USNM_1606826,CBDDTY010002125.1,8124,2.0280649926144756,2,1.2701945566351303,2.769540059347181,0,0
USNM_1606826,CBDDTY010000455.1,8119,1.5887424559674836,1,0.9241904536612086,11.9708,0,0
USNM_1606826,CBDDTY010000702.1,8118,1.3295146587829514,1,0.7257685333465547,2.6546537396121885,0,0
USNM_1606826,CBDDTY010001822.1,8106,1.8161855415741426,1,1.544012592801579,1.9449371633752244,0,0
USNM_1606826,CBDDTY010001950.1,8106,2.152726375524303,2,1.505446609409224,2.1910229885057473,1,0.012336540833950159
USNM_1606826,CBDDTY010002845.1,8082,1.7704776045533284,1,1.0472819107692446,0.6172839506172839,0,0
USNM_1606826,CBDDTY010001445.1,8075,1.7596284829721363,1,1.134525775327931,2.5449101796407185,0,0
USNM_1606826,CBDDTY010000717.1,8074,1.3705722070844686,1,0.6261615448454094,0.6561679790026247,0,0
USNM_1606826,CBDDTY010001754.1,8073,1.397373962591354,1,0.6901925450608324,9.54477973568282,0,0
USNM_1606826,CBDDTY010002354.1,8073,1.7015979189892234,1,1.2077420689902092,0.19125356125356124,20,0.24773937817416078
USNM_1606826,CBDDTY010001193.1,8072,1.1994549058473736,1,0.44285341006456574,5.030181086519114,0,0
USNM_1606826,CBDDTY010000409.1,8070,1.3982651796778192,1,0.7088114321627029,0.706436420722135,0,0
USNM_1606826,CBDDTY010001889.1,8065,1.3945443273403595,1,0.6839790748275537,4.110860420650096,0,0
USNM_1606826,CBDDTY010002715.1,8055,1.6708876474239602,1,1.0394815397746475,1.0789473684210527,0,0
USNM_1606826,CBDDTY010001764.1,8052,1.3079980129160458,1,0.655576664950712,0.3129890453834116,0,0
USNM_1606826,CBDDTY010001087.1,8048,1.371272365805169,1,0.6207383020556174,0.3590664272890485,0,0
USNM_1606826,CBDDTY010001850.1,8036,2.2872075659532105,2,1.8406028657734577,0.6788041594454073,79,0.9830761572921851
USNM_1606826,CBDDTY010001270.1,8035,1.41045426260112,1,0.6825031395290088,1.8386654804270464,0,0
USNM_1606826,CBDDTY010001012.1,8024,1.337986041874377,1,0.6134661784827078,2.5292811501597443,0,0
USNM_1606826,CBDDTY010002268.1,8024,1.9069042871385842,1,1.3555071610944012,0.389575,0,0
USNM_1606826,CBDDTY010001616.1,8023,1.6303128505546554,1,1.0730898398461755,0.5970872274143302,5,0.06232082762059081
USNM_1606826,CBDDTY010001632.1,8018,1.3685457720129708,1,0.6145655477540014,0.07473841554559044,0,0
USNM_1606826,CBDDTY010001546.1,7997,1.5987245216956358,1,1.0025796510719405,0.8486562942008486,0,0
USNM_1606826,CBDDTY010000222.1,7990,1.7982478097622028,1,2.1900780902684978,0.7652586206896552,255,3.1914893617021276
USNM_1606826,CBDDTY010001973.1,7989,1.6748028539241457,1,0.847478351432109,0,0,0
USNM_1606826,CBDDTY010000504.1,7988,1.379193790686029,1,0.6764216611552163,0.14992503748125938,0,0
USNM_1606826,CBDDTY010001703.1,7982,1.5296918065647707,1,0.7708561154414377,7.147752577319587,0,0
USNM_1606826,CBDDTY010000371.1,7981,1.2497180804410475,1,0.6507477736207053,0.2777777777777778,0,0
USNM_1606826,CBDDTY010000837.1,7978,1.6110554023564803,1,0.8806206081927644,1.4618662519440124,0,0
USNM_1606826,CBDDTY010000109.1,7977,1.8198570891312524,1,1.8923556376148856,0.21764802631578947,141,1.7675817976682964
USNM_1606826,CBDDTY010002903.1,7972,1.7388359257400903,1,1.0501331467092383,0.6229508196721312,0,0
USNM_1606826,CBDDTY010000652.1,7971,3.2233094969263583,2,2.8680848666737613,6.670477137176938,240,3.0109145652992093
USNM_1606826,CBDDTY010001721.1,7967,2.167315175097276,2,1.4104790948029466,13.852459016393443,0,0
USNM_1606826,CBDDTY010001415.1,7964,1.780637870416876,1,1.7629082734967567,0.8806335616438357,123,1.5444500251130084
USNM_1606826,CBDDTY010001554.1,7961,1.2649164677804297,1,0.5264715162938333,0.4280821917808219,0,0
USNM_1606826,CBDDTY010001581.1,7958,1.305604423221915,1,0.6079331893308644,1.284454887218045,0,0
USNM_1606826,CBDDTY010001294.1,7954,2.0872516972592408,1,1.6583388315977596,0,44,0.5531807895398542
USNM_1606826,CBDDTY010000594.1,7952,1.2884808853118712,1,0.538333679452832,0.25857545839210155,0,0
USNM_1606826,CBDDTY010000473.1,7951,1.3159351025028299,1,0.6348744264994497,2.6089686924493556,0,0
USNM_1606826,CBDDTY010000249.1,7945,1.4395217117684078,1,0.8860839612120914,0.3962536023054755,0,0
USNM_1606826,CBDDTY010001174.1,7940,1.6424433249370276,1,0.921253752814458,0.4151838671411625,0,0
USNM_1606826,CBDDTY010001470.1,7929,1.6338756463614579,1,1.1848640217015278,1.7855094991364422,0,0
USNM_1606826,CBDDTY010001042.1,7927,1.7108616122114293,1,1.0566406099763046,3.2297363465160074,0,0
USNM_1606826,CBDDTY010000924.1,7926,1.6449659348978047,1,1.4395466400252117,1.91903937007874,72,0.9084027252081757
USNM_1606826,CBDDTY010000330.1,7918,1.7724172770901743,1,1.3443351800542531,0.5117890520694259,0,0
USNM_1606826,CBDDTY010001301.1,7913,1.466573992164792,1,0.7502450577844403,1.7536867088607595,0,0
USNM_1606826,CBDDTY010001359.1,7913,1.509794009857197,1,1.1416095508367503,1.299524564183835,2,0.025274864147605207
USNM_1606826,CBDDTY010000453.1,7910,2.6893805309734513,1,3.1093732151266833,2.3921927710843374,450,5.689001264222504
USNM_1606826,CBDDTY010000184.1,7909,1.6311796687318245,1,0.9837546845757462,5.70310546875,0,0
USNM_1606826,CBDDTY010002256.1,7908,1.4370257966616085,1,0.7415165710791366,0.22713798977853492,0,0
USNM_1606826,CBDDTY010000432.1,7903,1.7859040870555485,1,1.2536834978348221,3.4287198515769943,0,0
USNM_1606826,CBDDTY010000057.1,7902,2.559858263730701,1,3.4404766773336766,6.586013824884793,354,4.479878511769172
USNM_1606826,CBDDTY010001066.1,7891,1.700164744645799,1,1.4615732701646598,0.05565068493150685,0,0
USNM_1606826,CBDDTY010001601.1,7874,1.6148082296164592,1,1.0337081019509127,2.724363905325444,0,0
USNM_1606826,CBDDTY010000226.1,7872,1.5271849593495934,1,0.8038610943211393,0.697350069735007,0,0
USNM_1606826,CBDDTY010000895.1,7871,1.468682505399568,1,0.832933170658274,1.474028021015762,0,0
USNM_1606826,CBDDTY010000240.1,7868,1.28266395526182,1,0.5743727671953592,0.5511811023622047,0,0
USNM_1606826,CBDDTY010002192.1,7868,1.4443314692425013,1,0.7721655469004266,9.685339233038349,0,0
USNM_1606826,CBDDTY010000871.1,7864,1.4036113936927772,1,0.7564162306424195,1.1645962732919255,0,0
USNM_1606826,CBDDTY010001304.1,7860,1.3966921119592874,1,0.6236948704088726,0.7936507936507936,0,0
USNM_1606826,CBDDTY010000237.1,7859,1.269627179030411,1,0.520104832076692,7.74712927756654,0,0
USNM_1606826,CBDDTY010000730.1,7859,2.133859269627179,1,2.1142350449857004,0.6468544600938967,171,2.1758493447003433
USNM_1606826,CBDDTY010001957.1,7855,2.001145767027371,1,1.6780989252925727,5.014944444444445,51,0.6492679821769574
USNM_1606826,CBDDTY010001499.1,7854,1.3174178762414057,1,0.6379162358564063,0.15313935681470137,0,0
USNM_1606826,CBDDTY010000357.1,7850,3.2379617834394905,2,2.981821327035627,12.712854671280278,425,5.414012738853503
USNM_1606826,CBDDTY010000819.1,7841,1.4134676699400586,1,0.7275147987531861,0.3477051460361613,0,0
USNM_1606826,CBDDTY010001328.1,7841,1.5515878076775922,1,0.9674144171789121,0.9985734664764622,0,0
USNM_1606826,CBDDTY010001781.1,7837,1.4585938496873805,1,0.6441924267031466,0.4982511210762332,0,0
USNM_1606826,CBDDTY010000151.1,7834,2.465662496808782,1,3.0074434916343185,1.7886727989487516,470,5.999489405157008
USNM_1606826,CBDDTY010000637.1,7834,1.7722747000255297,1,1.386118651386445,3.044557438794727,4,0.051059484299208584
USNM_1606826,CBDDTY010001900.1,7831,2.435448857106372,2,1.5046594043246597,4.4364791666666665,0,0
USNM_1606826,CBDDTY010002222.1,7827,1.5795323878880798,1,0.8511234205401914,2.397351524879615,0,0
USNM_1606826,CBDDTY010001195.1,7826,1.4059545106056734,1,0.6577415633760963,1.4049586776859504,0,0
USNM_1606826,CBDDTY010002211.1,7822,2.1055995908974685,1,2.29186044758467,0.5745897079276774,225,2.8765021733571974
USNM_1606826,CBDDTY010000976.1,7817,1.6361775617244467,1,0.913708362410252,1.7610442477876107,0,0
USNM_1606826,CBDDTY010002366.1,7816,1.3913766632548619,1,0.6661333875196787,0.3257247557003257,0,0
USNM_1606826,CBDDTY010001718.1,7803,1.5496603870306291,1,0.8581460167167788,5.767102649006622,0,0
USNM_1606826,CBDDTY010001999.1,7803,1.50160194796873,1,0.7360363770060099,2.6666666666666665,0,0
USNM_1606826,CBDDTY010002691.1,7801,2.1693372644532753,2,1.2541881363009721,0.2203801652892562,0,0
USNM_1606826,CBDDTY010001013.1,7794,1.6343341031562741,1,1.011410087423645,2.7515471698113205,0,0
USNM_1606826,CBDDTY010001258.1,7794,1.8750320759558634,1,1.756302695571899,4.403131115459883,101,1.2958686168847833
USNM_1606826,CBDDTY010001119.1,7793,1.446682920569742,1,0.8891382523625119,4.528,0,0
USNM_1606826,CBDDTY010001303.1,7786,1.5579244798356024,1,1.1615979105492742,0.5836279926335175,6,0.07706139224248652
USNM_1606826,CBDDTY010001097.1,7783,1.2790697674418605,1,0.5631378094054268,1.4157973174366616,0,0
USNM_1606826,CBDDTY010000211.1,7782,1.499100488306348,1,0.8713325258313657,0.44971036585365853,0,0
USNM_1606826,CBDDTY010000822.1,7782,2.0791570290413777,1,2.1876156923557826,2.6556949152542373,208,2.672834746851709
USNM_1606826,CBDDTY010001377.1,7775,1.3638585209003216,1,0.6238593135180063,0.702247191011236,0,0
USNM_1606826,CBDDTY010002414.1,7774,2.8011319783895035,2,1.983417361012892,8.198191126279864,42,0.5402624131721122
USNM_1606826,CBDDTY010002327.1,7773,1.514215875466358,1,0.7809227509782849,2.6628275862068964,0,0
USNM_1606826,CBDDTY010002140.1,7769,2.8224996782082634,2,2.9650432274956406,0.9475919732441471,428,5.509074526966148
USNM_1606826,CBDDTY010002249.1,7769,1.3788132320762003,1,0.6010367649673333,0,0,0
USNM_1606826,CBDDTY010000569.1,7768,1.3921215242018539,1,0.7579116066616504,2.4671052631578947,0,0
USNM_1606826,CBDDTY010001200.1,7767,1.348525814342732,1,0.5889291779916829,10.804020100502512,0,0
USNM_1606826,CBDDTY010001050.1,7766,1.4290497038372392,1,0.6251239554416453,1.6784452296819787,0,0
USNM_1606826,CBDDTY010000327.1,7757,2.1763568389841432,2,1.4034485562205024,0.8929191090269637,0,0
USNM_1606826,CBDDTY010001213.1,7757,1.3396931803532293,1,0.5897863344381591,0.20255208333333333,0,0
USNM_1606826,CBDDTY010000620.1,7755,1.3025145067698258,1,0.6647370050870965,2.0800627943485086,0,0
USNM_1606826,CBDDTY010001250.1,7755,1.3245647969052223,1,0.5214103617179859,0,0,0
USNM_1606826,CBDDTY010001705.1,7755,1.2921985815602837,1,0.5497998339284235,3.2630572289156627,0,0
USNM_1606826,CBDDTY010001473.1,7752,1.5261867905056758,1,0.7825575675149729,0.25817555938037867,0,0
USNM_1606826,CBDDTY010000311.1,7743,2.091308278445047,1,2.5969311282412026,1.631763826606876,293,3.7840630246674416
USNM_1606826,CBDDTY010001430.1,7741,1.3597726391939027,1,0.5859060872976373,3.7966602316602316,0,0
USNM_1606826,CBDDTY010001609.1,7738,1.7115533729645904,1,1.088211422873943,5.735404699738903,0,0
USNM_1606826,CBDDTY010002008.1,7732,1.617046042421107,1,1.194405172634306,0.9478672985781991,6,0.0775995861355406
USNM_1606826,CBDDTY010001668.1,7729,3.684176478198991,1,6.5902524910952875,0.23789571694599626,586,7.581834648725579
USNM_1606826,CBDDTY010001722.1,7720,1.2733160621761659,1,0.5308592263274733,0.05736660929432014,0,0
USNM_1606826,CBDDTY010002097.1,7711,1.756192452340812,1,1.0052805978765433,0.653578431372549,0,0
USNM_1606826,CBDDTY010000247.1,7710,1.453047989623865,1,0.7793634353823173,6.032313432835821,0,0
USNM_1606826,CBDDTY010001299.1,7709,1.2321961343883772,1,0.5267086657820056,0.3472222222222222,0,0
USNM_1606826,CBDDTY010001214.1,7708,1.2624545926310327,1,0.5089129505295976,0,0,0
USNM_1606826,CBDDTY010001471.1,7707,1.752432853250292,1,1.1270016010975328,0.05322355289421157,0,0
USNM_1606826,CBDDTY010000145.1,7706,1.5103815208928109,1,0.8299761517670772,8.534891696750902,0,0
USNM_1606826,CBDDTY010000523.1,7700,1.327012987012987,1,0.6392964882050546,0.5607476635514018,0,0
USNM_1606826,CBDDTY010000564.1,7698,1.2517537022603273,1,0.5401991901159071,3.39652448657188,0,0
USNM_1606826,CBDDTY010000828.1,7696,1.3137993762993763,1,0.5710328872450346,0.8836524300441826,0,0
USNM_1606826,CBDDTY010001969.1,7695,1.475893437296946,1,0.7249210701294825,0.5159907120743034,0,0
USNM_1606826,CBDDTY010000625.1,7692,1.3326833073322932,1,0.643184709758257,4.723076923076923,0,0
USNM_1606826,CBDDTY010001935.1,7689,4.659123423071921,1,8.729141650572439,3.525856031128405,750,9.754194303550527
USNM_1606826,CBDDTY010000246.1,7678,1.5501432664756447,1,0.9069079715328703,2.458939393939394,0,0
USNM_1606826,CBDDTY010002508.1,7678,1.6564209429538943,1,0.9215438089044663,1.073345259391771,0,0
USNM_1606826,CBDDTY010000081.1,7677,1.2614302461899178,1,0.6239435569493259,0.47619047619047616,0,0
USNM_1606826,CBDDTY010002470.1,7670,1.5392438070404173,1,0.8531264259577657,5.171883408071749,0,0
USNM_1606826,CBDDTY010001676.1,7664,1.265527139874739,1,0.5190677494390807,2.240566037735849,0,0
USNM_1606826,CBDDTY010001890.1,7663,1.5334725303405976,1,1.1799223246651582,1.1235955056179776,0,0
USNM_1606826,CBDDTY010001496.1,7661,1.4764391071661662,1,0.7370285818048868,1.0887772194304857,0,0
USNM_1606826,CBDDTY010002235.1,7656,1.5300417972831766,1,0.7265686996606493,0.28118098159509203,0,0
USNM_1606826,CBDDTY010001036.1,7649,1.3031768858674337,1,0.5521843275569837,0,0,0
USNM_1606826,CBDDTY010000281.1,7648,1.7277719665271967,1,1.375171743345836,0.7542002989536623,0,0
USNM_1606826,CBDDTY010000515.1,7631,1.3324597038396016,1,0.6963252854754884,5.189249084249084,0,0
USNM_1606826,CBDDTY010001177.1,7630,1.31913499344692,1,0.688072862506631,0.6688121990369181,0,0
USNM_1606826,CBDDTY010000791.1,7628,1.4036444677503932,1,0.6581954706163387,0.3194888178913738,0,0
USNM_1606826,CBDDTY010001550.1,7628,1.8165967488201364,1,1.7366403220532969,0.6842105263157895,94,1.232302045097011
USNM_1606826,CBDDTY010000836.1,7626,1.4739050616312614,1,0.8776501492960019,0.5424954792043399,0,0
USNM_1606826,CBDDTY010002218.1,7626,1.4314188303173354,1,0.7941286222166617,1.7572032193158953,0,0
USNM_1606826,CBDDTY010001091.1,7625,1.3535737704918034,1,0.6004507220548785,5.930470347648262,0,0
USNM_1606826,CBDDTY010001674.1,7624,1.3768363064008395,1,0.6019720632306713,0.23622047244094488,0,0
USNM_1606826,CBDDTY010001610.1,7621,2.455845689542055,2,1.9093770567096209,1.5770250896057347,84,1.1022175567510826
USNM_1606826,CBDDTY010001083.1,7620,5.767716535433071,4,4.99293184974426,0.7544044943820225,1722,22.598425196850393
USNM_1606826,CBDDTY010000331.1,7617,1.343967441249836,1,0.8618310723448744,0.4989970501474926,0,0
USNM_1606826,CBDDTY010000589.1,7613,1.53658216209116,1,0.8002776275245637,1.7802359108781127,0,0
USNM_1606826,CBDDTY010000513.1,7611,1.4488240704243858,1,0.7399627947665157,0,0,0
USNM_1606826,CBDDTY010000624.1,7611,1.2160031533307056,1,0.4265946840170181,0.56657223796034,0,0
USNM_1606826,CBDDTY010001211.1,7611,1.5769281303376692,1,0.942060577332983,0.6723142250530786,0,0
USNM_1606826,CBDDTY010001480.1,7611,1.3384574957298647,1,0.6312215688553079,0.18181818181818182,0,0
USNM_1606826,CBDDTY010001627.1,7611,1.3071869662330837,1,0.62972752100871,4.455134615384615,0,0
USNM_1606826,CBDDTY010002148.1,7606,1.2783328950828294,1,0.5269551130207188,5.50526395173454,0,0
USNM_1606826,CBDDTY010000948.1,7605,1.8850756081525313,1,1.5498704397467225,4.067611336032389,17,0.2235371466140697
USNM_1606826,CBDDTY010000975.1,7602,2.5380163114969743,2,1.7797229926402816,2.8970872483221477,0,0
USNM_1606826,CBDDTY010001516.1,7601,1.851730035521642,1,1.3538395569848591,1.5252412645590683,0,0
USNM_1606826,CBDDTY010001589.1,7598,1.4012898131087128,1,0.6963175635062447,0.6779661016949152,0,0
USNM_1606826,CBDDTY010001854.1,7594,1.7786410323939952,1,1.458991909414297,0.389984399375975,16,0.21069265209375823
USNM_1606826,CBDDTY010000854.1,7592,2.1276343519494203,1,2.0422787980832546,8.963766233766234,90,1.1854583772391991
USNM_1606826,CBDDTY010000796.1,7591,1.4071927282307997,1,0.6746264546879029,0.31496062992125984,0,0
USNM_1606826,CBDDTY010000905.1,7591,1.7262547753919115,1,1.3033430929043188,0.9757942511346445,0,0
USNM_1606826,CBDDTY010000238.1,7583,1.5474086773044968,1,0.8671065244121149,2.782375415282392,0,0
USNM_1606826,CBDDTY010002286.1,7583,1.2640116049057102,1,0.48254261056147907,0,0,0
USNM_1606826,CBDDTY010001987.1,7578,2.023884930060702,2,1.419833345596373,1.800970695970696,14,0.18474531538664557
USNM_1606826,CBDDTY010002128.1,7556,1.931048173636845,1,1.4720459925439708,0.27688291139240506,2,0.02646903123345686
USNM_1606826,CBDDTY010000398.1,7554,1.3181096108022239,1,0.648311273729636,0.12468827930174564,0,0
USNM_1606826,CBDDTY010003214.1,7550,4.196556291390729,3,3.085231411596955,0.049299363057324845,503,6.66225165562914
USNM_1606826,CBDDTY010001068.1,7525,1.4086378737541527,1,0.7335325358526618,0.5217391304347826,0,0
USNM_1606826,CBDDTY010000163.1,7524,1.3871610845295055,1,0.8268394042019451,0.4335772357723577,0,0
USNM_1606826,CBDDTY010000827.1,7519,1.831493549674159,1,1.7839364190011728,1.7036768149882904,80,1.063971272775635
USNM_1606826,CBDDTY010001629.1,7518,1.782654961425911,1,1.046151858567376,0.3714947552447552,0,0
USNM_1606826,CBDDTY010001931.1,7516,1.5509579563597657,1,0.7562103139673909,0.8833922261484098,0,0
USNM_1606826,CBDDTY010001954.1,7514,1.5401916422677668,1,0.8581211483442239,5.65418691588785,0,0
USNM_1606826,CBDDTY010001852.1,7506,1.7163602451372235,1,1.0178376422309823,11.723006396588486,0,0
USNM_1606826,CBDDTY010001896.1,7506,1.4399147348787638,1,0.7159923947346306,3.1760254083484574,0,0
USNM_1606826,CBDDTY010002426.1,7488,1.7840544871794872,1,1.0826543882258832,11.153793706293706,0,0
USNM_1606826,CBDDTY010001429.1,7486,1.2833288805770773,1,0.5453464324343505,0.5628517823639775,0,0
USNM_1606826,CBDDTY010000366.1,7484,1.345938001068947,1,0.6352139755750041,0.5555555555555556,0,0
USNM_1606826,CBDDTY010002450.1,7480,1.932620320855615,1,1.7652754568024185,1.304673202614379,128,1.7112299465240641
USNM_1606826,CBDDTY010001509.1,7476,1.195024077046549,1,0.46404573867319737,6.275720164609053,0,0
USNM_1606826,CBDDTY010002010.1,7473,1.343369463401579,1,0.5322714492928149,11.03515625,0,0
USNM_1606826,CBDDTY010000571.1,7467,1.8034016338556313,1,1.327418696667735,7.261970149253731,0,0
USNM_1606826,CBDDTY010003119.1,7467,2.0933440471407527,2,1.7073586500862954,1.353563025210084,88,1.1785188161242803
USNM_1606826,CBDDTY010002911.1,7466,3.090141976962229,2,2.5102158172882842,0.17274590163934428,116,1.5537101526922048
USNM_1606826,CBDDTY010001352.1,7463,1.2689267050783868,1,0.5538859218595078,2.767857142857143,0,0
USNM_1606826,CBDDTY010000556.1,7462,1.7406861431251675,1,1.194704601214855,1.7515605095541402,0,0
USNM_1606826,CBDDTY010000604.1,7457,1.417460104599705,1,0.7992961206020487,2.436637426900585,0,0
USNM_1606826,CBDDTY010002000.1,7453,1.616664430430699,1,1.0526791649314609,1.8548772504091653,0,0
USNM_1606826,CBDDTY010001832.1,7452,1.9569243156199678,1,1.3351917122686185,4.66601083032491,0,0
USNM_1606826,CBDDTY010000783.1,7450,1.3106040268456376,1,0.6826447075419424,1.926444833625219,0,0
USNM_1606826,CBDDTY010002144.1,7450,1.326711409395973,1,0.8186955323881661,0.9202956521739131,0,0
USNM_1606826,CBDDTY010002529.1,7445,1.3316319677635997,1,0.6282573015210552,1.0505281090289609,0,0
USNM_1606826,CBDDTY010001128.1,7443,1.6071476555152493,1,1.3714415362036947,1.0209040590405905,19,0.25527341125890096
USNM_1606826,CBDDTY010000773.1,7442,1.6377317925288901,1,1.0041792064165473,4.291417165668663,0,0
USNM_1606826,CBDDTY010001384.1,7435,1.3066577000672495,1,0.5774458390593028,5.545454545454546,0,0
USNM_1606826,CBDDTY010001713.1,7435,1.9694687289845325,2,1.259564933016235,4.340730223123733,0,0
USNM_1606826,CBDDTY010002089.1,7430,1.4979811574697173,1,0.764105012569049,2.998065764023211,0,0
USNM_1606826,CBDDTY010001565.1,7429,1.284695113743438,1,0.5744128882488682,0.25679506933744223,0,0
USNM_1606826,CBDDTY010001226.1,7423,1.5224302842516502,1,0.9710173069021147,3.930096774193548,0,0
USNM_1606826,CBDDTY010002245.1,7421,2.4612585904864575,2,1.428913590515425,2.657681388012618,0,0
USNM_1606826,CBDDTY010002049.1,7420,1.4982479784366576,1,0.8162470395094713,0.5607476635514018,0,0
USNM_1606826,CBDDTY010002269.1,7419,1.6938940558026687,1,0.9741767857591798,0.539568345323741,0,0
USNM_1606826,CBDDTY010002325.1,7417,2.478495348523662,2,1.7650882919970245,5.459384965831435,28,0.3775111230955912
USNM_1606826,CBDDTY010002346.1,7415,2.654484153742414,2,2.272707505769903,3.2377062706270627,146,1.9689817936614968
USNM_1606826,CBDDTY010001741.1,7406,2.6038347285984336,2,2.61790570160307,2.3059967585089143,288,3.888738860383473
USNM_1606826,CBDDTY010001732.1,7405,1.7351789331532748,1,1.142807227275598,9.340589225589225,0,0
USNM_1606826,CBDDTY010002101.1,7401,2.5516822051074177,2,2.3099222391424026,1.404975845410628,230,3.1076881502499663
USNM_1606826,CBDDTY010000123.1,7399,2.1471820516285987,1,1.7099299205824536,5.644916512059369,15,0.20273009866198133
USNM_1606826,CBDDTY010001202.1,7394,1.4793075466594536,1,0.7908011349843309,21.02270202020202,0,0
USNM_1606826,CBDDTY010000738.1,7391,1.4715194155053444,1,0.9700351427700514,0,0,0
USNM_1606826,CBDDTY010001464.1,7390,1.2671177266576454,1,0.5718990841053774,0.690015923566879,0,0
USNM_1606826,CBDDTY010002590.1,7387,2.0599702179504535,2,1.3191313018334607,3.46523166023166,0,0
USNM_1606826,CBDDTY010001870.1,7380,1.4592140921409213,1,0.7605893751241581,0.4999818181818182,0,0
USNM_1606826,CBDDTY010001928.1,7380,1.5708672086720867,1,0.8836605703012608,1.1487603305785123,0,0
USNM_1606826,CBDDTY010001731.1,7373,1.5110538451105384,1,0.7897839556733894,3.820850622406639,0,0
USNM_1606826,CBDDTY010002275.1,7372,1.4085729788388497,1,0.746845052145292,0.07776049766718507,0,0
USNM_1606826,CBDDTY010001792.1,7361,1.8122537698682244,1,2.4683467532516086,1.2675424836601308,250,3.3962776796630894
USNM_1606826,CBDDTY010000494.1,7351,1.3731465106788192,1,0.7626893984655225,2.6470588235294117,0,0
USNM_1606826,CBDDTY010000227.1,7343,1.6020699986381588,1,0.8510131875509033,4.415535714285714,0,0
USNM_1606826,CBDDTY010001064.1,7340,2.220708446866485,1,2.02021573252741,0.20526645768025079,8,0.10899182561307902
USNM_1606826,CBDDTY010002664.1,7329,1.7453950061399919,1,1.1267215770577887,2.094309210526316,0,0
USNM_1606826,CBDDTY010000356.1,7328,1.8000818777292575,1,1.161699405990046,0.3412969283276451,0,0
USNM_1606826,CBDDTY010001062.1,7324,1.4033315128345167,1,0.7243788121816759,1.967930029154519,0,0
USNM_1606826,CBDDTY010002253.1,7318,1.2705657283410767,1,0.47462318378116597,0,0,0
USNM_1606826,CBDDTY010001396.1,7309,1.8014776303187852,1,1.0777736612130926,2.91390522875817,0,0
USNM_1606826,CBDDTY010001535.1,7309,1.8968395129292652,1,1.312345958471533,2.241035781544256,0,0
USNM_1606826,CBDDTY010001487.1,7306,1.3456063509444292,1,0.6858643096970894,0.8333333333333334,0,0
USNM_1606826,CBDDTY010001638.1,7294,1.3661913901837126,1,0.5969554361845207,0,0,0
USNM_1606826,CBDDTY010001217.1,7289,2.8571820551515983,2,2.0779382711610745,0.15384615384615385,49,0.6722458499108245
USNM_1606826,CBDDTY010000697.1,7288,1.618688254665203,1,0.9941046658630202,0.3566333808844508,0,0
USNM_1606826,CBDDTY010001440.1,7286,1.2986549547076585,1,0.5216160436449416,5.452865064695009,0,0
USNM_1606826,CBDDTY010002645.1,7286,2.838045566840516,1,3.4664564547423384,1.5859612277867527,540,7.41147405984079
USNM_1606826,CBDDTY010001717.1,7285,4.895950583390529,2,7.88643942239279,51.93802845528455,1028,14.111187371310912
USNM_1606826,CBDDTY010001630.1,7284,1.7088138385502472,1,1.3715992059093338,0.14728682170542637,2,0.027457440966501923
USNM_1606826,CBDDTY010000192.1,7279,1.3040252781975545,1,0.6982284397092388,2.348993288590604,0,0
USNM_1606826,CBDDTY010000970.1,7277,1.4988319362374605,1,0.8805234892373304,0.9302325581395349,0,0
USNM_1606826,CBDDTY010000450.1,7273,1.4870067372473532,1,1.0812064763663607,1.5679442508710801,0,0
USNM_1606826,CBDDTY010001234.1,7270,1.4832187070151306,1,0.7793818414540192,1.7156862745098038,0,0
USNM_1606826,CBDDTY010001338.1,7268,1.259493670886076,1,0.5361045958634488,1.4170046801872074,0,0
USNM_1606826,CBDDTY010001076.1,7264,1.3502202643171806,1,0.6698642489465104,1.1621958456973294,0,0
USNM_1606826,CBDDTY010002076.1,7264,1.5224394273127753,1,0.8255808225284682,3.814896810506567,0,0
USNM_1606826,CBDDTY010001505.1,7260,1.4212121212121211,1,0.7491496150943571,2,0,0
USNM_1606826,CBDDTY010000829.1,7255,3.5262577532736046,2,3.1775583857751286,4.225922330097087,395,5.444521019986216
USNM_1606826,CBDDTY010000973.1,7254,1.1978218913702785,1,0.44883315881413605,0,0,0
USNM_1606826,CBDDTY010001373.1,7252,1.4219525648097078,1,0.6986032473921806,0.06005405405405405,0,0
USNM_1606826,CBDDTY010002250.1,7252,2.0219249862107005,2,1.2996458322812217,11.818133971291866,0,0
USNM_1606826,CBDDTY010000317.1,7250,1.7035862068965517,1,1.2365433354393462,2.0227958833619213,0,0
USNM_1606826,CBDDTY010002359.1,7248,3.298289183222958,3,2.180773861690306,6.218843416370107,9,0.12417218543046359
USNM_1606826,CBDDTY010002870.1,7239,3.0081502970023486,2,2.4129073776938093,1.4762820512820514,108,1.491918773311231
USNM_1606826,CBDDTY010001867.1,7232,1.3819137168141593,1,0.6638995357563928,0.5067567567567568,0,0
USNM_1606826,CBDDTY010001336.1,7231,1.7892407689116305,1,1.1900232416237126,1.6304347826086956,0,0
USNM_1606826,CBDDTY010001755.1,7227,1.296111802961118,1,0.7951138444862933,0.8392976588628762,0,0
USNM_1606826,CBDDTY010002827.1,7224,1.9889258028792913,2,1.1583186399895515,0.4974875621890547,0,0
USNM_1606826,CBDDTY010001804.1,7219,1.4967447014821997,1,0.9577290190828851,0.06372848948374761,0,0
USNM_1606826,CBDDTY010001307.1,7216,1.4963968957871396,1,0.9568592014675878,0.29310344827586204,0,0
USNM_1606826,CBDDTY010001665.1,7215,1.7527373527373526,1,1.1441006844301729,4.452690166975882,0,0
USNM_1606826,CBDDTY010000392.1,7202,1.8547625659539018,1,1.3418623588856309,4.708718446601941,0,0
USNM_1606826,CBDDTY010001026.1,7197,1.519522023065166,1,0.9101144913712902,10.881321961620468,0,0
USNM_1606826,CBDDTY010001056.1,7190,1.7408901251738527,1,1.2366566047624143,0.6195545314900154,0,0
USNM_1606826,CBDDTY010001093.1,7186,1.6770108544391873,1,1.4003350922742053,0.5157833655705996,33,0.45922627330921234
USNM_1606826,CBDDTY010001707.1,7186,1.3993876983022544,1,0.7546429984417011,2.7264325323475047,0,0
USNM_1606826,CBDDTY010000591.1,7179,1.4609277058086085,1,1.107975986174916,1.151285140562249,0,0
USNM_1606826,CBDDTY010001709.1,7178,1.4190582334912232,1,0.771828129514698,7.64974609375,0,0
USNM_1606826,CBDDTY010000983.1,7177,1.415215271004598,1,0.7321509000290607,4.447927786499215,0,0
USNM_1606826,CBDDTY010002829.1,7159,1.5636262047772036,1,0.926222884945224,0.08976660682226212,0,0
USNM_1606826,CBDDTY010002241.1,7151,1.4157460495035659,1,0.7041323575143575,1.8448968105065666,0,0
USNM_1606826,CBDDTY010001526.1,7149,1.9827947964750314,1,1.6046276355915379,9.269144385026738,33,0.46160302140159465
USNM_1606826,CBDDTY010000844.1,7145,2.346116165150455,2,1.576752953801336,4.6208,0,0
USNM_1606826,CBDDTY010000877.1,7119,1.4334878494170529,1,0.8573645472859357,6.753554502369668,0,0
USNM_1606826,CBDDTY010001580.1,7119,1.5555555555555556,1,0.8700132072918719,13.393580952380953,0,0
USNM_1606826,CBDDTY010001276.1,7117,1.2482787691443025,1,0.5737233077016927,0,0,0
USNM_1606826,CBDDTY010003057.1,7115,2.0021082220660578,2,1.1602647449692125,3.473627254509018,0,0
USNM_1606826,CBDDTY010000862.1,7114,1.1883609783525442,1,0.4307191076219932,0.18761726078799248,0,0
USNM_1606826,CBDDTY010001730.1,7106,3.591049817056009,2,4.0713134677077445,2.596477272727273,545,7.669575007036307
USNM_1606826,CBDDTY010000130.1,7104,1.2294481981981982,1,0.5473496529061884,4.133064516129032,0,0
USNM_1606826,CBDDTY010000404.1,7102,1.716136299633906,1,1.1072427875717972,5.154470198675496,0,0
USNM_1606826,CBDDTY010000820.1,7100,2.2185915492957746,2,1.9824112458985157,1.8822040072859745,129,1.816901408450704
USNM_1606826,CBDDTY010002510.1,7100,1.6819718309859155,1,0.9910070627912146,2.1718144329896907,0,0
USNM_1606826,CBDDTY010001221.1,7098,1.3493941955480417,1,0.6552916366583488,0.7331378299120235,0,0
USNM_1606826,CBDDTY010000164.1,7093,1.4698999013111518,1,0.9008067785929379,1.0215761821366025,0,0
USNM_1606826,CBDDTY010001192.1,7079,1.399773979375618,1,0.6749713125220568,0.18315018315018314,0,0
USNM_1606826,CBDDTY010001436.1,7072,1.3062782805429864,1,0.6073841155098709,2.8942115768463075,0,0
USNM_1606826,CBDDTY010001844.1,7068,1.3080079230333899,1,0.6119496284425696,0.4410775047258979,0,0
USNM_1606826,CBDDTY010000765.1,7066,1.2759694310784035,1,0.587660277261988,4.109589041095891,0,0
USNM_1606826,CBDDTY010003456.1,7066,2.552929521652986,2,1.3932759544307345,1.0705902777777778,0,0
USNM_1606826,CBDDTY010000345.1,7062,1.3663268195978477,1,0.6123073897720966,1.551094890510949,0,0
USNM_1606826,CBDDTY010000343.1,7059,1.7138404873211504,1,1.5016736570335432,1.9125683060109289,0,0
USNM_1606826,CBDDTY010001482.1,7056,1.4858276643990929,1,0.8169521034896476,0.1610305958132045,0,0
USNM_1606826,CBDDTY010001876.1,7052,1.3753545093590471,1,0.678648641557358,3.316749585406302,0,0
USNM_1606826,CBDDTY010002521.1,7049,1.4861682508157186,1,0.7907400200398617,1.638875,0,0
USNM_1606826,CBDDTY010003301.1,7047,3.005534269902086,2,2.1813463618911135,0.7420449897750511,68,0.9649496239534554
USNM_1606826,CBDDTY010002030.1,7044,1.440090857467348,1,1.0401371662903192,6.368802281368821,0,0
USNM_1606826,CBDDTY010002270.1,7044,1.5337876206700738,1,0.9478042468175926,11.099838056680161,0,0
USNM_1606826,CBDDTY010000609.1,7043,2.027403095271901,2,1.326959826210527,4.465731707317073,0,0
USNM_1606826,CBDDTY010001643.1,7043,1.3549623739883572,1,0.9316756978369388,4.448745644599303,0,0
USNM_1606826,CBDDTY010001131.1,7040,1.615625,1,1.0541444499597188,0.28682971014492753,0,0
USNM_1606826,CBDDTY010002258.1,7039,2.496377326324762,1,2.8389482906961443,0.20630057803468208,367,5.213808779656201
USNM_1606826,CBDDTY010000185.1,7036,1.9263786242183059,2,1.0071432240157767,8.494935344827587,0,0
USNM_1606826,CBDDTY010000872.1,7034,1.3993460335513221,1,0.6588854982318453,5.425329861111111,0,0
USNM_1606826,CBDDTY010001122.1,7031,3.65851230265965,2,3.7177267109612635,0.4366385135135135,719,10.226141373915516
USNM_1606826,CBDDTY010001323.1,7028,1.7386169607285145,1,1.3396366482545037,2.474429400386847,0,0
USNM_1606826,CBDDTY010002515.1,7028,1.6311895276038701,1,0.8585818755325072,2.74765726681128,0,0
USNM_1606826,CBDDTY010002754.1,7026,3.1648163962425278,2,3.177750555443171,0,433,6.162823797324225
USNM_1606826,CBDDTY010000856.1,7025,1.670747330960854,1,0.9485211016393837,11.130803782505911,0,0
USNM_1606826,CBDDTY010002193.1,7024,1.8167710706150342,1,1.125676936076372,1.608838612368024,0,0
USNM_1606826,CBDDTY010000087.1,7018,1.4036762610430322,1,0.8450903697241987,8.72062176165803,0,0
USNM_1606826,CBDDTY010002821.1,7017,1.8425252957104175,1,1.499286719984847,2.659187898089172,11,0.15676214906655267
USNM_1606826,CBDDTY010002231.1,7009,1.4673990583535454,1,0.8160421283585563,1.292822429906542,0,0
USNM_1606826,CBDDTY010000736.1,7008,1.6519691780821917,1,1.4218700374867472,1.2633451957295374,0,0
USNM_1606826,CBDDTY010000960.1,7008,1.740582191780822,1,1.2050023242684809,2.233009708737864,0,0
USNM_1606826,CBDDTY010000295.1,7005,2.0024268379728767,1,1.3426917239790002,4.76641074856046,0,0
USNM_1606826,CBDDTY010000484.1,7004,1.5902341519131924,1,1.3010377132228597,0.9993577981651376,0,0
USNM_1606826,CBDDTY010000579.1,7002,3.2552127963439017,2,3.0474262659798415,5.80636165577342,444,6.341045415595545
USNM_1606826,CBDDTY010000806.1,6998,1.4122606458988283,1,0.8091964650493922,3.4545050505050505,0,0
USNM_1606826,CBDDTY010000662.1,6994,2.2709465255933656,1,2.8505747984465803,0.24523999999999999,326,4.661138118387189
USNM_1606826,CBDDTY010001659.1,6988,1.4540641099026903,1,0.7253663716780706,0.41946308724832215,0,0
USNM_1606826,CBDDTY010002120.1,6982,1.5048696648524778,1,0.7102231392454759,0.3232758620689655,0,0
USNM_1606826,CBDDTY010001872.1,6976,1.4717603211009174,1,0.8224830647890483,0.8816304347826087,0,0
USNM_1606826,CBDDTY010001457.1,6970,1.2535150645624102,1,0.5495976013860568,3.7796976241900646,0,0
USNM_1606826,CBDDTY010002024.1,6968,1.3267795637198623,1,0.653234209385023,2.4498886414253898,0,0
USNM_1606826,CBDDTY010002386.1,6962,1.6513932777937375,1,1.092407057780534,1.284715909090909,0,0
USNM_1606826,CBDDTY010003314.1,6961,2.05042378968539,2,1.280899762885608,0,0,0
USNM_1606826,CBDDTY010001857.1,6959,1.3710303204483403,1,0.7256638744791655,3.4988713318284423,0,0
USNM_1606826,CBDDTY010001053.1,6955,1.9131560028756291,1,1.8289504788667201,2.086685393258427,61,0.8770668583752697
USNM_1606826,CBDDTY010001712.1,6949,2.4764714347388113,2,1.955293476463058,1.6112937062937063,51,0.7339185494315729
USNM_1606826,CBDDTY010000711.1,6944,1.471774193548387,1,0.9708755921935298,0.635245283018868,0,0
USNM_1606826,CBDDTY010000676.1,6942,1.705416306539902,1,1.5787714475231978,0.9367084639498433,75,1.08038029386344
USNM_1606826,CBDDTY010000074.1,6941,1.3368390721798011,1,0.8917222795300791,0,9,0.12966431349949575
USNM_1606826,CBDDTY010000888.1,6937,1.4853683148335015,1,0.8277870406410969,0.988034321372855,0,0
USNM_1606826,CBDDTY010002404.1,6934,4.4796654167868475,2,5.154956875387066,2.8681289506953225,1145,16.512835304297663
USNM_1606826,CBDDTY010000603.1,6931,1.6570480450151492,1,1.437580699936986,2.880512091038407,53,0.7646804212956284
USNM_1606826,CBDDTY010001594.1,6929,1.2465002164814547,1,0.4783079826913267,0.3968253968253968,0,0
USNM_1606826,CBDDTY010000153.1,6921,1.2917208495882098,1,0.5805139745647324,10.81328227571116,0,0
USNM_1606826,CBDDTY010000922.1,6918,1.770020237062735,1,1.6314771911483652,0.2808988764044944,33,0.47701647875108416
USNM_1606826,CBDDTY010000880.1,6914,1.224616719699161,1,0.5738112932879741,0,0,0
USNM_1606826,CBDDTY010001208.1,6911,1.6902040225727102,1,1.0405474744799605,2.26772131147541,0,0
USNM_1606826,CBDDTY010001493.1,6909,1.305254016500217,1,0.581167893404662,0.6529850746268657,0,0
USNM_1606826,CBDDTY010001262.1,6907,1.97958592732011,1,1.7816730235312686,4.5717110266159695,61,0.8831620095555234
USNM_1606826,CBDDTY010000599.1,6906,1.3000289603243556,1,0.6418135955346922,2.638895833333333,0,0
USNM_1606826,CBDDTY010000847.1,6906,1.7176368375325803,1,1.168584172973823,3.925353535353535,0,0
USNM_1606826,CBDDTY010001452.1,6896,1.339907192575406,1,0.6515733777998215,0.18691588785046728,0,0
USNM_1606826,CBDDTY010001611.1,6890,1.2201741654571843,1,0.4519270188187812,0,0,0
USNM_1606826,CBDDTY010002388.1,6878,2.2566152951439373,2,1.8888741548311643,9.610921348314607,38,0.5524861878453038
USNM_1606826,CBDDTY010000387.1,6877,1.4420532208811982,1,0.6875183860803574,5.161290322580645,0,0
USNM_1606826,CBDDTY010001051.1,6875,1.1450181818181817,1,0.3726183945481887,7.8,0,0
USNM_1606826,CBDDTY010001220.1,6875,1.2782545454545455,1,0.530245941606043,1.1647254575707155,0,0
USNM_1606826,CBDDTY010001578.1,6866,1.6420040780658316,1,1.0455082730424081,3.1155172413793104,0,0
USNM_1606826,CBDDTY010000572.1,6865,1.1919883466860888,1,0.4814385977539649,0.9876481481481482,0,0
USNM_1606826,CBDDTY010001253.1,6865,1.227822286962855,1,0.48426372500927867,7.6502732240437155,0,0
USNM_1606826,CBDDTY010002441.1,6855,1.4032093362509117,1,0.6857941361017443,0,0,0
USNM_1606826,CBDDTY010002220.1,6851,1.5298496569843818,1,1.3991992363280947,0,71,1.0363450591154577
USNM_1606826,CBDDTY010001345.1,6850,1.7055474452554744,1,1.2338658980319626,0.10813148788927336,0,0
USNM_1606826,CBDDTY010001995.1,6849,1.3085121915608118,1,0.553914718759918,2.993204081632653,0,0
USNM_1606826,CBDDTY010001372.1,6845,2.118918918918919,1,1.77287174538912,0.5864074074074074,72,1.051862673484295
USNM_1606826,CBDDTY010001993.1,6842,1.5081847413037124,1,0.8207263990070269,0,0,0
USNM_1606826,CBDDTY010000528.1,6840,2.482894736842105,2,2.5495814084127755,4.764358490566038,252,3.684210526315789
USNM_1606826,CBDDTY010002572.1,6829,1.7046419680773173,1,1.030244370827687,1.7214397496087637,0,0
USNM_1606826,CBDDTY010000608.1,6827,1.9562033103852352,1,1.7367768723014831,3.8419071310116086,26,0.38084077925882526
USNM_1606826,CBDDTY010000665.1,6826,1.307061236448872,1,0.659048003432453,0.9297314049586777,0,0
USNM_1606826,CBDDTY010001424.1,6822,1.5400175901495163,1,0.771370052242965,0.546448087431694,0,0
USNM_1606826,CBDDTY010002833.1,6821,2.684503738454772,2,2.8153603615816576,5.061268292682927,293,4.295557836094415
USNM_1606826,CBDDTY010001379.1,6819,1.3312802463704356,1,0.6092373319508507,0,0,0
USNM_1606826,CBDDTY010001810.1,6818,1.3421824581988853,1,0.6190805436515873,1.3513288288288288,0,0
USNM_1606826,CBDDTY010001572.1,6816,1.3871772300469483,1,0.7931511019760521,1.2958747300215983,0,0
USNM_1606826,CBDDTY010000318.1,6806,1.4230091096091684,1,0.696496614974445,0.5690994371482176,0,0
USNM_1606826,CBDDTY010000959.1,6806,1.3205994710549516,1,0.5655362886480624,0.20161290322580644,0,0
USNM_1606826,CBDDTY010000654.1,6802,1.608350485151426,1,1.2681063695572234,8.241390728476821,22,0.3234342840341076
USNM_1606826,CBDDTY010001990.1,6799,1.716134725694955,1,1.0315799087128001,4.080132450331126,0,0
USNM_1606826,CBDDTY010002751.1,6799,1.936020002941609,2,1.2432322646448717,1.159191919191919,0,0
USNM_1606826,CBDDTY010001309.1,6797,1.6376342504045902,1,1.1990341634272568,2.685616113744076,28,0.4119464469618949
USNM_1606826,CBDDTY010002626.1,6797,1.5706929527732822,1,0.8753442134854528,0.17152658662092624,0,0
USNM_1606826,CBDDTY010000203.1,6794,1.3191050927288783,1,0.6037544050058204,2.7027027027027026,0,0
USNM_1606826,CBDDTY010000276.1,6793,1.5108199617253055,1,1.3997441469062026,3.797313691507799,57,0.8390990725747092
USNM_1606826,CBDDTY010002051.1,6793,1.8683939349330192,1,1.1945809237168996,2.5603625954198472,0,0
USNM_1606826,CBDDTY010001141.1,6784,1.872051886792453,1,1.1864971443898495,3.3997211155378486,0,0
USNM_1606826,CBDDTY010001242.1,6782,1.2707166027720436,1,0.5600582897421846,0.8490566037735849,0,0
USNM_1606826,CBDDTY010003039.1,6778,1.6255532605488345,1,1.0213635201793225,14.318419243986254,0,0
USNM_1606826,CBDDTY010002604.1,6777,1.5461118489006935,1,0.8802100787013083,0.6342494714587738,0,0
USNM_1606826,CBDDTY010002492.1,6773,3.303410600915399,1,4.584790387411738,0.6251313485113835,818,12.077366012106895
USNM_1606826,CBDDTY010001818.1,6771,1.2715994683207799,1,0.5502152899114148,0.5576208178438662,0,0
USNM_1606826,CBDDTY010000424.1,6769,1.328852119958635,1,0.6388217745192265,2.7777777777777777,0,0
USNM_1606826,CBDDTY010000708.1,6769,1.232530654454129,1,0.5832062614747421,6.885964912280702,0,0
USNM_1606826,CBDDTY010001862.1,6764,1.6061502069781195,1,0.8964404737083859,0.8064516129032258,0,0
USNM_1606826,CBDDTY010002135.1,6761,2.136370359414288,1,1.8706020029247692,0.8359247648902821,111,1.641768969087413
USNM_1606826,CBDDTY010002243.1,6754,1.3227716908498668,1,0.5520927585382731,1.0271769383697813,0,0
USNM_1606826,CBDDTY010002294.1,6751,1.3965338468375055,1,0.6456095474093252,1.6666363636363637,0,0
USNM_1606826,CBDDTY010001183.1,6747,1.4627241737068326,1,0.8639582315856408,1.7046234676007006,0,0
USNM_1606826,CBDDTY010000243.1,6739,1.2774892417272592,1,0.5394905303611599,6.286541353383458,0,0
USNM_1606826,CBDDTY010001684.1,6738,1.7855446720094983,1,1.2836598849271765,2.1522843822843822,0,0
USNM_1606826,CBDDTY010000492.1,6733,1.2322887271647112,1,0.42232353047879917,0,0,0
USNM_1606826,CBDDTY010001446.1,6733,1.2768453883855637,1,0.5742493868486885,0.5607476635514018,0,0
USNM_1606826,CBDDTY010000538.1,6726,1.2466547725245316,1,0.5100914317606778,0,0,0
USNM_1606826,CBDDTY010002976.1,6726,1.7578055307760927,1,0.9787683034136196,1.9007116104868913,0,0
USNM_1606826,CBDDTY010001271.1,6725,1.4037174721189591,1,0.6828078144550037,0,0,0
USNM_1606826,CBDDTY010002535.1,6721,1.5764023210831721,1,0.82203810015939,0.37735849056603776,0,0
USNM_1606826,CBDDTY010000742.1,6718,3.6680559690384045,3,3.1259541300232834,6.300387931034483,358,5.328966954450729
USNM_1606826,CBDDTY010002226.1,6717,1.5895489057615007,1,0.8409368918313376,0.5341758241758242,0,0
USNM_1606826,CBDDTY010001104.1,6716,1.6167361524717094,1,0.9892556718479167,0.18614310645724258,0,0
USNM_1606826,CBDDTY010001714.1,6712,2.3739570917759236,1,2.202373643294041,3.901370056497175,98,1.4600715137067939
USNM_1606826,CBDDTY010003059.1,6711,1.6802264938161229,1,0.9413316229686565,0.9892877094972067,0,0
USNM_1606826,CBDDTY010002303.1,6708,1.2827966607036374,1,0.5088357120100636,0,0,0
USNM_1606826,CBDDTY010002777.1,6707,1.5934098702847772,1,0.7883952446428838,0.3722680412371134,0,0
USNM_1606826,CBDDTY010001489.1,6706,1.7475395168505816,1,1.2404795927339018,0.8831965811965812,0,0
USNM_1606826,CBDDTY010002905.1,6705,1.4356450410141686,1,0.7419497184615552,1.307914798206278,0,0
USNM_1606826,CBDDTY010001774.1,6702,2.0135780364070426,2,1.2850525884199329,0.5438260869565217,0,0
USNM_1606826,CBDDTY010002584.1,6699,1.4011046424839528,1,0.6673765309827295,0.36896678966789664,0,0
USNM_1606826,CBDDTY010000849.1,6695,1.5159073935772964,1,0.8248145677639916,5.871670702179177,0,0
USNM_1606826,CBDDTY010000537.1,6694,1.3849716163728711,1,0.6503602817910606,1.0294117647058822,0,0
USNM_1606826,CBDDTY010001159.1,6691,1.9626363772231357,1,2.5537176245963957,2.8105098039215686,293,4.379016589448513
USNM_1606826,CBDDTY010000771.1,6687,1.2726185135337222,1,0.5136509896715387,6.60728285077951,0,0
USNM_1606826,CBDDTY010001687.1,6684,1.3892878515858766,1,0.7397433756948523,1.0040160642570282,0,0
USNM_1606826,CBDDTY010002502.1,6683,1.2744276522519826,1,0.5009269596278991,3.949730700179533,0,0
USNM_1606826,CBDDTY010000501.1,6678,1.4005690326445044,1,0.6876690324343756,0.1949317738791423,0,0
USNM_1606826,CBDDTY010001115.1,6678,1.4642108415693322,1,0.78063909248228,0.1763668430335097,0,0
USNM_1606826,CBDDTY010001881.1,6674,1.1911896913395266,1,0.3932675510123729,16.666666666666668,0,0
USNM_1606826,CBDDTY010002591.1,6673,1.4663569608871572,1,0.7463638010508413,0.18281535648994515,0,0
USNM_1606826,CBDDTY010000735.1,6671,3.431869284964773,2,3.785017108448369,0.5932494758909853,518,7.76495278069255
USNM_1606826,CBDDTY010000480.1,6666,1.36003600360036,1,0.7027876751430361,7.510394190871369,0,0
USNM_1606826,CBDDTY010002462.1,6664,2.041416566626651,2,1.4181648386107542,16.004373333333334,4,0.060024009603841535
USNM_1606826,CBDDTY010002524.1,6664,1.2933673469387754,1,0.5922946670747247,0.19011406844106463,0,0
USNM_1606826,CBDDTY010003400.1,6660,3.0527027027027027,2,2.2964189019954877,0,64,0.960960960960961
USNM_1606826,CBDDTY010002400.1,6647,1.4036407401835413,1,0.7055124395078124,0.37735849056603776,0,0
USNM_1606826,CBDDTY010000320.1,6645,1.6839729119638827,1,1.075725754700673,2.059367816091954,0,0
USNM_1606826,CBDDTY010001268.1,6643,1.3146168899593558,1,0.5789713931897071,6.485355648535565,0,0
USNM_1606826,CBDDTY010000809.1,6640,1.5381024096385543,1,0.94368945909357,1.999981818181818,0,0
USNM_1606826,CBDDTY010001693.1,6639,1.310137068835668,1,0.5464872864149913,0,0,0
USNM_1606826,CBDDTY010000588.1,6634,1.9914078987036479,1,1.653202523705145,0,19,0.28640337654507086
USNM_1606826,CBDDTY010003162.1,6624,1.947312801932367,2,1.1591343127986122,0.20210820895522388,0,0
USNM_1606826,CBDDTY010000338.1,6623,1.9870149479088026,2,1.2694207606545653,10.043388625592417,0,0
USNM_1606826,CBDDTY010002951.1,6622,1.3619752340682574,1,0.6775295355561126,0.4024144869215292,0,0
USNM_1606826,CBDDTY010002219.1,6607,2.1683063417587407,1,2.5777302439179643,0.2049652777777778,228,3.45088542454972
USNM_1606826,CBDDTY010001851.1,6599,1.5788755872101834,1,0.9177029636226613,1.147227533460803,0,0
USNM_1606826,CBDDTY010002136.1,6598,1.354501364049712,1,0.7210452249230801,1.8957345971563981,0,0
USNM_1606826,CBDDTY010001305.1,6597,2.242989237532212,1,2.1726387282975934,8.575140186915888,143,2.167651963013491
USNM_1606826,CBDDTY010000159.1,6596,1.1597938144329898,1,0.46882773162323543,0,0,0
USNM_1606826,CBDDTY010001223.1,6591,1.2724927932028525,1,0.5133428992708651,0.18796992481203006,0,0
USNM_1606826,CBDDTY010002930.1,6589,1.5835483381393232,1,0.8229089929414919,0,0,0
USNM_1606826,CBDDTY010001475.1,6584,1.6006986634264884,1,1.0966672882618447,6.0746448087431695,0,0
USNM_1606826,CBDDTY010002649.1,6579,1.2767897856817145,1,0.6266317465141495,0.03465696465696466,0,0
USNM_1606826,CBDDTY010000956.1,6578,1.603526907874734,1,1.3961435065395544,3.002,45,0.6840985101854667
USNM_1606826,CBDDTY010000750.1,6575,1.4658555133079847,1,0.7856799971462136,14.682539682539682,0,0
USNM_1606826,CBDDTY010002758.1,6574,1.4099482811073927,1,0.6663078353959623,0.25156603773584907,0,0
USNM_1606826,CBDDTY010000088.1,6570,1.4121765601217655,1,0.934433389631129,0.5417399617590822,0,0
USNM_1606826,CBDDTY010003361.1,6570,1.7515981735159818,1,1.117036740303021,0,0,0
USNM_1606826,CBDDTY010002410.1,6569,1.6302329121631907,1,1.0245788582292075,10.700846153846154,0,0
USNM_1606826,CBDDTY010001682.1,6568,1.2268574908647991,1,0.49081441265242426,19.03813627254509,0,0
USNM_1606826,CBDDTY010001197.1,6567,1.6287498096543322,1,1.2572598823667698,3.6214074074074074,0,0
USNM_1606826,CBDDTY010001603.1,6562,1.332368180432795,1,0.6887190593879511,7.419451697127937,0,0
USNM_1606826,CBDDTY010001618.1,6561,1.3499466544734033,1,0.6883749954413967,0,0,0
USNM_1606826,CBDDTY010000519.1,6560,1.3333841463414635,1,0.6048904814759052,1.606860986547085,0,0
USNM_1606826,CBDDTY010002646.1,6559,1.5044976368348835,1,0.7474279695343043,0.20964360587002095,0,0
USNM_1606826,CBDDTY010002550.1,6558,1.4350411710887465,1,0.7475064071397192,0.1937984496124031,0,0
USNM_1606826,CBDDTY010001625.1,6553,2.0093087135663055,1,1.8739438282346086,1.675977653631285,116,1.7701815962154737
USNM_1606826,CBDDTY010000874.1,6547,1.806170765235986,1,1.2759395752691138,1.10666,0,0
USNM_1606826,CBDDTY010001830.1,6543,2.5075653370013753,2,1.985940167399189,0.5566600397614314,16,0.24453614549900657
USNM_1606826,CBDDTY010000656.1,6542,1.8949862427392234,1,1.9116255165944847,2.5893035714285713,125,1.9107306634056864
USNM_1606826,CBDDTY010001052.1,6538,1.3173753441419394,1,0.6102542949947207,12.546825842696629,0,0
USNM_1606826,CBDDTY010001946.1,6534,1.4989286807468625,1,0.7958152931619462,5.450529300567108,0,0
USNM_1606826,CBDDTY010001628.1,6533,2.48798408082045,1,2.6785392240019377,2.148132118451025,244,3.7348844328792286
USNM_1606826,CBDDTY010000870.1,6528,1.5719975490196079,1,0.9446259788511276,1.0330578512396693,0,0
USNM_1606826,CBDDTY010002776.1,6526,1.4882010419859026,1,0.9972061723772404,0.18018018018018017,9,0.13790989886607416
USNM_1606826,CBDDTY010001458.1,6524,1.4779276517473943,1,0.7826712027003114,4.189398907103825,0,0
USNM_1606826,CBDDTY010000643.1,6521,1.2692838521699126,1,0.5584182244823255,10.150375939849624,0,0
USNM_1606826,CBDDTY010001882.1,6521,1.9277718141389357,1,1.3929588781679039,1.0289833641404806,21,0.32203649746971325
USNM_1606826,CBDDTY010003459.1,6520,2.203374233128834,2,1.5844739563954173,2.2454181818181818,38,0.5828220858895705
USNM_1606826,CBDDTY010002139.1,6519,1.2256481055376591,1,0.5487959479120001,0,0,0
USNM_1606826,CBDDTY010002747.1,6516,3.3812154696132595,2,2.9173590800703937,8.01696335078534,352,5.402087170042972
USNM_1606826,CBDDTY010001567.1,6514,1.6619588578446423,1,1.0961480373224066,8.522769679300291,0,0
USNM_1606826,CBDDTY010000824.1,6511,1.391798494854861,1,0.6877825675004335,1.2335361842105264,0,0
USNM_1606826,CBDDTY010002215.1,6507,1.846780390348855,1,1.9635566913089861,5.3969756097560975,177,2.720147533425542
USNM_1606826,CBDDTY010001222.1,6504,1.438191881918819,1,0.849704667468519,0,0,0
USNM_1606826,CBDDTY010000335.1,6500,1.8241538461538462,1,1.3197756017767037,1.7648618784530388,0,0
USNM_1606826,CBDDTY010000621.1,6499,1.4116017848899831,1,0.817435165711308,0.2336448598130841,0,0
USNM_1606826,CBDDTY010000622.1,6499,1.4463763655947068,1,0.7739270577427395,0.32733224222585927,0,0
USNM_1606826,CBDDTY010000734.1,6499,2.0164640713955992,2,1.3163296168736174,9.251710794297352,0,0
USNM_1606826,CBDDTY010002137.1,6499,2.307739652254193,1,1.9119797242416818,6.47342175066313,6,0.09232189567625788
USNM_1606826,CBDDTY010000803.1,6497,2.3972602739726026,2,1.8576857073593154,0.6123738317757009,8,0.12313375404032631
USNM_1606826,CBDDTY010001636.1,6495,1.8069284064665128,1,1.2673124018994537,0.7285974499089253,6,0.09237875288683603
USNM_1606826,CBDDTY010001941.1,6484,1.5700185070943862,1,1.086936125089487,2.3879911373707534,0,0
USNM_1606826,CBDDTY010000270.1,6483,2.2278266234767856,1,1.9523204366835516,3.1551811594202896,48,0.7403979639055993
USNM_1606826,CBDDTY010000693.1,6481,1.356735071748187,1,0.7098544140989547,0.7561760242792109,0,0
USNM_1606826,CBDDTY010002102.1,6477,1.4877257989810098,1,0.7859437426154371,4.054054054054054,0,0
USNM_1606826,CBDDTY010002371.1,6477,1.6317739694302917,1,0.8436059068360529,7.223264150943396,0,0
USNM_1606826,CBDDTY010001043.1,6467,1.460491727230555,1,0.8911233241761333,1.4223194748358863,0,0
USNM_1606826,CBDDTY010002548.1,6466,2.0558304979894833,2,1.4907212469389248,4.255611650485437,13,0.20105165480977422
USNM_1606826,CBDDTY010002317.1,6465,1.3732405259087395,1,0.6799336804919268,0.7380073800738007,0,0
USNM_1606826,CBDDTY010002252.1,6461,1.3279678068410463,1,0.6102879867957562,4.235294117647059,0,0
USNM_1606826,CBDDTY010001562.1,6460,1.4885448916408668,1,0.9294807179352246,20.11718654434251,0,0
USNM_1606826,CBDDTY010002746.1,6452,1.865313081215127,1,1.9188285817840185,0.07946120689655173,151,2.340359578425294
USNM_1606826,CBDDTY010001254.1,6449,1.2329043262521322,1,0.5191998672635176,0.18450184501845018,0,0
USNM_1606826,CBDDTY010002893.1,6445,1.4859581070597363,1,0.766903372969031,0.04681647940074907,0,0
USNM_1606826,CBDDTY010001439.1,6443,2.201458947695173,1,2.238167212049215,5.528743169398907,204,3.16622691292876
USNM_1606826,CBDDTY010002693.1,6443,1.657302498835946,1,0.9846165330117423,0.19120458891013384,0,0
USNM_1606826,CBDDTY010001591.1,6442,1.6744799751629929,1,1.1929503965564214,1.1756373937677054,0,0
USNM_1606826,CBDDTY010001715.1,6439,1.7737226277372262,1,1.169623944778139,7.7642535211267605,0,0
USNM_1606826,CBDDTY010001751.1,6439,1.5702748874048766,1,0.8877642082475335,0.9987453183520599,0,0
USNM_1606826,CBDDTY010002888.1,6437,1.4632592822743513,1,0.6784621429883065,0.945179584120983,0,0
USNM_1606826,CBDDTY010001088.1,6436,2.5907395898073338,1,2.49605774890461,7.824059829059829,194,3.014294592914854
USNM_1606826,CBDDTY010000994.1,6426,2.7359165888577652,1,3.036249233637012,1.9424941724941724,328,5.1042639277933395
USNM_1606826,CBDDTY010001702.1,6421,1.6500545086435134,1,1.0640451001820794,2.9200201612903225,0,0
USNM_1606826,CBDDTY010001657.1,6415,1.7561964146531566,1,0.9685329118455192,0.4789272030651341,0,0
USNM_1606826,CBDDTY010000978.1,6413,1.3759550912209575,1,0.8487056927712563,2.0758602150537633,0,0
USNM_1606826,CBDDTY010002583.1,6412,1.5020274485339988,1,0.7620475872394373,6.889430693069307,0,0
USNM_1606826,CBDDTY010002216.1,6411,1.6872562782717204,1,0.8575578318313151,2.946865284974093,0,0
USNM_1606826,CBDDTY010001140.1,6409,2.025901076611016,1,1.9097007604811216,1.0397526501766785,74,1.1546263067561242
USNM_1606826,CBDDTY010000754.1,6407,1.4524738567192133,1,0.6708876754593152,7.659407008086253,0,0
USNM_1606826,CBDDTY010001976.1,6406,2.3139244458320323,1,2.4049681189793493,0.8346818923327896,201,3.13768342179207
USNM_1606826,CBDDTY010001252.1,6403,1.416211151022958,1,0.7762683268260634,1.1586452762923352,0,0
USNM_1606826,CBDDTY010001023.1,6402,1.8998750390502968,1,1.4227391996383822,1.048703007518797,0,0
USNM_1606826,CBDDTY010000886.1,6401,1.5091391970004686,1,0.7586702343755274,0.5523001949317738,0,0
USNM_1606826,CBDDTY010000879.1,6400,1.31609375,1,0.6054322954528,4.6943231441048034,0,0
USNM_1606826,CBDDTY010001316.1,6392,1.2753441802252816,1,0.5576447334047221,0,0,0
USNM_1606826,CBDDTY010000517.1,6391,1.2938507275856674,1,0.5530040784068446,2.8893446088794925,0,0
USNM_1606826,CBDDTY010001897.1,6390,1.4136150234741784,1,0.7401268005221205,13.270671936758893,0,0
USNM_1606826,CBDDTY010001228.1,6387,1.3457022076092062,1,0.6546336234552651,0.2698987854251012,0,0
USNM_1606826,CBDDTY010001972.1,6387,2.7380616878033504,1,3.000490021669297,2.521630648330059,387,6.059182714889619
USNM_1606826,CBDDTY010001124.1,6386,3.739116818039461,2,4.265748721670974,1.4709593495934958,925,14.484810523019103
USNM_1606826,CBDDTY010001216.1,6384,1.2514097744360901,1,0.6151626485202359,4.063662921348315,0,0
USNM_1606826,CBDDTY010001739.1,6382,1.5728611720463805,1,1.0228251936392707,2.771117764471058,0,0
USNM_1606826,CBDDTY010001582.1,6380,1.4349529780564263,1,0.793649892218027,1.7241379310344827,0,0
USNM_1606826,CBDDTY010003103.1,6379,4.75090139520301,3,5.095377277619603,2.2851765536723163,949,14.87693995924126
USNM_1606826,CBDDTY010000792.1,6373,1.2027302683194727,1,0.4663962919562505,0.35763948497854076,0,0
USNM_1606826,CBDDTY010001105.1,6373,1.1636591871959832,1,0.4332941217509294,0.37037037037037035,0,0
USNM_1606826,CBDDTY010002363.1,6373,1.5309901145457399,1,0.8215866492074174,1.323092105263158,0,0
USNM_1606826,CBDDTY010001460.1,6370,1.468916797488226,1,1.0135171784979689,5.639875,0,0
USNM_1606826,CBDDTY010001986.1,6367,1.329668603738024,1,0.6300449047166833,8.460984682713349,0,0
USNM_1606826,CBDDTY010001597.1,6366,1.224473766886585,1,0.5478268123760125,0,0,0
USNM_1606826,CBDDTY010000547.1,6364,1.2481143934632306,1,0.5278995013274194,0.6134969325153374,0,0
USNM_1606826,CBDDTY010001836.1,6364,1.3005971087366437,1,0.5592306477049663,0.17889087656529518,0,0
USNM_1606826,CBDDTY010000142.1,6361,1.27621443169313,1,0.531358062411597,0.8754863813229572,0,0
USNM_1606826,CBDDTY010002023.1,6361,1.6736362207200126,1,0.9168640834486003,4.030544554455446,0,0
USNM_1606826,CBDDTY010002279.1,6360,1.480188679245283,1,0.8714788314162796,6.924323671497585,0,0
USNM_1606826,CBDDTY010002370.1,6353,1.351959704076814,1,0.8087815124617478,1.5190885416666666,0,0
USNM_1606826,CBDDTY010000139.1,6352,1.1571158690176322,1,0.3783626565991143,15.719305263157894,0,0
USNM_1606826,CBDDTY010002280.1,6348,1.4500630119722748,1,0.7086280896670234,0,0,0
USNM_1606826,CBDDTY010002191.1,6347,1.6317945486056404,1,0.9384210559092706,1.3054280510018215,0,0
USNM_1606826,CBDDTY010002767.1,6346,1.622754491017964,1,0.9122987921346492,0.7675438596491229,0,0
USNM_1606826,CBDDTY010001072.1,6345,1.816548463356974,2,1.1512687235914334,3.378714069591528,6,0.09456264775413711
USNM_1606826,CBDDTY010001343.1,6344,1.6117591424968474,1,1.0626565611925238,1.4041575091575091,0,0
USNM_1606826,CBDDTY010001527.1,6343,1.745546271480372,1,1.517755301276225,0.7883371298405467,26,0.4099006779126596
USNM_1606826,CBDDTY010000360.1,6335,1.4915548539857932,1,0.7525662007002527,14.052478134110787,0,0
USNM_1606826,CBDDTY010001492.1,6334,1.3640669403220713,1,0.6486344211399742,2.7054108216432864,0,0
USNM_1606826,CBDDTY010001362.1,6322,1.4356216387219234,1,0.8257731422999135,0.08090614886731391,0,0
USNM_1606826,CBDDTY010000323.1,6321,1.355639930390761,1,0.7384684626504793,4.77803611738149,0,0
USNM_1606826,CBDDTY010001631.1,6319,1.5318879569552144,1,0.882394776040766,1.628352490421456,0,0
USNM_1606826,CBDDTY010001780.1,6318,1.2423235201012979,1,0.5510222903521437,1.5695067264573992,0,0
USNM_1606826,CBDDTY010001126.1,6317,1.63273705873041,1,0.9273780666864071,0.40160642570281124,0,0
USNM_1606826,CBDDTY010001249.1,6312,2.4440747782002537,1,2.6592894495705357,2.6264450127877237,172,2.7249683143219268
USNM_1606826,CBDDTY010001758.1,6307,1.335024575868083,1,0.6794399233558828,1.9946808510638299,0,0
USNM_1606826,CBDDTY010000272.1,6306,1.468918490326673,1,0.6763722825252688,1.849894291754757,0,0
USNM_1606826,CBDDTY010001541.1,6305,1.7238699444885013,1,1.178154689729068,3.842794117647059,0,0
USNM_1606826,CBDDTY010001463.1,6303,3.029351102649532,1,3.0024207425242073,2.3505339805825245,340,5.394256703157227
USNM_1606826,CBDDTY010000466.1,6301,2.2442469449293765,2,1.8231798469286067,1.4335883905013194,73,1.1585462624980163
USNM_1606826,CBDDTY010001821.1,6299,1.9511033497380537,1,1.3285909793569275,3.7994224924012157,0,0
USNM_1606826,CBDDTY010002281.1,6299,1.3127480552468647,1,0.6053490697236225,2.967032967032967,0,0
USNM_1606826,CBDDTY010001339.1,6298,1.3143855192124485,1,0.6689080162832194,0.5543237250554324,0,0
USNM_1606826,CBDDTY010001417.1,6298,3.698158145442998,2,4.766872587248345,4.163892365456821,667,10.590663702762782
USNM_1606826,CBDDTY010000610.1,6296,1.2428526048284625,1,0.5343897616439204,6.6815144766147,0,0
USNM_1606826,CBDDTY010001182.1,6295,1.553931691818904,1,0.9366186835682899,1.8575255623721882,0,0
USNM_1606826,CBDDTY010001479.1,6295,1.1661636219221605,1,0.39463208873264033,0.3112033195020747,0,0
USNM_1606826,CBDDTY010003231.1,6295,2.142335186656076,2,1.4381909951524796,0,0,0
USNM_1606826,CBDDTY010000369.1,6294,1.6185255799173817,1,1.561956336938827,3.518956158663883,67,1.0645058786145534
USNM_1606826,CBDDTY010001940.1,6292,1.3784170375079465,1,0.6485361325287062,0.8614910536779324,0,0
USNM_1606826,CBDDTY010003247.1,6292,2.5842339478703114,2,2.113845931119402,0.03863987635239567,106,1.6846789574062302
USNM_1606826,CBDDTY010001738.1,6288,1.3223600508905853,1,0.6427800900229536,1.1111111111111112,0,0
USNM_1606826,CBDDTY010000399.1,6281,2.0058907817226554,1,2.2113193903258868,5.164706867671692,203,3.2319694316191687
USNM_1606826,CBDDTY010000182.1,6278,1.744186046511628,1,1.2006823766587373,5.702803030303031,0,0
USNM_1606826,CBDDTY010000381.1,6278,1.2765211850907932,1,0.5372768714759365,2.73109243697479,0,0
USNM_1606826,CBDDTY010002306.1,6274,2.0302837105514824,2,1.3076340916869462,4.0908612440191385,0,0
USNM_1606826,CBDDTY010002150.1,6273,1.2247728359636538,1,0.4579008610471395,1.8828451882845187,0,0
USNM_1606826,CBDDTY010002034.1,6271,1.461489395630681,1,0.6552997888331616,1.1094251134644477,0,0
USNM_1606826,CBDDTY010001719.1,6259,1.2837513979868989,1,0.5544868434001639,0,0,0
USNM_1606826,CBDDTY010001875.1,6258,1.1391818472355386,1,0.42190550245983843,2.4675324675324677,0,0
USNM_1606826,CBDDTY010002376.1,6254,1.3279501119283659,1,0.609427287289231,1.37631221719457,0,0
USNM_1606826,CBDDTY010002018.1,6252,1.5057581573896353,1,0.8770882211122308,0.4139072847682119,0,0
USNM_1606826,CBDDTY010002372.1,6252,1.866122840690979,2,1.0462772192216658,3.91666,0,0
USNM_1606826,CBDDTY010002213.1,6245,2.056044835868695,1,1.5755775563398817,3.4138028169014083,0,0
USNM_1606826,CBDDTY010000412.1,6243,1.6190933845907416,1,0.9067552445192243,0.04770992366412214,0,0
USNM_1606826,CBDDTY010000204.1,6242,1.4453700736943287,1,0.8663140951070527,0,0,0
USNM_1606826,CBDDTY010002161.1,6239,1.3995832665491266,1,0.6972716163995164,1.2195121951219512,0,0
USNM_1606826,CBDDTY010002505.1,6234,2.228424767404556,2,1.5306234478580902,1.5625,0,0
USNM_1606826,CBDDTY010002308.1,6233,1.3157388095620086,1,0.6138937500821439,0.7446808510638298,0,0
USNM_1606826,CBDDTY010001207.1,6229,1.2409696580510516,1,0.5551337655323549,0.9900990099009901,0,0
USNM_1606826,CBDDTY010000720.1,6228,1.6348747591522157,1,1.4172595283823113,0.5952173913043478,38,0.6101477199743095
USNM_1606826,CBDDTY010001411.1,6217,1.5893517773845907,1,0.9379575320834599,0,0,0
USNM_1606826,CBDDTY010000672.1,6211,1.481886974722267,1,0.7798501326621966,1.0392609699769053,0,0
USNM_1606826,CBDDTY010002127.1,6211,1.5060376750925777,1,0.8702012267687813,2.2925764192139737,0,0
USNM_1606826,CBDDTY010002701.1,6208,1.3671069587628866,1,0.6800291932838493,4.030226700251889,0,0
USNM_1606826,CBDDTY010001678.1,6207,1.2908007088770743,1,0.5562327708248508,0,0,0
USNM_1606826,CBDDTY010001481.1,6196,2.418818592640413,1,2.405071509799132,3.1627748691099478,175,2.824402840542285
USNM_1606826,CBDDTY010000723.1,6192,1.4354005167958657,1,0.9353310440501129,1.8726591760299625,1,0.016149870801033594
USNM_1606826,CBDDTY010001975.1,6192,1.552002583979328,1,0.980446462270408,0,0,0
USNM_1606826,CBDDTY010003079.1,6190,1.8090468497576737,2,0.9617245457303916,0.9237264150943396,0,0
USNM_1606826,CBDDTY010000688.1,6189,1.4629180804653417,1,0.7939594690973178,1.2404580152671756,0,0
USNM_1606826,CBDDTY010001696.1,6184,1.2294631306597672,1,0.4713001788446224,0.3976143141153082,0,0
USNM_1606826,CBDDTY010002802.1,6182,1.6693626658039469,1,1.1354032222482082,0.4003152364273205,0,0
USNM_1606826,CBDDTY010001773.1,6181,1.218411260313865,1,0.48088793253014794,0.18382352941176472,0,0
USNM_1606826,CBDDTY010000739.1,6179,2.5505745266224307,1,2.3324718582043795,3.822019230769231,112,1.8125910341479206
USNM_1606826,CBDDTY010002576.1,6175,1.2612145748987855,1,0.5656826892113473,0.7291666666666666,0,0
USNM_1606826,CBDDTY010002228.1,6174,1.3356009070294785,1,0.6392622561052882,2.7522935779816513,0,0
USNM_1606826,CBDDTY010001675.1,6169,1.3421948451937105,1,0.5612062412054736,15.274151436031332,0,0
USNM_1606826,CBDDTY010002357.1,6158,1.7651835011367327,1,0.9211618299094908,0.17767590618336887,0,0
USNM_1606826,CBDDTY010001318.1,6156,1.2076023391812865,1,0.4593436865178805,4.007285974499089,0,0
USNM_1606826,CBDDTY010001434.1,6155,2.070349309504468,1,2.7649360616340424,2.8105575539568344,272,4.419171405361495
USNM_1606826,CBDDTY010000928.1,6152,1.4819570871261378,1,0.8403726438714854,0.7444168734491315,0,0
USNM_1606826,CBDDTY010002295.1,6152,1.9964239271781534,1,1.6456502489085318,1.9076385542168675,2,0.032509752925877766
USNM_1606826,CBDDTY010001390.1,6145,1.5521562245728235,1,0.7997328177313828,11.366190476190477,0,0
USNM_1606826,CBDDTY010002652.1,6134,1.4781545484186502,1,0.7876195034566846,1.8314945054945055,0,0
USNM_1606826,CBDDTY010002141.1,6132,1.3560013046314416,1,0.6767390354239039,2.893317757009346,0,0
USNM_1606826,CBDDTY010002237.1,6132,1.5011415525114156,1,1.0179430849241553,0,0,0
USNM_1606826,CBDDTY010001058.1,6131,3.785516229000163,1,4.670600735473061,11.356743515850145,824,13.43989561246126
USNM_1606826,CBDDTY010002679.1,6131,1.3229489479693362,1,0.542268975326889,0.5411255411255411,0,0
USNM_1606826,CBDDTY010002561.1,6124,1.6164271717831482,1,1.0620152717602527,1.3956818181818182,0,0
USNM_1606826,CBDDTY010002229.1,6122,1.4707611891538712,1,0.8843671482346814,4.932696335078534,0,0
USNM_1606826,CBDDTY010002545.1,6117,1.278894883112637,1,0.5603251253896062,4.364153498871332,0,0
USNM_1606826,CBDDTY010001660.1,6115,1.5813573180703189,1,0.8681733777198468,1.3966480446927374,0,0
USNM_1606826,CBDDTY010000692.1,6114,1.5884854432450115,1,0.9214734194496557,2.2184116331096195,0,0
USNM_1606826,CBDDTY010000353.1,6112,4.34342277486911,1,6.857195850803054,4.120791666666666,624,10.209424083769633
USNM_1606826,CBDDTY010002251.1,6101,1.4686117029995083,1,0.9439400457764224,0.42643923240938164,0,0
USNM_1606826,CBDDTY010002383.1,6101,2.099983609244386,1,1.7586791801655277,15.632591240875913,0,0
USNM_1606826,CBDDTY010001963.1,6098,1.661528369957363,1,1.1196571087904028,7.548970588235294,0,0
USNM_1606826,CBDDTY010000004.1,6097,2.2389699852386418,1,2.70646222660504,1.9967103109656301,298,4.887649663769067
USNM_1606826,CBDDTY010000698.1,6096,1.420767716535433,1,0.6643050495560969,0.780632318501171,0,0
USNM_1606826,CBDDTY010000228.1,6095,1.5734208367514355,1,1.2620859224086642,1.6260162601626016,0,0
USNM_1606826,CBDDTY010001779.1,6095,1.4598851517637408,1,0.7597891853043106,3.936086956521739,0,0
USNM_1606826,CBDDTY010002532.1,6089,1.4179668254228937,1,0.6751738994976533,3.71900826446281,0,0
USNM_1606826,CBDDTY010000897.1,6087,1.539181862986693,1,0.8722551073755317,4.594353612167301,0,0
USNM_1606826,CBDDTY010001596.1,6081,1.3359644795263936,1,0.5605777929029861,0.18281535648994515,0,0
USNM_1606826,CBDDTY010001491.1,6080,1.3101973684210526,1,0.5771556947900678,3.2954545454545454,0,0
USNM_1606826,CBDDTY010002932.1,6075,2.5632921810699587,1,3.094665291930261,0.6947368421052631,446,7.34156378600823
USNM_1606826,CBDDTY010000565.1,6071,1.448361060780761,1,0.7419597799632793,5.774278215223097,0,0
USNM_1606826,CBDDTY010001886.1,6069,1.2560553633217992,1,0.5401008788737878,7.5,0,0
USNM_1606826,CBDDTY010001060.1,6068,1.578444297956493,1,0.7696291819191656,3.9215686274509802,0,0
USNM_1606826,CBDDTY010001264.1,6068,1.626730388925511,1,0.9166288205946456,11.466506666666666,0,0
USNM_1606826,CBDDTY010002178.1,6060,1.3245874587458746,1,0.6223191679762425,0.35799522673031026,0,0
USNM_1606826,CBDDTY010001902.1,6058,1.320732915153516,1,0.6978605889863293,1.714670781893004,0,0
USNM_1606826,CBDDTY010000636.1,6057,1.9167904903417534,1,1.4774875139525794,0.6860220994475138,0,0
USNM_1606826,CBDDTY010001486.1,6056,1.3723579920739761,1,0.6514080192752336,6.834989898989899,0,0
USNM_1606826,CBDDTY010002290.1,6052,1.382848645076008,1,0.6991672560872773,3.466666666666667,0,0
USNM_1606826,CBDDTY010002653.1,6052,1.374256444150694,1,0.6145523774991969,0.4313250517598344,0,0
USNM_1606826,CBDDTY010000577.1,6049,1.3309637956687055,1,0.5703502012176175,13.590909090909092,0,0
USNM_1606826,CBDDTY010001556.1,6047,1.7124193815114932,1,1.377774607382384,1.210930735930736,10,0.165371258475277
USNM_1606826,CBDDTY010001560.1,6047,1.5172812965106663,1,1.0555168384796292,2.3127753303964758,0,0
USNM_1606826,CBDDTY010002765.1,6047,1.610219943773772,1,1.0535048076152,1.4792570281124497,0,0
USNM_1606826,CBDDTY010001331.1,6046,2.3104531921931857,1,2.2928767082815886,6.89565,139,2.2990406880582204
USNM_1606826,CBDDTY010001823.1,6046,1.4910684750248098,1,0.732447509689384,3.658536585365854,0,0
USNM_1606826,CBDDTY010003290.1,6044,1.5526141628060888,1,0.9019687860007608,0,0,0
USNM_1606826,CBDDTY010001845.1,6040,1.3153973509933774,1,0.6726221874970865,2.1483044315992292,0,0
USNM_1606826,CBDDTY010000575.1,6038,1.2620072871811858,1,0.6493462610847325,2.9246360153256705,0,0
USNM_1606826,CBDDTY010002035.1,6033,1.7099287253439417,1,1.7064190360567049,0,102,1.6907011437095973
USNM_1606826,CBDDTY010002461.1,6032,1.5382957559681698,1,0.7938949693837086,0.771307847082495,0,0
USNM_1606826,CBDDTY010001769.1,6029,4.010615359097694,3,3.5960449920397286,5.0173322147651005,629,10.432907613202854
USNM_1606826,CBDDTY010001700.1,6027,1.8926497428239588,1,1.5476470789074717,0.9014197530864198,33,0.5475360876057741
USNM_1606826,CBDDTY010001605.1,6024,1.4399070385126163,1,0.6750020874198687,5.395410199556541,0,0
USNM_1606826,CBDDTY010001970.1,6024,1.325531208499336,1,0.648198732822536,10.968660968660968,0,0
USNM_1606826,CBDDTY010000441.1,6023,1.2128507388344678,1,0.4658952080362862,0.8565310492505354,0,0
USNM_1606826,CBDDTY010002528.1,6019,1.5926233593620203,1,1.0340748588721023,1.465201465201465,0,0
USNM_1606826,CBDDTY010000846.1,6017,1.8452717300980555,1,1.4329511736079368,4.168120950323974,12,0.19943493435266743
USNM_1606826,CBDDTY010001363.1,6014,1.879614233455271,1,1.1919431777574092,3.4291814159292033,0,0
USNM_1606826,CBDDTY010003107.1,6008,1.766977363515313,1,1.4922120844898776,0.3546099290780142,28,0.4660452729693742
USNM_1606826,CBDDTY010000285.1,6007,1.3206259364075246,1,0.6188936729100968,0.49916805324459235,0,0
USNM_1606826,CBDDTY010002517.1,5999,1.353392232038673,1,0.751657994875388,0.13175230566534915,0,0
USNM_1606826,CBDDTY010002292.1,5997,1.881774220443555,1,1.4625168799476589,1.0021995926680245,27,0.4502251125562781
USNM_1606826,CBDDTY010001733.1,5993,1.2222593025196062,1,0.48748534075455185,0,0,0
USNM_1606826,CBDDTY010003015.1,5992,1.843958611481976,2,1.0271803799343087,7.244482142857143,0,0
USNM_1606826,CBDDTY010003047.1,5992,1.8544726301735648,1,1.5387446045469204,0.5562333333333334,0,0
USNM_1606826,CBDDTY010001923.1,5990,1.6135225375626043,1,0.8693501539511522,0.20491803278688525,0,0
USNM_1606826,CBDDTY010001706.1,5989,2.090833194189347,1,1.5998594388805483,2.5607415730337078,0,0
USNM_1606826,CBDDTY010001502.1,5988,1.3724114896459585,1,0.5989136619131137,1.937984496124031,0,0
USNM_1606826,CBDDTY010003097.1,5986,2.1104243234213165,1,1.6794999416009753,0.646551724137931,34,0.5679919812896759
USNM_1606826,CBDDTY010002627.1,5977,1.812447716245608,1,1.7963946624982952,0.8783304042179262,68,1.1376944955663377
USNM_1606826,CBDDTY010000275.1,5974,1.2082356879812521,1,0.43359561486801024,0.9036144578313253,0,0
USNM_1606826,CBDDTY010002724.1,5973,1.6356939561359451,1,0.9430599296454332,0.3076923076923077,0,0
USNM_1606826,CBDDTY010001621.1,5972,1.341929002009377,1,0.6815732657213859,0.21197138314785374,0,0
USNM_1606826,CBDDTY010002790.1,5970,1.6321608040201006,1,0.9734475443320585,2.2721032504780116,0,0
USNM_1606826,CBDDTY010001081.1,5969,1.3427709834143073,1,0.6044809452131019,0,0,0
USNM_1606826,CBDDTY010002132.1,5964,1.631287726358149,1,1.1308935818724517,0,0,0
USNM_1606826,CBDDTY010002478.1,5964,2.0499664654594234,1,2.140429208106988,0.14705882352941177,160,2.682763246143528
USNM_1606826,CBDDTY010001116.1,5961,1.4650226472068444,1,0.7565105807027459,3.1539888682745825,0,0
USNM_1606826,CBDDTY010001366.1,5960,1.60251677852349,1,1.2184850695829093,2.5568181818181817,0,0
USNM_1606826,CBDDTY010001370.1,5956,1.237239758226998,1,0.48828083439432485,0.11037527593818984,0,0
USNM_1606826,CBDDTY010001413.1,5951,1.3014619391698874,1,0.5905669233423827,2.195945945945946,0,0
USNM_1606826,CBDDTY010003330.1,5948,1.949562878278413,2,1.1664029566664555,10.109297423887588,0,0
USNM_1606826,CBDDTY010001888.1,5946,1.7172889337369661,1,0.9510971662323003,0.6443298969072165,0,0
USNM_1606826,CBDDTY010001967.1,5945,1.3574432296047099,1,0.7967625797738783,0.24449877750611246,0,0
USNM_1606826,CBDDTY010001260.1,5943,1.3738852431431936,1,0.7147090213126686,7.498065268065268,0,0
USNM_1606826,CBDDTY010001782.1,5943,1.5204442200908632,1,1.2760424838574331,0.49646808510638296,14,0.23557126030624262
USNM_1606826,CBDDTY010000129.1,5937,2.6659929257200607,2,2.223097022757094,6.494108695652174,112,1.886474650496884
USNM_1606826,CBDDTY010000776.1,5937,1.9359946100724272,1,2.089945041120354,2.940360576923077,125,2.105440458143844
USNM_1606826,CBDDTY010000724.1,5936,1.5587938005390836,1,1.0641972316589507,1.7953861788617886,0,0
USNM_1606826,CBDDTY010001667.1,5934,1.413717559824739,1,0.8704489301901347,7.499973404255319,0,0
USNM_1606826,CBDDTY010001829.1,5932,1.7911328388401888,1,1.0206280434067039,4.632677725118484,0,0
USNM_1606826,CBDDTY010001315.1,5931,1.2888214466363177,1,0.5512898965784473,0.21505376344086022,0,0
USNM_1606826,CBDDTY010002026.1,5931,1.2653852638678131,1,0.48245500531531926,0,0,0
USNM_1606826,CBDDTY010001734.1,5930,1.3099494097807758,1,0.6058567508640457,8.50253807106599,0,0
USNM_1606826,CBDDTY010001766.1,5930,2.2772344013490726,2,1.504489634811489,13.672526315789474,0,0
USNM_1606826,CBDDTY010003340.1,5929,1.8024962050936078,1,0.9834771152371113,0.6329113924050633,0,0
USNM_1606826,CBDDTY010001894.1,5928,1.496288798920378,1,0.7693204460027052,0.22271714922049,0,0
USNM_1606826,CBDDTY010001637.1,5926,2.825514681066487,2,2.5935844957792398,3.0500833333333333,175,2.9530880863989197
USNM_1606826,CBDDTY010002680.1,5923,2.100962350160392,1,1.6394754823555198,9.240506329113924,12,0.20260003376667227
USNM_1606826,CBDDTY010001009.1,5921,1.7564600574227327,1,1.498919396959585,6.271903614457831,25,0.422225975342003
USNM_1606826,CBDDTY010001150.1,5915,1.316821639898563,1,0.6322785511046769,7.32484076433121,0,0
USNM_1606826,CBDDTY010001646.1,5915,1.7568892645815724,1,1.2722425381316398,2.6002158273381295,0,0
USNM_1606826,CBDDTY010001750.1,5915,1.4194420963651733,1,0.6981259225041739,3.3759701492537313,0,0
USNM_1606826,CBDDTY010002577.1,5912,1.4707374830852504,1,0.8231280402794308,1.9138755980861244,0,0
USNM_1606826,CBDDTY010001188.1,5909,1.3878828905060079,1,0.6858385216798077,0,0,0
USNM_1606826,CBDDTY010000878.1,5903,1.9776384889039471,1,1.5821055571582683,5.549139784946236,14,0.23716754192783332
USNM_1606826,CBDDTY010001170.1,5903,2.0072844316449263,1,1.8260830364715996,3.003105095541401,85,1.4399457902761308
USNM_1606826,CBDDTY010001924.1,5899,1.855907780979827,1,1.3707154716957215,5.8209347826086955,0,0
USNM_1606826,CBDDTY010001608.1,5898,1.4513394370973212,1,0.7166394188954153,2.485372807017544,0,0
USNM_1606826,CBDDTY010002753.1,5898,1.3229908443540184,1,0.6296207775085806,0.4140786749482402,0,0
USNM_1606826,CBDDTY010002704.1,5896,1.247964721845319,1,0.512684824930171,0,0,0
USNM_1606826,CBDDTY010002825.1,5893,1.845240115391142,1,1.47339260715518,1.5550912778904664,0,0
USNM_1606826,CBDDTY010000201.1,5891,1.2514004413512136,1,0.5476723312381956,24.122793522267205,0,0
USNM_1606826,CBDDTY010000121.1,5888,1.4748641304347827,1,1.06476848812051,0,0,0
USNM_1606826,CBDDTY010001451.1,5888,1.3960597826086956,1,0.7233620740385719,0.19723865877712032,0,0
USNM_1606826,CBDDTY010001697.1,5888,1.4344429347826086,1,0.8119097113907856,0,0,0
USNM_1606826,CBDDTY010001951.1,5888,1.2209578804347827,1,0.45364982644531276,2.032520325203252,0,0
USNM_1606826,CBDDTY010002118.1,5888,1.4273097826086956,1,0.670280636478941,0.09156593406593407,0,0
USNM_1606826,CBDDTY010002305.1,5883,1.3445520992690805,1,0.6108217238307473,0.20080321285140562,0,0
USNM_1606826,CBDDTY010001387.1,5882,1.3855831349880994,1,0.6390215071700736,2.4691358024691357,0,0
USNM_1606826,CBDDTY010002259.1,5875,1.6968510638297873,1,1.3634094079179062,0.9016229508196721,0,0
USNM_1606826,CBDDTY010002358.1,5875,1.274723404255319,1,0.511128526602487,0.23923444976076555,0,0
USNM_1606826,CBDDTY010001483.1,5873,1.4988932402520008,1,0.8954398176160974,0.5639097744360902,0,0
USNM_1606826,CBDDTY010000825.1,5864,1.7989427012278307,1,1.285585300895602,2.462318271119843,0,0
USNM_1606826,CBDDTY010000985.1,5862,1.4677584442169909,1,0.7153717605807333,0.5458515283842795,0,0
USNM_1606826,CBDDTY010001669.1,5859,1.6226318484383,1,0.9045085487332291,1.717377049180328,0,0
USNM_1606826,CBDDTY010003177.1,5858,3.396893137589621,2,2.9529988246253525,0.6756567425569177,401,6.845339706384432
USNM_1606826,CBDDTY010001745.1,5853,1.6524859046642748,1,1.045541614482996,0.9718469656992085,0,0
USNM_1606826,CBDDTY010002778.1,5853,1.7288569964120963,1,1.3528719390529023,0.8450503018108652,0,0
USNM_1606826,CBDDTY010002230.1,5852,2.3446684894053313,2,1.5691111070247992,4.999884526558891,0,0
USNM_1606826,CBDDTY010000553.1,5849,2.1607112326893487,1,2.5258895928982388,0.265597609561753,202,3.4535818088562147
USNM_1606826,CBDDTY010000363.1,5847,2.16384470668719,1,2.3678568244267235,1.398583916083916,183,3.129810159055926
USNM_1606826,CBDDTY010000452.1,5846,1.3958262059527882,1,0.9517044418519655,1.4108352144469527,2,0.034211426616489904
USNM_1606826,CBDDTY010002394.1,5846,1.486315429353404,1,0.7420413471504128,6.460358306188925,0,0
USNM_1606826,CBDDTY010000954.1,5843,1.5219921273318502,1,0.8760892385632703,3.7433155080213902,0,0
USNM_1606826,CBDDTY010003140.1,5833,1.4457397565575176,1,0.6782780779699463,0,0,0
USNM_1606826,CBDDTY010002615.1,5830,1.3777015437392797,1,0.5945225476360355,0.6741573033707865,0,0
USNM_1606826,CBDDTY010000521.1,5828,3.196636925188744,1,3.7862181339212437,3.012935222672065,420,7.20658888126287
USNM_1606826,CBDDTY010002009.1,5826,1.2857878475798146,1,0.47044189504605677,0.5643340857787811,0,0
USNM_1606826,CBDDTY010002300.1,5826,2.4843803638860282,1,2.4292593623286844,1.9712231759656653,141,2.420185375901133
USNM_1606826,CBDDTY010002620.1,5826,1.322863027806385,1,0.7021358763010515,0.4140786749482402,0,0
USNM_1606826,CBDDTY010002688.1,5824,2.088598901098901,2,1.6500606500665318,0.833894523326572,22,0.37774725274725274
USNM_1606826,CBDDTY010001947.1,5812,1.5934273916035788,1,0.9098278798835893,0,0,0
USNM_1606826,CBDDTY010002017.1,5808,1.3825757575757576,1,0.7299252595742977,14.76608187134503,0,0
USNM_1606826,CBDDTY010001501.1,5805,1.1776055124892335,1,0.38221323908913774,0,0,0
USNM_1606826,CBDDTY010000760.1,5797,1.466103156805244,1,0.7254837359945336,1.4735772357723578,0,0
USNM_1606826,CBDDTY010003349.1,5790,1.7538860103626943,2,0.9185416168078921,2.1610526315789476,0,0
USNM_1606826,CBDDTY010002198.1,5788,1.44488597097443,1,0.7237627310681031,1.9155009823182712,0,0
USNM_1606826,CBDDTY010002748.1,5788,1.3897719419488597,1,0.6528737101331249,8.550739130434783,0,0
USNM_1606826,CBDDTY010000540.1,5787,1.4275099360635908,1,0.7327153824600072,1.3103804347826087,0,0
USNM_1606826,CBDDTY010001456.1,5787,1.2930706756523243,1,0.5728854526052446,3.8366336633663365,0,0
USNM_1606826,CBDDTY010000593.1,5786,1.3686484618043553,1,0.6577340992916613,18.83656509695291,0,0
USNM_1606826,CBDDTY010002095.1,5776,1.181786703601108,1,0.4138561059130699,0.205761316872428,0,0
USNM_1606826,CBDDTY010002848.1,5775,1.2727272727272727,1,0.5479208655741367,0,0,0
USNM_1606826,CBDDTY010002538.1,5771,1.3217813203950788,1,0.6017669084755994,16.610169491525422,0,0
USNM_1606826,CBDDTY010001912.1,5769,1.7926850407349628,1,1.0795388736568527,15.56664,0,0
USNM_1606826,CBDDTY010001073.1,5768,1.3533287101248266,1,0.7257932272339931,4.151996086105675,0,0
USNM_1606826,CBDDTY010001961.1,5766,1.293791189732917,1,0.5588238368112568,2.9558333333333335,0,0
USNM_1606826,CBDDTY010002117.1,5765,2.1684301821335645,1,2.367643260753672,5.11969837587007,194,3.3651344319167387
USNM_1606826,CBDDTY010001557.1,5762,1.268136063866713,1,0.5455680234438837,1.9534413965087283,0,0
USNM_1606826,CBDDTY010001765.1,5758,2.2594650920458492,2,1.5410744292444125,0,0,0
USNM_1606826,CBDDTY010002752.1,5750,1.52,1,0.7803910959604643,0.06038647342995169,0,0
USNM_1606826,CBDDTY010001598.1,5749,1.9777352583057923,1,1.4193188228347486,1.2465702479338843,0,0
USNM_1606826,CBDDTY010002542.1,5745,1.6078328981723238,1,0.7774063548722733,2.092050209205021,0,0
USNM_1606826,CBDDTY010002384.1,5744,1.3346100278551531,1,0.5996225416782325,0.8291791044776119,0,0
USNM_1606826,CBDDTY010001648.1,5743,1.404666550583319,1,0.7210758314197436,1.4256415478615072,0,0
USNM_1606826,CBDDTY010002579.1,5743,1.316733414591677,1,0.5858635852471028,0.24330900243309003,0,0
USNM_1606826,CBDDTY010002466.1,5740,1.3825783972125436,1,0.7536699822792156,3.3854166666666665,0,0
USNM_1606826,CBDDTY010000529.1,5737,2.257625936900819,1,2.7682836114886755,3.7912442396313364,302,5.264075300679798
USNM_1606826,CBDDTY010002130.1,5737,1.4704549416071118,1,0.7743312803734039,3.398120950323974,0,0
USNM_1606826,CBDDTY010002391.1,5735,1.2542284219703574,1,0.49927309574120987,0.11210762331838565,0,0
USNM_1606826,CBDDTY010003313.1,5735,2.9074106364428944,1,2.9892212785442474,0.8599585062240664,333,5.806451612903226
USNM_1606826,CBDDTY010003092.1,5733,1.99284842141985,1,1.5019588736060236,0.8090485436893203,11,0.191871620443049
USNM_1606826,CBDDTY010002703.1,5731,1.2706333973128598,1,0.501524308380602,2.6128266033254155,0,0
USNM_1606826,CBDDTY010003287.1,5731,1.5580177979410226,1,0.848513645743556,0.13966480446927373,0,0
USNM_1606826,CBDDTY010001237.1,5730,1.524083769633508,1,0.8814506323549026,3.5322427983539093,0,0
USNM_1606826,CBDDTY010002632.1,5726,1.3749563395040167,1,0.6749373238357237,1.3043260869565216,0,0
USNM_1606826,CBDDTY010001571.1,5725,1.805414847161572,1,1.4825582821771492,2.6522593320235757,0,0
USNM_1606826,CBDDTY010001071.1,5722,1.730513806361412,1,1.2477178810738805,2.73840206185567,0,0
USNM_1606826,CBDDTY010002736.1,5719,1.440811330652212,1,0.6959778809793328,13.042396449704142,0,0
USNM_1606826,CBDDTY010003138.1,5719,1.3605525441510753,1,0.6240124277300969,4.307123595505618,0,0
USNM_1606826,CBDDTY010000563.1,5717,1.4042329893300682,1,0.7027410047907002,6.067053824362606,0,0
USNM_1606826,CBDDTY010001010.1,5717,2.220920062970089,2,1.3653705987827736,2.1337370242214533,0,0
USNM_1606826,CBDDTY010001604.1,5714,1.3591179558977948,1,0.6371279908733971,2.3399014778325125,0,0
USNM_1606826,CBDDTY010000177.1,5713,2.478732714860844,1,2.890498840644783,0.6618117647058823,203,3.5532994923857872
USNM_1606826,CBDDTY010002629.1,5710,1.3185639229422066,1,0.6488509622654592,0.1201923076923077,0,0
USNM_1606826,CBDDTY010001811.1,5709,1.4030478192327904,1,0.8259104432423158,3.0923614457831325,0,0
USNM_1606826,CBDDTY010000578.1,5703,1.6859547606522882,1,1.0328305085565417,2.8486879432624113,0,0
USNM_1606826,CBDDTY010002819.1,5697,1.3810777602246798,1,0.6501512602946172,0,0,0
USNM_1606826,CBDDTY010003143.1,5696,1.8277738764044944,1,1.5402157228218176,0.3464203233256351,0,0
USNM_1606826,CBDDTY010001613.1,5691,3,1,5.635407770351413,0.9050591327201051,376,6.606923212089264
USNM_1606826,CBDDTY010001971.1,5690,1.328646748681898,1,0.5384545536761262,0,0,0
USNM_1606826,CBDDTY010001673.1,5685,1.2817941952506597,1,0.5405065942866512,0.3588516746411483,0,0
USNM_1606826,CBDDTY010001787.1,5684,2.9173117522871217,2,2.407651614457436,6.015967741935484,175,3.0788177339901477
USNM_1606826,CBDDTY010000098.1,5682,1.8785638859556495,1,1.2809937917117507,1.0500954653937948,0,0
USNM_1606826,CBDDTY010001422.1,5678,1.8825290595280029,1,1.3403302842455682,0.9384070796460177,0,0
USNM_1606826,CBDDTY010000408.1,5677,1.6485819975339087,1,0.9906114139312543,4.561224862888483,0,0
USNM_1606826,CBDDTY010001504.1,5677,1.3707944336797604,1,0.7724189461577098,0,0,0
USNM_1606826,CBDDTY010003433.1,5677,6.169279549057601,6,4.210467223628945,0.7118048780487805,1104,19.44689096353708
USNM_1606826,CBDDTY010002616.1,5674,1.8420867113147692,1,1.5123039470151476,3.289473684210526,12,0.21149101163200562
USNM_1606826,CBDDTY010001540.1,5668,1.296577275935074,1,0.572354949889477,1.9189765458422174,0,0
USNM_1606826,CBDDTY010003407.1,5666,1.9461701376632545,2,0.9641940867330399,14.081026392961876,0,0
USNM_1606826,CBDDTY010000902.1,5665,1.4114739629302737,1,0.7639768961247568,11.745689655172415,0,0
USNM_1606826,CBDDTY010001577.1,5662,1.3442246555987283,1,0.5772135103558949,0,0,0
USNM_1606826,CBDDTY010001340.1,5660,1.3319787985865725,1,0.6270697254833365,0,0,0
USNM_1606826,CBDDTY010001054.1,5652,1.2712314225053079,1,0.5645710234381431,3.3211002444987776,0,0
USNM_1606826,CBDDTY010000146.1,5650,1.6353982300884955,1,0.9437086452278405,5.338541666666667,0,0
USNM_1606826,CBDDTY010001454.1,5647,1.6116522047104658,1,1.331872646913562,3.769153005464481,0,0
USNM_1606826,CBDDTY010002046.1,5644,1.5106307583274274,1,1.3136750011303338,1.3440783410138248,0,0
USNM_1606826,CBDDTY010001476.1,5642,1.686281460475009,1,0.9227105835314551,0.5405405405405406,0,0
USNM_1606826,CBDDTY010001651.1,5641,1.4451338415174615,1,0.7388976027616818,1.0893246187363834,0,0
USNM_1606826,CBDDTY010002910.1,5636,3.0507452093683463,2,3.3888874945585945,0,382,6.777856635911994
USNM_1606826,CBDDTY010002832.1,5634,1.5055023074192404,1,0.8291178645073106,0,0,0
USNM_1606826,CBDDTY010001681.1,5632,1.5736860795454546,1,1.1838176834963199,4.352441613588111,19,0.33735795454545453
USNM_1606826,CBDDTY010002369.1,5632,1.3616832386363635,1,0.7044334377940311,1.0165583173996176,0,0
USNM_1606826,CBDDTY010002422.1,5632,1.3151633522727273,1,0.5755920179647371,0,0,0
USNM_1606826,CBDDTY010001055.1,5627,1.2955393637817665,1,0.5586023831605208,1.1061946902654867,0,0
USNM_1606826,CBDDTY010001130.1,5624,1.5638335704125177,1,1.0460739119397624,2.991439842209073,0,0
USNM_1606826,CBDDTY010001438.1,5623,2.7444424684332205,2,2.6433219934391996,8.11967248908297,140,2.489774141917126
USNM_1606826,CBDDTY010003303.1,5619,3.4725040042712227,2,3.2077830620434375,0.5954690618762475,381,6.780565936999467
USNM_1606826,CBDDTY010003367.1,5618,4.4364542541829834,4,2.323713936895082,2.2250236966824644,128,2.2783908864364544
USNM_1606826,CBDDTY010002484.1,5617,1.1936977034003917,1,0.4590140435964106,0.19305019305019305,0,0
USNM_1606826,CBDDTY010001983.1,5616,1.3577279202279202,1,0.5986515878574004,6.186868686868687,0,0
USNM_1606826,CBDDTY010001989.1,5616,1.6130698005698005,1,0.9184175360640643,0.2818816067653277,0,0
USNM_1606826,CBDDTY010001873.1,5614,1.6056287851799074,1,1.187924134905878,2.375809935205184,0,0
USNM_1606826,CBDDTY010002791.1,5614,1.4294620591378697,1,0.8871438581695407,0.09041591320072333,0,0
USNM_1606826,CBDDTY010003150.1,5614,2.9540434627716423,2,2.556893799009103,5.822014134275618,179,3.188457427858924
USNM_1606826,CBDDTY010000722.1,5604,1.6652391149179158,1,1.059364855020775,1.3565022421524664,0,0
USNM_1606826,CBDDTY010003066.1,5604,1.2930049964311205,1,0.5532319971462665,0.11061946902654868,0,0
USNM_1606826,CBDDTY010000728.1,5599,1.1914627612073585,1,0.4966396404570741,2.6607538802660753,0,0
USNM_1606826,CBDDTY010000958.1,5598,1.3754912468738836,1,0.6053063844227043,3.45679012345679,0,0
USNM_1606826,CBDDTY010002248.1,5598,2.086459449803501,2,1.4478088171321912,2.2472903225806453,0,0
USNM_1606826,CBDDTY010002710.1,5595,1.2668453976764968,1,0.5503922970015799,0,0,0
USNM_1606826,CBDDTY010002994.1,5592,2.1773962804005724,2,1.179932887347717,0,0,0
USNM_1606826,CBDDTY010001856.1,5589,1.4460547504025765,1,0.6830320926000052,0.21505376344086022,0,0
USNM_1606826,CBDDTY010002111.1,5585,1.9188898836168309,1,1.6685538149318109,0.22727272727272727,22,0.3939122649955237
USNM_1606826,CBDDTY010002312.1,5580,1.7369175627240143,1,1.943077526661074,0.8498583569405099,110,1.971326164874552
USNM_1606826,CBDDTY010002390.1,5580,1.5207885304659499,1,0.7977595139278302,1.4344262295081966,0,0
USNM_1606826,CBDDTY010002564.1,5574,1.4219590958019375,1,0.7899367297985613,4.0201005025125625,0,0
USNM_1606826,CBDDTY010000522.1,5573,1.5415395657635027,1,1.1114842645644278,0.8761124694376528,0,0
USNM_1606826,CBDDTY010002264.1,5572,2.1557788944723617,2,1.3550191186807312,15.616989619377163,0,0
USNM_1606826,CBDDTY010002481.1,5568,1.8096264367816093,1,1.2005779716278562,7.730025062656642,0,0
USNM_1606826,CBDDTY010002566.1,5568,1.3230962643678161,1,0.6452420575319229,0.2159827213822894,0,0
USNM_1606826,CBDDTY010001484.1,5566,1.6554078332734459,1,0.8819923766225024,0,0,0
USNM_1606826,CBDDTY010002103.1,5564,2.062005751258088,1,1.6000184260924415,0.7221346469622332,0,0
USNM_1606826,CBDDTY010000650.1,5563,1.6669063454970339,1,1.7161886232416441,9.150203488372092,73,1.3122415962610103
USNM_1606826,CBDDTY010002592.1,5563,1.2380010785547366,1,0.5163432143385277,0,0,0
USNM_1606826,CBDDTY010000520.1,5561,1.419349037942816,1,0.8234510249921819,1.4897206703910615,0,0
USNM_1606826,CBDDTY010002194.1,5553,1.616063389159013,1,1.0105216597379467,4.662004662004662,0,0
USNM_1606826,CBDDTY010001028.1,5552,1.7804394812680115,2,0.9362065727350078,6.142889908256881,0,0
USNM_1606826,CBDDTY010001686.1,5551,1.2671590704377589,1,0.5063209640692361,4.194786516853933,0,0
USNM_1606826,CBDDTY010002072.1,5545,1.2416591523895402,1,0.5029094169305729,0.44150110375275936,0,0
USNM_1606826,CBDDTY010001624.1,5539,2.3621592345188662,1,3.422872225939682,1.3681592039800996,219,3.9537822711680812
USNM_1606826,CBDDTY010001495.1,5534,1.3614022406938924,1,0.8063093329462381,0.7109004739336493,0,0
USNM_1606826,CBDDTY010001683.1,5533,1.5230435568407736,1,0.9293860803523148,0.9843788187372708,0,0
USNM_1606826,CBDDTY010001991.1,5533,1.306524489427074,1,0.7339675246050907,0.3469004524886878,0,0
USNM_1606826,CBDDTY010001545.1,5531,2.7291629000180797,1,3.378591412415579,7.209970326409495,275,4.971976134514555
USNM_1606826,CBDDTY010001735.1,5531,1.2372084613993852,1,0.5366803222497126,0.6854112554112554,0,0
USNM_1606826,CBDDTY010000901.1,5529,1.2504973774642794,1,0.5578120913635174,4.298941798941799,0,0
USNM_1606826,CBDDTY010002014.1,5524,1.3522809558291093,1,0.5483108656150629,6.900452488687783,0,0
USNM_1606826,CBDDTY010000653.1,5519,1.6983149121217611,1,1.0547442250773167,4.376030150753769,0,0
USNM_1606826,CBDDTY010002236.1,5519,1.2118137343721689,1,0.5114473816148977,1.9406392694063928,0,0
USNM_1606826,CBDDTY010002445.1,5515,1.384043517679057,1,0.6666570315166656,1.0309278350515463,0,0
USNM_1606826,CBDDTY010003135.1,5514,1.4410591222343128,1,0.7586904111579221,0,0,0
USNM_1606826,CBDDTY010001494.1,5512,1.5602322206095791,1,0.835607809076302,10.187475,0,0
USNM_1606826,CBDDTY010000339.1,5511,1.6911631282888768,1,1.0693179844121372,2.76689453125,0,0
USNM_1606826,CBDDTY010000834.1,5511,1.5487207403375067,1,0.8616310537675532,1.0975609756097562,0,0
USNM_1606826,CBDDTY010002233.1,5511,1.7452367991290147,1,1.2793425365978666,0.3266202783300199,8,0.14516421702050444
USNM_1606826,CBDDTY010002421.1,5508,1.4891067538126361,1,0.7931459617603537,2.704326923076923,0,0
USNM_1606826,CBDDTY010000751.1,5505,1.3193460490463216,1,0.5919441089194193,0,0,0
USNM_1606826,CBDDTY010001235.1,5505,1.2399636693914624,1,0.5364626266969934,0.3456221198156682,0,0
USNM_1606826,CBDDTY010002267.1,5498,2.2175336485994905,2,1.5578020645705895,5.999132653061224,0,0
USNM_1606826,CBDDTY010001801.1,5497,1.6305257413134437,1,1.0655890134218733,13.704475374732334,0,0
USNM_1606826,CBDDTY010002824.1,5492,2.3712672978878366,1,2.5880237029893824,0.731503006012024,250,4.552075746540423
USNM_1606826,CBDDTY010000114.1,5490,1.5049180327868852,1,0.9382819227179631,1.8398181818181818,0,0
USNM_1606826,CBDDTY010001018.1,5486,1.90521327014218,1,1.2638087519944838,0.5635990338164251,0,0
USNM_1606826,CBDDTY010001840.1,5486,1.3434196135617937,1,0.6904739825073226,5.769230769230769,0,0
USNM_1606826,CBDDTY010002677.1,5486,1.4721108275610646,1,0.7533859099917403,0,0,0
USNM_1606826,CBDDTY010000257.1,5482,2.132980663991244,1,1.6546395324891447,2.925183673469388,0,0
USNM_1606826,CBDDTY010001449.1,5482,2.0383071871579714,1,1.3300421538902922,7.018839285714286,0,0
USNM_1606826,CBDDTY010002665.1,5482,1.2944180955855527,1,0.5651835438076807,0.25,0,0
USNM_1606826,CBDDTY010000524.1,5479,1.5320313925898887,1,0.9806570740749663,0.9345794392523364,0,0
USNM_1606826,CBDDTY010001815.1,5475,1.7528767123287672,1,0.9597910151688412,0.06329113924050633,0,0
USNM_1606826,CBDDTY010001215.1,5472,1.3276681286549707,1,0.8156183163961418,1.8770291262135923,0,0
USNM_1606826,CBDDTY010002709.1,5472,2.1133040935672516,1,2.1150318672075112,0.228310502283105,18,0.3289473684210526
USNM_1606826,CBDDTY010001102.1,5470,1.6212065813528336,1,0.8940121031743627,1.0461904761904761,0,0
USNM_1606826,CBDDTY010001450.1,5467,1.5269800621913299,1,1.031410321964626,2.5510204081632653,0,0
USNM_1606826,CBDDTY010002364.1,5465,1.3363220494053065,1,0.6073970689259781,0.7494646680942184,0,0
USNM_1606826,CBDDTY010002648.1,5464,1.2886163982430454,1,0.5187059081422041,0.23696682464454977,0,0
USNM_1606826,CBDDTY010000664.1,5460,2.1023809523809525,1,2.0628416850255906,0.3614349775784753,120,2.197802197802198
USNM_1606826,CBDDTY010002015.1,5460,1.5913919413919413,1,0.9869449552095393,0.18559020044543428,0,0
USNM_1606826,CBDDTY010000667.1,5457,1.7128458860179585,1,1.139872329067795,9.509345794392523,0,0
USNM_1606826,CBDDTY010001855.1,5457,1.3883085944658238,1,0.6640890846690938,0.22371364653243847,0,0
USNM_1606826,CBDDTY010002772.1,5453,1.3427471116816432,1,0.6117589544836,0.19723865877712032,0,0
USNM_1606826,CBDDTY010002356.1,5449,2.4582492200403743,2,1.830498661104076,3.5416447368421053,0,0
USNM_1606826,CBDDTY010000733.1,5447,1.2774004038920506,1,0.582497817383498,3.7796976241900646,0,0
USNM_1606826,CBDDTY010002689.1,5446,1.3764230627983842,1,0.7333499523866068,0,0,0
USNM_1606826,CBDDTY010000725.1,5441,1.7412240396985847,1,1.2735750000935018,0.5423160173160173,27,0.4962323102370888
USNM_1606826,CBDDTY010001312.1,5441,2.2367211909575446,1,2.0813025786525228,4.765819397993311,79,1.4519389818048152
USNM_1606826,CBDDTY010000896.1,5437,1.4035313592054441,1,0.7508460028507309,6.7724761904761905,0,0
USNM_1606826,CBDDTY010002562.1,5437,1.1419900680522348,1,0.39876180403169603,0,0,0
USNM_1606826,CBDDTY010002578.1,5432,1.5314801178203241,1,0.9327030525960497,1.2820512820512822,0,0
USNM_1606826,CBDDTY010001645.1,5431,2.318909961333088,1,4.300020299471788,1.5853791469194314,301,5.542257411158166
USNM_1606826,CBDDTY010001566.1,5428,1.3266396462785557,1,0.5710715389733705,1.338432122370937,0,0
USNM_1606826,CBDDTY010000388.1,5427,1.6674037221300904,1,1.113256888182943,0.9286217008797654,0,0
USNM_1606826,CBDDTY010001420.1,5422,1.5892659535226854,1,1.2123918435812762,2.043630952380952,0,0
USNM_1606826,CBDDTY010001771.1,5419,2.2168296733714707,1,2.7076115021992604,2.4667175572519082,206,3.8014393799594024
USNM_1606826,CBDDTY010003095.1,5415,1.494921514312096,1,0.8359765134271236,22.184266211604097,0,0
USNM_1606826,CBDDTY010001770.1,5408,1.7577662721893492,1,1.532381133870733,2.696078431372549,2,0.03698224852071006
USNM_1606826,CBDDTY010000097.1,5407,1.6317736267801,1,1.3524249121390515,2.403711111111111,0,0
USNM_1606826,CBDDTY010001232.1,5406,1.3627450980392157,1,0.6723915733335263,6.506024096385542,0,0
USNM_1606826,CBDDTY010000804.1,5405,1.3678075855689176,1,0.6014414156352539,0.8695652173913043,0,0
USNM_1606826,CBDDTY010000947.1,5405,1.1833487511563368,1,0.43088168683995737,0.26666666666666666,0,0
USNM_1606826,CBDDTY010001199.1,5401,1.4075171264580633,1,0.7544994421942569,0.2457002457002457,0,0
USNM_1606826,CBDDTY010002129.1,5398,1.4725824379399777,1,0.6821586409997784,3.6137440758293837,0,0
USNM_1606826,CBDDTY010002667.1,5398,1.768247499073731,1,1.3321106322612686,1.4816546762589928,0,0
USNM_1606826,CBDDTY010002453.1,5393,1.4995364361208974,1,0.8157673792915195,0.37414285714285717,0,0
USNM_1606826,CBDDTY010000283.1,5384,1.6171991084695394,1,1.0981929462004723,1.7045454545454546,0,0
USNM_1606826,CBDDTY010002741.1,5384,1.7741456166419018,1,1.4810312837190056,0.5112474437627812,41,0.7615156017830609
USNM_1606826,CBDDTY010001883.1,5381,1.3146255342873072,1,0.5322916316501985,10.059171597633137,0,0
USNM_1606826,CBDDTY010002785.1,5377,1.3373628417333085,1,0.6071902694125656,2.4025974025974026,0,0
USNM_1606826,CBDDTY010000232.1,5375,1.3813953488372093,1,0.7829286120411038,1.0017574692442883,0,0
USNM_1606826,CBDDTY010001549.1,5371,1.8782349655557624,1,1.59482202573099,3.9667220902612828,41,0.7633587786259541
USNM_1606826,CBDDTY010001371.1,5366,1.274692508386135,1,0.5567686096949329,0.8241758241758241,0,0
USNM_1606826,CBDDTY010000939.1,5365,1.8370922646784715,1,1.2797990671871267,1.2054901960784314,0,0
USNM_1606826,CBDDTY010001559.1,5365,1.9123951537744641,1,2.3391915004740436,3.6911141304347828,238,4.436160298229264
USNM_1606826,CBDDTY010001311.1,5363,1.7229162782024987,1,1.4619540038596084,0.08868073878627968,53,0.9882528435577101
USNM_1606826,CBDDTY010001555.1,5360,1.5136194029850747,1,0.7697157652779543,0,0,0
USNM_1606826,CBDDTY010001015.1,5353,1.164954231272184,1,0.38403914365788794,2.3696682464454977,0,0
USNM_1606826,CBDDTY010002563.1,5344,1.558570359281437,1,0.7624035151315078,24.640509803921567,0,0
USNM_1606826,CBDDTY010003086.1,5341,1.2287961055982026,1,0.5161096113144937,0,0,0
USNM_1606826,CBDDTY010000940.1,5338,1.6425627575871113,1,1.0906117964654098,5.885068965517242,0,0
USNM_1606826,CBDDTY010002092.1,5338,1.9674035219183215,1,1.8955451167516317,0.45101694915254237,51,0.9554140127388535
USNM_1606826,CBDDTY010002169.1,5329,1.4882717207731282,1,0.9379708009587832,8.307523219814241,0,0
USNM_1606826,CBDDTY010001746.1,5326,2.400675929402929,1,3.1439623206314153,3.4666079295154186,298,5.595193390912505
USNM_1606826,CBDDTY010001606.1,5325,1.4157746478873239,1,0.7445614143711536,1.0061154855643044,0,0
USNM_1606826,CBDDTY010002301.1,5324,1.5441397445529677,1,1.0102450174631132,0.7358278145695364,0,0
USNM_1606826,CBDDTY010002382.1,5324,1.3279489105935387,1,0.5875215013758535,0.6097560975609756,0,0
USNM_1606826,CBDDTY010001797.1,5323,1.5496900244223182,1,0.7454745075213536,1.3198757763975155,0,0
USNM_1606826,CBDDTY010000235.1,5322,1.5505449079293498,1,1.2407071159918472,2.4464831804281344,0,0
USNM_1606826,CBDDTY010003122.1,5320,1.4227443609022556,1,0.7749422083421001,0,0,0
USNM_1606826,CBDDTY010002500.1,5319,2.21225794322241,2,1.4089757389550315,21.94284023668639,0,0
USNM_1606826,CBDDTY010002942.1,5319,1.2378266591464562,1,0.4456444337108117,0,0,0
USNM_1606826,CBDDTY010002896.1,5317,1.5059243934549558,1,0.7377113885883345,0,0,0
USNM_1606826,CBDDTY010000535.1,5315,1.5072436500470368,1,0.7847424321928356,0.6535272045028142,0,0
USNM_1606826,CBDDTY010000867.1,5306,1.237467018469657,1,0.5458767656752727,2.810304449648712,0,0
USNM_1606826,CBDDTY010001040.1,5305,1.7081998114985861,1,0.9102124323383928,8.245356200527704,0,0
USNM_1606826,CBDDTY010002935.1,5304,1.4998114630467572,1,0.7734028406251517,0.5181347150259067,0,0
USNM_1606826,CBDDTY010002839.1,5303,1.9603997737129926,1,1.4195171843554577,0.5543018018018018,0,0
USNM_1606826,CBDDTY010002419.1,5298,1.3869384673461684,1,0.8101648147044852,0.2506265664160401,0,0
USNM_1606826,CBDDTY010000638.1,5297,1.1723617141778364,1,0.40006460839521224,1.2387387387387387,0,0
USNM_1606826,CBDDTY010001978.1,5296,2.0721299093655587,1,1.595937144188528,1.1561818181818182,8,0.1510574018126888
USNM_1606826,CBDDTY010001306.1,5290,1.3820415879017014,1,0.674592788501966,0.2597402597402597,0,0
USNM_1606826,CBDDTY010002717.1,5283,2.012682188150672,1,1.5356516878134652,0.975609756097561,9,0.17035775127768313
USNM_1606826,CBDDTY010001061.1,5282,1.3557364634608102,1,0.5691313281580919,1.6308591885441528,0,0
USNM_1606826,CBDDTY010003168.1,5278,1.3935202728306177,1,0.7189545598640367,1.6098484848484849,0,0
USNM_1606826,CBDDTY010000787.1,5277,1.4553723706651507,1,0.8108368781724726,2.877711111111111,0,0
USNM_1606826,CBDDTY010002151.1,5276,1.2748294162244125,1,0.49134641334793233,0.228310502283105,0,0
USNM_1606826,CBDDTY010002768.1,5262,1.5231851007221588,1,0.7622373526243462,0,0,0
USNM_1606826,CBDDTY010003030.1,5254,1.4651693947468596,1,0.7515611012732205,8.18840579710145,0,0
USNM_1606826,CBDDTY010002570.1,5248,2.4851371951219514,1,2.3985749811896024,2.277227722772277,156,2.972560975609756
USNM_1606826,CBDDTY010001953.1,5247,1.1993520106727653,1,0.6096000633960499,1.6216216216216217,0,0
USNM_1606826,CBDDTY010002412.1,5236,1.2156226126814362,1,0.4494636664365031,1.66270783847981,0,0
USNM_1606826,CBDDTY010000168.1,5230,1.3766730401529637,1,0.6649366696900835,0.44802867383512546,0,0
USNM_1606826,CBDDTY010002901.1,5230,1.3554493307839388,1,0.644529133102599,2.3684210526315788,0,0
USNM_1606826,CBDDTY010000403.1,5222,1.227882037533512,1,0.5227665666703752,7.934281690140845,0,0
USNM_1606826,CBDDTY010002392.1,5222,1.729414017617771,1,0.9676496845788188,10.974063926940639,0,0
USNM_1606826,CBDDTY010002416.1,5218,2.576274434649291,1,2.1468130703487973,4.405286343612334,43,0.82407052510540435
USNM_1606826,CBDDTY010002114.1,5216,1.9100843558282208,1,1.2953808017159119,0.3641344537815126,0,0
USNM_1606826,CBDDTY010000446.1,5211,1.274035693724813,1,0.5736834262742472,5.739503311258278,0,0
USNM_1606826,CBDDTY010002160.1,5211,1.672999424294761,1,0.953908116448009,0.12224938875305623,0,0
USNM_1606826,CBDDTY010000176.1,5209,1.7406411979266654,1,1.180405683016432,8.548207547169811,0,0
USNM_1606826,CBDDTY010002681.1,5207,1.958709429613981,1,1.3693675913864098,0.691221198156682,0,0
USNM_1606826,CBDDTY010003156.1,5207,1.262147109660073,1,0.4661349887737716,0.5995203836930456,0,0
USNM_1606826,CBDDTY010000527.1,5206,1.6941990011525163,1,0.9350846211800802,0.7007386363636363,0,0
USNM_1606826,CBDDTY010002399.1,5205,1.4368876080691642,1,0.7701330004886959,0,0,0
USNM_1606826,CBDDTY010001547.1,5203,1.4512781087833941,1,0.6877294102688003,1.6666666666666667,0,0
USNM_1606826,CBDDTY010002948.1,5195,1.2585178055822908,1,0.5326842588793772,5.198019801980198,0,0
USNM_1606826,CBDDTY010002186.1,5189,1.607246097513972,1,0.8496867247466975,0,0,0
USNM_1606826,CBDDTY010002440.1,5187,1.3341044919992289,1,0.6001665977999749,0.24213075060532688,0,0
USNM_1606826,CBDDTY010002556.1,5185,1.3639344262295081,1,0.5932125959307136,3.061224489795918,0,0
USNM_1606826,CBDDTY010001511.1,5183,2.0532510129268764,1,1.5589102667215102,0.4159305210918114,0,0
USNM_1606826,CBDDTY010003264.1,5181,2.01949430611851,2,1.3701894491141409,0.8501767676767676,0,0
USNM_1606826,CBDDTY010001047.1,5179,2.7217609577138444,1,3.859247659218641,3.39590051457976,308,5.947094033597219
USNM_1606826,CBDDTY010002988.1,5179,1.3102915620776212,1,0.5847226945627683,0,0,0
USNM_1606826,CBDDTY010003033.1,5178,1.4762456546929317,1,0.7954353811175099,0,0,0
USNM_1606826,CBDDTY010001166.1,5175,6.878840579710145,4,7.627045760195568,1.5780869565217392,1186,22.917874396135264
USNM_1606826,CBDDTY010001635.1,5174,1.321608040201005,1,0.6090439312309495,0.7444168734491315,0,0
USNM_1606826,CBDDTY010001523.1,5171,1.9230322954941017,1,1.4588731279331806,0,0,0
USNM_1606826,CBDDTY010002210.1,5166,1.2992644212156408,1,0.6070475428050727,1.4887363834422658,0,0
USNM_1606826,CBDDTY010001564.1,5164,1.173702556158017,1,0.41312685180933434,4.792332268370607,0,0
USNM_1606826,CBDDTY010001418.1,5163,1.3976370327329073,1,0.8657067144363917,12.933884297520661,0,0
USNM_1606826,CBDDTY010000407.1,5158,1.8774718883288095,1,1.4898377391287576,4.951352785145889,16,0.31019775106630476
USNM_1606826,CBDDTY010003239.1,5156,2.395655546935609,2,2.442703765221407,3.0604123711340208,149,2.889837083010085
USNM_1606826,CBDDTY010001834.1,5149,1.5193241406098272,1,1.019366399796299,1.6460987654320989,0,0
USNM_1606826,CBDDTY010001313.1,5146,1.3146132918771862,1,0.6237354290187345,5.082417582417582,0,0
USNM_1606826,CBDDTY010002180.1,5143,1.7553956834532374,1,1.0319938153332462,0.9668232044198894,0,0
USNM_1606826,CBDDTY010002067.1,5142,1.2547646830027226,1,0.5434367760106047,6.901408450704225,0,0
USNM_1606826,CBDDTY010001988.1,5140,1.553112840466926,1,0.8978255493014795,3.450964705882353,0,0
USNM_1606826,CBDDTY010002147.1,5139,1.3492897450865928,1,0.6106656973514027,0.24154589371980675,0,0
USNM_1606826,CBDDTY010001063.1,5135,1.9293086660175267,2,1.2512042540159853,0.6732662192393736,0,0
USNM_1606826,CBDDTY010001008.1,5133,1.3280732515098383,1,0.5781694721400451,0.2457002457002457,0,0
USNM_1606826,CBDDTY010001685.1,5132,1.48460639127046,1,0.8639450635733766,2.5306189555125727,0,0
USNM_1606826,CBDDTY010001409.1,5129,1.4343926691362838,1,0.7770314743197559,2.6027397260273974,0,0
USNM_1606826,CBDDTY010002884.1,5129,1.4534997075453304,1,0.813205133869834,0.6355720338983051,0,0
USNM_1606826,CBDDTY010002087.1,5128,1.4428627145085804,1,0.8282672741709958,0.5691056910569106,0,0
USNM_1606826,CBDDTY010002831.1,5126,1.4623488099882949,1,0.7909529072753726,0.3333333333333333,0,0
USNM_1606826,CBDDTY010002585.1,5124,1.2271662763466042,1,0.4887128210100372,16.77888888888889,0,0
USNM_1606826,CBDDTY010003354.1,5119,1.3102168392264113,1,0.5586674781781965,0,0,0
USNM_1606826,CBDDTY010003013.1,5115,1.367741935483871,1,0.6090950318244936,0.08149144254278728,0,0
USNM_1606826,CBDDTY010001956.1,5114,1.2109894407508799,1,0.6059458944781867,1.366742596810934,0,0
USNM_1606826,CBDDTY010000158.1,5112,1.4890453834115807,1,0.7683560831596751,1.4322656249999999,0,0
USNM_1606826,CBDDTY010002427.1,5112,1.2736697965571204,1,0.4981153985054573,4.393939393939394,0,0
USNM_1606826,CBDDTY010002947.1,5112,2.351525821596244,2,1.7641902025427163,0.2777777777777778,9,0.17605633802816903
USNM_1606826,CBDDTY010001289.1,5111,1.474662492662884,1,0.7155620993070722,0,0,0
USNM_1606826,CBDDTY010001455.1,5107,2.4826708439396907,2,1.7668231369316942,0.19193857965451055,0,0
USNM_1606826,CBDDTY010002722.1,5103,1.3174603174603174,1,0.6881015825227428,1.2820414201183432,0,0
USNM_1606826,CBDDTY010000479.1,5098,1.5015692428403296,1,0.969870558652525,12.31059659090909,0,0
USNM_1606826,CBDDTY010001187.1,5098,1.2381326010200078,1,0.5986884859016487,0.2506265664160401,0,0
USNM_1606826,CBDDTY010002107.1,5091,1.2243174229031624,1,0.5225428048652303,1.2987012987012987,0,0
USNM_1606826,CBDDTY010000092.1,5089,1.0862644920416584,1,0.310054864284837,0,0,0
USNM_1606826,CBDDTY010000482.1,5085,1.3555555555555556,1,0.6730678783847633,0,0,0
USNM_1606826,CBDDTY010002889.1,5082,1.334710743801653,1,0.6013919798935606,11.728383838383838,0,0
USNM_1606826,CBDDTY010000963.1,5079,1.3671982673754677,1,0.848529904880852,0,0,0
USNM_1606826,CBDDTY010000539.1,5077,1.5109316525507188,1,0.8766117985332538,1.4791666666666667,0,0
USNM_1606826,CBDDTY010002080.1,5072,1.4347397476340693,1,0.7702308372096102,1.3064133016627077,0,0
USNM_1606826,CBDDTY010000567.1,5069,1.4385480370881831,1,0.6630553566551902,0.9324009324009324,0,0
USNM_1606826,CBDDTY010001816.1,5068,1.3241910023677979,1,0.6111189630797458,4.477611940298507,0,0
USNM_1606826,CBDDTY010002998.1,5068,1.8818074191002367,1,1.746190567135138,4.924125,28,0.5524861878453038
USNM_1606826,CBDDTY010001866.1,5064,1.6992496050552923,1,1.0139221612245009,0.33860045146726864,0,0
USNM_1606826,CBDDTY010002207.1,5063,1.1465534268220423,1,0.3867770354707367,2.162849872773537,0,0
USNM_1606826,CBDDTY010002660.1,5062,1.4144606874753063,1,0.698385169534723,0.12376237623762376,0,0
USNM_1606826,CBDDTY010001679.1,5058,1.7115460656385924,1,1.092349010817058,10.338933333333333,0,0
USNM_1606826,CBDDTY010001898.1,5057,1.2912794146727309,1,0.5558138885952325,1.5873015873015872,0,0
USNM_1606826,CBDDTY010003023.1,5057,1.8251928020565553,1,1.8612613988001172,0.8935010940919037,89,1.7599367213763102
USNM_1606826,CBDDTY010001498.1,5053,1.2216505046507025,1,0.4452955095369583,0,0,0
USNM_1606826,CBDDTY010001808.1,5053,1.7284781318028895,1,0.951461766254022,9.538181818181819,0,0
USNM_1606826,CBDDTY010001112.1,5052,1.9093428345209817,1,1.8161639786509258,4.114945652173913,48,0.9501187648456058
USNM_1606826,CBDDTY010002721.1,5043,1.685504659924648,1,1.4914279987097205,0.028169014084507043,46,0.9121554630180448
USNM_1606826,CBDDTY010003052.1,5043,1.5389649018441405,1,1.1561104239361915,0.22675736961451248,37,0.7336902637319056
USNM_1606826,CBDDTY010001397.1,5042,1.3169377231257438,1,0.5579906846311187,0,0,0
USNM_1606826,CBDDTY010000037.1,5037,1.5636291443319437,1,1.733245958503612,1.0529482071713148,65,1.2904506650784198
USNM_1606826,CBDDTY010002255.1,5029,1.5462318552396102,1,1.2107399505489889,3.1832846715328467,0,0
USNM_1606826,CBDDTY010002105.1,5026,1.4038997214484679,1,0.6979833873715682,0.12853470437017994,0,0
USNM_1606826,CBDDTY010001761.1,5025,1.3854726368159205,1,0.7020697764727785,1.6839378238341969,0,0
USNM_1606826,CBDDTY010002013.1,5022,1.1612903225806452,1,0.4024805674709404,0.24630541871921183,0,0
USNM_1606826,CBDDTY010002650.1,5022,1.4739147749900439,1,0.7877880457860407,4.691358024691358,0,0
USNM_1606826,CBDDTY010001933.1,5019,1.466427575214186,1,0.7079648564920563,2.5641025641025643,0,0
USNM_1606826,CBDDTY010002938.1,5019,2.3524606495317792,2,1.6049381442867214,13.099502262443439,0,0
USNM_1606826,CBDDTY010000558.1,5017,1.4668128363563884,1,0.8370798164271104,1.065974025974026,0,0
USNM_1606826,CBDDTY010002568.1,5016,1.979665071770335,1,1.6867276061687848,0.9122388059701493,67,1.335725677830941
USNM_1606826,CBDDTY010003299.1,5015,7.4618145563310065,5,7.624102051236068,6.390718870346598,1580,31.505483549351943
USNM_1606826,CBDDTY010002405.1,5013,1.986036305605426,2,1.1602472544328948,2.258325,0,0
USNM_1606826,CBDDTY010002436.1,5012,1.2647645650438946,1,0.48437106716833206,0.26109660574412535,0,0
USNM_1606826,CBDDTY010002142.1,5010,1.5121756487025948,1,0.8057188888289513,0.5968870523415978,0,0
USNM_1606826,CBDDTY010003089.1,5010,1.599001996007984,1,0.9883929102411556,2.7300233100233102,0,0
USNM_1606826,CBDDTY010002071.1,5007,1.2538446175354503,1,0.5025630454827201,11.617647058823529,0,0
USNM_1606826,CBDDTY010003378.1,5006,1.6084698361965641,1,0.9589580674950492,1.4731662269129286,0,0
USNM_1606826,CBDDTY010000307.1,5005,1.3002997002997003,1,0.7047925397382222,9.791666666666666,0,0
USNM_1606826,CBDDTY010002271.1,5004,1.3497202238209431,1,0.6774382393412678,0.2188183807439825,0,0
USNM_1606826,CBDDTY010002559.1,5004,1.462430055955236,1,0.8769982295119965,0.6925207756232687,0,0
USNM_1606826,CBDDTY010002002.1,5003,2.4587247651409156,2,2.169553536509576,0.15215025906735752,107,2.1387167699380374
USNM_1606826,CBDDTY010003085.1,5003,1.4263441934839096,1,0.82027582317738,0.2364066193853428,0,0
USNM_1606826,CBDDTY010000150.1,4997,1.0706423854312588,1,0.2772618742381974,0,0,0
USNM_1606826,CBDDTY010003312.1,4997,1.6041624974984992,1,0.847573825174954,0.20876826722338204,0,0
USNM_1606826,CBDDTY010002633.1,4993,1.399559383136391,1,0.6945124636953214,0,0,0
USNM_1606826,CBDDTY010002599.1,4992,1.7135416666666667,1,1.1208632023756773,0.2670940170940171,0,0
USNM_1606826,CBDDTY010002531.1,4991,1.3734722500500902,1,0.6853531667013303,0.47619047619047616,0,0
USNM_1606826,CBDDTY010001280.1,4989,2.0912006414111044,1,2.737349839457166,0.25906735751295334,266,5.331729805572259
USNM_1606826,CBDDTY010003275.1,4984,2.3677768860353132,1,2.227969946804623,3.786508875739645,85,1.7054574638844304
USNM_1606826,CBDDTY010002964.1,4982,2.370533922119631,2,1.4280575618205833,0.35181236673773986,0,0
USNM_1606826,CBDDTY010000793.1,4978,1.4576134993973484,1,1.0219173838013615,1.71875,0,0
USNM_1606826,CBDDTY010001329.1,4977,1.7584890496282901,1,1.4513620278423927,0.22388059701492538,0,0
USNM_1606826,CBDDTY010000551.1,4973,1.6460888799517395,1,1.63855378102323,20.104688644688643,37,0.7440176955560024
USNM_1606826,CBDDTY010000741.1,4973,3.492660365976272,2,4.992048828799926,1.0044642857142858,396,7.963000201085864
USNM_1606826,CBDDTY010002744.1,4973,2.0611301025537903,1,2.5009015449583676,0,205,4.1222602051075805
USNM_1606826,CBDDTY010001512.1,4970,1.1519114688128773,1,0.3875468514828108,0.28169014084507044,0,0
USNM_1606826,CBDDTY010002126.1,4967,1.2510569760418764,1,0.5830074566399135,19.723243243243243,0,0
USNM_1606826,CBDDTY010000997.1,4965,1.8535750251762337,1,1.7756153978143758,6.688640350877193,63,1.2688821752265862
USNM_1606826,CBDDTY010001579.1,4963,1.4144670562159984,1,0.7549969590500794,6.269113149847095,0,0
USNM_1606826,CBDDTY010003479.1,4963,2.2566995768688294,2,1.4749667632370542,0.14814814814814814,0,0
USNM_1606826,CBDDTY010000810.1,4960,1.115725806451613,1,0.35060325596422387,7.681159420289855,0,0
USNM_1606826,CBDDTY010002480.1,4960,1.6262096774193548,1,1.169018694026904,3.023033033033033,0,0
USNM_1606826,CBDDTY010000894.1,4959,1.2450090744101634,1,0.5205177036652001,13.317757009345794,0,0
USNM_1606826,CBDDTY010001948.1,4956,1.2653349475383373,1,0.5102549854227355,0,0,0
USNM_1606826,CBDDTY010002690.1,4955,2.37941473259334,1,2.020119846726969,0,25,0.5045408678102926
USNM_1606826,CBDDTY010000893.1,4953,1.234807187563093,1,0.46914472951774017,0.15432098765432098,0,0
USNM_1606826,CBDDTY010002770.1,4953,1.7849788007268321,1,1.2337802626174932,3.9657073954983924,0,0
USNM_1606826,CBDDTY010001848.1,4947,3.0192035577117444,1,4.271402560590297,3.5135135135135136,431,8.712350919749342
USNM_1606826,CBDDTY010001858.1,4947,1.1801091570648878,1,0.523704714310633,1.52668,0,0
USNM_1606826,CBDDTY010000160.1,4945,1.1751263902932254,1,0.4142341321805375,0.36101083032490977,0,0
USNM_1606826,CBDDTY010001622.1,4944,1.6595873786407767,1,1.1181548156840502,3.5002279202279203,0,0
USNM_1606826,CBDDTY010001893.1,4944,1.674757281553398,1,1.0743180899685705,0.18083182640144665,0,0
USNM_1606826,CBDDTY010000497.1,4940,1.611336032388664,1,1.2013157717079086,1.50740614334471,0,0
USNM_1606826,CBDDTY010001206.1,4938,1.2019036046982583,1,0.40146130332425445,1.5151515151515151,0,0
USNM_1606826,CBDDTY010001132.1,4936,1.913290113452188,1,1.9340121176029281,1.326849710982659,106,2.147487844408428
USNM_1606826,CBDDTY010001001.1,4934,1.3188082691528171,1,0.7225642156496577,3.1446540880503147,0,0
USNM_1606826,CBDDTY010003004.1,4931,1.2889880348813627,1,0.4936086537959429,0.5605381165919282,0,0
USNM_1606826,CBDDTY010002474.1,4930,1.2685598377281948,1,0.5012515832346532,0,0,0
USNM_1606826,CBDDTY010001069.1,4928,1.3825081168831168,1,0.6512968436760366,0.5582057416267943,0,0
USNM_1606826,CBDDTY010000911.1,4926,1.4366626065773447,1,0.9550016592594225,0.9671179883945842,0,0
USNM_1606826,CBDDTY010002553.1,4926,1.424888347543646,1,0.7472057849034138,0.23980815347721823,0,0
USNM_1606826,CBDDTY010001777.1,4924,1.4421202274573517,1,0.7192125979748896,5.601710213776722,0,0
USNM_1606826,CBDDTY010002200.1,4920,1.6723577235772358,1,1.0160173464581315,1.7819642857142857,0,0
USNM_1606826,CBDDTY010002869.1,4918,1.4375762505083367,1,0.766432205738179,0,0,0
USNM_1606826,CBDDTY010001427.1,4915,1.397761953204476,1,0.6958472349126801,1.6348773841961852,0,0
USNM_1606826,CBDDTY010003088.1,4915,1.5092573753814853,1,1.1578973397383934,0.7263922518159807,20,0.40691759918616477
USNM_1606826,CBDDTY010000507.1,4913,1.6454304905353145,1,1.3736364214837984,3.0492737430167596,29,0.5902707103602687
USNM_1606826,CBDDTY010000903.1,4912,1.8548452768729642,1,1.356260676374068,2.232846889952153,0,0
USNM_1606826,CBDDTY010002428.1,4912,1.559242671009772,1,0.9723064525434022,1.561263616557734,0,0
USNM_1606826,CBDDTY010001760.1,4909,1.5709920554084336,1,0.7458810104857283,0.7677543186180422,0,0
USNM_1606826,CBDDTY010002554.1,4904,2.085848287112561,1,2.45617752827497,0.2879581151832461,161,3.2830342577487763
USNM_1606826,CBDDTY010000811.1,4902,1.6907384740922073,1,1.2613216743540985,6.235011990407674,0,0
USNM_1606826,CBDDTY010000651.1,4899,1.1653398652786282,1,0.39907884673770616,2.095808383233533,0,0
USNM_1606826,CBDDTY010000873.1,4899,1.7742396407430088,1,1.289014190468922,2.5305733944954127,3,0.0612369871402327
USNM_1606826,CBDDTY010002854.1,4896,3.7116013071895426,3,2.4776335972530945,0.5780346820809249,116,2.369281045751634
USNM_1606826,CBDDTY010002380.1,4891,1.8613780413003476,1,1.2761789779025576,2.2535211267605635,0,0
USNM_1606826,CBDDTY010001085.1,4890,1.3042944785276074,1,0.6042749824696731,2.103960396039604,0,0
USNM_1606826,CBDDTY010002309.1,4890,1.2386503067484662,1,0.50574427716501,0.24937655860349128,0,0
USNM_1606826,CBDDTY010001827.1,4889,1.2198813663325834,1,0.5114538204697389,0.8108108108108109,0,0
USNM_1606826,CBDDTY010000136.1,4885,1.4644831115660184,1,0.8775440166733299,14.583333333333334,0,0
USNM_1606826,CBDDTY010000461.1,4880,1.5489754098360655,1,0.895697497129383,11.063787234042554,0,0
USNM_1606826,CBDDTY010002330.1,4879,2.3631891781102685,2,2.0948417082866886,0.35460106382978723,111,2.2750563640090182
USNM_1606826,CBDDTY010000780.1,4874,1.5313910545752976,1,0.9723973316622385,0.4838709677419355,0,0
USNM_1606826,CBDDTY010002906.1,4872,1.5899014778325122,1,0.9569488003596772,1.7038250428816466,0,0
USNM_1606826,CBDDTY010002040.1,4867,1.9788370659543866,1,1.4304552646763549,5.693069306930693,0,0
USNM_1606826,CBDDTY010002784.1,4866,1.4009453349773942,1,0.6930510543369773,3.80794701986755,0,0
USNM_1606826,CBDDTY010002397.1,4865,1.3206577595066804,1,0.599440167683067,0.5305039787798409,0,0
USNM_1606826,CBDDTY010001095.1,4863,1.2699979436561792,1,0.5514448879205479,3.074433656957929,0,0
USNM_1606826,CBDDTY010003363.1,4863,1.9800534649393378,2,1.1825434999125142,6.18703237410072,0,0
USNM_1606826,CBDDTY010002037.1,4862,1.530234471410942,1,0.7865166372265419,0.14124293785310735,0,0
USNM_1606826,CBDDTY010002853.1,4861,1.175272577658918,1,0.488271445923514,0.6637168141592921,0,0
USNM_1606826,CBDDTY010000333.1,4859,1.4249845647252521,1,0.7972016302310045,2.4539877300613497,0,0
USNM_1606826,CBDDTY010001176.1,4856,2.3760296540362438,1,1.8519547304764923,0.4424778761061947,0,0
USNM_1606826,CBDDTY010002783.1,4856,1.2259060955518946,1,0.41822069604864526,0.6702412868632708,0,0
USNM_1606826,CBDDTY010003027.1,4855,1.3826982492276003,1,0.6161784367132954,1.0357627118644068,0,0
USNM_1606826,CBDDTY010000683.1,4853,1.3181537193488564,1,0.523316729413341,0,0,0
USNM_1606826,CBDDTY010002469.1,4853,1.8489594065526478,1,1.608041368070751,3.929060606060606,72,1.483618380383268
USNM_1606826,CBDDTY010002091.1,4850,1.4362886597938145,1,1.0602409088874996,0.9930829015544042,0,0
USNM_1606826,CBDDTY010001488.1,4847,1.2457190014441923,1,0.4910147395645663,4.444444444444445,0,0
USNM_1606826,CBDDTY010003064.1,4846,2.8743293437886916,2,2.244151512352883,3.7142857142857144,29,0.5984316962443251
USNM_1606826,CBDDTY010002661.1,4844,1.44364161849711,1,0.7337775679830931,7.2507552870090635,0,0
USNM_1606826,CBDDTY010003476.1,4842,3.8108219743907474,2,4.853795345505494,10.283891509433962,497,10.264353572903758
USNM_1606826,CBDDTY010001109.1,4841,1.4565172485023756,1,0.7403786278411864,1.8928808864265927,0,0
USNM_1606826,CBDDTY010001191.1,4841,1.1735178682090477,1,0.4454185956514936,3.601108033240997,0,0
USNM_1606826,CBDDTY010002418.1,4841,4.1142325965709565,2,3.869509690203899,1.1260613810741689,522,10.782896095847965
USNM_1606826,CBDDTY010002154.1,4837,1.3402935703948728,1,0.6346548372413447,5.612892561983471,0,0
USNM_1606826,CBDDTY010002362.1,4837,1.3911515402108745,1,0.6104177754720845,0.21367521367521367,0,0
USNM_1606826,CBDDTY010000454.1,4832,1.3133278145695364,1,0.5772226826858977,8.69047619047619,0,0
USNM_1606826,CBDDTY010000559.1,4832,1.4639900662251655,1,1.0531059493986854,1.2291973969631236,0,0
USNM_1606826,CBDDTY010000562.1,4830,1.5405797101449274,1,0.9680703241916748,1.9034261838440112,0,0
USNM_1606826,CBDDTY010002406.1,4829,1.3712984054669703,1,0.7619881387333827,3.3251231527093594,0,0
USNM_1606826,CBDDTY010002225.1,4818,1.4736405147364051,1,0.8018496814492982,0.7216288659793815,0,0
USNM_1606826,CBDDTY010000512.1,4817,1.7093626738634005,1,0.9755213853622899,3.6825726141078836,0,0
USNM_1606826,CBDDTY010000673.1,4817,1.1787419555740086,1,0.460910367817547,1.4627659574468086,0,0
USNM_1606826,CBDDTY010001497.1,4815,1.1752855659397716,1,0.4112206293116952,1.13314447592068,0,0
USNM_1606826,CBDDTY010002745.1,4811,1.3602161712741634,1,0.8570055413816237,6.743287356321839,0,0
USNM_1606826,CBDDTY010003180.1,4805,1.349843912591051,1,0.6694400307836862,1.9607843137254901,0,0
USNM_1606826,CBDDTY010001398.1,4804,2.567860116569525,1,2.927142132937257,4.2390869565217395,224,4.6627810158201495
USNM_1606826,CBDDTY010002780.1,4803,1.4472204871955028,1,0.7277692939749683,5.430711610486892,0,0
USNM_1606826,CBDDTY010001868.1,4794,1.3170629954109303,1,0.61859094424842,0.2597402597402597,0,0
USNM_1606826,CBDDTY010002530.1,4790,1.2340292275574112,1,0.4846038945599866,4.420731707317073,0,0
USNM_1606826,CBDDTY010001536.1,4785,1.8242424242424242,1,1.346305787078805,2.5023512747875354,0,0
USNM_1606826,CBDDTY010000555.1,4783,1.278068158059795,1,0.6104775522992183,3.903345724907063,0,0
USNM_1606826,CBDDTY010003112.1,4781,1.4681029073415603,1,0.7588233698053027,0.19901492537313434,0,0
USNM_1606826,CBDDTY010000003.1,4777,1.0755704416998115,1,0.29855846801693037,0,0,0
USNM_1606826,CBDDTY010001573.1,4775,1.4464921465968585,1,0.6831625648095505,4.576659038901602,0,0
USNM_1606826,CBDDTY010001585.1,4775,1.3698429319371728,1,0.627677737960526,10.361842105263158,0,0
USNM_1606826,CBDDTY010001267.1,4774,1.865731043150398,1,2.0110179228014093,0,103,2.1575198994553832
USNM_1606826,CBDDTY010001521.1,4771,1.3190106895828966,1,0.5803320329252626,16.20498614958449,0,0
USNM_1606826,CBDDTY010002525.1,4769,1.721325225414133,1,1.1281779521562254,3.466047197640118,0,0
USNM_1606826,CBDDTY010002639.1,4769,1.3541622981757182,1,0.5721478501333086,0,0,0
USNM_1606826,CBDDTY010001201.1,4768,2.264681208053691,1,2.394226514596351,2.918878504672897,122,2.5587248322147653
USNM_1606826,CBDDTY010000426.1,4767,1.5013635410111181,1,0.8921889249702541,0.8179959100204499,0,0
USNM_1606826,CBDDTY010002735.1,4765,1.4153200419727177,1,0.6886207202939324,0.2849002849002849,0,0
USNM_1606826,CBDDTY010001619.1,4764,1.336481947942905,1,0.6275265016528117,1.1260960960960962,0,0
USNM_1606826,CBDDTY010000817.1,4760,1.8025210084033614,1,1.153884669911171,4.170645933014354,0,0
USNM_1606826,CBDDTY010001407.1,4759,1.3706661063248582,1,0.6961952970569162,2.9285012919896642,0,0
USNM_1606826,CBDDTY010003304.1,4759,1.6152553057364993,1,1.0371952334298427,1.1928934010152283,0,0
USNM_1606826,CBDDTY010001154.1,4757,1.7717048560016817,1,1.4475750054734187,2.7194,21,0.4414546983392895
USNM_1606826,CBDDTY010000557.1,4752,1.3047138047138047,1,0.6668590492249749,1.875,0,0
USNM_1606826,CBDDTY010002134.1,4748,1.356781802864364,1,0.6160571068923341,4.085403899721449,0,0
USNM_1606826,CBDDTY010002876.1,4745,1.7475237091675448,1,1.341195557523514,0.23255813953488372,3,0.06322444678609061
USNM_1606826,CBDDTY010003011.1,4736,1.3224239864864864,1,0.5557909729612028,26.11336032388664,0,0
USNM_1606826,CBDDTY010002814.1,4734,1.2194761301225179,1,0.48098521610513756,1.5748031496062993,0,0
USNM_1606826,CBDDTY010000799.1,4731,1.3253012048192772,1,0.7206353559416999,1.3681592039800996,0,0
USNM_1606826,CBDDTY010000699.1,4729,1.4057940367942483,1,0.8079398247683216,4.733727810650888,0,0
USNM_1606826,CBDDTY010000601.1,4728,1.0934856175972927,1,0.2961852364888238,2.005730659025788,0,0
USNM_1606826,CBDDTY010003158.1,4727,1.263380579648826,1,0.5613242267198022,19.12350597609562,0,0
USNM_1606826,CBDDTY010000445.1,4726,1.7371984765129074,1,1.3005168291187004,1.4660416666666667,0,0
USNM_1606826,CBDDTY010001584.1,4726,2.1385950063478627,1,2.262939057733153,1.837837837837838,132,2.7930596699111296
USNM_1606826,CBDDTY010000147.1,4724,1.3812447078746826,1,0.6687701399814325,4.573170731707317,0,0
USNM_1606826,CBDDTY010002335.1,4722,1.3744176196526896,1,0.6357341762913982,0,0,0
USNM_1606826,CBDDTY010002842.1,4719,1.7005721551176096,1,0.8243214295658305,2.3056126482213437,0,0
USNM_1606826,CBDDTY010001229.1,4716,1.26039016115352,1,0.4998920099931908,30.706521739130434,0,0
USNM_1606826,CBDDTY010000926.1,4715,1.2825026511134676,1,0.6099351511181746,0.4366812227074236,0,0
USNM_1606826,CBDDTY010001283.1,4715,1.8229056203605514,1,1.471488773105847,7.024906542056074,0,0
USNM_1606826,CBDDTY010002694.1,4713,1.4759176745172926,1,1.0312927108053733,3.0326898734177217,0,0
USNM_1606826,CBDDTY010000322.1,4710,2.6218683651804673,1,4.096923716253329,0.1707785888077859,307,6.518046709129512
USNM_1606826,CBDDTY010002319.1,4707,1.8886764393456554,1,1.4983817914074231,1.6620661157024794,0,0
USNM_1606826,CBDDTY010001528.1,4706,1.3200169995750106,1,0.5646426646225166,4.634831460674158,0,0
USNM_1606826,CBDDTY010002937.1,4702,1.224585282858358,1,0.5316684437087145,8.416666666666666,0,0
USNM_1606826,CBDDTY010001263.1,4700,1.2412765957446807,1,0.7048297101331245,4.852941176470588,0,0
USNM_1606826,CBDDTY010000161.1,4697,1.284223972748563,1,0.49948035099998245,2.0408163265306123,0,0
USNM_1606826,CBDDTY010001911.1,4690,1.4842217484008529,1,0.7960411228476768,5.82328313253012,0,0
USNM_1606826,CBDDTY010003292.1,4689,1.3160588611644273,1,0.5121394860679211,4.385964912280702,0,0
USNM_1606826,CBDDTY010001575.1,4687,1.3772135694474077,1,0.6878443395955615,5.178328981723237,0,0
USNM_1606826,CBDDTY010002706.1,4683,1.269485372624386,1,0.5325599800663058,2.3698368298368298,0,0
USNM_1606826,CBDDTY010003032.1,4682,1.5322511747116616,1,0.9383507046911337,0.9979940119760479,0,0
USNM_1606826,CBDDTY010003254.1,4681,1.3988464003418073,1,0.6462174243408808,0.32119914346895073,0,0
USNM_1606826,CBDDTY010001517.1,4673,1.2824737855767172,1,0.5865090380188621,0,0,0
USNM_1606826,CBDDTY010001907.1,4672,1.3236301369863013,1,0.6205416851918484,13.494612903225807,0,0
USNM_1606826,CBDDTY010000781.1,4670,1.2745182012847966,1,0.5393227839748576,0,0,0
USNM_1606826,CBDDTY010002038.1,4669,1.2066823730991647,1,0.5177962973613461,1.0970379746835444,0,0
USNM_1606826,CBDDTY010002247.1,4665,1.6463022508038585,1,1.4918588904228214,4.63013698630137,47,1.007502679528403
USNM_1606826,CBDDTY010002662.1,4660,1.4283261802575107,1,0.7003296902757865,0.3875968992248062,0,0
USNM_1606826,CBDDTY010000425.1,4657,1.2155894352587502,1,0.4661082677994917,0.1278772378516624,0,0
USNM_1606826,CBDDTY010003134.1,4657,1.3966072578913464,1,0.8181345591843971,0.1440922190201729,0,0
USNM_1606826,CBDDTY010002812.1,4656,1.5328608247422681,1,0.8443878408284126,0,0,0
USNM_1606826,CBDDTY010003460.1,4656,2.4250429553264605,2,1.6649440429796019,1.304375,0,0
USNM_1606826,CBDDTY010002238.1,4654,1.2559088955737001,1,0.5040588545993464,0.2564102564102564,0,0
USNM_1606826,CBDDTY010001962.1,4653,1.5235332043842682,1,0.8273944010365959,4.054054054054054,0,0
USNM_1606826,CBDDTY010000745.1,4643,2.410510445832436,1,2.347896245462703,1.0142929292929292,140,3.015291837174241
USNM_1606826,CBDDTY010002878.1,4641,1.524455936220642,1,0.8217771757356858,8.662881355932203,0,0
USNM_1606826,CBDDTY010002167.1,4638,1.2874083656748598,1,0.5069890331983068,3.0712530712530715,0,0
USNM_1606826,CBDDTY010002557.1,4638,1.4195774040534712,1,0.719952310097209,3.979798206278027,0,0
USNM_1606826,CBDDTY010002811.1,4633,1.3829052449816535,1,0.6588585433777853,2.923076923076923,0,0
USNM_1606826,CBDDTY010001701.1,4632,1.4263816925734025,1,0.6383172918341867,0,0,0
USNM_1606826,CBDDTY010002793.1,4629,1.3357096565132858,1,0.60398904330228,0.6329113924050633,0,0
USNM_1606826,CBDDTY010002913.1,4628,1.4332324978392394,1,0.7105930460979833,0.2327653631284916,0,0
USNM_1606826,CBDDTY010002025.1,4625,1.5915675675675676,1,0.9255914520700489,0.5376075268817204,0,0
USNM_1606826,CBDDTY010002494.1,4624,6.35423875432526,2,10.135548525624866,4.611106557377049,890,19.247404844290656
USNM_1606826,CBDDTY010000382.1,4621,1.500973815191517,1,1.1474841309140134,2.424815864022663,5,0.10820168794633195
USNM_1606826,CBDDTY010003436.1,4619,3.5431911669192466,1,5.6041293119253774,6.362689075630252,586,12.686728729162155
USNM_1606826,CBDDTY010001348.1,4616,3.1540294627383014,1,3.4248307817207726,1.1237121212121213,378,8.188908145580589
USNM_1606826,CBDDTY010003006.1,4615,2.312242686890574,2,1.802508624198529,1.5356368563685636,0,0
USNM_1606826,CBDDTY010000541.1,4614,1.6068487212830516,1,0.9736194715804491,1.4364999999999999,0,0
USNM_1606826,CBDDTY010000668.1,4611,1.655389286488831,1,0.8017623722578237,6.514084507042254,0,0
USNM_1606826,CBDDTY010002588.1,4611,1.3381045326393408,1,0.7669834188400335,0.21676300578034682,0,0
USNM_1606826,CBDDTY010000732.1,4610,1.6869848156182212,1,1.3654541292762412,3.9100299401197605,0,0
USNM_1606826,CBDDTY010000216.1,4607,1.362708921206859,1,0.9174472069159775,3.0744174757281555,0,0
USNM_1606826,CBDDTY010001365.1,4606,1.1949630916196265,1,0.45154413410380606,8.979591836734693,0,0
USNM_1606826,CBDDTY010002299.1,4606,1.4960920538428137,1,0.9123866707211917,0,0,0
USNM_1606826,CBDDTY010003084.1,4606,2.17629179331307,2,1.5744189465608753,2.0201928374655647,15,0.3256621797655232
USNM_1606826,CBDDTY010001181.1,4605,1.2642779587404995,1,0.6296630951754225,1.8604651162790697,0,0
USNM_1606826,CBDDTY010002437.1,4599,1.7438573602957164,1,1.6331883047602456,1.8394988066825775,38,0.8262665796912372
USNM_1606826,CBDDTY010002064.1,4592,1.4442508710801394,1,0.6546797546405786,0.6756756756756757,0,0
USNM_1606826,CBDDTY010002209.1,4592,1.262630662020906,1,0.5307506349155425,6.61936170212766,0,0
USNM_1606826,CBDDTY010001798.1,4590,1.4139433551198257,1,0.6935728389359249,20.517436823104692,0,0
USNM_1606826,CBDDTY010000944.1,4589,1.8485508825452168,1,1.2248999446148863,0,0,0
USNM_1606826,CBDDTY010002004.1,4587,1.564639197732723,1,0.9953648001861847,1.0822510822510822,0,0
USNM_1606826,CBDDTY010001129.1,4584,1.307591623036649,1,0.6190474004021409,4.545454545454546,0,0
USNM_1606826,CBDDTY010002355.1,4581,1.359091901331587,1,0.606423732106804,0.6443298969072165,0,0
USNM_1606826,CBDDTY010002883.1,4577,1.6510814944286651,1,1.088498471242572,0.2881844380403458,0,0
USNM_1606826,CBDDTY010001032.1,4576,1.2722902097902098,1,0.5417491199659786,0.08725130890052356,0,0
USNM_1606826,CBDDTY010001723.1,4567,1.5143420188307424,1,1.226157689774921,1.3846153846153846,16,0.35033939128530767
USNM_1606826,CBDDTY010001998.1,4567,1.9715349244580687,1,1.7089019677009976,3.093036809815951,54,1.1823954455879133
USNM_1606826,CBDDTY010003277.1,4564,1.8258106923751096,1,1.124948631592058,11.4,0,0
USNM_1606826,CBDDTY010001812.1,4551,1.5082399472643375,1,0.8419549467179146,0.42535962877030165,0,0
USNM_1606826,CBDDTY010002789.1,4551,1.5680070314216656,1,0.9805472595964952,0.8842443729903537,0,0
USNM_1606826,CBDDTY010000993.1,4550,1.2173626373626374,1,0.45891390023372763,0.9668508287292817,0,0
USNM_1606826,CBDDTY010002894.1,4547,1.4570046184297338,1,0.7272498205998235,3.871586402266289,0,0
USNM_1606826,CBDDTY010003426.1,4547,1.392126676929844,1,0.7536154439493769,0.4278728606356968,0,0
USNM_1606826,CBDDTY010001932.1,4544,1.3047975352112675,1,0.6689318535743973,0,0,0
USNM_1606826,CBDDTY010002328.1,4544,1.4557658450704225,1,1.040994306904893,0.53173697270471465,0,0
USNM_1606826,CBDDTY010000912.1,4538,1.7743499338915822,1,1.608258821358971,0.8009742120343839,0,0
USNM_1606826,CBDDTY010001841.1,4533,1.444517979263181,1,0.8970994094021392,0.2857142857142857,0,0
USNM_1606826,CBDDTY010000663.1,4527,1.899271040424122,2,1.1109533387630814,20.778051470588235,0,0
USNM_1606826,CBDDTY010002866.1,4527,1.7362491716368456,1,1.1959093548078847,1.4912280701754386,0,0
USNM_1606826,CBDDTY010003018.1,4526,2.007512152010605,1,1.5488897885906414,3.0921052631578947,0,0
USNM_1606826,CBDDTY010001203.1,4525,1.4647513812154696,1,0.8519530593402181,9.737827715355806,0,0
USNM_1606826,CBDDTY010001600.1,4525,1.3767955801104972,1,0.7660114549091798,0,0,0
USNM_1606826,CBDDTY010003163.1,4524,1.6237842617152962,1,1.2105075389089268,6.06369918699187,0,0
USNM_1606826,CBDDTY010002438.1,4523,1.3776254698209154,1,0.6279315498536517,0.28653295128939826,0,0
USNM_1606826,CBDDTY010000456.1,4520,1.2849557522123893,1,0.6281331277599681,9.520237388724036,0,0
USNM_1606826,CBDDTY010002145.1,4516,2.9689991142604075,2,2.8012677036886364,3.893699421965318,204,4.517271922054915
USNM_1606826,CBDDTY010001355.1,4514,1.4771821001329197,1,0.789380793874835,7.040693069306931,0,0
USNM_1606826,CBDDTY010003022.1,4514,1.1936198493575543,1,0.42956758197161876,0.11441647597254005,0,0
USNM_1606826,CBDDTY010003253.1,4514,1.2217545414266726,1,0.4197177847572662,0.24813895781637718,0,0
USNM_1606826,CBDDTY010002477.1,4512,1.3543882978723405,1,0.658880826910696,0.9463722397476341,0,0
USNM_1606826,CBDDTY010002429.1,4509,1.361055666444888,1,0.6173693681947696,0,0,0
USNM_1606826,CBDDTY010000273.1,4502,1.2503331852509996,1,0.5437684997702569,0.10614649681528662,0,0
USNM_1606826,CBDDTY010001552.1,4502,1.7381163927143493,1,1.0582080684601853,2.549,0,0
USNM_1606826,CBDDTY010002166.1,4502,1.1765881830297646,1,0.48405189993762354,4.564755838641189,0,0
USNM_1606826,CBDDTY010001465.1,4499,1.5352300511224717,1,0.9920948141446959,1.3100436681222707,0,0
USNM_1606826,CBDDTY010001691.1,4498,1.8694975544686527,1,1.4414983575754916,5.198380952380952,0,0
USNM_1606826,CBDDTY010002987.1,4497,2.0929508561263064,1,1.8938199350005107,1.4183139534883722,6,0.13342228152101399
USNM_1606826,CBDDTY010002343.1,4495,1.681646273637375,1,1.1312838957074103,5.555543071161049,0,0
USNM_1606826,CBDDTY010002830.1,4495,2.3486095661846496,1,3.3924681887400157,3.3002898550724638,164,3.6484983314794217
USNM_1606826,CBDDTY010002070.1,4493,2.055419541509014,1,2.3300277904971276,4.988591549295775,132,2.9379034052971287
USNM_1606826,CBDDTY010001747.1,4492,1.7406500445235975,1,1.0794385361380847,3.833263157894737,0,0
USNM_1606826,CBDDTY010002760.1,4492,1.6936776491540517,1,1.421163670364509,1.3955080213903743,0,0
USNM_1606826,CBDDTY010002417.1,4489,1.4606816662953888,1,0.8872877108083883,17.95695340501792,0,0
USNM_1606826,CBDDTY010001871.1,4486,2.393446277307178,1,2.1534534407357087,2.261146496815287,90,2.0062416406598307
USNM_1606826,CBDDTY010003209.1,4485,1.5331103678929765,1,0.8930713962586192,2.321040268456376,0,0
USNM_1606826,CBDDTY010002958.1,4484,1.397636039250669,1,0.740169410770104,0,0,0
USNM_1606826,CBDDTY010002393.1,4483,1.3606959625250947,1,0.6513903416516036,0.5934718100890207,0,0
USNM_1606826,CBDDTY010002687.1,4482,1.6015171798304328,1,0.8382069367517931,1.3181019332161688,0,0
USNM_1606826,CBDDTY010002033.1,4480,1.3674107142857144,1,0.8048249736971432,12.716037037037037,0,0
USNM_1606826,CBDDTY010001533.1,4477,1.3540317176680814,1,0.6494411785461723,4.4,0,0
USNM_1606826,CBDDTY010003065.1,4475,1.2864804469273743,1,0.5651027311826978,0,0,0
USNM_1606826,CBDDTY010001655.1,4474,1.4409924005364327,1,0.7704180221470739,7.758620689655173,0,0
USNM_1606826,CBDDTY010002759.1,4472,1.4452146690518783,1,0.7364032707780699,1.482479784366577,0,0
USNM_1606826,CBDDTY010003037.1,4471,1.3694922836054575,1,0.6641336802921425,0.77006600660066,0,0
USNM_1606826,CBDDTY010002315.1,4468,1.4760519247985675,1,0.8421987644779396,0.146510989010989,0,0
USNM_1606826,CBDDTY010001101.1,4465,1.2163493840985442,1,0.548500418819006,1.2992741935483871,0,0
USNM_1606826,CBDDTY010000414.1,4463,1.8453954738964822,1,1.513670181222849,10.913065476190477,0,0
USNM_1606826,CBDDTY010003343.1,4461,7.381752970186057,3,7.612576252193789,1.2189135802469135,1476,33.08675184936113
USNM_1606826,CBDDTY010002787.1,4460,2.1934977578475334,1,2.019306424984963,3.713,32,0.7174887892376681
USNM_1606826,CBDDTY010001825.1,4458,1.303723642889188,1,0.5902426624805087,10.128617363344052,0,0
USNM_1606826,CBDDTY010003048.1,4456,1.3415619389587075,1,0.576794565312017,0,0,0
USNM_1606826,CBDDTY010001548.1,4454,1.107543780871127,1,0.3355855777333819,0.32362459546925565,0,0
USNM_1606826,CBDDTY010002239.1,4454,1.279524023349798,1,0.5035228669582489,0,0,0
USNM_1606826,CBDDTY010002641.1,4450,2.9548314606741575,2,2.486100769949739,3.3298538622129437,135,3.033707865168539
USNM_1606826,CBDDTY010001934.1,4446,1.5193432298695457,1,1.0740665743454911,1.6233766233766234,0,0
USNM_1606826,CBDDTY010003222.1,4446,4.021592442645074,3,3.087473407453682,15.950283400809717,282,6.342780026990553
USNM_1606826,CBDDTY010001046.1,4444,1.3044554455445545,1,0.5559150919939921,2.8381521739130435,0,0
USNM_1606826,CBDDTY010001879.1,4444,1.4174167416741674,1,0.6717159579765911,8.532423208191126,0,0
USNM_1606826,CBDDTY010002163.1,4443,5.035561557506189,5,2.9071006114876,0.23348697394789578,352,7.922574836821967
USNM_1606826,CBDDTY010002029.1,4440,1.398873873873874,1,0.6679672925978368,0.9350825082508251,0,0
USNM_1606826,CBDDTY010003034.1,4440,1.6432432432432433,1,1.0008891403418154,0.25099397590361444,0,0
USNM_1606826,CBDDTY010000415.1,4433,1.368373561921949,1,0.6621957058444101,5.631868131868132,0,0
USNM_1606826,CBDDTY010001354.1,4432,1.2062274368231047,1,0.4268964809515431,0,0,0
USNM_1606826,CBDDTY010001435.1,4430,1.174943566591422,1,0.37996171447745797,0.5649717514124294,0,0
USNM_1606826,CBDDTY010002460.1,4430,1.4799097065462754,1,0.8262612182514205,17.41570224719101,0,0
USNM_1606826,CBDDTY010002972.1,4429,2.0573492887785054,1,1.5268918308774033,4.572766798418972,0,0
USNM_1606826,CBDDTY010001658.1,4428,1.574977416440831,1,1.3975120280253894,1.1845386533665836,0,0
USNM_1606826,CBDDTY010003099.1,4428,1.555781391147245,1,0.7293922817022906,1.2384925690021231,0,0
USNM_1606826,CBDDTY010000411.1,4426,1.7939448712155446,1,1.3295492394932076,1.0298820754716982,0,0
USNM_1606826,CBDDTY010001887.1,4426,1.6888838680524176,1,1.248238812286745,0.24390243902439024,0,0
USNM_1606826,CBDDTY010002569.1,4423,1.3314492425955233,1,0.5897694453966057,0.28735632183908044,0,0
USNM_1606826,CBDDTY010003192.1,4423,1.6240108523626497,1,1.0922747983313985,2.5606553398058254,0,0
USNM_1606826,CBDDTY010003355.1,4421,1.4121239538565935,1,0.7837590929958547,0,0,0
USNM_1606826,CBDDTY010002155.1,4418,1.1591217745586238,1,0.3978483539811579,5.952368421052632,0,0
USNM_1606826,CBDDTY010002742.1,4414,1.3101495242410512,1,0.511903469727504,0.41899441340782123,0,0
USNM_1606826,CBDDTY010002927.1,4414,1.3690530131400092,1,0.6711518016818034,0,0,0
USNM_1606826,CBDDTY010001570.1,4412,1.9252039891205803,1,2.2684952231129523,8.925274725274726,164,3.71713508612874
USNM_1606826,CBDDTY010002705.1,4412,1.257026291931097,1,0.5706753993821858,4.109589041095891,0,0
USNM_1606826,CBDDTY010002234.1,4406,1.163640490240581,1,0.38087515167843466,5.158730158730159,0,0
USNM_1606826,CBDDTY010001238.1,4402,1.14379827351204,1,0.36983992584511527,0.3115264797507788,0,0
USNM_1606826,CBDDTY010002282.1,4402,1.8323489323034985,1,1.2300000565318643,3.2934131736526946,0,0
USNM_1606826,CBDDTY010003025.1,4398,1.859481582537517,2,1.0775227042052629,0,0,0
USNM_1606826,CBDDTY010002953.1,4397,1.4903343188537639,1,0.8303335890455104,0.09207182320441988,0,0
USNM_1606826,CBDDTY010003263.1,4396,1.7873066424021837,1,2.1237125771863923,0,134,3.048225659690628
USNM_1606826,CBDDTY010002939.1,4395,1.8627986348122867,1,1.1155649289869116,5.441567164179104,0,0
USNM_1606826,CBDDTY010002828.1,4393,1.482358297291145,1,1.0062286402760827,0.5449591280653951,0,0
USNM_1606826,CBDDTY010002212.1,4392,2.265938069216758,2,1.4742444061803022,3.365958904109589,0,0
USNM_1606826,CBDDTY010003139.1,4391,1.4454566158050557,1,0.7541361815300878,1.8404907975460123,0,0
USNM_1606826,CBDDTY010002351.1,4390,1.262870159453303,1,0.4897323135046433,0,0,0
USNM_1606826,CBDDTY010002433.1,4390,1.2965831435079727,1,0.5529285209011495,3.7524269005847954,0,0
USNM_1606826,CBDDTY010001778.1,4389,1.3743449532923218,1,0.718924935786424,1.3513513513513513,0,0
USNM_1606826,CBDDTY010000359.1,4381,1.3864414517233508,1,0.7820408002751909,3.0371981776765375,0,0
USNM_1606826,CBDDTY010002273.1,4375,1.4550857142857143,1,0.6568071234091706,12.063492063492063,0,0
USNM_1606826,CBDDTY010002176.1,4373,1.2042076377772697,1,0.47793073803900815,7.838267326732673,0,0
USNM_1606826,CBDDTY010001853.1,4372,1.5674748398902105,1,1.0655795752608452,1.132686084142395,0,0
USNM_1606826,CBDDTY010001838.1,4365,1.4936998854524628,1,1.029923148918754,1.926926952141058,0,0
USNM_1606826,CBDDTY010001155.1,4364,1.4207149404216315,1,0.9593583320170876,0.3412969283276451,0,0
USNM_1606826,CBDDTY010003203.1,4361,1.5278605824352214,1,0.752802857344587,11.031761904761904,0,0
USNM_1606826,CBDDTY010002162.1,4360,1.2045871559633028,1,0.4557773855818044,0,0,0
USNM_1606826,CBDDTY010001428.1,4359,1.381509520532232,1,0.6406294352276914,0,0,0
USNM_1606826,CBDDTY010001650.1,4357,1.2240073445030986,1,0.4945452762377538,5.124626038781163,0,0
USNM_1606826,CBDDTY010003024.1,4357,2.4794583428964883,1,2.223167290404034,3.5984848484848486,74,1.6984163415193942
USNM_1606826,CBDDTY010003090.1,4357,1.4631627266467753,1,0.7586867032500514,0.8797653958944281,0,0
USNM_1606826,CBDDTY010000236.1,4356,1.4251606978879705,1,1.0318245282331127,1.470920634920635,0,0
USNM_1606826,CBDDTY010002202.1,4356,1.6808999081726355,1,1.2275493281372951,2.6963450834879406,0,0
USNM_1606826,CBDDTY010000493.1,4355,1.217451205510907,1,0.5230282017806221,2.4523160762942777,0,0
USNM_1606826,CBDDTY010003246.1,4352,1.2493106617647058,1,0.4790480130920689,0.7530120481927711,0,0
USNM_1606826,CBDDTY010003259.1,4350,2.1413793103448278,1,2.9525274247057287,0.9742349726775956,208,4.781609195402299
USNM_1606826,CBDDTY010001930.1,4347,1.1679319070623417,1,0.4113578773180235,0,0,0
USNM_1606826,CBDDTY010002487.1,4347,1.5332413158500116,1,0.8894155215955859,0.43475362318840577,0,0
USNM_1606826,CBDDTY010002409.1,4336,1.5138376383763839,1,0.7802595820531741,0,0,0
USNM_1606826,CBDDTY010001692.1,4334,5.983848638670974,1,8.29981230139184,4.406615384615384,961,22.173511767420397
USNM_1606826,CBDDTY010003055.1,4334,1.3223350253807107,1,0.607799519634654,0,0,0
USNM_1606826,CBDDTY010002996.1,4333,1.3413339487652896,1,0.6485595748340997,0,0,0
USNM_1606826,CBDDTY010003208.1,4333,1.358412185552735,1,0.6428787898713384,0.8590979381443299,0,0
USNM_1606826,CBDDTY010002442.1,4332,1.5175438596491229,1,0.7566631083207198,0,0,0
USNM_1606826,CBDDTY010002755.1,4331,1.2357423227891942,1,0.4967113762778554,0,0,0
USNM_1606826,CBDDTY010001849.1,4329,2.2314622314622317,1,2.118817789992617,2.36944578313253,75,1.7325017325017324
USNM_1606826,CBDDTY010001586.1,4328,5.633317929759705,2,7.900804526681463,5.069748953974895,846,19.547134935304992
USNM_1606826,CBDDTY010002197.1,4325,1.5498265895953758,1,0.8696911594080909,7.458508287292817,0,0
USNM_1606826,CBDDTY010001273.1,4323,1.3134397409206569,1,0.6279560636864057,14.370714285714286,0,0
USNM_1606826,CBDDTY010002749.1,4323,1.5961138098542678,1,1.0315269399578268,0.27100271002710025,0,0
USNM_1606826,CBDDTY010002920.1,4322,1.9722350763535401,2,1.2741232296896245,1.6283333333333334,0,0
USNM_1606826,CBDDTY010003130.1,4322,1.475474317445627,1,0.8406888599439134,3.133159268929504,0,0
USNM_1606826,CBDDTY010000596.1,4321,1.531127053922703,1,0.8555460963466167,3.961267605633803,0,0
USNM_1606826,CBDDTY010001776.1,4321,3.478361490395742,3,2.3542822881809635,2.822218045112782,71,1.643138162462393
USNM_1606826,CBDDTY010002379.1,4317,1.230484132499421,1,0.5111518839013626,6.0661764705882355,0,0
USNM_1606826,CBDDTY010002990.1,4317,1.242529534398888,1,0.5168772478211736,1.5503779069767443,0,0
USNM_1606826,CBDDTY010001441.1,4316,1.3827618164967563,1,0.7012119088904037,1.527041884816754,0,0
USNM_1606826,CBDDTY010001469.1,4316,1.4879518072289157,1,0.9307883616967919,3.650082644628099,0,0
USNM_1606826,CBDDTY010003465.1,4316,1.9993049119555144,2,1.1610717383652742,1.5696952908587258,0,0
USNM_1606826,CBDDTY010001767.1,4315,1.6009269988412516,1,1.0454214248305875,1.4754098360655739,0,0
USNM_1606826,CBDDTY010002506.1,4315,1.470915411355736,1,0.8373938925753353,0.3194888178913738,0,0
USNM_1606826,CBDDTY010002172.1,4313,1.6869928124275446,1,1.2751587169552623,4.011491002570694,0,0
USNM_1606826,CBDDTY010001974.1,4311,1.3727673393644166,1,0.953192570027088,4.5496657381615595,0,0
USNM_1606826,CBDDTY010001519.1,4309,1.2636342538872127,1,0.5422089966090043,1.9637462235649548,0,0
USNM_1606826,CBDDTY010001860.1,4304,1.487221189591078,1,1.0300275786541704,2.8435114503816794,0,0
USNM_1606826,CBDDTY010000095.1,4296,1.4334264432029795,1,0.8035080191551158,4.320978835978836,0,0
USNM_1606826,CBDDTY010000759.1,4289,1.327349032408487,1,0.6461716259417626,4.517133956386293,0,0
USNM_1606826,CBDDTY010002816.1,4289,1.2793191886220565,1,0.5605533505169994,0,0,0
USNM_1606826,CBDDTY010002062.1,4281,1.1966830179864518,1,0.4198333277588356,7.450331125827814,0,0
USNM_1606826,CBDDTY010003173.1,4279,1.4073381631222248,1,0.6477583133830035,0.28735632183908044,0,0
USNM_1606826,CBDDTY010000458.1,4278,1.8503973819541841,1,1.4360545217029221,3.2897383720930233,0,0
USNM_1606826,CBDDTY010003029.1,4278,1.6397849462365592,1,0.8936829982799654,1.1822654462242563,0,0
USNM_1606826,CBDDTY010002044.1,4276,1.2984097287184284,1,0.5300842228468773,1.6778523489932886,0,0
USNM_1606826,CBDDTY010003124.1,4273,1.571729464076761,1,1.1140766947788476,3.6231620553359685,0,0
USNM_1606826,CBDDTY010001925.1,4270,1.7121779859484778,1,1.4693931150867978,2.1671517027863776,0,0
USNM_1606826,CBDDTY010001671.1,4268,1.9271321462043112,1,1.4505632030892148,3.4604519774011298,0,0
USNM_1606826,CBDDTY010002401.1,4267,1.5929224279353176,1,0.9912777437440522,0.7299270072992701,0,0
USNM_1606826,CBDDTY010003000.1,4263,1.1954022988505748,1,0.4606093033449183,4.18042904290429,0,0
USNM_1606826,CBDDTY010003072.1,4262,1.4206945096198969,1,0.6186294183533279,0,0,0
USNM_1606826,CBDDTY010003384.1,4261,1.6057263553156536,1,0.8385685709026446,0.23407303370786517,0,0
USNM_1606826,CBDDTY010002919.1,4258,1.3518083607327385,1,0.75069321586853,0,0,0
USNM_1606826,CBDDTY010003369.1,4254,1.2867889045604137,1,0.5231795071643575,0,0,0
USNM_1606826,CBDDTY010003012.1,4247,1.3018601365669884,1,0.5624067002586199,1.6085790884718498,0,0
USNM_1606826,CBDDTY010002503.1,4246,1.3297220913801224,1,0.5619227197824745,3.089439024390244,0,0
USNM_1606826,CBDDTY010002288.1,4239,1.8792167964142485,1,1.0613728232261208,2.1386504424778763,0,0
USNM_1606826,CBDDTY010002727.1,4238,1.3190184049079754,1,0.5283305220813584,2.3636363636363638,0,0
USNM_1606826,CBDDTY010000581.1,4237,1.3629926835024782,1,0.9120581966636336,0.823045267489712,0,0
USNM_1606826,CBDDTY010002493.1,4237,1.3634647156006607,1,0.6619755283154527,6.008902077151335,0,0
USNM_1606826,CBDDTY010002285.1,4234,1.31294284364667,1,0.6071373913649395,0.7575757575757576,0,0
USNM_1606826,CBDDTY010002499.1,4232,1.4569943289224954,1,0.8420766678859725,5.068651685393259,0,0
USNM_1606826,CBDDTY010001057.1,4230,3.0293144208037823,2,2.6496525339967105,14.580953846153847,177,4.184397163120567
USNM_1606826,CBDDTY010002757.1,4230,1.2730496453900708,1,0.522745281530697,0,0,0
USNM_1606826,CBDDTY010002495.1,4229,1.437692125798061,1,0.7700077828225695,9.565217391304348,0,0
USNM_1606826,CBDDTY010001005.1,4228,1.4162724692526016,1,0.6990074503812753,0.7142857142857143,0,0
USNM_1606826,CBDDTY010003457.1,4224,1.3669507575757576,1,0.6122953491115124,0,0,0
USNM_1606826,CBDDTY010001143.1,4223,1.4650722235377693,1,0.7941338325800482,10.661295546558705,0,0
USNM_1606826,CBDDTY010002882.1,4219,1.3787627399857787,1,0.7117414550849024,0.24937655860349128,0,0
USNM_1606826,CBDDTY010002350.1,4214,1.424299952539155,1,0.6491521035649346,6.25,0,0
USNM_1606826,CBDDTY010003058.1,4212,1.412630579297246,1,0.8396559400400824,0.28901734104046245,0,0
USNM_1606826,CBDDTY010003113.1,4212,1.3566001899335232,1,0.6531414896045509,0.3003003003003003,0,0
USNM_1606826,CBDDTY010002456.1,4210,1.3736342042755345,1,0.6098255823061348,0.31746031746031744,0,0
USNM_1606826,CBDDTY010003002.1,4209,1.6476597766690426,1,0.9909859236894415,3.3734224598930482,0,0
USNM_1606826,CBDDTY010002799.1,4207,1.353458521511766,1,0.5693484648232374,0.9118541033434651,0,0
USNM_1606826,CBDDTY010001711.1,4206,1.2781740370898715,1,0.6444746178716587,0.39916167664670654,0,0
USNM_1606826,CBDDTY010002587.1,4200,1.1657142857142857,1,0.43007414114693243,0.3460207612456747,0,0
USNM_1606826,CBDDTY010000839.1,4199,1.0654917837580375,1,0.2790910173515137,15.61725925925926,0,0
USNM_1606826,CBDDTY010000514.1,4195,1.3106078665077474,1,0.5653055161971442,1.1976047904191616,0,0
USNM_1606826,CBDDTY010000727.1,4195,2.0238379022646007,1,2.161660123537755,0.8820891364902507,126,3.00357568533969
USNM_1606826,CBDDTY010003271.1,4195,2.2178784266984506,1,2.722364462829731,0.5677854671280277,192,4.576877234803337
USNM_1606826,CBDDTY010002007.1,4194,2.3261802575107295,1,2.4895577486493625,2.3046958637469586,152,3.6242250834525516
USNM_1606826,CBDDTY010002133.1,4193,9.21678988790842,7,8.101955546735107,2.7217605633802817,1816,43.31027903648938
USNM_1606826,CBDDTY010000674.1,4191,1.3006442376521117,1,0.6088426088316744,2.2853846153846153,0,0
USNM_1606826,CBDDTY010001277.1,4191,1.5328083989501313,1,0.9017668741205696,5.282530712530712,0,0
USNM_1606826,CBDDTY010001542.1,4191,1.4891434025292294,1,0.9602177588168604,1.605413870246085,0,0
USNM_1606826,CBDDTY010000085.1,4189,1.1802339460491764,1,0.4709628036779069,5.21978021978022,0,0
USNM_1606826,CBDDTY010002341.1,4186,6.092212135690397,2,7.742115982356432,2.0888392857142857,1031,24.629718107978977
USNM_1606826,CBDDTY010003068.1,4182,1.7831181252989001,1,1.194771370195174,0,0,0
USNM_1606826,CBDDTY010001913.1,4175,1.2852694610778443,1,0.5802293038155674,7.3076923076923075,0,0
USNM_1606826,CBDDTY010002110.1,4163,1.4479942349267356,1,0.7262978659390849,1.779935275080906,0,0
USNM_1606826,CBDDTY010000367.1,4162,1.129745314752523,1,0.41595710696687266,9.292939393939394,0,0
USNM_1606826,CBDDTY010003021.1,4162,1.5655934646804421,1,1.149129319849433,0.9587888198757764,0,0
USNM_1606826,CBDDTY010000778.1,4161,2.0843547224224945,1,2.2769429305007054,4.324324324324325,124,2.9800528719057917
USNM_1606826,CBDDTY010002865.1,4158,1.5247715247715248,1,1.0983562557318551,0.29069767441860467,0,0
USNM_1606826,CBDDTY010000681.1,4157,1.1554005292278084,1,0.417267815400048,1.2345679012345678,0,0
USNM_1606826,CBDDTY010001908.1,4156,1.8265158806544755,1,1.1193428910795473,0,0,0
USNM_1606826,CBDDTY010001157.1,4155,1.8486161251504212,1,1.4539786153333898,0.546448087431694,0,0
USNM_1606826,CBDDTY010003344.1,4150,1.5506024096385542,1,0.8755913876537976,0,0,0
USNM_1606826,CBDDTY010002750.1,4148,2.284956605593057,2,1.7003085786541943,7.979715302491103,32,0.7714561234329798
USNM_1606826,CBDDTY010001357.1,4145,1.3628468033775634,1,0.7359164183763957,0,0,0
USNM_1606826,CBDDTY010003316.1,4136,1.8133462282398454,1,1.1514045140899813,0.3030181818181818,0,0
USNM_1606826,CBDDTY010000498.1,4134,1.751088534107402,1,1.2057678647333587,4.052878228782288,0,0
USNM_1606826,CBDDTY010002605.1,4134,1.2810836961780359,1,0.4882804466596608,0.7763975155279503,0,0
USNM_1606826,CBDDTY010002385.1,4133,1.8052262279216065,1,1.2980556531120722,0.4807692307692308,0,0
USNM_1606826,CBDDTY010002263.1,4129,1.5945749576168564,1,1.1216377922392398,2.9743384615384616,0,0
USNM_1606826,CBDDTY010001775.1,4128,1.4503391472868217,1,0.9062980676080494,1.7716535433070866,0,0
USNM_1606826,CBDDTY010000518.1,4127,1.1754300944996365,1,0.44985822390471275,2.2357723577235773,0,0
USNM_1606826,CBDDTY010001163.1,4123,1.740722774678632,1,0.992430429663628,0.5491690544412607,0,0
USNM_1606826,CBDDTY010001416.1,4122,2.614507520621058,2,2.4192091240313176,2.1050787401574804,95,2.3047064531780688
USNM_1606826,CBDDTY010003165.1,4119,1.2498179169701384,1,0.5182294556306841,0,0,0
USNM_1606826,CBDDTY010003166.1,4119,1.7861131342558874,1,0.9530714734129696,0,0,0
USNM_1606826,CBDDTY010003075.1,4117,1.2156910371629828,1,0.4561602851872748,3.6538461538461537,0,0
USNM_1606826,CBDDTY010002408.1,4116,1.3517978620019437,1,0.6581753738934647,0.1497005988023952,0,0
USNM_1606826,CBDDTY010002045.1,4112,1.4832198443579767,1,0.7182579416559293,6.553398058252427,0,0
USNM_1606826,CBDDTY010003185.1,4109,1.1757118520321246,1,0.42987737513343044,0,0,0
USNM_1606826,CBDDTY010003218.1,4108,1.8670886075949367,1,1.1697250649091464,0.2840909090909091,0,0
USNM_1606826,CBDDTY010003364.1,4108,1.9885589094449854,1,1.943345501497202,0.5465517241379311,88,2.142161635832522
USNM_1606826,CBDDTY010001024.1,4107,3.1480399318237158,2,3.4204476582058465,4.089918032786885,311,7.572437302167032
USNM_1606826,CBDDTY010000931.1,4104,1.3908382066276803,1,0.6888788796221519,2.682926829268293,0,0
USNM_1606826,CBDDTY010000194.1,4102,2.1245733788395906,1,2.798845993223844,1.8017905405405406,175,4.266211604095563
USNM_1606826,CBDDTY010002936.1,4101,1.5788831992197025,1,0.9540326840354627,0.3612074303405573,0,0
USNM_1606826,CBDDTY010002261.1,4099,1.2173700902659186,1,0.43664591025808475,0.1497005988023952,0,0
USNM_1606826,CBDDTY010002420.1,4098,1.350902879453392,1,0.6685883728702777,28.776015625,0,0
USNM_1606826,CBDDTY010002367.1,4095,2.0366300366300365,1,2.6286398216186058,9.954541832669323,101,2.4664224664224665
USNM_1606826,CBDDTY010001351.1,4092,1.301564027370479,1,0.5832900872568988,9.290953545232274,0,0
USNM_1606826,CBDDTY010000920.1,4090,1.43520782396088,1,0.7745856304103873,0.24752475247524752,0,0
USNM_1606826,CBDDTY010002265.1,4088,1.2923189823874754,1,0.5224771173523589,0.12562814070351758,0,0
USNM_1606826,CBDDTY010000389.1,4084,1.5722331047992164,1,0.9405147644047092,0.0641025641025641,0,0
USNM_1606826,CBDDTY010003380.1,4081,1.5851506983582455,1,1.1438947200117295,2.0194525547445257,0,0
USNM_1606826,CBDDTY010000573.1,4077,1.3090507726269316,1,0.6508460611477926,0.5524585635359116,0,0
USNM_1606826,CBDDTY010001939.1,4077,1.243561442236939,1,0.5005256039805733,1.3245033112582782,0,0
USNM_1606826,CBDDTY010002005.1,4073,1.6290203780996808,1,0.9327128650510736,3.9949812734082397,0,0
USNM_1606826,CBDDTY010002655.1,4073,2.1264424257304197,2,1.3413004779645117,0.2785515320334262,0,0
USNM_1606826,CBDDTY010002950.1,4072,1.3858055009823183,1,0.6092103118924803,1.2973952095808383,0,0
USNM_1606826,CBDDTY010002039.1,4069,1.2177439174244287,1,0.4915907618929137,0,0,0
USNM_1606826,CBDDTY010000850.1,4067,1.8138677157610033,1,1.4056748401497323,2.5983518930957685,0,0
USNM_1606826,CBDDTY010002534.1,4067,1.4288173100565527,1,0.6914811926999107,16.085923344947734,0,0
USNM_1606826,CBDDTY010003370.1,4064,4.3796751968503935,2,4.190080088404736,0.6596306068601583,710,17.47047244094488
USNM_1606826,CBDDTY010000568.1,4061,1.2117704998768777,1,0.41400285871133063,0,0,0
USNM_1606826,CBDDTY010003291.1,4060,2.003940886699507,1,1.5855296119080222,0.6115107913669064,12,0.2955665024630542
USNM_1606826,CBDDTY010003077.1,4057,1.3744145920631008,1,0.6355401643150735,0,0,0
USNM_1606826,CBDDTY010003087.1,4056,1.3113905325443787,1,0.5107267994955055,0,0,0
USNM_1606826,CBDDTY010000713.1,4055,1.5321824907521577,1,0.8020001797671449,0.352112676056338,0,0
USNM_1606826,CBDDTY010001513.1,4054,1.4104588061174148,1,0.6913152246639118,2.070063694267516,0,0
USNM_1606826,CBDDTY010003500.1,4054,1.5915145535273805,1,0.9257598822832186,0.1296887159533074,0,0
USNM_1606826,CBDDTY010000460.1,4053,1.1379225265235628,1,0.37105985568878636,3.9711191335740073,0,0
USNM_1606826,CBDDTY010002058.1,4052,1.5029615004935835,1,0.7762464136414456,1.2246964856230032,0,0
USNM_1606826,CBDDTY010002963.1,4048,1.4505928853754941,1,0.7972212949982521,0.31545741324921134,0,0
USNM_1606826,CBDDTY010000368.1,4045,1.288504326328801,1,0.5821095226277435,4.283256997455471,0,0
USNM_1606826,CBDDTY010002683.1,4043,1.2649023002720752,1,0.5603794652544151,3.8805970149253732,0,0
USNM_1606826,CBDDTY010003227.1,4043,3.7684887459807075,2,3.618678024470981,0.7171171171171171,408,10.09151620084096
USNM_1606826,CBDDTY010002798.1,4038,4.506934125804854,4,2.7441159535863533,9.091254125412542,170,4.210004952947004
USNM_1606826,CBDDTY010003306.1,4037,1.3864255635372802,1,0.6549302463410206,0.17857142857142858,0,0
USNM_1606826,CBDDTY010001025.1,4024,1.2450298210735586,1,0.5041218609758594,0.9433962264150944,0,0
USNM_1606826,CBDDTY010001151.1,4023,1.3522247079294059,1,0.6644891984032829,5.105493670886076,0,0
USNM_1606826,CBDDTY010001227.1,4023,1.472532935620184,1,0.7464010933070855,2.947459807073955,0,0
USNM_1606826,CBDDTY010002498.1,4022,2.3580308304326207,1,2.2962852695903733,1.629731343283582,68,1.6907011437095973
USNM_1606826,CBDDTY010002892.1,4022,1.4291397314768772,1,0.7037231472396888,5.24795847750865,0,0
USNM_1606826,CBDDTY010002152.1,4021,1.2820193981596617,1,0.511117691095682,0.6920415224913494,0,0
USNM_1606826,CBDDTY010002850.1,4021,1.725938821188759,1,0.9492055569217069,2.4542922374429224,0,0
USNM_1606826,CBDDTY010003455.1,4021,1.322059189256404,1,0.6144878848885997,0,0,0
USNM_1606826,CBDDTY010003398.1,4019,1.221945757651157,1,0.4422960321251374,0.3076923076923077,0,0
USNM_1606826,CBDDTY010003230.1,4015,1.6665006226650063,1,1.0104639787512826,1.9536092715231788,0,0
USNM_1606826,CBDDTY010001966.1,4013,1.3296785447296287,1,0.5556819899087503,0,0,0
USNM_1606826,CBDDTY010002536.1,4011,1.3976564447768636,1,0.7140796302579652,0.16393442622950818,0,0
USNM_1606826,CBDDTY010003053.1,4011,1.4724507604088757,1,0.7618892728579758,5.128224852071006,0,0
USNM_1606826,CBDDTY010002544.1,4007,1.482655353132019,1,0.962935755311528,0,0,0
USNM_1606826,CBDDTY010003186.1,4007,1.3361617169952582,1,0.624869465591258,5.904451219512195,0,0
USNM_1606826,CBDDTY010002654.1,4005,1.576529338327091,1,0.9505497854169084,1.5105740181268883,0,0
USNM_1606826,CBDDTY010002171.1,4003,1.545590806894829,1,0.8883765040954814,5.589367681498829,0,0
USNM_1606826,CBDDTY010002274.1,4003,1.6350237322008494,1,0.9769673411089869,1.9230769230769231,0,0
USNM_1606826,CBDDTY010002431.1,4003,1.7327004746440169,1,1.048307160624102,0,0,0
USNM_1606826,CBDDTY010003211.1,4003,1.776917312015988,2,0.9383530980602396,0.9562841530054644,0,0
USNM_1606826,CBDDTY010002769.1,3996,2.6964464464464464,1,3.516127319088422,2.364864864864865,271,6.781781781781781
USNM_1606826,CBDDTY010002083.1,3993,1.14450288004007,1,0.3952440959013932,0,0,0
USNM_1606826,CBDDTY010002174.1,3990,1.5258145363408522,1,0.7774138534351466,0,0,0
USNM_1606826,CBDDTY010002232.1,3989,1.6949110052644774,1,1.4581857186662073,0.15579754601226994,0,0
USNM_1606826,CBDDTY010002949.1,3988,1.3671013039117352,1,0.6187772620202548,5.174248366013072,0,0
USNM_1606826,CBDDTY010003106.1,3986,1.6033617661816357,1,0.7533971498010014,3.4647670250896057,0,0
USNM_1606826,CBDDTY010002838.1,3979,1.27393817542096,1,0.49365185510138226,1.3059701492537314,0,0
USNM_1606826,CBDDTY010000440.1,3978,1.2735042735042734,1,0.5857299249573418,1.8078983050847457,0,0
USNM_1606826,CBDDTY010001402.1,3976,1.6451207243460764,1,0.8687829037507809,3.984375,0,0
USNM_1606826,CBDDTY010000489.1,3975,1.639496855345912,1,0.909658374200484,7.231929824561403,0,0
USNM_1606826,CBDDTY010003132.1,3974,1.41620533467539,1,0.6563589274496198,0,0,0
USNM_1606826,CBDDTY010000570.1,3968,1.2159778225806452,1,0.7567704666611826,1.023890784982935,0,0
USNM_1606826,CBDDTY010002112.1,3967,1.2775397025460045,1,0.5969811403813067,2.5974025974025974,0,0
USNM_1606826,CBDDTY010003026.1,3963,1.2011102699974767,1,0.4108311206506955,0,0,0
USNM_1606826,CBDDTY010003043.1,3962,1.268298838970217,1,0.5335969065841248,11.6,0,0
USNM_1606826,CBDDTY010001859.1,3960,1.6151515151515152,1,1.1237511278730876,12.790896226415095,0,0
USNM_1606826,CBDDTY010001877.1,3960,1.1553030303030303,1,0.4408677739762221,0,0,0
USNM_1606826,CBDDTY010003126.1,3958,2.5361293582617486,1,3.0178616404520513,7.24910780669145,238,6.013137948458818
USNM_1606826,CBDDTY010001891.1,3956,1.256066734074823,1,0.5315826615054328,0.9836065573770492,0,0
USNM_1606826,CBDDTY010002349.1,3952,1.173836032388664,1,0.4419116584593636,4.761904761904762,0,0
USNM_1606826,CBDDTY010002674.1,3952,4.429908906882591,2,5.5980386875092725,8.365217391304348,515,13.031376518218623
USNM_1606826,CBDDTY010000657.1,3945,1.1158428390367554,1,0.3200769361747974,1.3333333333333333,0,0
USNM_1606826,CBDDTY010001612.1,3943,1.348212021303576,1,0.9437375223537927,3.015873015873016,15,0.380420999239158
USNM_1606826,CBDDTY010002959.1,3942,1.3008625063419583,1,0.5759224295698278,0.2724795640326976,0,0
USNM_1606826,CBDDTY010002055.1,3941,1.1324536919563561,1,0.38856078737042465,1.9841269841269842,0,0
USNM_1606826,CBDDTY010001244.1,3939,1.4366590505204366,1,0.6529509591691794,0.5836575875486382,0,0
USNM_1606826,CBDDTY010002108.1,3939,2.8172124904798173,2,2.5037500058328184,1.496015037593985,96,2.437166793602437
USNM_1606826,CBDDTY010003235.1,3929,1.4443878849580045,1,0.7139322623112578,0.4166666666666667,0,0
USNM_1606826,CBDDTY010001074.1,3926,1.4780947529291901,1,0.9750539620869085,6.346153846153846,0,0
USNM_1606826,CBDDTY010002096.1,3926,1.2789098318899643,1,0.500087567893772,11.235898876404494,0,0
USNM_1606826,CBDDTY010003127.1,3920,1.6377551020408163,1,0.9944490287890037,0.7117081850533807,0,0
USNM_1606826,CBDDTY010002451.1,3919,1.194947690737433,1,0.4313694742883179,1.7921146953405018,0,0
USNM_1606826,CBDDTY010001392.1,3917,1.6936430942047485,1,1.2124199491329695,4.272388059701493,0,0
USNM_1606826,CBDDTY010002925.1,3910,1.7557544757033248,1,1.4892593653309896,1.369512195121951,16,0.40920716112531963
USNM_1606826,CBDDTY010003488.1,3910,1.5107416879795397,1,0.6866502584375438,12.390942408376963,0,0
USNM_1606826,CBDDTY010002291.1,3906,1.417562724014337,1,0.7454437269827825,1.2068620689655172,0,0
USNM_1606826,CBDDTY010003560.1,3904,1.4403176229508197,1,0.6162239873616846,0.10751612903225806,0,0
USNM_1606826,CBDDTY010001296.1,3902,1.2749871860584316,1,0.44656504652064044,24.23076923076923,0,0
USNM_1606826,CBDDTY010002019.1,3896,1.8824435318275154,1,1.2830642815531235,3.9893617021276597,0,0
USNM_1606826,CBDDTY010003041.1,3896,1.4699691991786448,1,0.8641314020008646,1.8580743243243243,0,0
USNM_1606826,CBDDTY010000502.1,3895,1.2549422336328626,1,0.4980295951633744,0.2375296912114014,0,0
USNM_1606826,CBDDTY010002459.1,3895,5.239537869062901,2,6.04183139002544,4.039838187702266,912,23.414634146341466
USNM_1606826,CBDDTY010001588.1,3892,1.278006166495375,1,0.574269971769351,0.273972602739726,0,0
USNM_1606826,CBDDTY010001156.1,3890,1.4138817480719794,1,0.6259270082004638,6.212090909090909,0,0
USNM_1606826,CBDDTY010002310.1,3889,1.4091025970686553,1,0.8133590375010992,0.2593774319066148,0,0
USNM_1606826,CBDDTY010001090.1,3885,1.1855855855855857,1,0.4100917962573351,0,0,0
USNM_1606826,CBDDTY010003548.1,3880,1.875,2,1.1186823123699063,0.20408163265306123,0,0
USNM_1606826,CBDDTY010003529.1,3879,1.6104666151069864,1,0.8273333164824193,0,0,0
USNM_1606826,CBDDTY010002613.1,3878,3.0144404332129966,2,2.3588987331720843,2.243435114503817,74,1.9082001031459517
USNM_1606826,CBDDTY010003489.1,3875,1.351741935483871,1,0.6032042605555523,11.590507614213198,0,0
USNM_1606826,CBDDTY010001952.1,3865,1.2716688227684347,1,0.5337345805815635,5.042016806722689,0,0
USNM_1606826,CBDDTY010000260.1,3864,1.1537267080745341,1,0.5200326398594753,1.1443661971830985,0,0
USNM_1606826,CBDDTY010001788.1,3864,1.734472049689441,1,1.0421567476954297,3.5574561403508773,0,0
USNM_1606826,CBDDTY010002520.1,3857,1.4550168524760176,1,0.7683517925753018,0.7117437722419929,0,0
USNM_1606826,CBDDTY010000996.1,3856,1.6441908713692945,1,1.351545195869142,1.4780733944954128,0,0
USNM_1606826,CBDDTY010003297.1,3854,1.2944992215879605,1,0.5577808593188662,0,0,0
USNM_1606826,CBDDTY010000584.1,3852,1.396417445482866,1,0.7478299881547285,3.3083880597014925,0,0
USNM_1606826,CBDDTY010001164.1,3851,1.7977148792521422,1,1.1745593139819153,8.17288770053476,0,0
USNM_1606826,CBDDTY010000908.1,3845,1.2083224967490247,1,0.4175312957869225,0.3058103975535168,0,0
USNM_1606826,CBDDTY010001048.1,3843,1.3544106167056986,1,0.7016179598575711,23.295454545454547,0,0
USNM_1606826,CBDDTY010001757.1,3842,1.6866215512753775,1,0.9908054715016482,3.489136690647482,0,0
USNM_1606826,CBDDTY010002957.1,3841,1.1908357198646187,1,0.43931688726031504,0.39215686274509803,0,0
USNM_1606826,CBDDTY010001388.1,3840,1.1294270833333333,1,0.3567803186497395,3.28847533632287,0,0
USNM_1606826,CBDDTY010000642.1,3839,1.1700963792654338,1,0.401899821444656,0.5952380952380952,0,0
USNM_1606826,CBDDTY010003196.1,3835,1.3228161668839635,1,0.5965370387069066,1.36986301369863,0,0
USNM_1606826,CBDDTY010002260.1,3834,1.4989567031820552,1,0.8541569484397417,1.3651877133105803,0,0
USNM_1606826,CBDDTY010003073.1,3834,1.4308815858111632,1,0.7037196874076149,5.851866666666667,0,0
USNM_1606826,CBDDTY010002961.1,3831,1.5826155050900548,1,1.0585474791912208,0.3546099290780142,0,0
USNM_1606826,CBDDTY010003237.1,3830,1.671018276762402,1,0.9647052993689915,0.057089041095890414,0,0
USNM_1606826,CBDDTY010002050.1,3829,2.038130060067903,1,1.7228588707172487,7.407407407407407,13,0.3395142334813267
USNM_1606826,CBDDTY010000887.1,3828,1.410135841170324,1,0.8806616050732949,1.4367487684729063,0,0
USNM_1606826,CBDDTY010002526.1,3823,1.3539105414595867,1,0.6082803473778062,0.4065040650406504,0,0
USNM_1606826,CBDDTY010001708.1,3822,2.881737310308739,2,2.396048460297298,6.148725099601593,86,2.250130821559393
USNM_1606826,CBDDTY010002874.1,3819,2.1256873527101336,1,1.8313999253047568,2.1553413654618474,25,0.6546216286986122
USNM_1606826,CBDDTY010002808.1,3818,1.5893137768465164,1,1.5287005379016885,0.050060060060060065,13,0.34049240440020956
USNM_1606826,CBDDTY010002822.1,3815,1.4880733944954128,1,0.7672517404388777,0,0,0
USNM_1606826,CBDDTY010001089.1,3813,1.1342774718069761,1,0.37541510233973047,3.2751091703056767,0,0
USNM_1606826,CBDDTY010002217.1,3813,1.4046682402307895,1,0.6659530140531833,0.6361323155216285,0,0
USNM_1606826,CBDDTY010002287.1,3813,1.6249672174141097,1,0.8864881609013171,0,0,0
USNM_1606826,CBDDTY010002560.1,3811,1.239307268433482,1,0.5122519298958903,0.8503401360544217,0,0
USNM_1606826,CBDDTY010003060.1,3810,1.6674540682414698,1,1.1654499742790807,0,0,0
USNM_1606826,CBDDTY010002595.1,3804,1.4048370136698212,1,0.6823246445611211,3.50765306122449,0,0
USNM_1606826,CBDDTY010001694.1,3803,1.1440967657112806,1,0.3586442750715735,0,0,0
USNM_1606826,CBDDTY010001661.1,3797,1.8206478799051884,1,1.3457638730694401,0.42461783439490447,0,0
USNM_1606826,CBDDTY010002054.1,3796,1.9755005268703898,1,1.66057290850265,2.8870857142857145,10,0.26343519494204426
USNM_1606826,CBDDTY010003249.1,3795,1.111725955204216,1,0.3216933463998382,0,0,0
USNM_1606826,CBDDTY010000758.1,3794,1.8618871903004743,1,1.1567872917317206,0.41509578544061304,0,0
USNM_1606826,CBDDTY010002240.1,3794,1.2040063257775435,1,0.4411293131045476,1.5197568389057752,0,0
USNM_1606826,CBDDTY010002982.1,3793,1.1784866860005272,1,0.41215847438938075,0.33112582781456956,0,0
USNM_1606826,CBDDTY010000749.1,3792,2.382120253164557,2,1.5326661791685843,2.399103139013453,0,0
USNM_1606826,CBDDTY010003608.1,3792,2.429588607594937,2,1.2910830027649067,0.078125,0,0
USNM_1606826,CBDDTY010001639.1,3789,1.2177355502771179,1,0.47352510167565814,1.3020833333333333,0,0
USNM_1606826,CBDDTY010003461.1,3788,3.1525871172122493,2,2.291060493507155,2.2733333333333334,40,1.0559662090813093
USNM_1606826,CBDDTY010001461.1,3786,2.3647649234020074,2,2.2496299205866945,4.211229946524064,119,3.143159006867406
USNM_1606826,CBDDTY010002069.1,3786,1.2820919175911252,1,0.4953484641422161,2.197202572347267,0,0
USNM_1606826,CBDDTY010003229.1,3786,1.4997358689910196,1,0.7829928923369585,9.8,0,0
USNM_1606826,CBDDTY010003067.1,3783,1.4982817869415808,1,0.8433236780241699,0,0,0
USNM_1606826,CBDDTY010002501.1,3782,1.5787942887361184,1,1.1648128710592096,1.1727659574468086,0,0
USNM_1606826,CBDDTY010003141.1,3782,1.2181385510312004,1,0.46142830340715435,0,0,0
USNM_1606826,CBDDTY010002575.1,3780,3.5907407407407406,3,2.3716525092746736,2.412109375,69,1.8253968253968256
USNM_1606826,CBDDTY010000397.1,3778,1.3798305982001058,1,0.663736562904205,1,0,0
USNM_1606826,CBDDTY010002090.1,3774,1.202967673555909,1,0.444218615236344,4.666666666666667,0,0
USNM_1606826,CBDDTY010001029.1,3771,1.4012198355873773,1,0.6119834234237371,0.5555555555555556,0,0
USNM_1606826,CBDDTY010002795.1,3769,1.3202440965773414,1,0.5339993955181849,0,0,0
USNM_1606826,CBDDTY010003036.1,3769,1.395860971079862,1,0.5921853602004029,0.35714285714285715,0,0
USNM_1606826,CBDDTY010002589.1,3768,1.625,1,1.2676285474556006,2.4020996441281137,0,0
USNM_1606826,CBDDTY010002283.1,3767,1.4345633129811521,1,0.7279453068709903,19.24778761061947,0,0
USNM_1606826,CBDDTY010003272.1,3767,1.44040350411468,1,0.6607842639727476,0.6600660066006601,0,0
USNM_1606826,CBDDTY010000737.1,3766,1.4930961232076474,1,0.8877685141495941,13.03673139158576,0,0
USNM_1606826,CBDDTY010001914.1,3766,2.3382899628252787,2,1.7838748420654988,0.24294460641399415,3,0.07966011683483802
USNM_1606826,CBDDTY010001004.1,3765,1.4106241699867197,1,0.6793553222570596,1.779935275080906,0,0
USNM_1606826,CBDDTY010002496.1,3762,1.186602870813397,1,0.40372000081223985,0.12254901960784313,0,0
USNM_1606826,CBDDTY010000910.1,3761,1.4559957458122839,1,0.7970970094882357,5.972696245733788,0,0
USNM_1606826,CBDDTY010001251.1,3760,2.579255319148936,1,2.8429861663078726,1.9535655737704918,198,5.26595744680851
USNM_1606826,CBDDTY010001082.1,3759,2.2271880819366854,1,1.9126745523119593,2.8926490066225163,6,0.1596169193934557
USNM_1606826,CBDDTY010001656.1,3759,2.785315243415802,2,3.2140983588084042,7.758551236749117,195,5.18754988028731
USNM_1606826,CBDDTY010002890.1,3758,1.3432676955827567,1,0.7064825262814185,0.11861209964412811,0,0
USNM_1606826,CBDDTY010002792.1,3757,1.3513441575725313,1,0.6336805516462377,0,0,0
USNM_1606826,CBDDTY010003182.1,3757,1.321000798509449,1,0.582143096609536,2.7683389830508474,0,0
USNM_1606826,CBDDTY010000047.1,3756,1.1512247071352502,1,0.6044892786272396,0.08090614886731391,0,0
USNM_1606826,CBDDTY010001980.1,3756,1.1687965921192758,1,0.41186884025169235,0.4032258064516129,0,0
USNM_1606826,CBDDTY010002720.1,3753,1.6541433519850786,1,1.177828907666436,2.5684931506849313,0,0
USNM_1606826,CBDDTY010003308.1,3747,1.2722177742193754,1,0.49188227941339535,29.285714285714285,0,0
USNM_1606826,CBDDTY010002407.1,3743,1.1383916644402885,1,0.3671117126603326,0,0,0
USNM_1606826,CBDDTY010000743.1,3742,1.576429716729022,1,0.8954488720423931,1.0309278350515463,0,0
USNM_1606826,CBDDTY010002598.1,3740,1.5858288770053477,1,0.8509467896106498,1.1443309859154929,0,0
USNM_1606826,CBDDTY010002872.1,3739,1.2096817330837122,1,0.42261179349322925,0.15723270440251572,0,0
USNM_1606826,CBDDTY010002867.1,3735,1.7073627844712183,1,0.9267707357447389,17.863128205128206,0,0
USNM_1606826,CBDDTY010001727.1,3734,1.4633101231922871,1,0.7468970523246973,0.19377906976744186,0,0
USNM_1606826,CBDDTY010002116.1,3734,1.7078200321371184,1,1.1386862563143572,4.845814977973569,0,0
USNM_1606826,CBDDTY010001592.1,3731,1.3393192173679977,1,1.0223274018491397,0.7751937984496124,0,0
USNM_1606826,CBDDTY010002756.1,3731,2.557491289198606,1,2.7845041394363275,2.762233333333333,177,4.744036451353525
USNM_1606826,CBDDTY010001120.1,3728,1.1244635193133048,1,0.3325830184941346,4.424778761061947,0,0
USNM_1606826,CBDDTY010002891.1,3728,1.2054721030042919,1,0.40872177967967616,0.42735042735042733,0,0
USNM_1606826,CBDDTY010003221.1,3727,1.5548698685269653,1,0.8446937579914096,3.8355890410958904,0,0
USNM_1606826,CBDDTY010003147.1,3725,1.2010738255033557,1,0.4133888739306912,0,0,0
USNM_1606826,CBDDTY010001507.1,3715,1.3612382234185734,1,0.7229632792305928,5.797101449275362,0,0
USNM_1606826,CBDDTY010002485.1,3715,1.7628532974427995,1,1.1467537186723815,0.08725130890052356,0,0
USNM_1606826,CBDDTY010003360.1,3710,1.5566037735849056,1,0.7794913010888698,1.3937282229965158,0,0
USNM_1606826,CBDDTY010002156.1,3709,1.7581558371528714,1,1.3294914092267363,3.5876294277929155,0,0
USNM_1606826,CBDDTY010000451.1,3698,1.38236884802596,1,0.8346257049255689,0,0,0
USNM_1606826,CBDDTY010003490.1,3694,1.5568489442338929,1,0.7870399118405094,0.16286644951140064,0,0
USNM_1606826,CBDDTY010002463.1,3687,1.3954434499593165,1,0.5854640580852385,15.503875968992247,0,0
USNM_1606826,CBDDTY010001790.1,3686,1.3347802495930547,1,0.6541551092214557,1.1160714285714286,0,0
USNM_1606826,CBDDTY010002657.1,3686,2.4441128594682584,1,2.3106142462836643,2.5874468085106384,29,0.7867607162235486
USNM_1606826,CBDDTY010002031.1,3677,1.181125917867827,1,0.4267223752049469,0,0,0
USNM_1606826,CBDDTY010003120.1,3674,1.2022318998366903,1,0.41439576407623746,0,0,0
USNM_1606826,CBDDTY010001437.1,3671,1.1530918005992918,1,0.36909285956490384,7.096774193548387,0,0
USNM_1606826,CBDDTY010001034.1,3667,1.5713116989364604,1,0.9316672240381776,6.072463768115942,0,0
USNM_1606826,CBDDTY010002448.1,3667,2.581947095718571,2,2.132678028897419,0.30991735537190085,69,1.8816471229888192
USNM_1606826,CBDDTY010003462.1,3666,1.6036552100381887,1,0.8323459212709224,13.54158088235294,0,0
USNM_1606826,CBDDTY010002164.1,3664,1.453056768558952,1,0.8518300647658038,1.2027491408934707,0,0
USNM_1606826,CBDDTY010003104.1,3664,1.2781113537117903,1,0.5674789501623272,0.3663003663003663,0,0
USNM_1606826,CBDDTY010002887.1,3663,1.573846573846574,1,0.7935042298565561,0.16025641025641027,0,0
USNM_1606826,CBDDTY010002347.1,3661,1.3108440316853318,1,0.5116830398962932,0,0,0
USNM_1606826,CBDDTY010000402.1,3660,2.5366120218579233,1,3.138947431569302,2.1367521367521367,264,7.213114754098362
USNM_1606826,CBDDTY010003366.1,3659,1.5862257447389998,1,0.9543354180192991,0.06945833333333334,0,0
USNM_1606826,CBDDTY010003536.1,3659,1.5862257447389998,1,0.7869815853808131,2.2448979591836733,0,0
USNM_1606826,CBDDTY010003723.1,3657,3.327590921520372,3,1.5512353089050377,0,0,0
USNM_1606826,CBDDTY010002740.1,3652,1.9720700985761226,1,1.461001404080977,2.023121387283237,0,0
USNM_1606826,CBDDTY010001574.1,3648,1.840734649122807,1,1.2341083966672164,3.240740740740741,0,0
USNM_1606826,CBDDTY010000089.1,3647,1.0863723608445297,1,0.2809516321715359,7.142857142857143,0,0
USNM_1606826,CBDDTY010003399.1,3646,1.3200767964893034,1,0.5093017836782853,0.24436950146627565,0,0
USNM_1606826,CBDDTY010002088.1,3638,2.3969213853765807,2,1.8374144066647409,3.9203977272727273,2,0.054975261132490384
USNM_1606826,CBDDTY010000178.1,3637,1.5182843002474566,1,1.179215175742873,0.3875968992248062,0,0
USNM_1606826,CBDDTY010002672.1,3637,1.3489139400604895,1,0.5036249810916339,0,0,0
USNM_1606826,CBDDTY010000678.1,3634,1.231975784259769,1,0.5354086070584343,10.460992907801419,0,0
USNM_1606826,CBDDTY010003005.1,3633,1.2320396366639141,1,0.48812737398169387,0.4219409282700422,0,0
USNM_1606826,CBDDTY010003176.1,3633,1.6963941646022571,1,1.1617673622816467,0.7142857142857143,0,0
USNM_1606826,CBDDTY010001904.1,3628,1.1984564498346195,1,0.45507018886154343,15.08289592760181,0,0
USNM_1606826,CBDDTY010001615.1,3620,1.6251381215469614,1,1.020961900759115,5.035229681978799,0,0
USNM_1606826,CBDDTY010003240.1,3618,1.5986733001658375,1,0.8841168486758229,0.43478260869565216,0,0
USNM_1606826,CBDDTY010001245.1,3615,1.1778699861687414,1,0.42233886383868335,0.7272727272727273,0,0
USNM_1606826,CBDDTY010002547.1,3613,5.396069748131747,1,8.434199486789025,1.256382252559727,707,19.568225851093274
USNM_1606826,CBDDTY010001640.1,3612,1.4767441860465116,1,0.7324133980633284,3.386222222222222,0,0
USNM_1606826,CBDDTY010003260.1,3610,1.9227146814404432,1,1.3293203737892556,1.0105597014925374,0,0
USNM_1606826,CBDDTY010000938.1,3606,1.552689961175818,1,1.0979098674035996,0,0,0
USNM_1606826,CBDDTY010001756.1,3604,1.3540510543840178,1,0.571365683247412,0.14366379310344826,0,0
USNM_1606826,CBDDTY010003080.1,3604,1.2599889012208656,1,0.7275915809157616,4.7514473684210525,0,0
USNM_1606826,CBDDTY010002368.1,3602,1.3475846751804552,1,0.7979465430418042,3.902879746835443,0,0
USNM_1606826,CBDDTY010001162.1,3594,2.446021146355036,2,1.69181557488865,1.3100436681222707,0,0
USNM_1606826,CBDDTY010001288.1,3593,1.4581129974951295,1,0.9958077501211191,2.2120183486238534,0,0
USNM_1606826,CBDDTY010001194.1,3590,2.427298050139276,2,1.9690079075957312,4.769146341463415,38,1.0584958217270195
USNM_1606826,CBDDTY010003184.1,3587,1.2874268190688598,1,0.5350677825667349,0.37037037037037035,0,0
USNM_1606826,CBDDTY010003376.1,3585,1.587168758716876,1,1.0081987788105768,1.5285798816568048,0,0
USNM_1606826,CBDDTY010002898.1,3581,1.283161128176487,1,0.6192612773434578,0,0,0
USNM_1606826,CBDDTY010002041.1,3578,1.587479038569033,1,0.8189670531142476,5.421638554216868,0,0
USNM_1606826,CBDDTY010002781.1,3572,1.2827547592385218,1,0.4704715882061138,0,0,0
USNM_1606826,CBDDTY010002671.1,3571,1.896947633716046,1,1.4845683080958796,0.17123287671232876,7,0.19602352282273874
USNM_1606826,CBDDTY010003061.1,3571,1.408008961075329,1,0.7042350765596184,2.4444444444444446,0,0
USNM_1606826,CBDDTY010002593.1,3568,1.233744394618834,1,0.5228335960229904,0,0,0
USNM_1606826,CBDDTY010002921.1,3567,1.5744322960470984,1,0.7552375032498437,3.5676357827476037,0,0
USNM_1606826,CBDDTY010001165.1,3566,3.029725182277061,1,4.859393215304532,4.313002915451895,257,7.206954570947841
USNM_1606826,CBDDTY010001478.1,3563,1.6095986528206567,1,0.9204690425552117,6.00828729281768,0,0
USNM_1606826,CBDDTY010003278.1,3562,1.4620999438517688,1,0.80844036222214,0.746268656716418,0,0
USNM_1606826,CBDDTY010003442.1,3560,1.6806179775280898,1,0.8942171054346878,0.21367521367521367,0,0
USNM_1606826,CBDDTY010002443.1,3559,1.5248665355436921,1,0.9996555493902647,11.465459770114942,0,0
USNM_1606826,CBDDTY010002573.1,3559,2.3596515875245854,1,3.166613974058003,1.7435833333333333,214,6.012924978926665
USNM_1606826,CBDDTY010003280.1,3556,1.4535995500562429,1,0.8401566938707178,0.3472222222222222,0,0
USNM_1606826,CBDDTY010002168.1,3553,1.9710104137348718,1,1.8956456499971812,9.077811447811447,11,0.30959752321981426
USNM_1606826,CBDDTY010003265.1,3553,1.297495074584858,1,0.64648819737712,0.9727626459143969,0,0
USNM_1606826,CBDDTY010001992.1,3552,1.7483108108108107,1,1.3025752566797204,3.49972049689441,0,0
USNM_1606826,CBDDTY010002600.1,3551,1.5336524922557027,1,0.8940694315880199,4.9422077922077925,0,0
USNM_1606826,CBDDTY010000255.1,3546,1.3172588832487309,1,0.5715600496582607,5.437375886524823,0,0
USNM_1606826,CBDDTY010002104.1,3545,1.9717912552891397,1,2.559736597045746,4.365102040816327,150,4.231311706629055
USNM_1606826,CBDDTY010000212.1,3540,1.061864406779661,1,0.25462752795493765,9.599145569620253,0,0
USNM_1606826,CBDDTY010000337.1,3540,1.321186440677966,1,0.6203233661074649,2.2388059701492535,0,0
USNM_1606826,CBDDTY010003486.1,3539,1.233399265329189,1,0.4230539213401129,0,0,0
USNM_1606826,CBDDTY010000444.1,3538,1.285472018089316,1,0.6984925125878614,0,0,0
USNM_1606826,CBDDTY010003031.1,3537,1.2332485156912638,1,0.4793737591365734,2.1311475409836067,0,0
USNM_1606826,CBDDTY010001149.1,3534,1.5874363327674024,1,1.1433463695646815,3.315136612021858,0,0
USNM_1606826,CBDDTY010002052.1,3533,1.7766770450042457,1,1.0384453201989665,4.531661631419939,0,0
USNM_1606826,CBDDTY010002718.1,3533,1.1975658080951033,1,0.45340634312972017,0.3508771929824561,0,0
USNM_1606826,CBDDTY010002723.1,3526,1.1741349971639252,1,0.42778701923659784,0,0,0
USNM_1606826,CBDDTY010001920.1,3521,1.2127236580516898,1,0.4546695791124047,0.2857142857142857,0,0
USNM_1606826,CBDDTY010000813.1,3520,1.237784090909091,1,0.5168308778203641,1.717557251908397,0,0
USNM_1606826,CBDDTY010002712.1,3519,1.9187269110542768,1,1.2440598936225995,18.60549504950495,0,0
USNM_1606826,CBDDTY010000941.1,3517,1.3764572078475974,1,0.5985312552273361,4.740755555555555,0,0
USNM_1606826,CBDDTY010001160.1,3516,8.887940841865756,6,8.128166938404755,2.5655493482309124,1360,38.68031854379977
USNM_1606826,CBDDTY010000764.1,3513,1.5499573014517507,1,0.8959988403265485,6.377932960893855,0,0
USNM_1606826,CBDDTY010001490.1,3511,1.348903446311592,1,0.8288930039771422,2.7777777777777777,0,0
USNM_1606826,CBDDTY010001595.1,3510,1.903988603988604,1,1.4160908304587945,2.2900763358778624,15,0.4273504273504274
USNM_1606826,CBDDTY010003520.1,3509,1.6870903391279566,1,1.0779781203370757,24.330357142857142,0,0
USNM_1606826,CBDDTY010000348.1,3507,1.7043056743655547,1,1.936260781538356,5.639647577092511,52,1.4827487881380097
USNM_1606826,CBDDTY010000400.1,3506,1.3374215630347974,1,0.6589297272314699,0.7936507936507936,0,0
USNM_1606826,CBDDTY010003268.1,3505,1.37660485021398,1,0.5922062297263488,2.888086642599278,0,0
USNM_1606826,CBDDTY010003498.1,3505,1.379172610556348,1,0.6746975477832746,0,0,0
USNM_1606826,CBDDTY010002934.1,3502,1.1876070816676185,1,0.44961570672254353,3.018867924528302,0,0
USNM_1606826,CBDDTY010000448.1,3500,2.248285714285714,1,2.9096738116632346,2.7784390243902437,180,5.142857142857142
USNM_1606826,CBDDTY010003323.1,3500,1.9,1,1.2755533293769397,0.34965034965034963,0,0
USNM_1606826,CBDDTY010003207.1,3491,1.2658264107705528,1,0.5504135175895041,1.901543624161074,0,0
USNM_1606826,CBDDTY010003449.1,3491,1.2262961902033802,1,0.5404089531100749,0,0,0
USNM_1606826,CBDDTY010003432.1,3490,1.5515759312320916,1,0.7833931846374323,3.2029251700680272,0,0
USNM_1606826,CBDDTY010000016.1,3489,2.116652335912869,2,1.375523513692578,4.682834008097166,1,0.028661507595299514
USNM_1606826,CBDDTY010001231.1,3489,1.122671252507882,1,0.3281064942036306,0.36101083032490977,0,0
USNM_1606826,CBDDTY010001614.1,3489,1.2645457151046144,1,0.6444951052116337,6.129032258064516,0,0
USNM_1606826,CBDDTY010002603.1,3487,1.273300831660453,1,0.463388300445888,11.73469387755102,0,0
USNM_1606826,CBDDTY010000396.1,3484,1.1053386911595866,1,0.30703340069578267,0.373134328358209,0,0
USNM_1606826,CBDDTY010003128.1,3484,1.9526406429391503,1,1.8168498438720786,0.6229360465116279,19,0.5453501722158438
USNM_1606826,CBDDTY010001670.1,3483,1.7734711455641687,1,1.3155575879953072,4.7252422907488985,0,0
USNM_1606826,CBDDTY010002411.1,3481,1.1703533467394427,1,0.4152206397903473,0.303,0,0
USNM_1606826,CBDDTY010003266.1,3479,1.6757688991089394,1,0.9541331834397699,1.1538461538461537,0,0
USNM_1606826,CBDDTY010002695.1,3477,1.27926373310325,1,0.5287572863627386,0,0,0
USNM_1606826,CBDDTY010002539.1,3476,1.3014959723820483,1,0.5417881985334349,0.3448275862068966,0,0
USNM_1606826,CBDDTY010001740.1,3473,1.1364814281600921,1,0.3433484995209756,0,0,0
USNM_1606826,CBDDTY010002909.1,3470,2.669740634005764,1,2.389532446270958,0,96,2.76657060518732
USNM_1606826,CBDDTY010003044.1,3470,1.5668587896253603,1,1.1112761954575632,2.08955223880597,0,0
USNM_1606826,CBDDTY010002666.1,3469,1.2744306716633036,1,0.5825069118540217,0,0,0
USNM_1606826,CBDDTY010002885.1,3468,2.2194348327566322,1,2.1434030297876183,13.457785714285714,60,1.7301038062283738
USNM_1606826,CBDDTY010002413.1,3463,2.9526422177302916,2,2.567980036610662,1.9121639344262296,99,2.8587929540860526
USNM_1606826,CBDDTY010002931.1,3460,1.3673410404624278,1,0.6407456125737053,1.7469879518072289,0,0
USNM_1606826,CBDDTY010001300.1,3458,1.180161943319838,1,0.4812838117043424,0,0,0
USNM_1606826,CBDDTY010001538.1,3458,1.8736263736263736,1,1.5084157634742026,1.5995238095238096,0,0
USNM_1606826,CBDDTY010002012.1,3457,1.1828174717963553,1,0.4364933385010121,0.3424657534246575,0,0
USNM_1606826,CBDDTY010003149.1,3457,1.3112525310963263,1,0.5435576704716569,4.914529914529915,0,0
USNM_1606826,CBDDTY010002352.1,3456,1.3862847222222223,1,0.6591908155879627,3.0364372469635628,0,0
USNM_1606826,CBDDTY010002079.1,3455,1.2694645441389292,1,0.7670336513445293,1.0695187165775402,0,0
USNM_1606826,CBDDTY010002439.1,3454,1.1734221192819918,1,0.4009546061124403,0.1510574018126888,0,0
USNM_1606826,CBDDTY010002914.1,3447,1.6478096895851464,1,1.0055621521193596,3.6042638036809818,0,0
USNM_1606826,CBDDTY010001522.1,3440,1.5584302325581396,1,0.9595263205812988,0.36496350364963503,0,0
USNM_1606826,CBDDTY010002522.1,3439,1.7400407095085781,1,1.154397766922622,0.8499556541019956,0,0
USNM_1606826,CBDDTY010001842.1,3437,2.088740180389875,1,2.3295149213131916,1.948051948051948,87,2.5312772766947917
USNM_1606826,CBDDTY010001633.1,3436,1.5715948777648427,1,1.0980182837289907,0.6329113924050633,0,0
USNM_1606826,CBDDTY010003427.1,3431,1.2585252113086565,1,0.46937963448985043,0,0,0
USNM_1606826,CBDDTY010002737.1,3429,1.5112277631962672,1,0.8213916761347044,0.136986301369863,0,0
USNM_1606826,CBDDTY010002743.1,3427,1.407645170703239,1,0.7051473860933579,3.3227848101265822,0,0
USNM_1606826,CBDDTY010001468.1,3426,1.2168709865732632,1,0.4395966488903658,4.205607476635514,0,0
USNM_1606826,CBDDTY010003434.1,3426,1.6220081727962639,1,0.7712915670439032,11.822709359605911,0,0
USNM_1606826,CBDDTY010001520.1,3425,2.8248175182481754,2,2.395532891893079,0.3076923076923077,42,1.2262773722627736
USNM_1606826,CBDDTY010003446.1,3425,1.4464233576642336,1,0.6326445307263775,0.3424657534246575,0,0
USNM_1606826,CBDDTY010003318.1,3423,1.2518258837277243,1,0.5849580722552028,0,0,0
USNM_1606826,CBDDTY010002289.1,3422,1.238457042665108,1,0.5796457538839518,8.054351464435147,0,0
USNM_1606826,CBDDTY010003497.1,3418,1.4552369806904624,1,0.7542002681627885,0,0,0
USNM_1606826,CBDDTY010001096.1,3416,1.4235948477751756,1,0.7068081917967677,3.8461538461538463,0,0
USNM_1606826,CBDDTY010003431.1,3414,1.4970708845928529,1,0.9467929287548611,0.18006172839506174,0,0
USNM_1606826,CBDDTY010002302.1,3408,1.4389671361502347,1,0.8038112115694857,0.3389830508474576,0,0
USNM_1606826,CBDDTY010002817.1,3408,1.2661384976525822,1,0.573254905400409,0.5154639175257731,0,0
USNM_1606826,CBDDTY010002895.1,3406,1.282442748091603,1,0.53710762787039,0.35714285714285715,0,0
USNM_1606826,CBDDTY010002630.1,3405,1.385315712187959,1,0.6099608417266584,3.208075117370892,0,0
USNM_1606826,CBDDTY010003020.1,3405,1.6422907488986784,1,1.3686422432253185,0.06369426751592357,0,0
USNM_1606826,CBDDTY010001204.1,3401,1.1673037341958248,1,0.3803265528937622,0,0,0
USNM_1606826,CBDDTY010002975.1,3400,1.103235294117647,1,0.31569907379818246,0,0,0
USNM_1606826,CBDDTY010003555.1,3399,3.5228008237716977,1,4.344290663648576,3.007518796992481,308,9.06148867313916
USNM_1606826,CBDDTY010003274.1,3396,1.38339222614841,1,0.6666521818257773,0.5586592178770949,0,0
USNM_1606826,CBDDTY010003100.1,3394,1.9637595757218622,1,1.490765604966756,0.2564,0,0
USNM_1606826,CBDDTY010001168.1,3393,1.2640730916592986,1,0.5318262717610701,9.370515021459228,0,0
USNM_1606826,CBDDTY010002844.1,3392,1.6898584905660377,1,1.1413944210656684,0.6369426751592356,0,0
USNM_1606826,CBDDTY010003153.1,3392,1.2502948113207548,1,0.6038556215475953,0,0,0
USNM_1606826,CBDDTY010001828.1,3391,1.6585078148038928,1,1.0456472568251076,0,0,0
USNM_1606826,CBDDTY010003295.1,3388,1.4763872491145218,1,0.7640256264916637,0.42735042735042733,0,0
USNM_1606826,CBDDTY010000966.1,3386,2.862669816893089,2,2.3490870953715506,5.49868,88,2.598936798582398
USNM_1606826,CBDDTY010003332.1,3386,1.4757826343768459,1,0.7911090463369322,0,0,0
USNM_1606826,CBDDTY010003206.1,3385,1.3276218611521418,1,0.5899241035805418,5.349794238683128,0,0
USNM_1606826,CBDDTY010001259.1,3384,1.1028368794326242,1,0.3037905985112947,0.4048582995951417,0,0
USNM_1606826,CBDDTY010001532.1,3378,2.4046773238602723,2,1.9931631810953392,1.529051987767584,42,1.2433392539964476
USNM_1606826,CBDDTY010001265.1,3377,1.4101273319514362,1,0.871306293993328,1.9959580838323352,0,0
USNM_1606826,CBDDTY010002115.1,3374,1.5002963841138115,1,0.9277964841091259,0.2994011976047904,0,0
USNM_1606826,CBDDTY010003502.1,3372,1.2737247924080664,1,0.5162307820082959,0.4166666666666667,0,0
USNM_1606826,CBDDTY010001835.1,3371,1.6131711658261643,1,1.2823354991633955,1.819462365591398,0,0
USNM_1606826,CBDDTY010002065.1,3371,2.4173835657075053,1,2.9266878679278094,4.305821727019499,210,6.229605458320973
USNM_1606826,CBDDTY010002843.1,3370,1.5225519287833829,1,0.8684274507895243,1.1627906976744187,0,0
USNM_1606826,CBDDTY010001642.1,3369,1.7263282873256158,1,1.7651343102687878,1.6771478873239436,34,1.0092015434847135
USNM_1606826,CBDDTY010000925.1,3365,2.4517087667161963,1,3.0072940793550527,2.1235521235521237,181,5.378900445765231
USNM_1606826,CBDDTY010002516.1,3365,1.3898959881129271,1,0.6456790578744195,0.23961661341853036,0,0
USNM_1606826,CBDDTY010002907.1,3359,1.6281631437927955,1,1.1904143360286925,3.1450240384615387,0,0
USNM_1606826,CBDDTY010003730.1,3359,2.4010122060136947,2,1.7283362191742944,0,43,1.2801428996725217
USNM_1606826,CBDDTY010002011.1,3349,1.1710958495073156,1,0.41005946993892417,3.0249110320284696,0,0
USNM_1606826,CBDDTY010003040.1,3347,1.2823423961756797,1,0.5483732492075978,6.701030927835052,0,0
USNM_1606826,CBDDTY010002815.1,3344,1.8074162679425838,1,1.572647603108901,4.7731330472103,0,0
USNM_1606826,CBDDTY010000979.1,3342,1.1128067025733095,1,0.3505124623612354,2.661596958174905,0,0
USNM_1606826,CBDDTY010003383.1,3341,1.5504340017958695,1,0.8259909437342258,0,0,0
USNM_1606826,CBDDTY010002324.1,3339,1.75591494459419,1,1.5075276145534389,0.22590361445783133,0,0
USNM_1606826,CBDDTY010002214.1,3335,1.6899550224887556,1,1.099082549895919,17.1598753894081,0,0
USNM_1606826,CBDDTY010002519.1,3334,1.4934013197360527,1,0.8694147669058476,4.640113636363636,0,0
USNM_1606826,CBDDTY010003393.1,3331,1.3896727709396577,1,0.6112569492890461,0.7383860759493671,0,0
USNM_1606826,CBDDTY010001826.1,3329,1.5169720636827877,1,0.8272135002528536,4.479768786127168,0,0
USNM_1606826,CBDDTY010003554.1,3329,1.3505557224391709,1,0.6837532238518885,0.36363636363636365,0,0
USNM_1606826,CBDDTY010003416.1,3328,1.6923076923076923,1,1.1519540874940903,2.3465703971119134,0,0
USNM_1606826,CBDDTY010002567.1,3323,1.390009027986759,1,0.8241808185053577,6.796116504854369,0,0
USNM_1606826,CBDDTY010003164.1,3323,2.81974119771291,2,2.4227390185543918,3.199539748953975,63,1.8958772193800784
USNM_1606826,CBDDTY010002900.1,3322,1.4641782059000603,1,0.8150639115531508,0.8409480122324159,0,0
USNM_1606826,CBDDTY010003491.1,3322,2.2944009632751357,1,2.0048177337888395,2.2988362068965515,37,1.1137868753762794
USNM_1606826,CBDDTY010003178.1,3321,2.147244805781391,1,1.9009348754216298,19.215647058823528,48,1.4453477868112015
USNM_1606826,CBDDTY010003504.1,3318,1.596745027124774,1,0.7715245814416746,1.4814814814814814,0,0
USNM_1606826,CBDDTY010002378.1,3315,1.253393665158371,1,0.6035374800466435,0,0,0
USNM_1606826,CBDDTY010001389.1,3311,1.2993053458169737,1,0.5481053337514802,18.13720588235294,0,0
USNM_1606826,CBDDTY010003302.1,3308,1.3917775090689237,1,0.6730943821242722,0.3787878787878788,0,0
USNM_1606826,CBDDTY010001716.1,3305,1.7376701966717096,1,1.1168910147801359,0.2564,0,0
USNM_1606826,CBDDTY010002685.1,3304,2.781779661016949,1,2.6648303813614387,5.787845528455285,116,3.5108958837772395
USNM_1606826,CBDDTY010003471.1,3303,1.4344535270965788,1,0.7723176924000039,0.3831417624521073,0,0
USNM_1606826,CBDDTY010001929.1,3302,1.1759539672925499,1,0.395663690696306,1.1627906976744187,0,0
USNM_1606826,CBDDTY010001916.1,3297,1.2902638762511374,1,0.7558865813035711,1.2820512820512822,0,0
USNM_1606826,CBDDTY010003549.1,3293,4.532948679016095,4,2.693522847610065,9.65015625,183,5.557242635894321
USNM_1606826,CBDDTY010003220.1,3290,2.1243161094224923,2,1.3811653518575702,12.30156462585034,0,0
USNM_1606826,CBDDTY010003404.1,3288,1.3470194647201947,1,0.6712512757919229,2,0,0
USNM_1606826,CBDDTY010002486.1,3284,2.245432399512789,2,1.4672982673259736,1.9147249190938511,0,0
USNM_1606826,CBDDTY010002173.1,3281,1.2535812252362084,1,0.5633686844103336,0.176056338028169,0,0
USNM_1606826,CBDDTY010002479.1,3278,1.4807809640024405,1,0.7283209379720464,4.318461538461539,0,0
USNM_1606826,CBDDTY010001944.1,3277,1.3994507171193165,1,0.6953796170073818,4.868913857677903,0,0
USNM_1606826,CBDDTY010002323.1,3277,1.7311565456209947,1,1.1597319956776928,5.974025974025974,0,0
USNM_1606826,CBDDTY010002208.1,3273,1.1714023831347389,1,0.4278090195056178,0,0,0
USNM_1606826,CBDDTY010002835.1,3272,1.5849633251833741,1,0.8298136567089022,0,0,0
USNM_1606826,CBDDTY010003009.1,3272,1.5296454767726162,1,0.8521242162026054,1.1673151750972763,0,0
USNM_1606826,CBDDTY010002980.1,3269,1.1254206179259711,1,0.39835092545057454,11.73469387755102,0,0
USNM_1606826,CBDDTY010002497.1,3267,2.293235384144475,2,1.453197216494524,0.45871559633027525,0,0
USNM_1606826,CBDDTY010003381.1,3265,1.3874425727411945,1,0.6565295029161,0,0,0
USNM_1606826,CBDDTY010003017.1,3262,1.3973022685469036,1,0.6297091855576802,0,0,0
USNM_1606826,CBDDTY010003245.1,3261,1.6065624041704998,1,0.7860399240064924,0.352112676056338,0,0
USNM_1606826,CBDDTY010001568.1,3256,1.4972358722358723,1,0.9174825509459895,4.521241134751773,0,0
USNM_1606826,CBDDTY010000586.1,3252,1.4615621156211562,1,0.9765310112271053,1.792828685258964,0,0
USNM_1606826,CBDDTY010002206.1,3246,1.2261244608749229,1,0.5124113349490074,0.5241090146750524,0,0
USNM_1606826,CBDDTY010002511.1,3241,1.4384449244060475,1,0.691654342241606,0,0,0
USNM_1606826,CBDDTY010003014.1,3241,1.1459426103054613,1,0.35310315061892517,0.18115942028985507,0,0
USNM_1606826,CBDDTY010003588.1,3241,2.2628818265967294,2,1.421834222653875,2.3809677419354838,0,0
USNM_1606826,CBDDTY010000655.1,3239,1.1367706082124112,1,0.4024364572057256,7.258064516129032,0,0
USNM_1606826,CBDDTY010001291.1,3236,1.3909147095179233,1,0.6172414306888624,0,0,0
USNM_1606826,CBDDTY010001806.1,3235,1.717774343122102,1,1.230327946897606,8.817486033519552,0,0
USNM_1606826,CBDDTY010001314.1,3232,1.2905321782178218,1,0.6200483913617464,5.967078189300412,0,0
USNM_1606826,CBDDTY010000289.1,3230,1.5315789473684212,1,0.7976193572197136,0.7537688442211056,0,0
USNM_1606826,CBDDTY010001680.1,3230,1.3452012383900929,1,0.7577616586015224,1.3100436681222707,0,0
USNM_1606826,CBDDTY010000801.1,3228,1.2995662949194549,1,0.6394042084687325,0.9751595744680851,0,0
USNM_1606826,CBDDTY010000855.1,3223,1.4703692212224635,1,0.816671466680445,2.99623595505618,0,0
USNM_1606826,CBDDTY010001599.1,3223,1.2885510394042816,1,0.6647195806069952,0.08445945945945946,0,0
USNM_1606826,CBDDTY010002175.1,3221,1.2989754734554486,1,0.5890002633851933,0,0,0
USNM_1606826,CBDDTY010002244.1,3220,1.3062111801242235,1,0.6566683720520814,0,0,0
USNM_1606826,CBDDTY010002165.1,3219,2.455420938179559,2,1.9718617950217734,1.0705902777777778,62,1.9260639950295124
USNM_1606826,CBDDTY010000916.1,3218,1.2600994406463641,1,0.5472106247897677,13.153135135135136,0,0
USNM_1606826,CBDDTY010001729.1,3218,2.410503418272219,2,2.1160550171734234,2.8374380165289255,25,0.7768800497203232
USNM_1606826,CBDDTY010001846.1,3217,1.2884675163195525,1,0.6032411795161283,6.2881318681318685,0,0
USNM_1606826,CBDDTY010001666.1,3208,1.100997506234414,1,0.3013723977103215,25.252525252525253,0,0
USNM_1606826,CBDDTY010003094.1,3208,1.3725062344139651,1,0.590923724439799,0,0,0
USNM_1606826,CBDDTY010003071.1,3204,1.7209737827715357,1,1.5753080824807695,20.870054054054055,9,0.2808988764044944
USNM_1606826,CBDDTY010002944.1,3203,1.6575085857009053,1,1.1397215926346413,1.5329799426934096,0,0
USNM_1606826,CBDDTY010001880.1,3202,1.146783260462211,1,0.35394499507480953,0.8298755186721992,0,0
USNM_1606826,CBDDTY010000372.1,3201,1.4704779756326147,1,1.3487795604611974,1.4167868852459016,27,0.8434864104967198
USNM_1606826,CBDDTY010003618.1,3201,1.8347391440174945,2,1.0567605285708737,0.32051282051282054,0,0
USNM_1606826,CBDDTY010002916.1,3193,2.1374882555590355,1,1.6278669192250523,3.4419815668202767,0,0
USNM_1606826,CBDDTY010002424.1,3192,1.156328320802005,1,0.4200372190757622,3.4653465346534653,0,0
USNM_1606826,CBDDTY010001319.1,3191,1.8718270134753996,2,1.0615209482960273,2.4060915492957746,0,0
USNM_1606826,CBDDTY010003118.1,3191,1.2140394860545283,1,0.48578896530956556,0.35587188612099646,0,0
USNM_1606826,CBDDTY010003528.1,3191,2.370416797242244,2,1.9905865729968912,45.40290084388186,38,1.1908492635537449
USNM_1606826,CBDDTY010001107.1,3190,1.84576802507837,1,1.1810298757307662,4.521223404255319,0,0
USNM_1606826,CBDDTY010000263.1,3188,1.3597867001254704,1,0.717420652419752,6.221198156682028,0,0
USNM_1606826,CBDDTY010002402.1,3187,1.473799811735174,1,0.6467268217792989,3.6457812499999998,0,0
USNM_1606826,CBDDTY010002395.1,3185,1.4800627943485087,1,0.8585558144395113,1.9055944055944056,0,0
USNM_1606826,CBDDTY010003532.1,3183,1.2434809927741124,1,0.5229798554094293,2.380952380952381,0,0
USNM_1606826,CBDDTY010002277.1,3182,1.874921433060968,1,1.4672596585091182,3.62359375,0,0
USNM_1606826,CBDDTY010003336.1,3182,1.3155248271527342,1,0.5548259520003502,1.7543859649122806,0,0
USNM_1606826,CBDDTY010000744.1,3173,1.3176804286164514,1,0.7016864318636972,2.536231884057971,0,0
USNM_1606826,CBDDTY010001335.1,3173,1.0816262212417271,1,0.34239108442955274,0,0,0
USNM_1606826,CBDDTY010002926.1,3172,1.3720050441361917,1,0.5360054222225159,16.344129032258063,0,0
USNM_1606826,CBDDTY010001269.1,3169,1.2120542757967814,1,0.4966743970139468,1.6049259259259259,0,0
USNM_1606826,CBDDTY010000544.1,3166,1.1977258370183197,1,0.46563538476018806,10.047846889952153,0,0
USNM_1606826,CBDDTY010002946.1,3166,2.488945041061276,1,2.0610824834570867,5.064377880184332,7,0.22109917877447885
USNM_1606826,CBDDTY010000882.1,3164,1.4623893805309736,1,0.7880959771105944,0.7554107648725212,0,0
USNM_1606826,CBDDTY010003394.1,3158,1.5275490816972768,1,0.75322203683442,0.6005855855855856,0,0
USNM_1606826,CBDDTY010001710.1,3156,1.5833333333333333,1,1.0725036741237675,3.75,0,0
USNM_1606826,CBDDTY010002276.1,3156,1.1451204055766793,1,0.35496695422001584,3.4334763948497855,0,0
USNM_1606826,CBDDTY010001514.1,3155,3.9334389857369256,2,5.499063798426462,0.8300298507462687,447,14.16798732171157
USNM_1606826,CBDDTY010002552.1,3153,1.6152870282270853,1,0.8934943886082588,4.95761421319797,0,0
USNM_1606826,CBDDTY010001720.1,3151,1.367185020628372,1,0.6042618299130211,4.80225988700565,0,0
USNM_1606826,CBDDTY010003213.1,3151,1.392573786099651,1,0.8221895325838143,3.7990909090909093,0,0
USNM_1606826,CBDDTY010002945.1,3149,1.801206732295967,1,1.2667625012476151,1.9833644859813084,0,0
USNM_1606826,CBDDTY010003439.1,3148,1.3939008894536213,1,0.6059662315225443,0.2,0,0
USNM_1606826,CBDDTY010001530.1,3146,3.0476795931341387,2,2.899528389974865,4.973064516129032,165,5.244755244755245
USNM_1606826,CBDDTY010000982.1,3141,1.3954154727793697,1,0.7747804256049866,0,0,0
USNM_1606826,CBDDTY010000986.1,3139,1.6384198789423383,1,1.1823277214266377,5.805687203791469,0,0
USNM_1606826,CBDDTY010001179.1,3139,1.812360624402676,1,1.1016645971290968,0.506958174904943,0,0
USNM_1606826,CBDDTY010002020.1,3139,1.1102261866836571,1,0.31322137359105706,2.4444444444444446,0,0
USNM_1606826,CBDDTY010002804.1,3138,1.5012746972594009,1,0.8443581445044128,0.9478672985781991,0,0
USNM_1606826,CBDDTY010000955.1,3130,1.2808306709265176,1,0.5642343905762724,8.534136546184738,0,0
USNM_1606826,CBDDTY010001432.1,3126,1.3602047344849648,1,0.5998425043879247,10.21018018018018,0,0
USNM_1606826,CBDDTY010002518.1,3125,1.53504,1,1.0617028334379115,1.2345679012345678,0,0
USNM_1606826,CBDDTY010001749.1,3120,1.219871794871795,1,0.4741364465003207,6.7930331753554505,0,0
USNM_1606826,CBDDTY010001322.1,3116,1.7025032092426187,1,1.0409312528615513,16.650717703349283,0,0
USNM_1606826,CBDDTY010002622.1,3115,1.2359550561797752,1,0.5654279313678503,4.026845637583893,0,0
USNM_1606826,CBDDTY010002733.1,3114,1.191393705844573,1,0.4203043546089614,0.3937007874015748,0,0
USNM_1606826,CBDDTY010003305.1,3105,1.5816425120772948,1,1.0222325008631876,0.7246245059288537,0,0
USNM_1606826,CBDDTY010002607.1,3101,2.2447597549177685,1,1.9221314904181843,3.0018508287292818,13,0.41921960657852303
USNM_1606826,CBDDTY010002962.1,3098,1.144609425435765,1,0.35176338723020323,0.22522522522522523,0,0
USNM_1606826,CBDDTY010002028.1,3097,1.5495640942847917,1,1.0259302691508696,0,0,0
USNM_1606826,CBDDTY010001142.1,3091,1.0795858945325139,1,0.2789380404371429,0,0,0
USNM_1606826,CBDDTY010003543.1,3090,1.4902912621359223,1,0.6982864699597647,4.779338235294118,0,0
USNM_1606826,CBDDTY010002182.1,3084,1.3203631647211413,1,0.7243239699964075,9.127162162162161,0,0
USNM_1606826,CBDDTY010003441.1,3081,1.2155144433625447,1,0.41124549877427324,2.262443438914027,0,0
USNM_1606826,CBDDTY010002387.1,3080,1.9707792207792207,1,1.4834115908920549,4.065913461538462,0,0
USNM_1606826,CBDDTY010002146.1,3077,2.227494312642184,1,2.4159979631036985,0.07826291079812207,90,2.924926876828079
USNM_1606826,CBDDTY010001399.1,3074,1.5998698763825634,1,1.3253443207271636,2.8795811518324608,0,0
USNM_1606826,CBDDTY010002489.1,3074,1.3256343526350032,1,0.6141407774847668,2.5,0,0
USNM_1606826,CBDDTY010001485.1,3070,1.1332247557003257,1,0.3398728390609751,13.425925925925926,0,0
USNM_1606826,CBDDTY010003190.1,3070,1.41628664495114,1,0.7958809050594614,10.06664,0,0
USNM_1606826,CBDDTY010003341.1,3069,1.3391984359726294,1,0.6169843037547157,0,0,0
USNM_1606826,CBDDTY010000549.1,3068,1.1952411994784875,1,0.41178059814454243,1.4285714285714286,0,0
USNM_1606826,CBDDTY010002675.1,3068,1.521186440677966,1,0.77615735628816,1.4563106796116505,0,0
USNM_1606826,CBDDTY010002513.1,3063,1.790401567091087,1,1.450403422119169,7.28476821192053,0,0
USNM_1606826,CBDDTY010000066.1,3062,1.2619203135205748,1,0.7769843253259286,2.95140625,0,0
USNM_1606826,CBDDTY010002507.1,3062,1.2433050293925538,1,0.42914780474988146,3.7848605577689245,0,0
USNM_1606826,CBDDTY010001117.1,3055,1.4873977086743044,1,0.893706587330743,3.5211267605633805,0,0
USNM_1606826,CBDDTY010003244.1,3053,1.3825745168686538,1,0.7390868237182352,0,0,0
USNM_1606826,CBDDTY010002084.1,3051,1.093084234677155,1,0.29059807032388096,2.100840336134454,0,0
USNM_1606826,CBDDTY010001906.1,3048,4.5065616797900265,1,6.262234333960283,1.3973668639053254,506,16.601049868766403
USNM_1606826,CBDDTY010001997.1,3047,2.292090580899245,1,2.6469943176358997,3.2591959798994976,173,5.677715786019035
USNM_1606826,CBDDTY010002113.1,3046,1.2688772160210111,1,0.5335353353329696,0,0,0
USNM_1606826,CBDDTY010003382.1,3046,1.3309258043335521,1,0.710795661673673,1.5486725663716814,0,0
USNM_1606826,CBDDTY010002708.1,3043,2.465330266184686,2,1.9520124263228698,7.612938144329897,14,0.46007229707525465
USNM_1606826,CBDDTY010002611.1,3042,3.095989480604865,2,2.985439347877699,5.06358024691358,190,6.245890861275476
USNM_1606826,CBDDTY010000748.1,3037,1.1768192295027988,1,0.4781276868161858,16.463414634146343,0,0
USNM_1606826,CBDDTY010002852.1,3033,1.3712495878667985,1,0.6332823162736161,0,0,0
USNM_1606826,CBDDTY010002970.1,3031,1.2672385351369184,1,0.5276314803495024,0.42016806722689076,0,0
USNM_1606826,CBDDTY010003652.1,3031,1.861431870669746,1,1.1097826900058996,3.0943396226415096,0,0
USNM_1606826,CBDDTY010003346.1,3027,1.2893954410307236,1,0.5388077686143693,0,0,0
USNM_1606826,CBDDTY010000848.1,3018,1.2249834327369118,1,0.5117888484326897,0,0,0
USNM_1606826,CBDDTY010003001.1,3018,1.3240556660039762,1,0.5823254556036408,4.186046511627907,0,0
USNM_1606826,CBDDTY010002966.1,3014,1.2528201725282018,1,0.5131367612274889,0.4032258064516129,0,0
USNM_1606826,CBDDTY010002085.1,3013,1.6754065715233986,1,0.9625365633437173,0.5911330049261084,0,0
USNM_1606826,CBDDTY010003081.1,3011,1.1727000996346728,1,0.378050581170798,0,0,0
USNM_1606826,CBDDTY010003137.1,3011,1.5386914646296912,1,0.765589353328823,0,0,0
USNM_1606826,CBDDTY010003193.1,3007,1.1546391752577319,1,0.44939997829039785,1.5625,0,0
USNM_1606826,CBDDTY010002348.1,3006,2.4614105123087158,1,2.77143881127983,3.679451219512195,112,3.7258815701929473
USNM_1606826,CBDDTY010003125.1,3003,1.462870462870463,1,0.7041823416959899,0,0,0
USNM_1606826,CBDDTY010002861.1,3002,1.9293804130579613,1,2.0646844573816225,14.880892857142857,71,2.365089940039973
USNM_1606826,CBDDTY010001958.1,2997,1.6649983316649983,1,1.2907778992184133,4.970760233918129,0,0
USNM_1606826,CBDDTY010002732.1,2989,1.4355971896955504,1,0.6080815782678995,0,0,0
USNM_1606826,CBDDTY010003721.1,2988,2.0565595716198124,2,1.001077663779086,29.627352941176472,0,0
USNM_1606826,CBDDTY010001593.1,2982,1.7578806170355465,1,1.1422168992729849,0.46296296296296297,0,0
USNM_1606826,CBDDTY010002873.1,2982,1.9932930918846412,2,1.1545842095867538,1.0135135135135136,0,0
USNM_1606826,CBDDTY010002696.1,2981,1.1361959074136196,1,0.4107222569397247,0,0,0
USNM_1606826,CBDDTY010002788.1,2979,1.226250419603894,1,0.486039910110207,1.978675799086758,0,0
USNM_1606826,CBDDTY010001500.1,2978,1.3344526527871055,1,0.5519334683803125,0,0,0
USNM_1606826,CBDDTY010003098.1,2974,1.8322125084061869,1,1.2944126925102677,4.583333333333333,0,0
USNM_1606826,CBDDTY010002697.1,2972,1.4572678331090174,1,0.7881598179440665,8.543598130841122,0,0
USNM_1606826,CBDDTY010002597.1,2971,1.5496465836418714,1,1.0323760846248464,0,0,0
USNM_1606826,CBDDTY010000394.1,2969,1.336476928258673,1,0.6270141531130206,0.4048582995951417,0,0
USNM_1606826,CBDDTY010000768.1,2968,1.1620619946091644,1,0.36948309231716514,11.864406779661017,0,0
USNM_1606826,CBDDTY010000413.1,2967,1.7155375800471857,1,1.2902865647877169,1.5614035087719298,0,0
USNM_1606826,CBDDTY010001114.1,2964,1.2115384615384615,1,0.4819962793451066,1.7543859649122806,0,0
USNM_1606826,CBDDTY010002686.1,2964,1.2628205128205128,1,0.6884277578390887,11.822660098522167,0,0
USNM_1606826,CBDDTY010002060.1,2959,2.1453193646502196,1,1.6436729629279399,0.269943661971831,0,0
USNM_1606826,CBDDTY010003276.1,2959,1.5508617776275768,1,0.7248359732537665,2.7675276752767526,0,0
USNM_1606826,CBDDTY010003373.1,2955,1.521150592216582,1,0.9330006498328454,0.78125,0,0
USNM_1606826,CBDDTY010001662.1,2952,1.3814363143631436,1,1.0016087889263912,4.453497267759563,0,0
USNM_1606826,CBDDTY010003746.1,2951,5.64656048797018,5,3.3002497383134917,0,368,12.470349034225686
USNM_1606826,CBDDTY010000503.1,2950,4.329152542372881,2,5.310609638344442,2.145138888888889,396,13.423728813559322
USNM_1606826,CBDDTY010002374.1,2943,1.7223921168875298,1,1.0341211961697117,0.4694835680751174,0,0
USNM_1606826,CBDDTY010003379.1,2935,1.3212947189097104,1,0.5907775311960518,0,0,0
USNM_1606826,CBDDTY010002190.1,2933,1.3419706784861916,1,0.6322407069737677,7.713918918918919,0,0
USNM_1606826,CBDDTY010002068.1,2929,2.289177193581427,2,1.743260531420548,4.913665338645418,0,0
USNM_1606826,CBDDTY010002571.1,2926,1.2826384142173617,1,0.5862405303861489,0,0,0
USNM_1606826,CBDDTY010001652.1,2925,1.7504273504273504,1,1.4295843251158538,5.510204081632653,0,0
USNM_1606826,CBDDTY010002986.1,2925,1.9282051282051282,2,1.0579842804417232,0.877218045112782,0,0
USNM_1606826,CBDDTY010000132.1,2920,1.1215753424657535,1,0.32685067638582876,5.617977528089888,0,0
USNM_1606826,CBDDTY010003627.1,2919,1.4021925316889345,1,0.6518350665687087,2.888086642599278,0,0
USNM_1606826,CBDDTY010002187.1,2912,1.2637362637362637,1,0.5350801201257742,1.0526315789473684,0,0
USNM_1606826,CBDDTY010003358.1,2909,1.370917841182537,1,0.7004566326898792,9.872611464968152,0,0
USNM_1606826,CBDDTY010002425.1,2907,1.5187478500171998,1,1.1649457070627856,1.8518518518518519,0,0
USNM_1606826,CBDDTY010002779.1,2904,1.7572314049586777,1,1.1494952599140578,2.4017467248908297,0,0
USNM_1606826,CBDDTY010001607.1,2903,2.7109886324491903,2,2.1147735615469108,1.2755357142857142,32,1.1023079572855667
USNM_1606826,CBDDTY010002582.1,2903,1.5721667240785395,1,0.9382431254249342,0.9689922480620154,0,0
USNM_1606826,CBDDTY010002119.1,2900,1.2648275862068965,1,0.487375076216007,14.95724358974359,0,0
USNM_1606826,CBDDTY010002669.1,2897,1.392129789437349,1,0.7378248790937174,4.790419161676646,0,0
USNM_1606826,CBDDTY010003167.1,2896,1.137085635359116,1,0.3606638490447139,0.45662100456621,0,0
USNM_1606826,CBDDTY010003402.1,2895,1.6141623488773749,1,0.9212269363801625,3.812074468085106,0,0
USNM_1606826,CBDDTY010002185.1,2894,1.8313752591568764,1,1.2968774653772965,1.3307984790874525,0,0
USNM_1606826,CBDDTY010002775.1,2894,1.5100207325501036,1,0.9227338434533259,4.761904761904762,0,0
USNM_1606826,CBDDTY010002223.1,2890,1.442560553633218,1,0.7077098659618614,8.106,0,0
USNM_1606826,CBDDTY010003418.1,2889,1.4413291796469367,1,0.6918363736099576,19.469026548672566,0,0
USNM_1606826,CBDDTY010003035.1,2888,1.6568559556786704,1,1.457746201352339,11.322067510548523,13,0.4501385041551247
USNM_1606826,CBDDTY010002581.1,2886,2.2616077616077614,2,1.6159394668366958,0.6319702602230484,0,0
USNM_1606826,CBDDTY010003391.1,2885,1.3954939341421144,1,0.7109558287337463,0,0,0
USNM_1606826,CBDDTY010002764.1,2881,1.9243318292259632,1,1.529967358354063,2.9183817427385894,0,0
USNM_1606826,CBDDTY010002491.1,2880,2.0284722222222222,1,1.3277785690280555,1.2962626262626262,0,0
USNM_1606826,CBDDTY010003181.1,2880,1.4239583333333334,1,0.7795018214311301,0.84695081967213115,0,0
USNM_1606826,CBDDTY010003105.1,2878,1.4166087560806115,1,0.71613950301995,14.492753623188406,0,0
USNM_1606826,CBDDTY010003056.1,2873,1.4500522102332056,1,1.0441311131250257,0,0,0
USNM_1606826,CBDDTY010002638.1,2872,1.5445682451253482,1,0.6913646757041817,1.8518518518518519,0,0
USNM_1606826,CBDDTY010001728.1,2870,1.7128919860627179,1,1.2952742746911865,4.418453237410072,0,0
USNM_1606826,CBDDTY010001994.1,2870,1.348432055749129,1,0.5661436462425895,0.44642857142857145,0,0
USNM_1606826,CBDDTY010003248.1,2869,1.252701289647961,1,0.5133474946668806,0.7751937984496124,0,0
USNM_1606826,CBDDTY010003445.1,2867,1.79351238228113,1,1.417879958431402,0.7646887966804979,0,0
USNM_1606826,CBDDTY010003348.1,2866,1.249476622470342,1,0.48740657669601567,1.5394779116465864,0,0
USNM_1606826,CBDDTY010000462.1,2860,1.1713286713286712,1,0.4232029269757268,10.643514851485149,0,0
USNM_1606826,CBDDTY010002078.1,2860,1.406993006993007,1,0.7325586880930248,9.978070175438596,0,0
USNM_1606826,CBDDTY010001292.1,2859,1.4176285414480587,1,0.7796734350542267,1.40656050955414,0,0
USNM_1606826,CBDDTY010001433.1,2856,1.5686274509803921,1,0.8383431703760891,1.2444266666666666,0,0
USNM_1606826,CBDDTY010002731.1,2855,1.3943957968476357,1,0.5726511492479127,2.616279069767442,0,0
USNM_1606826,CBDDTY010001444.1,2846,1.4293745607870696,1,0.7403282145635173,15.5556,0,0
USNM_1606826,CBDDTY010003515.1,2846,1.1419536191145467,1,0.3490638939592342,0,0,0
USNM_1606826,CBDDTY010003597.1,2845,2.0636203866432337,2,1.2046973098269753,2.464788732394366,0,0
USNM_1606826,CBDDTY010001677.1,2841,1.3896515311510031,1,0.7429612796328934,1.1494252873563218,0,0
USNM_1606826,CBDDTY010003010.1,2841,1.5001759943681803,1,0.849243638626437,0,0,0
USNM_1606826,CBDDTY010002131.1,2839,1.467770341669602,1,0.7759603807058824,8.151310043668122,0,0
USNM_1606826,CBDDTY010003447.1,2839,1.4952448045086297,1,0.6865479325788425,1.7937219730941705,0,0
USNM_1606826,CBDDTY010002266.1,2837,1.214310891787099,1,0.479369509002501,27.810650887573964,0,0
USNM_1606826,CBDDTY010002612.1,2836,1.42524682651622,1,0.8580261847777,0,0,0
USNM_1606826,CBDDTY010002918.1,2836,1.4506346967559944,1,0.6603106685708741,0.5147876447876448,0,0
USNM_1606826,CBDDTY010003419.1,2835,1.8430335097001764,1,1.3843502142932962,0.06486381322957199,0,0
USNM_1606826,CBDDTY010002803.1,2833,1.5428873985174727,1,0.9664278357336546,11.444805194805195,0,0
USNM_1606826,CBDDTY010003450.1,2833,1.1786092481468409,1,0.4208646099739985,0,0,0
USNM_1606826,CBDDTY010002006.1,2832,1.3230932203389831,1,0.6508885059579811,1.4423076923076923,0,0
USNM_1606826,CBDDTY010002016.1,2832,1.228813559322034,1,0.5433288338327725,1.953125,0,0
USNM_1606826,CBDDTY010002766.1,2829,1.7451396253092966,1,1.25824658394132,1.675977653631285,0,0
USNM_1606826,CBDDTY010003142.1,2827,1.5787053413512557,1,1.0411284064185231,3.9080645161290324,0,0
USNM_1606826,CBDDTY010003288.1,2827,1.1899540148567387,1,0.40036903271528296,2.5943396226415096,0,0
USNM_1606826,CBDDTY010002483.1,2825,1.3589380530973452,1,0.5228614931234186,3.0303030303030303,0,0
USNM_1606826,CBDDTY010000729.1,2823,1.1909316330145236,1,0.4792238623100489,0.4854368932038835,0,0
USNM_1606826,CBDDTY010002943.1,2823,1.3687566418703507,1,0.6862846737112821,0,0,0
USNM_1606826,CBDDTY010002149.1,2819,1.340191557289819,1,0.5520322787845904,5.152671755725191,0,0
USNM_1606826,CBDDTY010000917.1,2818,1.0997161107168205,1,0.31243303741976947,7.948717948717949,0,0
USNM_1606826,CBDDTY010003375.1,2814,1.7501776830135038,1,0.98394052967091306,3.5381564245810058,0,0
USNM_1606826,CBDDTY010001189.1,2809,1.33250266998932,1,0.6937455901222679,0,0,0
USNM_1606826,CBDDTY010002184.1,2809,1.5788536845852617,1,1.0927082701049193,7.731609756097561,0,0
USNM_1606826,CBDDTY010003325.1,2809,1.3029547881808472,1,0.5614596981202508,2.577319587628866,0,0
USNM_1606826,CBDDTY010002476.1,2808,2.013888888888889,1,1.3218260859134452,8.058608058608058,0,0
USNM_1606826,CBDDTY010003523.1,2808,1.2599715099715099,1,0.48571353046136634,2.032520325203252,0,0
USNM_1606826,CBDDTY010000137.1,2805,1.0131907308377897,1,0.11411125124250028,0,0,0
USNM_1606826,CBDDTY010003148.1,2801,1.4252052838272045,1,0.599577382996259,2.8634361233480177,0,0
USNM_1606826,CBDDTY010003238.1,2799,1.67524115755627,1,1.2963072603753618,0,0,0
USNM_1606826,CBDDTY010002700.1,2797,1.9535216303181981,1,1.8740718076368674,1.613939393939394,12,0.42903110475509476
USNM_1606826,CBDDTY010001937.1,2796,1.395922746781116,1,0.9306380213417219,1.4534302325581394,0,0
USNM_1606826,CBDDTY010002074.1,2796,1.19241773962804,1,0.4248452337714987,0,0,0
USNM_1606826,CBDDTY010001695.1,2793,1.318653777300394,1,0.5803609371829102,0.6134969325153374,0,0
USNM_1606826,CBDDTY010002956.1,2792,2.2084527220630372,1,2.7501135454725345,0,134,4.799426934097421
USNM_1606826,CBDDTY010003076.1,2790,1.5996415770609318,1,0.8989455680435546,4.109589041095891,0,0
USNM_1606826,CBDDTY010002043.1,2789,1.1652922194334887,1,0.3715106848630576,0,0,0
USNM_1606826,CBDDTY010002365.1,2789,1.319827895302976,1,0.5425620439333416,2.763819095477387,0,0
USNM_1606826,CBDDTY010003283.1,2786,1.485283560660445,1,0.8691597349616833,8.55835,0,0
USNM_1606826,CBDDTY010003552.1,2784,2.9500718390804597,2,2.761189627441268,0.992610294117647,147,5.280172413793103
USNM_1606826,CBDDTY010000209.1,2783,1.1703197987782967,1,0.44836487632478794,1.650943396226415,0,0
USNM_1606826,CBDDTY010003293.1,2783,1.6733740567732662,1,1.0556235729767458,0,0,0
USNM_1606826,CBDDTY010002922.1,2782,1.710999281092739,1,0.8672480462232336,0,0,0
USNM_1606826,CBDDTY010001298.1,2776,1.6041066282420748,1,1.1741837393915597,8.231707317073171,0,0
USNM_1606826,CBDDTY010003524.1,2776,1.2327089337175792,1,0.5800497116995081,0,0,0
USNM_1606826,CBDDTY010003045.1,2774,2.2180966113914926,2,1.5318533436544286,3.318874458874459,0,0
USNM_1606826,CBDDTY010002509.1,2773,1.3303281644428417,1,0.6303470840590941,4.481132075471698,0,0
USNM_1606826,CBDDTY010003170.1,2772,1.6507936507936507,1,0.9589119777907558,3.2085561497326203,0,0
USNM_1606826,CBDDTY010002100.1,2771,1.2648863226272105,1,0.5082615089115256,0,0,0
USNM_1606826,CBDDTY010002075.1,2769,1.399783315276273,1,0.7010623312781299,0.78125,0,0
USNM_1606826,CBDDTY010001403.1,2768,1.4909682080924855,1,1.0570591873115212,1.839080459770115,0,0
USNM_1606826,CBDDTY010001210.1,2767,1.5222262378026743,1,0.7409085232062252,0,0,0
USNM_1606826,CBDDTY010002549.1,2765,1.2227848101265824,1,0.47467124618458095,0.44642857142857145,0,0
USNM_1606826,CBDDTY010003069.1,2759,1.553098948894527,1,0.7804655933590627,26.23462962962963,0,0
USNM_1606826,CBDDTY010002797.1,2750,1.4094545454545455,1,0.7448023318808719,4.225352112676056,0,0
USNM_1606826,CBDDTY010003115.1,2744,1.405612244897959,1,0.6835266923304242,1.016260162601626,0,0
USNM_1606826,CBDDTY010003172.1,2739,1.2329317269076305,1,0.4227762940678679,0,0,0
USNM_1606826,CBDDTY010002447.1,2734,1.509144111192392,1,0.9692059581172507,2.178381742738589,0,0
USNM_1606826,CBDDTY010000788.1,2733,1.2407610684229784,1,0.5833146114543963,21.09375,0,0
USNM_1606826,CBDDTY010002435.1,2732,1.3989751098096632,1,0.6526057199189933,2.8828648648648647,0,0
USNM_1606826,CBDDTY010003579.1,2730,1.3285714285714285,1,0.5692342572594812,0.6410256410256411,0,0
USNM_1606826,CBDDTY010001185.1,2729,1.4957860021986076,1,0.8996988619336436,3.7545604395604397,0,0
USNM_1606826,CBDDTY010002077.1,2721,4.0411613377434765,2,4.714549988278337,1.0541538461538462,407,14.957736126424109
USNM_1606826,CBDDTY010003285.1,2720,1.4908088235294117,1,1.040159092668587,0.27624309392265195,0,0
USNM_1606826,CBDDTY010003673.1,2719,1.4887826406767193,1,0.8136545955057214,0,0,0
USNM_1606826,CBDDTY010001690.1,2714,1.560427413411938,1,0.8496632979840825,25,0,0
USNM_1606826,CBDDTY010003499.1,2712,1.2315634218289087,1,0.5946330018546466,0,0,0
USNM_1606826,CBDDTY010002331.1,2710,1.5468634686346863,1,0.8244931638841927,22.916666666666668,0,0
USNM_1606826,CBDDTY010002467.1,2710,1.7509225092250922,1,1.0626156278649626,1.09125,0,0
USNM_1606826,CBDDTY010002284.1,2708,1.5716395864106352,1,1.049759752316066,18.823529411764707,0,0
USNM_1606826,CBDDTY010002940.1,2708,1.856351550960118,1,1.3962217148280311,1.4524647887323943,7,0.258493353028065
USNM_1606826,CBDDTY010002157.1,2706,1.3100517368810052,1,0.526863067913806,15.131578947368421,0,0
USNM_1606826,CBDDTY010000949.1,2702,1.4974093264248705,1,0.9937758661553905,2.961065989847716,0,0
USNM_1606826,CBDDTY010002823.1,2699,1.2845498332715821,1,0.5735282605904072,10.458825910931173,0,0
USNM_1606826,CBDDTY010003395.1,2699,2.223045572434235,2,1.4842547187724024,0,0,0
USNM_1606826,CBDDTY010003319.1,2696,1.6045994065281899,1,1.7354219696515265,4.174387755102041,48,1.7804154302670623
USNM_1606826,CBDDTY010000183.1,2694,1.1440237564959168,1,0.35117900327747015,5.167173252279635,0,0
USNM_1606826,CBDDTY010000816.1,2693,1.4170070553286298,1,0.8812688991083495,5.128205128205129,0,0
USNM_1606826,CBDDTY010001839.1,2691,1.6313638052768487,1,1.0578636138884272,1.9011406844106464,0,0
USNM_1606826,CBDDTY010003377.1,2690,1.6821561338289963,1,1.116035373614771,1.1176470588235294,0,0
USNM_1606826,CBDDTY010002159.1,2686,1.3618763961280715,1,0.640139691157311,0.0984251968503937,0,0
USNM_1606826,CBDDTY010002293.1,2686,1.4635145197319435,1,0.7886353918975135,2.1885353535353533,0,0
USNM_1606826,CBDDTY010003289.1,2676,1.15695067264574,1,0.37892159694496574,0,0,0
USNM_1606826,CBDDTY010002834.1,2675,1.6818691588785046,1,1.2938307465912358,0,0,0
USNM_1606826,CBDDTY010002989.1,2673,1.296670407781519,1,0.6153416504612589,0,0,0
USNM_1606826,CBDDTY010003356.1,2673,1.4257388701833147,1,0.6683356880829722,0.9258796296296296,0,0
USNM_1606826,CBDDTY010000457.1,2671,1.7948333957319356,1,1.514421151312766,0,0,0
USNM_1606826,CBDDTY010003815.1,2671,2.5368775739423435,2,1.856673110919499,3.537133105802048,39,1.4601272931486335
USNM_1606826,CBDDTY010001964.1,2663,1.1926398798347728,1,0.43260074442136015,1.7777777777777777,0,0
USNM_1606826,CBDDTY010003016.1,2663,1.2076605332331956,1,0.47954544480123873,0,0,0
USNM_1606826,CBDDTY010003212.1,2661,1.1593385945133408,1,0.41242016129912196,15.265486725663717,0,0
USNM_1606826,CBDDTY010002678.1,2660,1.224812030075188,1,0.43776347292005796,0,0,0
USNM_1606826,CBDDTY010002540.1,2659,1.1741256111320044,1,0.5184263979002566,0.7129946524064171,0,0
USNM_1606826,CBDDTY010003444.1,2659,1.4069198946972545,1,0.5990061602032685,17.141392405063293,0,0
USNM_1606826,CBDDTY010000614.1,2658,1.4608728367193378,1,0.7702676792591375,15.773690476190476,0,0
USNM_1606826,CBDDTY010002124.1,2656,3.5877259036144578,2,2.980132573578673,6.758241758241758,156,5.873493975903615
USNM_1606826,CBDDTY010003252.1,2656,1.9977409638554218,1,1.7627647397205146,0.1729608938547486,4,0.15060240963855423
USNM_1606826,CBDDTY010002637.1,2654,1.2852298417483043,1,0.5370133548694617,15.986394557823129,0,0
USNM_1606826,CBDDTY010002430.1,2652,1.6150075414781297,1,0.8184782919482245,0,0,0
USNM_1606826,CBDDTY010003798.1,2650,4.044150943396226,4,2.82400821542069,0.36363636363636365,151,5.69811320754717
USNM_1606826,CBDDTY010003509.1,2648,1.2836102719033233,1,0.4824101615424652,0.5319148936170213,0,0
USNM_1606826,CBDDTY010002242.1,2645,1.2631379962192817,1,0.514853486874485,2.0833152173913043,0,0
USNM_1606826,CBDDTY010003493.1,2645,1.6495274102079396,1,0.8762524879082172,0,0,0
USNM_1606826,CBDDTY010003946.1,2644,22.23714069591528,12,27.29721998642693,1.816877971473851,1436,54.311649016641454
USNM_1606826,CBDDTY010001524.1,2638,1.6929492039423806,1,1.3663834517713829,1.0810810810810811,0,0
USNM_1606826,CBDDTY010002353.1,2637,2.793325748957148,2,2.2294724136531454,3.418791208791209,0,0
USNM_1606826,CBDDTY010000660.1,2635,1.6956356736242884,1,1.3914670825080164,0.660377358490566,0,0
USNM_1606826,CBDDTY010002826.1,2634,1.4479878511769173,1,0.7680909237531767,3.6496350364963503,0,0
USNM_1606826,CBDDTY010000812.1,2633,1.2442081276110901,1,0.5879922350852458,2.142857142857143,0,0
USNM_1606826,CBDDTY010002807.1,2631,1.3055872291904218,1,0.6438677885833763,0.1141552511415525,0,0
USNM_1606826,CBDDTY010001959.1,2630,1.1711026615969582,1,0.482088379748663,2.487562189054726,0,0
USNM_1606826,CBDDTY010002928.1,2626,1.4067022086824068,1,0.6189521225048147,0.9009009009009009,0,0
USNM_1606826,CBDDTY010001161.1,2625,3.7146666666666666,1,4.486314102650669,1.2195121951219512,260,9.904761904761905
USNM_1606826,CBDDTY010003620.1,2624,1.763719512195122,1,1.1818144997594906,0.25,0,0
USNM_1606826,CBDDTY010002473.1,2620,1.8091603053435115,1,1.3823438204108576,5.766777251184834,0,0
USNM_1606826,CBDDTY010003309.1,2615,1.1621414913957935,1,0.41085687217569483,1.8181818181818181,0,0
USNM_1606826,CBDDTY010002221.1,2611,1.409804672539257,1,0.7034422752646446,1.477832512315271,0,0
USNM_1606826,CBDDTY010001864.1,2610,1.1735632183908047,1,0.45087363008523174,0,0,0
USNM_1606826,CBDDTY010002636.1,2609,1.411268685320046,1,0.7870960597697448,0.9345794392523364,0,0
USNM_1606826,CBDDTY010002923.1,2609,1.500191644308164,1,0.8317533369726418,0,0,0
USNM_1606826,CBDDTY010001405.1,2608,1.7427147239263803,1,1.119338943316447,3.020349344978166,0,0
USNM_1606826,CBDDTY010001037.1,2607,1.3924050632911393,1,0.6727823410123345,3.068326359832636,0,0
USNM_1606826,CBDDTY010003226.1,2607,1.3475258918296893,1,0.7093124507051636,3.225806451612903,0,0
USNM_1606826,CBDDTY010000860.1,2605,1.1873320537428023,1,0.39025276271543863,41.52542372881356,0,0
USNM_1606826,CBDDTY010002298.1,2605,1.5788867562380038,1,1.1451894261022204,5.303,0,0
USNM_1606826,CBDDTY010003634.1,2605,1.5589251439539347,1,0.8042239178150687,0,0,0
USNM_1606826,CBDDTY010000852.1,2603,1.2965808682289666,1,0.6510913116674485,3.2679738562091503,0,0
USNM_1606826,CBDDTY010003157.1,2599,1.3932281646787226,1,0.6477653942921567,0,0,0
USNM_1606826,CBDDTY010001922.1,2598,1.1635873749037722,1,0.3699719341549301,23.426573426573427,0,0
USNM_1606826,CBDDTY010001218.1,2595,1.2585741811175337,1,0.582942025386317,8.791208791208792,0,0
USNM_1606826,CBDDTY010001038.1,2587,1.3513722458446076,1,0.9495394390838017,0,0,0
USNM_1606826,CBDDTY010002444.1,2583,1.3112659698025553,1,0.6736555766073413,5.76931623931624,0,0
USNM_1606826,CBDDTY010002663.1,2581,1.3351414180550174,1,0.5544403817994558,0.5025125628140703,0,0
USNM_1606826,CBDDTY010001525.1,2578,1.4026377036462374,1,0.543798445712789,0.8130081300813008,0,0
USNM_1606826,CBDDTY010002537.1,2571,1.1703617269544924,1,0.4039597600996171,0,0,0
USNM_1606826,CBDDTY010003307.1,2571,1.3784519642162583,1,0.5588921221570182,6.214689265536723,0,0
USNM_1606826,CBDDTY010002361.1,2570,1.1867704280155642,1,0.4801834809533847,3.0150753768844223,0,0
USNM_1606826,CBDDTY010003197.1,2566,3.867887763055339,2,4.346323935815103,5.453005464480874,319,12.431800467653936
USNM_1606826,CBDDTY010002619.1,2559,2.552168815943728,2,2.4833129923415957,1.3467307692307693,110,4.298554122704181
USNM_1606826,CBDDTY010003661.1,2559,1.4372801875732708,1,0.733878988567883,0,0,0
USNM_1606826,CBDDTY010002726.1,2556,3.0152582159624415,2,1.921187349920386,0.5714285714285714,0,0
USNM_1606826,CBDDTY010003320.1,2556,1.3806729264475743,1,0.608036602361048,0,0,0
USNM_1606826,CBDDTY010002003.1,2555,1.2352250489236791,1,0.515093161851719,1.5625,0,0
USNM_1606826,CBDDTY010002602.1,2553,2.039169604386996,2,1.1225954867125305,5.110703125,0,0
USNM_1606826,CBDDTY010003101.1,2548,1.2974882260596545,1,0.5289068089027066,1.626,0,0
USNM_1606826,CBDDTY010000907.1,2545,1.6216110019646366,1,0.9850716290424356,3.1390134529147984,0,0
USNM_1606826,CBDDTY010002123.1,2541,1.3463203463203464,1,0.659049092850185,1.8648251748251747,0,0
USNM_1606826,CBDDTY010002596.1,2540,1.7503937007874015,1,1.309785271780149,0,0,0
USNM_1606826,CBDDTY010003561.1,2539,1.7644742024419062,1,1.0407678056700502,2.5762676056338027,0,0
USNM_1606826,CBDDTY010002659.1,2537,1.4773354355538038,1,0.7641790061550272,5.769230769230769,0,0
USNM_1606826,CBDDTY010002860.1,2535,1.5928994082840238,1,0.8319470106157123,0.9852216748768473,0,0
USNM_1606826,CBDDTY010003403.1,2534,2.07379636937648,1,1.6398126185556021,2.2381,0,0
USNM_1606826,CBDDTY010001175.1,2528,1.4529272151898733,1,0.7797390659220862,4.314720812182741,0,0
USNM_1606826,CBDDTY010001385.1,2525,1.6693069306930692,1,1.020175105213138,3.505714285714286,0,0
USNM_1606826,CBDDTY010003188.1,2521,1.1289170963903212,1,0.37006109731139225,0.47619047619047616,0,0
USNM_1606826,CBDDTY010000096.1,2520,1.1468253968253967,1,0.3540020180887089,0.1524390243902439,0,0
USNM_1606826,CBDDTY010002997.1,2513,1.432550736171906,1,0.6890919177375522,0.7299270072992701,0,0
USNM_1606826,CBDDTY010002647.1,2511,1.271604938271605,1,0.6180438979557237,4.480268817204301,0,0
USNM_1606826,CBDDTY010002800.1,2510,1.7195219123505976,1,1.0714869421304984,0.6410256410256411,0,0
USNM_1606826,CBDDTY010001626.1,2509,1.4754882423276205,1,0.9167375339221875,9.777777777777779,0,0
USNM_1606826,CBDDTY010003440.1,2507,1.0534503390506582,1,0.22497464126601927,1.4218009478672986,0,0
USNM_1606826,CBDDTY010003286.1,2502,1.1163069544364508,1,0.3206567357887784,0,0,0
USNM_1606826,CBDDTY010000083.1,2500,1.2548,1,0.4358359108385524,0,0,0
USNM_1606826,CBDDTY010001772.1,2500,1.2804,1,0.5609828167495644,4.25531914893617,0,0
USNM_1606826,CBDDTY010002057.1,2500,2.0612,1,1.8089675246952779,1.445200845665962,0,0
USNM_1606826,CBDDTY010003413.1,2499,1.591436574629852,1,0.8156438665327175,0,0,0
USNM_1606826,CBDDTY010000552.1,2496,1.3721955128205128,1,0.6780942198381086,14.008220858895706,0,0
USNM_1606826,CBDDTY010000853.1,2496,1.6041666666666667,1,0.8524200293749707,0,0,0
USNM_1606826,CBDDTY010003179.1,2495,1.3050100200400803,1,0.4767603916332315,4.697986577181208,0,0
USNM_1606826,CBDDTY010002960.1,2494,1.521251002405774,1,0.8619918576439118,2.9453879310344826,0,0
USNM_1606826,CBDDTY010003328.1,2492,1.5449438202247192,1,0.8261012727141512,0.26595744680851063,0,0
USNM_1606826,CBDDTY010000890.1,2490,1.202409638554217,1,0.423299681546322,3.9800995024875623,0,0
USNM_1606826,CBDDTY010001360.1,2489,1.1205303334672558,1,0.3256460928636433,10.280373831775702,0,0
USNM_1606826,CBDDTY010000545.1,2487,1.4796944109368717,1,0.8830951400891296,0.9136212624584718,0,0
USNM_1606826,CBDDTY010003003.1,2487,3.1813429835142744,2,3.0909526135002277,0.04328571428571429,149,5.9911540008041815
USNM_1606826,CBDDTY010002881.1,2482,1.3936341659951652,1,0.7598392402534296,4.428881118881119,0,0
USNM_1606826,CBDDTY010001909.1,2471,1.0522055847834884,1,0.22248639094342915,0,0,0
USNM_1606826,CBDDTY010002082.1,2471,1.8543099959530553,1,1.594975866778082,0,0,0
USNM_1606826,CBDDTY010003857.1,2471,2.1339538648320517,2,0.9676260174321354,3.7976717557251907,0,0
USNM_1606826,CBDDTY010000999.1,2468,1.3196920583468394,1,0.6148951571630166,5.787013888888889,0,0
USNM_1606826,CBDDTY010000210.1,2465,1.3825557809330629,1,0.6459947461752985,0.7299270072992701,0,0
USNM_1606826,CBDDTY010002360.1,2465,1.1894523326572009,1,0.39194702166988815,0,0,0
USNM_1606826,CBDDTY010003284.1,2461,1.102803738317757,1,0.3037640921188942,0.5,0,0
USNM_1606826,CBDDTY010003205.1,2459,1.1809678731191542,1,0.3934312642218454,0.4291845493562232,0,0
USNM_1606826,CBDDTY010003423.1,2453,3.1072156543008562,3,1.6310109409835436,0.9067432950191571,0,0
USNM_1606826,CBDDTY010003116.1,2449,1.1506737443854635,1,0.3578036374073034,0,0,0
USNM_1606826,CBDDTY010002912.1,2447,1.1814466693910912,1,0.4286536371405625,7.28476821192053,0,0
USNM_1606826,CBDDTY010000465.1,2446,1.223221586263287,1,0.528965117625654,0,0,0
USNM_1606826,CBDDTY010000937.1,2446,1.680294358135732,1,1.2357970508726996,0,0,0
USNM_1606826,CBDDTY010001996.1,2446,2.417416189697465,2,2.029719683096773,6.128230452674897,52,2.125919869174162
USNM_1606826,CBDDTY010002855.1,2445,1.5169734151329244,1,0.9744161043327292,5.164319248826291,0,0
USNM_1606826,CBDDTY010002398.1,2436,1.366584564860427,1,0.7987772954926253,1.0355029585798816,0,0
USNM_1606826,CBDDTY010003475.1,2436,1.680623973727422,1,0.901635623384086,0.373134328358209,0,0
USNM_1606826,CBDDTY010001190.1,2432,1.4967105263157894,1,0.6913622571065259,4.444444444444445,0,0
USNM_1606826,CBDDTY010002805.1,2432,1.458470394736842,1,0.6787015180959469,6.390310880829015,0,0
USNM_1606826,CBDDTY010002138.1,2425,1.1488659793814433,1,0.3560297326943595,9.25925925925926,0,0
USNM_1606826,CBDDTY010001985.1,2420,1.715289256198347,1,1.3086721110743151,4.304460431654676,0,0
USNM_1606826,CBDDTY010003670.1,2414,1.852112676056338,2,0.8709056657035498,0,0,0
USNM_1606826,CBDDTY010003200.1,2413,1.16369664318276,1,0.3700767624323034,0,0,0
USNM_1606826,CBDDTY010002684.1,2410,1.2937759336099586,1,0.6481466501633355,0.5154639175257731,0,0
USNM_1606826,CBDDTY010002389.1,2407,1.0714582467802243,1,0.31033003478210786,0.746268656716418,0,0
USNM_1606826,CBDDTY010001664.1,2404,1.3985024958402663,1,0.7451422956564226,1.5670517928286853,0,0
USNM_1606826,CBDDTY010003468.1,2403,1.3416562630045776,1,0.47436368180086713,3.642384105960265,0,0
USNM_1606826,CBDDTY010002337.1,2398,1.1668056713928274,1,0.3728800354478277,0,0,0
USNM_1606826,CBDDTY010001248.1,2397,1.3462661660408843,1,0.5567161206358412,2.3391812865497075,0,0
USNM_1606826,CBDDTY010000830.1,2396,1.3414023372287145,1,0.7658507047331453,7.7439024390243905,0,0
USNM_1606826,CBDDTY010003578.1,2396,1.3969115191986645,1,0.5885253306521614,5.578512396694215,0,0
USNM_1606826,CBDDTY010002022.1,2385,1.7018867924528303,1,1.0258900026715145,4.6875,0,0
USNM_1606826,CBDDTY010001103.1,2384,1.8158557046979866,1,1.2717533362255284,4.891304347826087,0,0
USNM_1606826,CBDDTY010002908.1,2382,1.6683459277917716,1,1.1531221032612329,0.43478260869565216,0,0
USNM_1606826,CBDDTY010003374.1,2382,1.3282955499580185,1,0.6294177358782191,0.44642857142857145,0,0
USNM_1606826,CBDDTY010000649.1,2375,1.329263157894737,1,0.6406991924063046,0,0,0
USNM_1606826,CBDDTY010003412.1,2373,1.3746312684365782,1,0.6354987691956543,5.9748427672955975,0,0
USNM_1606826,CBDDTY010000782.1,2369,1.4373153229210638,1,0.954837727974013,4.444444444444445,0,0
USNM_1606826,CBDDTY010002658.1,2369,1.680455888560574,1,1.325284439707909,0.8982035928143712,0,0
USNM_1606826,CBDDTY010003255.1,2367,1.374313476975074,1,0.642387722657825,0.819672131147541,0,0
USNM_1606826,CBDDTY010003352.1,2366,1.7231614539306848,1,1.1667831769251016,12.053571428571429,0,0
USNM_1606826,CBDDTY010003448.1,2364,1.629864636209814,1,1.0312779947461117,2.955665024630542,0,0
USNM_1606826,CBDDTY010001118.1,2363,2.2471434617012274,2,1.5060797222280053,1.7122945205479452,0,0
USNM_1606826,CBDDTY010002846.1,2363,1.3216250528988573,1,0.5744949406494947,0,0,0
USNM_1606826,CBDDTY010002924.1,2361,1.1944091486658195,1,0.5108012154243354,1.4492546583850932,0,0
USNM_1606826,CBDDTY010002974.1,2359,1.0835099618482409,1,0.27671014827075024,1.3440860215053763,0,0
USNM_1606826,CBDDTY010003345.1,2358,1.236217133163698,1,0.5241017759399516,0.8292039800995025,0,0
USNM_1606826,CBDDTY010003458.1,2358,1.5262934690415606,1,0.7945160482459855,1.3621634615384615,0,0
USNM_1606826,CBDDTY010003359.1,2357,1.1641917691981332,1,0.4501734174999301,0,0,0
USNM_1606826,CBDDTY010004064.1,2356,5.120543293718167,5,2.025083228567636,0.24576036866359446,81,3.4380305602716468
USNM_1606826,CBDDTY010002446.1,2355,1.2127388535031847,1,0.42660951883558795,4.5976847290640395,0,0
USNM_1606826,CBDDTY010003160.1,2352,3.461734693877551,1,4.240261749384823,10.82,269,11.437074829931973
USNM_1606826,CBDDTY010002415.1,2350,1.1302127659574468,1,0.36802540170964076,2.6041666666666665,0,0
USNM_1606826,CBDDTY010003422.1,2337,1.155755241762944,1,0.4395402972930614,1.8518518518518519,0,0
USNM_1606826,CBDDTY010002992.1,2327,1.186935969058874,1,0.4426153674265172,4.670329670329671,0,0
USNM_1606826,CBDDTY010002555.1,2322,1.2635658914728682,1,0.5319185902482672,23.308345864661653,0,0
USNM_1606826,CBDDTY010002782.1,2322,1.4745908699397072,1,0.7394237370224387,4.380971428571429,0,0
USNM_1606826,CBDDTY010001977.1,2318,1.2773943054357204,1,0.5684237044792476,0.22026431718061673,0,0
USNM_1606826,CBDDTY010003279.1,2317,1.5377643504531722,1,0.7730191185031542,0,0,0
USNM_1606826,CBDDTY010002692.1,2316,1.2966321243523315,1,0.5336267899966581,0,0,0
USNM_1606826,CBDDTY010001027.1,2315,1.444060475161987,1,0.9411154472320539,11.607142857142858,0,0
USNM_1606826,CBDDTY010002991.1,2311,1.2241453916053657,1,0.4548405777264188,0,0,0
USNM_1606826,CBDDTY010003632.1,2311,1.3366508005192557,1,0.6900924328564417,0,0,0
USNM_1606826,CBDDTY010002512.1,2310,1.2203463203463203,1,0.5837572345195642,1.2738853503184713,0,0
USNM_1606826,CBDDTY010004002.1,2304,3.3932291666666665,3,1.6396803400222535,0.35854599406528187,0,0
USNM_1606826,CBDDTY010003236.1,2302,1.2593397046046915,1,0.4745473821273942,0.3472222222222222,0,0
USNM_1606826,CBDDTY010002504.1,2298,1.5004351610095736,1,1.1873846326818591,0.5813953488372093,0,0
USNM_1606826,CBDDTY010002311.1,2295,1.7681917211328977,1,1.0259658506060139,3.067484662576687,0,0
USNM_1606826,CBDDTY010003484.1,2294,1.7715780296425458,1,1.1654098267735984,4.251734693877551,0,0
USNM_1606826,CBDDTY010003586.1,2291,2.6608467917939764,2,1.710930434223672,0,0,0
USNM_1606826,CBDDTY010002879.1,2290,1.5388646288209606,1,0.9127611024096367,0.30303030303030304,0,0
USNM_1606826,CBDDTY010002728.1,2286,2.272965879265092,2,1.449616155538296,0,0,0
USNM_1606826,CBDDTY010002297.1,2285,1.4280087527352299,1,0.8721733025182741,10.176991150442477,0,0
USNM_1606826,CBDDTY010003096.1,2278,1.5105355575065846,1,0.9665569758808827,0.49746268656716414,0,0
USNM_1606826,CBDDTY010000598.1,2275,1.229010989010989,1,0.48535512967522626,0,0,0
USNM_1606826,CBDDTY010003602.1,2273,1.677078750549934,1,0.7996961909105788,3.7837837837837838,0,0
USNM_1606826,CBDDTY010001544.1,2272,1.2733274647887325,1,0.4688742734093739,5.119803921568628,0,0
USNM_1606826,CBDDTY010003093.1,2266,1.622241835834069,1,0.9812005556725295,20.952357142857142,0,0
USNM_1606826,CBDDTY010001084.1,2265,2.803532008830022,1,2.6867996041839453,3.24096,86,3.7969094922737305
USNM_1606826,CBDDTY010000964.1,2255,1.5472283813747227,1,0.7310820757624619,19.607843137254903,0,0
USNM_1606826,CBDDTY010002396.1,2254,1.269742679680568,1,0.5731050330795071,3.25,0,0
USNM_1606826,CBDDTY010002644.1,2252,1.1878330373001775,1,0.42235753118675007,0,0,0
USNM_1606826,CBDDTY010000154.1,2244,1.0614973262032086,1,0.2402938543060958,5.232558139534884,0,0
USNM_1606826,CBDDTY010003108.1,2244,2.0659536541889483,2,1.3487397494719406,0.651731843575419,0,0
USNM_1606826,CBDDTY010003262.1,2243,1.3780650913954524,1,0.7021696979996177,35.847672413793106,0,0
USNM_1606826,CBDDTY010003327.1,2243,1.3432902362906822,1,0.5514017972777318,0,0,0
USNM_1606826,CBDDTY010003477.1,2242,1.4054415700267617,1,0.579453963239069,0,0,0
USNM_1606826,CBDDTY010003054.1,2238,1.3976764968722073,1,0.6371272408614418,7.936507936507937,0,0
USNM_1606826,CBDDTY010001569.1,2236,1.1574239713774597,1,0.3727800882786824,21.802325581395348,0,0
USNM_1606826,CBDDTY010002455.1,2236,1.1914132379248659,1,0.46730946501556686,0.5050505050505051,0,0
USNM_1606826,CBDDTY010003408.1,2236,1.6386404293381038,1,1.126857694031238,0.10582010582010581,0,0
USNM_1606826,CBDDTY010003333.1,2234,1.6445837063563116,1,1.017931365366944,0,0,0
USNM_1606826,CBDDTY010002904.1,2232,1.1258960573476702,1,0.42216874478642147,0,0,0
USNM_1606826,CBDDTY010001178.1,2231,1.558045719408337,1,1.0063103764214854,0,0,0
USNM_1606826,CBDDTY010002594.1,2229,2.2489905787348587,1,1.832384990280208,11.20881118881119,0,0
USNM_1606826,CBDDTY010002523.1,2227,1.304445442299057,1,0.5181286694574662,14.117647058823529,0,0
USNM_1606826,CBDDTY010003832.1,2227,2.2846879209699145,2,1.4729528956323095,0,0,0
USNM_1606826,CBDDTY010002432.1,2226,1.1635220125786163,1,0.4789867523777989,6.382978723404255,0,0
USNM_1606826,CBDDTY010002339.1,2223,1.3139901034637878,1,0.8429393591346546,3.3132530120481927,0,0
USNM_1606826,CBDDTY010003189.1,2222,1.2470747074707471,1,0.5116191535765842,0.2717391304347826,0,0
USNM_1606826,CBDDTY010002993.1,2219,2.170797656602073,1,1.8206643334330146,1.5070744680851065,7,0.31545741324921134
USNM_1606826,CBDDTY010000259.1,2216,1.1304151624548737,1,0.43612805813521704,0,0,0
USNM_1606826,CBDDTY010001885.1,2212,1.2368896925858952,1,0.5226094812296224,0.49019607843137253,0,0
USNM_1606826,CBDDTY010003714.1,2212,2.656871609403255,2,1.5125833649066862,1.5931617647058824,0,0
USNM_1606826,CBDDTY010002734.1,2210,1.4751131221719458,1,0.8959269086686319,0.6369426751592356,0,0
USNM_1606826,CBDDTY010003495.1,2206,1.1890299184043518,1,0.3916211575965633,19.911504424778762,0,0
USNM_1606826,CBDDTY010003585.1,2204,1.4038112522686026,1,0.6945112564781925,2.579285714285714,0,0
USNM_1606826,CBDDTY010003650.1,2203,3.099863822060826,2,2.335800236016213,6.696428571428571,52,2.3604176123468
USNM_1606826,CBDDTY010002849.1,2202,1.3987284287011807,1,0.6893479260857402,0.4830434782608695,0,0
USNM_1606826,CBDDTY010000840.1,2200,1.7,1,1.078965027137704,11.39844827586207,0,0
USNM_1606826,CBDDTY010002320.1,2194,1.2538742023701002,1,0.5656177368189755,1.3513513513513513,0,0
USNM_1606826,CBDDTY010001515.1,2190,1.3657534246575342,1,0.7248230378536772,1.1428571428571428,0,0
USNM_1606826,CBDDTY010002738.1,2190,1.171689497716895,1,0.37719647511589666,1.9607843137254901,0,0
USNM_1606826,CBDDTY010001404.1,2188,1.6759597806215722,1,1.1877394321151171,1.3525130890052357,0,0
USNM_1606826,CBDDTY010002810.1,2186,1.1578225068618482,1,0.436624893408006,0,0,0
USNM_1606826,CBDDTY010003144.1,2185,5.010526315789473,1,7.323089266060399,1.179151515151515,429,19.633867276887873
USNM_1606826,CBDDTY010001334.1,2183,1.908382959230417,1,1.3464276310477976,2.9761904761904763,0,0
USNM_1606826,CBDDTY010003628.1,2181,1.4782209995414948,1,0.6111410209330362,0,0,0
USNM_1606826,CBDDTY010001936.1,2178,1.707070707070707,1,0.9335061195794038,3.5985227272727274,0,0
USNM_1606826,CBDDTY010002786.1,2174,1.2088316467341307,1,0.47349948641658696,1.875,0,0
USNM_1606826,CBDDTY010003580.1,2172,1.3669429097605894,1,0.5761042711518753,0,0,0
USNM_1606826,CBDDTY010002857.1,2171,2.6692768309534776,1,2.524035679765686,0.3384263959390863,41,1.8885306310456014
USNM_1606826,CBDDTY010003641.1,2166,1.566943674976916,1,0.8405961722317079,0,0,0
USNM_1606826,CBDDTY010003754.1,2165,3.3163972286374133,2,3.314831671494575,1.9614935064935064,163,7.528868360277135
USNM_1606826,CBDDTY010002177.1,2159,1.6855025474756833,1,0.8884638651793183,0.49601190476190476,0,0
USNM_1606826,CBDDTY010003082.1,2159,1.41130152848541,1,0.7459387237345357,10.273972602739725,0,0
USNM_1606826,CBDDTY010003406.1,2154,1.3913649025069639,1,0.7164315850549786,6.164315068493151,0,0
USNM_1606826,CBDDTY010003396.1,2147,1.7722403353516534,1,1.228662340993891,1.6666666666666667,0,0
USNM_1606826,CBDDTY010001503.1,2143,1.271581894540364,1,0.5917024044824887,0.6451612903225806,0,0
USNM_1606826,CBDDTY010002971.1,2143,1.7330844610359308,1,1.0994702721845757,13.797786885245902,0,0
USNM_1606826,CBDDTY010003639.1,2142,1.1704014939309058,1,0.4369673068289832,0,0,0
USNM_1606826,CBDDTY010001255.1,2140,1.4976635514018692,1,0.7128645955791362,0,0,0
USNM_1606826,CBDDTY010003338.1,2137,1.2648572765559196,1,0.5692209923580482,0,0,0
USNM_1606826,CBDDTY010003542.1,2124,1.7871939736346516,1,1.148390029133039,16.47943820224719,0,0
USNM_1606826,CBDDTY010002608.1,2121,2.154172560113154,1,1.3322178933988165,0,0,0
USNM_1606826,CBDDTY010002902.1,2121,1.6421499292786421,1,1.1714754034578936,7.18562874251497,0,0
USNM_1606826,CBDDTY010000866.1,2116,1.527882797731569,1,0.7704209389266145,1.9444166666666667,0,0
USNM_1606826,CBDDTY010001927.1,2112,1.4010416666666667,1,0.6275370896062777,8.213732057416268,0,0
USNM_1606826,CBDDTY010002423.1,2110,1.1772511848341232,1,0.39778193515245985,3.4482758620689653,0,0
USNM_1606826,CBDDTY010003251.1,2107,1.1741813004271475,1,0.4868037618354541,0,0,0
USNM_1606826,CBDDTY010001979.1,2106,1.395536562203229,1,0.5597412210383952,0,0,0
USNM_1606826,CBDDTY010003785.1,2104,1.7447718631178708,2,0.8974901577241633,0,0,0
USNM_1606826,CBDDTY010002968.1,2103,1.4831193533048026,1,0.7277138377212565,1.3513513513513513,0,0
USNM_1606826,CBDDTY010003737.1,2094,1.60792741165234,1,0.7581720432022276,9.210526315789474,0,0
USNM_1606826,CBDDTY010002533.1,2091,3.258727881396461,2,2.6611711110665857,1.5165022421524663,50,2.391200382592061
USNM_1606826,CBDDTY010003201.1,2091,2.431850789096126,2,1.5191030370108531,10.995251798561151,0,0
USNM_1606826,CBDDTY010002979.1,2089,3.49162278602202,3,2.3539832752040355,6.555,24,1.1488750598372426
USNM_1606826,CBDDTY010002995.1,2089,1.276687410244136,1,0.5009926338728649,0,0,0
USNM_1606826,CBDDTY010002813.1,2088,1.8884099616858236,1,1.6466776996755954,0,0,0
USNM_1606826,CBDDTY010000340.1,2084,1.0854126679462572,1,0.41733704470618616,2.3529411764705883,0,0
USNM_1606826,CBDDTY010002631.1,2081,1.4449783757808745,1,0.788727682857173,1.6129032258064515,0,0
USNM_1606826,CBDDTY010003518.1,2080,1.5668269230769232,1,0.6847163555710405,0.704225352112676,0,0
USNM_1606826,CBDDTY010003241.1,2076,1.3463391136801541,1,0.5167004572640251,18.284757281553397,0,0
USNM_1606826,CBDDTY010002377.1,2074,1.1610414657666346,1,0.44484079572658886,3.9886324786324785,0,0
USNM_1606826,CBDDTY010003519.1,2073,1.616980221900627,1,0.8451206466695573,0.29411764705882354,0,0
USNM_1606826,CBDDTY010002482.1,2070,1.3280193236714977,1,0.8887555120431448,1.9662921348314606,0,0
USNM_1606826,CBDDTY010003322.1,2070,3.310144927536232,2,3.412291698171228,1.8802358490566038,220,10.628019323671497
USNM_1606826,CBDDTY010002246.1,2065,1.27409200968523,1,0.5876902308372915,5.753928571428571,0,0
USNM_1606826,CBDDTY010002967.1,2064,1.1729651162790697,1,0.42306928134116334,0,0,0
USNM_1606826,CBDDTY010004100.1,2064,5.107073643410852,5,2.279685065203732,8.235833333333334,129,6.25
USNM_1606826,CBDDTY010003968.1,2056,2.968385214007782,3,1.5782809705037506,5.357142857142857,0,0
USNM_1606826,CBDDTY010001791.1,2054,1.7964946445959105,2,0.9571773025031589,1.0695187165775402,0,0
USNM_1606826,CBDDTY010003430.1,2051,2.694783032666992,3,1.5628201804164314,0.9446558704453442,0,0
USNM_1606826,CBDDTY010002841.1,2049,1.3855539287457297,1,0.744580811011406,8.323353293413174,0,0
USNM_1606826,CBDDTY010003482.1,2034,1.2753195673549655,1,0.45873553314090404,0,0,0
USNM_1606826,CBDDTY010001543.1,2032,1.2623031496062993,1,0.5512585400439299,1.0204081632653061,0,0
USNM_1606826,CBDDTY010003717.1,2032,2.310531496062992,2,1.5387741906594392,1.6483516483516483,0,0
USNM_1606826,CBDDTY010001344.1,2031,1.2156573116691285,1,0.5193507207820248,1.1363636363636365,0,0
USNM_1606826,CBDDTY010001926.1,2030,1.129064039408867,1,0.3820680036665787,5.0761421319796955,0,0
USNM_1606826,CBDDTY010003372.1,2028,1.1873767258382644,1,0.46100897697681703,2.247134831460674,0,0
USNM_1606826,CBDDTY010003204.1,2027,1.911198815984213,1,1.4652971200369997,10.972166666666666,0,0
USNM_1606826,CBDDTY010003525.1,2025,1.1165432098765433,1,0.3209544517734711,0,0,0
USNM_1606826,CBDDTY010003572.1,2024,1.2218379446640317,1,0.47445614355086974,0,0,0
USNM_1606826,CBDDTY010003339.1,2023,2.5491843796342066,1,2.3913436201655394,1.4931782945736434,26,1.2852199703410776
USNM_1606826,CBDDTY010003008.1,2018,1.4137760158572845,1,0.9200830475868479,4.838709677419355,0,0
USNM_1606826,CBDDTY010000595.1,2017,1.4581060981655924,1,0.7970400242431568,0,0,0
USNM_1606826,CBDDTY010003042.1,2017,1.2369856222112048,1,0.6526506062061629,0,0,0
USNM_1606826,CBDDTY010003296.1,2017,1.1541893901834408,1,0.361219756006561,0,0,0
USNM_1606826,CBDDTY010001537.1,2011,1.3878667329686722,1,0.7009105479028053,11.949685534591195,0,0
USNM_1606826,CBDDTY010001647.1,2008,1.2295816733067728,1,0.570475570017538,6.666666666666667,0,0
USNM_1606826,CBDDTY010002204.1,2006,1.2073778664007977,1,0.48914950240124505,10.947647058823529,0,0
USNM_1606826,CBDDTY010002771.1,2004,1.9431137724550898,1,1.459644354822808,2.0491803278688523,0,0
USNM_1606826,CBDDTY010002053.1,2001,1.4237881059470265,1,0.7164592403469026,3.9855072463768115,0,0
USNM_1606826,CBDDTY010002915.1,2000,1.249,1,0.5542134753758194,0,0,0
USNM_1606826,CBDDTY010001865.1,1998,1.1196196196196195,1,0.3245974440850008,0,0,0
USNM_1606826,CBDDTY010003521.1,1997,1.1321982974461693,1,0.33879106172405715,0,0,0
USNM_1606826,CBDDTY010002224.1,1995,1.3363408521303257,1,0.8268668395948288,0.6097560975609756,0,0
USNM_1606826,CBDDTY010003600.1,1994,1.5100300902708124,1,0.7577329717618367,0,0,0
USNM_1606826,CBDDTY010003512.1,1993,5.759658805820371,5,4.3247836127582975,5.183259259259259,418,20.973406924234823
USNM_1606826,CBDDTY010003606.1,1993,1.911690918213748,2,1.0155561125184092,13.057388535031848,0,0
USNM_1606826,CBDDTY010001412.1,1992,1.3333333333333333,1,0.609924066161112,4.40251572327044,0,0
USNM_1606826,CBDDTY010003429.1,1988,1.1272635814889336,1,0.35669053793264455,0,0,0
USNM_1606826,CBDDTY010003845.1,1987,1.9426270759939608,1,1.2244281577644072,0,0,0
USNM_1606826,CBDDTY010003386.1,1984,2.164818548387097,1,1.7468514049286996,0.09855172413793103,0,0
USNM_1606826,CBDDTY010000929.1,1982,1.2583249243188699,1,0.5131966897564231,13.548387096774194,0,0
USNM_1606826,CBDDTY010004001.1,1981,1.7925290257445734,2,0.8920890898519264,3.215196850393701,0,0
USNM_1606826,CBDDTY010003417.1,1972,1.3615618661257607,1,0.5595925120383062,1.8421052631578947,0,0
USNM_1606826,CBDDTY010003813.1,1972,1.670892494929006,1,0.8640192644260326,25.847457627118644,0,0
USNM_1606826,CBDDTY010003755.1,1968,5.2942073170731705,4,3.797401913551227,16.5383908045977,338,17.17479674796748
USNM_1606826,CBDDTY010003049.1,1966,1.4460834181078333,1,0.9240316690208186,0.8771710526315789,0,0
USNM_1606826,CBDDTY010002716.1,1965,2.0381679389312977,1,1.432126551162245,2.9166666666666665,0,0
USNM_1606826,CBDDTY010003019.1,1965,1.0223918575063613,1,0.14799191896960304,0,0,0
USNM_1606826,CBDDTY010003174.1,1965,1.2671755725190839,1,0.7459096963887397,0,0,0
USNM_1606826,CBDDTY010001224.1,1964,1.8482688391038697,1,1.1086617970145025,2.4193548387096775,0,0
USNM_1606826,CBDDTY010002181.1,1961,2.1244263131055585,2,1.5418713748337625,49.3421052631579,0,0
USNM_1606826,CBDDTY010000859.1,1959,1.349157733537519,1,0.6428581918920419,4.324810126582278,0,0
USNM_1606826,CBDDTY010002762.1,1956,1.3517382413087935,1,0.7439454129727167,0,0,0
USNM_1606826,CBDDTY010003494.1,1946,2.3915724563206577,2,2.054979755000529,17.198617021276597,29,1.4902363823227132
USNM_1606826,CBDDTY010002586.1,1944,1.2160493827160495,1,0.4743873581238651,0,0,0
USNM_1606826,CBDDTY010003530.1,1943,2.042202779207411,2,1.1862018617851995,2.716353591160221,0,0
USNM_1606826,CBDDTY010002917.1,1941,1.2818134981968057,1,0.5490610619368583,0.9868421052631579,0,0
USNM_1606826,CBDDTY010002488.1,1939,1.5384218669417224,1,0.7197234486775359,3.4037323943661972,0,0
USNM_1606826,CBDDTY010003216.1,1939,1.2135121196493037,1,0.45973361429426524,7.982473684210526,0,0
USNM_1606826,CBDDTY010003691.1,1934,1.5961737331954498,1,0.7403847120199638,2.18978102189781,0,0
USNM_1606826,CBDDTY010003860.1,1931,2.2273433454168825,2,1.2943072389061911,3.985489130434783,0,0
USNM_1606826,CBDDTY010002651.1,1926,2.1163032191069573,2,1.3025346078449462,8.663248730964467,0,0
USNM_1606826,CBDDTY010003865.1,1920,1.7723958333333334,2,0.8756853875395668,28.375443037974684,0,0
USNM_1606826,CBDDTY010003335.1,1918,3.7851929092805006,1,5.231495419950569,2.9987951807228916,361,18.821689259645463
USNM_1606826,CBDDTY010002929.1,1917,1.0897235263432448,1,0.2966123566534273,0,0,0
USNM_1606826,CBDDTY010003409.1,1915,1.4349869451697128,1,0.8051090370132948,1.354125,0,0
USNM_1606826,CBDDTY010003466.1,1908,1.470649895178197,1,0.8197088494494534,4.189944134078212,0,0
USNM_1606826,CBDDTY010003452.1,1906,1.7208814270724029,1,0.944526689007802,0,0,0
USNM_1606826,CBDDTY010003576.1,1906,1.3557187827911856,1,0.7248215149172358,18.05559523809524,0,0
USNM_1606826,CBDDTY010003269.1,1905,1.1727034120734907,1,0.504278218603887,4.166666666666667,0,0
USNM_1606826,CBDDTY010003151.1,1903,1.300578034682081,1,0.5531999276182622,0,0,0
USNM_1606826,CBDDTY010003802.1,1903,1.7172884918549658,1,0.8730999224387497,0,0,0
USNM_1606826,CBDDTY010003640.1,1902,1.3201892744479495,1,0.617986043579056,0,0,0
USNM_1606826,CBDDTY010002093.1,1901,1.2409258285113098,1,0.47331750250746624,2.185792349726776,0,0
USNM_1606826,CBDDTY010003223.1,1900,1.226842105263158,1,0.4573609835963936,0.41148148148148145,0,0
USNM_1606826,CBDDTY010003480.1,1900,1.414736842105263,1,0.6551884583590071,0,0,0
USNM_1606826,CBDDTY010004034.1,1900,9.774736842105263,9,7.98404106492404,0,911,47.94736842105263
USNM_1606826,CBDDTY010001688.1,1899,1.2085308056872037,1,0.502586461401752,0.7299270072992701,0,0
USNM_1606826,CBDDTY010003070.1,1895,1.2184696569920845,1,0.7674590757486238,6.714285714285714,0,0
USNM_1606826,CBDDTY010003175.1,1895,1.612664907651715,1,1.0869524844204226,0,0,0
USNM_1606826,CBDDTY010003415.1,1895,1.4168865435356202,1,0.6865196305029624,0.6802721088435374,0,0
USNM_1606826,CBDDTY010003846.1,1895,2.4717678100263853,2,1.6665286144959202,4.201435897435897,0,0
USNM_1606826,CBDDTY010002143.1,1894,1.154699049630412,1,0.40052341511199946,7.042253521126761,0,0
USNM_1606826,CBDDTY010001317.1,1883,1.0132766861391396,1,0.1144874519121443,2.73972602739726,0,0
USNM_1606826,CBDDTY010003411.1,1883,1.5374402549123738,1,0.774908880875872,4.25531914893617,0,0
USNM_1606826,CBDDTY010003121.1,1880,1.3069148936170212,1,0.6283653859128462,0.6451612903225806,0,0
USNM_1606826,CBDDTY010003583.1,1878,1.2209797657082002,1,0.4881621548364261,0,0,0
USNM_1606826,CBDDTY010000241.1,1876,1.17590618336887,1,0.4465876305128467,1.9607843137254901,0,0
USNM_1606826,CBDDTY010002081.1,1875,1.08,1,0.27136557312897264,9.836065573770492,0,0
USNM_1606826,CBDDTY010002610.1,1873,2.5483182060864924,1,2.333090326442671,4.6255506607929515,21,1.1211959423384943
USNM_1606826,CBDDTY010001698.1,1872,1.6436965811965811,1,1.0974304616708814,0,0,0
USNM_1606826,CBDDTY010003713.1,1871,1.6221272047033672,2,0.6391186836822257,2.0289565217391305,0,0
USNM_1606826,CBDDTY010002624.1,1863,1.0837359098228663,1,0.2770657187312126,0.7352941176470589,0,0
USNM_1606826,CBDDTY010003234.1,1861,1.3858140784524449,1,0.6139005784761108,1.3513513513513513,0,0
USNM_1606826,CBDDTY010000918.1,1860,1.2725806451612902,1,0.5096178851519209,0,0,0
USNM_1606826,CBDDTY010003856.1,1856,1.1724137931034482,1,0.3778414977422633,1.4184397163120568,0,0
USNM_1606826,CBDDTY010001275.1,1855,1.3773584905660377,1,0.6108728332874506,6.306283783783784,0,0
USNM_1606826,CBDDTY010003155.1,1853,1.5731246627091204,1,0.96015140325482,0,0,0
USNM_1606826,CBDDTY010001153.1,1852,1.6474082073434124,1,1.0015540489206622,1.196808510638298,0,0
USNM_1606826,CBDDTY010002304.1,1850,1.9427027027027026,2,1.1473218719341767,0,0,0
USNM_1606826,CBDDTY010003420.1,1846,1.2470205850487541,1,0.7308007314317091,0.9217877094972067,0,0
USNM_1606826,CBDDTY010003215.1,1844,1.6675704989154012,1,1.5704163967437965,0,0,0
USNM_1606826,CBDDTY010002381.1,1841,1.6241173275393808,1,0.9537936811631575,0.2617801047120419,0,0
USNM_1606826,CBDDTY010001955.1,1840,1.496195652173913,1,0.7740957536128211,10.4686875,0,0
USNM_1606826,CBDDTY010001423.1,1836,1.3730936819172113,1,0.7055370064803076,6.617647058823529,0,0
USNM_1606826,CBDDTY010002296.1,1832,1.2778384279475983,1,0.519200031733204,0.3921176470588235,0,0
USNM_1606826,CBDDTY010003692.1,1832,1.1632096069868996,1,0.36965770660119385,0,0,0
USNM_1606826,CBDDTY010003281.1,1830,1.4344262295081966,1,0.6595519908371653,0.8771929824561403,0,0
USNM_1606826,CBDDTY010000731.1,1826,1.2420591456736034,1,0.45930850802153483,0,0,0
USNM_1606826,CBDDTY010002158.1,1826,1.0328587075575026,1,0.17831552386963961,4.62962962962963,0,0
USNM_1606826,CBDDTY010003324.1,1826,1.2710843373493976,1,0.6267171492883222,10.144927536231885,0,0
USNM_1606826,CBDDTY010004062.1,1826,1.9184008762322016,2,0.9152712691855306,0.43859649122807015,0,0
USNM_1606826,CBDDTY010000324.1,1825,1.1452054794520548,1,0.352404450737762,4.044117647058823,0,0
USNM_1606826,CBDDTY010001406.1,1825,1.3194520547945205,1,0.5554551299122462,0.8064516129032258,0,0
USNM_1606826,CBDDTY010001725.1,1823,1.8507953922106417,2,1.034905709731972,4.3604651162790695,0,0
USNM_1606826,CBDDTY010000701.1,1822,1.951152579582876,1,1.4366835512212632,0,0,0
USNM_1606826,CBDDTY010002345.1,1819,1.651456844420011,1,0.856934323791962,0.8,0,0
USNM_1606826,CBDDTY010003463.1,1815,1.1564738292011019,1,0.3634040887245241,0,0,0
USNM_1606826,CBDDTY010003613.1,1814,1.4388092613009922,1,0.717255535766473,2.1551724137931036,0,0
USNM_1606826,CBDDTY010003311.1,1813,2.654715940430226,2,2.255463342400499,0,36,1.9856591285162712
USNM_1606826,CBDDTY010000542.1,1812,2.0651214128035322,1,2.2023926140799555,10.498661417322834,46,2.5386313465783665
USNM_1606826,CBDDTY010000942.1,1807,1.673491975650249,1,1.1327600006472023,9.2667,0,0
USNM_1606826,CBDDTY010002886.1,1805,2.191689750692521,1,1.6915197620677824,3.4482758620689653,0,0
USNM_1606826,CBDDTY010003282.1,1805,2.1047091412742382,1,1.9826310617447476,0,0,0
USNM_1606826,CBDDTY010003773.1,1803,1.3239046034387132,1,0.6164772786304349,15.86664,0,0
USNM_1606826,CBDDTY010002625.1,1791,1.3958682300390843,1,0.7586850668569073,0.32894736842105265,0,0
USNM_1606826,CBDDTY010001623.1,1783,1.588334268087493,1,0.7668193936503157,0,0,0
USNM_1606826,CBDDTY010003083.1,1783,1.5552439708356702,1,0.7256362465659717,0,0,0
USNM_1606826,CBDDTY010002851.1,1780,1.4112359550561797,1,0.7061025571339118,0,0,0
USNM_1606826,CBDDTY010000690.1,1777,2.843556555993247,1,3.58051759703903,2.8594488188976377,175,9.848058525604952
USNM_1606826,CBDDTY010003574.1,1777,1.598199212155318,1,0.8670372034082353,0,0,0
USNM_1606826,CBDDTY010001833.1,1775,1.0692957746478873,1,0.2540280010557006,2.962962962962963,0,0
USNM_1606826,CBDDTY010003573.1,1773,3.116751269035533,3,1.9836852187316596,52.21163461538462,0,0
USNM_1606826,CBDDTY010003698.1,1773,1.5758601240834744,1,0.7896933475295903,1.3297872340425532,0,0
USNM_1606826,CBDDTY010000346.1,1771,1.2682100508187464,1,0.4972240601813409,17.796610169491526,0,0
USNM_1606826,CBDDTY010003261.1,1766,2.6308040770101924,2,2.201890027462133,13.131212121212121,51,2.887882219705549
USNM_1606826,CBDDTY010002809.1,1765,1.2220963172804533,1,0.5913867037295545,0,0,0
USNM_1606826,CBDDTY010003198.1,1763,1.3431650595575724,1,0.6530228057925462,1.4423076923076923,0,0
USNM_1606826,CBDDTY010003788.1,1760,1.424431818181818,1,0.5632024042586251,0,0,0
USNM_1606826,CBDDTY010002897.1,1757,1.5338645418326693,1,1.04925265185584,2.1739130434782608,0,0
USNM_1606826,CBDDTY010003091.1,1757,1.2703471826977804,1,0.5274822478193485,9.859154929577464,0,0
USNM_1606826,CBDDTY010003625.1,1756,2.189635535307517,2,1.705672013631856,0,19,1.082004555808656
USNM_1606826,CBDDTY010003551.1,1753,1.5750142612664004,1,1.0006805973443889,11.065573770491802,0,0
USNM_1606826,CBDDTY010001663.1,1750,1.7817142857142858,1,1.219860159655775,1.243781094527363,0,0
USNM_1606826,CBDDTY010003810.1,1750,1.0742857142857143,1,0.262310245764591,0,0,0
USNM_1606826,CBDDTY010001820.1,1749,1.2355631789594055,1,0.4692781168503899,0,0,0
USNM_1606826,CBDDTY010003656.1,1745,1.2693409742120343,1,0.49620679399667034,61.267605633802816,0,0
USNM_1606826,CBDDTY010001147.1,1742,2.9730195177956373,2,1.928910600353593,0.9090909090909091,0,0
USNM_1606826,CBDDTY010000427.1,1740,1.3103448275862069,1,0.5032463862800016,0.7751937984496124,0,0
USNM_1606826,CBDDTY010003405.1,1740,1.206896551724138,1,0.46469195085431875,23.571428571428573,0,0
USNM_1606826,CBDDTY010003256.1,1738,2.0333716915995397,1,1.8792054265175735,4.2592592592592595,10,0.5753739930955121
USNM_1606826,CBDDTY010002711.1,1734,1.671280276816609,1,1.2404580426904408,0,0,0
USNM_1606826,CBDDTY010003270.1,1733,1.8897864974033467,1,1.169263111792284,1.1965811965811965,0,0
USNM_1606826,CBDDTY010001006.1,1732,1.7095842956120093,1,1.1718144005873714,1.0067114093959733,0,0
USNM_1606826,CBDDTY010002999.1,1732,1.403579676674365,1,0.6363247511379814,0,0,0
USNM_1606826,CBDDTY010003453.1,1732,1.3210161662817552,1,0.5745995574179878,0,0,0
USNM_1606826,CBDDTY010002952.1,1731,1.1392258809936453,1,0.34628212184261215,1.2048192771084338,0,0
USNM_1606826,CBDDTY010003228.1,1729,2.274146905725853,1,2.164268754101554,1.2345679012345678,11,0.6362058993637941
USNM_1606826,CBDDTY010003869.1,1727,1.3352634626519977,1,0.4722192220770044,1.5873015873015872,0,0
USNM_1606826,CBDDTY010003273.1,1726,1.2259559675550407,1,0.4605460984360388,0,0,0
USNM_1606826,CBDDTY010003742.1,1726,1.4484356894553883,1,0.6301188184993157,0,0,0
USNM_1606826,CBDDTY010004071.1,1725,1.7768115942028986,1,0.9714821311727778,11.624367088607595,0,0
USNM_1606826,CBDDTY010002656.1,1716,1.1468531468531469,1,0.42308943357236795,1.6129032258064515,0,0
USNM_1606826,CBDDTY010002933.1,1716,1.2604895104895104,1,0.47721323494851087,0,0,0
USNM_1606826,CBDDTY010003133.1,1714,1.1931155192532088,1,0.45012728505808025,13.020833333333334,0,0
USNM_1606826,CBDDTY010003881.1,1713,2.2025685931115,2,1.1841803570832512,71.78045454545455,0,0
USNM_1606826,CBDDTY010003315.1,1706,1.0509964830011724,1,0.22005505306760248,8.24468085106383,0,0
USNM_1606826,CBDDTY010003565.1,1703,1.422196124486201,1,0.631823962571418,0,0,0
USNM_1606826,CBDDTY010002773.1,1693,2.038393384524513,1,1.4159894981491703,0.6802721088435374,0,0
USNM_1606826,CBDDTY010003028.1,1692,2.605791962174941,1,2.9604192846761768,0,112,6.619385342789598
USNM_1606826,CBDDTY010003621.1,1691,1.0088704908338262,1,0.09379236364334932,1.694915254237288,0,0
USNM_1606826,CBDDTY010003653.1,1690,1.7958579881656804,1,1.0342194311673518,0,0,0
USNM_1606826,CBDDTY010003496.1,1689,1.2622853759621078,1,0.5392242422603273,0.22369127516778523,0,0
USNM_1606826,CBDDTY010003584.1,1688,1.495260663507109,1,0.6971710493315938,0.7751937984496124,0,0
USNM_1606826,CBDDTY010003796.1,1685,2.8759643916913946,2,2.7365603961143727,17.886158536585366,88,5.222551928783383
USNM_1606826,CBDDTY010003146.1,1682,1.3466111771700358,1,0.7369429287643123,2.097902097902098,0,0
USNM_1606826,CBDDTY010003563.1,1680,2.031547619047619,1,1.8219311133108396,12.630367647058824,0,0
USNM_1606826,CBDDTY010004009.1,1677,1.9785330948121647,2,0.9865525397722358,0.21365384615384614,0,0
USNM_1606826,CBDDTY010003326.1,1676,2.032816229116945,1,1.562087219725261,1.2195121951219512,0,0
USNM_1606826,CBDDTY010003852.1,1674,2.991636798088411,3,1.6512928361098493,0,0,0
USNM_1606826,CBDDTY010003651.1,1673,2.452480573819486,2,1.242314219746887,1.1643150684931507,0,0
USNM_1606826,CBDDTY010003629.1,1669,1.433193529059317,1,0.6614609758678069,0,0,0
USNM_1606826,CBDDTY010003467.1,1667,1.23875224955009,1,0.6163910592980982,6.127426470588235,0,0
USNM_1606826,CBDDTY010003733.1,1662,1.2250300842358604,1,0.4918595295474262,10.81081081081081,0,0
USNM_1606826,CBDDTY010003371.1,1659,1.3134418324291741,1,0.9146344847718754,0,0,0
USNM_1606826,CBDDTY010002713.1,1655,1.2211480362537763,1,0.5906669414741048,0,0,0
USNM_1606826,CBDDTY010003063.1,1653,1.115547489413188,1,0.372260314620634,0.704225352112676,0,0
USNM_1606826,CBDDTY010003801.1,1653,1.4047186932849365,1,0.6630343311846879,0,0,0
USNM_1606826,CBDDTY010001209.1,1651,1.1320411871592975,1,0.48692916615052373,6.3271296296296295,0,0
USNM_1606826,CBDDTY010003337.1,1650,1.132121212121212,1,0.3387251594302295,0,0,0
USNM_1606826,CBDDTY010002001.1,1649,1.3844754396604002,1,0.8332598325715989,0,0,0
USNM_1606826,CBDDTY010003410.1,1642,1.4123020706455542,1,0.8450564196133017,31.61764705882353,0,0
USNM_1606826,CBDDTY010002868.1,1640,1.0560975609756098,1,0.2301802148179127,0,0,0
USNM_1606826,CBDDTY010003826.1,1640,1.3390243902439025,1,0.5976884693728218,0,0,0
USNM_1606826,CBDDTY010003414.1,1639,1.8017083587553386,1,1.255161557394935,0.31443396226415093,0,0
USNM_1606826,CBDDTY010000934.1,1638,1.2112332112332111,1,0.4083081209491843,0.36231884057971014,0,0
USNM_1606826,CBDDTY010003526.1,1635,2.315596330275229,1,2.14657968434321,0,18,1.1009174311926606
USNM_1606826,CBDDTY010003569.1,1634,2.266217870257038,2,1.3807342106518155,0,0,0
USNM_1606826,CBDDTY010003428.1,1632,1.1060049019607843,1,0.30793825171198475,0,0,0
USNM_1606826,CBDDTY010002373.1,1631,1.03862660944206,1,0.19276248713086638,2.032520325203252,0,0
USNM_1606826,CBDDTY010002973.1,1631,1.1036174126302882,1,0.30485705919863504,3.5714285714285716,0,0
USNM_1606826,CBDDTY010003109.1,1629,1.203806015960712,1,0.49215991057835423,0,0,0
USNM_1606826,CBDDTY010003191.1,1628,2.078009828009828,1,1.9269212910386009,0,4,0.2457002457002457
USNM_1606826,CBDDTY010003710.1,1628,2.2192874692874693,2,1.5053100792951328,1.1971830985915493,0,0
USNM_1606826,CBDDTY010003758.1,1628,1.9545454545454546,1,1.3603021202703554,2.335693430656934,0,0
USNM_1606826,CBDDTY010003666.1,1626,1.485239852398524,1,0.6946590780685995,0,0,0
USNM_1606826,CBDDTY010002316.1,1624,1.1570197044334976,1,0.3639314115549297,4.597701149425287,0,0
USNM_1606826,CBDDTY010003616.1,1624,1.5172413793103448,1,0.7728914597082988,0,0,0
USNM_1606826,CBDDTY010002042.1,1623,1.0948860135551448,1,0.2931477555849701,0.5586592178770949,0,0
USNM_1606826,CBDDTY010000914.1,1616,1.5247524752475248,1,0.9698264825141762,1.7359375,0,0
USNM_1606826,CBDDTY010002977.1,1616,1.8106435643564356,1,1.5894499176371752,25.408938053097344,0,0
USNM_1606826,CBDDTY010004092.1,1614,2.7403965303593556,2,2.698329733678902,26.04198675496689,79,4.8946716232961585
USNM_1606826,CBDDTY010002189.1,1612,1.182382133995037,1,0.40967478328607926,2.2222222222222223,0,0
USNM_1606826,CBDDTY010001020.1,1610,1.293167701863354,1,0.9426121240246675,11.85344827586207,0,0
USNM_1606826,CBDDTY010004091.1,1610,1.4813664596273293,1,0.7310655248395742,2.5,0,0
USNM_1606826,CBDDTY010004018.1,1609,2.75574891236793,2,2.0041948114862564,0,6,0.3729024238657551
USNM_1606826,CBDDTY010002514.1,1608,1.0236318407960199,1,0.15194648709571681,1.4184397163120568,0,0
USNM_1606826,CBDDTY010003904.1,1607,2.0815183571873055,2,0.9277515687700061,8.564722222222223,0,0
USNM_1606826,CBDDTY010003914.1,1607,1.3528313627878035,1,0.608647019080181,4.743615384615385,0,0
USNM_1606826,CBDDTY010003990.1,1603,1.7810355583281348,2,0.825673969390203,0,0,0
USNM_1606826,CBDDTY010001847.1,1602,1.404494382022472,1,0.6028703155696314,3.3333333333333335,0,0
USNM_1606826,CBDDTY010003210.1,1600,1.370625,1,0.6332556690144683,4.878048780487805,0,0
USNM_1606826,CBDDTY010003853.1,1595,1.9874608150470219,1,1.2859020376284507,8.843469387755102,0,0
USNM_1606826,CBDDTY010000156.1,1585,1.6176656151419557,1,1.0182381554167377,0.7936507936507936,0,0
USNM_1606826,CBDDTY010003577.1,1579,1.1190626979100697,1,0.3239648747105187,0,0,0
USNM_1606826,CBDDTY010003129.1,1570,1.1630573248407643,1,0.4088390228637256,18.027244897959182,0,0
USNM_1606826,CBDDTY010003814.1,1569,1.5646908859145954,1,0.6831069641081504,0.3875581395348837,0,0
USNM_1606826,CBDDTY010002955.1,1568,1.1581632653061225,1,0.36501043354241147,0.9900990099009901,0,0
USNM_1606826,CBDDTY010002558.1,1565,1.6223642172523962,1,0.8185107696595687,5.987555555555556,0,0
USNM_1606826,CBDDTY010003756.1,1565,1.392332268370607,1,0.6021636113605947,0,0,0
USNM_1606826,CBDDTY010003385.1,1564,4.4731457800511505,4,3.40109049942228,1.4535483870967743,133,8.503836317135551
USNM_1606826,CBDDTY010002635.1,1563,1.2975047984644914,1,0.5127442853134946,0,0,0
USNM_1606826,CBDDTY010003690.1,1562,1.5480153649167734,1,0.7672420585743345,13.767934782608696,0,0
USNM_1606826,CBDDTY010003438.1,1560,1.1935897435897436,1,0.45695810568383477,14.224137931034482,0,0
USNM_1606826,CBDDTY010002027.1,1559,1.1404746632456704,1,0.34759031920625155,6.25,0,0
USNM_1606826,CBDDTY010002490.1,1558,1.1617458279845956,1,0.44276823136971394,4.040404040404041,0,0
USNM_1606826,CBDDTY010003550.1,1558,1.637997432605905,1,0.924174214180713,1.3660655737704919,0,0
USNM_1606826,CBDDTY010003739.1,1556,1.448586118251928,1,0.6174769165062818,0,0,0
USNM_1606826,CBDDTY010003738.1,1555,1.3781350482315113,1,0.5497493237327138,0,0,0
USNM_1606826,CBDDTY010001795.1,1546,4.249676584734799,1,6.58327904635152,3.1450802139037433,219,14.165588615782665
USNM_1606826,CBDDTY010000633.1,1538,1.1482444733420025,1,0.35545773552191895,0.8849557522123894,0,0
USNM_1606826,CBDDTY010003437.1,1536,2.00390625,1,1.723184795302644,0,0,0
USNM_1606826,CBDDTY010003895.1,1536,2.1940104166666665,2,1.698856656299653,5.847352941176471,0,0
USNM_1606826,CBDDTY010000968.1,1530,1,1,0,4.310344827586207,0,0
USNM_1606826,CBDDTY010003874.1,1524,3.1811023622047245,3,1.8777502478909947,2.239346405228758,0,0
USNM_1606826,CBDDTY010003965.1,1521,2.5358316896778437,2,1.9967567738105363,5.882352941176471,43,2.827087442472058
USNM_1606826,CBDDTY010002984.1,1519,1.097432521395655,1,0.2966434834616556,33.333333333333336,0,0
USNM_1606826,CBDDTY010003838.1,1517,3.4620962425840474,3,2.609738021752843,4.1962142857142855,72,4.746209624258404
USNM_1606826,CBDDTY010000508.1,1514,1.2708058124174373,1,0.521177182530836,0,0,0
USNM_1606826,CBDDTY010003481.1,1513,1.2366159947124917,1,0.42514506852869,0,0,0
USNM_1606826,CBDDTY010003074.1,1510,1.4026490066225166,1,0.5670365245098742,0.29239766081871343,0,0
USNM_1606826,CBDDTY010002729.1,1508,1.4124668435013263,1,0.9285866361863596,0,0,0
USNM_1606826,CBDDTY010003051.1,1508,1.7413793103448276,2,0.7576803961020422,2.18978102189781,0,0
USNM_1606826,CBDDTY010003485.1,1504,1.059840425531915,1,0.23726984744604815,0,0,0
USNM_1606826,CBDDTY010003300.1,1503,1.298735861610113,1,0.5866170579357184,0,0,0
USNM_1606826,CBDDTY010002475.1,1500,1.1206666666666667,1,0.3258481347092301,1.0526315789473684,0,0
USNM_1606826,CBDDTY010003630.1,1498,1.1535380507343125,1,0.4075819897609483,0,0,0
USNM_1606826,CBDDTY010001290.1,1497,1.0474281897127589,1,0.21262397850876194,0,0,0
USNM_1606826,CBDDTY010003704.1,1491,1.1509054325955734,1,0.3580767771014006,15,0,0
USNM_1606826,CBDDTY010003111.1,1484,1.232479784366577,1,0.43822303659219963,0,0,0
USNM_1606826,CBDDTY010003152.1,1484,1.2068733153638813,1,0.4052004259054238,2.6785714285714284,0,0
USNM_1606826,CBDDTY010002801.1,1483,2.9345920431557655,2,2.3399735035736033,0,20,1.3486176668914363
USNM_1606826,CBDDTY010003843.1,1482,2.0256410256410255,2,1.0854838769634632,0,0,0
USNM_1606826,CBDDTY010001529.1,1469,1.1524846834581348,1,0.4075608903750903,0.9057608695652174,0,0
USNM_1606826,CBDDTY010002763.1,1462,1.9008207934336525,1,1.1536980433610964,9.352517985611511,0,0
USNM_1606826,CBDDTY010003298.1,1458,2.49039780521262,1,2.2812484344196697,0.35854651162790696,17,1.1659807956104253
USNM_1606826,CBDDTY010001918.1,1457,1.2306108442004118,1,0.46918414426371696,0,0,0
USNM_1606826,CBDDTY010003985.1,1450,1.7972413793103448,1,1.1324893232607907,5.978260869565218,0,0
USNM_1606826,CBDDTY010002941.1,1447,1.21147201105736,1,0.42345607989727746,0,0,0
USNM_1606826,CBDDTY010003546.1,1447,1.3552176917760885,1,0.6534397264405167,0.8620689655172413,0,0
USNM_1606826,CBDDTY010001759.1,1436,1.0146239554317549,1,0.12008387584344567,0,0,0
USNM_1606826,CBDDTY010001843.1,1436,1.0967966573816157,1,0.31627763640819595,16.93548387096774,0,0
USNM_1606826,CBDDTY010001984.1,1433,1.2561060711793441,1,0.5062521617839083,1.2345679012345678,0,0
USNM_1606826,CBDDTY010003389.1,1433,1.1842288904396372,1,0.38780608106517406,0.8620689655172413,0,0
USNM_1606826,CBDDTY010003703.1,1431,1.2054507337526206,1,0.5042459469531629,0,0,0
USNM_1606826,CBDDTY010001799.1,1427,1.0911002102312544,1,0.28785243983292524,0,0,0
USNM_1606826,CBDDTY010003539.1,1422,1.8255977496483826,1,1.306818647217567,0.6329113924050633,0,0
USNM_1606826,CBDDTY010003257.1,1421,1.808585503166784,1,1.1754337697571346,0,0,0
USNM_1606826,CBDDTY010003942.1,1418,2.3420310296191817,2,1.049621012571463,0,0,0
USNM_1606826,CBDDTY010002464.1,1416,1.932909604519774,1,1.7703139831368955,0.43103448275862066,0,0
USNM_1606826,CBDDTY010002983.1,1415,1.1611307420494699,1,0.36778148185648146,1.0416666666666667,0,0
USNM_1606826,CBDDTY010003587.1,1414,1.2595473833097595,1,0.57535250914928,8.333333333333334,0,0
USNM_1606826,CBDDTY010003668.1,1413,1.2611464968152866,1,0.5109543247765921,3.9944628099173554,0,0
USNM_1606826,CBDDTY010002806.1,1412,1.5559490084985836,1,0.9659621835206227,0,0,0
USNM_1606826,CBDDTY010001903.1,1411,1.1417434443656982,1,0.3489104735167579,6.451612903225806,0,0
USNM_1606826,CBDDTY010002454.1,1411,1.592487597448618,1,0.9327304417535257,1.754360902255639,0,0
USNM_1606826,CBDDTY010001807.1,1410,1.221985815602837,1,0.4157291043818941,0.9345794392523364,0,0
USNM_1606826,CBDDTY010003506.1,1408,3.546875,3,2.5900836331523207,25.480588235294118,16,1.1363636363636365
USNM_1606826,CBDDTY010003786.1,1408,1.3551136363636365,1,0.4962139399627431,0,0,0
USNM_1606826,CBDDTY010003347.1,1401,1,1,0,15,0,0
USNM_1606826,CBDDTY010003894.1,1401,1.4361170592433976,1,0.6858427958162571,0,0,0
USNM_1606826,CBDDTY010003783.1,1399,1.2737669764117228,1,0.5724650210368013,0,0,0
USNM_1606826,CBDDTY010004090.1,1395,1.7010752688172044,2,0.6362711872639729,11.054387755102042,0,0
USNM_1606826,CBDDTY010004000.1,1389,1.205183585313175,1,0.43655274412688727,0,0,0
USNM_1606826,CBDDTY010001401.1,1387,2.350396539293439,1,1.8422074252432847,3.163611111111111,0,0
USNM_1606826,CBDDTY010003388.1,1387,1.2941600576784427,1,0.6333576530231542,0,0,0
USNM_1606826,CBDDTY010004017.1,1387,1.8399423215573179,2,0.888627521028733,0,0,0
USNM_1606826,CBDDTY010003421.1,1385,1.291696750902527,1,0.5902351548589284,0,0,0
USNM_1606826,CBDDTY010003242.1,1384,1.4465317919075145,1,0.823569709395424,0,0,0
USNM_1606826,CBDDTY010004070.1,1384,1.8179190751445087,1,1.1306917900259628,0,0,0
USNM_1606826,CBDDTY010003988.1,1383,1.883586406362979,1,1.28169157497452,0,0,0
USNM_1606826,CBDDTY010003145.1,1382,1.239507959479016,1,0.49598158252552343,6.048387096774194,0,0
USNM_1606826,CBDDTY010002954.1,1380,1.1521739130434783,1,0.5109699277347117,1.2269938650306749,0,0
USNM_1606826,CBDDTY010003397.1,1378,1.4020319303338171,1,0.8999613929406277,0,0,0
USNM_1606826,CBDDTY010003961.1,1376,1.6707848837209303,2,0.736510471357064,0,0,0
USNM_1606826,CBDDTY010002774.1,1375,1.1927272727272726,1,0.482538828544738,1.1363636363636365,0,0
USNM_1606826,CBDDTY010002880.1,1375,1.3418181818181818,1,0.6648513063042806,12.903225806451612,0,0
USNM_1606826,CBDDTY010003601.1,1373,1.2811361981063365,1,0.5911651707715437,1.6666363636363637,0,0
USNM_1606826,CBDDTY010004073.1,1367,1.9312362838332113,1,1.1977089558032714,0,0,0
USNM_1606826,CBDDTY010000946.1,1365,1.484981684981685,1,0.9406672791248882,0,0,0
USNM_1606826,CBDDTY010003505.1,1365,1.715018315018315,1,0.806926632253681,1.7391304347826086,0,0
USNM_1606826,CBDDTY010003763.1,1363,1.3235509904622158,1,0.5027925052960824,0,0,0
USNM_1606826,CBDDTY010004376.1,1356,1.7905604719764012,1,1.0289245537452447,0,0,0
USNM_1606826,CBDDTY010003589.1,1353,1.352549889135255,1,0.6632991456122073,0,0,0
USNM_1606826,CBDDTY010003537.1,1352,1.139792899408284,1,0.34690035089439525,10.087719298245615,0,0
USNM_1606826,CBDDTY010004400.1,1351,2.3412287194670616,2,1.0419687776390334,0,0,0
USNM_1606826,CBDDTY010002541.1,1347,1.1588715664439495,1,0.3656920455791287,3.2967032967032965,0,0
USNM_1606826,CBDDTY010004227.1,1347,15.930215293244247,16,7.7199034668554525,2.394950980392157,1096,81.365998515219
USNM_1606826,CBDDTY010001477.1,1344,1.2983630952380953,1,0.6384061960781773,3.7383177570093458,0,0
USNM_1606826,CBDDTY010003123.1,1341,1.2893363161819538,1,0.4665989275545713,9.49367088607595,0,0
USNM_1606826,CBDDTY010003553.1,1333,1.4006001500375094,1,0.6644555222518874,0,0,0
USNM_1606826,CBDDTY010000548.1,1328,1.1792168674698795,1,0.4637145536817707,5.46875,0,0
USNM_1606826,CBDDTY010003451.1,1325,1.1660377358490566,1,0.3722550068376726,3.508771929824561,0,0
USNM_1606826,CBDDTY010003962.1,1321,1.2119606358819077,1,0.4088518865261098,5.633802816901408,0,0
USNM_1606826,CBDDTY010003688.1,1320,1.4068181818181817,1,0.7022862245124719,0,0,0
USNM_1606826,CBDDTY010003706.1,1320,1.2416666666666667,1,0.4370175414835386,7.8125,0,0
USNM_1606826,CBDDTY010002862.1,1319,1.350265352539803,1,0.8658840803548684,3.0625,0,0
USNM_1606826,CBDDTY010002699.1,1315,1.231939163498099,1,0.48119789257769774,0,0,0
USNM_1606826,CBDDTY010000180.1,1313,1.1964965727341965,1,0.5070417883949938,1.7241379310344827,0,0
USNM_1606826,CBDDTY010003232.1,1313,1.1051028179741051,1,0.30680271318348556,8.045977011494253,0,0
USNM_1606826,CBDDTY010003750.1,1312,1.2629573170731707,1,0.48961739262329546,4.62962962962963,0,0
USNM_1606826,CBDDTY010000013.1,1311,1.0732265446224256,1,0.26060741103076507,0,0,0
USNM_1606826,CBDDTY010003202.1,1307,1.088752869166029,1,0.35404538860865575,3.2362135922330095,0,0
USNM_1606826,CBDDTY010002818.1,1306,1.9433384379785605,2,1.0641518646880674,13.247820512820512,0,0
USNM_1606826,CBDDTY010001137.1,1305,1.3379310344827586,1,0.900737774374371,0,0,0
USNM_1606826,CBDDTY010003732.1,1305,3.6475095785440614,2,3.963005150217704,0.29069767441860467,151,11.57088122605364
USNM_1606826,CBDDTY010003681.1,1301,1.112990007686395,1,0.31670232185651503,0,0,0
USNM_1606826,CBDDTY010003605.1,1295,1.0833976833976835,1,0.35490932097535227,0,0,0
USNM_1606826,CBDDTY010004103.1,1293,1.2985305491105956,1,0.5105445463225043,0,0,0
USNM_1606826,CBDDTY010003470.1,1292,1.2685758513931888,1,0.5523025386186906,7,0,0
USNM_1606826,CBDDTY010003958.1,1292,1.1486068111455108,1,0.41604859196413396,2.5210084033613445,0,0
USNM_1606826,CBDDTY010003540.1,1290,1.5868217054263567,1,0.6838352853091613,0,0,0
USNM_1606826,CBDDTY010004101.1,1285,1.0482490272373541,1,0.2143754245997885,0,0,0
USNM_1606826,CBDDTY010003674.1,1284,2.3590342679127727,1,2.2056197624764837,0,5,0.3894080996884735
USNM_1606826,CBDDTY010003591.1,1281,1.1670569867291178,1,0.3731724266759612,5.617977528089888,0,0
USNM_1606826,CBDDTY010003794.1,1273,1.4713275726630008,1,0.6099305664693965,0,0,0
USNM_1606826,CBDDTY010000378.1,1270,1.0637795275590551,1,0.24445603604750754,0,0,0
USNM_1606826,CBDDTY010002546.1,1270,1.0480314960629922,1,0.21391704780437124,3.9130434782608696,0,0
USNM_1606826,CBDDTY010003217.1,1270,1.8133858267716536,1,0.9888154836137351,2.5,0,0
USNM_1606826,CBDDTY010003219.1,1269,1.16548463356974,1,0.37176387785215764,4.761904761904762,0,0
USNM_1606826,CBDDTY010002847.1,1267,1.988950276243094,2,1.1709508240907076,19.09584745762712,0,0
USNM_1606826,CBDDTY010003350.1,1267,1.2628255722178374,1,0.4403422879197264,6.111111111111111,0,0
USNM_1606826,CBDDTY010003558.1,1267,1.2154696132596685,1,0.4804033287542129,28.333333333333332,0,0
USNM_1606826,CBDDTY010001803.1,1266,1.216429699842022,1,0.5081923807422685,0.970873786407767,0,0
USNM_1606826,CBDDTY010003250.1,1266,1.1413902053712481,1,0.3485613042167332,0,0,0
USNM_1606826,CBDDTY010000103.1,1261,1.007930214115781,1,0.0887331377177649,0,0,0
USNM_1606826,CBDDTY010001602.1,1260,1,1,0,0,0,0
USNM_1606826,CBDDTY010004275.1,1259,2.9277204130262113,2,1.7711749932138712,10.730266666666667,0,0
USNM_1606826,CBDDTY010002565.1,1257,1.1702466189339698,1,0.37599890689226784,0,0,0
USNM_1606826,CBDDTY010002063.1,1256,2.129777070063694,1,2.1773638686260277,8.176581196581196,41,3.2643312101910826
USNM_1606826,CBDDTY010000172.1,1255,1.1290836653386453,1,0.3354261806412863,0,0,0
USNM_1606826,CBDDTY010003686.1,1254,1.4074960127591707,1,0.9658037923239944,0,0,0
USNM_1606826,CBDDTY010000998.1,1250,1.3432,1,0.6488069978170188,0,0,0
USNM_1606826,CBDDTY010004052.1,1250,1.8576,2,1.1113551764681757,0,0,0
USNM_1606826,CBDDTY010003841.1,1244,2.6237942122186495,2,1.8758609053491893,41.666666666666664,6,0.482315112540193
USNM_1606826,CBDDTY010003917.1,1242,1.1135265700483092,1,0.31736317122849433,0,0,0
USNM_1606826,CBDDTY010000802.1,1237,1.2247372675828618,1,0.5770159816259435,9.090909090909092,0,0
USNM_1606826,CBDDTY010004150.1,1237,1.4252223120452707,1,0.571953066754372,0,0,0
USNM_1606826,CBDDTY010004257.1,1236,3.0186084142394822,3,1.243793337974224,0,0,0
USNM_1606826,CBDDTY010003267.1,1234,1.192868719611021,1,0.450373589838287,4.545454545454546,0,0
USNM_1606826,CBDDTY010003357.1,1233,1.29683698296837,1,0.5679177507510774,3.5353535353535355,0,0
USNM_1606826,CBDDTY010000876.1,1228,1.004071661237785,1,0.06370547612660613,0,0,0
USNM_1606826,CBDDTY010003110.1,1227,1.2078239608801955,1,0.4059155662968749,0,0,0
USNM_1606826,CBDDTY010002340.1,1224,1.2957516339869282,1,0.5668246598460522,2.1052631578947367,0,0
USNM_1606826,CBDDTY010001279.1,1223,1.0335241210139003,1,0.180074341436772,0,0,0
USNM_1606826,CBDDTY010003939.1,1223,1.527391659852821,1,0.8820970676862772,0,0,0
USNM_1606826,CBDDTY010003472.1,1219,1.2863002461033635,1,0.5459818997928569,14.204545454545455,0,0
USNM_1606826,CBDDTY010004378.1,1219,3.51025430680886,4,1.7336195184590935,3.8181818181818183,0,0
USNM_1606826,CBDDTY010000798.1,1218,3.0451559934318553,1,7.4035300170611915,5.946,94,7.717569786535304
USNM_1606826,CBDDTY010003626.1,1216,1.346217105263158,1,0.5572142635849876,0,0,0
USNM_1606826,CBDDTY010000107.1,1214,1.1383855024711698,1,0.46007207183420357,0,0,0
USNM_1606826,CBDDTY010003803.1,1213,2.1607584501236605,2,1.1758193906635075,0.704225352112676,0,0
USNM_1606826,CBDDTY010003581.1,1210,1.628099173553719,1,0.7048482863579802,0.5208333333333334,0,0
USNM_1606826,CBDDTY010002195.1,1208,1.0852649006622517,1,0.27939115250709795,0.8064516129032258,0,0
USNM_1606826,CBDDTY010004329.1,1208,3.390728476821192,2,3.205677461296771,0.5081707317073171,70,5.7947019867549665
USNM_1606826,CBDDTY010002628.1,1206,1.128524046434494,1,0.3348112403149066,6.25,0,0
USNM_1606826,CBDDTY010004307.1,1206,1.5903814262023217,1,0.7866354766125897,0,0,0
USNM_1606826,CBDDTY010003992.1,1205,1.4,1,0.5307801567041015,0,0,0
USNM_1606826,CBDDTY010001347.1,1203,1.4763092269326683,1,0.6715484955210531,0,0,0
USNM_1606826,CBDDTY010003937.1,1203,1.7880299251870324,1,1.0780473315307373,0,0,0
USNM_1606826,CBDDTY010003749.1,1202,1.326955074875208,1,0.6733332989949503,3.2967032967032965,0,0
USNM_1606826,CBDDTY010002676.1,1199,1.091743119266055,1,0.2887834376432278,0,0,0
USNM_1606826,CBDDTY010003699.1,1198,1.2545909849749584,1,0.5989058176638548,18.181818181818183,0,0
USNM_1606826,CBDDTY010004085.1,1192,1.3657718120805369,1,0.599834492938927,0.8620689655172413,0,0
USNM_1606826,CBDDTY010002739.1,1186,1.1964586846543002,1,0.4784160984650336,0,0,0
USNM_1606826,CBDDTY010003921.1,1183,1.4623837700760778,1,0.7902087356058127,4.065040650406504,0,0
USNM_1606826,CBDDTY010001285.1,1181,2.0601185436071128,1,1.5797263181237415,7.202782608695652,0,0
USNM_1606826,CBDDTY010003078.1,1180,1.6601694915254237,1,1.0567959184808613,9.45945945945946,0,0
USNM_1606826,CBDDTY010003981.1,1178,2.129881154499151,2,1.4366037144086992,4.6032222222222225,0,0
USNM_1606826,CBDDTY010003631.1,1177,1.5836873406966865,1,0.9119421213943784,18.611,0,0
USNM_1606826,CBDDTY010004547.1,1174,3.8671209540034073,3,2.4890674631611627,51.24178571428571,0,0
USNM_1606826,CBDDTY010003658.1,1171,1.2587532023911188,1,0.49492965888498686,0,0,0
USNM_1606826,CBDDTY010003912.1,1169,1.4431137724550898,1,0.5122364556833567,31.57894736842105,0,0
USNM_1606826,CBDDTY010000064.1,1168,1.3210616438356164,1,0.5225029436304858,0.4132231404958678,0,0
USNM_1606826,CBDDTY010004179.1,1166,2.573756432246998,3,1.266659608497797,0,0,0
USNM_1606826,CBDDTY010003225.1,1165,1.2377682403433476,1,0.4644937729848059,1.968503937007874,0,0
USNM_1606826,CBDDTY010001736.1,1151,1.1164205039096438,1,0.32086791604091786,5.769230769230769,0,0
USNM_1606826,CBDDTY010003136.1,1148,1.3266550522648084,1,0.7223571047263576,0.625,0,0
USNM_1606826,CBDDTY010001654.1,1146,1.0986038394415358,1,0.29825953081710077,4.081632653061225,0,0
USNM_1606826,CBDDTY010003638.1,1146,3.6727748691099475,1,4.708284121377174,1.1235714285714287,177,15.44502617801047
USNM_1606826,CBDDTY010000352.1,1144,1.2141608391608392,1,0.4936434033071763,5.681818181818182,0,0
USNM_1606826,CBDDTY010003752.1,1142,1.339754816112084,1,0.6725982240779973,0,0,0
USNM_1606826,CBDDTY010003775.1,1141,1.652059596844873,1,0.8659583778880912,5.894268292682927,0,0
USNM_1606826,CBDDTY010004026.1,1137,1.901495162708883,2,0.9320994486850123,8.08090909090909,0,0
USNM_1606826,CBDDTY010003614.1,1136,1.2077464788732395,1,0.4664722144563783,0,0,0
USNM_1606826,CBDDTY010003679.1,1136,1.556338028169014,1,1.0318258766968904,0,0,0
USNM_1606826,CBDDTY010001649.1,1134,1.0555555555555556,1,0.2291624875919469,2.5974025974025974,0,0
USNM_1606826,CBDDTY010003567.1,1133,1.1818181818181819,1,0.4779090338667617,0,0,0
USNM_1606826,CBDDTY010003850.1,1132,1.3542402826855124,1,0.6851653086128439,0,0,0
USNM_1606826,CBDDTY010002201.1,1130,1.4221238938053098,1,0.7360433943375745,4.984392523364486,0,0
USNM_1606826,CBDDTY010003847.1,1129,1.2816651904340124,1,0.6017339524285671,0,0,0
USNM_1606826,CBDDTY010003647.1,1126,1.8046181172291296,1,1.712961304820893,7.777777777777778,0,0
USNM_1606826,CBDDTY010004258.1,1126,2.0177619893428065,2,1.2836215296186693,0,0,0
USNM_1606826,CBDDTY010004334.1,1123,1.9332146037399822,2,0.7409532180731746,3.2338059701492536,0,0
USNM_1606826,CBDDTY010004562.1,1122,1.7540106951871657,2,0.8003717645737527,0,0,0
USNM_1606826,CBDDTY010004099.1,1121,1.313113291703836,1,0.6318179797021912,31.428571428571427,0,0
USNM_1606826,CBDDTY010004157.1,1112,6.663669064748201,6,4.707292944769959,4.205555555555556,381,34.26258992805755
USNM_1606826,CBDDTY010003321.1,1110,1.5747747747747747,1,0.6895416687764303,17.424242424242426,0,0
USNM_1606826,CBDDTY010003392.1,1110,1.6576576576576576,2,0.7318035516116376,0.9803529411764705,0,0
USNM_1606826,CBDDTY010004178.1,1107,2.012646793134598,2,0.9621324571941025,13.251311475409835,0,0
USNM_1606826,CBDDTY010004366.1,1107,1.1770551038843722,1,0.3818878579118365,0,0,0
USNM_1606826,CBDDTY010003757.1,1100,1.2718181818181817,1,0.5494031533990719,1.0416666666666667,0,0
USNM_1606826,CBDDTY010004531.1,1100,2.4536363636363636,2,1.4411840037331902,0,0,0
USNM_1606826,CBDDTY010003905.1,1094,1.686471663619744,2,0.7999655645731326,0,0,0
USNM_1606826,CBDDTY010003643.1,1092,1.7463369963369964,1,0.9823069742892278,8.433614457831325,0,0
USNM_1606826,CBDDTY010004331.1,1090,1.1577981651376146,1,0.3647189888939256,0,0,0
USNM_1606826,CBDDTY010000881.1,1089,1.1983471074380165,1,0.3989381871917071,0,0,0
USNM_1606826,CBDDTY010002899.1,1084,1.8274907749077491,1,1.1026455113250122,0,0,0
USNM_1606826,CBDDTY010004176.1,1084,1.6005535055350553,1,0.7009027735467589,0,0,0
USNM_1606826,CBDDTY010003929.1,1083,1.5817174515235457,1,0.8063507201357049,0,0,0
USNM_1606826,CBDDTY010002875.1,1081,1,1,0,0,0,0
USNM_1606826,CBDDTY010003705.1,1080,1.1574074074074074,1,0.41879028390272616,0,0,0
USNM_1606826,CBDDTY010003534.1,1079,1.2335495829471732,1,0.5033703707469579,0,0,0
USNM_1606826,CBDDTY010002375.1,1075,1.0837209302325581,1,0.2770977485852505,1.36986301369863,0,0
USNM_1606826,CBDDTY010003645.1,1074,1.2802607076350092,1,0.47943886799791513,0,0,0
USNM_1606826,CBDDTY010003154.1,1071,1.242763772175537,1,0.5693753088035195,8.536585365853659,0,0
USNM_1606826,CBDDTY010002643.1,1070,1.2757009345794392,1,0.5451274293392526,25,0,0
USNM_1606826,CBDDTY010001783.1,1066,1.1866791744840526,1,0.3898366628921717,15.217391304347826,0,0
USNM_1606826,CBDDTY010000313.1,1064,1.2161654135338347,1,0.41182195607606925,0,0,0
USNM_1606826,CBDDTY010000835.1,1063,1.1288805268109126,1,0.3969556558114539,7.2727272727272725,0,0
USNM_1606826,CBDDTY010001895.1,1058,1.113421550094518,1,0.3172573663569026,8.064516129032258,0,0
USNM_1606826,CBDDTY010004081.1,1057,1.6423841059602649,2,0.6775772851290824,0,0,0
USNM_1606826,CBDDTY010003310.1,1055,1.1876777251184834,1,0.4386885432466235,0,0,0
USNM_1606826,CBDDTY010003835.1,1055,1.3696682464454977,1,0.5333555157246834,5.405405405405405,0,0
USNM_1606826,CBDDTY010003804.1,1054,1.618595825426945,1,1.0092993638700474,0,0,0
USNM_1606826,CBDDTY010002338.1,1052,1.429657794676806,1,0.7363051460715069,0,0,0
USNM_1606826,CBDDTY010003770.1,1049,1.2011439466158247,1,0.4010466117472523,1.1494252873563218,0,0
USNM_1606826,CBDDTY010004561.1,1047,1.758357211079274,1,0.9629187894270226,0,0,0
USNM_1606826,CBDDTY010003833.1,1046,1.2848948374760993,1,0.533204933296742,0,0,0
USNM_1606826,CBDDTY010003960.1,1045,1.2708133971291866,1,0.4445926809199907,0,0,0
USNM_1606826,CBDDTY010004411.1,1045,1.3569377990430622,1,0.6250380838641688,0,0,0
USNM_1606826,CBDDTY010004372.1,1044,1.2576628352490422,1,0.5215294798833059,0,0,0
USNM_1606826,CBDDTY010003916.1,1043,1.473633748801534,1,0.7588409993380906,7.0754716981132075,0,0
USNM_1606826,CBDDTY010001899.1,1042,1.023992322456814,1,0.15309861312126197,7.142857142857143,0,0
USNM_1606826,CBDDTY010003544.1,1041,1.6733909702209413,1,1.2180347229937185,1.2048192771084338,0,0
USNM_1606826,CBDDTY010003571.1,1041,1.606147934678194,1,0.832351080014906,0,0,0
USNM_1606826,CBDDTY010004503.1,1037,1.8900675024108005,2,0.9900409956386674,0,0,0
USNM_1606826,CBDDTY010000199.1,1034,1.1595744680851063,1,0.37936898334428465,6.593406593406593,0,0
USNM_1606826,CBDDTY010003535.1,1034,1.1663442940038684,1,0.4793800261976555,3.33325,0,0
USNM_1606826,CBDDTY010003183.1,1033,1.3252662149080348,1,0.5325732396688154,0,0,0
USNM_1606826,CBDDTY010000169.1,1031,1.4442289039767215,1,0.7095350330223865,0,0,0
USNM_1606826,CBDDTY010004111.1,1031,2.1454898157129003,2,1.2188553151482384,0,0,0
USNM_1606826,CBDDTY010004247.1,1030,2.5766990291262135,2,1.3890592829830655,96.6668,0,0
USNM_1606826,CBDDTY010002109.1,1029,1.152575315840622,1,0.3597525027602166,0,0,0
USNM_1606826,CBDDTY010003695.1,1027,1.1772151898734178,1,0.3820367538974451,0,0,0
USNM_1606826,CBDDTY010004014.1,1021,1.7757100881488737,1,1.0467679529108955,0,0,0
USNM_1606826,CBDDTY010003935.1,1020,2.9176470588235293,2,1.7149925834466209,1.0204081632653061,0,0
USNM_1606826,CBDDTY010004383.1,1018,2.06090373280943,2,1.3170928209816615,0.868125,0,0
USNM_1606826,CBDDTY010004294.1,1016,2.331692913385827,2,1.29615554629303,0.7575757575757576,0,0
USNM_1606826,CBDDTY010004559.1,1014,1.3333333333333333,1,0.4716371408499911,0,0,0
USNM_1606826,CBDDTY010003547.1,1012,1.1660079051383399,1,0.49338920734806896,5.660377358490566,0,0
USNM_1606826,CBDDTY010003387.1,1011,1.4302670623145401,1,0.7076903080949043,60,0,0
USNM_1606826,CBDDTY010003797.1,1010,1.385148514851485,1,0.6460808337423495,0,0,0
USNM_1606826,CBDDTY010000175.1,1007,1.1271102284011916,1,0.3332619235772503,0,0,0
USNM_1606826,CBDDTY010004232.1,1005,1.5034825870646766,1,0.6242428169927193,0,0,0
USNM_1606826,CBDDTY010004027.1,1004,1.1882470119521913,1,0.494658723750112,0,0,0
USNM_1606826,CBDDTY010003719.1,1001,1.1058941058941059,1,0.3205857526079797,0,0,0
USNM_1606826,CBDDTY010004553.1,1001,3.7362637362637363,3,2.724036274790339,6.338974358974359,66,6.593406593406594
USNM_1606826,CBDDTY010002670.1,1000,1.105,1,0.319495034510831,5.357142857142857,0,0
USNM_1606826,CBDDTY010003825.1,1000,1.494,1,0.6483705610099709,0,0,0
USNM_1606826,CBDDTY010003938.1,997,1.1795386158475427,1,0.383995309024343,0,0,0
USNM_1606826,CBDDTY010002985.1,995,1.0773869346733669,1,0.32507731015191504,0,0,0
USNM_1606826,CBDDTY010003862.1,994,1.3742454728370221,1,0.5202647518221349,0,0,0
USNM_1606826,CBDDTY010003791.1,992,1.28125,1,0.5007877245959146,3.658536585365854,0,0
USNM_1606826,CBDDTY010004171.1,992,1.6804435483870968,1,1.0817729425026712,11.33325,0,0
USNM_1606826,CBDDTY010001333.1,990,1.3555555555555556,1,0.9680666964945781,14,0,0
USNM_1606826,CBDDTY010003663.1,989,1.2810920121334681,1,0.4968080509622471,1.0101010101010102,0,0
USNM_1606826,CBDDTY010003909.1,989,1.7148634984833164,2,0.7110973348336965,0,0,0
USNM_1606826,CBDDTY010002321.1,982,1.195519348268839,1,0.433627617236914,0,0,0
USNM_1606826,CBDDTY010003879.1,980,1.4836734693877551,1,0.6948951284478513,0,0,0
USNM_1606826,CBDDTY010003424.1,979,1.1419816138917263,1,0.3492096768914222,0,0,0
USNM_1606826,CBDDTY010004533.1,973,2.038026721479959,2,0.8699327177670734,3.1914893617021276,0,0
USNM_1606826,CBDDTY010004588.1,973,1.0154162384378211,1,0.12326473076784045,0,0,0
USNM_1606826,CBDDTY010002796.1,970,1.3628865979381444,1,0.824210487862883,0.18518518518518517,0,0
USNM_1606826,CBDDTY010002056.1,969,2.224974200206398,1,1.928728980366496,10.256410256410257,0,0
USNM_1606826,CBDDTY010004029.1,969,1.7750257997936016,2,0.8022151823007642,11.30952380952381,0,0
USNM_1606826,CBDDTY010004156.1,968,2.9607438016528924,3,1.6580811053367306,0,0,0
USNM_1606826,CBDDTY010004525.1,966,1.3530020703933747,1,0.5923749460262874,5.246851851851852,0,0
USNM_1606826,CBDDTY010003952.1,964,1.0871369294605808,1,0.28218200736527654,43.02325581395349,0,0
USNM_1606826,CBDDTY010003334.1,963,1.0602284527518173,1,0.2380332393069573,5.47945205479452,0,0
USNM_1606826,CBDDTY010003816.1,962,1.4324324324324325,1,0.6468591434100811,0,0,0
USNM_1606826,CBDDTY010003685.1,958,1.1315240083507307,1,0.3381490816317083,0,0,0
USNM_1606826,CBDDTY010004166.1,957,1.1974921630094044,1,0.3983149407705262,0,0,0
USNM_1606826,CBDDTY010002153.1,956,1.0575313807531381,1,0.2329770320086007,15.151515151515152,0,0
USNM_1606826,CBDDTY010003635.1,954,1,1,0,0,0,0
USNM_1606826,CBDDTY010002965.1,953,1.794333683105981,1,1.4543795790532807,1.2681521739130435,0,0
USNM_1606826,CBDDTY010003722.1,952,1.2058823529411764,1,0.4045574477389601,0,0,0
USNM_1606826,CBDDTY010003683.1,950,1.1147368421052632,1,0.387493749513512,0,0,0
USNM_1606826,CBDDTY010003927.1,950,1.3873684210526316,1,0.6406072766363846,25.11718309859155,0,0
USNM_1606826,CBDDTY010003889.1,948,1.1445147679324894,1,0.35179653089264273,6.666666666666667,0,0
USNM_1606826,CBDDTY010002820.1,943,1,1,0,62.92134831460674,0,0
USNM_1606826,CBDDTY010003595.1,941,1.789585547290117,1,1.2378507189941368,0,0,0
USNM_1606826,CBDDTY010004212.1,941,1.61211477151966,2,0.552962900918505,0,0,0
USNM_1606826,CBDDTY010003599.1,940,1.7404255319148936,1,1.1494610626714128,0,0,0
USNM_1606826,CBDDTY010003243.1,939,4.291799787007455,4,3.1044446537278865,2.1211363636363636,100,10.649627263045794
USNM_1606826,CBDDTY010003619.1,939,1.0905218317358893,1,0.28708082318943395,0,0,0
USNM_1606826,CBDDTY010000091.1,937,1.3820704375667023,1,0.4861531178626827,0,0,0
USNM_1606826,CBDDTY010004248.1,936,1.4519230769230769,1,0.6116835175377164,0,0,0
USNM_1606826,CBDDTY010003362.1,935,1.1518716577540107,1,0.35908852105260297,0,0,0
USNM_1606826,CBDDTY010003696.1,932,1.4130901287553648,1,0.6619636027886687,0,0,0
USNM_1606826,CBDDTY010003607.1,931,1.112781954887218,1,0.31649609679572194,0,0,0
USNM_1606826,CBDDTY010003648.1,929,1.2303552206673842,1,0.4212870043825422,0,0,0
USNM_1606826,CBDDTY010003923.1,929,1.0796555435952637,1,0.2709050320579948,0,0,0
USNM_1606826,CBDDTY010004040.1,929,1.3229278794402584,1,0.49253220200159215,7.627118644067797,0,0
USNM_1606826,CBDDTY010002307.1,928,1.052801724137931,1,0.22375802617929996,0,0,0
USNM_1606826,CBDDTY010004204.1,928,3.1293103448275863,3,1.749243250965151,0,0,0
USNM_1606826,CBDDTY010003611.1,927,1.4412081984897518,1,0.7640306375649446,32.291875,0,0
USNM_1606826,CBDDTY010003811.1,927,1.151024811218986,1,0.3582663536550375,6.521739130434782,0,0
USNM_1606826,CBDDTY010004127.1,925,1.3210810810810811,1,0.5461781012733102,0,0,0
USNM_1606826,CBDDTY010004552.1,924,1.6861471861471862,2,0.7188701590041834,0,0,0
USNM_1606826,CBDDTY010003522.1,920,1.4217391304347826,1,0.6156865090823859,7.228915662650603,0,0
USNM_1606826,CBDDTY010004434.1,917,2.479825517993457,2,1.4397949772483905,0.8130081300813008,0,0
USNM_1606826,CBDDTY010004508.1,917,1.9869138495092693,2,1.0817274345092622,0,0,0
USNM_1606826,CBDDTY010003593.1,915,1.4360655737704917,1,0.7564527924498812,2.734375,0,0
USNM_1606826,CBDDTY010004244.1,913,1.0887185104052575,1,0.28449285567674987,0,0,0
USNM_1606826,CBDDTY010004069.1,911,1.2886937431394072,1,0.4793236369727751,0,0,0
USNM_1606826,CBDDTY010003827.1,909,1.1485148514851484,1,0.3558053702633862,11.764705882352942,0,0
USNM_1606826,CBDDTY010002094.1,907,1.5292171995589856,1,0.8839853965134846,0.35714285714285715,0,0
USNM_1606826,CBDDTY010004079.1,907,1.330760749724366,1,0.6499887714114966,0,0,0
USNM_1606826,CBDDTY010004141.1,907,1.3495038588754134,1,0.5191767093765322,0,0,0
USNM_1606826,CBDDTY010004312.1,907,1.5237045203969128,1,0.7065136497757841,0,0,0
USNM_1606826,CBDDTY010002640.1,904,1.488938053097345,1,0.8041210168058364,0,0,0
USNM_1606826,CBDDTY010003700.1,904,1.0011061946902655,1,0.033259505261886965,21.875,0,0
USNM_1606826,CBDDTY010004209.1,896,1.3214285714285714,1,0.47440473895690854,0,0,0
USNM_1606826,CBDDTY010004207.1,892,1.1154708520179373,1,0.31976861415989905,0,0,0
USNM_1606826,CBDDTY010004271.1,892,2.307174887892377,2,1.5583791403690803,0,0,0
USNM_1606826,CBDDTY010002859.1,891,1.1122334455667788,1,0.315830731658451,0,0,0
USNM_1606826,CBDDTY010003978.1,890,3.653932584269663,2,3.7256009753623625,2.0045652173913044,121,13.595505617977526
USNM_1606826,CBDDTY010003258.1,889,1.1158605174353207,1,0.32023774723935833,0,0,0
USNM_1606826,CBDDTY010004584.1,889,1.3318335208098988,1,0.5145507873806131,0,0,0
USNM_1606826,CBDDTY010004408.1,888,1.8198198198198199,2,0.869870969173858,0,0,0
USNM_1606826,CBDDTY010003603.1,887,7.741826381059752,7,5.895236459497535,0.5292660550458715,327,36.865839909808344
USNM_1606826,CBDDTY010004154.1,887,1.8015783540022547,2,1.026223758984284,0,0,0
USNM_1606826,CBDDTY010003715.1,885,1.23954802259887,1,0.4270489857256668,0.9009009009009009,0,0
USNM_1606826,CBDDTY010004285.1,884,1.4468325791855203,1,0.5431558419590725,0,0,0
USNM_1606826,CBDDTY010004517.1,881,1.4506242905788875,1,0.5621611672823074,0,0,0
USNM_1606826,CBDDTY010004130.1,880,1.1306818181818181,1,0.3372437145314975,0,0,0
USNM_1606826,CBDDTY010004007.1,879,1.3401592718998863,1,0.6485417124099945,0,0,0
USNM_1606826,CBDDTY010003568.1,878,1.1093394077448746,1,0.31224244457171924,3.125,0,0
USNM_1606826,CBDDTY010003718.1,876,1.0776255707762556,1,0.26773432713838785,0,0,0
USNM_1606826,CBDDTY010004314.1,876,1.2968036529680365,1,0.5069021322597664,0,0,0
USNM_1606826,CBDDTY010003858.1,875,1.1234285714285714,1,0.32911662203387204,0,0,0
USNM_1606826,CBDDTY010003982.1,875,1.3668571428571428,1,0.815495565485137,0,0,0
USNM_1606826,CBDDTY010003675.1,874,1.5823798627002288,2,0.4934492409180894,0,0,0
USNM_1606826,CBDDTY010004476.1,872,1.268348623853211,1,0.45862874287036637,0,0,0
USNM_1606826,CBDDTY010003007.1,871,1.3846153846153846,1,0.48678377525857985,0,0,0
USNM_1606826,CBDDTY010003728.1,868,1.826036866359447,1,1.1071392350723264,19.523714285714284,0,0
USNM_1606826,CBDDTY010003659.1,864,1.3877314814814814,1,0.48751498619590095,7.936507936507937,0,0
USNM_1606826,CBDDTY010001837.1,863,1,1,0,0,0,0
USNM_1606826,CBDDTY010002329.1,863,1.1170336037079953,1,0.3216467309318296,0,0,0
USNM_1606826,CBDDTY010002465.1,863,1.070683661645423,1,0.2564443120772727,0,0,0
USNM_1606826,CBDDTY010003805.1,863,1.5677867902665121,1,0.7765296055339913,0,0,0
USNM_1606826,CBDDTY010004147.1,862,1.2389791183294663,1,0.6046378069656494,0,0,0
USNM_1606826,CBDDTY010003893.1,861,1.113821138211382,1,0.31777849616112147,0,0,0
USNM_1606826,CBDDTY010002170.1,860,1.5313953488372094,1,0.895046727522455,0,0,0
USNM_1606826,CBDDTY010004245.1,856,1.0700934579439252,1,0.2554537129159245,0,0,0
USNM_1606826,CBDDTY010003818.1,855,1.3964912280701753,1,0.5853295011555142,0,0,0
USNM_1606826,CBDDTY010003709.1,853,1.2250879249706916,1,0.4178852393253934,0,0,0
USNM_1606826,CBDDTY010004557.1,853,1.2672919109026963,1,0.49297583042462284,0,0,0
USNM_1606826,CBDDTY010003046.1,852,1.2546948356807512,1,0.512741554845085,0,0,0
USNM_1606826,CBDDTY010004053.1,850,1.1929411764705882,1,0.5094601487641858,0,0,0
USNM_1606826,CBDDTY010003919.1,849,1.0400471142520613,1,0.19618531296433134,0,0,0
USNM_1606826,CBDDTY010003963.1,846,1.946808510638298,2,0.9549660813572741,0,0,0
USNM_1606826,CBDDTY010004536.1,846,1.3522458628841607,1,0.4877562841566916,0,0,0
USNM_1606826,CBDDTY010003740.1,845,1.0721893491124261,1,0.2589544455357496,0,0,0
USNM_1606826,CBDDTY010001742.1,843,1.1672597864768683,1,0.3734292043655845,18.29268292682927,0,0
USNM_1606826,CBDDTY010002073.1,843,2.1055753262158956,2,1.4224213222575122,0,0,0
USNM_1606826,CBDDTY010003478.1,843,1.2609727164887308,1,0.6284864773595746,13.33325,0,0
USNM_1606826,CBDDTY010004410.1,843,1.6998813760379596,1,0.9482262401656695,6.05,0,0
USNM_1606826,CBDDTY010002227.1,842,1.0878859857482186,1,0.2832972939919356,0,0,0
USNM_1606826,CBDDTY010003660.1,839,1.5089392133492252,1,0.8084303391422671,4.918032786885246,0,0
USNM_1606826,CBDDTY010004541.1,839,1.2216924910607867,1,0.5109367089962055,0,0,0
USNM_1606826,CBDDTY010003501.1,837,1.1015531660692952,1,0.30224040006384567,25.58139534883721,0,0
USNM_1606826,CBDDTY010004586.1,836,2.598086124401914,2,1.6161449428829209,1.3888888888888888,0,0
USNM_1606826,CBDDTY010003922.1,835,1.2502994011976047,1,0.5504384835386352,0,0,0
USNM_1606826,CBDDTY010003944.1,834,1.8249400479616307,2,0.7704329452795659,0,0,0
USNM_1606826,CBDDTY010003964.1,834,1.3093525179856116,1,0.4902250388006732,0,0,0
USNM_1606826,CBDDTY010004318.1,833,1.7635054021608643,1,0.9446271167473117,0,0,0
USNM_1606826,CBDDTY010004585.1,833,1.4225690276110443,1,0.6460453870778415,0,0,0
USNM_1606826,CBDDTY010003771.1,832,2.9146634615384617,3,1.7948117183747827,0.8641836734693877,0,0
USNM_1606826,CBDDTY010004067.1,832,1.0733173076923077,1,0.26081341849465933,27.027027027027028,0,0
USNM_1606826,CBDDTY010003741.1,828,1.7741545893719808,2,0.7300485384242154,0,0,0
USNM_1606826,CBDDTY010004136.1,828,2.141304347826087,2,1.158777757092247,0,0,0
USNM_1606826,CBDDTY010004089.1,827,1.8730350665054414,2,0.9985877933828886,0,0,0
USNM_1606826,CBDDTY010004051.1,824,1.2548543689320388,1,0.48611408604024825,0,0,0
USNM_1606826,CBDDTY010004493.1,824,1.4441747572815533,1,0.4971755447306226,0,0,0
USNM_1606826,CBDDTY010003840.1,823,1.410692588092345,1,0.5068699632458611,0,0,0
USNM_1606826,CBDDTY010004556.1,823,1.1530984204131227,1,0.39261677331837536,50,0,0
USNM_1606826,CBDDTY010000646.1,822,1.205596107055961,1,0.45270099930491853,2.727272727272727,0,0
USNM_1606826,CBDDTY010003765.1,821,2.0292326431181484,2,1.0248726372776495,2.7450588235294116,0,0
USNM_1606826,CBDDTY010003050.1,819,1.0024420024420024,1,0.04938640611487902,0,0,0
USNM_1606826,CBDDTY010003724.1,818,1.723716381418093,2,0.7548779779323981,0,0,0
USNM_1606826,CBDDTY010003868.1,816,1.9166666666666667,1,1.3685034292948703,0,0,0
USNM_1606826,CBDDTY010003784.1,813,1.5153751537515374,1,0.7995209546156926,0,0,0
USNM_1606826,CBDDTY010004016.1,813,1.3284132841328413,1,0.5541087606608006,4.918032786885246,0,0
USNM_1606826,CBDDTY010004172.1,813,1.1783517835178352,1,0.38304424783618224,0,0,0
USNM_1606826,CBDDTY010002257.1,811,1.1171393341553637,1,0.3217846900255895,0,0,0
USNM_1606826,CBDDTY010004283.1,811,1.25154130702836,1,0.4563483256014831,0,0,0
USNM_1606826,CBDDTY010004466.1,811,1.563501849568434,1,0.8266245917811275,3.688360655737705,0,0
USNM_1606826,CBDDTY010003936.1,807,2.8674101610904583,3,1.4432236143571318,15.484727272727273,0,0
USNM_1606826,CBDDTY010003823.1,806,1.184863523573201,1,0.3884278472653209,0,0,0
USNM_1606826,CBDDTY010004417.1,806,1.9367245657568237,2,0.8631683316492986,6,0,0
USNM_1606826,CBDDTY010003508.1,804,1.0111940298507462,1,0.10527349030063936,0,0,0
USNM_1606826,CBDDTY010003806.1,803,1.3785803237858032,1,0.6855396163224456,0,0,0
USNM_1606826,CBDDTY010003955.1,803,1.6836861768368618,1,0.9041717451810493,5.847894736842105,0,0
USNM_1606826,CBDDTY010003854.1,802,1.64713216957606,1,0.9748000876968641,0,0,0
USNM_1606826,CBDDTY010003789.1,801,1.1473158551810236,1,0.35464194811217553,0,0,0
USNM_1606826,CBDDTY010004903.1,801,2.906367041198502,3,1.299989196152168,0.4166666666666667,0,0
USNM_1606826,CBDDTY010004521.1,798,1.494987468671679,1,0.8348434288286201,0,0,0
USNM_1606826,CBDDTY010002714.1,795,1.1886792452830188,1,0.39149991427973746,0,0,0
USNM_1606826,CBDDTY010003527.1,795,1.0440251572327044,1,0.205280171932125,1.5151515151515151,0,0
USNM_1606826,CBDDTY010004519.1,795,2.171069182389937,2,0.9052982803010736,0,0,0
USNM_1606826,CBDDTY010002472.1,794,1.619647355163728,1,0.7252720507616068,15.384615384615385,0,0
USNM_1606826,CBDDTY010003684.1,793,1.2610340479192939,1,0.5376787371138326,5,0,0
USNM_1606826,CBDDTY010004119.1,793,1.9306431273644389,1,1.2024729212206797,0.25,0,0
USNM_1606826,CBDDTY010004475.1,793,2.069356872635561,2,1.1876816033413415,17.24103448275862,0,0
USNM_1606826,CBDDTY010001704.1,792,1.1515151515151516,1,0.3587768619705547,1.639344262295082,0,0
USNM_1606826,CBDDTY010004368.1,792,1.52020202020202,1,0.6396869964656473,0,0,0
USNM_1606826,CBDDTY010004020.1,791,1.193426042983565,1,0.39523397240262337,0,0,0
USNM_1606826,CBDDTY010004474.1,790,1.8126582278481012,2,0.8057724393286521,0,0,0
USNM_1606826,CBDDTY010001466.1,789,1.2065906210392903,1,0.5602366803715648,7.936507936507937,0,0
USNM_1606826,CBDDTY010003892.1,789,1.4841571609632447,1,0.8286218487117558,39.08051724137931,0,0
USNM_1606826,CBDDTY010004472.1,789,1.3105196451204055,1,0.5124375496747141,21.428571428571427,0,0
USNM_1606826,CBDDTY010003901.1,788,1.166243654822335,1,0.37253566592559334,0,0,0
USNM_1606826,CBDDTY010003839.1,785,1.3019108280254776,1,0.622133358298367,0,0,0
USNM_1606826,CBDDTY010003637.1,781,1.144686299615877,1,0.35200970292462747,0,0,0
USNM_1606826,CBDDTY010003662.1,779,1.1322207958921695,1,0.3389482788897854,0,0,0
USNM_1606826,CBDDTY010002863.1,774,1.4315245478036176,1,0.9822952772391842,6.25,0,0
USNM_1606826,CBDDTY010003790.1,774,1,1,0,0,0,0
USNM_1606826,CBDDTY010004124.1,774,1.5891472868217054,1,0.8085481512063944,17.37595744680851,0,0
USNM_1606826,CBDDTY010004241.1,774,2.5348837209302326,2,1.8986473497670229,0.35714285714285715,0,0
USNM_1606826,CBDDTY010004571.1,772,1.13860103626943,1,0.34575372865798026,1.36986301369863,0,0
USNM_1606826,CBDDTY010004084.1,771,1.0972762645914398,1,0.31355581154776774,0,0,0
USNM_1606826,CBDDTY010003701.1,770,1.1064935064935064,1,0.30866871419100494,0,0,0
USNM_1606826,CBDDTY010004145.1,770,1.2038961038961038,1,0.5480647020837104,1.694915254237288,0,0
USNM_1606826,CBDDTY010004328.1,769,1.5968790637191157,1,0.7421748987991008,0,0,0
USNM_1606826,CBDDTY010002864.1,768,1.04296875,1,0.2029188290262953,1.492537313432836,0,0
USNM_1606826,CBDDTY010004050.1,767,1.2672750977835723,1,0.5337299227968493,0,0,0
USNM_1606826,CBDDTY010005488.1,767,3.438070404172099,3,1.7080703632444307,0,0,0
USNM_1606826,CBDDTY010003538.1,766,1.0091383812010444,1,0.09521926077741298,0,0,0
USNM_1606826,CBDDTY010004389.1,766,1.5130548302872062,1,0.7097541245044988,0,0,0
USNM_1606826,CBDDTY010003712.1,764,2.681937172774869,3,1.5511002026863536,0,0,0
USNM_1606826,CBDDTY010005108.1,764,6.12303664921466,5,4.072481340168514,0,129,16.8848167539267
USNM_1606826,CBDDTY010004435.1,762,1.083989501312336,1,0.27755425158032804,0,0,0
USNM_1606826,CBDDTY010003556.1,760,1.2342105263157894,1,0.42378327159719875,0,0,0
USNM_1606826,CBDDTY010004201.1,760,2.1960526315789473,2,1.0341903186283368,0,0,0
USNM_1606826,CBDDTY010003817.1,759,1.3412384716732544,1,0.5657544940534935,0,0,0
USNM_1606826,CBDDTY010004036.1,759,2.2990777338603428,1,1.7461262646052256,3.5480392156862743,0,0
USNM_1606826,CBDDTY010004440.1,759,1.994729907773386,2,0.7117362542090521,0,0,0
USNM_1606826,CBDDTY010004597.1,758,1.0435356200527703,1,0.2041942134363018,0,0,0
USNM_1606826,CBDDTY010004490.1,755,1.1350993377483443,1,0.3420562480884171,0,0,0
USNM_1606826,CBDDTY010003365.1,752,1.5345744680851063,1,0.5986014146059897,0,0,0
USNM_1606826,CBDDTY010003531.1,752,1.0731382978723405,1,0.2605366622049403,0,0,0
USNM_1606826,CBDDTY010004589.1,752,1.2154255319148937,1,0.41139084644046586,0,0,0
USNM_1606826,CBDDTY010003401.1,751,1.18508655126498,1,0.388626589198711,15.384615384615385,0,0
USNM_1606826,CBDDTY010003836.1,750,1.2986666666666666,1,0.5408526456759443,0,0,0
USNM_1606826,CBDDTY010003169.1,748,1.3168449197860963,1,0.4907548948455359,1.0416666666666667,0,0
USNM_1606826,CBDDTY010003331.1,747,1,1,0,0,0,0
USNM_1606826,CBDDTY010003947.1,746,1.4436997319034852,1,0.515706837198048,0,0,0
USNM_1606826,CBDDTY010004132.1,744,1.0403225806451613,1,0.19684702637050094,0,0,0
USNM_1606826,CBDDTY010004583.1,742,1.362533692722372,1,0.48105601989256347,0,0,0
USNM_1606826,CBDDTY010002106.1,738,1.132791327913279,1,0.33957921496377247,8.333333333333334,0,0
USNM_1606826,CBDDTY010003842.1,738,1.1666666666666667,1,0.3729307450048573,0,0,0
USNM_1606826,CBDDTY010003872.1,738,9.163956639566395,8,7.421334280678914,0.0802247191011236,340,46.070460704607044
USNM_1606826,CBDDTY010004278.1,738,1.3319783197831978,1,0.47124263636097885,0,0,0
USNM_1606826,CBDDTY010003233.1,737,1.0814111261872457,1,0.27365116944585355,9.090909090909092,0,0
USNM_1606826,CBDDTY010003884.1,736,1.1331521739130435,1,0.3399701606684439,0,0,0
USNM_1606826,CBDDTY010003351.1,734,1.0395095367847411,1,0.1949366687420532,21.73913043478261,0,0
USNM_1606826,CBDDTY010003848.1,734,1.1961852861035422,1,0.3973811246841483,32.5,0,0
USNM_1606826,CBDDTY010004424.1,734,2.576294277929155,2,1.4872021216576394,0,0,0
USNM_1606826,CBDDTY010001878.1,733,1.1323328785811733,1,0.3390836872572466,0,0,0
USNM_1606826,CBDDTY010003443.1,733,1.115961800818554,1,0.3203977355121955,0,0,0
USNM_1606826,CBDDTY010004175.1,733,1.0818553888130968,1,0.2743314692398959,0,0,0
USNM_1606826,CBDDTY010004511.1,733,1.4147339699863575,1,0.4930124765988874,0,0,0
USNM_1606826,CBDDTY010004488.1,730,1.6246575342465754,1,0.9580760358721171,4.479125,0,0
USNM_1606826,CBDDTY010005419.1,730,2.5753424657534247,2,1.122384882713215,2.873448275862069,0,0
USNM_1606826,CBDDTY010003976.1,728,1.2129120879120878,1,0.40964745868110514,0,0,0
USNM_1606826,CBDDTY010004550.1,728,1.4395604395604396,1,0.6308665895723089,0,0,0
USNM_1606826,CBDDTY010004120.1,727,1.2008253094910593,1,0.4008934663592893,0,0,0
USNM_1606826,CBDDTY010004243.1,724,1.3370165745856353,1,0.473017382036121,61.111111111111114,0,0
USNM_1606826,CBDDTY010004468.1,723,3.020746887966805,2,1.8869315829479487,0,0,0
USNM_1606826,CBDDTY010004268.1,722,1.4736842105263157,1,0.6493355186738001,54.6875,0,0
USNM_1606826,CBDDTY010004364.1,721,1.5617198335644937,2,0.5839323916896687,68.18181818181819,0,0
USNM_1606826,CBDDTY010004602.1,721,1.391123439667129,1,0.5721586682782408,0,0,0
USNM_1606826,CBDDTY010004548.1,720,1,1,0,0,0,0
USNM_1606826,CBDDTY010004453.1,719,1.3963838664812238,1,0.5035121744535206,11.764705882352942,0,0
USNM_1606826,CBDDTY010003171.1,718,1.3161559888579386,1,0.6351320605593891,0,0,0
USNM_1606826,CBDDTY010003896.1,718,1.4818941504178273,1,0.5848680237777589,6.896551724137931,0,0
USNM_1606826,CBDDTY010004259.1,718,1.766016713091922,2,0.945289140419501,25,0,0
USNM_1606826,CBDDTY010004590.1,718,1.8913649025069639,1,1.6939989504324695,1.2585714285714287,0,0
USNM_1606826,CBDDTY010002199.1,717,1.2622036262203626,1,0.4618183006724551,0,0,0
USNM_1606826,CBDDTY010004186.1,717,1.2147838214783822,1,0.5270918573708049,0,0,0
USNM_1606826,CBDDTY010002668.1,716,1.1047486033519553,1,0.3064432886504219,0,0,0
USNM_1606826,CBDDTY010003161.1,716,1.3589385474860336,1,0.7220336405157926,0,0,0
USNM_1606826,CBDDTY010003665.1,714,1.9047619047619047,2,0.9819720044710797,0,0,0
USNM_1606826,CBDDTY010004310.1,714,1.1624649859943978,1,0.36913541688017604,0,0,0
USNM_1606826,CBDDTY010003617.1,712,1.2050561797752808,1,0.4040264953379094,2.5,0,0
USNM_1606826,CBDDTY010004158.1,711,3.239099859353024,3,1.6051646503716674,0,0,0
USNM_1606826,CBDDTY010003885.1,710,1.2816901408450705,1,0.5117270349461337,0,0,0
USNM_1606826,CBDDTY010003888.1,710,1.36056338028169,1,0.5145222147949217,0,0,0
USNM_1606826,CBDDTY010004546.1,710,1.4154929577464788,1,0.49315423202613534,1.0638297872340425,0,0
USNM_1606826,CBDDTY010003774.1,709,1.5726375176304654,1,0.6985751922391091,0,0,0
USNM_1606826,CBDDTY010004555.1,709,1.0535966149506346,1,0.22537892960396544,0,0,0
USNM_1606826,CBDDTY010004363.1,708,1.8997175141242937,2,0.8657231555415222,0,0,0
USNM_1606826,CBDDTY010004407.1,706,1.3087818696883853,1,0.4623184748740122,0,0,0
USNM_1606826,CBDDTY010000256.1,705,1.0553191489361702,1,0.22876444685965067,10.227272727272727,0,0
USNM_1606826,CBDDTY010004482.1,705,1.374468085106383,1,0.6474824777507089,1.829268292682927,0,0
USNM_1606826,CBDDTY010003102.1,704,1.21875,1,0.4136925625064043,4.901960784313726,0,0
USNM_1606826,CBDDTY010004054.1,704,1.0610795454545454,1,0.23964643095861315,0,0,0
USNM_1606826,CBDDTY010004226.1,704,1.2485795454545454,1,0.432496769893059,0,0,0
USNM_1606826,CBDDTY010003913.1,703,1.0640113798008535,1,0.2449474852403803,0,0,0
USNM_1606826,CBDDTY010003898.1,700,1.262857142857143,1,0.45330496058168435,0,0,0
USNM_1606826,CBDDTY010002877.1,699,1.4377682403433476,1,0.5864307540580264,0,0,0
USNM_1606826,CBDDTY010003557.1,697,1.1248206599713055,1,0.3307528042263388,0,0,0
USNM_1606826,CBDDTY010003766.1,696,1,1,0,0,0,0
USNM_1606826,CBDDTY010003984.1,694,2.0417867435158503,2,0.8303306808694545,0,0,0
USNM_1606826,CBDDTY010004030.1,694,1.553314121037464,1,0.7101890664690628,0,0,0
USNM_1606826,CBDDTY010004969.1,694,1.430835734870317,1,0.633572653887749,0,0,0
USNM_1606826,CBDDTY010003736.1,693,1,1,0,0,0,0
USNM_1606826,CBDDTY010001785.1,691,1,1,0,3.389830508474576,0,0
USNM_1606826,CBDDTY010004252.1,691,1.1649782923299565,1,0.5152633696545915,0,0,0
USNM_1606826,CBDDTY010003562.1,690,1,1,0,0,0,0
USNM_1606826,CBDDTY010003669.1,690,2.717391304347826,2,1.7172780738972595,0,0,0
USNM_1606826,CBDDTY010004223.1,690,1.453623188405797,1,0.6454214563799121,0,0,0
USNM_1606826,CBDDTY010003828.1,689,1.9941944847605224,1,1.306277763663468,7.986041666666667,0,0
USNM_1606826,CBDDTY010004105.1,689,1.0711175616835995,1,0.25720783684324405,8.695652173913043,0,0
USNM_1606826,CBDDTY010003596.1,688,1.5406976744186047,1,0.9367636575446744,0,0,0
USNM_1606826,CBDDTY010003664.1,687,1.2139737991266375,1,0.4104073414321859,2.1739130434782608,0,0
USNM_1606826,CBDDTY010004047.1,686,1,1,0,0,0,0
USNM_1606826,CBDDTY010004593.1,686,1.543731778425656,1,0.6663858800206133,0,0,0
USNM_1606826,CBDDTY010003751.1,685,1.4116788321167884,1,0.6281721480434973,22.222380952380952,0,0
USNM_1606826,CBDDTY010004015.1,685,1.4788321167883212,1,0.6871237042424866,11.428571428571429,0,0
USNM_1606826,CBDDTY010004263.1,685,1.0613138686131387,1,0.2400804492304653,0,0,0
USNM_1606826,CBDDTY010002761.1,684,1.4473684210526316,1,0.5990539920937652,0,0,0
USNM_1606826,CBDDTY010001915.1,680,1.0441176470588236,1,0.2055076353828273,0,0,0
USNM_1606826,CBDDTY010004689.1,680,2.6294117647058823,2,1.4290339717271743,0,0,0
USNM_1606826,CBDDTY010004348.1,678,1.317109144542773,1,0.5500389860270237,11.728333333333333,0,0
USNM_1606826,CBDDTY010004432.1,678,1.368731563421829,1,0.7588153609804469,7.777777777777778,0,0
USNM_1606826,CBDDTY010004332.1,677,1.258493353028065,1,0.4381302108808769,0,0,0
USNM_1606826,CBDDTY010001287.1,676,1.2707100591715976,1,0.4799074898068765,4.166666666666667,0,0
USNM_1606826,CBDDTY010002682.1,676,1.2603550295857988,1,0.5580090465122234,3.9215686274509802,0,0
USNM_1606826,CBDDTY010005318.1,675,6.112592592592593,5,3.2105729826309273,3.5714285714285716,130,19.25925925925926
USNM_1606826,CBDDTY010004037.1,674,1.6899109792284865,1,0.9934341615683976,0,0,0
USNM_1606826,CBDDTY010003800.1,673,1.2466567607726597,1,0.6014058155091139,0,0,0
USNM_1606826,CBDDTY010003159.1,672,1.244047619047619,1,0.5930247686804828,0,0,0
USNM_1606826,CBDDTY010004013.1,672,1.3511904761904763,1,0.7295335132625816,0,0,0
USNM_1606826,CBDDTY010003910.1,671,1.4918032786885247,1,0.6484250932385891,0,0,0
USNM_1606826,CBDDTY010004326.1,671,1.6900149031296572,1,0.8754726653855429,0,0,0
USNM_1606826,CBDDTY010002326.1,670,2.0850746268656715,2,1.715205342406505,2.830188679245283,0,0
USNM_1606826,CBDDTY010003873.1,670,1.3253731343283581,1,0.4720414221335795,0,0,0
USNM_1606826,CBDDTY010004437.1,670,1.9074626865671642,1,1.203049616815088,0,0,0
USNM_1606826,CBDDTY010004506.1,667,1.4122938530734632,1,0.6662376890160612,0,0,0
USNM_1606826,CBDDTY010003708.1,666,1.1921921921921923,1,0.39431943731664226,0,0,0
USNM_1606826,CBDDTY010005124.1,666,1.4024024024024024,1,0.6059307836053022,0,0,0
USNM_1606826,CBDDTY010003764.1,665,1.500751879699248,1,0.5888645701842646,0,0,0
USNM_1606826,CBDDTY010004200.1,663,1.0829562594268476,1,0.27602433704252133,0,0,0
USNM_1606826,CBDDTY010005187.1,663,1.2730015082956259,1,0.4458379648866587,0,0,0
USNM_1606826,CBDDTY010004126.1,662,1.445619335347432,1,0.6168858103280755,0,0,0
USNM_1606826,CBDDTY010004153.1,662,1.1601208459214503,1,0.3669953858167444,0,0,0
USNM_1606826,CBDDTY010004990.1,660,1.4984848484848485,1,0.9954360837016015,0,0,0
USNM_1606826,CBDDTY010004262.1,658,1.6306990881458967,1,0.7775971638274346,0,0,0
USNM_1606826,CBDDTY010004304.1,656,1.3125,1,0.4671457918462872,0,0,0
USNM_1606826,CBDDTY010004494.1,656,1.2682926829268293,1,0.47979080652167,15.555555555555555,0,0
USNM_1606826,CBDDTY010004487.1,655,1.6916030534351145,2,0.733330362233931,0,0,0
USNM_1606826,CBDDTY010004576.1,655,1.300763358778626,1,0.5329360403652579,0,0,0
USNM_1606826,CBDDTY010003934.1,654,1.0871559633027523,1,0.2822793629219337,0,0,0
USNM_1606826,CBDDTY010004289.1,654,1.3318042813455657,1,0.47122152518845906,0,0,0
USNM_1606826,CBDDTY010003875.1,653,1.3751914241960184,1,0.5953270239522268,3.75,0,0
USNM_1606826,CBDDTY010004518.1,653,1.1745788667687596,1,0.47659646019638036,7.6923076923076925,0,0
USNM_1606826,CBDDTY010003689.1,652,1.2883435582822085,1,0.5703791972340821,2.0408163265306123,0,0
USNM_1606826,CBDDTY010004049.1,651,10.849462365591398,11,5.590823155552177,3.9116666666666666,424,65.13056835637481
USNM_1606826,CBDDTY010001002.1,646,1,1,0,0,0,0
USNM_1606826,CBDDTY010003945.1,646,1.1393188854489165,1,0.3465473116901732,2.2222222222222223,0,0
USNM_1606826,CBDDTY010004516.1,646,1.0913312693498451,1,0.28830285300655556,0,0,0
USNM_1606826,CBDDTY010005426.1,646,2.428792569659443,3,0.9630575165387365,1.8516666666666666,0,0
USNM_1606826,CBDDTY010003678.1,645,1.0790697674418606,1,0.27005705016225207,0,0,0
USNM_1606826,CBDDTY010005139.1,645,2.0155038759689923,2,1.0862244152047114,0,0,0
USNM_1606826,CBDDTY010005385.1,645,6.122480620155039,5,3.6460912515471016,73.8425,133,20.62015503875969
USNM_1606826,CBDDTY010004388.1,643,1.4712286158631416,1,0.6192872616572094,0,0,0
USNM_1606826,CBDDTY010005262.1,643,1.6780715396578538,2,0.7837532599257236,0,0,0
USNM_1606826,CBDDTY010003194.1,642,1,1,0,0,0,0
USNM_1606826,CBDDTY010003697.1,642,1,1,0,0,0,0
USNM_1606826,CBDDTY010004422.1,642,1.4096573208722742,1,0.6717617471591555,2.0408163265306123,0,0
USNM_1606826,CBDDTY010005400.1,642,2.3862928348909658,2,1.0286074807094094,0,0,0
USNM_1606826,CBDDTY010000127.1,641,1.296411856474259,1,0.47050794903933807,0,0,0
USNM_1606826,CBDDTY010003623.1,641,1,1,0,0,0,0
USNM_1606826,CBDDTY010004169.1,641,3.358814352574103,3,2.233786268210028,0,0,0
USNM_1606826,CBDDTY010004292.1,641,1.1216848673946958,1,0.3271767974448547,0,0,0
USNM_1606826,CBDDTY010004131.1,640,1.2078125,1,0.41369539174590725,0,0,0
USNM_1606826,CBDDTY010004616.1,640,1.9734375,2,0.9399400952343229,4.824736842105263,0,0
USNM_1606826,CBDDTY010004886.1,640,2.4265625,2,0.9077551784519104,0,0,0
USNM_1606826,CBDDTY010005477.1,640,1.709375,2,0.6828364734343568,0,0,0
USNM_1606826,CBDDTY010003987.1,638,1.5297805642633229,1,0.737995683172653,7.715740740740741,0,0
USNM_1606826,CBDDTY010002707.1,637,1.0235478806907379,1,0.15175483885459629,0,0,0
USNM_1606826,CBDDTY010002981.1,637,1.3422291993720565,1,0.4748287253886734,0,0,0
USNM_1606826,CBDDTY010003390.1,637,1,1,0,0,0,0
USNM_1606826,CBDDTY010001421.1,635,1.763779527559055,1,0.9667720275266442,13.978387096774194,0,0
USNM_1606826,CBDDTY010001108.1,634,1.0141955835962144,1,0.11838993427038767,6,0,0
USNM_1606826,CBDDTY010003748.1,632,1.0427215189873418,1,0.2023887418621755,0,0,0
USNM_1606826,CBDDTY010004446.1,632,1.745253164556962,2,0.7361890125993878,0,0,0
USNM_1606826,CBDDTY010003559.1,631,1.9334389857369254,2,0.9060681124760731,0,0,0
USNM_1606826,CBDDTY010003824.1,631,1.1711568938193344,1,0.3769448097944462,27.083333333333332,0,0
USNM_1606826,CBDDTY010003762.1,630,1.0571428571428572,1,0.23229982114582734,0,0,0
USNM_1606826,CBDDTY010000987.1,629,1,1,0,14.035087719298245,0,0
USNM_1606826,CBDDTY010003731.1,629,1.5850556438791732,1,0.7123786331456908,0,0,0
USNM_1606826,CBDDTY010004680.1,629,2.551669316375199,2,1.6489577615546769,0.6097560975609756,0,0
USNM_1606826,CBDDTY010000952.1,628,1.2898089171974523,1,0.5435643148570981,0,0,0
USNM_1606826,CBDDTY010001921.1,628,1,1,0,0,0,0
USNM_1606826,CBDDTY010003649.1,628,1.0429936305732483,1,0.20300443492033426,0,0,0
USNM_1606826,CBDDTY010003745.1,628,1.143312101910828,1,0.3506701509248284,6.25,0,0
USNM_1606826,CBDDTY010003931.1,627,1.342902711323764,1,0.5726402015436455,0,0,0
USNM_1606826,CBDDTY010003511.1,626,1.1469648562300319,1,0.3543540223603216,0,0,0
USNM_1606826,CBDDTY010003997.1,626,1.305111821086262,1,0.46082298930938587,0,0,0
USNM_1606826,CBDDTY010004387.1,623,1.2921348314606742,1,0.45510936580772765,0,0,0
USNM_1606826,CBDDTY010004251.1,622,1,1,0,7.575757575757576,0,0
USNM_1606826,CBDDTY010004579.1,620,1.0983870967741935,1,0.3917534153570332,0,0,0
USNM_1606826,CBDDTY010000936.1,619,1,1,0,0,0,0
USNM_1606826,CBDDTY010003768.1,619,1.137318255250404,1,0.34446137378797986,0,0,0
USNM_1606826,CBDDTY010004809.1,619,4.991922455573506,4,3.7487774948576558,10.018863636363637,95,15.347334410339256
USNM_1606826,CBDDTY010003564.1,618,1.2653721682847896,1,0.4971213151203564,0,0,0
USNM_1606826,CBDDTY010004225.1,617,1.6418152350081037,1,0.7471169336587985,0,0,0
USNM_1606826,CBDDTY010004538.1,617,1.192868719611021,1,0.39487097672146254,0,0,0
USNM_1606826,CBDDTY010001794.1,616,1.1217532467532467,1,0.3272663480883231,5.47945205479452,0,0
USNM_1606826,CBDDTY010004129.1,616,1.4366883116883118,1,0.5402962814957369,0,0,0
USNM_1606826,CBDDTY010003983.1,615,1.4569105691056912,1,0.6128484916747752,0,0,0
USNM_1606826,CBDDTY010004786.1,614,3.236156351791531,3,2.0157444428890017,0,0,0
USNM_1606826,CBDDTY010005433.1,613,2.133768352365416,2,1.2174057620156673,5.974905660377359,0,0
USNM_1606826,CBDDTY010001763.1,611,1,1,0,15.384615384615385,0,0
USNM_1606826,CBDDTY010003735.1,611,1,1,0,0,0,0
USNM_1606826,CBDDTY010005026.1,611,1.3731587561374796,1,0.4840400396672503,0,0,0
USNM_1606826,CBDDTY010004441.1,610,1.9131147540983606,2,0.8426199290152998,1.8181818181818181,0,0
USNM_1606826,CBDDTY010004065.1,609,1.0853858784893267,1,0.2796847800325107,0,0,0
USNM_1606826,CBDDTY010004068.1,609,1.4088669950738917,1,0.7335836225637481,0,0,0
USNM_1606826,CBDDTY010004857.1,609,1.6732348111658457,1,0.9562585804757822,0,0,0
USNM_1606826,CBDDTY010003487.1,608,1,1,0,0,0,0
USNM_1606826,CBDDTY010002527.1,607,1.242174629324547,1,0.5096435198342681,2.3255813953488373,0,0
USNM_1606826,CBDDTY010003883.1,604,1.5496688741721854,1,0.7164380449581157,22.22222222222222,0,0
USNM_1606826,CBDDTY010003199.1,602,1.1411960132890366,1,0.348513216889702,0,0,0
USNM_1606826,CBDDTY010003986.1,602,1.8056478405315615,1,1.0886349795527477,0,0,0
USNM_1606826,CBDDTY010004281.1,602,1.2142857142857142,1,0.44564287884970816,0,0,0
USNM_1606826,CBDDTY010004322.1,602,1.3122923588039868,1,0.6012868016830962,0,0,0
USNM_1606826,CBDDTY010004594.1,602,1.8637873754152825,1,1.2364611656994935,95.9090909090909,0,0
USNM_1606826,CBDDTY010005058.1,602,2.5730897009966776,2,1.388857520855966,0,0,0
USNM_1606826,CBDDTY010005509.1,601,1.2296173044925125,1,0.45882605996178494,0,0,0
USNM_1606826,CBDDTY010004510.1,598,1.754180602006689,1,1.2804839357472781,0,0,0
USNM_1606826,CBDDTY010004696.1,598,3.3963210702341136,3,1.9878491471310409,0,4,0.6688963210702341
USNM_1606826,CBDDTY010003570.1,596,1.1493288590604027,1,0.35671171314074523,19.402985074626866,0,0
USNM_1606826,CBDDTY010002871.1,595,1.188235294117647,1,0.5073826132817774,12.380857142857144,0,0
USNM_1606826,CBDDTY010004195.1,595,1.442016806722689,1,0.4970444293020731,0,0,0
USNM_1606826,CBDDTY010004685.1,595,3.045378151260504,3,1.6695806797885437,0,0,0
USNM_1606826,CBDDTY010001689.1,586,1,1,0,55.55555555555556,0,0
USNM_1606826,CBDDTY010004249.1,586,1.6689419795221843,2,0.7110540436831269,4.166666666666667,0,0
USNM_1606826,CBDDTY010003975.1,585,1.588034188034188,1,0.9157265991051199,0,0,0
USNM_1606826,CBDDTY010004906.1,585,3.717948717948718,3,2.291460299805525,1.694915254237288,0,0
USNM_1606826,CBDDTY010003778.1,583,1.2195540308747856,1,0.5651643985013391,1.8181818181818181,0,0
USNM_1606826,CBDDTY010005038.1,581,1.5352839931153184,1,0.9381995579769613,0,0,0
USNM_1606826,CBDDTY010002183.1,580,2.356896551724138,2,1.176278500995911,16.181454545454546,0,0
USNM_1606826,CBDDTY010004350.1,578,1.2993079584775087,1,0.6247630028071345,0,0,0
USNM_1606826,CBDDTY010004072.1,577,1.6915077989601386,1,0.9939822302155152,16.666666666666668,0,0
USNM_1606826,CBDDTY010004125.1,577,1.1091854419410745,1,0.3121423429906538,0,0,0
USNM_1606826,CBDDTY010003995.1,575,1.1756521739130434,1,0.3808552873289025,31.25,0,0
USNM_1606826,CBDDTY010004653.1,575,2.0208695652173914,2,0.8004240657599696,0,0,0
USNM_1606826,CBDDTY010005476.1,574,1.8135888501742161,2,0.8324295346377641,9.090909090909092,0,0
USNM_1606826,CBDDTY010004181.1,573,1.198952879581152,1,0.3995613235440687,72.72727272727273,0,0
USNM_1606826,CBDDTY010004230.1,573,2.1465968586387434,1,1.6744093332172214,0,0,0
USNM_1606826,CBDDTY010004581.1,573,1.2827225130890052,1,0.5766417014814136,37.83783783783784,0,0
USNM_1606826,CBDDTY010004794.1,573,1.2478184991273997,1,0.4818557025176649,0,0,0
USNM_1606826,CBDDTY010004900.1,573,5.720767888307155,6,3.1687180743151497,4.703777777777778,83,14.485165794066319
USNM_1606826,CBDDTY010003533.1,572,1.1486013986013985,1,0.42753085143617325,0,0,0
USNM_1606826,CBDDTY010004198.1,572,1.402097902097902,1,0.6340008376983788,0,0,0
USNM_1606826,CBDDTY010004509.1,572,1.097902097902098,1,0.2974423446096227,0,0,0
USNM_1606826,CBDDTY010004217.1,571,2.136602451838879,2,1.152681852880009,0,0,0
USNM_1606826,CBDDTY010003994.1,570,1.1736842105263159,1,0.37917045510021563,23.68421052631579,0,0
USNM_1606826,CBDDTY010005382.1,568,1.295774647887324,1,0.4567924732183544,0,0,0
USNM_1606826,CBDDTY010002856.1,567,1.2874779541446209,1,0.4529859580863064,0,0,0
USNM_1606826,CBDDTY010001965.1,566,2.1696113074204946,2,1.2249018848102646,0,0,0
USNM_1606826,CBDDTY010003886.1,566,4.30565371024735,3,3.2122888782600625,4.162941176470588,38,6.713780918727916
USNM_1606826,CBDDTY010004305.1,565,1.1451327433628318,1,0.3525467501925969,0,0,0
USNM_1606826,CBDDTY010004566.1,565,1.1221238938053097,1,0.3277189899840394,0,0,0
USNM_1606826,CBDDTY010005548.1,565,1.5061946902654868,1,0.5730785326477391,0,0,0
USNM_1606826,CBDDTY010005411.1,564,1.8687943262411348,2,0.8240294146893408,0,0,0
USNM_1606826,CBDDTY010004032.1,563,1.9271758436944937,1,1.2780756007631038,7.175833333333333,0,0
USNM_1606826,CBDDTY010004213.1,563,1,1,0,0,0,0
USNM_1606826,CBDDTY010004346.1,563,1.1172291296625223,1,0.3219791925436979,0,0,0
USNM_1606826,CBDDTY010004863.1,563,1.119005328596803,1,0.32408272686238476,100,0,0
USNM_1606826,CBDDTY010005427.1,563,1.22202486678508,1,0.5772170497414428,0,0,0
USNM_1606826,CBDDTY010004470.1,562,1.00711743772242,1,0.08413903112188131,0,0,0
USNM_1606826,CBDDTY010004233.1,558,1.4229390681003584,1,0.6755360660482789,0,0,0
USNM_1606826,CBDDTY010004944.1,558,1.3620071684587813,1,0.48101208376100535,0,0,0
USNM_1606826,CBDDTY010003799.1,557,1.5098743267504489,2,0.5074901055187293,0,0,0
USNM_1606826,CBDDTY010004221.1,557,1.4308797127468582,1,0.563565328413526,0,0,0
USNM_1606826,CBDDTY010005501.1,556,1.5737410071942446,1,0.6844167882285427,0,0,0
USNM_1606826,CBDDTY010005104.1,555,1.917117117117117,2,0.6983572619513553,0,0,0
USNM_1606826,CBDDTY010003707.1,554,1,1,0,0,0,0
USNM_1606826,CBDDTY010004433.1,554,1.5776173285198556,1,0.6845788489975713,0,0,0
USNM_1606826,CBDDTY010005062.1,552,1,1,0,0,0,0
USNM_1606826,CBDDTY010005112.1,552,1.193840579710145,1,0.5459952499926582,0,0,0
USNM_1606826,CBDDTY010004008.1,551,1.7404718693284937,1,0.8820301760597274,0,0,0
USNM_1606826,CBDDTY010004290.1,551,1.190562613430127,1,0.39310171154280776,0,0,0
USNM_1606826,CBDDTY010004096.1,550,1,1,0,0,0,0
USNM_1606826,CBDDTY010004540.1,550,2.7436363636363637,2,1.90333459048542,0,0,0
USNM_1606826,CBDDTY010005172.1,550,1.2418181818181817,1,0.4285745038093722,0,0,0
USNM_1606826,CBDDTY010005298.1,550,2.292727272727273,2,1.551702108550824,16.145625,0,0
USNM_1606826,CBDDTY010005377.1,549,1.3861566484517305,1,0.48731124088150946,0,0,0
USNM_1606826,CBDDTY010005437.1,549,2.063752276867031,2,0.8762568349011877,56.862941176470585,0,0
USNM_1606826,CBDDTY010005544.1,548,1.1386861313868613,1,0.34593448147674727,0,0,0
USNM_1606826,CBDDTY010002617.1,545,1,1,0,11.11111111111111,0,0
USNM_1606826,CBDDTY010004436.1,545,1.1798165137614678,1,0.3843873602780147,0,0,0
USNM_1606826,CBDDTY010005496.1,545,1.3963302752293578,1,0.48958389548447667,0,0,0
USNM_1606826,CBDDTY010002794.1,543,1.3204419889502763,1,0.5637301537119997,33.333333333333336,0,0
USNM_1606826,CBDDTY010004632.1,541,1.0036968576709797,1,0.06074546598928706,61.53846153846154,0,0
USNM_1606826,CBDDTY010004826.1,541,1.3308687615526802,1,0.6112744605150029,0,0,0
USNM_1606826,CBDDTY010002837.1,539,1.189239332096475,1,0.45360511322901603,0,0,0
USNM_1606826,CBDDTY010004379.1,539,1.2727272727272727,1,0.44577548425065394,6.944444444444445,0,0
USNM_1606826,CBDDTY010003342.1,538,1.0892193308550187,1,0.28532536270920256,7.8125,0,0
USNM_1606826,CBDDTY010003943.1,538,1.1895910780669146,1,0.39234222424541243,0,0,0
USNM_1606826,CBDDTY010003991.1,538,1.724907063197026,1,0.9795737352063246,0,0,0
USNM_1606826,CBDDTY010002059.1,537,1.8100558659217878,2,0.9567373997587094,0,0,0
USNM_1606826,CBDDTY010003725.1,536,1.3861940298507462,1,0.4873307725849209,34,0,0
USNM_1606826,CBDDTY010004044.1,535,1.1775700934579438,1,0.38250808691726684,0,0,0
USNM_1606826,CBDDTY010004048.1,534,1.6123595505617978,1,0.6913543102496257,0,0,0
USNM_1606826,CBDDTY010004311.1,534,1.1779026217228465,1,0.3827893354087626,0,0,0
USNM_1606826,CBDDTY010004489.1,534,1.5617977528089888,1,0.7215012935662901,0,0,0
USNM_1606826,CBDDTY010005348.1,534,1.803370786516854,2,0.7069129736507196,20,0,0
USNM_1606826,CBDDTY010003849.1,533,1.123827392120075,1,0.3296939573132375,0,0,0
USNM_1606826,CBDDTY010002725.1,532,1.1353383458646618,1,0.34240656855241913,0,0,0
USNM_1606826,CBDDTY010003633.1,532,1,1,0,0,0,0
USNM_1606826,CBDDTY010004173.1,532,1.050751879699248,1,0.2196971860871561,0,0,0
USNM_1606826,CBDDTY010004325.1,532,1.5150375939849625,1,0.5606018074634616,0,0,0
USNM_1606826,CBDDTY010002452.1,530,1.0433962264150944,1,0.20393986470706268,5.9523809523809526,0,0
USNM_1606826,CBDDTY010004899.1,530,1.1433962264150943,1,0.35080756629235316,0,0,0
USNM_1606826,CBDDTY010004023.1,529,1.223062381852552,1,0.41669387549358283,0,0,0
USNM_1606826,CBDDTY010004787.1,528,1.2992424242424243,1,0.458360449483023,0,0,0
USNM_1606826,CBDDTY010003831.1,527,1.28842504743833,1,0.45346027613566114,1.2820512820512822,0,0
USNM_1606826,CBDDTY010004270.1,526,2.0342205323193916,2,1.1979220345233943,0,0,0
USNM_1606826,CBDDTY010004425.1,525,2.6533333333333333,2,2.0466443708327975,90.74111111111111,0,0
USNM_1606826,CBDDTY010004754.1,524,1.1526717557251909,1,0.3600144981730712,0,0,0
USNM_1606826,CBDDTY010004708.1,520,2.0134615384615384,2,1.0171039862025286,1.3157894736842106,0,0
USNM_1606826,CBDDTY010004385.1,519,1,1,0,5.882352941176471,0,0
USNM_1606826,CBDDTY010004572.1,519,1.1946050096339114,1,0.4423194700277037,0,0,0
USNM_1606826,CBDDTY010005240.1,519,1.346820809248555,1,0.4764173212297005,0,0,0
USNM_1606826,CBDDTY010003592.1,518,1.0926640926640927,1,0.2902414240594961,9.30232558139535,0,0
USNM_1606826,CBDDTY010003514.1,517,1,1,0,0,0,0
USNM_1606826,CBDDTY010003928.1,517,1.251450676982592,1,0.43426720776147015,7.446808510638298,0,0
USNM_1606826,CBDDTY010005327.1,517,1.1740812379110253,1,0.48690743869110087,2.525151515151515,0,0
USNM_1606826,CBDDTY010000861.1,516,1.052325581395349,1,0.22289885948096225,0,0,0
USNM_1606826,CBDDTY010004741.1,516,1.7655038759689923,2,0.8204024219646906,1.0638297872340425,0,0
USNM_1606826,CBDDTY010004956.1,516,1.308139534883721,1,0.5539019820644523,0,0,0
USNM_1606826,CBDDTY010005099.1,515,1.429126213592233,1,0.6114394364352386,0,0,0
USNM_1606826,CBDDTY010004460.1,514,1.4552529182879377,1,0.49847881097541846,1.3888888888888888,0,0
USNM_1606826,CBDDTY010004452.1,513,1.280701754385965,1,0.4497806482930845,0,0,0
USNM_1606826,CBDDTY010004038.1,512,1.24609375,1,0.639520655098376,0,0,0
USNM_1606826,CBDDTY010005475.1,512,2.171875,2,1.26744191265594,9.883488372093023,0,0
USNM_1606826,CBDDTY010003974.1,511,1,1,0,15,0,0
USNM_1606826,CBDDTY010001784.1,510,1.1901960784313725,1,0.3928410957463392,8.823529411764707,0,0
USNM_1606826,CBDDTY010003933.1,510,1.1058823529411765,1,0.3079890824908394,0,0,0
USNM_1606826,CBDDTY010005103.1,508,1.31496062992126,1,0.4649580567128249,0,0,0
USNM_1606826,CBDDTY010005337.1,508,1,1,0,2.0408163265306123,0,0
USNM_1606826,CBDDTY010005491.1,508,1.4625984251968505,1,0.4990906327726268,0,0,0
USNM_1606826,CBDDTY010003903.1,507,1,1,0,1.9607843137254901,0,0
USNM_1606826,CBDDTY010004082.1,507,1.2978303747534516,1,0.4577561992685971,3.0303030303030303,0,0
USNM_1606826,CBDDTY010003829.1,506,1.3715415019762847,1,0.5770361239759476,28.125,0,0
USNM_1606826,CBDDTY010004797.1,506,3.1739130434782608,3,2.091328466975005,0.46511627906976744,0,0
USNM_1606826,CBDDTY010004798.1,505,2.0811881188118813,2,1.1916302751092598,2.0113793103448274,0,0
USNM_1606826,CBDDTY010005008.1,505,2.3049504950495048,2,1.0569475589572395,0,0,0
USNM_1606826,CBDDTY010003294.1,504,1.0853174603174602,1,0.2796310733619585,0,0,0
USNM_1606826,CBDDTY010004659.1,504,1.4146825396825398,1,0.730384779997221,0,0,0
USNM_1606826,CBDDTY010005106.1,504,2.1011904761904763,1,1.3856975231537814,0,0,0
USNM_1606826,CBDDTY010004529.1,503,1.628230616302187,1,0.7927448975594807,0,0,0
USNM_1606826,CBDDTY010005384.1,503,1.8409542743538767,2,0.7924900767892193,0,0,0
USNM_1606826,CBDDTY010004061.1,502,1.2370517928286853,1,0.6961411124261754,11.11111111111111,0,0
USNM_1606826,CBDDTY010004196.1,502,1.1195219123505975,1,0.32472523394833774,0,0,0
USNM_1606826,CBDDTY010004122.1,501,1.3532934131736527,1,0.6610099331602567,0,0,0
USNM_1606826,CBDDTY010004177.1,500,1.2,1,0.4004006010017531,3.5714285714285716,0,0
USNM_1606826,CBDDTY010004189.1,500,1.144,1,0.3514413493658482,0,0,0
USNM_1606826,CBDDTY010002978.1,499,1.6492985971943888,1,0.9586084862642242,0,0,0
USNM_1606826,CBDDTY010004847.1,499,2.8196392785571143,2,1.9366303774898157,1.6666666666666667,0,0
USNM_1606826,CBDDTY010004078.1,498,1.1506024096385543,1,0.35802054524724086,38.63636363636363,0,0
USNM_1606826,CBDDTY010004913.1,498,1.2991967871485943,1,0.5161763122633287,0,0,0
USNM_1606826,CBDDTY010001590.1,496,1,1,0,0,0,0
USNM_1606826,CBDDTY010003615.1,496,1.625,2,0.6166871413472397,3.8461538461538463,0,0
USNM_1606826,CBDDTY010004445.1,496,1.2661290322580645,1,0.4423787118874311,0,0,0
USNM_1606826,CBDDTY010004455.1,496,1.1330645161290323,1,0.3399873495432769,0,0,0
USNM_1606826,CBDDTY010003612.1,495,1,1,0,16,0,0
USNM_1606826,CBDDTY010004670.1,495,1.393939393939394,1,0.6522800530251793,0,0,0
USNM_1606826,CBDDTY010005193.1,495,1.6848484848484848,1,0.8354934584435421,0,0,0
USNM_1606826,CBDDTY010003622.1,494,1.1639676113360324,1,0.37062149295217095,0,0,0
USNM_1606826,CBDDTY010004720.1,493,1.8255578093306288,2,0.6065328153550378,24.99972222222222,0,0
USNM_1606826,CBDDTY010004316.1,492,1.8699186991869918,2,0.821893393947287,0,0,0
USNM_1606826,CBDDTY010002254.1,491,1,1,0,0,0,0
USNM_1606826,CBDDTY010002332.1,491,1.5539714867617107,1,0.776333291040113,7.142857142857143,0,0
USNM_1606826,CBDDTY010004349.1,491,2.24847250509165,2,1.347474095301202,0,0,0
USNM_1606826,CBDDTY010003759.1,490,1.1020408163265305,1,0.3030113322159338,6.60377358490566,0,0
USNM_1606826,CBDDTY010004146.1,490,1.3816326530612244,1,0.6792795020287175,0,0,0
USNM_1606826,CBDDTY010005267.1,490,1.363265306122449,1,0.541411424229962,0,0,0
USNM_1606826,CBDDTY010004853.1,489,1.177914110429448,1,0.38283207055732554,0,0,0
USNM_1606826,CBDDTY010003753.1,488,1.375,1,0.6603698173659097,0,0,0
USNM_1606826,CBDDTY010004396.1,488,1.055327868852459,1,0.22885370783830902,0,0,0
USNM_1606826,CBDDTY010004401.1,488,1.1147540983606556,1,0.3190520175795278,0,0,0
USNM_1606826,CBDDTY010004595.1,488,3.2131147540983607,3,1.375822371639388,4.7775,0,0
USNM_1606826,CBDDTY010004143.1,487,1.1416837782340863,1,0.3490841023272611,0,0,0
USNM_1606826,CBDDTY010004405.1,487,1.057494866529774,1,0.23302512156014427,0,0,0
USNM_1606826,CBDDTY010003949.1,486,1,1,0,0,0,0
USNM_1606826,CBDDTY010004601.1,486,1.1954732510288066,1,0.3969731901728465,0,0,0
USNM_1606826,CBDDTY010000957.1,485,1.0989690721649485,1,0.2989288194941019,1.6666666666666667,0,0
USNM_1606826,CBDDTY010005276.1,485,1.5505154639175258,1,0.6492404512197638,97.778,0,0
USNM_1606826,CBDDTY010004656.1,483,1.349896480331263,1,0.4774315245464419,0,0,0
USNM_1606826,CBDDTY010004851.1,482,1.446058091286307,1,0.6303111306002072,0,0,0
USNM_1606826,CBDDTY010005502.1,482,1.2863070539419088,1,0.5046347077502169,0,0,0
USNM_1606826,CBDDTY010004624.1,481,1.2952182952182951,1,0.4566157257453153,0,0,0
USNM_1606826,CBDDTY010004203.1,480,1.06875,1,0.2532925149330031,0,0,0
USNM_1606826,CBDDTY010004107.1,479,1.0876826722338204,1,0.28312854601649273,0,0,0
USNM_1606826,CBDDTY010005345.1,479,3.2129436325678498,3,1.2411020118946856,0,0,0
USNM_1606826,CBDDTY010003667.1,478,1,1,0,0,0,0
USNM_1606826,CBDDTY010004651.1,478,2.5292887029288704,2,2.2361101474498732,0,0,0
USNM_1606826,CBDDTY010005036.1,478,1.8033472803347281,2,0.8535468536318256,37.5,0,0
USNM_1606826,CBDDTY010004093.1,477,1.1362683438155137,1,0.3434334719986653,5.555555555555555,0,0
USNM_1606826,CBDDTY010004414.1,477,2.406708595387841,2,1.5924576247905924,0.7245652173913043,0,0
USNM_1606826,CBDDTY010004495.1,474,4.168776371308017,4,2.1103279157110895,9.147678571428571,0,0
USNM_1606826,CBDDTY010003654.1,473,1.276955602536998,1,0.4479681437004777,0,0,0
USNM_1606826,CBDDTY010004098.1,473,1.0676532769556026,1,0.33139118397532746,0,0,0
USNM_1606826,CBDDTY010004315.1,473,1.8879492600422834,1,1.2896765055413804,0,0,0
USNM_1606826,CBDDTY010004444.1,473,1.813953488372093,1,1.1081629964250044,0,0,0
USNM_1606826,CBDDTY010002551.1,472,1.2266949152542372,1,0.47605875760872085,7.6923076923076925,0,0
USNM_1606826,CBDDTY010004758.1,472,1.3495762711864407,1,0.47734206435181736,0,0,0
USNM_1606826,CBDDTY010005047.1,471,1.0849256900212314,1,0.2790674912616017,0,0,0
USNM_1606826,CBDDTY010005482.1,471,1.4713375796178343,1,0.7514001927251022,1.2231192660550458,0,0
USNM_1606826,CBDDTY010003473.1,470,1.397872340425532,1,0.48998035803377166,0,0,0
USNM_1606826,CBDDTY010004231.1,470,1.4638297872340424,1,0.5519593059668905,19.23076923076923,0,0
USNM_1606826,CBDDTY010004321.1,469,1.187633262260128,1,0.3908359245474999,0,0,0
USNM_1606826,CBDDTY010004413.1,469,1.211087420042644,1,0.48061202393935354,0,0,0
USNM_1606826,CBDDTY010002458.1,468,1,1,0,7.407407407407407,0,0
USNM_1606826,CBDDTY010004293.1,468,1.8333333333333333,2,0.8367879855508876,0,0,0
USNM_1606826,CBDDTY010002621.1,467,1.0406852248394005,1,0.1977718194017199,5.2631578947368425,0,0
USNM_1606826,CBDDTY010004882.1,466,1.2188841201716738,1,0.5558560572985247,0,0,0
USNM_1606826,CBDDTY010004884.1,466,1.9527896995708154,2,0.7964455625924743,0,0,0
USNM_1606826,CBDDTY010003861.1,465,1.210752688172043,1,0.4082823475769846,0,0,0
USNM_1606826,CBDDTY010004075.1,465,1.0731182795698924,1,0.2606109305084536,0,0,0
USNM_1606826,CBDDTY010004833.1,465,1.2516129032258065,1,0.43440727137026014,0,0,0
USNM_1606826,CBDDTY010003924.1,464,1.1422413793103448,1,0.34967454465909104,0,0,0
USNM_1606826,CBDDTY010005111.1,464,1.459051724137931,1,0.6392861548755733,1.9230769230769231,0,0
USNM_1606826,CBDDTY010000344.1,463,1.3606911447084233,1,0.49840563730129345,17.741935483870968,0,0
USNM_1606826,CBDDTY010004339.1,463,1.1771058315334773,1,0.38217117777478166,0,0,0
USNM_1606826,CBDDTY010004784.1,463,1.5809935205183585,1,0.6848906491233668,0,0,0
USNM_1606826,CBDDTY010004823.1,463,1.1144708423326133,1,0.3187266513182485,0,0,0
USNM_1606826,CBDDTY010005028.1,463,1.4730021598272138,1,0.6635411479129837,96.875,0,0
USNM_1606826,CBDDTY010005194.1,463,1.2764578833693305,1,0.44772970096600906,0,0,0
USNM_1606826,CBDDTY010005212.1,463,2.352051835853132,2,1.146815231323863,4.924090909090909,0,0
USNM_1606826,CBDDTY010004338.1,462,1.0238095238095237,1,0.15262060227511326,0,0,0
USNM_1606826,CBDDTY010004676.1,461,1.3101952277657267,1,0.5489952926651381,0,0,0
USNM_1606826,CBDDTY010004643.1,460,1.108695652173913,1,0.3115958550548664,0,0,0
USNM_1606826,CBDDTY010004724.1,460,1.1391304347826088,1,0.3464593779893401,0,0,0
USNM_1606826,CBDDTY010005107.1,460,1.126086956521739,1,0.33230874074556366,0,0,0
USNM_1606826,CBDDTY010004094.1,459,1.1808278867102397,1,0.38529545574307855,0,0,0
USNM_1606826,CBDDTY010004526.1,459,1,1,0,0,0,0
USNM_1606826,CBDDTY010005029.1,458,1.3034934497816595,1,0.460269187910654,0,0,0
USNM_1606826,CBDDTY010004535.1,456,1.0745614035087718,1,0.2629708222677559,0,0,0
USNM_1606826,CBDDTY010003822.1,455,1.0637362637362637,1,0.24455141145583362,0,0,0
USNM_1606826,CBDDTY010003979.1,455,1,1,0,0,0,0
USNM_1606826,CBDDTY010004358.1,455,1.1692307692307693,1,0.37536833824863164,8.108108108108109,0,0
USNM_1606826,CBDDTY010004629.1,455,1.8681318681318682,2,0.9053048651543043,0,0,0
USNM_1606826,CBDDTY010003671.1,454,1.2026431718061674,1,0.40241223027747697,2.127659574468085,0,0
USNM_1606826,CBDDTY010002606.1,453,1.0286975717439293,1,0.16713972989163833,0,0,0
USNM_1606826,CBDDTY010004745.1,453,2.4724061810154527,2,1.5320362680718018,0,0,0
USNM_1606826,CBDDTY010005256.1,453,1.2229580573951435,1,0.41669059690213844,37.5,0,0
USNM_1606826,CBDDTY010003720.1,452,1.170353982300885,1,0.376360041809144,8.333333333333334,0,0
USNM_1606826,CBDDTY010004327.1,451,1,1,0,4.166666666666667,0,0
USNM_1606826,CBDDTY010004943.1,451,1.647450110864745,2,0.6911255998208758,0,0,0
USNM_1606826,CBDDTY010002048.1,450,1,1,0,0,0,0
USNM_1606826,CBDDTY010004415.1,449,1.6770601336302895,1,0.9163369908231769,0,0,0
USNM_1606826,CBDDTY010004746.1,449,1.487750556792873,1,0.5942105883889011,0,0,0
USNM_1606826,CBDDTY010003890.1,448,1.8660714285714286,2,0.8998686030285327,85.71428571428571,0,0
USNM_1606826,CBDDTY010005471.1,448,2.3214285714285716,2,1.0803453397187834,0,0,0
USNM_1606826,CBDDTY010004600.1,447,1.389261744966443,1,0.6734364991084738,13.793103448275861,0,0
USNM_1606826,CBDDTY010004151.1,446,1.242152466367713,1,0.5841493068187488,4.3478260869565215,0,0
USNM_1606826,CBDDTY010005035.1,444,1,1,0,0,0,0
USNM_1606826,CBDDTY010005214.1,444,1.6734234234234233,2,0.7073404172716887,0,0,0
USNM_1606826,CBDDTY010004945.1,443,1.1557562076749435,1,0.36303403998315464,0,0,0
USNM_1606826,CBDDTY010004267.1,441,1.1383219954648527,1,0.458660000526841,0,0,0
USNM_1606826,CBDDTY010004630.1,441,1.8480725623582765,2,0.801732302973897,6.481388888888889,0,0
USNM_1606826,CBDDTY010005133.1,440,1.2977272727272726,1,0.45777944593699876,0,0,0
USNM_1606826,CBDDTY010004481.1,439,1.7220956719817768,2,0.7184707122367313,29.63,0,0
USNM_1606826,CBDDTY010005151.1,439,2.9339407744874717,2,1.925012176003796,0,0,0
USNM_1606826,CBDDTY010001337.1,438,1,1,0,0,0,0
USNM_1606826,CBDDTY010004767.1,438,1.3150684931506849,1,0.46507435970786265,0,0,0
USNM_1606826,CBDDTY010005358.1,438,1.235159817351598,1,0.4245836264677401,NA,0,0
USNM_1606826,CBDDTY010005051.1,437,1.3203661327231122,1,0.46715207192082336,1.25,0,0
USNM_1606826,CBDDTY010004288.1,436,2.055045871559633,2,0.8849688598749869,0,0,0
USNM_1606826,CBDDTY010005105.1,435,1.354022988505747,1,0.4787668004779531,0,0,0
USNM_1606826,CBDDTY010000080.1,434,1.3663594470046083,1,0.4823653419923033,2.0833333333333335,0,0
USNM_1606826,CBDDTY010004139.1,434,1.1658986175115207,1,0.3724189064640096,0,0,0
USNM_1606826,CBDDTY010004393.1,434,1.4285714285714286,1,0.8573627783413813,0,0,0
USNM_1606826,CBDDTY010004418.1,434,1.2764976958525345,1,0.4477820024338691,0,0,0
USNM_1606826,CBDDTY010004773.1,434,1.3317972350230414,1,0.4714020122727366,0,0,0
USNM_1606826,CBDDTY010005442.1,434,1.0207373271889402,1,0.14266810962564822,0,0,0
USNM_1606826,CBDDTY010003769.1,433,1.1732101616628174,1,0.37886660249894577,0,0,0
USNM_1606826,CBDDTY010002336.1,432,1.1712962962962963,1,0.3772044995895631,6,0,0
USNM_1606826,CBDDTY010005412.1,431,1.5359628770301623,1,0.7427049484681958,0,0,0
USNM_1606826,CBDDTY010004537.1,429,1,1,0,0,0,0
USNM_1606826,CBDDTY010005416.1,429,1.2121212121212122,1,0.4092875325962351,13.636363636363637,0,0
USNM_1606826,CBDDTY010003787.1,428,1.2710280373831775,1,0.4450107165605682,0,0,0
USNM_1606826,CBDDTY010004545.1,428,1.794392523364486,1,1.0400713158489168,0,0,0
USNM_1606826,CBDDTY010005092.1,428,1.2570093457943925,1,0.5022874419946407,0,0,0
USNM_1606826,CBDDTY010003598.1,427,1.1334894613583137,1,0.340501910339743,0,0,0
USNM_1606826,CBDDTY010004896.1,427,1.180327868852459,1,0.38491128817093684,0,0,0
USNM_1606826,CBDDTY010004917.1,427,2.2201405152224822,2,1.0761027661462985,1.0233333333333332,0,0
USNM_1606826,CBDDTY010004273.1,423,1.2387706855791962,1,0.42683715208413137,0,0,0
USNM_1606826,CBDDTY010004280.1,423,1.4042553191489362,1,0.5999058781340152,0,0,0
USNM_1606826,CBDDTY010005265.1,423,1.2127659574468086,1,0.4097481130942886,0,0,0
USNM_1606826,CBDDTY010004080.1,422,1,1,0,0,0,0
USNM_1606826,CBDDTY010005297.1,422,1.7322274881516588,2,0.7989626679644058,0,0,0
USNM_1606826,CBDDTY010000024.1,421,1.6342042755344417,1,0.810154979930066,0,0,0
USNM_1606826,CBDDTY010003878.1,421,1.3087885985748218,1,0.46254338840309056,0,0,0
USNM_1606826,CBDDTY010004236.1,421,1.3182897862232779,1,0.576006714259149,0,0,0
USNM_1606826,CBDDTY010004840.1,421,1.7814726840855106,2,0.7805606759854876,0,0,0
USNM_1606826,CBDDTY010003781.1,420,1.8261904761904761,1,1.1186335689063955,0,0,0
USNM_1606826,CBDDTY010003807.1,420,2.469047619047619,3,1.2345441788244185,41.026153846153846,0,0
USNM_1606826,CBDDTY010003999.1,420,1.25,1,0.43352911555443757,0,0,0
USNM_1606826,CBDDTY010004361.1,420,1.1071428571428572,1,0.30966365396745543,0,0,0
USNM_1606826,CBDDTY010004691.1,419,2,2,0.8528028654224418,11.419629629629629,0,0
USNM_1606826,CBDDTY010005264.1,419,2.0405727923627683,2,0.9588548075373035,0,0,0
USNM_1606826,CBDDTY010001039.1,418,1.19377990430622,1,0.39573211075181497,0,0,0
USNM_1606826,CBDDTY010003566.1,418,2.3947368421052633,1,2.3269191151545296,1.1555882352941176,0,0
USNM_1606826,CBDDTY010001884.1,417,1.2182254196642686,1,0.4135374099745285,0,0,0
USNM_1606826,CBDDTY010004761.1,417,1.0359712230215827,1,0.18644209024801428,0,0,0
USNM_1606826,CBDDTY010005329.1,417,1.7434052757793765,2,0.8428779175624469,11.11111111111111,0,0
USNM_1606826,CBDDTY010003368.1,415,1,1,0,0,0,0
USNM_1606826,CBDDTY010004456.1,415,1.1879518072289157,1,0.3911452250045084,0,0,0
USNM_1606826,CBDDTY010004703.1,415,1.146987951807229,1,0.35452129709798297,0,0,0
USNM_1606826,CBDDTY010004734.1,415,1.5879518072289156,1,0.6567004314061662,0,0,0
USNM_1606826,CBDDTY010005285.1,413,1.1380145278450364,1,0.3453335657492472,0,0,0
USNM_1606826,CBDDTY010005294.1,413,1.0677966101694916,1,0.25170146689100387,100,0,0
USNM_1606826,CBDDTY010005353.1,413,1,1,0,0,0,0
USNM_1606826,CBDDTY010005524.1,413,1.4067796610169492,1,0.5863765170771221,0,0,0
USNM_1606826,CBDDTY010003902.1,412,1,1,0,40,0,0
USNM_1606826,CBDDTY010003907.1,412,1.296116504854369,1,0.4570980781629478,0,0,0
USNM_1606826,CBDDTY010005479.1,412,1.2451456310679612,1,0.43069651974677625,0,0,0
USNM_1606826,CBDDTY010004500.1,411,2.0778588807785887,2,0.8167581900491742,0,0,0
USNM_1606826,CBDDTY010001293.1,410,1,1,0,16,0,0
USNM_1606826,CBDDTY010002344.1,410,1,1,0,26.08695652173913,0,0
USNM_1606826,CBDDTY010003516.1,410,1.2317073170731707,1,0.4224385051760504,5.882352941176471,0,0
USNM_1606826,CBDDTY010004355.1,410,1.5390243902439025,1,0.7690142449520124,0,0,0
USNM_1606826,CBDDTY010005316.1,408,1.6691176470588236,1,0.820994306906466,21.794615384615383,0,0
USNM_1606826,CBDDTY010005559.1,408,1.1593137254901962,1,0.3664177066307303,0,0,0
USNM_1606826,CBDDTY010003187.1,407,1.4963144963144963,1,0.6272633338646649,1.3513513513513513,0,0
USNM_1606826,CBDDTY010004309.1,407,1,1,0,2.127659574468085,0,0
USNM_1606826,CBDDTY010005050.1,407,1.1031941031941033,1,0.30458664417125475,0,0,0
USNM_1606826,CBDDTY010005188.1,407,1.3734643734643734,1,0.7040232993258345,0,0,0
USNM_1606826,CBDDTY010004655.1,406,1.3694581280788178,1,0.48325358419516656,0,0,0
USNM_1606826,CBDDTY010002334.1,405,1.165432098765432,1,0.37202965315752057,0,0,0
USNM_1606826,CBDDTY010001320.1,404,1,1,0,3.4482758620689653,0,0
USNM_1606826,CBDDTY010004320.1,404,1.6212871287128714,1,0.7734055569789557,0,0,0
USNM_1606826,CBDDTY010005004.1,404,1.3366336633663367,1,0.4731443360486666,0,0,0
USNM_1606826,CBDDTY010005387.1,404,1.2277227722772277,1,0.41988272305234675,0,0,0
USNM_1606826,CBDDTY010005566.1,404,1.2623762376237624,1,0.4404715463637041,0,0,0
USNM_1606826,CBDDTY010003953.1,403,1,1,0,0,0,0
USNM_1606826,CBDDTY010003972.1,403,1.2555831265508686,1,0.5830843917254024,80,0,0
USNM_1606826,CBDDTY010004210.1,403,1.0099255583126552,1,0.09925465723059866,0,0,0
USNM_1606826,CBDDTY010004357.1,403,1.337468982630273,1,0.4734340996087475,0,0,0
USNM_1606826,CBDDTY010004505.1,403,1.2928039702233252,1,0.48727369160612577,0,0,0
USNM_1606826,CBDDTY010005177.1,403,1.28287841191067,1,0.6459823423841387,0,0,0
USNM_1606826,CBDDTY010000012.1,401,1,1,0,0,0,0
USNM_1606826,CBDDTY010004369.1,400,1.49,1,0.5750885297435574,66.66666666666667,0,0
USNM_1606826,CBDDTY010004705.1,400,1.12,1,0.3253685013244757,0,0,0
USNM_1606826,CBDDTY010004908.1,400,1.1575,1,0.364727728298074,2.857142857142857,0,0
USNM_1606826,CBDDTY010005360.1,400,1.015,1,0.12170468386708858,0,0,0
USNM_1606826,CBDDTY010005116.1,399,2.644110275689223,2,1.2595999795219643,0,0,0
USNM_1606826,CBDDTY010005357.1,399,2.055137844611529,2,0.9005678937217214,0,0,0
USNM_1606826,CBDDTY010004763.1,398,1.5075376884422111,1,0.8238836992934099,4.166666666666667,0,0
USNM_1606826,CBDDTY010005431.1,397,1.5188916876574308,1,0.7161702162494973,0,0,0
USNM_1606826,CBDDTY010005458.1,397,1,1,0,0,0,0
USNM_1606826,CBDDTY010004779.1,396,1,1,0,0,0,0
USNM_1606826,CBDDTY010005546.1,395,1,1,0,10.714285714285714,0,0
USNM_1606826,CBDDTY010004420.1,394,1.1370558375634519,1,0.3443435498666889,27.272727272727273,0,0
USNM_1606826,CBDDTY010004373.1,393,1.0229007633587786,1,0.14977783828474936,0,0,0
USNM_1606826,CBDDTY010004524.1,393,1.1424936386768447,1,0.35000129822680764,0,0,0
USNM_1606826,CBDDTY010004873.1,393,2.4529262086513994,3,1.0219268700372897,0,0,0
USNM_1606826,CBDDTY010003610.1,392,1.9846938775510203,1,1.661900556903628,0.5377419354838711,0,0
USNM_1606826,CBDDTY010004449.1,392,1,1,0,0,0,0
USNM_1606826,CBDDTY010004866.1,392,2.24234693877551,2,1.654241267435239,0,0,0
USNM_1606826,CBDDTY010005474.1,392,1.2295918367346939,1,0.42110782738644487,0,0,0
USNM_1606826,CBDDTY010004042.1,391,1.0255754475703325,1,0.15806721650644082,0,0,0
USNM_1606826,CBDDTY010004102.1,390,1.087179487179487,1,0.28246025921486023,0,0,0
USNM_1606826,CBDDTY010003195.1,389,1.467866323907455,1,0.49960894256078847,0,0,0
USNM_1606826,CBDDTY010004391.1,389,1,1,0,0,0,0
USNM_1606826,CBDDTY010005266.1,389,1.2082262210796915,1,0.4065623932681936,0,0,0
USNM_1606826,CBDDTY010005369.1,388,2.134020618556701,2,0.8368621838864836,0.8771052631578947,0,0
USNM_1606826,CBDDTY010005543.1,388,1.6134020618556701,1,0.9373257760983496,0,0,0
USNM_1606826,CBDDTY010005362.1,387,1.2739018087855296,1,0.44653649355281144,0,0,0
USNM_1606826,CBDDTY010005554.1,385,1.212987012987013,1,0.40995129580849593,0,0,0
USNM_1606826,CBDDTY010005118.1,384,1.2604166666666667,1,0.43943452071754596,8.333333333333334,0,0
USNM_1606826,CBDDTY010005355.1,384,1,1,0,0,0,0
USNM_1606826,CBDDTY010003747.1,383,1.7754569190600522,1,0.9743964369459134,1.6666666666666667,0,0
USNM_1606826,CBDDTY010005080.1,382,1,1,0,0,0,0
USNM_1606826,CBDDTY010003513.1,381,1,1,0,0,0,0
USNM_1606826,CBDDTY010004155.1,381,1.2650918635170603,1,0.4979582570350781,0,0,0
USNM_1606826,CBDDTY010004377.1,381,1.020997375328084,1,0.14356385886441037,0,0,0
USNM_1606826,CBDDTY010004692.1,381,1.4881889763779528,1,0.5647469167542424,58.335,0,0
USNM_1606826,CBDDTY010003777.1,380,1.581578947368421,1,0.7416572981105072,0,0,0
USNM_1606826,CBDDTY010004775.1,378,1,1,0,0,0,0
USNM_1606826,CBDDTY010004688.1,377,1,1,0,0,0,0
USNM_1606826,CBDDTY010002468.1,376,1.0824468085106382,1,0.2754107184366419,0,0,0
USNM_1606826,CBDDTY010003970.1,376,1.2207446808510638,1,0.41530130905761004,0,0,0
USNM_1606826,CBDDTY010003812.1,375,1.416,1,0.4935520062644873,0,0,0
USNM_1606826,CBDDTY010004649.1,375,4.728,5,2.2242321273081487,4.6875,8,2.1333333333333333
USNM_1606826,CBDDTY010005132.1,375,1.184,1,0.38800187440971795,0,0,0
USNM_1606826,CBDDTY010004485.1,374,1.8770053475935828,1,1.1991308805147312,2.9760714285714287,0,0
USNM_1606826,CBDDTY010005121.1,374,1.8368983957219251,2,0.6811337381700886,0,0,0
USNM_1606826,CBDDTY010004206.1,373,1.4048257372654156,1,0.49151760180506215,0,0,0
USNM_1606826,CBDDTY010004700.1,373,1.4048257372654156,1,0.6514485795586101,0,0,0
USNM_1606826,CBDDTY010004726.1,373,2.026809651474531,2,0.8825243355949746,0,0,0
USNM_1606826,CBDDTY010005366.1,373,1.3914209115281502,1,0.48872377942175593,0,0,0
USNM_1606826,CBDDTY010005122.1,371,1.4016172506738545,1,0.49088730927200863,0,0,0
USNM_1606826,CBDDTY010005472.1,371,2.789757412398922,3,1.2856810984603262,0,0,0
USNM_1606826,CBDDTY010003114.1,370,1.3783783783783783,1,0.6887147352301303,6.666545454545455,0,0
USNM_1606826,CBDDTY010004448.1,370,1.164864864864865,1,0.37156099063933884,0,0,0
USNM_1606826,CBDDTY010004743.1,368,1.1929347826086956,1,0.39513951054320445,0,0,0
USNM_1606826,CBDDTY010004811.1,368,1.8396739130434783,2,0.6383322123068599,0,0,0
USNM_1606826,CBDDTY010004431.1,367,1.1444141689373297,1,0.3519890749295082,7.142857142857143,0,0
USNM_1606826,CBDDTY010005045.1,367,3.0653950953678475,2,2.7631605200060565,0.7692307692307693,9,2.452316076294278
USNM_1606826,CBDDTY010005082.1,367,1.215258855585831,1,0.48472444543468757,11.11111111111111,0,0
USNM_1606826,CBDDTY010005376.1,367,1,1,0,0,0,0
USNM_1606826,CBDDTY010004118.1,366,1,1,0,0,0,0
USNM_1606826,CBDDTY010004168.1,366,1.1475409836065573,1,0.3551298696859213,0,0,0
USNM_1606826,CBDDTY010004756.1,364,1.164835164835165,1,0.37154242612037025,0,0,0
USNM_1606826,CBDDTY010005391.1,364,2.5137362637362637,2,1.836972085429787,0,0,0
USNM_1606826,CBDDTY010004532.1,363,1.581267217630854,1,0.7801979793366691,0,0,0
USNM_1606826,CBDDTY010004657.1,363,1.56198347107438,1,0.727052955241941,7.406666666666666,0,0
USNM_1606826,CBDDTY010004184.1,362,1.2569060773480663,1,0.4375319056245131,0,0,0
USNM_1606826,CBDDTY010004654.1,362,1.0994475138121547,1,0.2996761386835709,0,0,0
USNM_1606826,CBDDTY010005439.1,362,1.367403314917127,1,0.48276488750682717,0,0,0
USNM_1606826,CBDDTY010004135.1,360,1.4694444444444446,1,0.5626833069043112,0,0,0
USNM_1606826,CBDDTY010005333.1,360,1,1,0,0,0,0
USNM_1606826,CBDDTY010002278.1,359,1.0919220055710306,1,0.28931905131351043,0,0,0
USNM_1606826,CBDDTY010004502.1,359,1.105849582172702,1,0.30807437557625017,0,0,0
USNM_1606826,CBDDTY010004973.1,359,1.4763231197771587,1,0.6922329396872162,0,0,0
USNM_1606826,CBDDTY010005555.1,359,1.0222841225626742,1,0.14781204110560872,0,0,0
USNM_1606826,CBDDTY010003483.1,358,1.5782122905027933,1,0.7620370309894531,0,0,0
USNM_1606826,CBDDTY010003877.1,358,1.782122905027933,2,0.5626208842212003,0,0,0
USNM_1606826,CBDDTY010004352.1,358,1.2681564245810055,1,0.4436195130757644,29.41176470588235,0,0
USNM_1606826,CBDDTY010004613.1,358,1.1843575418994414,1,0.3883182234637628,0,0,0
USNM_1606826,CBDDTY010005241.1,358,1,1,0,0,0,0
USNM_1606826,CBDDTY010005242.1,358,1,1,0,0,0,0
USNM_1606826,CBDDTY010004077.1,357,1.173669467787115,1,0.3793566885968177,0,0,0
USNM_1606826,CBDDTY010004749.1,356,1.1235955056179776,1,0.32958273984278796,0,0,0
USNM_1606826,CBDDTY010005113.1,356,1.252808988764045,1,0.4352340830793288,0,0,0
USNM_1606826,CBDDTY010002702.1,355,1.2478873239436619,1,0.43239549370276387,0,0,0
USNM_1606826,CBDDTY010004838.1,354,1.2259887005649717,1,0.4188237405532283,0,0,0
USNM_1606826,CBDDTY010003819.1,353,1.0906515580736544,1,0.28752050392123746,1.6666666666666667,0,0
USNM_1606826,CBDDTY010004578.1,353,1,1,0,15.384615384615385,0,0
USNM_1606826,CBDDTY010004889.1,353,1,1,0,2.857142857142857,0,0
USNM_1606826,CBDDTY010004301.1,351,1.3504273504273505,1,0.688471258654037,0,0,0
USNM_1606826,CBDDTY010005522.1,351,1,1,0,0,0,0
USNM_1606826,CBDDTY010005529.1,351,1.2393162393162394,1,0.42727520705524513,0,0,0
USNM_1606826,CBDDTY010004599.1,349,1.33810888252149,1,0.606722758228096,35.714285714285715,0,0
USNM_1606826,CBDDTY010005349.1,349,1.5587392550143266,1,0.6478209391282491,0,0,0
USNM_1606826,CBDDTY010003492.1,348,1.0747126436781609,1,0.2633056937666485,0,0,0
USNM_1606826,CBDDTY010004113.1,348,1,1,0,0,0,0
USNM_1606826,CBDDTY010004612.1,348,1.2988505747126438,1,0.45841331485145387,0,0,0
USNM_1606826,CBDDTY010005331.1,347,1,1,0,0,0,0
USNM_1606826,CBDDTY010002614.1,346,1.115606936416185,1,0.32021606176551515,0,0,0
USNM_1606826,CBDDTY010003792.1,345,1.3391304347826087,1,0.4741017796551645,0,0,0
USNM_1606826,CBDDTY010003834.1,345,1.808695652173913,2,0.7419606196914375,0,0,0
USNM_1606826,CBDDTY010004950.1,344,2.4040697674418605,2,1.1962457092368541,7.142857142857143,0,0
USNM_1606826,CBDDTY010004246.1,343,2.1020408163265305,2,0.748152835318976,0,0,0
USNM_1606826,CBDDTY010004901.1,343,1.4927113702623906,1,0.7249355253155215,0,0,0
USNM_1606826,CBDDTY010005235.1,343,1.629737609329446,2,0.48358032523028016,26.08695652173913,0,0
USNM_1606826,CBDDTY010005281.1,343,2.4810495626822155,2,1.0424145696234577,0,0,0
USNM_1606826,CBDDTY010003687.1,342,1,1,0,44.44444444444444,0,0
USNM_1606826,CBDDTY010005073.1,342,1,1,0,0,0,0
USNM_1606826,CBDDTY010004486.1,341,1.346041055718475,1,0.6258339270060576,0,0,0
USNM_1606826,CBDDTY010004025.1,340,1,1,0,7.142857142857143,0,0
USNM_1606826,CBDDTY010004750.1,340,1.9794117647058824,1,1.452143042875022,0,0,0
USNM_1606826,CBDDTY010004817.1,340,1,1,0,0,0,0
USNM_1606826,CBDDTY010004953.1,340,1.1294117647058823,1,0.33614982240962316,0,0,0
USNM_1606826,CBDDTY010004982.1,340,1.3411764705882352,1,0.47480326437137416,0,0,0
USNM_1606826,CBDDTY010005158.1,340,1.1764705882352942,1,0.38178189848584015,0,0,0
USNM_1606826,CBDDTY010005388.1,340,1.0470588235294118,1,0.2120768132085088,0,0,0
USNM_1606826,CBDDTY010004650.1,337,1.3293768545994065,1,0.7723633511815604,0,0,0
USNM_1606826,CBDDTY010004825.1,336,1.130952380952381,1,0.3378513991016038,0,0,0
USNM_1606826,CBDDTY010004874.1,336,1.431547619047619,1,0.5689099166371118,0,0,0
USNM_1606826,CBDDTY010005461.1,336,1.119047619047619,1,0.3243275258042619,100,0,0
USNM_1606826,CBDDTY010005552.1,336,1,1,0,0,0,0
USNM_1606826,CBDDTY010004660.1,335,1.7641791044776118,2,0.7706637415605342,0,0,0
USNM_1606826,CBDDTY010004850.1,335,1,1,0,0,0,0
USNM_1606826,CBDDTY010005001.1,335,1.4208955223880597,1,0.4944413509515453,0,0,0
USNM_1606826,CBDDTY010004752.1,334,1.1826347305389222,1,0.3869464715994455,0,0,0
USNM_1606826,CBDDTY010000105.1,332,1,1,0,0,0,0
USNM_1606826,CBDDTY010004868.1,331,1.4410876132930515,1,0.49726893052989646,0,0,0
USNM_1606826,CBDDTY010004041.1,330,1.1272727272727272,1,0.33378434993728523,0,0,0
USNM_1606826,CBDDTY010004934.1,330,1.293939393939394,1,0.45625633621907885,0,0,0
USNM_1606826,CBDDTY010004478.1,329,1.5623100303951367,2,0.4968579457171387,0,0,0
USNM_1606826,CBDDTY010004574.1,329,1,1,0,0,0,0
USNM_1606826,CBDDTY010005312.1,329,1,1,0,0,0,0
USNM_1606826,CBDDTY010004039.1,328,1,1,0,0,0,0
USNM_1606826,CBDDTY010004395.1,328,1.3018292682926829,1,0.6522576704193441,0,0,0
USNM_1606826,CBDDTY010004392.1,327,1.1009174311926606,1,0.3016809998604761,0,0,0
USNM_1606826,CBDDTY010004970.1,326,1.969325153374233,2,0.8904506232304601,0,0,0
USNM_1606826,CBDDTY010002342.1,325,1.1446153846153846,1,0.35225497973802644,13.636363636363637,0,0
USNM_1606826,CBDDTY010005086.1,324,1.5185185185185186,2,0.5004298118218253,0,0,0
USNM_1606826,CBDDTY010004646.1,323,1,1,0,0,0,0
USNM_1606826,CBDDTY010005270.1,323,1.4179566563467492,1,0.7061747434607306,0,0,0
USNM_1606826,CBDDTY010005508.1,323,1,1,0,0,0,0
USNM_1606826,CBDDTY010004805.1,322,1.2111801242236024,1,0.4087811514239448,0,0,0
USNM_1606826,CBDDTY010004941.1,322,1,1,0,0,0,0
USNM_1606826,CBDDTY010005283.1,322,1.4285714285714286,1,0.4956418880350004,0,0,0
USNM_1606826,CBDDTY010005142.1,321,1.5109034267912773,2,0.5006615561129798,0,0,0
USNM_1606826,CBDDTY010005300.1,321,1.691588785046729,2,0.7212560435613914,3.8461538461538463,0,0
USNM_1606826,CBDDTY010005225.1,320,1.36875,1,0.6541104658751442,0,0,0
USNM_1606826,CBDDTY010005277.1,320,1.69375,2,0.7256766380917193,0,0,0
USNM_1606826,CBDDTY010004699.1,317,1.4037854889589905,1,0.49143118751992565,0,0,0
USNM_1606826,CBDDTY010005284.1,317,1,1,0,0,0,0
USNM_1606826,CBDDTY010003951.1,316,1.0696202531645569,1,0.2549095976097928,0,0,0
USNM_1606826,CBDDTY010003969.1,316,1.1012658227848102,1,0.30215886534664976,0,0,0
USNM_1606826,CBDDTY010004465.1,316,1,1,0,0,0,0
USNM_1606826,CBDDTY010005219.1,316,1,1,0,0,0,0
USNM_1606826,CBDDTY010004019.1,314,1.3152866242038217,1,0.46537155516560924,42.857142857142854,0,0
USNM_1606826,CBDDTY010004678.1,314,1,1,0,0,0,0
USNM_1606826,CBDDTY010004302.1,313,1.5654952076677315,2,0.49648555974434166,37.5,0,0
USNM_1606826,CBDDTY010004957.1,313,1.207667731629393,1,0.40628711839930365,0,0,0
USNM_1606826,CBDDTY010003594.1,312,1,1,0,0,0,0
USNM_1606826,CBDDTY010004021.1,312,1.4070512820512822,1,0.49207378991878764,0,0,0
USNM_1606826,CBDDTY010005287.1,312,1.2179487179487178,1,0.41351558087375706,66.66666666666667,0,0
USNM_1606826,CBDDTY010003646.1,308,1.3863636363636365,1,0.6532871711002697,0,0,0
USNM_1606826,CBDDTY010003604.1,307,1.1791530944625408,1,0.3841065509706427,0,0,0
USNM_1606826,CBDDTY010003870.1,307,1,1,0,0,0,0
USNM_1606826,CBDDTY010004477.1,307,1,1,0,0,0,0
USNM_1606826,CBDDTY010003545.1,306,1.2026143790849673,1,0.40260589075170505,0,0,0
USNM_1606826,CBDDTY010003642.1,306,1,1,0,0,0,0
USNM_1606826,CBDDTY010004193.1,306,1.2189542483660132,1,0.4142149016937596,0,0,0
USNM_1606826,CBDDTY010004239.1,306,1.2254901960784315,1,0.41858926411784086,6.25,0,0
USNM_1606826,CBDDTY010004354.1,306,1.5163398692810457,2,0.5005515012679737,0,0,0
USNM_1606826,CBDDTY010005227.1,306,1.065359477124183,1,0.2475639374775693,11.11111111111111,0,0
USNM_1606826,CBDDTY010005273.1,306,1.2222222222222223,1,0.41642069242332835,100,0,0
USNM_1606826,CBDDTY010004954.1,305,1.1114754098360655,1,0.315237150003008,0,0,0
USNM_1606826,CBDDTY010004985.1,305,1,1,0,0,0,0
USNM_1606826,CBDDTY010004215.1,304,1.486842105263158,1,0.7576831291258173,0,0,0
USNM_1606826,CBDDTY010004374.1,304,1.3486842105263157,1,0.6966195454026527,0,0,0
USNM_1606826,CBDDTY010004523.1,304,1.055921052631579,1,0.2301480518273931,0,0,0
USNM_1606826,CBDDTY010004149.1,303,1.1584158415841583,1,0.36573449460355145,0,0,0
USNM_1606826,CBDDTY010005054.1,303,1.3135313531353134,1,0.4646957327259697,0,0,0
USNM_1606826,CBDDTY010004558.1,302,1,1,0,0,0,0
USNM_1606826,CBDDTY010004059.1,301,1.2857142857142858,1,0.6362090102803518,0,0,0
USNM_1606826,CBDDTY010004335.1,301,1.3687707641196014,1,0.48327509482255293,0,0,0
USNM_1606826,CBDDTY010003959.1,300,1.3166666666666667,1,0.4659534285176794,0,0,0
USNM_1606826,CBDDTY010004003.1,300,1.1166666666666667,1,0.3215590505108515,0,0,0
USNM_1606826,CBDDTY010004513.1,300,1,1,0,0,0,0
USNM_1606826,CBDDTY010004862.1,300,1,1,0,0,0,0
USNM_1606826,CBDDTY010004979.1,300,1.5333333333333334,2,0.49972121547874476,0,0,0
USNM_1606826,CBDDTY010005457.1,300,1.2566666666666666,1,0.4375236894366786,0,0,0
USNM_1606826,CBDDTY010004140.1,299,1.294314381270903,1,0.45649795624321254,0,0,0
USNM_1606826,CBDDTY010004681.1,299,1,1,0,0,0,0
USNM_1606826,CBDDTY010005198.1,299,1.2775919732441472,1,0.4485617067556812,0,0,0
USNM_1606826,CBDDTY010005202.1,299,1.4749163879598661,1,0.500207584122587,0,0,0
USNM_1606826,CBDDTY010003682.1,298,1,1,0,0,0,0
USNM_1606826,CBDDTY010004128.1,298,1,1,0,10,0,0
USNM_1606826,CBDDTY010004467.1,298,1.5134228187919463,2,0.5006605358298997,0,0,0
USNM_1606826,CBDDTY010004512.1,297,1.6801346801346801,2,0.7227312933175941,0,0,0
USNM_1606826,CBDDTY010004701.1,297,1.5454545454545454,1,0.7110051023222376,0,0,0
USNM_1606826,CBDDTY010005364.1,297,1.4983164983164983,1,0.5008410434876028,0,0,0
USNM_1606826,CBDDTY010004447.1,295,1.4101694915254237,1,0.4927000837583193,0,0,0
USNM_1606826,CBDDTY010004981.1,295,1.0576271186440678,1,0.23343296451431544,0,0,0
USNM_1606826,CBDDTY010003782.1,294,1,1,0,0,0,0
USNM_1606826,CBDDTY010004716.1,294,1.0408163265306123,1,0.19820184907022304,0,0,0
USNM_1606826,CBDDTY010004644.1,293,1,1,0,0,0,0
USNM_1606826,CBDDTY010005459.1,293,1.1911262798634812,1,0.3938609740447722,0,0,0
USNM_1606826,CBDDTY010004010.1,292,1,1,0,0,0,0
USNM_1606826,CBDDTY010004462.1,292,1.082191780821918,1,0.2751281941771545,0,0,0
USNM_1606826,CBDDTY010005510.1,292,1,1,0,0,0,0
USNM_1606826,CBDDTY010003793.1,290,1.3379310344827586,1,0.47382255676202667,0,0,0
USNM_1606826,CBDDTY010004963.1,290,1,1,0,4.761904761904762,0,0
USNM_1606826,CBDDTY010003582.1,289,1.3702422145328719,1,0.4837070503650496,0,0,0
USNM_1606826,CBDDTY010003772.1,289,1.207612456747405,1,0.40630128990396275,0,0,0
USNM_1606826,CBDDTY010003966.1,288,1.1944444444444444,1,0.3964613118776133,0,0,0
USNM_1606826,CBDDTY010003977.1,288,1.4652777777777777,1,0.49966113178079613,5.555555555555555,0,0
USNM_1606826,CBDDTY010004669.1,288,1.6041666666666667,2,0.6326620930969484,0,0,0
USNM_1606826,CBDDTY010004804.1,288,1.0972222222222223,1,0.29677580891778826,0,0,0
USNM_1606826,CBDDTY010005003.1,288,1.7569444444444444,2,0.7395876784973207,0,0,0
USNM_1606826,CBDDTY010004234.1,287,1.4181184668989546,1,0.49411142245918016,0,0,0
USNM_1606826,CBDDTY010004265.1,287,1,1,0,0,0,0
USNM_1606826,CBDDTY010004907.1,287,1.602787456445993,2,0.49017540044228297,0,0,0
USNM_1606826,CBDDTY010004087.1,286,1,1,0,6.25,0,0
USNM_1606826,CBDDTY010004152.1,286,2.43006993006993,2,1.1271784344826696,0,0,0
USNM_1606826,CBDDTY010004534.1,286,1.0594405594405594,1,0.2368618702476821,0,0,0
USNM_1606826,CBDDTY010003866.1,285,1,1,0,0,0,0
USNM_1606826,CBDDTY010003925.1,285,1.512280701754386,2,0.5007284044405613,36.111111111111114,0,0
USNM_1606826,CBDDTY010004865.1,284,1.482394366197183,1,0.5667836595362156,0,0,0
USNM_1606826,CBDDTY010003729.1,283,1.3498233215547704,1,0.4777588458347216,0,0,0
USNM_1606826,CBDDTY010005313.1,283,1.265017667844523,1,0.4421244445961288,13.333333333333334,0,0
USNM_1606826,CBDDTY010004224.1,282,1.0567375886524824,1,0.23175178909627614,0,0,0
USNM_1606826,CBDDTY010004911.1,282,1,1,0,0,0,0
USNM_1606826,CBDDTY010005221.1,282,2.400709219858156,2,1.0700049192623615,0,0,0
USNM_1606826,CBDDTY010005415.1,282,1.2765957446808511,1,0.4481100363519397,0,0,0
USNM_1606826,CBDDTY010004074.1,280,1.3607142857142858,1,0.48106757453056526,0,0,0
USNM_1606826,CBDDTY010004097.1,280,1,1,0,0,0,0
USNM_1606826,CBDDTY010004723.1,279,1.1397849462365592,1,0.3473868901200005,0,0,0
USNM_1606826,CBDDTY010004821.1,279,1,1,0,0,0,0
USNM_1606826,CBDDTY010004864.1,279,1,1,0,10,0,0
USNM_1606826,CBDDTY010004898.1,279,1.3870967741935485,1,0.4879613603167966,0,0,0
USNM_1606826,CBDDTY010004955.1,279,1.060931899641577,1,0.23963519716385503,50,0,0
USNM_1606826,CBDDTY010002580.1,278,1,1,0,9.523809523809524,0,0
USNM_1606826,CBDDTY010003957.1,278,1.514388489208633,1,0.6940761359291222,25,0,0
USNM_1606826,CBDDTY010004088.1,278,1,1,0,0,0,0
USNM_1606826,CBDDTY010005549.1,278,1.2050359712230216,1,0.40445599975907276,0,0,0
USNM_1606826,CBDDTY010005299.1,277,1.407942238267148,1,0.6106023608112774,10,0,0
USNM_1606826,CBDDTY010005454.1,277,1,1,0,0,0,0
USNM_1606826,CBDDTY010004728.1,276,1.039855072463768,1,0.19597397046916532,0,0,0
USNM_1606826,CBDDTY010005023.1,276,1.4166666666666667,1,0.49390221090757824,0,0,0
USNM_1606826,CBDDTY010003541.1,275,1,1,0,0,0,0
USNM_1606826,CBDDTY010004367.1,275,1.549090909090909,2,0.49849142027214166,14.634146341463415,0,0
USNM_1606826,CBDDTY010000252.1,274,1.532846715328467,1,0.8940265329503415,0,0,0
USNM_1606826,CBDDTY010004755.1,274,1,1,0,0,0,0
USNM_1606826,CBDDTY010005541.1,274,1.7408759124087592,2,0.7125309318676712,1.9228846153846153,0,0
USNM_1606826,CBDDTY010004004.1,273,1.2197802197802199,1,0.4148581739103686,3.3333333333333335,0,0
USNM_1606826,CBDDTY010004962.1,273,1.0805860805860805,1,0.2726982968943279,100,0,0
USNM_1606826,CBDDTY010001086.1,272,1.0625,1,0.24250765575468128,8.333333333333334,0,0
USNM_1606826,CBDDTY010003871.1,272,1,1,0,0,0,0
USNM_1606826,CBDDTY010004342.1,272,1.2463235294117647,1,0.43166340724747676,90,0,0
USNM_1606826,CBDDTY010005200.1,272,1,1,0,20,0,0
USNM_1606826,CBDDTY010003906.1,271,1.103321033210332,1,0.30494086293788,0,0,0
USNM_1606826,CBDDTY010005356.1,271,1.1808118081180812,1,0.3855742297857402,0,0,0
USNM_1606826,CBDDTY010005447.1,271,1,1,0,44.44444444444444,0,0
USNM_1606826,CBDDTY010004006.1,270,1.2296296296296296,1,0.42137570306519967,0,0,0
USNM_1606826,CBDDTY010005181.1,269,1.003717472118959,1,0.06097107608496924,0,0,0
USNM_1606826,CBDDTY010003464.1,268,1.1679104477611941,1,0.37448606405990553,6.25,0,0
USNM_1606826,CBDDTY010004679.1,268,1.623134328358209,1,0.7715361571653041,0,0,0
USNM_1606826,CBDDTY010005043.1,268,1.1791044776119404,1,0.3841571594099781,0,0,0
USNM_1606826,CBDDTY010004842.1,267,1,1,0,0,0,0
USNM_1606826,CBDDTY010003353.1,266,1.169172932330827,1,0.3756112906711816,0,0,0
USNM_1606826,CBDDTY010003820.1,266,1,1,0,0,0,0
USNM_1606826,CBDDTY010003920.1,266,1,1,0,0,0,0
USNM_1606826,CBDDTY010005410.1,266,1,1,0,0,0,0
USNM_1606826,CBDDTY010004260.1,265,1.4075471698113207,1,0.4923078984694119,0,0,0
USNM_1606826,CBDDTY010004638.1,265,1,1,0,0,0,0
USNM_1606826,CBDDTY010005134.1,265,1.8037735849056604,1,0.9530577314366192,0,0,0
USNM_1606826,CBDDTY010003469.1,264,1.1590909090909092,1,0.3664555426077161,0,0,0
USNM_1606826,CBDDTY010004591.1,264,1.4507575757575757,1,0.49851432693847625,12.5,0,0
USNM_1606826,CBDDTY010003767.1,262,1,1,0,0,0,0
USNM_1606826,CBDDTY010004611.1,262,1.1259541984732824,1,0.33243275729697236,0,0,0
USNM_1606826,CBDDTY010002719.1,261,1,1,0,13.636363636363637,0,0
USNM_1606826,CBDDTY010004923.1,261,1.7471264367816093,2,0.6717094862753202,0,0,0
USNM_1606826,CBDDTY010005379.1,261,1.4406130268199233,1,0.49741447628136504,0,0,0
USNM_1606826,CBDDTY010005321.1,259,1.6293436293436294,1,0.7481682758966025,0,0,0
USNM_1606826,CBDDTY010005409.1,259,1,1,0,0,0,0
USNM_1606826,CBDDTY010004324.1,258,1.069767441860465,1,0.27006402214376035,0,0,0
USNM_1606826,CBDDTY010005237.1,258,1.6046511627906976,2,0.5637369015609338,0,0,0
USNM_1606826,CBDDTY010003880.1,257,1,1,0,0,0,0
USNM_1606826,CBDDTY010004876.1,257,1.3035019455252919,1,0.4606671802644102,14.285714285714286,0,0
USNM_1606826,CBDDTY010005279.1,254,1,1,0,0,0,0
USNM_1606826,CBDDTY010004978.1,253,1.1897233201581028,1,0.39285928168745154,0,0,0
USNM_1606826,CBDDTY010004256.1,252,1.4404761904761905,1,0.7144137620001665,0,0,0
USNM_1606826,CBDDTY010004380.1,252,1,1,0,0,0,0
USNM_1606826,CBDDTY010004409.1,252,1,1,0,10,0,0
USNM_1606826,CBDDTY010004671.1,252,1.880952380952381,2,0.7318278470537946,0,0,0
USNM_1606826,CBDDTY010005071.1,252,1,1,0,0,0,0
USNM_1606826,CBDDTY010004722.1,251,1.294820717131474,1,0.4568731418337958,0,0,0
USNM_1606826,CBDDTY010003510.1,250,1.484,1,0.5007464307928786,1.4705882352941178,0,0
USNM_1606826,CBDDTY010003948.1,250,2.36,3,0.7699162839798555,0,0,0
USNM_1606826,CBDDTY010004730.1,250,1.18,1,0.3849581419899277,0,0,0
USNM_1606826,CBDDTY010005097.1,250,1.392,1,0.48917601401822947,6.25,0,0
USNM_1606826,CBDDTY010001789.1,248,1.3548387096774193,1,0.4794319916409987,26.08695652173913,0,0
USNM_1606826,CBDDTY010004729.1,248,1.2620967741935485,1,0.5618207448121624,0,0,0
USNM_1606826,CBDDTY010004800.1,247,1,1,0,0,0,0
USNM_1606826,CBDDTY010005464.1,247,1.4939271255060729,1,0.5009782734211911,0,0,0
USNM_1606826,CBDDTY010004759.1,246,1,1,0,0,0,0
USNM_1606826,CBDDTY010005511.1,246,1.5609756097560976,2,0.4972798081221006,0,0,0
USNM_1606826,CBDDTY010004916.1,245,2.012244897959184,2,0.786576065611143,9.3332,0,0
USNM_1606826,CBDDTY010005553.1,245,1.0571428571428572,1,0.2325905429198223,0,0,0
USNM_1606826,CBDDTY010001824.1,244,1,1,0,0,0,0
USNM_1606826,CBDDTY010005211.1,244,1,1,0,0,0,0
USNM_1606826,CBDDTY010005406.1,244,1,1,0,0,0,0
USNM_1606826,CBDDTY010004394.1,243,1,1,0,0,0,0
USNM_1606826,CBDDTY010005063.1,242,1.3429752066115703,1,0.47568713283564107,0,0,0
USNM_1606826,CBDDTY010004144.1,241,1,1,0,0,0,0
USNM_1606826,CBDDTY010004297.1,241,1,1,0,0,0,0
USNM_1606826,CBDDTY010005336.1,241,1,1,0,0,0,0
USNM_1606826,CBDDTY010004783.1,240,1,1,0,9.523809523809524,0,0
USNM_1606826,CBDDTY010004888.1,240,1,1,0,0,0,0
USNM_1606826,CBDDTY010005201.1,240,1.4,1,0.4909217698375357,0,0,0
USNM_1606826,CBDDTY010004795.1,239,1.0753138075313808,1,0.2644508458117838,0,0,0
USNM_1606826,CBDDTY010005344.1,239,1.1757322175732217,1,0.3813909023931418,0,0,0
USNM_1606826,CBDDTY010004636.1,237,1.590717299578059,2,0.4927421458371531,0,0,0
USNM_1606826,CBDDTY010005014.1,237,1,1,0,0,0,0
USNM_1606826,CBDDTY010003998.1,236,1,1,0,0,0,0
USNM_1606826,CBDDTY010004056.1,235,1,1,0,0,0,0
USNM_1606826,CBDDTY010004375.1,235,1,1,0,0,0,0
USNM_1606826,CBDDTY010004497.1,235,1.1404255319148937,1,0.3481695569273347,0,0,0
USNM_1606826,CBDDTY010005115.1,233,1.0987124463519313,1,0.29891768655568024,0,0,0
USNM_1606826,CBDDTY010003900.1,232,1,1,0,0,0,0
USNM_1606826,CBDDTY010004187.1,232,1.3922413793103448,1,0.48930569452636125,0,0,0
USNM_1606826,CBDDTY010005445.1,232,1.5905172413793103,1,0.7787745338628009,2.7775,0,0
USNM_1606826,CBDDTY010000122.1,230,1,1,0,0,0,0
USNM_1606826,CBDDTY010004976.1,230,1.3565217391304347,1,0.4800164543727412,0,0,0
USNM_1606826,CBDDTY010005514.1,230,1.5130434782608695,1.5,0.5264234998156471,0,0,0
USNM_1606826,CBDDTY010004046.1,229,1.25764192139738,1,0.43829377433503824,14.583333333333334,0,0
USNM_1606826,CBDDTY010004459.1,229,1.2707423580786026,1,0.4453166318786537,0,0,0
USNM_1606826,CBDDTY010005238.1,229,1.3624454148471616,1,0.48175952438115255,0,0,0
USNM_1606826,CBDDTY010005478.1,229,1,1,0,0,0,0
USNM_1606826,CBDDTY010005168.1,228,1.013157894736842,1,0.11420142796328034,0,0,0
USNM_1606826,CBDDTY010004835.1,227,1.4581497797356828,1,0.4993465770538915,31.25,0,0
USNM_1606826,CBDDTY010005037.1,227,1,1,0,0,0,0
USNM_1606826,CBDDTY010004161.1,226,2.084070796460177,1,1.4351192824868548,0,0,0
USNM_1606826,CBDDTY010004291.1,226,1.2212389380530972,1,0.41600242038475976,0,0,0
USNM_1606826,CBDDTY010004834.1,226,1.2876106194690264,1,0.45365336612642565,0,0,0
USNM_1606826,CBDDTY010005147.1,226,2.1194690265486726,2,0.7937935255837022,0,0,0
USNM_1606826,CBDDTY010003726.1,225,1,1,0,0,0,0
USNM_1606826,CBDDTY010004501.1,225,1,1,0,0,0,0
USNM_1606826,CBDDTY010004791.1,225,1.2533333333333334,1,0.43588989435406733,80,0,0
USNM_1606826,CBDDTY010005137.1,225,1.6,2,0.49099025303098287,0,0,0
USNM_1606826,CBDDTY010004298.1,224,1.4017857142857142,1,0.6347178523422818,0,0,0
USNM_1606826,CBDDTY010005021.1,224,1,1,0,17.391304347826086,0,0
USNM_1606826,CBDDTY010004564.1,222,1,1,0,0,0,0
USNM_1606826,CBDDTY010005048.1,222,1.3873873873873874,1,0.6545513633482224,0,0,0
USNM_1606826,CBDDTY010004109.1,221,1.5294117647058822,2,0.500267308225457,0,0,0
USNM_1606826,CBDDTY010004345.1,221,1,1,0,0,0,0
USNM_1606826,CBDDTY010004480.1,221,1,1,0,53.84615384615385,0,0
USNM_1606826,CBDDTY010004402.1,220,1,1,0,0,0,0
USNM_1606826,CBDDTY010004504.1,220,1,1,0,0,0,0
USNM_1606826,CBDDTY010005484.1,220,1,1,0,0,0,0
USNM_1606826,CBDDTY010004095.1,219,1,1,0,0,0,0
USNM_1606826,CBDDTY010004479.1,219,2.2100456621004567,2,0.8023414689318966,0,0,0
USNM_1606826,CBDDTY010004663.1,218,1.3623853211009174,1,0.48179560284126455,0,0,0
USNM_1606826,CBDDTY010005171.1,218,1.385321100917431,1,0.48779116330629035,0,0,0
USNM_1606826,CBDDTY010004063.1,217,1.7557603686635945,1,0.860811685054164,0,0,0
USNM_1606826,CBDDTY010004359.1,217,1.1935483870967742,1,0.3959924694262429,0,0,0
USNM_1606826,CBDDTY010005208.1,217,1,1,0,0,0,0
USNM_1606826,CBDDTY010004617.1,216,1,1,0,0,0,0
USNM_1606826,CBDDTY010003821.1,215,1,1,0,0,0,0
USNM_1606826,CBDDTY010004250.1,215,1,1,0,0,0,0
USNM_1606826,CBDDTY010004777.1,215,1,1,0,0,0,0
USNM_1606826,CBDDTY010005183.1,215,1.2651162790697674,1,0.4424251987731423,0,0,0
USNM_1606826,CBDDTY010004854.1,214,1.1495327102803738,1,0.35744892455677957,0,0,0
USNM_1606826,CBDDTY010005310.1,214,1.1261682242990654,1,0.33281737963550284,0,0,0
USNM_1606826,CBDDTY010003038.1,213,1,1,0,0,0,0
USNM_1606826,CBDDTY010004266.1,213,1,1,0,0,0,0
USNM_1606826,CBDDTY010004439.1,213,1,1,0,50,0,0
USNM_1606826,CBDDTY010004641.1,213,1,1,0,0,0,0
USNM_1606826,CBDDTY010005192.1,213,1.1408450704225352,1,0.3486811262032919,0,0,0
USNM_1606826,CBDDTY010004086.1,212,1,1,0,0,0,0
USNM_1606826,CBDDTY010004942.1,212,1,1,0,0,0,0
USNM_1606826,CBDDTY010005487.1,212,1.3773584905660377,1,0.4858730391902074,0,0,0
USNM_1606826,CBDDTY010005532.1,212,1,1,0,0,0,0
USNM_1606826,CBDDTY010004760.1,211,1.2085308056872037,1,0.546959755417609,0,0,0
USNM_1606826,CBDDTY010004404.1,210,1,1,0,0,0,0
USNM_1606826,CBDDTY010004464.1,210,1,1,0,0,0,0
USNM_1606826,CBDDTY010004627.1,210,1.861904761904762,2,0.7795079974952367,0,0,0
USNM_1606826,CBDDTY010005263.1,210,1.4285714285714286,1,0.49605415002188047,0,0,0
USNM_1606826,CBDDTY010004927.1,209,1,1,0,0,0,0
USNM_1606826,CBDDTY010005169.1,209,1,1,0,0,0,0
USNM_1606826,CBDDTY010005272.1,209,1,1,0,80,0,0
USNM_1606826,CBDDTY010005342.1,208,1,1,0,0,0,0
USNM_1606826,CBDDTY010004222.1,207,1,1,0,0,0,0
USNM_1606826,CBDDTY010004810.1,207,1.1400966183574879,1,0.34792867020643153,0,0,0
USNM_1606826,CBDDTY010005002.1,207,1,1,0,0,0,0
USNM_1606826,CBDDTY010004619.1,206,1,1,0,0,0,0
USNM_1606826,CBDDTY010003973.1,205,1,1,0,0,0,0
USNM_1606826,CBDDTY010004183.1,204,1,1,0,0,0,0
USNM_1606826,CBDDTY010005414.1,204,1,1,0,23.529411764705884,0,0
USNM_1606826,CBDDTY010004167.1,203,1,1,0,0,0,0
USNM_1606826,CBDDTY010004530.1,203,1,1,0,0,0,0
USNM_1606826,CBDDTY010004919.1,203,1,1,0,0,0,0
USNM_1606826,CBDDTY010004937.1,203,1,1,0,0,0,0
USNM_1606826,CBDDTY010005027.1,203,1.5960591133004927,2,0.4918989637595557,11.538461538461538,0,0
USNM_1606826,CBDDTY010005255.1,203,1,1,0,0,0,0
USNM_1606826,CBDDTY010004830.1,202,1.6237623762376239,2,0.4856443665036314,0,0,0
USNM_1606826,CBDDTY010005109.1,202,1,1,0,0,0,0
USNM_1606826,CBDDTY010005480.1,202,1,1,0,53.84615384615385,0,0
USNM_1606826,CBDDTY010003672.1,201,1.5422885572139304,1,0.7137595787927529,0,0,0
USNM_1606826,CBDDTY010005166.1,201,1,1,0,0,0,0
USNM_1606826,CBDDTY010004277.1,200,1,1,0,0,0,0
USNM_1606826,CBDDTY010004337.1,200,1,1,0,0,0,0
USNM_1606826,CBDDTY010004403.1,200,1,1,0,0,0,0
USNM_1606826,CBDDTY010005117.1,200,1,1,0,0,0,0
USNM_1606826,CBDDTY010004235.1,199,1.5477386934673367,1,0.8018176396997249,3.3333333333333335,0,0
USNM_1606826,CBDDTY010004827.1,199,2.557788944723618,3,0.8500903907246664,19.696363636363635,0,0
USNM_1606826,CBDDTY010004747.1,198,1.2878787878787878,1,0.45392204596353464,0,0,0
USNM_1606826,CBDDTY010005024.1,198,1.1868686868686869,1,0.39079418412312616,0,0,0
USNM_1606826,CBDDTY010005127.1,198,1.2525252525252526,1,0.43556216882595816,0,0,0
USNM_1606826,CBDDTY010004286.1,197,1.4111675126903553,1,0.4932991365519135,0,0,0
USNM_1606826,CBDDTY010004875.1,197,1,1,0,0,0,0
USNM_1606826,CBDDTY010005173.1,196,1,1,0,0,0,0
USNM_1606826,CBDDTY010005247.1,196,1,1,0,37.5,0,0
USNM_1606826,CBDDTY010004666.1,195,1.4923076923076923,1,0.5012276759995861,16.666666666666668,0,0
USNM_1606826,CBDDTY010005408.1,195,1,1,0,0,0,0
USNM_1606826,CBDDTY010004353.1,194,1.1958762886597938,1,0.3979005853324625,0,0,0
USNM_1606826,CBDDTY010004947.1,194,1,1,0,0,0,0
USNM_1606826,CBDDTY010005463.1,193,1,1,0,0,0,0
USNM_1606826,CBDDTY010004971.1,192,1.2447916666666667,1,0.43108770057221796,0,0,0
USNM_1606826,CBDDTY010005261.1,192,1.3333333333333333,1,0.47263695301391295,0,0,0
USNM_1606826,CBDDTY010005110.1,191,1.162303664921466,1,0.3696982153867961,0,0,0
USNM_1606826,CBDDTY010005269.1,191,1.2303664921465969,1,0.4221740371081061,0,0,0
USNM_1606826,CBDDTY010004365.1,190,1.2,1,0.4010568050121589,0,0,0
USNM_1606826,CBDDTY010004390.1,190,1,1,0,0,0,0
USNM_1606826,CBDDTY010003474.1,189,1.164021164021164,1,0.37127829726202255,0,0,0
USNM_1606826,CBDDTY010004330.1,188,1,1,0,0,0,0
USNM_1606826,CBDDTY010005030.1,188,1,1,0,0,0,0
USNM_1606826,CBDDTY010004738.1,187,1,1,0,0,0,0
USNM_1606826,CBDDTY010005564.1,187,1,1,0,0,0,0
USNM_1606826,CBDDTY010004598.1,186,1.6236559139784945,2,0.4857755792516419,9.090909090909092,0,0
USNM_1606826,CBDDTY010004686.1,186,1,1,0,0,0,0
USNM_1606826,CBDDTY010005057.1,186,1.1559139784946237,1,0.36375292047610674,0,0,0
USNM_1606826,CBDDTY010005152.1,186,2.193548387096774,2,0.6699425472120367,0,0,0
USNM_1606826,CBDDTY010005518.1,186,1,1,0,0,0,0
USNM_1606826,CBDDTY010003716.1,185,1,1,0,37.5,0,0
USNM_1606826,CBDDTY010004770.1,185,1,1,0,0,0,0
USNM_1606826,CBDDTY010004832.1,185,1.1513513513513514,1,0.3593635842206675,0,0,0
USNM_1606826,CBDDTY010005326.1,185,1.318918918918919,1,0.46732229698538297,0,0,0
USNM_1606826,CBDDTY010005361.1,185,1.1945945945945946,1,0.3969626159336464,0,0,0
USNM_1606826,CBDDTY010005398.1,184,1.1630434782608696,1,0.3704132653811811,0,0,0
USNM_1606826,CBDDTY010005404.1,183,1,1,0,0,0,0
USNM_1606826,CBDDTY010005101.1,182,1.2032967032967032,1,0.40356164322018323,0,0,0
USNM_1606826,CBDDTY010002618.1,181,1.1823204419889504,1,0.3871794402711648,0,0,0
USNM_1606826,CBDDTY010003908.1,181,1.2099447513812154,1,0.40839863047649505,0,0,0
USNM_1606826,CBDDTY010004323.1,181,1,1,0,0,0,0
USNM_1606826,CBDDTY010003950.1,180,1,1,0,0,0,0
USNM_1606826,CBDDTY010005145.1,180,1,1,0,0,0,0
USNM_1606826,CBDDTY010005513.1,179,1,1,0,0,0,0
USNM_1606826,CBDDTY010004648.1,178,1,1,0,16.666666666666668,0,0
USNM_1606826,CBDDTY010004668.1,178,1,1,0,0,0,0
USNM_1606826,CBDDTY010005199.1,177,1.1073446327683616,1,0.3104290650326607,0,0,0
USNM_1606826,CBDDTY010005517.1,177,1,1,0,0,0,0
USNM_1606826,CBDDTY010003776.1,176,1,1,0,0,0,0
USNM_1606826,CBDDTY010004469.1,176,1,1,0,0,0,0
USNM_1606826,CBDDTY010005530.1,176,1,1,0,0,0,0
USNM_1606826,CBDDTY010004492.1,175,1,1,0,0,0,0
USNM_1606826,CBDDTY010004867.1,175,1.3142857142857143,1,0.4655628512595334,0,0,0
USNM_1606826,CBDDTY010005157.1,175,1.2857142857142858,1,0.4530502351829686,0,0,0
USNM_1606826,CBDDTY010004849.1,174,1.4367816091954022,1,0.49741875742462505,100,0,0
USNM_1606826,CBDDTY010005332.1,174,1.4022988505747127,1,0.491776774279972,0,0,0
USNM_1606826,CBDDTY010003224.1,173,1.0867052023121386,1,0.28221942194672106,0,0,0
USNM_1606826,CBDDTY010004427.1,173,1.1502890173410405,1,0.3583918015596779,3.3333333333333335,0,0
USNM_1606826,CBDDTY010004968.1,173,1,1,0,0,0,0
USNM_1606826,CBDDTY010004693.1,172,1.3662790697674418,1,0.48319367979200895,0,0,0
USNM_1606826,CBDDTY010005286.1,172,1.5174418604651163,1,0.5668610317781292,0,0,0
USNM_1606826,CBDDTY010001945.1,171,1,1,0,0,0,0
USNM_1606826,CBDDTY010005070.1,171,1.590643274853801,1,0.8988392162697989,12.5,0,0
USNM_1606826,CBDDTY010005545.1,171,1,1,0,0,0,0
USNM_1606826,CBDDTY010003967.1,170,2.111764705882353,2,0.7002808844243499,0,0,0
USNM_1606826,CBDDTY010003454.1,168,1,1,0,0,0,0
USNM_1606826,CBDDTY010004960.1,167,1,1,0,0,0,0
USNM_1606826,CBDDTY010002205.1,166,1,1,0,0,0,0
USNM_1606826,CBDDTY010003693.1,166,1.2710843373493976,1,0.4458645318063454,0,0,0
USNM_1606826,CBDDTY010004182.1,166,1,1,0,0,0,0
USNM_1606826,CBDDTY010004592.1,166,1,1,0,0,0,0
USNM_1606826,CBDDTY010004695.1,166,1,1,0,0,0,0
USNM_1606826,CBDDTY010004933.1,166,1,1,0,0,0,0
USNM_1606826,CBDDTY010004974.1,166,1,1,0,0,0,0
USNM_1606826,CBDDTY010003993.1,165,1.3575757575757577,1,0.4807452947592016,0,0,0
USNM_1606826,CBDDTY010004980.1,165,1.387878787878788,1,0.48875000826996173,0,0,0
USNM_1606826,CBDDTY010004162.1,164,1,1,0,0,0,0
USNM_1606826,CBDDTY010004714.1,164,1,1,0,0,0,0
USNM_1606826,CBDDTY010005005.1,164,1.4634146341463414,1,0.5001870067761838,0,0,0
USNM_1606826,CBDDTY010005150.1,164,1,1,0,0,0,0
USNM_1606826,CBDDTY010005288.1,164,1.0853658536585367,1,0.2802811696165086,0,0,0
USNM_1606826,CBDDTY010004190.1,163,1,1,0,0,0,0
USNM_1606826,CBDDTY010004575.1,163,1.1533742331288344,1,0.3614583302638842,0,0,0
USNM_1606826,CBDDTY010004935.1,163,1.3680981595092025,1,0.4837744502351229,0,0,0
USNM_1606826,CBDDTY010003932.1,162,1.2839506172839505,1,0.4523113285325399,16.666666666666668,0,0
USNM_1606826,CBDDTY010004083.1,162,1,1,0,0,0,0
USNM_1606826,CBDDTY010004637.1,162,1,1,0,100,0,0
USNM_1606826,CBDDTY010004706.1,162,1,1,0,0,0,0
USNM_1606826,CBDDTY010004340.1,161,1.84472049689441,2,0.7949764635759675,66.66666666666667,0,0
USNM_1606826,CBDDTY010004360.1,161,1,1,0,11.11111111111111,0,0
USNM_1606826,CBDDTY010005389.1,161,1,1,0,0,0,0
USNM_1606826,CBDDTY010004274.1,160,1.3375,1,0.4743416490252569,0,0,0
USNM_1606826,CBDDTY010005215.1,160,1,1,0,0,0,0
USNM_1606826,CBDDTY010005229.1,160,1,1,0,0,0,0
USNM_1606826,CBDDTY010004134.1,159,1,1,0,0,0,0
USNM_1606826,CBDDTY010005094.1,159,1,1,0,100,0,0
USNM_1606826,CBDDTY010003694.1,158,1,1,0,0,0,0
USNM_1606826,CBDDTY010003926.1,158,1,1,0,0,0,0
USNM_1606826,CBDDTY010004596.1,158,1,1,0,0,0,0
USNM_1606826,CBDDTY010004790.1,158,1.4683544303797469,1,0.5005841947158889,75,0,0
USNM_1606826,CBDDTY010004967.1,158,1,1,0,0,0,0
USNM_1606826,CBDDTY010000171.1,157,1,1,0,0,0,0
USNM_1606826,CBDDTY010004055.1,157,1,1,0,0,0,0
USNM_1606826,CBDDTY010004677.1,157,1,1,0,0,0,0
USNM_1606826,CBDDTY010005230.1,157,1,1,0,0,0,0
USNM_1606826,CBDDTY010005422.1,157,1,1,0,0,0,0
USNM_1606826,CBDDTY010005521.1,157,1,1,0,0,0,0
USNM_1606826,CBDDTY010004932.1,156,1,1,0,0,0,0
USNM_1606826,CBDDTY010005019.1,156,1,1,0,0,0,0
USNM_1606826,CBDDTY010005354.1,156,1,1,0,0,0,0
USNM_1606826,CBDDTY010005089.1,155,1.5290322580645161,2,0.5007744316757723,33.333333333333336,0,0
USNM_1606826,CBDDTY010005295.1,155,1,1,0,3.7037037037037037,0,0
USNM_1606826,CBDDTY010003780.1,152,1,1,0,0,0,0
USNM_1606826,CBDDTY010004202.1,152,1.618421052631579,2,0.4873799465192257,2.9411764705882355,0,0
USNM_1606826,CBDDTY010004621.1,152,1.2960526315789473,1,0.4580236234035074,0,0,0
USNM_1606826,CBDDTY010004887.1,152,1,1,0,0,0,0
USNM_1606826,CBDDTY010004965.1,152,1,1,0,0,0,0
USNM_1606826,CBDDTY010004988.1,152,1.7894736842105263,2,0.4090301717747705,0,0,0
USNM_1606826,CBDDTY010005507.1,152,1,1,0,0,0,0
USNM_1606826,CBDDTY010004652.1,151,2.0463576158940397,2,0.7860258549129358,22.221666666666668,0,0
USNM_1606826,CBDDTY010005170.1,151,1,1,0,0,0,0
USNM_1606826,CBDDTY010002471.1,150,1,1,0,0,0,0
USNM_1606826,CBDDTY010005352.1,150,1.1866666666666668,1,0.39094905462344065,0,0,0
USNM_1606826,CBDDTY010003760.1,149,1,1,0,0,0,0
USNM_1606826,CBDDTY010003851.1,149,1.080536912751678,1,0.27304040200717977,0,0,0
USNM_1606826,CBDDTY010004975.1,148,1.0945945945945945,1,0.2936478949849398,0,0,0
USNM_1606826,CBDDTY010004998.1,148,1,1,0,0,0,0
USNM_1606826,CBDDTY010004450.1,147,1,1,0,0,0,0
USNM_1606826,CBDDTY010004952.1,147,1,1,0,0,0,0
USNM_1606826,CBDDTY010005239.1,147,1,1,0,0,0,0
USNM_1606826,CBDDTY010004639.1,146,1.6369863013698631,1,0.7690579726706529,0,0,0
USNM_1606826,CBDDTY010005020.1,146,1,1,0,0,0,0
USNM_1606826,CBDDTY010002858.1,145,4.620689655172414,5,2.429760406333083,0,0,0
USNM_1606826,CBDDTY010004615.1,145,1.1655172413793105,1,0.3729349269914457,0,0,0
USNM_1606826,CBDDTY010004665.1,145,1,1,0,0,0,0
USNM_1606826,CBDDTY010004843.1,145,1,1,0,0,0,0
USNM_1606826,CBDDTY010003507.1,144,1,1,0,0,0,0
USNM_1606826,CBDDTY010004995.1,144,1,1,0,0,0,0
USNM_1606826,CBDDTY010005000.1,144,1.4583333333333333,1,0.5,0,0,0
USNM_1606826,CBDDTY010005046.1,144,1,1,0,0,0,0
USNM_1606826,CBDDTY010005162.1,144,1,1,0,0,0,0
USNM_1606826,CBDDTY010005303.1,144,1.5347222222222223,2,0.500533902981794,0,0,0
USNM_1606826,CBDDTY010005551.1,144,1.2291666666666667,1,0.4217636961434867,0,0,0
USNM_1606826,CBDDTY010004831.1,143,1,1,0,0,0,0
USNM_1606826,CBDDTY010005007.1,143,1,1,0,50,0,0
USNM_1606826,CBDDTY010005163.1,143,1,1,0,0,0,0
USNM_1606826,CBDDTY010005223.1,143,1.4685314685314685,1,0.500762739414442,0,0,0
USNM_1606826,CBDDTY010004473.1,142,1.3591549295774648,1,0.4814509585326223,0,0,0
USNM_1606826,CBDDTY010004881.1,142,1,1,0,0,0,0
USNM_1606826,CBDDTY010005034.1,142,1.0422535211267605,1,0.20187909578199242,0,0,0
USNM_1606826,CBDDTY010005322.1,141,1,1,0,0,0,0
USNM_1606826,CBDDTY010005451.1,141,1.297872340425532,1,0.4589534811637672,0,0,0
USNM_1606826,CBDDTY010005088.1,140,1.0714285714285714,1,0.2584641172333697,0,0,0
USNM_1606826,CBDDTY010005091.1,140,1,1,0,NA,0,0
USNM_1606826,CBDDTY010004185.1,139,1,1,0,0,0,0
USNM_1606826,CBDDTY010004317.1,139,1,1,0,0,0,0
USNM_1606826,CBDDTY010004877.1,139,1.2302158273381294,1,0.4224934055327901,0,0,0
USNM_1606826,CBDDTY010004108.1,138,1,1,0,0,0,0
USNM_1606826,CBDDTY010004921.1,137,1.2846715328467153,1,0.4529138521755391,0,0,0
USNM_1606826,CBDDTY010004022.1,136,1,1,0,0,0,0
USNM_1606826,CBDDTY010004035.1,136,1,1,0,0,0,0
USNM_1606826,CBDDTY010004180.1,136,1.8676470588235294,2,0.34012685061577236,0,0,0
USNM_1606826,CBDDTY010004856.1,136,1,1,0,0,0,0
USNM_1606826,CBDDTY010003711.1,134,1,1,0,0,0,0
USNM_1606826,CBDDTY010003918.1,134,1,1,0,0,0,0
USNM_1606826,CBDDTY010004438.1,134,1,1,0,0,0,0
USNM_1606826,CBDDTY010004674.1,134,1,1,0,0,0,0
USNM_1606826,CBDDTY010004715.1,134,1.2164179104477613,1,0.4133476080617109,0,0,0
USNM_1606826,CBDDTY010005504.1,134,1,1,0,50,0,0
USNM_1606826,CBDDTY010004520.1,133,1,1,0,12.5,0,0
USNM_1606826,CBDDTY010005081.1,133,1,1,0,0,0,0
USNM_1606826,CBDDTY010003503.1,132,1,1,0,0,0,0
USNM_1606826,CBDDTY010005520.1,132,1,1,0,0,0,0
USNM_1606826,CBDDTY010004057.1,131,1,1,0,0,0,0
USNM_1606826,CBDDTY010004647.1,131,1.6564885496183206,2,0.6991312451498669,0,0,0
USNM_1606826,CBDDTY010004807.1,131,1.4274809160305344,1,0.49661212772367064,0,0,0
USNM_1606826,CBDDTY010005083.1,131,1,1,0,0,0,0
USNM_1606826,CBDDTY010004269.1,130,1,1,0,0,0,0
USNM_1606826,CBDDTY010004457.1,130,1.323076923076923,1,0.5598364187353276,9.090909090909092,0,0
USNM_1606826,CBDDTY010005074.1,130,1,1,0,0,0,0
USNM_1606826,CBDDTY010004711.1,129,1,1,0,0,0,0
USNM_1606826,CBDDTY010004199.1,128,1,1,0,0,0,0
USNM_1606826,CBDDTY010005102.1,128,1,1,0,0,0,0
USNM_1606826,CBDDTY010004499.1,127,1,1,0,0,0,0
USNM_1606826,CBDDTY010005093.1,127,1,1,0,0,0,0
USNM_1606826,CBDDTY010004114.1,126,1.6349206349206349,2,0.4833743824933151,65,0,0
USNM_1606826,CBDDTY010004631.1,126,1.3412698412698412,1,0.47602854389539984,0,0,0
USNM_1606826,CBDDTY010004765.1,126,1,1,0,0,0,0
USNM_1606826,CBDDTY010005500.1,126,1.9126984126984128,2,0.6814084386896454,11.11,0,0
USNM_1606826,CBDDTY010001910.1,125,1,1,0,0,0,0
USNM_1606826,CBDDTY010004216.1,124,1,1,0,0,0,0
USNM_1606826,CBDDTY010004926.1,124,1,1,0,0,0,0
USNM_1606826,CBDDTY010005432.1,124,1,1,0,0,0,0
USNM_1606826,CBDDTY010004043.1,123,1,1,0,0,0,0
USNM_1606826,CBDDTY010004628.1,122,1.1229508196721312,1,0.3297349010937765,0,0,0
USNM_1606826,CBDDTY010004816.1,122,1,1,0,0,0,0
USNM_1606826,CBDDTY010004966.1,122,1,1,0,0,0,0
USNM_1606826,CBDDTY010005378.1,121,1,1,0,NA,0,0
USNM_1606826,CBDDTY010003867.1,120,2.3,2,0.6933053215629915,51.39,0,0
USNM_1606826,CBDDTY010004451.1,120,1,1,0,0,0,0
USNM_1606826,CBDDTY010004272.1,119,1,1,0,0,0,0
USNM_1606826,CBDDTY010005033.1,119,1,1,0,0,0,0
USNM_1606826,CBDDTY010005129.1,119,1,1,0,0,0,0
USNM_1606826,CBDDTY010005443.1,119,1.7394957983193278,2,0.4407656065273815,30,0,0
USNM_1606826,CBDDTY010005561.1,119,1,1,0,0,0,0
USNM_1606826,CBDDTY010004443.1,118,1,1,0,0,0,0
USNM_1606826,CBDDTY010004939.1,118,1,1,0,0,0,0
USNM_1606826,CBDDTY010004306.1,117,1,1,0,0,0,0
USNM_1606826,CBDDTY010004397.1,117,1,1,0,0,0,0
USNM_1606826,CBDDTY010004858.1,117,1,1,0,0,0,0
USNM_1606826,CBDDTY010004031.1,116,1.2758620689655173,1,0.448886678767384,0,0,0
USNM_1606826,CBDDTY010004033.1,116,1,1,0,0,0,0
USNM_1606826,CBDDTY010004606.1,116,1,1,0,0,0,0
USNM_1606826,CBDDTY010005371.1,116,1,1,0,0,0,0
USNM_1606826,CBDDTY010005435.1,116,1.2327586206896552,1,0.4244230584378435,50,0,0
USNM_1606826,CBDDTY010004191.1,112,1,1,0,0,0,0
USNM_1606826,CBDDTY010004142.1,111,1.4594594594594594,1,0.5006138737732412,0,0,0
USNM_1606826,CBDDTY010004661.1,110,1,1,0,100,0,0
USNM_1606826,CBDDTY010004999.1,110,1,1,0,0,0,0
USNM_1606826,CBDDTY010005065.1,110,1.3727272727272728,1,0.4857433707063374,0,0,0
USNM_1606826,CBDDTY010005370.1,110,1,1,0,0,0,0
USNM_1606826,CBDDTY010004577.1,109,1.2935779816513762,1,0.4575043471474905,0,0,0
USNM_1606826,CBDDTY010004987.1,109,1.4862385321100917,1,0.5021191923401692,0,0,0
USNM_1606826,CBDDTY010005528.1,109,1,1,0,0,0,0
USNM_1606826,CBDDTY010003517.1,108,1,1,0,16.27906976744186,0,0
USNM_1606826,CBDDTY010004580.1,108,1,1,0,0,0,0
USNM_1606826,CBDDTY010004667.1,108,1,1,0,0,0,0
USNM_1606826,CBDDTY010004709.1,108,1,1,0,0,0,0
USNM_1606826,CBDDTY010004813.1,108,1,1,0,0,0,0
USNM_1606826,CBDDTY010004996.1,108,2.074074074074074,2,0.591271459134453,0,0,0
USNM_1606826,CBDDTY010005253.1,108,1,1,0,0,0,0
USNM_1606826,CBDDTY010005465.1,107,1,1,0,0,0,0
USNM_1606826,CBDDTY010004011.1,106,1,1,0,0,0,0
USNM_1606826,CBDDTY010004707.1,106,1,1,0,57.142857142857146,0,0
USNM_1606826,CBDDTY010005367.1,106,1,1,0,0,0,0
USNM_1606826,CBDDTY010005390.1,106,1,1,0,0,0,0
USNM_1606826,CBDDTY010003855.1,105,1,1,0,0,0,0
USNM_1606826,CBDDTY010003989.1,105,1,1,0,0,0,0
USNM_1606826,CBDDTY010004351.1,105,1,1,0,0,0,0
USNM_1606826,CBDDTY010004618.1,105,1.0857142857142856,1,0.28128433856309726,0,0,0
USNM_1606826,CBDDTY010004740.1,104,1,1,0,0,0,0
USNM_1606826,CBDDTY010005394.1,104,1,1,0,0,0,0
USNM_1606826,CBDDTY010002601.1,103,1,1,0,0,0,0
USNM_1606826,CBDDTY010004066.1,102,1,1,0,0,0,0
USNM_1606826,CBDDTY010004160.1,102,1,1,0,0,0,0
USNM_1606826,CBDDTY010003837.1,101,1,1,0,0,0,0
USNM_1606826,CBDDTY010004384.1,101,1,1,0,0,0,0
USNM_1606826,CBDDTY010004698.1,101,1,1,0,NA,0,0
USNM_1606826,CBDDTY010005143.1,100,1,1,0,0,0,0
USNM_1606826,CBDDTY010005128.1,99,1,1,0,0,0,0
USNM_1606826,CBDDTY010005359.1,99,1,1,0,0,0,0
USNM_1606826,CBDDTY010004806.1,98,1,1,0,64.28571428571429,0,0
USNM_1606826,CBDDTY010005396.1,98,1,1,0,0,0,0
USNM_1606826,CBDDTY010005499.1,97,1,1,0,0,0,0
USNM_1606826,CBDDTY010004766.1,96,1.59375,2,0.49371044145328746,16.666666666666668,0,0
USNM_1606826,CBDDTY010004880.1,96,1,1,0,0,0,0
USNM_1606826,CBDDTY010005282.1,96,1,1,0,8.333333333333334,0,0
USNM_1606826,CBDDTY010005309.1,96,1,1,0,0,0,0
USNM_1606826,CBDDTY010004563.1,95,1,1,0,0,0,0
USNM_1606826,CBDDTY010002457.1,94,1,1,0,0,0,0
USNM_1606826,CBDDTY010004399.1,94,1,1,0,0,0,0
USNM_1606826,CBDDTY010005257.1,94,1,1,0,0,0,0
USNM_1606826,CBDDTY010005293.1,94,1.7340425531914894,2,0.44421083618813206,100,0,0
USNM_1606826,CBDDTY010005556.1,94,1,1,0,0,0,0
USNM_1606826,CBDDTY010005372.1,93,1,1,0,0,0,0
USNM_1606826,CBDDTY010005557.1,93,1,1,0,0,0,0
USNM_1606826,CBDDTY010004814.1,91,1,1,0,0,0,0
USNM_1606826,CBDDTY010004878.1,91,1.3626373626373627,1,0.483424899751382,0,0,0
USNM_1606826,CBDDTY010005203.1,91,1,1,0,0,0,0
USNM_1606826,CBDDTY010005305.1,91,1,1,0,0,0,0
USNM_1606826,CBDDTY010004238.1,90,1,1,0,0,0,0
USNM_1606826,CBDDTY010005563.1,90,1,1,0,100,0,0
USNM_1606826,CBDDTY010004664.1,89,1,1,0,0,0,0
USNM_1606826,CBDDTY010005268.1,89,1,1,0,NA,0,0
USNM_1606826,CBDDTY010003830.1,88,1,1,0,16.666666666666668,0,0
USNM_1606826,CBDDTY010003859.1,88,1,1,0,0,0,0
USNM_1606826,CBDDTY010004104.1,88,1.5568181818181819,2,0.49960799680371354,0,0,0
USNM_1606826,CBDDTY010004891.1,88,1,1,0,0,0,0
USNM_1606826,CBDDTY010005335.1,88,1,1,0,0,0,0
USNM_1606826,CBDDTY010005232.1,87,1,1,0,0,0,0
USNM_1606826,CBDDTY010004610.1,86,1,1,0,0,0,0
USNM_1606826,CBDDTY010005180.1,86,1,1,0,0,0,0
USNM_1606826,CBDDTY010005076.1,85,1.1058823529411765,1,0.3095130357961213,0,0,0
USNM_1606826,CBDDTY010004687.1,84,1,1,0,0,0,0
USNM_1606826,CBDDTY010004769.1,84,1,1,0,0,0,0
USNM_1606826,CBDDTY010003425.1,83,1,1,0,0,0,0
USNM_1606826,CBDDTY010003575.1,83,1,1,0,NA,0,0
USNM_1606826,CBDDTY010003657.1,83,1,1,0,0,0,0
USNM_1606826,CBDDTY010003876.1,83,1,1,0,0,0,0
USNM_1606826,CBDDTY010003655.1,82,1,1,0,0,0,0
USNM_1606826,CBDDTY010003435.1,81,1,1,0,33.333333333333336,0,0
USNM_1606826,CBDDTY010005386.1,81,1,1,0,0,0,0
USNM_1606826,CBDDTY010003117.1,80,1,1,0,0,0,0
USNM_1606826,CBDDTY010004242.1,80,1,1,0,0,0,0
USNM_1606826,CBDDTY010005339.1,80,1,1,0,0,0,0
USNM_1606826,CBDDTY010005425.1,80,1,1,0,0,0,0
USNM_1606826,CBDDTY010005503.1,80,1,1,0,0,0,0
USNM_1606826,CBDDTY010005565.1,80,1,1,0,0,0,0
USNM_1606826,CBDDTY010004635.1,79,1,1,0,0,0,0
USNM_1606826,CBDDTY010004837.1,79,1,1,0,0,0,0
USNM_1606826,CBDDTY010004844.1,79,1,1,0,0,0,0
USNM_1606826,CBDDTY010005032.1,79,1,1,0,0,0,0
USNM_1606826,CBDDTY010003317.1,78,1,1,0,0,0,0
USNM_1606826,CBDDTY010004028.1,78,1,1,0,0,0,0
USNM_1606826,CBDDTY010004333.1,78,1,1,0,0,0,0
USNM_1606826,CBDDTY010004989.1,78,1.6666666666666667,2,0.47445571459117775,0,0,0
USNM_1606826,CBDDTY010004774.1,77,1,1,0,0,0,0
USNM_1606826,CBDDTY010005189.1,77,1,1,0,0,0,0
USNM_1606826,CBDDTY010004282.1,76,1,1,0,0,0,0
USNM_1606826,CBDDTY010004605.1,76,1,1,0,0,0,0
USNM_1606826,CBDDTY010004818.1,76,1,1,0,0,0,0
USNM_1606826,CBDDTY010004461.1,75,1,1,0,0,0,0
USNM_1606826,CBDDTY010004879.1,75,1,1,0,0,0,0
USNM_1606826,CBDDTY010004904.1,75,1,1,0,0,0,0
USNM_1606826,CBDDTY010005562.1,75,1,1,0,0,0,0
USNM_1606826,CBDDTY010004254.1,74,1,1,0,0,0,0
USNM_1606826,CBDDTY010005314.1,74,1,1,0,NA,0,0
USNM_1606826,CBDDTY010004164.1,73,1,1,0,0,0,0
USNM_1606826,CBDDTY010004287.1,73,1.36986301369863,1,0.4861083931213425,0,0,0
USNM_1606826,CBDDTY010004560.1,73,1,1,0,0,0,0
USNM_1606826,CBDDTY010004822.1,73,1,1,0,0,0,0
USNM_1606826,CBDDTY010005012.1,73,1,1,0,0,0,0
USNM_1606826,CBDDTY010005365.1,73,1.4383561643835616,1,0.4996193375923262,0,0,0
USNM_1606826,CBDDTY010004801.1,72,1.4444444444444444,1,0.5003910833605344,0,0,0
USNM_1606826,CBDDTY010004117.1,71,1,1,0,0,0,0
USNM_1606826,CBDDTY010004423.1,71,1.7183098591549295,2,0.4530247105070317,0,0,0
USNM_1606826,CBDDTY010004642.1,71,1,1,0,0,0,0
USNM_1606826,CBDDTY010005156.1,71,1,1,0,0,0,0
USNM_1606826,CBDDTY010005494.1,71,1,1,0,0,0,0
USNM_1606826,CBDDTY010005536.1,71,1,1,0,0,0,0
USNM_1606826,CBDDTY010005197.1,70,1,1,0,0,0,0
USNM_1606826,CBDDTY010004915.1,69,1,1,0,0,0,0
USNM_1606826,CBDDTY010004938.1,69,1,1,0,0,0,0
USNM_1606826,CBDDTY010003779.1,68,1.2352941176470589,1,0.42733631967589086,0,0,0
USNM_1606826,CBDDTY010004163.1,68,1,1,0,NA,0,0
USNM_1606826,CBDDTY010005243.1,68,1,1,0,20,0,0
USNM_1606826,CBDDTY010005248.1,68,1,1,0,0,0,0
USNM_1606826,CBDDTY010003956.1,67,1,1,0,0,0,0
USNM_1606826,CBDDTY010004428.1,67,1,1,0,0,0,0
USNM_1606826,CBDDTY010004640.1,67,1,1,0,0,0,0
USNM_1606826,CBDDTY010005278.1,67,1,1,0,100,0,0
USNM_1606826,CBDDTY010005438.1,67,1.3880597014925373,1,0.49098614066093726,0,0,0
USNM_1606826,CBDDTY010005481.1,67,1.373134328358209,1,0.4872875106609372,0,0,0
USNM_1606826,CBDDTY010005512.1,67,1,1,0,0,0,0
USNM_1606826,CBDDTY010003941.1,66,1,1,0,0,0,0
USNM_1606826,CBDDTY010004484.1,66,1,1,0,0,0,0
USNM_1606826,CBDDTY010004796.1,66,1,1,0,0,0,0
USNM_1606826,CBDDTY010004645.1,65,1,1,0,0,0,0
USNM_1606826,CBDDTY010005025.1,65,1,1,0,0,0,0
USNM_1606826,CBDDTY010003609.1,64,1,1,0,100,0,0
USNM_1606826,CBDDTY010004412.1,64,1,1,0,8.333333333333334,0,0
USNM_1606826,CBDDTY010004983.1,64,1,1,0,0,0,0
USNM_1606826,CBDDTY010005296.1,64,1,1,0,100,0,0
USNM_1606826,CBDDTY010003734.1,63,1,1,0,NA,0,0
USNM_1606826,CBDDTY010004264.1,63,1,1,0,0,0,0
USNM_1606826,CBDDTY010004683.1,63,1,1,0,0,0,0
USNM_1606826,CBDDTY010004776.1,63,1,1,0,0,0,0
USNM_1606826,CBDDTY010004929.1,63,1,1,0,0,0,0
USNM_1606826,CBDDTY010005304.1,63,1,1,0,0,0,0
USNM_1606826,CBDDTY010005319.1,63,1,1,0,0,0,0
USNM_1606826,CBDDTY010005421.1,63,1,1,0,33.333333333333336,0,0
USNM_1606826,CBDDTY010005540.1,63,1,1,0,0,0,0
USNM_1606826,CBDDTY010005095.1,62,1,1,0,NA,0,0
USNM_1606826,CBDDTY010005154.1,62,1,1,0,0,0,0
USNM_1606826,CBDDTY010003727.1,61,1,1,0,0,0,0
USNM_1606826,CBDDTY010005067.1,61,1,1,0,0,0,0
USNM_1606826,CBDDTY010004792.1,60,1,1,0,0,0,0
USNM_1606826,CBDDTY010005245.1,60,1,1,0,0,0,0
USNM_1606826,CBDDTY010004416.1,59,1,1,0,0,0,0
USNM_1606826,CBDDTY010004718.1,59,1,1,0,0,0,0
USNM_1606826,CBDDTY010004721.1,59,1,1,0,0,0,0
USNM_1606826,CBDDTY010004757.1,59,1,1,0,0,0,0
USNM_1606826,CBDDTY010004961.1,59,1,1,0,0,0,0
USNM_1606826,CBDDTY010005041.1,59,1,1,0,NA,0,0
USNM_1606826,CBDDTY010003863.1,58,1,1,0,0,0,0
USNM_1606826,CBDDTY010004228.1,58,1,1,0,0,0,0
USNM_1606826,CBDDTY010004732.1,58,1,1,0,0,0,0
USNM_1606826,CBDDTY010004744.1,58,1,1,0,0,0,0
USNM_1606826,CBDDTY010005066.1,58,1,1,0,0,0,0
USNM_1606826,CBDDTY010005096.1,58,1,1,0,0,0,0
USNM_1606826,CBDDTY010005525.1,58,1,1,0,0,0,0
USNM_1606826,CBDDTY010003795.1,57,1,1,0,0,0,0
USNM_1606826,CBDDTY010003911.1,57,1,1,0,0,0,0
USNM_1606826,CBDDTY010004675.1,57,1,1,0,0,0,0
USNM_1606826,CBDDTY010004229.1,56,1,1,0,0,0,0
USNM_1606826,CBDDTY010004829.1,56,1,1,0,0,0,0
USNM_1606826,CBDDTY010005174.1,56,1,1,0,0,0,0
USNM_1606826,CBDDTY010005429.1,56,1,1,0,NA,0,0
USNM_1606826,CBDDTY010004539.1,55,1,1,0,NA,0,0
USNM_1606826,CBDDTY010004565.1,55,1,1,0,0,0,0
USNM_1606826,CBDDTY010004672.1,54,1.462962962962963,1,0.5033084115062474,0,0,0
USNM_1606826,CBDDTY010005136.1,54,1,1,0,NA,0,0
USNM_1606826,CBDDTY010005213.1,54,1,1,0,0,0,0
USNM_1606826,CBDDTY010000084.1,53,1,1,0,0,0,0
USNM_1606826,CBDDTY010003680.1,53,1,1,0,0,0,0
USNM_1606826,CBDDTY010004573.1,53,1,1,0,0,0,0
USNM_1606826,CBDDTY010004930.1,53,1,1,0,0,0,0
USNM_1606826,CBDDTY010004483.1,52,1,1,0,0,0,0
USNM_1606826,CBDDTY010004912.1,52,1,1,0,0,0,0
USNM_1606826,CBDDTY010005340.1,52,1,1,0,33.333333333333336,0,0
USNM_1606826,CBDDTY010004110.1,51,1.196078431372549,1,0.4009791936316524,0,0,0
USNM_1606826,CBDDTY010004211.1,51,1,1,0,0,0,0
USNM_1606826,CBDDTY010004336.1,51,1,1,0,0,0,0
USNM_1606826,CBDDTY010000069.1,50,1,1,0,0,0,0
USNM_1606826,CBDDTY010004276.1,50,1,1,0,0,0,0
USNM_1606826,CBDDTY010005495.1,50,1,1,0,0,0,0
USNM_1606826,CBDDTY010004115.1,49,1,1,0,0,0,0
USNM_1606826,CBDDTY010005311.1,49,1,1,0,0,0,0
USNM_1606826,CBDDTY010004959.1,48,1,1,0,0,0,0
USNM_1606826,CBDDTY010005186.1,48,1,1,0,0,0,0
USNM_1606826,CBDDTY010002322.1,47,1,1,0,0,0,0
USNM_1606826,CBDDTY010004737.1,47,1,1,0,0,0,0
USNM_1606826,CBDDTY010004772.1,45,1,1,0,0,0,0
USNM_1606826,CBDDTY010005075.1,45,1,1,0,100,0,0
USNM_1606826,CBDDTY010005320.1,45,1,1,0,0,0,0
USNM_1606826,CBDDTY010005393.1,45,1,1,0,0,0,0
USNM_1606826,CBDDTY010005505.1,45,1,1,0,0,0,0
USNM_1606826,CBDDTY010004964.1,44,1,1,0,NA,0,0
USNM_1606826,CBDDTY010005126.1,44,1.7727272727272727,2,0.4239151057857213,0,0,0
USNM_1606826,CBDDTY010005375.1,44,1,1,0,0,0,0
USNM_1606826,CBDDTY010004116.1,43,1,1,0,0,0,0
USNM_1606826,CBDDTY010004751.1,43,1,1,0,NA,0,0
USNM_1606826,CBDDTY010005182.1,43,1,1,0,0,0,0
USNM_1606826,CBDDTY010003624.1,42,1,1,0,0,0,0
USNM_1606826,CBDDTY010003971.1,41,1,1,0,0,0,0
USNM_1606826,CBDDTY010004812.1,41,1,1,0,0,0,0
USNM_1606826,CBDDTY010005347.1,41,1,1,0,66.66666666666667,0,0
USNM_1606826,CBDDTY010005506.1,41,1,1,0,0,0,0
USNM_1606826,CBDDTY010004454.1,40,1,1,0,0,0,0
USNM_1606826,CBDDTY010004662.1,40,1,1,0,0,0,0
USNM_1606826,CBDDTY010005098.1,40,1,1,0,NA,0,0
USNM_1606826,CBDDTY010005343.1,40,1,1,0,0,0,0
USNM_1606826,CBDDTY010005483.1,40,1,1,0,0,0,0
USNM_1606826,CBDDTY010004220.1,39,1,1,0,0,0,0
USNM_1606826,CBDDTY010005526.1,39,1,1,0,0,0,0
USNM_1606826,CBDDTY010000157.1,37,1,1,0,0,0,0
USNM_1606826,CBDDTY010004845.1,37,1,1,0,0,0,0
USNM_1606826,CBDDTY010004717.1,35,1,1,0,0,0,0
USNM_1606826,CBDDTY010004924.1,35,1,1,0,0,0,0
USNM_1606826,CBDDTY010005328.1,35,1,1,0,66.66666666666667,0,0
USNM_1606826,CBDDTY010004133.1,34,1,1,0,0,0,0
USNM_1606826,CBDDTY010004253.1,34,1,1,0,NA,0,0
USNM_1606826,CBDDTY010004871.1,34,1,1,0,0,0,0
USNM_1606826,CBDDTY010004972.1,34,1,1,0,0,0,0
USNM_1606826,CBDDTY010005274.1,34,1,1,0,0,0,0
USNM_1606826,CBDDTY010005346.1,33,1,1,0,0,0,0
USNM_1606826,CBDDTY010005291.1,32,1,1,0,0,0,0
USNM_1606826,CBDDTY010003808.1,30,1,1,0,0,0,0
USNM_1606826,CBDDTY010004587.1,28,1,1,0,0,0,0
USNM_1606826,CBDDTY010004753.1,28,1,1,0,0,0,0
USNM_1606826,CBDDTY010005061.1,28,1,1,0,0,0,0
USNM_1606826,CBDDTY010005403.1,28,1,1,0,NA,0,0
USNM_1606826,CBDDTY010004208.1,27,1,1,0,0,0,0
USNM_1606826,CBDDTY010004727.1,27,1,1,0,0,0,0
USNM_1606826,CBDDTY010005015.1,27,1,1,0,0,0,0
USNM_1606826,CBDDTY010002609.1,26,1,1,0,0,0,0
USNM_1606826,CBDDTY010004192.1,26,1,1,0,0,0,0
USNM_1606826,CBDDTY010004343.1,26,1.8461538461538463,2,0.36794648440311994,0,0,0
USNM_1606826,CBDDTY010005452.1,26,1,1,0,NA,0,0
USNM_1606826,CBDDTY010003954.1,25,1,1,0,0,0,0
USNM_1606826,CBDDTY010005440.1,25,1,1,0,100,0,0
USNM_1606826,CBDDTY010005413.1,24,1,1,0,NA,0,0
USNM_1606826,CBDDTY010004344.1,23,1,1,0,0,0,0
USNM_1606826,CBDDTY010004356.1,23,1,1,0,0,0,0
USNM_1606826,CBDDTY010004808.1,23,1,1,0,0,0,0
USNM_1606826,CBDDTY010003677.1,22,1,1,0,0,0,0
USNM_1606826,CBDDTY010004958.1,22,1,1,0,NA,0,0
USNM_1606826,CBDDTY010004697.1,21,1,1,0,0,0,0
USNM_1606826,CBDDTY010005131.1,21,1,1,0,0,0,0
USNM_1606826,CBDDTY010005060.1,19,1,1,0,NA,0,0
USNM_1606826,CBDDTY010005251.1,16,1,1,0,0,0,0
USNM_1606826,CBDDTY010005252.1,16,1,1,0,NA,0,0
USNM_1606826,CBDDTY010003702.1,12,1,1,0,NA,0,0
USNM_1606826,CBDDTY010003930.1,5,1,1,0,0,0,0
