specimen_id,chrom,n_positions,mean_coverage,median_coverage,sd_coverage,mean_methylation_5mC,positions_10x,pct_positions_10x
USNM_50368,OZ247652.1,1820922,1.1091342737360523,1,0.46141755117071337,5.737186490500175,425,0.023339824550420062
USNM_50368,OZ247653.1,1519274,1.0659045043882802,1,0.30933475400942906,2.9954530025544446,60,0.003949254709815346
USNM_50368,OZ247654.1,1439603,1.0801943313538525,1,0.462749145557923,2.580140901115995,458,0.031814326588649786
USNM_50368,OZ247656.1,807187,1.071624047463599,1,0.3281412853692074,3.0515887002293614,25,0.0030971757473794792
USNM_50368,OZ247655.1,694463,1.149164174333262,1,0.9878165754927862,4.648944416701879,1254,0.1805711751382003
USNM_50368,OZ247661.1,606568,1.1286995027762756,1,0.5747388260355896,2.6209690905047807,339,0.055888210390261275
USNM_50368,OZ247657.1,602463,1.0621365959403315,1,0.29924474595194683,3.3394761705039624,8,0.001327882376179118
USNM_50368,OZ247658.1,546988,1.0632938931018596,1,0.2777050922479367,3.4986438667828446,0,0
USNM_50368,OZ247662.1,488149,1.0640460187360827,1,0.2868122229610515,3.695332985758582,0,0
USNM_50368,OZ247665.1,481702,1.066746660798585,1,0.2840361281229158,4.219165353046693,0,0
USNM_50368,OZ247663.1,471941,1.1018453577883676,1,0.4294973188949642,3.4349203825875,1,2.1189089314130365e-4
USNM_50368,OZ247664.1,459398,1.0578561508757112,1,0.2882531517351132,3.341052379746123,19,0.004135847348051145
USNM_50368,OZ247666.1,444109,1.0749703338594805,1,0.36139979631996005,4.202002654867257,27,0.0060795885694728095
USNM_50368,OZ247660.1,443936,1.070237601816478,1,0.41898185208248534,3.670107620709715,255,0.05744071217472789
USNM_50368,OZ247668.1,398400,1.0683258032128513,1,0.29892374157714496,4.055290501685505,0,0
USNM_50368,OZ247659.1,389514,1.0897503042252654,1,1.9428723936962204,4.372521476187203,131,0.03363165380448456
USNM_50368,OZ247667.1,381584,1.0612394649670847,1,0.2816277955217672,4.553063879993258,0,0
USNM_50368,CBDDTY010000010.1,36706,1.0871792077589495,1,0.34239262210790045,3.7380964285714287,0,0
USNM_50368,CBDDTY010000018.1,35834,1.086007702182285,1,0.3725326465006704,2.640907479617157,0,0
USNM_50368,CBDDTY010000019.1,28545,1.0608512874408829,1,0.3047699383251669,0.44557606619987267,0,0
USNM_50368,CBDDTY010000029.1,24371,1.331787780558861,1,0.9233479076112044,7.907903763696998,60,0.24619424726108902
USNM_50368,CBDDTY010000001.1,24309,1.0710847834135506,1,0.31192928759838084,9.081967213114755,0,0
USNM_50368,CBDDTY010000020.1,22306,1.0725365372545503,1,0.2788708042716222,2.6387252619324797,0,0
USNM_50368,CBDDTY010000025.1,21048,1.092027746104143,1,0.33689110589021426,3.679649350649351,0,0
USNM_50368,CBDDTY010000022.1,19725,1.0803548795944233,1,0.2947555449242293,2.246928422515636,0,0
USNM_50368,CBDDTY010000116.1,19705,2.0185232174574983,2,1.1946694227782326,1.4011725663716814,0,0
USNM_50368,CBDDTY010000023.1,19104,1.6438442211055277,1,2.2485079254759657,22.624274458305976,272,1.4237855946398659
USNM_50368,CBDDTY010000011.1,15596,1.1726724801231085,1,0.4835208725375219,4.912417138237672,0,0
USNM_50368,CBDDTY010000036.1,15429,1.066044461727915,1,0.2795535040411377,2.0671834625322996,0,0
USNM_50368,CBDDTY010000028.1,14551,1.2502920761459693,1,0.7671268419639655,0.5747126436781609,8,0.05497903924128926
USNM_50368,CBDDTY010000015.1,13591,1.0994040173644324,1,0.3397511503878882,4.463155430711611,0,0
USNM_50368,CBDDTY010000035.1,13415,1.058218412225121,1,0.2447497634347585,5.051615044247788,0,0
USNM_50368,CBDDTY010000031.1,12789,1.0882789897568224,1,0.3538665531283499,2.420399610136452,0,0
USNM_50368,OZ247669.1,12710,3.14948859166011,3,1.6669308812593404,0.5563215258855586,12,0.0944138473642801
USNM_50368,CBDDTY010001809.1,11901,2.170237795143265,2,1.5970323904209833,0.3146243042671614,38,0.3193008990841106
USNM_50368,CBDDTY010000034.1,10929,1.4071735748924878,1,1.3658295145391597,8.348979007633588,59,0.5398481105316132
USNM_50368,CBDDTY010000027.1,10540,1.0511385199240986,1,0.23568944592791116,4.6912114014251785,0,0
USNM_50368,CBDDTY010000042.1,9924,1.0547158403869408,1,0.23441855885284743,3.4153005464480874,0,0
USNM_50368,CBDDTY010000046.1,8561,1.1505665226024997,1,0.47935409135887996,3.423114478114478,0,0
USNM_50368,CBDDTY010000032.1,7666,1.035742238455518,1,0.18565890019833572,3.3444816053511706,0,0
USNM_50368,CBDDTY010000039.1,7592,1.0451791359325606,1,0.20771053027896103,7.590132827324478,0,0
USNM_50368,CBDDTY010000026.1,7292,1.1028524410312672,1,0.3387919086633328,12.190082644628099,0,0
USNM_50368,CBDDTY010000055.1,6855,1.1576951130561635,1,0.46476860946316484,8.423326133909287,0,0
USNM_50368,CBDDTY010000048.1,6085,1.058011503697617,1,0.2660131103612748,3.0364372469635628,0,0
USNM_50368,CBDDTY010000056.1,5823,1.1243345354628198,1,0.3834388945241365,4.511278195488722,0,0
USNM_50368,CBDDTY010000002.1,5414,1.162541558921315,1,0.47337447864748267,0.9916018306636155,0,0
USNM_50368,CBDDTY010000045.1,5126,1.1145142411236832,1,0.5226163337334145,1.9358669833729216,0,0
USNM_50368,CBDDTY010000038.1,4943,1.0412704835120372,1,0.19893525836856074,6.182795698924731,0,0
USNM_50368,CBDDTY010000049.1,4841,1.0774633340218962,1,0.30149464098337125,1.3303769401330376,0,0
USNM_50368,CBDDTY010000044.1,4827,1.0764449968924799,1,0.2801603191447079,2.4566473988439306,0,0
USNM_50368,CBDDTY010000051.1,4594,1.0535481062255114,1,0.2346192517869378,2.2796352583586628,0,0
USNM_50368,CBDDTY010000060.1,4549,1.0622114750494613,1,0.278752936794482,2.2641509433962264,0,0
USNM_50368,CBDDTY010000043.1,4409,1.1286005897028806,1,0.41470351774639086,3.1626506024096384,0,0
USNM_50368,CBDDTY010000076.1,4398,1.06093678944975,1,0.23924153350723526,0,0,0
USNM_50368,CBDDTY010000053.1,4327,1.0734920268084123,1,0.2806066077306615,1.6034985422740524,0,0
USNM_50368,CBDDTY010000062.1,4166,1.1634661545847336,1,0.5063058660006319,3.1130172413793105,0,0
USNM_50368,CBDDTY010000014.1,4121,1.078136374666343,1,0.3157823107857742,1.7241379310344827,0,0
USNM_50368,CBDDTY010000072.1,4114,1.074623237724842,1,0.2850052213163842,3.1746031746031744,0,0
USNM_50368,CBDDTY010000100.1,4058,1.027353376047314,1,0.16313101087494863,6.612903225806452,0,0
USNM_50368,CBDDTY010000141.1,4020,3.5582089552238805,1,4.848882796104705,0.8597058823529412,380,9.45273631840796
USNM_50368,CBDDTY010000067.1,4015,1.0465753424657533,1,0.21075374905357094,1.5432098765432098,0,0
USNM_50368,CBDDTY010000006.1,4000,1.09275,1,0.3165003643286292,2.536231884057971,0,0
USNM_50368,CBDDTY010000050.1,3962,1.0421504290762242,1,0.20095761550022462,2.26537216828479,0,0
USNM_50368,CBDDTY010000099.1,3839,1.0758009898411045,1,0.2743802111106962,3.5398230088495577,0,0
USNM_50368,CBDDTY010000070.1,3770,1.046419098143236,1,0.25593338807402927,1.0344827586206897,0,0
USNM_50368,CBDDTY010002179.1,3735,1.1030789825970548,1,0.3041027226249536,3.7735849056603774,0,0
USNM_50368,CBDDTY010000041.1,3626,1.063430777716492,1,0.25806223313858007,7.042253521126761,0,0
USNM_50368,CBDDTY010000079.1,3600,1.2780555555555555,1,0.8308892100515416,4.008438818565401,0,0
USNM_50368,CBDDTY010001125.1,3576,1.433165548098434,1,1.0412508032378671,2.3961341853035143,0,0
USNM_50368,CBDDTY010000063.1,3555,1.1369901547116736,1,0.4047709964339594,0,0,0
USNM_50368,CBDDTY010000181.1,3550,1.192112676056338,1,0.4987951544134912,2.8528528528528527,0,0
USNM_50368,CBDDTY010002836.1,3544,1.2649548532731376,1,0.5173281279590045,26.804884792626726,0,0
USNM_50368,CBDDTY010000162.1,3510,1.1185185185185185,1,0.41098353429205603,0.6756756756756757,0,0
USNM_50368,CBDDTY010000179.1,3476,1.3437859608745684,1,0.8468606056471696,0.6666666666666666,0,0
USNM_50368,CBDDTY010001802.1,3450,1.087536231884058,1,0.3109875673166354,12.5,0,0
USNM_50368,CBDDTY010000120.1,3430,1.1644314868804664,1,0.48879561706684244,1.9083969465648856,0,0
USNM_50368,CBDDTY010000845.1,3338,1.1761533852606352,1,0.4626997327566352,0.2994011976047904,0,0
USNM_50368,CBDDTY010000093.1,3319,1.0186803253992167,1,0.13541379422956046,0,0,0
USNM_50368,CBDDTY010000349.1,3287,1.112564648615759,1,0.33115333602040986,0,0,0
USNM_50368,CBDDTY010000174.1,3286,1.092818015824711,1,0.2964480263396755,0,0,0
USNM_50368,CBDDTY010000433.1,3140,1.0863057324840764,1,0.3318166791117293,0.4219409282700422,0,0
USNM_50368,CBDDTY010000068.1,3107,1.1168329578371419,1,0.36622965267892443,1.522054794520548,0,0
USNM_50368,CBDDTY010000078.1,3063,1.0375448906301012,1,0.2001651323324772,16.483516483516482,0,0
USNM_50368,CBDDTY010000111.1,3024,1.0231481481481481,1,0.1503987748461838,0.5524861878453039,0,0
USNM_50368,CBDDTY010000933.1,2935,1.210221465076661,1,0.5354805179985531,5.414012738853503,0,0
USNM_50368,CBDDTY010000054.1,2927,1.2312948411342672,1,0.5460394254880512,0,0,0
USNM_50368,CBDDTY010000225.1,2916,1.107681755829904,1,0.3209056270914239,0.8658008658008658,0,0
USNM_50368,CBDDTY010001869.1,2816,1.3217329545454546,1,0.8019757891088791,8.225277777777778,0,0
USNM_50368,CBDDTY010000117.1,2796,1.1126609442060085,1,0.4089831198650677,3.5,0,0
USNM_50368,CBDDTY010001241.1,2740,1.2273722627737227,1,0.5327352936808765,5.699481865284974,0,0
USNM_50368,CBDDTY010002543.1,2616,1.1341743119266054,1,0.3699541682708026,3.4608196721311475,0,0
USNM_50368,CBDDTY010000815.1,2610,1.2636015325670498,1,0.5959625708179764,2.4271844660194173,0,0
USNM_50368,CBDDTY010000134.1,2604,1.0268817204301075,1,0.161768795294276,0,0,0
USNM_50368,CBDDTY010000797.1,2572,1.4860031104199067,1,0.8373097145852912,4.040404040404041,0,0
USNM_50368,CBDDTY010001831.1,2570,1.1735408560311285,1,0.5631062636424963,4.022988505747127,0,0
USNM_50368,CBDDTY010000652.1,2550,1.12,1,0.3516926508683035,4.516129032258065,0,0
USNM_50368,CBDDTY010000202.1,2545,1.5166994106090372,1,0.9127719451429592,5.7631775700934575,0,0
USNM_50368,CBDDTY010000138.1,2509,1.5233160621761659,1,0.8960942208365726,4.792332268370607,0,0
USNM_50368,CBDDTY010000082.1,2456,1.0484527687296417,1,0.21476470383351548,0.7246376811594203,0,0
USNM_50368,CBDDTY010000052.1,2450,1.1122448979591837,1,0.350075913753653,8.707865168539326,0,0
USNM_50368,CBDDTY010000361.1,2448,1.9309640522875817,1,1.5455663053602908,1.0582010582010581,0,0
USNM_50368,CBDDTY010000685.1,2446,1.2191332788225675,1,0.4710622215645387,0,0,0
USNM_50368,CBDDTY010000090.1,2438,1.158326497128794,1,0.3974095294047039,4.0201005025125625,0,0
USNM_50368,CBDDTY010000086.1,2425,1.105979381443299,1,0.374388003897679,2.484472049689441,0,0
USNM_50368,CBDDTY010000583.1,2422,1.0970272502064409,1,0.3096937209998273,0.8849557522123894,0,0
USNM_50368,CBDDTY010001901.1,2413,1.1496062992125984,1,0.41479286424147105,0,0,0
USNM_50368,CBDDTY010000971.1,2399,1.1283868278449354,1,0.34682935178453783,1.1173184357541899,0,0
USNM_50368,CBDDTY010000302.1,2392,1.056020066889632,1,0.23000855641785203,1.5723270440251573,0,0
USNM_50368,CBDDTY010001353.1,2390,1.30836820083682,1,0.7466214220881944,7,0,0
USNM_50368,CBDDTY010000995.1,2389,1.0372540812055253,1,0.18942342514040172,1.1904761904761905,0,0
USNM_50368,CBDDTY010000977.1,2383,1.2123373898447336,1,0.8384537767977633,0.9364432989690722,0,0
USNM_50368,CBDDTY010000261.1,2382,1.3937867338371117,1,0.8028268105387221,1.904742857142857,0,0
USNM_50368,CBDDTY010001793.1,2369,1.1591388771633602,1,0.41458046367022133,0.9433962264150944,0,0
USNM_50368,CBDDTY010000435.1,2365,1.1010570824524313,1,0.3218281096930593,1.1695906432748537,0,0
USNM_50368,CBDDTY010000126.1,2358,1.0996607294317218,1,0.29961064295355355,0.6451612903225806,0,0
USNM_50368,CBDDTY010000310.1,2345,1.0985074626865672,1,0.3134123379292816,1.3888888888888888,0,0
USNM_50368,CBDDTY010000670.1,2345,1.0631130063965886,1,0.24321796978181687,7.471264367816092,0,0
USNM_50368,CBDDTY010000269.1,2311,1.1038511466897447,1,0.3257197988408283,5.228758169934641,0,0
USNM_50368,CBDDTY010000843.1,2298,1.0639686684073106,1,0.27172405089789675,0.5319148936170213,0,0
USNM_50368,CBDDTY010001805.1,2289,1.0615989515072084,1,0.24047824203866153,0,0,0
USNM_50368,CBDDTY010003299.1,2278,2.0162423178226514,2,1.2327686337175379,1.3008048780487804,0,0
USNM_50368,CBDDTY010000989.1,2266,1.1341571050308914,1,0.38240336762640154,1.4124293785310735,0,0
USNM_50368,CBDDTY010000900.1,2254,1.277284826974268,1,0.5950293376159276,1.7045454545454546,0,0
USNM_50368,CBDDTY010000242.1,2245,1.2587973273942095,1,0.6321167904058526,5.691056910569106,0,0
USNM_50368,CBDDTY010003131.1,2245,1.1162583518930957,1,0.34985136273180917,2.016942675159236,0,0
USNM_50368,CBDDTY010000251.1,2210,1.0805429864253393,1,0.2721935677978374,2.7472527472527473,0,0
USNM_50368,CBDDTY010000059.1,2207,1.0376076121431808,1,0.19028842948837274,1.5060240963855422,0,0
USNM_50368,CBDDTY010001049.1,2206,1.1459655485040798,1,0.39093996464343894,4.62962962962963,0,0
USNM_50368,CBDDTY010001278.1,2203,1.1270994098955969,1,0.33452025188821877,2.0134228187919465,0,0
USNM_50368,CBDDTY010000253.1,2192,1.0469890510948905,1,0.2116636927325741,1.9867549668874172,0,0
USNM_50368,CBDDTY010000219.1,2188,1.3350091407678244,1,0.6664740118809275,4.861111111111111,0,0
USNM_50368,CBDDTY010000951.1,2188,1.059414990859232,1,0.23645380716121553,0.5649717514124294,0,0
USNM_50368,CBDDTY010000499.1,2182,1.118698441796517,1,0.32350747370885374,9.166666666666666,0,0
USNM_50368,CBDDTY010000784.1,2176,1.2628676470588236,1,0.5017851836399936,11.21801282051282,0,0
USNM_50368,CBDDTY010000319.1,2167,1.0922934933087218,1,0.3380606395323794,0.5263157894736842,0,0
USNM_50368,CBDDTY010000102.1,2158,1.0194624652455977,1,0.13817570342169477,0.5319148936170213,0,0
USNM_50368,CBDDTY010000133.1,2150,1.0948837209302325,1,0.3387792670422427,4.104477611940299,0,0
USNM_50368,CBDDTY010000710.1,2143,1.1647223518432104,1,0.4347493615590239,0.28169014084507044,0,0
USNM_50368,CBDDTY010000930.1,2138,1.059401309635173,1,0.2364295655867594,0,0,0
USNM_50368,CBDDTY010000227.1,2130,1.0610328638497653,1,0.23944680226091591,13.793103448275861,0,0
USNM_50368,CBDDTY010000546.1,2116,1.3256143667296787,1,0.9014439956100408,4.765477386934673,0,0
USNM_50368,CBDDTY010000131.1,2115,1.0832151300236406,1,0.329382709484572,2.6178010471204187,0,0
USNM_50368,CBDDTY010001744.1,2112,1.1169507575757576,1,0.34558401326170907,0.5,0,0
USNM_50368,CBDDTY010000980.1,2103,1.0713266761768903,1,0.2574309497669975,0.6369426751592356,0,0
USNM_50368,CBDDTY010000585.1,2095,1.0463007159904534,1,0.2101857441943301,0,0,0
USNM_50368,CBDDTY010000442.1,2082,1.265609990393852,1,0.5783693773211662,1.098901098901099,0,0
USNM_50368,CBDDTY010000287.1,2078,1.1251203079884504,1,0.36812627875861276,0.5649717514124294,0,0
USNM_50368,CBDDTY010000475.1,2072,1.111003861003861,1,0.3142127516391821,3.7162162162162162,0,0
USNM_50368,CBDDTY010000110.1,2070,1.152657004830918,1,0.5930809312780511,1.7045454545454546,0,0
USNM_50368,CBDDTY010000618.1,2068,1.0633462282398454,1,0.29238161246144406,1.7241379310344827,0,0
USNM_50368,CBDDTY010000410.1,2066,1.1035818005808324,1,0.32627733318151236,1.9867549668874172,0,0
USNM_50368,CBDDTY010000464.1,2066,1.1805421103581801,1,0.48595667999938896,2.0689655172413794,0,0
USNM_50368,CBDDTY010000214.1,2063,1.0664081434803685,1,0.24905455011828534,7.894736842105263,0,0
USNM_50368,CBDDTY010001374.1,2049,1.0951683748169838,1,0.30009940321809947,0,0,0
USNM_50368,CBDDTY010000278.1,2044,1.0596868884540118,1,0.23696378487946354,0.5988023952095808,0,0
USNM_50368,CBDDTY010002574.1,2039,1.337420304070623,1,0.6718271596791376,3.4188034188034186,0,0
USNM_50368,CBDDTY010001239.1,2030,1.0285714285714285,1,0.1666396748778612,3.0150753768844223,0,0
USNM_50368,CBDDTY010001462.1,2029,1.0813208477082306,1,0.31993439611061775,5.248618784530387,0,0
USNM_50368,CBDDTY010002318.1,2028,1.2855029585798816,1,0.570485121881573,1.3513513513513513,0,0
USNM_50368,CBDDTY010000988.1,2023,1.1967375185368265,1,0.4911171723372757,2.0359090909090907,0,0
USNM_50368,CBDDTY010002313.1,2017,1.1353495290034705,1,0.37137772947155395,7.894736842105263,0,0
USNM_50368,CBDDTY010000447.1,2013,1.11525086934923,1,0.37121971217494076,0.5208333333333334,0,0
USNM_50368,CBDDTY010001419.1,2009,1.1319064211050274,1,0.3653607059084163,2.601156069364162,0,0
USNM_50368,CBDDTY010000439.1,2004,1.0099800399201597,1,0.0994252057754128,0,0,0
USNM_50368,CBDDTY010001464.1,1977,1.0419828022255944,1,0.20060060049427014,0.4716981132075472,0,0
USNM_50368,CBDDTY010000747.1,1969,1.2478415439309294,1,0.5760521156280621,0,0,0
USNM_50368,CBDDTY010002403.1,1968,1.0863821138211383,1,0.28099887254277983,3.5502958579881656,0,0
USNM_50368,CBDDTY010000354.1,1967,1.1362480935434671,1,0.34313905409134254,10.526315789473685,0,0
USNM_50368,CBDDTY010000166.1,1964,1.1160896130346232,1,0.3705481670168187,4.054054054054054,0,0
USNM_50368,CBDDTY010000061.1,1962,1.101427115188583,1,0.3533304818612107,5.063291139240507,0,0
USNM_50368,CBDDTY010002634.1,1956,1.6150306748466257,1,1.4140540652020088,0,8,0.408997955010225
USNM_50368,CBDDTY010001022.1,1944,1.1085390946502058,1,0.31114009387720165,0,0,0
USNM_50368,CBDDTY010000869.1,1937,1.0376871450696954,1,0.19048768209496736,2.0134228187919465,0,0
USNM_50368,CBDDTY010001414.1,1929,1.03784344219803,1,0.19086697361780702,2.904564315352697,0,0
USNM_50368,CBDDTY010001534.1,1928,1.0829875518672198,1,0.2815204397877532,0.7575757575757576,0,0
USNM_50368,CBDDTY010000823.1,1919,1.149557060969255,1,0.40978460446333764,0.6451612903225806,0,0
USNM_50368,CBDDTY010000716.1,1901,1.2072593371909521,1,0.5768972457747634,4.032258064516129,0,0
USNM_50368,CBDDTY010000311.1,1896,1.1951476793248945,1,0.4925810320811344,1.2962777777777779,0,0
USNM_50368,CBDDTY010001935.1,1891,1.639344262295082,1,1.2569453160151842,3.77775,0,0
USNM_50368,CBDDTY010001310.1,1879,1.1506120276742948,1,0.39456963260966843,7.377049180327869,0,0
USNM_50368,CBDDTY010001044.1,1875,1.0421333333333334,1,0.20094688693687035,0.7352941176470589,0,0
USNM_50368,CBDDTY010000118.1,1872,1.0405982905982907,1,0.19741045357427456,4.411764705882353,0,0
USNM_50368,CBDDTY010000742.1,1872,1.1180555555555556,1,0.37199515682081297,19.23076923076923,0,0
USNM_50368,CBDDTY010003343.1,1868,1.7157387580299786,1,1.0034907686794179,0,0,0
USNM_50368,CBDDTY010000234.1,1862,1.0392051557465092,1,0.21514153599607283,0,0,0
USNM_50368,CBDDTY010001135.1,1854,1.1796116504854368,1,0.4451509566402235,4.854368932038835,0,0
USNM_50368,CBDDTY010001146.1,1853,1.1041554236373448,1,0.34536267852525476,3.793103448275862,0,0
USNM_50368,CBDDTY010000935.1,1836,1.062636165577342,1,0.24237341532644585,0,0,0
USNM_50368,CBDDTY010000267.1,1829,1.1405139420448331,1,0.3476145002037495,0.966183574879227,0,0
USNM_50368,CBDDTY010001558.1,1823,1.1003839824465167,1,0.3416156897448511,0,0,0
USNM_50368,CBDDTY010001610.1,1823,1.1409764125068569,1,0.40764447580334573,0.8,0,0
USNM_50368,CBDDTY010001905.1,1823,1.0554031815688425,1,0.22882830297003579,13.157894736842104,0,0
USNM_50368,CBDDTY010002230.1,1816,1.2901982378854626,1,0.7378270264843023,6.896551724137931,0,0
USNM_50368,CBDDTY010002827.1,1815,1.2771349862258954,1,0.5806514143702135,2.9761904761904763,0,0
USNM_50368,CBDDTY010000040.1,1811,1.0303699613473218,1,0.17165050597697987,16.666666666666668,0,0
USNM_50368,CBDDTY010000483.1,1811,1.1363887355052458,1,0.4278379297176505,0,0,0
USNM_50368,CBDDTY010000119.1,1810,1.0767955801104971,1,0.26634040402306425,0,0,0
USNM_50368,CBDDTY010000304.1,1809,1,1,0,16.23931623931624,0,0
USNM_50368,CBDDTY010000128.1,1802,1.097669256381798,1,0.33391508534072406,0.6451612903225806,0,0
USNM_50368,CBDDTY010000298.1,1798,1.0622914349276975,1,0.24175135348216917,8.423913043478262,0,0
USNM_50368,CBDDTY010000377.1,1798,1.1668520578420467,1,0.4099108733884533,2.100840336134454,0,0
USNM_50368,CBDDTY010001045.1,1788,1.3635346756152125,1,0.6451152865870651,0.5405405405405406,0,0
USNM_50368,CBDDTY010000244.1,1787,1.132064913262451,1,0.37921404580583334,0,0,0
USNM_50368,CBDDTY010000576.1,1783,1.0566461020751543,1,0.23122999041699419,3.8194444444444446,0,0
USNM_50368,CBDDTY010000123.1,1782,1.1004489337822672,1,0.3538666187408095,13.043478260869565,0,0
USNM_50368,CBDDTY010001011.1,1774,1.0772266065388951,1,0.28342036575528046,2.147239263803681,0,0
USNM_50368,CBDDTY010001123.1,1766,1.0996602491506229,1,0.33192698278044264,2.985074626865672,0,0
USNM_50368,CBDDTY010001332.1,1749,1.1269296740994854,1,0.41553197986092033,1.7142857142857142,0,0
USNM_50368,CBDDTY010000265.1,1744,1.051032110091743,1,0.22012636828869347,0,0,0
USNM_50368,CBDDTY010002911.1,1744,1.051032110091743,1,0.22012636828869347,8.421052631578947,0,0
USNM_50368,CBDDTY010000990.1,1739,1,1,0,0,0,0
USNM_50368,CBDDTY010001035.1,1738,1.0074798619102416,1,0.08618693382401055,0,0,0
USNM_50368,CBDDTY010002021.1,1734,1.1528258362168398,1,0.42600219800812517,4.964539007092198,0,0
USNM_50368,CBDDTY010000965.1,1724,1.0968677494199537,1,0.29586341950089484,5.555555555555555,0,0
USNM_50368,CBDDTY010001070.1,1724,1.1392111368909512,1,0.3918713582686597,2.3255813953488373,0,0
USNM_50368,CBDDTY010003433.1,1722,1.5807200929152148,1,0.9954223835752894,0.6896551724137931,0,0
USNM_50368,CBDDTY010001350.1,1720,1.0674418604651164,1,0.2531669612895152,0,0,0
USNM_50368,CBDDTY010000094.1,1719,1,1,0,4.137931034482759,0,0
USNM_50368,CBDDTY010000314.1,1717,1.0378567268491554,1,0.2219579549671431,0,0,0
USNM_50368,CBDDTY010001443.1,1717,1.1485148514851484,1,0.3557132046433285,11.235955056179776,0,0
USNM_50368,CBDDTY010000659.1,1715,1.1346938775510205,1,0.3953387350773706,25,0,0
USNM_50368,CBDDTY010000958.1,1714,1.0425904317386232,1,0.20199081909841102,11.11111111111111,0,0
USNM_50368,CBDDTY010001134.1,1711,1.1519579193454121,1,0.35908504667112334,0.6493506493506493,0,0
USNM_50368,CBDDTY010000145.1,1710,1.1005847953216374,1,0.30086613334809365,9.558823529411764,0,0
USNM_50368,CBDDTY010000268.1,1710,1.0883040935672514,1,0.28381963989110054,5.932203389830509,0,0
USNM_50368,CBDDTY010001282.1,1709,1.0889409011117612,1,0.2847417407361529,0.7874015748031497,0,0
USNM_50368,CBDDTY010000532.1,1708,1.3460187353629978,1,0.7141153319479024,7.766990291262136,0,0
USNM_50368,CBDDTY010000326.1,1704,1.0692488262910798,1,0.25395132080732374,11.578947368421053,0,0
USNM_50368,CBDDTY010000177.1,1701,1.2145796590241034,1,0.5068231066603266,5.755395683453237,0,0
USNM_50368,CBDDTY010000206.1,1700,1.1788235294117646,1,0.5357373487104571,0.6451612903225806,0,0
USNM_50368,CBDDTY010001348.1,1700,1.1076470588235294,1,0.31191805212128587,0.6944444444444444,0,0
USNM_50368,CBDDTY010000231.1,1697,1.033588685916323,1,0.1802210463078422,1.6528925619834711,0,0
USNM_50368,CBDDTY010001166.1,1687,1.7077652637818612,1,1.051725203907408,3.30188679245283,0,0
USNM_50368,CBDDTY010001136.1,1686,1.0397390272835112,1,0.1954033873340101,4.6875,0,0
USNM_50368,CBDDTY010000637.1,1684,1.1371733966745843,1,0.3543406632405743,5.737704918032787,0,0
USNM_50368,CBDDTY010001247.1,1681,1.0737656157049376,1,0.26146685992841623,1.5151515151515151,0,0
USNM_50368,CBDDTY010000495.1,1680,1.0446428571428572,1,0.2065799467470791,0,0,0
USNM_50368,CBDDTY010000858.1,1675,1.3707462686567164,1,1.1497146721937985,0,1,0.05970149253731343
USNM_50368,CBDDTY010001520.1,1669,1.207309766327142,1,0.4673197858904089,0.6451612903225806,0,0
USNM_50368,CBDDTY010000556.1,1666,1.1728691476590636,1,0.4828678625226274,0.5649717514124294,0,0
USNM_50368,CBDDTY010002135.1,1666,1.117046818727491,1,0.47784291986483224,0.3546099290780142,0,0
USNM_50368,CBDDTY010000101.1,1663,1.006013229104029,1,0.077334768969411,2.272727272727273,0,0
USNM_50368,CBDDTY010000395.1,1658,1.1857659831121834,1,0.5681041735124374,10.306929824561404,0,0
USNM_50368,CBDDTY010000385.1,1655,1.1389728096676737,1,0.3460227063168558,8.16326530612245,0,0
USNM_50368,CBDDTY010001942.1,1640,1.052439024390244,1,0.22297867582654896,0,0,0
USNM_50368,CBDDTY010001058.1,1637,1.3872938301771534,1,0.7107520861131769,14.975942028985507,0,0
USNM_50368,CBDDTY010001294.1,1636,1.102078239608802,1,0.33359586052012874,0,0,0
USNM_50368,CBDDTY010000730.1,1631,1.144083384426732,1,0.41382578701650163,3.3783783783783785,0,0
USNM_50368,CBDDTY010001620.1,1629,1.178023327194598,1,0.5141566142971734,0.8333333333333334,0,0
USNM_50368,CBDDTY010000114.1,1620,1.0166666666666666,1,0.1280586261664527,0.746268656716418,0,0
USNM_50368,CBDDTY010000369.1,1619,1.0500308832612724,1,0.23181380050851869,0.7936507936507936,0,0
USNM_50368,CBDDTY010000221.1,1616,1.108910891089109,1,0.31162381382463544,1.3513513513513513,0,0
USNM_50368,CBDDTY010002258.1,1615,1.346749226006192,1,0.7004249168091259,1.0638297872340425,0,0
USNM_50368,CBDDTY010001395.1,1611,1.1129733085040348,1,0.37086340243043237,0.8333333333333334,0,0
USNM_50368,CBDDTY010001874.1,1610,1.0664596273291926,1,0.24916120300174757,4.195804195804196,0,0
USNM_50368,CBDDTY010000682.1,1609,1.0658794282162833,1,0.24814834249147202,4.424778761061947,0,0
USNM_50368,CBDDTY010001083.1,1606,1.2870485678704857,1,0.5804019502102974,1.1904591836734695,0,0
USNM_50368,CBDDTY010000904.1,1604,1.03428927680798,1,0.18202796357461082,11.688311688311689,0,0
USNM_50368,CBDDTY010000579.1,1601,1.2298563397876328,1,0.44540211253298345,13.48314606741573,0,0
USNM_50368,CBDDTY010000258.1,1600,1.003125,1,0.0558317348300573,0,0,0
USNM_50368,CBDDTY010000075.1,1598,1.0362953692115144,1,0.18708264941408173,2.542372881355932,0,0
USNM_50368,CBDDTY010000300.1,1595,1.1253918495297806,1,0.33126656119112013,0.7692307692307693,0,0
USNM_50368,CBDDTY010000554.1,1591,1.0672532998114392,1,0.2505389121287883,1.6129032258064515,0,0
USNM_50368,CBDDTY010001358.1,1591,1.0672532998114392,1,0.2505389121287883,4.104477611940299,0,0
USNM_50368,CBDDTY010000370.1,1590,1.0773584905660378,1,0.3087612082798576,0.746268656716418,0,0
USNM_50368,CBDDTY010002357.1,1587,1.0346565847511027,1,0.19626700268301564,13.181818181818182,0,0
USNM_50368,CBDDTY010002122.1,1585,1.109148264984227,1,0.36937477046919726,4.109589041095891,0,0
USNM_50368,CBDDTY010000077.1,1581,1.0632511068943706,1,0.24349107709922055,4.7368421052631575,0,0
USNM_50368,CBDDTY010001145.1,1577,1.082435003170577,1,0.2751135547598106,0.746268656716418,0,0
USNM_50368,CBDDTY010001198.1,1576,1.0355329949238579,1,0.1851814250417278,0,0,0
USNM_50368,CBDDTY010000450.1,1571,1.3036282622533417,1,0.7332717533566938,0,0,0
USNM_50368,CBDDTY010000852.1,1571,1.0515595162316995,1,0.22120641883954628,0,0,0
USNM_50368,CBDDTY010001367.1,1570,1.2770700636942676,1,0.5880011848889792,1.7156617647058823,0,0
USNM_50368,CBDDTY010000274.1,1566,1.1085568326947637,1,0.311181750865142,4.545454545454546,0,0
USNM_50368,CBDDTY010001732.1,1566,1.123882503192848,1,0.350232049393114,4.615384615384615,0,0
USNM_50368,CBDDTY010000922.1,1564,1.2065217391304348,1,0.5461980956867594,1.7006802721088434,0,0
USNM_50368,CBDDTY010000820.1,1559,1.2219371391917897,1,0.5705714934741889,0.9803921568627451,0,0
USNM_50368,CBDDTY010000975.1,1558,1.0879332477535302,1,0.33712024716986827,2.0547945205479454,0,0
USNM_50368,CBDDTY010001453.1,1555,1.0803858520900322,1,0.3054121089594588,0.8403361344537815,0,0
USNM_50368,CBDDTY010000705.1,1550,1,1,0,8.547008547008547,0,0
USNM_50368,CBDDTY010000636.1,1549,1.0735958683021305,1,0.2848569057037306,2.4390243902439024,0,0
USNM_50368,CBDDTY010000294.1,1548,1.0361757105943152,1,0.18678749165110026,0,0,0
USNM_50368,CBDDTY010000566.1,1547,1.0672268907563025,1,0.2504955029527996,4.333333333333333,0,0
USNM_50368,CBDDTY010002747.1,1542,1.138780804150454,1,0.3458298035525283,4.081632653061225,0,0
USNM_50368,CBDDTY010000058.1,1539,1.0812215724496426,1,0.2732638819588522,10.204081632653061,0,0
USNM_50368,CBDDTY010001792.1,1539,1.1455490578297596,1,0.40750199329862147,3.4552439024390242,0,0
USNM_50368,CBDDTY010003214.1,1534,1.3142112125162972,1,0.6185595473452549,0.8,0,0
USNM_50368,CBDDTY010001741.1,1533,1.16764514024788,1,0.4150522938491429,0,0,0
USNM_50368,CBDDTY010000756.1,1532,1.0398172323759791,1,0.1955934359286054,3.3653846153846154,0,0
USNM_50368,CBDDTY010001223.1,1532,1.0306788511749347,1,0.17250241432776514,0,0,0
USNM_50368,CBDDTY010000113.1,1528,1.0477748691099475,1,0.21335937528557009,0,0,0
USNM_50368,CBDDTY010000709.1,1527,1.1499672560576293,1,0.35715628920214565,3.5460992907801416,0,0
USNM_50368,CBDDTY010001982.1,1526,1.072083879423329,1,0.25871152776591344,0.7194244604316546,0,0
USNM_50368,CBDDTY010001981.1,1525,1.0537704918032786,1,0.22563823109885298,10.309278350515465,0,0
USNM_50368,CBDDTY010000135.1,1523,1.0630334865397242,1,0.24310300387738784,4.580152671755725,0,0
USNM_50368,CBDDTY010000148.1,1517,1.040870138431114,1,0.198054607580717,4.901960784313726,0,0
USNM_50368,CBDDTY010000357.1,1517,1.1364535266974292,1,0.3884497637790097,1.8867924528301887,0,0
USNM_50368,CBDDTY010000725.1,1515,1.0818481848184818,1,0.27422380560973075,7.228915662650603,0,0
USNM_50368,CBDDTY010002947.1,1512,1.2334656084656084,1,0.5350622595388498,0,0,0
USNM_50368,CBDDTY010000308.1,1506,1,1,0,4.854368932038835,0,0
USNM_50368,CBDDTY010001158.1,1504,1.110372340425532,1,0.4156600147122405,5.508474576271187,0,0
USNM_50368,CBDDTY010003006.1,1503,1.0153027278775781,1,0.12279489697694701,0,0,0
USNM_50368,CBDDTY010000305.1,1502,1.0865512649800266,1,0.2928737617839866,6.382978723404255,0,0
USNM_50368,CBDDTY010002036.1,1501,1.1518987341772151,1,0.35904232675976144,1.6528925619834711,0,0
USNM_50368,CBDDTY010001349.1,1500,1.028,1,0.16502774343748805,0,0,0
USNM_50368,CBDDTY010000215.1,1497,1,1,0,0,0,0
USNM_50368,CBDDTY010001439.1,1497,1.0460921843687374,1,0.28063578419014823,16.66653846153846,0,0
USNM_50368,CBDDTY010001172.1,1496,1.0868983957219251,1,0.28178030360981815,5.9523809523809526,0,0
USNM_50368,CBDDTY010001113.1,1492,1.039544235924933,1,0.1949511797739565,0,0,0
USNM_50368,CBDDTY010000453.1,1491,1.187122736418511,1,0.4053275720085661,9.883720930232558,0,0
USNM_50368,CBDDTY010000364.1,1487,1.0006724949562877,1,0.025932507713058293,0,0,0
USNM_50368,CBDDTY010000290.1,1485,1.0531986531986532,1,0.2756972371551886,13.775510204081632,0,0
USNM_50368,CBDDTY010000217.1,1484,1.1839622641509433,1,0.3875840255509779,0,0,0
USNM_50368,CBDDTY010000341.1,1483,1,1,0,0,0,0
USNM_50368,CBDDTY010001470.1,1481,1.0526671168129642,1,0.22344351255541195,5.128205128205129,0,0
USNM_50368,CBDDTY010000097.1,1475,1.2935593220338983,1,0.5904536888902457,0,0,0
USNM_50368,CBDDTY010001692.1,1471,1.5234534330387492,1,0.8817657210255008,3.278688524590164,0,0
USNM_50368,CBDDTY010001233.1,1470,1.0496598639455783,1,0.26527511174145924,3.8461538461538463,0,0
USNM_50368,CBDDTY010001127.1,1467,1.0613496932515338,1,0.24005247210520717,4.878048780487805,0,0
USNM_50368,CBDDTY010000505.1,1466,1.0497953615279672,1,0.21759614188079035,6.976744186046512,0,0
USNM_50368,CBDDTY010002681.1,1466,1.0825375170532061,1,0.2752757977067981,4.597701149425287,0,0
USNM_50368,CBDDTY010000891.1,1464,1.0450819672131149,1,0.23241222211185059,3.2967032967032965,0,0
USNM_50368,CBDDTY010000974.1,1464,1.0601092896174864,1,0.23777043460422181,0,0,0
USNM_50368,CBDDTY010000191.1,1462,1.051299589603283,1,0.22068360405895016,19.10569105691057,0,0
USNM_50368,CBDDTY010001637.1,1460,1.163013698630137,1,0.40150738909723205,3.4188034188034186,0,0
USNM_50368,CBDDTY010000909.1,1453,1.05230557467309,1,0.2227191963978593,0,0,0
USNM_50368,CBDDTY010000315.1,1452,1.1797520661157024,1,0.5316221685355397,3.488372093023256,0,0
USNM_50368,CBDDTY010001587.1,1450,1.7289655172413794,1,1.5706248066117325,3.076923076923077,0,0
USNM_50368,CBDDTY010000309.1,1448,1.0400552486187846,1,0.19615656620635377,5.426356589147287,0,0
USNM_50368,CBDDTY010000085.1,1444,1.0367036011080333,1,0.18809824245816828,1.5873015873015872,0,0
USNM_50368,CBDDTY010001028.1,1444,1.0969529085872576,1,0.35163866746792327,6.896551724137931,0,0
USNM_50368,CBDDTY010000741.1,1441,1.1811242192921583,1,0.48284931135450376,0,0,0
USNM_50368,CBDDTY010001077.1,1440,1.0104166666666667,1,0.10156437929249697,4.854368932038835,0,0
USNM_50368,CBDDTY010001308.1,1439,1.0222376650451703,1,0.14750685309403133,0,0,0
USNM_50368,CBDDTY010002262.1,1438,1.0757997218358832,1,0.26476947381779903,0,0,0
USNM_50368,CBDDTY010001305.1,1435,1.3303135888501743,1,0.6863032166758928,1.4150943396226414,0,0
USNM_50368,CBDDTY010000915.1,1434,1.0348675034867503,1,0.18350815818700827,1.098901098901099,0,0
USNM_50368,CBDDTY010002370.1,1434,1.1234309623430963,1,0.36138903891733715,3.225806451612903,0,0
USNM_50368,CBDDTY010000675.1,1433,1.0872295882763434,1,0.2822697082122024,7.083333333333333,0,0
USNM_50368,CBDDTY010001217.1,1433,1.0244242847173761,1,0.15441625081572832,0,0,0
USNM_50368,CBDDTY010002674.1,1432,1.3631284916201116,1,0.6787032814162096,12.121212121212121,0,0
USNM_50368,CBDDTY010000695.1,1431,1.0817610062893082,1,0.3210929350079096,1.9047619047619047,0,0
USNM_50368,CBDDTY010000431.1,1430,1.0027972027972027,1,0.05283304300376726,1.6,0,0
USNM_50368,CBDDTY010000592.1,1428,1.0371148459383754,1,0.18910943348046047,0.8403361344537815,0,0
USNM_50368,CBDDTY010000530.1,1426,1.0161290322580645,1,0.1260159618351511,0,0,0
USNM_50368,CBDDTY010000238.1,1425,1,1,0,8.181818181818182,0,0
USNM_50368,CBDDTY010000774.1,1421,1.0246305418719213,1,0.15505094808854564,1.3157894736842106,0,0
USNM_50368,CBDDTY010001848.1,1421,1.2076002814919071,1,0.4160155713498649,0.9345794392523364,0,0
USNM_50368,CBDDTY010000809.1,1419,1.0070472163495419,1,0.08368086935485006,5.813953488372093,0,0
USNM_50368,CBDDTY010000857.1,1419,1.0718816067653276,1,0.25838283569412557,0.6896551724137931,0,0
USNM_50368,CBDDTY010000580.1,1417,1.0529287226534934,1,0.22397025156986444,1.0526315789473684,0,0
USNM_50368,CBDDTY010001415.1,1412,1.1395184135977336,1,0.4238754016753764,3.3333333333333335,0,0
USNM_50368,CBDDTY010002145.1,1411,1.1381998582565556,1,0.37854801698476837,0.6060606060606061,0,0
USNM_50368,CBDDTY010000470.1,1409,1,1,0,0,0,0
USNM_50368,CBDDTY010000616.1,1407,1.052594171997157,1,0.22330128667727953,0.5882352941176471,0,0
USNM_50368,CBDDTY010001505.1,1401,1.0214132762312633,1,0.14480923834248308,0.9900990099009901,0,0
USNM_50368,CBDDTY010000454.1,1397,1.080887616320687,1,0.27276008769812804,3.5353535353535355,0,0
USNM_50368,CBDDTY010000312.1,1396,1.0508595988538683,1,0.2559527404873663,0,0,0
USNM_50368,CBDDTY010001302.1,1394,1.0659971305595408,1,0.24836618171860764,1.834862385321101,0,0
USNM_50368,CBDDTY010000582.1,1393,1.0710696338837042,1,0.25703339915237233,1.0204081632653061,0,0
USNM_50368,CBDDTY010001832.1,1393,1.1256281407035176,1,0.3505077140354211,2.608695652173913,0,0
USNM_50368,CBDDTY010001561.1,1392,1.0517241379310345,1,0.22154912094140775,5.319148936170213,0,0
USNM_50368,CBDDTY010000829.1,1391,1.162473040977714,1,0.3690168668417413,0.8,0,0
USNM_50368,CBDDTY010000704.1,1390,1.1410071942446043,1,0.40190563879697144,0,0,0
USNM_50368,CBDDTY010001850.1,1389,1.1965442764578833,1,0.45815018720898043,1.0869565217391304,0,0
USNM_50368,CBDDTY010000950.1,1386,1.0483405483405484,1,0.21456224137353946,2.7027027027027026,0,0
USNM_50368,CBDDTY010000477.1,1384,1,1,0,2.0833333333333335,0,0
USNM_50368,CBDDTY010001629.1,1384,1.114884393063584,1,0.31899764096405037,7.077625570776256,0,0
USNM_50368,CBDDTY010001601.1,1383,1.128705712219812,1,0.40357517965435985,0,0,0
USNM_50368,CBDDTY010001087.1,1379,1,1,0,0.9615384615384616,0,0
USNM_50368,CBDDTY010001393.1,1379,1.0543872371283538,1,0.25686645428649607,0.8130081300813008,0,0
USNM_50368,CBDDTY010000418.1,1376,1.0494186046511629,1,0.21681921230491616,0,0,0
USNM_50368,CBDDTY010002426.1,1376,1.2267441860465116,1,0.7352208395273248,7.083333333333333,0,0
USNM_50368,CBDDTY010000656.1,1371,1.0816921954777534,1,0.27399514368663996,1.680672268907563,0,0
USNM_50368,CBDDTY010000112.1,1370,1.0664233576642337,1,0.24911160551713976,5.063291139240507,0,0
USNM_50368,CBDDTY010001093.1,1370,1.237956204379562,1,0.5774090623238101,1.3605102040816326,0,0
USNM_50368,CBDDTY010001286.1,1364,1.095307917888563,1,0.29374747550403557,0.9174311926605505,0,0
USNM_50368,CBDDTY010000277.1,1362,1.0954478707782673,1,0.2939404899095186,2.985074626865672,0,0
USNM_50368,CBDDTY010000115.1,1359,1.069168506254599,1,0.3039966480272963,1.8867924528301887,0,0
USNM_50368,CBDDTY010001586.1,1358,1.2083946980854197,1,0.6094468180689796,0,0,0
USNM_50368,CBDDTY010000193.1,1357,1.0545320560058953,1,0.22714826265419008,0,0,0
USNM_50368,CBDDTY010001636.1,1357,1.1930729550478998,1,0.5003058694066276,1.0101010101010102,0,0
USNM_50368,CBDDTY010001003.1,1356,1,1,0,0,0,0
USNM_50368,CBDDTY010001722.1,1356,1,1,0,0,0,0
USNM_50368,CBDDTY010000491.1,1354,1.08493353028065,1,0.27888576210660815,1.0869565217391304,0,0
USNM_50368,CBDDTY010002450.1,1354,1.1004431314623337,1,0.3007009968729998,6.382978723404255,0,0
USNM_50368,CBDDTY010000292.1,1353,1.0517368810051737,1,0.22157721737932906,1.680672268907563,0,0
USNM_50368,CBDDTY010001124.1,1351,1.2760917838638046,1,0.5263555794459925,0,0,0
USNM_50368,CBDDTY010000474.1,1348,1.03486646884273,1,0.18350961889224635,8.49056603773585,0,0
USNM_50368,CBDDTY010000630.1,1348,1.13946587537092,1,0.4323417489061932,7.228915662650603,0,0
USNM_50368,CBDDTY010001381.1,1346,1.0222882615156017,1,0.14767429285142603,0,0,0
USNM_50368,CBDDTY010000883.1,1345,1.284014869888476,1,0.6919532823947128,8.235294117647058,0,0
USNM_50368,CBDDTY010002000.1,1345,1.0386617100371747,1,0.1928591097635779,4.639175257731959,0,0
USNM_50368,CBDDTY010000190.1,1343,1.0804169769173493,1,0.27203895148924323,0,0,0
USNM_50368,CBDDTY010002825.1,1343,1.1288160833953835,1,0.3710005981056943,3.4188034188034186,0,0
USNM_50368,CBDDTY010000143.1,1340,1.1134328358208956,1,0.4151339877057609,1.25,0,0
USNM_50368,CBDDTY010001010.1,1339,1.0941000746825988,1,0.2920769788548474,1.2820512820512822,0,0
USNM_50368,CBDDTY010000428.1,1338,1.0321375186846038,1,0.17643118523614523,0,0,0
USNM_50368,CBDDTY010000679.1,1337,1.0456245325355273,1,0.2087475187477278,1.098901098901099,0,0
USNM_50368,CBDDTY010000523.1,1335,1.144569288389513,1,0.4162174636138054,9.824526315789473,0,0
USNM_50368,CBDDTY010001062.1,1335,1.049438202247191,1,0.21686238572328131,3.225806451612903,0,0
USNM_50368,CBDDTY010002833.1,1335,1.1662921348314608,1,0.3996654767476293,0.6024096385542169,0,0
USNM_50368,CBDDTY010003227.1,1335,1.1580524344569287,1,0.40762130057793666,1.8867924528301887,0,0
USNM_50368,CBDDTY010000854.1,1331,1.0255447032306537,1,0.15783183229574735,5.2631578947368425,0,0
USNM_50368,CBDDTY010000983.1,1331,1.0788880540946657,1,0.2696652816927332,1.9801980198019802,0,0
USNM_50368,CBDDTY010000487.1,1330,1.0330827067669173,1,0.17891984430583044,0,0,0
USNM_50368,CBDDTY010001892.1,1330,1.438345864661654,1,1.4709231861283698,2.91,0,0
USNM_50368,CBDDTY010001950.1,1330,1.125563909774436,1,0.33148187137710833,8.561643835616438,0,0
USNM_50368,CBDDTY010000109.1,1329,1.1241534988713318,1,0.32988072037232813,7.142857142857143,0,0
USNM_50368,CBDDTY010000516.1,1329,1.0782543265613243,1,0.2686724811676175,6.730769230769231,0,0
USNM_50368,CBDDTY010000626.1,1329,1.0504138449962377,1,0.2188797332771973,1.7391304347826086,0,0
USNM_50368,CBDDTY010002061.1,1329,1.1143717080511664,1,0.318381993298607,2.857142857142857,0,0
USNM_50368,CBDDTY010003400.1,1329,1.1512415349887133,1,0.4629336549398361,0,0,0
USNM_50368,CBDDTY010000327.1,1327,1.0776186887716654,1,0.267671478504181,0,0,0
USNM_50368,CBDDTY010000528.1,1327,1.4016578749058026,1,0.6561671423955814,7.653061224489796,0,0
USNM_50368,CBDDTY010000186.1,1326,1.0377073906485672,1,0.19055951473167393,0,0,0
USNM_50368,CBDDTY010000831.1,1324,1.0219033232628398,1,0.14642322515824716,0,0,0
USNM_50368,CBDDTY010001119.1,1323,1.1186696900982616,1,0.4082812009792401,6.028368794326241,0,0
USNM_50368,CBDDTY010000299.1,1322,1.1096822995461422,1,0.31261160498030843,1.694915254237288,0,0
USNM_50368,CBDDTY010000407.1,1322,1.126323751891074,1,0.39288133154542265,0,0,0
USNM_50368,CBDDTY010001638.1,1322,1.0537065052950076,1,0.22552292353921885,0.8620689655172413,0,0
USNM_50368,CBDDTY010002494.1,1319,1.621683093252464,1,1.0038695480232434,3.3591472868217056,0,0
USNM_50368,CBDDTY010002854.1,1318,1.1965098634294384,1,0.4031990012422089,0,0,0
USNM_50368,CBDDTY010001378.1,1317,1.0197418375094913,1,0.13916466003406205,1.8518518518518519,0,0
USNM_50368,CBDDTY010001122.1,1316,1.1831306990881458,1,0.3869206710922102,2.232142857142857,0,0
USNM_50368,CBDDTY010001196.1,1314,1.0844748858447488,1,0.2782045684884128,5.978260869565218,0,0
USNM_50368,CBDDTY010003064.1,1313,1.0974866717440974,1,0.2967323386580133,5.797101449275362,0,0
USNM_50368,CBDDTY010003079.1,1313,1.1766945925361767,1,0.4010341571764947,0,0,0
USNM_50368,CBDDTY010001079.1,1312,1.0785060975609757,1,0.2690688976150588,1.8518518518518519,0,0
USNM_50368,CBDDTY010001737.1,1312,1.052591463414634,1,0.22330160588026113,0,0,0
USNM_50368,CBDDTY010001762.1,1312,1.0396341463414633,1,0.19517252511967342,4.651162790697675,0,0
USNM_50368,CBDDTY010000525.1,1305,1.0812260536398468,1,0.27328668501067316,2.380952380952381,0,0
USNM_50368,CBDDTY010000306.1,1304,1.0958588957055215,1,0.29451058304900746,0,0,0
USNM_50368,CBDDTY010001730.1,1302,1.1843317972350231,1,0.45535533055687394,1.2605042016806722,0,0
USNM_50368,CBDDTY010000864.1,1300,1.0253846153846153,1,0.1573508255083228,1.0309278350515463,0,0
USNM_50368,CBDDTY010000351.1,1299,1.0962278675904542,1,0.33419811410199823,4.672897196261682,0,0
USNM_50368,CBDDTY010000846.1,1298,1.0986132511556241,1,0.36981053709675077,0,0,0
USNM_50368,CBDDTY010000531.1,1296,1.0100308641975309,1,0.09968908718902371,1.25,0,0
USNM_50368,CBDDTY010000752.1,1296,1.0154320987654322,1,0.12331132094154429,0,0,0
USNM_50368,CBDDTY010000612.1,1294,1.1298299845440494,1,0.3453240434292136,5.194805194805195,0,0
USNM_50368,CBDDTY010000200.1,1293,1.0177880897138438,1,0.13223160191626582,0,0,0
USNM_50368,CBDDTY010000443.1,1293,1.0309358081979891,1,0.1732108176826475,9.183673469387756,0,0
USNM_50368,CBDDTY010002780.1,1290,1.162015503875969,1,0.41792531254487003,0.5813953488372093,0,0
USNM_50368,CBDDTY010000594.1,1289,1.020946470131885,1,0.14326073314163518,1.2658227848101267,0,0
USNM_50368,CBDDTY010000365.1,1286,1.1648522550544322,1,0.41475821274762403,1.941747572815534,0,0
USNM_50368,CBDDTY010002664.1,1285,1.1657587548638133,1,0.4409821462167573,8.156063829787234,0,0
USNM_50368,CBDDTY010003313.1,1285,1.3058365758754864,1,0.7086505020243893,1.4563106796116505,0,0
USNM_50368,CBDDTY010000521.1,1282,1.2714508580343213,1,0.6714514678631615,8.771894736842105,0,0
USNM_50368,CBDDTY010000807.1,1282,1.0717628705148206,1,0.25819558803440934,4.320987654320987,0,0
USNM_50368,CBDDTY010000924.1,1282,1.0928237129485179,1,0.29029847914491996,3.3333333333333335,0,0
USNM_50368,CBDDTY010003275.1,1282,1.143525741029641,1,0.3986621495517273,0,0,0
USNM_50368,CBDDTY010001547.1,1280,1.03828125,1,0.19194942231517806,3.260869565217391,0,0
USNM_50368,CBDDTY010000430.1,1279,1.0461297888975762,1,0.20984818727335144,5.319148936170213,0,0
USNM_50368,CBDDTY010001298.1,1279,1.0078186082877247,1,0.08811099628298527,1.2658227848101267,0,0
USNM_50368,CBDDTY010000769.1,1278,1.0070422535211268,1,0.08365486259784648,0,0,0
USNM_50368,CBDDTY010000330.1,1277,1.0305403288958497,1,0.17213605278541674,3.6363636363636362,0,0
USNM_50368,CBDDTY010000478.1,1277,1.014878621769773,1,0.12111455426900287,6.024096385542169,0,0
USNM_50368,CBDDTY010000715.1,1277,1.0313234142521535,1,0.1742585354316364,12.64367816091954,0,0
USNM_50368,CBDDTY010000316.1,1276,1.1747648902821317,1,0.5239573620334826,2.898550724637681,0,0
USNM_50368,CBDDTY010002750.1,1276,1.146551724137931,1,0.37946797388563397,1.7093589743589743,0,0
USNM_50368,CBDDTY010001214.1,1272,1,1,0,0,0,0
USNM_50368,CBDDTY010001237.1,1272,1.0581761006289307,1,0.23416821096284238,0.9009009009009009,0,0
USNM_50368,CBDDTY010000623.1,1271,1,1,0,4.705882352941177,0,0
USNM_50368,CBDDTY010002478.1,1271,1.1188040912667192,1,0.3402877224210307,0,0,0
USNM_50368,CBDDTY010000008.1,1270,1.0181102362204724,1,0.1334026550494953,0,0,0
USNM_50368,CBDDTY010000948.1,1270,1.1866141732283464,1,0.42273122325161416,0.6578947368421053,0,0
USNM_50368,CBDDTY010002641.1,1270,1.0929133858267717,1,0.32861461529292063,3.9215686274509802,0,0
USNM_50368,CBDDTY010001078.1,1269,1.0181245074862095,1,0.13345427839739255,1.1904761904761905,0,0
USNM_50368,CBDDTY010000405.1,1268,1.0654574132492114,1,0.24742882181127707,0.9900990099009901,0,0
USNM_50368,CBDDTY010001281.1,1268,1.0212933753943219,1,0.14441750529666247,1.3392857142857142,0,0
USNM_50368,CBDDTY010000436.1,1267,1.0876085240726125,1,0.3524630708227338,0,0,0
USNM_50368,CBDDTY010000600.1,1264,1.0261075949367089,1,0.1595183997138242,5.376344086021505,0,0
USNM_50368,CBDDTY010001659.1,1264,1.0205696202531647,1,0.1419945854281378,0,0,0
USNM_50368,CBDDTY010000188.1,1263,1,1,0,0.9090909090909091,0,0
USNM_50368,CBDDTY010001139.1,1263,1.0316706254948536,1,0.18401486318604873,0,0,0
USNM_50368,CBDDTY010002086.1,1263,1.0894695170229611,1,0.28553331613793675,8.433734939759036,0,0
USNM_50368,CBDDTY010000902.1,1262,1.0198098256735342,1,0.13940155986029804,7.5,0,0
USNM_50368,CBDDTY010000325.1,1258,1.0103338632750398,1,0.1011692178596952,11.764705882352942,0,0
USNM_50368,CBDDTY010001220.1,1258,1.1192368839427662,1,0.32419592400717806,0,0,0
USNM_50368,CBDDTY010000419.1,1257,1.0421638822593478,1,0.20104289050314297,2.985074626865672,0,0
USNM_50368,CBDDTY010000213.1,1256,1.1648089171974523,1,0.4195278641483951,10.106382978723405,0,0
USNM_50368,CBDDTY010000257.1,1256,1.0469745222929936,1,0.21166858102937888,37.77777777777778,0,0
USNM_50368,CBDDTY010000424.1,1256,1,1,0,5.555555555555555,0,0
USNM_50368,CBDDTY010003303.1,1256,1.3081210191082802,1,0.5309220466374077,0,0,0
USNM_50368,CBDDTY010000967.1,1255,1,1,0,0,0,0
USNM_50368,CBDDTY010001180.1,1252,1.0966453674121406,1,0.3384569189213484,1.075268817204301,0,0
USNM_50368,CBDDTY010000196.1,1251,1.084732214228617,1,0.2785941640333,0,0,0
USNM_50368,CBDDTY010000761.1,1251,1.0423661071143087,1,0.2204624164304504,2.4691358024691357,0,0
USNM_50368,CBDDTY010001274.1,1250,1.0704,1,0.25592232608663057,2.7777777777777777,0,0
USNM_50368,CBDDTY010001341.1,1249,1.1361088871096878,1,0.34304150669209726,0,0,0
USNM_50368,CBDDTY010000639.1,1248,1.048878205128205,1,0.21569980752532697,3.488372093023256,0,0
USNM_50368,CBDDTY010001372.1,1247,1.3873295910184442,1,0.6798639083071648,0,0,0
USNM_50368,CBDDTY010002101.1,1247,1.0930232558139534,1,0.2905815588021303,3.0172413793103448,0,0
USNM_50368,CBDDTY010001097.1,1246,1,1,0,0,0,0
USNM_50368,CBDDTY010000773.1,1245,1.0578313253012048,1,0.23351801396102884,6.451612903225806,0,0
USNM_50368,CBDDTY010000714.1,1243,1.0345937248592116,1,0.18282201386283173,2.5316455696202533,0,0
USNM_50368,CBDDTY010000406.1,1242,1.038647342995169,1,0.19283066253258935,0,0,0
USNM_50368,CBDDTY010002102.1,1240,1.0669354838709677,1,0.25001106487008434,0.9009009009009009,0,0
USNM_50368,CBDDTY010000696.1,1239,1,1,0,0,0,0
USNM_50368,CBDDTY010001342.1,1239,1.1178369652945923,1,0.32254516291825314,10,0,0
USNM_50368,CBDDTY010000564.1,1238,1.0468497576736673,1,0.21140235854599507,0,0,0
USNM_50368,CBDDTY010000629.1,1238,1.001615508885299,1,0.040177143949027674,0,0,0
USNM_50368,CBDDTY010001768.1,1237,1.0573969280517381,1,0.2326935602200924,4.25531914893617,0,0
USNM_50368,CBDDTY010001665.1,1235,1.0842105263157895,1,0.2778157821348661,7.2727272727272725,0,0
USNM_50368,CBDDTY010000691.1,1233,1.1467964314679644,1,0.3784257440416666,6,0,0
USNM_50368,CBDDTY010002404.1,1232,1.55762987012987,1,0.8540572063954038,0,0,0
USNM_50368,CBDDTY010000913.1,1230,1.1699186991869919,1,0.4630241554028346,0,0,0
USNM_50368,CBDDTY010000409.1,1227,1.0024449877750612,1,0.04940646935628492,1.0204081632653061,0,0
USNM_50368,CBDDTY010000775.1,1226,1.0473083197389885,1,0.21238416762380394,9.876543209876543,0,0
USNM_50368,CBDDTY010001050.1,1226,1,1,0,0,0,0
USNM_50368,CBDDTY010000740.1,1225,1.539591836734694,1,1.2268542708464159,0.31443396226415093,0,0
USNM_50368,CBDDTY010000152.1,1224,1,1,0,3.7735849056603774,0,0
USNM_50368,CBDDTY010000615.1,1223,1.0286181520850368,1,0.16679898786970068,0,0,0
USNM_50368,CBDDTY010001179.1,1223,1.0466067048242027,1,0.2108812035654237,0,0,0
USNM_50368,CBDDTY010001243.1,1220,1.0811475409836067,1,0.3123994748144334,0.8403361344537815,0,0
USNM_50368,CBDDTY010001208.1,1219,1.117309269893355,1,0.37163904306387624,5.2631578947368425,0,0
USNM_50368,CBDDTY010001943.1,1218,1.0213464696223318,1,0.14459586326315801,0,0,0
USNM_50368,CBDDTY010002133.1,1218,1.2118226600985222,1,0.44716743282387184,1.6666666666666667,0,0
USNM_50368,CBDDTY010000342.1,1215,1.0938271604938272,1,0.2917081767485504,2.5641025641025643,0,0
USNM_50368,CBDDTY010000634.1,1215,1.0913580246913581,1,0.34780940649277925,5.9405940594059405,0,0
USNM_50368,CBDDTY010000779.1,1214,1.0560131795716639,1,0.27568561582157447,10.5555,0,0
USNM_50368,CBDDTY010000358.1,1213,1.044517724649629,1,0.20632739145858853,0,0,0
USNM_50368,CBDDTY010001368.1,1213,1.0741962077493816,1,0.26219802889275107,0,0,0
USNM_50368,CBDDTY010000130.1,1212,1,1,0,3.7974683544303796,0,0
USNM_50368,CBDDTY010000335.1,1212,1.075082508250825,1,0.26363321201673684,4.2105263157894735,0,0
USNM_50368,CBDDTY010000841.1,1212,1.0074257425742574,1,0.08588764344849606,0,0,0
USNM_50368,CBDDTY010001184.1,1211,1.0132122213047068,1,0.11422973972347626,2.0408163265306123,0,0
USNM_50368,CBDDTY010000390.1,1210,1.0404958677685952,1,0.1972006373741221,0,0,0
USNM_50368,CBDDTY010000472.1,1209,1.0264681555004136,1,0.16058929924842946,2.0408163265306123,0,0
USNM_50368,CBDDTY010000328.1,1208,1.0223509933774835,1,0.14788350275946124,0,0,0
USNM_50368,CBDDTY010000537.1,1207,1.0488815244407623,1,0.21570969308280932,0,0,0
USNM_50368,CBDDTY010000220.1,1206,1.0265339966832505,1,0.1607836413979721,0,0,0
USNM_50368,CBDDTY010000288.1,1205,1.0107883817427386,1,0.10334822854461174,0,0,0
USNM_50368,CBDDTY010000512.1,1204,1.037375415282392,1,0.22941993119931456,0,0,0
USNM_50368,CBDDTY010001460.1,1204,1,1,0,1.2658227848101267,0,0
USNM_50368,CBDDTY010000129.1,1203,1.085619285120532,1,0.27991740764372686,15.306122448979592,0,0
USNM_50368,CBDDTY010001063.1,1203,1.0266001662510391,1,0.1609786901079069,9.090909090909092,0,0
USNM_50368,CBDDTY010001572.1,1202,1.100665557404326,1,0.3375222786048376,1.5384615384615385,0,0
USNM_50368,CBDDTY010000501.1,1201,1.0049958368026644,1,0.07053382745879226,0,0,0
USNM_50368,CBDDTY010001779.1,1200,1.0375,1,0.1900627612421991,0,0,0
USNM_50368,CBDDTY010000496.1,1199,1.02418682235196,1,0.15369294386802212,9.574468085106384,0,0
USNM_50368,CBDDTY010000689.1,1199,1,1,0,0,0,0
USNM_50368,CBDDTY010000772.1,1199,1.0033361134278564,1,0.057686733488802766,0,0,0
USNM_50368,CBDDTY010001195.1,1199,1.0475396163469557,1,0.21287883224708934,1.0869565217391304,0,0
USNM_50368,CBDDTY010000805.1,1198,1.0717863105175292,1,0.258241559081161,1.8518518518518519,0,0
USNM_50368,CBDDTY010000837.1,1198,1.0642737896494157,1,0.24534244254942816,0,0,0
USNM_50368,CBDDTY010000182.1,1197,1.0659983291562238,1,0.2483829509008404,2.816901408450704,0,0
USNM_50368,CBDDTY010002857.1,1197,1.0300751879699248,1,0.17086562331749036,0,0,0
USNM_50368,CBDDTY010002754.1,1196,1.2709030100334449,1,0.6272923982706714,0,0,0
USNM_50368,CBDDTY010000429.1,1195,1,1,0,0,0,0
USNM_50368,CBDDTY010000662.1,1195,1.1230125523012553,1,0.3386310439540503,1.3157894736842106,0,0
USNM_50368,CBDDTY010001073.1,1195,1.0359832635983264,1,0.186326382076403,0,0,0
USNM_50368,CBDDTY010001707.1,1195,1.0979079497907949,1,0.3293880040033395,2.7027027027027026,0,0
USNM_50368,CBDDTY010002184.1,1195,1.2200836820083683,1,0.5137294189936277,3.2051282051282053,0,0
USNM_50368,CBDDTY010001613.1,1194,1.464824120603015,1,1.020749774996881,1.46664,0,0
USNM_50368,CBDDTY010002568.1,1194,1.2462311557788945,1,0.8021388216435894,13.152530120481927,0,0
USNM_50368,CBDDTY010000125.1,1192,1.011744966442953,1,0.10778111066783216,0,0,0
USNM_50368,CBDDTY010000796.1,1191,1.0310663308144417,1,0.1735698967041921,0,0,0
USNM_50368,CBDDTY010001526.1,1191,1.151133501259446,1,0.3766236221357764,11.764705882352942,0,0
USNM_50368,CBDDTY010000485.1,1190,1.0554621848739496,1,0.22897639595834274,2.5,0,0
USNM_50368,CBDDTY010000609.1,1188,1.1675084175084176,1,0.5285973753910268,2.272727272727273,0,0
USNM_50368,CBDDTY010001170.1,1188,1.2314814814814814,1,0.5578139065427004,0,0,0
USNM_50368,CBDDTY010002691.1,1188,1.0353535353535352,1,0.18474954360649087,0,0,0
USNM_50368,CBDDTY010000611.1,1186,1.0514333895446881,1,0.22097322753958404,0,0,0
USNM_50368,CBDDTY010000721.1,1186,1.1062394603709949,1,0.3082738494245554,0,0,0
USNM_50368,CBDDTY010000822.1,1185,1.1071729957805907,1,0.37599982651648456,1.25,0,0
USNM_50368,CBDDTY010000165.1,1183,1.0397295012679628,1,0.19540559025840326,1.1494252873563218,0,0
USNM_50368,CBDDTY010000247.1,1183,1.0397295012679628,1,0.19540559025840326,12.67605633802817,0,0
USNM_50368,CBDDTY010001023.1,1183,1.0701606086221471,1,0.25552551848280586,0,0,0
USNM_50368,CBDDTY010000560.1,1182,1.011844331641286,1,0.10823102019108029,0,0,0
USNM_50368,CBDDTY010001173.1,1182,1.1082910321489001,1,0.3108791552723432,13.157894736842104,0,0
USNM_50368,CBDDTY010001972.1,1182,1.2385786802030456,1,0.4400762117266037,4.040404040404041,0,0
USNM_50368,CBDDTY010003247.1,1182,1.2597292724196278,1,0.6643601095000982,3.3045689655172414,0,0
USNM_50368,CBDDTY010000392.1,1181,1.1642675698560543,1,0.37067516439362636,6.7073170731707314,0,0
USNM_50368,CBDDTY010001212.1,1181,1,1,0,0,0,0
USNM_50368,CBDDTY010000281.1,1177,1.0254885301614274,1,0.15767049969944852,7.766990291262136,0,0
USNM_50368,CBDDTY010000356.1,1176,1.1403061224489797,1,0.36652420290572246,1.9047619047619047,0,0
USNM_50368,CBDDTY010001121.1,1175,1.0195744680851064,1,0.13859168526613883,0,0,0
USNM_50368,CBDDTY010002098.1,1174,1.026405451448041,1,0.16040611026067728,0,0,0
USNM_50368,CBDDTY010002192.1,1174,1.0664395229982964,1,0.24915495236209595,22.580645161290324,0,0
USNM_50368,CBDDTY010000821.1,1172,1.0298634812286689,1,0.17028327771292268,9.090909090909092,0,0
USNM_50368,CBDDTY010000205.1,1171,1,1,0,1.0869565217391304,0,0
USNM_50368,CBDDTY010001262.1,1170,1.0743589743589743,1,0.2624663720050754,5.434782608695652,0,0
USNM_50368,CBDDTY010002137.1,1170,1.176068376068376,1,0.42154337241209633,0.35457446808510634,0,0
USNM_50368,CBDDTY010002386.1,1170,1.0376068376068377,1,0.19032478464107966,1.0416666666666667,0,0
USNM_50368,CBDDTY010003135.1,1170,1.1316239316239316,1,0.34074581628729084,0,0,0
USNM_50368,CBDDTY010000473.1,1169,1.0350727117194183,1,0.18404236320764486,1.2345679012345678,0,0
USNM_50368,CBDDTY010001990.1,1169,1.0230966638152268,1,0.15027483405695927,7.407407407407407,0,0
USNM_50368,CBDDTY010000262.1,1167,1.0299914310197087,1,0.17063673489401912,1.0416666666666667,0,0
USNM_50368,CBDDTY010000921.1,1167,1.0342759211653814,1,0.18201502952236687,0,0,0
USNM_50368,CBDDTY010002434.1,1166,1.1843910806174958,1,0.5000909081882664,1.4705882352941178,0,0
USNM_50368,CBDDTY010003367.1,1166,1.4125214408233275,1,0.7586848723886609,6,0,0
USNM_50368,CBDDTY010000218.1,1165,1,1,0,0,0,0
USNM_50368,CBDDTY010000783.1,1165,1,1,0,2.5316455696202533,0,0
USNM_50368,CBDDTY010000574.1,1164,1.1829896907216495,1,0.5594672535584219,16.901408450704224,0,0
USNM_50368,CBDDTY010000248.1,1163,1.0438521066208082,1,0.2048540527497623,3.658536585365854,0,0
USNM_50368,CBDDTY010000604.1,1162,1.0834767641996557,1,0.276720604114125,0,0,0
USNM_50368,CBDDTY010000459.1,1161,1,1,0,15.217391304347826,0,0
USNM_50368,CBDDTY010000991.1,1161,1,1,0,0,0,0
USNM_50368,CBDDTY010001092.1,1161,1.0137812230835486,1,0.11663197508676902,0,0,0
USNM_50368,CBDDTY010000785.1,1160,1.039655172413793,1,0.1952319080029502,0.9345794392523364,0,0
USNM_50368,CBDDTY010000735.1,1159,1.5737704918032787,1,1.088264698665575,3.5795454545454546,0,0
USNM_50368,CBDDTY010001326.1,1159,1.0465918895599655,1,0.22664489500443924,7.6923076923076925,0,0
USNM_50368,CBDDTY010001724.1,1159,1,1,0,5.128205128205129,0,0
USNM_50368,CBDDTY010001830.1,1159,1.0224331320103537,1,0.1481513561344117,1.3333333333333333,0,0
USNM_50368,CBDDTY010002300.1,1159,1.272648835202761,1,0.5139193502011417,7.638888888888889,0,0
USNM_50368,CBDDTY010000571.1,1157,1.0337078651685394,1,0.1805542055943555,4.3478260869565215,0,0
USNM_50368,CBDDTY010001096.1,1157,1.003457216940363,1,0.05872175852341097,1.1363636363636365,0,0
USNM_50368,CBDDTY010001578.1,1157,1.020743301642178,1,0.14258537405092422,3.2967032967032965,0,0
USNM_50368,CBDDTY010001931.1,1157,1.063094209161625,1,0.24323746839344268,4.069767441860465,0,0
USNM_50368,CBDDTY010002492.1,1157,1.1261884183232498,1,0.33220518699612867,1.0204081632653061,0,0
USNM_50368,CBDDTY010001769.1,1155,1.0632034632034633,1,0.24343396000204365,8,0,0
USNM_50368,CBDDTY010001066.1,1153,1.06244579358196,1,0.24206845705528734,1.0638297872340425,0,0
USNM_50368,CBDDTY010001159.1,1152,1.1909722222222223,1,0.4967191326173942,1.075268817204301,0,0
USNM_50368,CBDDTY010000984.1,1151,1.0668983492615118,1,0.24995447778043522,3.0303030303030303,0,0
USNM_50368,CBDDTY010002008.1,1151,1,1,0,0,0,0
USNM_50368,CBDDTY010001110.1,1148,1,1,0,1.9801980198019802,0,0
USNM_50368,CBDDTY010001162.1,1148,1.0609756097560976,1,0.23938985818057343,0,0,0
USNM_50368,CBDDTY010001822.1,1148,1.0705574912891986,1,0.25619583563149784,1.2195121951219512,0,0
USNM_50368,CBDDTY010002333.1,1148,1.0940766550522647,1,0.2920625645887148,3.6842105263157894,0,0
USNM_50368,CBDDTY010000401.1,1147,1.056669572798605,1,0.23131100255359208,0,0,0
USNM_50368,CBDDTY010000233.1,1146,1,1,0,2.380952380952381,0,0
USNM_50368,CBDDTY010001192.1,1146,1.0104712041884816,1,0.10183617955825071,0,0,0
USNM_50368,CBDDTY010000151.1,1145,1.211353711790393,1,0.6021903505620745,5.860769230769231,0,0
USNM_50368,CBDDTY010000844.1,1144,1.0716783216783217,1,0.2580673469758108,3.508771929824561,0,0
USNM_50368,CBDDTY010001258.1,1144,1.0769230769230769,1,0.3310033650485504,1.2987012987012987,0,0
USNM_50368,CBDDTY010000293.1,1143,1.1924759405074365,1,0.4243623970562719,1.6666666666666667,0,0
USNM_50368,CBDDTY010000567.1,1143,1.0507436570428696,1,0.219569846730532,0,0,0
USNM_50368,CBDDTY010002400.1,1143,1.062992125984252,1,0.2430551437743676,0,0,0
USNM_50368,CBDDTY010002548.1,1143,1.0288713910761156,1,0.16751831354125418,9.89010989010989,0,0
USNM_50368,CBDDTY010001787.1,1142,1.1313485113835378,1,0.4147771365438733,3.125,0,0
USNM_50368,CBDDTY010001967.1,1142,1.3213660245183887,1,0.6411664087563956,0,0,0
USNM_50368,CBDDTY010000280.1,1138,1.0369068541300528,1,0.18861601234065714,0,0,0
USNM_50368,CBDDTY010000374.1,1138,1.0228471001757469,1,0.14948158846699539,10.227272727272727,0,0
USNM_50368,CBDDTY010000423.1,1138,1,1,0,0,0,0
USNM_50368,CBDDTY010000224.1,1137,1.0158311345646438,1,0.12487683924767555,0,0,0
USNM_50368,CBDDTY010002418.1,1137,1.1574318381706246,1,0.4408894868150409,0,0,0
USNM_50368,CBDDTY010001075.1,1136,1.1804577464788732,1,0.5259823299588361,0,0,0
USNM_50368,CBDDTY010001284.1,1136,1.0651408450704225,1,0.24688290660250475,0.8064516129032258,0,0
USNM_50368,CBDDTY010001361.1,1136,1.0422535211267605,1,0.20125559829883385,1.1627906976744187,0,0
USNM_50368,CBDDTY010000808.1,1135,1.213215859030837,1,0.43278532922740975,2.9761904761904763,0,0
USNM_50368,CBDDTY010000814.1,1135,1.0748898678414096,1,0.26332958478592466,3.225806451612903,0,0
USNM_50368,CBDDTY010000703.1,1132,1,1,0,1.1627906976744187,0,0
USNM_50368,CBDDTY010001355.1,1132,1.0503533568904593,1,0.21876968630829643,15.277777777777779,0,0
USNM_50368,CBDDTY010001938.1,1130,1.0097345132743363,1,0.09822571372162432,4.545454545454546,0,0
USNM_50368,CBDDTY010001656.1,1129,1.6279893711248892,1,1.0034318487392315,9.574468085106384,0,0
USNM_50368,CBDDTY010003168.1,1129,1.1390611160318866,1,0.34616363119107657,1.7543859649122806,0,0
USNM_50368,CBDDTY010000481.1,1128,1,1,0,5.128205128205129,0,0
USNM_50368,CBDDTY010000318.1,1127,1.033717834960071,1,0.1805820524952796,3.2051282051282053,0,0
USNM_50368,CBDDTY010000534.1,1125,1.048888888888889,1,0.2157316259626537,0,0,0
USNM_50368,CBDDTY010001148.1,1125,1.0435555555555556,1,0.20419483791409407,0,0,0
USNM_50368,CBDDTY010001376.1,1124,1.1263345195729537,1,0.37988199205825995,0,0,0
USNM_50368,CBDDTY010003222.1,1124,1.2615658362989324,1,0.4913314856461762,22.61904761904762,0,0
USNM_50368,CBDDTY010000239.1,1123,1.0053428317008015,1,0.07293162750391662,11.290322580645162,0,0
USNM_50368,CBDDTY010000375.1,1123,1.0489759572573465,1,0.21591393105735415,0,0,0
USNM_50368,CBDDTY010002932.1,1123,1.0908281389136243,1,0.2874925866374448,1.0309278350515463,0,0
USNM_50368,CBDDTY010000291.1,1122,1,1,0,1.2048192771084338,0,0
USNM_50368,CBDDTY010001017.1,1122,1,1,0,0,0,0
USNM_50368,CBDDTY010000366.1,1121,1.0856378233719892,1,0.2862609463850388,0,0,0
USNM_50368,CBDDTY010001249.1,1121,1.3175735950044603,1,0.751750219831321,0,0,0
USNM_50368,CBDDTY010001536.1,1121,1.1570026761819803,1,0.44558101014290824,1.4814444444444443,0,0
USNM_50368,CBDDTY010000297.1,1120,1.0803571428571428,1,0.2719667506205956,0,0,0
USNM_50368,CBDDTY010000824.1,1120,1.011607142857143,1,0.10715721849365456,0,0,0
USNM_50368,CBDDTY010000421.1,1119,1.1814119749776586,1,0.43563677518346616,2.272727272727273,0,0
USNM_50368,CBDDTY010000466.1,1119,1.02591599642538,1,0.158955772090591,9.859154929577464,0,0
USNM_50368,CBDDTY010001496.1,1117,1.099373321396598,1,0.29929660868211977,0,0,0
USNM_50368,CBDDTY010003039.1,1117,1.098478066248881,1,0.2980934229576261,7.142857142857143,0,0
USNM_50368,CBDDTY010000207.1,1114,1.021543985637343,1,0.14525419780806997,3.488372093023256,0,0
USNM_50368,CBDDTY010000245.1,1114,1.0053859964093357,1,0.07322431671542069,5.882352941176471,0,0
USNM_50368,CBDDTY010000589.1,1114,1.0816876122082586,1,0.27401121311689086,0.9803921568627451,0,0
USNM_50368,CBDDTY010002268.1,1113,1.0260557053009882,1,0.15937260238363363,6.837606837606837,0,0
USNM_50368,CBDDTY010001076.1,1110,1.0927927927927927,1,0.3141426598992381,2.7472527472527473,0,0
USNM_50368,CBDDTY010000185.1,1109,1.1055004508566275,1,0.30733577289544506,10.416666666666666,0,0
USNM_50368,CBDDTY010000575.1,1109,1.1262398557258793,1,0.3322693279799155,1.25,0,0
USNM_50368,CBDDTY010001373.1,1109,1.0802524797114517,1,0.2718062481943225,4.3478260869565215,0,0
USNM_50368,CBDDTY010000398.1,1108,1.0315884476534296,1,0.17498071730680792,2.1052631578947367,0,0
USNM_50368,CBDDTY010001426.1,1108,1.089350180505415,1,0.28537734275810744,0.9803921568627451,0,0
USNM_50368,CBDDTY010000106.1,1107,1.034327009936766,1,0.1821500425334546,2.380952380952381,0,0
USNM_50368,CBDDTY010000237.1,1107,1.194218608852755,1,0.3957767548625915,17.741935483870968,0,0
USNM_50368,CBDDTY010001330.1,1107,1.0903342366757,1,0.28678957564458235,0,0,0
USNM_50368,CBDDTY010000718.1,1106,1.0750452079566004,1,0.2635834636282832,0,0,0
USNM_50368,CBDDTY010001018.1,1106,1.092224231464738,1,0.3437787465766683,4.838709677419355,0,0
USNM_50368,CBDDTY010001133.1,1106,1.0551537070524413,1,0.22838330855992794,0,0,0
USNM_50368,CBDDTY010002798.1,1106,1.0479204339963835,1,0.21369453607777325,0,0,0
USNM_50368,CBDDTY010003059.1,1105,1.0950226244343892,1,0.29337896615942455,14.462809917355372,0,0
USNM_50368,CBDDTY010001225.1,1104,1.0298913043478262,1,0.17036462139096803,2.985074626865672,0,0
USNM_50368,CBDDTY010000617.1,1102,1.133393829401089,1,0.39454857806403554,1.1363636363636365,0,0
USNM_50368,CBDDTY010000863.1,1102,1.0163339382940109,1,0.12681377677068256,3.2967032967032965,0,0
USNM_50368,CBDDTY010000919.1,1102,1.0272232304900182,1,0.16280718352002033,0,0,0
USNM_50368,CBDDTY010000088.1,1100,1.039090909090909,1,0.19389943011330096,3.0303030303030303,0,0
USNM_50368,CBDDTY010000726.1,1100,1.210909090909091,1,0.46248634823231877,1.0309278350515463,0,0
USNM_50368,CBDDTY010000767.1,1100,1,1,0,4.444444444444445,0,0
USNM_50368,CBDDTY010000956.1,1100,1.0736363636363637,1,0.26129699344935625,1.7241379310344827,0,0
USNM_50368,CBDDTY010000603.1,1099,1,1,0,0,0,0
USNM_50368,CBDDTY010000993.1,1098,1,1,0,6.024096385542169,0,0
USNM_50368,CBDDTY010001257.1,1096,1,1,0,1.1904761904761905,0,0
USNM_50368,CBDDTY010002767.1,1096,1.0155109489051095,1,0.12362970881969693,0,0,0
USNM_50368,CBDDTY010001205.1,1095,1.0502283105022832,1,0.2996607510879138,0,0,0
USNM_50368,CBDDTY010000529.1,1094,1.2093235831809872,1,0.6480775282111914,1.0309278350515463,0,0
USNM_50368,CBDDTY010000884.1,1091,1.0064161319890008,1,0.07987999644005561,0,0,0
USNM_50368,CBDDTY010000104.1,1089,1.044077134986226,1,0.20536082288045374,0,0,0
USNM_50368,CBDDTY010002697.1,1088,1.114889705882353,1,0.39153742064004426,4,0,0
USNM_50368,CBDDTY010000827.1,1087,1,1,0,0,0,0
USNM_50368,CBDDTY010000393.1,1083,1.1837488457987073,1,0.38745816026706553,0.5154639175257731,0,0
USNM_50368,CBDDTY010002591.1,1083,1.0267774699907664,1,0.17784771302949706,3.888888888888889,0,0
USNM_50368,CBDDTY010000856.1,1081,1.059204440333025,1,0.27923658464192586,16.666666666666668,0,0
USNM_50368,CBDDTY010001718.1,1080,1.0814814814814815,1,0.3586991604412147,4.526666666666666,0,0
USNM_50368,CBDDTY010002421.1,1080,1.0092592592592593,1,0.0958228952511685,0,0,0
USNM_50368,CBDDTY010002547.1,1080,1.3768518518518518,1,0.7137088034114495,14.285714285714286,0,0
USNM_50368,CBDDTY010001253.1,1079,1.015755329008341,1,0.12458524663792,0,0,0
USNM_50368,CBDDTY010000404.1,1078,1.1400742115027829,1,0.34722509759023146,4.672897196261682,0,0
USNM_50368,CBDDTY010001339.1,1078,1.036178107606679,1,0.18681977522563564,0.9615384615384616,0,0
USNM_50368,CBDDTY010000140.1,1077,1,1,0,0,0,0
USNM_50368,CBDDTY010002462.1,1076,1.0743494423791822,1,0.26246070733104415,27.272727272727273,0,0
USNM_50368,CBDDTY010002910.1,1076,1.0511152416356877,1,0.22033518168555533,0,0,0
USNM_50368,CBDDTY010000223.1,1075,1.12,1,0.32511278661773113,0,0,0
USNM_50368,CBDDTY010000687.1,1075,1.0530232558139534,1,0.22418417046973585,12.5,0,0
USNM_50368,CBDDTY010001771.1,1074,1.080074487895717,1,0.28493323238276985,1.2048192771084338,0,0
USNM_50368,CBDDTY010002188.1,1073,1.086672879776328,1,0.28148629738660336,1.0309278350515463,0,0
USNM_50368,CBDDTY010000923.1,1071,1,1,0,2.5974025974025974,0,0
USNM_50368,CBDDTY010001042.1,1071,1.026143790849673,1,0.15963736315813826,6.666666666666667,0,0
USNM_50368,CBDDTY010002480.1,1071,1.1484593837535013,1,0.3557208792150475,11.428571428571429,0,0
USNM_50368,CBDDTY010000303.1,1070,1.0757009345794393,1,0.26464269697424325,1.2345679012345678,0,0
USNM_50368,CBDDTY010000285.1,1069,1,1,0,0,0,0
USNM_50368,CBDDTY010001447.1,1069,1.0907390084190833,1,0.449925416398638,0,0,0
USNM_50368,CBDDTY010000888.1,1068,1.000936329588015,1,0.03059950306810523,0,0,0
USNM_50368,CBDDTY010000943.1,1068,1,1,0,0,0,0
USNM_50368,CBDDTY010001868.1,1068,1.0524344569288389,1,0.22300594133486976,1.0101010101010102,0,0
USNM_50368,CBDDTY010000198.1,1066,1.0168855534709194,1,0.1289031373341084,4.225352112676056,0,0
USNM_50368,CBDDTY010000497.1,1066,1.174484052532833,1,0.4936650003892207,6.1275,0,0
USNM_50368,CBDDTY010000271.1,1064,1.031015037593985,1,0.17343983685388067,0,0,0
USNM_50368,CBDDTY010001563.1,1064,1.2330827067669172,1,0.4890094897010589,0,0,0
USNM_50368,CBDDTY010000755.1,1063,1.1269990592662276,1,0.3331286476062784,4.545454545454546,0,0
USNM_50368,CBDDTY010000367.1,1061,1,1,0,25.28735632183908,0,0
USNM_50368,CBDDTY010001609.1,1060,1.0132075471698114,1,0.1142165262241942,12.068965517241379,0,0
USNM_50368,CBDDTY010001141.1,1059,1.0264400377714826,1,0.16051570641543997,0,0,0
USNM_50368,CBDDTY010001573.1,1059,1.0236071765816808,1,0.15189359456353313,7.894736842105263,0,0
USNM_50368,CBDDTY010001521.1,1058,1.0066162570888468,1,0.08110918742152347,8.450704225352112,0,0
USNM_50368,CBDDTY010001625.1,1058,1.2665406427221173,1,0.5875043338090625,10.126582278481013,0,0
USNM_50368,CBDDTY010002023.1,1057,1.0151371807000946,1,0.12215630941046986,4,0,0
USNM_50368,CBDDTY010001014.1,1056,1.021780303030303,1,0.14603464183679493,0,0,0
USNM_50368,CBDDTY010002250.1,1056,1.0776515151515151,1,0.3478199890660551,20.58823529411765,0,0
USNM_50368,CBDDTY010000978.1,1055,1.1213270142180094,1,0.42286425320835075,4.444444444444445,0,0
USNM_50368,CBDDTY010003047.1,1055,1.0843601895734598,1,0.33387487448175956,0,0,0
USNM_50368,CBDDTY010000336.1,1054,1.0332068311195446,1,0.17926133366195832,2.7777777777777777,0,0
USNM_50368,CBDDTY010000416.1,1054,1,1,0,4.395604395604396,0,0
USNM_50368,CBDDTY010000619.1,1054,1.0654648956356736,1,0.24746180113509283,3.508771929824561,0,0
USNM_50368,CBDDTY010002030.1,1051,1.1389153187440533,1,0.4044023967987099,9.67741935483871,0,0
USNM_50368,CBDDTY010000383.1,1049,1.0562440419447092,1,0.24260356552413062,0,0,0
USNM_50368,CBDDTY010001410.1,1048,1.1221374045801527,1,0.32760077186215614,10.784313725490197,0,0
USNM_50368,CBDDTY010000321.1,1046,1,1,0,10.294117647058824,0,0
USNM_50368,CBDDTY010002112.1,1046,1.0755258126195029,1,0.26436429266710226,1.1764705882352942,0,0
USNM_50368,CBDDTY010001167.1,1045,1.522488038277512,1,1.0733275911446307,8.546923076923077,0,0
USNM_50368,CBDDTY010001338.1,1045,1.0956937799043063,1,0.29431168808079444,3.5294117647058822,0,0
USNM_50368,CBDDTY010000249.1,1044,1.0363984674329503,1,0.18736927878485457,1.1627906976744187,0,0
USNM_50368,CBDDTY010000476.1,1044,1.0239463601532568,1,0.1529553572760136,4.878048780487805,0,0
USNM_50368,CBDDTY010001671.1,1044,1.0210727969348659,1,0.14369590263059562,3.048780487804878,0,0
USNM_50368,CBDDTY010001941.1,1044,1.0028735632183907,1,0.05355420646459592,11.702127659574469,0,0
USNM_50368,CBDDTY010000301.1,1043,1.0335570469798658,1,0.18017240452123684,4.310344827586207,0,0
USNM_50368,CBDDTY010000417.1,1043,1,1,0,0,0,0
USNM_50368,CBDDTY010000699.1,1043,1.084372003835091,1,0.27807824135187426,3.0303030303030303,0,0
USNM_50368,CBDDTY010002354.1,1043,1.0345158197507192,1,0.18263750765510997,0,0,0
USNM_50368,CBDDTY010000486.1,1042,1.1065259117082533,1,0.3086576928800705,0,0,0
USNM_50368,CBDDTY010000684.1,1041,1.026897214217099,1,0.16186080796688707,3.125,0,0
USNM_50368,CBDDTY010002308.1,1041,1.1671469740634006,1,0.37328637505396717,2.7027027027027026,0,0
USNM_50368,CBDDTY010000455.1,1040,1.1557692307692307,1,0.4030267876272305,16.071428571428573,0,0
USNM_50368,CBDDTY010002163.1,1040,1.1086538461538462,1,0.34086753865282227,1.7391304347826086,0,0
USNM_50368,CBDDTY010002633.1,1040,1.0326923076923078,1,0.17791559011894925,0,0,0
USNM_50368,CBDDTY010000676.1,1039,1.1684311838306063,1,0.45987824353027323,1.8518518518518519,0,0
USNM_50368,CBDDTY010002128.1,1039,1.0202117420596728,1,0.1407917106809936,0,0,0
USNM_50368,CBDDTY010000468.1,1037,1.1870781099324976,1,0.4301688259235253,0,0,0
USNM_50368,CBDDTY010001517.1,1037,1.0115718418514947,1,0.10699988226539757,0,0,0
USNM_50368,CBDDTY010000992.1,1036,1,1,0,1.25,0,0
USNM_50368,CBDDTY010001687.1,1032,1.058139534883721,1,0.23412057192569286,0,0,0
USNM_50368,CBDDTY010002312.1,1032,1.0881782945736433,1,0.2836915019474589,0,0,0
USNM_50368,CBDDTY010000647.1,1031,1.0727449078564502,1,0.29484919942031756,1.1764705882352942,0,0
USNM_50368,CBDDTY010001056.1,1031,1,1,0,0,0,0
USNM_50368,CBDDTY010001445.1,1030,1.0854368932038836,1,0.35335618872582913,0,0,0
USNM_50368,CBDDTY010000363.1,1029,1.0806608357628766,1,0.3123669376347573,5.555555555555555,0,0
USNM_50368,CBDDTY010001999.1,1029,1.3129251700680271,1,0.8883367131838946,2.380952380952381,0,0
USNM_50368,CBDDTY010000384.1,1027,1.0555014605647517,1,0.22906798353269717,0,0,0
USNM_50368,CBDDTY010002076.1,1027,1.0321324245374879,1,0.1764376480664685,1.1904761904761905,0,0
USNM_50368,CBDDTY010002259.1,1027,1.074001947419669,1,0.26190160049011496,10.091743119266056,0,0
USNM_50368,CBDDTY010001516.1,1026,1.0214424951267056,1,0.14492475796236887,0,0,0
USNM_50368,CBDDTY010001644.1,1026,1.2378167641325537,1,0.5244953063582747,7.4766355140186915,0,0
USNM_50368,CBDDTY010003177.1,1025,1.2907317073170732,1,0.5241827262394335,9.63855421686747,0,0
USNM_50368,CBDDTY010001043.1,1024,1.05859375,1,0.23497753683118153,0,0,0
USNM_50368,CBDDTY010001425.1,1024,1.0576171875,1,0.2331319881270571,0,0,0
USNM_50368,CBDDTY010001506.1,1024,1.1005859375,1,0.3009266373925302,0,0,0
USNM_50368,CBDDTY010000362.1,1022,1.0391389432485323,1,0.1940204111713144,0,0,0
USNM_50368,CBDDTY010001705.1,1022,1.1937377690802349,1,0.5270730459908772,2.247191011235955,0,0
USNM_50368,CBDDTY010001183.1,1021,1.0254652301665035,1,0.15761054015612286,2.9411764705882355,0,0
USNM_50368,CBDDTY010002535.1,1021,1,1,0,5.333333333333333,0,0
USNM_50368,CBDDTY010002481.1,1020,1.1176470588235294,1,0.3705052552951858,6.338028169014085,0,0
USNM_50368,CBDDTY010000391.1,1019,1.0078508341511285,1,0.08829977364816549,1.0526315789473684,0,0
USNM_50368,CBDDTY010002327.1,1019,1.068694798822375,1,0.2530586257320634,11.029411764705882,0,0
USNM_50368,CBDDTY010000317.1,1018,1.1296660117878192,1,0.36418317762805075,3.5714285714285716,0,0
USNM_50368,CBDDTY010000597.1,1018,1.043222003929273,1,0.20345644473387484,0,0,0
USNM_50368,CBDDTY010001164.1,1018,1.0579567779960708,1,0.23377654934326386,31.57894736842105,0,0
USNM_50368,CBDDTY010001174.1,1018,1.0392927308447937,1,0.19438603333814974,0.9259259259259259,0,0
USNM_50368,CBDDTY010002627.1,1016,1.0433070866141732,1,0.20364774036710295,0,0,0
USNM_50368,CBDDTY010002608.1,1015,1.3241379310344827,1,0.626784333152685,0,0,0
USNM_50368,CBDDTY010004227.1,1015,2.824630541871921,2,2.047942209715046,5.96578947368421,3,0.2955665024630542
USNM_50368,CBDDTY010001297.1,1014,1,1,0,10.891089108910892,0,0
USNM_50368,CBDDTY010000720.1,1013,1.0562685093780848,1,0.3108586459983795,2.9411764705882355,0,0
USNM_50368,CBDDTY010000795.1,1013,1.020730503455084,1,0.14255107755086346,4.477611940298507,0,0
USNM_50368,CBDDTY010001356.1,1013,1.054294175715696,1,0.226709187435413,1.3333333333333333,0,0
USNM_50368,CBDDTY010000587.1,1012,1.0395256916996047,1,0.19493835372428822,8.51063829787234,0,0
USNM_50368,CBDDTY010001080.1,1011,1.0454995054401583,1,0.20850011930987095,2,0,0
USNM_50368,CBDDTY010002141.1,1011,1.0494559841740851,1,0.21692541217392552,2.4390243902439024,0,0
USNM_50368,CBDDTY010002346.1,1011,1.086053412462908,1,0.28408852531137385,3.1746031746031744,0,0
USNM_50368,CBDDTY010000790.1,1010,1.0198019801980198,1,0.1393883011929427,0,0,0
USNM_50368,CBDDTY010000270.1,1009,1.2021803766105055,1,0.4327321873901102,4.666666666666667,0,0
USNM_50368,CBDDTY010001386.1,1009,1.064420218037661,1,0.24562175283113932,0,0,0
USNM_50368,CBDDTY010001957.1,1009,1.026759167492567,1,0.1614588209753026,12.32876712328767,0,0
USNM_50368,CBDDTY010000388.1,1008,1.0753968253968254,1,0.26416163928202013,5.333333333333333,0,0
USNM_50368,CBDDTY010001764.1,1008,1.0228174603174602,1,0.14939533343825212,0,0,0
USNM_50368,CBDDTY010000295.1,1007,1,1,0,0,0,0
USNM_50368,CBDDTY010000498.1,1007,1.0615690168818273,1,0.24049055431149144,3.225806451612903,0,0
USNM_50368,CBDDTY010000509.1,1007,1.0615690168818273,1,0.24049055431149144,1.075268817204301,0,0
USNM_50368,CBDDTY010000533.1,1007,1.0536246276067527,1,0.2253873848945802,3.125,0,0
USNM_50368,CBDDTY010001295.1,1006,1.0238568588469186,1,0.15267901290865146,0,0,0
USNM_50368,CBDDTY010001370.1,1005,1.0527363184079601,1,0.22361787787018605,0,0,0
USNM_50368,CBDDTY010000776.1,1004,1.1245019920318724,1,0.4547711518931618,8.108108108108109,0,0
USNM_50368,CBDDTY010001518.1,1004,1.052788844621514,1,0.2683025019217067,0,0,0
USNM_50368,CBDDTY010000192.1,1003,1.0259222333000997,1,0.15898261223232238,0,0,0
USNM_50368,CBDDTY010001252.1,1003,1,1,0,0,0,0
USNM_50368,CBDDTY010001303.1,1003,1.081754735792622,1,0.2741273791961596,11.842105263157896,0,0
USNM_50368,CBDDTY010001828.1,1002,1.0828343313373254,1,0.27576929088860636,0,0,0
USNM_50368,CBDDTY010000707.1,1001,1.2247752247752248,1,0.6216313814678072,0,0,0
USNM_50368,CBDDTY010002930.1,1001,1.00999000999001,1,0.09949924572628628,0,0,0
USNM_50368,CBDDTY010000240.1,1000,1.058,1,0.2338604085575211,1.4705882352941178,0,0
USNM_50368,CBDDTY010000944.1,1000,1.071,1,0.25695335184625445,2.816901408450704,0,0
USNM_50368,CBDDTY010001510.1,1000,1,1,0,1.5873015873015872,0,0
USNM_50368,CBDDTY010003150.1,999,1.4244244244244244,1,0.6425494405968046,5.072391304347826,0,0
USNM_50368,CBDDTY010000536.1,997,1,1,0,0,0,0
USNM_50368,CBDDTY010002097.1,997,1.025075225677031,1,0.15643210467023855,1.2345679012345678,0,0
USNM_50368,CBDDTY010000347.1,996,1.0170682730923695,1,0.12959092714934503,0,0,0
USNM_50368,CBDDTY010000713.1,994,1.0342052313883299,1,0.1818474680723021,0,0,0
USNM_50368,CBDDTY010000892.1,993,1.051359516616314,1,0.22084119023178603,0,0,0
USNM_50368,CBDDTY010001699.1,993,1.0986908358509566,1,0.36246287085520223,4.878048780487805,0,0
USNM_50368,CBDDTY010001808.1,993,1.0352467270896273,1,0.18449572879449086,37.5,0,0
USNM_50368,CBDDTY010002222.1,993,1,1,0,0,0,0
USNM_50368,CBDDTY010000834.1,992,1.0201612903225807,1,0.14062271123751846,2.6315789473684212,0,0
USNM_50368,CBDDTY010001403.1,992,1.153225806451613,1,0.41015081450006957,0,0,0
USNM_50368,CBDDTY010001657.1,992,1.1431451612903225,1,0.36451229058380746,0,0,0
USNM_50368,CBDDTY010002510.1,992,1.123991935483871,1,0.34176043316714005,0,0,0
USNM_50368,CBDDTY010000669.1,991,1.0928355196770938,1,0.45333682283606563,0,0,0
USNM_50368,CBDDTY010001246.1,989,1,1,0,3.75,0,0
USNM_50368,CBDDTY010001710.1,989,1.058645096056623,1,0.235078125588663,0,0,0
USNM_50368,CBDDTY010000635.1,988,1,1,0,0,0,0
USNM_50368,CBDDTY010003092.1,987,1.0759878419452888,1,0.32052965777805614,0,0,0
USNM_50368,CBDDTY010000627.1,986,1,1,0,1.8181818181818181,0,0
USNM_50368,CBDDTY010001750.1,986,1.054766734279919,1,0.22763983564051568,7.6923076923076925,0,0
USNM_50368,CBDDTY010002749.1,986,1.0993914807302232,1,0.29933875499518797,1.492537313432836,0,0
USNM_50368,CBDDTY010000189.1,985,1.0771573604060913,1,0.26697652337551303,13.88888888888889,0,0
USNM_50368,CBDDTY010001057.1,985,1.0771573604060913,1,0.26697652337551303,11.403508771929825,0,0
USNM_50368,CBDDTY010002650.1,985,1.1116751269035532,1,0.339948190757052,10.294117647058824,0,0
USNM_50368,CBDDTY010000535.1,984,1.0995934959349594,1,0.3667789427942775,0,0,0
USNM_50368,CBDDTY010001616.1,984,1,1,0,1.3888888888888888,0,0
USNM_50368,CBDDTY010001641.1,983,1.1576805696846388,1,0.3646267400660049,8.51063829787234,0,0
USNM_50368,CBDDTY010001940.1,982,1,1,0,0,0,0
USNM_50368,CBDDTY010002746.1,982,1.164969450101833,1,0.49387166789164827,0,0,0
USNM_50368,CBDDTY010000004.1,981,1.0988786952089704,1,0.37716553850185974,0,0,0
USNM_50368,CBDDTY010000833.1,981,1.0927624872579,1,0.2902472796186937,1.2345679012345678,0,0
USNM_50368,CBDDTY010001618.1,980,1.1051020408163266,1,0.3068414492377041,1.1494252873563218,0,0
USNM_50368,CBDDTY010000526.1,978,1.021472392638037,1,0.14502701458228456,0,0,0
USNM_50368,CBDDTY010000766.1,976,1.0573770491803278,1,0.23268088689018201,3.389830508474576,0,0
USNM_50368,CBDDTY010001703.1,976,1.0532786885245902,1,0.22470381233679265,1.36986301369863,0,0
USNM_50368,CBDDTY010003142.1,976,1,1,0,0,0,0
USNM_50368,CBDDTY010000518.1,974,1.053388090349076,1,0.22492163600945014,5.454545454545454,0,0
USNM_50368,CBDDTY010001071.1,973,1.1007194244604317,1,0.301111617470665,1.4492753623188406,0,0
USNM_50368,CBDDTY010001449.1,973,1.0226104830421376,1,0.14873461248721215,6.666666666666667,0,0
USNM_50368,CBDDTY010002140.1,973,1.1490236382322714,1,0.3867554874256186,0,0,0
USNM_50368,CBDDTY010000057.1,972,1.0689300411522633,1,0.32787064975214897,5.555555555555555,0,0
USNM_50368,CBDDTY010000671.1,972,1.1676954732510287,1,0.37378796626991634,0,0,0
USNM_50368,CBDDTY010001766.1,972,1.1121399176954732,1,0.31570095774009915,3.7037037037037037,0,0
USNM_50368,CBDDTY010001987.1,972,1.0267489711934157,1,0.1614319507276279,0,0,0
USNM_50368,CBDDTY010002231.1,972,1.022633744855967,1,0.1488094102880831,0,0,0
USNM_50368,CBDDTY010002166.1,971,1,1,0,0,0,0
USNM_50368,CBDDTY010002267.1,971,1.036045314109166,1,0.18649898152392974,11.538461538461538,0,0
USNM_50368,CBDDTY010002865.1,969,1.1269349845201238,1,0.45837815610231814,1.1363636363636365,0,0
USNM_50368,CBDDTY010000320.1,968,1.0516528925619835,1,0.2214396707659576,7.246376811594203,0,0
USNM_50368,CBDDTY010001211.1,968,1.0351239669421488,1,0.1841882751624221,0,0,0
USNM_50368,CBDDTY010001276.1,968,1.0743801652892562,1,0.29234392790196884,0,0,0
USNM_50368,CBDDTY010002563.1,968,1.1394628099173554,1,0.35252453494254865,12.5,0,0
USNM_50368,CBDDTY010001919.1,967,1.0227507755946226,1,0.14918509817162898,15.09433962264151,0,0
USNM_50368,CBDDTY010000789.1,966,1.1004140786749483,1,0.3007069983014899,0,0,0
USNM_50368,CBDDTY010002364.1,966,1.0424430641821947,1,0.20170217198881424,0,0,0
USNM_50368,CBDDTY010000602.1,964,1,1,0,4.545454545454546,0,0
USNM_50368,CBDDTY010000786.1,964,1.0850622406639003,1,0.27911910138432133,12.5,0,0
USNM_50368,CBDDTY010000722.1,963,1.1889927310488058,1,0.5391177467432808,1.2345679012345678,0,0
USNM_50368,CBDDTY010001230.1,963,1.0384215991692627,1,0.19231168619544692,5,0,0
USNM_50368,CBDDTY010000149.1,962,1,1,0,10.447761194029852,0,0
USNM_50368,CBDDTY010000371.1,962,1.029106029106029,1,0.16819118248528156,0,0,0
USNM_50368,CBDDTY010000229.1,961,1.2133194588969822,1,0.47353888317790077,0,0,0
USNM_50368,CBDDTY010000570.1,961,1.0249739854318418,1,0.1561270327784524,3.5714285714285716,0,0
USNM_50368,CBDDTY010000985.1,959,1.156412930135558,1,0.4459725368587393,0,0,0
USNM_50368,CBDDTY010000898.1,958,1.0083507306889352,1,0.09104750992889,2.7777777777777777,0,0
USNM_50368,CBDDTY010001661.1,958,1.150313152400835,1,0.35756477232790385,1.2658227848101267,0,0
USNM_50368,CBDDTY010002459.1,958,1.5093945720250521,1,0.9059281418375428,10.328591549295774,0,0
USNM_50368,CBDDTY010002903.1,958,1.0751565762004176,1,0.2637815316913043,0,0,0
USNM_50368,CBDDTY010001152.1,957,1.0470219435736676,1,0.21179649124118255,0,0,0
USNM_50368,CBDDTY010002715.1,957,1.058516196447231,1,0.23483968759389853,4.761904761904762,0,0
USNM_50368,CBDDTY010001099.1,956,1,1,0,0,0,0
USNM_50368,CBDDTY010001346.1,956,1.0910041841004183,1,0.287765604119763,0.819672131147541,0,0
USNM_50368,CBDDTY010002500.1,956,1.2531380753138075,1,0.4350369615085543,0,0,0
USNM_50368,CBDDTY010000650.1,955,1.1424083769633508,1,0.4128853079220513,13.432835820895523,0,0
USNM_50368,CBDDTY010000758.1,955,1.07434554973822,1,0.2624698564475388,11.666666666666666,0,0
USNM_50368,CBDDTY010001380.1,955,1.0104712041884816,1,0.10184507471305286,0,0,0
USNM_50368,CBDDTY010001873.1,955,1.1790575916230366,1,0.3836014263942717,0,0,0
USNM_50368,CBDDTY010000296.1,954,1.0031446540880504,1,0.05601834167600784,6.410256410256411,0,0
USNM_50368,CBDDTY010000322.1,954,1.3836477987421383,1,0.7093920262188851,0,0,0
USNM_50368,CBDDTY010000686.1,954,1,1,0,5,0,0
USNM_50368,CBDDTY010001882.1,952,1.0388655462184875,1,0.1933760462351405,3.076923076923077,0,0
USNM_50368,CBDDTY010002309.1,952,1.036764705882353,1,0.18828250049809345,1.3157894736842106,0,0
USNM_50368,CBDDTY010001363.1,951,1.1724500525762356,1,0.4515682513867904,10.169491525423728,0,0
USNM_50368,CBDDTY010001900.1,951,1.0704521556256572,1,0.2942961372371659,9.433962264150944,0,0
USNM_50368,CBDDTY010001969.1,951,1.060988433228181,1,0.2394350167258123,4.117647058823529,0,0
USNM_50368,CBDDTY010002248.1,949,1.0021074815595363,1,0.04588309577308943,3.488372093023256,0,0
USNM_50368,CBDDTY010003512.1,948,1.378691983122363,1,0.88817740960848,3.225806451612903,0,0
USNM_50368,CBDDTY010001016.1,947,1.0337909186906018,1,0.18078607603303276,0,0,0
USNM_50368,CBDDTY010001059.1,946,1,1,0,0,0,0
USNM_50368,CBDDTY010000124.1,945,1.0317460317460319,1,0.1754160280288747,3.4482758620689653,0,0
USNM_50368,CBDDTY010000648.1,945,1.0687830687830688,1,0.2532188971670988,6.081081081081081,0,0
USNM_50368,CBDDTY010000865.1,945,1.1227513227513228,1,0.3531949312949185,4.301075268817204,0,0
USNM_50368,CBDDTY010000941.1,945,1,1,0,2.2222222222222223,0,0
USNM_50368,CBDDTY010001219.1,945,1.0116402116402117,1,0.10731684077307943,17.708333333333332,0,0
USNM_50368,CBDDTY010001836.1,945,1.0878306878306878,1,0.2905832331205962,1.0101010101010102,0,0
USNM_50368,CBDDTY010001624.1,942,1.0382165605095541,1,0.19182052977899142,1.3513513513513513,0,0
USNM_50368,CBDDTY010001132.1,941,1.0085015940488842,1,0.09186013447609874,1.4492753623188406,0,0
USNM_50368,CBDDTY010000329.1,940,1,1,0,0,0,0
USNM_50368,CBDDTY010000387.1,940,1.0563829787234043,1,0.23078257872942853,22.22222222222222,0,0
USNM_50368,CBDDTY010001068.1,940,1.1414893617021276,1,0.34871117472742946,0,0,0
USNM_50368,CBDDTY010002573.1,940,1.0340425531914894,1,0.18143505073032848,0,0,0
USNM_50368,CBDDTY010000680.1,939,1.0436634717784878,1,0.20445412698092708,0,0,0
USNM_50368,CBDDTY010000746.1,939,1.0649627263045793,1,0.24659141922114303,1.8518518518518519,0,0
USNM_50368,CBDDTY010002089.1,939,1.053248136315229,1,0.22464754005772167,1.639344262295082,0,0
USNM_50368,CBDDTY010002330.1,939,1.068157614483493,1,0.2724717326021625,0,0,0
USNM_50368,CBDDTY010000400.1,938,1.0511727078891258,1,0.22046741367453682,1.1764705882352942,0,0
USNM_50368,CBDDTY010002363.1,938,1.023454157782516,1,0.1514216110720773,0,0,0
USNM_50368,CBDDTY010000960.1,937,1.0010672358591248,1,0.03266857601924006,9.090909090909092,0,0
USNM_50368,CBDDTY010001000.1,937,1,1,0,5.172413793103448,0,0
USNM_50368,CBDDTY010001130.1,937,1.0501600853788686,1,0.21839174200910272,0.9803921568627451,0,0
USNM_50368,CBDDTY010002708.1,937,1.0747065101387407,1,0.2630575972205252,0,0,0
USNM_50368,CBDDTY010000847.1,936,1,1,0,11.594202898550725,0,0
USNM_50368,CBDDTY010001442.1,936,1.0277777777777777,1,0.1644234060187939,1.2658227848101267,0,0
USNM_50368,CBDDTY010000569.1,935,1.0192513368983958,1,0.13748068167125602,0,0,0
USNM_50368,CBDDTY010000903.1,935,1.018181818181818,1,0.133680037199752,1.1627906976744187,0,0
USNM_50368,CBDDTY010000700.1,933,1.1468381564844587,1,0.4501825721216797,1.0638297872340425,0,0
USNM_50368,CBDDTY010001260.1,933,1,1,0,8.860759493670885,0,0
USNM_50368,CBDDTY010001653.1,933,1,1,0,0,0,0
USNM_50368,CBDDTY010000723.1,932,1.1523605150214593,1,0.3595629386336031,5.970149253731344,0,0
USNM_50368,CBDDTY010002688.1,932,1.048283261802575,1,0.2144792439835802,1.5625,0,0
USNM_50368,CBDDTY010000610.1,931,1.0472610096670247,1,0.21231067612946217,1.5625,0,0
USNM_50368,CBDDTY010000800.1,931,1.0354457572502684,1,0.18500302238374244,0,0,0
USNM_50368,CBDDTY010001024.1,931,1.0730397422126745,1,0.2603415819247345,0,0,0
USNM_50368,CBDDTY010001475.1,930,1.0064516129032257,1,0.08010548967036532,11.267605633802816,0,0
USNM_50368,CBDDTY010001051.1,929,1,1,0,1.1235955056179776,0,0
USNM_50368,CBDDTY010001509.1,929,1,1,0,4.3478260869565215,0,0
USNM_50368,CBDDTY010001997.1,929,1.386437029063509,1,0.778391568427989,1.3157894736842106,0,0
USNM_50368,CBDDTY010002557.1,929,1.0236813778256189,1,0.1521364012240657,2.912621359223301,0,0
USNM_50368,CBDDTY010002590.1,929,1.1420882669537136,1,0.3493287108656145,7.446808510638298,0,0
USNM_50368,CBDDTY010000895.1,927,1.0334412081984898,1,0.17988273882042302,0,0,0
USNM_50368,CBDDTY010000889.1,926,1.0043196544276458,1,0.06561741184784858,7.5,0,0
USNM_50368,CBDDTY010003057.1,926,1.1965442764578833,1,0.3975994748007098,4.838709677419355,0,0
USNM_50368,CBDDTY010000519.1,925,1.228108108108108,1,0.6732916406146993,0.7575757575757576,0,0
USNM_50368,CBDDTY010000661.1,924,1.3116883116883118,1,0.7579365314690877,7.228915662650603,0,0
USNM_50368,CBDDTY010000724.1,924,1.277056277056277,1,0.6289112443547438,0,0,0
USNM_50368,CBDDTY010002186.1,923,1.0357529794149511,1,0.18577431226319163,7.5,0,0
USNM_50368,CBDDTY010002235.1,923,1,1,0,0,0,0
USNM_50368,CBDDTY010002570.1,923,1.2589382448537378,1,0.6412380915918929,1.2658227848101267,0,0
USNM_50368,CBDDTY010000973.1,922,1,1,0,0,0,0
USNM_50368,CBDDTY010001499.1,922,1.0531453362255965,1,0.22444497480555833,0,0,0
USNM_50368,CBDDTY010000216.1,921,1.1454940282301846,1,0.3527898133591039,0,0,0
USNM_50368,CBDDTY010001272.1,921,1,1,0,8.333333333333334,0,0
USNM_50368,CBDDTY010001345.1,921,1.0325732899022801,1,0.17761340927801716,0,0,0
USNM_50368,CBDDTY010002219.1,921,1.1704668838219328,1,0.5359233186955872,2.916625,0,0
USNM_50368,CBDDTY010002226.1,920,1.0880434782608697,1,0.28351224468180436,2.5641025641025643,0,0
USNM_50368,CBDDTY010002951.1,920,1.0902173913043478,1,0.29042004872710514,1.2195121951219512,0,0
USNM_50368,CBDDTY010001471.1,919,1.0174102285092492,1,0.13086537988045163,0.7575757575757576,0,0
USNM_50368,CBDDTY010002723.1,919,1.0163220892274212,1,0.12678000030239833,13.513513513513514,0,0
USNM_50368,CBDDTY010000817.1,918,1.1372549019607843,1,0.3505812004920272,1.4705882352941178,0,0
USNM_50368,CBDDTY010001890.1,918,1,1,0,0,0,0
USNM_50368,CBDDTY010002211.1,918,1.1612200435729847,1,0.39092685986178277,0,0,0
USNM_50368,CBDDTY010000095.1,917,1,1,0,3.9473684210526314,0,0
USNM_50368,CBDDTY010001886.1,917,1.009814612868048,1,0.09863516474916843,5.633802816901408,0,0
USNM_50368,CBDDTY010002610.1,917,1.163576881134133,1,0.39019571260769076,0,0,0
USNM_50368,CBDDTY010003301.1,917,1.0425299890948745,1,0.20190503849360641,0,0,0
USNM_50368,CBDDTY010000780.1,915,1.0065573770491802,1,0.0807558368384886,5.714285714285714,0,0
USNM_50368,CBDDTY010002252.1,914,1,1,0,7.142857142857143,0,0
USNM_50368,CBDDTY010000334.1,913,1,1,0,0,0,0
USNM_50368,CBDDTY010001343.1,913,1.1117196056955092,1,0.32546289609020457,10.76923076923077,0,0
USNM_50368,CBDDTY010000266.1,912,1,1,0,0,0,0
USNM_50368,CBDDTY010001304.1,912,1.082236842105263,1,0.2748759561414203,0,0,0
USNM_50368,CBDDTY010002508.1,912,1.082236842105263,1,0.32602491746493695,1.5151515151515151,0,0
USNM_50368,CBDDTY010000108.1,909,1.1606160616061607,1,0.4152251857147792,0,0,0
USNM_50368,CBDDTY010001531.1,909,1.2321232123212322,1,0.6190994616314189,0,0,0
USNM_50368,CBDDTY010002815.1,909,1.1683168316831682,1,0.46371361162256997,12,0,0
USNM_50368,CBDDTY010003084.1,909,1.0495049504950495,1,0.2170392411273178,0,0,0
USNM_50368,CBDDTY010002360.1,908,1.078193832599119,1,0.26862432398633257,18.29268292682927,0,0
USNM_50368,CBDDTY010003316.1,908,1,1,0,0.7874015748031497,0,0
USNM_50368,CBDDTY010000503.1,907,1.699007717750827,1,1.2784636142513612,2.272727272727273,0,0
USNM_50368,CBDDTY010001706.1,907,1.1587651598676958,1,0.4711755729095893,7.017543859649122,0,0
USNM_50368,CBDDTY010002343.1,907,1.031973539140022,1,0.1881499547702989,0,0,0
USNM_50368,CBDDTY010000605.1,906,1.055187637969095,1,0.22847226968005807,6.25,0,0
USNM_50368,CBDDTY010001001.1,906,1.0518763796909492,1,0.22189990813770016,4,0,0
USNM_50368,CBDDTY010000246.1,905,1.0386740331491713,1,0.19292350506111294,6.666666666666667,0,0
USNM_50368,CBDDTY010002314.1,905,1.2441988950276244,1,0.5495694656411957,0,0,0
USNM_50368,CBDDTY010001993.1,904,1.0652654867256637,1,0.24713045564564784,0,0,0
USNM_50368,CBDDTY010002737.1,904,1.0044247787610618,1,0.06640842190112102,0.8928571428571429,0,0
USNM_50368,CBDDTY010000572.1,903,1,1,0,4,0,0
USNM_50368,CBDDTY010001033.1,903,1.0465116279069768,1,0.21070705494148545,0,0,0
USNM_50368,CBDDTY010001328.1,903,1.0143964562569214,1,0.11918443322297989,0,0,0
USNM_50368,CBDDTY010000414.1,902,1.2017738359201773,1,0.46075405293356164,9.523809523809524,0,0
USNM_50368,CBDDTY010000750.1,902,1,1,0,19.23076923076923,0,0
USNM_50368,CBDDTY010001700.1,902,1.0620842572062084,1,0.24144239516858212,1.834862385321101,0,0
USNM_50368,CBDDTY010002294.1,902,1,1,0,4.761904761904762,0,0
USNM_50368,CBDDTY010002645.1,902,1.1685144124168514,1,0.3745301300656769,0,0,0
USNM_50368,CBDDTY010002572.1,901,1,1,0,0,0,0
USNM_50368,CBDDTY010000426.1,900,1.0455555555555556,1,0.2086351169819381,5.47945205479452,0,0
USNM_50368,CBDDTY010001417.1,900,1.268888888888889,1,0.7050815783542146,3.823529411764706,0,0
USNM_50368,CBDDTY010000187.1,898,1.064587973273942,1,0.24593438310177668,4.444444444444445,0,0
USNM_50368,CBDDTY010000382.1,897,1.2240802675585285,1,0.6425742263793897,0.5649152542372881,0,0
USNM_50368,CBDDTY010002228.1,897,1,1,0,0,0,0
USNM_50368,CBDDTY010001129.1,896,1.0524553571428572,1,0.22306798876962838,0,0,0
USNM_50368,CBDDTY010002988.1,896,1,1,0,2.4390243902439024,0,0
USNM_50368,CBDDTY010002162.1,895,1.0983240223463686,1,0.2979187426442015,0,0,0
USNM_50368,CBDDTY010001998.1,894,1.1890380313199105,1,0.48614922283293793,1.6129032258064515,0,0
USNM_50368,CBDDTY010000791.1,892,1,1,0,5.555555555555555,0,0
USNM_50368,CBDDTY010000897.1,892,1.0325112107623318,1,0.17745290672563988,1.5151515151515151,0,0
USNM_50368,CBDDTY010001088.1,892,1.1614349775784754,1,0.368138099344984,0,0,0
USNM_50368,CBDDTY010001411.1,890,1.0280898876404494,1,0.16532258002365904,0,0,0
USNM_50368,CBDDTY010001754.1,890,1,1,0,16.666666666666668,0,0
USNM_50368,CBDDTY010001870.1,890,1.0370786516853931,1,0.18906080254192711,0,0,0
USNM_50368,CBDDTY010002108.1,890,1.0617977528089888,1,0.24092324201677975,10.126582278481013,0,0
USNM_50368,CBDDTY010001256.1,889,1.0697412823397074,1,0.26354316640232345,1.3333333333333333,0,0
USNM_50368,CBDDTY010002724.1,889,1.202474690663667,1,0.4020703118563763,0,0,0
USNM_50368,CBDDTY010001216.1,888,1,1,0,1.5625,0,0
USNM_50368,CBDDTY010001383.1,888,1.1576576576576576,1,0.435110591143545,6.349206349206349,0,0
USNM_50368,CBDDTY010001582.1,888,1.063063063063063,1,0.24321333551224197,3.1746031746031744,0,0
USNM_50368,CBDDTY010001236.1,886,1.0778781038374718,1,0.2681310305267105,0.6172839506172839,0,0
USNM_50368,CBDDTY010001109.1,885,1.0949152542372882,1,0.2932635808925219,3.125,0,0
USNM_50368,CBDDTY010001327.1,885,1.0915254237288134,1,0.355287215210197,0,0,0
USNM_50368,CBDDTY010002139.1,885,1,1,0,0,0,0
USNM_50368,CBDDTY010001652.1,884,1.1029411764705883,1,0.3040540590553914,6.349206349206349,0,0
USNM_50368,CBDDTY010000727.1,883,1.0543601359003398,1,0.22685544728881288,1.694915254237288,0,0
USNM_50368,CBDDTY010001019.1,883,1.0475651189127972,1,0.21296488432728403,2.5,0,0
USNM_50368,CBDDTY010001622.1,881,1.0227014755959138,1,0.14903466073398117,0,0,0
USNM_50368,CBDDTY010001881.1,881,1.0658342792281499,1,0.24813305586823434,22.5,0,0
USNM_50368,CBDDTY010000875.1,879,1,1,0,0,0,0
USNM_50368,CBDDTY010003052.1,879,1.018202502844141,1,0.1337592095673054,2.7027027027027026,0,0
USNM_50368,CBDDTY010003555.1,879,3.0784982935153584,3,1.1322481606108494,0,0,0
USNM_50368,CBDDTY010002191.1,878,1.2596810933940774,1,0.5040233912353395,0.43285714285714283,0,0
USNM_50368,CBDDTY010002198.1,878,1.0842824601366743,1,0.31992569325031484,0.49746268656716414,0,0
USNM_50368,CBDDTY010001098.1,877,1,1,0,1.6129032258064515,0,0
USNM_50368,CBDDTY010001105.1,877,1.0627137970353477,1,0.24258581582610744,0,0,0
USNM_50368,CBDDTY010001968.1,877,1.1413911060433295,1,0.4411321865312784,6.1032394366197185,0,0
USNM_50368,CBDDTY010001484.1,876,1.0251141552511416,1,0.15656121973564896,1.6129032258064515,0,0
USNM_50368,CBDDTY010001814.1,876,1.071917808219178,1,0.30325694542924536,0,0,0
USNM_50368,CBDDTY010002515.1,876,1,1,0,3.5714285714285716,0,0
USNM_50368,CBDDTY010000422.1,875,1,1,0,0,0,0
USNM_50368,CBDDTY010000438.1,875,1.08,1,0.27144835701531844,4,0,0
USNM_50368,CBDDTY010000717.1,875,1,1,0,0,0,0
USNM_50368,CBDDTY010001467.1,875,1.022857142857143,1,0.14953343588376805,0,0,0
USNM_50368,CBDDTY010002060.1,875,1.1405714285714286,1,0.34777770176702677,0,0,0
USNM_50368,CBDDTY010002964.1,875,1.1097142857142857,1,0.3127120398637961,0,0,0
USNM_50368,CBDDTY010001469.1,874,1.0823798627002288,1,0.2751000024058387,19.047619047619047,0,0
USNM_50368,CBDDTY010002002.1,874,1.1636155606407323,1,0.391201888197362,0,0,0
USNM_50368,CBDDTY010002751.1,874,1.1464530892448512,1,0.3936116502909196,0,0,0
USNM_50368,CBDDTY010001640.1,873,1.0378006872852235,1,0.19082323260139086,0,0,0
USNM_50368,CBDDTY010000920.1,872,1.0779816513761469,1,0.2682965948512036,1.3513513513513513,0,0
USNM_50368,CBDDTY010003330.1,872,1.063073394495413,1,0.24323443190990734,7.594936708860759,0,0
USNM_50368,CBDDTY010001041.1,871,1.079219288174512,1,0.27023588911443597,7.6923076923076925,0,0
USNM_50368,CBDDTY010001181.1,871,1.2365097588978187,1,0.49974590056801815,7.042253521126761,0,0
USNM_50368,CBDDTY010001668.1,871,1.1285878300803673,1,0.3349355110873659,0,0,0
USNM_50368,CBDDTY010000420.1,870,1,1,0,0,0,0
USNM_50368,CBDDTY010001560.1,870,1,1,0,0,0,0
USNM_50368,CBDDTY010000282.1,869,1.0609896432681243,1,0.2394491299573147,2.6666666666666665,0,0
USNM_50368,CBDDTY010003027.1,869,1.0747986191024166,1,0.26321761633005875,3.8461538461538463,0,0
USNM_50368,CBDDTY010000222.1,868,1.0092165898617511,1,0.09561473105550523,1.3513513513513513,0,0
USNM_50368,CBDDTY010001758.1,867,1.0311418685121108,1,0.1738013039220462,0,0,0
USNM_50368,CBDDTY010000323.1,866,1.0069284064665127,1,0.08299613168227012,1.2987012987012987,0,0
USNM_50368,CBDDTY010001555.1,866,1.069284064665127,1,0.25408331463256945,6.349206349206349,0,0
USNM_50368,CBDDTY010002236.1,866,1.0288683602771362,1,0.16753324574930387,0,0,0
USNM_50368,CBDDTY010001021.1,865,1.0046242774566474,1,0.06788387833426068,9.090909090909092,0,0
USNM_50368,CBDDTY010001667.1,865,1.0786127167630057,1,0.28998390612294156,8.928571428571429,0,0
USNM_50368,CBDDTY010001040.1,864,1.0115740740740742,1,0.10702042375151012,5.47945205479452,0,0
USNM_50368,CBDDTY010001408.1,864,1.0925925925925926,1,0.2900285529408523,0,0,0
USNM_50368,CBDDTY010001541.1,864,1.0625,1,0.2422016627171317,2.857142857142857,0,0
USNM_50368,CBDDTY010002125.1,864,1,1,0,3.508771929824561,0,0
USNM_50368,CBDDTY010000901.1,862,1,1,0,0,0,0
USNM_50368,CBDDTY010001567.1,862,1.111368909512761,1,0.3147710572011646,6.25,0,0
USNM_50368,CBDDTY010001030.1,861,1.0336817653890824,1,0.1805135722647012,1.8181818181818181,0,0
USNM_50368,CBDDTY010002233.1,861,1.0336817653890824,1,0.1805135722647012,0,0,0
USNM_50368,CBDDTY010000170.1,860,1.0674418604651164,1,0.2509316101724314,0,0,0
USNM_50368,CBDDTY010000527.1,860,1.0790697674418606,1,0.27000464751304193,16.91176470588235,0,0
USNM_50368,CBDDTY010001106.1,860,1,1,0,0,0,0
USNM_50368,CBDDTY010002325.1,860,1.1453488372093024,1,0.3526572921613774,12.5,0,0
USNM_50368,CBDDTY010003304.1,859,1.139697322467986,1,0.3881044744713858,1.3513513513513513,0,0
USNM_50368,CBDDTY010000683.1,858,1.0524475524475525,1,0.2430836998045912,12.345740740740741,0,0
USNM_50368,CBDDTY010001416.1,857,1.0665110851808635,1,0.2493188574745115,0,0,0
USNM_50368,CBDDTY010001995.1,857,1,1,0,0,0,0
USNM_50368,CBDDTY010002525.1,857,1.1831971995332555,1,0.42172049652395355,1.36986301369863,0,0
USNM_50368,CBDDTY010000461.1,856,1.0105140186915889,1,0.10205705222330103,38.095238095238095,0,0
USNM_50368,CBDDTY010002045.1,856,1.0537383177570094,1,0.28923783164582473,16,0,0
USNM_50368,CBDDTY010003465.1,856,1.155373831775701,1,0.4888646356775846,6.2145762711864405,0,0
USNM_50368,CBDDTY010001362.1,855,1,1,0,0,0,0
USNM_50368,CBDDTY010001384.1,855,1,1,0,0,0,0
USNM_50368,CBDDTY010001727.1,855,1.064327485380117,1,0.24547900005122988,0,0,0
USNM_50368,CBDDTY010002114.1,855,1.1146198830409357,1,0.318749112984004,0,0,0
USNM_50368,CBDDTY010000981.1,854,1,1,0,0,0,0
USNM_50368,CBDDTY010001708.1,854,1.256440281030445,1,0.6075333813399552,15.151515151515152,0,0
USNM_50368,CBDDTY010001914.1,854,1.0667447306791569,1,0.2497256416033297,0,0,0
USNM_50368,CBDDTY010003404.1,854,1.0901639344262295,1,0.2865843174072837,0,0,0
USNM_50368,CBDDTY010001288.1,853,1.0175849941383353,1,0.13151440542994783,0,0,0
USNM_50368,CBDDTY010002270.1,853,1,1,0,12.962962962962964,0,0
USNM_50368,CBDDTY010001065.1,852,1,1,0,1.694915254237288,0,0
USNM_50368,CBDDTY010000702.1,851,1,1,0,6.756756756756757,0,0
USNM_50368,CBDDTY010000745.1,850,1.1952941176470588,1,0.45216554770690337,0,0,0
USNM_50368,CBDDTY010000872.1,849,1.0188457008244993,1,0.13606007962463595,3.508771929824561,0,0
USNM_50368,CBDDTY010002197.1,849,1.0188457008244993,1,0.13606007962463595,12.5,0,0
USNM_50368,CBDDTY010002212.1,849,1.104829210836278,1,0.30651379712007437,16.923076923076923,0,0
USNM_50368,CBDDTY010002680.1,849,1.0023557126030624,1,0.04850705763172115,3.076923076923077,0,0
USNM_50368,CBDDTY010003020.1,849,1.022379269729093,1,0.14800080425563616,0,0,0
USNM_50368,CBDDTY010001434.1,848,1.169811320754717,1,0.5295820117935037,0,0,0
USNM_50368,CBDDTY010002429.1,848,1,1,0,0,0,0
USNM_50368,CBDDTY010002706.1,848,1.0070754716981132,1,0.08386717987664787,3.3333333333333335,0,0
USNM_50368,CBDDTY010003436.1,848,1.0931603773584906,1,0.29082858096296893,4,0,0
USNM_50368,CBDDTY010001309.1,847,1.1487603305785123,1,0.3560623208046834,3.389830508474576,0,0
USNM_50368,CBDDTY010002717.1,847,1.1487603305785123,1,0.3560623208046834,0,0,0
USNM_50368,CBDDTY010000458.1,846,1.0130023640661938,1,0.11335117968169973,2.7777777777777777,0,0
USNM_50368,CBDDTY010001221.1,846,1.024822695035461,1,0.15567650955214038,5.063291139240507,0,0
USNM_50368,CBDDTY010002050.1,846,1.107565011820331,1,0.3692493327454478,1.7241379310344827,0,0
USNM_50368,CBDDTY010000343.1,845,1.004733727810651,1,0.0686797041630973,3.9473684210526314,0,0
USNM_50368,CBDDTY010000970.1,844,1.0462085308056872,1,0.21006090541573538,0,0,0
USNM_50368,CBDDTY010001748.1,844,1,1,0,0,0,0
USNM_50368,CBDDTY010002091.1,844,1.1018957345971565,1,0.31042955511481757,0,0,0
USNM_50368,CBDDTY010002613.1,844,1.3341232227488151,1,0.6022666273117486,0,0,0
USNM_50368,CBDDTY010000373.1,843,1.0237247924080664,1,0.1522807763956629,2.857142857142857,0,0
USNM_50368,CBDDTY010002521.1,843,1.026097271648873,1,0.1595192451614234,3.225806451612903,0,0
USNM_50368,CBDDTY010000663.1,842,1.0142517814726841,1,0.11859752491501016,4.651162790697675,0,0
USNM_50368,CBDDTY010001398.1,841,1.183115338882283,1,0.3869911987004116,10.119047619047619,0,0
USNM_50368,CBDDTY010002358.1,841,1,1,0,0,0,0
USNM_50368,CBDDTY010002616.1,841,1.0451843043995244,1,0.2078317669953332,0,0,0
USNM_50368,CBDDTY010002950.1,841,1.0392390011890607,1,0.19427861976075506,1.4492753623188406,0,0
USNM_50368,CBDDTY010000494.1,840,1,1,0,3.3333333333333335,0,0
USNM_50368,CBDDTY010000953.1,840,1,1,0,0,0,0
USNM_50368,CBDDTY010001459.1,840,1.0392857142857144,1,0.19438963927548625,3.7037037037037037,0,0
USNM_50368,CBDDTY010000480.1,839,1.0178784266984506,1,0.13258861853696516,10.95890410958904,0,0
USNM_50368,CBDDTY010001702.1,839,1.063170441001192,1,0.2434143726940821,6.557377049180328,0,0
USNM_50368,CBDDTY010001860.1,839,1.129916567342074,1,0.39513614185027085,0.8333333333333334,0,0
USNM_50368,CBDDTY010002399.1,839,1.065554231227652,1,0.2476488903483853,0,0,0
USNM_50368,CBDDTY010000463.1,838,1,1,0,0,0,0
USNM_50368,CBDDTY010001116.1,838,1,1,0,1.2658227848101267,0,0
USNM_50368,CBDDTY010000765.1,837,1,1,0,0,0,0
USNM_50368,CBDDTY010001111.1,837,1.053763440860215,1,0.22568514811147514,0,0,0
USNM_50368,CBDDTY010001896.1,837,1.1338112305854242,1,0.34065294426779347,0,0,0
USNM_50368,CBDDTY010001463.1,836,1.2248803827751196,1,0.47161651939176874,2.4390243902439024,0,0
USNM_50368,CBDDTY010000838.1,835,1,1,0,0,0,0
USNM_50368,CBDDTY010000593.1,834,1.0191846522781776,1,0.13725593011742682,21.1864406779661,0,0
USNM_50368,CBDDTY010000677.1,834,1.0071942446043165,1,0.0845639513243933,0,0,0
USNM_50368,CBDDTY010000698.1,834,1.0167865707434052,1,0.12854802779385868,0,0,0
USNM_50368,CBDDTY010000694.1,833,1.0900360144057624,1,0.28640531333949787,4.411764705882353,0,0
USNM_50368,CBDDTY010001821.1,833,1.0264105642256902,1,0.16044921759461633,4.761904761904762,0,0
USNM_50368,CBDDTY010003067.1,833,1.0804321728691477,1,0.2721244863643237,0,0,0
USNM_50368,CBDDTY010000333.1,832,1.0805288461538463,1,0.27227385720726593,0,0,0
USNM_50368,CBDDTY010000608.1,832,1.1057692307692308,1,0.3077270183143023,0,0,0
USNM_50368,CBDDTY010002317.1,832,1.046875,1,0.2114982226756193,10.240963855421686,0,0
USNM_50368,CBDDTY010000734.1,830,1.121686746987952,1,0.35877697114388596,20.88607594936709,0,0
USNM_50368,CBDDTY010002341.1,830,1.5975903614457831,1,0.8987292870440472,1.2345679012345678,0,0
USNM_50368,CBDDTY010002709.1,830,1.1301204819277109,1,0.3835378890885154,1.4492753623188406,0,0
USNM_50368,CBDDTY010001714.1,829,1.0180940892641737,1,0.13337222558242195,2.272727272727273,0,0
USNM_50368,CBDDTY010002115.1,828,1.1111111111111112,1,0.34734748513063296,15,0,0
USNM_50368,CBDDTY010003437.1,828,1.1980676328502415,1,0.4419328058109595,3.5714285714285716,0,0
USNM_50368,CBDDTY010001660.1,827,1.0435308343409915,1,0.20417224949080606,0,0,0
USNM_50368,CBDDTY010002035.1,827,1.0072551390568318,1,0.08491891279445647,1.7241379310344827,0,0
USNM_50368,CBDDTY010002413.1,827,1.0459492140266022,1,0.20950168556704923,4.545454545454546,0,0
USNM_50368,CBDDTY010001331.1,826,1.0060532687651331,1,0.0776139135931285,0,0,0
USNM_50368,CBDDTY010000434.1,825,1.0557575757575757,1,0.30256819722948153,0,0,0
USNM_50368,CBDDTY010001511.1,825,1.2048484848484848,1,0.4098019383974748,0,0,0
USNM_50368,CBDDTY010002513.1,825,1,1,0,1.4705882352941178,0,0
USNM_50368,CBDDTY010000719.1,824,1.0412621359223302,1,0.1990166816757473,1.4285714285714286,0,0
USNM_50368,CBDDTY010001454.1,824,1.0364077669902914,1,0.18741629801323506,0,0,0
USNM_50368,CBDDTY010002604.1,824,1.0861650485436893,1,0.28077804060204437,0,0,0
USNM_50368,CBDDTY010000886.1,823,1,1,0,0,0,0
USNM_50368,CBDDTY010002499.1,823,1.046172539489672,1,0.2099862221740049,4,0,0
USNM_50368,CBDDTY010003536.1,823,1.2478736330498177,1,0.5441949553809636,4.166666666666667,0,0
USNM_50368,CBDDTY010000757.1,822,1,1,0,0,0,0
USNM_50368,CBDDTY010001438.1,822,1.0790754257907542,1,0.27002074473381277,6.60377358490566,0,0
USNM_50368,CBDDTY010000712.1,821,1.092570036540804,1,0.2900056290935993,4.166666666666667,0,0
USNM_50368,CBDDTY010000208.1,820,1.0353658536585366,1,0.18481548810792217,8.695652173913043,0,0
USNM_50368,CBDDTY010002870.1,820,1.0048780487804878,1,0.06971499458464131,1.8181818181818181,0,0
USNM_50368,CBDDTY010003089.1,820,1.0182926829268293,1,0.13408947569508434,0,0,0
USNM_50368,CBDDTY010000555.1,819,1.0268620268620268,1,0.16177890754196345,5.882352941176471,0,0
USNM_50368,CBDDTY010001684.1,819,1.0158730158730158,1,0.12506062487625202,0,0,0
USNM_50368,CBDDTY010001743.1,819,1,1,0,0,0,0
USNM_50368,CBDDTY010001846.1,819,1,1,0,12.658227848101266,0,0
USNM_50368,CBDDTY010002291.1,819,1,1,0,3.225806451612903,0,0
USNM_50368,CBDDTY010000146.1,818,1.1344743276283618,1,0.4657259294080444,6.60377358490566,0,0
USNM_50368,CBDDTY010000440.1,818,1.0012224938875305,1,0.03496418006375328,0,0,0
USNM_50368,CBDDTY010000753.1,818,1,1,0,0,0,0
USNM_50368,CBDDTY010002305.1,818,1.028117359413203,1,0.1654092537194633,12.068965517241379,0,0
USNM_50368,CBDDTY010000232.1,817,1,1,0,6.818181818181818,0,0
USNM_50368,CBDDTY010000437.1,817,1,1,0,0,0,0
USNM_50368,CBDDTY010000471.1,816,1.0281862745098038,1,0.16560621371183126,0,0,0
USNM_50368,CBDDTY010000938.1,815,1.0699386503067485,1,0.2869253619110001,9.375,0,0
USNM_50368,CBDDTY010001366.1,815,1.0969325153374234,1,0.32756703327394127,14.035087719298245,0,0
USNM_50368,CBDDTY010001765.1,815,1,1,0,6.578947368421052,0,0
USNM_50368,CBDDTY010001949.1,815,1.0993865030674848,1,0.394914996065436,3.076923076923077,0,0
USNM_50368,CBDDTY010000360.1,814,1.0798525798525798,1,0.2712314913611716,18.571428571428573,0,0
USNM_50368,CBDDTY010001934.1,814,1.0921375921375922,1,0.3578150184678971,2.7027027027027026,0,0
USNM_50368,CBDDTY010001193.1,813,1,1,0,0,0,0
USNM_50368,CBDDTY010001858.1,813,1,1,0,3.0303030303030303,0,0
USNM_50368,CBDDTY010002397.1,813,1.038130381303813,1,0.1916288688425343,1.7543859649122806,0,0
USNM_50368,CBDDTY010002498.1,813,1.072570725707257,1,0.2595902587587851,6.557377049180328,0,0
USNM_50368,CBDDTY010000510.1,812,1.001231527093596,1,0.03509312031717982,0,0,0
USNM_50368,CBDDTY010002367.1,812,1.1071428571428572,1,0.33253235925082036,0,0,0
USNM_50368,CBDDTY010003197.1,812,1.2586206896551724,1,0.6414472454119872,6.25,0,0
USNM_50368,CBDDTY010000885.1,811,1.092478421701603,1,0.29827512027205416,5.882352941176471,0,0
USNM_50368,CBDDTY010001757.1,811,1.0320591861898891,1,0.17626600674731796,0,0,0
USNM_50368,CBDDTY010002120.1,811,1.0480887792848335,1,0.21408587641149612,0,0,0
USNM_50368,CBDDTY010000236.1,810,1.1975308641975309,1,0.47482357888067955,3.594705882352941,0,0
USNM_50368,CBDDTY010000830.1,810,1,1,0,14.754098360655737,0,0
USNM_50368,CBDDTY010002040.1,810,1.0753086419753086,1,0.2640517536442495,8.474576271186441,0,0
USNM_50368,CBDDTY010003295.1,810,1.0382716049382716,1,0.19196975273859848,0,0,0
USNM_50368,CBDDTY010000226.1,809,1.1137206427688504,1,0.31766805964776884,1.4285714285714286,0,0
USNM_50368,CBDDTY010000631.1,809,1,1,0,0,0,0
USNM_50368,CBDDTY010002127.1,809,1.0098887515451174,1,0.09901051291590264,10.76923076923077,0,0
USNM_50368,CBDDTY010002160.1,809,1.249690976514215,1,0.50683743603301,5.660377358490566,0,0
USNM_50368,CBDDTY010000711.1,807,1,1,0,0,0,0
USNM_50368,CBDDTY010000178.1,806,1.0359801488833746,1,0.18635628630114134,0,0,0
USNM_50368,CBDDTY010000625.1,806,1,1,0,10.714285714285714,0,0
USNM_50368,CBDDTY010001976.1,806,1.2419354838709677,1,0.5548460484201049,0,0,0
USNM_50368,CBDDTY010002562.1,806,1.0272952853598014,1,0.16304365807160942,0,0,0
USNM_50368,CBDDTY010002883.1,806,1,1,0,0,0,0
USNM_50368,CBDDTY010003034.1,806,1.194789081885856,1,0.4408040566145594,1.639344262295082,0,0
USNM_50368,CBDDTY010000578.1,805,1.058385093167702,1,0.23461596815610905,10.256410256410257,0,0
USNM_50368,CBDDTY010000588.1,805,1.1801242236024845,1,0.48979890733231535,0,0,0
USNM_50368,CBDDTY010000665.1,805,1.0260869565217392,1,0.1594930319952229,2.1739130434782608,0,0
USNM_50368,CBDDTY010001126.1,805,1.0099378881987577,1,0.09925403919503616,0,0,0
USNM_50368,CBDDTY010001559.1,805,1.0521739130434782,1,0.22251584898601617,0,0,0
USNM_50368,CBDDTY010002995.1,805,1.0608695652173914,1,0.23923954799283437,0,0,0
USNM_50368,CBDDTY010001364.1,804,1.037313432835821,1,0.18964670901509406,0,0,0
USNM_50368,CBDDTY010001683.1,804,1,1,0,0,0,0
USNM_50368,CBDDTY010002852.1,804,1.0024875621890548,1,0.049844401422856434,0,0,0
USNM_50368,CBDDTY010001379.1,803,1.0597758405977584,1,0.2372188180668261,0,0,0
USNM_50368,CBDDTY010003378.1,803,1.0224159402241595,1,0.14812423627322976,0,0,0
USNM_50368,CBDDTY010002380.1,802,1.0149625935162094,1,0.12147886525596546,2,0,0
USNM_50368,CBDDTY010002469.1,802,1.0997506234413965,1,0.29985420952880615,5.2631578947368425,0,0
USNM_50368,CBDDTY010000005.1,801,1,1,0,0,0,0
USNM_50368,CBDDTY010000348.1,801,1,1,0,7.407407407407407,0,0
USNM_50368,CBDDTY010001633.1,801,1.1210986267166043,1,0.32644569458121475,0,0,0
USNM_50368,CBDDTY010001729.1,801,1.0074906367041199,1,0.08627757660434779,0,0,0
USNM_50368,CBDDTY010001796.1,801,1.0237203495630463,1,0.15227160502824436,0,0,0
USNM_50368,CBDDTY010001448.1,800,1,1,0,1.3888888888888888,0,0
USNM_50368,CBDDTY010001772.1,797,1.0614805520702635,1,0.24036052524525994,0,0,0
USNM_50368,CBDDTY010002272.1,797,1.0865746549560853,1,0.2813873312017473,0,0,0
USNM_50368,CBDDTY010001482.1,796,1.0301507537688441,1,0.17110951993022444,0,0,0
USNM_50368,CBDDTY010001508.1,796,1,1,0,0,0,0
USNM_50368,CBDDTY010000777.1,795,1,1,0,11.904761904761905,0,0
USNM_50368,CBDDTY010000806.1,795,1.0465408805031446,1,0.21078594506395187,36.734693877551024,0,0
USNM_50368,CBDDTY010001264.1,795,1,1,0,26.666666666666668,0,0
USNM_50368,CBDDTY010001431.1,795,1,1,0,0,0,0
USNM_50368,CBDDTY010001455.1,795,1.2088050314465408,1,0.4067106559426152,0,0,0
USNM_50368,CBDDTY010002126.1,795,1.0427672955974843,1,0.2024594120772032,26.041666666666668,0,0
USNM_50368,CBDDTY010003382.1,795,1.2150943396226415,1,0.54312611772388,0,0,0
USNM_50368,CBDDTY010003396.1,795,1,1,0,0,0,0
USNM_50368,CBDDTY010001420.1,794,1,1,0,0,0,0
USNM_50368,CBDDTY010001844.1,794,1.079345088161209,1,0.2704469688929969,6.25,0,0
USNM_50368,CBDDTY010000945.1,793,1,1,0,9.090909090909092,0,0
USNM_50368,CBDDTY010001854.1,793,1.1815889029003783,1,0.38574864569363904,1.4492753623188406,0,0
USNM_50368,CBDDTY010002850.1,793,1.0151324085750315,1,0.12215660536259038,0,0,0
USNM_50368,CBDDTY010001323.1,792,1.1325757575757576,1,0.4162920202053562,6.41,0,0
USNM_50368,CBDDTY010002578.1,792,1.0593434343434343,1,0.23641565580200374,6.666666666666667,0,0
USNM_50368,CBDDTY010002771.1,792,1,1,0,0,0,0
USNM_50368,CBDDTY010001120.1,791,1,1,0,0,0,0
USNM_50368,CBDDTY010001739.1,791,1.154235145385588,1,0.36140252859468314,1.7857142857142858,0,0
USNM_50368,CBDDTY010000490.1,789,1.2572877059569074,1,0.6400057460191253,2.5641025641025643,0,0
USNM_50368,CBDDTY010001628.1,789,1.0722433460076046,1,0.2590546295931866,0,0,0
USNM_50368,CBDDTY010000962.1,788,1.0748730964467006,1,0.30784426356432165,0,0,0
USNM_50368,CBDDTY010000432.1,787,1,1,0,1.8518518518518519,0,0
USNM_50368,CBDDTY010002247.1,787,1.0304955527318933,1,0.17205577360135438,9.67741935483871,0,0
USNM_50368,CBDDTY010002579.1,787,1.0940279542566709,1,0.29205321107286675,0,0,0
USNM_50368,CBDDTY010000842.1,786,1.0165394402035624,1,0.12761899543809652,1.7543859649122806,0,0
USNM_50368,CBDDTY010002167.1,786,1.0241730279898218,1,0.15368390285810216,10.294117647058824,0,0
USNM_50368,CBDDTY010002672.1,785,1,1,0,0,0,0
USNM_50368,CBDDTY010001394.1,784,1,1,0,0,0,0
USNM_50368,CBDDTY010000640.1,783,1.0229885057471264,1,0.14996251405664318,0,0,0
USNM_50368,CBDDTY010001752.1,783,1.0063856960408684,1,0.0797059134193304,1.7857142857142858,0,0
USNM_50368,CBDDTY010002301.1,783,1.0421455938697317,1,0.20104966050106735,1.6129032258064515,0,0
USNM_50368,CBDDTY010002482.1,783,1.0383141762452108,1,0.19207633390623355,0,0,0
USNM_50368,CBDDTY010000163.1,782,1,1,0,0,0,0
USNM_50368,CBDDTY010000279.1,782,1.0242966751918159,1,0.15406719509203823,0,0,0
USNM_50368,CBDDTY010002726.1,782,1.145780051150895,1,0.40385636917780254,23.737424242424243,0,0
USNM_50368,CBDDTY010003340.1,782,1,1,0,0,0,0
USNM_50368,CBDDTY010001774.1,781,1.088348271446863,1,0.28398259532748016,1.7543859649122806,0,0
USNM_50368,CBDDTY010000613.1,780,1,1,0,0,0,0
USNM_50368,CBDDTY010001251.1,780,1.3166666666666667,1,0.7839724174935441,3.9215686274509802,0,0
USNM_50368,CBDDTY010000565.1,779,1.1091142490372272,1,0.31198281384311044,9.090909090909092,0,0
USNM_50368,CBDDTY010000799.1,779,1,1,0,0,0,0
USNM_50368,CBDDTY010000976.1,779,1.0333761232349166,1,0.1797320942449091,11.538461538461538,0,0
USNM_50368,CBDDTY010001598.1,779,1,1,0,9.45945945945946,0,0
USNM_50368,CBDDTY010001842.1,779,1,1,0,13.235294117647058,0,0
USNM_50368,CBDDTY010000386.1,778,1.0102827763496145,1,0.10094621699124288,18.51851851851852,0,0
USNM_50368,CBDDTY010001441.1,778,1.0462724935732648,1,0.21020976907820083,3.278688524590164,0,0
USNM_50368,CBDDTY010001539.1,778,1.1105398457583548,1,0.393796119670011,8.333333333333334,0,0
USNM_50368,CBDDTY010001697.1,778,1.0899742930591259,1,0.2863290029364844,1.5625,0,0
USNM_50368,CBDDTY010001721.1,778,1.0616966580976863,1,0.24075856207836627,13.88888888888889,0,0
USNM_50368,CBDDTY010002671.1,778,1.2827763496143958,1,0.5414471327241261,0,0,0
USNM_50368,CBDDTY010001359.1,777,1.1943371943371943,1,0.6151597349920752,11.507857142857143,0,0
USNM_50368,CBDDTY010001603.1,777,1.0154440154440154,1,0.12339000180192954,11.764705882352942,0,0
USNM_50368,CBDDTY010002369.1,777,1.0617760617760619,1,0.24090344623023646,2.7027027027027026,0,0
USNM_50368,CBDDTY010003476.1,777,1.537966537966538,1,0.8194871943877142,3.515625,0,0
USNM_50368,CBDDTY010001091.1,776,1.0309278350515463,1,0.17323387867557655,10.204081632653061,0,0
USNM_50368,CBDDTY010001321.1,776,1.0373711340206186,1,0.18979186261288225,0,0,0
USNM_50368,CBDDTY010001430.1,776,1.041237113402062,1,0.1989664013495228,7.894736842105263,0,0
USNM_50368,CBDDTY010001875.1,776,1.0914948453608246,1,0.2884974779995574,1.8867924528301887,0,0
USNM_50368,CBDDTY010002622.1,776,1.038659793814433,1,0.19290715194543556,0,0,0
USNM_50368,CBDDTY010002905.1,776,1.0347938144329898,1,0.18337540205223388,0,0,0
USNM_50368,CBDDTY010000561.1,775,1.1883870967741936,1,0.4553663429517381,0,0,0
USNM_50368,CBDDTY010000803.1,775,1,1,0,0,0,0
USNM_50368,CBDDTY010001409.1,775,1.0735483870967741,1,0.2612030948595193,0,0,0
USNM_50368,CBDDTY010001806.1,775,1,1,0,2.6315789473684212,0,0
USNM_50368,CBDDTY010000402.1,774,1,1,0,0,0,0
USNM_50368,CBDDTY010000877.1,774,1.020671834625323,1,0.14237520645348048,0,0,0
USNM_50368,CBDDTY010002599.1,774,1.0684754521963824,1,0.2995701988746638,0,0,0
USNM_50368,CBDDTY010003461.1,774,1.0801033591731266,1,0.27162867444440014,0,0,0
USNM_50368,CBDDTY010001312.1,773,1.111254851228978,1,0.3146510584658235,5,0,0
USNM_50368,CBDDTY010002416.1,773,1.0996119016817594,1,0.29967573920231955,0,0,0
USNM_50368,CBDDTY010002646.1,773,1.0465717981888745,1,0.210856307631231,0,0,0
USNM_50368,CBDDTY010001716.1,772,1.128238341968912,1,0.33457176714965303,1.8181818181818181,0,0
USNM_50368,CBDDTY010003588.1,772,1.044041450777202,1,0.20532025749285607,0,0,0
USNM_50368,CBDDTY010000925.1,771,1.8391699092088196,1,2.931259440489191,0,28,3.631647211413749
USNM_50368,CBDDTY010001009.1,771,1.119325551232166,1,0.3243816280740957,0,0,0
USNM_50368,CBDDTY010002032.1,771,1.0025940337224384,1,0.0508985741202461,4.651162790697675,0,0
USNM_50368,CBDDTY010002352.1,771,1.1102464332036317,1,0.3133999833781382,2.6785714285714284,0,0
USNM_50368,CBDDTY010001545.1,770,1.1623376623376624,1,0.3689999704113524,1.3513513513513513,0,0
USNM_50368,CBDDTY010000653.1,769,1.0897269180754225,1,0.28597613047973297,7.6923076923076925,0,0
USNM_50368,CBDDTY010000818.1,769,1,1,0,7.547169811320755,0,0
USNM_50368,CBDDTY010002092.1,769,1.05851755526658,1,0.23487227804936628,0,0,0
USNM_50368,CBDDTY010002202.1,769,1.0195058517555267,1,0.13838452345873029,2.5974025974025974,0,0
USNM_50368,CBDDTY010003093.1,769,1.0325097529258778,1,0.1774649913277097,4.3478260869565215,0,0
USNM_50368,CBDDTY010000658.1,768,1,1,0,2.5974025974025974,0,0
USNM_50368,CBDDTY010001502.1,768,1,1,0,0,0,0
USNM_50368,CBDDTY010000874.1,767,1.0338983050847457,1,0.18108551442614762,0,0,0
USNM_50368,CBDDTY010001554.1,767,1.0299869621903521,1,0.17066258478488894,0,0,0
USNM_50368,CBDDTY010003048.1,767,1,1,0,0,0,0
USNM_50368,CBDDTY010000632.1,766,1.0496083550913837,1,0.217276314264944,0,0,0
USNM_50368,CBDDTY010001452.1,766,1,1,0,0,0,0
USNM_50368,CBDDTY010001738.1,766,1,1,0,0,0,0
USNM_50368,CBDDTY010001615.1,765,1.0627450980392157,1,0.24266257381500034,7.8125,0,0
USNM_50368,CBDDTY010001801.1,765,1,1,0,19.29824561403509,0,0
USNM_50368,CBDDTY010000184.1,764,1.0405759162303665,1,0.19743488266348533,9.523809523809524,0,0
USNM_50368,CBDDTY010001735.1,764,1,1,0,0,0,0
USNM_50368,CBDDTY010002034.1,763,1.1546526867627784,1,0.36899342218989795,0,0,0
USNM_50368,CBDDTY010002503.1,763,1.019659239842726,1,0.138917408771503,1.2345679012345678,0,0
USNM_50368,CBDDTY010002584.1,763,1,1,0,0,0,0
USNM_50368,CBDDTY010000940.1,762,1.036745406824147,1,0.18825964333870987,23.333333333333332,0,0
USNM_50368,CBDDTY010001634.1,762,1,1,0,2.4390243902439024,0,0
USNM_50368,CBDDTY010001992.1,762,1,1,0,3.278688524590164,0,0
USNM_50368,CBDDTY010002018.1,762,1,1,0,0,0,0
USNM_50368,CBDDTY010002303.1,762,1.0800524934383202,1,0.27155269197839454,0,0,0
USNM_50368,CBDDTY010003721.1,762,1.0498687664041995,1,0.217816746799056,13.157894736842104,0,0
USNM_50368,CBDDTY010000195.1,761,1,1,0,2.0408163265306123,0,0
USNM_50368,CBDDTY010001144.1,761,1,1,0,1.7857142857142858,0,0
USNM_50368,CBDDTY010002194.1,761,1.028909329829172,1,0.16766191994511412,3.260869565217391,0,0
USNM_50368,CBDDTY010002790.1,761,1.0105124835742445,1,0.1020571313904106,10.606060606060606,0,0
USNM_50368,CBDDTY010000768.1,760,1,1,0,12.5,0,0
USNM_50368,CBDDTY010000551.1,759,1,1,0,15.384615384615385,0,0
USNM_50368,CBDDTY010000770.1,758,1.0329815303430079,1,0.17870612963204274,3.5714285714285716,0,0
USNM_50368,CBDDTY010001889.1,758,1.0211081794195251,1,0.14383990958544046,5,0,0
USNM_50368,CBDDTY010002442.1,758,1,1,0,8.928571428571429,0,0
USNM_50368,CBDDTY010000350.1,757,1.202113606340819,1,0.5419890594058895,8.88888888888889,0,0
USNM_50368,CBDDTY010001034.1,757,1,1,0,5.2631578947368425,0,0
USNM_50368,CBDDTY010001084.1,757,1.081902245706737,1,0.28387450830112254,4.3478260869565215,0,0
USNM_50368,CBDDTY010002372.1,755,1.062251655629139,1,0.2417722259989692,1.4705882352941178,0,0
USNM_50368,CBDDTY010002891.1,755,1.0847682119205297,1,0.278721109378374,0,0,0
USNM_50368,CBDDTY010000622.1,754,1.0026525198938991,1,0.0514684106138752,0,0,0
USNM_50368,CBDDTY010002811.1,754,1.0583554376657824,1,0.2345699371940061,0,0,0
USNM_50368,CBDDTY010003002.1,754,1.1472148541114058,1,0.35455516374038615,0,0,0
USNM_50368,CBDDTY010002755.1,753,1.0239043824701195,1,0.15285284048760794,0,0,0
USNM_50368,CBDDTY010003004.1,753,1.0597609561752988,1,0.23720097909618942,1.639344262295082,0,0
USNM_50368,CBDDTY010001557.1,752,1.1515957446808511,1,0.45681419402716794,0,0,0
USNM_50368,CBDDTY010002824.1,752,1.2845744680851063,1,0.575927508557196,0.8453623188405797,0,0
USNM_50368,CBDDTY010000164.1,751,1.0825565912117177,1,0.2753942418784956,0,0,0
USNM_50368,CBDDTY010001182.1,751,1,1,0,0,0,0
USNM_50368,CBDDTY010001917.1,751,1.0279627163781624,1,0.1649758889699081,22.727272727272727,0,0
USNM_50368,CBDDTY010000939.1,750,1.044,1,0.2052319668414698,0,0,0
USNM_50368,CBDDTY010001055.1,750,1.028,1,0.16508281693925062,0,0,0
USNM_50368,CBDDTY010001377.1,750,1,1,0,1.1904761904761905,0,0
USNM_50368,CBDDTY010003194.1,750,1,1,0,0,0,0
USNM_50368,CBDDTY010002410.1,749,1.0734312416555407,1,0.26101734762391177,3.5714285714285716,0,0
USNM_50368,CBDDTY010003586.1,749,1.1041388518024031,1,0.30564468894709684,1.9607843137254901,0,0
USNM_50368,CBDDTY010002632.1,748,1.0013368983957218,1,0.036563621206356534,9.30232558139535,0,0
USNM_50368,CBDDTY010000467.1,747,1.0174029451137885,1,0.13085490047342457,0,0,0
USNM_50368,CBDDTY010000492.1,747,1,1,0,0,0,0
USNM_50368,CBDDTY010000828.1,747,1,1,0,0,0,0
USNM_50368,CBDDTY010000906.1,746,1,1,0,3.4482758620689653,0,0
USNM_50368,CBDDTY010001562.1,746,1,1,0,6.896551724137931,0,0
USNM_50368,CBDDTY010001712.1,746,1,1,0,17.94871794871795,0,0
USNM_50368,CBDDTY010001922.1,746,1,1,0,9.615384615384615,0,0
USNM_50368,CBDDTY010002256.1,746,1,1,0,0,0,0
USNM_50368,CBDDTY010004002.1,746,1.2801608579088473,1,0.5414947999614615,0,0,0
USNM_50368,CBDDTY010001053.1,745,1.014765100671141,1,0.12069235691193927,0,0,0
USNM_50368,CBDDTY010001845.1,745,1.1194630872483222,1,0.3523496118511256,0,0,0
USNM_50368,CBDDTY010002044.1,745,1.0818791946308726,1,0.27436478231278894,4,0,0
USNM_50368,CBDDTY010000606.1,744,1,1,0,0,0,0
USNM_50368,CBDDTY010001315.1,744,1.0376344086021505,1,0.1904384561945552,0,0,0
USNM_50368,CBDDTY010001483.1,743,1,1,0,0,0,0
USNM_50368,CBDDTY010002581.1,743,1.1090174966352624,1,0.31187110902140686,10.465116279069768,0,0
USNM_50368,CBDDTY010000355.1,742,1.1388140161725067,1,0.39343834745049616,0,0,0
USNM_50368,CBDDTY010001478.1,741,1,1,0,0,0,0
USNM_50368,CBDDTY010000979.1,740,1.037837837837838,1,0.19093297232154705,3.389830508474576,0,0
USNM_50368,CBDDTY010001719.1,740,1,1,0,0,0,0
USNM_50368,CBDDTY010002575.1,740,1.2824324324324323,1,0.5908316443491372,14.0625,0,0
USNM_50368,CBDDTY010000359.1,739,1.0622462787550744,1,0.24176594870439413,0,0,0
USNM_50368,CBDDTY010000643.1,739,1.0744248985115021,1,0.2626388665642856,29.166666666666668,0,0
USNM_50368,CBDDTY010001474.1,738,1.0772357723577235,1,0.26714623566275175,0,0,0
USNM_50368,CBDDTY010001675.1,738,1,1,0,16.216216216216218,0,0
USNM_50368,CBDDTY010002419.1,738,1.0636856368563685,1,0.24435769949449052,0,0,0
USNM_50368,CBDDTY010000211.1,737,1,1,0,0,0,0
USNM_50368,CBDDTY010000381.1,737,1.0352781546811398,1,0.18460727991222387,6.896551724137931,0,0
USNM_50368,CBDDTY010001786.1,737,1.0488466757123474,1,0.21569377345063606,8,0,0
USNM_50368,CBDDTY010002012.1,737,1.033921302578019,1,0.18114958776140527,0,0,0
USNM_50368,CBDDTY010004064.1,737,1.130257801899593,1,0.33681543096306577,0,0,0
USNM_50368,CBDDTY010002687.1,736,1,1,0,5.882352941176471,0,0
USNM_50368,CBDDTY010003239.1,736,1.2092391304347827,1,0.46331719334641497,7.854367816091954,0,0
USNM_50368,CBDDTY010002019.1,735,1.235374149659864,1,0.4245213238127402,0,0,0
USNM_50368,CBDDTY010002461.1,735,1,1,0,0,0,0
USNM_50368,CBDDTY010003090.1,735,1.0394557823129251,1,0.1948092839216804,0,0,0
USNM_50368,CBDDTY010000307.1,733,1.068212824010914,1,0.25228290672690634,13.88888888888889,0,0
USNM_50368,CBDDTY010000763.1,733,1,1,0,0,0,0
USNM_50368,CBDDTY010002072.1,733,1.0422919508867667,1,0.20139184246408678,0,0,0
USNM_50368,CBDDTY010003024.1,733,1.1923601637107777,1,0.6336178720725997,0,0,0
USNM_50368,CBDDTY010000338.1,732,1.075136612021858,1,0.2637918964300428,0,0,0
USNM_50368,CBDDTY010001523.1,732,1,1,0,2.9411764705882355,0,0
USNM_50368,CBDDTY010002946.1,732,1.0860655737704918,1,0.2806526224053647,0,0,0
USNM_50368,CBDDTY010003234.1,732,1.075136612021858,1,0.2637918964300428,4.3478260869565215,0,0
USNM_50368,CBDDTY010000250.1,731,1.1080711354309165,1,0.3106828103250142,0,0,0
USNM_50368,CBDDTY010001289.1,731,1.1627906976744187,1,0.36942737432362743,0,0,0
USNM_50368,CBDDTY010001336.1,731,1.0711354309165526,1,0.25722693352752074,0,0,0
USNM_50368,CBDDTY010002347.1,731,1,1,0,0,0,0
USNM_50368,CBDDTY010002402.1,731,1.0164158686730507,1,0.12715544136366405,3.125,0,0
USNM_50368,CBDDTY010002652.1,731,1.0875512995896033,1,0.28283476183406703,6,0,0
USNM_50368,CBDDTY010000873.1,730,1.0835616438356164,1,0.29140108949737487,0,0,0
USNM_50368,CBDDTY010001072.1,730,1.1479452054794521,1,0.3552890934562586,1.7857142857142858,0,0
USNM_50368,CBDDTY010003364.1,730,1.158904109589041,1,0.36583730237293344,2.3255813953488373,0,0
USNM_50368,CBDDTY010000517.1,729,1,1,0,0,0,0
USNM_50368,CBDDTY010001605.1,729,1,1,0,23.076923076923077,0,0
USNM_50368,CBDDTY010002693.1,729,1,1,0,0,0,0
USNM_50368,CBDDTY010000286.1,728,1,1,0,4.545454545454546,0,0
USNM_50368,CBDDTY010000778.1,728,1.3282967032967032,1,0.6783517201829918,0,0,0
USNM_50368,CBDDTY010001013.1,728,1.1057692307692308,1,0.3077534723885669,0,0,0
USNM_50368,CBDDTY010002068.1,728,1.559065934065934,1,0.9920316397114924,4.848363636363636,0,0
USNM_50368,CBDDTY010000708.1,727,1.0206327372764787,1,0.14224929103539588,0,0,0
USNM_50368,CBDDTY010000748.1,727,1,1,0,9.523809523809524,0,0
USNM_50368,CBDDTY010001829.1,727,1.0357634112792298,1,0.18582757828766694,0,0,0
USNM_50368,CBDDTY010002286.1,727,1.0481430536451168,1,0.21421582639668965,0,0,0
USNM_50368,CBDDTY010002376.1,727,1.0206327372764787,1,0.14224929103539588,0,0,0
USNM_50368,CBDDTY010002533.1,727,1.295735900962861,1,0.554740131368931,8.823529411764707,0,0
USNM_50368,CBDDTY010000500.1,726,1.0716253443526171,1,0.2580443214901842,3.8461538461538463,0,0
USNM_50368,CBDDTY010001782.1,726,1,1,0,0,0,0
USNM_50368,CBDDTY010001458.1,725,1.0579310344827586,1,0.23377427061554254,2.380952380952381,0,0
USNM_50368,CBDDTY010002220.1,725,1.1517241379310346,1,0.37407407756715216,1.4492753623188406,0,0
USNM_50368,CBDDTY010001340.1,724,1.0082872928176796,1,0.0907192425699608,0,0,0
USNM_50368,CBDDTY010001542.1,724,1.0041436464088398,1,0.0642820662377723,0,0,0
USNM_50368,CBDDTY010002280.1,724,1,1,0,0,0,0
USNM_50368,CBDDTY010002382.1,724,1.042817679558011,1,0.20258581479569054,6.25,0,0
USNM_50368,CBDDTY010002976.1,724,1,1,0,0,0,0
USNM_50368,CBDDTY010001200.1,723,1,1,0,1.4285714285714286,0,0
USNM_50368,CBDDTY010001268.1,723,1.037344398340249,1,0.18973556917893053,11.320754716981131,0,0
USNM_50368,CBDDTY010002144.1,723,1.0525587828492393,1,0.22330545720707565,0,0,0
USNM_50368,CBDDTY010000607.1,722,1.0138504155124655,1,0.11695095315411126,0,0,0
USNM_50368,CBDDTY010001576.1,722,1.020775623268698,1,0.14273126184596288,0,0,0
USNM_50368,CBDDTY010001160.1,721,1.403606102635229,1,0.7066653145949608,9.108488372093023,0,0
USNM_50368,CBDDTY010002538.1,721,1.0346740638002774,1,0.18307993247104248,6.25,0,0
USNM_50368,CBDDTY010003130.1,721,1,1,0,0,0,0
USNM_50368,CBDDTY010002152.1,719,1.157162726008345,1,0.364207484639961,0,0,0
USNM_50368,CBDDTY010002669.1,719,1,1,0,6,0,0
USNM_50368,CBDDTY010001007.1,718,1.064066852367688,1,0.2450426905882323,0,0,0
USNM_50368,CBDDTY010001161.1,718,1.4108635097493036,1,0.6111416308192725,0,0,0
USNM_50368,CBDDTY010001961.1,718,1,1,0,0,0,0
USNM_50368,CBDDTY010002383.1,718,1,1,0,28.571428571428573,0,0
USNM_50368,CBDDTY010000657.1,717,1,1,0,7.6923076923076925,0,0
USNM_50368,CBDDTY010001580.1,717,1.0139470013947,1,0.11735284370076009,9.30232558139535,0,0
USNM_50368,CBDDTY010002225.1,717,1.0516039051603905,1,0.2213804313929369,3.076923076923077,0,0
USNM_50368,CBDDTY010000573.1,716,1.0488826815642458,1,0.26255630403888874,10,0,0
USNM_50368,CBDDTY010001026.1,716,1.0698324022346368,1,0.2550425163740685,0,0,0
USNM_50368,CBDDTY010002095.1,716,1.111731843575419,1,0.31525647792342093,0,0,0
USNM_50368,CBDDTY010002722.1,716,1.079608938547486,1,0.27087604706034746,0,0,0
USNM_50368,CBDDTY010003107.1,716,1,1,0,0,0,0
USNM_50368,CBDDTY010000331.1,715,1,1,0,0,0,0
USNM_50368,CBDDTY010000563.1,715,1,1,0,0,0,0
USNM_50368,CBDDTY010001112.1,715,1.0895104895104895,1,0.28567902467965145,6.521739130434782,0,0
USNM_50368,CBDDTY010001171.1,715,1.0335664335664336,1,0.1802364055814657,0,0,0
USNM_50368,CBDDTY010000399.1,714,1.096638655462185,1,0.29567222663015497,10.714285714285714,0,0
USNM_50368,CBDDTY010001012.1,714,1,1,0,13.953488372093023,0,0
USNM_50368,CBDDTY010001400.1,714,1.1008403361344539,1,0.3013282791822732,0,0,0
USNM_50368,CBDDTY010002193.1,714,1,1,0,0,0,0
USNM_50368,CBDDTY010003754.1,714,1.977591036414566,1,1.5620146737240848,5.978260869565218,0,0
USNM_50368,CBDDTY010001392.1,713,1,1,0,6.666666666666667,0,0
USNM_50368,CBDDTY010001436.1,713,1.026647966339411,1,0.16116538647340645,2.5,0,0
USNM_50368,CBDDTY010001589.1,713,1.0995792426367461,1,0.2996483748617549,0,0,0
USNM_50368,CBDDTY010001885.1,713,1,1,0,0,0,0
USNM_50368,CBDDTY010002117.1,713,1.1458625525946704,1,0.3532161514158196,0,0,0
USNM_50368,CBDDTY010001429.1,712,1.0407303370786516,1,0.2180943557164777,0,0,0
USNM_50368,CBDDTY010001871.1,712,1.1235955056179776,1,0.3293508842109668,1.8867924528301887,0,0
USNM_50368,CBDDTY010002088.1,711,1.0857946554149085,1,0.28025774359441813,14.893617021276595,0,0
USNM_50368,CBDDTY010002281.1,711,1.0717299578059072,1,0.2582219052029048,0,0,0
USNM_50368,CBDDTY010002878.1,711,1.0984528832630098,1,0.29813575264003217,31.57894736842105,0,0
USNM_50368,CBDDTY010003361.1,711,1.0632911392405062,1,0.24365728278996224,0,0,0
USNM_50368,CBDDTY010002497.1,710,1,1,0,12.5,0,0
USNM_50368,CBDDTY010003395.1,710,1.056338028169014,1,0.23073586481831293,0,0,0
USNM_50368,CBDDTY010000176.1,709,1.0521861777150916,1,0.22255930278243205,9.75609756097561,0,0
USNM_50368,CBDDTY010000469.1,709,1.0550070521861776,1,0.2281549830222431,0,0,0
USNM_50368,CBDDTY010001240.1,709,1.1043723554301834,1,0.30595881913863776,0,0,0
USNM_50368,CBDDTY010001265.1,709,1.0662905500705218,1,0.2489649311255437,0,0,0
USNM_50368,CBDDTY010001354.1,709,1,1,0,0,0,0
USNM_50368,CBDDTY010001568.1,709,1.1269393511988717,1,0.3769028153148154,0,0,0
USNM_50368,CBDDTY010002276.1,709,1.0324400564174894,1,0.17729081212948836,6.25,0,0
USNM_50368,CBDDTY010002431.1,709,1.1029619181946404,1,0.30412368314457633,0,0,0
USNM_50368,CBDDTY010000493.1,708,1,1,0,0,0,0
USNM_50368,CBDDTY010001390.1,708,1.0677966101694916,1,0.25157428712092633,15.151515151515152,0,0
USNM_50368,CBDDTY010002695.1,708,1.0098870056497176,1,0.09901060021009464,0,0,0
USNM_50368,CBDDTY010002800.1,708,1.0677966101694916,1,0.25157428712092633,14.150943396226415,0,0
USNM_50368,CBDDTY010000376.1,707,1,1,0,0,0,0
USNM_50368,CBDDTY010000524.1,706,1.0807365439093484,1,0.27262323518874193,1.9607843137254901,0,0
USNM_50368,CBDDTY010002271.1,706,1.018413597733711,1,0.13453689008432881,0,0,0
USNM_50368,CBDDTY010002350.1,706,1,1,0,0,0,0
USNM_50368,CBDDTY010000871.1,705,1,1,0,0,0,0
USNM_50368,CBDDTY010001446.1,705,1.1106382978723404,1,0.31390640968695305,0,0,0
USNM_50368,CBDDTY010002210.1,705,1,1,0,0,0,0
USNM_50368,CBDDTY010002881.1,705,1,1,0,14.0625,0,0
USNM_50368,CBDDTY010000332.1,704,1.0426136363636365,1,0.2021280487527404,1.9607843137254901,0,0
USNM_50368,CBDDTY010000692.1,704,1.109375,1,0.3168526879940376,7.446808510638298,0,0
USNM_50368,CBDDTY010002629.1,704,1,1,0,0,0,0
USNM_50368,CBDDTY010002689.1,704,1.0014204545454546,1,0.037688918072220454,1.9230769230769231,0,0
USNM_50368,CBDDTY010002701.1,704,1,1,0,0,0,0
USNM_50368,CBDDTY010000087.1,703,1.0825035561877667,1,0.2753262600784023,3.8461538461538463,0,0
USNM_50368,CBDDTY010001546.1,703,1,1,0,10,0,0
USNM_50368,CBDDTY010001962.1,703,1.0170697012802277,1,0.12962340578978443,0,0,0
USNM_50368,CBDDTY010002033.1,703,1.054054054054054,1,0.22628533139611856,8.108108108108109,0,0
USNM_50368,CBDDTY010002712.1,703,1.0881934566145093,1,0.28377794599860257,27.906976744186046,0,0
USNM_50368,CBDDTY010001424.1,702,1.0555555555555556,1,0.2292247473193992,0,0,0
USNM_50368,CBDDTY010001450.1,701,1.24679029957204,1,0.5428828842051572,1.492537313432836,0,0
USNM_50368,CBDDTY010001480.1,701,1.028530670470756,1,0.16660212050864898,0,0,0
USNM_50368,CBDDTY010002937.1,701,1.078459343794579,1,0.2690850531796808,2.5641025641025643,0,0
USNM_50368,CBDDTY010003021.1,701,1.0242510699001426,1,0.1539375189191918,0,0,0
USNM_50368,CBDDTY010001497.1,700,1.04,1,0.19609930041261645,0,0,0
USNM_50368,CBDDTY010003087.1,698,1.0787965616045845,1,0.2696141807715164,5.357142857142857,0,0
USNM_50368,CBDDTY010002323.1,697,1.0688665710186513,1,0.25340895515044026,7.8431372549019605,0,0
USNM_50368,CBDDTY010002615.1,697,1.278335724533716,1,0.5596628570522418,0,0,0
USNM_50368,CBDDTY010000488.1,696,1,1,0,0,0,0
USNM_50368,CBDDTY010002026.1,696,1,1,0,0,0,0
USNM_50368,CBDDTY010003011.1,696,1.0158045977011494,1,0.12480862717648829,12.5,0,0
USNM_50368,CBDDTY010000620.1,695,1,1,0,0,0,0
USNM_50368,CBDDTY010000654.1,695,1.153956834532374,1,0.3611672932257533,15.789473684210526,0,0
USNM_50368,CBDDTY010000273.1,694,1.0403458213256485,1,0.19691090931958216,0,0,0
USNM_50368,CBDDTY010001095.1,694,1.0244956772334295,1,0.15469363423201105,14.285714285714286,0,0
USNM_50368,CBDDTY010001227.1,694,1.0345821325648414,1,0.1828507178531149,0,0,0
USNM_50368,CBDDTY010001759.1,694,1.0504322766570606,1,0.21899307255116765,15.254237288135593,0,0
USNM_50368,CBDDTY010001797.1,693,1,1,0,0,0,0
USNM_50368,CBDDTY010001883.1,693,1.0144300144300145,1,0.11934127882646561,13.333333333333334,0,0
USNM_50368,CBDDTY010002524.1,693,1,1,0,0,0,0
USNM_50368,CBDDTY010003143.1,693,1.0303030303030303,1,0.17154363928360988,0,0,0
USNM_50368,CBDDTY010000879.1,692,1,1,0,0,0,0
USNM_50368,CBDDTY010000994.1,692,1,1,0,0,0,0
USNM_50368,CBDDTY010002566.1,692,1.1416184971098267,1,0.437267841703671,0,0,0
USNM_50368,CBDDTY010002821.1,692,1,1,0,8.695652173913043,0,0
USNM_50368,CBDDTY010000666.1,691,1.0274963820549927,1,0.16364316402410164,0,0,0
USNM_50368,CBDDTY010002238.1,691,1,1,0,0,0,0
USNM_50368,CBDDTY010002869.1,691,1.0463096960926195,1,0.2103071932757667,0,0,0
USNM_50368,CBDDTY010000894.1,690,1.0391304347826087,1,0.19404590849109107,4.081632653061225,0,0
USNM_50368,CBDDTY010001493.1,690,1.0057971014492753,1,0.0759727587933263,0,0,0
USNM_50368,CBDDTY010001619.1,690,1,1,0,0,0,0
USNM_50368,CBDDTY010001834.1,690,1.2884057971014493,1,0.4902640596169796,0,0,0
USNM_50368,CBDDTY010002295.1,690,1.018840579710145,1,0.13606043470554333,0,0,0
USNM_50368,CBDDTY010002662.1,690,1.0072463768115942,1,0.08487819425849902,2.3255813953488373,0,0
USNM_50368,CBDDTY010003815.1,690,1.2507246376811594,1,0.45337732418578536,4.545454545454546,0,0
USNM_50368,CBDDTY010000961.1,689,1.050798258345428,1,0.21974503247920718,1.8518518518518519,0,0
USNM_50368,CBDDTY010001413.1,689,1,1,0,0,0,0
USNM_50368,CBDDTY010001440.1,689,1,1,0,0,0,0
USNM_50368,CBDDTY010003391.1,689,1,1,0,0,0,0
USNM_50368,CBDDTY010000506.1,688,1,1,0,0,0,0
USNM_50368,CBDDTY010000655.1,688,1.0363372093023255,1,0.18726395046375682,0,0,0
USNM_50368,CBDDTY010000009.1,687,1,1,0,0,0,0
USNM_50368,CBDDTY010001107.1,687,1,1,0,0,0,0
USNM_50368,CBDDTY010000504.1,686,1.0583090379008746,1,0.2344978747478595,1.492537313432836,0,0
USNM_50368,CBDDTY010003144.1,683,1.7452415812591509,1,0.9266912375565364,0,0,0
USNM_50368,CBDDTY010000642.1,682,1.0586510263929618,1,0.23514284390570123,0,0,0
USNM_50368,CBDDTY010002914.1,681,1.0469897209985315,1,0.21177238380215105,10.416666666666666,0,0
USNM_50368,CBDDTY010001047.1,679,1.3991163475699557,1,0.5333141632919203,11.864406779661017,0,0
USNM_50368,CBDDTY010001498.1,679,1.0456553755522828,1,0.2088904645778794,8.695652173913043,0,0
USNM_50368,CBDDTY010002534.1,679,1.2076583210603828,1,0.40592982364736463,16.10169491525424,0,0
USNM_50368,CBDDTY010002685.1,679,1.1443298969072164,1,0.46062620917272284,10.784117647058823,0,0
USNM_50368,CBDDTY010001451.1,678,1.0707964601769913,1,0.2566739015661817,0,0,0
USNM_50368,CBDDTY010002306.1,678,1,1,0,0,0,0
USNM_50368,CBDDTY010002583.1,678,1.028023598820059,1,0.16516207349315895,1.9230769230769231,0,0
USNM_50368,CBDDTY010000030.1,677,1.0251107828655834,1,0.1565772806303434,6.25,0,0
USNM_50368,CBDDTY010000959.1,677,1,1,0,0,0,0
USNM_50368,CBDDTY010002744.1,677,1,1,0,0,0,0
USNM_50368,CBDDTY010001472.1,676,1,1,0,0,0,0
USNM_50368,CBDDTY010001658.1,676,1.1449704142011834,1,0.49260140810957076,0,0,0
USNM_50368,CBDDTY010002589.1,676,1.0784023668639053,1,0.2690027524469207,0,0,0
USNM_50368,CBDDTY010002065.1,675,1.048888888888889,1,0.21579563178692587,17.56756756756757,0,0
USNM_50368,CBDDTY010002099.1,675,1.0237037037037038,1,0.15223722674118442,0,0,0
USNM_50368,CBDDTY010002895.1,675,1.0414814814814815,1,0.19954889228766023,0,0,0
USNM_50368,CBDDTY010001197.1,674,1.053412462908012,1,0.22502154869673596,4.444444444444445,0,0
USNM_50368,CBDDTY010001202.1,674,1.056379821958457,1,0.23082501675285946,3.9215686274509802,0,0
USNM_50368,CBDDTY010002518.1,674,1,1,0,2.0408163265306123,0,0
USNM_50368,CBDDTY010003402.1,674,1.155786350148368,1,0.409113188061079,8.571428571428571,0,0
USNM_50368,CBDDTY010002052.1,673,1.025260029717682,1,0.15703057166898932,7.407407407407407,0,0
USNM_50368,CBDDTY010002066.1,673,1.0965824665676078,1,0.2956080790815971,0,0,0
USNM_50368,CBDDTY010000771.1,672,1,1,0,22.22222222222222,0,0
USNM_50368,CBDDTY010001627.1,672,1.0669642857142858,1,0.25014632720012026,1.8518518518518519,0,0
USNM_50368,CBDDTY010002778.1,672,1.0461309523809523,1,0.209924904876287,6.349206349206349,0,0
USNM_50368,CBDDTY010002839.1,672,1,1,0,5.084745762711864,0,0
USNM_50368,CBDDTY010003203.1,672,1.0505952380952381,1,0.21933296080870204,0,0,0
USNM_50368,CBDDTY010000194.1,671,1.1892697466467959,1,0.5197053444391277,0,0,0
USNM_50368,CBDDTY010000445.1,671,1.0566318926974665,1,0.23131031065899033,1.8181818181818181,0,0
USNM_50368,CBDDTY010000446.1,671,1.0566318926974665,1,0.23131031065899033,12.195121951219512,0,0
USNM_50368,CBDDTY010002485.1,671,1,1,0,0,0,0
USNM_50368,CBDDTY010000558.1,670,1.1,1,0.3002241315217384,2.3255813953488373,0,0
USNM_50368,CBDDTY010001770.1,670,1.1074626865671642,1,0.309931972301431,9.210526315789474,0,0
USNM_50368,CBDDTY010002900.1,670,1.146268656716418,1,0.41219393980098284,0,0,0
USNM_50368,CBDDTY010003097.1,670,1.0119402985074626,1,0.10869849423354588,0,0,0
USNM_50368,CBDDTY010003141.1,670,1.0417910447761194,1,0.20026085658963894,4.25531914893617,0,0
USNM_50368,CBDDTY010000596.1,669,1.0403587443946187,1,0.19694642688277986,0,0,0
USNM_50368,CBDDTY010001060.1,669,1,1,0,9.75609756097561,0,0
USNM_50368,CBDDTY010001819.1,669,1,1,0,0,0,0
USNM_50368,CBDDTY010004100.1,669,1.3139013452914798,1,0.4644240485154756,0,0,0
USNM_50368,CBDDTY010003370.1,668,1.221556886227545,1,0.509592512693219,0,0,0
USNM_50368,CBDDTY010000441.1,667,1.1139430284857572,1,0.3179805125459462,0,0,0
USNM_50368,CBDDTY010000678.1,666,1.024024024024024,1,0.15323879647558786,4.8076923076923075,0,0
USNM_50368,CBDDTY010000896.1,666,1,1,0,0,0,0
USNM_50368,CBDDTY010002282.1,665,1.0827067669172932,1,0.2756458129304118,12.5,0,0
USNM_50368,CBDDTY010002831.1,665,1.069172932330827,1,0.25393898420678307,0,0,0
USNM_50368,CBDDTY010003383.1,665,1.130827067669173,1,0.4244380500171756,0,0,0
USNM_50368,CBDDTY010000380.1,664,1,1,0,0,0,0
USNM_50368,CBDDTY010001418.1,664,1.0512048192771084,1,0.2205814206001821,4.166666666666667,0,0
USNM_50368,CBDDTY010000624.1,663,1,1,0,0,0,0
USNM_50368,CBDDTY010002765.1,663,1.0392156862745099,1,0.19425429558899737,0,0,0
USNM_50368,CBDDTY010000508.1,662,1,1,0,6.0606060606060606,0,0
USNM_50368,CBDDTY010002355.1,662,1.051359516616314,1,0.22089686682166138,1.6666666666666667,0,0
USNM_50368,CBDDTY010002356.1,662,1.0105740181268883,1,0.10236227877816749,10.81081081081081,0,0
USNM_50368,CBDDTY010000706.1,661,1.027231467473525,1,0.16288048037467745,5.084745762711864,0,0
USNM_50368,CBDDTY010001025.1,661,1,1,0,1.694915254237288,0,0
USNM_50368,CBDDTY010001089.1,661,1,1,0,2.4390243902439024,0,0
USNM_50368,CBDDTY010001857.1,661,1.0015128593040847,1,0.038895492079220696,6,0,0
USNM_50368,CBDDTY010002203.1,661,1.027231467473525,1,0.16288048037467745,0,0,0
USNM_50368,CBDDTY010002206.1,661,1.0726172465960666,1,0.2597037127754953,2.3255813953488373,0,0
USNM_50368,CBDDTY010002822.1,661,1.048411497730711,1,0.21479670470575282,0,0,0
USNM_50368,CBDDTY010000153.1,660,1.0227272727272727,1,0.14914572575170024,22.115384615384617,0,0
USNM_50368,CBDDTY010000276.1,660,1,1,0,7.317073170731708,0,0
USNM_50368,CBDDTY010000926.1,660,1.0757575757575757,1,0.264810526394647,0,0,0
USNM_50368,CBDDTY010001396.1,660,1.0787878787878789,1,0.352539088983119,3.4482758620689653,0,0
USNM_50368,CBDDTY010001614.1,660,1,1,0,7.8431372549019605,0,0
USNM_50368,CBDDTY010001960.1,660,1,1,0,0,0,0
USNM_50368,CBDDTY010002090.1,660,1,1,0,0,0,0
USNM_50368,CBDDTY010002710.1,660,1,1,0,0,0,0
USNM_50368,CBDDTY010000577.1,659,1.1380880121396055,1,0.34525439036426353,2.985074626865672,0,0
USNM_50368,CBDDTY010001593.1,659,1,1,0,0,0,0
USNM_50368,CBDDTY010002703.1,659,1.0379362670713201,1,0.1911872732153987,1.9230769230769231,0,0
USNM_50368,CBDDTY010003182.1,659,1,1,0,0,0,0
USNM_50368,CBDDTY010000739.1,658,1.0759878419452888,1,0.2651802405416405,16,0,0
USNM_50368,CBDDTY010001054.1,658,1.1033434650455927,1,0.30463852966227706,0,0,0
USNM_50368,CBDDTY010001131.1,658,1.168693009118541,1,0.44870026400943186,0,0,0
USNM_50368,CBDDTY010001731.1,658,1,1,0,0,0,0
USNM_50368,CBDDTY010002422.1,658,1,1,0,0,0,0
USNM_50368,CBDDTY010001630.1,657,1.0426179604261796,1,0.20214813267202103,1.7241379310344827,0,0
USNM_50368,CBDDTY010002070.1,657,1,1,0,1.8181818181818181,0,0
USNM_50368,CBDDTY010000456.1,656,1.038109756097561,1,0.1916073278553807,0,0,0
USNM_50368,CBDDTY010002279.1,655,1.0564885496183205,1,0.23103914856889637,9.090909090909092,0,0
USNM_50368,CBDDTY010003162.1,655,1.0045801526717557,1,0.06757326459970445,0,0,0
USNM_50368,CBDDTY010000910.1,654,1,1,0,2.7027027027027026,0,0
USNM_50368,CBDDTY010001594.1,654,1,1,0,8.51063829787234,0,0
USNM_50368,CBDDTY010001611.1,654,1.073394495412844,1,0.2609825474564356,0,0,0
USNM_50368,CBDDTY010002185.1,654,1.084097859327217,1,0.27774694525828897,0,0,0
USNM_50368,CBDDTY010000452.1,653,1.0428790199081164,1,0.20273962358964534,1.8867924528301887,0,0
USNM_50368,CBDDTY010001489.1,653,1.0643185298621747,1,0.2455075553477015,0,0,0
USNM_50368,CBDDTY010001585.1,653,1,1,0,8.695652173913043,0,0
USNM_50368,CBDDTY010001682.1,653,1,1,0,19.29824561403509,0,0
USNM_50368,CBDDTY010003365.1,652,1.0383435582822085,1,0.19217172237376526,1.639344262295082,0,0
USNM_50368,CBDDTY010003723.1,652,1.0904907975460123,1,0.2871038791029886,0,0,0
USNM_50368,CBDDTY010000621.1,651,1,1,0,5.357142857142857,0,0
USNM_50368,CBDDTY010002328.1,651,1,1,0,2.3255813953488373,0,0
USNM_50368,CBDDTY010003029.1,651,1.0353302611367128,1,0.1847551560386199,0,0,0
USNM_50368,CBDDTY010003259.1,651,1.2442396313364055,1,0.7148597480705962,5.882352941176471,0,0
USNM_50368,CBDDTY010001266.1,650,1,1,0,0,0,0
USNM_50368,CBDDTY010001946.1,650,1.0338461538461539,1,0.18097231234562816,2.0408163265306123,0,0
USNM_50368,CBDDTY010002038.1,650,1,1,0,1.6666666666666667,0,0
USNM_50368,CBDDTY010002748.1,649,1.066255778120185,1,0.2489205136803989,0,0,0
USNM_50368,CBDDTY010000098.1,648,1,1,0,5.2631578947368425,0,0
USNM_50368,CBDDTY010000389.1,647,1.044822256568779,1,0.2070736492703613,0,0,0
USNM_50368,CBDDTY010001176.1,647,1.0695517774343122,1,0.2545869294914577,0,0,0
USNM_50368,CBDDTY010001402.1,647,1.0293663060278206,1,0.16896168152190943,1.639344262295082,0,0
USNM_50368,CBDDTY010001983.1,647,1,1,0,7.317073170731708,0,0
USNM_50368,CBDDTY010002331.1,647,1,1,0,16.3265306122449,0,0
USNM_50368,CBDDTY010000793.1,646,1,1,0,0,0,0
USNM_50368,CBDDTY010001168.1,646,1.109907120743034,1,0.3130163193289939,11.11111111111111,0,0
USNM_50368,CBDDTY010001662.1,646,1.2229102167182662,1,0.416521082397402,0,0,0
USNM_50368,CBDDTY010000851.1,645,1,1,0,22.580645161290324,0,0
USNM_50368,CBDDTY010001600.1,644,1.0698757763975155,1,0.2551357095109777,0,0,0
USNM_50368,CBDDTY010002046.1,644,1.0869565217391304,1,0.2819903563824551,5.555555555555555,0,0
USNM_50368,CBDDTY010002896.1,644,1,1,0,3.508771929824561,0,0
USNM_50368,CBDDTY010003069.1,644,1.0108695652173914,1,0.10376964142418375,5.128205128205129,0,0
USNM_50368,CBDDTY010000836.1,643,1,1,0,0,0,0
USNM_50368,CBDDTY010000905.1,643,1.447900466562986,1,1.020815038144808,1.5151515151515151,0,0
USNM_50368,CBDDTY010001313.1,643,1,1,0,0,0,0
USNM_50368,CBDDTY010002234.1,643,1.068429237947123,1,0.25267760334275435,0,0,0
USNM_50368,CBDDTY010001973.1,642,1.0451713395638629,1,0.20784171026334403,0,0,0
USNM_50368,CBDDTY010002253.1,642,1,1,0,0,0,0
USNM_50368,CBDDTY010000787.1,641,1.032761310452418,1,0.17815027224447352,5.2631578947368425,0,0
USNM_50368,CBDDTY010002136.1,641,1.0546021840873634,1,0.22737951327620154,0,0,0
USNM_50368,CBDDTY010002487.1,640,1.0484375,1,0.21485678710977726,2.7027027027027026,0,0
USNM_50368,CBDDTY010001709.1,639,1,1,0,9.375,0,0
USNM_50368,CBDDTY010002491.1,639,1.028169014084507,1,0.16558511125616368,2.1739130434782608,0,0
USNM_50368,CBDDTY010002777.1,639,1,1,0,0,0,0
USNM_50368,CBDDTY010002445.1,638,1,1,0,2.272727272727273,0,0
USNM_50368,CBDDTY010000547.1,637,1.084772370486656,1,0.27876155810913894,0,0,0
USNM_50368,CBDDTY010003235.1,637,1.196232339089482,1,0.3974584302732881,0,0,0
USNM_50368,CBDDTY010001595.1,635,1,1,0,0,0,0
USNM_50368,CBDDTY010001930.1,635,1.078740157480315,1,0.2695451014448397,0,0,0
USNM_50368,CBDDTY010000893.1,634,1.0457413249211356,1,0.20908852663510186,17.24137931034483,0,0
USNM_50368,CBDDTY010001677.1,634,1,1,0,5.454545454545454,0,0
USNM_50368,CBDDTY010002466.1,634,1.0599369085173502,1,0.23755733481497238,0,0,0
USNM_50368,CBDDTY010002979.1,634,1.1766561514195584,1,0.446532207912281,10.526315789473685,0,0
USNM_50368,CBDDTY010000203.1,633,1.052132701421801,1,0.222470382231128,0,0,0
USNM_50368,CBDDTY010001532.1,633,1.2227488151658767,1,0.4597612497188687,0,0,0
USNM_50368,CBDDTY010001733.1,633,1.0458135860979463,1,0.20924595637231286,0,0,0
USNM_50368,CBDDTY010001859.1,633,1.0868878357030016,1,0.28189337533452596,8.333333333333334,0,0
USNM_50368,CBDDTY010001894.1,633,1.0726698262243286,1,0.2597990581640218,0,0,0
USNM_50368,CBDDTY010001898.1,633,1.0015797788309637,1,0.039746431675858215,6.521739130434782,0,0
USNM_50368,CBDDTY010002665.1,633,1.0647709320695102,1,0.2463158662960255,1.1627906976744187,0,0
USNM_50368,CBDDTY010003207.1,633,1,1,0,0,0,0
USNM_50368,CBDDTY010001548.1,632,1.0015822784810127,1,0.039777864208786505,0,0,0
USNM_50368,CBDDTY010001838.1,632,1,1,0,2.985074626865672,0,0
USNM_50368,CBDDTY010002290.1,632,1.0348101265822784,1,0.18344380043028777,0,0,0
USNM_50368,CBDDTY010002889.1,632,1.0031645569620253,1,0.056209801781230126,16.216216216216218,0,0
USNM_50368,CBDDTY010002918.1,632,1.0221518987341771,1,0.14729399333246726,0,0,0
USNM_50368,CBDDTY010000550.1,631,1.0190174326465926,1,0.13669448502153625,0,0,0
USNM_50368,CBDDTY010001067.1,631,1,1,0,0,0,0
USNM_50368,CBDDTY010001178.1,631,1.1933438985736926,1,0.49827009373225645,0,0,0
USNM_50368,CBDDTY010002287.1,631,1.01743264659271,1,0.13098067764611399,0,0,0
USNM_50368,CBDDTY010002349.1,631,1,1,0,11.764705882352942,0,0
USNM_50368,CBDDTY010000089.1,630,1,1,0,7.017543859649122,0,0
USNM_50368,CBDDTY010001194.1,630,1.3142857142857143,1,0.7625697378220676,7.446808510638298,0,0
USNM_50368,CBDDTY010001492.1,630,1,1,0,0,0,0
USNM_50368,CBDDTY010001577.1,630,1.0444444444444445,1,0.20624416186006378,0,0,0
USNM_50368,CBDDTY010002110.1,630,1.046031746031746,1,0.20972038074609048,8.064516129032258,0,0
USNM_50368,CBDDTY010002232.1,630,1.0507936507936508,1,0.21975055657230205,0,0,0
USNM_50368,CBDDTY010001261.1,629,1.0317965023847377,1,0.17559756915595298,0,0,0
USNM_50368,CBDDTY010002037.1,629,1.0317965023847377,1,0.17559756915595298,1.8867924528301887,0,0
USNM_50368,CBDDTY010002215.1,629,1,1,0,27.77777777777778,0,0
USNM_50368,CBDDTY010002935.1,629,1.0794912559618441,1,0.2707192507781657,2.3255813953488373,0,0
USNM_50368,CBDDTY010000339.1,628,1.0398089171974523,1,0.19566586542686368,0,0,0
USNM_50368,CBDDTY010001487.1,628,1.0445859872611465,1,0.20655753803200586,0,0,0
USNM_50368,CBDDTY010002083.1,628,1,1,0,1.8181818181818181,0,0
USNM_50368,CBDDTY010002165.1,628,1.0302547770700636,1,0.17142409071266715,1.8181818181818181,0,0
USNM_50368,CBDDTY010000878.1,627,1.059011164274322,1,0.2358337359102186,0,0,0
USNM_50368,CBDDTY010001543.1,627,1,1,0,0,0,0
USNM_50368,CBDDTY010001879.1,627,1.0207336523125996,1,0.1426050563918555,0,0,0
USNM_50368,CBDDTY010001963.1,627,1.0542264752791068,1,0.2266448568113253,0,0,0
USNM_50368,CBDDTY010002130.1,627,1,1,0,0,0,0
USNM_50368,CBDDTY010002315.1,627,1,1,0,0,0,0
USNM_50368,CBDDTY010002368.1,627,1.1929824561403508,1,0.5050054926582918,0,0,0
USNM_50368,CBDDTY010001140.1,626,1.0143769968051117,1,0.11913425723110205,0,0,0
USNM_50368,CBDDTY010004018.1,626,1.1118210862619808,1,0.31539822183813615,0,0,0
USNM_50368,CBDDTY010000522.1,625,1.3376,1,0.5059998986520624,0,0,0
USNM_50368,CBDDTY010001612.1,625,1.2864,1,0.9420163861604912,5.660377358490566,0,0
USNM_50368,CBDDTY010002324.1,625,1.0512,1,0.22058198080625321,0,0,0
USNM_50368,CBDDTY010000142.1,624,1.0304487179487178,1,0.17195633082102313,2.272727272727273,0,0
USNM_50368,CBDDTY010001271.1,624,1.0096153846153846,1,0.09766378343272582,0,0,0
USNM_50368,CBDDTY010002843.1,624,1,1,0,0,0,0
USNM_50368,CBDDTY010001681.1,623,1.0529695024077046,1,0.22415258935103674,2.3255813953488373,0,0
USNM_50368,CBDDTY010001717.1,623,2.409309791332263,1,2.6647110336058986,59.525,27,4.333868378812198
USNM_50368,CBDDTY010002209.1,623,1.1781701444622792,1,0.3829633858832323,2.1739130434782608,0,0
USNM_50368,CBDDTY010001907.1,622,1.0418006430868167,1,0.2002944019971737,4.444444444444445,0,0
USNM_50368,CBDDTY010002401.1,622,1.1366559485530547,1,0.45996611996809394,7.8431372549019605,0,0
USNM_50368,CBDDTY010002898.1,622,1,1,0,0,0,0
USNM_50368,CBDDTY010003373.1,622,1.0112540192926045,1,0.10557123096130697,0,0,0
USNM_50368,CBDDTY010001100.1,621,1,1,0,0,0,0
USNM_50368,CBDDTY010001142.1,621,1,1,0,7.142857142857143,0,0
USNM_50368,CBDDTY010002690.1,620,1,1,0,0,0,0
USNM_50368,CBDDTY010002901.1,620,1,1,0,2.272727272727273,0,0
USNM_50368,CBDDTY010000139.1,619,1,1,0,20,0,0
USNM_50368,CBDDTY010001222.1,619,1.0840064620355412,1,0.2776218469894112,0,0,0
USNM_50368,CBDDTY010001307.1,619,1,1,0,0,0,0
USNM_50368,CBDDTY010001646.1,619,1.0306946688206786,1,0.17262864577023299,0,0,0
USNM_50368,CBDDTY010002550.1,619,1.0565428109854604,1,0.23115371822456912,0,0,0
USNM_50368,CBDDTY010000353.1,618,1.1796116504854368,1,0.46089038413157835,16.216216216216218,0,0
USNM_50368,CBDDTY010002142.1,618,1.1116504854368932,1,0.3151910652689441,0,0,0
USNM_50368,CBDDTY010003431.1,618,1.3802588996763754,1,0.7331457482177357,0,0,0
USNM_50368,CBDDTY010001811.1,617,1,1,0,0,0,0
USNM_50368,CBDDTY010002058.1,617,1.0551053484602917,1,0.2283709180726555,8,0,0
USNM_50368,CBDDTY010002440.1,617,1.087520259319287,1,0.28282522365870233,0,0,0
USNM_50368,CBDDTY010002561.1,617,1.0162074554294975,1,0.1263750694998012,3.389830508474576,0,0
USNM_50368,CBDDTY010001143.1,616,1.1363636363636365,1,0.343453182678216,0,0,0
USNM_50368,CBDDTY010002359.1,616,1.0243506493506493,1,0.1542605770298877,5.405405405405405,0,0
USNM_50368,CBDDTY010001853.1,615,1.1040650406504064,1,0.3360525721783871,3.225806451612903,0,0
USNM_50368,CBDDTY010000825.1,614,1,1,0,0,0,0
USNM_50368,CBDDTY010001128.1,613,1.030995106035889,1,0.17344591453858932,0,0,0
USNM_50368,CBDDTY010001316.1,613,1.0783034257748776,1,0.2688678623231227,0,0,0
USNM_50368,CBDDTY010001951.1,613,1,1,0,0,0,0
USNM_50368,CBDDTY010002766.1,613,1.0538336052202284,1,0.2258733631686245,0,0,0
USNM_50368,CBDDTY010003072.1,613,1.0522022838499185,1,0.22261637522350264,0,0,0
USNM_50368,CBDDTY010001235.1,612,1.0637254901960784,1,0.2444630907794504,2.6315789473684212,0,0
USNM_50368,CBDDTY010001715.1,612,1,1,0,5.376344086021505,0,0
USNM_50368,CBDDTY010002054.1,612,1.0718954248366013,1,0.25852597810245115,3.5714285714285716,0,0
USNM_50368,CBDDTY010003198.1,612,1.2581699346405228,1,0.5681237249223409,6.60377358490566,0,0
USNM_50368,CBDDTY010001369.1,611,1.039279869067103,1,0.19441919870112978,0,0,0
USNM_50368,CBDDTY010002782.1,611,1.1538461538461537,1,0.3610968298875732,0,0,0
USNM_50368,CBDDTY010001911.1,610,1,1,0,0,0,0
USNM_50368,CBDDTY010002351.1,610,1.021311475409836,1,0.144539077276315,0,0,0
USNM_50368,CBDDTY010002630.1,610,1,1,0,0,0,0
USNM_50368,CBDDTY010002776.1,610,1.0655737704918034,1,0.27891723905179405,0,0,0
USNM_50368,CBDDTY010003549.1,610,1.1852459016393442,1,0.3930162364243903,21.21212121212121,0,0
USNM_50368,CBDDTY010000284.1,609,1.077175697865353,1,0.2670893989659901,14.516129032258064,0,0
USNM_50368,CBDDTY010001082.1,609,1.1444991789819376,1,0.5338601856094253,1.6666666666666667,0,0
USNM_50368,CBDDTY010001156.1,609,1,1,0,16.666666666666668,0,0
USNM_50368,CBDDTY010001924.1,609,1.0377668308702792,1,0.19078854240010643,17.647058823529413,0,0
USNM_50368,CBDDTY010002378.1,609,1.0344827586206897,1,0.1826155999641658,0,0,0
USNM_50368,CBDDTY010002906.1,609,1.0328407224958949,1,0.1783660559576799,7.575757575757576,0,0
USNM_50368,CBDDTY010002938.1,609,1.1297208538587848,1,0.33627226140640115,11.11111111111111,0,0
USNM_50368,CBDDTY010003095.1,609,1.0459770114942528,1,0.20960741687140155,19.642857142857142,0,0
USNM_50368,CBDDTY010001479.1,608,1,1,0,0,0,0
USNM_50368,CBDDTY010003126.1,608,1.337171052631579,1,0.5195992851715491,0,0,0
USNM_50368,CBDDTY010000552.1,607,1,1,0,0,0,0
USNM_50368,CBDDTY010001713.1,607,1.1070840197693574,1,0.42612603443049374,6.25,0,0
USNM_50368,CBDDTY010001632.1,606,1,1,0,0,0,0
USNM_50368,CBDDTY010002501.1,606,1,1,0,0,0,0
USNM_50368,CBDDTY010000792.1,604,1.0662251655629138,1,0.24888138921912356,0,0,0
USNM_50368,CBDDTY010001149.1,604,1.021523178807947,1,0.14524068590315772,0,0,0
USNM_50368,CBDDTY010001887.1,604,1.0513245033112584,1,0.22084167504136595,0,0,0
USNM_50368,CBDDTY010002156.1,604,1.1142384105960266,1,0.31836426269706175,3.278688524590164,0,0
USNM_50368,CBDDTY010002801.1,604,1.2615894039735098,1,0.5623170410722417,1.4492753623188406,0,0
USNM_50368,CBDDTY010002842.1,604,1,1,0,12.903225806451612,0,0
USNM_50368,CBDDTY010002920.1,604,1.1208609271523178,1,0.3312801250555946,5.555555555555555,0,0
USNM_50368,CBDDTY010001322.1,603,1,1,0,2.7027027027027026,0,0
USNM_50368,CBDDTY010002427.1,603,1.0480928689883913,1,0.2141401208578727,18.181818181818183,0,0
USNM_50368,CBDDTY010001029.1,602,1.0813953488372092,1,0.273668696758785,0,0,0
USNM_50368,CBDDTY010001177.1,602,1,1,0,7.894736842105263,0,0
USNM_50368,CBDDTY010001553.1,602,1.048172757475083,1,0.2143092065110099,0,0,0
USNM_50368,CBDDTY010001672.1,602,1.1478405315614617,1,0.464804885783955,5.882352941176471,0,0
USNM_50368,CBDDTY010003185.1,602,1.0382059800664452,1,0.19185261284562546,0,0,0
USNM_50368,CBDDTY010000729.1,601,1,1,0,1.6666666666666667,0,0
USNM_50368,CBDDTY010001456.1,601,1.0183028286189684,1,0.13415581044188474,0,0,0
USNM_50368,CBDDTY010001952.1,601,1.0282861896838602,1,0.16592736752052273,24.489795918367346,0,0
USNM_50368,CBDDTY010003254.1,601,1.1364392678868553,1,0.34354034220471075,0,0,0
USNM_50368,CBDDTY010001228.1,600,1.04,1,0.19612268314690484,0,0,0
USNM_50368,CBDDTY010001311.1,600,1.115,1,0.38560275215665235,0,0,0
USNM_50368,CBDDTY010001781.1,600,1.0783333333333334,1,0.26891960101221674,1.7543859649122806,0,0
USNM_50368,CBDDTY010002526.1,600,1,1,0,0,0,0
USNM_50368,CBDDTY010002544.1,600,1,1,0,0,0,0
USNM_50368,CBDDTY010002789.1,600,1.17,1,0.45619461037759157,9.090909090909092,0,0
USNM_50368,CBDDTY010001596.1,599,1,1,0,0,0,0
USNM_50368,CBDDTY010001761.1,599,1.317195325542571,1,0.6936560212605061,8.035714285714286,0,0
USNM_50368,CBDDTY010001823.1,599,1.1819699499165275,1,0.3861422170710068,16.666666666666668,0,0
USNM_50368,CBDDTY010002208.1,597,1,1,0,0,0,0
USNM_50368,CBDDTY010002216.1,597,1.053601340033501,1,0.22541816890101055,0,0,0
USNM_50368,CBDDTY010000813.1,596,1,1,0,0,0,0
USNM_50368,CBDDTY010003450.1,596,1,1,0,0,0,0
USNM_50368,CBDDTY010003196.1,595,1,1,0,0,0,0
USNM_50368,CBDDTY010003271.1,595,1.384873949579832,1,0.9682361566933523,0,0,0
USNM_50368,CBDDTY010001686.1,594,1,1,0,0,0,0
USNM_50368,CBDDTY010001970.1,594,1.031986531986532,1,0.17611248844780447,11.11111111111111,0,0
USNM_50368,CBDDTY010003173.1,594,1.0656565656565657,1,0.2478895538873418,4.878048780487805,0,0
USNM_50368,CBDDTY010000762.1,593,1.0219224283305228,1,0.14655393131295535,5.882352941176471,0,0
USNM_50368,CBDDTY010000969.1,593,1,1,0,0,0,0
USNM_50368,CBDDTY010001335.1,593,1.118043844856661,1,0.3229324328439146,0,0,0
USNM_50368,CBDDTY010001514.1,593,1.109612141652614,1,0.3126694426912739,0,0,0
USNM_50368,CBDDTY010002067.1,593,1.129848229342327,1,0.42909727355228133,5.084745762711864,0,0
USNM_50368,CBDDTY010001519.1,592,1,1,0,2.5,0,0
USNM_50368,CBDDTY010002241.1,592,1,1,0,0,0,0
USNM_50368,CBDDTY010002395.1,592,1.2837837837837838,1,0.5763593133440137,8.51063829787234,0,0
USNM_50368,CBDDTY010002051.1,591,1.0727580372250423,1,0.25995894199714803,0,0,0
USNM_50368,CBDDTY010002888.1,591,1,1,0,0,0,0
USNM_50368,CBDDTY010003045.1,591,1.0626057529610828,1,0.24245770954127213,30.434782608695652,0,0
USNM_50368,CBDDTY010003070.1,591,1.0253807106598984,1,0.1574117419656064,2.857142857142857,0,0
USNM_50368,CBDDTY010003297.1,591,1.1759729272419628,1,0.38111970530831657,1.1111111111111112,0,0
USNM_50368,CBDDTY010001989.1,590,1.1694915254237288,1,0.3755038436559413,2.127659574468085,0,0
USNM_50368,CBDDTY010002024.1,590,1,1,0,2.9411764705882355,0,0
USNM_50368,CBDDTY010001527.1,589,1.1409168081494059,1,0.42318822488295993,1.9607843137254901,0,0
USNM_50368,CBDDTY010001651.1,589,1,1,0,0,0,0
USNM_50368,CBDDTY010003164.1,589,1.0577249575551784,1,0.23342084647678465,8.823529411764707,0,0
USNM_50368,CBDDTY010003445.1,589,1.00339558573854,1,0.058222082862622745,2,0,0
USNM_50368,CBDDTY010003447.1,589,1.0882852292020373,1,0.28395041270138915,1.6666666666666667,0,0
USNM_50368,CBDDTY010002451.1,588,1.0901360544217686,1,0.28662040949798795,3.3333333333333335,0,0
USNM_50368,CBDDTY010000403.1,587,1,1,0,11.11111111111111,0,0
USNM_50368,CBDDTY010001015.1,587,1.1465076660988074,1,0.4588908216601518,2.898550724637681,0,0
USNM_50368,CBDDTY010001928.1,587,1.1396933560477003,1,0.34696427215251113,4.25531914893617,0,0
USNM_50368,CBDDTY010000937.1,586,1.0034129692832765,1,0.05837067026983228,2.380952380952381,0,0
USNM_50368,CBDDTY010001263.1,586,1.4624573378839592,1,0.9241989476070773,6.617647058823529,0,0
USNM_50368,CBDDTY010002653.1,586,1,1,0,0,0,0
USNM_50368,CBDDTY010003077.1,586,1,1,0,0,0,0
USNM_50368,CBDDTY010003106.1,586,1,1,0,2.9411764705882355,0,0
USNM_50368,CBDDTY010000760.1,584,1,1,0,2.3255813953488373,0,0
USNM_50368,CBDDTY010002944.1,584,1.071917808219178,1,0.25857324608924553,5.882352941176471,0,0
USNM_50368,CBDDTY010003264.1,584,1.0496575342465753,1,0.21742265242785497,10.256410256410257,0,0
USNM_50368,CBDDTY010001324.1,583,1,1,0,8,0,0
USNM_50368,CBDDTY010000826.1,582,1.120274914089347,1,0.3255625503741221,2,0,0
USNM_50368,CBDDTY010001655.1,582,1.0652920962199313,1,0.24725306826267232,0,0,0
USNM_50368,CBDDTY010001876.1,582,1.0532646048109966,1,0.22475382306547267,0,0,0
USNM_50368,CBDDTY010002310.1,582,1.0584192439862543,1,0.23473625916635396,0,0,0
USNM_50368,CBDDTY010000235.1,581,1.0585197934595525,1,0.23492598622565194,2.857142857142857,0,0
USNM_50368,CBDDTY010001617.1,581,1,1,0,0,0,0
USNM_50368,CBDDTY010001933.1,580,1.0034482758620689,1,0.058671290173575405,0,0,0
USNM_50368,CBDDTY010002311.1,580,1.25,1,0.4333864720972393,5.769230769230769,0,0
USNM_50368,CBDDTY010002757.1,580,1.1724137931034482,1,0.4678961487627765,0,0,0
USNM_50368,CBDDTY010002124.1,579,1.0276338514680483,1,0.16406312807564064,3.225806451612903,0,0
USNM_50368,CBDDTY010002612.1,579,1,1,0,0,0,0
USNM_50368,CBDDTY010002961.1,579,1.0569948186528497,1,0.23203317902161927,0,0,0
USNM_50368,CBDDTY010002116.1,578,1.356401384083045,1,0.7660261350968781,0,0,0
USNM_50368,CBDDTY010002214.1,578,1.0761245674740485,1,0.26542702597857276,2.4390243902439024,0,0
USNM_50368,CBDDTY010002249.1,578,1,1,0,0,0,0
USNM_50368,CBDDTY010002264.1,578,1,1,0,12.820512820512821,0,0
USNM_50368,CBDDTY010002375.1,578,1,1,0,7.894736842105263,0,0
USNM_50368,CBDDTY010002391.1,578,1.0916955017301038,1,0.2888456029382299,0,0,0
USNM_50368,CBDDTY010002921.1,578,1,1,0,5.454545454545454,0,0
USNM_50368,CBDDTY010003344.1,578,1.0017301038062283,1,0.04159451654038515,0,0,0
USNM_50368,CBDDTY010000368.1,577,1.072790294627383,1,0.26001738598938595,5.714285714285714,0,0
USNM_50368,CBDDTY010003240.1,577,1.147313691507799,1,0.44189918451386934,0,0,0
USNM_50368,CBDDTY010002269.1,576,1,1,0,0,0,0
USNM_50368,CBDDTY010002549.1,576,1.1059027777777777,1,0.3079806051362595,0,0,0
USNM_50368,CBDDTY010003393.1,576,1,1,0,0,0,0
USNM_50368,CBDDTY010001138.1,573,1,1,0,2.5,0,0
USNM_50368,CBDDTY010001201.1,573,1.382198952879581,1,0.7947582089530137,0,0,0
USNM_50368,CBDDTY010001234.1,573,1,1,0,0,0,0
USNM_50368,CBDDTY010002017.1,573,1,1,0,21.21212121212121,0,0
USNM_50368,CBDDTY010002640.1,573,1,1,0,0,0,0
USNM_50368,CBDDTY010002791.1,572,1.0157342657342658,1,0.12455448879986405,0,0,0
USNM_50368,CBDDTY010003055.1,572,1.082167832167832,1,0.2748606138972985,0,0,0
USNM_50368,CBDDTY010000137.1,571,1,1,0,8.333333333333334,0,0
USNM_50368,CBDDTY010003015.1,571,1.3134851138353765,1,0.6309087912275345,7.671904761904762,0,0
USNM_50368,CBDDTY010003755.1,571,1.1716287215411558,1,0.37738803449120456,1.5151515151515151,0,0
USNM_50368,CBDDTY010001433.1,570,1,1,0,0,0,0
USNM_50368,CBDDTY010001755.1,570,1.068421052631579,1,0.2526888058391775,0,0,0
USNM_50368,CBDDTY010002477.1,570,1.080701754385965,1,0.2726157847186408,0,0,0
USNM_50368,CBDDTY010002936.1,570,1.0175438596491229,1,0.13140153920440895,7.5,0,0
USNM_50368,CBDDTY010003552.1,570,1.1719298245614036,1,0.37765085835156975,0,0,0
USNM_50368,CBDDTY010001037.1,569,1.0123022847100176,1,0.11032828738946343,7.6923076923076925,0,0
USNM_50368,CBDDTY010002564.1,568,1.1267605633802817,1,0.3329978190728369,5.2631578947368425,0,0
USNM_50368,CBDDTY010003163.1,568,1,1,0,2.4390243902439024,0,0
USNM_50368,CBDDTY010003257.1,568,1,1,0,5.555555555555555,0,0
USNM_50368,CBDDTY010001270.1,567,1,1,0,0,0,0
USNM_50368,CBDDTY010001813.1,567,1,1,0,6.896551724137931,0,0
USNM_50368,CBDDTY010001872.1,567,1.0282186948853616,1,0.16574332449467788,13.636363636363637,0,0
USNM_50368,CBDDTY010002502.1,567,1,1,0,0,0,0
USNM_50368,CBDDTY010002732.1,567,1,1,0,0,0,0
USNM_50368,CBDDTY010001407.1,566,1.017667844522968,1,0.13185753611929765,11.428571428571429,0,0
USNM_50368,CBDDTY010001734.1,566,1.0441696113074206,1,0.20565354368608654,3.4482758620689653,0,0
USNM_50368,CBDDTY010002096.1,566,1.0706713780918728,1,0.25650180656723803,13.043478260869565,0,0
USNM_50368,CBDDTY010000511.1,565,1.0407079646017698,1,0.1977879300496673,9.67741935483871,0,0
USNM_50368,CBDDTY010000591.1,565,1,1,0,0,0,0
USNM_50368,CBDDTY010002129.1,565,1.0194690265486726,1,0.13828894042001488,7.142857142857143,0,0
USNM_50368,CBDDTY010002180.1,565,1.1238938053097345,1,0.3297523077210732,12.121212121212121,0,0
USNM_50368,CBDDTY010002432.1,565,1.033628318584071,1,0.18043024794623788,3.225806451612903,0,0
USNM_50368,CBDDTY010003846.1,565,1.1893805309734513,1,0.39215779495645325,14.423076923076923,0,0
USNM_50368,CBDDTY010001888.1,564,1.051418439716312,1,0.2210457353969319,10.344827586206897,0,0
USNM_50368,CBDDTY010003360.1,564,1.0797872340425532,1,0.2712040597764487,12.857142857142858,0,0
USNM_50368,CBDDTY010002559.1,563,1.0337477797513321,1,0.18073984067827137,0,0,0
USNM_50368,CBDDTY010000489.1,562,1,1,0,0,0,0
USNM_50368,CBDDTY010000515.1,562,1.0747330960854093,1,0.26319445094767574,0,0,0
USNM_50368,CBDDTY010001503.1,562,1.0747330960854093,1,0.26319445094767574,0,0,0
USNM_50368,CBDDTY010002218.1,561,1.049910873440285,1,0.21795517045481105,0,0,0
USNM_50368,CBDDTY010003019.1,561,1.0231729055258467,1,0.15058666363452827,0,0,0
USNM_50368,CBDDTY010000867.1,560,1.0696428571428571,1,0.254771736803269,10,0,0
USNM_50368,CBDDTY010001986.1,560,1,1,0,0,0,0
USNM_50368,CBDDTY010002013.1,560,1,1,0,0,0,0
USNM_50368,CBDDTY010003091.1,560,1,1,0,0,0,0
USNM_50368,CBDDTY010003268.1,560,1.1089285714285715,1,0.31182811748309985,0,0,0
USNM_50368,CBDDTY010000160.1,559,1,1,0,0,0,0
USNM_50368,CBDDTY010001481.1,559,1,1,0,0,0,0
USNM_50368,CBDDTY010002493.1,559,1,1,0,0,0,0
USNM_50368,CBDDTY010002741.1,559,1.0125223613595706,1,0.11130010023667346,0,0,0
USNM_50368,CBDDTY010001187.1,558,1.2365591397849462,1,0.5168163027141692,8.823529411764707,0,0
USNM_50368,CBDDTY010001583.1,558,1,1,0,2.7777777777777777,0,0
USNM_50368,CBDDTY010002553.1,558,1,1,0,0,0,0
USNM_50368,CBDDTY010001953.1,557,1,1,0,2.4390243902439024,0,0
USNM_50368,CBDDTY010001996.1,557,1.1508078994614004,1,0.35818320652131247,3.061224489795918,0,0
USNM_50368,CBDDTY010002528.1,557,1.0287253141831239,1,0.16718358373652972,1.9607843137254901,0,0
USNM_50368,CBDDTY010000645.1,556,1,1,0,5.357142857142857,0,0
USNM_50368,CBDDTY010000947.1,556,1,1,0,15.625,0,0
USNM_50368,CBDDTY010002893.1,556,1.0305755395683454,1,0.17231971034034504,0,0,0
USNM_50368,CBDDTY010003314.1,556,1.0341726618705036,1,0.18183607816754113,0,0,0
USNM_50368,CBDDTY010002832.1,555,1.0342342342342343,1,0.18199431473223218,0,0,0
USNM_50368,CBDDTY010002904.1,554,1,1,0,0,0,0
USNM_50368,CBDDTY010000559.1,553,1.0162748643761301,1,0.12664516088850825,2.4390243902439024,0,0
USNM_50368,CBDDTY010000681.1,553,1.0180831826401446,1,0.13337296630343456,0,0,0
USNM_50368,CBDDTY010001689.1,553,1,1,0,41.02564102564103,0,0
USNM_50368,CBDDTY010001862.1,553,1.0198915009041591,1,0.13975388233215516,2.9411764705882355,0,0
USNM_50368,CBDDTY010003504.1,553,1.1518987341772151,1,0.3592476698287413,0,0,0
USNM_50368,CBDDTY010000997.1,552,1.085144927536232,1,0.2793503885355261,25,0,0
USNM_50368,CBDDTY010002530.1,552,1,1,0,0,0,0
USNM_50368,CBDDTY010000449.1,551,1,1,0,0,0,0
USNM_50368,CBDDTY010001090.1,551,1.0235934664246824,1,0.15191675313969658,8.695652173913043,0,0
USNM_50368,CBDDTY010002536.1,551,1,1,0,0,0,0
USNM_50368,CBDDTY010000972.1,550,1,1,0,14.285714285714286,0,0
USNM_50368,CBDDTY010001427.1,550,1,1,0,2.7777777777777777,0,0
USNM_50368,CBDDTY010001966.1,550,1,1,0,0,0,0
USNM_50368,CBDDTY010002274.1,550,1,1,0,20,0,0
USNM_50368,CBDDTY010002588.1,550,1.12,1,0.32525735922001203,0,0,0
USNM_50368,CBDDTY010002942.1,550,1.04,1,0.196137567424477,0,0,0
USNM_50368,CBDDTY010001283.1,549,1.1876138433515482,1,0.3907595405030353,11.11111111111111,0,0
USNM_50368,CBDDTY010001318.1,549,1.0801457194899817,1,0.2717662838426634,4.054054054054054,0,0
USNM_50368,CBDDTY010002069.1,549,1.0619307832422586,1,0.24124961090609373,0,0,0
USNM_50368,CBDDTY010002251.1,549,1,1,0,0,0,0
USNM_50368,CBDDTY010000697.1,548,1.0693430656934306,1,0.2542687241910339,4.545454545454546,0,0
USNM_50368,CBDDTY010000782.1,548,1,1,0,0,0,0
USNM_50368,CBDDTY010001008.1,548,1.0291970802919708,1,0.16851240042105053,6.382978723404255,0,0
USNM_50368,CBDDTY010002104.1,548,1.3357664233576643,1,0.8380998117882753,0,0,0
USNM_50368,CBDDTY010002915.1,548,1.1113138686131387,1,0.31480777923912107,11.11111111111111,0,0
USNM_50368,CBDDTY010000047.1,547,1.2687385740402193,1,0.5828680974946937,0,0,0
USNM_50368,CBDDTY010000541.1,547,1.036563071297989,1,0.18785827101590352,18.88888888888889,0,0
USNM_50368,CBDDTY010002592.1,547,1.0310786106032908,1,0.17368903847808972,0,0,0
USNM_50368,CBDDTY010002520.1,546,1.0787545787545787,1,0.325135266454991,0,0,0
USNM_50368,CBDDTY010002655.1,546,1.098901098901099,1,0.2988029348422633,18.75,0,0
USNM_50368,CBDDTY010003211.1,546,1.0714285714285714,1,0.25777554319293783,3.5714285714285716,0,0
USNM_50368,CBDDTY010001163.1,545,1.038532110091743,1,0.1926538045230193,0,0,0
USNM_50368,CBDDTY010001504.1,545,1,1,0,0,0,0
USNM_50368,CBDDTY010001880.1,545,1,1,0,0,0,0
USNM_50368,CBDDTY010002887.1,545,1,1,0,1.8867924528301887,0,0
USNM_50368,CBDDTY010003178.1,545,1.311926605504587,1,0.6487721392915952,21.969545454545454,0,0
USNM_50368,CBDDTY010001242.1,544,1,1,0,0,0,0
USNM_50368,CBDDTY010001581.1,544,1,1,0,0,0,0
USNM_50368,CBDDTY010002299.1,544,1,1,0,0,0,0
USNM_50368,CBDDTY010001104.1,543,1,1,0,0,0,0
USNM_50368,CBDDTY010001685.1,543,1,1,0,0,0,0
USNM_50368,CBDDTY010001988.1,543,1.0331491712707181,1,0.17919106316016603,10.909090909090908,0,0
USNM_50368,CBDDTY010002022.1,543,1.0662983425414365,1,0.24903229561492699,0,0,0
USNM_50368,CBDDTY010003134.1,543,1.141804788213628,1,0.4424041816902624,0,0,0
USNM_50368,CBDDTY010001157.1,542,1,1,0,0,0,0
USNM_50368,CBDDTY010001746.1,542,1.1715867158671587,1,0.3773691285661028,0,0,0
USNM_50368,CBDDTY010001788.1,542,1.1070110701107012,1,0.3433911506098435,0,0,0
USNM_50368,CBDDTY010002319.1,542,1.0719557195571956,1,0.2586532979389473,0,0,0
USNM_50368,CBDDTY010002388.1,542,1.0498154981549817,1,0.2774820157027766,20.689655172413794,0,0
USNM_50368,CBDDTY010003012.1,542,1.040590405904059,1,0.19752166436367366,0,0,0
USNM_50368,CBDDTY010003413.1,542,1,1,0,5.882352941176471,0,0
USNM_50368,CBDDTY010002049.1,541,1.088724584103512,1,0.2846089583811426,0,0,0
USNM_50368,CBDDTY010000562.1,540,1.0629629629629629,1,0.2431215491878831,0,0,0
USNM_50368,CBDDTY010000801.1,540,1.4148148148148147,1,0.9228911994454603,7.142857142857143,0,0
USNM_50368,CBDDTY010002173.1,540,1,1,0,0,0,0
USNM_50368,CBDDTY010002029.1,539,1.0204081632653061,1,0.14152324676750608,0,0,0
USNM_50368,CBDDTY010004593.1,539,1,1,0,0,0,0
USNM_50368,CBDDTY010000513.1,538,1.0241635687732342,1,0.15369970968077729,4.761904761904762,0,0
USNM_50368,CBDDTY010001189.1,538,1,1,0,1.694915254237288,0,0
USNM_50368,CBDDTY010001388.1,538,1,1,0,5.555555555555555,0,0
USNM_50368,CBDDTY010002075.1,538,1.0427509293680297,1,0.20248331942487796,0,0,0
USNM_50368,CBDDTY010002085.1,537,1,1,0,0,0,0
USNM_50368,CBDDTY010002105.1,537,1.0167597765363128,1,0.128489807447363,24.242424242424242,0,0
USNM_50368,CBDDTY010002968.1,537,1.143389199255121,1,0.35079608732585127,0,0,0
USNM_50368,CBDDTY010001669.1,536,1,1,0,6.25,0,0
USNM_50368,CBDDTY010002444.1,536,1.044776119402985,1,0.2070052287674453,0,0,0
USNM_50368,CBDDTY010000132.1,535,1.0373831775700935,1,0.1898764453808934,2.1739130434782608,0,0
USNM_50368,CBDDTY010000816.1,535,1.0373831775700935,1,0.1898764453808934,0,0,0
USNM_50368,CBDDTY010001767.1,535,1,1,0,2.5641025641025643,0,0
USNM_50368,CBDDTY010002406.1,535,1,1,0,3.125,0,0
USNM_50368,CBDDTY010000819.1,534,1.0168539325842696,1,0.12884473404478886,0,0,0
USNM_50368,CBDDTY010000954.1,534,1.147940074906367,1,0.3553734765664127,15.74074074074074,0,0
USNM_50368,CBDDTY010001032.1,534,1,1,0,1.7857142857142858,0,0
USNM_50368,CBDDTY010002292.1,534,1,1,0,6.122448979591836,0,0
USNM_50368,CBDDTY010002829.1,534,1,1,0,0,0,0
USNM_50368,CBDDTY010000033.1,533,1.123827392120075,1,0.3296939573132375,0,0,0
USNM_50368,CBDDTY010000660.1,533,1,1,0,1.9607843137254901,0,0
USNM_50368,CBDDTY010002028.1,533,1.0431519699812384,1,0.2033899948857075,0,0,0
USNM_50368,CBDDTY010002084.1,533,1,1,0,0,0,0
USNM_50368,CBDDTY010000946.1,532,1.0582706766917294,1,0.23447504785174467,0,0,0
USNM_50368,CBDDTY010001352.1,532,1,1,0,2.9411764705882355,0,0
USNM_50368,CBDDTY010000413.1,531,1.1807909604519775,1,0.4610162437211255,0,0,0
USNM_50368,CBDDTY010001604.1,531,1.054613935969868,1,0.22743937967745123,5.882352941176471,0,0
USNM_50368,CBDDTY010002172.1,530,1.169811320754717,1,0.48942885801203334,1.7241379310344827,0,0
USNM_50368,CBDDTY010000507.1,529,1,1,0,12.121212121212121,0,0
USNM_50368,CBDDTY010001360.1,529,1,1,0,2.127659574468085,0,0
USNM_50368,CBDDTY010002417.1,529,1,1,0,7.407407407407407,0,0
USNM_50368,CBDDTY010000649.1,528,1,1,0,2.0833333333333335,0,0
USNM_50368,CBDDTY010002495.1,528,1.0227272727272727,1,0.14917402396384213,12,0,0
USNM_50368,CBDDTY010002753.1,528,1.0643939393939394,1,0.24568614395082045,0,0,0
USNM_50368,CBDDTY010003003.1,528,1.1704545454545454,1,0.44987683515648946,0,0,0
USNM_50368,CBDDTY010003860.1,528,1.1458333333333333,1,0.35327374695971264,16.666666666666668,0,0
USNM_50368,CBDDTY010001229.1,527,1,1,0,31.818181818181817,0,0
USNM_50368,CBDDTY010002062.1,527,1,1,0,25.925925925925927,0,0
USNM_50368,CBDDTY010003176.1,527,1,1,0,0,0,0
USNM_50368,CBDDTY010001679.1,526,1,1,0,18.75,0,0
USNM_50368,CBDDTY010001926.1,526,1,1,0,0,0,0
USNM_50368,CBDDTY010001944.1,526,1,1,0,4.166666666666667,0,0
USNM_50368,CBDDTY010002353.1,526,1.005703422053232,1,0.07537701726073,0,0,0
USNM_50368,CBDDTY010000810.1,525,1,1,0,4.3478260869565215,0,0
USNM_50368,CBDDTY010002155.1,525,1,1,0,4,0,0
USNM_50368,CBDDTY010002190.1,525,1.0552380952380953,1,0.22866228655831045,0,0,0
USNM_50368,CBDDTY010003363.1,525,1.0304761904761905,1,0.17205749168076087,0,0,0
USNM_50368,CBDDTY010000912.1,524,1.0916030534351144,1,0.2887404354656214,7.142857142857143,0,0
USNM_50368,CBDDTY010002437.1,523,1.24282982791587,1,0.4292036014788135,0,0,0
USNM_50368,CBDDTY010002987.1,523,1.011472275334608,1,0.10659450098308117,0,0,0
USNM_50368,CBDDTY010003125.1,523,1.1166347992351817,1,0.32129192406986684,2.0408163265306123,0,0
USNM_50368,CBDDTY010000731.1,522,1.132183908045977,1,0.4592393576448275,8.823529411764707,0,0
USNM_50368,CBDDTY010000788.1,522,1,1,0,19.047619047619047,0,0
USNM_50368,CBDDTY010000986.1,522,1.0842911877394636,1,0.2780905130943138,0,0,0
USNM_50368,CBDDTY010001486.1,522,1,1,0,2,0,0
USNM_50368,CBDDTY010001648.1,522,1.082375478927203,1,0.2751996462738845,9.574468085106384,0,0
USNM_50368,CBDDTY010002993.1,522,1,1,0,0,0,0
USNM_50368,CBDDTY010002736.1,521,1.0614203454894433,1,0.24033049737784093,3.0303030303030303,0,0
USNM_50368,CBDDTY010003201.1,521,1.0940499040307101,1,0.3293103361645341,0,0,0
USNM_50368,CBDDTY010003206.1,521,1.092130518234165,1,0.2894880598200637,0,0,0
USNM_50368,CBDDTY010000641.1,520,1,1,0,0,0,0
USNM_50368,CBDDTY010001533.1,520,1.1865384615384615,1,0.3899156799089538,8,0,0
USNM_50368,CBDDTY010002384.1,520,1,1,0,0,0,0
USNM_50368,CBDDTY010002759.1,520,1.0346153846153847,1,0.18297963644728266,0,0,0
USNM_50368,CBDDTY010003328.1,520,1.1173076923076923,1,0.37205939083270434,0,0,0
USNM_50368,CBDDTY010000520.1,519,1.0558766859344895,1,0.2299050337261564,18.75,0,0
USNM_50368,CBDDTY010000754.1,519,1,1,0,15.151515151515152,0,0
USNM_50368,CBDDTY010001064.1,519,1.2273603082851638,1,0.41953155440285195,2.857142857142857,0,0
USNM_50368,CBDDTY010001254.1,519,1.0385356454720616,1,0.1926711598825822,6.976744186046512,0,0
USNM_50368,CBDDTY010001810.1,519,1.0366088631984585,1,0.18798069193151906,0,0,0
USNM_50368,CBDDTY010002873.1,519,1.0635838150289016,1,0.24424548582055436,1.7543859649122806,0,0
USNM_50368,CBDDTY010000408.1,518,1.083011583011583,1,0.27616642702694977,0,0,0
USNM_50368,CBDDTY010001720.1,517,1,1,0,0,0,0
USNM_50368,CBDDTY010002504.1,517,1.0754352030947776,1,0.2643480611627613,0,0,0
USNM_50368,CBDDTY010003349.1,517,1,1,0,0,0,0
USNM_50368,CBDDTY010000557.1,516,1,1,0,0,0,0
USNM_50368,CBDDTY010000764.1,516,1,1,0,3.0303030303030303,0,0
USNM_50368,CBDDTY010001314.1,516,1.1375968992248062,1,0.34481068438787743,3.225806451612903,0,0
USNM_50368,CBDDTY010001908.1,516,1,1,0,2.7777777777777777,0,0
USNM_50368,CBDDTY010002696.1,515,1,1,0,0,0,0
USNM_50368,CBDDTY010000340.1,514,1,1,0,0,0,0
USNM_50368,CBDDTY010001528.1,514,1.0155642023346303,1,0.12390248304502664,0,0,0
USNM_50368,CBDDTY010002532.1,514,1,1,0,2.1739130434782608,0,0
USNM_50368,CBDDTY010003446.1,514,1,1,0,0,0,0
USNM_50368,CBDDTY010000209.1,513,1.0565302144249513,1,0.23116816027209877,13.513513513513514,0,0
USNM_50368,CBDDTY010000479.1,513,1.1812865497076024,1,0.38563145982533314,35.13513513513514,0,0
USNM_50368,CBDDTY010000928.1,513,1,1,0,0,0,0
USNM_50368,CBDDTY010001816.1,513,1.2592592592592593,1,0.6853923923428691,0,0,0
USNM_50368,CBDDTY010003053.1,513,1.0838206627680311,1,0.2773891652991175,7.142857142857143,0,0
USNM_50368,CBDDTY010000668.1,512,1,1,0,2.5,0,0
USNM_50368,CBDDTY010001046.1,512,1,1,0,3.5714285714285716,0,0
USNM_50368,CBDDTY010001773.1,512,1.087890625,1,0.28341267331455616,0,0,0
USNM_50368,CBDDTY010000549.1,511,1,1,0,0,0,0
USNM_50368,CBDDTY010002438.1,511,1.015655577299413,1,0.1242606004599844,0,0,0
USNM_50368,CBDDTY010001250.1,510,1.0529411764705883,1,0.22413592316633008,0,0,0
USNM_50368,CBDDTY010001299.1,510,1,1,0,5.128205128205129,0,0
USNM_50368,CBDDTY010001643.1,510,1.0686274509803921,1,0.25306777560270205,0,0,0
USNM_50368,CBDDTY010001897.1,509,1,1,0,4.878048780487805,0,0
USNM_50368,CBDDTY010002237.1,509,1.0412573673870333,1,0.19908054044630852,0,0,0
USNM_50368,CBDDTY010002598.1,509,1.0392927308447937,1,0.19448167222872736,0,0,0
USNM_50368,CBDDTY010003670.1,509,1.1316306483300589,1,0.3384213773760902,0,0,0
USNM_50368,CBDDTY010001570.1,508,1.1633858267716535,1,0.4853656714941793,2.272727272727273,0,0
USNM_50368,CBDDTY010003022.1,508,1,1,0,0,0,0
USNM_50368,CBDDTY010001435.1,507,1,1,0,0,0,0
USNM_50368,CBDDTY010001565.1,507,1,1,0,3.125,0,0
USNM_50368,CBDDTY010002554.1,507,1.0749506903353057,1,0.2635718237206017,0,0,0
USNM_50368,CBDDTY010002974.1,507,1.136094674556213,1,0.3432277256449798,4,0,0
USNM_50368,CBDDTY010000794.1,506,1,1,0,0,0,0
USNM_50368,CBDDTY010000451.1,505,1.0613861386138614,1,0.24027526254612175,1.7857142857142858,0,0
USNM_50368,CBDDTY010000908.1,505,1.0277227722772277,1,0.164340198278075,1.2987012987012987,0,0
USNM_50368,CBDDTY010002374.1,505,1.0316831683168317,1,0.17532888204409092,6.25,0,0
USNM_50368,CBDDTY010002385.1,505,1.0693069306930694,1,0.25422718805492583,0,0,0
USNM_50368,CBDDTY010002577.1,505,1,1,0,2.3255813953488373,0,0
USNM_50368,CBDDTY010000737.1,504,1.0297619047619047,1,0.17009862317931287,6.25,0,0
USNM_50368,CBDDTY010000688.1,503,1.0019880715705765,1,0.04458779620677098,0,0,0
USNM_50368,CBDDTY010000862.1,503,1,1,0,0,0,0
USNM_50368,CBDDTY010001696.1,503,1,1,0,0,0,0
USNM_50368,CBDDTY010001760.1,503,1,1,0,6.779661016949152,0,0
USNM_50368,CBDDTY010002169.1,503,1.077534791252485,1,0.26770435892446265,1.4285714285714286,0,0
USNM_50368,CBDDTY010003279.1,503,1,1,0,0,0,0
USNM_50368,CBDDTY010003327.1,503,1.0079522862823063,1,0.0889087321870306,2,0,0
USNM_50368,CBDDTY010000690.1,502,1.197211155378486,1,0.3982899966008125,0,0,0
USNM_50368,CBDDTY010000911.1,502,1.0697211155378485,1,0.25493046665060887,0,0,0
USNM_50368,CBDDTY010001300.1,502,1.0418326693227091,1,0.20040634342125815,0,0,0
USNM_50368,CBDDTY010002470.1,502,1,1,0,5.882352941176471,0,0
USNM_50368,CBDDTY010000811.1,501,1.0219560878243512,1,0.14668662538849367,0,0,0
USNM_50368,CBDDTY010001371.1,501,1,1,0,0,0,0
USNM_50368,CBDDTY010002596.1,501,1.031936127744511,1,0.1760058064728992,0,0,0
USNM_50368,CBDDTY010002620.1,501,1.0558882235528941,1,0.22993533760828916,0,0,0
USNM_50368,CBDDTY010003266.1,501,1.2015968063872255,1,0.49120000520132373,10,0,0
USNM_50368,CBDDTY010002004.1,500,1.106,1,0.3081459196803217,0,0,0
USNM_50368,CBDDTY010001074.1,499,1,1,0,13.157894736842104,0,0
USNM_50368,CBDDTY010001840.1,499,1,1,0,0,0,0
USNM_50368,CBDDTY010002812.1,499,1,1,0,2.1739130434782608,0,0
USNM_50368,CBDDTY010002844.1,499,1,1,0,0,0,0
USNM_50368,CBDDTY010003287.1,499,1,1,0,0,0,0
USNM_50368,CBDDTY010000425.1,498,1,1,0,0,0,0
USNM_50368,CBDDTY010001199.1,498,1.1345381526104417,1,0.39101051506005047,15,0,0
USNM_50368,CBDDTY010002505.1,498,1.0923694779116466,1,0.28983796214077273,11.11111111111111,0,0
USNM_50368,CBDDTY010002694.1,498,1,1,0,0,0,0
USNM_50368,CBDDTY010002779.1,497,1.0321931589537223,1,0.1766906209101713,4.878048780487805,0,0
USNM_50368,CBDDTY010001085.1,496,1.0665322580645162,1,0.24946178624330206,2.5641025641025643,0,0
USNM_50368,CBDDTY010001218.1,496,1.0766129032258065,1,0.2662447786842115,9.090909090909092,0,0
USNM_50368,CBDDTY010002006.1,496,1,1,0,0,0,0
USNM_50368,CBDDTY010003156.1,496,1.1754032258064515,1,0.3806955870637,0,0,0
USNM_50368,CBDDTY010003385.1,496,1.1733870967741935,1,0.37896379101950817,3.3333333333333335,0,0
USNM_50368,CBDDTY010001031.1,494,1.0688259109311742,1,0.25341448793311283,5.405405405405405,0,0
USNM_50368,CBDDTY010001855.1,493,1,1,0,0,0,0
USNM_50368,CBDDTY010002940.1,493,1.184584178498986,1,0.49015270508487135,5,0,0
USNM_50368,CBDDTY010003001.1,493,1,1,0,8.571428571428571,0,0
USNM_50368,CBDDTY010001851.1,492,1.048780487804878,1,0.2156280472741158,0,0,0
USNM_50368,CBDDTY010000482.1,491,1,1,0,0,0,0
USNM_50368,CBDDTY010001465.1,491,1.1160896130346232,1,0.320659053650149,0,0,0
USNM_50368,CBDDTY010002453.1,491,1,1,0,0,0,0
USNM_50368,CBDDTY010002649.1,491,1,1,0,0,0,0
USNM_50368,CBDDTY010002735.1,491,1,1,0,0,0,0
USNM_50368,CBDDTY010001932.1,490,1,1,0,0,0,0
USNM_50368,CBDDTY010002025.1,490,1,1,0,0,0,0
USNM_50368,CBDDTY010002077.1,490,1,1,0,0,0,0
USNM_50368,CBDDTY010002529.1,490,1.0612244897959184,1,0.23998664459313668,0,0,0
USNM_50368,CBDDTY010002892.1,490,1.036734693877551,1,0.1883019347491528,5.882352941176471,0,0
USNM_50368,CBDDTY010003376.1,490,1,1,0,9.75609756097561,0,0
USNM_50368,CBDDTY010000832.1,489,1,1,0,0,0,0
USNM_50368,CBDDTY010000880.1,489,1.098159509202454,1,0.29783489057808565,0,0,0
USNM_50368,CBDDTY010001956.1,489,1,1,0,0,0,0
USNM_50368,CBDDTY010002785.1,489,1.0408997955010224,1,0.19826090242477454,0,0,0
USNM_50368,CBDDTY010000638.1,488,1.0532786885245902,1,0.22481913377745427,3.225806451612903,0,0
USNM_50368,CBDDTY010000916.1,488,1,1,0,5.714285714285714,0,0
USNM_50368,CBDDTY010002414.1,488,1,1,0,21.05263157894737,0,0
USNM_50368,CBDDTY010002449.1,488,1.055327868852459,1,0.22885370783830902,0,0,0
USNM_50368,CBDDTY010003139.1,488,1.0922131147540983,1,0.289623453890143,8.333333333333334,0,0
USNM_50368,CBDDTY010001635.1,487,1.0718685831622177,1,0.25853576134787437,0,0,0
USNM_50368,CBDDTY010002506.1,487,1,1,0,0,0,0
USNM_50368,CBDDTY010001102.1,486,1,1,0,0,0,0
USNM_50368,CBDDTY010001494.1,486,1,1,0,5,0,0
USNM_50368,CBDDTY010002929.1,486,1.045267489711934,1,0.20810443069507814,0,0,0
USNM_50368,CBDDTY010003137.1,486,1.059670781893004,1,0.23711995018008925,0,0,0
USNM_50368,CBDDTY010000949.1,485,1.0391752577319588,1,0.1942120662041435,2.380952380952381,0,0
USNM_50368,CBDDTY010001165.1,485,1.4123711340206186,1,0.8594705428582569,0,0,0
USNM_50368,CBDDTY010000255.1,484,1.0413223140495869,1,0.19924055458184015,9.090909090909092,0,0
USNM_50368,CBDDTY010000337.1,484,1,1,0,9.30232558139535,0,0
USNM_50368,CBDDTY010002071.1,484,1.0599173553719008,1,0.23757921940958746,25.806451612903224,0,0
USNM_50368,CBDDTY010002949.1,484,1,1,0,0,0,0
USNM_50368,CBDDTY010003061.1,484,1,1,0,0,0,0
USNM_50368,CBDDTY010003122.1,484,1.06198347107438,1,0.24137501156200955,0,0,0
USNM_50368,CBDDTY010004157.1,484,1.4710743801652892,1,0.6314645655630463,4.054054054054054,0,0
USNM_50368,CBDDTY010000155.1,482,1.0394190871369295,1,0.1947920547223339,0,0,0
USNM_50368,CBDDTY010000733.1,482,1.0435684647302905,1,0.20434501744653918,0,0,0
USNM_50368,CBDDTY010000744.1,482,1.1224066390041494,1,0.32809539298761714,0,0,0
USNM_50368,CBDDTY010002229.1,482,1.0103734439834025,1,0.10142572818062914,18.181818181818183,0,0
USNM_50368,CBDDTY010002743.1,482,1.2510373443983402,1,0.5368431660001669,0,0,0
USNM_50368,CBDDTY010003419.1,482,1.1991701244813278,1,0.5600706594302742,0,0,0
USNM_50368,CBDDTY010002660.1,481,1,1,0,0,0,0
USNM_50368,CBDDTY010001004.1,480,1.0645833333333334,1,0.24604562210265052,0,0,0
USNM_50368,CBDDTY010001117.1,480,1.0791666666666666,1,0.27028040286447286,0,0,0
USNM_50368,CBDDTY010002134.1,480,1,1,0,3.225806451612903,0,0
USNM_50368,CBDDTY010002600.1,480,1,1,0,20.512820512820515,0,0
USNM_50368,CBDDTY010000540.1,478,1,1,0,15.151515151515152,0,0
USNM_50368,CBDDTY010003356.1,478,1.0564853556485356,1,0.23109844071934602,0,0,0
USNM_50368,CBDDTY010001385.1,477,1.1970649895178198,1,0.5255567096053354,0,0,0
USNM_50368,CBDDTY010002648.1,477,1,1,0,7.5,0,0
USNM_50368,CBDDTY010002686.1,477,1,1,0,0,0,0
USNM_50368,CBDDTY010002872.1,477,1.069182389937107,1,0.25403045676954783,0,0,0
USNM_50368,CBDDTY010002885.1,477,1.1844863731656186,1,0.38828755469245385,0,0,0
USNM_50368,CBDDTY010002960.1,477,1.0251572327044025,1,0.1567669227964952,11.11111111111111,0,0
USNM_50368,CBDDTY010003714.1,477,1.020964360587002,1,0.14341539533090625,0,0,0
USNM_50368,CBDDTY010000887.1,476,1,1,0,0,0,0
USNM_50368,CBDDTY010001530.1,476,1.0336134453781514,1,0.18042163993180899,0,0,0
USNM_50368,CBDDTY010003172.1,476,1,1,0,3.125,0,0
USNM_50368,CBDDTY010003218.1,476,1,1,0,0,0,0
USNM_50368,CBDDTY010001038.1,475,1.0589473684210526,1,0.235774483201033,0,0,0
USNM_50368,CBDDTY010001153.1,475,1.1326315789473684,1,0.363539243687787,0,0,0
USNM_50368,CBDDTY010002860.1,475,1,1,0,0,0,0
USNM_50368,CBDDTY010003032.1,475,1,1,0,0,0,0
USNM_50368,CBDDTY010000154.1,474,1.3544303797468353,1,0.6210808559307402,8.571428571428571,0,0
USNM_50368,CBDDTY010001695.1,474,1.1223628691983123,1,0.7788197195590205,0,0,0
USNM_50368,CBDDTY010002154.1,474,1,1,0,0,0,0
USNM_50368,CBDDTY010002611.1,474,1.919831223628692,1,1.3739909512966275,0,0,0
USNM_50368,CBDDTY010003525.1,474,1.0548523206751055,1,0.2279323351173898,2,0,0
USNM_50368,CBDDTY010004001.1,474,1.0126582278481013,1,0.11191255489323,0,0,0
USNM_50368,CBDDTY010001847.1,473,1,1,0,12.5,0,0
USNM_50368,CBDDTY010001884.1,473,1,1,0,0,0,0
USNM_50368,CBDDTY010002201.1,473,1,1,0,2.857142857142857,0,0
USNM_50368,CBDDTY010002476.1,473,1,1,0,0,0,0
USNM_50368,CBDDTY010000411.1,472,1.11864406779661,1,0.32371231823233104,6.25,0,0
USNM_50368,CBDDTY010000568.1,472,1.0783898305084745,1,0.2690692310661941,0,0,0
USNM_50368,CBDDTY010002243.1,472,1,1,0,0,0,0
USNM_50368,CBDDTY010002922.1,472,1,1,0,0,0,0
USNM_50368,CBDDTY010003221.1,472,1,1,0,0,0,0
USNM_50368,CBDDTY010001232.1,471,1.0955414012738853,1,0.2942738518421782,0,0,0
USNM_50368,CBDDTY010002407.1,471,1,1,0,0,0,0
USNM_50368,CBDDTY010002486.1,471,1.2399150743099787,1,0.4274854647347857,4.25531914893617,0,0
USNM_50368,CBDDTY010002677.1,471,1.0806794055201698,1,0.2726317077383456,0,0,0
USNM_50368,CBDDTY010002720.1,471,1,1,0,0,0,0
USNM_50368,CBDDTY010003073.1,471,1.0339702760084926,1,0.1813453011895833,5,0,0
USNM_50368,CBDDTY010001512.1,470,1,1,0,0,0,0
USNM_50368,CBDDTY010001777.1,469,1.0810234541577826,1,0.2731625042392007,0,0,0
USNM_50368,CBDDTY010002390.1,469,1,1,0,8,0,0
USNM_50368,CBDDTY010002213.1,468,1.0512820512820513,1,0.22080847538872236,0,0,0
USNM_50368,CBDDTY010002945.1,468,1.143162393162393,1,0.35061316634672146,15.555555555555555,0,0
USNM_50368,CBDDTY010003288.1,468,1,1,0,0,0,0
USNM_50368,CBDDTY010001444.1,467,1,1,0,5,0,0
USNM_50368,CBDDTY010002772.1,467,1.0728051391862956,1,0.2600950027309927,2.5641025641025643,0,0
USNM_50368,CBDDTY010002966.1,467,1.0535331905781584,1,0.22533556396026777,0,0,0
USNM_50368,CBDDTY010000982.1,466,1.0085836909871244,1,0.09234886212398412,0,0,0
USNM_50368,CBDDTY010003359.1,466,1,1,0,0,0,0
USNM_50368,CBDDTY010003565.1,466,1,1,0,0,0,0
USNM_50368,CBDDTY010000934.1,465,1.09247311827957,1,0.29000466670583175,3.3333333333333335,0,0
USNM_50368,CBDDTY010001673.1,465,1,1,0,0,0,0
USNM_50368,CBDDTY010001936.1,465,1.0258064516129033,1,0.15872826066630055,46.2962962962963,0,0
USNM_50368,CBDDTY010003202.1,465,1,1,0,0,0,0
USNM_50368,CBDDTY010004179.1,465,1.1440860215053763,1,0.35155515508538854,0,0,0
USNM_50368,CBDDTY010000415.1,464,1.0991379310344827,1,0.2991696758911504,6.122448979591836,0,0
USNM_50368,CBDDTY010000899.1,464,1.084051724137931,1,0.2777648474767482,0,0,0
USNM_50368,CBDDTY010001206.1,464,1,1,0,18.51851851851852,0,0
USNM_50368,CBDDTY010003009.1,464,1.1357758620689655,1,0.3429201264909993,0,0,0
USNM_50368,CBDDTY010003292.1,464,1,1,0,0,0,0
USNM_50368,CBDDTY010002200.1,463,1,1,0,0,0,0
USNM_50368,CBDDTY010002255.1,463,1,1,0,2.3255813953488373,0,0
USNM_50368,CBDDTY010002556.1,463,1,1,0,13.953488372093023,0,0
USNM_50368,CBDDTY010003366.1,463,1.0669546436285098,1,0.25021378758331503,0,0,0
USNM_50368,CBDDTY010003379.1,463,1,1,0,3.125,0,0
USNM_50368,CBDDTY010001387.1,462,1.1082251082251082,1,0.31100126799702654,0,0,0
USNM_50368,CBDDTY010003628.1,462,1.093073593073593,1,0.290850482635152,10,0,0
USNM_50368,CBDDTY010002439.1,461,1.06941431670282,1,0.25443347924320775,0,0,0
USNM_50368,CBDDTY010001036.1,460,1.0521739130434782,1,0.22261970703087125,0,0,0
USNM_50368,CBDDTY010001357.1,460,1,1,0,0,0,0
USNM_50368,CBDDTY010001571.1,460,1,1,0,0,0,0
USNM_50368,CBDDTY010001501.1,459,1,1,0,0,0,0
USNM_50368,CBDDTY010001725.1,459,1.3681917211328976,1,0.5813243409350972,0,0,0
USNM_50368,CBDDTY010000412.1,458,1,1,0,0,0,0
USNM_50368,CBDDTY010001804.1,457,1.0853391684901532,1,0.27969192179248537,0,0,0
USNM_50368,CBDDTY010002425.1,457,1.0240700218818382,1,0.15343458060287524,0,0,0
USNM_50368,CBDDTY010002731.1,457,1,1,0,7.6923076923076925,0,0
USNM_50368,CBDDTY010002571.1,456,1,1,0,0,0,0
USNM_50368,CBDDTY010002302.1,455,1,1,0,0,0,0
USNM_50368,CBDDTY010003935.1,455,1.5208791208791208,1,0.7705362403487946,6.0606060606060606,0,0
USNM_50368,CBDDTY010001094.1,454,1,1,0,4.878048780487805,0,0
USNM_50368,CBDDTY010003603.1,454,1.7268722466960353,2,0.8562613929443732,5.357142857142857,0,0
USNM_50368,CBDDTY010001579.1,453,1,1,0,8.571428571428571,0,0
USNM_50368,CBDDTY010002080.1,453,1.0883002207505519,1,0.28404470844174595,2.272727272727273,0,0
USNM_50368,CBDDTY010002809.1,453,1,1,0,5,0,0
USNM_50368,CBDDTY010003018.1,453,1.2317880794701987,1,0.5734969806797042,5.2631578947368425,0,0
USNM_50368,CBDDTY010003037.1,452,1,1,0,0,0,0
USNM_50368,CBDDTY010003140.1,452,1.1393805309734513,1,0.3467269402013034,0,0,0
USNM_50368,CBDDTY010000264.1,451,1,1,0,0,0,0
USNM_50368,CBDDTY010002168.1,451,1.1529933481152994,1,0.3899956096050437,3.7037037037037037,0,0
USNM_50368,CBDDTY010002244.1,451,1,1,0,0,0,0
USNM_50368,CBDDTY010002511.1,451,1.0953436807095345,1,0.29401519888714,0,0,0
USNM_50368,CBDDTY010001552.1,450,1,1,0,4.166666666666667,0,0
USNM_50368,CBDDTY010001639.1,450,1.1533333333333333,1,0.4822460442720455,0,0,0
USNM_50368,CBDDTY010001902.1,450,1,1,0,3.7037037037037037,0,0
USNM_50368,CBDDTY010002957.1,450,1.1022222222222222,1,0.30327748574214947,0,0,0
USNM_50368,CBDDTY010003036.1,450,1.1088888888888888,1,0.3118464460109034,6.382978723404255,0,0
USNM_50368,CBDDTY010000158.1,449,1.111358574610245,1,0.3149265478048007,0,0,0
USNM_50368,CBDDTY010000462.1,449,1.0601336302895323,1,0.23799943719069216,35.483870967741936,0,0
USNM_50368,CBDDTY010002522.1,449,1,1,0,0,0,0
USNM_50368,CBDDTY010002972.1,449,1.0489977728285078,1,0.2161041467144291,0,0,0
USNM_50368,CBDDTY010001048.1,448,1,1,0,0,0,0
USNM_50368,CBDDTY010001535.1,448,1.0647321428571428,1,0.2463276943702076,0,0,0
USNM_50368,CBDDTY010001588.1,448,1,1,0,13.953488372093023,0,0
USNM_50368,CBDDTY010002263.1,448,1.1116071428571428,1,0.31523452033747845,10.344827586206897,0,0
USNM_50368,CBDDTY010002266.1,448,1,1,0,15.384615384615385,0,0
USNM_50368,CBDDTY010002919.1,448,1,1,0,0,0,0
USNM_50368,CBDDTY010001476.1,447,1,1,0,0,0,0
USNM_50368,CBDDTY010002087.1,447,1,1,0,0,0,0
USNM_50368,CBDDTY010002245.1,447,1.0604026845637584,1,0.2384983266845744,12.5,0,0
USNM_50368,CBDDTY010001849.1,446,1.0224215246636772,1,0.14821624615923637,0,0,0
USNM_50368,CBDDTY010002926.1,446,1.0291479820627802,1,0.16841012161783658,11.764705882352942,0,0
USNM_50368,CBDDTY010003008.1,446,1,1,0,0,0,0
USNM_50368,CBDDTY010003108.1,446,1.094170403587444,1,0.292393620526049,1.5151515151515151,0,0
USNM_50368,CBDDTY010003460.1,446,1,1,0,0,0,0
USNM_50368,CBDDTY010001245.1,445,1.0584269662921348,1,0.2348130312217396,0,0,0
USNM_50368,CBDDTY010002176.1,445,1.049438202247191,1,0.21702513425329728,12.5,0,0
USNM_50368,CBDDTY010003049.1,445,1.152808988764045,1,0.3602082379593711,0,0,0
USNM_50368,CBDDTY010003220.1,445,1.1191011235955055,1,0.3242720206163192,5.2631578947368425,0,0
USNM_50368,CBDDTY010000448.1,444,1.1441441441441442,1,0.35163203748385136,7.8125,0,0
USNM_50368,CBDDTY010001607.1,444,1.15990990990991,1,0.44480040009948285,0,0,0
USNM_50368,CBDDTY010003237.1,444,1.0675675675675675,1,0.25128551195178167,0,0,0
USNM_50368,CBDDTY010001150.1,443,1.0045146726862302,1,0.06711526275470016,0,0,0
USNM_50368,CBDDTY010000859.1,442,1,1,0,0,0,0
USNM_50368,CBDDTY010000599.1,441,1,1,0,3.125,0,0
USNM_50368,CBDDTY010001391.1,441,1,1,0,0,0,0
USNM_50368,CBDDTY010001631.1,441,1.0612244897959184,1,0.24001391425342503,6.666666666666667,0,0
USNM_50368,CBDDTY010003246.1,441,1.0498866213151927,1,0.2179579522161106,2.5641025641025643,0,0
USNM_50368,CBDDTY010002996.1,440,1.106818181818182,1,0.41602179682291457,0,0,0
USNM_50368,CBDDTY010003116.1,440,1,1,0,2.380952380952381,0,0
USNM_50368,CBDDTY010003597.1,440,1.106818181818182,1,0.41602179682291457,0,0,0
USNM_50368,CBDDTY010000016.1,439,1.1366742596810935,1,0.343895042191198,0,0,0
USNM_50368,CBDDTY010001210.1,439,1,1,0,0,0,0
USNM_50368,CBDDTY010001556.1,439,1.061503416856492,1,0.24052552691530993,0,0,0
USNM_50368,CBDDTY010001912.1,439,1,1,0,5.2631578947368425,0,0
USNM_50368,CBDDTY010001747.1,438,1.0228310502283104,1,0.14953543236481762,10.714285714285714,0,0
USNM_50368,CBDDTY010002394.1,438,1.08675799086758,1,0.2818019670268652,16.666666666666668,0,0
USNM_50368,CBDDTY010002742.1,438,1,1,0,0,0,0
USNM_50368,CBDDTY010002787.1,438,1.0456621004566211,1,0.20898993215252198,9.375,0,0
USNM_50368,CBDDTY010003276.1,438,1.1095890410958904,1,0.3127340351188736,2.857142857142857,0,0
USNM_50368,CBDDTY010004049.1,438,1.9018264840182648,2,1.0488945240984526,6.2013953488372096,0,0
USNM_50368,CBDDTY010000667.1,437,1.0434782608695652,1,0.20416485201172235,7.6923076923076925,0,0
USNM_50368,CBDDTY010002014.1,437,1,1,0,0,0,0
USNM_50368,CBDDTY010003229.1,437,1.0983981693363845,1,0.29819363943945143,28.571428571428573,0,0
USNM_50368,CBDDTY010003251.1,437,1,1,0,8.88888888888889,0,0
USNM_50368,CBDDTY010003877.1,437,1.2608695652173914,1,0.4396121872168482,0,0,0
USNM_50368,CBDDTY010001081.1,436,1,1,0,8.333333333333334,0,0
USNM_50368,CBDDTY010002131.1,436,1.1376146788990826,1,0.344890851520007,0,0,0
USNM_50368,CBDDTY010002121.1,435,1,1,0,5.555555555555555,0,0
USNM_50368,CBDDTY010002379.1,435,1,1,0,12,0,0
USNM_50368,CBDDTY010002474.1,435,1,1,0,0,0,0
USNM_50368,CBDDTY010000539.1,434,1,1,0,3.5714285714285716,0,0
USNM_50368,CBDDTY010002339.1,434,1.0576036866359446,1,0.23326138256487527,3.225806451612903,0,0
USNM_50368,CBDDTY010002808.1,434,1.0207373271889402,1,0.14266810962564822,0,0,0
USNM_50368,CBDDTY010001749.1,433,1,1,0,6.666666666666667,0,0
USNM_50368,CBDDTY010002178.1,433,1,1,0,7.6923076923076925,0,0
USNM_50368,CBDDTY010002484.1,433,1,1,0,0,0,0
USNM_50368,CBDDTY010002884.1,433,1.1224018475750577,1,0.3281284685126093,0,0,0
USNM_50368,CBDDTY010003075.1,433,1.0184757505773672,1,0.13481978708375122,17.391304347826086,0,0
USNM_50368,CBDDTY010000633.1,432,1.0486111111111112,1,0.21530298441190823,0,0,0
USNM_50368,CBDDTY010001939.1,432,1,1,0,0,0,0
USNM_50368,CBDDTY010002111.1,432,1,1,0,0,0,0
USNM_50368,CBDDTY010002679.1,432,1.0023148148148149,1,0.048112522432468816,0,0,0
USNM_50368,CBDDTY010003843.1,432,1.0138888888888888,1,0.11716554479819438,16.666666666666668,0,0
USNM_50368,CBDDTY010001301.1,431,1.134570765661253,1,0.34166111181902514,0,0,0
USNM_50368,CBDDTY010003868.1,431,1.334106728538283,1,0.5580043991876418,0,0,0
USNM_50368,CBDDTY010000007.1,430,1,1,0,0,0,0
USNM_50368,CBDDTY010001564.1,430,1,1,0,3.3333333333333335,0,0
USNM_50368,CBDDTY010002970.1,430,1,1,0,5.555555555555555,0,0
USNM_50368,CBDDTY010001405.1,429,1,1,0,0,0,0
USNM_50368,CBDDTY010002931.1,429,1,1,0,0,0,0
USNM_50368,CBDDTY010003138.1,429,1,1,0,17.647058823529413,0,0
USNM_50368,CBDDTY010001490.1,428,1,1,0,0,0,0
USNM_50368,CBDDTY010002467.1,428,1.1401869158878504,1,0.4580499984130593,15.384615384615385,0,0
USNM_50368,CBDDTY010000584.1,427,1.2131147540983607,1,0.409988427001011,0,0,0
USNM_50368,CBDDTY010000963.1,427,1,1,0,0,0,0
USNM_50368,CBDDTY010001267.1,427,1,1,0,0,0,0
USNM_50368,CBDDTY010002542.1,427,1.1077283372365339,1,0.3104006818663536,0,0,0
USNM_50368,CBDDTY010001645.1,425,1.1905882352941177,1,0.49421739387483626,0,0,0
USNM_50368,CBDDTY010000136.1,424,1,1,0,19.047619047619047,0,0
USNM_50368,CBDDTY010003101.1,423,1.0401891252955082,1,0.1966351112860196,0,0,0
USNM_50368,CBDDTY010000254.1,422,1,1,0,4,0,0
USNM_50368,CBDDTY010000868.1,422,1,1,0,0,0,0
USNM_50368,CBDDTY010001863.1,422,1.1018957345971565,1,0.3731438095990548,23.333333333333332,0,0
USNM_50368,CBDDTY010003652.1,422,1.3222748815165877,1,0.560307465885636,25.83325,0,0
USNM_50368,CBDDTY010000870.1,421,1,1,0,0,0,0
USNM_50368,CBDDTY010003148.1,421,1.0118764845605701,1,0.10845909451863747,2.9411764705882355,0,0
USNM_50368,CBDDTY010000998.1,420,1,1,0,0,0,0
USNM_50368,CBDDTY010002405.1,420,1,1,0,0,0,0
USNM_50368,CBDDTY010003253.1,420,1.0023809523809524,1,0.048795003647426664,0,0,0
USNM_50368,CBDDTY010003124.1,419,1.1050119331742243,1,0.3069352866520676,0,0,0
USNM_50368,CBDDTY010003231.1,419,1.071599045346062,1,0.25813106644338896,0,0,0
USNM_50368,CBDDTY010001812.1,418,1,1,0,0,0,0
USNM_50368,CBDDTY010000201.1,417,1,1,0,20,0,0
USNM_50368,CBDDTY010001226.1,417,1.0599520383693046,1,0.2376831229282416,5.2631578947368425,0,0
USNM_50368,CBDDTY010002150.1,417,1,1,0,0,0,0
USNM_50368,CBDDTY010002817.1,417,1,1,0,0,0,0
USNM_50368,CBDDTY010000346.1,416,1,1,0,33.333333333333336,0,0
USNM_50368,CBDDTY010002254.1,416,1,1,0,5,0,0
USNM_50368,CBDDTY010002373.1,416,1,1,0,12.5,0,0
USNM_50368,CBDDTY010003192.1,416,1,1,0,0,0,0
USNM_50368,CBDDTY010003318.1,416,1,1,0,0,0,0
USNM_50368,CBDDTY010003543.1,416,1.3894230769230769,1,0.6638940645979154,0,0,0
USNM_50368,CBDDTY010000212.1,415,1,1,0,12.121212121212121,0,0
USNM_50368,CBDDTY010001929.1,415,1.1975903614457832,1,0.3986619842481242,9.375,0,0
USNM_50368,CBDDTY010003499.1,415,1.0795180722891566,1,0.27087219839069726,12.5,0,0
USNM_50368,CBDDTY010001191.1,414,1.0217391304347827,1,0.1460069637969646,11.904761904761905,0,0
USNM_50368,CBDDTY010001319.1,414,1,1,0,0,0,0
USNM_50368,CBDDTY010002661.1,414,1,1,0,23.529411764705884,0,0
USNM_50368,CBDDTY010000853.1,413,1.1016949152542372,1,0.3026132683682743,10,0,0
USNM_50368,CBDDTY010002490.1,413,1.0677966101694916,1,0.25170146689100387,0,0,0
USNM_50368,CBDDTY010003119.1,413,1.305084745762712,1,0.5520467697619537,3.0303030303030303,0,0
USNM_50368,CBDDTY010000614.1,412,1,1,0,17.94871794871795,0,0
USNM_50368,CBDDTY010000751.1,412,1,1,0,0,0,0
USNM_50368,CBDDTY010000860.1,412,1.0631067961165048,1,0.24345057653257068,0,0,0
USNM_50368,CBDDTY010001680.1,412,1,1,0,0,0,0
USNM_50368,CBDDTY010001964.1,412,1.1601941747572815,1,0.36723198335795926,0,0,0
USNM_50368,CBDDTY010002773.1,412,1.3398058252427185,1,0.5136273949961764,0,0,0
USNM_50368,CBDDTY010002830.1,412,1.087378640776699,1,0.28273244826908484,17.647058823529413,0,0
USNM_50368,CBDDTY010002894.1,412,1.1019417475728155,1,0.3029395585928688,19.047619047619047,0,0
USNM_50368,CBDDTY010003014.1,412,1,1,0,0,0,0
USNM_50368,CBDDTY010004329.1,412,1.0388349514563107,1,0.1934363395578887,0,0,0
USNM_50368,CBDDTY010000849.1,411,1.0535279805352797,1,0.2253581671106525,2.5641025641025643,0,0
USNM_50368,CBDDTY010001213.1,411,1.0827250608272505,1,0.27580192579614476,14.285714285714286,0,0
USNM_50368,CBDDTY010003354.1,411,1,1,0,0,0,0
USNM_50368,CBDDTY010001491.1,410,1,1,0,0,0,0
USNM_50368,CBDDTY010001954.1,410,1.1097560975609757,1,0.3129674034510232,2.7027027027027026,0,0
USNM_50368,CBDDTY010002866.1,410,1,1,0,13.333333333333334,0,0
USNM_50368,CBDDTY010002984.1,410,1.053658536585366,1,0.22561793545684522,38.095238095238095,0,0
USNM_50368,CBDDTY010003241.1,410,1,1,0,0,0,0
USNM_50368,CBDDTY010003281.1,410,1.0121951219512195,1,0.10989019180470597,3.5714285714285716,0,0
USNM_50368,CBDDTY010003857.1,410,1,1,0,13.636363636363637,0,0
USNM_50368,CBDDTY010000542.1,409,1.0953545232273838,1,0.2940637085590469,0,0,0
USNM_50368,CBDDTY010002447.1,409,1.19559902200489,1,0.4492697730970213,0,0,0
USNM_50368,CBDDTY010003132.1,409,1,1,0,0,0,0
USNM_50368,CBDDTY010003154.1,409,1,1,0,0,0,0
USNM_50368,CBDDTY010003398.1,409,1,1,0,0,0,0
USNM_50368,CBDDTY010002304.1,408,1,1,0,0,0,0
USNM_50368,CBDDTY010002348.1,408,1.0245098039215685,1,0.154815432323348,0,0,0
USNM_50368,CBDDTY010002567.1,408,1.2009803921568627,1,0.407303133263704,9.375,0,0
USNM_50368,CBDDTY010003191.1,408,1.1200980392156863,1,0.3254752566614682,0,0,0
USNM_50368,CBDDTY010001574.1,407,1,1,0,0,0,0
USNM_50368,CBDDTY010001575.1,407,1,1,0,0,0,0
USNM_50368,CBDDTY010002204.1,407,1,1,0,0,0,0
USNM_50368,CBDDTY010002602.1,407,1,1,0,0,0,0
USNM_50368,CBDDTY010002740.1,407,1,1,0,0,0,0
USNM_50368,CBDDTY010003113.1,407,1.1056511056511056,1,0.30776887582823814,5.2631578947368425,0,0
USNM_50368,CBDDTY010003638.1,407,1.7641277641277642,1,1.2548980542232362,7.301428571428572,0,0
USNM_50368,CBDDTY010000586.1,406,1.145320197044335,1,0.3528582003672025,0,0,0
USNM_50368,CBDDTY010002644.1,406,1,1,0,5.2631578947368425,0,0
USNM_50368,CBDDTY010000484.1,404,1,1,0,0,0,0
USNM_50368,CBDDTY010001980.1,404,1,1,0,0,0,0
USNM_50368,CBDDTY010002555.1,404,1.0173267326732673,1,0.13064748918365357,38.888888888888886,0,0
USNM_50368,CBDDTY010002576.1,404,1,1,0,0,0,0
USNM_50368,CBDDTY010001351.1,403,1,1,0,10.81081081081081,0,0
USNM_50368,CBDDTY010002913.1,403,1.0471464019851116,1,0.21221538365633433,0,0,0
USNM_50368,CBDDTY010003236.1,403,1,1,0,0,0,0
USNM_50368,CBDDTY010000644.1,402,1.0174129353233832,1,0.13096714339946205,0,0,0
USNM_50368,CBDDTY010002171.1,402,1,1,0,0,0,0
USNM_50368,CBDDTY010002362.1,402,1,1,0,0,0,0
USNM_50368,CBDDTY010002428.1,402,1,1,0,0,0,0
USNM_50368,CBDDTY010002626.1,402,1.037313432835821,1,0.18976490579130212,0,0,0
USNM_50368,CBDDTY010003028.1,402,1.0895522388059702,1,0.2858950132669952,6.896551724137931,0,0
USNM_50368,CBDDTY010003306.1,402,1,1,0,3.3333333333333335,0,0
USNM_50368,CBDDTY010003493.1,402,1,1,0,6.0606060606060606,0,0
USNM_50368,CBDDTY010003566.1,402,1.0870646766169154,1,0.28228112620310564,0,0,0
USNM_50368,CBDDTY010000444.1,401,1.1321695760598505,1,0.37414907613419257,0,0,0
USNM_50368,CBDDTY010001704.1,401,1,1,0,0,0,0
USNM_50368,CBDDTY010003336.1,401,1.1221945137157108,1,0.3279194597303207,3.225806451612903,0,0
USNM_50368,CBDDTY010003561.1,401,1,1,0,0,0,0
USNM_50368,CBDDTY010000732.1,400,1,1,0,0,0,0
USNM_50368,CBDDTY010001273.1,400,1.065,1,0.24683459703967625,5,0,0
USNM_50368,CBDDTY010001566.1,400,1,1,0,0,0,0
USNM_50368,CBDDTY010001927.1,400,1,1,0,12.121212121212121,0,0
USNM_50368,CBDDTY010001958.1,400,1,1,0,0,0,0
USNM_50368,CBDDTY010001978.1,400,1.1075,1,0.3101357936877261,0,0,0
USNM_50368,CBDDTY010002667.1,400,1.06,1,0.2377842580648657,3.0303030303030303,0,0
USNM_50368,CBDDTY010002716.1,400,1,1,0,0,0,0
USNM_50368,CBDDTY010003080.1,400,1,1,0,0,0,0
USNM_50368,CBDDTY010000230.1,399,1.105263157894737,1,0.30727750609148347,0,0,0
USNM_50368,CBDDTY010001584.1,399,1,1,0,0,0,0
USNM_50368,CBDDTY010002174.1,399,1.0225563909774436,1,0.1486707643887229,2.9411764705882355,0,0
USNM_50368,CBDDTY010002659.1,399,1.0526315789473684,1,0.22357722599851063,5.2631578947368425,0,0
USNM_50368,CBDDTY010000379.1,398,1.0552763819095476,1,0.22880656090312895,0,0,0
USNM_50368,CBDDTY010001798.1,398,1.1256281407035176,1,0.3318469533010272,27.272727272727273,0,0
USNM_50368,CBDDTY010002475.1,398,1.015075376884422,1,0.12200619114130946,5,0,0
USNM_50368,CBDDTY010002531.1,398,1.0251256281407035,1,0.15670363594335138,0,0,0
USNM_50368,CBDDTY010002816.1,398,1,1,0,0,0,0
USNM_50368,CBDDTY010003850.1,398,1,1,0,0,0,0
USNM_50368,CBDDTY010001329.1,397,1,1,0,0,0,0
USNM_50368,CBDDTY010002752.1,397,1,1,0,4.3478260869565215,0,0
USNM_50368,CBDDTY010001115.1,396,1,1,0,0,0,0
USNM_50368,CBDDTY010001678.1,396,1,1,0,0,0,0
USNM_50368,CBDDTY010001947.1,396,1.3737373737373737,1,0.6688112800493026,1.6666666666666667,0,0
USNM_50368,CBDDTY010001975.1,396,1,1,0,0,0,0
USNM_50368,CBDDTY010002597.1,396,1,1,0,0,0,0
USNM_50368,CBDDTY010003158.1,396,1,1,0,0,0,0
USNM_50368,CBDDTY010000204.1,395,1,1,0,0,0,0
USNM_50368,CBDDTY010001238.1,395,1.1189873417721519,1,0.3241842356147018,3.7037037037037037,0,0
USNM_50368,CBDDTY010002371.1,395,1,1,0,0,0,0
USNM_50368,CBDDTY010002619.1,395,1,1,0,0,0,0
USNM_50368,CBDDTY010002907.1,395,1.111392405063291,1,0.3150164534306395,0,0,0
USNM_50368,CBDDTY010001277.1,394,1.032994923857868,1,0.17885034321126722,5.714285714285714,0,0
USNM_50368,CBDDTY010001537.1,394,1.0609137055837563,1,0.23947605587698442,0,0,0
USNM_50368,CBDDTY010001693.1,394,1,1,0,0,0,0
USNM_50368,CBDDTY010001790.1,394,1.1065989847715736,1,0.3089950988173021,0,0,0
USNM_50368,CBDDTY010002412.1,394,1,1,0,0,0,0
USNM_50368,CBDDTY010000664.1,393,1,1,0,2.7777777777777777,0,0
USNM_50368,CBDDTY010002460.1,393,1.2442748091603053,1,0.689849174436663,1.9230769230769231,0,0
USNM_50368,CBDDTY010003127.1,393,1,1,0,0,0,0
USNM_50368,CBDDTY010002965.1,392,1,1,0,0,0,0
USNM_50368,CBDDTY010001608.1,391,1.10230179028133,1,0.37862073706447746,0,0,0
USNM_50368,CBDDTY010002103.1,391,1.0562659846547315,1,0.2307298805718658,0,0,0
USNM_50368,CBDDTY010001147.1,390,1.028205128205128,1,0.1657711091897933,0,0,0
USNM_50368,CBDDTY010001865.1,390,1,1,0,0,0,0
USNM_50368,CBDDTY010002784.1,390,1,1,0,2.857142857142857,0,0
USNM_50368,CBDDTY010002792.1,390,1.035897435897436,1,0.18627339760858916,0,0,0
USNM_50368,CBDDTY010001207.1,389,1,1,0,4.545454545454546,0,0
USNM_50368,CBDDTY010001468.1,389,1.0976863753213368,1,0.29727247098345877,0,0,0
USNM_50368,CBDDTY010002016.1,389,1,1,0,0,0,0
USNM_50368,CBDDTY010003056.1,389,1.06426735218509,1,0.2455443993454743,10,0,0
USNM_50368,CBDDTY010003180.1,389,1,1,0,10,0,0
USNM_50368,CBDDTY010003224.1,389,1,1,0,0,0,0
USNM_50368,CBDDTY010003389.1,389,1,1,0,0,0,0
USNM_50368,CBDDTY010002582.1,388,1.0438144329896908,1,0.20494629434015235,0,0,0
USNM_50368,CBDDTY010002654.1,388,1,1,0,0,0,0
USNM_50368,CBDDTY010000673.1,387,1.074935400516796,1,0.26362790440675804,12,0,0
USNM_50368,CBDDTY010002704.1,387,1,1,0,0,0,0
USNM_50368,CBDDTY010001606.1,386,1.1968911917098446,1,0.5370343514371415,0,0,0
USNM_50368,CBDDTY010002430.1,386,1.1295336787564767,1,0.3931997148344746,3.5714285714285716,0,0
USNM_50368,CBDDTY010002607.1,386,1.189119170984456,1,0.3921115018935724,0,0,0
USNM_50368,CBDDTY010002728.1,386,1,1,0,0,0,0
USNM_50368,CBDDTY010000197.1,385,1.0727272727272728,1,0.26002622245388324,20,0,0
USNM_50368,CBDDTY010000955.1,385,1,1,0,11.11111111111111,0,0
USNM_50368,CBDDTY010002692.1,385,1,1,0,0,0,0
USNM_50368,CBDDTY010002797.1,385,1.1194805194805195,1,0.32477514699234006,2.3255813953488373,0,0
USNM_50368,CBDDTY010003298.1,385,1,1,0,0,0,0
USNM_50368,CBDDTY010001118.1,384,1.4036458333333333,1,0.6709855886226257,2.7027027027027026,0,0
USNM_50368,CBDDTY010002175.1,384,1.0572916666666667,1,0.2327022735789396,0,0,0
USNM_50368,CBDDTY010003710.1,384,1,1,0,53.57142857142857,0,0
USNM_50368,CBDDTY010003386.1,383,1.1801566579634464,1,0.38482058987117823,0,0,0
USNM_50368,CBDDTY010003576.1,383,1.0496083550913837,1,0.21741846430583853,18.75,0,0
USNM_50368,CBDDTY010000259.1,382,1.0392670157068062,1,0.1944842750452836,0,0,0
USNM_50368,CBDDTY010000651.1,382,1,1,0,0,0,0
USNM_50368,CBDDTY010003618.1,382,1,1,0,0,0,0
USNM_50368,CBDDTY010001906.1,381,1.3254593175853018,1,0.4691623123336634,3.4482758620689653,0,0
USNM_50368,CBDDTY010002948.1,381,1,1,0,4.444444444444445,0,0
USNM_50368,CBDDTY010003105.1,381,1.078740157480315,1,0.26968692997422494,10.714285714285714,0,0
USNM_50368,CBDDTY010004071.1,381,1.0918635170603674,1,0.2892129833607749,2.857142857142857,0,0
USNM_50368,CBDDTY010001203.1,380,1,1,0,5.2631578947368425,0,0
USNM_50368,CBDDTY010002189.1,380,1,1,0,0,0,0
USNM_50368,CBDDTY010002721.1,380,1,1,0,0,0,0
USNM_50368,CBDDTY010003210.1,380,1,1,0,0,0,0
USNM_50368,CBDDTY010003530.1,380,1.368421052631579,1,0.48301235017992,0,0,0
USNM_50368,CBDDTY010000210.1,379,1,1,0,0,0,0
USNM_50368,CBDDTY010001513.1,379,1.2058047493403694,1,0.40482287442772275,0,0,0
USNM_50368,CBDDTY010001538.1,379,1,1,0,0,0,0
USNM_50368,CBDDTY010001591.1,379,1.0052770448548813,1,0.0725471186109913,0,0,0
USNM_50368,CBDDTY010001061.1,378,1,1,0,0,0,0
USNM_50368,CBDDTY010002862.1,378,1.1137566137566137,1,0.31793625642953754,0,0,0
USNM_50368,CBDDTY010002151.1,377,1,1,0,4.3478260869565215,0,0
USNM_50368,CBDDTY010002545.1,377,1.0026525198938991,1,0.051502620262460476,2.5,0,0
USNM_50368,CBDDTY010003031.1,377,1,1,0,4.878048780487805,0,0
USNM_50368,CBDDTY010003529.1,377,1,1,0,0,0,0
USNM_50368,CBDDTY010000628.1,376,1,1,0,0,0,0
USNM_50368,CBDDTY010002463.1,376,1,1,0,44.44444444444444,0,0
USNM_50368,CBDDTY010002994.1,376,1,1,0,0,0,0
USNM_50368,CBDDTY010003040.1,376,1.0851063829787233,1,0.2794117427486103,0,0,0
USNM_50368,CBDDTY010003471.1,376,1,1,0,0,0,0
USNM_50368,CBDDTY010003729.1,376,1.125,1,0.3311595788538611,0,0,0
USNM_50368,CBDDTY010001728.1,375,1,1,0,10,0,0
USNM_50368,CBDDTY010002345.1,375,1.0853333333333333,1,0.2797503343239596,26.666666666666668,0,0
USNM_50368,CBDDTY010003128.1,375,1.1226666666666667,1,0.32849247841906004,0,0,0
USNM_50368,CBDDTY010003481.1,375,1,1,0,0,0,0
USNM_50368,CBDDTY010002015.1,374,1,1,0,2.4390243902439024,0,0
USNM_50368,CBDDTY010002876.1,374,1.072192513368984,1,0.25915309654816493,24.242424242424242,0,0
USNM_50368,CBDDTY010003208.1,374,1.1042780748663101,1,0.3060303436926265,0,0,0
USNM_50368,CBDDTY010003283.1,374,1.213903743315508,1,0.5923726558206127,9.090909090909092,0,0
USNM_50368,CBDDTY010002814.1,373,1.029490616621984,1,0.16940442175645906,25,0,0
USNM_50368,CBDDTY010003010.1,373,1,1,0,0,0,0
USNM_50368,CBDDTY010003423.1,373,1.002680965147453,1,0.05177803730784977,0,0,0
USNM_50368,CBDDTY010003500.1,373,1,1,0,0,0,0
USNM_50368,CBDDTY010000672.1,372,1,1,0,7.6923076923076925,0,0
USNM_50368,CBDDTY010001937.1,372,1.075268817204301,1,0.2641799247933619,38.46153846153846,0,0
USNM_50368,CBDDTY010001188.1,371,1,1,0,0,0,0
USNM_50368,CBDDTY010001382.1,370,1,1,0,0,0,0
USNM_50368,CBDDTY010001835.1,370,1.1108108108108108,1,0.3143227621391725,0,0,0
USNM_50368,CBDDTY010002164.1,370,1,1,0,9.67741935483871,0,0
USNM_50368,CBDDTY010002512.1,370,1.135135135135135,1,0.34233077730873124,2.7777777777777777,0,0
USNM_50368,CBDDTY010003170.1,370,1.0837837837837838,1,0.27743845091346797,4.545454545454546,0,0
USNM_50368,CBDDTY010000701.1,369,1.0867208672086721,1,0.28180769465091493,0,0,0
USNM_50368,CBDDTY010001375.1,369,1,1,0,25,0,0
USNM_50368,CBDDTY010002148.1,369,1,1,0,0,0,0
USNM_50368,CBDDTY010003319.1,369,1.6991869918699187,1,1.1558097059430104,3.5,0,0
USNM_50368,CBDDTY010003416.1,369,1,1,0,0,0,0
USNM_50368,CBDDTY010003656.1,369,1.102981029810298,1,0.3043467740559844,14.285714285714286,0,0
USNM_50368,CBDDTY010002424.1,368,1,1,0,42.857142857142854,0,0
USNM_50368,CBDDTY010002552.1,368,1,1,0,7.6923076923076925,0,0
USNM_50368,CBDDTY010002638.1,368,1.1875,1,0.4492273111818966,2.7027027027027026,0,0
USNM_50368,CBDDTY010003556.1,368,1.0706521739130435,1,0.256591807208641,0,0,0
USNM_50368,CBDDTY010000074.1,367,1,1,0,0,0,0
USNM_50368,CBDDTY010001551.1,367,1.11716621253406,1,0.32205730772081687,0,0,0
USNM_50368,CBDDTY010001599.1,367,1,1,0,0,0,0
USNM_50368,CBDDTY010002020.1,367,1.0626702997275204,1,0.24269988160438857,0,0,0
USNM_50368,CBDDTY010002337.1,367,1,1,0,0,0,0
USNM_50368,CBDDTY010003051.1,367,1.1580381471389645,1,0.36527475797547776,0,0,0
USNM_50368,CBDDTY010001621.1,366,1,1,0,0,0,0
USNM_50368,CBDDTY010002631.1,366,1.1475409836065573,1,0.3551298696859213,8.695652173913043,0,0
USNM_50368,CBDDTY010003426.1,366,1.0491803278688525,1,0.21654038250585644,0,0,0
USNM_50368,CBDDTY010003480.1,366,1.0191256830601092,1,0.13715424991621694,10.526315789473685,0,0
USNM_50368,CBDDTY010000927.1,365,1.0520547945205478,1,0.22244247869948627,4.545454545454546,0,0
USNM_50368,CBDDTY010001280.1,365,1.0383561643835617,1,0.1923182294268097,0,0,0
USNM_50368,CBDDTY010001550.1,365,1.1315068493150684,1,0.3384177438035569,2.9411764705882355,0,0
USNM_50368,CBDDTY010001867.1,365,1.2164383561643837,1,0.4566401722104739,0,0,0
USNM_50368,CBDDTY010002917.1,365,1,1,0,0,0,0
USNM_50368,CBDDTY010003692.1,365,1.0054794520547945,1,0.07392157070222159,0,0,0
USNM_50368,CBDDTY010000601.1,364,1,1,0,0,0,0
USNM_50368,CBDDTY010001723.1,364,1.2362637362637363,1,0.42537074634883243,0,0,0
USNM_50368,CBDDTY010002813.1,364,1.0934065934065933,1,0.29140193018421295,0,0,0
USNM_50368,CBDDTY010001861.1,363,1,1,0,0,0,0
USNM_50368,CBDDTY010003521.1,363,1.0909090909090908,1,0.2878765849748735,0,0,0
USNM_50368,CBDDTY010000931.1,362,1,1,0,5.555555555555555,0,0
USNM_50368,CBDDTY010000543.1,361,1,1,0,0,0,0
USNM_50368,CBDDTY010002273.1,361,1,1,0,3.225806451612903,0,0
USNM_50368,CBDDTY010003412.1,361,1,1,0,6.896551724137931,0,0
USNM_50368,CBDDTY010001852.1,360,1,1,0,15,0,0
USNM_50368,CBDDTY010002702.1,359,1.1030640668523677,1,0.30446688239634856,0,0,0
USNM_50368,CBDDTY010003407.1,359,1,1,0,20,0,0
USNM_50368,CBDDTY010003474.1,359,1,1,0,0,0,0
USNM_50368,CBDDTY010001365.1,358,1,1,0,69.23076923076923,0,0
USNM_50368,CBDDTY010001711.1,358,1.0446927374301676,1,0.20691759548104255,0,0,0
USNM_50368,CBDDTY010002519.1,358,1,1,0,34.78260869565217,0,0
USNM_50368,CBDDTY010002727.1,358,1.1424581005586592,1,0.3500085508019444,14.285714285714286,0,0
USNM_50368,CBDDTY010002788.1,358,1.1312849162011174,1,0.3381843469011074,0,0,0
USNM_50368,CBDDTY010002934.1,358,1,1,0,0,0,0
USNM_50368,CBDDTY010003066.1,358,1,1,0,0,0,0
USNM_50368,CBDDTY010003120.1,358,1,1,0,0,0,0
USNM_50368,CBDDTY010003415.1,358,1.217877094972067,1,0.6103807568439807,0,0,0
USNM_50368,CBDDTY010003845.1,358,1.1787709497206704,1,0.43178561965238177,0,0,0
USNM_50368,CBDDTY010001485.1,357,1.1792717086834734,1,0.38411802758147584,4,0,0
USNM_50368,CBDDTY010001507.1,357,1,1,0,20,0,0
USNM_50368,CBDDTY010001623.1,357,1,1,0,0,0,0
USNM_50368,CBDDTY010002161.1,357,1.0588235294117647,1,0.23562435516767452,0,0,0
USNM_50368,CBDDTY010002539.1,357,1,1,0,0,0,0
USNM_50368,CBDDTY010003023.1,357,1.0252100840336134,1,0.15698269105632331,0,0,0
USNM_50368,CBDDTY010001977.1,356,1,1,0,5.555555555555555,0,0
USNM_50368,CBDDTY010002387.1,356,1,1,0,4.761904761904762,0,0
USNM_50368,CBDDTY010003110.1,356,1,1,0,0,0,0
USNM_50368,CBDDTY010003352.1,356,1,1,0,16.666666666666668,0,0
USNM_50368,CBDDTY010002146.1,355,1.0112676056338028,1,0.1056982376885514,5.555555555555555,0,0
USNM_50368,CBDDTY010002420.1,355,1.1042253521126761,1,0.3059839272939584,0,0,0
USNM_50368,CBDDTY010002867.1,355,1,1,0,0,0,0
USNM_50368,CBDDTY010003184.1,355,1,1,0,0,0,0
USNM_50368,CBDDTY010003486.1,355,1,1,0,0,0,0
USNM_50368,CBDDTY010003773.1,355,1.1211267605633803,1,0.4109777142698641,25,0,0
USNM_50368,CBDDTY010004158.1,354,1.0141242937853108,1,0.11817040716913722,0,0,0
USNM_50368,CBDDTY010002003.1,353,1,1,0,0,0,0
USNM_50368,CBDDTY010002170.1,353,1,1,0,0,0,0
USNM_50368,CBDDTY010002277.1,353,1,1,0,0,0,0
USNM_50368,CBDDTY010002980.1,353,1.0368271954674222,1,0.18860467357589278,0,0,0
USNM_50368,CBDDTY010001753.1,352,1,1,0,0,0,0
USNM_50368,CBDDTY010002031.1,352,1,1,0,0,0,0
USNM_50368,CBDDTY010002700.1,352,1.1875,1,0.48810640566157626,13.636363636363637,0,0
USNM_50368,CBDDTY010002959.1,352,1.4715909090909092,1,1.0038613613132208,0,0,0
USNM_50368,CBDDTY010001151.1,351,1,1,0,0,0,0
USNM_50368,CBDDTY010002005.1,351,1,1,0,6.666666666666667,0,0
USNM_50368,CBDDTY010000553.1,350,1.0371428571428571,1,0.1893825199053005,0,0,0
USNM_50368,CBDDTY010002275.1,350,1,1,0,0,0,0
USNM_50368,CBDDTY010003000.1,350,1,1,0,5.2631578947368425,0,0
USNM_50368,CBDDTY010003160.1,350,1.0285714285714285,1,0.16683713481664464,0,0,0
USNM_50368,CBDDTY010003219.1,350,1.0971428571428572,1,0.29657617805564584,0,0,0
USNM_50368,CBDDTY010003727.1,350,1,1,0,0,0,0
USNM_50368,CBDDTY010001974.1,349,1,1,0,0,0,0
USNM_50368,CBDDTY010002217.1,349,1,1,0,0,0,0
USNM_50368,CBDDTY010002285.1,349,1.011461318051576,1,0.10659509175198485,0,0,0
USNM_50368,CBDDTY010004434.1,349,1.2636103151862463,1,0.5190283002351753,0,0,0
USNM_50368,CBDDTY010000736.1,348,1.0201149425287357,1,0.1405956390653856,3.3333333333333335,0,0
USNM_50368,CBDDTY010002678.1,348,1.1091954022988506,1,0.3123332971507514,0,0,0
USNM_50368,CBDDTY010001204.1,347,1.043227665706052,1,0.20366288175759223,5.2631578947368425,0,0
USNM_50368,CBDDTY010001776.1,347,1.0518731988472623,1,0.22209123275560752,0,0,0
USNM_50368,CBDDTY010003030.1,347,1,1,0,10.526315789473685,0,0
USNM_50368,CBDDTY010003065.1,347,1,1,0,0,0,0
USNM_50368,CBDDTY010003147.1,347,1,1,0,0,0,0
USNM_50368,CBDDTY010003255.1,347,1.3688760806916427,1,0.4831970291637637,0,0,0
USNM_50368,CBDDTY010003551.1,347,1.207492795389049,1,0.40609702538074327,0,0,0
USNM_50368,CBDDTY010000738.1,346,1,1,0,0,0,0
USNM_50368,CBDDTY010000839.1,346,1.1416184971098267,1,0.3491633629602006,4.761904761904762,0,0
USNM_50368,CBDDTY010002711.1,346,1,1,0,25,0,0
USNM_50368,CBDDTY010000996.1,345,1.03768115942029,1,0.19070055157430682,0,0,0
USNM_50368,CBDDTY010002855.1,345,1,1,0,0,0,0
USNM_50368,CBDDTY010003274.1,345,1,1,0,0,0,0
USNM_50368,CBDDTY010001549.1,344,1,1,0,0,0,0
USNM_50368,CBDDTY010002443.1,344,1.0436046511627908,1,0.2045112942667881,0,0,0
USNM_50368,CBDDTY010003611.1,344,1.0988372093023255,1,0.29887805212160146,27.77777777777778,0,0
USNM_50368,CBDDTY010003872.1,344,2.7790697674418605,2,1.5321713306193787,0.47619047619047616,0,0
USNM_50368,CBDDTY010001291.1,343,1.19533527696793,1,0.44561717646700183,0,0,0
USNM_50368,CBDDTY010001461.1,343,1.1020408163265305,1,0.3031442027911492,0,0,0
USNM_50368,CBDDTY010002745.1,343,1.2653061224489797,1,0.5097216958151067,0,0,0
USNM_50368,CBDDTY010003204.1,343,1,1,0,0,0,0
USNM_50368,CBDDTY010003263.1,343,1,1,0,0,0,0
USNM_50368,CBDDTY010003434.1,343,1.1924198250728864,1,0.4501471219708983,0,0,0
USNM_50368,CBDDTY010004147.1,343,1.163265306122449,1,0.3701475241586368,0,0,0
USNM_50368,CBDDTY010000260.1,342,1.0701754385964912,1,0.25581672711150394,5.2631578947368425,0,0
USNM_50368,CBDDTY010002841.1,342,1.1988304093567252,1,0.39970492108628636,0,0,0
USNM_50368,CBDDTY010002902.1,342,1.0467836257309941,1,0.21148450293192622,0,0,0
USNM_50368,CBDDTY010003442.1,342,1,1,0,0,0,0
USNM_50368,CBDDTY010003842.1,342,1.0175438596491229,1,0.13147858496840475,0,0,0
USNM_50368,CBDDTY010000999.1,341,1,1,0,4.761904761904762,0,0
USNM_50368,CBDDTY010002283.1,341,1.035190615835777,1,0.18453209994924583,25,0,0
USNM_50368,CBDDTY010003060.1,341,1,1,0,0,0,0
USNM_50368,CBDDTY010003081.1,341,1,1,0,0,0,0
USNM_50368,CBDDTY010001169.1,340,1,1,0,0,0,0
USNM_50368,CBDDTY010001775.1,340,1,1,0,7.407407407407407,0,0
USNM_50368,CBDDTY010001827.1,340,1,1,0,0,0,0
USNM_50368,CBDDTY010001985.1,340,1,1,0,7.142857142857143,0,0
USNM_50368,CBDDTY010003035.1,340,1,1,0,0,0,0
USNM_50368,CBDDTY010003133.1,340,1,1,0,5.2631578947368425,0,0
USNM_50368,CBDDTY010003286.1,340,1,1,0,0,0,0
USNM_50368,CBDDTY010003459.1,340,1,1,0,28.571428571428573,0,0
USNM_50368,CBDDTY010003560.1,340,1,1,0,0,0,0
USNM_50368,CBDDTY010003703.1,340,1,1,0,0,0,0
USNM_50368,CBDDTY010001740.1,339,1,1,0,0,0,0
USNM_50368,CBDDTY010003942.1,339,1.0353982300884956,1,0.18505733350302192,0,0,0
USNM_50368,CBDDTY010002007.1,338,1,1,0,0,0,0
USNM_50368,CBDDTY010002082.1,338,1.1124260355029585,1,0.3163582213039674,0,0,0
USNM_50368,CBDDTY010002093.1,338,1.0976331360946745,1,0.2972580257187864,9.090909090909092,0,0
USNM_50368,CBDDTY010002879.1,338,1,1,0,0,0,0
USNM_50368,CBDDTY010003380.1,338,1,1,0,14.285714285714286,0,0
USNM_50368,CBDDTY010001791.1,337,1.029673590504451,1,0.16993752436518408,0,0,0
USNM_50368,CBDDTY010002435.1,337,1,1,0,4.166666666666667,0,0
USNM_50368,CBDDTY010002795.1,337,1.0356083086053411,1,0.18558706961141475,0,0,0
USNM_50368,CBDDTY010003403.1,337,1,1,0,0,0,0
USNM_50368,CBDDTY010003965.1,337,1.3738872403560831,1,0.696270267113618,9.090909090909092,0,0
USNM_50368,CBDDTY010000263.1,336,1,1,0,0,0,0
USNM_50368,CBDDTY010002804.1,336,1,1,0,14.285714285714286,0,0
USNM_50368,CBDDTY010002398.1,335,1,1,0,0,0,0
USNM_50368,CBDDTY010002793.1,335,1,1,0,3.5714285714285716,0,0
USNM_50368,CBDDTY010003456.1,335,1.2656716417910447,1,0.5454087734730971,3.225806451612903,0,0
USNM_50368,CBDDTY010002756.1,334,1.281437125748503,1,0.45037491949156006,0,0,0
USNM_50368,CBDDTY010003289.1,334,1.0538922155688624,1,0.226143674067178,0,0,0
USNM_50368,CBDDTY010003781.1,334,1.3802395209580838,1,0.6217035127556726,0,0,0
USNM_50368,CBDDTY010000850.1,333,1.048048048048048,1,0.21418964144820013,42.857142857142854,0,0
USNM_50368,CBDDTY010002786.1,333,1,1,0,3.8461538461538463,0,0
USNM_50368,CBDDTY010002927.1,333,1,1,0,0,0,0
USNM_50368,CBDDTY010002990.1,332,1,1,0,0,0,0
USNM_50368,CBDDTY010001404.1,331,1,1,0,0,0,0
USNM_50368,CBDDTY010002473.1,331,1.0876132930513596,1,0.2831597391638956,0,0,0
USNM_50368,CBDDTY010002517.1,331,1.0876132930513596,1,0.2831597391638956,2.272727272727273,0,0
USNM_50368,CBDDTY010002807.1,331,1,1,0,2.6315789473684212,0,0
USNM_50368,CBDDTY010003033.1,331,1.0574018126888218,1,0.2329609510711547,0,0,0
USNM_50368,CBDDTY010003494.1,330,1.0757575757575757,1,0.26501167380412477,9.090909090909092,0,0
USNM_50368,CBDDTY010000693.1,329,1.1063829787234043,1,0.30879681803953885,0,0,0
USNM_50368,CBDDTY010000890.1,328,1,1,0,0,0,0
USNM_50368,CBDDTY010001780.1,328,1.100609756097561,1,0.3012708964609336,10,0,0
USNM_50368,CBDDTY010002411.1,328,1.0579268292682926,1,0.2339619551647948,0,0,0
USNM_50368,CBDDTY010002488.1,327,1.0458715596330275,1,0.2095271231948469,9.523809523809524,0,0
USNM_50368,CBDDTY010002625.1,327,1,1,0,0,0,0
USNM_50368,CBDDTY010002635.1,327,1.1009174311926606,1,0.3016809998604761,0,0,0
USNM_50368,CBDDTY010003115.1,327,1.0244648318042813,1,0.15472399080283666,0,0,0
USNM_50368,CBDDTY010003277.1,327,1,1,0,0,0,0
USNM_50368,CBDDTY010004400.1,327,1.0795107033639144,1,0.27094880842499947,0,0,0
USNM_50368,CBDDTY010002055.1,326,1,1,0,0,0,0
USNM_50368,CBDDTY010000804.1,325,1,1,0,0,0,0
USNM_50368,CBDDTY010001694.1,325,1.0461538461538462,1,0.21014172398537173,0,0,0
USNM_50368,CBDDTY010001799.1,325,1.0307692307692307,1,0.17295817388759027,2.857142857142857,0,0
USNM_50368,CBDDTY010002224.1,325,1.003076923076923,1,0.05547001962252291,0,0,0
USNM_50368,CBDDTY010001209.1,324,1,1,0,4.761904761904762,0,0
USNM_50368,CBDDTY010003290.1,324,1.2746913580246915,1,0.4470490416293043,0,0,0
USNM_50368,CBDDTY010003353.1,324,1,1,0,0,0,0
USNM_50368,CBDDTY010001422.1,323,1,1,0,0,0,0
USNM_50368,CBDDTY010002138.1,323,1,1,0,6.666666666666667,0,0
USNM_50368,CBDDTY010003657.1,323,1,1,0,0,0,0
USNM_50368,CBDDTY010002760.1,322,1.0217391304347827,1,0.14605749398148374,0,0,0
USNM_50368,CBDDTY010003041.1,322,1.062111801242236,1,0.24173415520310942,0,0,0
USNM_50368,CBDDTY010003272.1,322,1,1,0,0,0,0
USNM_50368,CBDDTY010001457.1,321,1,1,0,30.76923076923077,0,0
USNM_50368,CBDDTY010002834.1,321,1,1,0,0,0,0
USNM_50368,CBDDTY010003477.1,321,1,1,0,0,0,0
USNM_50368,CBDDTY010003599.1,321,1,1,0,0,0,0
USNM_50368,CBDDTY010003046.1,320,1.1125,1,0.31647549638465255,12.5,0,0
USNM_50368,CBDDTY010003643.1,320,1.403125,1,0.4912937147029087,4.166666666666667,0,0
USNM_50368,CBDDTY010004903.1,320,1.234375,1,0.4315964205359397,27.272727272727273,0,0
USNM_50368,CBDDTY010000397.1,319,1,1,0,0,0,0
USNM_50368,CBDDTY010002770.1,319,1,1,0,0,0,0
USNM_50368,CBDDTY010003725.1,319,1.0626959247648904,1,0.2427960910696178,0,0,0
USNM_50368,CBDDTY010003783.1,319,1,1,0,0,0,0
USNM_50368,CBDDTY010002569.1,318,1,1,0,0,0,0
USNM_50368,CBDDTY010003466.1,318,1,1,0,11.764705882352942,0,0
USNM_50368,CBDDTY010003573.1,318,1,1,0,23.076923076923077,0,0
USNM_50368,CBDDTY010001923.1,317,1,1,0,0,0,0
USNM_50368,CBDDTY010002393.1,317,1,1,0,0,0,0
USNM_50368,CBDDTY010003167.1,317,1.1419558359621451,1,0.3495566241489401,0,0,0
USNM_50368,CBDDTY010003374.1,317,1.0126182965299684,1,0.11179670198878865,0,0,0
USNM_50368,CBDDTY010003532.1,317,1.028391167192429,1,0.16635024336032217,0,0,0
USNM_50368,CBDDTY010003732.1,317,1.1009463722397477,1,0.30173399765821945,25,0,0
USNM_50368,CBDDTY010004275.1,317,1.16403785488959,1,0.37089539086855183,6.666666666666667,0,0
USNM_50368,CBDDTY010000228.1,316,1,1,0,0,0,0
USNM_50368,CBDDTY010001108.1,316,1,1,0,3.125,0,0
USNM_50368,CBDDTY010002396.1,316,1,1,0,0,0,0
USNM_50368,CBDDTY010002509.1,316,1,1,0,0,0,0
USNM_50368,CBDDTY010003213.1,316,1.1329113924050633,1,0.3400173735943379,2.7027027027027026,0,0
USNM_50368,CBDDTY010000840.1,315,1.0222222222222221,1,0.1476400818616546,0,0,0
USNM_50368,CBDDTY010003448.1,315,1,1,0,13.333333333333334,0,0
USNM_50368,CBDDTY010004629.1,315,1.1873015873015873,1,0.42959470734296795,0,0,0
USNM_50368,CBDDTY010003068.1,314,1,1,0,0,0,0
USNM_50368,CBDDTY010003175.1,314,1.0477707006369428,1,0.21362114123432432,0,0,0
USNM_50368,CBDDTY010003322.1,314,1.124203821656051,1,0.3303403751221269,0,0,0
USNM_50368,CBDDTY010003399.1,314,1.0955414012738853,1,0.2944305054874723,0,0,0
USNM_50368,CBDDTY010001592.1,313,1,1,0,0,0,0
USNM_50368,CBDDTY010003302.1,313,1,1,0,5.555555555555555,0,0
USNM_50368,CBDDTY010003562.1,313,1,1,0,0,0,0
USNM_50368,CBDDTY010004070.1,313,1,1,0,0,0,0
USNM_50368,CBDDTY010000168.1,312,1,1,0,0,0,0
USNM_50368,CBDDTY010001317.1,312,1,1,0,21.428571428571427,0,0
USNM_50368,CBDDTY010002909.1,312,1,1,0,0,0,0
USNM_50368,CBDDTY010002943.1,312,1,1,0,0,0,0
USNM_50368,CBDDTY010002078.1,311,1,1,0,0,0,0
USNM_50368,CBDDTY010002159.1,311,1.22508038585209,1,0.41830831734018825,0,0,0
USNM_50368,CBDDTY010003149.1,311,1,1,0,0,0,0
USNM_50368,CBDDTY010003186.1,311,1,1,0,25.925925925925927,0,0
USNM_50368,CBDDTY010003309.1,311,1,1,0,0,0,0
USNM_50368,CBDDTY010004075.1,311,1.3183279742765273,1,0.4665782462008047,0,0,0
USNM_50368,CBDDTY010000538.1,310,1,1,0,0,0,0
USNM_50368,CBDDTY010000907.1,310,1.5193548387096774,1,1.051095700408217,0,0,0
USNM_50368,CBDDTY010001742.1,310,1.1612903225806452,1,0.36839318673869953,0,0,0
USNM_50368,CBDDTY010001795.1,310,3.8548387096774195,2,3.8576900637068974,19.749375,30,9.67741935483871
USNM_50368,CBDDTY010001991.1,310,1,1,0,9.523809523809524,0,0
USNM_50368,CBDDTY010003085.1,310,1,1,0,0,0,0
USNM_50368,CBDDTY010003874.1,310,1.0225806451612902,1,0.1488025068066559,10.714285714285714,0,0
USNM_50368,CBDDTY010001027.1,309,1,1,0,7.142857142857143,0,0
USNM_50368,CBDDTY010001423.1,309,1.3106796116504855,1,0.4635225000547347,5.882352941176471,0,0
USNM_50368,CBDDTY010002810.1,309,1.1294498381877023,1,0.33624167286793244,0,0,0
USNM_50368,CBDDTY010003094.1,309,1,1,0,0,0,0
USNM_50368,CBDDTY010002320.1,308,1.051948051948052,1,0.22228331811925978,4.761904761904762,0,0
USNM_50368,CBDDTY010002826.1,308,1.2207792207792207,1,0.41544690817020846,0,0,0
USNM_50368,CBDDTY010001647.1,307,1.0879478827361564,1,0.2836814883234329,0,0,0
USNM_50368,CBDDTY010002132.1,307,2.179153094462541,2,1.0018717446985719,0,0,0
USNM_50368,CBDDTY010002819.1,307,1,1,0,0,0,0
USNM_50368,CBDDTY010003384.1,307,1,1,0,0,0,0
USNM_50368,CBDDTY010003439.1,307,1.0684039087947883,1,0.25284988645975426,0,0,0
USNM_50368,CBDDTY010003454.1,307,1,1,0,0,0,0
USNM_50368,CBDDTY010003990.1,307,1,1,0,0,0,0
USNM_50368,CBDDTY010004093.1,307,1,1,0,54.54545454545455,0,0
USNM_50368,CBDDTY010000256.1,306,1,1,0,40,0,0
USNM_50368,CBDDTY010002861.1,306,1.0816993464052287,1,0.27435478012351194,0,0,0
USNM_50368,CBDDTY010002953.1,306,1.0816993464052287,1,0.27435478012351194,0,0,0
USNM_50368,CBDDTY010003832.1,306,1.1045751633986929,1,0.3065064638220984,5.882352941176471,0,0
USNM_50368,CBDDTY010003988.1,306,1.0196078431372548,1,0.13887549490757717,0,0,0
USNM_50368,CBDDTY010001698.1,305,1.0360655737704918,1,0.186759755333562,0,0,0
USNM_50368,CBDDTY010002433.1,305,1,1,0,20,0,0
USNM_50368,CBDDTY010002989.1,305,1,1,0,8.823529411764707,0,0
USNM_50368,CBDDTY010002593.1,304,1,1,0,0,0,0
USNM_50368,CBDDTY010002963.1,304,1.019736842105263,1,0.13932390908053052,20,0,0
USNM_50368,CBDDTY010000595.1,303,1,1,0,0,0,0
USNM_50368,CBDDTY010003338.1,303,1,1,0,0,0,0
USNM_50368,CBDDTY010003475.1,303,1,1,0,0,0,0
USNM_50368,CBDDTY010005329.1,303,1.2937293729372936,1,0.45622292465641817,25,0,0
USNM_50368,CBDDTY010000866.1,302,1,1,0,0,0,0
USNM_50368,CBDDTY010003025.1,302,1,1,0,0,0,0
USNM_50368,CBDDTY010003256.1,302,1,1,0,0,0,0
USNM_50368,CBDDTY010003326.1,302,1,1,0,0,0,0
USNM_50368,CBDDTY010003468.1,302,1,1,0,0,0,0
USNM_50368,CBDDTY010003563.1,302,1,1,0,6.451612903225806,0,0
USNM_50368,CBDDTY010001904.1,301,1,1,0,0,0,0
USNM_50368,CBDDTY010003190.1,301,1,1,0,4.166666666666667,0,0
USNM_50368,CBDDTY010003323.1,301,1.06312292358804,1,0.2435888917269371,0,0,0
USNM_50368,CBDDTY010003441.1,301,1,1,0,0,0,0
USNM_50368,CBDDTY010003553.1,301,1,1,0,0,0,0
USNM_50368,CBDDTY010001215.1,300,1,1,0,3.7037037037037037,0,0
USNM_50368,CBDDTY010001676.1,300,1,1,0,0,0,0
USNM_50368,CBDDTY010002769.1,300,1.3966666666666667,1,0.6588646022534251,0,0,0
USNM_50368,CBDDTY010003212.1,300,1,1,0,0,0,0
USNM_50368,CBDDTY010003312.1,300,1.1266666666666667,1,0.33315491323044827,0,0,0
USNM_50368,CBDDTY010003357.1,300,1.0766666666666667,1,0.2665063620734804,0,0,0
USNM_50368,CBDDTY010003796.1,300,1,1,0,0,0,0
USNM_50368,CBDDTY010004508.1,300,1.21,1,0.5293082505310753,0,0,0
USNM_50368,CBDDTY010004562.1,300,1.3133333333333332,1,0.6708120837671174,4,0,0
USNM_50368,CBDDTY010001052.1,299,1,1,0,0,0,0
USNM_50368,CBDDTY010002699.1,299,1.1103678929765886,1,0.31387307491022426,0,0,0
USNM_50368,CBDDTY010001818.1,298,1,1,0,0,0,0
USNM_50368,CBDDTY010001856.1,298,1,1,0,3.8461538461538463,0,0
USNM_50368,CBDDTY010002389.1,298,1.1006711409395973,1,0.30139890327436525,0,0,0
USNM_50368,CBDDTY010002257.1,297,1,1,0,0,0,0
USNM_50368,CBDDTY010003484.1,297,1,1,0,42.857142857142854,0,0
USNM_50368,CBDDTY010004085.1,297,1.1582491582491583,1,0.36559045892416786,0,0,0
USNM_50368,CBDDTY010001913.1,296,1,1,0,0,0,0
USNM_50368,CBDDTY010003787.1,296,1.152027027027027,1,0.35965512569203734,0,0,0
USNM_50368,CBDDTY010004533.1,296,1.2804054054054055,1,0.4499580068969576,18.181818181818183,0,0
USNM_50368,CBDDTY010001114.1,295,1,1,0,0,0,0
USNM_50368,CBDDTY010001259.1,295,1.0949152542372882,1,0.2935958910058115,12.5,0,0
USNM_50368,CBDDTY010002982.1,295,1,1,0,0,0,0
USNM_50368,CBDDTY010003165.1,295,1,1,0,0,0,0
USNM_50368,CBDDTY010004532.1,295,1.1559322033898305,1,0.3634075252407291,0,0,0
USNM_50368,CBDDTY010002107.1,294,1.3741496598639455,1,0.4986108258777358,0,0,0
USNM_50368,CBDDTY010002546.1,294,1,1,0,0,0,0
USNM_50368,CBDDTY010002666.1,294,1,1,0,0,0,0
USNM_50368,CBDDTY010003805.1,294,1.0782312925170068,1,0.26899306785356475,0,0,0
USNM_50368,CBDDTY010000396.1,293,1,1,0,0,0,0
USNM_50368,CBDDTY010002464.1,292,1.2602739726027397,1,0.43953731562728293,0,0,0
USNM_50368,CBDDTY010002912.1,292,1,1,0,0,0,0
USNM_50368,CBDDTY010003372.1,292,1.1232876712328768,1,0.32933153078177435,0,0,0
USNM_50368,CBDDTY010003519.1,292,1,1,0,0,0,0
USNM_50368,CBDDTY010003894.1,292,1.1952054794520548,1,0.39703924720192296,0,0,0
USNM_50368,CBDDTY010004786.1,292,1.7808219178082192,2,0.9415433019694818,0,0,0
USNM_50368,CBDDTY010000966.1,291,1,1,0,0,0,0
USNM_50368,CBDDTY010003496.1,291,1,1,0,0,0,0
USNM_50368,CBDDTY010003509.1,291,1.1030927835051547,1,0.30460384954008574,14,0,0
USNM_50368,CBDDTY010000243.1,290,1,1,0,0,0,0
USNM_50368,CBDDTY010001650.1,290,1,1,0,4.166666666666667,0,0
USNM_50368,CBDDTY010001670.1,290,1.0862068965517242,1,0.2811544883494749,7.6923076923076925,0,0
USNM_50368,CBDDTY010002849.1,290,1,1,0,0,0,0
USNM_50368,CBDDTY010003013.1,290,1.2310344827586206,1,0.4222230246491174,0,0,0
USNM_50368,CBDDTY010003267.1,290,1,1,0,0,0,0
USNM_50368,CBDDTY010003497.1,290,1,1,0,0,0,0
USNM_50368,CBDDTY010001666.1,289,1,1,0,33.333333333333336,0,0
USNM_50368,CBDDTY010002199.1,289,1,1,0,0,0,0
USNM_50368,CBDDTY010003157.1,289,1,1,0,0,0,0
USNM_50368,CBDDTY010003225.1,289,1,1,0,0,0,0
USNM_50368,CBDDTY010004050.1,289,1,1,0,0,0,0
USNM_50368,CBDDTY010001101.1,288,1,1,0,0,0,0
USNM_50368,CBDDTY010003088.1,288,1.2847222222222223,1,0.45206756062017917,17.391304347826086,0,0
USNM_50368,CBDDTY010003742.1,288,1.1388888888888888,1,0.34643251271949693,0,0,0
USNM_50368,CBDDTY010001916.1,287,1.156794425087108,1,0.36424196057420066,4.761904761904762,0,0
USNM_50368,CBDDTY010002041.1,287,1,1,0,0,0,0
USNM_50368,CBDDTY010003422.1,287,1.1881533101045296,1,0.39151722650681964,0,0,0
USNM_50368,CBDDTY010003457.1,287,1,1,0,0,0,0
USNM_50368,CBDDTY010003601.1,287,1,1,0,0,0,0
USNM_50368,CBDDTY010003713.1,287,1,1,0,0,0,0
USNM_50368,CBDDTY010004466.1,287,1.0940766550522647,1,0.2924452630248869,0,0,0
USNM_50368,CBDDTY010005426.1,287,1.1637630662020906,1,0.3707068276383622,5,0,0
USNM_50368,CBDDTY010001751.1,286,1,1,0,4.761904761904762,0,0
USNM_50368,CBDDTY010002541.1,286,1.1223776223776223,1,0.3282958828946156,0,0,0
USNM_50368,CBDDTY010001979.1,285,1,1,0,0,0,0
USNM_50368,CBDDTY010003118.1,285,1,1,0,0,0,0
USNM_50368,CBDDTY010003260.1,285,1,1,0,0,0,0
USNM_50368,CBDDTY010003270.1,285,1.168421052631579,1,0.3748980587903911,0,0,0
USNM_50368,CBDDTY010004680.1,285,1.2842105263157895,1,0.45183096742946155,2.6315789473684212,0,0
USNM_50368,CBDDTY010000968.1,284,1,1,0,0,0,0
USNM_50368,CBDDTY010001826.1,284,1,1,0,0,0,0
USNM_50368,CBDDTY010002177.1,284,1.0070422535211268,1,0.08376973936372395,40,0,0
USNM_50368,CBDDTY010002802.1,284,1,1,0,0,0,0
USNM_50368,CBDDTY010002848.1,284,1,1,0,0,0,0
USNM_50368,CBDDTY010002456.1,283,1,1,0,3.3333333333333335,0,0
USNM_50368,CBDDTY010002853.1,283,1,1,0,0,0,0
USNM_50368,CBDDTY010003223.1,283,1,1,0,0,0,0
USNM_50368,CBDDTY010003485.1,283,1,1,0,0,0,0
USNM_50368,CBDDTY010003490.1,283,1,1,0,0,0,0
USNM_50368,CBDDTY010002409.1,282,1.070921985815603,1,0.25715082938281625,0,0,0
USNM_50368,CBDDTY010002489.1,282,1,1,0,0,0,0
USNM_50368,CBDDTY010002682.1,282,1.148936170212766,1,0.35665847800467537,0,0,0
USNM_50368,CBDDTY010002977.1,282,1,1,0,6.666666666666667,0,0
USNM_50368,CBDDTY010003112.1,282,1.1347517730496455,1,0.34206528181812734,0,0,0
USNM_50368,CBDDTY010003320.1,282,1,1,0,0,0,0
USNM_50368,CBDDTY010002010.1,281,1.1281138790035588,1,0.3348128494071186,6.25,0,0
USNM_50368,CBDDTY010002540.1,281,1,1,0,0,0,0
USNM_50368,CBDDTY010003174.1,281,1,1,0,0,0,0
USNM_50368,CBDDTY010003870.1,281,1.1245551601423487,1,0.3308029700323236,0,0,0
USNM_50368,CBDDTY010002986.1,280,1,1,0,5,0,0
USNM_50368,CBDDTY010003217.1,280,1,1,0,0,0,0
USNM_50368,CBDDTY010000283.1,279,1,1,0,5.405405405405405,0,0
USNM_50368,CBDDTY010001691.1,279,1.075268817204301,1,0.2642986840372985,0,0,0
USNM_50368,CBDDTY010002106.1,279,1.0788530465949822,1,0.2699935582425689,0,0,0
USNM_50368,CBDDTY010002483.1,279,1,1,0,0,0,0
USNM_50368,CBDDTY010003242.1,279,1.086021505376344,1,0.2808996586699442,11.11111111111111,0,0
USNM_50368,CBDDTY010003243.1,279,1,1,0,3.225806451612903,0,0
USNM_50368,CBDDTY010003936.1,279,1,1,0,0,0,0
USNM_50368,CBDDTY010001399.1,278,1.0467625899280575,1,0.21151069419272633,0,0,0
USNM_50368,CBDDTY010002153.1,278,1,1,0,0,0,0
USNM_50368,CBDDTY010002923.1,278,1.118705035971223,1,0.3240244108386169,0,0,0
USNM_50368,CBDDTY010003467.1,278,1.1258992805755397,1,0.33233407781547003,0,0,0
USNM_50368,CBDDTY010002027.1,277,1,1,0,0,0,0
USNM_50368,CBDDTY010002064.1,277,1,1,0,0,0,0
USNM_50368,CBDDTY010003183.1,277,1.075812274368231,1,0.2651766039794412,0,0,0
USNM_50368,CBDDTY010004201.1,277,1,1,0,0,0,0
USNM_50368,CBDDTY010001005.1,276,1.1268115942028984,1,0.33336626978253514,3.3333333333333335,0,0
USNM_50368,CBDDTY010001248.1,276,1.076086956521739,1,0.26561882403887427,0,0,0
USNM_50368,CBDDTY010001488.1,276,1.1775362318840579,1,0.3828159996546224,0,0,0
USNM_50368,CBDDTY010001524.1,276,1.2246376811594204,1,0.5594557867594216,0,0,0
USNM_50368,CBDDTY010002998.1,276,1,1,0,0,0,0
USNM_50368,CBDDTY010003086.1,276,1,1,0,0,0,0
USNM_50368,CBDDTY010003596.1,276,1,1,0,0,0,0
USNM_50368,CBDDTY010003665.1,276,1.039855072463768,1,0.19597397046916532,8.695652173913043,0,0
USNM_50368,CBDDTY010002683.1,275,1,1,0,0,0,0
USNM_50368,CBDDTY010000743.1,274,1.1131386861313868,1,0.31734187161417277,0,0,0
USNM_50368,CBDDTY010001994.1,274,1,1,0,11.11111111111111,0,0
USNM_50368,CBDDTY010003308.1,274,1,1,0,66.66666666666667,0,0
USNM_50368,CBDDTY010003440.1,274,1,1,0,0,0,0
USNM_50368,CBDDTY010003307.1,273,1,1,0,5,0,0
USNM_50368,CBDDTY010003759.1,273,1.0586080586080586,1,0.23532104995615488,0,0,0
USNM_50368,CBDDTY010000161.1,272,1,1,0,0,0,0
USNM_50368,CBDDTY010001244.1,272,1,1,0,0,0,0
USNM_50368,CBDDTY010002288.1,272,1,1,0,0,0,0
USNM_50368,CBDDTY010002479.1,272,1.0330882352941178,1,0.17919670984839695,0,0,0
USNM_50368,CBDDTY010002962.1,272,1,1,0,20.833333333333332,0,0
USNM_50368,CBDDTY010003788.1,272,1,1,0,0,0,0
USNM_50368,CBDDTY010003129.1,271,1,1,0,28.571428571428573,0,0
USNM_50368,CBDDTY010003650.1,271,1.1845018450184501,1,0.38861057222936585,0,0,0
USNM_50368,CBDDTY010002647.1,270,1,1,0,60,0,0
USNM_50368,CBDDTY010002658.1,270,1.0592592592592593,1,0.23654775331412953,0,0,0
USNM_50368,CBDDTY010003252.1,270,1,1,0,0,0,0
USNM_50368,CBDDTY010003401.1,270,1,1,0,31.25,0,0
USNM_50368,CBDDTY010004414.1,270,1.211111111111111,1,0.4088549004425179,19.444444444444443,0,0
USNM_50368,CBDDTY010002928.1,269,1,1,0,0,0,0
USNM_50368,CBDDTY010003082.1,269,1,1,0,10,0,0
USNM_50368,CBDDTY010003098.1,269,1.0817843866171004,1,0.27454673292771636,15,0,0
USNM_50368,CBDDTY010000514.1,268,1,1,0,21.73913043478261,0,0
USNM_50368,CBDDTY010003424.1,268,1,1,0,15,0,0
USNM_50368,CBDDTY010003577.1,268,1,1,0,0,0,0
USNM_50368,CBDDTY010001642.1,267,1.3146067415730338,1,0.6760484302953127,0,0,0
USNM_50368,CBDDTY010001688.1,267,1.0561797752808988,1,0.23070098613347284,28.571428571428573,0,0
USNM_50368,CBDDTY010002796.1,267,1,1,0,0,0,0
USNM_50368,CBDDTY010003790.1,267,1.0823970037453183,1,0.2754849853147098,0,0,0
USNM_50368,CBDDTY010003273.1,266,1,1,0,0,0,0
USNM_50368,CBDDTY010000037.1,265,1,1,0,0,0,0
USNM_50368,CBDDTY010004204.1,265,1.1245283018867924,1,0.3308080444368772,0,0,0
USNM_50368,CBDDTY010002261.1,264,1,1,0,0,0,0
USNM_50368,CBDDTY010002847.1,264,1,1,0,20,0,0
USNM_50368,CBDDTY010003381.1,264,1.0303030303030303,1,0.17174540975015906,0,0,0
USNM_50368,CBDDTY010000272.1,263,1,1,0,12.5,0,0
USNM_50368,CBDDTY010001389.1,263,1,1,0,8.333333333333334,0,0
USNM_50368,CBDDTY010001255.1,262,1.1564885496183206,1,0.3640132279692397,0,0,0
USNM_50368,CBDDTY010001231.1,261,1,1,0,0,0,0
USNM_50368,CBDDTY010001432.1,261,1,1,0,0,0,0
USNM_50368,CBDDTY010003026.1,261,1,1,0,0,0,0
USNM_50368,CBDDTY010003746.1,261,1,1,0,0,0,0
USNM_50368,CBDDTY010003976.1,261,1,1,0,0,0,0
USNM_50368,CBDDTY010002823.1,260,1.2461538461538462,1,0.43160003044321754,0,0,0
USNM_50368,CBDDTY010003608.1,260,1,1,0,0,0,0
USNM_50368,CBDDTY010004482.1,260,1.2153846153846153,1,0.5414782481307012,12.5,0,0
USNM_50368,CBDDTY010004511.1,260,1,1,0,0,0,0
USNM_50368,CBDDTY010003265.1,259,1,1,0,0,0,0
USNM_50368,CBDDTY010000728.1,258,1,1,0,0,0,0
USNM_50368,CBDDTY010001544.1,258,1,1,0,43.75,0,0
USNM_50368,CBDDTY010002123.1,258,1.0968992248062015,1,0.29639546211183165,0,0,0
USNM_50368,CBDDTY010003333.1,258,1,1,0,0,0,0
USNM_50368,CBDDTY010003455.1,258,1.0387596899224807,1,0.19339686320006155,0,0,0
USNM_50368,CBDDTY010004257.1,258,1,1,0,0,0,0
USNM_50368,CBDDTY010004734.1,258,1.0116279069767442,1,0.10741237092759395,10,0,0
USNM_50368,CBDDTY010002595.1,257,1,1,0,8.333333333333334,0,0
USNM_50368,CBDDTY010003427.1,257,1.1595330739299612,1,0.3668869459771016,0,0,0
USNM_50368,CBDDTY010003550.1,257,1.2879377431906616,1,0.4536854594418355,14.285714285714286,0,0
USNM_50368,CBDDTY010000003.1,256,1,1,0,0,0,0
USNM_50368,CBDDTY010001154.1,256,1,1,0,0,0,0
USNM_50368,CBDDTY010002925.1,256,1,1,0,0,0,0
USNM_50368,CBDDTY010002952.1,256,1.0859375,1,0.2808207508672517,0,0,0
USNM_50368,CBDDTY010003245.1,255,1.1372549019607843,1,0.3447929792625001,0,0,0
USNM_50368,CBDDTY010003261.1,255,1.1019607843137256,1,0.30319181065231054,25,0,0
USNM_50368,CBDDTY010000394.1,254,1,1,0,0,0,0
USNM_50368,CBDDTY010000882.1,254,1.1614173228346456,1,0.3686418281819015,1.3513513513513513,0,0
USNM_50368,CBDDTY010001406.1,254,1.062992125984252,1,0.24342845962934914,0,0,0
USNM_50368,CBDDTY010002392.1,254,1,1,0,0,0,0
USNM_50368,CBDDTY010002729.1,254,7.251968503937008,1,14.204307370946749,0,41,16.141732283464567
USNM_50368,CBDDTY010003719.1,254,1.0511811023622046,1,0.22080203847525373,0,0,0
USNM_50368,CBDDTY010000590.1,253,1,1,0,0,0,0
USNM_50368,CBDDTY010001674.1,253,1,1,0,0,0,0
USNM_50368,CBDDTY010003520.1,253,1,1,0,88.88888888888889,0,0
USNM_50368,CBDDTY010002118.1,252,1,1,0,16.666666666666668,0,0
USNM_50368,CBDDTY010002293.1,252,1,1,0,0,0,0
USNM_50368,CBDDTY010001006.1,251,1.1792828685258965,1,0.38435541321196276,18.75,0,0
USNM_50368,CBDDTY010001421.1,251,1,1,0,20,0,0
USNM_50368,CBDDTY010003355.1,251,1.0278884462151394,1,0.16498219148131138,0,0,0
USNM_50368,CBDDTY010003506.1,251,1.1115537848605577,1,0.31544567851789873,40,0,0
USNM_50368,CBDDTY010003531.1,251,1,1,0,3.4482758620689653,0,0
USNM_50368,CBDDTY010003921.1,251,1,1,0,4.761904761904762,0,0
USNM_50368,CBDDTY010002605.1,250,1,1,0,0,0,0
USNM_50368,CBDDTY010003311.1,250,1,1,0,0,0,0
USNM_50368,CBDDTY010005400.1,250,1.372,1,0.5006180918580374,0,0,0
USNM_50368,CBDDTY010001333.1,249,1.5502008032128514,1,1.0192155624504995,0,0,0
USNM_50368,CBDDTY010002361.1,249,1.1526104417670682,1,0.36033588280785606,0,0,0
USNM_50368,CBDDTY010002684.1,249,1,1,0,0,0,0
USNM_50368,CBDDTY010003491.1,249,1.0843373493975903,1,0.2784527792151183,37.5,0,0
USNM_50368,CBDDTY010005108.1,249,1,1,0,26.666666666666668,0,0
USNM_50368,CBDDTY010001893.1,248,1.0725806451612903,1,0.25997156794944365,0,0,0
USNM_50368,CBDDTY010004062.1,248,1,1,0,0,0,0
USNM_50368,CBDDTY010003100.1,247,1.165991902834008,1,0.3728288474993121,0,0,0
USNM_50368,CBDDTY010002452.1,246,1,1,0,0,0,0
USNM_50368,CBDDTY010002758.1,246,1,1,0,0,0,0
USNM_50368,CBDDTY010005318.1,246,1.5934959349593496,1,0.7962913872777952,0,0,0
USNM_50368,CBDDTY010001820.1,245,1,1,0,0,0,0
USNM_50368,CBDDTY010002297.1,245,1,1,0,14.285714285714286,0,0
USNM_50368,CBDDTY010003661.1,245,1,1,0,0,0,0
USNM_50368,CBDDTY010004531.1,245,1.1428571428571428,1,0.35064343665913833,0,0,0
USNM_50368,CBDDTY010001664.1,244,1,1,0,0,0,0
USNM_50368,CBDDTY010002100.1,244,1,1,0,0,0,0
USNM_50368,CBDDTY010002768.1,244,1,1,0,6.25,0,0
USNM_50368,CBDDTY010003978.1,244,1.2991803278688525,1,0.517829579611748,5.555555555555555,0,0
USNM_50368,CBDDTY010002586.1,243,1,1,0,5.555555555555555,0,0
USNM_50368,CBDDTY010001020.1,242,1,1,0,35.714285714285715,0,0
USNM_50368,CBDDTY010002011.1,242,1,1,0,0,0,0
USNM_50368,CBDDTY010002890.1,242,1,1,0,0,0,0
USNM_50368,CBDDTY010000150.1,241,1,1,0,0,0,0
USNM_50368,CBDDTY010000460.1,241,1,1,0,0,0,0
USNM_50368,CBDDTY010001155.1,241,1,1,0,0,0,0
USNM_50368,CBDDTY010002516.1,241,1,1,0,0,0,0
USNM_50368,CBDDTY010002714.1,241,1,1,0,0,0,0
USNM_50368,CBDDTY010003369.1,241,1.1908713692946058,1,0.3938057738935111,0,0,0
USNM_50368,CBDDTY010003607.1,241,1.2033195020746887,1,0.4033058413409742,0,0,0
USNM_50368,CBDDTY010001103.1,240,1,1,0,16,0,0
USNM_50368,CBDDTY010001569.1,240,1,1,0,0,0,0
USNM_50368,CBDDTY010001841.1,240,1.075,1,0.2639417965509199,0,0,0
USNM_50368,CBDDTY010002448.1,240,1,1,0,10,0,0
USNM_50368,CBDDTY010003193.1,240,1,1,0,14.285714285714286,0,0
USNM_50368,CBDDTY010003414.1,240,1,1,0,0,0,0
USNM_50368,CBDDTY010001500.1,238,1,1,0,12.5,0,0
USNM_50368,CBDDTY010002246.1,238,1,1,0,36.36363636363637,0,0
USNM_50368,CBDDTY010002558.1,238,1,1,0,0,0,0
USNM_50368,CBDDTY010002587.1,238,1,1,0,0,0,0
USNM_50368,CBDDTY010002882.1,238,1,1,0,0,0,0
USNM_50368,CBDDTY010003341.1,238,1,1,0,0,0,0
USNM_50368,CBDDTY010002880.1,237,1.0042194092827004,1,0.06495698024616309,0,0,0
USNM_50368,CBDDTY010002954.1,237,1,1,0,0,0,0
USNM_50368,CBDDTY010001002.1,236,1,1,0,0,0,0
USNM_50368,CBDDTY010002656.1,236,1,1,0,0,0,0
USNM_50368,CBDDTY010002971.1,236,1,1,0,10.526315789473685,0,0
USNM_50368,CBDDTY010004548.1,236,1,1,0,0,0,0
USNM_50368,CBDDTY010001269.1,235,1,1,0,0,0,0
USNM_50368,CBDDTY010003232.1,235,1.9574468085106382,1,1.5015298012205571,5,0,0
USNM_50368,CBDDTY010000749.1,234,1,1,0,0,0,0
USNM_50368,CBDDTY010001175.1,234,1,1,0,0,0,0
USNM_50368,CBDDTY010002496.1,234,1,1,0,0,0,0
USNM_50368,CBDDTY010002675.1,234,1,1,0,23.076923076923077,0,0
USNM_50368,CBDDTY010003145.1,234,1,1,0,0,0,0
USNM_50368,CBDDTY010003216.1,234,1,1,0,13.043478260869565,0,0
USNM_50368,CBDDTY010003621.1,234,1,1,0,6.25,0,0
USNM_50368,CBDDTY010000144.1,233,1,1,0,0,0,0
USNM_50368,CBDDTY010002868.1,233,1,1,0,0,0,0
USNM_50368,CBDDTY010003043.1,233,1,1,0,12.5,0,0
USNM_50368,CBDDTY010003296.1,233,1,1,0,0,0,0
USNM_50368,CBDDTY010003660.1,233,1,1,0,0,0,0
USNM_50368,CBDDTY010002239.1,232,1,1,0,0,0,0
USNM_50368,CBDDTY010002799.1,232,1,1,0,0,0,0
USNM_50368,CBDDTY010003429.1,232,1,1,0,6.25,0,0
USNM_50368,CBDDTY010003528.1,232,1.1336206896551724,1,0.3409799896420886,8.904109589041095,0,0
USNM_50368,CBDDTY010003968.1,232,1.081896551724138,1,0.27479993129391456,35.714285714285715,0,0
USNM_50368,CBDDTY010002195.1,231,1,1,0,0,0,0
USNM_50368,CBDDTY010002663.1,231,1,1,0,0,0,0
USNM_50368,CBDDTY010003647.1,231,1,1,0,0,0,0
USNM_50368,CBDDTY010004004.1,231,1,1,0,0,0,0
USNM_50368,CBDDTY010001287.1,230,1,1,0,0,0,0
USNM_50368,CBDDTY010002149.1,230,1,1,0,0,0,0
USNM_50368,CBDDTY010002733.1,229,1.222707423580786,1,0.4169749108810959,0,0,0
USNM_50368,CBDDTY010002886.1,229,1.1310043668122272,1,0.33814424537850957,0,0,0
USNM_50368,CBDDTY010003244.1,229,1,1,0,0,0,0
USNM_50368,CBDDTY010003347.1,229,1,1,0,0,0,0
USNM_50368,CBDDTY010003668.1,229,1.0655021834061136,1,0.24795184918196456,28.571428571428573,0,0
USNM_50368,CBDDTY010003828.1,229,1.2008733624454149,1,0.4015311993706471,0,0,0
USNM_50368,CBDDTY010003838.1,229,1.1441048034934498,1,0.3519652936234221,5.769230769230769,0,0
USNM_50368,CBDDTY010003928.1,229,1,1,0,0,0,0
USNM_50368,CBDDTY010004034.1,229,1.296943231441048,1,0.45791221608556065,0,0,0
USNM_50368,CBDDTY010000646.1,228,1,1,0,6.25,0,0
USNM_50368,CBDDTY010003463.1,227,1,1,0,0,0,0
USNM_50368,CBDDTY010004092.1,227,1.4096916299559472,1,0.5440697118842487,14.583124999999999,0,0
USNM_50368,CBDDTY010004203.1,227,1.4008810572687225,1,0.6467065090123009,8.888666666666667,0,0
USNM_50368,CBDDTY010002094.1,226,1,1,0,0,0,0
USNM_50368,CBDDTY010002924.1,226,1.084070796460177,1,0.27810992924266986,0,0,0
USNM_50368,CBDDTY010002260.1,225,1,1,0,0,0,0
USNM_50368,CBDDTY010002657.1,225,1.1288888888888888,1,0.3358240279934981,3.8461538461538463,0,0
USNM_50368,CBDDTY010003600.1,225,1.1866666666666668,1,0.3905124837953327,0,0,0
USNM_50368,CBDDTY010001334.1,224,1,1,0,0,0,0
USNM_50368,CBDDTY010001899.1,224,1,1,0,0,0,0
USNM_50368,CBDDTY010002223.1,224,1,1,0,55.55555555555556,0,0
USNM_50368,CBDDTY010002956.1,224,1.1696428571428572,1,0.37615932263146484,0,0,0
USNM_50368,CBDDTY010003325.1,224,1,1,0,0,0,0
USNM_50368,CBDDTY010003538.1,224,1,1,0,0,0,0
USNM_50368,CBDDTY010003570.1,224,1,1,0,4,0,0
USNM_50368,CBDDTY010003632.1,224,1,1,0,0,0,0
USNM_50368,CBDDTY010003811.1,224,1.0401785714285714,1,0.19681765088576833,0,0,0
USNM_50368,CBDDTY010003865.1,224,1.1294642857142858,1,0.3364649763840507,60,0,0
USNM_50368,CBDDTY010000674.1,223,1,1,0,0,0,0
USNM_50368,CBDDTY010003958.1,223,1,1,0,0,0,0
USNM_50368,CBDDTY010004475.1,223,1,1,0,0,0,0
USNM_50368,CBDDTY010004916.1,223,1.1210762331838564,1,0.3269497420123824,0,0,0
USNM_50368,CBDDTY010000802.1,222,1,1,0,0,0,0
USNM_50368,CBDDTY010002454.1,222,1,1,0,0,0,0
USNM_50368,CBDDTY010004294.1,222,1.0225225225225225,1,0.1487107092850126,0,0,0
USNM_50368,CBDDTY010003800.1,221,1,1,0,37.5,0,0
USNM_50368,CBDDTY010005345.1,221,1.579185520361991,1,0.9859565115655345,0,0,0
USNM_50368,CBDDTY010000324.1,220,1,1,0,0,0,0
USNM_50368,CBDDTY010001839.1,220,1.0272727272727273,1,0.16324846788408345,4.545454545454546,0,0
USNM_50368,CBDDTY010002603.1,220,1.1590909090909092,1,0.36659495883593196,0,0,0
USNM_50368,CBDDTY010003123.1,220,1.1363636363636365,1,0.34395690308970905,0,0,0
USNM_50368,CBDDTY010003230.1,220,1.8272727272727274,1,1.1009260602421862,32.737857142857145,0,0
USNM_50368,CBDDTY010003452.1,220,1,1,0,0,0,0
USNM_50368,CBDDTY010003592.1,219,1.1278538812785388,1,0.334692048818322,0,0,0
USNM_50368,CBDDTY010001602.1,218,1,1,0,0,0,0
USNM_50368,CBDDTY010002705.1,218,1,1,0,0,0,0
USNM_50368,CBDDTY010005036.1,218,1,1,0,50,0,0
USNM_50368,CBDDTY010002113.1,217,1.23963133640553,1,0.4278454339008187,0,0,0
USNM_50368,CBDDTY010000183.1,216,1,1,0,9.523809523809524,0,0
USNM_50368,CBDDTY010000252.1,216,1,1,0,0,0,0
USNM_50368,CBDDTY010003449.1,216,1,1,0,0,0,0
USNM_50368,CBDDTY010003749.1,216,1.0740740740740742,1,0.2624997436527193,68.75,0,0
USNM_50368,CBDDTY010002147.1,215,1,1,0,0,0,0
USNM_50368,CBDDTY010004376.1,215,1.2465116279069768,1,0.4319856550541594,0,0,0
USNM_50368,CBDDTY010003853.1,214,1,1,0,30,0,0
USNM_50368,CBDDTY010002441.1,213,1,1,0,0,0,0
USNM_50368,CBDDTY010003405.1,213,1,1,0,33.333333333333336,0,0
USNM_50368,CBDDTY010004580.1,213,1,1,0,0,0,0
USNM_50368,CBDDTY010000199.1,212,1,1,0,13.043478260869565,0,0
USNM_50368,CBDDTY010000759.1,212,1,1,0,8.333333333333334,0,0
USNM_50368,CBDDTY010001807.1,212,1,1,0,0,0,0
USNM_50368,CBDDTY010002864.1,212,1,1,0,0,0,0
USNM_50368,CBDDTY010003345.1,212,1,1,0,0,0,0
USNM_50368,CBDDTY010003858.1,212,1.0377358490566038,1,0.19100771934907357,0,0,0
USNM_50368,CBDDTY010002001.1,211,1.132701421800948,1,0.3400585397053576,0,0,0
USNM_50368,CBDDTY010002158.1,211,1,1,0,12.5,0,0
USNM_50368,CBDDTY010002207.1,211,1,1,0,7.142857142857143,0,0
USNM_50368,CBDDTY010003044.1,211,1.2796208530805686,1,0.6114088713324585,0,0,0
USNM_50368,CBDDTY010003375.1,211,1,1,0,0,0,0
USNM_50368,CBDDTY010004685.1,211,1.3601895734597156,1,0.48119688286734125,25,0,0
USNM_50368,CBDDTY010001895.1,210,1,1,0,0,0,0
USNM_50368,CBDDTY010002939.1,210,1,1,0,7.142857142857143,0,0
USNM_50368,CBDDTY010003228.1,210,1.1523809523809523,1,0.3602485155235031,0,0,0
USNM_50368,CBDDTY010003282.1,210,1,1,0,0,0,0
USNM_50368,CBDDTY010003284.1,210,1,1,0,20,0,0
USNM_50368,CBDDTY010003350.1,210,1,1,0,29.166666666666668,0,0
USNM_50368,CBDDTY010001525.1,209,1.0574162679425838,1,0.23319483419582898,0,0,0
USNM_50368,CBDDTY010002606.1,209,1,1,0,0,0,0
USNM_50368,CBDDTY010003581.1,209,1.0430622009569377,1,0.20348455090889342,10,0,0
USNM_50368,CBDDTY010000372.1,208,1.1057692307692308,1,0.3082839907488912,0,0,0
USNM_50368,CBDDTY010000918.1,208,1,1,0,25,0,0
USNM_50368,CBDDTY010001292.1,208,1,1,0,0,0,0
USNM_50368,CBDDTY010004215.1,208,1.1538461538461537,1,0.36167166280475566,0,0,0
USNM_50368,CBDDTY010004863.1,208,1.1826923076923077,1,0.38734630617410837,100,0,0
USNM_50368,CBDDTY010001466.1,207,1,1,0,0,0,0
USNM_50368,CBDDTY010002762.1,207,1,1,0,25,0,0
USNM_50368,CBDDTY010003017.1,207,1,1,0,6.666666666666667,0,0
USNM_50368,CBDDTY010003634.1,207,1,1,0,0,0,0
USNM_50368,CBDDTY010001185.1,206,1,1,0,0,0,0
USNM_50368,CBDDTY010002365.1,206,1,1,0,0,0,0
USNM_50368,CBDDTY010003226.1,206,1,1,0,0,0,0
USNM_50368,CBDDTY010003335.1,206,1,1,0,0,0,0
USNM_50368,CBDDTY010003397.1,206,1.2475728155339805,1,0.43265367441997676,0,0,0
USNM_50368,CBDDTY010003478.1,206,1,1,0,0,0,0
USNM_50368,CBDDTY010003540.1,206,1,1,0,0,0,0
USNM_50368,CBDDTY010003798.1,206,1.1796116504854368,1,0.3847987686459105,0,0,0
USNM_50368,CBDDTY010001428.1,203,1,1,0,0,0,0
USNM_50368,CBDDTY010001736.1,203,1,1,0,0,0,0
USNM_50368,CBDDTY010004745.1,203,1.3842364532019704,1,0.4876167372301344,0,0,0
USNM_50368,CBDDTY010003171.1,202,1,1,0,0,0,0
USNM_50368,CBDDTY010003836.1,202,1,1,0,0,0,0
USNM_50368,CBDDTY010003444.1,201,1,1,0,11.11111111111111,0,0
USNM_50368,CBDDTY010003546.1,201,1.199004975124378,1,0.4002486789174005,0,0,0
USNM_50368,CBDDTY010004021.1,201,1.164179104477612,1,0.3713629595977418,0,0,0
USNM_50368,CBDDTY010003595.1,200,1,1,0,0,0,0
USNM_50368,CBDDTY010004065.1,200,1,1,0,0,0,0
USNM_50368,CBDDTY010003674.1,199,1,1,0,0,0,0
USNM_50368,CBDDTY010005121.1,199,1.2261306532663316,1,0.41937977655691105,0,0,0
USNM_50368,CBDDTY010000427.1,198,1,1,0,0,0,0
USNM_50368,CBDDTY010002436.1,198,1,1,0,0,0,0
USNM_50368,CBDDTY010003991.1,198,1,1,0,0,0,0
USNM_50368,CBDDTY010002326.1,197,1.416243654822335,1,0.734944188858987,0,0,0
USNM_50368,CBDDTY010002335.1,197,1,1,0,0,0,0
USNM_50368,CBDDTY010002838.1,197,1.2233502538071066,1,0.417552323694761,2.9411764705882355,0,0
USNM_50368,CBDDTY010003278.1,196,1,1,0,0,0,0
USNM_50368,CBDDTY010000598.1,195,1,1,0,0,0,0
USNM_50368,CBDDTY010002465.1,195,1,1,0,0,0,0
USNM_50368,CBDDTY010003153.1,195,1,1,0,0,0,0
USNM_50368,CBDDTY010003321.1,195,1.2153846153846153,1,0.41214704458485657,0,0,0
USNM_50368,CBDDTY010005543.1,195,1,1,0,0,0,0
USNM_50368,CBDDTY010002423.1,194,1.1237113402061856,1,0.33010382912872793,28.571428571428573,0,0
USNM_50368,CBDDTY010003527.1,194,1,1,0,0,0,0
USNM_50368,CBDDTY010003904.1,194,1.422680412371134,1,0.4952636090126795,16.666666666666668,0,0
USNM_50368,CBDDTY010004600.1,194,1,1,0,0,0,0
USNM_50368,CBDDTY010000812.1,193,1,1,0,0,0,0
USNM_50368,CBDDTY010001948.1,193,1,1,0,0,0,0
USNM_50368,CBDDTY010004547.1,193,1,1,0,0,0,0
USNM_50368,CBDDTY010005116.1,193,1,1,0,0,0,0
USNM_50368,CBDDTY010005385.1,193,1.2901554404145077,1,0.45501428169428765,100,0,0
USNM_50368,CBDDTY010003698.1,192,1.2395833333333333,1,0.42794508789656566,0,0,0
USNM_50368,CBDDTY010002734.1,191,1,1,0,0,0,0
USNM_50368,CBDDTY010002992.1,191,1,1,0,0,0,0
USNM_50368,CBDDTY010004309.1,191,1,1,0,0,0,0
USNM_50368,CBDDTY010001344.1,190,1.131578947368421,1,0.3389255222129955,0,0,0
USNM_50368,CBDDTY010002053.1,190,1,1,0,60,0,0
USNM_50368,CBDDTY010003358.1,190,1,1,0,50,0,0
USNM_50368,CBDDTY010003669.1,190,1.3631578947368421,1,0.7124817096442231,0,0,0
USNM_50368,CBDDTY010005148.1,190,1.1368421052631579,1,0.34458859193053115,0,0,0
USNM_50368,CBDDTY010005382.1,190,1,1,0,0,0,0
USNM_50368,CBDDTY010001306.1,189,1,1,0,0,0,0
USNM_50368,CBDDTY010003058.1,189,1.1481481481481481,1,0.35619033170970166,0,0,0
USNM_50368,CBDDTY010003339.1,189,1.037037037037037,1,0.18935417592466855,5.555555555555555,0,0
USNM_50368,CBDDTY010003522.1,189,1.08994708994709,1,0.28686585447248897,0,0,0
USNM_50368,CBDDTY010003523.1,189,1,1,0,0,0,0
USNM_50368,CBDDTY010003987.1,189,1,1,0,42.10526315789474,0,0
USNM_50368,CBDDTY010005058.1,189,1.1746031746031746,1,0.38063563326233296,9.375,0,0
USNM_50368,CBDDTY010002043.1,188,1,1,0,0,0,0
USNM_50368,CBDDTY010002565.1,188,1,1,0,0,0,0
USNM_50368,CBDDTY010001654.1,187,1.2406417112299466,1,0.4286207123145275,0,0,0
USNM_50368,CBDDTY010002221.1,187,1.2192513368983957,1,0.4148499870543035,0,0,0
USNM_50368,CBDDTY010003269.1,186,1,1,0,7.6923076923076925,0,0
USNM_50368,CBDDTY010003548.1,186,1,1,0,0,0,0
USNM_50368,CBDDTY010004383.1,186,1,1,0,0,0,0
USNM_50368,CBDDTY010001275.1,185,1,1,0,0,0,0
USNM_50368,CBDDTY010003792.1,185,1.1189189189189188,1,0.3245714882715746,0,0,0
USNM_50368,CBDDTY010003488.1,184,1,1,0,0,0,0
USNM_50368,CBDDTY010003861.1,184,1,1,0,0,0,0
USNM_50368,CBDDTY010003914.1,184,1,1,0,0,0,0
USNM_50368,CBDDTY010001529.1,183,1.1584699453551912,1,0.36618295121712713,0,0,0
USNM_50368,CBDDTY010002039.1,183,1,1,0,0,0,0
USNM_50368,CBDDTY010003458.1,183,1,1,0,0,0,0
USNM_50368,CBDDTY010000345.1,182,1,1,0,0,0,0
USNM_50368,CBDDTY010000545.1,182,1,1,0,0,0,0
USNM_50368,CBDDTY010001190.1,182,1,1,0,0,0,0
USNM_50368,CBDDTY010001815.1,182,1,1,0,0,0,0
USNM_50368,CBDDTY010002764.1,182,1,1,0,0,0,0
USNM_50368,CBDDTY010003495.1,182,1,1,0,0,0,0
USNM_50368,CBDDTY010003912.1,182,1,1,0,15.384615384615385,0,0
USNM_50368,CBDDTY010001783.1,181,1,1,0,5.2631578947368425,0,0
USNM_50368,CBDDTY010002009.1,181,1,1,0,0,0,0
USNM_50368,CBDDTY010004866.1,181,1.132596685082873,1,0.3400790721615836,0,0,0
USNM_50368,CBDDTY010001069.1,180,1.1,1,0.300836821709194,0,0,0
USNM_50368,CBDDTY010002415.1,180,1,1,0,0,0,0
USNM_50368,CBDDTY010004009.1,180,1,1,0,0,0,0
USNM_50368,CBDDTY010003649.1,179,1,1,0,0,0,0
USNM_50368,CBDDTY010005355.1,179,1,1,0,0,0,0
USNM_50368,CBDDTY010002056.1,178,1,1,0,0,0,0
USNM_50368,CBDDTY010002985.1,178,1,1,0,0,0,0
USNM_50368,CBDDTY010003569.1,178,1,1,0,0,0,0
USNM_50368,CBDDTY010005151.1,178,1.6067415730337078,2,0.6309884189235098,0,0,0
USNM_50368,CBDDTY010000289.1,177,1,1,0,9.090909090909092,0,0
USNM_50368,CBDDTY010003814.1,177,1.384180790960452,1,0.48778084110294667,0,0,0
USNM_50368,CBDDTY010001477.1,176,1.1363636363636365,1,0.3441533937673119,0,0,0
USNM_50368,CBDDTY010001745.1,176,1,1,0,5.882352941176471,0,0
USNM_50368,CBDDTY010003362.1,176,1,1,0,25,0,0
USNM_50368,CBDDTY010003741.1,176,1,1,0,0,0,0
USNM_50368,CBDDTY010004504.1,176,1,1,0,0,0,0
USNM_50368,CBDDTY010004672.1,176,1.2272727272727273,1,0.42026584041934295,0,0,0
USNM_50368,CBDDTY010004809.1,176,1,1,0,0,0,0
USNM_50368,CBDDTY010001925.1,175,1,1,0,0,0,0
USNM_50368,CBDDTY010002119.1,175,1,1,0,0,0,0
USNM_50368,CBDDTY010002916.1,175,1,1,0,0,0,0
USNM_50368,CBDDTY010003368.1,175,1.1542857142857144,1,0.3622589227246115,0,0,0
USNM_50368,CBDDTY010003390.1,175,1,1,0,12.5,0,0
USNM_50368,CBDDTY010003489.1,175,1,1,0,0,0,0
USNM_50368,CBDDTY010004366.1,175,1,1,0,0,0,0
USNM_50368,CBDDTY010001522.1,174,1,1,0,0,0,0
USNM_50368,CBDDTY010003587.1,174,1,1,0,0,0,0
USNM_50368,CBDDTY010003704.1,174,1,1,0,0,0,0
USNM_50368,CBDDTY010004178.1,174,1.1264367816091954,1,0.3333001112937498,0,0,0
USNM_50368,CBDDTY010005476.1,174,1,1,0,20,0,0
USNM_50368,CBDDTY010001701.1,173,1,1,0,33.333333333333336,0,0
USNM_50368,CBDDTY010001877.1,173,1,1,0,0,0,0
USNM_50368,CBDDTY010002074.1,173,1,1,0,0,0,0
USNM_50368,CBDDTY010002775.1,173,1,1,0,0,0,0
USNM_50368,CBDDTY010003159.1,173,1,1,0,0,0,0
USNM_50368,CBDDTY010004026.1,173,1,1,0,0,0,0
USNM_50368,CBDDTY010004330.1,173,1.2080924855491328,1,0.4071217071343027,0,0,0
USNM_50368,CBDDTY010004378.1,173,1,1,0,0,0,0
USNM_50368,CBDDTY010000096.1,172,1,1,0,0,0,0
USNM_50368,CBDDTY010001437.1,172,1,1,0,0,0,0
USNM_50368,CBDDTY010003280.1,172,1,1,0,10,0,0
USNM_50368,CBDDTY010003408.1,172,1,1,0,0,0,0
USNM_50368,CBDDTY010003539.1,172,1,1,0,4.761904761904762,0,0
USNM_50368,CBDDTY010003578.1,172,1,1,0,0,0,0
USNM_50368,CBDDTY010003658.1,172,1.255813953488372,1,0.43759166823450274,0,0,0
USNM_50368,CBDDTY010003849.1,172,1,1,0,0,0,0
USNM_50368,CBDDTY010003886.1,172,1,1,0,0,0,0
USNM_50368,CBDDTY010005103.1,172,1,1,0,0,0,0
USNM_50368,CBDDTY010001495.1,171,1,1,0,0,0,0
USNM_50368,CBDDTY010002377.1,171,1,1,0,0,0,0
USNM_50368,CBDDTY010003889.1,171,1,1,0,0,0,0
USNM_50368,CBDDTY010004241.1,171,1.7076023391812865,2,0.7250968168988532,29.166666666666668,0,0
USNM_50368,CBDDTY010004558.1,171,1,1,0,0,0,0
USNM_50368,CBDDTY010004907.1,171,1,1,0,0,0,0
USNM_50368,CBDDTY010002240.1,170,1.1764705882352942,1,0.38234624749823726,0,0,0
USNM_50368,CBDDTY010002781.1,170,1,1,0,0,0,0
USNM_50368,CBDDTY010003377.1,170,1,1,0,0,0,0
USNM_50368,CBDDTY010003640.1,170,1,1,0,0,0,0
USNM_50368,CBDDTY010004320.1,170,1.011764705882353,1,0.10814384974689344,0,0,0
USNM_50368,CBDDTY010000127.1,169,1.2248520710059172,1,0.4187255415868884,0,0,0
USNM_50368,CBDDTY010000798.1,169,1.5029585798816567,1,1.2776664943924958,0,0,0
USNM_50368,CBDDTY010002738.1,169,1,1,0,0,0,0
USNM_50368,CBDDTY010002835.1,169,1,1,0,9.090909090909092,0,0
USNM_50368,CBDDTY010003189.1,169,1,1,0,0,0,0
USNM_50368,CBDDTY010003305.1,169,1,1,0,10,0,0
USNM_50368,CBDDTY010003881.1,169,1,1,0,90,0,0
USNM_50368,CBDDTY010004073.1,169,1,1,0,0,0,0
USNM_50368,CBDDTY010003574.1,168,1,1,0,0,0,0
USNM_50368,CBDDTY010003615.1,168,1,1,0,25,0,0
USNM_50368,CBDDTY010003152.1,167,1.2095808383233533,1,0.4082335636889556,0,0,0
USNM_50368,CBDDTY010003233.1,167,1,1,0,12.5,0,0
USNM_50368,CBDDTY010003585.1,167,1.0119760479041917,1,0.10910500922184507,0,0,0
USNM_50368,CBDDTY010003653.1,167,1,1,0,0,0,0
USNM_50368,CBDDTY010002739.1,166,1,1,0,17.647058823529413,0,0
USNM_50368,CBDDTY010003005.1,166,1,1,0,0,0,0
USNM_50368,CBDDTY010003248.1,166,1,1,0,0,0,0
USNM_50368,CBDDTY010003285.1,166,1,1,0,8.333333333333334,0,0
USNM_50368,CBDDTY010003824.1,166,1,1,0,9.090909090909092,0,0
USNM_50368,CBDDTY010005045.1,166,1.2228915662650603,1,0.4174454204802781,0,0,0
USNM_50368,CBDDTY010002863.1,165,1,1,0,0,0,0
USNM_50368,CBDDTY010003209.1,165,1,1,0,6.25,0,0
USNM_50368,CBDDTY010003785.1,165,1,1,0,0,0,0
USNM_50368,CBDDTY010005075.1,165,1.1515151515151516,1,0.3596417696999811,42.857142857142854,0,0
USNM_50368,CBDDTY010002636.1,164,1,1,0,50,0,0
USNM_50368,CBDDTY010002668.1,164,1,1,0,0,0,0
USNM_50368,CBDDTY010003007.1,164,1,1,0,0,0,0
USNM_50368,CBDDTY010003238.1,164,1,1,0,0,0,0
USNM_50368,CBDDTY010003572.1,164,1,1,0,21.428571428571427,0,0
USNM_50368,CBDDTY010003705.1,164,1,1,0,0,0,0
USNM_50368,CBDDTY010004089.1,164,1.103658536585366,1,0.30575065904998755,0,0,0
USNM_50368,CBDDTY010004550.1,164,1,1,0,0,0,0
USNM_50368,CBDDTY010004825.1,164,1.3597560975609757,1,0.6352352843844624,0,0,0
USNM_50368,CBDDTY010005201.1,164,1.1951219512195121,1,0.3975083250351406,0,0,0
USNM_50368,CBDDTY010003136.1,163,1,1,0,0,0,0
USNM_50368,CBDDTY010003981.1,163,1,1,0,0,0,0
USNM_50368,CBDDTY010002991.1,162,1,1,0,30,0,0
USNM_50368,CBDDTY010003262.1,162,1,1,0,10,0,0
USNM_50368,CBDDTY010003096.1,161,1,1,0,0,0,0
USNM_50368,CBDDTY010003684.1,161,1,1,0,0,0,0
USNM_50368,CBDDTY010001296.1,160,1,1,0,0,0,0
USNM_50368,CBDDTY010003250.1,160,1,1,0,0,0,0
USNM_50368,CBDDTY010004033.1,159,1,1,0,0,0,0
USNM_50368,CBDDTY010004130.1,159,1.1320754716981132,1,0.33964254380026,0,0,0
USNM_50368,CBDDTY010004632.1,159,1.1069182389937107,1,0.3099856053937176,100,0,0
USNM_50368,CBDDTY010005008.1,159,1.5471698113207548,2,0.5118607554862222,0,0,0
USNM_50368,CBDDTY010005332.1,159,1,1,0,0,0,0
USNM_50368,CBDDTY010003050.1,158,1,1,0,0,0,0
USNM_50368,CBDDTY010003851.1,158,1,1,0,0,0,0
USNM_50368,CBDDTY010004096.1,158,1,1,0,0,0,0
USNM_50368,CBDDTY010005472.1,158,1.0759493670886076,1,0.2657594285309555,0,0,0
USNM_50368,CBDDTY010001293.1,157,1,1,0,0,0,0
USNM_50368,CBDDTY010002265.1,157,1,1,0,0,0,0
USNM_50368,CBDDTY010002624.1,157,1,1,0,0,0,0
USNM_50368,CBDDTY010003348.1,157,1.3694267515923566,1,0.48419407271154774,0,0,0
USNM_50368,CBDDTY010004906.1,157,1.2420382165605095,1,0.429687929175175,5.882352941176471,0,0
USNM_50368,CBDDTY010005082.1,157,1,1,0,0,0,0
USNM_50368,CBDDTY010000147.1,156,1,1,0,0,0,0
USNM_50368,CBDDTY010002820.1,156,1,1,0,58.333333333333336,0,0
USNM_50368,CBDDTY010004451.1,156,1,1,0,0,0,0
USNM_50368,CBDDTY010005541.1,156,1.1666666666666667,1,0.373878250552983,0,0,0
USNM_50368,CBDDTY010001803.1,155,1,1,0,6.666666666666667,0,0
USNM_50368,CBDDTY010002187.1,155,1,1,0,0,0,0
USNM_50368,CBDDTY010002594.1,155,1,1,0,0,0,0
USNM_50368,CBDDTY010003155.1,155,1,1,0,0,0,0
USNM_50368,CBDDTY010000105.1,154,1,1,0,0,0,0
USNM_50368,CBDDTY010000167.1,154,1,1,0,0,0,0
USNM_50368,CBDDTY010002718.1,154,1,1,0,0,0,0
USNM_50368,CBDDTY010003589.1,154,1.2402597402597402,1,0.4286350856721987,0,0,0
USNM_50368,CBDDTY010004254.1,154,1.1818181818181819,1,0.38695299497594743,0,0,0
USNM_50368,CBDDTY010000066.1,153,1,1,0,0,0,0
USNM_50368,CBDDTY010002507.1,153,1,1,0,0,0,0
USNM_50368,CBDDTY010002875.1,153,1,1,0,0,0,0
USNM_50368,CBDDTY010003146.1,153,1,1,0,0,0,0
USNM_50368,CBDDTY010004288.1,153,1.261437908496732,1,0.4408610270056075,0,0,0
USNM_50368,CBDDTY010004994.1,153,1.0522875816993464,1,0.22333741505442453,NA,0,0
USNM_50368,CBDDTY010002527.1,152,1,1,0,33.333333333333336,0,0
USNM_50368,CBDDTY010003806.1,152,1,1,0,0,0,0
USNM_50368,CBDDTY010004103.1,152,1.0394736842105263,1,0.19536276148339063,0,0,0
USNM_50368,CBDDTY010004691.1,152,1,1,0,30,0,0
USNM_50368,CBDDTY010005107.1,152,1,1,0,0,0,0
USNM_50368,CBDDTY010005565.1,152,1,1,0,100,0,0
USNM_50368,CBDDTY010001825.1,151,1,1,0,25,0,0
USNM_50368,CBDDTY010001866.1,151,1.6887417218543046,2,0.5187861532921654,16.666666666666668,0,0
USNM_50368,CBDDTY010002143.1,151,1,1,0,16.666666666666668,0,0
USNM_50368,CBDDTY010002307.1,151,1,1,0,0,0,0
USNM_50368,CBDDTY010002713.1,151,1,1,0,16.666666666666668,0,0
USNM_50368,CBDDTY010004059.1,151,1.2251655629139073,1,0.4190813036546103,0,0,0
USNM_50368,CBDDTY010005336.1,151,1,1,0,0,0,0
USNM_50368,CBDDTY010000835.1,150,1.02,1,0.14046901303903675,0,0,0
USNM_50368,CBDDTY010003420.1,150,1.1933333333333334,1,0.3962350781246725,0,0,0
USNM_50368,CBDDTY010003472.1,150,1,1,0,42.857142857142854,0,0
USNM_50368,CBDDTY010003764.1,150,1.12,1,0.3260501875972697,0,0,0
USNM_50368,CBDDTY010002157.1,149,1,1,0,0,0,0
USNM_50368,CBDDTY010003324.1,149,1,1,0,0,0,0
USNM_50368,CBDDTY010003498.1,149,1,1,0,0,0,0
USNM_50368,CBDDTY010003717.1,149,1.2080536912751678,1,0.4072844776644668,0,0,0
USNM_50368,CBDDTY010003762.1,149,1,1,0,0,0,0
USNM_50368,CBDDTY010003797.1,149,1,1,0,0,0,0
USNM_50368,CBDDTY010003947.1,149,1,1,0,0,0,0
USNM_50368,CBDDTY010003972.1,149,1,1,0,12.5,0,0
USNM_50368,CBDDTY010004198.1,149,1,1,0,0,0,0
USNM_50368,CBDDTY010003715.1,148,1,1,0,0,0,0
USNM_50368,CBDDTY010003937.1,148,1.1689189189189189,1,0.37595255008012446,0,0,0
USNM_50368,CBDDTY010004151.1,148,1,1,0,0,0,0
USNM_50368,CBDDTY010004598.1,148,1.1891891891891893,1,0.39298874594592964,0,0,0
USNM_50368,CBDDTY010004966.1,148,1,1,0,0,0,0
USNM_50368,CBDDTY010003659.1,147,1,1,0,0,0,0
USNM_50368,CBDDTY010003962.1,146,1,1,0,0,0,0
USNM_50368,CBDDTY010004007.1,146,1.2054794520547945,1,0.4054424270396916,27.272727272727273,0,0
USNM_50368,CBDDTY010004395.1,146,1,1,0,13.333333333333334,0,0
USNM_50368,CBDDTY010000917.1,145,1,1,0,0,0,0
USNM_50368,CBDDTY010003432.1,145,1,1,0,0,0,0
USNM_50368,CBDDTY010003593.1,145,1,1,0,0,0,0
USNM_50368,CBDDTY010003998.1,145,1,1,0,0,0,0
USNM_50368,CBDDTY010000275.1,144,1,1,0,0,0,0
USNM_50368,CBDDTY010002284.1,144,1,1,0,55.55555555555556,0,0
USNM_50368,CBDDTY010002805.1,144,1,1,0,33.333333333333336,0,0
USNM_50368,CBDDTY010002908.1,144,1,1,0,0,0,0
USNM_50368,CBDDTY010003016.1,144,1,1,0,16.666666666666668,0,0
USNM_50368,CBDDTY010003625.1,144,1.1736111111111112,1,0.38009680605548635,0,0,0
USNM_50368,CBDDTY010003724.1,144,1,1,0,50,0,0
USNM_50368,CBDDTY010004036.1,144,1,1,0,0,0,0
USNM_50368,CBDDTY010005089.1,144,1,1,0,0,0,0
USNM_50368,CBDDTY010000781.1,143,1,1,0,30,0,0
USNM_50368,CBDDTY010001401.1,143,1.3006993006993006,1,0.46017395723248017,9.090909090909092,0,0
USNM_50368,CBDDTY010001515.1,143,1,1,0,0,0,0
USNM_50368,CBDDTY010002858.1,143,2.160839160839161,2,1.1606842909440798,0,0,0
USNM_50368,CBDDTY010003505.1,143,1,1,0,0,0,0
USNM_50368,CBDDTY010004368.1,143,1,1,0,0,0,0
USNM_50368,CBDDTY010003121.1,142,1,1,0,0,0,0
USNM_50368,CBDDTY010003418.1,142,1,1,0,8.333333333333334,0,0
USNM_50368,CBDDTY010003430.1,142,1,1,0,0,0,0
USNM_50368,CBDDTY010003438.1,142,1,1,0,0,0,0
USNM_50368,CBDDTY010004557.1,142,1,1,0,0,0,0
USNM_50368,CBDDTY010004660.1,142,1.1830985915492958,1,0.3881163514559851,14.285714285714286,0,0
USNM_50368,CBDDTY010000952.1,141,1,1,0,42.857142857142854,0,0
USNM_50368,CBDDTY010003103.1,141,1.1063829787234043,1,0.309426373877638,0,0,0
USNM_50368,CBDDTY010003933.1,141,1.1063829787234043,1,0.309426373877638,0,0,0
USNM_50368,CBDDTY010004161.1,141,1.0141843971631206,1,0.11867215360195857,0,0,0
USNM_50368,CBDDTY010005548.1,141,1,1,0,0,0,0
USNM_50368,CBDDTY010002468.1,140,1,1,0,0,0,0
USNM_50368,CBDDTY010002806.1,140,1,1,0,0,0,0
USNM_50368,CBDDTY010003071.1,140,1,1,0,71.42857142857143,0,0
USNM_50368,CBDDTY010003200.1,140,1,1,0,0,0,0
USNM_50368,CBDDTY010003421.1,140,1,1,0,0,0,0
USNM_50368,CBDDTY010003462.1,140,1,1,0,70,0,0
USNM_50368,CBDDTY010003839.1,140,1,1,0,0,0,0
USNM_50368,CBDDTY010004586.1,140,1,1,0,0,0,0
USNM_50368,CBDDTY010004945.1,140,1.4142857142857144,1,0.49436703642225677,0,0,0
USNM_50368,CBDDTY010003099.1,139,1,1,0,20,0,0
USNM_50368,CBDDTY010003511.1,139,1,1,0,0,0,0
USNM_50368,CBDDTY010003825.1,139,1,1,0,0,0,0
USNM_50368,CBDDTY010004408.1,139,1.2517985611510791,1,0.4356159254327926,0,0,0
USNM_50368,CBDDTY010000581.1,138,1.5072463768115942,1,0.7070693790135459,0,0,0
USNM_50368,CBDDTY010001137.1,138,1,1,0,0,0,0
USNM_50368,CBDDTY010001921.1,138,1,1,0,14.285714285714286,0,0
USNM_50368,CBDDTY010002958.1,138,1,1,0,0,0,0
USNM_50368,CBDDTY010003526.1,138,1.065217391304348,1,0.2478085480439607,0,0,0
USNM_50368,CBDDTY010003768.1,138,1,1,0,0,0,0
USNM_50368,CBDDTY010004150.1,138,1,1,0,0,0,0
USNM_50368,CBDDTY010004452.1,138,1.0724637681159421,1,0.260198721345969,0,0,0
USNM_50368,CBDDTY010000064.1,137,1,1,0,0,0,0
USNM_50368,CBDDTY010000092.1,137,1.1605839416058394,1,0.36849408651843435,0,0,0
USNM_50368,CBDDTY010003616.1,137,1,1,0,0,0,0
USNM_50368,CBDDTY010003627.1,137,1,1,0,0,0,0
USNM_50368,CBDDTY010003745.1,137,1,1,0,0,0,0
USNM_50368,CBDDTY010004534.1,137,1,1,0,0,0,0
USNM_50368,CBDDTY010004566.1,137,1,1,0,0,0,0
USNM_50368,CBDDTY010002242.1,136,1,1,0,11.11111111111111,0,0
USNM_50368,CBDDTY010002818.1,136,1,1,0,0,0,0
USNM_50368,CBDDTY010004676.1,136,1,1,0,0,0,0
USNM_50368,CBDDTY010005419.1,136,1,1,0,0,0,0
USNM_50368,CBDDTY010002063.1,135,1.2592592592592593,1,0.43986027230098984,22.22222222222222,0,0
USNM_50368,CBDDTY010003537.1,135,1,1,0,0,0,0
USNM_50368,CBDDTY010003770.1,135,1,1,0,0,0,0
USNM_50368,CBDDTY010004851.1,135,1.0444444444444445,1,0.206847938475928,0,0,0
USNM_50368,CBDDTY010004119.1,134,1.3134328358208955,1,0.46562934124148614,0,0,0
USNM_50368,CBDDTY010004186.1,134,1,1,0,0,0,0
USNM_50368,CBDDTY010004521.1,134,1,1,0,0,0,0
USNM_50368,CBDDTY010004621.1,134,1,1,0,0,0,0
USNM_50368,CBDDTY010004700.1,134,1,1,0,0,0,0
USNM_50368,CBDDTY010004999.1,134,1.1940298507462686,1,0.39693585664462605,20,0,0
USNM_50368,CBDDTY010002042.1,133,1.1353383458646618,1,0.34337793665594124,0,0,0
USNM_50368,CBDDTY010002079.1,133,1,1,0,0,0,0
USNM_50368,CBDDTY010002182.1,133,1,1,0,0,0,0
USNM_50368,CBDDTY010003960.1,133,1.4210526315789473,1,0.49559462778335206,0,0,0
USNM_50368,CBDDTY010004140.1,133,1,1,0,0,0,0
USNM_50368,CBDDTY010004980.1,133,1.150375939849624,1,0.35879091154125187,0,0,0
USNM_50368,CBDDTY010005136.1,133,1.3909774436090225,1,0.7368502424444096,0,0,0
USNM_50368,CBDDTY010001224.1,132,1,1,0,0,0,0
USNM_50368,CBDDTY010003392.1,132,1,1,0,0,0,0
USNM_50368,CBDDTY010003645.1,132,1,1,0,0,0,0
USNM_50368,CBDDTY010003864.1,132,1,1,0,0,0,0
USNM_50368,CBDDTY010003905.1,132,1,1,0,0,0,0
USNM_50368,CBDDTY010003920.1,132,1.4621212121212122,1,0.8140493732827456,0,0,0
USNM_50368,CBDDTY010003961.1,132,1,1,0,0,0,0
USNM_50368,CBDDTY010005028.1,132,1.0151515151515151,1,0.12262077609651319,100,0,0
USNM_50368,CBDDTY010001864.1,131,1,1,0,0,0,0
USNM_50368,CBDDTY010002181.1,131,1.0610687022900764,1,0.24037551362686657,NA,0,0
USNM_50368,CBDDTY010003425.1,131,1,1,0,0,0,0
USNM_50368,CBDDTY010003514.1,131,1,1,0,0,0,0
USNM_50368,CBDDTY010003747.1,131,1,1,0,0,0,0
USNM_50368,CBDDTY010003902.1,131,1,1,0,100,0,0
USNM_50368,CBDDTY010004247.1,131,1,1,0,100,0,0
USNM_50368,CBDDTY010004407.1,131,1.213740458015267,1,0.4115193908467322,0,0,0
USNM_50368,CBDDTY010004535.1,131,1,1,0,0,0,0
USNM_50368,CBDDTY010004658.1,131,1,1,0,0,0,0
USNM_50368,CBDDTY010004900.1,131,1,1,0,0,0,0
USNM_50368,CBDDTY010005375.1,131,1.633587786259542,2,0.4836735528182525,0,0,0
USNM_50368,CBDDTY010002725.1,130,1,1,0,0,0,0
USNM_50368,CBDDTY010003558.1,130,1,1,0,0,0,0
USNM_50368,CBDDTY010003847.1,130,1,1,0,0,0,0
USNM_50368,CBDDTY010004090.1,130,1,1,0,75,0,0
USNM_50368,CBDDTY010004422.1,130,1,1,0,0,0,0
USNM_50368,CBDDTY010004652.1,130,1,1,0,0,0,0
USNM_50368,CBDDTY010004689.1,130,1.3153846153846154,1,0.4664664363012492,0,0,0
USNM_50368,CBDDTY010004823.1,130,1,1,0,0,0,0
USNM_50368,CBDDTY010000465.1,129,1,1,0,0,0,0
USNM_50368,CBDDTY010003613.1,129,1,1,0,0,0,0
USNM_50368,CBDDTY010003712.1,129,1.1007751937984496,1,0.3022044330909872,22.22222222222222,0,0
USNM_50368,CBDDTY010003756.1,129,1.2868217054263567,1,0.45404085804605054,0,0,0
USNM_50368,CBDDTY010004314.1,129,1.2170542635658914,1,0.41384704885375373,0,0,0
USNM_50368,CBDDTY010004561.1,129,1,1,0,0,0,0
USNM_50368,CBDDTY010000169.1,128,1,1,0,0,0,0
USNM_50368,CBDDTY010002783.1,128,1,1,0,0,0,0
USNM_50368,CBDDTY010003641.1,128,1,1,0,0,0,0
USNM_50368,CBDDTY010003702.1,128,1,1,0,0,0,0
USNM_50368,CBDDTY010003948.1,128,1,1,0,0,0,0
USNM_50368,CBDDTY010005099.1,128,1.2890625,1,0.45510825483839257,0,0,0
USNM_50368,CBDDTY010005265.1,128,1,1,0,0,0,0
USNM_50368,CBDDTY010001285.1,127,1,1,0,0,0,0
USNM_50368,CBDDTY010001649.1,127,1,1,0,0,0,0
USNM_50368,CBDDTY010002316.1,127,1,1,0,0,0,0
USNM_50368,CBDDTY010002342.1,127,1,1,0,0,0,0
USNM_50368,CBDDTY010003487.1,127,1,1,0,0,0,0
USNM_50368,CBDDTY010003571.1,127,1.094488188976378,1,0.2936651496134463,0,0,0
USNM_50368,CBDDTY010004031.1,127,1,1,0,0,0,0
USNM_50368,CBDDTY010004052.1,127,1,1,0,0,0,0
USNM_50368,CBDDTY010004541.1,127,1,1,0,0,0,0
USNM_50368,CBDDTY010004697.1,127,1,1,0,0,0,0
USNM_50368,CBDDTY010001186.1,126,1,1,0,0,0,0
USNM_50368,CBDDTY010002381.1,126,1,1,0,0,0,0
USNM_50368,CBDDTY010005154.1,126,1.2063492063492063,1,0.406299600146696,12.5,0,0
USNM_50368,CBDDTY010005507.1,126,1.2698412698412698,1,0.44564916089136153,0,0,0
USNM_50368,CBDDTY010002803.1,125,1.248,1,0.433589667773576,25,0,0
USNM_50368,CBDDTY010003291.1,125,1,1,0,25,0,0
USNM_50368,CBDDTY010003545.1,125,1.056,1,0.23084696788271913,0,0,0
USNM_50368,CBDDTY010003819.1,125,1.232,1,0.4238076252567979,0,0,0
USNM_50368,CBDDTY010005079.1,125,1,1,0,0,0,0
USNM_50368,CBDDTY010000548.1,124,1,1,0,85.71428571428571,0,0
USNM_50368,CBDDTY010003063.1,124,1,1,0,0,0,0
USNM_50368,CBDDTY010003293.1,124,1,1,0,0,0,0
USNM_50368,CBDDTY010003614.1,124,1,1,0,0,0,0
USNM_50368,CBDDTY010003636.1,124,1,1,0,0,0,0
USNM_50368,CBDDTY010005370.1,124,1,1,0,0,0,0
USNM_50368,CBDDTY010002874.1,123,1,1,0,0,0,0
USNM_50368,CBDDTY010002999.1,123,1,1,0,0,0,0
USNM_50368,CBDDTY010003869.1,123,1,1,0,0,0,0
USNM_50368,CBDDTY010003939.1,123,1,1,0,0,0,0
USNM_50368,CBDDTY010004041.1,123,1.4878048780487805,1,0.6938353097278849,0,0,0
USNM_50368,CBDDTY010004142.1,123,1.2113821138211383,1,0.4099586648560768,0,0,0
USNM_50368,CBDDTY010004315.1,123,1,1,0,0,0,0
USNM_50368,CBDDTY010004388.1,123,1,1,0,0,0,0
USNM_50368,CBDDTY010004401.1,123,1,1,0,0,0,0
USNM_50368,CBDDTY010004527.1,123,1,1,0,0,0,0
USNM_50368,CBDDTY010005477.1,123,1,1,0,0,0,0
USNM_50368,CBDDTY010000929.1,122,1,1,0,83.33333333333333,0,0
USNM_50368,CBDDTY010003300.1,122,1,1,0,0,0,0
USNM_50368,CBDDTY010003417.1,122,1,1,0,0,0,0
USNM_50368,CBDDTY010003695.1,122,1,1,0,0,0,0
USNM_50368,CBDDTY010003970.1,122,1,1,0,0,0,0
USNM_50368,CBDDTY010004417.1,122,1,1,0,0,0,0
USNM_50368,CBDDTY010002109.1,121,1,1,0,0,0,0
USNM_50368,CBDDTY010002828.1,121,1,1,0,0,0,0
USNM_50368,CBDDTY010003502.1,121,1,1,0,0,0,0
USNM_50368,CBDDTY010003579.1,121,1,1,0,0,0,0
USNM_50368,CBDDTY010004281.1,121,1,1,0,0,0,0
USNM_50368,CBDDTY010002551.1,120,1,1,0,80,0,0
USNM_50368,CBDDTY010003394.1,120,1,1,0,0,0,0
USNM_50368,CBDDTY010004063.1,120,1,1,0,0,0,0
USNM_50368,CBDDTY010002851.1,119,1,1,0,0,0,0
USNM_50368,CBDDTY010004581.1,119,1,1,0,0,0,0
USNM_50368,CBDDTY010003654.1,118,1,1,0,0,0,0
USNM_50368,CBDDTY010004327.1,118,1,1,0,0,0,0
USNM_50368,CBDDTY010004415.1,118,1.0508474576271187,1,0.22062295744653468,0,0,0
USNM_50368,CBDDTY010004651.1,118,1,1,0,0,0,0
USNM_50368,CBDDTY010000855.1,117,1,1,0,14.285714285714286,0,0
USNM_50368,CBDDTY010002978.1,117,1,1,0,0,0,0
USNM_50368,CBDDTY010003406.1,117,1,1,0,66.66666666666667,0,0
USNM_50368,CBDDTY010003840.1,117,1,1,0,0,0,0
USNM_50368,CBDDTY010003931.1,117,1,1,0,0,0,0
USNM_50368,CBDDTY010004290.1,117,1,1,0,0,0,0
USNM_50368,CBDDTY010004387.1,117,1,1,0,0,0,0
USNM_50368,CBDDTY010001473.1,116,1,1,0,12.5,0,0
USNM_50368,CBDDTY010003639.1,116,1,1,0,0,0,0
USNM_50368,CBDDTY010003748.1,116,1,1,0,0,0,0
USNM_50368,CBDDTY010003757.1,116,1,1,0,0,0,0
USNM_50368,CBDDTY010005133.1,116,1,1,0,0,0,0
USNM_50368,CBDDTY010003679.1,115,1,1,0,0,0,0
USNM_50368,CBDDTY010003751.1,115,1,1,0,0,0,0
USNM_50368,CBDDTY010003854.1,115,1.2173913043478262,1,0.43493513724224775,0,0,0
USNM_50368,CBDDTY010004500.1,115,1,1,0,0,0,0
USNM_50368,CBDDTY010004555.1,115,1,1,0,0,0,0
USNM_50368,CBDDTY010004820.1,115,1.3478260869565217,1,0.47836487323493987,0,0,0
USNM_50368,CBDDTY010005193.1,115,1.4434782608695653,1,0.7397404042982476,27.272727272727273,0,0
USNM_50368,CBDDTY010005494.1,115,1,1,0,0,0,0
USNM_50368,CBDDTY010001971.1,114,1,1,0,0,0,0
USNM_50368,CBDDTY010003479.1,114,1,1,0,0,0,0
USNM_50368,CBDDTY010003738.1,114,1,1,0,0,0,0
USNM_50368,CBDDTY010004083.1,114,1,1,0,0,0,0
USNM_50368,CBDDTY010004124.1,114,1,1,0,0,0,0
USNM_50368,CBDDTY010005293.1,114,1,1,0,NA,0,0
USNM_50368,CBDDTY010001597.1,113,1,1,0,0,0,0
USNM_50368,CBDDTY010003855.1,113,1,1,0,0,0,0
USNM_50368,CBDDTY010004105.1,113,1,1,0,0,0,0
USNM_50368,CBDDTY010005168.1,113,1,1,0,0,0,0
USNM_50368,CBDDTY010001891.1,112,1,1,0,0,0,0
USNM_50368,CBDDTY010002973.1,112,1,1,0,0,0,0
USNM_50368,CBDDTY010003524.1,112,1,1,0,0,0,0
USNM_50368,CBDDTY010004468.1,112,1.3125,1,0.46559561776210834,28.571428571428573,0,0
USNM_50368,CBDDTY010004545.1,112,1,1,0,0,0,0
USNM_50368,CBDDTY010004057.1,111,1,1,0,0,0,0
USNM_50368,CBDDTY010004380.1,111,1.4414414414414414,1,0.49881103517509395,0,0,0
USNM_50368,CBDDTY010004425.1,111,1,1,0,100,0,0
USNM_50368,CBDDTY010005132.1,111,1.3423423423423424,1,0.4766453893523226,0,0,0
USNM_50368,CBDDTY010005443.1,111,1,1,0,0,0,0
USNM_50368,CBDDTY010000876.1,110,1,1,0,0,0,0
USNM_50368,CBDDTY010001955.1,110,1,1,0,16.666666666666668,0,0
USNM_50368,CBDDTY010002639.1,110,1,1,0,0,0,0
USNM_50368,CBDDTY010002794.1,110,1,1,0,NA,0,0
USNM_50368,CBDDTY010002955.1,110,1.1181818181818182,1,0.3243007490172936,0,0,0
USNM_50368,CBDDTY010002997.1,110,1,1,0,0,0,0
USNM_50368,CBDDTY010004838.1,110,1.3909090909090909,1,0.49018728017092383,0,0,0
USNM_50368,CBDDTY010001320.1,109,1,1,0,7.142857142857143,0,0
USNM_50368,CBDDTY010002877.1,109,1,1,0,0,0,0
USNM_50368,CBDDTY010003711.1,109,1,1,0,0,0,0
USNM_50368,CBDDTY010003823.1,109,1.3944954128440368,1,0.49099952145735926,0,0,0
USNM_50368,CBDDTY010004180.1,109,1,1,0,0,0,0
USNM_50368,CBDDTY010004334.1,109,1,1,0,0,0,0
USNM_50368,CBDDTY010004567.1,109,1,1,0,0,0,0
USNM_50368,CBDDTY010000313.1,108,1,1,0,0,0,0
USNM_50368,CBDDTY010000502.1,108,1,1,0,0,0,0
USNM_50368,CBDDTY010001347.1,108,1,1,0,11.11111111111111,0,0
USNM_50368,CBDDTY010002637.1,108,1,1,0,0,0,0
USNM_50368,CBDDTY010003501.1,108,1,1,0,0,0,0
USNM_50368,CBDDTY010003697.1,108,1,1,0,0,0,0
USNM_50368,CBDDTY010004737.1,108,1.0833333333333333,1,0.27767391620085197,0,0,0
USNM_50368,CBDDTY010005054.1,108,1.4537037037037037,1,0.5001730403235746,0,0,0
USNM_50368,CBDDTY010005106.1,108,1,1,0,0,0,0
USNM_50368,CBDDTY010005183.1,108,1.5,1.5,0.5023310149673528,0,0,0
USNM_50368,CBDDTY010000457.1,107,1,1,0,0,0,0
USNM_50368,CBDDTY010002059.1,107,1,1,0,0,0,0
USNM_50368,CBDDTY010002897.1,107,1,1,0,28.571428571428573,0,0
USNM_50368,CBDDTY010003161.1,107,1,1,0,0,0,0
USNM_50368,CBDDTY010003827.1,107,1,1,0,0,0,0
USNM_50368,CBDDTY010004143.1,107,1,1,0,0,0,0
USNM_50368,CBDDTY010004213.1,107,1,1,0,0,0,0
USNM_50368,CBDDTY010004283.1,107,1,1,0,0,0,0
USNM_50368,CBDDTY010004474.1,107,1,1,0,0,0,0
USNM_50368,CBDDTY010003583.1,106,1.320754716981132,1,0.46898410596117734,0,0,0
USNM_50368,CBDDTY010003675.1,106,1,1,0,0,0,0
USNM_50368,CBDDTY010004016.1,106,1,1,0,0,0,0
USNM_50368,CBDDTY010004480.1,106,1,1,0,0,0,0
USNM_50368,CBDDTY010004559.1,106,1,1,0,0,0,0
USNM_50368,CBDDTY010003074.1,105,1,1,0,0,0,0
USNM_50368,CBDDTY010004307.1,105,1,1,0,0,0,0
USNM_50368,CBDDTY010004506.1,105,1.4476190476190476,1,0.49963356535935377,0,0,0
USNM_50368,CBDDTY010004847.1,105,1,1,0,0,0,0
USNM_50368,CBDDTY010005105.1,105,1,1,0,NA,0,0
USNM_50368,CBDDTY010002707.1,104,1,1,0,0,0,0
USNM_50368,CBDDTY010002899.1,104,1,1,0,0,0,0
USNM_50368,CBDDTY010003517.1,104,1,1,0,0,0,0
USNM_50368,CBDDTY010003818.1,104,1,1,0,0,0,0
USNM_50368,CBDDTY010004488.1,104,1,1,0,6.666666666666667,0,0
USNM_50368,CBDDTY010004556.1,104,1,1,0,100,0,0
USNM_50368,CBDDTY010000103.1,103,1,1,0,0,0,0
USNM_50368,CBDDTY010002670.1,103,1,1,0,28.571428571428573,0,0
USNM_50368,CBDDTY010002676.1,103,1,1,0,0,0,0
USNM_50368,CBDDTY010003666.1,103,1,1,0,0,0,0
USNM_50368,CBDDTY010003767.1,103,1,1,0,0,0,0
USNM_50368,CBDDTY010003801.1,103,1,1,0,0,0,0
USNM_50368,CBDDTY010003804.1,103,1.6504854368932038,2,0.47914830206739956,0,0,0
USNM_50368,CBDDTY010003829.1,103,1.1067961165048543,1,0.31036415547607693,0,0,0
USNM_50368,CBDDTY010005212.1,103,1,1,0,50,0,0
USNM_50368,CBDDTY010005412.1,103,1,1,0,0,0,0
USNM_50368,CBDDTY010002981.1,102,1,1,0,0,0,0
USNM_50368,CBDDTY010003492.1,102,1,1,0,0,0,0
USNM_50368,CBDDTY010003683.1,102,1,1,0,0,0,0
USNM_50368,CBDDTY010003766.1,102,1,1,0,0,0,0
USNM_50368,CBDDTY010003959.1,102,1,1,0,0,0,0
USNM_50368,CBDDTY010004479.1,102,1,1,0,0,0,0
USNM_50368,CBDDTY010004571.1,102,1,1,0,0,0,0
USNM_50368,CBDDTY010000024.1,101,1,1,0,0,0,0
USNM_50368,CBDDTY010003689.1,101,1,1,0,0,0,0
USNM_50368,CBDDTY010004553.1,101,1,1,0,0,0,0
USNM_50368,CBDDTY010005361.1,101,1,1,0,0,0,0
USNM_50368,CBDDTY010001784.1,100,1,1,0,0,0,0
USNM_50368,CBDDTY010003111.1,100,1,1,0,0,0,0
USNM_50368,CBDDTY010003740.1,100,1,1,0,0,0,0
USNM_50368,CBDDTY010004155.1,100,1,1,0,0,0,0
USNM_50368,CBDDTY010004260.1,100,1,1,0,7.142857142857143,0,0
USNM_50368,CBDDTY010004849.1,100,1,1,0,NA,0,0
USNM_50368,CBDDTY010005266.1,100,1,1,0,0,0,0
USNM_50368,CBDDTY010001540.1,99,1,1,0,0,0,0
USNM_50368,CBDDTY010003181.1,99,1,1,0,40,0,0
USNM_50368,CBDDTY010003451.1,99,1,1,0,0,0,0
USNM_50368,CBDDTY010003774.1,99,1,1,0,0,0,0
USNM_50368,CBDDTY010003820.1,99,1.2828282828282829,1,0.4526656657028506,0,0,0
USNM_50368,CBDDTY010004250.1,99,1,1,0,0,0,0
USNM_50368,CBDDTY010005327.1,99,1.606060606060606,2,0.4911083221088062,0,0,0
USNM_50368,CBDDTY010005454.1,99,1,1,0,0,0,0
USNM_50368,CBDDTY010003667.1,98,1,1,0,0,0,0
USNM_50368,CBDDTY010003722.1,98,1,1,0,0,0,0
USNM_50368,CBDDTY010004602.1,98,1,1,0,0,0,0
USNM_50368,CBDDTY010005277.1,98,1,1,0,0,0,0
USNM_50368,CBDDTY010003620.1,97,1,1,0,11.11111111111111,0,0
USNM_50368,CBDDTY010003688.1,97,1,1,0,0,0,0
USNM_50368,CBDDTY010004643.1,97,1,1,0,0,0,0
USNM_50368,CBDDTY010005322.1,97,1,1,0,10,0,0
USNM_50368,CBDDTY010002763.1,96,1,1,0,66.66666666666667,0,0
USNM_50368,CBDDTY010004363.1,96,1,1,0,0,0,0
USNM_50368,CBDDTY010004743.1,96,1,1,0,0,0,0
USNM_50368,CBDDTY010002321.1,95,1,1,0,0,0,0
USNM_50368,CBDDTY010002651.1,95,1,1,0,0,0,0
USNM_50368,CBDDTY010003473.1,95,1,1,0,0,0,0
USNM_50368,CBDDTY010003927.1,95,1,1,0,18.75,0,0
USNM_50368,CBDDTY010004051.1,95,1,1,0,0,0,0
USNM_50368,CBDDTY010004111.1,95,1.4210526315789473,1,0.4963472396486465,0,0,0
USNM_50368,CBDDTY010004225.1,95,1,1,0,0,0,0
USNM_50368,CBDDTY010004324.1,95,1,1,0,0,0,0
USNM_50368,CBDDTY010001903.1,94,1,1,0,0,0,0
USNM_50368,CBDDTY010003841.1,94,1.202127659574468,1,0.40374023465117265,0,0,0
USNM_50368,CBDDTY010003964.1,94,1,1,0,0,0,0
USNM_50368,CBDDTY010004000.1,94,1.925531914893617,2,0.6262941303254923,0,0,0
USNM_50368,CBDDTY010005078.1,94,1,1,0,0,0,0
USNM_50368,CBDDTY010005353.1,94,1,1,0,0,0,0
USNM_50368,CBDDTY010004403.1,93,1,1,0,0,0,0
USNM_50368,CBDDTY010005218.1,93,1,1,0,NA,0,0
USNM_50368,CBDDTY010002081.1,92,1,1,0,37.5,0,0
USNM_50368,CBDDTY010003516.1,92,1,1,0,37.5,0,0
USNM_50368,CBDDTY010003594.1,92,1,1,0,0,0,0
USNM_50368,CBDDTY010003690.1,92,1,1,0,0,0,0
USNM_50368,CBDDTY010003736.1,92,1,1,0,0,0,0
USNM_50368,CBDDTY010003784.1,92,1,1,0,0,0,0
USNM_50368,CBDDTY010004011.1,92,1,1,0,0,0,0
USNM_50368,CBDDTY010004039.1,92,1,1,0,0,0,0
USNM_50368,CBDDTY010004647.1,92,1,1,0,0,0,0
USNM_50368,CBDDTY010000071.1,91,1,1,0,0,0,0
USNM_50368,CBDDTY010002975.1,91,1,1,0,0,0,0
USNM_50368,CBDDTY010003554.1,91,1,1,0,0,0,0
USNM_50368,CBDDTY010003604.1,91,1,1,0,0,0,0
USNM_50368,CBDDTY010005138.1,91,1,1,0,0,0,0
USNM_50368,CBDDTY010005509.1,91,1.2197802197802199,1,0.41639185076340457,0,0,0
USNM_50368,CBDDTY010001397.1,90,1,1,0,0,0,0
USNM_50368,CBDDTY010001690.1,90,1,1,0,25,0,0
USNM_50368,CBDDTY010003582.1,90,1.011111111111111,1,0.10540925533894598,0,0,0
USNM_50368,CBDDTY010003744.1,90,1,1,0,0,0,0
USNM_50368,CBDDTY010003900.1,90,1,1,0,0,0,0
USNM_50368,CBDDTY010004599.1,90,1,1,0,100,0,0
USNM_50368,CBDDTY010003547.1,89,1.4157303370786516,1,0.495639824415347,22.22222222222222,0,0
USNM_50368,CBDDTY010003409.1,88,1,1,0,0,0,0
USNM_50368,CBDDTY010003731.1,88,1,1,0,0,0,0
USNM_50368,CBDDTY010003739.1,88,1,1,0,0,0,0
USNM_50368,CBDDTY010003758.1,88,1,1,0,12.5,0,0
USNM_50368,CBDDTY010004160.1,88,1,1,0,0,0,0
USNM_50368,CBDDTY010004446.1,88,1,1,0,0,0,0
USNM_50368,CBDDTY010005450.1,88,1,1,0,0,0,0
USNM_50368,CBDDTY010003342.1,87,1,1,0,0,0,0
USNM_50368,CBDDTY010003893.1,87,1,1,0,0,0,0
USNM_50368,CBDDTY010004485.1,87,1.2758620689655173,1,0.4495386568579204,0,0,0
USNM_50368,CBDDTY010004615.1,87,1,1,0,0,0,0
USNM_50368,CBDDTY010004798.1,87,1,1,0,0,0,0
USNM_50368,CBDDTY010005004.1,87,1.3563218390804597,1,0.48168820114484834,0,0,0
USNM_50368,CBDDTY010005128.1,87,1,1,0,0,0,0
USNM_50368,CBDDTY010005475.1,87,1,1,0,0,0,0
USNM_50368,CBDDTY010000180.1,86,1,1,0,0,0,0
USNM_50368,CBDDTY010003332.1,86,1,1,0,0,0,0
USNM_50368,CBDDTY010003602.1,86,1,1,0,0,0,0
USNM_50368,CBDDTY010003673.1,86,1,1,0,0,0,0
USNM_50368,CBDDTY010004020.1,86,1.069767441860465,1,0.25624885305538925,11.11111111111111,0,0
USNM_50368,CBDDTY010004038.1,86,1,1,0,0,0,0
USNM_50368,CBDDTY010004317.1,86,1,1,0,0,0,0
USNM_50368,CBDDTY010004487.1,86,1,1,0,0,0,0
USNM_50368,CBDDTY010005158.1,86,1,1,0,0,0,0
USNM_50368,CBDDTY010001086.1,85,1,1,0,0,0,0
USNM_50368,CBDDTY010001915.1,85,1,1,0,0,0,0
USNM_50368,CBDDTY010002073.1,85,1,1,0,0,0,0
USNM_50368,CBDDTY010003686.1,85,1,1,0,0,0,0
USNM_50368,CBDDTY010004068.1,85,1,1,0,0,0,0
USNM_50368,CBDDTY010004985.1,85,1,1,0,0,0,0
USNM_50368,CBDDTY010005147.1,85,1,1,0,0,0,0
USNM_50368,CBDDTY010005391.1,85,1,1,0,0,0,0
USNM_50368,CBDDTY010003730.1,84,1,1,0,0,0,0
USNM_50368,CBDDTY010004076.1,84,1,1,0,0,0,0
USNM_50368,CBDDTY010004740.1,84,1,1,0,0,0,0
USNM_50368,CBDDTY010005299.1,84,1,1,0,100,0,0
USNM_50368,CBDDTY010000241.1,83,1,1,0,0,0,0
USNM_50368,CBDDTY010002761.1,83,1,1,0,0,0,0
USNM_50368,CBDDTY010003195.1,83,1,1,0,0,0,0
USNM_50368,CBDDTY010003676.1,83,1,1,0,0,0,0
USNM_50368,CBDDTY010003876.1,83,1,1,0,0,0,0
USNM_50368,CBDDTY010003879.1,83,1,1,0,0,0,0
USNM_50368,CBDDTY010004044.1,83,1,1,0,0,0,0
USNM_50368,CBDDTY010004371.1,83,1,1,0,0,0,0
USNM_50368,CBDDTY010004964.1,83,1,1,0,0,0,0
USNM_50368,CBDDTY010003716.1,82,1,1,0,0,0,0
USNM_50368,CBDDTY010003919.1,82,1,1,0,0,0,0
USNM_50368,CBDDTY010004512.1,82,1,1,0,0,0,0
USNM_50368,CBDDTY010004573.1,82,1,1,0,0,0,0
USNM_50368,CBDDTY010004879.1,82,1,1,0,0,0,0
USNM_50368,CBDDTY010005208.1,82,1.2682926829268293,1,0.44579739869871404,0,0,0
USNM_50368,CBDDTY010002585.1,81,1,1,0,0,0,0
USNM_50368,CBDDTY010003109.1,81,1,1,0,0,0,0
USNM_50368,CBDDTY010003753.1,81,1,1,0,0,0,0
USNM_50368,CBDDTY010004552.1,81,1,1,0,0,0,0
USNM_50368,CBDDTY010004710.1,81,1,1,0,0,0,0
USNM_50368,CBDDTY010005200.1,81,1,1,0,75,0,0
USNM_50368,CBDDTY010005306.1,81,1,1,0,NA,0,0
USNM_50368,CBDDTY010005409.1,81,1,1,0,0,0,0
USNM_50368,CBDDTY010000942.1,80,1,1,0,100,0,0
USNM_50368,CBDDTY010003769.1,80,1,1,0,0,0,0
USNM_50368,CBDDTY010004053.1,80,1.425,1,0.4974619125424375,0,0,0
USNM_50368,CBDDTY010004094.1,80,1,1,0,0,0,0
USNM_50368,CBDDTY010004346.1,80,1,1,0,0,0,0
USNM_50368,CBDDTY010004469.1,80,1,1,0,0,0,0
USNM_50368,CBDDTY010004490.1,80,1,1,0,0,0,0
USNM_50368,CBDDTY010002296.1,79,1,1,0,0,0,0
USNM_50368,CBDDTY010003179.1,79,1,1,0,NA,0,0
USNM_50368,CBDDTY010003371.1,79,1.4936708860759493,1,0.5031546054266276,4.545454545454546,0,0
USNM_50368,CBDDTY010003681.1,79,1,1,0,0,0,0
USNM_50368,CBDDTY010003890.1,79,1.2911392405063291,1,0.4571903809859547,40,0,0
USNM_50368,CBDDTY010004850.1,79,1,1,0,20,0,0
USNM_50368,CBDDTY010004946.1,79,1,1,0,0,0,0
USNM_50368,CBDDTY010005357.1,79,1.4177215189873418,1,0.49633515704686887,0,0,0
USNM_50368,CBDDTY010003083.1,78,1,1,0,0,0,0
USNM_50368,CBDDTY010003188.1,78,1,1,0,0,0,0
USNM_50368,CBDDTY010004377.1,78,1,1,0,0,0,0
USNM_50368,CBDDTY010004767.1,78,1,1,0,44.44444444444444,0,0
USNM_50368,CBDDTY010005262.1,78,1,1,0,0,0,0
USNM_50368,CBDDTY010005486.1,78,1,1,0,0,0,0
USNM_50368,CBDDTY010003685.1,77,1,1,0,0,0,0
USNM_50368,CBDDTY010004957.1,77,1,1,0,0,0,0
USNM_50368,CBDDTY010000156.1,76,1.355263157894737,1,0.4817730411281797,0,0,0
USNM_50368,CBDDTY010000848.1,76,1,1,0,0,0,0
USNM_50368,CBDDTY010002329.1,76,1,1,0,0,0,0
USNM_50368,CBDDTY010003646.1,76,1.3289473684210527,1,0.47295265146345866,0,0,0
USNM_50368,CBDDTY010004627.1,76,1.394736842105263,1,0.49204193231664184,0,0,0
USNM_50368,CBDDTY010004705.1,76,1,1,0,0,0,0
USNM_50368,CBDDTY010005365.1,76,1,1,0,0,0,0
USNM_50368,CBDDTY010002472.1,75,1.4,1,0.4931969619160719,0,0,0
USNM_50368,CBDDTY010003249.1,75,1,1,0,0,0,0
USNM_50368,CBDDTY010003682.1,75,1,1,0,0,0,0
USNM_50368,CBDDTY010004088.1,75,1,1,0,0,0,0
USNM_50368,CBDDTY010004228.1,75,1,1,0,85.71428571428571,0,0
USNM_50368,CBDDTY010004520.1,75,1,1,0,0,0,0
USNM_50368,CBDDTY010004812.1,75,1,1,0,0,0,0
USNM_50368,CBDDTY010004952.1,75,1,1,0,0,0,0
USNM_50368,CBDDTY010005181.1,75,1,1,0,NA,0,0
USNM_50368,CBDDTY010003515.1,74,1,1,0,0,0,0
USNM_50368,CBDDTY010003637.1,74,1,1,0,NA,0,0
USNM_50368,CBDDTY010003944.1,74,1,1,0,14.285714285714286,0,0
USNM_50368,CBDDTY010004118.1,74,1,1,0,0,0,0
USNM_50368,CBDDTY010004258.1,74,1,1,0,0,0,0
USNM_50368,CBDDTY010004477.1,74,1,1,0,0,0,0
USNM_50368,CBDDTY010005359.1,74,1,1,0,0,0,0
USNM_50368,CBDDTY010005552.1,74,1,1,0,0,0,0
USNM_50368,CBDDTY010000073.1,73,1,1,0,0,0,0
USNM_50368,CBDDTY010001959.1,73,1,1,0,0,0,0
USNM_50368,CBDDTY010003591.1,73,1,1,0,50,0,0
USNM_50368,CBDDTY010003909.1,73,1,1,0,0,0,0
USNM_50368,CBDDTY010004173.1,73,1,1,0,0,0,0
USNM_50368,CBDDTY010004510.1,73,1,1,0,0,0,0
USNM_50368,CBDDTY010004810.1,73,1,1,0,0,0,0
USNM_50368,CBDDTY010004920.1,73,1,1,0,0,0,0
USNM_50368,CBDDTY010000012.1,72,1,1,0,0,0,0
USNM_50368,CBDDTY010003054.1,72,1,1,0,0,0,0
USNM_50368,CBDDTY010003533.1,72,1,1,0,0,0,0
USNM_50368,CBDDTY010003718.1,72,1,1,0,0,0,0
USNM_50368,CBDDTY010003899.1,72,1,1,0,0,0,0
USNM_50368,CBDDTY010004274.1,72,1,1,0,0,0,0
USNM_50368,CBDDTY010004749.1,72,1,1,0,NA,0,0
USNM_50368,CBDDTY010004873.1,72,1,1,0,0,0,0
USNM_50368,CBDDTY010005331.1,72,1,1,0,0,0,0
USNM_50368,CBDDTY010002227.1,71,1,1,0,16.666666666666668,0,0
USNM_50368,CBDDTY010002289.1,71,1,1,0,0,0,0
USNM_50368,CBDDTY010003598.1,71,1,1,0,0,0,0
USNM_50368,CBDDTY010004117.1,71,1,1,0,0,0,0
USNM_50368,CBDDTY010004156.1,71,1.5070422535211268,2,0.5035088149780135,0,0,0
USNM_50368,CBDDTY010004336.1,71,1,1,0,50,0,0
USNM_50368,CBDDTY010005037.1,71,1,1,0,0,0,0
USNM_50368,CBDDTY010005041.1,71,1,1,0,0,0,0
USNM_50368,CBDDTY010002719.1,70,1,1,0,0,0,0
USNM_50368,CBDDTY010003691.1,70,1,1,0,0,0,0
USNM_50368,CBDDTY010003799.1,70,1.8,2,0.4028881241482679,0,0,0
USNM_50368,CBDDTY010003837.1,70,1,1,0,0,0,0
USNM_50368,CBDDTY010004234.1,70,1,1,0,0,0,0
USNM_50368,CBDDTY010004406.1,70,1,1,0,0,0,0
USNM_50368,CBDDTY010005093.1,70,1,1,0,0,0,0
USNM_50368,CBDDTY010005488.1,70,1,1,0,0,0,0
USNM_50368,CBDDTY010000172.1,69,1,1,0,0,0,0
USNM_50368,CBDDTY010002048.1,69,1,1,0,0,0,0
USNM_50368,CBDDTY010002298.1,69,1,1,0,0,0,0
USNM_50368,CBDDTY010003166.1,69,1,1,0,0,0,0
USNM_50368,CBDDTY010003258.1,69,1,1,0,NA,0,0
USNM_50368,CBDDTY010003629.1,69,1,1,0,0,0,0
USNM_50368,CBDDTY010003949.1,69,1,1,0,0,0,0
USNM_50368,CBDDTY010004029.1,69,1.2608695652173914,1,0.4423258684646914,66.66666666666667,0,0
USNM_50368,CBDDTY010004163.1,69,1,1,0,NA,0,0
USNM_50368,CBDDTY010004583.1,69,1,1,0,0,0,0
USNM_50368,CBDDTY010005392.1,69,1,1,0,0,0,0
USNM_50368,CBDDTY010002057.1,68,1,1,0,0,0,0
USNM_50368,CBDDTY010003534.1,68,1,1,0,0,0,0
USNM_50368,CBDDTY010003700.1,68,1,1,0,100,0,0
USNM_50368,CBDDTY010003789.1,68,1,1,0,0,0,0
USNM_50368,CBDDTY010003884.1,68,1,1,0,0,0,0
USNM_50368,CBDDTY010004077.1,68,1,1,0,0,0,0
USNM_50368,CBDDTY010004224.1,68,1,1,0,0,0,0
USNM_50368,CBDDTY010005410.1,68,1,1,0,0,0,0
USNM_50368,CBDDTY010002859.1,67,1,1,0,100,0,0
USNM_50368,CBDDTY010003337.1,67,1,1,0,0,0,0
USNM_50368,CBDDTY010003778.1,67,1,1,0,0,0,0
USNM_50368,CBDDTY010004262.1,67,1,1,0,0,0,0
USNM_50368,CBDDTY010004997.1,67,1,1,0,NA,0,0
USNM_50368,CBDDTY010005175.1,67,1,1,0,0,0,0
USNM_50368,CBDDTY010000084.1,66,1,1,0,0,0,0
USNM_50368,CBDDTY010000159.1,66,1,1,0,0,0,0
USNM_50368,CBDDTY010001756.1,66,1,1,0,0,0,0
USNM_50368,CBDDTY010001785.1,66,1,1,0,0,0,0
USNM_50368,CBDDTY010003619.1,66,1,1,0,0,0,0
USNM_50368,CBDDTY010003626.1,66,1,1,0,0,0,0
USNM_50368,CBDDTY010003664.1,66,1,1,0,33.333333333333336,0,0
USNM_50368,CBDDTY010003898.1,66,1,1,0,NA,0,0
USNM_50368,CBDDTY010004172.1,66,1,1,0,0,0,0
USNM_50368,CBDDTY010004394.1,66,1,1,0,0,0,0
USNM_50368,CBDDTY010004397.1,66,1,1,0,0,0,0
USNM_50368,CBDDTY010004973.1,66,1,1,0,0,0,0
USNM_50368,CBDDTY010005518.1,66,1,1,0,0,0,0
USNM_50368,CBDDTY010001626.1,65,1,1,0,20,0,0
USNM_50368,CBDDTY010002455.1,65,1,1,0,0,0,0
USNM_50368,CBDDTY010003918.1,65,1,1,0,0,0,0
USNM_50368,CBDDTY010004594.1,65,1,1,0,100,0,0
USNM_50368,CBDDTY010005219.1,65,1,1,0,0,0,0
USNM_50368,CBDDTY010005224.1,65,1,1,0,0,0,0
USNM_50368,CBDDTY010000121.1,64,1,1,0,0,0,0
USNM_50368,CBDDTY010000987.1,64,1,1,0,0,0,0
USNM_50368,CBDDTY010003508.1,64,1,1,0,0,0,0
USNM_50368,CBDDTY010004528.1,64,1,1,0,0,0,0
USNM_50368,CBDDTY010004619.1,64,1,1,0,0,0,0
USNM_50368,CBDDTY010004674.1,64,1,1,0,0,0,0
USNM_50368,CBDDTY010004751.1,64,1,1,0,0,0,0
USNM_50368,CBDDTY010004770.1,64,1,1,0,0,0,0
USNM_50368,CBDDTY010004794.1,64,1,1,0,NA,0,0
USNM_50368,CBDDTY010004857.1,64,1,1,0,0,0,0
USNM_50368,CBDDTY010005073.1,64,1,1,0,NA,0,0
USNM_50368,CBDDTY010005554.1,64,1,1,0,0,0,0
USNM_50368,CBDDTY010000378.1,63,1,1,0,0,0,0
USNM_50368,CBDDTY010002856.1,63,1,1,0,0,0,0
USNM_50368,CBDDTY010003672.1,63,1,1,0,0,0,0
USNM_50368,CBDDTY010004014.1,63,1,1,0,0,0,0
USNM_50368,CBDDTY010004465.1,63,1,1,0,0,0,0
USNM_50368,CBDDTY010004472.1,63,1,1,0,0,0,0
USNM_50368,CBDDTY010004486.1,63,1.1904761904761905,1,0.3958308068477864,0,0,0
USNM_50368,CBDDTY010004755.1,63,1.6507936507936507,2,0.48054841516113245,0,0,0
USNM_50368,CBDDTY010005231.1,63,1,1,0,0,0,0
USNM_50368,CBDDTY010005439.1,63,1,1,0,0,0,0
USNM_50368,CBDDTY010005453.1,63,1,1,0,0,0,0
USNM_50368,CBDDTY010000932.1,62,1,1,0,0,0,0
USNM_50368,CBDDTY010003076.1,62,1.3225806451612903,1,0.4712798600667071,0,0,0
USNM_50368,CBDDTY010003346.1,62,1,1,0,0,0,0
USNM_50368,CBDDTY010003633.1,62,1,1,0,0,0,0
USNM_50368,CBDDTY010004223.1,62,1,1,0,10,0,0
USNM_50368,CBDDTY010004273.1,62,1,1,0,0,0,0
USNM_50368,CBDDTY010004496.1,62,1,1,0,0,0,0
USNM_50368,CBDDTY010004709.1,62,1,1,0,0,0,0
USNM_50368,CBDDTY010004939.1,62,1,1,0,0,0,0
USNM_50368,CBDDTY010005334.1,62,1,1,0,0,0,0
USNM_50368,CBDDTY010005448.1,62,1,1,0,0,0,0
USNM_50368,CBDDTY010001984.1,61,1,1,0,0,0,0
USNM_50368,CBDDTY010003782.1,61,1,1,0,0,0,0
USNM_50368,CBDDTY010003943.1,61,1,1,0,0,0,0
USNM_50368,CBDDTY010004436.1,61,1,1,0,0,0,0
USNM_50368,CBDDTY010004440.1,61,1,1,0,0,0,0
USNM_50368,CBDDTY010004529.1,61,1,1,0,0,0,0
USNM_50368,CBDDTY010004708.1,61,1,1,0,0,0,0
USNM_50368,CBDDTY010004917.1,61,1,1,0,0,0,0
USNM_50368,CBDDTY010002845.1,60,1,1,0,0,0,0
USNM_50368,CBDDTY010003694.1,60,1,1,0,0,0,0
USNM_50368,CBDDTY010003772.1,60,1,1,0,0,0,0
USNM_50368,CBDDTY010004350.1,60,1,1,0,20,0,0
USNM_50368,CBDDTY010004595.1,60,1,1,0,0,0,0
USNM_50368,CBDDTY010004644.1,60,1,1,0,0,0,0
USNM_50368,CBDDTY010004688.1,60,1,1,0,0,0,0
USNM_50368,CBDDTY010004924.1,60,1,1,0,0,0,0
USNM_50368,CBDDTY010005411.1,60,1,1,0,0,0,0
USNM_50368,CBDDTY010005566.1,60,1,1,0,0,0,0
USNM_50368,CBDDTY010003631.1,59,1,1,0,0,0,0
USNM_50368,CBDDTY010003642.1,59,1,1,0,0,0,0
USNM_50368,CBDDTY010003728.1,59,1,1,0,40,0,0
USNM_50368,CBDDTY010003955.1,59,1,1,0,0,0,0
USNM_50368,CBDDTY010003985.1,59,1,1,0,0,0,0
USNM_50368,CBDDTY010004256.1,59,1,1,0,0,0,0
USNM_50368,CBDDTY010004259.1,59,1,1,0,50,0,0
USNM_50368,CBDDTY010004267.1,59,1.4576271186440677,1,0.5024777880939232,0,0,0
USNM_50368,CBDDTY010004431.1,59,1,1,0,40,0,0
USNM_50368,CBDDTY010004797.1,59,1,1,0,0,0,0
USNM_50368,CBDDTY010004935.1,59,1,1,0,0,0,0
USNM_50368,CBDDTY010004982.1,59,1,1,0,0,0,0
USNM_50368,CBDDTY010005429.1,59,1,1,0,NA,0,0
USNM_50368,CBDDTY010005528.1,59,1,1,0,0,0,0
USNM_50368,CBDDTY010002614.1,58,1,1,0,0,0,0
USNM_50368,CBDDTY010003205.1,58,1,1,0,0,0,0
USNM_50368,CBDDTY010003294.1,58,1,1,0,0,0,0
USNM_50368,CBDDTY010004411.1,58,1,1,0,0,0,0
USNM_50368,CBDDTY010004435.1,58,1,1,0,0,0,0
USNM_50368,CBDDTY010004497.1,58,1,1,0,0,0,0
USNM_50368,CBDDTY010004503.1,58,1,1,0,14.285714285714286,0,0
USNM_50368,CBDDTY010004612.1,58,1,1,0,0,0,0
USNM_50368,CBDDTY010004646.1,58,1,1,0,0,0,0
USNM_50368,CBDDTY010004968.1,58,1,1,0,0,0,0
USNM_50368,CBDDTY010005296.1,58,1,1,0,100,0,0
USNM_50368,CBDDTY010005362.1,58,1,1,0,0,0,0
USNM_50368,CBDDTY010005526.1,58,1,1,0,0,0,0
USNM_50368,CBDDTY010003104.1,57,1,1,0,0,0,0
USNM_50368,CBDDTY010003169.1,57,1,1,0,0,0,0
USNM_50368,CBDDTY010003310.1,57,1.1578947368421053,1,0.3678836036909795,0,0,0
USNM_50368,CBDDTY010003834.1,57,1,1,0,0,0,0
USNM_50368,CBDDTY010003984.1,57,1,1,0,0,0,0
USNM_50368,CBDDTY010004046.1,57,1,1,0,60,0,0
USNM_50368,CBDDTY010004082.1,57,1,1,0,0,0,0
USNM_50368,CBDDTY010004127.1,57,1,1,0,0,0,0
USNM_50368,CBDDTY010004536.1,57,1,1,0,0,0,0
USNM_50368,CBDDTY010004544.1,57,1,1,0,0,0,0
USNM_50368,CBDDTY010004649.1,57,1,1,0,0,0,0
USNM_50368,CBDDTY010004921.1,57,1,1,0,0,0,0
USNM_50368,CBDDTY010005504.1,57,1,1,0,0,0,0
USNM_50368,CBDDTY010001833.1,56,1,1,0,0,0,0
USNM_50368,CBDDTY010001945.1,56,1,1,0,0,0,0
USNM_50368,CBDDTY010003671.1,56,1,1,0,0,0,0
USNM_50368,CBDDTY010003709.1,56,1,1,0,0,0,0
USNM_50368,CBDDTY010003733.1,56,1,1,0,0,0,0
USNM_50368,CBDDTY010003810.1,56,1,1,0,0,0,0
USNM_50368,CBDDTY010004443.1,56,1,1,0,100,0,0
USNM_50368,CBDDTY010004941.1,56,1.0892857142857142,1,0.28773635118317564,0,0,0
USNM_50368,CBDDTY010001843.1,55,1,1,0,0,0,0
USNM_50368,CBDDTY010003541.1,55,1,1,0,0,0,0
USNM_50368,CBDDTY010003630.1,55,1,1,0,0,0,0
USNM_50368,CBDDTY010003752.1,55,1,1,0,0,0,0
USNM_50368,CBDDTY010003986.1,55,1,1,0,0,0,0
USNM_50368,CBDDTY010004364.1,55,1,1,0,NA,0,0
USNM_50368,CBDDTY010004441.1,55,1,1,0,0,0,0
USNM_50368,CBDDTY010004753.1,55,1,1,0,66.66666666666667,0,0
USNM_50368,CBDDTY010003610.1,54,1,1,0,0,0,0
USNM_50368,CBDDTY010003765.1,54,1,1,0,0,0,0
USNM_50368,CBDDTY010003875.1,54,1,1,0,0,0,0
USNM_50368,CBDDTY010004390.1,54,1,1,0,NA,0,0
USNM_50368,CBDDTY010004453.1,54,1,1,0,NA,0,0
USNM_50368,CBDDTY010004664.1,54,1,1,0,0,0,0
USNM_50368,CBDDTY010005197.1,54,1,1,0,0,0,0
USNM_50368,CBDDTY010005564.1,54,1,1,0,NA,0,0
USNM_50368,CBDDTY010000081.1,53,1,1,0,0,0,0
USNM_50368,CBDDTY010001878.1,53,1,1,0,0,0,0
USNM_50368,CBDDTY010003387.1,53,1,1,0,100,0,0
USNM_50368,CBDDTY010003518.1,53,1,1,0,0,0,0
USNM_50368,CBDDTY010003544.1,53,1,1,0,0,0,0
USNM_50368,CBDDTY010003859.1,53,1,1,0,0,0,0
USNM_50368,CBDDTY010003989.1,53,1,1,0,0,0,0
USNM_50368,CBDDTY010004276.1,53,1,1,0,0,0,0
USNM_50368,CBDDTY010004303.1,53,1,1,0,0,0,0
USNM_50368,CBDDTY010004343.1,53,1,1,0,0,0,0
USNM_50368,CBDDTY010004515.1,53,1,1,0,0,0,0
USNM_50368,CBDDTY010004592.1,53,1,1,0,0,0,0
USNM_50368,CBDDTY010004951.1,53,1,1,0,0,0,0
USNM_50368,CBDDTY010005211.1,53,1,1,0,0,0,0
USNM_50368,CBDDTY010005270.1,53,1,1,0,0,0,0
USNM_50368,CBDDTY010003215.1,52,1,1,0,0,0,0
USNM_50368,CBDDTY010004125.1,52,1,1,0,0,0,0
USNM_50368,CBDDTY010004184.1,52,1,1,0,0,0,0
USNM_50368,CBDDTY010004360.1,52,1,1,0,100,0,0
USNM_50368,CBDDTY010004457.1,52,1,1,0,0,0,0
USNM_50368,CBDDTY010004509.1,52,1,1,0,0,0,0
USNM_50368,CBDDTY010004585.1,52,1,1,0,0,0,0
USNM_50368,CBDDTY010004822.1,52,1,1,0,0,0,0
USNM_50368,CBDDTY010004912.1,52,1,1,0,20,0,0
USNM_50368,CBDDTY010005026.1,52,1,1,0,0,0,0
USNM_50368,CBDDTY010005088.1,52,1,1,0,0,0,0
USNM_50368,CBDDTY010002344.1,51,1,1,0,0,0,0
USNM_50368,CBDDTY010003535.1,51,1,1,0,0,0,0
USNM_50368,CBDDTY010003833.1,51,1,1,0,0,0,0
USNM_50368,CBDDTY010003953.1,51,1,1,0,25,0,0
USNM_50368,CBDDTY010003971.1,51,1,1,0,33.333333333333336,0,0
USNM_50368,CBDDTY010003979.1,51,1,1,0,0,0,0
USNM_50368,CBDDTY010004145.1,51,1.5490196078431373,2,0.5025425550218042,0,0,0
USNM_50368,CBDDTY010004217.1,51,1,1,0,0,0,0
USNM_50368,CBDDTY010004295.1,51,1,1,0,0,0,0
USNM_50368,CBDDTY010004444.1,51,1,1,0,0,0,0
USNM_50368,CBDDTY010004526.1,51,1,1,0,0,0,0
USNM_50368,CBDDTY010004702.1,51,1,1,0,0,0,0
USNM_50368,CBDDTY010004744.1,51,1,1,0,0,0,0
USNM_50368,CBDDTY010005225.1,51,1.6470588235294117,2,0.4826397999239062,0,0,0
USNM_50368,CBDDTY010005295.1,51,1,1,0,0,0,0
USNM_50368,CBDDTY010005342.1,51,1,1,0,0,0,0
USNM_50368,CBDDTY010005463.1,51,1,1,0,0,0,0
USNM_50368,CBDDTY010005481.1,51,1,1,0,20,0,0
USNM_50368,CBDDTY010005556.1,51,1,1,0,NA,0,0
USNM_50368,CBDDTY010001663.1,50,1,1,0,12.5,0,0
USNM_50368,CBDDTY010001824.1,50,1,1,0,NA,0,0
USNM_50368,CBDDTY010002560.1,50,1,1,0,NA,0,0
USNM_50368,CBDDTY010002628.1,50,1,1,0,0,0,0
USNM_50368,CBDDTY010003410.1,50,1,1,0,0,0,0
USNM_50368,CBDDTY010003812.1,50,1,1,0,0,0,0
USNM_50368,CBDDTY010003950.1,50,1,1,0,0,0,0
USNM_50368,CBDDTY010004236.1,50,1,1,0,0,0,0
USNM_50368,CBDDTY010005024.1,50,1,1,0,0,0,0
USNM_50368,CBDDTY010005167.1,50,1,1,0,0,0,0
USNM_50368,CBDDTY010002846.1,49,1,1,0,0,0,0
USNM_50368,CBDDTY010004493.1,49,1,1,0,0,0,0
USNM_50368,CBDDTY010004657.1,49,1.5714285714285714,2,0.5,0,0,0
USNM_50368,CBDDTY010005101.1,49,1,1,0,0,0,0
USNM_50368,CBDDTY010003938.1,48,1,1,0,0,0,0
USNM_50368,CBDDTY010003974.1,48,1,1,0,NA,0,0
USNM_50368,CBDDTY010004616.1,48,1,1,0,0,0,0
USNM_50368,CBDDTY010004911.1,48,1,1,0,0,0,0
USNM_50368,CBDDTY010004995.1,48,1,1,0,0,0,0
USNM_50368,CBDDTY010005113.1,48,1,1,0,0,0,0
USNM_50368,CBDDTY010002338.1,47,1,1,0,0,0,0
USNM_50368,CBDDTY010002621.1,47,1,1,0,0,0,0
USNM_50368,CBDDTY010003863.1,47,1,1,0,66.66666666666667,0,0
USNM_50368,CBDDTY010003980.1,47,1,1,0,0,0,0
USNM_50368,CBDDTY010004169.1,47,1,1,0,NA,0,0
USNM_50368,CBDDTY010004231.1,47,1,1,0,NA,0,0
USNM_50368,CBDDTY010005474.1,47,1,1,0,0,0,0
USNM_50368,CBDDTY010005490.1,47,1,1,0,0,0,0
USNM_50368,CBDDTY010001965.1,46,1,1,0,0,0,0
USNM_50368,CBDDTY010003351.1,46,1,1,0,0,0,0
USNM_50368,CBDDTY010003388.1,46,1,1,0,0,0,0
USNM_50368,CBDDTY010003612.1,46,1,1,0,0,0,0
USNM_50368,CBDDTY010004061.1,46,1,1,0,0,0,0
USNM_50368,CBDDTY010004301.1,46,1,1,0,16.666666666666668,0,0
USNM_50368,CBDDTY010004370.1,46,1,1,0,0,0,0
USNM_50368,CBDDTY010004577.1,46,1,1,0,0,0,0
USNM_50368,CBDDTY010004609.1,46,1,1,0,0,0,0
USNM_50368,CBDDTY010004654.1,46,1,1,0,0,0,0
USNM_50368,CBDDTY010004732.1,46,1,1,0,0,0,0
USNM_50368,CBDDTY010005321.1,46,1,1,0,100,0,0
USNM_50368,CBDDTY010005422.1,46,1,1,0,0,0,0
USNM_50368,CBDDTY010005534.1,46,1,1,0,0,0,0
USNM_50368,CBDDTY010003542.1,45,1,1,0,0,0,0
USNM_50368,CBDDTY010003606.1,45,1,1,0,0,0,0
USNM_50368,CBDDTY010003826.1,45,1.4444444444444444,1,0.502518907629606,0,0,0
USNM_50368,CBDDTY010003885.1,45,1,1,0,0,0,0
USNM_50368,CBDDTY010003983.1,45,1,1,0,NA,0,0
USNM_50368,CBDDTY010004023.1,45,1,1,0,0,0,0
USNM_50368,CBDDTY010004030.1,45,1,1,0,0,0,0
USNM_50368,CBDDTY010004098.1,45,1,1,0,NA,0,0
USNM_50368,CBDDTY010004338.1,45,1,1,0,0,0,0
USNM_50368,CBDDTY010004711.1,45,1,1,0,0,0,0
USNM_50368,CBDDTY010004893.1,45,1,1,0,0,0,0
USNM_50368,CBDDTY010005241.1,45,1,1,0,0,0,0
USNM_50368,CBDDTY010003696.1,44,1,1,0,NA,0,0
USNM_50368,CBDDTY010004010.1,44,1,1,0,0,0,0
USNM_50368,CBDDTY010004206.1,44,1,1,0,0,0,0
USNM_50368,CBDDTY010004271.1,44,1,1,0,0,0,0
USNM_50368,CBDDTY010004462.1,44,1,1,0,0,0,0
USNM_50368,CBDDTY010004766.1,44,1,1,0,0,0,0
USNM_50368,CBDDTY010004904.1,44,1,1,0,NA,0,0
USNM_50368,CBDDTY010004908.1,44,1,1,0,NA,0,0
USNM_50368,CBDDTY010004962.1,44,1,1,0,NA,0,0
USNM_50368,CBDDTY010005000.1,44,1,1,0,0,0,0
USNM_50368,CBDDTY010005111.1,44,1,1,0,0,0,0
USNM_50368,CBDDTY010005163.1,44,1,1,0,0,0,0
USNM_50368,CBDDTY010001920.1,43,1,1,0,NA,0,0
USNM_50368,CBDDTY010002967.1,43,1,1,0,0,0,0
USNM_50368,CBDDTY010003761.1,43,1,1,0,0,0,0
USNM_50368,CBDDTY010003771.1,43,1,1,0,0,0,0
USNM_50368,CBDDTY010003883.1,43,1,1,0,0,0,0
USNM_50368,CBDDTY010003895.1,43,1,1,0,0,0,0
USNM_50368,CBDDTY010004133.1,43,1,1,0,0,0,0
USNM_50368,CBDDTY010004328.1,43,1,1,0,0,0,0
USNM_50368,CBDDTY010004790.1,43,1,1,0,0,0,0
USNM_50368,CBDDTY010004870.1,43,1,1,0,0,0,0
USNM_50368,CBDDTY010004938.1,43,1,1,0,0,0,0
USNM_50368,CBDDTY010005254.1,43,1,1,0,0,0,0
USNM_50368,CBDDTY010005305.1,43,1,1,0,NA,0,0
USNM_50368,CBDDTY010000914.1,42,1,1,0,NA,0,0
USNM_50368,CBDDTY010003699.1,42,1,1,0,0,0,0
USNM_50368,CBDDTY010004113.1,42,1,1,0,0,0,0
USNM_50368,CBDDTY010004255.1,42,1,1,0,0,0,0
USNM_50368,CBDDTY010004286.1,42,1,1,0,0,0,0
USNM_50368,CBDDTY010004340.1,42,1,1,0,0,0,0
USNM_50368,CBDDTY010004726.1,42,1,1,0,0,0,0
USNM_50368,CBDDTY010004791.1,42,1,1,0,NA,0,0
USNM_50368,CBDDTY010004877.1,42,1,1,0,0,0,0
USNM_50368,CBDDTY010005236.1,42,1,1,0,0,0,0
USNM_50368,CBDDTY010005459.1,42,1,1,0,0,0,0
USNM_50368,CBDDTY010003680.1,41,1,1,0,NA,0,0
USNM_50368,CBDDTY010003951.1,41,1,1,0,0,0,0
USNM_50368,CBDDTY010004086.1,41,1,1,0,0,0,0
USNM_50368,CBDDTY010004221.1,41,1,1,0,0,0,0
USNM_50368,CBDDTY010004243.1,41,1,1,0,100,0,0
USNM_50368,CBDDTY010004437.1,41,1,1,0,0,0,0
USNM_50368,CBDDTY010004492.1,41,1,1,0,0,0,0
USNM_50368,CBDDTY010004677.1,41,1,1,0,0,0,0
USNM_50368,CBDDTY010004720.1,41,1,1,0,0,0,0
USNM_50368,CBDDTY010004763.1,41,1,1,0,0,0,0
USNM_50368,CBDDTY010004960.1,41,1,1,0,0,0,0
USNM_50368,CBDDTY010005060.1,41,1,1,0,0,0,0
USNM_50368,CBDDTY010005223.1,41,1,1,0,0,0,0
USNM_50368,CBDDTY010005484.1,41,1,1,0,0,0,0
USNM_50368,CBDDTY010002366.1,40,1,1,0,0,0,0
USNM_50368,CBDDTY010003199.1,40,1,1,0,0,0,0
USNM_50368,CBDDTY010003786.1,40,1,1,0,0,0,0
USNM_50368,CBDDTY010003802.1,40,1,1,0,0,0,0
USNM_50368,CBDDTY010003916.1,40,1,1,0,NA,0,0
USNM_50368,CBDDTY010003994.1,40,1,1,0,50,0,0
USNM_50368,CBDDTY010004101.1,40,1,1,0,0,0,0
USNM_50368,CBDDTY010004239.1,40,1,1,0,0,0,0
USNM_50368,CBDDTY010004268.1,40,1,1,0,66.66666666666667,0,0
USNM_50368,CBDDTY010004495.1,40,1,1,0,NA,0,0
USNM_50368,CBDDTY010004590.1,40,1,1,0,0,0,0
USNM_50368,CBDDTY010004772.1,40,1,1,0,NA,0,0
USNM_50368,CBDDTY010005115.1,40,1,1,0,0,0,0
USNM_50368,CBDDTY010005221.1,40,1,1,0,0,0,0
USNM_50368,CBDDTY010003567.1,39,1,1,0,0,0,0
USNM_50368,CBDDTY010003663.1,39,1,1,0,0,0,0
USNM_50368,CBDDTY010003924.1,39,1,1,0,0,0,0
USNM_50368,CBDDTY010003930.1,39,1,1,0,0,0,0
USNM_50368,CBDDTY010003999.1,39,1,1,0,0,0,0
USNM_50368,CBDDTY010004066.1,39,1,1,0,0,0,0
USNM_50368,CBDDTY010004080.1,39,1,1,0,0,0,0
USNM_50368,CBDDTY010004148.1,39,1,1,0,0,0,0
USNM_50368,CBDDTY010004193.1,39,1,1,0,0,0,0
USNM_50368,CBDDTY010004848.1,39,1,1,0,NA,0,0
USNM_50368,CBDDTY010005146.1,39,1,1,0,0,0,0
USNM_50368,CBDDTY010005186.1,39,1,1,0,0,0,0
USNM_50368,CBDDTY010005288.1,39,1,1,0,0,0,0
USNM_50368,CBDDTY010005343.1,39,1,1,0,0,0,0
USNM_50368,CBDDTY010005414.1,39,1,1,0,NA,0,0
USNM_50368,CBDDTY010005435.1,39,1,1,0,NA,0,0
USNM_50368,CBDDTY010005498.1,39,1,1,0,0,0,0
USNM_50368,CBDDTY010001290.1,38,1,1,0,0,0,0
USNM_50368,CBDDTY010001412.1,38,1,1,0,100,0,0
USNM_50368,CBDDTY010002458.1,38,1,1,0,0,0,0
USNM_50368,CBDDTY010003317.1,38,1,1,0,0,0,0
USNM_50368,CBDDTY010004104.1,38,1,1,0,0,0,0
USNM_50368,CBDDTY010004805.1,38,1,1,0,0,0,0
USNM_50368,CBDDTY010004835.1,38,1,1,0,0,0,0
USNM_50368,CBDDTY010005213.1,38,1,1,0,0,0,0
USNM_50368,CBDDTY010000352.1,37,2.3513513513513513,2,0.6331673561554646,NA,0,0
USNM_50368,CBDDTY010003775.1,37,1,1,0,NA,0,0
USNM_50368,CBDDTY010004032.1,37,1,1,0,0,0,0
USNM_50368,CBDDTY010004690.1,37,1,1,0,0,0,0
USNM_50368,CBDDTY010004735.1,37,1,1,0,0,0,0
USNM_50368,CBDDTY010004919.1,37,1,1,0,NA,0,0
USNM_50368,CBDDTY010005122.1,37,1,1,0,0,0,0
USNM_50368,CBDDTY010005284.1,37,1,1,0,0,0,0
USNM_50368,CBDDTY010003331.1,36,1,1,0,0,0,0
USNM_50368,CBDDTY010003794.1,36,1,1,0,0,0,0
USNM_50368,CBDDTY010003866.1,36,1,1,0,0,0,0
USNM_50368,CBDDTY010003911.1,36,1,1,0,0,0,0
USNM_50368,CBDDTY010003922.1,36,1,1,0,0,0,0
USNM_50368,CBDDTY010004335.1,36,1,1,0,0,0,0
USNM_50368,CBDDTY010004463.1,36,1,1,0,0,0,0
USNM_50368,CBDDTY010004628.1,36,1,1,0,NA,0,0
USNM_50368,CBDDTY010005298.1,36,1,1,0,NA,0,0
USNM_50368,CBDDTY010003078.1,35,1,1,0,0,0,0
USNM_50368,CBDDTY010003678.1,35,1,1,0,0,0,0
USNM_50368,CBDDTY010004141.1,35,1,1,0,NA,0,0
USNM_50368,CBDDTY010004331.1,35,1,1,0,0,0,0
USNM_50368,CBDDTY010004389.1,35,1,1,0,0,0,0
USNM_50368,CBDDTY010004662.1,35,1,1,0,0,0,0
USNM_50368,CBDDTY010004814.1,35,1,1,0,0,0,0
USNM_50368,CBDDTY010004929.1,35,1,1,0,0,0,0
USNM_50368,CBDDTY010005152.1,35,1,1,0,0,0,0
USNM_50368,CBDDTY010005373.1,35,1,1,0,0,0,0
USNM_50368,CBDDTY010005381.1,35,1,1,0,100,0,0
USNM_50368,CBDDTY010005536.1,35,1,1,0,0,0,0
USNM_50368,CBDDTY010000083.1,34,1,1,0,0,0,0
USNM_50368,CBDDTY010000861.1,34,1,1,0,0,0,0
USNM_50368,CBDDTY010003648.1,34,1,1,0,0,0,0
USNM_50368,CBDDTY010003760.1,34,1,1,0,0,0,0
USNM_50368,CBDDTY010003934.1,34,1,1,0,0,0,0
USNM_50368,CBDDTY010004060.1,34,1,1,0,0,0,0
USNM_50368,CBDDTY010004149.1,34,1,1,0,0,0,0
USNM_50368,CBDDTY010004304.1,34,1,1,0,NA,0,0
USNM_50368,CBDDTY010004385.1,34,1,1,0,0,0,0
USNM_50368,CBDDTY010004538.1,34,1,1,0,0,0,0
USNM_50368,CBDDTY010004539.1,34,1,1,0,0,0,0
USNM_50368,CBDDTY010004696.1,34,1,1,0,0,0,0
USNM_50368,CBDDTY010005009.1,34,1,1,0,0,0,0
USNM_50368,CBDDTY010005247.1,34,1,1,0,0,0,0
USNM_50368,CBDDTY010005393.1,34,1.7352941176470589,2,0.44781107551989907,0,0,0
USNM_50368,CBDDTY010005500.1,34,1,1,0,0,0,0
USNM_50368,CBDDTY010003315.1,33,1,1,0,0,0,0
USNM_50368,CBDDTY010003428.1,33,1,1,0,0,0,0
USNM_50368,CBDDTY010004129.1,33,1,1,0,0,0,0
USNM_50368,CBDDTY010004251.1,33,1,1,0,0,0,0
USNM_50368,CBDDTY010004896.1,33,1,1,0,0,0,0
USNM_50368,CBDDTY010005110.1,33,1,1,0,0,0,0
USNM_50368,CBDDTY010005326.1,33,1,1,0,0,0,0
USNM_50368,CBDDTY010003720.1,32,1,1,0,0,0,0
USNM_50368,CBDDTY010003803.1,32,1,1,0,NA,0,0
USNM_50368,CBDDTY010004037.1,32,1,1,0,0,0,0
USNM_50368,CBDDTY010004047.1,32,1,1,0,0,0,0
USNM_50368,CBDDTY010004249.1,32,1,1,0,50,0,0
USNM_50368,CBDDTY010004748.1,32,1,1,0,0,0,0
USNM_50368,CBDDTY010002514.1,31,1,1,0,0,0,0
USNM_50368,CBDDTY010003926.1,31,1,1,0,0,0,0
USNM_50368,CBDDTY010004182.1,31,1,1,0,NA,0,0
USNM_50368,CBDDTY010004229.1,31,1,1,0,0,0,0
USNM_50368,CBDDTY010004265.1,31,1,1,0,0,0,0
USNM_50368,CBDDTY010004300.1,31,1,1,0,0,0,0
USNM_50368,CBDDTY010004354.1,31,1,1,0,0,0,0
USNM_50368,CBDDTY010004358.1,31,1,1,0,0,0,0
USNM_50368,CBDDTY010004684.1,31,1,1,0,NA,0,0
USNM_50368,CBDDTY010004806.1,31,1,1,0,0,0,0
USNM_50368,CBDDTY010004840.1,31,1,1,0,0,0,0
USNM_50368,CBDDTY010004894.1,31,1,1,0,0,0,0
USNM_50368,CBDDTY010005292.1,31,1,1,0,0,0,0
USNM_50368,CBDDTY010005310.1,31,1,1,0,0,0,0
USNM_50368,CBDDTY010005416.1,31,1,1,0,33.333333333333336,0,0
USNM_50368,CBDDTY010005431.1,31,1,1,0,0,0,0
USNM_50368,CBDDTY010002408.1,30,1,1,0,0,0,0
USNM_50368,CBDDTY010002837.1,30,1,1,0,80,0,0
USNM_50368,CBDDTY010003584.1,30,1,1,0,0,0,0
USNM_50368,CBDDTY010003830.1,30,1,1,0,16.666666666666668,0,0
USNM_50368,CBDDTY010003867.1,30,1,1,0,0,0,0
USNM_50368,CBDDTY010004017.1,30,1,1,0,0,0,0
USNM_50368,CBDDTY010004040.1,30,1,1,0,NA,0,0
USNM_50368,CBDDTY010004087.1,30,1,1,0,50,0,0
USNM_50368,CBDDTY010004159.1,30,1,1,0,NA,0,0
USNM_50368,CBDDTY010004344.1,30,1,1,0,0,0,0
USNM_50368,CBDDTY010004460.1,30,1,1,0,0,0,0
USNM_50368,CBDDTY010004730.1,30,1,1,0,0,0,0
USNM_50368,CBDDTY010004773.1,30,1,1,0,0,0,0
USNM_50368,CBDDTY010004978.1,30,1,1,0,0,0,0
USNM_50368,CBDDTY010004996.1,30,1,1,0,0,0,0
USNM_50368,CBDDTY010002278.1,29,1,1,0,NA,0,0
USNM_50368,CBDDTY010002774.1,29,1,1,0,0,0,0
USNM_50368,CBDDTY010003580.1,29,1,1,0,0,0,0
USNM_50368,CBDDTY010004246.1,29,1,1,0,0,0,0
USNM_50368,CBDDTY010004339.1,29,1,1,0,0,0,0
USNM_50368,CBDDTY010005312.1,29,1,1,0,0,0,0
USNM_50368,CBDDTY010003940.1,28,1,1,0,0,0,0
USNM_50368,CBDDTY010003963.1,28,1,1,0,NA,0,0
USNM_50368,CBDDTY010004369.1,28,1,1,0,NA,0,0
USNM_50368,CBDDTY010004470.1,28,1,1,0,0,0,0
USNM_50368,CBDDTY010005011.1,28,1,1,0,NA,0,0
USNM_50368,CBDDTY010005278.1,28,1,1,0,66.66666666666667,0,0
USNM_50368,CBDDTY010005555.1,28,1,1,0,0,0,0
USNM_50368,CBDDTY010003435.1,27,1,1,0,0,0,0
USNM_50368,CBDDTY010003862.1,27,1,1,0,0,0,0
USNM_50368,CBDDTY010003929.1,27,1,1,0,0,0,0
USNM_50368,CBDDTY010003975.1,27,1,1,0,0,0,0
USNM_50368,CBDDTY010004678.1,27,1,1,0,0,0,0
USNM_50368,CBDDTY010004818.1,27,1,1,0,0,0,0
USNM_50368,CBDDTY010004878.1,27,1,1,0,0,0,0
USNM_50368,CBDDTY010005328.1,27,1,1,0,0,0,0
USNM_50368,CBDDTY010004154.1,26,1,1,0,0,0,0
USNM_50368,CBDDTY010004248.1,26,1,1,0,0,0,0
USNM_50368,CBDDTY010004374.1,26,1,1,0,0,0,0
USNM_50368,CBDDTY010005047.1,26,1,1,0,0,0,0
USNM_50368,CBDDTY010005242.1,26,1,1,0,0,0,0
USNM_50368,CBDDTY010005313.1,26,1.5769230769230769,2,0.5038314736557788,0,0,0
USNM_50368,CBDDTY010004189.1,25,1,1,0,NA,0,0
USNM_50368,CBDDTY010004574.1,25,1,1,0,0,0,0
USNM_50368,CBDDTY010004642.1,25,1,1,0,0,0,0
USNM_50368,CBDDTY010004668.1,25,1,1,0,0,0,0
USNM_50368,CBDDTY010005388.1,25,1,1,0,0,0,0
USNM_50368,CBDDTY010004015.1,24,1,1,0,NA,0,0
USNM_50368,CBDDTY010004209.1,24,1,1,0,0,0,0
USNM_50368,CBDDTY010004353.1,24,1,1,0,0,0,0
USNM_50368,CBDDTY010004505.1,24,1,1,0,0,0,0
USNM_50368,CBDDTY010004811.1,24,1,1,0,0,0,0
USNM_50368,CBDDTY010005081.1,24,1,1,0,0,0,0
USNM_50368,CBDDTY010005090.1,24,1,1,0,100,0,0
USNM_50368,CBDDTY010005243.1,24,1,1,0,100,0,0
USNM_50368,CBDDTY010005553.1,24,1,1,0,NA,0,0
USNM_50368,CBDDTY010004132.1,23,1,1,0,NA,0,0
USNM_50368,CBDDTY010004563.1,23,1,1,0,0,0,0
USNM_50368,CBDDTY010005347.1,23,1,1,0,0,0,0
USNM_50368,CBDDTY010002983.1,22,1,1,0,0,0,0
USNM_50368,CBDDTY010004170.1,22,1,1,0,0,0,0
USNM_50368,CBDDTY010004171.1,22,1,1,0,0,0,0
USNM_50368,CBDDTY010004263.1,22,1,1,0,0,0,0
USNM_50368,CBDDTY010004345.1,22,1,1,0,NA,0,0
USNM_50368,CBDDTY010005209.1,22,1,1,0,100,0,0
USNM_50368,CBDDTY010001909.1,21,1,1,0,0,0,0
USNM_50368,CBDDTY010002446.1,21,1,1,0,0,0,0
USNM_50368,CBDDTY010003835.1,21,1,1,0,0,0,0
USNM_50368,CBDDTY010003932.1,21,1,1,0,NA,0,0
USNM_50368,CBDDTY010004079.1,21,1,1,0,0,0,0
USNM_50368,CBDDTY010004410.1,21,1,1,0,NA,0,0
USNM_50368,CBDDTY010004438.1,21,1,1,0,0,0,0
USNM_50368,CBDDTY010003482.1,20,1,1,0,0,0,0
USNM_50368,CBDDTY010003651.1,20,1,1,0,0,0,0
USNM_50368,CBDDTY010004311.1,20,1,1,0,0,0,0
USNM_50368,CBDDTY010005379.1,20,1,1,0,0,0,0
USNM_50368,CBDDTY010005389.1,20,1,1,0,NA,0,0
USNM_50368,CBDDTY010003856.1,19,1,1,0,0,0,0
USNM_50368,CBDDTY010004072.1,19,1,1,0,0,0,0
USNM_50368,CBDDTY010004513.1,19,1,1,0,NA,0,0
USNM_50368,CBDDTY010005124.1,19,1,1,0,0,0,0
USNM_50368,CBDDTY010004398.1,18,1,1,0,0,0,0
USNM_50368,CBDDTY010004501.1,18,1,1,0,NA,0,0
USNM_50368,CBDDTY010001039.1,17,1,1,0,0,0,0
USNM_50368,CBDDTY010002933.1,17,1,1,0,NA,0,0
USNM_50368,CBDDTY010004192.1,17,1,1,0,0,0,0
USNM_50368,CBDDTY010002523.1,16,1,1,0,NA,0,0
USNM_50368,CBDDTY010004887.1,16,1,1,0,NA,0,0
USNM_50368,CBDDTY010004727.1,15,1,1,0,0,0,0
USNM_50368,CBDDTY010003871.1,14,1,1,0,NA,0,0
USNM_50368,CBDDTY010004603.1,14,1,1,0,0,0,0
USNM_50368,CBDDTY010003470.1,13,1,1,0,NA,0,0
USNM_50368,CBDDTY010003969.1,13,1,1,0,0,0,0
USNM_50368,CBDDTY010005233.1,13,1,1,0,0,0,0
USNM_50368,CBDDTY010001778.1,10,1,1,0,NA,0,0
USNM_50368,CBDDTY010003187.1,10,1,1,0,NA,0,0
USNM_50368,CBDDTY010004200.1,6,1,1,0,NA,0,0
USNM_50368,CBDDTY010005014.1,5,1,1,0,NA,0,0
