#rname	startpos	endpos	numreads	covbases	coverage	meandepth	meanbaseq	meanmapq
OZ247652.1	1	90891126	42196	5478942	6.02803	0.0734779	29.6	15.7
CBDDTY010000001.1	1	2201400	510	68277	3.10153	0.0351767	30	12.2
CBDDTY010000002.1	1	375200	139	19277	5.13779	0.0666951	29.6	1.58
OZ247653.1	1	59305165	33440	4597476	7.75224	0.0897083	29.7	20.2
CBDDTY010000003.1	1	159000	1	362	0.227673	0.00227673	38	0
CBDDTY010000004.1	1	132000	12	1653	1.25227	0.0172045	30.1	1.67
CBDDTY010000005.1	1	112000	22	3205	2.86161	0.0325804	29.5	0.136
OZ247654.1	1	55603820	32113	4346090	7.81617	0.0917491	29.4	19.5
CBDDTY010000006.1	1	237387	89	11769	4.95773	0.05649	29.9	19
CBDDTY010000007.1	1	212000	8	1610	0.759434	0.00759434	29	1.38
OZ247655.1	1	27535131	16804	2085402	7.5736	0.0977715	29.7	16.5
OZ247656.1	1	25493044	18204	2489103	9.76385	0.114377	29.7	22.7
OZ247657.1	1	20427586	13166	1814427	8.88224	0.102181	29.7	22.8
CBDDTY010000008.1	1	1510391	21	3363	0.222658	0.00229543	32	0.619
CBDDTY010000009.1	1	203586	17	2586	1.27022	0.0140678	32.2	0.529
OZ247658.1	1	19570859	11998	1640344	8.38156	0.0977642	29.7	20.8
OZ247659.1	1	15043846	9390	1206520	8.02002	0.0956265	29.3	18.9
CBDDTY010000010.1	1	3154400	1004	132893	4.21294	0.0502723	29.8	13.4
CBDDTY010000011.1	1	372599	277	35577	9.54833	0.121334	28.3	2.78
OZ247660.1	1	18558849	9857	1316035	7.09115	0.0846798	29.6	19
OZ247661.1	1	18228942	15905	1902162	10.4348	0.140189	29.6	16
OZ247662.1	1	18164600	10911	1502717	8.27278	0.0958367	29.6	21.3
OZ247663.1	1	17898725	10313	1403030	7.83871	0.0940879	29.4	19.8
OZ247664.1	1	16834196	10208	1424043	8.45923	0.0974158	29.7	22.2
OZ247665.1	1	16704832	10939	1481428	8.86826	0.104379	29.7	20.1
OZ247666.1	1	16645368	10020	1375512	8.26363	0.0963074	29.7	20.6
OZ247667.1	1	14847524	8020	1125834	7.58264	0.0869956	29.8	23.6
OZ247668.1	1	14820029	8797	1202789	8.11597	0.0943415	29.8	19.8
CBDDTY010000012.1	1	6743	1	112	1.66098	0.0166098	42.6	60
CBDDTY010000014.1	1	74823	105	13266	17.7298	0.220293	30	23.6
CBDDTY010000015.1	1	513578	252	33007	6.42687	0.0756321	28.9	9.69
CBDDTY010000016.1	1	15272	23	2219	14.5299	0.235136	30.6	17
CBDDTY010000018.1	1	1808000	798	108992	6.02832	0.0717019	29.8	12.1
CBDDTY010000019.1	1	1397391	427	66683	4.77196	0.05366	29.6	0.946
CBDDTY010000020.1	1	1374880	453	60784	4.42104	0.0520831	29.9	15.8
CBDDTY010000022.1	1	792527	494	63079	7.95922	0.0937583	29.4	12.9
CBDDTY010000023.1	1	1139680	466	47091	4.13195	0.0744963	30.2	10.6
CBDDTY010000024.1	1	1667	1	259	15.5369	0.155369	29.8	0
CBDDTY010000025.1	1	1026420	442	61413	5.98322	0.0676409	29.7	15
CBDDTY010000026.1	1	1012600	194	24599	2.42929	0.0295546	29.4	12.3
CBDDTY010000027.1	1	968581	242	34494	3.56129	0.0414896	29.9	15.8
CBDDTY010000028.1	1	555299	267	33903	6.10536	0.0835496	30	3.69
CBDDTY010000029.1	1	799000	650	66340	8.30288	0.13561	29.8	15.3
CBDDTY010000030.1	1	749000	15	1853	0.247397	0.00260748	29.1	0.667
CBDDTY010000031.1	1	715217	308	40619	5.67926	0.0676158	29.7	19.2
CBDDTY010000032.1	1	699400	188	25473	3.64212	0.0447326	29.5	5.73
CBDDTY010000033.1	1	662224	14	1949	0.294311	0.00332969	27.6	0.286
CBDDTY010000034.1	1	657600	282	29881	4.54395	0.0724681	29.8	11.4
CBDDTY010000035.1	1	604775	340	43130	7.13158	0.0869712	29.6	17.1
CBDDTY010000036.1	1	577475	338	46816	8.10702	0.0929062	29.5	15.6
CBDDTY010000037.1	1	364000	2	294	0.0807692	0.000807692	27.2	0
CBDDTY010000038.1	1	353843	111	14596	4.12499	0.0488776	29.9	21.3
CBDDTY010000039.1	1	347000	175	22993	6.62622	0.0754957	29.5	11.1
CBDDTY010000040.1	1	340000	38	4453	1.30971	0.0171147	29.6	8.92
CBDDTY010000041.1	1	335200	99	13953	4.16259	0.0449523	30.4	6.76
CBDDTY010000042.1	1	294000	218	28895	9.82823	0.11549	29.2	13.1
CBDDTY010000043.1	1	288000	114	13299	4.61771	0.0571771	29.6	7.16
CBDDTY010000044.1	1	285552	125	16672	5.83852	0.0669755	29.8	9.2
CBDDTY010000045.1	1	284000	85	10299	3.62641	0.0494648	28.7	9.05
CBDDTY010000046.1	1	267800	195	25758	9.61837	0.115724	30.2	15.5
CBDDTY010000047.1	1	254316	8	1122	0.441183	0.00475786	28.8	3.12
CBDDTY010000048.1	1	240800	130	16796	6.97508	0.0808223	30.2	14
CBDDTY010000049.1	1	221200	67	9221	4.16863	0.0523146	30.2	2.67
CBDDTY010000050.1	1	211042	74	10340	4.8995	0.0521934	29.4	15.1
CBDDTY010000051.1	1	205000	102	12712	6.20098	0.0751707	29.4	13.8
CBDDTY010000052.1	1	195200	55	7168	3.67213	0.0435809	29.4	7.25
CBDDTY010000053.1	1	195000	107	15570	7.98462	0.0866513	29.4	26.3
CBDDTY010000054.1	1	194200	25	4164	2.14418	0.0228218	29.9	4
CBDDTY010000055.1	1	193800	145	17119	8.83333	0.12081	29.1	12.7
CBDDTY010000056.1	1	190600	144	19361	10.1579	0.120551	29.6	12.8
CBDDTY010000057.1	1	180000	33	3441	1.91167	0.0277833	31.5	7.42
CBDDTY010000058.1	1	178701	41	5454	3.05203	0.0357581	30.5	8.32
CBDDTY010000059.1	1	175000	44	6294	3.59657	0.0384	29.8	2.27
CBDDTY010000060.1	1	169926	139	17581	10.3463	0.134617	28.7	5.4
CBDDTY010000061.1	1	165200	50	6626	4.0109	0.0475242	30.3	5.76
CBDDTY010000062.1	1	162000	85	10369	6.40062	0.0839877	30.8	8.73
CBDDTY010000063.1	1	161000	98	12095	7.51242	0.109969	30.2	1.38
CBDDTY010000064.1	1	4986	1	123	2.46691	0.0246691	31.8	1
CBDDTY010000066.1	1	155400	13	1717	1.10489	0.0129151	30.8	4.46
CBDDTY010000067.1	1	153036	113	14401	9.4102	0.117286	29.3	7.19
CBDDTY010000068.1	1	153000	73	9187	6.00458	0.0774575	29.5	6.96
CBDDTY010000070.1	1	150357	83	10987	7.30728	0.0793711	29.5	5.41
CBDDTY010000071.1	1	142400	1	347	0.24368	0.0024368	24.9	1
CBDDTY010000072.1	1	140603	82	10771	7.66058	0.0894362	30.4	5.21
CBDDTY010000073.1	1	134000	3	705	0.526119	0.00526119	29.6	0.333
CBDDTY010000074.1	1	127396	13	2201	1.72768	0.0182816	27.8	2.31
CBDDTY010000075.1	1	126000	34	5070	4.02381	0.0434683	28.8	0.794
CBDDTY010000076.1	1	122094	113	13910	11.3929	0.143021	29.3	4.29
CBDDTY010000077.1	1	118000	35	4699	3.9822	0.0475847	30.2	1.14
CBDDTY010000078.1	1	113200	68	9123	8.05919	0.0846466	30.9	0.147
CBDDTY010000079.1	1	110600	88	10053	9.08951	0.1317	29.1	14.5
CBDDTY010000080.1	1	109000	2	312	0.286239	0.00286239	27.6	0
CBDDTY010000081.1	1	106000	5	725	0.683962	0.00683962	28.1	0
CBDDTY010000082.1	1	105000	42	5807	5.53048	0.0591333	29.2	8.24
CBDDTY010000083.1	1	103000	2	218	0.21165	0.0021165	31.7	0.5
CBDDTY010000084.1	1	101400	3	293	0.288955	0.00288955	27	0
CBDDTY010000085.1	1	101000	28	4221	4.17921	0.0447723	27.2	0.214
CBDDTY010000086.1	1	99160	65	8128	8.19685	0.0963796	30.7	12.1
CBDDTY010000087.1	1	98000	19	2138	2.18163	0.0289694	30	0.105
CBDDTY010000088.1	1	94000	24	3751	3.99043	0.0423723	30.6	0.875
CBDDTY010000089.1	1	93200	15	1934	2.07511	0.020912	29.9	0.0667
CBDDTY010000090.1	1	93200	57	6597	7.07833	0.0937017	29.3	20.4
CBDDTY010000091.1	1	91592	1	300	0.32754	0.0032754	23.5	0
CBDDTY010000092.1	1	91000	2	509	0.559341	0.00559341	22.4	0.5
CBDDTY010000093.1	1	89742	75	10146	11.3057	0.134686	27.9	1.36
CBDDTY010000094.1	1	89082	28	3901	4.37911	0.0516939	28.7	4.68
CBDDTY010000095.1	1	89000	5	794	0.892135	0.00994382	28.2	23
CBDDTY010000096.1	1	89000	3	876	0.98427	0.0098427	30.8	20
CBDDTY010000097.1	1	88400	28	2786	3.15158	0.0451244	30.4	3.04
CBDDTY010000098.1	1	88187	29	3245	3.67968	0.0428181	31.6	2.9
CBDDTY010000099.1	1	88000	62	7869	8.94205	0.0992955	30	10.3
CBDDTY010000100.1	1	85432	89	11016	12.8945	0.148481	28.9	1.27
CBDDTY010000101.1	1	84721	23	2922	3.44897	0.036874	27.9	5
CBDDTY010000102.1	1	84000	52	6557	7.80595	0.0919881	30.2	12.7
CBDDTY010000103.1	1	82593	2	251	0.3039	0.003039	35.3	0
CBDDTY010000104.1	1	82000	9	1551	1.89146	0.0189146	29.3	0.667
CBDDTY010000105.1	1	81000	5	680	0.839506	0.00959259	28	0.4
CBDDTY010000106.1	1	79800	21	2979	3.73308	0.04099	28.7	12.6
CBDDTY010000107.1	1	80000	1	361	0.45125	0.0045125	33.2	1
CBDDTY010000108.1	1	80000	27	3561	4.45125	0.0584875	28.1	14.1
CBDDTY010000109.1	1	79658	15	2308	2.89739	0.0307941	29.4	16.1
CBDDTY010000110.1	1	78800	35	5161	6.54949	0.0707741	28.3	18.4
CBDDTY010000111.1	1	79000	117	16013	20.2696	0.263114	29.7	1.63
CBDDTY010000112.1	1	78378	36	5157	6.57965	0.0697007	28.3	7.53
CBDDTY010000113.1	1	78200	42	6423	8.21355	0.0968926	28.9	4.19
CBDDTY010000114.1	1	77000	8	1268	1.64675	0.0164675	29.9	7.38
CBDDTY010000115.1	1	76454	30	4367	5.71193	0.0581788	30.2	0.1
CBDDTY010000116.1	1	75599	617	32062	42.4106	1.31277	26.9	0.0211
CBDDTY010000117.1	1	75000	85	10136	13.5147	0.17868	30	3.04
CBDDTY010000118.1	1	74641	44	6226	8.34126	0.0896692	30.4	25.5
CBDDTY010000119.1	1	74000	37	5449	7.36351	0.0799865	28.7	13.5
CBDDTY010000120.1	1	74000	27	4151	5.60946	0.0614865	30.3	0.926
CBDDTY010000121.1	1	74000	3	678	0.916216	0.00916216	31.4	0.667
CBDDTY010000122.1	1	74000	3	588	0.794595	0.00794595	33.6	0
CBDDTY010000123.1	1	72678	36	4707	6.47651	0.0776989	30.5	16.8
CBDDTY010000124.1	1	72011	38	4839	6.71981	0.080446	29.2	10.6
CBDDTY010000125.1	1	71823	36	5246	7.30407	0.0831628	30.5	12.2
CBDDTY010000126.1	1	72000	65	9325	12.9514	0.146208	29.1	1.43
CBDDTY010000127.1	1	72000	3	330	0.458333	0.00458333	30.2	6
CBDDTY010000128.1	1	72000	49	5817	8.07917	0.104653	28.6	9.06
CBDDTY010000129.1	1	71000	30	3884	5.47042	0.0643662	29.7	3.4
CBDDTY010000130.1	1	70000	24	3615	5.16429	0.0524571	29.8	0.125
CBDDTY010000131.1	1	69800	48	5501	7.88109	0.101734	30.7	8.17
CBDDTY010000132.1	1	69600	16	2473	3.55316	0.0364799	28	2.88
CBDDTY010000133.1	1	68800	56	8284	12.0407	0.14016	29.2	14
CBDDTY010000134.1	1	69000	57	7830	11.3478	0.127609	28.9	2.12
CBDDTY010000135.1	1	68847	47	4502	6.53914	0.0992781	30.4	7.13
CBDDTY010000136.1	1	68000	11	1648	2.42353	0.0258235	29.9	20.4
CBDDTY010000137.1	1	68000	5	711	1.04559	0.0104559	27.8	0.2
CBDDTY010000138.1	1	66000	73	5799	8.78636	0.189515	29.9	9.92
CBDDTY010000139.1	1	65676	12	1658	2.52451	0.0257933	34.6	0.583
CBDDTY010000140.1	1	65517	20	2553	3.8967	0.0476975	27.9	25.6
CBDDTY010000141.1	1	65000	405	12353	19.0046	1.01963	28.9	9.29
CBDDTY010000142.1	1	64675	25	3318	5.13027	0.0535292	29	0.68
CBDDTY010000143.1	1	64000	44	5030	7.85938	0.0879531	29.5	1.57
CBDDTY010000144.1	1	64000	6	809	1.26406	0.0126406	30.7	1.17
CBDDTY010000145.1	1	64000	28	3644	5.69375	0.0610938	29.1	1.64
CBDDTY010000146.1	1	63800	28	3898	6.10972	0.0675235	30.1	4.07
CBDDTY010000147.1	1	64000	11	1662	2.59687	0.0283906	25.6	4.82
CBDDTY010000148.1	1	63205	54	7189	11.3741	0.140005	29.5	1.93
CBDDTY010000149.1	1	63000	16	2482	3.93968	0.0428413	30.2	5.5
CBDDTY010000150.1	1	63000	36	5689	9.03016	0.0959683	29.8	0.0278
CBDDTY010000151.1	1	62400	23	3237	5.1875	0.0704006	27.8	2.09
CBDDTY010000152.1	1	61800	32	4463	7.22168	0.0803074	29.3	5.88
CBDDTY010000153.1	1	62000	26	3507	5.65645	0.0655161	28.5	1.27
CBDDTY010000154.1	1	61792	14	1515	2.45177	0.0268643	31	8.07
CBDDTY010000155.1	1	61130	17	2132	3.48765	0.0411745	31.7	15.3
CBDDTY010000156.1	1	61000	6	831	1.3623	0.0186393	24.2	0.167
CBDDTY010000157.1	1	61000	1	247	0.404918	0.00404918	29.3	1
CBDDTY010000158.1	1	59400	22	3189	5.36869	0.0594276	30.3	0.136
CBDDTY010000159.1	1	60000	6	971	1.61833	0.0161833	30.8	0
CBDDTY010000160.1	1	58000	12	2087	3.59828	0.0359828	28.6	0.25
CBDDTY010000161.1	1	57000	5	885	1.55263	0.0155263	30.1	0
CBDDTY010000162.1	1	56000	86	10779	19.2482	0.267071	29.2	0.349
CBDDTY010000163.1	1	55600	30	4184	7.52518	0.0793705	29.1	0.0667
CBDDTY010000164.1	1	54600	12	1591	2.91392	0.0306593	31	7.75
CBDDTY010000165.1	1	54285	32	4943	9.10565	0.0953302	28.6	0.0938
CBDDTY010000166.1	1	54000	54	6394	11.8407	0.156704	28.8	28
CBDDTY010000167.1	1	53357	1	216	0.40482	0.0040482	30.2	0
CBDDTY010000168.1	1	53000	11	1354	2.55472	0.0273396	30.9	4.45
CBDDTY010000169.1	1	53000	1	272	0.513208	0.00513208	31.6	0
CBDDTY010000170.1	1	53000	9	1596	3.01132	0.0301132	29.2	0.444
CBDDTY010000171.1	1	53000	3	294	0.554717	0.00798113	29.4	0
CBDDTY010000174.1	1	52000	68	10430	20.0577	0.231154	30	0.0441
CBDDTY010000176.1	1	51767	14	1591	3.07339	0.0402959	29.1	1.43
CBDDTY010000177.1	1	51000	44	4739	9.29216	0.129627	29.5	4.27
CBDDTY010000178.1	1	51000	28	3041	5.96275	0.085451	30.7	0.321
CBDDTY010000179.1	1	50278	96	10573	21.0291	0.327738	30.4	0.396
CBDDTY010000180.1	1	50000	3	435	0.87	0.0087	32.7	0.667
CBDDTY010000181.1	1	49343	73	9221	18.6876	0.273473	30.4	4.29
CBDDTY010000182.1	1	43800	22	2828	6.45662	0.0731735	29.6	5.95
CBDDTY010000183.1	1	43018	7	922	2.14329	0.0243851	26.7	0
CBDDTY010000184.1	1	42800	18	2220	5.18692	0.0595093	30.8	8.28
CBDDTY010000185.1	1	39997	22	2286	5.71543	0.079706	31.4	37.4
CBDDTY010000186.1	1	39979	29	3919	9.80265	0.119338	31.9	10.7
CBDDTY010000187.1	1	39930	31	4397	11.0118	0.128951	28.8	23.9
CBDDTY010000188.1	1	39923	28	3974	9.95416	0.116149	29.3	33.5
CBDDTY010000189.1	1	39907	29	4062	10.1787	0.113389	31.1	34.3
CBDDTY010000190.1	1	39885	19	2784	6.98007	0.0749154	30.3	39.5
CBDDTY010000191.1	1	39852	35	5020	12.5966	0.144359	29.5	21.8
CBDDTY010000192.1	1	39835	21	3186	7.99799	0.0946404	27.9	27
CBDDTY010000193.1	1	39826	18	2792	7.0105	0.0741475	28.8	25.1
CBDDTY010000194.1	1	39777	21	2854	7.175	0.0971667	27.6	2.38
CBDDTY010000195.1	1	39752	32	4190	10.5404	0.120799	29.6	20.1
CBDDTY010000196.1	1	39747	23	3553	8.93904	0.0966614	28.1	27.7
CBDDTY010000197.1	1	39727	17	2472	6.22247	0.0693986	30.2	14.2
CBDDTY010000198.1	1	39726	15	2495	6.28052	0.0648442	29.2	31
CBDDTY010000199.1	1	39701	2	233	0.586887	0.00586887	25.1	0
CBDDTY010000200.1	1	39691	17	2903	7.314	0.0747525	31.7	10.3
CBDDTY010000201.1	1	39675	20	2659	6.70195	0.0787398	32.4	23
CBDDTY010000202.1	1	39636	69	6091	15.3673	0.262161	28.6	19.8
CBDDTY010000203.1	1	39634	32	4217	10.6399	0.120452	30.8	12.9
CBDDTY010000204.1	1	39633	13	2029	5.11947	0.0511947	28.9	10.8
CBDDTY010000205.1	1	39628	27	4079	10.2932	0.106415	29.3	20.2
CBDDTY010000206.1	1	39601	28	3476	8.77756	0.10472	31.5	19.1
CBDDTY010000207.1	1	39600	21	2552	6.44444	0.0663384	31.1	15.8
CBDDTY010000208.1	1	39595	8	1037	2.61902	0.0352065	23.8	6.25
CBDDTY010000209.1	1	39385	7	1173	2.97829	0.0344547	29.1	21.4
CBDDTY010000210.1	1	39584	2	306	0.77304	0.0077304	31.5	8.5
CBDDTY010000211.1	1	39576	13	1877	4.74277	0.0493986	28.5	14.6
CBDDTY010000212.1	1	39569	12	1782	4.50353	0.0450353	32.4	2
CBDDTY010000213.1	1	39567	46	6192	15.6494	0.179367	30.5	6.17
CBDDTY010000214.1	1	39564	35	4981	12.5897	0.13808	29.8	26
CBDDTY010000215.1	1	39559	18	2449	6.19075	0.0812963	30.1	18.1
CBDDTY010000216.1	1	39546	18	2456	6.21049	0.0739645	27.6	4.17
CBDDTY010000217.1	1	39539	23	3025	7.65067	0.0864969	29.3	17.8
CBDDTY010000218.1	1	39539	30	4348	10.9967	0.121627	27.7	26.7
CBDDTY010000219.1	1	39529	34	4577	11.5788	0.142149	30.4	9.68
CBDDTY010000220.1	1	39525	20	3032	7.67109	0.0801771	30.6	18.1
CBDDTY010000221.1	1	39512	38	5157	13.0517	0.159268	29.9	16.7
CBDDTY010000222.1	1	39446	19	2314	5.86625	0.0686508	28.2	9.95
CBDDTY010000223.1	1	39434	19	2956	7.49607	0.086575	30.8	20.1
CBDDTY010000224.1	1	39425	30	3805	9.65124	0.114547	29.7	31.6
CBDDTY010000225.1	1	39419	67	7150	18.1385	0.256526	29.2	23.5
CBDDTY010000226.1	1	39410	11	1548	3.92794	0.0395077	29.8	7
CBDDTY010000227.1	1	39362	28	3982	10.1164	0.107616	28.6	31.3
CBDDTY010000228.1	1	39355	10	1393	3.53958	0.0390293	31.3	8.3
CBDDTY010000229.1	1	39340	31	3916	9.95425	0.120946	30.6	9.32
CBDDTY010000230.1	1	39328	37	5147	13.0874	0.149054	28.7	28.4
CBDDTY010000231.1	1	39324	29	4281	10.8865	0.12603	31.6	32.1
CBDDTY010000232.1	1	39317	18	2463	6.26447	0.0712923	30.9	9.44
CBDDTY010000233.1	1	39277	28	4443	11.312	0.115284	29.4	31.8
CBDDTY010000234.1	1	39272	36	5230	13.3174	0.153977	28.1	15
CBDDTY010000235.1	1	39248	10	1267	3.22819	0.0382185	26.9	8.4
CBDDTY010000236.1	1	39207	12	1235	3.14995	0.0451705	29.1	1.92
CBDDTY010000237.1	1	39200	20	2713	6.92092	0.069898	29.2	11.7
CBDDTY010000238.1	1	39153	19	2530	6.46183	0.0751411	31.1	13.2
CBDDTY010000239.1	1	39125	29	4288	10.9597	0.11747	32.4	33.3
CBDDTY010000240.1	1	39102	27	3640	9.30899	0.100916	31.5	23.3
CBDDTY010000241.1	1	39098	4	600	1.53461	0.0153461	30.3	3.25
CBDDTY010000242.1	1	39086	41	4342	11.1088	0.163409	28.9	0.561
CBDDTY010000243.1	1	39070	8	1237	3.16611	0.0340159	27.2	24.6
CBDDTY010000244.1	1	39068	34	3960	10.1362	0.122376	30.5	11.7
CBDDTY010000245.1	1	39057	21	2842	7.27654	0.085516	29.6	24
CBDDTY010000246.1	1	39044	31	5081	13.0135	0.142352	29.5	9.55
CBDDTY010000247.1	1	39044	27	3372	8.63641	0.101578	30.9	9.67
CBDDTY010000248.1	1	39041	23	3189	8.16834	0.0914936	31.7	14
CBDDTY010000249.1	1	39022	26	3526	9.03593	0.10061	29.4	21.1
CBDDTY010000250.1	1	39001	18	3486	8.93823	0.0904336	29.4	36.7
CBDDTY010000251.1	1	38800	59	6973	17.9716	0.241959	28.7	6.29
CBDDTY010000252.1	1	39000	2	250	0.641026	0.00641026	28.7	0
CBDDTY010000253.1	1	39000	28	3736	9.57949	0.118667	30.7	17.2
CBDDTY010000254.1	1	39000	9	1011	2.59231	0.0278462	29.5	2.89
CBDDTY010000255.1	1	39000	14	1817	4.65897	0.0473333	29.9	4.57
CBDDTY010000256.1	1	38800	11	1500	3.86598	0.0473454	30.1	24.2
CBDDTY010000257.1	1	39000	19	2781	7.13077	0.0837436	30.7	9.37
CBDDTY010000258.1	1	39000	25	4125	10.5769	0.112077	29.5	35.4
CBDDTY010000259.1	1	39000	9	1007	2.58205	0.0280256	28.1	14.1
CBDDTY010000260.1	1	39000	15	2185	5.60256	0.0560256	28	2.2
CBDDTY010000261.1	1	39000	77	7866	20.1692	0.33	28.9	17.8
CBDDTY010000262.1	1	39000	41	5308	13.6103	0.156897	29	27.1
CBDDTY010000263.1	1	39000	6	972	2.49231	0.0249231	29.2	22.5
CBDDTY010000264.1	1	39000	18	2408	6.17436	0.0678462	29.3	21.6
CBDDTY010000265.1	1	38800	31	4529	11.6727	0.122216	29.1	31.5
CBDDTY010000266.1	1	39000	17	3185	8.16667	0.0837692	27.5	36.5
CBDDTY010000267.1	1	39000	36	4677	11.9923	0.138744	31	4.31
CBDDTY010000268.1	1	39000	38	5908	15.1487	0.168128	29.2	23.9
CBDDTY010000269.1	1	39000	43	4778	12.2513	0.183667	30.4	1.6
CBDDTY010000270.1	1	38982	33	3221	8.26279	0.12988	30.9	3.36
CBDDTY010000271.1	1	38976	16	1921	4.92867	0.0589594	31.3	11.9
CBDDTY010000272.1	1	38962	20	2686	6.8939	0.0832349	29.2	13.6
CBDDTY010000273.1	1	38953	10	1005	2.58003	0.0339127	32.3	11.8
CBDDTY010000274.1	1	38909	30	3936	10.1159	0.131281	30.2	11.7
CBDDTY010000275.1	1	38882	12	1890	4.86086	0.0503318	28.1	24
CBDDTY010000276.1	1	38878	26	3079	7.91965	0.0854211	30.4	10.2
CBDDTY010000277.1	1	38878	29	3849	9.9002	0.113072	31.6	13
CBDDTY010000278.1	1	38865	52	6075	15.631	0.214563	29.1	2.17
CBDDTY010000279.1	1	38853	19	2923	7.52323	0.0759015	30.1	27.9
CBDDTY010000280.1	1	38850	26	3916	10.0798	0.106255	29.4	14.2
CBDDTY010000281.1	1	38832	21	2497	6.43026	0.0757108	30.4	10.2
CBDDTY010000282.1	1	38810	22	3473	8.94872	0.108529	30.6	23.7
CBDDTY010000283.1	1	38771	27	3953	10.1958	0.116169	28.8	20.1
CBDDTY010000284.1	1	38770	19	3170	8.17643	0.0817643	29.5	32.5
CBDDTY010000285.1	1	38755	8	972	2.50806	0.0333376	30.6	37
CBDDTY010000286.1	1	38738	20	2557	6.60075	0.080412	31.6	24.8
CBDDTY010000287.1	1	38720	56	6763	17.4664	0.241581	30.6	11
CBDDTY010000288.1	1	38713	30	3549	9.16746	0.109705	30.2	27.6
CBDDTY010000289.1	1	38712	10	1674	4.32424	0.0432424	31.3	8.7
CBDDTY010000290.1	1	38709	32	3829	9.89176	0.122814	30.6	11.3
CBDDTY010000291.1	1	38702	20	3005	7.76446	0.0901504	30.7	15.2
CBDDTY010000292.1	1	38701	16	2724	7.03858	0.0770781	27.3	25.5
CBDDTY010000293.1	1	38680	29	3323	8.591	0.111892	30.7	11.9
CBDDTY010000294.1	1	38634	30	4123	10.6719	0.135269	30.3	26.2
CBDDTY010000295.1	1	38608	16	2418	6.26295	0.0635361	30.9	6
CBDDTY010000296.1	1	38606	25	3348	8.67223	0.0967725	29.5	22.1
CBDDTY010000297.1	1	38601	25	3162	8.1915	0.0891946	29.6	13.6
CBDDTY010000298.1	1	38590	23	3334	8.63954	0.0909562	27.8	18.3
CBDDTY010000299.1	1	38564	37	5236	13.5774	0.153718	28.5	20.7
CBDDTY010000300.1	1	38531	33	5584	14.4922	0.155148	29	33.1
CBDDTY010000301.1	1	38525	19	2462	6.39066	0.0786762	30	14.2
CBDDTY010000302.1	1	38520	43	5879	15.2622	0.173027	29.1	27.4
CBDDTY010000303.1	1	38510	20	2827	7.34095	0.079382	29.1	7.7
CBDDTY010000304.1	1	38509	28	3837	9.9639	0.104183	30.7	41
CBDDTY010000305.1	1	38500	22	3224	8.37403	0.101325	30	17.8
CBDDTY010000306.1	1	38496	30	4417	11.4739	0.129442	30.2	32.7
CBDDTY010000307.1	1	38496	8	1010	2.62365	0.0262365	28.8	11.4
CBDDTY010000308.1	1	38488	27	4258	11.0632	0.115984	29.9	32.3
CBDDTY010000309.1	1	38475	22	2913	7.57115	0.0952567	28	14.9
CBDDTY010000310.1	1	38475	40	4717	12.2599	0.168083	30.4	12
CBDDTY010000311.1	1	38461	31	2728	7.0929	0.121552	27.7	4.03
CBDDTY010000312.1	1	38440	45	6467	16.8236	0.190765	27.6	7.33
CBDDTY010000313.1	1	38421	1	143	0.372192	0.00372192	34.8	27
CBDDTY010000314.1	1	38411	36	4316	11.2364	0.154435	31.7	24
CBDDTY010000315.1	1	38407	43	5082	13.232	0.174916	30.3	9.02
CBDDTY010000316.1	1	38391	30	3687	9.60381	0.12753	28.5	26.4
CBDDTY010000317.1	1	38384	21	2155	5.61432	0.0811276	28.5	3.86
CBDDTY010000318.1	1	38383	25	3306	8.61319	0.109554	32.3	19
CBDDTY010000319.1	1	38375	32	3309	8.6228	0.11372	30.5	5.09
CBDDTY010000320.1	1	38368	27	3572	9.30984	0.102585	30.7	6.59
CBDDTY010000321.1	1	38356	17	1843	4.80498	0.0563145	28.3	26.2
CBDDTY010000322.1	1	38340	23	1893	4.9374	0.0990089	27.8	5
CBDDTY010000323.1	1	38335	17	3304	8.61876	0.0861876	28.8	26.9
CBDDTY010000324.1	1	38317	4	686	1.79033	0.0179033	29	41
CBDDTY010000325.1	1	38299	19	2932	7.65555	0.0778349	30.7	34.1
CBDDTY010000326.1	1	38273	22	3170	8.2826	0.10169	31.2	32.4
CBDDTY010000327.1	1	38259	35	4775	12.4807	0.146005	28.9	5.51
CBDDTY010000328.1	1	38219	21	2821	7.38115	0.0774484	31.2	4.33
CBDDTY010000329.1	1	38211	25	3823	10.005	0.113894	29.5	38.2
CBDDTY010000330.1	1	38211	21	3226	8.4426	0.0923818	29.4	13.8
CBDDTY010000331.1	1	38209	14	2384	6.23937	0.0674972	28.8	15.7
CBDDTY010000332.1	1	38200	27	4182	10.9476	0.12178	30.9	9.85
CBDDTY010000333.1	1	38155	17	2716	7.11833	0.077421	28.1	5.53
CBDDTY010000334.1	1	38145	24	3231	8.47031	0.101796	30.5	14.5
CBDDTY010000335.1	1	38142	19	2823	7.40129	0.0819045	28.6	5.42
CBDDTY010000336.1	1	38087	30	3873	10.1688	0.120277	28.1	13.2
CBDDTY010000337.1	1	38074	12	1886	4.95351	0.0506382	27.4	3.83
CBDDTY010000338.1	1	38035	17	2260	5.9419	0.0623373	29	13.2
CBDDTY010000339.1	1	38023	20	2691	7.0773	0.0743497	31.1	12.6
CBDDTY010000340.1	1	38010	14	1899	4.99605	0.0503026	29.3	2.07
CBDDTY010000341.1	1	38009	24	3601	9.47407	0.0951091	31	30.9
CBDDTY010000342.1	1	38000	34	4617	12.15	0.135079	33	19.1
CBDDTY010000343.1	1	37800	32	3576	9.46032	0.142698	30.3	15.8
CBDDTY010000345.1	1	38000	3	526	1.38421	0.0138421	26.7	12.7
CBDDTY010000346.1	1	38000	3	372	0.978947	0.00978947	35.3	5
CBDDTY010000347.1	1	38000	20	2521	6.63421	0.0751053	29.6	17.8
CBDDTY010000348.1	1	38000	21	2908	7.65263	0.0955	28.1	12.1
CBDDTY010000349.1	1	38000	68	10313	27.1395	0.299579	29.9	35.8
CBDDTY010000350.1	1	38000	17	2333	6.13947	0.0656316	31.3	10.4
CBDDTY010000351.1	1	38000	32	4260	11.2105	0.136447	30.2	15.8
CBDDTY010000352.1	1	38000	3	348	0.915789	0.00915789	31.3	14.3
CBDDTY010000353.1	1	38000	15	1696	4.46316	0.0686316	27.5	9.27
CBDDTY010000354.1	1	38000	43	5271	13.8711	0.175684	30.2	18.7
CBDDTY010000355.1	1	37800	20	3389	8.96561	0.0975397	29.7	39.4
CBDDTY010000356.1	1	38000	34	3983	10.4816	0.132605	27.3	10.1
CBDDTY010000357.1	1	38000	47	5219	13.7342	0.186816	29.8	24.3
CBDDTY010000358.1	1	38000	31	4341	11.4237	0.127237	28.1	17.9
CBDDTY010000359.1	1	38000	15	2264	5.95789	0.0595789	30.1	8.73
CBDDTY010000360.1	1	37800	15	1969	5.20899	0.0569841	29	11.9
CBDDTY010000361.1	1	37981	61	4034	10.6211	0.269661	31.1	4.48
CBDDTY010000362.1	1	37963	18	2250	5.92682	0.0632458	30.9	8.44
CBDDTY010000363.1	1	37945	13	1636	4.3115	0.0565292	27.9	4.08
CBDDTY010000364.1	1	37938	21	2987	7.87337	0.0816859	29.5	30.6
CBDDTY010000365.1	1	37936	25	3711	9.78226	0.112321	29.9	17.6
CBDDTY010000366.1	1	37933	11	1820	4.79793	0.0494029	30.9	32.8
CBDDTY010000367.1	1	37907	14	1570	4.14172	0.043	28.9	1.79
CBDDTY010000368.1	1	37899	21	2732	7.20863	0.0746458	31.6	6.86
CBDDTY010000369.1	1	37885	17	2429	6.41151	0.108618	29.1	18
CBDDTY010000370.1	1	37879	15	2106	5.55981	0.0579477	30.9	32.5
CBDDTY010000371.1	1	37870	16	2371	6.26089	0.0667019	31.6	11.5
CBDDTY010000372.1	1	37842	5	352	0.930183	0.0109931	30.9	0
CBDDTY010000373.1	1	37831	18	2330	6.15897	0.0661098	29.8	23.4
CBDDTY010000374.1	1	37830	19	2711	7.16627	0.0761565	30	40.1
CBDDTY010000375.1	1	37814	33	4203	11.1149	0.144973	28.4	3.82
CBDDTY010000376.1	1	37795	21	2844	7.5248	0.0791375	31	17.2
CBDDTY010000377.1	1	37771	37	4389	11.62	0.156152	30.1	14.5
CBDDTY010000378.1	1	37750	2	356	0.943046	0.00943046	28.8	1
CBDDTY010000379.1	1	37725	12	1858	4.92512	0.0532008	29.5	5.75
CBDDTY010000380.1	1	37697	18	3224	8.5524	0.094172	29.7	38.4
CBDDTY010000381.1	1	37692	19	2729	7.24026	0.0724026	29	18.1
CBDDTY010000382.1	1	37682	17	2729	7.24218	0.0729261	29.8	16.1
CBDDTY010000383.1	1	37667	24	3116	8.27249	0.092362	30.8	13.5
CBDDTY010000384.1	1	37660	36	4442	11.795	0.141025	31.5	19.1
CBDDTY010000385.1	1	37657	36	3958	10.5107	0.157554	31.1	6.42
CBDDTY010000386.1	1	37656	23	3820	10.1445	0.106995	30	35.3
CBDDTY010000387.1	1	37650	17	2306	6.12483	0.0640637	28.6	13.6
CBDDTY010000388.1	1	37648	10	1411	3.74788	0.0393646	31	2.5
CBDDTY010000389.1	1	37620	12	1459	3.87826	0.0425572	31.6	1.25
CBDDTY010000390.1	1	37599	27	3766	10.0162	0.108381	29.2	12.2
CBDDTY010000391.1	1	37587	28	4171	11.0969	0.118552	29.4	40.9
CBDDTY010000392.1	1	37579	29	4119	10.9609	0.119535	28.2	14
CBDDTY010000393.1	1	37565	25	2695	7.17423	0.101637	31.2	21
CBDDTY010000394.1	1	37561	8	1002	2.66766	0.0314688	32	4.5
CBDDTY010000395.1	1	37552	25	3621	9.64263	0.116851	30.3	27
CBDDTY010000396.1	1	37526	10	1481	3.9466	0.039466	30.7	0.1
CBDDTY010000397.1	1	37511	6	761	2.02874	0.0202874	29.2	10.8
CBDDTY010000398.1	1	37500	30	4289	11.4373	0.114907	30.5	23.3
CBDDTY010000399.1	1	37488	36	4173	11.1316	0.171281	28.4	15.6
CBDDTY010000400.1	1	37486	27	2757	7.35475	0.103879	30.1	1.44
CBDDTY010000401.1	1	37468	22	3275	8.74079	0.0961354	29.4	20
CBDDTY010000402.1	1	37458	13	1397	3.72951	0.0505633	29.8	3.23
CBDDTY010000403.1	1	37449	19	2402	6.41406	0.0743411	30	9.11
CBDDTY010000404.1	1	37432	22	2906	7.76341	0.101945	27.1	7.45
CBDDTY010000405.1	1	37422	27	3408	9.10694	0.111485	28.2	13.2
CBDDTY010000406.1	1	37413	42	5267	14.078	0.173736	31.8	21.2
CBDDTY010000407.1	1	37403	21	2235	5.97546	0.0709301	31.8	4.81
CBDDTY010000408.1	1	37401	12	1513	4.04535	0.047619	30.3	3.58
CBDDTY010000409.1	1	37392	18	2369	6.33558	0.0675813	31.3	37.1
CBDDTY010000410.1	1	37375	41	5863	15.687	0.185926	29.3	27.2
CBDDTY010000411.1	1	37372	11	1356	3.62838	0.0462913	30.7	9.45
CBDDTY010000412.1	1	37362	12	1407	3.76586	0.0416734	29.8	9.92
CBDDTY010000413.1	1	37357	11	1741	4.66044	0.0520652	31.1	5.36
CBDDTY010000414.1	1	37356	18	1933	5.17454	0.0738302	29.6	9.72
CBDDTY010000415.1	1	37351	10	1283	3.43498	0.038687	30.7	7.5
CBDDTY010000416.1	1	37340	39	4701	12.5897	0.146385	30.3	12
CBDDTY010000417.1	1	37339	26	3639	9.74584	0.109108	29.9	20.2
CBDDTY010000418.1	1	37333	12	1571	4.20807	0.0458308	29.7	21.9
CBDDTY010000419.1	1	37330	18	2938	7.87035	0.085963	29.3	34.1
CBDDTY010000420.1	1	37320	33	4976	13.3333	0.14657	29	35.1
CBDDTY010000421.1	1	37314	28	3779	10.1276	0.117918	28.3	31.4
CBDDTY010000422.1	1	37303	17	2286	6.12819	0.0633461	32.6	32.1
CBDDTY010000423.1	1	37294	25	3983	10.68	0.112324	30.7	34.4
CBDDTY010000424.1	1	37288	20	2719	7.29189	0.0751716	27.5	5.95
CBDDTY010000425.1	1	37287	8	1338	3.58838	0.0358838	27.4	16.8
CBDDTY010000426.1	1	37269	32	3981	10.6818	0.119992	29.7	10.2
CBDDTY010000427.1	1	37260	6	1004	2.69458	0.0290392	33.7	1.33
CBDDTY010000428.1	1	37255	19	3009	8.07677	0.0807677	29.3	32.4
CBDDTY010000429.1	1	37239	22	3040	8.16348	0.0885094	27.7	9.91
CBDDTY010000430.1	1	37224	19	2898	7.7853	0.081426	29.1	35.7
CBDDTY010000431.1	1	37219	31	4612	12.3915	0.1255	29.4	32.3
CBDDTY010000432.1	1	37210	16	1977	5.31309	0.06595	29.5	8.69
CBDDTY010000433.1	1	37180	60	7646	20.5648	0.24454	30.1	17.3
CBDDTY010000434.1	1	37176	22	3103	8.34678	0.094093	30.2	18.1
CBDDTY010000435.1	1	37173	59	7602	20.4503	0.270922	27.9	28.8
CBDDTY010000436.1	1	37171	24	3835	10.3172	0.107503	28.2	41.4
CBDDTY010000437.1	1	37161	16	2078	5.59188	0.0591211	30	23.3
CBDDTY010000438.1	1	37150	14	2454	6.60565	0.0660565	30.2	37.7
CBDDTY010000439.1	1	37148	20	3206	8.63034	0.0893722	30.4	21.1
CBDDTY010000440.1	1	37139	16	1823	4.90859	0.0553057	28.9	0.562
CBDDTY010000441.1	1	37137	20	2797	7.53157	0.0821553	28.3	23.1
CBDDTY010000442.1	1	37117	52	5456	14.6995	0.196352	28.9	14.6
CBDDTY010000443.1	1	37073	23	2921	7.87905	0.0837267	30.7	18.7
CBDDTY010000444.1	1	37063	11	1739	4.69201	0.0469201	28.1	6.36
CBDDTY010000445.1	1	37063	12	1829	4.93484	0.0493484	29	7.75
CBDDTY010000446.1	1	37027	30	3985	10.7624	0.121209	32.7	19.6
CBDDTY010000447.1	1	37021	32	4868	13.1493	0.145215	27.9	6
CBDDTY010000448.1	1	37009	10	1343	3.62885	0.0458537	29.9	1.8
CBDDTY010000449.1	1	37009	18	2658	7.18204	0.0769002	31	38.9
CBDDTY010000450.1	1	37003	33	3317	8.96414	0.131854	30.5	11.5
CBDDTY010000451.1	1	37000	14	1860	5.02703	0.0584054	28	1.14
CBDDTY010000452.1	1	37000	20	2599	7.02432	0.08	31.8	12.9
CBDDTY010000453.1	1	37000	36	5031	13.5973	0.157108	31.1	9
CBDDTY010000454.1	1	37000	20	2873	7.76486	0.0861081	30	18
CBDDTY010000455.1	1	37000	27	4047	10.9378	0.12373	29.2	13
CBDDTY010000456.1	1	37000	8	1204	3.25405	0.0325405	30.6	3.38
CBDDTY010000457.1	1	37000	8	1353	3.65676	0.0440541	29.3	5.62
CBDDTY010000458.1	1	37000	27	3235	8.74324	0.118838	28.6	10
CBDDTY010000459.1	1	37000	29	4087	11.0459	0.129324	30.3	8
CBDDTY010000460.1	1	37000	1	88	0.237838	0.00237838	28	1
CBDDTY010000461.1	1	37000	5	2526	6.82703	0.0840811	9.7	6
CBDDTY010000462.1	1	36600	13	1787	4.88251	0.0574863	27.8	12.8
CBDDTY010000463.1	1	37000	19	2312	6.24865	0.076973	29.7	24.9
CBDDTY010000464.1	1	37000	53	6646	17.9622	0.222405	30.9	9.4
CBDDTY010000465.1	1	37000	5	625	1.68919	0.0168919	29.5	0.2
CBDDTY010000466.1	1	37000	16	2097	5.66757	0.0633784	27.7	10.8
CBDDTY010000467.1	1	36974	27	3403	9.20376	0.104181	28.3	8.48
CBDDTY010000468.1	1	36968	37	4741	12.8246	0.152375	30.1	3.14
CBDDTY010000469.1	1	36961	14	2005	5.42464	0.0636888	29.4	24.7
CBDDTY010000470.1	1	36960	21	2838	7.67857	0.0811418	29.2	16
CBDDTY010000471.1	1	36951	18	2676	7.24202	0.0799437	29.5	0.611
CBDDTY010000472.1	1	36947	25	3823	10.3473	0.114191	32.4	20.9
CBDDTY010000473.1	1	36947	13	2138	5.78667	0.0578667	33.3	38.1
CBDDTY010000474.1	1	36939	28	4226	11.4405	0.129809	29.8	23.1
CBDDTY010000475.1	1	36891	37	4354	11.8023	0.166409	28.9	17.3
CBDDTY010000476.1	1	36876	19	3284	8.90552	0.0920653	29.1	20.7
CBDDTY010000477.1	1	36867	24	3842	10.4212	0.112079	29.1	31.5
CBDDTY010000478.1	1	36850	29	4091	11.1018	0.115631	27.1	25.2
CBDDTY010000479.1	1	36847	20	2553	6.92865	0.0936304	26.6	11.8
CBDDTY010000480.1	1	36827	20	2910	7.90181	0.0790181	28.1	26.4
CBDDTY010000481.1	1	36803	16	2411	6.5511	0.0734994	28.4	10.4
CBDDTY010000482.1	1	36768	17	2337	6.35607	0.0635607	32.7	22.4
CBDDTY010000483.1	1	36764	51	7702	20.9498	0.248966	28.9	20.2
CBDDTY010000484.1	1	36752	24	2408	6.55202	0.0873422	31.9	8.42
CBDDTY010000485.1	1	36750	33	4602	12.5224	0.13219	29.3	6.36
CBDDTY010000486.1	1	36725	26	4524	12.3186	0.125636	28.2	27.2
CBDDTY010000487.1	1	36704	33	4486	12.2221	0.140584	29.1	30.7
CBDDTY010000488.1	1	36703	23	2950	8.03749	0.0895295	29.4	16.3
CBDDTY010000489.1	1	36700	10	1258	3.42779	0.0426158	31.4	6.3
CBDDTY010000490.1	1	36697	18	2433	6.62997	0.0863286	30.9	22.1
CBDDTY010000491.1	1	36695	33	4548	12.3941	0.126012	29.1	21.4
CBDDTY010000492.1	1	36693	8	1220	3.32488	0.034448	30.3	43.9
CBDDTY010000493.1	1	36680	7	800	2.18103	0.0253272	29	12.7
CBDDTY010000494.1	1	36660	24	3467	9.45717	0.1027	26.4	28.2
CBDDTY010000495.1	1	36651	29	3875	10.5727	0.11956	30	28.6
CBDDTY010000496.1	1	36643	31	4629	12.6327	0.147532	29.9	27.3
CBDDTY010000497.1	1	36635	11	1115	3.04354	0.0401256	28.9	2.45
CBDDTY010000498.1	1	36632	14	2300	6.27866	0.0649978	28.4	7.79
CBDDTY010000499.1	1	36626	44	6158	16.8132	0.206302	30.6	31.5
CBDDTY010000500.1	1	36604	20	3170	8.66026	0.0970386	30.8	35.5
CBDDTY010000501.1	1	36576	5	650	1.77712	0.0177712	28.4	15.4
CBDDTY010000502.1	1	36569	9	1668	4.56124	0.0456124	28.1	0.333
CBDDTY010000503.1	1	36544	27	1952	5.34151	0.110552	31.3	3.52
CBDDTY010000504.1	1	36537	8	1192	3.26245	0.0326245	30.5	10.9
CBDDTY010000505.1	1	36535	24	3480	9.52511	0.0981798	30.6	10.2
CBDDTY010000506.1	1	36522	27	4146	11.3521	0.114534	30.1	27
CBDDTY010000507.1	1	36517	26	2950	8.07843	0.108799	29.9	27.6
CBDDTY010000508.1	1	36508	8	1396	3.82382	0.0382382	28.8	27.6
CBDDTY010000509.1	1	36479	16	2408	6.60106	0.0777434	29.3	27.7
CBDDTY010000510.1	1	36479	23	2818	7.72499	0.089531	30.2	17.2
CBDDTY010000511.1	1	36464	22	3360	9.21457	0.0948058	30.7	30.3
CBDDTY010000512.1	1	36411	22	3041	8.35187	0.0954382	27.2	16.5
CBDDTY010000513.1	1	36383	25	3034	8.33906	0.0972432	28.7	23.6
CBDDTY010000514.1	1	36369	8	1211	3.32976	0.0332976	33	4.75
CBDDTY010000515.1	1	36361	13	1978	5.43989	0.0543989	29.3	13.3
CBDDTY010000516.1	1	36346	18	2536	6.97738	0.0723051	29	22.3
CBDDTY010000517.1	1	36321	8	1491	4.10506	0.0458688	29.5	34.9
CBDDTY010000518.1	1	36316	21	2844	7.83126	0.0880328	30.4	6.81
CBDDTY010000519.1	1	36300	24	4155	11.4463	0.119807	29.2	9
CBDDTY010000520.1	1	36292	23	3303	9.10118	0.10636	30.1	12
CBDDTY010000521.1	1	36254	37	3584	9.88581	0.176312	30.6	9.05
CBDDTY010000522.1	1	36241	17	2151	5.93527	0.0706382	32.1	5.76
CBDDTY010000523.1	1	36224	30	3622	9.9989	0.110258	30.6	13.8
CBDDTY010000524.1	1	36203	25	3508	9.6898	0.10408	30.9	12.3
CBDDTY010000525.1	1	36196	24	3252	8.98442	0.114018	29.5	6.92
CBDDTY010000526.1	1	36191	20	3028	8.36672	0.0836672	29.3	36.8
CBDDTY010000527.1	1	36185	16	2102	5.80904	0.0640044	30.6	4.69
CBDDTY010000528.1	1	36177	35	3797	10.4956	0.15742	29.5	10.9
CBDDTY010000529.1	1	36170	16	2270	6.27592	0.0729334	30.7	12.8
CBDDTY010000530.1	1	36068	38	4302	11.9275	0.158368	29.4	11.4
CBDDTY010000531.1	1	36067	12	1845	5.11548	0.0511548	31.1	25
CBDDTY010000532.1	1	36042	53	5530	15.3432	0.230315	29.8	9.68
CBDDTY010000533.1	1	36041	19	3244	9.00086	0.0900086	27	29.5
CBDDTY010000534.1	1	36038	33	4078	11.3158	0.144126	28.6	28.3
CBDDTY010000535.1	1	36037	24	2819	7.82252	0.0862724	31	6.62
CBDDTY010000536.1	1	36027	17	2269	6.29805	0.0659228	27.5	14.6
CBDDTY010000537.1	1	36021	27	3575	9.92477	0.109964	28.4	18.4
CBDDTY010000538.1	1	36013	5	654	1.81601	0.0181601	30.7	5.2
CBDDTY010000539.1	1	36009	22	2782	7.72585	0.0914771	29.5	8.68
CBDDTY010000540.1	1	36007	21	2824	7.84292	0.0900103	29.1	15.4
CBDDTY010000541.1	1	36000	10	961	2.66944	0.032	32.4	3.2
CBDDTY010000542.1	1	36000	18	1852	5.14444	0.0757222	28.1	10.2
CBDDTY010000543.1	1	36000	14	1932	5.36667	0.0553333	29.2	23.8
CBDDTY010000544.1	1	35600	1	131	0.367978	0.00367978	39	0
CBDDTY010000545.1	1	36000	1	174	0.483333	0.00483333	29	0
CBDDTY010000546.1	1	36000	59	5577	15.4917	0.273278	28.9	11.8
CBDDTY010000547.1	1	36000	23	2824	7.84444	0.100278	29.7	19.8
CBDDTY010000548.1	1	36000	10	1518	4.21667	0.0453333	30.6	2.6
CBDDTY010000549.1	1	36000	4	536	1.48889	0.0148889	27.9	7.5
CBDDTY010000550.1	1	36000	18	2511	6.975	0.0758056	30.7	38.2
CBDDTY010000551.1	1	36000	12	1674	4.65	0.059	28.6	20.4
CBDDTY010000552.1	1	36000	7	1112	3.08889	0.0335278	30.4	5.43
CBDDTY010000553.1	1	36000	9	1644	4.56667	0.0481667	30.2	0.556
CBDDTY010000554.1	1	36000	31	4448	12.3556	0.14625	27.8	9.26
CBDDTY010000555.1	1	36000	8	1158	3.21667	0.0347778	32.5	0
CBDDTY010000556.1	1	36000	29	3504	9.73333	0.1115	29.9	0.828
CBDDTY010000557.1	1	36000	12	1666	4.62778	0.0462778	30.3	13.3
CBDDTY010000558.1	1	36000	14	2239	6.21944	0.0675556	28.9	5.79
CBDDTY010000559.1	1	36000	23	3389	9.41389	0.100972	30.1	7.22
CBDDTY010000560.1	1	36000	13	2040	5.66667	0.0616389	25	13.1
CBDDTY010000561.1	1	36000	14	2147	5.96389	0.0675556	33	8.71
CBDDTY010000562.1	1	35996	14	1974	5.48394	0.0592288	30.6	11.9
CBDDTY010000563.1	1	35994	13	1877	5.21476	0.0601211	27.8	6.92
CBDDTY010000564.1	1	35993	13	1795	4.98708	0.0520935	29.2	26.7
CBDDTY010000565.1	1	35974	14	1440	4.00289	0.0400289	31.2	8.79
CBDDTY010000566.1	1	35951	31	4146	11.5324	0.138494	29.8	15.6
CBDDTY010000567.1	1	35932	35	5119	14.2464	0.154792	29.8	21.4
CBDDTY010000568.1	1	35907	13	1667	4.64255	0.0498789	31.2	17.6
CBDDTY010000569.1	1	35901	18	2839	7.90786	0.0805827	28.5	17.2
CBDDTY010000570.1	1	35881	11	1777	4.95248	0.0505003	29	9.18
CBDDTY010000571.1	1	35878	24	3645	10.1594	0.116088	28.3	20.4
CBDDTY010000572.1	1	35869	18	2563	7.14545	0.0773927	29.9	19.2
CBDDTY010000573.1	1	35838	16	2250	6.27825	0.0739997	30.7	25.9
CBDDTY010000574.1	1	35809	36	4381	12.2344	0.141417	30.6	11.3
CBDDTY010000575.1	1	35804	12	1944	5.42956	0.0542956	31.2	30.1
CBDDTY010000576.1	1	35783	37	5449	15.2279	0.176956	29	14.3
CBDDTY010000577.1	1	35774	29	4219	11.7935	0.13275	29.3	14
CBDDTY010000578.1	1	35767	9	1509	4.21897	0.0434199	30.6	18.1
CBDDTY010000579.1	1	35746	20	2799	7.83025	0.101802	30.4	3.2
CBDDTY010000580.1	1	35706	24	4142	11.6003	0.118439	29	32.9
CBDDTY010000581.1	1	35701	8	1085	3.03913	0.0303913	31.8	0.125
CBDDTY010000582.1	1	35667	35	4337	12.1597	0.149326	30	13.1
CBDDTY010000583.1	1	35664	45	5015	14.0618	0.212147	29.7	23
CBDDTY010000584.1	1	35663	20	2368	6.63993	0.0818776	29.5	2.8
CBDDTY010000585.1	1	35659	44	6394	17.931	0.204717	28.8	18.5
CBDDTY010000586.1	1	35653	11	1560	4.37551	0.046644	26.3	14.9
CBDDTY010000587.1	1	35632	27	3675	10.3138	0.120622	30.5	27.6
CBDDTY010000588.1	1	35623	18	2440	6.84951	0.0777026	28.1	14.9
CBDDTY010000589.1	1	35617	19	2375	6.66816	0.0749923	27.2	10.1
CBDDTY010000590.1	1	35611	5	757	2.12575	0.0212575	36.9	1.8
CBDDTY010000591.1	1	35600	17	2466	6.92697	0.0718258	30.7	20.1
CBDDTY010000592.1	1	35580	29	4542	12.7656	0.136903	29.3	29.6
CBDDTY010000593.1	1	35579	10	1727	4.85399	0.0560724	28.6	8.9
CBDDTY010000594.1	1	35553	20	2836	7.97682	0.0833685	28.1	15.6
CBDDTY010000595.1	1	35548	4	713	2.00574	0.0200574	29.7	25
CBDDTY010000596.1	1	35530	14	1824	5.13369	0.0660569	30.6	3.07
CBDDTY010000597.1	1	35530	16	2367	6.66198	0.0666198	31.1	17
CBDDTY010000598.1	1	35528	2	337	0.948548	0.00948548	28	31.5
CBDDTY010000599.1	1	35493	18	2376	6.69428	0.0738737	27.5	15.3
CBDDTY010000600.1	1	35492	23	3405	9.59371	0.105404	29.5	21.7
CBDDTY010000601.1	1	35485	7	968	2.72791	0.0273073	31.7	25.3
CBDDTY010000602.1	1	35471	29	4319	12.1761	0.135576	29.7	22.5
CBDDTY010000603.1	1	35451	22	3263	9.20425	0.101915	27.1	7.73
CBDDTY010000604.1	1	35446	22	3576	10.0886	0.107234	27.7	19.5
CBDDTY010000605.1	1	35444	37	4426	12.4873	0.148036	30.4	18.7
CBDDTY010000606.1	1	35436	17	2194	6.19144	0.0815837	29.2	25.7
CBDDTY010000607.1	1	35427	21	2957	8.34674	0.089762	30.2	12.9
CBDDTY010000608.1	1	35411	24	3081	8.70069	0.116207	28.6	5.92
CBDDTY010000609.1	1	35406	33	4174	11.789	0.147178	31.8	12.3
CBDDTY010000610.1	1	35405	11	1697	4.79311	0.0479311	30.2	21.6
CBDDTY010000611.1	1	35394	30	3488	9.85478	0.123637	30.1	11.5
CBDDTY010000612.1	1	35391	38	4534	12.8112	0.157922	28.9	26.3
CBDDTY010000613.1	1	35375	17	2286	6.46219	0.0695972	29.8	26.4
CBDDTY010000614.1	1	35360	11	1488	4.20814	0.0464367	32.2	3.82
CBDDTY010000615.1	1	35356	22	3734	10.5611	0.109826	29	25
CBDDTY010000616.1	1	35353	30	4099	11.5945	0.136254	27.6	8.2
CBDDTY010000617.1	1	35339	23	3263	9.23342	0.102097	31.3	22.7
CBDDTY010000618.1	1	35335	45	5291	14.9738	0.192953	28.6	15.4
CBDDTY010000619.1	1	35317	12	1918	5.43081	0.0583005	30.4	18.9
CBDDTY010000620.1	1	35312	16	2403	6.80505	0.0703727	26.5	28.4
CBDDTY010000621.1	1	35302	14	2036	5.76738	0.0708175	29.1	2.71
CBDDTY010000622.1	1	35301	14	1923	5.44744	0.0615563	25.9	18.4
CBDDTY010000623.1	1	35276	25	4126	11.6963	0.118948	29.3	34
CBDDTY010000624.1	1	35275	17	2718	7.70517	0.0803969	31.8	31.5
CBDDTY010000625.1	1	35268	23	3143	8.91176	0.105648	28.2	9.09
CBDDTY010000626.1	1	35244	28	3516	9.97617	0.106486	29.8	17.4
CBDDTY010000627.1	1	35237	17	2938	8.33783	0.0851945	31.6	41.4
CBDDTY010000628.1	1	35226	21	3082	8.74922	0.0929711	30.7	6.71
CBDDTY010000629.1	1	35215	11	2054	5.83274	0.0624734	28.6	27.8
CBDDTY010000630.1	1	35189	26	3138	8.91756	0.103441	30.7	0.0385
CBDDTY010000631.1	1	35182	23	3430	9.7493	0.105025	27.8	28.5
CBDDTY010000632.1	1	35142	11	1984	5.64567	0.0684651	28.6	33.9
CBDDTY010000633.1	1	35132	3	561	1.59683	0.0159683	31	40.7
CBDDTY010000634.1	1	35126	32	4403	12.5349	0.128879	30.8	24.9
CBDDTY010000635.1	1	35121	18	2068	5.88822	0.0708123	30.8	14.2
CBDDTY010000636.1	1	35089	18	2434	6.93665	0.0770327	29.7	14.9
CBDDTY010000637.1	1	35077	29	4366	12.4469	0.134761	28.2	16
CBDDTY010000638.1	1	35069	6	1137	3.24218	0.0324218	27.5	11.7
CBDDTY010000639.1	1	35053	25	3402	9.7053	0.109919	30.2	2.16
CBDDTY010000640.1	1	35042	20	3172	9.05199	0.0905199	30.8	30.6
CBDDTY010000641.1	1	35041	10	1718	4.90283	0.0490283	29	36.2
CBDDTY010000642.1	1	35040	9	1210	3.4532	0.034532	32.7	28.3
CBDDTY010000643.1	1	35019	17	2679	7.65013	0.0810417	32.8	17.9
CBDDTY010000644.1	1	35016	20	2906	8.29906	0.084904	27.8	31
CBDDTY010000645.1	1	35010	13	1859	5.30991	0.0579549	30.1	26.4
CBDDTY010000646.1	1	35000	1	165	0.471429	0.00471429	20.4	43
CBDDTY010000647.1	1	35000	21	2991	8.54571	0.0906857	29	1.62
CBDDTY010000648.1	1	35000	24	3597	10.2771	0.107371	31.8	21.4
CBDDTY010000649.1	1	35000	3	348	0.994286	0.00994286	35	5.33
CBDDTY010000650.1	1	35000	28	2856	8.16	0.123029	30.4	9.82
CBDDTY010000651.1	1	35000	4	647	1.84857	0.0184857	29.3	5.25
CBDDTY010000652.1	1	35000	57	7211	20.6029	0.2756	29.2	6.53
CBDDTY010000653.1	1	35000	13	2028	5.79429	0.0579429	31.4	16.8
CBDDTY010000654.1	1	35000	15	2353	6.72286	0.0692857	28.6	0.733
CBDDTY010000655.1	1	35000	13	2196	6.27429	0.0722286	30.4	4.46
CBDDTY010000656.1	1	35000	34	4469	12.7686	0.156914	29.7	5.32
CBDDTY010000657.1	1	34800	12	1362	3.91379	0.0473563	30.8	10.6
CBDDTY010000658.1	1	35000	34	4784	13.6686	0.1622	30.4	14.7
CBDDTY010000659.1	1	35000	46	5273	15.0657	0.177057	31.9	26.5
CBDDTY010000660.1	1	35000	8	1082	3.09143	0.0358857	31.8	10.9
CBDDTY010000661.1	1	35000	16	1947	5.56286	0.0690286	28.8	10.9
CBDDTY010000662.1	1	35000	33	2973	8.49429	0.140629	29	3.79
CBDDTY010000663.1	1	35000	16	2309	6.59714	0.0682571	30.1	7.62
CBDDTY010000664.1	1	34987	15	1766	5.04759	0.0707691	27.9	9.07
CBDDTY010000665.1	1	34986	27	3848	10.9987	0.115275	29.8	21.6
CBDDTY010000666.1	1	34983	30	4120	11.7771	0.128977	30.8	30.7
CBDDTY010000667.1	1	34982	7	1100	3.14447	0.0389915	29.7	32
CBDDTY010000668.1	1	34972	11	1667	4.76667	0.0508121	29.1	12.3
CBDDTY010000669.1	1	34950	28	3805	10.887	0.11774	28.7	21.1
CBDDTY010000670.1	1	34942	60	6731	19.2634	0.254279	30.1	25.1
CBDDTY010000671.1	1	34934	20	3741	10.7088	0.110151	30	23.2
CBDDTY010000672.1	1	34925	6	773	2.21331	0.0221331	32.2	5.83
CBDDTY010000673.1	1	34922	22	2827	8.09518	0.0871084	27.6	8.36
CBDDTY010000674.1	1	34918	16	2177	6.23461	0.079386	30.7	17.5
CBDDTY010000675.1	1	34907	30	4220	12.0893	0.133211	28.2	15.3
CBDDTY010000676.1	1	34893	25	3438	9.85298	0.109821	30	8
CBDDTY010000677.1	1	34876	22	3259	9.34453	0.100011	30.1	25.1
CBDDTY010000678.1	1	34863	24	3077	8.82598	0.119898	29.8	12.5
CBDDTY010000679.1	1	34854	30	3844	11.0289	0.127762	29.1	20.9
CBDDTY010000680.1	1	34847	23	3372	9.67659	0.107872	31.3	25.6
CBDDTY010000681.1	1	34839	11	1425	4.09024	0.0458681	30	2.64
CBDDTY010000682.1	1	34824	27	3796	10.9005	0.116931	28.9	22.6
CBDDTY010000683.1	1	34791	17	2237	6.42982	0.0704493	29.9	10.4
CBDDTY010000684.1	1	34774	24	3287	9.45246	0.102059	29	30.2
CBDDTY010000685.1	1	34677	50	6643	19.1568	0.220492	28.5	19.5
CBDDTY010000686.1	1	34671	15	2192	6.32229	0.0732312	29.4	18.3
CBDDTY010000687.1	1	34617	21	3495	10.0962	0.105757	29.6	29.9
CBDDTY010000688.1	1	34609	16	2431	7.02418	0.0788234	29.2	19.8
CBDDTY010000689.1	1	34607	35	4754	13.7371	0.169532	29.3	10.1
CBDDTY010000690.1	1	34599	17	1369	3.95676	0.0639036	30.4	5.12
CBDDTY010000691.1	1	34599	38	4454	12.8732	0.192838	29.7	5.08
CBDDTY010000692.1	1	34584	10	1464	4.23317	0.0437775	32.5	10
CBDDTY010000693.1	1	34578	14	1667	4.82098	0.0516224	31.6	9.43
CBDDTY010000694.1	1	34559	21	3123	9.03672	0.105443	31.2	29.4
CBDDTY010000695.1	1	34533	28	3734	10.8128	0.128862	31.8	14.3
CBDDTY010000696.1	1	34476	24	3374	9.78652	0.104275	29.2	26.3
CBDDTY010000697.1	1	34476	15	2209	6.40736	0.0640736	29.4	11.7
CBDDTY010000698.1	1	34464	25	3208	9.30826	0.104428	29.8	15.6
CBDDTY010000699.1	1	34461	11	1928	5.59473	0.0560344	27.9	9.18
CBDDTY010000700.1	1	34459	24	3180	9.22836	0.11875	30.5	16.3
CBDDTY010000701.1	1	34436	11	1399	4.06261	0.0471019	29.6	1.82
CBDDTY010000702.1	1	34429	22	3015	8.75715	0.0991315	28.8	32.4
CBDDTY010000703.1	1	34426	26	3821	11.0992	0.115494	28.3	6.88
CBDDTY010000704.1	1	34379	26	3137	9.12476	0.114808	32.5	32.2
CBDDTY010000705.1	1	34351	35	4805	13.9879	0.166516	31.2	21.8
CBDDTY010000706.1	1	34304	31	4075	11.8791	0.141237	28	14.5
CBDDTY010000707.1	1	34288	40	4362	12.7217	0.179538	28.8	13.9
CBDDTY010000708.1	1	34277	14	2288	6.67503	0.0674505	30.3	20.6
CBDDTY010000709.1	1	34223	22	3282	9.59004	0.100985	27.7	29.9
CBDDTY010000710.1	1	34219	44	5752	16.8094	0.19986	29.5	3.09
CBDDTY010000711.1	1	34211	14	1731	5.05978	0.0530823	29.4	11.2
CBDDTY010000712.1	1	34207	10	1575	4.60432	0.0460432	30.5	10
CBDDTY010000713.1	1	34200	18	2871	8.39474	0.0846491	32.2	17.3
CBDDTY010000714.1	1	34198	28	4790	14.0067	0.160623	29.9	26
CBDDTY010000715.1	1	34194	17	1988	5.81389	0.0604784	28.5	23.9
CBDDTY010000716.1	1	34185	47	4869	14.2431	0.219687	31.4	13.7
CBDDTY010000717.1	1	34155	29	4397	12.8737	0.144693	29.9	32.7
CBDDTY010000718.1	1	34148	24	3481	10.1939	0.107883	27.6	19.5
CBDDTY010000719.1	1	34147	19	2786	8.15884	0.0815884	30.5	32.7
CBDDTY010000720.1	1	34139	13	2031	5.94921	0.0679868	30.6	8.23
CBDDTY010000721.1	1	34138	14	2121	6.21302	0.0695706	30.9	29
CBDDTY010000722.1	1	34137	15	2080	6.0931	0.0671412	27.2	2.2
CBDDTY010000723.1	1	34130	24	3215	9.41987	0.108497	30.6	20.4
CBDDTY010000724.1	1	34124	17	2102	6.15989	0.088911	29.4	9.47
CBDDTY010000725.1	1	34122	20	2224	6.51779	0.0788348	29.8	2.2
CBDDTY010000726.1	1	34090	34	4306	12.6313	0.140862	30.1	21.8
CBDDTY010000727.1	1	34087	19	2175	6.38073	0.0770088	30.2	12
CBDDTY010000728.1	1	34078	12	1918	5.62826	0.0620635	28.2	6.25
CBDDTY010000729.1	1	34053	4	445	1.30679	0.0130679	29.7	0.25
CBDDTY010000730.1	1	34026	38	4956	14.5653	0.17419	28.9	12.6
CBDDTY010000731.1	1	34006	7	772	2.27019	0.0241722	30	6.71
CBDDTY010000732.1	1	34000	9	1245	3.66176	0.0397353	32.5	2.89
CBDDTY010000733.1	1	34000	11	1728	5.08235	0.0508235	32.9	8
CBDDTY010000734.1	1	34000	24	3066	9.01765	0.113118	30.8	12.2
CBDDTY010000735.1	1	34000	48	3369	9.90882	0.233353	31.1	9.81
CBDDTY010000736.1	1	34000	12	1720	5.05882	0.0537059	31.5	30.9
CBDDTY010000737.1	1	34000	12	1715	5.04412	0.0542647	29.4	2.5
CBDDTY010000738.1	1	34000	17	2400	7.05882	0.0726176	30.9	21.8
CBDDTY010000739.1	1	34000	18	3351	9.85588	0.111118	30.9	11.2
CBDDTY010000740.1	1	34000	30	3244	9.54118	0.139441	31.6	9.63
CBDDTY010000741.1	1	34000	28	3574	10.5118	0.127853	30.9	4.5
CBDDTY010000742.1	1	33800	44	4410	13.0473	0.217219	29.4	25.9
CBDDTY010000743.1	1	34000	15	2165	6.36765	0.0639118	29.9	14.3
CBDDTY010000744.1	1	34000	14	1241	3.65	0.0522353	32.4	1.14
CBDDTY010000745.1	1	34000	17	2743	8.06765	0.0893235	29.8	12.6
CBDDTY010000746.1	1	34000	23	2484	7.30588	0.116412	30.7	11.9
CBDDTY010000747.1	1	34000	42	5181	15.2382	0.2205	28.3	6.88
CBDDTY010000748.1	1	34000	9	982	2.88824	0.0288824	31	3.67
CBDDTY010000749.1	1	34000	17	1785	5.25	0.0767941	27.4	4.59
CBDDTY010000750.1	1	33800	23	2976	8.80473	0.0978698	29.9	11.3
CBDDTY010000751.1	1	34000	14	1816	5.34118	0.0576471	25.8	15.8
CBDDTY010000752.1	1	34000	25	3168	9.31765	0.103882	32	13.9
CBDDTY010000753.1	1	34000	24	3360	9.88235	0.103706	28.9	24
CBDDTY010000754.1	1	33612	24	3268	9.72272	0.111389	30	19.5
CBDDTY010000755.1	1	33992	8	1226	3.60673	0.0397152	32.1	2.12
CBDDTY010000756.1	1	33985	44	6318	18.5906	0.229366	29.9	31.4
CBDDTY010000757.1	1	33983	15	2535	7.45961	0.0745961	30.5	26.5
CBDDTY010000758.1	1	33983	82	9833	28.9351	0.366683	29.3	30.6
CBDDTY010000759.1	1	33929	15	2450	7.22096	0.0722096	27.6	1.07
CBDDTY010000760.1	1	33925	18	2295	6.76492	0.0789683	31.5	4.39
CBDDTY010000761.1	1	33923	14	2252	6.63856	0.0689208	28.3	43.4
CBDDTY010000762.1	1	33914	19	2748	8.10285	0.0881937	27.1	26.9
CBDDTY010000763.1	1	33898	23	3080	9.08608	0.103959	31	8.22
CBDDTY010000764.1	1	33890	9	1544	4.55592	0.0455592	27.4	37.1
CBDDTY010000765.1	1	33888	18	2911	8.59006	0.0925401	29.1	25.8
CBDDTY010000766.1	1	33673	22	3126	9.2834	0.111395	28.9	5.91
CBDDTY010000767.1	1	33858	13	2520	7.44285	0.0775592	28.7	33.4
CBDDTY010000768.1	1	33839	22	3818	11.2828	0.116936	30.2	37.1
CBDDTY010000769.1	1	33835	33	3915	11.5709	0.132082	30.7	17.9
CBDDTY010000770.1	1	33831	23	3317	9.80462	0.117407	28.3	29
CBDDTY010000771.1	1	33828	21	2918	8.62599	0.0907828	28.6	32.4
CBDDTY010000772.1	1	33826	21	3282	9.7026	0.097026	29.9	29
CBDDTY010000773.1	1	33818	24	3681	10.8847	0.120528	28.7	16.1
CBDDTY010000774.1	1	33817	26	3873	11.4528	0.118284	29.4	14.4
CBDDTY010000775.1	1	33801	19	3063	9.06186	0.0913582	29.5	17.2
CBDDTY010000776.1	1	33789	28	2810	8.31632	0.148983	30.8	15.2
CBDDTY010000777.1	1	33769	32	4063	12.0317	0.137759	29.9	32.2
CBDDTY010000778.1	1	33768	30	2783	8.24153	0.149372	31.9	9.43
CBDDTY010000779.1	1	33766	55	6426	19.031	0.246727	29.8	24
CBDDTY010000780.1	1	33762	14	1566	4.63835	0.0653694	28.8	13.6
CBDDTY010000781.1	1	33751	10	1554	4.60431	0.0460431	27.6	33.5
CBDDTY010000782.1	1	33746	6	849	2.51585	0.0251585	27.7	0.5
CBDDTY010000783.1	1	33732	28	3850	11.4135	0.130114	30.6	26.6
CBDDTY010000784.1	1	33722	55	7198	21.3451	0.265554	29.3	8.16
CBDDTY010000785.1	1	33708	13	2262	6.71057	0.0677881	28	32.2
CBDDTY010000786.1	1	33702	20	2455	7.28443	0.0803513	29.8	15.8
CBDDTY010000787.1	1	33661	18	2433	7.22795	0.0842815	29.7	14.2
CBDDTY010000788.1	1	33654	17	3065	9.10739	0.0973733	28.8	15.6
CBDDTY010000789.1	1	33644	24	3330	9.89775	0.11268	28.6	23.8
CBDDTY010000790.1	1	33638	12	1264	3.75766	0.0375766	31.7	3.17
CBDDTY010000791.1	1	33637	30	3648	10.8452	0.135	29.1	15.4
CBDDTY010000792.1	1	33637	10	1439	4.27803	0.0442073	29.4	17.3
CBDDTY010000793.1	1	33634	12	1691	5.02765	0.052774	29.1	10.4
CBDDTY010000794.1	1	33629	33	4430	13.1732	0.150614	29.4	15.1
CBDDTY010000795.1	1	33617	21	3276	9.74507	0.110063	28	18.6
CBDDTY010000796.1	1	33612	22	3204	9.53231	0.102374	30	18.3
CBDDTY010000797.1	1	33606	54	5403	16.0775	0.277629	29.8	11.1
CBDDTY010000798.1	1	33591	6	742	2.20893	0.0305141	33.6	12.8
CBDDTY010000799.1	1	33579	12	1399	4.16629	0.0564936	30.3	13.4
CBDDTY010000800.1	1	33572	16	2601	7.74753	0.0774753	30.3	36.9
CBDDTY010000801.1	1	33566	14	2027	6.03885	0.0647083	32.3	14.4
CBDDTY010000802.1	1	33558	12	1794	5.34597	0.0600751	30.1	19.7
CBDDTY010000803.1	1	33558	28	3766	11.2224	0.142559	30.8	33.9
CBDDTY010000804.1	1	33534	11	1312	3.91245	0.0448798	29.3	8.64
CBDDTY010000805.1	1	33515	30	4079	12.1707	0.143667	31.6	19.4
CBDDTY010000806.1	1	33512	20	3263	9.73681	0.107991	30.6	18.7
CBDDTY010000807.1	1	33506	25	3989	11.9053	0.128693	29.1	22.7
CBDDTY010000808.1	1	33489	23	2501	7.46812	0.109021	28.8	5.35
CBDDTY010000809.1	1	33465	33	4077	12.1829	0.144659	30.2	24.9
CBDDTY010000810.1	1	33458	19	3179	9.50146	0.10431	30.2	1.74
CBDDTY010000811.1	1	33457	13	1576	4.71052	0.0582539	29.8	13.6
CBDDTY010000812.1	1	33457	11	1843	5.50856	0.0585827	29.4	18.1
CBDDTY010000813.1	1	33431	7	883	2.64126	0.0329933	29.4	14.7
CBDDTY010000814.1	1	33402	21	3247	9.72097	0.106431	31.4	18.3
CBDDTY010000815.1	1	33384	68	8369	25.0689	0.329469	29.4	21.5
CBDDTY010000816.1	1	33379	14	2126	6.36927	0.0746877	30.2	7.5
CBDDTY010000817.1	1	33356	21	2978	8.92793	0.089639	28	1.29
CBDDTY010000818.1	1	33356	13	2245	6.73042	0.0743494	29.8	34.5
CBDDTY010000819.1	1	33350	20	2711	8.12894	0.0907346	29.6	25.1
CBDDTY010000820.1	1	33349	32	3377	10.1262	0.1487	29.4	12.9
CBDDTY010000821.1	1	33284	14	1996	5.99688	0.062192	29.1	18.4
CBDDTY010000822.1	1	33274	29	4202	12.6285	0.138847	30	24.7
CBDDTY010000823.1	1	33274	45	4794	14.4076	0.21335	29.2	21
CBDDTY010000824.1	1	33255	21	3267	9.82409	0.102	30.2	28
CBDDTY010000825.1	1	33215	15	2045	6.15686	0.0662953	28.6	30.2
CBDDTY010000826.1	1	33147	16	1927	5.8135	0.0664314	31.8	6.44
CBDDTY010000827.1	1	33145	23	3235	9.76014	0.10451	28.5	21.4
CBDDTY010000828.1	1	33130	19	3088	9.32086	0.0932086	29.1	17.5
CBDDTY010000829.1	1	33113	31	4261	12.8681	0.159605	29.2	5.58
CBDDTY010000830.1	1	33105	11	1591	4.80592	0.0517747	30.8	12.7
CBDDTY010000831.1	1	33092	24	2695	8.14396	0.106068	28.2	16.7
CBDDTY010000832.1	1	33090	21	3148	9.51345	0.101692	29.5	37.6
CBDDTY010000833.1	1	33069	29	3768	11.3944	0.121745	29.6	8.03
CBDDTY010000834.1	1	33053	18	2722	8.23526	0.104983	29.5	18.8
CBDDTY010000835.1	1	33051	3	372	1.12553	0.0112553	32	0.667
CBDDTY010000836.1	1	33016	18	2669	8.08396	0.0828083	28.2	27.5
CBDDTY010000837.1	1	33006	22	2784	8.43483	0.087984	30.8	17.6
CBDDTY010000838.1	1	33000	5	707	2.14242	0.0214242	30.5	9.4
CBDDTY010000839.1	1	33000	7	842	2.55152	0.0255152	33.3	0.714
CBDDTY010000840.1	1	33000	5	825	2.5	0.025	32.4	12.2
CBDDTY010000841.1	1	33000	21	3792	11.4909	0.120636	27.5	2.38
CBDDTY010000842.1	1	33000	11	1760	5.33333	0.0533333	29.8	20.3
CBDDTY010000843.1	1	33000	35	4934	14.9515	0.177576	28.7	8.89
CBDDTY010000844.1	1	33000	28	3401	10.3061	0.132455	31	33.4
CBDDTY010000845.1	1	32800	82	9338	28.4695	0.404055	28.9	3.16
CBDDTY010000846.1	1	33000	20	2982	9.03636	0.104515	27.2	23.7
CBDDTY010000847.1	1	33000	21	2377	7.20303	0.10097	32	13.4
CBDDTY010000848.1	1	33000	6	810	2.45455	0.0245455	32.5	10.3
CBDDTY010000849.1	1	33000	19	2740	8.30303	0.0830303	30.9	17.2
CBDDTY010000850.1	1	33000	7	1034	3.13333	0.0360606	27.5	6.29
CBDDTY010000851.1	1	33000	21	3321	10.0636	0.106212	29.1	30.9
CBDDTY010000852.1	1	33000	20	2739	8.3	0.0885758	30.9	22.2
CBDDTY010000853.1	1	33000	11	1176	3.56364	0.0487273	28.2	9.82
CBDDTY010000854.1	1	33000	42	5425	16.4394	0.204788	30.1	3.24
CBDDTY010000855.1	1	33000	2	413	1.25152	0.0125152	29.7	30
CBDDTY010000856.1	1	33000	31	3757	11.3848	0.136727	32.3	12.6
CBDDTY010000857.1	1	32600	23	3385	10.3834	0.11408	27.6	12
CBDDTY010000858.1	1	32995	25	3117	9.44689	0.125928	25.4	17.4
CBDDTY010000859.1	1	32982	10	1574	4.7723	0.0483294	28.4	6.1
CBDDTY010000860.1	1	32981	11	1833	5.55775	0.059792	30.8	3.45
CBDDTY010000861.1	1	32973	2	132	0.400328	0.00658114	34.9	7
CBDDTY010000862.1	1	32972	16	2558	7.7581	0.0829188	28.4	27.4
CBDDTY010000863.1	1	32968	27	3466	10.5132	0.130035	30.4	23.6
CBDDTY010000864.1	1	32945	28	4145	12.5816	0.127789	29.6	31.6
CBDDTY010000865.1	1	32929	20	2478	7.52528	0.078897	30	21.1
CBDDTY010000866.1	1	32909	8	1439	4.37266	0.0437266	30.1	7
CBDDTY010000867.1	1	32895	16	1498	4.55388	0.0551452	31.1	12.7
CBDDTY010000868.1	1	32880	17	2474	7.52433	0.0864964	28.8	12.5
CBDDTY010000869.1	1	32860	33	4428	13.4753	0.157791	31	22
CBDDTY010000870.1	1	32845	16	1934	5.88826	0.0633582	28.4	7.38
CBDDTY010000871.1	1	32844	16	2451	7.46255	0.0774571	31.6	26.5
CBDDTY010000872.1	1	32844	22	3252	9.90135	0.108209	26.9	7.68
CBDDTY010000873.1	1	32842	20	2909	8.85756	0.104713	27.7	6.5
CBDDTY010000874.1	1	32811	26	2656	8.09485	0.106336	29.1	6.69
CBDDTY010000875.1	1	32802	27	3956	12.0602	0.123621	32.5	26.4
CBDDTY010000876.1	1	32800	3	342	1.04268	0.0151524	27.9	9.33
CBDDTY010000877.1	1	32799	15	2536	7.73194	0.0835391	28.8	36.7
CBDDTY010000878.1	1	32787	19	2688	8.19837	0.102663	31.9	7.63
CBDDTY010000879.1	1	32758	6	1034	3.15648	0.0315648	30.9	25.2
CBDDTY010000880.1	1	32752	12	1814	5.53859	0.0595689	29.6	26.2
CBDDTY010000881.1	1	32736	1	190	0.580401	0.00580401	25.2	1
CBDDTY010000882.1	1	32721	14	1528	4.66978	0.0558357	28.2	1.14
CBDDTY010000883.1	1	32713	34	4823	14.7434	0.179439	30.1	25.3
CBDDTY010000884.1	1	32695	22	3067	9.38064	0.104909	28	26
CBDDTY010000885.1	1	32654	19	2328	7.1293	0.0809702	30.1	12.8
CBDDTY010000886.1	1	32652	15	2175	6.66115	0.0814651	30.2	23.1
CBDDTY010000887.1	1	32652	4	525	1.60786	0.0160786	31.8	0
CBDDTY010000888.1	1	32650	10	1654	5.06585	0.0536907	28.4	18.6
CBDDTY010000889.1	1	32631	21	3086	9.45726	0.107137	28	21.7
CBDDTY010000890.1	1	32628	9	1485	4.55131	0.0498038	28.6	9.33
CBDDTY010000891.1	1	32627	28	3855	11.8154	0.133386	30.6	22.4
CBDDTY010000892.1	1	32626	27	4296	13.1674	0.140042	28.3	29.4
CBDDTY010000893.1	1	32599	8	879	2.6964	0.0299396	30.9	2.62
CBDDTY010000894.1	1	32560	20	3122	9.58845	0.112654	29.5	15.6
CBDDTY010000895.1	1	32545	16	2389	7.34061	0.0884929	29.4	24.2
CBDDTY010000896.1	1	32521	19	2571	7.90566	0.0888042	30.8	12.3
CBDDTY010000897.1	1	32477	17	2231	6.86948	0.0819041	28.8	12.4
CBDDTY010000898.1	1	32385	26	4026	12.4317	0.156091	29.3	31.7
CBDDTY010000899.1	1	32338	14	2236	6.91447	0.0691447	27.5	10.6
CBDDTY010000900.1	1	32332	40	3426	10.5963	0.193709	27.8	5.88
CBDDTY010000901.1	1	32328	19	2629	8.13227	0.091314	29.7	22.7
CBDDTY010000902.1	1	32322	22	2322	7.18396	0.0884846	29.8	5.77
CBDDTY010000903.1	1	32321	15	1939	5.9992	0.0648495	29	12.6
CBDDTY010000904.1	1	32315	36	4628	14.3215	0.174687	30.3	23.1
CBDDTY010000905.1	1	32285	17	2351	7.28202	0.0728202	30.3	15.4
CBDDTY010000906.1	1	32274	27	4159	12.8865	0.128865	30	33
CBDDTY010000907.1	1	32264	22	3289	10.194	0.103552	28.2	29.5
CBDDTY010000908.1	1	32248	7	1292	4.00645	0.0400645	27.3	10.3
CBDDTY010000909.1	1	32245	45	6150	19.0727	0.233059	29.2	12.8
CBDDTY010000910.1	1	32244	24	3062	9.49634	0.116642	29.1	9
CBDDTY010000911.1	1	32240	10	1084	3.36228	0.046464	25.5	3.2
CBDDTY010000912.1	1	32228	23	3273	10.1558	0.135534	29	16.2
CBDDTY010000913.1	1	32224	22	3430	10.6442	0.113549	29.7	33.8
CBDDTY010000914.1	1	32221	3	446	1.38419	0.0138419	32.6	0.667
CBDDTY010000915.1	1	32207	24	3054	9.48241	0.113609	29	15.9
CBDDTY010000916.1	1	32207	14	2263	7.02642	0.0755115	29.3	18.4
CBDDTY010000917.1	1	32206	11	1146	3.55834	0.0375085	29.4	9.18
CBDDTY010000918.1	1	32199	13	1687	5.23929	0.0549085	26.3	5.31
CBDDTY010000919.1	1	32185	23	3864	12.0056	0.126767	28.4	8.96
CBDDTY010000920.1	1	32174	25	3260	10.1324	0.12019	27.7	2.88
CBDDTY010000921.1	1	32164	31	5000	15.5453	0.161578	28.5	33.4
CBDDTY010000922.1	1	32159	43	5549	17.2549	0.212942	27.9	20.5
CBDDTY010000923.1	1	32157	12	2017	6.27235	0.0627235	29.2	19.8
CBDDTY010000924.1	1	32156	32	4121	12.8156	0.159504	29.3	29.7
CBDDTY010000925.1	1	32151	24	2150	6.68719	0.125408	31.9	10.7
CBDDTY010000926.1	1	32149	18	2153	6.69694	0.074839	28.5	2.5
CBDDTY010000927.1	1	32123	11	1502	4.67578	0.0467578	29	19.4
CBDDTY010000928.1	1	32074	15	1978	6.16699	0.0733616	25.9	17.4
CBDDTY010000929.1	1	32048	12	1202	3.75062	0.0482401	32	15.2
CBDDTY010000930.1	1	32000	36	5115	15.9844	0.172813	29.9	25.8
CBDDTY010000931.1	1	31800	12	1827	5.74528	0.0604717	32.3	22.3
CBDDTY010000933.1	1	32000	85	8445	26.3906	0.372281	30.7	8.66
CBDDTY010000934.1	1	32000	13	1513	4.72813	0.0511875	28.6	6.15
CBDDTY010000935.1	1	32000	19	2951	9.22188	0.107688	28.8	31.7
CBDDTY010000936.1	1	32000	2	189	0.590625	0.00590625	23.5	0
CBDDTY010000937.1	1	32000	17	2377	7.42812	0.078375	31.5	10.9
CBDDTY010000938.1	1	32000	22	2866	8.95625	0.104688	31.6	1.95
CBDDTY010000939.1	1	32000	16	2427	7.58437	0.079625	29	2.75
CBDDTY010000940.1	1	32000	15	1965	6.14062	0.0695625	29.3	4.53
CBDDTY010000941.1	1	32000	13	1811	5.65937	0.0633125	29.2	1.77
CBDDTY010000942.1	1	32000	7	609	1.90312	0.03625	27.3	13.7
CBDDTY010000943.1	1	32000	32	4738	14.8063	0.165125	30.1	20.6
CBDDTY010000944.1	1	32000	17	2389	7.46563	0.0835	28.9	9.29
CBDDTY010000945.1	1	32000	25	3807	11.8969	0.131406	29.8	16
CBDDTY010000946.1	1	32000	16	1816	5.675	0.07075	29.5	10.9
CBDDTY010000947.1	1	32000	16	2404	7.5125	0.0813438	29.1	25.3
CBDDTY010000948.1	1	32000	24	3150	9.84375	0.119375	28.5	9.08
CBDDTY010000949.1	1	32000	10	1616	5.05	0.0505	30.9	3.5
CBDDTY010000950.1	1	32000	36	4689	14.6531	0.18	30.6	25.4
CBDDTY010000951.1	1	32000	24	3964	12.3875	0.139031	30.2	16.1
CBDDTY010000952.1	1	32000	1	130	0.40625	0.0040625	28.3	0
CBDDTY010000953.1	1	31999	19	2651	8.28463	0.0873152	32.3	22.8
CBDDTY010000954.1	1	31996	22	2893	9.04176	0.105544	32.5	3.59
CBDDTY010000955.1	1	31979	8	1290	4.0339	0.040339	29.2	23.1
CBDDTY010000956.1	1	31977	22	3122	9.76327	0.108297	30.5	5.18
CBDDTY010000957.1	1	31943	2	314	0.983001	0.00983001	26.9	3
CBDDTY010000958.1	1	31917	25	3432	10.7529	0.127299	28.2	17.8
CBDDTY010000959.1	1	31914	20	2700	8.46024	0.0919972	29.7	25.2
CBDDTY010000960.1	1	31910	16	2339	7.32999	0.0776872	29.1	13.6
CBDDTY010000961.1	1	31898	15	1802	5.64926	0.0717913	31	3.73
CBDDTY010000962.1	1	31883	32	3697	11.5955	0.167362	29.2	16.7
CBDDTY010000963.1	1	31877	14	1914	6.00433	0.0712426	30.5	14.6
CBDDTY010000964.1	1	31877	4	353	1.10738	0.0134266	32.5	3.5
CBDDTY010000965.1	1	31863	50	5998	18.8243	0.245708	29.4	13.5
CBDDTY010000966.1	1	31845	20	2542	7.98241	0.0957764	31	8.1
CBDDTY010000967.1	1	31840	25	3140	9.86181	0.111526	32.4	18.2
CBDDTY010000968.1	1	31838	4	566	1.77775	0.0177775	29	0.25
CBDDTY010000969.1	1	31822	20	2871	9.02206	0.0935202	30.8	36.9
CBDDTY010000970.1	1	31815	23	3351	10.5328	0.116769	30.3	20.7
CBDDTY010000971.1	1	31800	24	3165	9.95283	0.12022	27.3	9.29
CBDDTY010000972.1	1	31799	22	3898	12.2582	0.122582	32.1	12
CBDDTY010000973.1	1	31794	22	2952	9.28477	0.100931	27.8	14.5
CBDDTY010000974.1	1	31778	30	4842	15.237	0.168859	31.7	33.5
CBDDTY010000975.1	1	31769	34	4866	15.3168	0.199629	31.1	8.26
CBDDTY010000976.1	1	31747	22	2575	8.111	0.0882603	27	8.73
CBDDTY010000977.1	1	31746	57	6337	19.9616	0.281043	29.2	5.47
CBDDTY010000978.1	1	31735	12	2178	6.86308	0.073515	27	15.9
CBDDTY010000979.1	1	31693	10	1546	4.87805	0.0519042	28.5	20.2
CBDDTY010000980.1	1	31667	39	5444	17.1914	0.192124	30	2.21
CBDDTY010000981.1	1	31665	16	2229	7.03932	0.0775304	29.7	28.9
CBDDTY010000982.1	1	31646	13	1619	5.11597	0.0575744	31.6	32.8
CBDDTY010000983.1	1	31631	29	3782	11.9566	0.132054	29.4	11.2
CBDDTY010000984.1	1	31630	25	3955	12.504	0.146412	27.3	27.9
CBDDTY010000985.1	1	31626	13	1562	4.93897	0.0622905	29.3	1.54
CBDDTY010000986.1	1	31622	12	1934	6.116	0.0649864	30.6	6.33
CBDDTY010000987.1	1	31606	2	248	0.784661	0.0110106	31	0.5
CBDDTY010000988.1	1	31590	41	4778	15.125	0.200981	28.4	14.9
CBDDTY010000989.1	1	31588	47	5490	17.38	0.208465	28.5	22.9
CBDDTY010000990.1	1	31579	37	5878	18.6136	0.209633	28.9	35.4
CBDDTY010000991.1	1	31573	20	2396	7.58876	0.0934026	28	16.7
CBDDTY010000992.1	1	31554	16	2671	8.46485	0.0883248	29	39.9
CBDDTY010000993.1	1	31531	19	3398	10.7767	0.111604	25.8	21.2
CBDDTY010000994.1	1	31506	23	3373	10.7059	0.134927	32.2	2.57
CBDDTY010000995.1	1	31504	24	3383	10.7383	0.125349	29	20.7
CBDDTY010000996.1	1	31489	5	1099	3.49011	0.0349011	29	24.8
CBDDTY010000997.1	1	31488	19	2368	7.52033	0.10007	29.9	16.7
CBDDTY010000998.1	1	31472	7	905	2.87557	0.040544	29.9	0.571
CBDDTY010000999.1	1	31468	11	2010	6.38744	0.0644782	29.4	5
CBDDTY010001000.1	1	31466	17	2989	9.49914	0.0949914	31.4	40.7
CBDDTY010001001.1	1	31458	8	1146	3.64295	0.039958	30.1	0.25
CBDDTY010001002.1	1	31438	4	791	2.51606	0.0251606	26.1	4
CBDDTY010001003.1	1	31438	17	2178	6.92792	0.0692792	29	19.2
CBDDTY010001004.1	1	31429	8	1203	3.82768	0.0386904	30.8	18.8
CBDDTY010001005.1	1	31426	5	784	2.49475	0.0249475	24.3	16.8
CBDDTY010001006.1	1	31423	7	921	2.93097	0.0393342	29.2	10.1
CBDDTY010001007.1	1	31421	15	2660	8.46568	0.0891442	28.9	28.9
CBDDTY010001008.1	1	31411	16	2047	6.51683	0.0715673	27.2	6.62
CBDDTY010001009.1	1	31401	8	853	2.71647	0.035381	30.4	4.12
CBDDTY010001010.1	1	31393	22	2716	8.65161	0.100659	31.5	0.818
CBDDTY010001011.1	1	31393	68	7648	24.3621	0.328799	28.5	20.5
CBDDTY010001012.1	1	31353	12	1578	5.03301	0.0536791	29.5	16.5
CBDDTY010001013.1	1	31349	18	2613	8.33519	0.0977703	29.8	25.7
CBDDTY010001014.1	1	31330	22	3546	11.3182	0.116661	29.9	33
CBDDTY010001015.1	1	31314	15	1873	5.98135	0.0758447	29.6	15.4
CBDDTY010001016.1	1	31312	21	3521	11.2449	0.116952	28.3	33.4
CBDDTY010001017.1	1	31302	15	2394	7.64807	0.0794518	27.5	16.5
CBDDTY010001018.1	1	31290	35	3610	11.5372	0.17846	29.4	4.4
CBDDTY010001019.1	1	31275	21	3136	10.0272	0.106251	28.9	27.3
CBDDTY010001020.1	1	31270	10	1300	4.15734	0.04378	31.5	0.3
CBDDTY010001021.1	1	31266	26	3531	11.2934	0.12029	32.8	32.3
CBDDTY010001022.1	1	31232	31	2619	8.38563	0.128458	28.3	23.4
CBDDTY010001023.1	1	31224	30	4119	13.1918	0.169229	30.3	10.8
CBDDTY010001024.1	1	31216	14	1495	4.78921	0.0576307	30.2	2.93
CBDDTY010001025.1	1	31211	8	744	2.38377	0.0373266	29.7	7.88
CBDDTY010001026.1	1	31195	14	1955	6.26703	0.0672223	30.5	11.8
CBDDTY010001027.1	1	31190	13	2228	7.14332	0.0714332	29.1	17.4
CBDDTY010001028.1	1	31144	43	3994	12.8243	0.217281	30.8	14.4
CBDDTY010001029.1	1	31142	8	970	3.11476	0.033267	34.6	7.38
CBDDTY010001030.1	1	31136	9	1158	3.71917	0.0371917	31.1	36.1
CBDDTY010001031.1	1	31121	17	2420	7.7761	0.0801388	29.9	20.4
CBDDTY010001032.1	1	31112	26	3270	10.5104	0.144028	29.5	17.5
CBDDTY010001033.1	1	31102	37	4009	12.8898	0.176194	27.1	11.2
CBDDTY010001034.1	1	31078	14	1890	6.08147	0.0721089	29.8	11.4
CBDDTY010001035.1	1	31072	33	4175	13.4365	0.161689	28.8	12.3
CBDDTY010001036.1	1	31066	18	2781	8.95191	0.10291	31.3	33.1
CBDDTY010001037.1	1	31052	9	982	3.16244	0.039611	33.1	0.333
CBDDTY010001038.1	1	31045	7	926	2.98277	0.0298277	35.2	33.3
CBDDTY010001039.1	1	31039	1	177	0.57025	0.0057025	19.5	0
CBDDTY010001040.1	1	31027	21	2798	9.01795	0.103233	28.3	5.43
CBDDTY010001041.1	1	31024	23	2454	7.91001	0.097344	33.4	20
CBDDTY010001042.1	1	31007	14	2596	8.3723	0.0848841	29.1	29.2
CBDDTY010001043.1	1	31005	23	3242	10.4564	0.122754	29.6	16.1
CBDDTY010001044.1	1	30800	70	6422	20.8506	0.329675	30.1	7.16
CBDDTY010001045.1	1	30800	53	5883	19.1006	0.261948	30.1	10.7
CBDDTY010001046.1	1	31000	15	2064	6.65806	0.0717097	28.8	14.9
CBDDTY010001047.1	1	31000	9	1360	4.3871	0.0523226	25.9	7.22
CBDDTY010001048.1	1	31000	5	825	2.66129	0.0266129	29.3	19.4
CBDDTY010001049.1	1	31000	45	5639	18.1903	0.232323	28.3	16.1
CBDDTY010001050.1	1	31000	15	2262	7.29677	0.0808387	28.3	14.3
CBDDTY010001051.1	1	30800	16	2610	8.47403	0.0897078	28.7	37.4
CBDDTY010001052.1	1	31000	12	1901	6.13226	0.0685484	29.7	17.7
CBDDTY010001053.1	1	30800	30	3583	11.6331	0.147078	29.4	13.9
CBDDTY010001054.1	1	31000	16	1832	5.90968	0.0626774	30.3	23
CBDDTY010001055.1	1	31000	19	2323	7.49355	0.0960645	30.2	10.8
CBDDTY010001056.1	1	31000	13	1742	5.61935	0.0582903	26.6	1.46
CBDDTY010001057.1	1	31000	13	1670	5.3871	0.0734194	26.7	17.8
CBDDTY010001058.1	1	30400	38	3941	12.9638	0.189638	30.6	13.7
CBDDTY010001059.1	1	31000	16	2770	8.93548	0.0893548	29.9	11.8
CBDDTY010001060.1	1	31000	14	2190	7.06452	0.0749355	29.1	16.9
CBDDTY010001061.1	1	30600	17	2529	8.26471	0.0943464	28.6	6.06
CBDDTY010001062.1	1	31000	7	731	2.35806	0.0235806	31.9	9.29
CBDDTY010001063.1	1	30727	22	3276	10.6616	0.116542	28.1	3
CBDDTY010001064.1	1	30954	13	1944	6.28029	0.0628029	29.7	1.46
CBDDTY010001065.1	1	30937	15	1992	6.43889	0.0802276	29.7	24.8
CBDDTY010001066.1	1	30921	24	2972	9.61159	0.120598	30.5	32.1
CBDDTY010001067.1	1	30906	19	2895	9.36711	0.101598	29.4	29.6
CBDDTY010001068.1	1	30905	18	2777	8.9856	0.0934477	28.7	13.8
CBDDTY010001069.1	1	30888	17	2691	8.71212	0.098323	28.4	17.4
CBDDTY010001070.1	1	30873	41	5809	18.8158	0.212159	28.7	4
CBDDTY010001071.1	1	30868	19	2709	8.77608	0.105125	30.1	1.32
CBDDTY010001072.1	1	30865	30	3549	11.4985	0.148615	28.7	12.4
CBDDTY010001073.1	1	30863	11	1427	4.62366	0.0462366	30.5	9.64
CBDDTY010001074.1	1	30860	9	992	3.21452	0.0391769	30.3	1.67
CBDDTY010001075.1	1	30852	29	4085	13.2406	0.151141	29	26.9
CBDDTY010001076.1	1	30848	25	3574	11.5858	0.124676	31	29.6
CBDDTY010001077.1	1	30839	41	5040	16.3429	0.207465	30.7	33.7
CBDDTY010001078.1	1	30834	25	3960	12.843	0.146137	29.6	39.6
CBDDTY010001079.1	1	30819	12	2064	6.69717	0.0746942	28.2	20.4
CBDDTY010001080.1	1	30815	24	3348	10.8648	0.119487	29.9	36.4
CBDDTY010001081.1	1	30792	14	1776	5.76773	0.0649519	31.6	28.6
CBDDTY010001082.1	1	30792	20	1926	6.25487	0.0863536	27.9	15.1
CBDDTY010001083.1	1	30759	45	4477	14.5551	0.222862	29.2	10.8
CBDDTY010001084.1	1	30754	16	1508	4.90343	0.082851	27.7	7.12
CBDDTY010001085.1	1	30751	7	678	2.20481	0.0316087	32.4	0.429
CBDDTY010001086.1	1	30705	3	318	1.03566	0.0103566	29.8	0.333
CBDDTY010001087.1	1	30698	24	3857	12.5643	0.14255	27.8	43.2
CBDDTY010001088.1	1	30694	29	3189	10.3897	0.146446	31.5	6.52
CBDDTY010001089.1	1	30667	19	2838	9.25425	0.10901	31.2	13.5
CBDDTY010001090.1	1	30665	10	1389	4.52959	0.0452959	30.1	20.1
CBDDTY010001091.1	1	30654	7	739	2.41078	0.0241078	28.4	11.9
CBDDTY010001092.1	1	30651	23	4205	13.719	0.143291	27.2	37.9
CBDDTY010001093.1	1	30631	31	3921	12.8008	0.165225	31.1	9.58
CBDDTY010001094.1	1	30630	5	1021	3.33333	0.0333333	30.5	30.2
CBDDTY010001095.1	1	30608	20	2473	8.07959	0.10726	31.9	11.7
CBDDTY010001096.1	1	30608	18	2697	8.81142	0.103894	30.4	6.33
CBDDTY010001097.1	1	30400	21	2492	8.19737	0.0895066	31.1	13.3
CBDDTY010001098.1	1	30599	18	2407	7.86627	0.0837609	33.8	33.4
CBDDTY010001099.1	1	30591	22	3636	11.8858	0.137589	28.7	36.6
CBDDTY010001100.1	1	30568	25	4022	13.1576	0.145348	28.5	38.2
CBDDTY010001101.1	1	30565	10	1468	4.80288	0.0515622	30.1	17.9
CBDDTY010001102.1	1	30549	11	1361	4.45514	0.0584307	29.5	13.7
CBDDTY010001103.1	1	30539	16	1848	6.05128	0.0698451	29	8.56
CBDDTY010001104.1	1	30535	7	676	2.21385	0.0315376	30.7	13
CBDDTY010001105.1	1	30531	16	1950	6.38695	0.0662278	30.4	16.6
CBDDTY010001106.1	1	30523	16	2477	8.11519	0.0876716	28.8	32.6
CBDDTY010001107.1	1	30519	18	2422	7.93604	0.0913529	29	2.67
CBDDTY010001108.1	1	30513	10	1407	4.61115	0.0530594	32.8	36.5
CBDDTY010001109.1	1	30489	9	1404	4.60494	0.0469678	31	20.9
CBDDTY010001110.1	1	30474	22	3471	11.39	0.117083	30	28.9
CBDDTY010001111.1	1	30470	23	3222	10.5743	0.105743	31	31
CBDDTY010001112.1	1	30466	25	2993	9.82407	0.129686	27.9	18.8
CBDDTY010001113.1	1	30460	24	3893	12.7807	0.13457	29.1	36.2
CBDDTY010001114.1	1	30440	6	762	2.50329	0.0279238	27.9	16.7
CBDDTY010001115.1	1	30432	13	1802	5.9214	0.0611856	28.1	16.4
CBDDTY010001116.1	1	30415	18	2362	7.7659	0.0910077	28.7	5.89
CBDDTY010001117.1	1	30410	9	1458	4.79448	0.0479448	26.6	10.8
CBDDTY010001118.1	1	30405	12	1114	3.66387	0.0576221	31.5	13.4
CBDDTY010001119.1	1	30396	27	3482	11.4555	0.134393	28.7	14.8
CBDDTY010001120.1	1	30386	8	1445	4.75548	0.0503521	27.6	5.62
CBDDTY010001121.1	1	30370	27	4035	13.2861	0.140698	29.9	34.8
CBDDTY010001122.1	1	30365	23	2942	9.68879	0.133707	28.2	3.52
CBDDTY010001123.1	1	30347	23	3087	10.1723	0.121495	30	22
CBDDTY010001124.1	1	30341	39	3231	10.649	0.215814	31.7	33.7
CBDDTY010001125.1	1	30326	100	8149	26.8713	0.526644	29.7	7.15
CBDDTY010001126.1	1	30320	23	3145	10.3727	0.109466	26.8	12
CBDDTY010001127.1	1	30312	27	4637	15.2976	0.165314	28.6	31.2
CBDDTY010001128.1	1	30295	11	1593	5.25829	0.0549266	27.3	9.36
CBDDTY010001129.1	1	30290	8	952	3.14295	0.0388907	27.8	1.88
CBDDTY010001130.1	1	30268	16	2270	7.49967	0.0785648	27.1	18.1
CBDDTY010001131.1	1	30261	25	2883	9.52711	0.131027	30.9	3.36
CBDDTY010001132.1	1	30260	8	1324	4.37541	0.0437541	30	0.875
CBDDTY010001133.1	1	30259	21	3361	11.1074	0.119336	30.6	30.5
CBDDTY010001134.1	1	30212	55	6115	20.2403	0.30799	28.9	18.6
CBDDTY010001135.1	1	30206	41	4618	15.2884	0.213434	29.7	6.02
CBDDTY010001136.1	1	30205	27	3871	12.8158	0.146002	29.3	25.1
CBDDTY010001137.1	1	30200	5	681	2.25497	0.0225497	32	6
CBDDTY010001138.1	1	30189	11	1924	6.37318	0.0731061	30.8	27
CBDDTY010001139.1	1	30186	22	3431	11.3662	0.122706	27.3	21.8
CBDDTY010001140.1	1	30174	28	3663	12.1396	0.144164	30.1	15.5
CBDDTY010001141.1	1	30172	17	2673	8.85921	0.0923041	30	10.5
CBDDTY010001142.1	1	30165	15	1927	6.3882	0.081452	29.5	4.47
CBDDTY010001143.1	1	30145	17	2286	7.58335	0.0790844	28.4	11.6
CBDDTY010001144.1	1	30139	21	3502	11.6195	0.122997	28	26
CBDDTY010001145.1	1	30127	25	3309	10.9835	0.122979	29	2.32
CBDDTY010001146.1	1	30106	48	5983	19.8731	0.253338	28.2	14.2
CBDDTY010001147.1	1	30089	2	213	0.7079	0.007079	30.2	0.5
CBDDTY010001148.1	1	30076	22	3156	10.4934	0.116937	30.6	19
CBDDTY010001149.1	1	30071	14	2060	6.85045	0.0725949	32.5	1.14
CBDDTY010001150.1	1	30043	17	2538	8.44789	0.0889725	31.2	11.4
CBDDTY010001151.1	1	30030	9	1268	4.22244	0.0422244	30.8	6.78
CBDDTY010001152.1	1	30013	25	3929	13.091	0.150135	31.7	26.5
CBDDTY010001153.1	1	30000	3	433	1.44333	0.0144333	28.8	0
CBDDTY010001154.1	1	30000	12	1676	5.58667	0.0606667	28.6	13
CBDDTY010001155.1	1	30000	12	1124	3.74667	0.0421	29.4	10.4
CBDDTY010001156.1	1	30000	7	825	2.75	0.0352	32.3	18
CBDDTY010001157.1	1	29800	19	3001	10.0705	0.110738	26.3	8.95
CBDDTY010001158.1	1	30000	37	5158	17.1933	0.209267	29.6	24.6
CBDDTY010001159.1	1	30000	21	2735	9.11667	0.106867	30	15.3
CBDDTY010001160.1	1	30000	21	2157	7.19	0.1173	29.2	10.8
CBDDTY010001161.1	1	29800	6	1452	4.87248	0.0512416	20.3	2
CBDDTY010001162.1	1	30000	15	1937	6.45667	0.0847	30.7	5.67
CBDDTY010001163.1	1	30000	11	1308	4.36	0.0481333	29.7	9.18
CBDDTY010001164.1	1	30000	35	4405	14.6833	0.1881	30.2	11.1
CBDDTY010001165.1	1	30000	19	2199	7.33	0.124233	29.4	5.84
CBDDTY010001166.1	1	29800	47	3744	12.5638	0.260168	30.3	1.32
CBDDTY010001167.1	1	30000	41	2693	8.97667	0.206533	30.3	8.32
CBDDTY010001168.1	1	30000	14	2026	6.75333	0.0742	28.2	8.43
CBDDTY010001169.1	1	29800	11	1404	4.71141	0.0514094	28.2	8.64
CBDDTY010001170.1	1	29800	21	3007	10.0906	0.132685	28.5	8.43
CBDDTY010001171.1	1	30000	23	3324	11.08	0.123233	29.5	35.3
CBDDTY010001172.1	1	30000	40	5094	16.98	0.227533	31	13.3
CBDDTY010001173.1	1	30000	46	5541	18.47	0.214267	30.6	22.8
CBDDTY010001174.1	1	29996	20	2571	8.57114	0.0968129	30.2	5.8
CBDDTY010001175.1	1	29990	9	1165	3.88463	0.0524842	30.9	10.1
CBDDTY010001176.1	1	29990	10	1553	5.17839	0.0598866	26.2	15.4
CBDDTY010001177.1	1	29989	14	1916	6.38901	0.0764947	28.8	27.1
CBDDTY010001178.1	1	29984	6	1075	3.58525	0.0358525	27.2	0.667
CBDDTY010001179.1	1	29983	9	966	3.22183	0.0322183	25.3	12.6
CBDDTY010001180.1	1	29981	21	3303	11.017	0.117708	31.1	33.1
CBDDTY010001181.1	1	29979	23	2560	8.53931	0.125354	31.1	18.2
CBDDTY010001182.1	1	29971	14	2105	7.02346	0.0714691	30.4	12.1
CBDDTY010001183.1	1	29963	20	2816	9.39826	0.0981878	28.6	21.4
CBDDTY010001184.1	1	29951	22	2702	9.0214	0.102334	28.6	35.2
CBDDTY010001185.1	1	29923	12	1516	5.06634	0.0506634	32.6	4.5
CBDDTY010001186.1	1	29895	14	2295	7.67687	0.0816859	28.8	27
CBDDTY010001187.1	1	29894	13	1808	6.04804	0.063123	31	7.08
CBDDTY010001188.1	1	29873	11	1491	4.99113	0.0623975	28.8	33.1
CBDDTY010001189.1	1	29872	11	1340	4.48581	0.0508838	28.6	9.18
CBDDTY010001190.1	1	29872	5	568	1.90145	0.0258436	27.2	14
CBDDTY010001191.1	1	29854	13	1563	5.23548	0.0652509	29.6	18.1
CBDDTY010001192.1	1	29843	26	3897	13.0583	0.141273	28.7	24.9
CBDDTY010001193.1	1	29840	18	2597	8.70308	0.0879692	28.6	23.1
CBDDTY010001194.1	1	29838	20	2124	7.11844	0.0963536	30.3	2.3
CBDDTY010001195.1	1	29803	23	3086	10.3547	0.117438	29.7	19.9
CBDDTY010001196.1	1	29797	30	4218	14.1558	0.16005	30.1	13.1
CBDDTY010001197.1	1	29795	21	2650	8.89411	0.0904179	28.2	12
CBDDTY010001198.1	1	29792	27	3776	12.6745	0.137453	30.7	28.8
CBDDTY010001199.1	1	29787	25	3149	10.5717	0.120019	32.3	18
CBDDTY010001200.1	1	29770	14	2121	7.12462	0.0730265	26.6	13.6
CBDDTY010001201.1	1	29747	18	1391	4.6761	0.0908327	30.3	4.44
CBDDTY010001202.1	1	29735	15	1616	5.43467	0.0715319	29.4	3.87
CBDDTY010001203.1	1	29729	17	2377	7.99556	0.0885331	31.5	17.5
CBDDTY010001204.1	1	29728	5	684	2.30086	0.0230086	35.4	1.2
CBDDTY010001205.1	1	29726	23	3090	10.3949	0.113672	27.7	14.7
CBDDTY010001206.1	1	29724	4	618	2.07913	0.0207913	24	10
CBDDTY010001207.1	1	29699	22	3675	12.3742	0.124954	30.8	19.5
CBDDTY010001208.1	1	29686	25	3542	11.9316	0.14047	28.8	17.6
CBDDTY010001209.1	1	29684	19	2980	10.0391	0.110261	27	4.05
CBDDTY010001210.1	1	29665	6	755	2.54509	0.0265633	31.9	3.83
CBDDTY010001211.1	1	29664	27	3409	11.492	0.138923	29.4	26.9
CBDDTY010001212.1	1	29660	15	1926	6.49359	0.0754889	31.3	33.3
CBDDTY010001213.1	1	29651	2	107	0.360865	0.00613807	27.1	0
CBDDTY010001214.1	1	29634	22	3379	11.4024	0.123912	30.3	34.9
CBDDTY010001215.1	1	29632	14	1270	4.28591	0.0596315	31.6	0.286
CBDDTY010001216.1	1	29631	25	3564	12.0279	0.129392	26.2	23
CBDDTY010001217.1	1	29627	33	4493	15.1652	0.192493	29.8	15.7
CBDDTY010001218.1	1	29601	10	1665	5.62481	0.0565184	25.7	5.4
CBDDTY010001219.1	1	29587	23	3073	10.3863	0.123838	30.2	27.8
CBDDTY010001220.1	1	29578	16	2469	8.34742	0.0914869	30	8.94
CBDDTY010001221.1	1	29576	16	2133	7.21193	0.0868948	30.5	23.1
CBDDTY010001222.1	1	29518	25	3936	13.3342	0.145132	30.3	20.6
CBDDTY010001223.1	1	29488	32	4448	15.0841	0.167221	29.1	25.6
CBDDTY010001224.1	1	29485	3	545	1.8484	0.018484	28.7	17
CBDDTY010001225.1	1	29467	14	1733	5.88116	0.0649201	26.9	13.5
CBDDTY010001226.1	1	29452	19	2707	9.19123	0.101453	30.3	10.2
CBDDTY010001227.1	1	29448	12	1573	5.34162	0.0553518	26.6	6.42
CBDDTY010001228.1	1	29447	15	2322	7.88535	0.0832003	29.8	7.47
CBDDTY010001229.1	1	29446	9	1249	4.24166	0.0424166	31.4	17.2
CBDDTY010001230.1	1	29418	23	2825	9.60296	0.114828	31.8	4.87
CBDDTY010001231.1	1	29409	8	1218	4.14159	0.0414159	28.8	8.25
CBDDTY010001232.1	1	29384	13	1641	5.58467	0.0648993	30.2	4.54
CBDDTY010001233.1	1	29384	31	3872	13.1772	0.158896	30	29.4
CBDDTY010001234.1	1	29374	13	1869	6.36277	0.0738408	27.6	23.9
CBDDTY010001235.1	1	29357	9	1789	6.09395	0.0609395	29.7	9.11
CBDDTY010001236.1	1	29356	17	2581	8.79207	0.0913272	31.2	41.6
CBDDTY010001237.1	1	29350	13	1906	6.49404	0.0649404	31	11.3
CBDDTY010001238.1	1	29339	7	1379	4.70023	0.0470023	29.1	0.857
CBDDTY010001239.1	1	29335	27	3717	12.6709	0.146958	29.3	20.1
CBDDTY010001240.1	1	29335	33	4506	15.3605	0.171331	28.8	32.4
CBDDTY010001241.1	1	29273	60	6293	21.4976	0.329519	28.7	12.1
CBDDTY010001242.1	1	29269	18	2887	9.86368	0.1026	30.6	38.9
CBDDTY010001243.1	1	29258	21	3204	10.9509	0.117438	27.8	4.81
CBDDTY010001244.1	1	29253	13	1869	6.38909	0.0666256	27.2	4.62
CBDDTY010001245.1	1	29243	9	1409	4.81825	0.0509524	29.9	29
CBDDTY010001246.1	1	29241	11	1518	5.19134	0.0519134	31.8	19.4
CBDDTY010001247.1	1	29229	21	2616	8.95002	0.103869	30	5.81
CBDDTY010001248.1	1	29218	7	1280	4.38086	0.0438086	29.3	11
CBDDTY010001249.1	1	29200	27	3676	12.589	0.153253	30.4	2.44
CBDDTY010001250.1	1	29183	15	2167	7.42556	0.0742556	28.7	38
CBDDTY010001251.1	1	29182	30	3729	12.7784	0.164691	30.7	2.1
CBDDTY010001252.1	1	29177	17	2811	9.6343	0.096343	29	16.6
CBDDTY010001253.1	1	29173	19	2731	9.3614	0.102835	29.9	27.1
CBDDTY010001254.1	1	29171	10	1364	4.67588	0.048987	30.3	0.4
CBDDTY010001255.1	1	29169	5	602	2.06383	0.0206383	31.6	8.6
CBDDTY010001256.1	1	29144	26	3788	12.9975	0.149327	30.7	22.9
CBDDTY010001257.1	1	29144	17	2447	8.39624	0.0875309	32.1	25.6
CBDDTY010001258.1	1	29139	25	3604	12.3683	0.127424	30.3	14.6
CBDDTY010001259.1	1	29134	13	1569	5.38546	0.0584884	28.8	5.38
CBDDTY010001260.1	1	29133	13	1808	6.20602	0.0743487	26.5	13.5
CBDDTY010001261.1	1	29122	25	2881	9.89286	0.127361	26.6	22.9
CBDDTY010001262.1	1	29112	22	3042	10.4493	0.125653	29.5	21.7
CBDDTY010001263.1	1	29095	22	1740	5.98041	0.123492	30.6	6.77
CBDDTY010001264.1	1	29087	14	2014	6.92406	0.0767353	26	15.6
CBDDTY010001265.1	1	29061	9	1184	4.07419	0.0444582	32.4	5
CBDDTY010001266.1	1	29055	32	4382	15.0817	0.168301	29.4	38.1
CBDDTY010001267.1	1	29055	6	833	2.86698	0.0286698	32.9	22.5
CBDDTY010001268.1	1	29041	15	2171	7.47564	0.0805757	32	31
CBDDTY010001269.1	1	29040	12	1865	6.42218	0.0654614	28	8.83
CBDDTY010001270.1	1	29028	30	3329	11.4682	0.125947	29.8	15.9
CBDDTY010001271.1	1	29011	16	1981	6.82844	0.0721106	30	25.6
CBDDTY010001272.1	1	29000	22	2920	10.069	0.119966	32	25.1
CBDDTY010001273.1	1	29000	10	1491	5.14138	0.0514138	31.4	16.4
CBDDTY010001274.1	1	29000	24	2516	8.67586	0.130552	28.7	7.38
CBDDTY010001275.1	1	28800	9	1058	3.67361	0.0447222	29.4	3
CBDDTY010001276.1	1	29000	11	1797	6.19655	0.0619655	27.1	26
CBDDTY010001277.1	1	28800	9	1285	4.46181	0.0483681	26.1	28.9
CBDDTY010001278.1	1	29000	40	3640	12.5517	0.219379	31	12.2
CBDDTY010001279.1	1	29000	2	496	1.71034	0.0171034	31.7	0.5
CBDDTY010001280.1	1	29000	20	2097	7.23103	0.119172	33.2	11.3
CBDDTY010001281.1	1	29000	20	2961	10.2103	0.111207	31.2	20.6
CBDDTY010001282.1	1	29000	40	5119	17.6517	0.209172	28.1	14.2
CBDDTY010001283.1	1	29000	12	1428	4.92414	0.0558966	28.6	18.3
CBDDTY010001284.1	1	29000	26	3668	12.6483	0.146552	30	13
CBDDTY010001285.1	1	29000	4	686	2.36552	0.0291379	30.7	3.5
CBDDTY010001286.1	1	29000	43	5777	19.9207	0.253	29.4	16
CBDDTY010001287.1	1	29000	4	491	1.6931	0.0214828	27.8	1.5
CBDDTY010001288.1	1	29000	15	1900	6.55172	0.0717931	29.8	3.53
CBDDTY010001289.1	1	28800	21	2946	10.2292	0.114132	30.5	12.9
CBDDTY010001290.1	1	29000	4	582	2.0069	0.025069	24.7	4.75
CBDDTY010001291.1	1	29000	8	1109	3.82414	0.0406207	28.9	13.8
CBDDTY010001292.1	1	29000	7	699	2.41034	0.0449655	28.1	3.71
CBDDTY010001294.1	1	29000	40	4593	15.8379	0.213862	29.1	9.82
CBDDTY010001295.1	1	28996	14	2335	8.05283	0.0862188	31.2	25.6
CBDDTY010001296.1	1	28995	13	1978	6.82187	0.0685291	27.3	0.308
CBDDTY010001297.1	1	28980	24	3726	12.8571	0.14441	29.9	18.9
CBDDTY010001298.1	1	28957	14	2154	7.43862	0.0875781	31.2	12.6
CBDDTY010001299.1	1	28951	14	2340	8.08262	0.0871127	29.4	39.4
CBDDTY010001300.1	1	28947	6	749	2.58749	0.0258749	32.4	8.17
CBDDTY010001301.1	1	28940	18	3210	11.0919	0.11783	29.8	15.7
CBDDTY010001302.1	1	28923	18	3090	10.6835	0.108322	28.9	39
CBDDTY010001303.1	1	28920	20	3612	12.4896	0.129979	29.5	25.9
CBDDTY010001304.1	1	28915	17	2607	9.01608	0.093723	30.6	22.7
CBDDTY010001305.1	1	28915	42	4463	15.4349	0.22995	29.3	6.79
CBDDTY010001306.1	1	28912	6	814	2.81544	0.0281544	31.1	25.5
CBDDTY010001307.1	1	28905	10	1388	4.80194	0.0503373	31.7	14.4
CBDDTY010001308.1	1	28900	30	4154	14.3737	0.158408	28.2	45.3
CBDDTY010001309.1	1	28880	33	3974	13.7604	0.18338	29	18.8
CBDDTY010001310.1	1	28870	33	4253	14.7316	0.183893	28.9	27.9
CBDDTY010001311.1	1	28868	20	2231	7.72828	0.110953	30.4	8.15
CBDDTY010001312.1	1	28867	14	1764	6.11078	0.0734749	31.1	7.64
CBDDTY010001313.1	1	28861	12	1901	6.58674	0.0658674	25.2	12.4
CBDDTY010001314.1	1	28849	23	3487	12.0871	0.136365	31.3	15.6
CBDDTY010001315.1	1	28845	9	1654	5.7341	0.058797	29.2	32.2
CBDDTY010001316.1	1	28845	11	1680	5.82423	0.0582423	29.5	34.2
CBDDTY010001317.1	1	28844	2	285	0.988074	0.00988074	35.4	0.5
CBDDTY010001318.1	1	28828	26	3783	13.1227	0.15537	29.9	23.8
CBDDTY010001319.1	1	28812	15	1777	6.16757	0.068166	29.4	8
CBDDTY010001320.1	1	28802	3	372	1.29158	0.0129158	30.3	0.333
CBDDTY010001321.1	1	28802	15	2173	7.54461	0.078189	32.4	37.2
CBDDTY010001322.1	1	28799	13	1859	6.45509	0.0735789	32.6	10.5
CBDDTY010001323.1	1	28796	29	3135	10.8869	0.160751	31.6	11.7
CBDDTY010001324.1	1	28796	14	2129	7.39339	0.0846993	29.6	26.9
CBDDTY010001326.1	1	28783	10	1443	5.01338	0.0501338	29.9	18.5
CBDDTY010001327.1	1	28777	25	3775	13.1181	0.150989	29.7	29.3
CBDDTY010001328.1	1	28750	20	3081	10.7165	0.107965	28.5	27.9
CBDDTY010001329.1	1	28741	15	2446	8.51049	0.0879928	31.8	9.53
CBDDTY010001330.1	1	28735	18	2495	8.68279	0.0899948	29.6	28.4
CBDDTY010001331.1	1	28699	23	2787	9.71114	0.116311	30.5	5.04
CBDDTY010001332.1	1	28679	33	4672	16.2907	0.216674	29.4	13.2
CBDDTY010001333.1	1	28671	9	542	1.89041	0.0455861	31.4	4
CBDDTY010001334.1	1	28623	7	971	3.39238	0.0372777	30.7	15
CBDDTY010001335.1	1	28612	7	797	2.78554	0.0340766	28.7	3.14
CBDDTY010001336.1	1	28607	14	1886	6.59279	0.0718006	29.7	15.1
CBDDTY010001338.1	1	28570	21	3749	13.1222	0.136297	28.4	35.6
CBDDTY010001339.1	1	28555	18	2750	9.63054	0.100018	29.8	30.9
CBDDTY010001340.1	1	28543	17	2878	10.083	0.107662	28.8	22.5
CBDDTY010001341.1	1	28534	23	3412	11.9577	0.135803	29.9	35.4
CBDDTY010001342.1	1	28517	24	3018	10.5832	0.114879	29.8	8.38
CBDDTY010001343.1	1	28505	19	2512	8.81249	0.106052	31.4	10.1
CBDDTY010001344.1	1	28499	3	370	1.29829	0.0129829	34.7	1.33
CBDDTY010001345.1	1	28498	13	1601	5.61794	0.0619342	28.5	8.85
CBDDTY010001346.1	1	28492	22	2843	9.97824	0.116173	30	9
CBDDTY010001347.1	1	28481	10	1025	3.59889	0.0469085	25.2	7.2
CBDDTY010001348.1	1	28480	25	2042	7.16994	0.114256	30.8	18.7
CBDDTY010001349.1	1	28473	43	5678	19.9417	0.257612	29.4	14
CBDDTY010001350.1	1	28461	53	5984	21.0253	0.311303	28	31.7
CBDDTY010001351.1	1	28445	16	1877	6.5987	0.0775883	29.3	12.1
CBDDTY010001352.1	1	28444	8	1462	5.13992	0.0513992	25.9	38.5
CBDDTY010001353.1	1	28443	50	5446	19.1471	0.276975	31.5	11.1
CBDDTY010001354.1	1	28420	6	684	2.40676	0.0240676	27.3	1.17
CBDDTY010001355.1	1	28419	10	1657	5.83061	0.062599	27.5	23.1
CBDDTY010001356.1	1	28417	31	4091	14.3963	0.164162	31.1	26.8
CBDDTY010001357.1	1	28392	14	1742	6.13553	0.0681882	30.7	5.71
CBDDTY010001358.1	1	28385	34	4289	15.1101	0.178157	30.2	14
CBDDTY010001359.1	1	28371	26	3519	12.4035	0.146206	28.9	21
CBDDTY010001360.1	1	28338	8	992	3.5006	0.0436516	30.6	2
CBDDTY010001361.1	1	28331	25	3276	11.5633	0.130034	30.1	17
CBDDTY010001362.1	1	28311	16	2042	7.21274	0.0847021	29.1	22.9
CBDDTY010001363.1	1	28310	26	3177	11.2222	0.135535	30.2	14.9
CBDDTY010001364.1	1	28310	13	2031	7.17414	0.0788061	31.5	39.9
CBDDTY010001365.1	1	28295	11	1503	5.31189	0.0531189	28	19.5
CBDDTY010001366.1	1	28295	31	3368	11.9032	0.152006	31.5	13
CBDDTY010001367.1	1	28291	21	2615	9.24322	0.109081	30.2	6.38
CBDDTY010001368.1	1	28289	31	4112	14.5357	0.173106	28.7	1.61
CBDDTY010001369.1	1	28287	22	3222	11.3904	0.123732	31.6	33.3
CBDDTY010001370.1	1	28278	15	2408	8.51545	0.0926869	30.4	35.2
CBDDTY010001371.1	1	28239	7	1136	4.02281	0.0402281	32.4	31.9
CBDDTY010001372.1	1	28236	10	1571	5.56382	0.0569486	30.3	3.9
CBDDTY010001373.1	1	28224	17	2416	8.56009	0.0939272	28.5	17.9
CBDDTY010001374.1	1	28218	38	4453	15.7807	0.200865	30.9	9.82
CBDDTY010001375.1	1	28212	6	592	2.0984	0.0300936	36.2	45.5
CBDDTY010001376.1	1	28210	24	3450	12.2297	0.130344	29.7	34.6
CBDDTY010001377.1	1	28207	19	2403	8.51916	0.0924948	27.1	29.3
CBDDTY010001378.1	1	28204	25	4172	14.7922	0.15824	28.3	25.5
CBDDTY010001379.1	1	28203	15	2393	8.48491	0.0880403	30.7	30.7
CBDDTY010001380.1	1	28193	22	2928	10.3856	0.111872	30.2	17.4
CBDDTY010001381.1	1	28176	30	4110	14.5869	0.15609	28.7	28.5
CBDDTY010001382.1	1	28176	22	3068	10.8887	0.125213	30.2	34.3
CBDDTY010001383.1	1	28155	15	2166	7.69313	0.0919552	26	25.9
CBDDTY010001384.1	1	28153	17	2324	8.25489	0.0914645	30.2	19.4
CBDDTY010001385.1	1	28152	6	812	2.88434	0.0288434	30.6	15.7
CBDDTY010001386.1	1	28149	23	3128	11.1123	0.114604	30.7	8.43
CBDDTY010001387.1	1	28144	15	2843	10.1016	0.101265	27.2	29.7
CBDDTY010001388.1	1	28121	9	1656	5.88884	0.064258	30.3	27.2
CBDDTY010001389.1	1	28117	16	2092	7.44034	0.0818366	26.3	3.88
CBDDTY010001390.1	1	28114	16	2600	9.24806	0.0970691	29.4	19.6
CBDDTY010001391.1	1	28091	17	2702	9.61874	0.10021	31.6	28.6
CBDDTY010001392.1	1	28081	14	1761	6.27114	0.0702254	28.6	3.5
CBDDTY010001393.1	1	28080	19	2654	9.45157	0.119551	31.1	3
CBDDTY010001394.1	1	28069	22	2871	10.2284	0.117959	29.2	25.3
CBDDTY010001395.1	1	28060	36	4755	16.9458	0.189166	29.1	12.9
CBDDTY010001396.1	1	28014	12	1833	6.54316	0.0676091	27.4	14
CBDDTY010001397.1	1	28014	18	2564	9.15257	0.0924538	31.2	26.3
CBDDTY010001398.1	1	28000	16	1895	6.76786	0.09	30.5	4.06
CBDDTY010001399.1	1	28000	4	605	2.16071	0.0216071	26.9	4.25
CBDDTY010001400.1	1	28000	11	1945	6.94643	0.0734643	30.3	38.1
CBDDTY010001401.1	1	28000	7	867	3.09643	0.04	32.5	19.1
CBDDTY010001402.1	1	28000	12	1765	6.30357	0.0659643	29.7	29.4
CBDDTY010001403.1	1	28000	16	2362	8.43571	0.0948214	29.9	28.2
CBDDTY010001404.1	1	28000	2	309	1.10357	0.0110357	30.4	0.5
CBDDTY010001405.1	1	27800	13	1753	6.30576	0.0667626	28.1	8.08
CBDDTY010001406.1	1	28000	4	449	1.60357	0.0160357	28.6	12
CBDDTY010001407.1	1	28000	12	1286	4.59286	0.0634643	28.5	3.25
CBDDTY010001408.1	1	28000	27	3769	13.4607	0.153107	30.7	25
CBDDTY010001409.1	1	28000	17	2116	7.55714	0.085	29.9	11.4
CBDDTY010001410.1	1	28000	46	4630	16.5357	0.271571	29.7	24.8
CBDDTY010001411.1	1	27800	15	3131	11.2626	0.113741	27	20.1
CBDDTY010001412.1	1	27800	7	1137	4.08993	0.0420504	30.6	9.43
CBDDTY010001413.1	1	28000	16	2161	7.71786	0.0821786	28.5	6.62
CBDDTY010001414.1	1	28000	30	4512	16.1143	0.208464	30.1	14.5
CBDDTY010001415.1	1	28000	16	2042	7.29286	0.0811429	29.5	10.2
CBDDTY010001416.1	1	28000	17	2542	9.07857	0.110214	30.7	10.2
CBDDTY010001417.1	1	27600	22	2084	7.55072	0.116739	31.3	5.55
CBDDTY010001418.1	1	28000	39	5258	18.7786	0.236679	30.5	36.1
CBDDTY010001419.1	1	28000	45	5765	20.5893	0.250679	29.8	32
CBDDTY010001420.1	1	28000	14	1681	6.00357	0.0613214	29.9	18.1
CBDDTY010001421.1	1	28000	2	183	0.653571	0.00653571	40.7	0
CBDDTY010001422.1	1	28000	11	1856	6.62857	0.0662857	29.9	7.73
CBDDTY010001423.1	1	28000	13	2212	7.9	0.08425	28.7	25.5
CBDDTY010001424.1	1	28000	16	2368	8.45714	0.103286	30.1	20.2
CBDDTY010001425.1	1	27984	16	2325	8.30832	0.0837264	30.1	35.8
CBDDTY010001426.1	1	27978	32	4530	16.1913	0.174887	30.1	13
CBDDTY010001427.1	1	27978	21	2763	9.87562	0.125027	27.4	23
CBDDTY010001428.1	1	27952	10	1400	5.00859	0.055166	28.6	23
CBDDTY010001429.1	1	27946	14	2114	7.56459	0.0794389	30.1	39.9
CBDDTY010001430.1	1	27942	28	3622	12.9626	0.144764	31.4	30.3
CBDDTY010001431.1	1	27932	17	2804	10.0387	0.104862	29.2	33.3
CBDDTY010001432.1	1	27929	5	837	2.99688	0.0299688	28.1	0.4
CBDDTY010001433.1	1	27927	1	123	0.440434	0.00440434	30.6	0
CBDDTY010001434.1	1	27910	17	2428	8.69939	0.119205	28.6	21.8
CBDDTY010001435.1	1	27906	12	1397	5.00609	0.0518526	28.9	11.3
CBDDTY010001436.1	1	27892	18	2316	8.30346	0.0907787	32.6	37.2
CBDDTY010001437.1	1	27888	13	1949	6.98867	0.0786001	27.8	35.4
CBDDTY010001438.1	1	27886	38	3608	12.9384	0.193466	29.3	9.21
CBDDTY010001439.1	1	27883	28	3293	11.8101	0.145035	30.8	2.36
CBDDTY010001440.1	1	27872	17	2636	9.45752	0.099347	32.1	46.6
CBDDTY010001441.1	1	27863	13	1987	7.13132	0.0759789	27.5	9.23
CBDDTY010001442.1	1	27853	16	1999	7.17696	0.0807812	31.4	17.3
CBDDTY010001443.1	1	27853	48	6768	24.299	0.301655	29.2	39.6
CBDDTY010001444.1	1	27844	8	1505	5.40511	0.0540511	29.9	26.2
CBDDTY010001445.1	1	27843	26	3817	13.709	0.148799	28	27.8
CBDDTY010001446.1	1	27836	7	1034	3.71461	0.0371461	31.3	32
CBDDTY010001447.1	1	27832	23	2686	9.65076	0.118461	29.7	11.7
CBDDTY010001448.1	1	27831	17	2447	8.79235	0.0925227	27.2	9.29
CBDDTY010001449.1	1	27805	24	2760	9.92627	0.143895	28.5	5.25
CBDDTY010001450.1	1	27801	15	2316	8.33064	0.0833064	27.9	7.07
CBDDTY010001451.1	1	27734	27	3432	12.3747	0.147292	28.7	12
CBDDTY010001452.1	1	27682	23	3288	11.8778	0.132252	28.6	30.3
CBDDTY010001453.1	1	27674	47	4714	17.034	0.233757	29.4	21.7
CBDDTY010001454.1	1	27673	13	1653	5.97333	0.0689842	31.8	18.5
CBDDTY010001455.1	1	27653	21	3301	11.9372	0.159585	29.8	2.67
CBDDTY010001456.1	1	27647	13	1750	6.3298	0.0699172	26.4	26.2
CBDDTY010001457.1	1	27638	12	2008	7.26536	0.0743542	30.6	20.2
CBDDTY010001458.1	1	27634	23	2395	8.66686	0.112579	28.8	18.4
CBDDTY010001459.1	1	27616	13	2496	9.03824	0.0903824	30.3	34.6
CBDDTY010001460.1	1	27612	27	3313	11.9984	0.156128	27.2	10.8
CBDDTY010001461.1	1	27603	13	1619	5.8653	0.0770206	29.6	0.462
CBDDTY010001462.1	1	27602	39	4207	15.2416	0.208391	27	12.2
CBDDTY010001463.1	1	27599	16	2309	8.36625	0.103337	31.2	10.2
CBDDTY010001464.1	1	27594	14	2038	7.38566	0.0791114	30	25.9
CBDDTY010001465.1	1	27590	7	1025	3.71511	0.0461037	32.8	15.7
CBDDTY010001466.1	1	27590	12	1102	3.9942	0.0536789	27.9	8.67
CBDDTY010001467.1	1	27588	7	1046	3.7915	0.0437509	24.1	38.4
CBDDTY010001468.1	1	27580	28	4402	15.9608	0.182379	28.9	18
CBDDTY010001469.1	1	27576	18	2621	9.50464	0.0983827	28.6	1.94
CBDDTY010001470.1	1	27559	28	3482	12.6347	0.1397	28.7	28.8
CBDDTY010001471.1	1	27553	17	2466	8.95002	0.0930207	28.8	1.35
CBDDTY010001472.1	1	27552	20	2645	9.60003	0.140716	28.8	14.9
CBDDTY010001473.1	1	27538	16	2168	7.87276	0.0834483	28.8	32.1
CBDDTY010001474.1	1	27537	19	2809	10.2008	0.109889	32.4	24.9
CBDDTY010001475.1	1	27537	31	5056	18.3608	0.197843	28.7	31.4
CBDDTY010001476.1	1	27527	12	1878	6.82239	0.0706579	31.6	11
CBDDTY010001477.1	1	27522	9	825	2.9976	0.037897	32.4	4.89
CBDDTY010001478.1	1	27520	11	1979	7.19113	0.0824128	29.8	12.2
CBDDTY010001479.1	1	27500	27	3681	13.3855	0.146909	31.7	32
CBDDTY010001480.1	1	27499	22	3446	12.5314	0.142878	31.4	30.3
CBDDTY010001481.1	1	27495	12	1629	5.92471	0.0606292	28.5	9.42
CBDDTY010001482.1	1	27487	21	3243	11.7983	0.138647	28.5	24.9
CBDDTY010001483.1	1	27460	17	2210	8.04807	0.0804807	32.3	18.1
CBDDTY010001484.1	1	27451	11	1834	6.681	0.0715092	30.6	27
CBDDTY010001485.1	1	27434	2	258	0.940439	0.00940439	31.8	0
CBDDTY010001486.1	1	27428	17	2638	9.61791	0.101794	31.8	18.1
CBDDTY010001487.1	1	27427	18	2896	10.5589	0.106027	31.4	29.7
CBDDTY010001488.1	1	27420	13	1428	5.20788	0.054814	30.4	17.2
CBDDTY010001489.1	1	27398	20	3010	10.9862	0.124133	27.6	20.8
CBDDTY010001490.1	1	27395	8	1105	4.03358	0.0449717	27	19.8
CBDDTY010001491.1	1	27382	20	3343	12.2088	0.124863	28.6	35
CBDDTY010001492.1	1	27380	13	1753	6.40248	0.0715121	29.4	7.54
CBDDTY010001493.1	1	27372	19	2623	9.58279	0.108943	28.9	39.3
CBDDTY010001494.1	1	27371	35	4579	16.7294	0.199445	30.1	15.7
CBDDTY010001495.1	1	27358	2	280	1.02347	0.0102347	31.7	31.5
CBDDTY010001496.1	1	27350	16	2428	8.87751	0.0998172	29.1	33.1
CBDDTY010001497.1	1	27350	17	2175	7.95247	0.0919196	27.8	9.65
CBDDTY010001498.1	1	27346	10	1476	5.3975	0.0556206	28.2	19.2
CBDDTY010001499.1	1	27321	18	2040	7.46678	0.0929688	31	15.5
CBDDTY010001500.1	1	27318	12	1481	5.42133	0.0673549	29.9	3.58
CBDDTY010001501.1	1	27305	15	2341	8.57352	0.0858817	28.4	21.2
CBDDTY010001502.1	1	27300	11	1503	5.50549	0.0550549	33.7	11.3
CBDDTY010001503.1	1	27272	16	2604	9.54825	0.0974993	31.2	34.8
CBDDTY010001504.1	1	27271	15	2166	7.9425	0.0815518	28.8	23.1
CBDDTY010001505.1	1	27270	15	2380	8.72754	0.0872754	31.7	24.2
CBDDTY010001506.1	1	27268	24	3131	11.4823	0.140898	30.2	23.2
CBDDTY010001507.1	1	27261	14	1906	6.99167	0.0699167	31.1	10.1
CBDDTY010001508.1	1	27252	13	1759	6.45457	0.0716278	31	19.7
CBDDTY010001509.1	1	27230	18	3199	11.7481	0.117481	29.3	23.9
CBDDTY010001510.1	1	27210	18	3338	12.2675	0.128482	29.6	24.9
CBDDTY010001511.1	1	27168	17	2945	10.84	0.113111	30.4	24.2
CBDDTY010001512.1	1	27161	4	629	2.31582	0.0231582	28	16.8
CBDDTY010001513.1	1	27155	11	1662	6.12042	0.0708525	30.9	18.5
CBDDTY010001514.1	1	27141	17	2096	7.72263	0.107549	30.5	4.29
CBDDTY010001515.1	1	27138	2	247	0.910163	0.00910163	41.3	7
CBDDTY010001516.1	1	27118	23	2955	10.8968	0.116343	29.8	14.8
CBDDTY010001517.1	1	27113	19	2308	8.51252	0.100985	29.7	17.5
CBDDTY010001518.1	1	27065	19	2633	9.72843	0.10194	27	16.5
CBDDTY010001519.1	1	27046	13	2010	7.43178	0.0786068	28.3	1.31
CBDDTY010001520.1	1	27027	38	4013	14.8481	0.238021	29.3	12.5
CBDDTY010001521.1	1	27027	10	1624	6.00881	0.0600881	28.9	1.2
CBDDTY010001522.1	1	27013	9	909	3.36505	0.0469774	32.4	4.67
CBDDTY010001523.1	1	27007	20	2879	10.6602	0.134891	32.1	7.1
CBDDTY010001524.1	1	27001	7	792	2.93322	0.0347024	32.6	11.1
CBDDTY010001525.1	1	27000	2	245	0.907407	0.00907407	32.7	0
CBDDTY010001526.1	1	27000	19	2687	9.95185	0.119926	30.8	13.5
CBDDTY010001527.1	1	27000	13	1433	5.30741	0.0622222	32.4	9.85
CBDDTY010001528.1	1	27000	11	1245	4.61111	0.0501481	32.1	8
CBDDTY010001529.1	1	27000	10	1189	4.4037	0.0498889	27.2	0.2
CBDDTY010001530.1	1	27000	15	1763	6.52963	0.0855185	29.7	12.5
CBDDTY010001531.1	1	27000	26	3695	13.6852	0.174852	28.9	20.2
CBDDTY010001532.1	1	27000	10	763	2.82593	0.0566667	23.9	4.9
CBDDTY010001533.1	1	27000	6	873	3.23333	0.0323333	30.2	24.8
CBDDTY010001534.1	1	27000	31	4148	15.363	0.192333	30.3	10.8
CBDDTY010001535.1	1	27000	25	3590	13.2963	0.139667	29	10.2
CBDDTY010001536.1	1	27000	21	2823	10.4556	0.133444	31.2	32.7
CBDDTY010001537.1	1	27000	7	1155	4.27778	0.0427778	30	17.1
CBDDTY010001538.1	1	27000	12	1622	6.00741	0.069037	28.8	14.5
CBDDTY010001539.1	1	27000	34	4458	16.5111	0.203704	29.3	18.2
CBDDTY010001540.1	1	27000	15	2010	7.44444	0.0843704	29.8	16.7
CBDDTY010001541.1	1	27000	17	2244	8.31111	0.0891481	28.7	6.94
CBDDTY010001542.1	1	27000	11	1634	6.05185	0.0605185	27	6.55
CBDDTY010001543.1	1	26800	9	1405	5.24254	0.0533209	28.4	36.8
CBDDTY010001544.1	1	27000	5	789	2.92222	0.0292222	26.2	14.8
CBDDTY010001545.1	1	27000	10	1640	6.07407	0.0641852	30.7	6.3
CBDDTY010001546.1	1	27000	19	2493	9.23333	0.11563	29.4	15.2
CBDDTY010001547.1	1	27000	19	2547	9.43333	0.110037	27.8	6.16
CBDDTY010001548.1	1	27000	6	794	2.94074	0.0294074	32.5	21.5
CBDDTY010001549.1	1	27000	22	2582	9.56296	0.122889	30.8	10.5
CBDDTY010001550.1	1	26987	23	3120	11.5611	0.133842	28.1	20.1
CBDDTY010001551.1	1	26984	15	2533	9.38704	0.0993922	31.2	44.7
CBDDTY010001552.1	1	26955	8	1016	3.76925	0.0407346	29.1	7.38
CBDDTY010001553.1	1	26953	14	2391	8.871	0.102512	27.7	40.4
CBDDTY010001554.1	1	26910	12	1888	7.01598	0.0764771	26.2	24.3
CBDDTY010001555.1	1	26882	25	3452	12.8413	0.147682	29.5	10.6
CBDDTY010001556.1	1	26849	15	2049	7.63157	0.0799657	30.8	22
CBDDTY010001557.1	1	26840	13	2146	7.99553	0.0881893	30.3	24.9
CBDDTY010001558.1	1	26835	35	4832	18.0063	0.217291	28.8	20.7
CBDDTY010001559.1	1	26825	15	2296	8.55918	0.0985648	31	27.8
CBDDTY010001560.1	1	26816	12	2005	7.47688	0.0747688	29.6	34.6
CBDDTY010001561.1	1	26809	28	3498	13.0479	0.17509	29.4	23.2
CBDDTY010001562.1	1	26805	13	2087	7.78586	0.0892744	30.3	29.1
CBDDTY010001563.1	1	26796	18	1719	6.41514	0.114047	31.6	15.3
CBDDTY010001564.1	1	26788	4	585	2.18381	0.0218381	30.2	3.75
CBDDTY010001565.1	1	26779	15	2603	9.7203	0.100228	28.1	33.6
CBDDTY010001566.1	1	26762	11	1556	5.81421	0.0581421	32.4	34.4
CBDDTY010001567.1	1	26758	28	3739	13.9734	0.17307	31.2	14.2
CBDDTY010001568.1	1	26746	7	776	2.90137	0.0290137	29.2	16.9
CBDDTY010001569.1	1	26737	4	492	1.84015	0.0184015	33.7	16.8
CBDDTY010001570.1	1	26732	11	1459	5.45788	0.0545788	29.4	3.45
CBDDTY010001571.1	1	26721	13	1371	5.1308	0.0680738	27.5	5.77
CBDDTY010001572.1	1	26717	15	2391	8.94936	0.091103	30.2	35.7
CBDDTY010001573.1	1	26697	14	2002	7.49897	0.0749897	26.8	10.9
CBDDTY010001574.1	1	26673	17	2113	7.92187	0.0879541	30.8	5.18
CBDDTY010001575.1	1	26667	9	1538	5.76743	0.0625117	27	9.89
CBDDTY010001576.1	1	26660	12	1766	6.62416	0.069805	29.7	13.6
CBDDTY010001577.1	1	26657	15	2203	8.26425	0.0943467	31.1	36.5
CBDDTY010001578.1	1	26651	12	2512	9.42554	0.0942554	29.7	16.6
CBDDTY010001579.1	1	26640	6	797	2.99174	0.0299174	29.6	24.3
CBDDTY010001580.1	1	26629	19	2713	10.1881	0.114086	31.7	26.6
CBDDTY010001581.1	1	26623	22	3630	13.6348	0.160726	30.5	34.8
CBDDTY010001582.1	1	26616	28	3450	12.9621	0.146453	30.9	7.68
CBDDTY010001583.1	1	26597	12	2044	7.68508	0.0827913	28.7	7.92
CBDDTY010001584.1	1	26597	22	2601	9.7793	0.114825	27.9	10.6
CBDDTY010001585.1	1	26592	25	3479	13.0829	0.168697	28.8	20
CBDDTY010001586.1	1	26586	37	3582	13.4733	0.21989	29.2	8.22
CBDDTY010001587.1	1	26577	45	4088	15.3817	0.275163	28.8	18.5
CBDDTY010001588.1	1	26574	11	1394	5.24573	0.0610371	28.3	12.9
CBDDTY010001589.1	1	26566	13	1555	5.85335	0.0751336	28.8	26.9
CBDDTY010001590.1	1	26564	1	200	0.752899	0.00752899	22.2	0
CBDDTY010001591.1	1	26548	22	2698	10.1627	0.1237	32.4	13
CBDDTY010001592.1	1	26535	7	1249	4.70699	0.0505747	25.3	21.9
CBDDTY010001593.1	1	26529	20	2175	8.19858	0.103019	30.7	8.4
CBDDTY010001594.1	1	26514	15	2187	8.24847	0.0884438	28.3	29.7
CBDDTY010001595.1	1	26508	16	2155	8.12962	0.0908782	29.2	8.25
CBDDTY010001596.1	1	26506	15	2099	7.91896	0.0816419	28.7	22.3
CBDDTY010001597.1	1	26467	6	997	3.76696	0.0376696	30.7	19
CBDDTY010001598.1	1	26464	15	2251	8.50589	0.0850589	32.5	12.1
CBDDTY010001599.1	1	26458	15	2073	7.83506	0.0916547	28.8	10.4
CBDDTY010001600.1	1	26455	13	1804	6.81913	0.0755623	28.6	37.1
CBDDTY010001601.1	1	26448	27	3908	14.7762	0.168066	29.7	14.4
CBDDTY010001602.1	1	26444	3	247	0.934049	0.00934049	33.6	0
CBDDTY010001603.1	1	26436	19	2538	9.60054	0.0985399	31.4	15
CBDDTY010001604.1	1	26428	12	1950	7.37854	0.0760935	29	33.5
CBDDTY010001605.1	1	26427	13	1697	6.42146	0.0715556	29.5	16.9
CBDDTY010001606.1	1	26409	10	1900	7.19452	0.0734219	29.4	22.8
CBDDTY010001607.1	1	26407	9	1212	4.58969	0.0505548	34.7	23
CBDDTY010001608.1	1	26403	19	1993	7.54838	0.0937393	27.9	7.05
CBDDTY010001609.1	1	26392	23	2896	10.973	0.139247	29	17
CBDDTY010001610.1	1	26372	35	4808	18.2315	0.21428	28.8	9.29
CBDDTY010001611.1	1	26370	16	2955	11.2059	0.112059	31.1	36.4
CBDDTY010001612.1	1	26369	20	2805	10.6375	0.112367	29.3	7.95
CBDDTY010001613.1	1	26368	21	1336	5.06675	0.147944	31.7	3.14
CBDDTY010001614.1	1	26365	6	849	3.22018	0.0345913	32.1	34.7
CBDDTY010001615.1	1	26352	27	3977	15.0918	0.165718	30.4	15.4
CBDDTY010001616.1	1	26332	10	1691	6.42184	0.0642184	28.4	16
CBDDTY010001617.1	1	26328	23	3440	13.0659	0.143156	31.6	37.8
CBDDTY010001618.1	1	26313	11	1393	5.29396	0.0538137	30.2	19.5
CBDDTY010001619.1	1	26311	12	2017	7.666	0.082285	29.1	17.9
CBDDTY010001620.1	1	26310	32	3665	13.9301	0.174686	29.6	5.78
CBDDTY010001621.1	1	26301	21	3162	12.0224	0.130565	28.7	14.3
CBDDTY010001622.1	1	26287	22	2771	10.5413	0.147411	29.6	10.9
CBDDTY010001623.1	1	26286	5	750	2.85323	0.030891	32.4	0.4
CBDDTY010001624.1	1	26276	23	2854	10.8616	0.146141	30.4	13
CBDDTY010001625.1	1	26251	43	3607	13.7404	0.292256	30.6	7.58
CBDDTY010001626.1	1	26251	14	1961	7.47019	0.0747019	29.4	0.286
CBDDTY010001627.1	1	26244	14	2288	8.71818	0.0879439	28.8	31.7
CBDDTY010001628.1	1	26228	24	2797	10.6642	0.145875	28.1	7.96
CBDDTY010001629.1	1	26225	23	3464	13.2088	0.141354	27.8	7.91
CBDDTY010001630.1	1	26212	14	1834	6.9968	0.0802686	29	22.8
CBDDTY010001631.1	1	26198	11	1817	6.93564	0.0749294	32.3	24.5
CBDDTY010001632.1	1	26180	14	2120	8.09778	0.0850267	31.6	30.5
CBDDTY010001633.1	1	26178	10	1010	3.8582	0.0514936	30.3	0.3
CBDDTY010001634.1	1	26173	13	1589	6.07114	0.0615138	30.5	23.9
CBDDTY010001635.1	1	26162	7	1395	5.33216	0.0533216	31.5	36.4
CBDDTY010001636.1	1	26154	34	4425	16.919	0.22314	28.6	1.74
CBDDTY010001637.1	1	26152	36	3519	13.4559	0.239064	27.7	8
CBDDTY010001638.1	1	26140	22	2771	10.6006	0.13707	31.8	20
CBDDTY010001639.1	1	26137	10	1431	5.475	0.0624785	32.6	26.1
CBDDTY010001640.1	1	26135	19	2635	10.0823	0.113296	26.9	1.32
CBDDTY010001641.1	1	26131	13	1495	5.72117	0.0723279	28.6	2.23
CBDDTY010001642.1	1	26109	9	1484	5.68386	0.0616263	29.5	9.22
CBDDTY010001643.1	1	26097	5	724	2.77427	0.0368242	31.5	10.8
CBDDTY010001644.1	1	26088	20	2603	9.97777	0.11373	29.2	12.7
CBDDTY010001645.1	1	26085	26	2580	9.89074	0.142956	28.6	1.92
CBDDTY010001646.1	1	26069	28	3316	12.7201	0.157121	29.7	13.5
CBDDTY010001647.1	1	26065	12	1334	5.11797	0.0614617	31.3	10.2
CBDDTY010001648.1	1	26061	18	2535	9.72718	0.10767	30.6	15.8
CBDDTY010001649.1	1	26061	5	578	2.21787	0.0306972	32.7	0.2
CBDDTY010001650.1	1	26040	4	576	2.21198	0.0288402	26.1	25.2
CBDDTY010001651.1	1	26018	6	736	2.82881	0.0282881	27.9	8
CBDDTY010001652.1	1	26000	7	1103	4.24231	0.0424231	32.3	16.6
CBDDTY010001653.1	1	26000	23	3670	14.1154	0.161577	28.1	48.7
CBDDTY010001654.1	1	26000	7	1048	4.03077	0.0453462	29.1	8.29
CBDDTY010001655.1	1	26000	15	2141	8.23462	0.0836923	29.9	22.7
CBDDTY010001656.1	1	26000	30	1797	6.91154	0.179308	30.4	9.3
CBDDTY010001657.1	1	26000	20	2543	9.78077	0.114769	30.2	8.8
CBDDTY010001658.1	1	26000	20	2816	10.8308	0.136769	27	8.4
CBDDTY010001659.1	1	26000	3	835	3.21154	0.0321154	26.8	46
CBDDTY010001660.1	1	26000	20	2784	10.7077	0.115192	31.8	9.35
CBDDTY010001661.1	1	25600	14	1933	7.55078	0.0912109	28.8	14.9
CBDDTY010001662.1	1	26000	12	2185	8.40385	0.0931154	28.4	9.92
CBDDTY010001663.1	1	26000	6	606	2.33077	0.0275385	30	17
CBDDTY010001664.1	1	26000	2	278	1.06923	0.0151923	25.7	24.5
CBDDTY010001665.1	1	26000	30	4156	15.9846	0.200308	28.7	19.5
CBDDTY010001666.1	1	26000	11	1191	4.58077	0.0549615	33.6	20.4
CBDDTY010001667.1	1	26000	20	2359	9.07308	0.112962	28	14.4
CBDDTY010001668.1	1	26000	8	1389	5.34231	0.0594231	27.4	6.5
CBDDTY010001669.1	1	26000	19	2235	8.59615	0.117269	27.2	20.5
CBDDTY010001670.1	1	26000	18	2234	8.59231	0.103308	29.4	5.22
CBDDTY010001671.1	1	25800	16	1792	6.94574	0.0918992	29.1	1.25
CBDDTY010001672.1	1	25800	37	4307	16.6938	0.212403	28.8	20
CBDDTY010001673.1	1	26000	14	2312	8.89231	0.100885	29.4	9.64
CBDDTY010001674.1	1	26000	21	2927	11.2577	0.121	32.1	21
CBDDTY010001675.1	1	26000	16	2591	9.96538	0.105808	30.8	35.7
CBDDTY010001676.1	1	26000	15	2263	8.70385	0.0908462	26.9	22.7
CBDDTY010001677.1	1	25800	21	2607	10.1047	0.116899	30.5	0.857
CBDDTY010001678.1	1	26000	8	1172	4.50769	0.0511538	29.5	9.5
CBDDTY010001679.1	1	26000	8	1255	4.82692	0.0482692	32.2	11.2
CBDDTY010001680.1	1	25585	12	1401	5.47586	0.070002	29.8	1.33
CBDDTY010001681.1	1	25995	9	1565	6.02039	0.062589	27.4	20.2
CBDDTY010001682.1	1	25994	7	1195	4.59721	0.0459721	29.4	29.4
CBDDTY010001683.1	1	25988	16	2534	9.75065	0.10097	31	10
CBDDTY010001684.1	1	25985	19	2715	10.4483	0.129844	30.7	17.6
CBDDTY010001685.1	1	25983	18	2093	8.05527	0.11342	29.3	3.28
CBDDTY010001686.1	1	25976	17	2619	10.0824	0.112681	31.2	29.9
CBDDTY010001687.1	1	25960	11	1329	5.11941	0.0684129	28.9	20.4
CBDDTY010001688.1	1	25959	9	836	3.22046	0.0466505	26	0.667
CBDDTY010001689.1	1	25959	3	373	1.43688	0.0143688	33.2	50.3
CBDDTY010001690.1	1	25947	7	1089	4.19702	0.0455544	29.7	32.1
CBDDTY010001691.1	1	25495	12	1349	5.29123	0.0667974	26.8	7.08
CBDDTY010001692.1	1	25882	29	2685	10.374	0.191369	30.3	1.1
CBDDTY010001693.1	1	25878	9	1678	6.48427	0.0695185	31.1	23.4
CBDDTY010001694.1	1	25876	7	697	2.69362	0.0345494	29.4	0.714
CBDDTY010001695.1	1	25826	99	1773	6.86517	2.2039	23.9	13.3
CBDDTY010001696.1	1	25802	19	2720	10.5418	0.118014	28.2	27
CBDDTY010001697.1	1	25798	8	858	3.32584	0.0425614	30.1	10.8
CBDDTY010001698.1	1	25797	5	769	2.98097	0.0298097	26	6.2
CBDDTY010001699.1	1	25796	29	4071	15.7815	0.176694	30.8	16.8
CBDDTY010001700.1	1	25792	16	2083	8.07615	0.109918	25.5	7.31
CBDDTY010001701.1	1	25770	2	384	1.4901	0.014901	35.8	1
CBDDTY010001702.1	1	25755	29	3581	13.9041	0.163386	31.1	23
CBDDTY010001703.1	1	25750	25	4134	16.0544	0.16501	29.5	19.1
CBDDTY010001704.1	1	25743	1	130	0.504992	0.00504992	32.5	0
CBDDTY010001705.1	1	25732	12	1794	6.97186	0.0736048	31.4	30.6
CBDDTY010001706.1	1	25731	36	3756	14.5972	0.214994	30	8.97
CBDDTY010001707.1	1	25729	29	4230	16.4406	0.199114	30.9	34.4
CBDDTY010001708.1	1	25722	24	2481	9.64544	0.150571	30.6	13.7
CBDDTY010001709.1	1	25714	11	1349	5.24617	0.0637396	30.2	23.8
CBDDTY010001710.1	1	25711	54	5371	20.8899	0.305006	29.1	30
CBDDTY010001711.1	1	25696	7	892	3.47136	0.0372432	28.1	13.3
CBDDTY010001712.1	1	25672	28	3506	13.6569	0.15476	30.2	17.2
CBDDTY010001713.1	1	25650	64	5556	21.6608	0.379064	30.5	29.2
CBDDTY010001714.1	1	25650	18	2772	10.807	0.12885	28.1	9.44
CBDDTY010001715.1	1	25637	17	2790	10.8827	0.123688	27.3	17.8
CBDDTY010001716.1	1	25634	14	1509	5.88671	0.069244	30.4	9.5
CBDDTY010001717.1	1	25627	24	1144	4.46404	0.164475	30	5.25
CBDDTY010001718.1	1	25623	17	2427	9.47196	0.0947196	27.4	14.5
CBDDTY010001719.1	1	25616	11	1670	6.51936	0.0692926	27.4	34.8
CBDDTY010001720.1	1	25611	14	2097	8.18789	0.0818789	29	1.07
CBDDTY010001721.1	1	25601	16	1771	6.9177	0.085856	29.4	31.4
CBDDTY010001722.1	1	25589	23	3262	12.7477	0.135879	28.7	36.9
CBDDTY010001723.1	1	25584	7	838	3.27548	0.0380316	28.7	10.7
CBDDTY010001724.1	1	25581	28	3642	14.2371	0.186037	27.3	10.1
CBDDTY010001725.1	1	25571	5	662	2.58887	0.0273748	33	32.8
CBDDTY010001727.1	1	25560	10	1509	5.90376	0.0658842	30.1	39.7
CBDDTY010001728.1	1	25557	13	1605	6.28008	0.0815432	30.5	9.46
CBDDTY010001729.1	1	25554	15	1794	7.02043	0.0869531	30.5	11.6
CBDDTY010001730.1	1	25549	47	4420	17.3001	0.300168	28.7	10.4
CBDDTY010001731.1	1	25542	8	1396	5.46551	0.0546551	27.5	23.2
CBDDTY010001732.1	1	25502	43	5318	20.8533	0.263705	30.2	6.19
CBDDTY010001733.1	1	25493	15	2220	8.70827	0.0934374	29	31.9
CBDDTY010001734.1	1	25488	10	1355	5.31623	0.0578704	28.1	31.5
CBDDTY010001735.1	1	25484	17	2181	8.55831	0.0908413	32	33.9
CBDDTY010001736.1	1	25479	5	768	3.01425	0.0330861	28.5	0.2
CBDDTY010001737.1	1	25476	21	2751	10.7984	0.111399	30.4	21.6
CBDDTY010001738.1	1	25458	16	2475	9.72189	0.105704	30.9	35.3
CBDDTY010001739.1	1	25428	23	2966	11.6643	0.159549	30.6	1.65
CBDDTY010001740.1	1	25390	17	2582	10.1694	0.109059	30.9	29.1
CBDDTY010001741.1	1	25385	30	3503	13.7995	0.179122	28	8.63
CBDDTY010001742.1	1	25379	5	753	2.96702	0.0296702	30.8	11.8
CBDDTY010001743.1	1	25323	20	3498	13.8135	0.139162	29.4	25.1
CBDDTY010001744.1	1	25319	52	5915	23.3619	0.333425	28	7.54
CBDDTY010001745.1	1	25313	9	1137	4.49176	0.0511595	29.3	15.9
CBDDTY010001746.1	1	25310	18	2397	9.47056	0.1032	29.9	10.7
CBDDTY010001747.1	1	25305	11	1597	6.31101	0.0751235	31.7	4.45
CBDDTY010001748.1	1	25292	23	3144	12.4308	0.146252	28.3	37.7
CBDDTY010001749.1	1	25285	6	787	3.11252	0.0311252	28	4.5
CBDDTY010001750.1	1	25282	17	2496	9.87264	0.118464	31	14.6
CBDDTY010001751.1	1	25269	13	2063	8.16415	0.0870236	30.8	19.8
CBDDTY010001752.1	1	25269	18	2667	10.5544	0.108315	28.5	33.1
CBDDTY010001753.1	1	25256	21	3521	13.9412	0.149271	27.6	37.3
CBDDTY010001754.1	1	25239	12	1875	7.42898	0.0742898	31.1	33.2
CBDDTY010001755.1	1	25231	14	2147	8.50937	0.106853	32.2	27
CBDDTY010001756.1	1	25227	5	604	2.39426	0.0403932	32.4	26.8
CBDDTY010001757.1	1	25219	23	2866	11.3644	0.131369	28.5	15
CBDDTY010001758.1	1	25211	21	3231	12.8158	0.140851	29.8	25.8
CBDDTY010001759.1	1	25199	5	813	3.22632	0.0344061	24.7	5
CBDDTY010001760.1	1	25198	11	1471	5.83776	0.0639733	30.3	6.82
CBDDTY010001761.1	1	25187	23	2451	9.73121	0.143646	28	5.65
CBDDTY010001762.1	1	25183	22	3210	12.7467	0.140333	30	26.8
CBDDTY010001764.1	1	25164	16	2061	8.19027	0.0842871	32.2	25.8
CBDDTY010001765.1	1	25150	18	2508	9.97217	0.13332	31.3	7.06
CBDDTY010001766.1	1	25141	16	2133	8.48415	0.0927569	30	2.19
CBDDTY010001767.1	1	25138	11	1635	6.5041	0.0973824	30.9	3.09
CBDDTY010001768.1	1	25125	29	4005	15.9403	0.186945	29.9	6.34
CBDDTY010001769.1	1	25122	37	3423	13.6255	0.2542	29.1	13.5
CBDDTY010001770.1	1	25120	20	2402	9.5621	0.127508	30.2	2.95
CBDDTY010001771.1	1	25102	30	3513	13.9949	0.187236	31.3	16.2
CBDDTY010001772.1	1	25098	10	929	3.70149	0.0370149	32.6	0.2
CBDDTY010001773.1	1	25083	18	2267	9.03799	0.100586	29	30.6
CBDDTY010001774.1	1	25071	22	3157	12.5922	0.152846	30.1	4.82
CBDDTY010001775.1	1	25065	10	1292	5.1546	0.0555356	29.7	2.1
CBDDTY010001776.1	1	25055	20	2379	9.49511	0.1456	30.4	10.2
CBDDTY010001777.1	1	25044	6	926	3.69749	0.0369749	33.6	15.2
CBDDTY010001778.1	1	25040	8	1207	4.82029	0.0563099	27.2	6.5
CBDDTY010001779.1	1	25024	10	1782	7.12116	0.0763267	29.5	28
CBDDTY010001780.1	1	25013	14	2140	8.55555	0.0887538	30	38
CBDDTY010001781.1	1	25011	14	2092	8.36432	0.0913198	34.4	39.1
CBDDTY010001782.1	1	25008	7	733	2.93106	0.0319098	32.2	34.3
CBDDTY010001783.1	1	25000	2	197	0.788	0.00788	28.4	0.5
CBDDTY010001784.1	1	25000	2	414	1.656	0.01656	29.3	8.5
CBDDTY010001785.1	1	25000	5	772	3.088	0.03088	23.3	2.6
CBDDTY010001786.1	1	25000	18	2138	8.552	0.11204	28.1	6.22
CBDDTY010001787.1	1	24800	23	2648	10.6774	0.151089	30.1	5.91
CBDDTY010001788.1	1	25000	7	812	3.248	0.03592	28.9	7
CBDDTY010001790.1	1	24200	11	1197	4.94628	0.0543802	32.3	10.1
CBDDTY010001791.1	1	25000	15	1646	6.584	0.09488	30.4	21.5
CBDDTY010001792.1	1	25000	36	3721	14.884	0.1906	31.1	19.5
CBDDTY010001793.1	1	25000	27	3550	14.2	0.18452	30.2	5.44
CBDDTY010001794.1	1	25000	3	356	1.424	0.01424	33	0
CBDDTY010001795.1	1	25000	20	548	2.192	0.14244	28.9	1.8
CBDDTY010001796.1	1	25000	20	2582	10.328	0.13028	28.5	10.2
CBDDTY010001797.1	1	25000	11	1347	5.388	0.06112	31.6	9.64
CBDDTY010001798.1	1	25000	8	1041	4.164	0.04164	30	20.1
CBDDTY010001799.1	1	25000	6	901	3.604	0.04108	31.8	30.2
CBDDTY010001801.1	1	25000	16	2006	8.024	0.0952	29.5	17.6
CBDDTY010001802.1	1	25000	47	6898	27.592	0.32404	29.2	33.7
CBDDTY010001803.1	1	25000	4	319	1.276	0.01964	28.3	1.5
CBDDTY010001804.1	1	25000	16	2357	9.428	0.10604	31.5	12.9
CBDDTY010001805.1	1	25000	26	3671	14.684	0.16848	30.4	33.3
CBDDTY010001806.1	1	25000	14	1276	5.104	0.07124	30.7	7.43
CBDDTY010001807.1	1	25000	4	827	3.308	0.03308	35.2	18
CBDDTY010001808.1	1	25000	20	2633	10.532	0.11684	30.3	30.2
CBDDTY010001809.1	1	25000	442	18642	74.568	2.65616	24.4	0.486
CBDDTY010001810.1	1	25000	20	2763	11.052	0.12296	31.9	23.2
CBDDTY010001811.1	1	25000	16	2448	9.792	0.10004	27.6	18.2
CBDDTY010001812.1	1	24994	63	7035	28.1468	0.381532	28.6	24.5
CBDDTY010001813.1	1	24991	13	1908	7.63475	0.0843504	29.5	52.1
CBDDTY010001814.1	1	24986	12	1882	7.53222	0.0753222	29.5	24.2
CBDDTY010001815.1	1	24986	6	1006	4.02625	0.0402625	31	23.2
CBDDTY010001816.1	1	24983	14	1582	6.33231	0.067606	30.9	8.29
CBDDTY010001818.1	1	24948	8	994	3.98429	0.0421677	29.5	18.2
CBDDTY010001819.1	1	24935	23	3264	13.09	0.135512	31.7	22.6
CBDDTY010001820.1	1	24928	3	473	1.89746	0.0189746	20	0.667
CBDDTY010001821.1	1	24923	28	4031	16.1738	0.177627	29.9	1.79
CBDDTY010001822.1	1	24881	24	3123	12.5517	0.135204	30.6	18.8
CBDDTY010001823.1	1	24878	20	2729	10.9695	0.130396	28.9	26.8
CBDDTY010001824.1	1	24843	1	142	0.57159	0.0057159	32.1	0
CBDDTY010001825.1	1	24835	9	1111	4.47353	0.0447353	30.8	0.556
CBDDTY010001826.1	1	24814	8	1162	4.68284	0.0468284	29.2	27.1
CBDDTY010001827.1	1	24799	8	962	3.87919	0.0433485	31.6	35.9
CBDDTY010001828.1	1	24799	14	1917	7.73015	0.0825033	31.4	6.79
CBDDTY010001829.1	1	24788	19	2352	9.48846	0.107471	33.2	11.1
CBDDTY010001830.1	1	24787	24	3181	12.8333	0.146327	31	4.29
CBDDTY010001831.1	1	24758	63	7432	30.0186	0.424146	30.8	12.5
CBDDTY010001832.1	1	24752	23	2932	11.8455	0.139423	27.7	11.5
CBDDTY010001833.1	1	24750	10	1300	5.25253	0.0552323	26.2	19.3
CBDDTY010001834.1	1	24726	18	2545	10.2928	0.119348	31.6	7.22
CBDDTY010001835.1	1	24720	13	1966	7.95307	0.0845469	28.4	16.2
CBDDTY010001836.1	1	24708	12	1973	7.98527	0.0798527	29.1	26.3
CBDDTY010001837.1	1	24707	4	708	2.86558	0.0286558	29	2.25
CBDDTY010001838.1	1	24698	8	1215	4.91943	0.0568872	27.7	28.2
CBDDTY010001839.1	1	24689	15	1819	7.36765	0.0947791	29.4	11.5
CBDDTY010001840.1	1	24683	17	2520	10.2095	0.106754	29.6	22.1
CBDDTY010001841.1	1	24665	20	2313	9.37766	0.13732	26.1	8
CBDDTY010001842.1	1	24661	9	1439	5.83512	0.0594866	29.7	12.7
CBDDTY010001844.1	1	24630	16	2451	9.95128	0.109704	29.8	24.6
CBDDTY010001845.1	1	24629	14	1746	7.0892	0.070892	29.5	27.7
CBDDTY010001846.1	1	24627	7	848	3.44338	0.037601	29.7	0.286
CBDDTY010001847.1	1	24626	2	370	1.50248	0.0150248	30	1
CBDDTY010001848.1	1	24618	14	1494	6.06873	0.108742	27.9	8.93
CBDDTY010001849.1	1	24613	15	2538	10.3116	0.110104	28.6	6.2
CBDDTY010001850.1	1	24611	50	5655	22.9775	0.31104	28.9	2.4
CBDDTY010001851.1	1	24610	12	1439	5.84722	0.0674116	31.2	7.92
CBDDTY010001852.1	1	24598	23	2816	11.4481	0.129563	33.2	22.7
CBDDTY010001853.1	1	24590	10	1285	5.2257	0.052257	28.6	9.2
CBDDTY010001854.1	1	24585	26	3622	14.7326	0.162701	29.7	25.8
CBDDTY010001855.1	1	24584	11	2093	8.51367	0.0890823	27.2	24
CBDDTY010001856.1	1	24576	8	990	4.02832	0.0402832	31.5	24.4
CBDDTY010001857.1	1	24573	18	2608	10.6133	0.109185	31.5	31.8
CBDDTY010001858.1	1	24570	8	1155	4.70085	0.0546602	30.7	12.9
CBDDTY010001859.1	1	24563	9	1763	7.17746	0.0746651	28	11.8
CBDDTY010001860.1	1	24551	16	2361	9.61672	0.111767	26.8	3.62
CBDDTY010001861.1	1	24534	4	725	2.95508	0.0295508	34.4	0.75
CBDDTY010001862.1	1	24531	15	2655	10.823	0.120664	28.8	22.5
CBDDTY010001863.1	1	24512	28	4017	16.3879	0.167836	30.2	21.4
CBDDTY010001864.1	1	24503	4	576	2.35073	0.0275068	28.7	27.8
CBDDTY010001865.1	1	24470	3	362	1.47936	0.0171639	24.4	18.3
CBDDTY010001866.1	1	24453	10	1874	7.66368	0.0766368	31.1	7.1
CBDDTY010001867.1	1	24447	17	2060	8.42639	0.108561	29.7	18.9
CBDDTY010001868.1	1	24442	12	1817	7.43393	0.0776941	29.6	10.6
CBDDTY010001869.1	1	24436	50	4362	17.8507	0.307333	29	10.8
CBDDTY010001870.1	1	24428	14	2483	10.1646	0.12019	28.1	42.8
CBDDTY010001871.1	1	24406	15	2499	10.2393	0.109932	29.8	14
CBDDTY010001872.1	1	24400	13	2083	8.53689	0.0894262	29.4	23.2
CBDDTY010001873.1	1	24390	26	3399	13.936	0.156581	29.6	5.5
CBDDTY010001874.1	1	24334	38	5496	22.5857	0.271965	28.8	6.82
CBDDTY010001875.1	1	24315	17	2553	10.4997	0.104997	30.2	28.4
CBDDTY010001876.1	1	24307	12	1827	7.51635	0.0807998	31.8	22.7
CBDDTY010001877.1	1	24296	4	557	2.29256	0.0229256	30.6	17.8
CBDDTY010001879.1	1	24277	18	2678	11.031	0.120649	31.4	20.4
CBDDTY010001880.1	1	24252	11	1307	5.38925	0.0538925	28.3	5.82
CBDDTY010001881.1	1	24235	16	2557	10.5509	0.109346	28.4	33.5
CBDDTY010001882.1	1	24225	20	2718	11.2198	0.126357	29.5	15.2
CBDDTY010001883.1	1	24219	16	2104	8.68739	0.103101	29.3	18.5
CBDDTY010001884.1	1	24201	22	2226	9.19797	0.128177	28.8	19
CBDDTY010001885.1	1	24000	7	1390	5.79167	0.0589583	30.2	27.4
CBDDTY010001886.1	1	24192	13	1983	8.19692	0.0852348	31	26.6
CBDDTY010001887.1	1	24189	18	2748	11.3605	0.121956	29.2	1.06
CBDDTY010001888.1	1	24184	19	1838	7.60007	0.10693	29.9	15.8
CBDDTY010001889.1	1	24176	13	1513	6.25827	0.0718895	32.6	19.2
CBDDTY010001890.1	1	24155	14	1913	7.91969	0.0823018	29.3	19.1
CBDDTY010001891.1	1	24153	10	1455	6.0241	0.0625181	31.4	9
CBDDTY010001892.1	1	24148	36	3407	14.1088	0.219935	30.2	7.03
CBDDTY010001893.1	1	24145	13	1735	7.18575	0.0786498	27.9	0.154
CBDDTY010001894.1	1	24123	4	578	2.39605	0.0239605	30.6	12.2
CBDDTY010001895.1	1	24121	7	703	2.91447	0.0373533	27.4	11.1
CBDDTY010001896.1	1	24112	17	2289	9.4932	0.106544	29.8	31.1
CBDDTY010001897.1	1	24100	26	3078	12.7718	0.155851	28.5	14.5
CBDDTY010001898.1	1	24079	12	1870	7.7661	0.077661	30.5	26.2
CBDDTY010001899.1	1	24075	3	451	1.87331	0.0187331	33	6
CBDDTY010001900.1	1	24070	32	3947	16.398	0.189323	30.2	19
CBDDTY010001901.1	1	24032	58	6692	27.8462	0.372254	29.5	32.4
CBDDTY010001902.1	1	24022	16	2289	9.52877	0.099617	31.2	19.2
CBDDTY010001903.1	1	24020	9	918	3.82182	0.0480433	32	3
CBDDTY010001904.1	1	24013	9	1409	5.86766	0.065756	30.4	0.556
CBDDTY010001905.1	1	24011	48	6121	25.4925	0.33368	27.7	14.3
CBDDTY010001906.1	1	24002	15	1738	7.24106	0.117949	30.4	9.27
CBDDTY010001907.1	1	24000	12	1864	7.76667	0.0776667	28.2	24.3
CBDDTY010001908.1	1	24000	18	2766	11.525	0.1355	29.2	3.94
CBDDTY010001909.1	1	24000	5	764	3.18333	0.0318333	26.4	23.6
CBDDTY010001910.1	1	24000	1	91	0.379167	0.00379167	32.2	0
CBDDTY010001911.1	1	24000	13	2113	8.80417	0.10125	28	18.5
CBDDTY010001912.1	1	24000	12	1571	6.54583	0.0686667	31.5	13.7
CBDDTY010001913.1	1	24000	20	2553	10.6375	0.138542	31.1	27.5
CBDDTY010001914.1	1	24000	17	1892	7.88333	0.112417	29.7	1.47
CBDDTY010001915.1	1	24000	1	333	1.3875	0.013875	31.7	60
CBDDTY010001916.1	1	24000	10	1126	4.69167	0.0539583	33	7.9
CBDDTY010001917.1	1	24000	30	4241	17.6708	0.231458	30.5	49.5
CBDDTY010001918.1	1	24000	4	621	2.5875	0.025875	27.5	34
CBDDTY010001919.1	1	24000	28	4380	18.25	0.208875	29.4	35.2
CBDDTY010001920.1	1	23800	18	2477	10.4076	0.133151	28.1	20.9
CBDDTY010001921.1	1	24000	3	559	2.32917	0.0232917	22.9	0
CBDDTY010001922.1	1	24000	8	1143	4.7625	0.049375	28.9	14
CBDDTY010001923.1	1	24000	10	1891	7.87917	0.0787917	27.5	18.3
CBDDTY010001924.1	1	24000	17	2037	8.4875	0.0952083	29	3.35
CBDDTY010001925.1	1	23669	12	1274	5.38257	0.0645148	30.9	6.58
CBDDTY010001926.1	1	24000	10	1339	5.57917	0.0577917	29.9	13.3
CBDDTY010001927.1	1	24000	6	870	3.625	0.0412917	33.2	12
CBDDTY010001928.1	1	24000	20	2425	10.1042	0.119333	28.7	6.45
CBDDTY010001929.1	1	24000	22	2838	11.825	0.14	28.4	24.1
CBDDTY010001930.1	1	24000	23	3070	12.7917	0.156333	29.7	11.5
CBDDTY010001931.1	1	24000	16	2289	9.5375	0.0997917	31.3	28.6
CBDDTY010001932.1	1	23998	5	865	3.60447	0.0360447	29.2	38
CBDDTY010001933.1	1	23998	15	2205	9.18827	0.1038	27.9	0.0667
CBDDTY010001934.1	1	23965	19	2585	10.7866	0.117171	29.8	20.9
CBDDTY010001935.1	1	23964	60	4867	20.3096	0.420214	29.7	9.12
CBDDTY010001936.1	1	23963	3	610	2.54559	0.0254559	29.1	10.7
CBDDTY010001937.1	1	23959	8	1246	5.20055	0.0571393	30.6	11.1
CBDDTY010001938.1	1	23959	26	3448	14.3913	0.166576	30.4	17.3
CBDDTY010001939.1	1	23957	13	1920	8.01436	0.081688	30.8	5.46
CBDDTY010001940.1	1	23947	16	2180	9.10344	0.0910344	32.2	30.8
CBDDTY010001941.1	1	23938	23	2875	12.0102	0.160999	29.9	11
CBDDTY010001942.1	1	23938	24	3541	14.7924	0.165887	29.9	27.8
CBDDTY010001943.1	1	23936	28	3459	14.451	0.167154	29.3	16.2
CBDDTY010001944.1	1	23919	22	2651	11.0832	0.128475	30.9	0.682
CBDDTY010001945.1	1	23918	2	110	0.459905	0.00806924	30.5	5.5
CBDDTY010001946.1	1	23911	22	2898	12.1199	0.13086	28.8	20.2
CBDDTY010001947.1	1	23906	22	3417	14.2935	0.150506	30.5	16.5
CBDDTY010001948.1	1	23897	5	695	2.90831	0.0290831	29	29.2
CBDDTY010001949.1	1	23882	24	3174	13.2903	0.155556	30.3	24
CBDDTY010001950.1	1	23879	34	4640	19.4313	0.228611	30.4	23.7
CBDDTY010001951.1	1	23865	22	3663	15.3488	0.165431	29.4	35.5
CBDDTY010001952.1	1	23847	20	2649	11.1083	0.124125	27.9	6.4
CBDDTY010001953.1	1	23843	7	1082	4.53802	0.0478547	32.4	15.4
CBDDTY010001954.1	1	23819	13	1845	7.74592	0.0867795	31.5	17.7
CBDDTY010001955.1	1	23814	5	675	2.83447	0.0283447	32.9	0.2
CBDDTY010001956.1	1	23806	7	969	4.0704	0.040704	27.5	10.4
CBDDTY010001957.1	1	23791	38	4014	16.8719	0.267664	30.4	0.579
CBDDTY010001958.1	1	23783	10	1492	6.27339	0.0692091	27.8	2.5
CBDDTY010001959.1	1	23771	8	1083	4.55597	0.0455597	31.2	4
CBDDTY010001960.1	1	23770	14	2020	8.49811	0.0962558	31.7	25.4
CBDDTY010001961.1	1	23763	14	1753	7.37701	0.0845432	32	23.8
CBDDTY010001962.1	1	23751	14	1845	7.76809	0.0858911	29.4	0.714
CBDDTY010001963.1	1	23735	15	2354	9.91784	0.11502	32.2	16.6
CBDDTY010001964.1	1	23713	14	1937	8.16852	0.0971619	26.5	11.3
CBDDTY010001965.1	1	23712	1	125	0.527159	0.00527159	37.7	6
CBDDTY010001966.1	1	23705	11	1275	5.37861	0.0611263	31.8	16.2
CBDDTY010001967.1	1	23685	22	2992	12.6325	0.154739	28.8	8.64
CBDDTY010001968.1	1	23679	36	3814	16.1071	0.207821	30	15.2
CBDDTY010001969.1	1	23678	21	3040	12.8389	0.145494	30	17.8
CBDDTY010001970.1	1	23661	5	623	2.63302	0.0308102	28.7	12.6
CBDDTY010001971.1	1	23597	11	1716	7.27211	0.079205	29.4	33.8
CBDDTY010001972.1	1	23589	35	4082	17.3047	0.24982	29.4	3.43
CBDDTY010001973.1	1	23585	21	5033	21.3398	0.229595	21	39
CBDDTY010001974.1	1	23567	13	1260	5.34646	0.0769296	31.2	4.23
CBDDTY010001975.1	1	23562	13	1948	8.26755	0.0826755	30.6	10.3
CBDDTY010001976.1	1	23549	22	2779	11.8009	0.155378	29.5	11.2
CBDDTY010001977.1	1	23542	11	1278	5.4286	0.0725087	28.8	9.09
CBDDTY010001978.1	1	23527	14	2030	8.62838	0.0952098	30.1	10.4
CBDDTY010001979.1	1	23525	6	1292	5.49203	0.0549203	32	13
CBDDTY010001980.1	1	23513	8	1531	6.51129	0.0651129	34.7	19.6
CBDDTY010001981.1	1	23503	27	3406	14.4918	0.18687	30.8	29.7
CBDDTY010001982.1	1	23490	22	2985	12.7075	0.146914	30.3	34.6
CBDDTY010001983.1	1	23478	17	2419	10.3033	0.108144	29.5	23.5
CBDDTY010001984.1	1	23477	6	710	3.02424	0.0323721	31.2	4.83
CBDDTY010001985.1	1	23461	7	971	4.13878	0.0413878	33.5	1.29
CBDDTY010001986.1	1	23459	6	678	2.89015	0.0289015	29.1	9.83
CBDDTY010001987.1	1	23456	19	2230	9.50716	0.116175	31	13.4
CBDDTY010001988.1	1	23436	21	2792	11.9133	0.1493	30.9	18
CBDDTY010001989.1	1	23431	19	2883	12.3042	0.13623	28.1	16.1
CBDDTY010001990.1	1	23427	20	2597	11.0855	0.134503	31.7	32.1
CBDDTY010001991.1	1	23426	6	997	4.25595	0.0478955	31.9	9.5
CBDDTY010001992.1	1	23426	24	3130	13.3612	0.18949	29.7	9.21
CBDDTY010001993.1	1	23424	18	2165	9.24266	0.126195	30.5	19.6
CBDDTY010001994.1	1	23424	7	989	4.22217	0.0463627	30.2	18.9
CBDDTY010001995.1	1	23406	9	1136	4.85346	0.055285	29.4	20.2
CBDDTY010001996.1	1	23396	14	1221	5.21884	0.0798	32.9	10.7
CBDDTY010001997.1	1	23395	17	1386	5.92434	0.105792	28.8	3.24
CBDDTY010001998.1	1	23386	27	2550	10.904	0.155178	30.5	2.78
CBDDTY010001999.1	1	23384	28	3153	13.4836	0.20869	29.1	20.8
CBDDTY010002000.1	1	23381	16	2588	11.0688	0.117745	30.3	20.5
CBDDTY010002001.1	1	23364	4	488	2.08868	0.0261513	26.5	12.8
CBDDTY010002002.1	1	23327	16	2117	9.07532	0.114245	29.2	6.19
CBDDTY010002003.1	1	23326	14	2098	8.99426	0.0911429	26.7	7.93
CBDDTY010002004.1	1	23324	10	1349	5.78374	0.062082	28.9	0.4
CBDDTY010002005.1	1	23306	8	1253	5.3763	0.053763	26.1	1.75
CBDDTY010002006.1	1	23304	18	1980	8.4964	0.0966358	29	1.67
CBDDTY010002007.1	1	23298	15	2009	8.62306	0.107649	26.8	17.1
CBDDTY010002008.1	1	23285	17	2842	12.2053	0.122182	31	25.8
CBDDTY010002009.1	1	23270	11	1250	5.37172	0.0579287	30.2	14.5
CBDDTY010002010.1	1	23268	13	2298	9.87622	0.0987622	28.3	29.2
CBDDTY010002011.1	1	23246	9	1477	6.35378	0.0681838	30.5	11.2
CBDDTY010002012.1	1	23243	10	1886	8.11427	0.0875102	28.7	25.8
CBDDTY010002013.1	1	23241	15	2324	9.99957	0.104212	29.5	13.9
CBDDTY010002014.1	1	23226	10	1278	5.50245	0.0550245	30.7	26.3
CBDDTY010002015.1	1	23220	10	1482	6.38243	0.0652885	30.1	11.7
CBDDTY010002016.1	1	23210	10	1474	6.35071	0.0657044	31.2	27.2
CBDDTY010002017.1	1	23200	12	1787	7.70259	0.0873707	27.4	32.4
CBDDTY010002018.1	1	23200	17	2483	10.7026	0.122759	29.7	27
CBDDTY010002019.1	1	23194	32	3678	15.8575	0.229542	28.7	5.84
CBDDTY010002020.1	1	23187	11	1809	7.80179	0.0780179	28.6	18.8
CBDDTY010002021.1	1	23187	62	7254	31.2848	0.452969	27.6	16.5
CBDDTY010002022.1	1	23184	11	1540	6.64251	0.0699189	26.5	1.91
CBDDTY010002023.1	1	23179	9	1491	6.43255	0.0709263	30.6	34.3
CBDDTY010002024.1	1	23166	14	2145	9.25926	0.0945783	29	25.6
CBDDTY010002025.1	1	23160	19	2464	10.639	0.108549	30.1	16.4
CBDDTY010002026.1	1	23133	13	1802	7.78974	0.0833009	30.5	32.5
CBDDTY010002027.1	1	23128	4	512	2.21377	0.0221377	27.1	2
CBDDTY010002028.1	1	23127	6	551	2.3825	0.0350672	29.7	2.33
CBDDTY010002029.1	1	23116	13	1775	7.67866	0.0851358	29.2	3.77
CBDDTY010002030.1	1	23114	19	2655	11.4865	0.150991	30	29.6
CBDDTY010002031.1	1	23099	9	1449	6.273	0.0674488	27.5	39.3
CBDDTY010002032.1	1	23090	15	2237	9.68818	0.0968818	31.8	33.1
CBDDTY010002033.1	1	23074	13	2233	9.67756	0.101239	29.5	17.4
CBDDTY010002034.1	1	23068	21	3468	15.0338	0.151032	30	40.9
CBDDTY010002035.1	1	23061	15	2321	10.0646	0.112224	30.5	10.5
CBDDTY010002036.1	1	23032	25	3852	16.7246	0.180401	29.7	15
CBDDTY010002037.1	1	23027	7	938	4.07348	0.0407348	30.8	12.1
CBDDTY010002038.1	1	23009	16	2164	9.40502	0.118128	29.3	18.6
CBDDTY010002039.1	1	22800	6	1289	5.65351	0.0576316	31.2	21
CBDDTY010002040.1	1	23000	13	1343	5.83913	0.0667826	28.1	9.92
CBDDTY010002041.1	1	23000	12	1549	6.73478	0.0741739	28	6.5
CBDDTY010002042.1	1	23000	4	567	2.46522	0.0255652	27.7	0.25
CBDDTY010002043.1	1	23000	8	1013	4.40435	0.0443478	25.4	5.38
CBDDTY010002044.1	1	23000	13	1597	6.94348	0.0694348	31.2	12.8
CBDDTY010002045.1	1	23000	16	2382	10.3565	0.118391	29.6	8.5
CBDDTY010002046.1	1	23000	19	2279	9.9087	0.104522	31.6	17.9
CBDDTY010002049.1	1	22393	16	1873	8.36422	0.0950297	32.1	22.1
CBDDTY010002050.1	1	23000	25	2239	9.73478	0.155783	28.8	3.04
CBDDTY010002051.1	1	23000	26	3226	14.0261	0.16	29.1	7.65
CBDDTY010002052.1	1	23000	14	2301	10.0043	0.103826	32.6	13.6
CBDDTY010002053.1	1	23000	14	1088	4.73043	0.0911739	29.7	0.5
CBDDTY010002054.1	1	23000	17	2293	9.96957	0.115348	29.8	8.41
CBDDTY010002055.1	1	23000	13	2354	10.2348	0.102348	28.7	15.2
CBDDTY010002056.1	1	23000	2	402	1.74783	0.0174783	28.9	8.5
CBDDTY010002057.1	1	23000	4	375	1.63043	0.0163043	27.5	0.5
CBDDTY010002058.1	1	23000	9	1381	6.00435	0.0600435	25.9	15.8
CBDDTY010002059.1	1	23000	1	117	0.508696	0.00508696	28.4	60
CBDDTY010002060.1	1	23000	16	1963	8.53478	0.107478	31.8	8.62
CBDDTY010002061.1	1	23000	60	7448	32.3826	0.427435	29.5	22.4
CBDDTY010002062.1	1	23000	8	936	4.06957	0.0486957	29.3	1.38
CBDDTY010002063.1	1	22800	7	453	1.98684	0.0517105	31.3	10
CBDDTY010002064.1	1	23000	10	1221	5.3087	0.0617391	32.5	19.5
CBDDTY010002065.1	1	23000	4	386	1.67826	0.0247826	29.6	5.25
CBDDTY010002066.1	1	23000	29	3067	13.3348	0.213174	28.9	15.6
CBDDTY010002067.1	1	23000	17	2260	9.82609	0.124391	28.3	7.06
CBDDTY010002068.1	1	23000	33	3312	14.4	0.225609	28.6	7.06
CBDDTY010002069.1	1	23000	14	1770	7.69565	0.0872174	29.1	2.57
CBDDTY010002070.1	1	23000	32	3750	16.3043	0.23287	29.9	6.53
CBDDTY010002071.1	1	22999	11	1433	6.23071	0.0684378	31.4	22.3
CBDDTY010002072.1	1	22989	14	2239	9.73944	0.111793	29.7	36.4
CBDDTY010002073.1	1	22978	2	327	1.4231	0.014231	27.3	1
CBDDTY010002074.1	1	22953	9	1271	5.5374	0.0606457	31.8	12.2
CBDDTY010002075.1	1	22931	12	1654	7.21294	0.0783219	32.5	28.2
CBDDTY010002076.1	1	22927	18	2469	10.769	0.10769	27.1	25.3
CBDDTY010002077.1	1	22927	16	1969	8.58813	0.0942557	30.5	4.69
CBDDTY010002078.1	1	22926	12	1489	6.49481	0.0762453	29	5.17
CBDDTY010002079.1	1	22926	12	1892	8.25264	0.0865829	28.3	13
CBDDTY010002080.1	1	22898	22	2623	11.4551	0.143113	29.8	3.5
CBDDTY010002081.1	1	22893	4	689	3.00965	0.0300965	30.5	18.2
CBDDTY010002082.1	1	22893	7	1135	4.95785	0.0495785	30.4	9.57
CBDDTY010002083.1	1	22852	17	2028	8.8745	0.098941	28.5	26.6
CBDDTY010002084.1	1	22852	11	1473	6.44583	0.0692718	30.6	3.09
CBDDTY010002085.1	1	22834	16	1943	8.50924	0.0959972	32.9	7.5
CBDDTY010002086.1	1	22820	42	4858	21.2883	0.30986	28.7	12.9
CBDDTY010002087.1	1	22816	21	2977	13.0479	0.14709	31.6	39.7
CBDDTY010002088.1	1	22803	15	2152	9.43735	0.0974433	31.3	1.87
CBDDTY010002089.1	1	22791	16	1851	8.12163	0.0875784	33.2	29.6
CBDDTY010002090.1	1	22791	5	632	2.77302	0.0277302	28.4	26
CBDDTY010002091.1	1	22776	14	1778	7.80646	0.0870214	30.7	15.5
CBDDTY010002092.1	1	22776	15	1647	7.2313	0.0854408	29.2	0.0667
CBDDTY010002093.1	1	22775	2	152	0.667398	0.00667398	31.2	0.5
CBDDTY010002094.1	1	22773	2	287	1.26026	0.0126026	34.7	30.5
CBDDTY010002095.1	1	22760	8	1189	5.22408	0.0574692	29.2	39.9
CBDDTY010002096.1	1	22756	8	1078	4.73721	0.0509756	33.5	9.88
CBDDTY010002097.1	1	22751	24	3102	13.6346	0.160169	29.2	27.3
CBDDTY010002098.1	1	22751	18	2318	10.1886	0.111028	31.1	15.7
CBDDTY010002099.1	1	22729	29	3760	16.5427	0.182146	30.1	25.3
CBDDTY010002100.1	1	22725	11	1529	6.72827	0.0788119	28.9	27.5
CBDDTY010002101.1	1	22723	22	2486	10.9405	0.148044	28	11.7
CBDDTY010002102.1	1	22715	28	4328	19.0535	0.207264	29.8	26.7
CBDDTY010002103.1	1	22687	17	2097	9.24318	0.115749	27.1	2
CBDDTY010002104.1	1	22674	19	2433	10.7304	0.146159	30.5	17.5
CBDDTY010002105.1	1	22644	11	1706	7.534	0.079138	29.7	8.82
CBDDTY010002106.1	1	22639	4	354	1.56367	0.0212465	35.1	4.5
CBDDTY010002107.1	1	22634	11	1413	6.24282	0.0670672	30.5	30.6
CBDDTY010002108.1	1	22618	14	1389	6.14113	0.0818817	29.9	2.86
CBDDTY010002109.1	1	22610	4	785	3.47192	0.0347192	29.1	18.8
CBDDTY010002110.1	1	22592	10	1012	4.47946	0.0518325	31.6	8.9
CBDDTY010002111.1	1	22590	13	2190	9.69456	0.0969456	25.7	12.5
CBDDTY010002112.1	1	22586	22	2863	12.676	0.151421	28.6	12.8
CBDDTY010002113.1	1	22578	10	1240	5.49207	0.0689166	30	26
CBDDTY010002114.1	1	22575	21	2786	12.3411	0.157918	30.2	3.29
CBDDTY010002115.1	1	22573	17	2446	10.836	0.117751	31.4	3.65
CBDDTY010002116.1	1	22573	15	1822	8.07159	0.0930315	30.4	2.8
CBDDTY010002117.1	1	22558	19	2228	9.87676	0.123991	30.9	11.6
CBDDTY010002118.1	1	22533	16	2285	10.1407	0.119469	29	30.1
CBDDTY010002119.1	1	22533	6	782	3.47047	0.0347047	33.6	18.2
CBDDTY010002120.1	1	22524	10	1271	5.64287	0.0646866	33	38.3
CBDDTY010002121.1	1	22510	19	2839	12.6122	0.13705	34.4	10.8
CBDDTY010002122.1	1	22498	35	3557	15.8103	0.226909	29.9	10.7
CBDDTY010002123.1	1	22494	6	1113	4.94799	0.0494799	28.6	4.67
CBDDTY010002124.1	1	22472	20	1668	7.42257	0.133633	29	5.95
CBDDTY010002125.1	1	22451	25	3361	14.9704	0.176785	30.7	14.3
CBDDTY010002126.1	1	22448	10	1705	7.59533	0.0759533	31.5	17.1
CBDDTY010002127.1	1	22447	3	491	2.18737	0.0218737	32.2	17.7
CBDDTY010002128.1	1	22446	16	2941	13.1026	0.139936	29	29.9
CBDDTY010002129.1	1	22444	19	3106	13.8389	0.162226	27.2	28.5
CBDDTY010002130.1	1	22442	16	1940	8.64451	0.0938419	28.7	11.6
CBDDTY010002131.1	1	22416	10	1535	6.84779	0.0766417	31.1	1.5
CBDDTY010002132.1	1	22402	19	1781	7.95018	0.134854	27.8	18.9
CBDDTY010002133.1	1	22394	35	3400	15.1826	0.278914	30.5	12.6
CBDDTY010002134.1	1	22384	21	2557	11.4233	0.139207	30.5	23.2
CBDDTY010002135.1	1	22352	35	5222	23.3626	0.279393	30.4	21.1
CBDDTY010002136.1	1	22314	14	2233	10.0072	0.100072	29.1	23.9
CBDDTY010002137.1	1	22310	27	3599	16.1318	0.205513	31.5	7.85
CBDDTY010002138.1	1	22307	9	1344	6.02501	0.0714574	30.2	7.78
CBDDTY010002139.1	1	22307	7	746	3.34424	0.0334424	32.2	22.9
CBDDTY010002140.1	1	22305	20	2162	9.69289	0.151894	29.1	4.9
CBDDTY010002141.1	1	22298	21	2822	12.6558	0.126558	32	36.1
CBDDTY010002142.1	1	22296	9	1358	6.09078	0.0609078	27.9	10
CBDDTY010002143.1	1	22295	5	696	3.12178	0.0336847	31.2	0
CBDDTY010002144.1	1	22294	10	1487	6.66996	0.0666996	31.6	37
CBDDTY010002145.1	1	22292	49	3750	16.8222	0.324556	29.2	7.9
CBDDTY010002146.1	1	22285	26	3171	14.2293	0.166928	29.6	8.08
CBDDTY010002147.1	1	22282	6	927	4.16031	0.0416031	27.2	15.8
CBDDTY010002148.1	1	22276	19	3329	14.9443	0.164033	30	39.5
CBDDTY010002149.1	1	22256	7	962	4.32243	0.0432243	31.6	9.57
CBDDTY010002150.1	1	22249	5	844	3.79343	0.0379343	32.2	42.4
CBDDTY010002151.1	1	22234	8	1495	6.72394	0.0672394	27	31
CBDDTY010002152.1	1	22231	9	1428	6.42346	0.0642346	29.7	7.78
CBDDTY010002153.1	1	22216	4	303	1.36388	0.0209309	29.4	11.8
CBDDTY010002154.1	1	22216	9	1330	5.98668	0.0647731	31.6	22.8
CBDDTY010002155.1	1	22211	13	2211	9.95453	0.103057	30.8	39.3
CBDDTY010002156.1	1	22198	12	1737	7.82503	0.0850978	29.8	0.5
CBDDTY010002157.1	1	22183	7	768	3.46211	0.0381824	32.2	21.1
CBDDTY010002158.1	1	22166	4	640	2.8873	0.028873	25.5	7.5
CBDDTY010002159.1	1	22154	12	1684	7.60134	0.0881556	26.2	30.6
CBDDTY010002160.1	1	22139	19	2370	10.7051	0.122499	30.2	14
CBDDTY010002161.1	1	22136	17	2631	11.8856	0.129608	27.9	24.7
CBDDTY010002162.1	1	22099	12	1539	6.96412	0.072311	27.8	12.4
CBDDTY010002163.1	1	22095	21	2339	10.5861	0.154967	30.1	37.5
CBDDTY010002164.1	1	22059	8	1185	5.37196	0.0537196	28.6	12.2
CBDDTY010002165.1	1	22055	14	1789	8.11154	0.0893675	32.7	1.79
CBDDTY010002166.1	1	22052	5	737	3.3421	0.033421	28.3	0.4
CBDDTY010002167.1	1	22046	11	1830	8.30083	0.0906287	29.8	7.82
CBDDTY010002168.1	1	22044	18	1766	8.01125	0.121938	30.2	22.8
CBDDTY010002169.1	1	22035	11	1326	6.0177	0.074654	28.1	15.5
CBDDTY010002170.1	1	22011	2	168	0.763255	0.00763255	29.3	0
CBDDTY010002171.1	1	22004	6	773	3.513	0.0368115	31.7	9.5
CBDDTY010002172.1	1	22003	13	1682	7.64441	0.100214	29.4	7.69
CBDDTY010002173.1	1	22000	7	977	4.44091	0.0470909	28.9	18.3
CBDDTY010002174.1	1	22000	8	923	4.19545	0.0526818	30.6	0.5
CBDDTY010002175.1	1	22000	8	979	4.45	0.0510909	27.4	8.75
CBDDTY010002176.1	1	22000	10	1282	5.82727	0.0582727	24.8	8.1
CBDDTY010002177.1	1	22000	10	1557	7.07727	0.0707727	27.2	3.9
CBDDTY010002178.1	1	22000	20	2370	10.7727	0.127455	30.3	22.9
CBDDTY010002179.1	1	22000	18	2306	10.4818	0.107364	33.8	28.1
CBDDTY010002180.1	1	22000	21	2614	11.8818	0.151545	31.3	7.76
CBDDTY010002181.1	1	22000	7	1276	5.8	0.0650455	30.1	5.86
CBDDTY010002182.1	1	21777	11	1272	5.84102	0.0829775	27.4	5.82
CBDDTY010002183.1	1	22000	2	277	1.25909	0.0125909	33.6	0.5
CBDDTY010002184.1	1	22000	8	877	3.98636	0.0424545	30.9	0.125
CBDDTY010002185.1	1	22000	10	1447	6.57727	0.0657727	32.1	6.5
CBDDTY010002186.1	1	22000	18	2736	12.4364	0.128818	31.7	18
CBDDTY010002187.1	1	22000	5	867	3.94091	0.0394091	32.9	1.6
CBDDTY010002188.1	1	22000	15	2311	10.5045	0.109909	28.7	23.1
CBDDTY010002189.1	1	22000	5	766	3.48182	0.0390455	28.4	15
CBDDTY010002190.1	1	22000	12	1535	6.97727	0.0942727	30.3	14.1
CBDDTY010002191.1	1	22000	16	2469	11.2227	0.128409	29.1	15.6
CBDDTY010002192.1	1	22000	32	4309	19.5864	0.254409	29.6	16.4
CBDDTY010002193.1	1	22000	18	2532	11.5091	0.117682	29.3	17.6
CBDDTY010002194.1	1	22000	16	2150	9.77273	0.106455	28.5	9.19
CBDDTY010002195.1	1	22000	3	393	1.78636	0.0178636	32	6.33
CBDDTY010002197.1	1	22000	8	1137	5.16818	0.0516818	29.1	14.5
CBDDTY010002198.1	1	22000	14	2195	9.97727	0.104545	28.7	40.4
CBDDTY010002199.1	1	22000	1	128	0.581818	0.00581818	26.5	30
CBDDTY010002200.1	1	21800	19	3186	14.6147	0.155596	27.8	13.2
CBDDTY010002201.1	1	22000	5	842	3.82727	0.0382727	25.9	8.4
CBDDTY010002202.1	1	22000	13	1668	7.58182	0.0815909	29.6	7.62
CBDDTY010002203.1	1	22000	10	1396	6.34545	0.0634545	29.3	38.2
CBDDTY010002204.1	1	22000	5	847	3.85	0.0385	30.2	22.2
CBDDTY010002205.1	1	22000	2	249	1.13182	0.0113182	29.1	5
CBDDTY010002206.1	1	22000	10	1382	6.28182	0.0756818	30.4	23.8
CBDDTY010002207.1	1	21998	11	1704	7.74616	0.0881444	29.1	28.7
CBDDTY010002208.1	1	21996	5	952	4.32806	0.0432806	30.4	14
CBDDTY010002209.1	1	21994	10	1340	6.09257	0.0691552	31.2	12.3
CBDDTY010002210.1	1	21960	19	2012	9.16211	0.122541	29	4.58
CBDDTY010002211.1	1	21951	20	2751	12.5325	0.13972	28	11.2
CBDDTY010002212.1	1	21950	20	3287	14.9749	0.183417	29	15.1
CBDDTY010002213.1	1	21946	26	2788	12.7039	0.187597	27.2	5.04
CBDDTY010002214.1	1	21917	23	2314	10.558	0.151526	28.7	5.13
CBDDTY010002215.1	1	21885	16	2273	10.3861	0.103861	29.4	25.8
CBDDTY010002216.1	1	21851	12	1915	8.7639	0.0898815	27.8	17.4
CBDDTY010002217.1	1	21847	12	1659	7.59372	0.0759372	26.5	16.1
CBDDTY010002218.1	1	21840	14	1777	8.13645	0.0915293	30	21.1
CBDDTY010002219.1	1	21830	25	3098	14.1915	0.170591	31.4	15.2
CBDDTY010002220.1	1	21805	14	1577	7.23229	0.134556	30.8	13.5
CBDDTY010002221.1	1	21805	7	1053	4.82917	0.0482917	23.8	1
CBDDTY010002222.1	1	21795	29	4352	19.9679	0.231613	31.2	27
CBDDTY010002223.1	1	21791	10	1679	7.70502	0.0814098	27.4	6.7
CBDDTY010002224.1	1	21782	14	1510	6.93233	0.0844275	27.1	3.07
CBDDTY010002225.1	1	21777	18	2650	12.1688	0.12628	30.4	0.667
CBDDTY010002226.1	1	21771	15	2181	10.0179	0.101741	27.8	24.9
CBDDTY010002227.1	1	21764	7	718	3.29903	0.0436501	29.5	8.14
CBDDTY010002228.1	1	21750	10	1188	5.46207	0.0615172	32.9	11.5
CBDDTY010002229.1	1	21748	14	1651	7.5915	0.0878242	29.4	9.14
CBDDTY010002230.1	1	21738	51	5201	23.9258	0.348928	29.3	6.82
CBDDTY010002231.1	1	21719	16	2164	9.96363	0.110825	31.7	17.8
CBDDTY010002232.1	1	21702	16	1465	6.75053	0.11363	28.9	32.1
CBDDTY010002233.1	1	21699	17	2295	10.5765	0.122863	28.5	22.4
CBDDTY010002234.1	1	21693	9	1435	6.61504	0.0717282	28.7	15
CBDDTY010002235.1	1	21691	19	2337	10.7741	0.111844	32.4	30.9
CBDDTY010002236.1	1	21686	9	1143	5.27068	0.057272	29	16.1
CBDDTY010002237.1	1	21662	22	3026	13.9692	0.171314	31.7	20.5
CBDDTY010002238.1	1	21661	11	1477	6.81871	0.0748811	29.5	11.5
CBDDTY010002239.1	1	21659	10	1140	5.2634	0.0561891	31.6	13.6
CBDDTY010002240.1	1	21644	3	419	1.93587	0.0193587	29.1	8
CBDDTY010002241.1	1	21634	16	2314	10.6961	0.117408	27.1	22.8
CBDDTY010002242.1	1	21633	8	1299	6.00472	0.0610641	30.3	0.5
CBDDTY010002243.1	1	21633	16	2319	10.7197	0.113438	30.9	41
CBDDTY010002244.1	1	21632	11	1451	6.70766	0.0700814	26.7	12.8
CBDDTY010002245.1	1	21620	28	3967	18.3488	0.232285	28.5	27.4
CBDDTY010002246.1	1	21613	6	528	2.44297	0.0290103	24.5	2.33
CBDDTY010002247.1	1	21604	12	1800	8.33179	0.0866043	30.4	20.9
CBDDTY010002248.1	1	21604	19	2684	12.4236	0.145899	28.9	14.7
CBDDTY010002249.1	1	21601	21	3505	16.2261	0.182862	29.6	24
CBDDTY010002250.1	1	21597	33	3758	17.4006	0.223642	31.4	18.8
CBDDTY010002251.1	1	21580	16	2601	12.0528	0.127665	29.4	24.4
CBDDTY010002252.1	1	21567	21	2979	13.8128	0.150832	30.8	38.4
CBDDTY010002253.1	1	21557	22	3166	14.6866	0.170478	30	36
CBDDTY010002254.1	1	21532	6	880	4.08694	0.046814	28.8	5
CBDDTY010002255.1	1	21529	15	2021	9.38734	0.119235	31.8	15.3
CBDDTY010002256.1	1	21501	21	2732	12.7064	0.132273	30.6	27.6
CBDDTY010002257.1	1	21499	4	599	2.78618	0.0293967	29.3	9.75
CBDDTY010002258.1	1	21490	31	2817	13.1084	0.276966	29.3	7.71
CBDDTY010002259.1	1	21488	18	3062	14.2498	0.150875	29.3	27.1
CBDDTY010002260.1	1	21487	4	566	2.63415	0.0263415	33	40.8
CBDDTY010002261.1	1	21483	7	1089	5.06912	0.0506912	29.1	20.9
CBDDTY010002262.1	1	21474	29	4356	20.285	0.223014	31.1	26.1
CBDDTY010002263.1	1	21468	14	2040	9.50252	0.0966555	28.1	8.14
CBDDTY010002264.1	1	21462	24	2996	13.9596	0.173889	26.9	5.88
CBDDTY010002265.1	1	21458	17	2732	12.7318	0.134822	29.2	19.5
CBDDTY010002266.1	1	21451	10	1583	7.37961	0.0737961	33	19.3
CBDDTY010002267.1	1	21449	10	1173	5.46879	0.0546879	29.8	9.9
CBDDTY010002268.1	1	21448	17	2756	12.8497	0.128497	29.4	11.3
CBDDTY010002269.1	1	21443	17	2285	10.6562	0.117055	28.7	22
CBDDTY010002270.1	1	21427	20	3268	15.2518	0.174219	29.9	25.8
CBDDTY010002271.1	1	21418	19	2462	11.495	0.122467	31.7	15.5
CBDDTY010002272.1	1	21418	32	4877	22.7706	0.262116	27.2	21.8
CBDDTY010002273.1	1	21409	8	1042	4.86711	0.056892	31.8	29.5
CBDDTY010002274.1	1	21385	15	1778	8.31424	0.100257	29.1	8.67
CBDDTY010002275.1	1	21373	15	2011	9.40907	0.108174	28.9	22.3
CBDDTY010002276.1	1	21364	7	1140	5.33608	0.0533608	28.4	29.6
CBDDTY010002277.1	1	21361	7	1102	5.15893	0.0523384	31.1	21.6
CBDDTY010002278.1	1	21359	2	424	1.98511	0.0198511	28	29
CBDDTY010002279.1	1	21341	13	1854	8.6875	0.086875	28.4	17.8
CBDDTY010002280.1	1	21332	16	2497	11.7054	0.12207	28.1	20.6
CBDDTY010002281.1	1	21322	21	2729	12.799	0.146937	26.6	28.8
CBDDTY010002282.1	1	21317	17	3384	15.8747	0.158934	29.2	10.6
CBDDTY010002283.1	1	21315	12	1869	8.76847	0.0917194	29.8	3.25
CBDDTY010002284.1	1	21284	7	886	4.16275	0.0457151	28.5	3.86
CBDDTY010002285.1	1	21269	11	1824	8.57586	0.0929052	30.9	29.7
CBDDTY010002286.1	1	21265	12	1841	8.65742	0.0988949	30.5	38
CBDDTY010002287.1	1	21253	7	1151	5.41571	0.0541571	27.3	21.9
CBDDTY010002288.1	1	21251	10	1623	7.63729	0.0856901	27.4	1.7
CBDDTY010002289.1	1	21219	8	837	3.94458	0.045431	27.3	5.5
CBDDTY010002290.1	1	21214	8	1104	5.20411	0.0523711	30.5	20.1
CBDDTY010002291.1	1	21200	15	2137	10.0802	0.105377	32.2	12.6
CBDDTY010002292.1	1	21175	14	2014	9.51122	0.106494	31	21.5
CBDDTY010002293.1	1	21159	7	1172	5.53901	0.0744837	28	17.1
CBDDTY010002294.1	1	21158	14	2220	10.4925	0.112203	28.8	26.2
CBDDTY010002295.1	1	21144	11	1698	8.03065	0.0900965	30.7	29.4
CBDDTY010002296.1	1	21142	2	350	1.65547	0.0165547	29	19
CBDDTY010002297.1	1	21134	12	1573	7.44298	0.0830415	31.5	2
CBDDTY010002298.1	1	21132	13	1891	8.94851	0.12209	29.9	1.38
CBDDTY010002299.1	1	21131	18	2261	10.6999	0.117458	30.3	12.2
CBDDTY010002300.1	1	21122	39	4465	21.1391	0.305937	26.1	6.49
CBDDTY010002301.1	1	21119	19	2872	13.5991	0.143378	30.1	19
CBDDTY010002302.1	1	21116	10	1630	7.71927	0.0779504	30.5	13.1
CBDDTY010002303.1	1	21078	15	2349	11.1443	0.112582	29.3	23.1
CBDDTY010002304.1	1	21073	5	860	4.08105	0.0443696	25	4.2
CBDDTY010002305.1	1	21070	10	1800	8.54295	0.0854295	29.2	26.2
CBDDTY010002306.1	1	21061	10	1476	7.00821	0.0721238	30.2	7.9
CBDDTY010002307.1	1	21061	4	649	3.08153	0.0308153	31.7	4.25
CBDDTY010002308.1	1	21044	14	1714	8.14484	0.0919502	30.8	27.3
CBDDTY010002309.1	1	21043	22	3471	16.4948	0.182959	27.8	22.5
CBDDTY010002310.1	1	21040	18	2221	10.5561	0.111407	30.7	13.7
CBDDTY010002311.1	1	21039	21	3112	14.7916	0.173155	29.3	32
CBDDTY010002312.1	1	21029	25	3092	14.7035	0.172476	29	24.6
CBDDTY010002313.1	1	21019	31	4384	20.8573	0.239117	28.2	19
CBDDTY010002314.1	1	21002	31	4026	19.1696	0.218074	29.9	16.2
CBDDTY010002315.1	1	21000	5	993	4.72857	0.0472857	26.5	19.4
CBDDTY010002316.1	1	21000	1	152	0.72381	0.0072381	30.7	1
CBDDTY010002317.1	1	21000	20	2861	13.6238	0.148524	31.3	32.2
CBDDTY010002318.1	1	21000	40	4187	19.9381	0.260095	31.3	5.78
CBDDTY010002319.1	1	21000	14	1821	8.67143	0.116238	27.9	6.93
CBDDTY010002320.1	1	20800	7	996	4.78846	0.0478846	31.4	8.43
CBDDTY010002321.1	1	21000	5	515	2.45238	0.0270476	33.3	1
CBDDTY010002323.1	1	20873	12	1371	6.56829	0.0703301	31.8	7.83
CBDDTY010002324.1	1	21000	10	1950	9.28571	0.0967619	27.7	8.6
CBDDTY010002325.1	1	21000	27	3066	14.6	0.174905	31.5	5.93
CBDDTY010002326.1	1	21000	3	244	1.1619	0.0161429	33.3	8.67
CBDDTY010002327.1	1	21000	12	1751	8.3381	0.0969524	32	25.1
CBDDTY010002328.1	1	21000	10	1578	7.51429	0.0755238	31.9	28.1
CBDDTY010002329.1	1	21000	1	188	0.895238	0.00895238	27.6	60
CBDDTY010002330.1	1	21000	22	2255	10.7381	0.175095	29.7	10.5
CBDDTY010002331.1	1	20800	17	2127	10.226	0.120721	28.2	4.71
CBDDTY010002332.1	1	21000	2	282	1.34286	0.0134286	22.4	8.5
CBDDTY010002333.1	1	21000	35	3541	16.8619	0.26781	30	17.1
CBDDTY010002335.1	1	20800	7	979	4.70673	0.0470673	31.1	27.9
CBDDTY010002336.1	1	21000	3	345	1.64286	0.0221905	33.7	29.3
CBDDTY010002337.1	1	21000	13	1778	8.46667	0.0889048	31.3	16.5
CBDDTY010002338.1	1	20800	3	393	1.88942	0.0188942	36.6	7
CBDDTY010002339.1	1	21000	16	2479	11.8048	0.130905	30.6	3.12
CBDDTY010002340.1	1	21000	3	574	2.73333	0.0273333	28.1	20.7
CBDDTY010002341.1	1	21000	9	857	4.08095	0.0408095	32.3	3.67
CBDDTY010002342.1	1	21000	2	274	1.30476	0.0130476	29	1
CBDDTY010002343.1	1	21000	9	1721	8.19524	0.0890476	28	12.8
CBDDTY010002345.1	1	21000	3	397	1.89048	0.0189048	31.1	0
CBDDTY010002346.1	1	21000	20	3130	14.9048	0.158857	29.1	24.1
CBDDTY010002347.1	1	21000	11	1622	7.72381	0.077619	29.2	40.1
CBDDTY010002348.1	1	21000	11	1600	7.61905	0.0901905	30.9	6.64
CBDDTY010002349.1	1	21000	6	803	3.82381	0.0418095	25.5	11.8
CBDDTY010002350.1	1	20993	10	1311	6.24494	0.0632115	30.8	22.9
CBDDTY010002351.1	1	20943	20	3215	15.3512	0.159719	30.3	32
CBDDTY010002352.1	1	20914	13	1669	7.9803	0.0834369	31.5	10.1
CBDDTY010002353.1	1	20909	11	1713	8.19264	0.088096	32	1.09
CBDDTY010002354.1	1	20897	29	4454	21.3141	0.228167	26.7	22.3
CBDDTY010002355.1	1	20896	6	1095	5.24024	0.0524024	29.5	24.2
CBDDTY010002356.1	1	20893	23	3730	17.8529	0.203417	29.7	29.2
CBDDTY010002357.1	1	20879	31	3942	18.8802	0.231189	30	2.32
CBDDTY010002358.1	1	20874	20	3003	14.3863	0.149708	28.7	35.8
CBDDTY010002359.1	1	20838	21	2608	12.5156	0.146607	29.3	6.05
CBDDTY010002360.1	1	20831	9	1266	6.07748	0.0663914	26.8	38.8
CBDDTY010002361.1	1	20829	11	1729	8.30093	0.0935235	29.5	7.55
CBDDTY010002362.1	1	20824	12	1562	7.50096	0.0886957	30.7	22.2
CBDDTY010002363.1	1	20824	30	3661	17.5807	0.235498	27.8	13.6
CBDDTY010002364.1	1	20807	27	3611	17.3547	0.19431	29.5	10.7
CBDDTY010002365.1	1	20787	10	1328	6.38861	0.069226	29.8	0.7
CBDDTY010002366.1	1	20785	1	316	1.52033	0.0152033	27.7	4
CBDDTY010002367.1	1	20773	15	2134	10.273	0.10273	32.7	12.7
CBDDTY010002368.1	1	20758	11	1849	8.90741	0.0935543	30.1	15
CBDDTY010002369.1	1	20733	19	2554	12.3185	0.140501	28.2	14
CBDDTY010002370.1	1	20732	29	4295	20.7168	0.22704	28.6	31.6
CBDDTY010002371.1	1	20730	15	2340	11.288	0.123493	31.4	6.27
CBDDTY010002372.1	1	20712	22	2726	13.1615	0.152762	30.7	24.8
CBDDTY010002373.1	1	20697	4	340	1.64275	0.0242547	28	5.25
CBDDTY010002374.1	1	20695	14	1672	8.07925	0.0899734	30	1.86
CBDDTY010002375.1	1	20671	13	1817	8.79009	0.102753	29.5	7.92
CBDDTY010002376.1	1	20664	15	2143	10.3707	0.120935	30.1	27.7
CBDDTY010002377.1	1	20658	2	278	1.34573	0.0134573	27.3	0
CBDDTY010002378.1	1	20655	7	873	4.22658	0.0572743	28.7	16.3
CBDDTY010002379.1	1	20654	7	1045	5.05955	0.0505955	31.4	16.4
CBDDTY010002380.1	1	20628	14	2228	10.8009	0.144512	28.5	18.4
CBDDTY010002381.1	1	20624	6	884	4.28627	0.0482933	27.8	0.833
CBDDTY010002382.1	1	20623	12	1647	7.98623	0.0889298	28.5	28.3
CBDDTY010002383.1	1	20605	28	3747	18.1849	0.217666	28.9	13.9
CBDDTY010002384.1	1	20604	6	604	2.93147	0.0388274	31.7	19.3
CBDDTY010002385.1	1	20597	20	2619	12.7154	0.153323	29.2	5.75
CBDDTY010002386.1	1	20596	21	2593	12.5898	0.153039	28.1	14.6
CBDDTY010002387.1	1	20586	16	2062	10.0165	0.127805	31.1	0.625
CBDDTY010002388.1	1	20582	19	2814	13.6721	0.179672	28.9	15.6
CBDDTY010002389.1	1	20582	10	1738	8.44427	0.0844427	28.6	4
CBDDTY010002390.1	1	20574	7	1041	5.05978	0.0505978	29.3	26.1
CBDDTY010002391.1	1	20573	15	2213	10.7568	0.130414	28.2	43.7
CBDDTY010002392.1	1	20569	12	1801	8.75589	0.09631	30.7	21.8
CBDDTY010002393.1	1	20567	10	1494	7.26406	0.0744396	30.7	20.2
CBDDTY010002394.1	1	20565	11	1382	6.72016	0.0825188	29	26.1
CBDDTY010002395.1	1	20557	8	1427	6.94167	0.0711193	29.4	0.5
CBDDTY010002396.1	1	20551	6	781	3.8003	0.038003	26.5	40.2
CBDDTY010002397.1	1	20550	18	2400	11.6788	0.124136	28.5	16.8
CBDDTY010002398.1	1	20537	7	1047	5.09812	0.0509812	29.8	16.7
CBDDTY010002399.1	1	20525	17	2712	13.2132	0.143873	31.7	24.3
CBDDTY010002400.1	1	20504	24	3439	16.7723	0.192645	30.4	27.5
CBDDTY010002401.1	1	20472	4	285	1.39215	0.023007	25.2	1
CBDDTY010002402.1	1	20464	11	1408	6.88038	0.0766224	33	8.09
CBDDTY010002403.1	1	20455	46	4890	23.9061	0.344121	30.5	12.9
CBDDTY010002404.1	1	20447	43	4102	20.0616	0.360248	29.3	16.1
CBDDTY010002405.1	1	20439	10	1345	6.58056	0.0706492	33.1	29.1
CBDDTY010002406.1	1	20428	28	3372	16.5068	0.2126	28.8	18.5
CBDDTY010002407.1	1	20416	13	2113	10.3497	0.103497	29	25.6
CBDDTY010002408.1	1	20416	6	785	3.84502	0.0384502	30.5	37.3
CBDDTY010002409.1	1	20410	20	2590	12.6899	0.154532	31.5	14.9
CBDDTY010002410.1	1	20373	8	991	4.86428	0.0570363	31.8	21.2
CBDDTY010002411.1	1	20371	6	1481	7.27014	0.0727014	30.1	32.3
CBDDTY010002412.1	1	20366	15	1705	8.3718	0.101296	30.1	36.5
CBDDTY010002413.1	1	20357	21	2198	10.7973	0.161026	28.8	7.81
CBDDTY010002414.1	1	20356	5	753	3.69916	0.0400865	31.2	1.4
CBDDTY010002415.1	1	20332	16	2125	10.4515	0.118237	29.6	6.69
CBDDTY010002416.1	1	20326	26	3157	15.5318	0.190692	29.3	2.23
CBDDTY010002417.1	1	20321	18	2415	11.8843	0.127258	26.5	15.1
CBDDTY010002418.1	1	20308	29	3831	18.8645	0.221588	29.5	24.7
CBDDTY010002419.1	1	20294	9	1513	7.45541	0.0745541	27.4	27.3
CBDDTY010002420.1	1	20292	10	1713	8.44175	0.0844175	30.4	21.9
CBDDTY010002421.1	1	20285	17	2007	9.89401	0.108455	26.4	10.9
CBDDTY010002422.1	1	20277	17	2640	13.0197	0.138087	30	39.8
CBDDTY010002423.1	1	20248	6	962	4.75109	0.0475109	29.5	3.67
CBDDTY010002424.1	1	20247	8	975	4.81553	0.0612436	30.2	11.6
CBDDTY010002425.1	1	20243	11	1435	7.08887	0.0708887	30.3	5.82
CBDDTY010002426.1	1	20241	60	7617	37.6315	0.504274	28.8	31.8
CBDDTY010002427.1	1	20240	13	1888	9.32806	0.101136	29.9	25.2
CBDDTY010002428.1	1	20232	22	2938	14.5216	0.164739	31.1	25.9
CBDDTY010002429.1	1	20226	15	2228	11.0155	0.119549	30.8	26.5
CBDDTY010002430.1	1	20223	2	324	1.60214	0.0206201	35.7	30.5
CBDDTY010002431.1	1	20200	10	1676	8.29703	0.0882673	27.9	14.5
CBDDTY010002432.1	1	20196	5	727	3.59972	0.0419885	26.6	10.4
CBDDTY010002433.1	1	20188	14	2275	11.2691	0.114127	30.6	11.5
CBDDTY010002434.1	1	20172	29	3895	19.3089	0.242267	29.7	25.2
CBDDTY010002435.1	1	20160	4	651	3.22917	0.0322917	24.3	3.25
CBDDTY010002436.1	1	20157	8	1361	6.752	0.06752	26.4	18.2
CBDDTY010002437.1	1	20151	18	2044	10.1434	0.125354	30.6	16.1
CBDDTY010002438.1	1	20149	6	696	3.45427	0.0345427	28.8	18.3
CBDDTY010002439.1	1	20148	1	68	0.337502	0.00337502	37.7	0
CBDDTY010002440.1	1	20147	14	2036	10.1057	0.106467	29.3	25.2
CBDDTY010002441.1	1	20144	12	1584	7.86338	0.0827542	27.9	24.2
CBDDTY010002442.1	1	20129	20	2328	11.5654	0.162204	29.2	17.3
CBDDTY010002443.1	1	20129	8	871	4.32709	0.0477917	30.9	3.5
CBDDTY010002444.1	1	20125	12	1426	7.08571	0.08	29.8	12.2
CBDDTY010002445.1	1	20109	14	1896	9.42861	0.0975185	31.4	22.6
CBDDTY010002446.1	1	20103	5	638	3.17366	0.0374074	35.3	3.8
CBDDTY010002447.1	1	20082	7	1253	6.23942	0.0623942	31	19
CBDDTY010002448.1	1	20080	3	263	1.30976	0.0130976	26.4	0.333
CBDDTY010002449.1	1	20070	23	3473	17.3044	0.201046	31.4	27.3
CBDDTY010002450.1	1	20060	22	3280	16.3509	0.174925	27.6	21.5
CBDDTY010002451.1	1	20044	13	1717	8.56615	0.0951906	30.2	23.2
CBDDTY010002452.1	1	20034	2	309	1.54238	0.0154238	29.5	1
CBDDTY010002453.1	1	20019	12	1589	7.93746	0.0907138	30	29.6
CBDDTY010002455.1	1	20000	8	1080	5.4	0.054	29.9	8.75
CBDDTY010002456.1	1	19800	10	1437	7.25758	0.0725758	28	38
CBDDTY010002458.1	1	20000	2	208	1.04	0.0104	36.9	0.5
CBDDTY010002459.1	1	20000	37	2625	13.125	0.3251	30.4	4.43
CBDDTY010002460.1	1	20000	6	912	4.56	0.0471	30.5	26.5
CBDDTY010002461.1	1	20000	14	1827	9.135	0.10285	26.7	15.4
CBDDTY010002462.1	1	20000	9	1170	5.85	0.0634	30.5	9.89
CBDDTY010002463.1	1	20000	9	956	4.78	0.0556	30.5	37.2
CBDDTY010002464.1	1	20000	9	996	4.98	0.06775	28.7	7.89
CBDDTY010002465.1	1	20000	3	589	2.945	0.02945	27.5	21.3
CBDDTY010002466.1	1	20000	8	1064	5.32	0.05545	29.7	25.6
CBDDTY010002467.1	1	20000	17	2156	10.78	0.12565	30.5	8.53
CBDDTY010002469.1	1	20000	16	2376	11.88	0.12295	31.2	7.62
CBDDTY010002470.1	1	20000	21	2872	14.36	0.16775	27.2	33.7
CBDDTY010002471.1	1	20000	1	255	1.275	0.01275	29.1	1
CBDDTY010002472.1	1	20000	2	347	1.735	0.01735	28.3	28.5
CBDDTY010002473.1	1	20000	8	1054	5.27	0.05695	31.9	22.1
CBDDTY010002474.1	1	20000	12	1858	9.29	0.09925	33.1	30.8
CBDDTY010002475.1	1	19800	1	157	0.792929	0.00792929	29.6	0
CBDDTY010002476.1	1	20000	8	990	4.95	0.0512	28.3	0.25
CBDDTY010002477.1	1	20000	9	1178	5.89	0.06435	29.2	34
CBDDTY010002478.1	1	20000	13	2095	10.475	0.1238	31	0.692
CBDDTY010002479.1	1	19800	8	1179	5.95455	0.059899	29.5	9
CBDDTY010002480.1	1	20000	26	3458	17.29	0.19735	28.7	23.6
CBDDTY010002481.1	1	20000	25	3100	15.5	0.2013	29.5	17
CBDDTY010002482.1	1	19979	10	1311	6.56189	0.0707743	30.8	8
CBDDTY010002483.1	1	19975	9	1181	5.91239	0.0644305	31.6	13
CBDDTY010002484.1	1	19967	12	1269	6.35549	0.0859418	30.7	8.33
CBDDTY010002485.1	1	19967	9	1206	6.03997	0.076977	30.6	9.22
CBDDTY010002486.1	1	19963	10	1098	5.50018	0.0635676	26.5	4.3
CBDDTY010002487.1	1	19950	14	1632	8.18045	0.102506	29.6	16.3
CBDDTY010002488.1	1	19948	9	954	4.78243	0.0724885	30.8	15.3
CBDDTY010002489.1	1	19947	1	274	1.37364	0.0137364	27.4	36
CBDDTY010002490.1	1	19945	12	1845	9.25044	0.10198	29.5	0.167
CBDDTY010002491.1	1	19925	6	942	4.72773	0.0472773	32.6	14.7
CBDDTY010002492.1	1	19924	23	2797	14.0383	0.197149	30.1	15.7
CBDDTY010002493.1	1	19914	9	1435	7.20599	0.0720599	29.9	34
CBDDTY010002494.1	1	19912	36	2516	12.6356	0.278726	29.2	4.5
CBDDTY010002495.1	1	19908	12	1526	7.66526	0.0822282	34.5	18.1
CBDDTY010002496.1	1	19895	5	815	4.09651	0.0412164	33.2	14
CBDDTY010002497.1	1	19889	14	2295	11.539	0.124943	33.4	21.6
CBDDTY010002498.1	1	19885	12	1983	9.97234	0.116671	30.5	10.2
CBDDTY010002499.1	1	19885	14	2281	11.471	0.128489	28.4	43.3
CBDDTY010002500.1	1	19884	21	2937	14.7707	0.18794	30.8	7.71
CBDDTY010002501.1	1	19881	14	1965	9.88381	0.108747	28.5	2.29
CBDDTY010002502.1	1	19869	14	2280	11.4752	0.124214	29.3	30.5
CBDDTY010002503.1	1	19860	4	747	3.76133	0.0376133	26.3	39
CBDDTY010002504.1	1	19858	4	536	2.69916	0.0269916	29.6	7
CBDDTY010002505.1	1	19858	15	2378	11.975	0.125239	26.4	11.2
CBDDTY010002506.1	1	19852	10	1514	7.62644	0.0876486	27.6	27.1
CBDDTY010002507.1	1	19850	5	748	3.76826	0.0376826	27.8	3
CBDDTY010002508.1	1	19848	17	2397	12.0768	0.13553	29.9	20.4
CBDDTY010002509.1	1	19846	6	883	4.44926	0.0444926	27	29.3
CBDDTY010002510.1	1	19844	16	2217	11.1721	0.137724	32.4	4.62
CBDDTY010002511.1	1	19839	7	1203	6.06381	0.0750542	30.2	19.4
CBDDTY010002512.1	1	19832	8	939	4.73477	0.0500706	31.5	1.75
CBDDTY010002513.1	1	19830	13	1757	8.86031	0.101412	30.5	13.4
CBDDTY010002514.1	1	19815	6	708	3.57305	0.0404744	30.1	0.5
CBDDTY010002515.1	1	19809	19	2943	14.8569	0.153668	29.2	28.7
CBDDTY010002516.1	1	19801	4	534	2.69683	0.0269683	32.7	5.5
CBDDTY010002517.1	1	19794	5	943	4.76407	0.0476407	29.4	9.6
CBDDTY010002518.1	1	19783	13	2661	13.4509	0.136531	29.7	17.1
CBDDTY010002519.1	1	19783	16	1872	9.46267	0.10413	30.4	5.12
CBDDTY010002520.1	1	19771	5	802	4.05645	0.0405645	35.5	25.8
CBDDTY010002521.1	1	19756	12	1775	8.98461	0.107562	28.8	43
CBDDTY010002522.1	1	19729	15	1740	8.8195	0.12986	27.6	7.07
CBDDTY010002523.1	1	19726	6	1071	5.42938	0.0542938	32.3	19.3
CBDDTY010002524.1	1	19720	13	1787	9.06187	0.0906187	28.9	28
CBDDTY010002525.1	1	19715	11	1570	7.96348	0.0865838	28.9	2.64
CBDDTY010002526.1	1	19714	15	2012	10.2059	0.11748	32.3	11.9
CBDDTY010002527.1	1	19697	8	1177	5.97553	0.0659999	29.6	17
CBDDTY010002528.1	1	19688	13	1826	9.27469	0.099553	30.1	26
CBDDTY010002529.1	1	19677	20	2754	13.996	0.144839	29.5	22.2
CBDDTY010002530.1	1	19673	11	1343	6.82662	0.0798048	28.8	15.2
CBDDTY010002531.1	1	19663	12	1793	9.11865	0.100493	31.2	33.1
CBDDTY010002532.1	1	19661	13	2303	11.7135	0.134581	30	33
CBDDTY010002533.1	1	19654	18	1473	7.49466	0.144703	29.1	3.06
CBDDTY010002534.1	1	19650	14	1395	7.09924	0.0890076	27.6	13.4
CBDDTY010002535.1	1	19646	17	2494	12.6947	0.136873	32.5	23.2
CBDDTY010002536.1	1	19606	19	2482	12.6594	0.150617	30.6	17.1
CBDDTY010002537.1	1	19603	4	896	4.57073	0.0457073	28.2	48
CBDDTY010002538.1	1	19597	14	1797	9.16977	0.10175	32.4	21.3
CBDDTY010002539.1	1	19589	10	1047	5.34484	0.0584001	36.2	1.6
CBDDTY010002540.1	1	19578	4	458	2.33936	0.0233936	28.3	23.2
CBDDTY010002541.1	1	19577	4	553	2.82474	0.0282474	33	4
CBDDTY010002542.1	1	19568	3	475	2.42743	0.0242743	29.7	5.33
CBDDTY010002543.1	1	19562	58	5595	28.6014	0.427615	29.1	33.8
CBDDTY010002544.1	1	19553	4	363	1.85649	0.0185649	32	1.25
CBDDTY010002545.1	1	19544	8	1081	5.53111	0.0553111	28.4	19.5
CBDDTY010002546.1	1	19539	3	412	2.1086	0.021086	28.8	0
CBDDTY010002547.1	1	19538	36	2494	12.7649	0.305661	28.2	13
CBDDTY010002548.1	1	19525	11	1336	6.84251	0.0785147	31	5.82
CBDDTY010002549.1	1	19500	3	282	1.44615	0.0144615	36.1	8.67
CBDDTY010002550.1	1	19457	9	1391	7.1491	0.0796628	30.8	23.8
CBDDTY010002551.1	1	19433	2	307	1.57979	0.0157979	30.9	4.5
CBDDTY010002552.1	1	19431	5	920	4.7347	0.047347	26.4	7.2
CBDDTY010002553.1	1	19425	17	3009	15.4903	0.17045	27.7	37.1
CBDDTY010002554.1	1	19403	13	2042	10.5241	0.119002	29.8	15.2
CBDDTY010002555.1	1	19401	5	971	5.0049	0.050049	29	25.4
CBDDTY010002556.1	1	19392	10	1478	7.6217	0.093389	30	19.4
CBDDTY010002557.1	1	19380	14	2394	12.3529	0.125181	30.7	33.9
CBDDTY010002558.1	1	19370	17	2595	13.397	0.162932	29.7	30.4
CBDDTY010002559.1	1	19363	7	1252	6.46594	0.0646594	32.1	34.4
CBDDTY010002560.1	1	19342	12	1822	9.41992	0.0941992	31.7	27.3
CBDDTY010002561.1	1	19330	13	1714	8.86705	0.0924987	29.1	18.3
CBDDTY010002562.1	1	19300	14	1990	10.3109	0.107772	29.3	26.9
CBDDTY010002563.1	1	19296	10	1603	8.30742	0.0830742	27.4	24.6
CBDDTY010002564.1	1	19290	12	2126	11.0213	0.110213	28.6	25.8
CBDDTY010002565.1	1	19255	14	2015	10.4648	0.112958	31.7	17.4
CBDDTY010002566.1	1	19253	17	2521	13.0941	0.145172	31	29.8
CBDDTY010002567.1	1	19247	15	1196	6.21396	0.109004	27.1	14.1
CBDDTY010002568.1	1	19245	20	2325	12.0811	0.162536	30.3	9.6
CBDDTY010002569.1	1	19237	8	1124	5.84291	0.0584291	27.8	32.8
CBDDTY010002570.1	1	19228	35	3751	19.508	0.275952	28.4	7.54
CBDDTY010002571.1	1	19225	12	1604	8.3433	0.0907672	27.9	26.2
CBDDTY010002572.1	1	19209	19	2694	14.0247	0.151387	29.3	25.7
CBDDTY010002573.1	1	19206	14	2003	10.429	0.121993	28.9	6.07
CBDDTY010002574.1	1	19201	60	5780	30.1026	0.546013	28.8	17.6
CBDDTY010002575.1	1	19192	18	1669	8.69633	0.171217	29.1	1.72
CBDDTY010002576.1	1	19184	12	1320	6.88073	0.0688073	31.2	15.9
CBDDTY010002577.1	1	19166	8	1307	6.81937	0.0681937	28.6	32.9
CBDDTY010002578.1	1	19151	15	2140	11.1744	0.112422	28.2	24.3
CBDDTY010002579.1	1	19151	17	2627	13.7173	0.157172	27.5	22.3
CBDDTY010002580.1	1	19140	2	335	1.75026	0.0175026	28.7	7.5
CBDDTY010002581.1	1	19126	20	2554	13.3536	0.182317	27.2	10.1
CBDDTY010002582.1	1	19124	11	1382	7.22652	0.0758732	28.5	7.27
CBDDTY010002583.1	1	19123	11	1609	8.41395	0.0841395	28.1	18.8
CBDDTY010002584.1	1	19109	15	2268	11.8688	0.131875	28.5	38.1
CBDDTY010002585.1	1	19103	5	721	3.77428	0.0377428	30.8	38.2
CBDDTY010002586.1	1	19097	9	1381	7.2315	0.0799078	32.4	7.89
CBDDTY010002587.1	1	19091	9	1228	6.43235	0.0643235	30.4	20.4
CBDDTY010002588.1	1	19083	13	1736	9.0971	0.0996175	32.4	13.2
CBDDTY010002589.1	1	19076	15	1912	10.0231	0.105735	32.3	3.67
CBDDTY010002590.1	1	19041	17	2178	11.4385	0.128407	29.5	15.1
CBDDTY010002591.1	1	19040	31	4510	23.687	0.27542	31.3	31.2
CBDDTY010002592.1	1	19009	7	660	3.47204	0.040928	26.8	21.4
CBDDTY010002593.1	1	19008	3	518	2.72517	0.0292508	26.7	11.3
CBDDTY010002594.1	1	19003	10	1323	6.96206	0.0769878	30.3	11
CBDDTY010002595.1	1	19000	9	1303	6.85789	0.0685789	32.5	19.7
CBDDTY010002596.1	1	19000	11	1909	10.0474	0.100474	25.7	11.9
CBDDTY010002597.1	1	19000	14	1654	8.70526	0.110421	30.3	21
CBDDTY010002598.1	1	19000	11	1559	8.20526	0.102053	29.2	22.5
CBDDTY010002599.1	1	19000	21	2404	12.6526	0.177	29	27
CBDDTY010002600.1	1	19000	8	1415	7.44737	0.0857368	31.6	39.9
CBDDTY010002602.1	1	19000	8	1126	5.92632	0.0694737	23.9	15.4
CBDDTY010002603.1	1	19000	7	1096	5.76842	0.0576842	30.8	36
CBDDTY010002604.1	1	19000	19	2822	14.8526	0.179211	31.1	24.1
CBDDTY010002605.1	1	19000	9	1858	9.77895	0.103842	31.3	13
CBDDTY010002606.1	1	19000	2	320	1.68421	0.0168421	34.2	1.5
CBDDTY010002607.1	1	19000	26	1650	8.68421	0.214053	30.1	19
CBDDTY010002608.1	1	19000	12	1334	7.02105	0.111684	30	18.7
CBDDTY010002610.1	1	19000	12	1527	8.03684	0.086	29.4	1
CBDDTY010002611.1	1	19000	18	1614	8.49474	0.143105	29.1	16.5
CBDDTY010002612.1	1	19000	5	561	2.95263	0.0415263	29.6	51.6
CBDDTY010002613.1	1	19000	21	2326	12.2421	0.176158	30.1	5.86
CBDDTY010002615.1	1	19000	11	1873	9.85789	0.103421	31.1	23.3
CBDDTY010002616.1	1	19000	18	2724	14.3368	0.165421	31.8	22.6
CBDDTY010002619.1	1	19000	7	680	3.57895	0.0438421	31.2	2.43
CBDDTY010002620.1	1	19000	16	2141	11.2684	0.125947	27.9	10.1
CBDDTY010002621.1	1	19000	2	336	1.76842	0.0176842	27.2	10.5
CBDDTY010002622.1	1	19000	14	1856	9.76842	0.108368	29.4	13.5
CBDDTY010002624.1	1	18999	7	1119	5.88978	0.0593715	30.1	36.3
CBDDTY010002625.1	1	18975	5	737	3.88406	0.0494335	28.1	2.8
CBDDTY010002626.1	1	18966	18	3019	15.918	0.19535	31	38.8
CBDDTY010002627.1	1	18957	17	2396	12.6391	0.153189	28.3	21.9
CBDDTY010002628.1	1	18939	6	869	4.58842	0.0458842	30.7	27.3
CBDDTY010002629.1	1	18920	8	1190	6.28964	0.0669133	28.4	29
CBDDTY010002630.1	1	18914	4	432	2.28402	0.0265412	34.8	2.75
CBDDTY010002631.1	1	18890	7	899	4.75913	0.0576496	33.1	0.429
CBDDTY010002632.1	1	18857	4	740	3.92427	0.0392427	30.5	17.2
CBDDTY010002633.1	1	18857	13	1850	9.81068	0.106486	32.2	35.5
CBDDTY010002634.1	1	18806	51	4688	24.9282	0.439062	29.2	4.37
CBDDTY010002635.1	1	18804	4	681	3.62157	0.0362157	30.1	13.8
CBDDTY010002636.1	1	18798	9	964	5.12821	0.0548463	31.1	20.3
CBDDTY010002637.1	1	18780	6	996	5.30351	0.063099	31.3	8
CBDDTY010002638.1	1	18772	19	2512	13.3816	0.16775	28.2	5.21
CBDDTY010002639.1	1	18769	7	1076	5.73286	0.0573286	29.9	13.9
CBDDTY010002640.1	1	18758	6	775	4.13157	0.0413157	28.8	3
CBDDTY010002641.1	1	18754	28	3155	16.8231	0.2488	28.2	13.9
CBDDTY010002643.1	1	18720	2	222	1.1859	0.011859	33.8	1
CBDDTY010002644.1	1	18675	7	917	4.91031	0.0554217	28.8	15.9
CBDDTY010002645.1	1	18674	26	2813	15.0637	0.208632	29.5	17.4
CBDDTY010002646.1	1	18671	9	1349	7.22511	0.0722511	25.2	24.1
CBDDTY010002647.1	1	18669	9	958	5.1315	0.0654025	30.1	2.56
CBDDTY010002648.1	1	18643	3	309	1.65746	0.0165746	35.2	5
CBDDTY010002649.1	1	18638	7	998	5.35465	0.0535465	29.9	25
CBDDTY010002650.1	1	18631	22	2898	15.5547	0.189147	29.7	21.8
CBDDTY010002651.1	1	18620	17	2142	11.5038	0.154458	31.5	17.5
CBDDTY010002652.1	1	18588	18	2447	13.1644	0.178556	30.1	6.44
CBDDTY010002653.1	1	18586	15	2383	12.8215	0.128215	29.7	28.7
CBDDTY010002654.1	1	18583	8	1134	6.10235	0.0610235	31.8	0.125
CBDDTY010002655.1	1	18542	18	2338	12.6092	0.154137	31.1	33.5
CBDDTY010002656.1	1	18541	3	370	1.99558	0.0199558	24.3	0.667
CBDDTY010002657.1	1	18538	15	1867	10.0712	0.135883	27.8	10.3
CBDDTY010002658.1	1	18535	12	1363	7.35366	0.136013	25.8	17.2
CBDDTY010002659.1	1	18524	18	1936	10.4513	0.133341	29.4	1.89
CBDDTY010002660.1	1	18515	10	1365	7.3724	0.0810154	28.1	30.6
CBDDTY010002661.1	1	18510	6	942	5.08914	0.0508914	30.4	10.2
CBDDTY010002662.1	1	18509	10	1811	9.78443	0.0978443	31.6	24.3
CBDDTY010002663.1	1	18508	2	193	1.04279	0.0104279	31.7	10.5
CBDDTY010002664.1	1	18502	20	2603	14.0687	0.159496	31.2	11.4
CBDDTY010002665.1	1	18498	13	2008	10.8552	0.122878	28.5	35.2
CBDDTY010002666.1	1	18497	10	1707	9.22852	0.0953668	28.9	18.5
CBDDTY010002667.1	1	18494	12	1508	8.154	0.0904077	28.6	9.08
CBDDTY010002668.1	1	18480	5	405	2.19156	0.0284091	33.4	15.2
CBDDTY010002669.1	1	18467	5	714	3.86636	0.0436454	30.2	0.4
CBDDTY010002670.1	1	18436	9	1207	6.54697	0.0654697	32.1	8.44
CBDDTY010002671.1	1	18435	20	2620	14.2121	0.17163	28.5	4.15
CBDDTY010002672.1	1	18434	15	2055	11.1479	0.12184	28.7	22
CBDDTY010002674.1	1	18422	45	3099	16.8223	0.364238	30.3	3.51
CBDDTY010002675.1	1	18420	10	1578	8.56678	0.0957112	28.5	8.8
CBDDTY010002676.1	1	18417	6	1034	5.61438	0.0611392	31.1	24
CBDDTY010002677.1	1	18410	23	3084	16.7518	0.194622	26.9	16.2
CBDDTY010002678.1	1	18395	9	1206	6.55613	0.0731721	29.2	35
CBDDTY010002679.1	1	18386	9	1171	6.36898	0.0704884	30.2	36.8
CBDDTY010002680.1	1	18365	12	1615	8.7939	0.0928396	29.7	6.17
CBDDTY010002681.1	1	18355	13	1954	10.6456	0.125579	30.2	9.46
CBDDTY010002682.1	1	18343	4	535	2.91664	0.0291664	28.1	10.8
CBDDTY010002683.1	1	18318	10	1667	9.10034	0.0942243	30.1	14
CBDDTY010002684.1	1	18310	12	1978	10.8028	0.108028	31.1	42.6
CBDDTY010002685.1	1	18300	15	2183	11.929	0.155902	29.1	10.9
CBDDTY010002686.1	1	18295	8	1081	5.90872	0.0590872	27.1	27
CBDDTY010002687.1	1	18294	3	454	2.48169	0.0248169	21.9	12
CBDDTY010002688.1	1	18267	18	2180	11.9341	0.14841	33	13.3
CBDDTY010002689.1	1	18263	17	2234	12.2324	0.122324	28.3	28.9
CBDDTY010002690.1	1	18237	14	2038	11.1751	0.124472	32.2	35.1
CBDDTY010002691.1	1	18228	22	3311	18.1644	0.202162	28.1	30.4
CBDDTY010002692.1	1	18222	8	833	4.5714	0.0667874	30.1	6.25
CBDDTY010002693.1	1	18206	27	3860	21.2018	0.25184	29.5	33.7
CBDDTY010002694.1	1	18201	16	3105	17.0595	0.176584	26.2	33
CBDDTY010002695.1	1	18192	6	884	4.85928	0.0485928	29	31.2
CBDDTY010002696.1	1	18184	8	970	5.33436	0.0632424	33.9	11
CBDDTY010002697.1	1	18181	17	2376	13.0686	0.148617	29.5	16.9
CBDDTY010002699.1	1	18155	7	980	5.39796	0.0546957	27.5	15.7
CBDDTY010002700.1	1	18148	6	807	4.44677	0.0535045	28.7	8.5
CBDDTY010002701.1	1	18121	5	987	5.44672	0.0544672	28.6	49.2
CBDDTY010002702.1	1	18107	11	1331	7.35075	0.0907936	27.1	26.6
CBDDTY010002703.1	1	18105	7	939	5.18641	0.0518641	32.2	35.6
CBDDTY010002704.1	1	18087	18	2694	14.8947	0.162437	30.6	35.1
CBDDTY010002705.1	1	18081	8	1072	5.92888	0.0592888	31.7	37.1
CBDDTY010002706.1	1	18077	11	1721	9.52039	0.0970294	29.9	2.45
CBDDTY010002707.1	1	18073	5	797	4.40989	0.0440989	23.6	33.8
CBDDTY010002708.1	1	18068	26	3129	17.3179	0.220224	29.4	13.3
CBDDTY010002709.1	1	18054	12	1915	10.6071	0.112108	27.8	34.5
CBDDTY010002710.1	1	18032	9	1566	8.68456	0.0868456	27.7	36.2
CBDDTY010002711.1	1	18004	2	253	1.40524	0.0213286	30.6	6.5
CBDDTY010002712.1	1	18002	15	2041	11.3376	0.147039	28	17.1
CBDDTY010002713.1	1	18000	9	1165	6.47222	0.071	31.7	9.78
CBDDTY010002714.1	1	18000	3	494	2.74444	0.0274444	32.5	11.3
CBDDTY010002715.1	1	18000	22	3726	20.7	0.214111	30.3	14.1
CBDDTY010002716.1	1	18000	4	607	3.37222	0.0337222	29.3	10.2
CBDDTY010002717.1	1	18000	22	2277	12.65	0.170944	29.6	3.32
CBDDTY010002718.1	1	18000	7	962	5.34444	0.0534444	31.5	25.3
CBDDTY010002719.1	1	18000	1	216	1.2	0.012	25.2	1
CBDDTY010002720.1	1	18000	20	2046	11.3667	0.170833	29.4	4.1
CBDDTY010002721.1	1	18000	18	2091	11.6167	0.146833	32.1	22.6
CBDDTY010002722.1	1	18000	14	1283	7.12778	0.0713333	31.7	10.1
CBDDTY010002723.1	1	18000	13	1933	10.7389	0.119889	27.4	11.1
CBDDTY010002724.1	1	18000	14	1645	9.13889	0.116944	28.4	8.57
CBDDTY010002725.1	1	18000	5	630	3.5	0.0426111	32.1	1.2
CBDDTY010002726.1	1	18000	8	1425	7.91667	0.0888889	31.6	44.6
CBDDTY010002727.1	1	18000	6	1106	6.14444	0.0614444	28.6	9.83
CBDDTY010002728.1	1	18000	6	980	5.44444	0.0544444	26	5
CBDDTY010002729.1	1	18000	155	1193	6.62778	0.429111	6.33	1.93
CBDDTY010002731.1	1	18000	6	1099	6.10556	0.0610556	33.7	2.33
CBDDTY010002732.1	1	18000	12	1841	10.2278	0.103	29	33.8
CBDDTY010002733.1	1	18000	15	2131	11.8389	0.118389	31.8	13.1
CBDDTY010002734.1	1	17999	5	838	4.65581	0.0465581	32.8	8.6
CBDDTY010002735.1	1	17990	7	907	5.04169	0.0600334	28.4	27.6
CBDDTY010002736.1	1	17988	10	1827	10.1568	0.110518	29.9	16.3
CBDDTY010002737.1	1	17986	16	2504	13.9219	0.161681	27.4	17.9
CBDDTY010002738.1	1	17970	10	1511	8.40846	0.0840846	31.7	20.6
CBDDTY010002739.1	1	17965	6	738	4.10799	0.0410799	25.9	1.83
CBDDTY010002740.1	1	17936	12	1509	8.41325	0.11647	30.3	9.08
CBDDTY010002741.1	1	17922	17	2692	15.0206	0.157404	30.6	28.7
CBDDTY010002742.1	1	17917	14	2214	12.357	0.133951	29.2	43.5
CBDDTY010002743.1	1	17901	13	1742	9.7313	0.118653	30	9.23
CBDDTY010002744.1	1	17899	13	1830	10.224	0.109168	30	20.4
CBDDTY010002745.1	1	17886	14	2201	12.3057	0.124064	29.8	27
CBDDTY010002746.1	1	17865	33	4571	25.5863	0.283067	30.2	27.3
CBDDTY010002747.1	1	17861	44	3319	18.5824	0.370528	30.7	3.66
CBDDTY010002748.1	1	17815	6	842	4.72635	0.0472635	32.3	37.2
CBDDTY010002749.1	1	17811	11	1492	8.37685	0.0907304	28.7	14
CBDDTY010002750.1	1	17801	29	3527	19.8135	0.26212	29.7	23.2
CBDDTY010002751.1	1	17800	18	2460	13.8202	0.163146	31.1	16.3
CBDDTY010002752.1	1	17783	9	1568	8.81741	0.0881741	32.9	27.9
CBDDTY010002753.1	1	17782	14	2488	13.9917	0.156619	29.5	37.6
CBDDTY010002754.1	1	17780	44	4857	27.3172	0.405624	28.9	21.1
CBDDTY010002755.1	1	17761	11	1850	10.4161	0.106244	30	41.4
CBDDTY010002756.1	1	17759	13	1783	10.04	0.110029	31.3	8.69
CBDDTY010002757.1	1	17755	7	985	5.54773	0.0665728	31.2	31.1
CBDDTY010002758.1	1	17747	17	2669	15.0392	0.162619	28.8	44
CBDDTY010002759.1	1	17745	13	1827	10.2959	0.124937	25.9	18.6
CBDDTY010002760.1	1	17736	12	1458	8.22057	0.0999662	28.5	5.83
CBDDTY010002761.1	1	17729	2	107	0.603531	0.0107169	32.6	0
CBDDTY010002762.1	1	17723	9	948	5.34898	0.0743102	30.2	9.22
CBDDTY010002763.1	1	17717	6	589	3.32449	0.0396794	33.5	10.2
CBDDTY010002764.1	1	17710	14	1849	10.4404	0.132637	28.8	4.86
CBDDTY010002765.1	1	17705	10	1420	8.02033	0.0925162	32.5	7.9
CBDDTY010002766.1	1	17700	9	953	5.38418	0.079096	28.2	8.33
CBDDTY010002767.1	1	17700	29	4065	22.9661	0.253785	29.6	29.8
CBDDTY010002768.1	1	17675	21	2417	13.6747	0.180537	30.9	22.1
CBDDTY010002769.1	1	17665	12	1196	6.77045	0.121879	30.1	8.17
CBDDTY010002770.1	1	17648	14	1935	10.9644	0.143642	28.5	6
CBDDTY010002771.1	1	17627	7	1089	6.17802	0.0617802	35.3	2.86
CBDDTY010002772.1	1	17607	20	2895	16.4423	0.169819	30.2	28.2
CBDDTY010002773.1	1	17604	12	1564	8.88434	0.139287	28.4	11
CBDDTY010002774.1	1	17584	3	324	1.84258	0.0184258	25.5	3.67
CBDDTY010002775.1	1	17580	11	1339	7.61661	0.104892	26.4	3.82
CBDDTY010002776.1	1	17551	15	2527	14.398	0.14398	28.6	40.3
CBDDTY010002777.1	1	17535	9	1373	7.83005	0.0783005	33.3	13.4
CBDDTY010002778.1	1	17514	25	3394	19.3788	0.211659	29.3	10.8
CBDDTY010002779.1	1	17507	16	2352	13.4346	0.160107	32.3	16.4
CBDDTY010002780.1	1	17506	43	5719	32.6688	0.410545	28.6	27.1
CBDDTY010002781.1	1	17498	6	761	4.34907	0.0434907	25.8	32.3
CBDDTY010002782.1	1	17464	11	1737	9.94617	0.119274	27.3	6.36
CBDDTY010002783.1	1	17454	7	1029	5.8955	0.058955	27.2	22.6
CBDDTY010002784.1	1	17451	7	1435	8.22302	0.0822302	29.3	39.7
CBDDTY010002785.1	1	17448	13	1689	9.68019	0.112105	28.3	16.2
CBDDTY010002786.1	1	17447	10	1195	6.84932	0.0895856	32.1	14.9
CBDDTY010002787.1	1	17436	14	1479	8.48245	0.129789	29.9	4
CBDDTY010002788.1	1	17426	4	530	3.04143	0.0304143	26.7	14
CBDDTY010002789.1	1	17422	8	1069	6.13592	0.0649753	28.6	6.88
CBDDTY010002790.1	1	17410	7	752	4.31936	0.0497415	27.7	5.57
CBDDTY010002791.1	1	17363	18	2436	14.0298	0.143581	28.6	12.8
CBDDTY010002792.1	1	17358	3	347	1.99908	0.0199908	33	13.7
CBDDTY010002793.1	1	17350	13	2348	13.5331	0.147262	29.2	35
CBDDTY010002794.1	1	17346	5	520	2.99781	0.040874	30.3	1.6
CBDDTY010002795.1	1	17345	4	546	3.14788	0.0314788	30.3	21.8
CBDDTY010002796.1	1	17326	8	765	4.41533	0.0656816	28.2	2.25
CBDDTY010002797.1	1	17325	17	1880	10.8514	0.138874	34.6	5.18
CBDDTY010002798.1	1	17303	22	2435	14.0727	0.190314	31.2	10
CBDDTY010002799.1	1	17280	10	1530	8.85417	0.0920139	33.5	33.7
CBDDTY010002800.1	1	17280	15	1461	8.45486	0.138079	31.7	0.4
CBDDTY010002801.1	1	17256	8	557	3.22786	0.053025	27.6	7.38
CBDDTY010002802.1	1	17247	4	426	2.46999	0.0293964	29	1
CBDDTY010002803.1	1	17240	12	1431	8.30046	0.121578	28.1	1.75
CBDDTY010002804.1	1	17229	4	529	3.0704	0.030704	28.3	15.5
CBDDTY010002805.1	1	17221	7	1211	7.03211	0.0703211	31.4	8
CBDDTY010002806.1	1	17219	2	256	1.48673	0.0148673	30.6	2.5
CBDDTY010002807.1	1	17213	8	1174	6.82043	0.0682043	29.5	0.125
CBDDTY010002808.1	1	17207	13	2372	13.7851	0.14651	28.2	26.9
CBDDTY010002809.1	1	17178	3	415	2.41588	0.0241588	35.9	0.667
CBDDTY010002810.1	1	17177	5	706	4.11015	0.0411015	31.7	26.6
CBDDTY010002811.1	1	17172	12	1772	10.3191	0.111868	26.2	36.3
CBDDTY010002812.1	1	17171	15	2046	11.9154	0.13185	30.4	13.2
CBDDTY010002813.1	1	17159	7	1144	6.66706	0.0771024	27.7	1.86
CBDDTY010002814.1	1	17147	8	1374	8.01306	0.0801306	29.5	30.9
CBDDTY010002815.1	1	17141	7	1271	7.41497	0.086576	30.9	11.9
CBDDTY010002816.1	1	17137	11	1994	11.6356	0.120266	34.1	39.2
CBDDTY010002817.1	1	17132	18	2275	13.2792	0.149895	29.2	1.56
CBDDTY010002818.1	1	17125	8	1070	6.24818	0.0624818	28	11
CBDDTY010002819.1	1	17122	8	1211	7.07277	0.0707277	30	26.4
CBDDTY010002820.1	1	17118	1	119	0.695175	0.00695175	34.3	34
CBDDTY010002821.1	1	17112	18	1817	10.6183	0.183146	30.6	1.22
CBDDTY010002822.1	1	17109	5	526	3.07441	0.0350108	34.2	12.6
CBDDTY010002823.1	1	17101	8	996	5.82422	0.0667212	29.4	4.25
CBDDTY010002824.1	1	17086	24	3965	23.2061	0.2687	28.3	20.1
CBDDTY010002825.1	1	17083	41	2523	14.7691	0.355734	28.7	5.39
CBDDTY010002826.1	1	17072	16	1889	11.0649	0.12459	28.7	10.1
CBDDTY010002827.1	1	17052	19	2589	15.183	0.186899	30.2	34.5
CBDDTY010002828.1	1	17051	5	896	5.25482	0.0580025	28.2	35.2
CBDDTY010002829.1	1	17033	11	1358	7.97276	0.0878295	28.5	19.9
CBDDTY010002830.1	1	17027	13	1632	9.58478	0.118165	27.3	19.2
CBDDTY010002831.1	1	17023	8	1293	7.59561	0.0759561	30.2	30
CBDDTY010002832.1	1	17021	9	1416	8.31914	0.0831914	29.7	27.1
CBDDTY010002833.1	1	17019	44	4171	24.5079	0.412304	31.5	14.9
CBDDTY010002834.1	1	17002	9	926	5.44642	0.087872	28.8	4.11
CBDDTY010002835.1	1	17000	5	768	4.51765	0.0451765	34.3	11.2
CBDDTY010002836.1	1	17000	95	8010	47.1176	0.979471	30.5	30.4
CBDDTY010002837.1	1	17000	2	287	1.68824	0.0168824	25.9	10.5
CBDDTY010002838.1	1	17000	12	1411	8.3	0.0984118	25.5	18
CBDDTY010002839.1	1	17000	14	1939	11.4059	0.125176	29.2	8
CBDDTY010002841.1	1	17000	19	1841	10.8294	0.122235	29.1	4.26
CBDDTY010002842.1	1	17000	13	2063	12.1353	0.132	28.6	23
CBDDTY010002843.1	1	17000	8	1334	7.84706	0.0801765	33	12.2
CBDDTY010002844.1	1	17000	7	847	4.98235	0.0498235	29.3	7.71
CBDDTY010002845.1	1	17000	2	301	1.77059	0.0177059	35.8	4.5
CBDDTY010002846.1	1	17000	6	754	4.43529	0.0528824	29.4	8.17
CBDDTY010002847.1	1	17000	9	1303	7.66471	0.0808235	28.7	4.22
CBDDTY010002848.1	1	17000	16	2693	15.8412	0.174118	27.6	23.8
CBDDTY010002849.1	1	17000	14	2046	12.0353	0.126647	28.8	12.9
CBDDTY010002850.1	1	17000	9	947	5.57059	0.0684706	28.1	2.56
CBDDTY010002851.1	1	16800	6	808	4.80952	0.0480952	29.9	4.5
CBDDTY010002852.1	1	17000	12	1581	9.3	0.100176	29.3	15.2
CBDDTY010002853.1	1	17000	9	1396	8.21176	0.0883529	28.9	16.6
CBDDTY010002854.1	1	17000	31	3075	18.0882	0.285118	28.2	5.29
CBDDTY010002855.1	1	17000	8	1339	7.87647	0.0814706	24.8	15.1
CBDDTY010002856.1	1	17000	2	179	1.05294	0.0105294	36.1	0
CBDDTY010002857.1	1	17000	9	1250	7.35294	0.0874118	30.4	15.1
CBDDTY010002858.1	1	17000	4	161	0.947059	0.0264706	29.3	2.75
CBDDTY010002859.1	1	17000	7	924	5.43529	0.0543529	31.3	21.7
CBDDTY010002860.1	1	17000	16	2497	14.6882	0.162353	29.6	1.06
CBDDTY010002861.1	1	17000	11	1599	9.40588	0.122529	24.5	16.5
CBDDTY010002862.1	1	17000	4	324	1.90588	0.0190588	26.1	11
CBDDTY010002863.1	1	17000	6	766	4.50588	0.0457059	28.3	8.83
CBDDTY010002864.1	1	17000	6	581	3.41765	0.0467059	31.3	0.833
CBDDTY010002865.1	1	16991	23	1750	10.2996	0.170679	31.1	13.1
CBDDTY010002866.1	1	16987	4	437	2.57256	0.0257256	32.7	5.25
CBDDTY010002867.1	1	16968	6	888	5.23338	0.0523338	26.4	24.8
CBDDTY010002868.1	1	16958	1	178	1.04965	0.0104965	31.7	26
CBDDTY010002869.1	1	16948	16	2067	12.1961	0.170463	27.8	40.4
CBDDTY010002870.1	1	16942	17	2701	15.9426	0.182269	30.4	12.6
CBDDTY010002871.1	1	16938	1	120	0.708466	0.00708466	28.5	15
CBDDTY010002872.1	1	16904	9	1287	7.61358	0.0761358	31.4	22
CBDDTY010002873.1	1	16897	10	1349	7.98367	0.0946914	27	1
CBDDTY010002874.1	1	16883	12	1388	8.22129	0.0982645	30.2	5.67
CBDDTY010002875.1	1	16866	5	681	4.03771	0.0403771	30.5	18.6
CBDDTY010002876.1	1	16862	18	1828	10.8409	0.138892	30.3	11.1
CBDDTY010002877.1	1	16850	6	749	4.4451	0.048546	27.4	18.5
CBDDTY010002878.1	1	16849	14	2140	12.7011	0.149861	28.4	9.71
CBDDTY010002879.1	1	16832	1	92	0.546578	0.00546578	31.8	1
CBDDTY010002880.1	1	16821	3	470	2.79413	0.0353725	31.8	0.333
CBDDTY010002881.1	1	16812	4	538	3.2001	0.032001	30.7	21.5
CBDDTY010002882.1	1	16795	13	1560	9.28848	0.0990771	28.8	18.1
CBDDTY010002883.1	1	16786	12	1930	11.4977	0.114977	30.3	25.8
CBDDTY010002884.1	1	16782	12	1854	11.0476	0.114885	27.5	18.8
CBDDTY010002885.1	1	16764	19	1947	11.6142	0.196373	28.6	30.5
CBDDTY010002886.1	1	16760	2	268	1.59905	0.0159905	27.6	8
CBDDTY010002887.1	1	16730	5	576	3.44292	0.0344292	34.1	20.2
CBDDTY010002888.1	1	16724	26	3400	20.3301	0.227159	30.9	20.3
CBDDTY010002889.1	1	16707	9	1007	6.02741	0.0602741	30.3	22.1
CBDDTY010002890.1	1	16705	14	1662	9.94912	0.143849	29.8	6.5
CBDDTY010002891.1	1	16699	9	1511	9.04845	0.0950955	30.3	23.3
CBDDTY010002892.1	1	16683	6	871	5.22088	0.0607804	28.6	16.7
CBDDTY010002893.1	1	16666	8	1153	6.91828	0.0695428	31.5	24.5
CBDDTY010002894.1	1	16658	11	1781	10.6916	0.106916	29.9	28.9
CBDDTY010002895.1	1	16650	17	1905	11.4414	0.151952	31.1	6.82
CBDDTY010002896.1	1	16650	5	627	3.76577	0.0376577	28.1	34
CBDDTY010002897.1	1	16647	5	753	4.52334	0.0550249	29.9	0.6
CBDDTY010002898.1	1	16635	7	1169	7.02735	0.0702735	32.7	30.3
CBDDTY010002899.1	1	16623	2	331	1.99122	0.0199122	23.9	1
CBDDTY010002900.1	1	16608	13	1651	9.94099	0.11368	31.7	14
CBDDTY010002901.1	1	16601	10	1936	11.6619	0.117764	29.6	39.4
CBDDTY010002902.1	1	16595	11	1345	8.10485	0.103766	31.9	2.73
CBDDTY010002903.1	1	16587	30	4410	26.5871	0.30554	29.1	33.2
CBDDTY010002904.1	1	16574	8	909	5.48449	0.0596718	30.9	10.2
CBDDTY010002905.1	1	16545	16	1935	11.6954	0.1424	29.5	33.6
CBDDTY010002906.1	1	16542	16	1597	9.65421	0.144723	29.2	3.62
CBDDTY010002907.1	1	16538	10	1335	8.07232	0.0807232	29.2	3.5
CBDDTY010002908.1	1	16532	9	936	5.66175	0.0771836	32.7	16.7
CBDDTY010002909.1	1	16522	7	992	6.00412	0.06567	27.1	19.4
CBDDTY010002910.1	1	16519	22	2785	16.8594	0.215086	32.5	13.7
CBDDTY010002911.1	1	16513	42	5375	32.5501	0.439775	29.9	20.9
CBDDTY010002912.1	1	16506	5	693	4.19847	0.0419847	35.4	40.4
CBDDTY010002913.1	1	16469	11	1614	9.80023	0.0980023	30.3	17.8
CBDDTY010002914.1	1	16468	10	1160	7.04396	0.0820379	31.2	0.2
CBDDTY010002915.1	1	16459	7	899	5.46206	0.0546206	28.9	20.4
CBDDTY010002916.1	1	16453	11	1086	6.60062	0.0715371	31.7	3.18
CBDDTY010002917.1	1	16451	12	1708	10.3823	0.103823	33.2	20
CBDDTY010002918.1	1	16435	3	566	3.44387	0.0344387	31.2	7.33
CBDDTY010002919.1	1	16414	13	2113	12.8732	0.129402	30	26.7
CBDDTY010002920.1	1	16408	23	2755	16.7906	0.2191	28.3	0.522
CBDDTY010002921.1	1	16407	14	1607	9.7946	0.116658	28.2	1.93
CBDDTY010002922.1	1	16395	8	1325	8.08173	0.0808173	30.6	34.9
CBDDTY010002923.1	1	16391	7	1278	7.79696	0.0779696	32.2	35.3
CBDDTY010002924.1	1	16384	3	377	2.30103	0.0230103	26.2	2.67
CBDDTY010002925.1	1	16383	6	1009	6.15882	0.0711103	26	22.5
CBDDTY010002926.1	1	16380	9	1041	6.35531	0.0703297	31.9	15.4
CBDDTY010002927.1	1	16377	10	1452	8.86609	0.0886609	27.7	25.7
CBDDTY010002928.1	1	16360	9	1432	8.75306	0.0972494	29.8	8.44
CBDDTY010002929.1	1	16359	9	1426	8.71691	0.0936488	27.5	32.6
CBDDTY010002930.1	1	16358	15	2158	13.1923	0.154481	33.2	14.3
CBDDTY010002931.1	1	16353	9	1447	8.84853	0.0998594	33.6	25.7
CBDDTY010002932.1	1	16353	14	1967	12.0284	0.136305	29.3	19.6
CBDDTY010002933.1	1	16342	9	1285	7.86317	0.105067	30.8	30.6
CBDDTY010002934.1	1	16341	4	662	4.05116	0.0449177	31.5	25.2
CBDDTY010002935.1	1	16339	11	1879	11.5001	0.115001	29.1	29.4
CBDDTY010002936.1	1	16329	6	1018	6.23431	0.0683447	30.5	14.8
CBDDTY010002937.1	1	16318	20	2636	16.1539	0.192855	30	22.3
CBDDTY010002938.1	1	16315	11	1551	9.50659	0.114312	29.7	35
CBDDTY010002939.1	1	16304	5	680	4.17076	0.0417076	27	26.2
CBDDTY010002940.1	1	16296	7	1340	8.22288	0.0822288	28.7	12
CBDDTY010002941.1	1	16282	1	82	0.503624	0.00503624	35	1
CBDDTY010002942.1	1	16279	10	1202	7.38375	0.0871061	35.6	37.6
CBDDTY010002943.1	1	16248	9	1545	9.50886	0.0950886	29.9	32.7
CBDDTY010002944.1	1	16245	26	2903	17.8701	0.241982	28.4	8.23
CBDDTY010002945.1	1	16243	6	700	4.30955	0.0475282	27.2	9.5
CBDDTY010002946.1	1	16243	17	2181	13.4273	0.181555	28.3	7
CBDDTY010002947.1	1	16230	32	3211	19.7843	0.318238	28	4.75
CBDDTY010002948.1	1	16221	12	1923	11.855	0.132544	31.6	43.7
CBDDTY010002949.1	1	16201	8	958	5.91322	0.074625	35	12
CBDDTY010002950.1	1	16199	6	796	4.91388	0.0635224	29.4	18.2
CBDDTY010002951.1	1	16177	14	2093	12.9381	0.129938	31	19
CBDDTY010002952.1	1	16176	8	1091	6.74456	0.0674456	31.6	5.62
CBDDTY010002953.1	1	16160	7	1025	6.34282	0.0634282	31	19.3
CBDDTY010002954.1	1	16148	7	1089	6.74387	0.0674387	26.6	7.57
CBDDTY010002955.1	1	16119	4	838	5.19883	0.053105	38.1	30.8
CBDDTY010002956.1	1	16086	7	1436	8.92702	0.0892702	31	9.14
CBDDTY010002957.1	1	16084	10	1439	8.94678	0.105073	32.6	35
CBDDTY010002958.1	1	16078	3	445	2.76776	0.0276776	29.4	20
CBDDTY010002960.1	1	16069	5	570	3.5472	0.035472	28.8	0.4
CBDDTY010002961.1	1	16061	13	1778	11.0703	0.127078	33.2	19.9
CBDDTY010002962.1	1	16057	4	451	2.80874	0.034938	32.5	32.8
CBDDTY010002963.1	1	16046	6	1162	7.24168	0.0724168	30.3	19.8
CBDDTY010002964.1	1	16040	29	3615	22.5374	0.320574	28.9	9.9
CBDDTY010002965.1	1	16012	3	479	2.99151	0.0299151	27.1	1
CBDDTY010002966.1	1	16011	8	1198	7.48236	0.0748236	32.2	25.5
CBDDTY010002967.1	1	16000	5	587	3.66875	0.0366875	29.4	3
CBDDTY010002968.1	1	16000	7	992	6.2	0.0696875	19.8	12.9
CBDDTY010002970.1	1	16000	12	1294	8.0875	0.106875	28.8	10.6
CBDDTY010002971.1	1	16000	7	912	5.7	0.062375	34.4	29
CBDDTY010002972.1	1	16000	8	822	5.1375	0.0581875	29.7	19.5
CBDDTY010002973.1	1	16000	2	330	2.0625	0.020625	32.2	22
CBDDTY010002974.1	1	16000	15	1949	12.1813	0.125875	30.2	6.33
CBDDTY010002975.1	1	16000	7	710	4.4375	0.05225	28.1	26.4
CBDDTY010002976.1	1	16000	17	2415	15.0938	0.158938	30.3	25.6
CBDDTY010002977.1	1	16000	3	813	5.08125	0.0508125	30.6	10.7
CBDDTY010002979.1	1	16000	20	2334	14.5875	0.17375	28.8	1.1
CBDDTY010002980.1	1	16000	6	845	5.28125	0.0528125	28.7	11.7
CBDDTY010002981.1	1	16000	2	380	2.375	0.02375	27.3	15.5
CBDDTY010002982.1	1	16000	4	614	3.8375	0.038375	31.8	21
CBDDTY010002983.1	1	16000	5	782	4.8875	0.048875	30.5	0.2
CBDDTY010002984.1	1	16000	5	623	3.89375	0.0395625	32.6	15.6
CBDDTY010002985.1	1	16000	5	392	2.45	0.032625	30.6	4.8
CBDDTY010002986.1	1	16000	10	1137	7.10625	0.0835625	32.1	1.4
CBDDTY010002987.1	1	16000	16	2029	12.6813	0.143937	31	26.8
CBDDTY010002988.1	1	16000	11	1626	10.1625	0.106625	29.2	22.4
CBDDTY010002989.1	1	16000	3	563	3.51875	0.0351875	26.2	13.7
CBDDTY010002990.1	1	16000	9	1568	9.8	0.098	30.4	23
CBDDTY010002991.1	1	16000	9	1129	7.05625	0.085	30.5	31.3
CBDDTY010002992.1	1	16000	3	486	3.0375	0.030375	30	20.3
CBDDTY010002993.1	1	15997	20	1820	11.3771	0.213227	32.8	2.5
CBDDTY010002994.1	1	15974	7	914	5.7218	0.0596594	30.4	13.6
CBDDTY010002995.1	1	15969	7	1106	6.92592	0.0692592	28.2	43
CBDDTY010002996.1	1	15967	12	1604	10.0457	0.135279	30.3	26.1
CBDDTY010002997.1	1	15962	7	949	5.94537	0.0644656	29	12.6
CBDDTY010002998.1	1	15957	10	1471	9.21852	0.0945666	34.7	11
CBDDTY010002999.1	1	15952	5	543	3.40396	0.0340396	32.9	0.4
CBDDTY010003000.1	1	15948	9	1661	10.4151	0.104151	25.7	36.1
CBDDTY010003001.1	1	15947	14	2062	12.9303	0.14103	31	32.4
CBDDTY010003002.1	1	15902	12	1630	10.2503	0.1081	29.5	13.8
CBDDTY010003003.1	1	15897	18	1751	11.0147	0.210228	30	4.06
CBDDTY010003004.1	1	15886	9	1719	10.8208	0.111734	30.9	41.1
CBDDTY010003005.1	1	15878	3	383	2.41214	0.0261368	33	20.7
CBDDTY010003006.1	1	15875	8	1160	7.30709	0.0858583	30.7	7.38
CBDDTY010003007.1	1	15867	3	381	2.40121	0.0320792	33	20.7
CBDDTY010003008.1	1	15849	2	273	1.72251	0.0172251	32.8	0
CBDDTY010003009.1	1	15847	5	777	4.90314	0.0549631	25.4	9
CBDDTY010003010.1	1	15834	7	711	4.49034	0.0507137	30.4	1.57
CBDDTY010003011.1	1	15826	18	2379	15.0322	0.169215	29	34.3
CBDDTY010003012.1	1	15825	10	1491	9.4218	0.0999684	27.6	30.2
CBDDTY010003013.1	1	15823	3	365	2.30677	0.0230677	35.2	35
CBDDTY010003014.1	1	15795	11	1601	10.1361	0.109212	25.8	20.3
CBDDTY010003015.1	1	15786	20	2306	14.6079	0.206005	27.4	8.05
CBDDTY010003016.1	1	15734	13	1999	12.705	0.134104	30.2	16.1
CBDDTY010003017.1	1	15720	6	799	5.0827	0.0562977	29.1	11.3
CBDDTY010003018.1	1	15717	18	2358	15.0029	0.2113	33.1	3.17
CBDDTY010003019.1	1	15715	9	1348	8.57779	0.0857779	29.8	22.6
CBDDTY010003020.1	1	15703	21	2335	14.8698	0.190473	29.1	19.9
CBDDTY010003021.1	1	15694	7	980	6.24442	0.0648018	30.2	23.4
CBDDTY010003022.1	1	15682	12	1663	10.6045	0.106045	29.1	40.7
CBDDTY010003023.1	1	15681	9	1417	9.03641	0.0903641	30.1	17.4
CBDDTY010003024.1	1	15664	23	2600	16.5986	0.221591	29.7	5.96
CBDDTY010003025.1	1	15644	6	765	4.89005	0.0558681	29.2	31.3
CBDDTY010003026.1	1	15642	6	736	4.70528	0.0563867	28	16
CBDDTY010003027.1	1	15634	13	2103	13.4515	0.15671	30.2	28.2
CBDDTY010003028.1	1	15631	10	707	4.52306	0.0929563	31.6	9.4
CBDDTY010003029.1	1	15601	8	889	5.69835	0.0717262	29.9	0.25
CBDDTY010003030.1	1	15597	6	846	5.42412	0.0542412	32.9	26
CBDDTY010003031.1	1	15594	8	1240	7.95178	0.0795178	30.7	23.4
CBDDTY010003032.1	1	15574	10	1231	7.9042	0.0835367	32.7	21.3
CBDDTY010003033.1	1	15555	7	980	6.30023	0.0630023	33.5	22.7
CBDDTY010003034.1	1	15554	11	1707	10.9747	0.109747	30.5	15.9
CBDDTY010003035.1	1	15553	12	1165	7.49052	0.1302	28.4	1.58
CBDDTY010003036.1	1	15532	16	2310	14.8725	0.168491	30.2	37.4
CBDDTY010003037.1	1	15530	13	2334	15.029	0.152093	27.3	40.3
CBDDTY010003039.1	1	15523	22	2565	16.5239	0.217419	29.3	12.8
CBDDTY010003040.1	1	15522	8	986	6.35227	0.0681613	27.9	11.6
CBDDTY010003041.1	1	15520	17	2740	17.6546	0.190464	28.1	25.9
CBDDTY010003042.1	1	15507	2	156	1.006	0.0150255	34.8	0.5
CBDDTY010003043.1	1	15507	11	1234	7.9577	0.0840266	27.4	11.1
CBDDTY010003044.1	1	15503	9	1446	9.32723	0.102303	28.5	12.8
CBDDTY010003045.1	1	15494	10	1327	8.56461	0.103718	27.1	3.7
CBDDTY010003046.1	1	15493	4	487	3.14336	0.0408572	35.3	18.2
CBDDTY010003047.1	1	15488	23	3635	23.4698	0.260653	26.3	29.2
CBDDTY010003048.1	1	15450	7	873	5.65049	0.0763754	33.1	25.6
CBDDTY010003049.1	1	15445	6	805	5.21204	0.0521204	29	22
CBDDTY010003050.1	1	15445	1	89	0.576238	0.00576238	19.3	4
CBDDTY010003051.1	1	15444	12	1466	9.49236	0.113313	30.7	13.8
CBDDTY010003052.1	1	15438	15	2051	13.2854	0.157792	28.8	18
CBDDTY010003053.1	1	15412	11	1963	12.7368	0.13762	28.2	36.6
CBDDTY010003054.1	1	15411	3	491	3.18604	0.0340017	32.3	44
CBDDTY010003055.1	1	15409	1	78	0.506198	0.00506198	24.2	11
CBDDTY010003056.1	1	15407	9	1328	8.61946	0.090024	30	6
CBDDTY010003057.1	1	15404	13	2088	13.5549	0.144183	30.2	11
CBDDTY010003058.1	1	15401	10	1809	11.746	0.126745	29.8	29.8
CBDDTY010003059.1	1	15388	17	2036	13.2311	0.140499	30.2	10.4
CBDDTY010003060.1	1	15365	9	1414	9.20273	0.098796	27.2	10.6
CBDDTY010003061.1	1	15359	4	628	4.08881	0.0473338	30.6	1.5
CBDDTY010003063.1	1	15353	2	343	2.23409	0.0223409	28.8	9
CBDDTY010003064.1	1	15347	18	2318	15.1039	0.200821	29.2	11.8
CBDDTY010003065.1	1	15343	17	2090	13.6218	0.177736	32	41.3
CBDDTY010003066.1	1	15343	11	1599	10.4217	0.119468	33.7	41.4
CBDDTY010003067.1	1	15337	8	1379	8.99133	0.0980635	28.1	33.4
CBDDTY010003068.1	1	15331	9	1159	7.55985	0.0813385	28.7	2.33
CBDDTY010003069.1	1	15324	9	689	4.49622	0.0617332	29.8	3.56
CBDDTY010003070.1	1	15324	12	1566	10.2193	0.119747	30.1	16.8
CBDDTY010003071.1	1	15312	10	1268	8.28109	0.0963297	34	26.6
CBDDTY010003072.1	1	15306	5	867	5.66445	0.0597151	28.6	41.2
CBDDTY010003073.1	1	15290	8	1354	8.85546	0.0885546	31.2	26.8
CBDDTY010003074.1	1	15284	2	188	1.23004	0.0123004	33.8	0.5
CBDDTY010003075.1	1	15250	10	1629	10.682	0.111803	27.3	43.3
CBDDTY010003076.1	1	15235	7	484	3.1769	0.0589432	30.4	14.7
CBDDTY010003077.1	1	15231	7	916	6.01405	0.0673626	30	31.1
CBDDTY010003078.1	1	15225	3	490	3.21839	0.0321839	26.1	2
CBDDTY010003079.1	1	15223	21	2588	17.0006	0.19891	29.3	12.9
CBDDTY010003080.1	1	15212	8	982	6.45543	0.0749408	32.5	43
CBDDTY010003081.1	1	15211	9	1403	9.22359	0.0994017	30	18.2
CBDDTY010003082.1	1	15208	3	553	3.63624	0.0363624	24.5	42.3
CBDDTY010003083.1	1	15207	9	1440	9.46932	0.0946932	30	16.2
CBDDTY010003084.1	1	15206	15	1869	12.2912	0.160595	29.3	19.1
CBDDTY010003085.1	1	15206	13	1750	11.5086	0.122386	30.8	9.54
CBDDTY010003086.1	1	15194	7	1089	7.1673	0.0818744	27.5	29.3
CBDDTY010003087.1	1	15181	10	1491	9.82149	0.103221	32.9	30.8
CBDDTY010003088.1	1	15137	12	917	6.058	0.114686	26.8	6.75
CBDDTY010003089.1	1	15136	19	2868	18.9482	0.207452	28.8	17.4
CBDDTY010003090.1	1	15132	10	1710	11.3006	0.122257	30.4	36.9
CBDDTY010003091.1	1	15116	10	867	5.73564	0.0819	32.1	5.1
CBDDTY010003092.1	1	15062	32	3926	26.0656	0.336343	30	23.7
CBDDTY010003093.1	1	15041	10	1137	7.55934	0.0985307	31.4	0
CBDDTY010003094.1	1	15039	13	1539	10.2334	0.107786	31.2	20.6
CBDDTY010003095.1	1	15037	11	2005	13.3338	0.148035	30.6	25.8
CBDDTY010003096.1	1	15022	4	418	2.78259	0.0362136	33.3	0
CBDDTY010003097.1	1	15016	19	2599	17.3082	0.202384	28.5	0.263
CBDDTY010003098.1	1	15014	5	969	6.45398	0.0645398	29.4	9.8
CBDDTY010003099.1	1	15000	6	906	6.04	0.0706	27	8.33
CBDDTY010003100.1	1	15000	16	2202	14.68	0.1758	30.5	6.56
CBDDTY010003101.1	1	15000	6	687	4.58	0.0538	30.6	6.33
CBDDTY010003102.1	1	15000	1	206	1.37333	0.0137333	30.2	60
CBDDTY010003103.1	1	15000	7	829	5.52667	0.0691333	28.3	0.571
CBDDTY010003104.1	1	15000	6	862	5.74667	0.0574667	32.2	37.2
CBDDTY010003105.1	1	15000	18	2830	18.8667	0.1984	29.2	3.22
CBDDTY010003106.1	1	15000	17	2482	16.5467	0.211533	30.3	11.6
CBDDTY010003107.1	1	15000	14	1815	12.1	0.1324	29.2	24.2
CBDDTY010003108.1	1	14800	7	756	5.10811	0.0716216	28.4	13.9
CBDDTY010003109.1	1	15000	2	323	2.15333	0.0215333	24	26.5
CBDDTY010003110.1	1	15000	1	118	0.786667	0.00786667	26.6	1
CBDDTY010003111.1	1	15000	4	450	3	0.03	30.5	0.25
CBDDTY010003112.1	1	15000	15	2866	19.1067	0.199933	30.4	35.6
CBDDTY010003113.1	1	15000	9	1439	9.59333	0.107	28.4	24.2
CBDDTY010003114.1	1	15000	1	86	0.573333	0.00573333	32.7	3
CBDDTY010003115.1	1	15000	10	1021	6.80667	0.107867	33.2	7.9
CBDDTY010003116.1	1	15000	8	1182	7.88	0.0788	30.3	13.5
CBDDTY010003118.1	1	15000	5	636	4.24	0.0424	33.3	26.4
CBDDTY010003119.1	1	15000	7	888	5.92	0.0684	33	14.3
CBDDTY010003120.1	1	15000	11	1308	8.72	0.0948667	31.2	20
CBDDTY010003121.1	1	15000	9	1370	9.13333	0.106	28.4	6.33
CBDDTY010003122.1	1	14987	12	1632	10.8894	0.129045	29.4	41.2
CBDDTY010003123.1	1	14980	6	673	4.49266	0.0511348	34	10.2
CBDDTY010003124.1	1	14957	13	2001	13.3784	0.148091	31.5	24.4
CBDDTY010003125.1	1	14953	8	1056	7.06213	0.0765733	28.3	22
CBDDTY010003126.1	1	14940	20	1748	11.7001	0.18253	28.5	25.9
CBDDTY010003127.1	1	14912	8	959	6.43106	0.0834227	29.4	0.375
CBDDTY010003128.1	1	14898	8	1352	9.07504	0.0907504	28.5	1.62
CBDDTY010003129.1	1	14895	10	1534	10.2988	0.102988	28.5	7.3
CBDDTY010003130.1	1	14890	12	1816	12.1961	0.14043	29	17.6
CBDDTY010003131.1	1	14887	51	5369	36.065	0.576006	30.3	27.6
CBDDTY010003132.1	1	14882	5	816	5.48313	0.0589303	27.4	26.8
CBDDTY010003133.1	1	14871	3	378	2.54186	0.0254186	32.5	3.33
CBDDTY010003134.1	1	14870	13	2160	14.5259	0.155145	31	23.4
CBDDTY010003135.1	1	14853	25	3643	24.527	0.271662	31.4	40.8
CBDDTY010003136.1	1	14844	9	1176	7.92239	0.0935058	33.1	18.4
CBDDTY010003137.1	1	14837	7	1061	7.15104	0.0715104	31.6	38.3
CBDDTY010003138.1	1	14833	11	1555	10.4834	0.111845	32.2	29.3
CBDDTY010003139.1	1	14830	17	1926	12.9872	0.159609	31.6	10.6
CBDDTY010003140.1	1	14798	10	1128	7.62265	0.0821733	29.6	14.6
CBDDTY010003141.1	1	14795	7	947	6.40081	0.0697533	29.4	21
CBDDTY010003142.1	1	14794	10	1386	9.36866	0.110247	28.2	23.3
CBDDTY010003143.1	1	14780	15	2146	14.5196	0.168268	30.1	24.3
CBDDTY010003144.1	1	14777	33	2619	17.7235	0.377343	28.3	16
CBDDTY010003145.1	1	14776	4	706	4.77802	0.0477802	29.1	18.2
CBDDTY010003146.1	1	14758	6	697	4.72286	0.0472286	27.4	0.167
CBDDTY010003147.1	1	14753	4	576	3.90429	0.0390429	34.3	30
CBDDTY010003148.1	1	14744	4	622	4.21867	0.0517499	30.8	23.5
CBDDTY010003149.1	1	14715	10	1602	10.8869	0.112402	30.7	29.1
CBDDTY010003150.1	1	14705	41	2759	18.7623	0.402244	30.2	3.46
CBDDTY010003151.1	1	14695	5	865	5.88636	0.0588636	30.3	28.6
CBDDTY010003152.1	1	14691	10	1360	9.25737	0.0985637	28.5	24.9
CBDDTY010003153.1	1	14690	7	922	6.27638	0.0855003	29.4	26.7
CBDDTY010003154.1	1	14668	5	904	6.16308	0.0666076	35	19.4
CBDDTY010003155.1	1	14656	4	487	3.32287	0.0393013	30.5	20.5
CBDDTY010003156.1	1	14647	12	1942	13.2587	0.150133	27.7	51
CBDDTY010003157.1	1	14637	4	882	6.02582	0.0602582	29.6	34.2
CBDDTY010003158.1	1	14622	13	2076	14.1978	0.144303	29.7	28.4
CBDDTY010003159.1	1	14620	1	131	0.896033	0.00896033	19.3	0
CBDDTY010003160.1	1	14620	14	1393	9.52804	0.128386	30.1	1.29
CBDDTY010003161.1	1	14619	3	521	3.56386	0.0356386	32.4	6.67
CBDDTY010003162.1	1	14614	14	1919	13.1312	0.131312	30.6	20.8
CBDDTY010003163.1	1	14600	11	1531	10.4863	0.115	27.9	17.6
CBDDTY010003164.1	1	14594	10	1448	9.92189	0.110182	27.9	13.9
CBDDTY010003165.1	1	14591	3	452	3.0978	0.030978	31	12.3
CBDDTY010003166.1	1	14587	3	341	2.3377	0.023377	32.2	2
CBDDTY010003167.1	1	14585	5	682	4.67604	0.0467604	28	18.8
CBDDTY010003168.1	1	14585	14	1970	13.507	0.155159	29.9	20.6
CBDDTY010003169.1	1	14578	2	219	1.50226	0.0213335	29.8	36.5
CBDDTY010003170.1	1	14578	10	1367	9.37714	0.0937714	28.1	4.3
CBDDTY010003171.1	1	14571	3	388	2.66282	0.0266282	31.1	10.3
CBDDTY010003172.1	1	14562	6	868	5.96072	0.0596072	26.8	39.2
CBDDTY010003173.1	1	14557	7	1025	7.04129	0.0821598	27.3	19.3
CBDDTY010003174.1	1	14550	5	692	4.75601	0.0475601	32.3	0.4
CBDDTY010003175.1	1	14548	5	831	5.71213	0.0650261	27.9	9.4
CBDDTY010003176.1	1	14541	12	1259	8.65828	0.0991679	28.9	0.667
CBDDTY010003177.1	1	14528	24	2376	16.3546	0.266864	30.7	4.38
CBDDTY010003178.1	1	14506	11	1877	12.9395	0.137736	27.8	30.5
CBDDTY010003179.1	1	14470	5	574	3.96683	0.0396683	28.6	18.8
CBDDTY010003180.1	1	14455	7	1291	8.93117	0.0893117	32.4	30.4
CBDDTY010003181.1	1	14452	11	1410	9.75644	0.108082	27.6	1
CBDDTY010003182.1	1	14450	7	1165	8.06228	0.0806228	28.4	20.1
CBDDTY010003183.1	1	14450	2	273	1.88927	0.0188927	27.7	0
CBDDTY010003184.1	1	14437	7	972	6.7327	0.0727298	27.4	16.9
CBDDTY010003185.1	1	14415	9	1312	9.10163	0.100867	31.1	25.9
CBDDTY010003186.1	1	14370	14	1646	11.4544	0.129436	29.3	17.1
CBDDTY010003187.1	1	14351	10	1535	10.6961	0.12027	32.3	36
CBDDTY010003188.1	1	14350	11	1432	9.97909	0.119094	29.8	26.9
CBDDTY010003189.1	1	14346	7	1250	8.71323	0.0983549	31.6	2.29
CBDDTY010003190.1	1	14343	9	1216	8.478	0.101583	29.7	15.6
CBDDTY010003191.1	1	14302	5	498	3.48203	0.0536289	28.8	1.6
CBDDTY010003192.1	1	14287	8	947	6.6284	0.066284	33.9	12.8
CBDDTY010003193.1	1	14272	8	1041	7.294	0.0877943	28.6	4.5
CBDDTY010003194.1	1	14271	4	424	2.97106	0.0297106	27.9	7
CBDDTY010003195.1	1	14266	4	452	3.16837	0.0316837	31.8	2.75
CBDDTY010003196.1	1	14261	11	1699	11.9136	0.126218	29.2	28.2
CBDDTY010003197.1	1	14242	27	2853	20.0323	0.2876	28.2	6.19
CBDDTY010003198.1	1	14230	7	1038	7.29445	0.0737175	27.8	0.857
CBDDTY010003199.1	1	14221	3	244	1.71577	0.0229238	35.8	0.667
CBDDTY010003200.1	1	14164	4	493	3.48066	0.0348066	28.8	9
CBDDTY010003201.1	1	14142	3	570	4.03055	0.0403055	30.2	0.333
CBDDTY010003202.1	1	14129	2	226	1.59955	0.0159955	33.7	1
CBDDTY010003203.1	1	14119	5	636	4.50457	0.0529783	28.1	40
CBDDTY010003204.1	1	14115	11	1485	10.5207	0.12554	27.7	0.455
CBDDTY010003205.1	1	14072	6	1013	7.19869	0.0719869	27.9	27.5
CBDDTY010003206.1	1	14036	7	1103	7.85836	0.0857082	33.8	48.3
CBDDTY010003207.1	1	14035	3	346	2.46527	0.0246527	37.9	43
CBDDTY010003208.1	1	14030	12	1165	8.30364	0.124519	30.4	8
CBDDTY010003209.1	1	14024	3	266	1.89675	0.0304478	29	11.7
CBDDTY010003210.1	1	14000	7	808	5.77143	0.0621429	32.7	14
CBDDTY010003211.1	1	14000	7	973	6.95	0.0872857	29.4	8.29
CBDDTY010003212.1	1	14000	13	1888	13.4857	0.151643	25.8	18.4
CBDDTY010003213.1	1	14000	5	914	6.52857	0.0767857	28.8	14
CBDDTY010003214.1	1	14000	47	4473	31.95	0.524071	30.4	12.7
CBDDTY010003215.1	1	14000	1	218	1.55714	0.0155714	28.7	6
CBDDTY010003216.1	1	14000	4	586	4.18571	0.0418571	29.5	19.5
CBDDTY010003217.1	1	14000	6	1076	7.68571	0.0768571	28.8	0.333
CBDDTY010003218.1	1	14000	9	1416	10.1143	0.103	31.5	0.444
CBDDTY010003219.1	1	14000	2	241	1.72143	0.0172143	28.6	0
CBDDTY010003220.1	1	14000	18	2067	14.7643	0.203929	29.8	5.28
CBDDTY010003221.1	1	14000	19	2431	17.3643	0.202286	26.9	3.95
CBDDTY010003222.1	1	14000	25	2798	19.9857	0.260929	33	25.8
CBDDTY010003223.1	1	14000	5	780	5.57143	0.0557143	30	12
CBDDTY010003224.1	1	14000	18	2394	17.1	0.181357	29.7	35.6
CBDDTY010003225.1	1	14000	4	753	5.37857	0.0602143	25.8	12.5
CBDDTY010003226.1	1	14000	8	868	6.2	0.0800714	32.7	3
CBDDTY010003227.1	1	14000	33	3572	25.5143	0.364714	28.8	6.64
CBDDTY010003228.1	1	14000	9	536	3.82857	0.112571	30.1	7.22
CBDDTY010003229.1	1	14000	10	1378	9.84286	0.109071	29.9	16
CBDDTY010003230.1	1	14000	5	789	5.63571	0.0591429	26.5	0.4
CBDDTY010003231.1	1	14000	16	2033	14.5214	0.151071	32.2	24.8
CBDDTY010003232.1	1	14000	6	690	4.92857	0.0658571	28.8	19.8
CBDDTY010003233.1	1	14000	1	174	1.24286	0.0124286	34.4	33
CBDDTY010003234.1	1	13998	15	2310	16.5024	0.190456	29	31.3
CBDDTY010003235.1	1	13987	21	2251	16.0935	0.21041	28.8	11
CBDDTY010003236.1	1	13986	9	1595	11.4043	0.114043	30.8	29.6
CBDDTY010003237.1	1	13979	7	804	5.75148	0.0609486	29.6	22.4
CBDDTY010003238.1	1	13970	6	730	5.22548	0.0607015	26.2	13.8
CBDDTY010003239.1	1	13967	18	2210	15.823	0.24429	32.2	1.61
CBDDTY010003240.1	1	13962	17	1928	13.8089	0.207349	30.2	26.9
CBDDTY010003241.1	1	13931	10	1409	10.1141	0.117077	32.1	15.9
CBDDTY010003242.1	1	13930	8	1200	8.6145	0.0878679	31.7	9.25
CBDDTY010003243.1	1	13924	2	143	1.027	0.0132864	29	0.5
CBDDTY010003244.1	1	13913	7	927	6.66283	0.0722346	30.1	16
CBDDTY010003245.1	1	13897	9	1193	8.58459	0.10254	29.4	11.6
CBDDTY010003246.1	1	13896	7	1305	9.39119	0.0965026	30.1	56.1
CBDDTY010003247.1	1	13861	22	2473	17.8414	0.231946	30	6.18
CBDDTY010003248.1	1	13842	4	734	5.3027	0.053027	30.3	38
CBDDTY010003249.1	1	13836	4	679	4.90749	0.0490749	29.5	43
CBDDTY010003250.1	1	13828	2	345	2.49494	0.0249494	24.3	1.5
CBDDTY010003251.1	1	13817	3	687	4.97214	0.0497214	28.4	60
CBDDTY010003252.1	1	13814	7	1091	7.89778	0.0909223	25.4	12.7
CBDDTY010003253.1	1	13795	8	1345	9.74991	0.0974991	30.7	42.4
CBDDTY010003254.1	1	13791	15	1725	12.5082	0.164165	30.4	33.5
CBDDTY010003255.1	1	13781	5	933	6.77019	0.0677019	30.1	12
CBDDTY010003256.1	1	13755	7	921	6.69575	0.0726281	29.2	0.571
CBDDTY010003257.1	1	13741	3	462	3.3622	0.033622	32.8	0.667
CBDDTY010003258.1	1	13738	2	403	2.93347	0.0293347	28.2	0
CBDDTY010003259.1	1	13738	10	1014	7.38099	0.124108	27.4	7.5
CBDDTY010003260.1	1	13703	12	1905	13.9021	0.162008	27.5	30.3
CBDDTY010003261.1	1	13683	11	882	6.44595	0.125996	32.2	3.27
CBDDTY010003262.1	1	13672	4	643	4.70304	0.0470304	29.4	15.5
CBDDTY010003263.1	1	13665	13	1639	11.9941	0.149872	29.5	16.3
CBDDTY010003264.1	1	13641	17	1905	13.9653	0.184664	32.1	20.2
CBDDTY010003265.1	1	13631	4	498	3.65344	0.0365344	29.3	28.2
CBDDTY010003266.1	1	13622	25	3200	23.4914	0.29122	28.2	3.44
CBDDTY010003267.1	1	13600	6	555	4.08088	0.0427941	30.7	0.167
CBDDTY010003268.1	1	13597	6	734	5.39825	0.0539825	28	24
CBDDTY010003269.1	1	13596	6	947	6.96528	0.0808326	31.6	25.7
CBDDTY010003270.1	1	13587	8	884	6.50622	0.0674174	28.9	1.88
CBDDTY010003271.1	1	13574	24	1585	11.6767	0.313614	30.3	9.46
CBDDTY010003272.1	1	13569	8	1033	7.61294	0.0851205	31.4	35.4
CBDDTY010003273.1	1	13555	7	912	6.72814	0.0889709	32.2	6.71
CBDDTY010003274.1	1	13533	8	1257	9.28841	0.100569	29	15.5
CBDDTY010003275.1	1	13524	20	2626	19.4173	0.226782	29.2	11.9
CBDDTY010003276.1	1	13513	9	1802	13.3353	0.136757	26.9	18.7
CBDDTY010003277.1	1	13511	16	2035	15.0618	0.169047	31.3	12
CBDDTY010003278.1	1	13507	1	221	1.63619	0.0163619	26.9	0
CBDDTY010003279.1	1	13494	5	612	4.53535	0.0453535	29.6	0.6
CBDDTY010003280.1	1	13492	7	959	7.10792	0.0784168	32	25.3
CBDDTY010003281.1	1	13479	5	768	5.69775	0.0675124	30.2	7
CBDDTY010003282.1	1	13457	8	1138	8.45657	0.100691	29.7	8.12
CBDDTY010003283.1	1	13448	4	425	3.16032	0.0381469	28.9	4.25
CBDDTY010003284.1	1	13439	3	314	2.33648	0.0233648	34.6	23
CBDDTY010003285.1	1	13418	7	817	6.08884	0.0698316	27.2	9.57
CBDDTY010003286.1	1	13417	5	836	6.2309	0.062309	31.7	8.2
CBDDTY010003287.1	1	13416	17	2134	15.9064	0.203339	29.1	33.7
CBDDTY010003288.1	1	13414	7	963	7.17907	0.0743999	37	16.3
CBDDTY010003289.1	1	13408	5	917	6.8392	0.068392	27.7	43.6
CBDDTY010003290.1	1	13376	6	798	5.96591	0.0596591	29.6	41.2
CBDDTY010003291.1	1	13362	6	1152	8.62146	0.0862146	29.9	3.83
CBDDTY010003292.1	1	13360	9	1192	8.92216	0.0892216	31.2	24.4
CBDDTY010003293.1	1	13360	5	940	7.03593	0.0703593	31.3	34.4
CBDDTY010003294.1	1	13357	2	246	1.84173	0.0184173	26.2	1
CBDDTY010003295.1	1	13354	5	715	5.3542	0.0577355	29.5	24.4
CBDDTY010003296.1	1	13320	3	490	3.67868	0.0367868	32.6	27.3
CBDDTY010003297.1	1	13310	8	1147	8.61758	0.0981217	30.4	25.4
CBDDTY010003298.1	1	13304	4	522	3.92363	0.0392363	26.9	0.5
CBDDTY010003299.1	1	13302	79	3644	27.3944	0.966246	27.9	1
CBDDTY010003300.1	1	13293	5	754	5.67216	0.0598059	28.7	21.6
CBDDTY010003301.1	1	13273	21	2805	21.1331	0.261734	29.1	14.7
CBDDTY010003302.1	1	13271	8	1108	8.34903	0.0916284	27.7	37.4
CBDDTY010003303.1	1	13257	32	3462	26.1145	0.381157	28.9	6.91
CBDDTY010003304.1	1	13210	24	2958	22.3921	0.28645	30.5	7.17
CBDDTY010003305.1	1	13207	6	939	7.10987	0.0757931	31.2	15.8
CBDDTY010003306.1	1	13199	6	968	7.33389	0.080991	27.9	19.2
CBDDTY010003307.1	1	13153	12	1983	15.0764	0.174561	28.7	38.2
CBDDTY010003308.1	1	13143	9	1609	12.2423	0.133683	31.8	28.3
CBDDTY010003309.1	1	13133	9	1321	10.0586	0.114597	28	18.4
CBDDTY010003310.1	1	13100	2	469	3.58015	0.0358015	29.5	15.5
CBDDTY010003311.1	1	13099	4	547	4.17589	0.0417589	28.6	0.25
CBDDTY010003312.1	1	13057	16	2308	17.6763	0.232289	28.2	14.9
CBDDTY010003313.1	1	13038	27	3317	25.441	0.344915	28.5	25.7
CBDDTY010003314.1	1	13028	11	1912	14.6761	0.166181	29.3	20.4
CBDDTY010003315.1	1	13010	5	638	4.90392	0.0490392	28.3	2.8
CBDDTY010003316.1	1	13000	14	1529	11.7615	0.163462	29.5	1.71
CBDDTY010003317.1	1	13000	1	145	1.11538	0.0111538	29.9	0
CBDDTY010003318.1	1	13000	10	1268	9.75385	0.152231	33.5	17.5
CBDDTY010003319.1	1	13000	14	922	7.09231	0.202769	31.2	20.4
CBDDTY010003320.1	1	13000	7	1195	9.19231	0.0919231	33.2	26.7
CBDDTY010003321.1	1	13000	4	720	5.53846	0.0553846	28.8	39.5
CBDDTY010003322.1	1	13000	8	884	6.8	0.082	30.5	0.625
CBDDTY010003323.1	1	13000	6	1066	8.2	0.082	31.4	33.3
CBDDTY010003324.1	1	13000	4	418	3.21538	0.0321538	32.2	16.8
CBDDTY010003325.1	1	13000	4	359	2.76154	0.0399231	27.9	5
CBDDTY010003326.1	1	13000	5	578	4.44615	0.0444615	31.4	11.4
CBDDTY010003327.1	1	13000	7	1067	8.20769	0.0966154	31.3	20.1
CBDDTY010003328.1	1	13000	11	1857	14.2846	0.157769	27.4	2.45
CBDDTY010003330.1	1	13000	18	2920	22.4615	0.290538	27.9	8.89
CBDDTY010003331.1	1	13000	1	162	1.24615	0.0124615	27.1	1
CBDDTY010003332.1	1	13000	5	504	3.87692	0.0476923	33.4	21.2
CBDDTY010003333.1	1	13000	3	472	3.63077	0.0363077	26.6	21
CBDDTY010003334.1	1	13000	1	71	0.546154	0.00546154	31.6	9
CBDDTY010003335.1	1	13000	6	685	5.26923	0.0568462	30.6	5.33
CBDDTY010003336.1	1	13000	9	1058	8.13846	0.0968462	29.4	17.7
CBDDTY010003337.1	1	13000	7	1024	7.87692	0.084	33.3	2.57
CBDDTY010003338.1	1	13000	4	556	4.27692	0.0427692	30.7	11.5
CBDDTY010003339.1	1	13000	10	970	7.46154	0.106	31.2	0.2
CBDDTY010003340.1	1	13000	15	2274	17.4923	0.199077	29.8	39
CBDDTY010003341.1	1	13000	6	1003	7.71538	0.0771538	32.3	38.2
CBDDTY010003342.1	1	13000	2	217	1.66923	0.0166923	31.2	11
CBDDTY010003343.1	1	13000	48	4492	34.5538	0.669615	29	13.2
CBDDTY010003344.1	1	13000	10	1187	9.13077	0.0999231	33.3	30.6
CBDDTY010003345.1	1	13000	5	583	4.48462	0.0448462	29.2	0
CBDDTY010003346.1	1	13000	4	614	4.72308	0.0472308	30.7	18.5
CBDDTY010003347.1	1	13000	5	914	7.03077	0.0703077	29.8	19.8
CBDDTY010003348.1	1	13000	1	113	0.869231	0.00869231	31.6	19
CBDDTY010003349.1	1	13000	7	1048	8.06154	0.107923	26.9	42.4
CBDDTY010003350.1	1	13000	1	110	0.846154	0.00846154	38.6	0
CBDDTY010003351.1	1	13000	7	1163	8.94615	0.0894615	30.3	21
CBDDTY010003352.1	1	13000	9	1283	9.86923	0.100154	33.8	6.22
CBDDTY010003353.1	1	12996	8	1222	9.40289	0.103186	33	32.2
CBDDTY010003354.1	1	12987	7	867	6.67591	0.0815431	26.8	29.3
CBDDTY010003355.1	1	12927	10	1280	9.90176	0.104974	32.7	19.8
CBDDTY010003356.1	1	12912	8	1207	9.34789	0.0947955	34.6	35.8
CBDDTY010003357.1	1	12876	6	808	6.27524	0.0716838	27.7	8.5
CBDDTY010003358.1	1	12869	7	1280	9.94638	0.0994638	30.1	30.1
CBDDTY010003359.1	1	12850	2	530	4.12451	0.0412451	25.3	38.5
CBDDTY010003360.1	1	12846	16	2018	15.7092	0.185661	28.1	2
CBDDTY010003361.1	1	12845	13	2300	17.9058	0.193694	32.6	41.8
CBDDTY010003362.1	1	12831	3	586	4.56706	0.0456706	27.9	20.3
CBDDTY010003363.1	1	12826	11	1320	10.2916	0.139482	31.1	25.2
CBDDTY010003364.1	1	12808	6	971	7.5812	0.080965	30.3	1.33
CBDDTY010003365.1	1	12798	2	361	2.82075	0.0282075	37.8	20.5
CBDDTY010003366.1	1	12741	5	1037	8.13908	0.0813908	29.6	25.2
CBDDTY010003367.1	1	12675	44	4228	33.357	0.571834	29.4	21.7
CBDDTY010003368.1	1	12660	2	231	1.82464	0.0182464	35.5	6
CBDDTY010003369.1	1	12650	6	746	5.89723	0.0649802	29	17.5
CBDDTY010003370.1	1	12644	22	2562	20.2626	0.293183	28.3	25.1
CBDDTY010003371.1	1	12631	8	886	7.01449	0.0923126	31.5	4.12
CBDDTY010003372.1	1	12581	7	1139	9.05333	0.0969716	26.8	3.86
CBDDTY010003373.1	1	12555	15	2041	16.2565	0.173716	28.8	18.5
CBDDTY010003374.1	1	12554	9	1383	11.0164	0.12729	27.8	18.1
CBDDTY010003375.1	1	12550	8	1025	8.16733	0.0902789	28.1	15.5
CBDDTY010003376.1	1	12522	26	3823	30.5303	0.359208	28	18.5
CBDDTY010003377.1	1	12522	8	1677	13.3924	0.1364	28.4	26.8
CBDDTY010003378.1	1	12449	14	1609	12.9247	0.156318	31.1	21.6
CBDDTY010003379.1	1	12445	11	1751	14.0699	0.147288	28.1	25.3
CBDDTY010003380.1	1	12437	6	805	6.47262	0.0701134	29.5	20.7
CBDDTY010003381.1	1	12423	5	801	6.44772	0.0644772	29.7	47.8
CBDDTY010003382.1	1	12404	17	2461	19.8404	0.24484	29.4	26.7
CBDDTY010003383.1	1	12356	14	2119	17.1496	0.172305	29.7	29.6
CBDDTY010003384.1	1	12254	11	1577	12.8693	0.155623	28.4	21.7
CBDDTY010003385.1	1	12235	5	689	5.63139	0.0918676	32.5	50
CBDDTY010003386.1	1	12228	5	599	4.89859	0.065669	32.1	23.2
CBDDTY010003387.1	1	12221	1	184	1.50561	0.0150561	38.6	57
CBDDTY010003388.1	1	12216	4	443	3.62639	0.0362639	30.6	15.2
CBDDTY010003389.1	1	12192	2	263	2.15715	0.0215715	27.2	38
CBDDTY010003390.1	1	12181	6	751	6.16534	0.0616534	31.2	40.3
CBDDTY010003391.1	1	12163	18	3256	26.7697	0.28077	30.4	44.3
CBDDTY010003392.1	1	12160	3	354	2.91118	0.0291118	32.9	12
CBDDTY010003393.1	1	12114	11	1368	11.2927	0.120522	29.6	7.09
CBDDTY010003394.1	1	12084	5	491	4.06322	0.0406322	33.4	8.2
CBDDTY010003395.1	1	12077	11	1459	12.0808	0.146725	29.4	6.55
CBDDTY010003396.1	1	12074	21	2601	21.5422	0.257164	28	26.9
CBDDTY010003397.1	1	12049	4	575	4.77218	0.0477218	31.1	24.5
CBDDTY010003398.1	1	12021	5	920	7.65327	0.0886781	29.6	49.2
CBDDTY010003399.1	1	12011	4	706	5.87795	0.0695196	28.8	5.5
CBDDTY010003400.1	1	12000	13	1846	15.3833	0.19075	30	13.2
CBDDTY010003401.1	1	12000	3	417	3.475	0.03475	32.6	16.7
CBDDTY010003402.1	1	12000	14	1691	14.0917	0.159083	32.9	18.6
CBDDTY010003403.1	1	12000	6	1123	9.35833	0.0935833	33.6	2
CBDDTY010003404.1	1	12000	13	1569	13.075	0.158083	30.8	34.8
CBDDTY010003405.1	1	12000	7	776	6.46667	0.0825833	32.4	10.3
CBDDTY010003406.1	1	12000	3	468	3.9	0.039	22.7	0
CBDDTY010003407.1	1	12000	13	1692	14.1	0.170833	31.1	33.8
CBDDTY010003408.1	1	12000	1	105	0.875	0.00875	42	13
CBDDTY010003409.1	1	12000	4	553	4.60833	0.0460833	30.6	13.2
CBDDTY010003410.1	1	12000	2	354	2.95	0.0295	29.9	6
CBDDTY010003411.1	1	12000	3	422	3.51667	0.0351667	27.9	9.67
CBDDTY010003412.1	1	12000	9	1244	10.3667	0.106	31.5	12.2
CBDDTY010003413.1	1	12000	4	669	5.575	0.05575	30.1	18
CBDDTY010003414.1	1	12000	4	793	6.60833	0.0823333	29.2	1
CBDDTY010003415.1	1	12000	7	814	6.78333	0.08375	31.5	10.4
CBDDTY010003416.1	1	12000	1	89	0.741667	0.00741667	31.1	0
CBDDTY010003417.1	1	12000	7	1258	10.4833	0.119083	24.4	0
CBDDTY010003418.1	1	12000	2	246	2.05	0.0205	27.3	14
CBDDTY010003419.1	1	12000	23	2531	21.0917	0.32675	29.5	3
CBDDTY010003420.1	1	12000	8	1347	11.225	0.120083	25.6	16.9
CBDDTY010003421.1	1	12000	1	76	0.633333	0.00633333	25.2	11
CBDDTY010003422.1	1	12000	6	810	6.75	0.0675	35.9	3
CBDDTY010003423.1	1	12000	15	1500	12.5	0.194	30.4	21.7
CBDDTY010003424.1	1	12000	4	448	3.73333	0.0528333	25.4	24.2
CBDDTY010003425.1	1	12000	6	763	6.35833	0.0635833	30.3	26.7
CBDDTY010003426.1	1	12000	10	1185	9.875	0.13925	29.4	17.3
CBDDTY010003427.1	1	11972	5	641	5.35416	0.0627297	32.4	26.8
CBDDTY010003428.1	1	11969	4	450	3.75971	0.0375971	36	21
CBDDTY010003429.1	1	11949	11	1374	11.4989	0.135158	31.4	20.5
CBDDTY010003430.1	1	11948	4	647	5.41513	0.0541513	29.2	5.25
CBDDTY010003431.1	1	11920	12	1280	10.7383	0.165856	29.6	13.5
CBDDTY010003432.1	1	11908	7	1062	8.91837	0.0891837	26.3	27.9
CBDDTY010003433.1	1	11906	56	4029	33.8401	0.788762	30.2	15.8
CBDDTY010003434.1	1	11850	8	1236	10.4304	0.120084	32.7	49.6
CBDDTY010003436.1	1	11819	27	2581	21.8377	0.341907	31.1	11.3
CBDDTY010003437.1	1	11812	4	414	3.50491	0.0350491	30	0.25
CBDDTY010003438.1	1	11777	6	681	5.78246	0.0687781	26.5	4.17
CBDDTY010003439.1	1	11758	5	727	6.18302	0.0661677	26.5	19.2
CBDDTY010003440.1	1	11712	7	1347	11.501	0.11501	26.3	43
CBDDTY010003441.1	1	11691	5	575	4.91831	0.0491831	34.1	11
CBDDTY010003442.1	1	11671	6	762	6.529	0.0673464	29.1	25
CBDDTY010003443.1	1	11620	2	245	2.10843	0.0210843	31.9	13.5
CBDDTY010003444.1	1	11610	8	997	8.58742	0.0985357	31.4	41.6
CBDDTY010003445.1	1	11603	15	1886	16.2544	0.191244	30.9	6.47
CBDDTY010003446.1	1	11576	1	113	0.976158	0.00976158	21.6	12
CBDDTY010003447.1	1	11553	6	973	8.42205	0.0938284	26.7	24.8
CBDDTY010003448.1	1	11552	5	874	7.56579	0.121364	24.5	8.2
CBDDTY010003449.1	1	11502	8	962	8.36376	0.0900713	29.7	24.2
CBDDTY010003450.1	1	11471	5	498	4.34138	0.0606747	28.5	26.4
CBDDTY010003452.1	1	11332	7	1098	9.68938	0.109601	26.4	9.29
CBDDTY010003453.1	1	11309	2	258	2.28137	0.0228137	30.3	0.5
CBDDTY010003454.1	1	11270	5	912	8.09228	0.0809228	32.1	25
CBDDTY010003455.1	1	11221	10	1312	11.6924	0.127618	30.3	41.4
CBDDTY010003456.1	1	11168	18	2079	18.6157	0.225645	30.7	16.6
CBDDTY010003457.1	1	11122	9	1362	12.246	0.12246	31.7	22
CBDDTY010003458.1	1	11099	3	334	3.00928	0.0300928	34.7	10
CBDDTY010003459.1	1	11000	14	2152	19.5636	0.229727	31.5	32.1
CBDDTY010003460.1	1	11000	14	2081	18.9182	0.245273	30	15
CBDDTY010003461.1	1	11000	16	2022	18.3818	0.233909	29.1	22.8
CBDDTY010003462.1	1	11000	3	624	5.67273	0.0567273	28.5	34.7
CBDDTY010003464.1	1	11000	1	106	0.963636	0.00963636	18.8	16
CBDDTY010003465.1	1	11000	19	2924	26.5818	0.312273	29.9	8.16
CBDDTY010003466.1	1	11000	10	979	8.9	0.107182	29	3.4
CBDDTY010003467.1	1	11000	3	316	2.87273	0.0410909	29.3	0
CBDDTY010003468.1	1	11000	1	194	1.76364	0.0176364	38.5	60
CBDDTY010003469.1	1	11000	3	464	4.21818	0.05	32.5	20.7
CBDDTY010003470.1	1	11000	2	386	3.50909	0.0350909	31.1	0.5
CBDDTY010003471.1	1	11000	7	911	8.28182	0.0935455	28.3	14
CBDDTY010003472.1	1	11000	5	747	6.79091	0.0739091	30.3	12.2
CBDDTY010003474.1	1	11000	3	444	4.03636	0.0403636	31	24.3
CBDDTY010003475.1	1	11000	15	1767	16.0636	0.196182	28.4	0.8
CBDDTY010003476.1	1	11000	31	2061	18.7364	0.445636	27.1	18.7
CBDDTY010003477.1	1	11000	6	1203	10.9364	0.109364	30.4	33.2
CBDDTY010003478.1	1	11000	4	803	7.3	0.073	35	32.2
CBDDTY010003479.1	1	11000	7	885	8.04545	0.0991818	32.2	0.429
CBDDTY010003480.1	1	11000	11	1468	13.3455	0.154182	32.3	14.7
CBDDTY010003481.1	1	11000	6	779	7.08182	0.0809091	31.6	20.3
CBDDTY010003482.1	1	11000	7	894	8.12727	0.0849091	33.2	11
CBDDTY010003483.1	1	11000	1	133	1.20909	0.0120909	35.7	30
CBDDTY010003485.1	1	11000	1	157	1.42727	0.0142727	29.5	0
CBDDTY010003486.1	1	10894	1	79	0.72517	0.0072517	21.7	1
CBDDTY010003488.1	1	10877	6	873	8.02611	0.0900984	31.3	30.8
CBDDTY010003489.1	1	10760	6	776	7.2119	0.0825279	30.6	41.5
CBDDTY010003490.1	1	10741	7	888	8.26739	0.0940322	29.1	32.4
CBDDTY010003491.1	1	10657	8	1209	11.3447	0.115136	31.9	17.1
CBDDTY010003492.1	1	10327	9	1083	10.4871	0.111359	28.7	10.1
CBDDTY010003493.1	1	10000	3	343	3.43	0.0616	35.4	8
CBDDTY010003494.1	1	10000	4	604	6.04	0.0604	31.3	28
CBDDTY010003495.1	1	10000	4	689	6.89	0.0689	34.8	30.8
CBDDTY010003496.1	1	10000	6	613	6.13	0.078	29.7	28.5
CBDDTY010003497.1	1	10000	7	1168	11.68	0.1168	30.8	43.3
CBDDTY010003498.1	1	10000	6	976	9.76	0.1094	26.7	43
CBDDTY010003499.1	1	10000	5	643	6.43	0.0643	26.3	13.8
CBDDTY010003500.1	1	10000	8	1123	11.23	0.1245	28.3	27.9
CBDDTY010003501.1	1	10000	1	279	2.79	0.0279	31.3	60
CBDDTY010003502.1	1	10000	6	1017	10.17	0.1017	27.6	32.7
CBDDTY010003504.1	1	9000	10	1340	14.8889	0.155667	28.8	14.1
CBDDTY010003505.1	1	9000	7	933	10.3667	0.126667	29.6	4.29
CBDDTY010003506.1	1	9000	5	653	7.25556	0.0837778	27.4	33.4
CBDDTY010003507.1	1	9000	3	253	2.81111	0.0281111	26.7	0.333
CBDDTY010003508.1	1	9000	8	1118	12.4222	0.134111	28.9	18.8
CBDDTY010003509.1	1	9000	6	683	7.58889	0.0924444	30.6	28.2
CBDDTY010003511.1	1	9000	2	333	3.7	0.037	23.3	1
CBDDTY010003512.1	1	9000	25	1559	17.3222	0.438667	30.1	31.1
CBDDTY010003514.1	1	9000	3	627	6.96667	0.0696667	27.9	22
CBDDTY010003515.1	1	9000	7	627	6.96667	0.0906667	31.9	30.9
CBDDTY010003516.1	1	9000	1	277	3.07778	0.0307778	24.5	1
CBDDTY010003517.1	1	9000	1	351	3.9	0.039	38.2	60
CBDDTY010003518.1	1	9000	5	814	9.04444	0.0904444	34.4	31.8
CBDDTY010003519.1	1	9000	5	661	7.34444	0.0734444	30.8	0.4
CBDDTY010003520.1	1	9000	13	2058	22.8667	0.248778	30.2	10.6
CBDDTY010003521.1	1	9000	6	678	7.53333	0.0753333	29.2	27.3
CBDDTY010003522.1	1	9000	1	118	1.31111	0.0131111	23.8	36
CBDDTY010003523.1	1	9000	8	1064	11.8222	0.165556	29.4	23
CBDDTY010003524.1	1	9000	6	854	9.48889	0.0948889	28.5	17
CBDDTY010003525.1	1	9000	3	469	5.21111	0.0521111	29.7	5
CBDDTY010003526.1	1	9000	6	716	7.95556	0.0795556	31.7	14.3
CBDDTY010003527.1	1	9000	12	1586	17.6222	0.212333	27.5	24.7
CBDDTY010003528.1	1	9000	4	397	4.41111	0.0565556	29.4	2.75
CBDDTY010003529.1	1	9000	4	734	8.15556	0.0815556	29.5	35
CBDDTY010003530.1	1	9000	12	1713	19.0333	0.272778	28.7	35.3
CBDDTY010003531.1	1	8000	6	822	10.275	0.115375	28.7	30.8
CBDDTY010003532.1	1	8000	7	1232	15.4	0.154125	30.9	31.9
CBDDTY010003533.1	1	8000	4	337	4.2125	0.07175	27.7	1
CBDDTY010003534.1	1	8000	4	587	7.3375	0.074	30.3	7.75
CBDDTY010003536.1	1	8000	12	1626	20.325	0.24225	29.9	31.3
CBDDTY010003537.1	1	8000	4	732	9.15	0.0915	21.8	18.5
CBDDTY010003538.1	1	8000	4	771	9.6375	0.096375	27.8	0.5
CBDDTY010003539.1	1	8000	2	251	3.1375	0.031375	29.6	1
CBDDTY010003540.1	1	8000	3	813	10.1625	0.101625	31.5	56.3
CBDDTY010003541.1	1	8000	2	296	3.7	0.037	31.3	6
CBDDTY010003542.1	1	8000	7	920	11.5	0.140375	32.2	23.6
CBDDTY010003543.1	1	8000	12	1889	23.6125	0.246625	30.1	31.6
CBDDTY010003544.1	1	8000	6	841	10.5125	0.105125	28	4.33
CBDDTY010003546.1	1	8000	5	754	9.425	0.107125	34.2	36.2
CBDDTY010003547.1	1	8000	7	911	11.3875	0.140875	31.6	27
CBDDTY010003549.1	1	8000	21	2568	32.1	0.4385	27.5	25.2
CBDDTY010003550.1	1	8000	5	642	8.025	0.084625	33.1	7.8
CBDDTY010003551.1	1	8000	12	1430	17.875	0.2565	28.8	6.67
CBDDTY010003552.1	1	8000	9	949	11.8625	0.157375	30.3	13.1
CBDDTY010003553.1	1	8000	3	665	8.3125	0.083125	28.8	23.7
CBDDTY010003554.1	1	8000	8	977	12.2125	0.16025	28.5	33.1
CBDDTY010003555.1	1	8000	12	1618	20.225	0.549625	25.3	19.3
CBDDTY010003556.1	1	8000	10	1133	14.1625	0.186	31.3	10.3
CBDDTY010003557.1	1	8000	8	1006	12.575	0.12575	28.9	0
CBDDTY010003558.1	1	8000	3	273	3.4125	0.034125	29.3	0.333
CBDDTY010003559.1	1	8000	2	353	4.4125	0.044125	32.2	30
CBDDTY010003560.1	1	8000	6	758	9.475	0.112875	27.6	32
CBDDTY010003561.1	1	8000	6	893	11.1625	0.13075	27.3	7.5
CBDDTY010003562.1	1	8000	2	471	5.8875	0.058875	29.9	47
CBDDTY010003563.1	1	7000	9	1024	14.6286	0.182286	25.9	2.78
CBDDTY010003564.1	1	7000	4	281	4.01429	0.071	25.6	0.75
CBDDTY010003565.1	1	7000	8	935	13.3571	0.158143	32.1	25.2
CBDDTY010003566.1	1	7000	6	849	12.1286	0.136429	28.1	14.2
CBDDTY010003567.1	1	7000	6	874	12.4857	0.124857	31.1	27
CBDDTY010003568.1	1	7000	5	719	10.2714	0.112714	28.6	26.6
CBDDTY010003569.1	1	7000	7	1249	17.8429	0.180429	30.6	51.4
CBDDTY010003570.1	1	7000	3	430	6.14286	0.0614286	26.2	4.67
CBDDTY010003572.1	1	7000	2	256	3.65714	0.0365714	25.6	24.5
CBDDTY010003573.1	1	7000	9	1257	17.9571	0.256	32.3	14.3
CBDDTY010003574.1	1	7000	5	821	11.7286	0.129571	31.1	48.2
CBDDTY010003576.1	1	7000	8	995	14.2143	0.151286	29.8	12
CBDDTY010003577.1	1	7000	3	328	4.68571	0.0468571	37.4	32
CBDDTY010003578.1	1	7000	2	295	4.21429	0.0421429	26.1	10.5
CBDDTY010003579.1	1	7000	2	327	4.67143	0.0467143	24.6	0.5
CBDDTY010003580.1	1	7000	4	600	8.57143	0.0857143	32.8	36
CBDDTY010003581.1	1	7000	9	960	13.7143	0.187143	29.7	3.44
CBDDTY010003583.1	1	7000	1	127	1.81429	0.0181429	31.2	8
CBDDTY010003584.1	1	7000	6	840	12	0.153	31.6	26.2
CBDDTY010003585.1	1	7000	5	644	9.2	0.117429	29.8	8.2
CBDDTY010003586.1	1	7000	22	2079	29.7	0.474857	30.2	0.227
CBDDTY010003587.1	1	7000	3	448	6.4	0.064	31.1	35.7
CBDDTY010003588.1	1	7000	18	2314	33.0571	0.399429	28.7	18.6
CBDDTY010003589.1	1	7000	7	799	11.4143	0.139571	31.2	18
CBDDTY010003591.1	1	7000	2	320	4.57143	0.0457143	33.6	36
CBDDTY010003592.1	1	7000	3	381	5.44286	0.0544286	29.4	4.33
CBDDTY010003593.1	1	7000	2	228	3.25714	0.0325714	31.1	15
CBDDTY010003594.1	1	7000	1	130	1.85714	0.0185714	19.2	0
CBDDTY010003595.1	1	7000	4	489	6.98571	0.0698571	31.8	8.5
CBDDTY010003596.1	1	7000	5	777	11.1	0.111	29.5	3
CBDDTY010003597.1	1	7000	9	998	14.2571	0.218143	29.4	1
CBDDTY010003598.1	1	7000	2	522	7.45714	0.0745714	35.1	1
CBDDTY010003599.1	1	7000	2	328	4.68571	0.0468571	25.9	5
CBDDTY010003600.1	1	7000	5	515	7.35714	0.0864286	31.5	24.6
CBDDTY010003601.1	1	7000	1	236	3.37143	0.0337143	34.9	60
CBDDTY010003603.1	1	6000	14	987	16.45	0.346833	32.6	10.4
CBDDTY010003604.1	1	6000	1	139	2.31667	0.0231667	25.2	14
CBDDTY010003605.1	1	6000	4	457	7.61667	0.0761667	28.2	29.2
CBDDTY010003606.1	1	6000	4	728	12.1333	0.121333	29.4	33.2
CBDDTY010003608.1	1	6000	1	157	2.61667	0.0261667	42.8	1
CBDDTY010003610.1	1	6000	1	91	1.51667	0.0151667	33	0
CBDDTY010003611.1	1	6000	2	342	5.7	0.057	28.6	7.5
CBDDTY010003612.1	1	6000	1	200	3.33333	0.0333333	29.6	54
CBDDTY010003613.1	1	6000	3	400	6.66667	0.0666667	30.6	7.67
CBDDTY010003614.1	1	6000	1	153	2.55	0.0255	33.7	60
CBDDTY010003615.1	1	6000	1	121	2.01667	0.0201667	28.7	41
CBDDTY010003616.1	1	6000	5	525	8.75	0.110333	24.8	6.4
CBDDTY010003617.1	1	6000	1	186	3.1	0.031	34.5	1
CBDDTY010003618.1	1	6000	14	1597	26.6167	0.294	30.8	41.5
CBDDTY010003619.1	1	6000	4	738	12.3	0.128333	29.6	44
CBDDTY010003621.1	1	6000	5	660	11	0.150667	21.5	7.8
CBDDTY010003622.1	1	6000	1	103	1.71667	0.0171667	21.7	8
CBDDTY010003625.1	1	6000	4	420	7	0.07	32.2	15.5
CBDDTY010003626.1	1	6000	4	492	8.2	0.082	27.5	17.2
CBDDTY010003627.1	1	6000	3	503	8.38333	0.0838333	35.1	34.7
CBDDTY010003628.1	1	6000	3	453	7.55	0.108	26.9	33.3
CBDDTY010003629.1	1	6000	2	376	6.26667	0.0626667	30.5	35.5
CBDDTY010003630.1	1	6000	2	241	4.01667	0.0401667	22.7	25
CBDDTY010003631.1	1	6000	2	453	7.55	0.0755	28.5	1.5
CBDDTY010003632.1	1	6000	2	361	6.01667	0.0601667	29.4	30.5
CBDDTY010003634.1	1	6000	4	676	11.2667	0.112667	29.2	48.8
CBDDTY010003635.1	1	6000	2	352	5.86667	0.0586667	28.8	50.5
CBDDTY010003637.1	1	6000	2	282	4.7	0.047	31.3	4.5
CBDDTY010003638.1	1	6000	8	595	9.91667	0.19	28.2	6.12
CBDDTY010003639.1	1	6000	1	134	2.23333	0.0223333	30.7	1
CBDDTY010003640.1	1	6000	6	682	11.3667	0.137333	30.6	42.2
CBDDTY010003641.1	1	6000	1	148	2.46667	0.0246667	33	0
CBDDTY010003643.1	1	6000	7	1099	18.3167	0.210167	29.6	0.571
CBDDTY010003645.1	1	6000	6	687	11.45	0.152667	28.7	19
CBDDTY010003646.1	1	6000	4	296	4.93333	0.150167	32.8	1
CBDDTY010003647.1	1	6000	4	365	6.08333	0.0813333	33.7	3.75
CBDDTY010003650.1	1	6000	9	1124	18.7333	0.235167	30.2	28.9
CBDDTY010003651.1	1	6000	4	695	11.5833	0.115833	30.8	0
CBDDTY010003652.1	1	6000	12	1644	27.4	0.3305	28.6	35.8
CBDDTY010003653.1	1	6000	5	806	13.4333	0.163833	31.2	10.6
CBDDTY010003654.1	1	6000	1	50	0.833333	0.00833333	40.8	0
CBDDTY010003655.1	1	6000	1	185	3.08333	0.0308333	33	1
CBDDTY010003656.1	1	6000	7	1554	25.9	0.267333	31.5	42.1
CBDDTY010003657.1	1	6000	3	424	7.06667	0.0706667	26.1	12.7
CBDDTY010003658.1	1	6000	6	837	13.95	0.141667	32.1	40.3
CBDDTY010003659.1	1	5000	4	455	9.1	0.091	30.7	27.2
CBDDTY010003660.1	1	5000	4	549	10.98	0.1098	26.7	19.2
CBDDTY010003661.1	1	5000	2	195	3.9	0.039	35.2	28.5
CBDDTY010003663.1	1	5000	6	736	14.72	0.1546	27.7	20.2
CBDDTY010003664.1	1	5000	1	225	4.5	0.045	20.9	1
CBDDTY010003665.1	1	5000	2	315	6.3	0.063	33.7	13
CBDDTY010003666.1	1	5000	4	620	12.4	0.1358	31.7	15.8
CBDDTY010003669.1	1	5000	19	755	15.1	0.6242	30.7	1.11
CBDDTY010003670.1	1	5000	1	175	3.5	0.035	36.3	34
CBDDTY010003671.1	1	5000	3	514	10.28	0.1028	21.5	1
CBDDTY010003673.1	1	5000	6	1095	21.9	0.2346	28.8	45.5
CBDDTY010003674.1	1	5000	4	516	10.32	0.1196	31.1	12.2
CBDDTY010003675.1	1	5000	6	890	17.8	0.178	26.5	18.5
CBDDTY010003678.1	1	5000	2	318	6.36	0.0636	29.5	9
CBDDTY010003679.1	1	5000	5	576	11.52	0.139	29.4	7.4
CBDDTY010003680.1	1	5000	1	237	4.74	0.0474	37.2	1
CBDDTY010003681.1	1	5000	1	304	6.08	0.0608	27.7	60
CBDDTY010003682.1	1	5000	2	251	5.02	0.0662	29	3
CBDDTY010003683.1	1	5000	2	298	5.96	0.0596	31.4	31.5
CBDDTY010003684.1	1	5000	4	627	12.54	0.1398	34.1	8.5
CBDDTY010003685.1	1	5000	1	129	2.58	0.0258	32.6	1
CBDDTY010003686.1	1	5000	8	1133	22.66	0.2518	25.6	19
CBDDTY010003687.1	1	5000	2	266	5.32	0.0532	28.4	26
CBDDTY010003688.1	1	5000	3	344	6.88	0.0828	31.8	28
CBDDTY010003689.1	1	5000	1	136	2.72	0.0272	35.9	28
CBDDTY010003690.1	1	5000	2	300	6	0.06	35.2	27.5
CBDDTY010003691.1	1	5000	3	452	9.04	0.1132	28.5	2
CBDDTY010003692.1	1	5000	3	558	11.16	0.1184	26.2	46
CBDDTY010003693.1	1	5000	3	322	6.44	0.0644	31.8	9.67
CBDDTY010003694.1	1	5000	2	145	2.9	0.029	33.2	0.5
CBDDTY010003695.1	1	5000	6	769	15.38	0.2178	29.2	35.5
CBDDTY010003696.1	1	5000	3	487	9.74	0.0974	29.2	9
CBDDTY010003697.1	1	5000	1	119	2.38	0.0238	39.6	41
CBDDTY010003698.1	1	5000	4	612	12.24	0.1224	24.8	28.5
CBDDTY010003699.1	1	4200	1	106	2.52381	0.0252381	24.8	1
CBDDTY010003700.1	1	5000	2	493	9.86	0.0986	36.5	30
CBDDTY010003701.1	1	5000	2	187	3.74	0.0374	27	4
CBDDTY010003702.1	1	5000	1	284	5.68	0.0568	27.8	1
CBDDTY010003703.1	1	5000	2	511	10.22	0.1022	36.4	23.5
CBDDTY010003705.1	1	5000	1	118	2.36	0.0236	42	4
CBDDTY010003706.1	1	5000	3	421	8.42	0.0842	36.6	38
CBDDTY010003708.1	1	5000	1	82	1.64	0.0164	31.3	1
CBDDTY010003709.1	1	5000	4	378	7.56	0.0756	34.4	32.5
CBDDTY010003710.1	1	5000	10	849	16.98	0.256	30.3	18
CBDDTY010003713.1	1	5000	6	858	17.16	0.1716	31.1	30.5
CBDDTY010003714.1	1	5000	6	944	18.88	0.1974	23.7	11.3
CBDDTY010003715.1	1	5000	6	879	17.58	0.1832	29.4	2.33
CBDDTY010003717.1	1	5000	5	714	14.28	0.1428	28.2	24
CBDDTY010003718.1	1	5000	5	741	14.82	0.1482	28.9	19
CBDDTY010003720.1	1	5000	3	371	7.42	0.0928	30.7	20
CBDDTY010003721.1	1	5000	7	866	17.32	0.1732	30.3	29.3
CBDDTY010003723.1	1	5000	6	898	17.96	0.1796	29.5	36.2
CBDDTY010003725.1	1	5000	4	648	12.96	0.1296	32.4	19.8
CBDDTY010003727.1	1	5000	5	647	12.94	0.1432	26.2	33.2
CBDDTY010003728.1	1	5000	3	261	5.22	0.0628	31.2	7.33
CBDDTY010003730.1	1	5000	7	1000	20	0.247	31.3	27.4
CBDDTY010003731.1	1	5000	2	277	5.54	0.0554	32.9	16.5
CBDDTY010003732.1	1	5000	19	1044	20.88	0.628	30.3	4.26
CBDDTY010003733.1	1	5000	1	157	3.14	0.0314	33	15
CBDDTY010003735.1	1	5000	3	379	7.58	0.0936	27.6	16
CBDDTY010003738.1	1	4000	1	192	4.8	0.048	24.1	14
CBDDTY010003739.1	1	4000	3	497	12.425	0.18075	30.2	37
CBDDTY010003741.1	1	4000	2	189	4.725	0.0615	21.3	15
CBDDTY010003744.1	1	4000	1	61	1.525	0.01525	27.9	1
CBDDTY010003745.1	1	4000	1	75	1.875	0.01875	30	16
CBDDTY010003746.1	1	4000	17	2523	63.075	0.75375	30.8	21.5
CBDDTY010003747.1	1	4000	2	182	4.55	0.0625	30.5	0
CBDDTY010003748.1	1	4000	2	330	8.25	0.0825	34.2	1.5
CBDDTY010003749.1	1	4000	1	142	3.55	0.0355	22.1	1
CBDDTY010003750.1	1	4000	1	209	5.225	0.05225	25.5	32
CBDDTY010003751.1	1	4000	1	167	4.175	0.04175	30.3	0
CBDDTY010003752.1	1	4000	7	916	22.9	0.26875	28.5	4.29
CBDDTY010003753.1	1	4000	1	149	3.725	0.03725	33.8	30
CBDDTY010003754.1	1	4000	12	1142	28.55	0.49875	29.9	12.9
CBDDTY010003755.1	1	4000	26	1763	44.075	1.112	29.3	17.7
CBDDTY010003756.1	1	4000	3	524	13.1	0.131	34.6	0.667
CBDDTY010003759.1	1	4000	5	580	14.5	0.1715	26.2	0.4
CBDDTY010003762.1	1	4000	2	364	9.1	0.091	24.9	1.5
CBDDTY010003763.1	1	4000	1	180	4.5	0.045	25.6	39
CBDDTY010003764.1	1	4000	4	843	21.075	0.21075	28.3	0.75
CBDDTY010003765.1	1	4000	3	363	9.075	0.09075	30.1	25
CBDDTY010003766.1	1	4000	1	266	6.65	0.0665	30.8	1
CBDDTY010003767.1	1	4000	8	1174	29.35	0.3395	31	37.9
CBDDTY010003768.1	1	4000	1	138	3.45	0.0345	35.2	55
CBDDTY010003772.1	1	4000	4	497	12.425	0.12425	32.8	40.5
CBDDTY010003773.1	1	4000	2	392	9.8	0.098	31.7	36
CBDDTY010003774.1	1	4000	1	273	6.825	0.06825	27.7	38
CBDDTY010003775.1	1	4000	5	762	19.05	0.20175	29	7.2
CBDDTY010003776.1	1	4000	1	199	4.975	0.04975	28.6	60
CBDDTY010003777.1	1	4000	1	196	4.9	0.049	32.2	7
CBDDTY010003778.1	1	4000	3	323	8.075	0.1035	29.5	27.3
CBDDTY010003781.1	1	4000	7	472	11.8	0.28075	30.2	3.43
CBDDTY010003782.1	1	4000	2	245	6.125	0.06125	28.3	0.5
CBDDTY010003783.1	1	4000	4	525	13.125	0.13125	32.6	22.8
CBDDTY010003784.1	1	4000	4	318	7.95	0.1185	32.2	0
CBDDTY010003785.1	1	4000	6	891	22.275	0.253	28.7	28.5
CBDDTY010003786.1	1	4000	9	1538	38.45	0.397	30.2	48.4
CBDDTY010003787.1	1	4000	4	488	12.2	0.155	28.3	8.5
CBDDTY010003788.1	1	4000	2	367	9.175	0.09175	28.5	39.5
CBDDTY010003789.1	1	4000	2	363	9.075	0.09075	35	30.5
CBDDTY010003790.1	1	4000	2	503	12.575	0.12575	21.6	41
CBDDTY010003791.1	1	4000	4	585	14.625	0.164	32.4	9.5
CBDDTY010003792.1	1	4000	6	510	12.75	0.1505	31.4	1.5
CBDDTY010003793.1	1	4000	1	169	4.225	0.04225	29.8	28
CBDDTY010003794.1	1	4000	4	437	10.925	0.14175	28.3	22.5
CBDDTY010003795.1	1	4000	1	179	4.475	0.04475	20.4	60
CBDDTY010003796.1	1	4000	3	157	3.925	0.0505	32.4	2.67
CBDDTY010003797.1	1	4000	2	331	8.275	0.08275	30.8	60
CBDDTY010003798.1	1	4000	2	200	5	0.05	33.3	29
CBDDTY010003800.1	1	4000	14	1940	48.5	0.5875	27	20.4
CBDDTY010003801.1	1	4000	4	520	13	0.144	30.5	44.2
CBDDTY010003802.1	1	4000	2	399	9.975	0.09975	26.4	6.5
CBDDTY010003803.1	1	4000	1	176	4.4	0.044	19.7	29
CBDDTY010003804.1	1	4000	1	95	2.375	0.02375	38.6	53
CBDDTY010003805.1	1	4000	2	333	8.325	0.08325	26.5	30.5
CBDDTY010003807.1	1	4000	1	118	2.95	0.0295	32.6	1
CBDDTY010003810.1	1	4000	4	538	13.45	0.1525	31.5	58.5
CBDDTY010003813.1	1	4000	1	118	2.95	0.0295	29.9	60
CBDDTY010003814.1	1	4000	3	420	10.5	0.13425	31.5	40.3
CBDDTY010003815.1	1	4000	12	1390	34.75	0.599	29.1	28.2
CBDDTY010003816.1	1	4000	1	135	3.375	0.03375	14.2	18
CBDDTY010003817.1	1	4000	2	296	7.4	0.074	28.7	27
CBDDTY010003819.1	1	4000	3	581	14.525	0.17175	26	45.7
CBDDTY010003820.1	1	4000	2	239	5.975	0.05975	25.9	26.5
CBDDTY010003821.1	1	4000	1	82	2.05	0.0205	36.1	0
CBDDTY010003823.1	1	4000	2	176	4.4	0.044	35.7	28.5
CBDDTY010003824.1	1	4000	8	1012	25.3	0.297	29.4	39.8
CBDDTY010003826.1	1	4000	8	852	21.3	0.23	28	22.9
CBDDTY010003827.1	1	4000	2	323	8.075	0.08075	34.7	35
CBDDTY010003828.1	1	4000	2	408	10.2	0.102	28.9	30.5
CBDDTY010003829.1	1	4000	1	262	6.55	0.0655	25.8	20
CBDDTY010003830.1	1	4000	1	259	6.475	0.06475	30.2	1
CBDDTY010003832.1	1	4000	7	763	19.075	0.26475	26.6	0.286
CBDDTY010003833.1	1	4000	4	601	15.025	0.2125	29.2	31.8
CBDDTY010003834.1	1	4000	1	127	3.175	0.03175	26.4	1
CBDDTY010003835.1	1	4000	2	334	8.35	0.0835	35.8	3
CBDDTY010003836.1	1	4000	1	265	6.625	0.06625	25	1
CBDDTY010003837.1	1	4000	1	361	9.025	0.09025	27	43
CBDDTY010003838.1	1	4000	2	357	8.925	0.08925	26.8	3
CBDDTY010003839.1	1	4000	3	360	9	0.12625	31	42.7
CBDDTY010003840.1	1	4000	1	148	3.7	0.037	35.9	50
CBDDTY010003841.1	1	4000	8	914	22.85	0.2655	29.2	18.1
CBDDTY010003843.1	1	4000	7	1105	27.625	0.3035	33.5	24.1
CBDDTY010003844.1	1	4000	1	172	4.3	0.043	33	0
CBDDTY010003845.1	1	4000	10	1091	27.275	0.422	28	14.7
CBDDTY010003846.1	1	4000	16	1677	41.925	0.69675	29.3	4.25
CBDDTY010003849.1	1	4000	3	560	14	0.145	29.3	0.667
CBDDTY010003850.1	1	4000	2	308	7.7	0.077	26.2	13
CBDDTY010003851.1	1	4000	2	336	8.4	0.084	26.7	3
CBDDTY010003853.1	1	4000	4	551	13.775	0.13775	32	22.5
CBDDTY010003854.1	1	4000	5	485	12.125	0.16975	32.7	6
CBDDTY010003855.1	1	4000	2	393	9.825	0.09825	24.4	52
CBDDTY010003856.1	1	4000	2	316	7.9	0.079	26.5	26
CBDDTY010003857.1	1	4000	4	716	17.9	0.179	28.8	33.2
CBDDTY010003858.1	1	4000	5	771	19.275	0.19275	36.2	42.4
CBDDTY010003859.1	1	4000	1	75	1.875	0.01875	32.4	0
CBDDTY010003860.1	1	4000	3	390	9.75	0.0975	25	18.7
CBDDTY010003861.1	1	4000	5	670	16.75	0.1675	34.1	14.2
CBDDTY010003862.1	1	4000	1	82	2.05	0.0205	25.2	6
CBDDTY010003865.1	1	4000	5	1027	25.675	0.25675	26.8	34
CBDDTY010003866.1	1	4000	2	308	7.7	0.077	31.8	1
CBDDTY010003868.1	1	4000	6	661	16.525	0.2155	30.5	1.67
CBDDTY010003869.1	1	4000	2	287	7.175	0.07175	29.2	35
CBDDTY010003870.1	1	4000	1	78	1.95	0.0195	30.1	9
CBDDTY010003872.1	1	4000	11	739	18.475	0.43475	29.7	2
CBDDTY010003873.1	1	3000	1	107	3.56667	0.0356667	26.9	1
CBDDTY010003874.1	1	3000	4	657	21.9	0.236	31	33.8
CBDDTY010003876.1	1	3000	5	684	22.8	0.228	27.5	32.4
CBDDTY010003877.1	1	3000	3	498	16.6	0.166	35.2	22.3
CBDDTY010003878.1	1	3000	1	114	3.8	0.038	18.3	0
CBDDTY010003879.1	1	3000	1	293	9.76667	0.0976667	30.5	60
CBDDTY010003881.1	1	3000	4	681	22.7	0.234667	29.7	30.2
CBDDTY010003883.1	1	3000	3	502	16.7333	0.167333	30	40
CBDDTY010003884.1	1	3000	1	111	3.7	0.037	35.5	60
CBDDTY010003886.1	1	3000	1	172	5.73333	0.0573333	43.1	1
CBDDTY010003888.1	1	3000	1	252	8.4	0.084	30.9	16
CBDDTY010003889.1	1	3000	2	261	8.7	0.087	27.7	32.5
CBDDTY010003893.1	1	3000	3	502	16.7333	0.167333	29.2	9
CBDDTY010003894.1	1	3000	7	738	24.6	0.316	27.9	15.6
CBDDTY010003895.1	1	3000	3	420	14	0.14	29.8	30.7
CBDDTY010003900.1	1	3000	4	611	20.3667	0.226333	26.9	7.75
CBDDTY010003901.1	1	3000	1	211	7.03333	0.0703333	30.7	32
CBDDTY010003902.1	1	3000	1	96	3.2	0.032	21.3	27
CBDDTY010003904.1	1	3000	5	504	16.8	0.216667	27.6	21.6
CBDDTY010003905.1	1	3000	4	491	16.3667	0.238	31.8	27.8
CBDDTY010003906.1	1	3000	2	225	7.5	0.075	36.2	20.5
CBDDTY010003907.1	1	3000	1	255	8.5	0.085	30.3	1
CBDDTY010003909.1	1	3000	6	916	30.5333	0.360333	31.9	49.5
CBDDTY010003912.1	1	3000	1	187	6.23333	0.0623333	33.6	60
CBDDTY010003916.1	1	3000	1	95	3.16667	0.0316667	28.3	15
CBDDTY010003917.1	1	3000	2	406	13.5333	0.135333	29.5	37
CBDDTY010003918.1	1	3000	1	71	2.36667	0.0236667	33.4	0
CBDDTY010003919.1	1	3000	1	254	8.46667	0.0846667	15.2	23
CBDDTY010003920.1	1	3000	3	383	12.7667	0.127667	28.4	1.33
CBDDTY010003921.1	1	3000	3	536	17.8667	0.178667	32.3	0.667
CBDDTY010003922.1	1	3000	1	227	7.56667	0.0756667	25.9	52
CBDDTY010003923.1	1	3000	3	430	14.3333	0.143333	25.6	18
CBDDTY010003924.1	1	3000	1	98	3.26667	0.0326667	36.5	0
CBDDTY010003927.1	1	3000	5	823	27.4333	0.274333	33.3	24.4
CBDDTY010003928.1	1	3000	5	390	13	0.255	31.6	3.6
CBDDTY010003929.1	1	3000	2	401	13.3667	0.133667	31	55.5
CBDDTY010003930.1	1	3000	1	86	2.86667	0.0286667	37.3	1
CBDDTY010003931.1	1	3000	3	678	22.6	0.226	25.1	10.3
CBDDTY010003933.1	1	3000	5	641	21.3667	0.313333	28.3	18.4
CBDDTY010003934.1	1	3000	3	329	10.9667	0.109667	36.8	0.667
CBDDTY010003935.1	1	3000	13	878	29.2667	0.689333	28	8.38
CBDDTY010003936.1	1	3000	1	136	4.53333	0.0453333	25.7	0
CBDDTY010003937.1	1	3000	1	113	3.76667	0.0376667	23.5	19
CBDDTY010003938.1	1	3000	3	307	10.2333	0.137667	30.1	22
CBDDTY010003939.1	1	3000	2	160	5.33333	0.0533333	39.3	5.5
CBDDTY010003940.1	1	3000	1	168	5.6	0.056	16.4	42
CBDDTY010003942.1	1	3000	15	1056	35.2	0.598	30.2	27.5
CBDDTY010003944.1	1	3000	1	50	1.66667	0.0166667	34.3	5
CBDDTY010003945.1	1	3000	1	204	6.8	0.068	23.5	60
CBDDTY010003947.1	1	3000	2	230	7.66667	0.0766667	24.2	19.5
CBDDTY010003948.1	1	3000	1	106	3.53333	0.0353333	35.2	0
CBDDTY010003950.1	1	3000	3	425	14.1667	0.141667	28.7	35.3
CBDDTY010003951.1	1	3000	2	370	12.3333	0.123333	22.5	32
CBDDTY010003952.1	1	3000	1	163	5.43333	0.0543333	22.7	8
CBDDTY010003953.1	1	3000	1	201	6.7	0.067	31.5	1
CBDDTY010003955.1	1	3000	2	479	15.9667	0.159667	24.6	24
CBDDTY010003957.1	1	3000	1	236	7.86667	0.0786667	35.9	60
CBDDTY010003958.1	1	3000	1	130	4.33333	0.0433333	38	60
CBDDTY010003959.1	1	3000	2	259	8.63333	0.0863333	25.6	30.5
CBDDTY010003961.1	1	3000	1	133	4.43333	0.0443333	44.6	28
CBDDTY010003962.1	1	3000	1	141	4.7	0.047	39.6	53
CBDDTY010003963.1	1	3000	6	787	26.2333	0.342667	32.6	5
CBDDTY010003964.1	1	3000	1	105	3.5	0.035	35	15
CBDDTY010003965.1	1	3000	12	1079	35.9667	0.616667	29.9	8.42
CBDDTY010003968.1	1	3000	6	1131	37.7	0.396667	28.4	37
CBDDTY010003969.1	1	3000	4	515	17.1667	0.238333	31.6	23.8
CBDDTY010003970.1	1	3000	1	242	8.06667	0.0806667	36.6	60
CBDDTY010003971.1	1	3000	1	234	7.8	0.078	30.7	0
CBDDTY010003972.1	1	3000	7	591	19.7	0.284	27.8	7.86
CBDDTY010003973.1	1	3000	1	146	4.86667	0.0486667	29	27
CBDDTY010003975.1	1	3000	2	473	15.7667	0.157667	21.7	60
CBDDTY010003977.1	1	3000	2	253	8.43333	0.128667	29.4	60
CBDDTY010003978.1	1	3000	10	831	27.7	0.634	31.2	15.8
CBDDTY010003979.1	1	3000	1	86	2.86667	0.0286667	25.5	10
CBDDTY010003980.1	1	3000	3	153	5.1	0.0686667	33.9	1
CBDDTY010003981.1	1	3000	3	403	13.4333	0.201333	31.7	9.33
CBDDTY010003983.1	1	3000	4	721	24.0333	0.248333	27.3	27.5
CBDDTY010003984.1	1	3000	2	172	5.73333	0.0573333	28.3	0.5
CBDDTY010003985.1	1	3000	4	469	15.6333	0.203333	33	17.8
CBDDTY010003986.1	1	3000	5	378	12.6	0.184667	33.1	0.8
CBDDTY010003987.1	1	3000	1	137	4.56667	0.0456667	15.6	1
CBDDTY010003988.1	1	3000	11	922	30.7333	0.517667	32.7	12.7
CBDDTY010003990.1	1	3000	8	1141	38.0333	0.524	32.8	16.9
CBDDTY010003992.1	1	3000	5	635	21.1667	0.211667	33.9	31
CBDDTY010003993.1	1	3000	2	162	5.4	0.0733333	31.6	0.5
CBDDTY010003995.1	1	3000	2	324	10.8	0.155667	30.3	48.5
CBDDTY010003998.1	1	3000	2	472	15.7333	0.157333	22.5	18
CBDDTY010003999.1	1	3000	2	323	10.7667	0.107667	31.1	47.5
CBDDTY010004000.1	1	3000	2	322	10.7333	0.107333	31.8	36
CBDDTY010004001.1	1	3000	4	529	17.6333	0.176333	36.6	33.5
CBDDTY010004002.1	1	3000	15	1868	62.2667	0.888667	25.8	38.1
CBDDTY010004003.1	1	3000	1	162	5.4	0.054	33.4	60
CBDDTY010004004.1	1	3000	3	382	12.7333	0.171667	29.5	0.667
CBDDTY010004006.1	1	3000	2	216	7.2	0.072	38.3	26.5
CBDDTY010004007.1	1	3000	2	310	10.3333	0.103333	29.4	7.5
CBDDTY010004008.1	1	3000	3	399	13.3	0.133	35.2	32.7
CBDDTY010004009.1	1	3000	1	111	3.7	0.037	14.7	30
CBDDTY010004010.1	1	3000	1	65	2.16667	0.0216667	24.1	8
CBDDTY010004011.1	1	3000	2	313	10.4333	0.104333	30.9	1
CBDDTY010004013.1	1	3000	1	170	5.66667	0.0566667	29.3	17
CBDDTY010004016.1	1	3000	2	232	7.73333	0.0773333	29.1	14
CBDDTY010004017.1	1	3000	2	165	5.5	0.078	28	27
CBDDTY010004018.1	1	3000	14	1100	36.6667	0.779667	29.9	7.29
CBDDTY010004019.1	1	3000	1	176	5.86667	0.0586667	33.2	60
CBDDTY010004020.1	1	3000	2	364	12.1333	0.121333	30.4	50
CBDDTY010004021.1	1	3000	2	352	11.7333	0.117333	34.2	0.5
CBDDTY010004022.1	1	3000	1	53	1.76667	0.0176667	25.4	0
CBDDTY010004023.1	1	3000	1	209	6.96667	0.0696667	30.8	60
CBDDTY010004025.1	1	3000	1	119	3.96667	0.0396667	33.6	26
CBDDTY010004027.1	1	3000	2	401	13.3667	0.133667	28.8	31.5
CBDDTY010004029.1	1	3000	2	307	10.2333	0.102333	28.6	29.5
CBDDTY010004030.1	1	3000	5	596	19.8667	0.251667	29.9	11.8
CBDDTY010004031.1	1	3000	2	240	8	0.08	30.7	5.5
CBDDTY010004032.1	1	3000	5	818	27.2667	0.272667	36.2	25.2
CBDDTY010004033.1	1	3000	3	322	10.7333	0.107333	33.9	16.3
CBDDTY010004034.1	1	3000	3	544	18.1333	0.181333	31	1
CBDDTY010004035.1	1	3000	4	357	11.9	0.135667	37.3	12.8
CBDDTY010004036.1	1	3000	3	491	16.3667	0.163667	32.3	21
CBDDTY010004037.1	1	3000	1	157	5.23333	0.0523333	31.1	0
CBDDTY010004038.1	1	3000	3	462	15.4	0.154	30.3	13.7
CBDDTY010004039.1	1	3000	1	94	3.13333	0.0313333	22.6	1
CBDDTY010004040.1	1	3000	1	319	10.6333	0.106333	32.1	1
CBDDTY010004041.1	1	3000	1	77	2.56667	0.0256667	27.6	10
CBDDTY010004045.1	1	3000	1	156	5.2	0.052	33.6	1
CBDDTY010004046.1	1	3000	1	89	2.96667	0.0296667	32.5	0
CBDDTY010004048.1	1	3000	1	194	6.46667	0.0646667	25.6	22
CBDDTY010004049.1	1	3000	13	635	21.1667	0.753	31.5	6.54
CBDDTY010004050.1	1	3000	2	244	8.13333	0.093	31.2	17.5
CBDDTY010004051.1	1	3000	5	632	21.0667	0.210667	32.6	15.8
CBDDTY010004052.1	1	3000	8	948	31.6	0.352	27.4	14.6
CBDDTY010004053.1	1	3000	3	335	11.1667	0.111667	32.4	24.3
CBDDTY010004055.1	1	3000	2	265	8.83333	0.0883333	29.2	0.5
CBDDTY010004057.1	1	3000	1	116	3.86667	0.0386667	24.8	0
CBDDTY010004059.1	1	3000	2	316	10.5333	0.105333	33.3	30.5
CBDDTY010004060.1	1	3000	1	261	8.7	0.087	34.6	1
CBDDTY010004061.1	1	3000	11	935	31.1667	0.499	29.2	22
CBDDTY010004062.1	1	3000	4	980	32.6667	0.326667	27.3	45.2
CBDDTY010004063.1	1	3000	2	381	12.7	0.127	29.9	4.5
CBDDTY010004064.1	1	3000	7	952	31.7333	0.471667	31.1	54.3
CBDDTY010004066.1	1	3000	1	126	4.2	0.042	37.4	4
CBDDTY010004068.1	1	3000	2	406	13.5333	0.135333	27.2	59
CBDDTY010004069.1	1	3000	2	144	4.8	0.0956667	35.2	60
CBDDTY010004070.1	1	3000	3	480	16	0.16	29.7	14
CBDDTY010004071.1	1	3000	5	566	18.8667	0.304667	28.5	12
CBDDTY010004072.1	1	3000	2	235	7.83333	0.0783333	28.5	30.5
CBDDTY010004073.1	1	3000	2	107	3.56667	0.0703333	30.2	11.5
CBDDTY010004074.1	1	3000	2	157	5.23333	0.0523333	42.1	8
CBDDTY010004077.1	1	3000	1	153	5.1	0.051	32.6	19
CBDDTY010004078.1	1	3000	1	80	2.66667	0.0266667	25.6	11
CBDDTY010004079.1	1	3000	5	747	24.9	0.285333	27.9	0.8
CBDDTY010004080.1	1	3000	1	183	6.1	0.061	32.9	60
CBDDTY010004082.1	1	3000	1	158	5.26667	0.0526667	33.2	1
CBDDTY010004083.1	1	3000	1	196	6.53333	0.0653333	37.3	1
CBDDTY010004085.1	1	3000	7	905	30.1667	0.335333	28.5	4.43
CBDDTY010004087.1	1	3000	2	368	12.2667	0.122667	26.3	1
CBDDTY010004088.1	1	3000	2	147	4.9	0.049	26.2	0
CBDDTY010004090.1	1	3000	1	225	7.5	0.075	35.3	12
CBDDTY010004091.1	1	3000	3	544	18.1333	0.208	25.8	43.3
CBDDTY010004092.1	1	3000	5	766	25.5333	0.285333	30.8	29.4
CBDDTY010004093.1	1	3000	3	290	9.66667	0.119667	34.8	6
CBDDTY010004095.1	1	3000	1	214	7.13333	0.0713333	26.1	14
CBDDTY010004098.1	1	3000	2	220	7.33333	0.0733333	27.2	0.5
CBDDTY010004099.1	1	3000	2	390	13	0.13	29.7	9.5
CBDDTY010004100.1	1	3000	15	1602	53.4	0.780667	29.1	29.7
CBDDTY010004102.1	1	3000	3	561	18.7	0.187	28.4	7.67
CBDDTY010004103.1	1	3000	2	261	8.7	0.087	28.4	6
CBDDTY010004104.1	1	3000	1	155	5.16667	0.0516667	32.4	0
CBDDTY010004105.1	1	3000	1	117	3.9	0.039	38.5	14
CBDDTY010004107.1	1	3000	3	431	14.3667	0.143667	32.8	0.667
CBDDTY010004108.1	1	3000	1	154	5.13333	0.0513333	33.4	1
CBDDTY010004111.1	1	2000	1	174	8.7	0.087	37.7	0
CBDDTY010004112.1	1	2000	1	150	7.5	0.075	27.9	13
CBDDTY010004113.1	1	2000	2	206	10.3	0.103	31.1	5
CBDDTY010004114.1	1	2000	1	90	4.5	0.045	36.4	0
CBDDTY010004115.1	1	2000	1	201	10.05	0.1005	30.5	9
CBDDTY010004116.1	1	2000	2	269	13.45	0.1345	23.1	1.5
CBDDTY010004117.1	1	2000	3	500	25	0.25	30.3	20.7
CBDDTY010004118.1	1	2000	1	87	4.35	0.0435	27.2	0
CBDDTY010004119.1	1	2000	4	622	31.1	0.356	30.2	24.2
CBDDTY010004120.1	1	2000	2	461	23.05	0.2305	29.2	36
CBDDTY010004122.1	1	2000	1	46	2.3	0.023	26.1	5
CBDDTY010004124.1	1	2000	2	453	22.65	0.2265	29	1
CBDDTY010004126.1	1	2000	1	173	8.65	0.0865	29.2	1
CBDDTY010004128.1	1	2000	2	258	12.9	0.1675	23.6	0
CBDDTY010004129.1	1	2000	2	118	5.9	0.059	23.6	7.5
CBDDTY010004131.1	1	2000	2	179	8.95	0.1115	25.1	30.5
CBDDTY010004136.1	1	2000	1	180	9	0.09	24.5	1
CBDDTY010004137.1	1	2000	1	212	10.6	0.106	30.6	34
CBDDTY010004139.1	1	2000	2	179	8.95	0.0895	34.5	41
CBDDTY010004140.1	1	2000	1	195	9.75	0.0975	19.7	0
CBDDTY010004142.1	1	2000	2	307	15.35	0.1535	29.2	0.5
CBDDTY010004144.1	1	2000	1	258	12.9	0.129	25.5	1
CBDDTY010004145.1	1	2000	1	266	13.3	0.133	23.6	60
CBDDTY010004146.1	1	2000	1	176	8.8	0.088	29.5	60
CBDDTY010004147.1	1	2000	1	93	4.65	0.0465	38	1
CBDDTY010004148.1	1	2000	1	55	2.75	0.0275	19	0
CBDDTY010004149.1	1	2000	4	435	21.75	0.2545	24.5	34.5
CBDDTY010004150.1	1	2000	4	342	17.1	0.2275	31.7	8.75
CBDDTY010004151.1	1	2000	1	222	11.1	0.111	33.8	1
CBDDTY010004152.1	1	2000	1	199	9.95	0.0995	27	60
CBDDTY010004154.1	1	2000	3	420	21	0.21	29.5	22
CBDDTY010004156.1	1	2000	3	501	25.05	0.346	25.7	1
CBDDTY010004157.1	1	2000	15	785	39.25	1.1365	30.8	40.3
CBDDTY010004158.1	1	2000	5	442	22.1	0.323	33.5	19.8
CBDDTY010004159.1	1	2000	1	130	6.5	0.065	30.9	1
CBDDTY010004162.1	1	2000	1	148	7.4	0.074	26.2	1
CBDDTY010004163.1	1	2000	1	79	3.95	0.0395	29.5	0
CBDDTY010004165.1	1	2000	1	161	8.05	0.0805	25.5	60
CBDDTY010004169.1	1	2000	1	158	7.9	0.079	31	0
CBDDTY010004171.1	1	2000	2	413	20.65	0.2065	31.8	25.5
CBDDTY010004172.1	1	2000	2	160	8	0.08	28.3	8
CBDDTY010004173.1	1	2000	1	177	8.85	0.0885	28	40
CBDDTY010004178.1	1	2000	2	256	12.8	0.128	31.8	1
CBDDTY010004179.1	1	2000	7	511	25.55	0.473	27.3	19.6
CBDDTY010004186.1	1	2000	2	359	17.95	0.1795	24.8	21
CBDDTY010004189.1	1	2000	1	211	10.55	0.1055	30.5	22
CBDDTY010004192.1	1	2000	1	172	8.6	0.086	39.6	60
CBDDTY010004196.1	1	2000	2	303	15.15	0.1515	31.1	46
CBDDTY010004198.1	1	2000	2	282	14.1	0.141	32.1	60
CBDDTY010004200.1	1	2000	1	103	5.15	0.0515	29.9	13
CBDDTY010004201.1	1	2000	2	301	15.05	0.1505	28.6	60
CBDDTY010004203.1	1	2000	3	354	17.7	0.2465	35.9	20.7
CBDDTY010004204.1	1	2000	5	812	40.6	0.548	24.7	17
CBDDTY010004207.1	1	2000	1	343	17.15	0.1715	28.8	60
CBDDTY010004209.1	1	2000	3	341	17.05	0.1705	27.3	14.3
CBDDTY010004210.1	1	2000	2	348	17.4	0.174	23.1	33
CBDDTY010004212.1	1	2000	2	300	15	0.15	33.4	58.5
CBDDTY010004213.1	1	2000	3	438	21.9	0.219	35.3	40.7
CBDDTY010004214.1	1	2000	1	298	14.9	0.149	36.4	1
CBDDTY010004215.1	1	2000	4	377	18.85	0.3235	30.4	25.8
CBDDTY010004216.1	1	2000	1	200	10	0.1	28.1	11
CBDDTY010004218.1	1	2000	1	266	13.3	0.133	34.9	60
CBDDTY010004222.1	1	2000	1	97	4.85	0.0485	25.4	29
CBDDTY010004223.1	1	2000	3	548	27.4	0.274	28.5	44
CBDDTY010004224.1	1	2000	1	175	8.75	0.0875	26.1	1
CBDDTY010004225.1	1	2000	2	312	15.6	0.156	31.9	9
CBDDTY010004227.1	1	2000	38	1412	70.6	2.7025	30.2	38.6
CBDDTY010004228.1	1	2000	1	91	4.55	0.0455	23.4	4
CBDDTY010004229.1	1	1983	2	313	15.7842	0.157842	34.8	6.5
CBDDTY010004231.1	1	2000	2	174	8.7	0.087	28.3	5.5
CBDDTY010004233.1	1	2000	2	269	13.45	0.1345	27.8	33.5
CBDDTY010004235.1	1	2000	1	119	5.95	0.0595	28.5	0
CBDDTY010004236.1	1	2000	1	134	6.7	0.067	28	54
CBDDTY010004237.1	1	2000	1	185	9.25	0.0925	34.7	13
CBDDTY010004241.1	1	2000	5	449	22.45	0.3135	28.7	5.4
CBDDTY010004242.1	1	2000	1	99	4.95	0.0495	24.2	1
CBDDTY010004243.1	1	2000	3	640	32	0.32	28.6	21
CBDDTY010004246.1	1	2000	1	136	6.8	0.068	20.7	4
CBDDTY010004247.1	1	2000	1	266	13.3	0.133	35.5	1
CBDDTY010004248.1	1	2000	2	249	12.45	0.1245	26.5	5
CBDDTY010004249.1	1	2000	2	246	12.3	0.123	31.1	22.5
CBDDTY010004252.1	1	2000	1	249	12.45	0.1245	30.5	60
CBDDTY010004255.1	1	2000	1	238	11.9	0.119	28.1	1
CBDDTY010004256.1	1	2000	2	238	11.9	0.119	26.4	18
CBDDTY010004257.1	1	2000	8	931	46.55	0.6815	30.8	8.12
CBDDTY010004258.1	1	2000	4	537	26.85	0.2685	31.1	9.75
CBDDTY010004259.1	1	2000	4	522	26.1	0.313	29.5	4.75
CBDDTY010004260.1	1	2000	1	113	5.65	0.0565	26.6	0
CBDDTY010004262.1	1	2000	1	165	8.25	0.0825	36.6	33
CBDDTY010004264.1	1	2000	2	286	14.3	0.143	27.6	3.5
CBDDTY010004267.1	1	2000	1	362	18.1	0.181	35.3	3
CBDDTY010004268.1	1	2000	3	448	22.4	0.23	31.8	35.3
CBDDTY010004270.1	1	2000	1	113	5.65	0.0565	26.2	3
CBDDTY010004271.1	1	2000	2	273	13.65	0.1655	30.4	1
CBDDTY010004272.1	1	2000	1	268	13.4	0.134	22.9	14
CBDDTY010004273.1	1	2000	2	207	10.35	0.117	24.3	32
CBDDTY010004274.1	1	2000	2	230	11.5	0.115	30.8	53
CBDDTY010004275.1	1	2000	7	813	40.65	0.469	28.7	3
CBDDTY010004276.1	1	2000	1	120	6	0.06	26.8	0
CBDDTY010004277.1	1	2000	1	140	7	0.07	39.6	29
CBDDTY010004278.1	1	2000	2	505	25.25	0.2525	25.9	49
CBDDTY010004281.1	1	2000	5	612	30.6	0.393	27.6	0.4
CBDDTY010004286.1	1	2000	1	131	6.55	0.0655	28.7	1
CBDDTY010004288.1	1	2000	3	318	15.9	0.1925	32.2	23.7
CBDDTY010004289.1	1	2000	2	227	11.35	0.1135	30.9	11.5
CBDDTY010004290.1	1	2000	2	328	16.4	0.164	32.2	18.5
CBDDTY010004294.1	1	2000	1	101	5.05	0.0505	33.2	6
CBDDTY010004301.1	1	2000	1	148	7.4	0.074	37.2	0
CBDDTY010004304.1	1	2000	1	82	4.1	0.041	33.3	7
CBDDTY010004307.1	1	2000	2	275	13.75	0.1375	33.5	30.5
CBDDTY010004309.1	1	2000	1	145	7.25	0.0725	27.1	1
CBDDTY010004310.1	1	2000	2	337	16.85	0.1685	29.2	36.5
CBDDTY010004315.1	1	2000	2	253	12.65	0.1265	30.1	34
CBDDTY010004317.1	1	2000	2	326	16.3	0.163	29.8	9.5
CBDDTY010004318.1	1	2000	2	435	21.75	0.2175	29.7	37.5
CBDDTY010004320.1	1	2000	2	455	22.75	0.2275	29.5	3
CBDDTY010004322.1	1	2000	2	186	9.3	0.093	31.8	23
CBDDTY010004323.1	1	2000	1	253	12.65	0.1265	22	15
CBDDTY010004324.1	1	2000	1	174	8.7	0.087	37.2	1
CBDDTY010004325.1	1	2000	1	167	8.35	0.0835	34.8	60
CBDDTY010004327.1	1	2000	1	88	4.4	0.044	42.3	18
CBDDTY010004328.1	1	2000	2	346	17.3	0.173	32.3	30.5
CBDDTY010004329.1	1	2000	10	1015	50.75	0.918	27.8	1.2
CBDDTY010004332.1	1	2000	1	185	9.25	0.0925	36.8	1
CBDDTY010004334.1	1	2000	1	112	5.6	0.056	28.9	3
CBDDTY010004335.1	1	2000	2	334	16.7	0.167	31.1	0
CBDDTY010004338.1	1	2000	3	508	25.4	0.254	28.3	30.7
CBDDTY010004339.1	1	2000	2	393	19.65	0.1965	34	1
CBDDTY010004340.1	1	2000	1	150	7.5	0.075	29.2	17
CBDDTY010004343.1	1	2000	3	243	12.15	0.2625	25.6	4.33
CBDDTY010004345.1	1	2000	2	252	12.6	0.126	30.3	6.5
CBDDTY010004348.1	1	2000	1	200	10	0.1	23.9	45
CBDDTY010004351.1	1	2000	1	125	6.25	0.0625	39.4	13
CBDDTY010004353.1	1	2000	3	334	16.7	0.167	27.6	1.67
CBDDTY010004358.1	1	2000	1	112	5.6	0.056	27.2	16
CBDDTY010004359.1	1	2000	3	192	9.6	0.2405	34	0.667
CBDDTY010004361.1	1	2000	2	270	13.5	0.135	24.6	24.5
CBDDTY010004363.1	1	2000	4	491	24.55	0.3405	28.5	19
CBDDTY010004364.1	1	2000	3	428	21.4	0.214	32.3	40.7
CBDDTY010004365.1	1	2000	1	80	4	0.04	15.9	0
CBDDTY010004367.1	1	2000	1	261	13.05	0.1305	34.6	9
CBDDTY010004368.1	1	2000	5	882	44.1	0.4805	28	40.8
CBDDTY010004369.1	1	2000	5	576	28.8	0.486	35.5	37.8
CBDDTY010004371.1	1	2000	1	142	7.1	0.071	24.5	40
CBDDTY010004372.1	1	2000	2	190	9.5	0.095	36.1	29
CBDDTY010004376.1	1	2000	5	724	36.2	0.4785	25.7	45.6
CBDDTY010004377.1	1	2000	2	231	11.55	0.1155	32.5	33.5
CBDDTY010004378.1	1	2000	3	344	17.2	0.172	29.6	15.7
CBDDTY010004380.1	1	2000	1	130	6.5	0.065	37.5	60
CBDDTY010004382.1	1	2000	2	247	12.35	0.1235	37.4	53.5
CBDDTY010004383.1	1	2000	7	834	41.7	0.4785	30.2	9.43
CBDDTY010004385.1	1	2000	8	859	42.95	0.6545	31.5	44.4
CBDDTY010004387.1	1	2000	1	149	7.45	0.0745	23.8	19
CBDDTY010004388.1	1	2000	1	91	4.55	0.0455	21.2	2
CBDDTY010004389.1	1	2000	1	102	5.1	0.051	30.1	12
CBDDTY010004390.1	1	2000	1	121	6.05	0.0605	31.2	30
CBDDTY010004391.1	1	2000	4	357	17.85	0.285	31.3	45.5
CBDDTY010004392.1	1	2000	1	153	7.65	0.0765	37.3	5
CBDDTY010004393.1	1	2000	1	226	11.3	0.113	34.5	60
CBDDTY010004394.1	1	2000	1	145	7.25	0.0725	33.5	0
CBDDTY010004395.1	1	2000	3	468	23.4	0.234	31.5	8.67
CBDDTY010004400.1	1	2000	9	809	40.45	0.708	30.5	25.3
CBDDTY010004401.1	1	2000	1	113	5.65	0.0565	38.8	25
CBDDTY010004403.1	1	2000	1	152	7.6	0.076	24	36
CBDDTY010004405.1	1	2000	2	331	16.55	0.1655	24.2	12
CBDDTY010004406.1	1	2000	1	102	5.1	0.051	36.6	12
CBDDTY010004407.1	1	2000	2	251	12.55	0.1255	25.8	6.5
CBDDTY010004408.1	1	2000	2	568	28.4	0.284	27.6	30.5
CBDDTY010004410.1	1	2000	1	159	7.95	0.0795	25.7	0
CBDDTY010004411.1	1	2000	4	543	27.15	0.3855	35.5	5.25
CBDDTY010004414.1	1	2000	5	533	26.65	0.3335	31.9	21.4
CBDDTY010004417.1	1	2000	5	595	29.75	0.3385	29.2	27.4
CBDDTY010004418.1	1	2000	1	145	7.25	0.0725	16.2	0
CBDDTY010004422.1	1	2000	2	247	12.35	0.1235	26.5	43
CBDDTY010004424.1	1	2000	2	274	13.7	0.137	20.3	2
CBDDTY010004425.1	1	2000	3	386	19.3	0.219	37.6	6.33
CBDDTY010004431.1	1	2000	1	165	8.25	0.0825	34.1	5
CBDDTY010004432.1	1	2000	1	183	9.15	0.0915	35	40
CBDDTY010004433.1	1	2000	1	247	12.35	0.1235	35	60
CBDDTY010004434.1	1	2000	4	565	28.25	0.362	25.5	24.5
CBDDTY010004436.1	1	2000	3	542	27.1	0.286	26.5	40
CBDDTY010004437.1	1	2000	1	173	8.65	0.0865	33.8	22
CBDDTY010004438.1	1	2000	2	261	13.05	0.1305	35.7	5
CBDDTY010004440.1	1	2000	2	379	18.95	0.1895	27.3	34.5
CBDDTY010004441.1	1	2000	2	198	9.9	0.099	32.5	7.5
CBDDTY010004444.1	1	2000	3	352	17.6	0.176	34.4	42.7
CBDDTY010004446.1	1	2000	2	338	16.9	0.169	25.9	24
CBDDTY010004448.1	1	2000	1	473	23.65	0.2365	28.7	23
CBDDTY010004451.1	1	2000	3	217	10.85	0.1745	36.3	7.33
CBDDTY010004452.1	1	2000	1	151	7.55	0.0755	27.3	14
CBDDTY010004453.1	1	2000	3	306	15.3	0.222	31	20.7
CBDDTY010004454.1	1	2000	2	199	9.95	0.0995	24.4	21.5
CBDDTY010004455.1	1	2000	3	328	16.4	0.164	27.2	36.7
CBDDTY010004457.1	1	2000	1	219	10.95	0.1095	35.9	32
CBDDTY010004459.1	1	2000	2	178	8.9	0.089	35.6	1
CBDDTY010004460.1	1	2000	3	312	15.6	0.2415	27.2	26
CBDDTY010004463.1	1	2000	1	91	4.55	0.0455	28.5	8
CBDDTY010004465.1	1	2000	2	199	9.95	0.1405	27.5	33.5
CBDDTY010004466.1	1	2000	3	437	21.85	0.2185	34.8	50.7
CBDDTY010004467.1	1	2000	1	231	11.55	0.1155	28.3	60
CBDDTY010004468.1	1	2000	1	227	11.35	0.1135	18.8	1
CBDDTY010004472.1	1	2000	1	115	5.75	0.0575	23.9	3
CBDDTY010004473.1	1	2000	2	290	14.5	0.145	37.2	6.5
CBDDTY010004474.1	1	2000	3	476	23.8	0.238	33.1	3
CBDDTY010004475.1	1	2000	1	269	13.45	0.1345	36.5	60
CBDDTY010004480.1	1	2000	1	47	2.35	0.0235	27.1	8
CBDDTY010004482.1	1	2000	2	236	11.8	0.118	31.9	51
CBDDTY010004485.1	1	2000	1	79	3.95	0.0395	36	24
CBDDTY010004486.1	1	2000	2	295	14.75	0.1475	29.3	0.5
CBDDTY010004487.1	1	2000	1	102	5.1	0.051	33	31
CBDDTY010004489.1	1	2000	1	120	6	0.06	38.1	1
CBDDTY010004493.1	1	2000	1	161	8.05	0.0805	29.7	47
CBDDTY010004494.1	1	2000	1	203	10.15	0.1015	17	47
CBDDTY010004496.1	1	2000	3	377	18.85	0.1885	30.1	31
CBDDTY010004497.1	1	2000	1	147	7.35	0.0735	34.5	30
CBDDTY010004500.1	1	2000	2	295	14.75	0.1475	30.6	47
CBDDTY010004501.1	1	2000	1	121	6.05	0.0605	29.1	15
CBDDTY010004502.1	1	2000	1	82	4.1	0.041	34.4	13
CBDDTY010004503.1	1	2000	2	430	21.5	0.215	29.1	33
CBDDTY010004504.1	1	2000	1	251	12.55	0.1255	34	10
CBDDTY010004508.1	1	2000	5	399	19.95	0.297	30	51.2
CBDDTY010004509.1	1	2000	2	120	6	0.06	34.5	2
CBDDTY010004510.1	1	2000	1	180	9	0.09	31.1	60
CBDDTY010004511.1	1	2000	2	312	15.6	0.156	30.6	32.5
CBDDTY010004512.1	1	2000	5	308	15.4	0.2865	33.5	2.6
CBDDTY010004513.1	1	2000	1	165	8.25	0.0825	24.5	0
CBDDTY010004516.1	1	2000	3	313	15.65	0.1565	34.1	14
CBDDTY010004517.1	1	2000	1	171	8.55	0.0855	30.4	13
CBDDTY010004519.1	1	2000	1	108	5.4	0.054	20.3	4
CBDDTY010004521.1	1	2000	3	222	11.1	0.229	32.6	37.3
CBDDTY010004525.1	1	2000	5	473	23.65	0.258	34.6	21.2
CBDDTY010004526.1	1	2000	2	335	16.75	0.1675	30.9	37.5
CBDDTY010004527.1	1	2000	2	496	24.8	0.248	29.9	60
CBDDTY010004531.1	1	2000	8	1004	50.2	0.6685	26.2	3.38
CBDDTY010004532.1	1	2000	5	614	30.7	0.3565	30.2	1.2
CBDDTY010004533.1	1	2000	4	506	25.3	0.359	27.5	27.8
CBDDTY010004534.1	1	2000	1	74	3.7	0.037	21.9	8
CBDDTY010004536.1	1	2000	1	146	7.3	0.073	22.1	60
CBDDTY010004537.1	1	2000	2	426	21.3	0.213	24.1	10.5
CBDDTY010004540.1	1	2000	6	618	30.9	0.4525	29.5	35.5
CBDDTY010004545.1	1	2000	1	137	6.85	0.0685	31.6	2
CBDDTY010004547.1	1	2000	4	466	23.3	0.284	32.8	12.5
CBDDTY010004548.1	1	2000	1	130	6.5	0.065	36.9	60
CBDDTY010004552.1	1	2000	1	100	5	0.05	40.9	0
CBDDTY010004553.1	1	2000	2	387	19.35	0.1935	35.3	5.5
CBDDTY010004556.1	1	2000	4	425	21.25	0.2695	30.9	40.8
CBDDTY010004558.1	1	2000	2	237	11.85	0.1185	30.8	20.5
CBDDTY010004559.1	1	2000	2	279	13.95	0.1395	25.2	39.5
CBDDTY010004561.1	1	2000	3	244	12.2	0.218	34.3	56
CBDDTY010004562.1	1	2000	7	943	47.15	0.552	30.2	51.3
CBDDTY010004563.1	1	2000	3	477	23.85	0.2385	33.2	24.3
CBDDTY010004564.1	1	2000	2	288	14.4	0.144	32.1	19.5
CBDDTY010004566.1	1	2000	1	136	6.8	0.068	25.5	28
CBDDTY010004567.1	1	2000	3	260	13	0.1695	33.4	25.3
CBDDTY010004571.1	1	2000	4	526	26.3	0.263	26.6	31
CBDDTY010004573.1	1	2000	1	119	5.95	0.0595	32.7	0
CBDDTY010004575.1	1	2000	1	83	4.15	0.0415	33.9	1
CBDDTY010004576.1	1	2000	1	110	5.5	0.055	31.9	39
CBDDTY010004577.1	1	2000	2	195	9.75	0.128	28.2	11.5
CBDDTY010004579.1	1	2000	1	82	4.1	0.041	31	13
CBDDTY010004580.1	1	2000	1	108	5.4	0.054	30.1	7
CBDDTY010004583.1	1	2000	1	177	8.85	0.0885	29.1	24
CBDDTY010004584.1	1	2000	1	106	5.3	0.053	24.7	22
CBDDTY010004585.1	1	2000	1	111	5.55	0.0555	35.5	60
CBDDTY010004586.1	1	2000	3	503	25.15	0.295	26.7	3
CBDDTY010004590.1	1	2000	1	122	6.1	0.061	25.2	1
CBDDTY010004591.1	1	2000	2	289	14.45	0.1745	28	5
CBDDTY010004592.1	1	2000	2	333	16.65	0.1665	24.2	12
CBDDTY010004593.1	1	2000	3	491	24.55	0.3025	30.9	40
CBDDTY010004594.1	1	2000	1	169	8.45	0.0845	28.9	59
CBDDTY010004595.1	1	2000	7	802	40.1	0.568	28.3	1.43
CBDDTY010004597.1	1	2000	3	470	23.5	0.235	29.8	34.3
CBDDTY010004601.1	1	2000	3	451	22.55	0.2255	33	26.3
CBDDTY010004606.1	1	1000	1	100	10	0.1	28.7	1
CBDDTY010004611.1	1	1000	1	100	10	0.1	35.6	52
CBDDTY010004612.1	1	1000	1	87	8.7	0.087	31.6	10
CBDDTY010004616.1	1	1000	1	165	16.5	0.165	25.5	37
CBDDTY010004621.1	1	1000	1	197	19.7	0.197	30	59
CBDDTY010004627.1	1	1000	3	337	33.7	0.542	24.9	1
CBDDTY010004629.1	1	1000	5	444	44.4	0.682	28.5	14.2
CBDDTY010004631.1	1	1000	1	157	15.7	0.157	27.7	9
CBDDTY010004635.1	1	1000	1	93	9.3	0.093	20.1	55
CBDDTY010004639.1	1	1000	1	157	15.7	0.157	34.1	60
CBDDTY010004640.1	1	1000	2	286	28.6	0.382	25.3	0.5
CBDDTY010004642.1	1	1000	3	169	16.9	0.282	33.8	2
CBDDTY010004645.1	1	1000	3	291	29.1	0.291	34.4	10.7
CBDDTY010004646.1	1	1000	1	216	21.6	0.216	25.6	49
CBDDTY010004649.1	1	1000	3	207	20.7	0.388	31.9	3.33
CBDDTY010004652.1	1	1000	1	129	12.9	0.129	33.2	1
CBDDTY010004654.1	1	1000	2	309	30.9	0.309	26.1	30.5
CBDDTY010004657.1	1	1000	1	124	12.4	0.124	41.5	0
CBDDTY010004659.1	1	1000	1	102	10.2	0.102	27.8	21
CBDDTY010004660.1	1	1000	1	98	9.8	0.098	32.5	0
CBDDTY010004662.1	1	1000	1	296	29.6	0.296	19.7	60
CBDDTY010004668.1	1	1000	2	203	20.3	0.203	27	0.5
CBDDTY010004671.1	1	1000	2	336	33.6	0.336	31.3	12
CBDDTY010004672.1	1	1000	2	184	18.4	0.28	30.9	15.5
CBDDTY010004677.1	1	1000	2	318	31.8	0.318	32.9	29.5
CBDDTY010004679.1	1	1000	1	58	5.8	0.058	27.7	3
CBDDTY010004680.1	1	1000	4	492	49.2	0.561	29.3	27
CBDDTY010004685.1	1	1000	3	424	42.4	0.516	34.2	14
CBDDTY010004687.1	1	1000	1	154	15.4	0.154	20.7	53
CBDDTY010004688.1	1	1000	2	206	20.6	0.333	33.5	59
CBDDTY010004689.1	1	1000	3	367	36.7	0.407	31.3	1
CBDDTY010004691.1	1	1000	1	164	16.4	0.164	22.2	34
CBDDTY010004696.1	1	1000	3	402	40.2	0.421	32.9	22
CBDDTY010004697.1	1	1000	2	141	14.1	0.175	27	1
CBDDTY010004708.1	1	1000	1	86	8.6	0.086	35.5	0
CBDDTY010004712.1	1	1000	1	111	11.1	0.111	20.8	0
CBDDTY010004714.1	1	1000	1	185	18.5	0.185	27.1	60
CBDDTY010004718.1	1	1000	1	95	9.5	0.095	39	0
CBDDTY010004719.1	1	1000	2	212	21.2	0.212	35	41.5
CBDDTY010004720.1	1	1000	6	577	57.7	0.899	33.7	37.8
CBDDTY010004722.1	1	1000	3	285	28.5	0.382	35.1	6.33
CBDDTY010004723.1	1	1000	2	147	14.7	0.177	28.6	1
CBDDTY010004727.1	1	1000	1	128	12.8	0.128	32.1	0
CBDDTY010004734.1	1	1000	2	410	41	0.616	26.5	60
CBDDTY010004735.1	1	1000	1	121	12.1	0.121	30.6	1
CBDDTY010004742.1	1	1000	1	140	14	0.14	23.4	41
CBDDTY010004743.1	1	1000	2	245	24.5	0.245	36	28
CBDDTY010004744.1	1	1000	1	190	19	0.19	29.4	60
CBDDTY010004745.1	1	1000	10	728	72.8	1.678	32.2	39.1
CBDDTY010004746.1	1	1000	2	280	28	0.369	31.6	13
CBDDTY010004749.1	1	1000	2	305	30.5	0.405	26.4	37.5
CBDDTY010004750.1	1	1000	2	266	26.6	0.266	29	1
CBDDTY010004752.1	1	1000	1	87	8.7	0.087	27.4	1
CBDDTY010004753.1	1	1000	3	244	24.4	0.555	23.1	1
CBDDTY010004754.1	1	1000	1	149	14.9	0.149	22.9	19
CBDDTY010004755.1	1	1000	2	308	30.8	0.308	35.4	33
CBDDTY010004756.1	1	1000	1	121	12.1	0.121	34.8	23
CBDDTY010004758.1	1	1000	2	243	24.3	0.243	28.8	2.5
CBDDTY010004761.1	1	1000	1	163	16.3	0.163	34.1	0
CBDDTY010004763.1	1	1000	1	196	19.6	0.196	33.5	32
CBDDTY010004770.1	1	1000	1	87	8.7	0.087	33.6	0
CBDDTY010004772.1	1	1000	1	133	13.3	0.133	24.6	14
CBDDTY010004773.1	1	1000	2	474	47.4	0.499	28.9	59.5
CBDDTY010004774.1	1	1000	2	264	26.4	0.264	38.5	12.5
CBDDTY010004775.1	1	1000	1	202	20.2	0.202	28.9	60
CBDDTY010004777.1	1	1000	1	176	17.6	0.176	24.1	20
CBDDTY010004779.1	1	1000	1	158	15.8	0.158	36.2	12
CBDDTY010004780.1	1	1000	1	115	11.5	0.115	36.3	36
CBDDTY010004783.1	1	1000	1	78	7.8	0.078	30.7	0
CBDDTY010004784.1	1	1000	1	213	21.3	0.213	26.1	11
CBDDTY010004786.1	1	1000	14	513	51.3	2.094	29.6	7.5
CBDDTY010004790.1	1	1000	1	159	15.9	0.159	22.3	2
CBDDTY010004793.1	1	1000	1	96	9.6	0.096	35.7	20
CBDDTY010004794.1	1	1000	1	63	6.3	0.063	23.9	1
CBDDTY010004795.1	1	1000	1	162	16.2	0.162	20.3	1
CBDDTY010004797.1	1	1000	2	285	28.5	0.316	35.3	1
CBDDTY010004798.1	1	1000	2	215	21.5	0.301	30.7	0.5
CBDDTY010004801.1	1	1000	2	205	20.5	0.3	25.2	10.5
CBDDTY010004805.1	1	1000	1	106	10.6	0.106	31.7	0
CBDDTY010004808.1	1	1000	1	238	23.8	0.238	30.8	24
CBDDTY010004809.1	1	1000	5	485	48.5	0.971	29.1	2
CBDDTY010004810.1	1	1000	2	291	29.1	0.291	28.6	1
CBDDTY010004813.1	1	1000	1	75	7.5	0.075	34.3	11
CBDDTY010004814.1	1	1000	1	136	13.6	0.136	31.7	0
CBDDTY010004815.1	1	1000	3	273	27.3	0.418	31.9	30.3
CBDDTY010004819.1	1	1000	2	338	33.8	0.338	35.9	0.5
CBDDTY010004820.1	1	1000	3	267	26.7	0.356	28.8	10.7
CBDDTY010004821.1	1	1000	3	122	12.2	0.305	35.2	1
CBDDTY010004823.1	1	1000	3	331	33.1	0.385	30	0.333
CBDDTY010004824.1	1	1000	1	182	18.2	0.182	30.5	1
CBDDTY010004825.1	1	1000	5	381	38.1	0.652	24.5	5.8
CBDDTY010004827.1	1	1000	1	139	13.9	0.139	20.9	60
CBDDTY010004829.1	1	1000	1	67	6.7	0.067	37	1
CBDDTY010004831.1	1	1000	1	101	10.1	0.101	32.9	0
CBDDTY010004838.1	1	1000	3	483	48.3	0.557	35.6	1
CBDDTY010004840.1	1	1000	2	325	32.5	0.351	29.4	25
CBDDTY010004841.1	1	1000	2	196	19.6	0.196	34.6	7.5
CBDDTY010004847.1	1	1000	6	598	59.8	1.368	27.1	10.8
CBDDTY010004850.1	1	1000	4	364	36.4	0.422	35.2	10
CBDDTY010004851.1	1	1000	3	341	34.1	0.422	36.5	25.7
CBDDTY010004854.1	1	1000	1	238	23.8	0.238	31.2	1
CBDDTY010004859.1	1	1000	2	256	25.6	0.411	29.2	36
CBDDTY010004863.1	1	1000	1	72	7.2	0.072	33.5	11
CBDDTY010004864.1	1	1000	1	269	26.9	0.269	20.2	60
CBDDTY010004866.1	1	1000	6	664	66.4	0.84	30	38.2
CBDDTY010004867.1	1	1000	2	394	39.4	0.394	26.3	20.5
CBDDTY010004871.1	1	1000	1	79	7.9	0.079	33.1	5
CBDDTY010004873.1	1	1000	2	281	28.1	0.281	32.2	19.5
CBDDTY010004874.1	1	1000	1	187	18.7	0.187	15.5	2
CBDDTY010004878.1	1	1000	1	129	12.9	0.129	33.7	60
CBDDTY010004879.1	1	1000	1	118	11.8	0.118	40.5	0
CBDDTY010004880.1	1	1000	1	97	9.7	0.097	32	0
CBDDTY010004886.1	1	1000	1	185	18.5	0.185	19.5	39
CBDDTY010004887.1	1	1000	2	296	29.6	0.296	31.8	37.5
CBDDTY010004888.1	1	1000	1	128	12.8	0.128	21.6	2
CBDDTY010004892.1	1	1000	1	99	9.9	0.099	36.6	6
CBDDTY010004894.1	1	1000	1	195	19.5	0.195	31.8	1
CBDDTY010004896.1	1	1000	2	352	35.2	0.352	26	35
CBDDTY010004899.1	1	1000	1	139	13.9	0.139	28.9	3
CBDDTY010004900.1	1	1000	1	153	15.3	0.153	28.1	1
CBDDTY010004902.1	1	1000	3	615	61.5	0.615	26.3	22
CBDDTY010004903.1	1	1000	8	743	74.3	1.372	31.3	24.8
CBDDTY010004907.1	1	1000	2	305	30.5	0.305	27.3	41
CBDDTY010004910.1	1	1000	1	180	18	0.18	39.2	0
CBDDTY010004919.1	1	1000	1	126	12.6	0.126	28.7	35
CBDDTY010004921.1	1	1000	1	130	13	0.13	31.2	29
CBDDTY010004923.1	1	1000	2	276	27.6	0.276	28.1	1
CBDDTY010004932.1	1	1000	1	68	6.8	0.068	33.2	1
CBDDTY010004933.1	1	1000	1	138	13.8	0.138	32.9	60
CBDDTY010004934.1	1	1000	2	197	19.7	0.247	25.1	0
CBDDTY010004938.1	1	1000	1	134	13.4	0.134	16.6	43
CBDDTY010004939.1	1	1000	2	151	15.1	0.186	32	16.5
CBDDTY010004942.1	1	1000	1	122	12.2	0.122	27	0
CBDDTY010004943.1	1	1000	2	238	23.8	0.315	35.4	28.5
CBDDTY010004952.1	1	1000	1	162	16.2	0.162	25.2	10
CBDDTY010004955.1	1	1000	1	211	21.1	0.211	28.9	49
CBDDTY010004956.1	1	1000	1	128	12.8	0.128	37.2	3
CBDDTY010004957.1	1	1000	1	166	16.6	0.166	39.3	60
CBDDTY010004960.1	1	1000	1	207	20.7	0.207	32.8	60
CBDDTY010004964.1	1	1000	2	139	13.9	0.139	25.2	16.5
CBDDTY010004965.1	1	1000	2	238	23.8	0.238	24.5	7
CBDDTY010004967.1	1	1000	2	355	35.5	0.355	26.1	60
CBDDTY010004970.1	1	1000	1	194	19.4	0.194	35.3	0
CBDDTY010004972.1	1	1000	1	109	10.9	0.109	39.3	46
CBDDTY010004973.1	1	1000	1	247	24.7	0.247	39.4	60
CBDDTY010004975.1	1	1000	1	249	24.9	0.249	36.5	40
CBDDTY010004976.1	1	1000	1	362	36.2	0.362	26.4	1
CBDDTY010004980.1	1	1000	5	248	24.8	0.791	32.7	8.2
CBDDTY010004982.1	1	1000	1	111	11.1	0.111	33	41
CBDDTY010004984.1	1	1000	2	187	18.7	0.187	22.7	1
CBDDTY010004986.1	1	1000	1	193	19.3	0.193	25.5	8
CBDDTY010004990.1	1	1000	2	382	38.2	0.382	33.7	48
CBDDTY010004995.1	1	1000	2	240	24	0.24	30.2	7
CBDDTY010004997.1	1	1000	1	91	9.1	0.091	37.4	15
CBDDTY010004998.1	1	1000	2	270	27	0.32	24.3	5.5
CBDDTY010004999.1	1	1000	1	278	27.8	0.278	28	60
CBDDTY010005000.1	1	1000	1	185	18.5	0.185	36.8	60
CBDDTY010005001.1	1	1000	1	141	14.1	0.141	26.7	59
CBDDTY010005003.1	1	1000	1	214	21.4	0.214	36.1	12
CBDDTY010005005.1	1	1000	1	86	8.6	0.086	21.2	1
CBDDTY010005006.1	1	1000	1	212	21.2	0.212	25.8	60
CBDDTY010005007.1	1	1000	1	183	18.3	0.183	31.4	25
CBDDTY010005008.1	1	1000	2	266	26.6	0.266	38.9	6
CBDDTY010005020.1	1	1000	2	246	24.6	0.387	28.1	4
CBDDTY010005021.1	1	1000	2	146	14.6	0.247	28.6	20.5
CBDDTY010005023.1	1	1000	2	169	16.9	0.169	30.4	20.5
CBDDTY010005030.1	1	1000	1	89	8.9	0.089	29.2	38
CBDDTY010005031.1	1	1000	1	179	17.9	0.179	29.9	1
CBDDTY010005032.1	1	1000	1	273	27.3	0.273	32.4	60
CBDDTY010005034.1	1	1000	2	218	21.8	0.233	31.4	10.5
CBDDTY010005035.1	1	1000	1	154	15.4	0.154	35.5	60
CBDDTY010005041.1	1	1000	2	117	11.7	0.194	41.4	1.5
CBDDTY010005045.1	1	1000	6	509	50.9	0.917	33.1	17.7
CBDDTY010005051.1	1	1000	2	157	15.7	0.269	22.7	0.5
CBDDTY010005053.1	1	1000	2	182	18.2	0.287	37.3	12
CBDDTY010005056.1	1	1000	2	205	20.5	0.205	23.2	10.5
CBDDTY010005058.1	1	1000	4	503	50.3	0.808	32.1	0.75
CBDDTY010005061.1	1	1000	2	394	39.4	0.394	33.7	0.5
CBDDTY010005062.1	1	1000	1	111	11.1	0.111	37.1	42
CBDDTY010005066.1	1	1000	2	429	42.9	0.429	31.1	37
CBDDTY010005067.1	1	1000	1	172	17.2	0.172	30.2	60
CBDDTY010005070.1	1	1000	1	197	19.7	0.197	37.5	0
CBDDTY010005071.1	1	1000	1	126	12.6	0.126	31.7	51
CBDDTY010005073.1	1	1000	1	71	7.1	0.071	32.7	14
CBDDTY010005078.1	1	1000	2	254	25.4	0.254	24.3	0.5
CBDDTY010005080.1	1	1000	1	54	5.4	0.054	42.7	6
CBDDTY010005084.1	1	1000	1	44	4.4	0.044	33.4	0
CBDDTY010005085.1	1	1000	4	457	45.7	0.573	29.4	22
CBDDTY010005088.1	1	1000	5	396	39.6	0.601	23.5	0.2
CBDDTY010005089.1	1	1000	1	172	17.2	0.172	32.7	45
CBDDTY010005090.1	1	1000	2	339	33.9	0.339	22.8	60
CBDDTY010005091.1	1	1000	1	121	12.1	0.121	29.7	1
CBDDTY010005093.1	1	1000	1	181	18.1	0.181	35.5	60
CBDDTY010005094.1	1	1000	1	79	7.9	0.079	28.9	11
CBDDTY010005095.1	1	1000	1	213	21.3	0.213	25.4	1
CBDDTY010005096.1	1	1000	1	140	14	0.14	36.9	6
CBDDTY010005098.1	1	1000	1	186	18.6	0.186	29.2	47
CBDDTY010005099.1	1	1000	3	216	21.6	0.435	24.2	6.67
CBDDTY010005101.1	1	1000	1	63	6.3	0.063	35.3	29
CBDDTY010005102.1	1	1000	1	174	17.4	0.174	33.1	11
CBDDTY010005103.1	1	1000	1	143	14.3	0.143	32.6	0
CBDDTY010005106.1	1	1000	2	419	41.9	0.613	28.5	1.5
CBDDTY010005107.1	1	1000	1	106	10.6	0.106	33.3	44
CBDDTY010005108.1	1	1000	3	397	39.7	0.778	29.6	32.7
CBDDTY010005113.1	1	1000	4	357	35.7	0.488	28.6	29.8
CBDDTY010005115.1	1	1000	4	317	31.7	0.495	31.4	8
CBDDTY010005116.1	1	1000	3	344	34.4	0.453	20.8	4.33
CBDDTY010005121.1	1	1000	1	209	20.9	0.209	32.9	1
CBDDTY010005122.1	1	1000	2	216	21.6	0.216	26.8	0.5
CBDDTY010005126.1	1	1000	2	210	21	0.21	25.6	14.5
CBDDTY010005127.1	1	1000	1	145	14.5	0.145	29.7	1
CBDDTY010005129.1	1	1000	3	507	50.7	0.562	24.3	27.7
CBDDTY010005130.1	1	1000	1	328	32.8	0.328	26.8	1
CBDDTY010005132.1	1	1000	3	229	22.9	0.436	30.4	0
CBDDTY010005134.1	1	1000	1	119	11.9	0.119	31.6	60
CBDDTY010005136.1	1	1000	2	164	16.4	0.267	37.1	0.5
CBDDTY010005137.1	1	1000	1	86	8.6	0.086	26.8	1
CBDDTY010005138.1	1	1000	1	81	8.1	0.081	31.1	0
CBDDTY010005142.1	1	1000	1	69	6.9	0.069	30.3	0
CBDDTY010005146.1	1	1000	1	141	14.1	0.141	23.3	1
CBDDTY010005147.1	1	1000	1	157	15.7	0.157	26.3	0
CBDDTY010005150.1	1	1000	1	77	7.7	0.077	37.9	52
CBDDTY010005151.1	1	1000	5	336	33.6	0.803	30.7	15.2
CBDDTY010005153.1	1	1000	1	272	27.2	0.272	17.3	60
CBDDTY010005154.1	1	1000	1	185	18.5	0.185	25.5	13
CBDDTY010005156.1	1	1000	2	471	47.1	0.471	32.1	38
CBDDTY010005158.1	1	1000	1	228	22.8	0.228	20.8	19
CBDDTY010005160.1	1	1000	1	173	17.3	0.173	36.2	6
CBDDTY010005167.1	1	600	1	135	22.5	0.225	34.1	5
CBDDTY010005168.1	1	1000	4	321	32.1	0.624	29.3	10.5
CBDDTY010005171.1	1	1000	1	262	26.2	0.262	32.6	0
CBDDTY010005172.1	1	1000	3	676	67.6	0.742	33.8	60
CBDDTY010005173.1	1	1000	1	188	18.8	0.188	30.7	4
CBDDTY010005181.1	1	1000	1	123	12.3	0.123	33.4	57
CBDDTY010005183.1	1	1000	2	215	21.5	0.335	32.5	12
CBDDTY010005187.1	1	1000	2	248	24.8	0.248	25.8	8.5
CBDDTY010005188.1	1	1000	1	231	23.1	0.231	29.5	60
CBDDTY010005192.1	1	1000	1	192	19.2	0.192	21.3	8
CBDDTY010005195.1	1	1000	1	267	26.7	0.267	33.4	7
CBDDTY010005200.1	1	1000	2	309	30.9	0.309	32.7	60
CBDDTY010005202.1	1	1000	1	88	8.8	0.088	31.9	2
CBDDTY010005203.1	1	1000	2	301	30.1	0.301	36.7	17.5
CBDDTY010005207.1	1	1000	1	162	16.2	0.162	28.3	2
CBDDTY010005208.1	1	1000	1	78	7.8	0.078	24	4
CBDDTY010005215.1	1	1000	1	44	4.4	0.044	34.7	0
CBDDTY010005218.1	1	1000	2	212	21.2	0.212	27.9	5.5
CBDDTY010005221.1	1	1000	1	167	16.7	0.167	33.1	28
CBDDTY010005224.1	1	1000	3	450	45	0.495	32.6	60
CBDDTY010005227.1	1	1000	2	367	36.7	0.367	23.9	7
CBDDTY010005230.1	1	1000	1	221	22.1	0.221	32.6	9
CBDDTY010005231.1	1	1000	2	140	14	0.21	22.9	0.5
CBDDTY010005232.1	1	1000	2	233	23.3	0.233	27.4	22.5
CBDDTY010005237.1	1	1000	2	218	21.8	0.218	29.3	12
CBDDTY010005238.1	1	1000	3	355	35.5	0.563	31.5	45.3
CBDDTY010005240.1	1	1000	1	116	11.6	0.116	34.7	25
CBDDTY010005248.1	1	1000	1	121	12.1	0.121	20.1	3
CBDDTY010005253.1	1	1000	2	156	15.6	0.247	34.5	1
CBDDTY010005255.1	1	1000	1	164	16.4	0.164	36.4	55
CBDDTY010005260.1	1	1000	1	163	16.3	0.163	33.1	60
CBDDTY010005262.1	1	1000	3	193	19.3	0.26	32.2	1.67
CBDDTY010005266.1	1	1000	1	186	18.6	0.186	28.7	39
CBDDTY010005267.1	1	1000	1	144	14.4	0.144	32.5	1
CBDDTY010005269.1	1	1000	1	319	31.9	0.319	22	60
CBDDTY010005274.1	1	1000	2	330	33	0.33	33.8	0.5
CBDDTY010005275.1	1	1000	1	134	13.4	0.134	33.3	36
CBDDTY010005277.1	1	1000	4	495	49.5	0.56	29	12
CBDDTY010005279.1	1	1000	1	136	13.6	0.136	30.5	1
CBDDTY010005281.1	1	1000	1	120	12	0.12	36.2	1
CBDDTY010005286.1	1	1000	1	117	11.7	0.117	32.4	15
CBDDTY010005288.1	1	1000	2	293	29.3	0.293	27.5	12.5
CBDDTY010005293.1	1	1000	2	226	22.6	0.397	30.1	6
CBDDTY010005295.1	1	1000	2	338	33.8	0.413	22.9	28
CBDDTY010005298.1	1	1000	1	131	13.1	0.131	32.1	52
CBDDTY010005299.1	1	1000	2	297	29.7	0.297	29.3	0.5
CBDDTY010005305.1	1	1000	1	107	10.7	0.107	16.7	0
CBDDTY010005313.1	1	1000	2	296	29.6	0.296	28.5	44.5
CBDDTY010005314.1	1	1000	2	135	13.5	0.25	29.8	8
CBDDTY010005318.1	1	1000	15	977	97.7	2.66	28.9	43.1
CBDDTY010005320.1	1	1000	1	49	4.9	0.049	24.9	1
CBDDTY010005321.1	1	1000	1	120	12	0.12	30.2	49
CBDDTY010005327.1	1	1000	2	228	22.8	0.228	30.6	9.5
CBDDTY010005329.1	1	1000	4	430	43	0.628	27.1	40.2
CBDDTY010005334.1	1	1000	1	123	12.3	0.123	19	8
CBDDTY010005335.1	1	1000	1	94	9.4	0.094	33.7	14
CBDDTY010005337.1	1	1000	1	117	11.7	0.117	17.9	52
CBDDTY010005339.1	1	1000	1	87	8.7	0.087	28.7	19
CBDDTY010005342.1	1	1000	1	140	14	0.14	27.8	47
CBDDTY010005343.1	1	1000	2	173	17.3	0.173	36.4	7.5
CBDDTY010005344.1	1	1000	1	200	20	0.2	21.7	2
CBDDTY010005345.1	1	1000	2	229	22.9	0.364	27.8	20.5
CBDDTY010005348.1	1	1000	1	162	16.2	0.162	17.5	9
CBDDTY010005349.1	1	1000	1	82	8.2	0.082	29	0
CBDDTY010005350.1	1	1000	1	164	16.4	0.164	28.2	0
CBDDTY010005354.1	1	815	1	135	16.5644	0.165644	28.5	31
CBDDTY010005357.1	1	1000	2	321	32.1	0.477	29.3	30.5
CBDDTY010005358.1	1	1000	1	155	15.5	0.155	29.7	60
CBDDTY010005361.1	1	1000	1	108	10.8	0.108	33.7	1
CBDDTY010005366.1	1	1000	1	137	13.7	0.137	26.3	1
CBDDTY010005369.1	1	1000	2	328	32.8	0.328	28.1	30.5
CBDDTY010005370.1	1	1000	1	190	19	0.19	25.5	0
CBDDTY010005375.1	1	1000	1	179	17.9	0.179	24.5	0
CBDDTY010005377.1	1	1000	2	194	19.4	0.294	24.6	1
CBDDTY010005378.1	1	1000	1	65	6.5	0.065	32.5	1
CBDDTY010005381.1	1	1000	1	68	6.8	0.068	31.8	1
CBDDTY010005383.1	1	1000	1	290	29	0.29	38.1	60
CBDDTY010005384.1	1	1000	3	316	31.6	0.404	29.2	1.33
CBDDTY010005385.1	1	1000	8	834	83.4	1.356	29.7	26.6
CBDDTY010005388.1	1	1000	2	307	30.7	0.359	28.5	15.5
CBDDTY010005389.1	1	1000	1	173	17.3	0.173	32.7	0
CBDDTY010005391.1	1	1000	1	156	15.6	0.156	26.4	1
CBDDTY010005396.1	1	1000	2	327	32.7	0.327	36.5	50
CBDDTY010005398.1	1	1000	1	149	14.9	0.149	36	39
CBDDTY010005400.1	1	1000	2	325	32.5	0.325	30.2	1
CBDDTY010005404.1	1	1000	1	281	28.1	0.281	24.7	60
CBDDTY010005405.1	1	1000	1	84	8.4	0.084	35.5	0
CBDDTY010005409.1	1	1000	1	111	11.1	0.111	32.1	0
CBDDTY010005411.1	1	1000	1	112	11.2	0.112	36.1	60
CBDDTY010005414.1	1	1000	1	111	11.1	0.111	30.8	1
CBDDTY010005417.1	1	1000	2	322	32.2	0.322	26.9	5.5
CBDDTY010005419.1	1	1000	1	105	10.5	0.105	34.7	46
CBDDTY010005426.1	1	1000	6	677	67.7	1.163	29.5	44.8
CBDDTY010005431.1	1	1000	1	56	5.6	0.056	33.8	7
CBDDTY010005432.1	1	1000	1	102	10.2	0.102	27.3	6
CBDDTY010005433.1	1	1000	1	322	32.2	0.322	32.5	52
CBDDTY010005435.1	1	1000	1	204	20.4	0.204	34.9	1
CBDDTY010005437.1	1	1000	1	215	21.5	0.215	36.1	1
CBDDTY010005438.1	1	1000	1	115	11.5	0.115	20.7	1
CBDDTY010005439.1	1	1000	1	56	5.6	0.056	27.4	0
CBDDTY010005441.1	1	1000	1	97	9.7	0.097	34.8	1
CBDDTY010005443.1	1	1000	1	163	16.3	0.163	37.1	0
CBDDTY010005445.1	1	1000	3	339	33.9	0.446	29.1	33.3
CBDDTY010005448.1	1	1000	2	239	23.9	0.239	28.5	0
CBDDTY010005449.1	1	1000	1	190	19	0.19	25.4	2
CBDDTY010005456.1	1	1000	1	135	13.5	0.135	31.9	60
CBDDTY010005457.1	1	1000	1	130	13	0.13	30.4	1
CBDDTY010005461.1	1	1000	2	237	23.7	0.237	32.4	15
CBDDTY010005464.1	1	1000	1	138	13.8	0.138	27.3	3
CBDDTY010005471.1	1	1000	2	299	29.9	0.299	33.7	33
CBDDTY010005472.1	1	1000	3	406	40.6	0.419	32	4.33
CBDDTY010005475.1	1	1000	1	248	24.8	0.248	27.6	57
CBDDTY010005476.1	1	1000	2	235	23.5	0.235	39.5	60
CBDDTY010005477.1	1	1000	1	65	6.5	0.065	31.6	3
CBDDTY010005478.1	1	1000	1	139	13.9	0.139	31.5	19
CBDDTY010005479.1	1	1000	1	222	22.2	0.222	25.3	60
CBDDTY010005481.1	1	1000	1	167	16.7	0.167	35.8	12
CBDDTY010005484.1	1	1000	1	159	15.9	0.159	21.8	60
CBDDTY010005488.1	1	1000	4	682	68.2	0.691	29.9	37.2
CBDDTY010005492.1	1	1000	2	229	22.9	0.229	30.2	31
CBDDTY010005494.1	1	1000	1	225	22.5	0.225	30.1	60
CBDDTY010005500.1	1	1000	1	93	9.3	0.093	12	1
CBDDTY010005502.1	1	1000	1	205	20.5	0.205	36.8	60
CBDDTY010005509.1	1	1000	1	106	10.6	0.106	36.2	21
CBDDTY010005514.1	1	1000	2	178	17.8	0.231	32	15
CBDDTY010005521.1	1	1000	1	132	13.2	0.132	31	1
CBDDTY010005522.1	1	1000	2	252	25.2	0.252	33	40
CBDDTY010005524.1	1	1000	3	324	32.4	0.424	30.5	38.7
CBDDTY010005528.1	1	1000	1	83	8.3	0.083	35.2	9
CBDDTY010005529.1	1	1000	1	199	19.9	0.199	35.2	56
CBDDTY010005534.1	1	1000	1	66	6.6	0.066	21.1	3
CBDDTY010005538.1	1	1000	1	189	18.9	0.189	28.2	4
CBDDTY010005540.1	1	1000	1	130	13	0.13	30.2	1
CBDDTY010005541.1	1	1000	1	100	10	0.1	32	0
CBDDTY010005546.1	1	1000	2	179	17.9	0.304	31.3	42
CBDDTY010005555.1	1	1000	1	159	15.9	0.159	27.7	52
CBDDTY010005561.1	1	1000	1	79	7.9	0.079	36.5	14
CBDDTY010005564.1	1	1000	1	95	9.5	0.095	39.2	57
OZ247669.1	1	18777	1297	18776	99.9947	11.3749	28.5	46.6
CBDDTY010000013.1	1	37029	0	0	0	0	0	0
CBDDTY010000017.1	1	800	0	0	0	0	0	0
CBDDTY010000021.1	1	514	0	0	0	0	0	0
CBDDTY010000065.1	1	158000	0	0	0	0	0	0
CBDDTY010000069.1	1	219	0	0	0	0	0	0
CBDDTY010000172.1	1	52000	0	0	0	0	0	0
CBDDTY010000173.1	1	52000	0	0	0	0	0	0
CBDDTY010000175.1	1	52000	0	0	0	0	0	0
CBDDTY010000344.1	1	37800	0	0	0	0	0	0
CBDDTY010000932.1	1	32000	0	0	0	0	0	0
CBDDTY010001293.1	1	29000	0	0	0	0	0	0
CBDDTY010001325.1	1	28786	0	0	0	0	0	0
CBDDTY010001337.1	1	28589	0	0	0	0	0	0
CBDDTY010001726.1	1	25564	0	0	0	0	0	0
CBDDTY010001763.1	1	25181	0	0	0	0	0	0
CBDDTY010001789.1	1	25000	0	0	0	0	0	0
CBDDTY010001800.1	1	25000	0	0	0	0	0	0
CBDDTY010001817.1	1	24959	0	0	0	0	0	0
CBDDTY010001843.1	1	24655	0	0	0	0	0	0
CBDDTY010001878.1	1	24289	0	0	0	0	0	0
CBDDTY010002047.1	1	23000	0	0	0	0	0	0
CBDDTY010002048.1	1	23000	0	0	0	0	0	0
CBDDTY010002196.1	1	22000	0	0	0	0	0	0
CBDDTY010002322.1	1	21000	0	0	0	0	0	0
CBDDTY010002334.1	1	21000	0	0	0	0	0	0
CBDDTY010002344.1	1	21000	0	0	0	0	0	0
CBDDTY010002454.1	1	20000	0	0	0	0	0	0
CBDDTY010002457.1	1	19600	0	0	0	0	0	0
CBDDTY010002468.1	1	20000	0	0	0	0	0	0
CBDDTY010002601.1	1	19000	0	0	0	0	0	0
CBDDTY010002609.1	1	19000	0	0	0	0	0	0
CBDDTY010002614.1	1	19000	0	0	0	0	0	0
CBDDTY010002617.1	1	19000	0	0	0	0	0	0
CBDDTY010002618.1	1	19000	0	0	0	0	0	0
CBDDTY010002623.1	1	19000	0	0	0	0	0	0
CBDDTY010002642.1	1	18752	0	0	0	0	0	0
CBDDTY010002673.1	1	18426	0	0	0	0	0	0
CBDDTY010002698.1	1	18157	0	0	0	0	0	0
CBDDTY010002730.1	1	18000	0	0	0	0	0	0
CBDDTY010002840.1	1	17000	0	0	0	0	0	0
CBDDTY010002959.1	1	16074	0	0	0	0	0	0
CBDDTY010002969.1	1	16000	0	0	0	0	0	0
CBDDTY010002978.1	1	16000	0	0	0	0	0	0
CBDDTY010003038.1	1	15524	0	0	0	0	0	0
CBDDTY010003062.1	1	15357	0	0	0	0	0	0
CBDDTY010003117.1	1	15000	0	0	0	0	0	0
CBDDTY010003329.1	1	13000	0	0	0	0	0	0
CBDDTY010003435.1	1	11830	0	0	0	0	0	0
CBDDTY010003451.1	1	11420	0	0	0	0	0	0
CBDDTY010003463.1	1	11000	0	0	0	0	0	0
CBDDTY010003473.1	1	11000	0	0	0	0	0	0
CBDDTY010003484.1	1	11000	0	0	0	0	0	0
CBDDTY010003487.1	1	10881	0	0	0	0	0	0
CBDDTY010003503.1	1	9000	0	0	0	0	0	0
CBDDTY010003510.1	1	9000	0	0	0	0	0	0
CBDDTY010003513.1	1	9000	0	0	0	0	0	0
CBDDTY010003535.1	1	8000	0	0	0	0	0	0
CBDDTY010003545.1	1	8000	0	0	0	0	0	0
CBDDTY010003548.1	1	8000	0	0	0	0	0	0
CBDDTY010003571.1	1	7000	0	0	0	0	0	0
CBDDTY010003575.1	1	7000	0	0	0	0	0	0
CBDDTY010003582.1	1	7000	0	0	0	0	0	0
CBDDTY010003590.1	1	7000	0	0	0	0	0	0
CBDDTY010003602.1	1	6000	0	0	0	0	0	0
CBDDTY010003607.1	1	6000	0	0	0	0	0	0
CBDDTY010003609.1	1	6000	0	0	0	0	0	0
CBDDTY010003620.1	1	6000	0	0	0	0	0	0
CBDDTY010003623.1	1	6000	0	0	0	0	0	0
CBDDTY010003624.1	1	6000	0	0	0	0	0	0
CBDDTY010003633.1	1	6000	0	0	0	0	0	0
CBDDTY010003636.1	1	6000	0	0	0	0	0	0
CBDDTY010003642.1	1	6000	0	0	0	0	0	0
CBDDTY010003644.1	1	6000	0	0	0	0	0	0
CBDDTY010003648.1	1	6000	0	0	0	0	0	0
CBDDTY010003649.1	1	6000	0	0	0	0	0	0
CBDDTY010003662.1	1	5000	0	0	0	0	0	0
CBDDTY010003667.1	1	5000	0	0	0	0	0	0
CBDDTY010003668.1	1	5000	0	0	0	0	0	0
CBDDTY010003672.1	1	5000	0	0	0	0	0	0
CBDDTY010003676.1	1	5000	0	0	0	0	0	0
CBDDTY010003677.1	1	5000	0	0	0	0	0	0
CBDDTY010003704.1	1	5000	0	0	0	0	0	0
CBDDTY010003707.1	1	5000	0	0	0	0	0	0
CBDDTY010003711.1	1	5000	0	0	0	0	0	0
CBDDTY010003712.1	1	5000	0	0	0	0	0	0
CBDDTY010003716.1	1	5000	0	0	0	0	0	0
CBDDTY010003719.1	1	5000	0	0	0	0	0	0
CBDDTY010003722.1	1	5000	0	0	0	0	0	0
CBDDTY010003724.1	1	5000	0	0	0	0	0	0
CBDDTY010003726.1	1	5000	0	0	0	0	0	0
CBDDTY010003729.1	1	5000	0	0	0	0	0	0
CBDDTY010003734.1	1	5000	0	0	0	0	0	0
CBDDTY010003736.1	1	5000	0	0	0	0	0	0
CBDDTY010003737.1	1	4000	0	0	0	0	0	0
CBDDTY010003740.1	1	4000	0	0	0	0	0	0
CBDDTY010003742.1	1	4000	0	0	0	0	0	0
CBDDTY010003743.1	1	4000	0	0	0	0	0	0
CBDDTY010003757.1	1	4000	0	0	0	0	0	0
CBDDTY010003758.1	1	4000	0	0	0	0	0	0
CBDDTY010003760.1	1	4000	0	0	0	0	0	0
CBDDTY010003761.1	1	4000	0	0	0	0	0	0
CBDDTY010003769.1	1	4000	0	0	0	0	0	0
CBDDTY010003770.1	1	4000	0	0	0	0	0	0
CBDDTY010003771.1	1	4000	0	0	0	0	0	0
CBDDTY010003779.1	1	4000	0	0	0	0	0	0
CBDDTY010003780.1	1	4000	0	0	0	0	0	0
CBDDTY010003799.1	1	4000	0	0	0	0	0	0
CBDDTY010003806.1	1	4000	0	0	0	0	0	0
CBDDTY010003808.1	1	4000	0	0	0	0	0	0
CBDDTY010003809.1	1	4000	0	0	0	0	0	0
CBDDTY010003811.1	1	4000	0	0	0	0	0	0
CBDDTY010003812.1	1	4000	0	0	0	0	0	0
CBDDTY010003818.1	1	4000	0	0	0	0	0	0
CBDDTY010003822.1	1	4000	0	0	0	0	0	0
CBDDTY010003825.1	1	4000	0	0	0	0	0	0
CBDDTY010003831.1	1	4000	0	0	0	0	0	0
CBDDTY010003842.1	1	4000	0	0	0	0	0	0
CBDDTY010003847.1	1	4000	0	0	0	0	0	0
CBDDTY010003848.1	1	4000	0	0	0	0	0	0
CBDDTY010003852.1	1	4000	0	0	0	0	0	0
CBDDTY010003863.1	1	4000	0	0	0	0	0	0
CBDDTY010003864.1	1	4000	0	0	0	0	0	0
CBDDTY010003867.1	1	4000	0	0	0	0	0	0
CBDDTY010003871.1	1	4000	0	0	0	0	0	0
CBDDTY010003875.1	1	3000	0	0	0	0	0	0
CBDDTY010003880.1	1	3000	0	0	0	0	0	0
CBDDTY010003882.1	1	3000	0	0	0	0	0	0
CBDDTY010003885.1	1	3000	0	0	0	0	0	0
CBDDTY010003887.1	1	3000	0	0	0	0	0	0
CBDDTY010003890.1	1	3000	0	0	0	0	0	0
CBDDTY010003891.1	1	3000	0	0	0	0	0	0
CBDDTY010003892.1	1	3000	0	0	0	0	0	0
CBDDTY010003896.1	1	3000	0	0	0	0	0	0
CBDDTY010003897.1	1	3000	0	0	0	0	0	0
CBDDTY010003898.1	1	3000	0	0	0	0	0	0
CBDDTY010003899.1	1	3000	0	0	0	0	0	0
CBDDTY010003903.1	1	3000	0	0	0	0	0	0
CBDDTY010003908.1	1	3000	0	0	0	0	0	0
CBDDTY010003910.1	1	3000	0	0	0	0	0	0
CBDDTY010003911.1	1	3000	0	0	0	0	0	0
CBDDTY010003913.1	1	3000	0	0	0	0	0	0
CBDDTY010003914.1	1	3000	0	0	0	0	0	0
CBDDTY010003915.1	1	3000	0	0	0	0	0	0
CBDDTY010003925.1	1	3000	0	0	0	0	0	0
CBDDTY010003926.1	1	3000	0	0	0	0	0	0
CBDDTY010003932.1	1	3000	0	0	0	0	0	0
CBDDTY010003941.1	1	3000	0	0	0	0	0	0
CBDDTY010003943.1	1	3000	0	0	0	0	0	0
CBDDTY010003946.1	1	3000	0	0	0	0	0	0
CBDDTY010003949.1	1	3000	0	0	0	0	0	0
CBDDTY010003954.1	1	3000	0	0	0	0	0	0
CBDDTY010003956.1	1	3000	0	0	0	0	0	0
CBDDTY010003960.1	1	3000	0	0	0	0	0	0
CBDDTY010003966.1	1	3000	0	0	0	0	0	0
CBDDTY010003967.1	1	3000	0	0	0	0	0	0
CBDDTY010003974.1	1	3000	0	0	0	0	0	0
CBDDTY010003976.1	1	3000	0	0	0	0	0	0
CBDDTY010003982.1	1	3000	0	0	0	0	0	0
CBDDTY010003989.1	1	3000	0	0	0	0	0	0
CBDDTY010003991.1	1	3000	0	0	0	0	0	0
CBDDTY010003994.1	1	3000	0	0	0	0	0	0
CBDDTY010003996.1	1	3000	0	0	0	0	0	0
CBDDTY010003997.1	1	3000	0	0	0	0	0	0
CBDDTY010004005.1	1	3000	0	0	0	0	0	0
CBDDTY010004012.1	1	3000	0	0	0	0	0	0
CBDDTY010004014.1	1	3000	0	0	0	0	0	0
CBDDTY010004015.1	1	3000	0	0	0	0	0	0
CBDDTY010004024.1	1	3000	0	0	0	0	0	0
CBDDTY010004026.1	1	3000	0	0	0	0	0	0
CBDDTY010004028.1	1	3000	0	0	0	0	0	0
CBDDTY010004042.1	1	3000	0	0	0	0	0	0
CBDDTY010004043.1	1	3000	0	0	0	0	0	0
CBDDTY010004044.1	1	3000	0	0	0	0	0	0
CBDDTY010004047.1	1	3000	0	0	0	0	0	0
CBDDTY010004054.1	1	3000	0	0	0	0	0	0
CBDDTY010004056.1	1	3000	0	0	0	0	0	0
CBDDTY010004058.1	1	3000	0	0	0	0	0	0
CBDDTY010004065.1	1	3000	0	0	0	0	0	0
CBDDTY010004067.1	1	3000	0	0	0	0	0	0
CBDDTY010004075.1	1	3000	0	0	0	0	0	0
CBDDTY010004076.1	1	3000	0	0	0	0	0	0
CBDDTY010004081.1	1	3000	0	0	0	0	0	0
CBDDTY010004084.1	1	3000	0	0	0	0	0	0
CBDDTY010004086.1	1	3000	0	0	0	0	0	0
CBDDTY010004089.1	1	3000	0	0	0	0	0	0
CBDDTY010004094.1	1	3000	0	0	0	0	0	0
CBDDTY010004096.1	1	3000	0	0	0	0	0	0
CBDDTY010004097.1	1	3000	0	0	0	0	0	0
CBDDTY010004101.1	1	3000	0	0	0	0	0	0
CBDDTY010004106.1	1	3000	0	0	0	0	0	0
CBDDTY010004109.1	1	3000	0	0	0	0	0	0
CBDDTY010004110.1	1	3000	0	0	0	0	0	0
CBDDTY010004121.1	1	2000	0	0	0	0	0	0
CBDDTY010004123.1	1	2000	0	0	0	0	0	0
CBDDTY010004125.1	1	2000	0	0	0	0	0	0
CBDDTY010004127.1	1	2000	0	0	0	0	0	0
CBDDTY010004130.1	1	2000	0	0	0	0	0	0
CBDDTY010004132.1	1	2000	0	0	0	0	0	0
CBDDTY010004133.1	1	2000	0	0	0	0	0	0
CBDDTY010004134.1	1	2000	0	0	0	0	0	0
CBDDTY010004135.1	1	2000	0	0	0	0	0	0
CBDDTY010004138.1	1	2000	0	0	0	0	0	0
CBDDTY010004141.1	1	2000	0	0	0	0	0	0
CBDDTY010004143.1	1	2000	0	0	0	0	0	0
CBDDTY010004153.1	1	2000	0	0	0	0	0	0
CBDDTY010004155.1	1	2000	0	0	0	0	0	0
CBDDTY010004160.1	1	2000	0	0	0	0	0	0
CBDDTY010004161.1	1	2000	0	0	0	0	0	0
CBDDTY010004164.1	1	2000	0	0	0	0	0	0
CBDDTY010004166.1	1	2000	0	0	0	0	0	0
CBDDTY010004167.1	1	2000	0	0	0	0	0	0
CBDDTY010004168.1	1	2000	0	0	0	0	0	0
CBDDTY010004170.1	1	2000	0	0	0	0	0	0
CBDDTY010004174.1	1	2000	0	0	0	0	0	0
CBDDTY010004175.1	1	2000	0	0	0	0	0	0
CBDDTY010004176.1	1	2000	0	0	0	0	0	0
CBDDTY010004177.1	1	2000	0	0	0	0	0	0
CBDDTY010004180.1	1	2000	0	0	0	0	0	0
CBDDTY010004181.1	1	2000	0	0	0	0	0	0
CBDDTY010004182.1	1	2000	0	0	0	0	0	0
CBDDTY010004183.1	1	2000	0	0	0	0	0	0
CBDDTY010004184.1	1	2000	0	0	0	0	0	0
CBDDTY010004185.1	1	2000	0	0	0	0	0	0
CBDDTY010004187.1	1	2000	0	0	0	0	0	0
CBDDTY010004188.1	1	2000	0	0	0	0	0	0
CBDDTY010004190.1	1	2000	0	0	0	0	0	0
CBDDTY010004191.1	1	2000	0	0	0	0	0	0
CBDDTY010004193.1	1	2000	0	0	0	0	0	0
CBDDTY010004194.1	1	2000	0	0	0	0	0	0
CBDDTY010004195.1	1	2000	0	0	0	0	0	0
CBDDTY010004197.1	1	2000	0	0	0	0	0	0
CBDDTY010004199.1	1	2000	0	0	0	0	0	0
CBDDTY010004202.1	1	2000	0	0	0	0	0	0
CBDDTY010004205.1	1	2000	0	0	0	0	0	0
CBDDTY010004206.1	1	2000	0	0	0	0	0	0
CBDDTY010004208.1	1	2000	0	0	0	0	0	0
CBDDTY010004211.1	1	2000	0	0	0	0	0	0
CBDDTY010004217.1	1	2000	0	0	0	0	0	0
CBDDTY010004219.1	1	2000	0	0	0	0	0	0
CBDDTY010004220.1	1	2000	0	0	0	0	0	0
CBDDTY010004221.1	1	2000	0	0	0	0	0	0
CBDDTY010004226.1	1	2000	0	0	0	0	0	0
CBDDTY010004230.1	1	2000	0	0	0	0	0	0
CBDDTY010004232.1	1	2000	0	0	0	0	0	0
CBDDTY010004234.1	1	2000	0	0	0	0	0	0
CBDDTY010004238.1	1	2000	0	0	0	0	0	0
CBDDTY010004239.1	1	2000	0	0	0	0	0	0
CBDDTY010004240.1	1	2000	0	0	0	0	0	0
CBDDTY010004244.1	1	2000	0	0	0	0	0	0
CBDDTY010004245.1	1	2000	0	0	0	0	0	0
CBDDTY010004250.1	1	2000	0	0	0	0	0	0
CBDDTY010004251.1	1	2000	0	0	0	0	0	0
CBDDTY010004253.1	1	2000	0	0	0	0	0	0
CBDDTY010004254.1	1	2000	0	0	0	0	0	0
CBDDTY010004261.1	1	2000	0	0	0	0	0	0
CBDDTY010004263.1	1	2000	0	0	0	0	0	0
CBDDTY010004265.1	1	2000	0	0	0	0	0	0
CBDDTY010004266.1	1	2000	0	0	0	0	0	0
CBDDTY010004269.1	1	2000	0	0	0	0	0	0
CBDDTY010004279.1	1	2000	0	0	0	0	0	0
CBDDTY010004280.1	1	2000	0	0	0	0	0	0
CBDDTY010004282.1	1	2000	0	0	0	0	0	0
CBDDTY010004283.1	1	2000	0	0	0	0	0	0
CBDDTY010004284.1	1	2000	0	0	0	0	0	0
CBDDTY010004285.1	1	2000	0	0	0	0	0	0
CBDDTY010004287.1	1	2000	0	0	0	0	0	0
CBDDTY010004291.1	1	2000	0	0	0	0	0	0
CBDDTY010004292.1	1	2000	0	0	0	0	0	0
CBDDTY010004293.1	1	2000	0	0	0	0	0	0
CBDDTY010004295.1	1	2000	0	0	0	0	0	0
CBDDTY010004296.1	1	2000	0	0	0	0	0	0
CBDDTY010004297.1	1	2000	0	0	0	0	0	0
CBDDTY010004298.1	1	2000	0	0	0	0	0	0
CBDDTY010004299.1	1	2000	0	0	0	0	0	0
CBDDTY010004300.1	1	2000	0	0	0	0	0	0
CBDDTY010004302.1	1	2000	0	0	0	0	0	0
CBDDTY010004303.1	1	2000	0	0	0	0	0	0
CBDDTY010004305.1	1	2000	0	0	0	0	0	0
CBDDTY010004306.1	1	2000	0	0	0	0	0	0
CBDDTY010004308.1	1	2000	0	0	0	0	0	0
CBDDTY010004311.1	1	2000	0	0	0	0	0	0
CBDDTY010004312.1	1	2000	0	0	0	0	0	0
CBDDTY010004313.1	1	2000	0	0	0	0	0	0
CBDDTY010004314.1	1	2000	0	0	0	0	0	0
CBDDTY010004316.1	1	2000	0	0	0	0	0	0
CBDDTY010004319.1	1	2000	0	0	0	0	0	0
CBDDTY010004321.1	1	2000	0	0	0	0	0	0
CBDDTY010004326.1	1	2000	0	0	0	0	0	0
CBDDTY010004330.1	1	2000	0	0	0	0	0	0
CBDDTY010004331.1	1	2000	0	0	0	0	0	0
CBDDTY010004333.1	1	2000	0	0	0	0	0	0
CBDDTY010004336.1	1	2000	0	0	0	0	0	0
CBDDTY010004337.1	1	2000	0	0	0	0	0	0
CBDDTY010004341.1	1	2000	0	0	0	0	0	0
CBDDTY010004342.1	1	2000	0	0	0	0	0	0
CBDDTY010004344.1	1	2000	0	0	0	0	0	0
CBDDTY010004346.1	1	2000	0	0	0	0	0	0
CBDDTY010004347.1	1	2000	0	0	0	0	0	0
CBDDTY010004349.1	1	2000	0	0	0	0	0	0
CBDDTY010004350.1	1	2000	0	0	0	0	0	0
CBDDTY010004352.1	1	2000	0	0	0	0	0	0
CBDDTY010004354.1	1	2000	0	0	0	0	0	0
CBDDTY010004355.1	1	2000	0	0	0	0	0	0
CBDDTY010004356.1	1	2000	0	0	0	0	0	0
CBDDTY010004357.1	1	2000	0	0	0	0	0	0
CBDDTY010004360.1	1	2000	0	0	0	0	0	0
CBDDTY010004362.1	1	2000	0	0	0	0	0	0
CBDDTY010004366.1	1	2000	0	0	0	0	0	0
CBDDTY010004370.1	1	2000	0	0	0	0	0	0
CBDDTY010004373.1	1	2000	0	0	0	0	0	0
CBDDTY010004374.1	1	2000	0	0	0	0	0	0
CBDDTY010004375.1	1	2000	0	0	0	0	0	0
CBDDTY010004379.1	1	2000	0	0	0	0	0	0
CBDDTY010004381.1	1	2000	0	0	0	0	0	0
CBDDTY010004384.1	1	2000	0	0	0	0	0	0
CBDDTY010004386.1	1	2000	0	0	0	0	0	0
CBDDTY010004396.1	1	2000	0	0	0	0	0	0
CBDDTY010004397.1	1	2000	0	0	0	0	0	0
CBDDTY010004398.1	1	2000	0	0	0	0	0	0
CBDDTY010004399.1	1	2000	0	0	0	0	0	0
CBDDTY010004402.1	1	2000	0	0	0	0	0	0
CBDDTY010004404.1	1	2000	0	0	0	0	0	0
CBDDTY010004409.1	1	2000	0	0	0	0	0	0
CBDDTY010004412.1	1	2000	0	0	0	0	0	0
CBDDTY010004413.1	1	2000	0	0	0	0	0	0
CBDDTY010004415.1	1	2000	0	0	0	0	0	0
CBDDTY010004416.1	1	2000	0	0	0	0	0	0
CBDDTY010004419.1	1	2000	0	0	0	0	0	0
CBDDTY010004420.1	1	2000	0	0	0	0	0	0
CBDDTY010004421.1	1	2000	0	0	0	0	0	0
CBDDTY010004423.1	1	2000	0	0	0	0	0	0
CBDDTY010004426.1	1	2000	0	0	0	0	0	0
CBDDTY010004427.1	1	2000	0	0	0	0	0	0
CBDDTY010004428.1	1	2000	0	0	0	0	0	0
CBDDTY010004429.1	1	2000	0	0	0	0	0	0
CBDDTY010004430.1	1	2000	0	0	0	0	0	0
CBDDTY010004435.1	1	2000	0	0	0	0	0	0
CBDDTY010004439.1	1	2000	0	0	0	0	0	0
CBDDTY010004442.1	1	2000	0	0	0	0	0	0
CBDDTY010004443.1	1	2000	0	0	0	0	0	0
CBDDTY010004445.1	1	2000	0	0	0	0	0	0
CBDDTY010004447.1	1	2000	0	0	0	0	0	0
CBDDTY010004449.1	1	2000	0	0	0	0	0	0
CBDDTY010004450.1	1	2000	0	0	0	0	0	0
CBDDTY010004456.1	1	2000	0	0	0	0	0	0
CBDDTY010004458.1	1	2000	0	0	0	0	0	0
CBDDTY010004461.1	1	2000	0	0	0	0	0	0
CBDDTY010004462.1	1	2000	0	0	0	0	0	0
CBDDTY010004464.1	1	2000	0	0	0	0	0	0
CBDDTY010004469.1	1	2000	0	0	0	0	0	0
CBDDTY010004470.1	1	2000	0	0	0	0	0	0
CBDDTY010004471.1	1	2000	0	0	0	0	0	0
CBDDTY010004476.1	1	2000	0	0	0	0	0	0
CBDDTY010004477.1	1	2000	0	0	0	0	0	0
CBDDTY010004478.1	1	2000	0	0	0	0	0	0
CBDDTY010004479.1	1	2000	0	0	0	0	0	0
CBDDTY010004481.1	1	2000	0	0	0	0	0	0
CBDDTY010004483.1	1	2000	0	0	0	0	0	0
CBDDTY010004484.1	1	2000	0	0	0	0	0	0
CBDDTY010004488.1	1	2000	0	0	0	0	0	0
CBDDTY010004490.1	1	2000	0	0	0	0	0	0
CBDDTY010004491.1	1	2000	0	0	0	0	0	0
CBDDTY010004492.1	1	2000	0	0	0	0	0	0
CBDDTY010004495.1	1	2000	0	0	0	0	0	0
CBDDTY010004498.1	1	2000	0	0	0	0	0	0
CBDDTY010004499.1	1	2000	0	0	0	0	0	0
CBDDTY010004505.1	1	2000	0	0	0	0	0	0
CBDDTY010004506.1	1	2000	0	0	0	0	0	0
CBDDTY010004507.1	1	2000	0	0	0	0	0	0
CBDDTY010004514.1	1	2000	0	0	0	0	0	0
CBDDTY010004515.1	1	2000	0	0	0	0	0	0
CBDDTY010004518.1	1	2000	0	0	0	0	0	0
CBDDTY010004520.1	1	2000	0	0	0	0	0	0
CBDDTY010004522.1	1	2000	0	0	0	0	0	0
CBDDTY010004523.1	1	2000	0	0	0	0	0	0
CBDDTY010004524.1	1	2000	0	0	0	0	0	0
CBDDTY010004528.1	1	2000	0	0	0	0	0	0
CBDDTY010004529.1	1	2000	0	0	0	0	0	0
CBDDTY010004530.1	1	2000	0	0	0	0	0	0
CBDDTY010004535.1	1	2000	0	0	0	0	0	0
CBDDTY010004538.1	1	2000	0	0	0	0	0	0
CBDDTY010004539.1	1	2000	0	0	0	0	0	0
CBDDTY010004541.1	1	2000	0	0	0	0	0	0
CBDDTY010004542.1	1	2000	0	0	0	0	0	0
CBDDTY010004543.1	1	2000	0	0	0	0	0	0
CBDDTY010004544.1	1	2000	0	0	0	0	0	0
CBDDTY010004546.1	1	2000	0	0	0	0	0	0
CBDDTY010004549.1	1	2000	0	0	0	0	0	0
CBDDTY010004550.1	1	2000	0	0	0	0	0	0
CBDDTY010004551.1	1	2000	0	0	0	0	0	0
CBDDTY010004554.1	1	2000	0	0	0	0	0	0
CBDDTY010004555.1	1	2000	0	0	0	0	0	0
CBDDTY010004557.1	1	2000	0	0	0	0	0	0
CBDDTY010004560.1	1	2000	0	0	0	0	0	0
CBDDTY010004565.1	1	2000	0	0	0	0	0	0
CBDDTY010004568.1	1	2000	0	0	0	0	0	0
CBDDTY010004569.1	1	2000	0	0	0	0	0	0
CBDDTY010004570.1	1	2000	0	0	0	0	0	0
CBDDTY010004572.1	1	2000	0	0	0	0	0	0
CBDDTY010004574.1	1	2000	0	0	0	0	0	0
CBDDTY010004578.1	1	2000	0	0	0	0	0	0
CBDDTY010004581.1	1	2000	0	0	0	0	0	0
CBDDTY010004582.1	1	2000	0	0	0	0	0	0
CBDDTY010004587.1	1	2000	0	0	0	0	0	0
CBDDTY010004588.1	1	2000	0	0	0	0	0	0
CBDDTY010004589.1	1	2000	0	0	0	0	0	0
CBDDTY010004596.1	1	2000	0	0	0	0	0	0
CBDDTY010004598.1	1	2000	0	0	0	0	0	0
CBDDTY010004599.1	1	2000	0	0	0	0	0	0
CBDDTY010004600.1	1	2000	0	0	0	0	0	0
CBDDTY010004602.1	1	2000	0	0	0	0	0	0
CBDDTY010004603.1	1	1000	0	0	0	0	0	0
CBDDTY010004604.1	1	1000	0	0	0	0	0	0
CBDDTY010004605.1	1	1000	0	0	0	0	0	0
CBDDTY010004607.1	1	1000	0	0	0	0	0	0
CBDDTY010004608.1	1	1000	0	0	0	0	0	0
CBDDTY010004609.1	1	1000	0	0	0	0	0	0
CBDDTY010004610.1	1	1000	0	0	0	0	0	0
CBDDTY010004613.1	1	1000	0	0	0	0	0	0
CBDDTY010004614.1	1	1000	0	0	0	0	0	0
CBDDTY010004615.1	1	1000	0	0	0	0	0	0
CBDDTY010004617.1	1	1000	0	0	0	0	0	0
CBDDTY010004618.1	1	1000	0	0	0	0	0	0
CBDDTY010004619.1	1	1000	0	0	0	0	0	0
CBDDTY010004620.1	1	1000	0	0	0	0	0	0
CBDDTY010004622.1	1	1000	0	0	0	0	0	0
CBDDTY010004623.1	1	1000	0	0	0	0	0	0
CBDDTY010004624.1	1	1000	0	0	0	0	0	0
CBDDTY010004625.1	1	1000	0	0	0	0	0	0
CBDDTY010004626.1	1	1000	0	0	0	0	0	0
CBDDTY010004628.1	1	1000	0	0	0	0	0	0
CBDDTY010004630.1	1	1000	0	0	0	0	0	0
CBDDTY010004632.1	1	1000	0	0	0	0	0	0
CBDDTY010004633.1	1	1000	0	0	0	0	0	0
CBDDTY010004634.1	1	1000	0	0	0	0	0	0
CBDDTY010004636.1	1	1000	0	0	0	0	0	0
CBDDTY010004637.1	1	1000	0	0	0	0	0	0
CBDDTY010004638.1	1	1000	0	0	0	0	0	0
CBDDTY010004641.1	1	1000	0	0	0	0	0	0
CBDDTY010004643.1	1	1000	0	0	0	0	0	0
CBDDTY010004644.1	1	1000	0	0	0	0	0	0
CBDDTY010004647.1	1	1000	0	0	0	0	0	0
CBDDTY010004648.1	1	1000	0	0	0	0	0	0
CBDDTY010004650.1	1	1000	0	0	0	0	0	0
CBDDTY010004651.1	1	1000	0	0	0	0	0	0
CBDDTY010004653.1	1	1000	0	0	0	0	0	0
CBDDTY010004655.1	1	1000	0	0	0	0	0	0
CBDDTY010004656.1	1	1000	0	0	0	0	0	0
CBDDTY010004658.1	1	1000	0	0	0	0	0	0
CBDDTY010004661.1	1	1000	0	0	0	0	0	0
CBDDTY010004663.1	1	1000	0	0	0	0	0	0
CBDDTY010004664.1	1	1000	0	0	0	0	0	0
CBDDTY010004665.1	1	1000	0	0	0	0	0	0
CBDDTY010004666.1	1	1000	0	0	0	0	0	0
CBDDTY010004667.1	1	1000	0	0	0	0	0	0
CBDDTY010004669.1	1	1000	0	0	0	0	0	0
CBDDTY010004670.1	1	1000	0	0	0	0	0	0
CBDDTY010004673.1	1	1000	0	0	0	0	0	0
CBDDTY010004674.1	1	1000	0	0	0	0	0	0
CBDDTY010004675.1	1	1000	0	0	0	0	0	0
CBDDTY010004676.1	1	1000	0	0	0	0	0	0
CBDDTY010004678.1	1	1000	0	0	0	0	0	0
CBDDTY010004681.1	1	1000	0	0	0	0	0	0
CBDDTY010004682.1	1	1000	0	0	0	0	0	0
CBDDTY010004683.1	1	1000	0	0	0	0	0	0
CBDDTY010004684.1	1	1000	0	0	0	0	0	0
CBDDTY010004686.1	1	1000	0	0	0	0	0	0
CBDDTY010004690.1	1	1000	0	0	0	0	0	0
CBDDTY010004692.1	1	1000	0	0	0	0	0	0
CBDDTY010004693.1	1	1000	0	0	0	0	0	0
CBDDTY010004694.1	1	1000	0	0	0	0	0	0
CBDDTY010004695.1	1	1000	0	0	0	0	0	0
CBDDTY010004698.1	1	1000	0	0	0	0	0	0
CBDDTY010004699.1	1	1000	0	0	0	0	0	0
CBDDTY010004700.1	1	1000	0	0	0	0	0	0
CBDDTY010004701.1	1	1000	0	0	0	0	0	0
CBDDTY010004702.1	1	1000	0	0	0	0	0	0
CBDDTY010004703.1	1	1000	0	0	0	0	0	0
CBDDTY010004704.1	1	1000	0	0	0	0	0	0
CBDDTY010004705.1	1	1000	0	0	0	0	0	0
CBDDTY010004706.1	1	1000	0	0	0	0	0	0
CBDDTY010004707.1	1	1000	0	0	0	0	0	0
CBDDTY010004709.1	1	1000	0	0	0	0	0	0
CBDDTY010004710.1	1	1000	0	0	0	0	0	0
CBDDTY010004711.1	1	1000	0	0	0	0	0	0
CBDDTY010004713.1	1	1000	0	0	0	0	0	0
CBDDTY010004715.1	1	1000	0	0	0	0	0	0
CBDDTY010004716.1	1	1000	0	0	0	0	0	0
CBDDTY010004717.1	1	1000	0	0	0	0	0	0
CBDDTY010004721.1	1	1000	0	0	0	0	0	0
CBDDTY010004724.1	1	1000	0	0	0	0	0	0
CBDDTY010004725.1	1	1000	0	0	0	0	0	0
CBDDTY010004726.1	1	1000	0	0	0	0	0	0
CBDDTY010004728.1	1	1000	0	0	0	0	0	0
CBDDTY010004729.1	1	1000	0	0	0	0	0	0
CBDDTY010004730.1	1	1000	0	0	0	0	0	0
CBDDTY010004731.1	1	1000	0	0	0	0	0	0
CBDDTY010004732.1	1	1000	0	0	0	0	0	0
CBDDTY010004733.1	1	1000	0	0	0	0	0	0
CBDDTY010004736.1	1	1000	0	0	0	0	0	0
CBDDTY010004737.1	1	1000	0	0	0	0	0	0
CBDDTY010004738.1	1	1000	0	0	0	0	0	0
CBDDTY010004739.1	1	1000	0	0	0	0	0	0
CBDDTY010004740.1	1	1000	0	0	0	0	0	0
CBDDTY010004741.1	1	1000	0	0	0	0	0	0
CBDDTY010004747.1	1	1000	0	0	0	0	0	0
CBDDTY010004748.1	1	1000	0	0	0	0	0	0
CBDDTY010004751.1	1	1000	0	0	0	0	0	0
CBDDTY010004757.1	1	1000	0	0	0	0	0	0
CBDDTY010004759.1	1	1000	0	0	0	0	0	0
CBDDTY010004760.1	1	1000	0	0	0	0	0	0
CBDDTY010004762.1	1	1000	0	0	0	0	0	0
CBDDTY010004764.1	1	1000	0	0	0	0	0	0
CBDDTY010004765.1	1	1000	0	0	0	0	0	0
CBDDTY010004766.1	1	1000	0	0	0	0	0	0
CBDDTY010004767.1	1	1000	0	0	0	0	0	0
CBDDTY010004768.1	1	1000	0	0	0	0	0	0
CBDDTY010004769.1	1	1000	0	0	0	0	0	0
CBDDTY010004771.1	1	1000	0	0	0	0	0	0
CBDDTY010004776.1	1	1000	0	0	0	0	0	0
CBDDTY010004778.1	1	1000	0	0	0	0	0	0
CBDDTY010004781.1	1	1000	0	0	0	0	0	0
CBDDTY010004782.1	1	1000	0	0	0	0	0	0
CBDDTY010004785.1	1	1000	0	0	0	0	0	0
CBDDTY010004787.1	1	1000	0	0	0	0	0	0
CBDDTY010004788.1	1	1000	0	0	0	0	0	0
CBDDTY010004789.1	1	1000	0	0	0	0	0	0
CBDDTY010004791.1	1	1000	0	0	0	0	0	0
CBDDTY010004792.1	1	1000	0	0	0	0	0	0
CBDDTY010004796.1	1	1000	0	0	0	0	0	0
CBDDTY010004799.1	1	1000	0	0	0	0	0	0
CBDDTY010004800.1	1	1000	0	0	0	0	0	0
CBDDTY010004802.1	1	1000	0	0	0	0	0	0
CBDDTY010004803.1	1	1000	0	0	0	0	0	0
CBDDTY010004804.1	1	1000	0	0	0	0	0	0
CBDDTY010004806.1	1	1000	0	0	0	0	0	0
CBDDTY010004807.1	1	1000	0	0	0	0	0	0
CBDDTY010004811.1	1	1000	0	0	0	0	0	0
CBDDTY010004812.1	1	1000	0	0	0	0	0	0
CBDDTY010004816.1	1	1000	0	0	0	0	0	0
CBDDTY010004817.1	1	1000	0	0	0	0	0	0
CBDDTY010004818.1	1	1000	0	0	0	0	0	0
CBDDTY010004822.1	1	1000	0	0	0	0	0	0
CBDDTY010004826.1	1	1000	0	0	0	0	0	0
CBDDTY010004828.1	1	1000	0	0	0	0	0	0
CBDDTY010004830.1	1	1000	0	0	0	0	0	0
CBDDTY010004832.1	1	1000	0	0	0	0	0	0
CBDDTY010004833.1	1	1000	0	0	0	0	0	0
CBDDTY010004834.1	1	1000	0	0	0	0	0	0
CBDDTY010004835.1	1	1000	0	0	0	0	0	0
CBDDTY010004836.1	1	1000	0	0	0	0	0	0
CBDDTY010004837.1	1	1000	0	0	0	0	0	0
CBDDTY010004839.1	1	1000	0	0	0	0	0	0
CBDDTY010004842.1	1	1000	0	0	0	0	0	0
CBDDTY010004843.1	1	1000	0	0	0	0	0	0
CBDDTY010004844.1	1	1000	0	0	0	0	0	0
CBDDTY010004845.1	1	1000	0	0	0	0	0	0
CBDDTY010004846.1	1	1000	0	0	0	0	0	0
CBDDTY010004848.1	1	1000	0	0	0	0	0	0
CBDDTY010004849.1	1	1000	0	0	0	0	0	0
CBDDTY010004852.1	1	1000	0	0	0	0	0	0
CBDDTY010004853.1	1	1000	0	0	0	0	0	0
CBDDTY010004855.1	1	1000	0	0	0	0	0	0
CBDDTY010004856.1	1	1000	0	0	0	0	0	0
CBDDTY010004857.1	1	1000	0	0	0	0	0	0
CBDDTY010004858.1	1	1000	0	0	0	0	0	0
CBDDTY010004860.1	1	1000	0	0	0	0	0	0
CBDDTY010004861.1	1	1000	0	0	0	0	0	0
CBDDTY010004862.1	1	1000	0	0	0	0	0	0
CBDDTY010004865.1	1	1000	0	0	0	0	0	0
CBDDTY010004868.1	1	1000	0	0	0	0	0	0
CBDDTY010004869.1	1	1000	0	0	0	0	0	0
CBDDTY010004870.1	1	1000	0	0	0	0	0	0
CBDDTY010004872.1	1	1000	0	0	0	0	0	0
CBDDTY010004875.1	1	1000	0	0	0	0	0	0
CBDDTY010004876.1	1	1000	0	0	0	0	0	0
CBDDTY010004877.1	1	1000	0	0	0	0	0	0
CBDDTY010004881.1	1	1000	0	0	0	0	0	0
CBDDTY010004882.1	1	1000	0	0	0	0	0	0
CBDDTY010004883.1	1	1000	0	0	0	0	0	0
CBDDTY010004884.1	1	1000	0	0	0	0	0	0
CBDDTY010004885.1	1	1000	0	0	0	0	0	0
CBDDTY010004889.1	1	1000	0	0	0	0	0	0
CBDDTY010004890.1	1	1000	0	0	0	0	0	0
CBDDTY010004891.1	1	1000	0	0	0	0	0	0
CBDDTY010004893.1	1	1000	0	0	0	0	0	0
CBDDTY010004895.1	1	1000	0	0	0	0	0	0
CBDDTY010004897.1	1	1000	0	0	0	0	0	0
CBDDTY010004898.1	1	1000	0	0	0	0	0	0
CBDDTY010004901.1	1	1000	0	0	0	0	0	0
CBDDTY010004904.1	1	1000	0	0	0	0	0	0
CBDDTY010004905.1	1	1000	0	0	0	0	0	0
CBDDTY010004906.1	1	1000	0	0	0	0	0	0
CBDDTY010004908.1	1	1000	0	0	0	0	0	0
CBDDTY010004909.1	1	1000	0	0	0	0	0	0
CBDDTY010004911.1	1	1000	0	0	0	0	0	0
CBDDTY010004912.1	1	1000	0	0	0	0	0	0
CBDDTY010004913.1	1	1000	0	0	0	0	0	0
CBDDTY010004914.1	1	1000	0	0	0	0	0	0
CBDDTY010004915.1	1	1000	0	0	0	0	0	0
CBDDTY010004916.1	1	1000	0	0	0	0	0	0
CBDDTY010004917.1	1	1000	0	0	0	0	0	0
CBDDTY010004918.1	1	1000	0	0	0	0	0	0
CBDDTY010004920.1	1	1000	0	0	0	0	0	0
CBDDTY010004922.1	1	1000	0	0	0	0	0	0
CBDDTY010004924.1	1	1000	0	0	0	0	0	0
CBDDTY010004925.1	1	1000	0	0	0	0	0	0
CBDDTY010004926.1	1	1000	0	0	0	0	0	0
CBDDTY010004927.1	1	1000	0	0	0	0	0	0
CBDDTY010004928.1	1	1000	0	0	0	0	0	0
CBDDTY010004929.1	1	1000	0	0	0	0	0	0
CBDDTY010004930.1	1	1000	0	0	0	0	0	0
CBDDTY010004931.1	1	1000	0	0	0	0	0	0
CBDDTY010004935.1	1	1000	0	0	0	0	0	0
CBDDTY010004936.1	1	1000	0	0	0	0	0	0
CBDDTY010004937.1	1	1000	0	0	0	0	0	0
CBDDTY010004940.1	1	1000	0	0	0	0	0	0
CBDDTY010004941.1	1	1000	0	0	0	0	0	0
CBDDTY010004944.1	1	1000	0	0	0	0	0	0
CBDDTY010004945.1	1	1000	0	0	0	0	0	0
CBDDTY010004946.1	1	1000	0	0	0	0	0	0
CBDDTY010004947.1	1	1000	0	0	0	0	0	0
CBDDTY010004948.1	1	1000	0	0	0	0	0	0
CBDDTY010004949.1	1	1000	0	0	0	0	0	0
CBDDTY010004950.1	1	1000	0	0	0	0	0	0
CBDDTY010004951.1	1	1000	0	0	0	0	0	0
CBDDTY010004953.1	1	1000	0	0	0	0	0	0
CBDDTY010004954.1	1	1000	0	0	0	0	0	0
CBDDTY010004958.1	1	1000	0	0	0	0	0	0
CBDDTY010004959.1	1	1000	0	0	0	0	0	0
CBDDTY010004961.1	1	1000	0	0	0	0	0	0
CBDDTY010004962.1	1	1000	0	0	0	0	0	0
CBDDTY010004963.1	1	1000	0	0	0	0	0	0
CBDDTY010004966.1	1	1000	0	0	0	0	0	0
CBDDTY010004968.1	1	1000	0	0	0	0	0	0
CBDDTY010004969.1	1	1000	0	0	0	0	0	0
CBDDTY010004971.1	1	1000	0	0	0	0	0	0
CBDDTY010004974.1	1	1000	0	0	0	0	0	0
CBDDTY010004977.1	1	1000	0	0	0	0	0	0
CBDDTY010004978.1	1	1000	0	0	0	0	0	0
CBDDTY010004979.1	1	1000	0	0	0	0	0	0
CBDDTY010004981.1	1	1000	0	0	0	0	0	0
CBDDTY010004983.1	1	1000	0	0	0	0	0	0
CBDDTY010004985.1	1	1000	0	0	0	0	0	0
CBDDTY010004987.1	1	1000	0	0	0	0	0	0
CBDDTY010004988.1	1	1000	0	0	0	0	0	0
CBDDTY010004989.1	1	1000	0	0	0	0	0	0
CBDDTY010004991.1	1	1000	0	0	0	0	0	0
CBDDTY010004992.1	1	1000	0	0	0	0	0	0
CBDDTY010004993.1	1	1000	0	0	0	0	0	0
CBDDTY010004994.1	1	1000	0	0	0	0	0	0
CBDDTY010004996.1	1	1000	0	0	0	0	0	0
CBDDTY010005002.1	1	1000	0	0	0	0	0	0
CBDDTY010005004.1	1	1000	0	0	0	0	0	0
CBDDTY010005009.1	1	1000	0	0	0	0	0	0
CBDDTY010005010.1	1	1000	0	0	0	0	0	0
CBDDTY010005011.1	1	1000	0	0	0	0	0	0
CBDDTY010005012.1	1	1000	0	0	0	0	0	0
CBDDTY010005013.1	1	1000	0	0	0	0	0	0
CBDDTY010005014.1	1	1000	0	0	0	0	0	0
CBDDTY010005015.1	1	1000	0	0	0	0	0	0
CBDDTY010005016.1	1	1000	0	0	0	0	0	0
CBDDTY010005017.1	1	1000	0	0	0	0	0	0
CBDDTY010005018.1	1	1000	0	0	0	0	0	0
CBDDTY010005019.1	1	1000	0	0	0	0	0	0
CBDDTY010005022.1	1	1000	0	0	0	0	0	0
CBDDTY010005024.1	1	1000	0	0	0	0	0	0
CBDDTY010005025.1	1	1000	0	0	0	0	0	0
CBDDTY010005026.1	1	1000	0	0	0	0	0	0
CBDDTY010005027.1	1	1000	0	0	0	0	0	0
CBDDTY010005028.1	1	1000	0	0	0	0	0	0
CBDDTY010005029.1	1	1000	0	0	0	0	0	0
CBDDTY010005033.1	1	1000	0	0	0	0	0	0
CBDDTY010005036.1	1	1000	0	0	0	0	0	0
CBDDTY010005037.1	1	1000	0	0	0	0	0	0
CBDDTY010005038.1	1	1000	0	0	0	0	0	0
CBDDTY010005039.1	1	1000	0	0	0	0	0	0
CBDDTY010005040.1	1	1000	0	0	0	0	0	0
CBDDTY010005042.1	1	1000	0	0	0	0	0	0
CBDDTY010005043.1	1	1000	0	0	0	0	0	0
CBDDTY010005044.1	1	1000	0	0	0	0	0	0
CBDDTY010005046.1	1	1000	0	0	0	0	0	0
CBDDTY010005047.1	1	1000	0	0	0	0	0	0
CBDDTY010005048.1	1	1000	0	0	0	0	0	0
CBDDTY010005049.1	1	1000	0	0	0	0	0	0
CBDDTY010005050.1	1	1000	0	0	0	0	0	0
CBDDTY010005052.1	1	1000	0	0	0	0	0	0
CBDDTY010005054.1	1	1000	0	0	0	0	0	0
CBDDTY010005055.1	1	1000	0	0	0	0	0	0
CBDDTY010005057.1	1	1000	0	0	0	0	0	0
CBDDTY010005059.1	1	1000	0	0	0	0	0	0
CBDDTY010005060.1	1	1000	0	0	0	0	0	0
CBDDTY010005063.1	1	1000	0	0	0	0	0	0
CBDDTY010005064.1	1	1000	0	0	0	0	0	0
CBDDTY010005065.1	1	1000	0	0	0	0	0	0
CBDDTY010005068.1	1	1000	0	0	0	0	0	0
CBDDTY010005069.1	1	1000	0	0	0	0	0	0
CBDDTY010005072.1	1	1000	0	0	0	0	0	0
CBDDTY010005074.1	1	1000	0	0	0	0	0	0
CBDDTY010005075.1	1	1000	0	0	0	0	0	0
CBDDTY010005076.1	1	1000	0	0	0	0	0	0
CBDDTY010005077.1	1	1000	0	0	0	0	0	0
CBDDTY010005079.1	1	1000	0	0	0	0	0	0
CBDDTY010005081.1	1	1000	0	0	0	0	0	0
CBDDTY010005082.1	1	1000	0	0	0	0	0	0
CBDDTY010005083.1	1	1000	0	0	0	0	0	0
CBDDTY010005086.1	1	1000	0	0	0	0	0	0
CBDDTY010005087.1	1	1000	0	0	0	0	0	0
CBDDTY010005092.1	1	1000	0	0	0	0	0	0
CBDDTY010005097.1	1	1000	0	0	0	0	0	0
CBDDTY010005100.1	1	1000	0	0	0	0	0	0
CBDDTY010005104.1	1	1000	0	0	0	0	0	0
CBDDTY010005105.1	1	1000	0	0	0	0	0	0
CBDDTY010005109.1	1	1000	0	0	0	0	0	0
CBDDTY010005110.1	1	1000	0	0	0	0	0	0
CBDDTY010005111.1	1	1000	0	0	0	0	0	0
CBDDTY010005112.1	1	1000	0	0	0	0	0	0
CBDDTY010005114.1	1	1000	0	0	0	0	0	0
CBDDTY010005117.1	1	1000	0	0	0	0	0	0
CBDDTY010005118.1	1	1000	0	0	0	0	0	0
CBDDTY010005119.1	1	1000	0	0	0	0	0	0
CBDDTY010005120.1	1	1000	0	0	0	0	0	0
CBDDTY010005123.1	1	1000	0	0	0	0	0	0
CBDDTY010005124.1	1	1000	0	0	0	0	0	0
CBDDTY010005125.1	1	1000	0	0	0	0	0	0
CBDDTY010005128.1	1	1000	0	0	0	0	0	0
CBDDTY010005131.1	1	1000	0	0	0	0	0	0
CBDDTY010005133.1	1	1000	0	0	0	0	0	0
CBDDTY010005135.1	1	1000	0	0	0	0	0	0
CBDDTY010005139.1	1	1000	0	0	0	0	0	0
CBDDTY010005140.1	1	1000	0	0	0	0	0	0
CBDDTY010005141.1	1	1000	0	0	0	0	0	0
CBDDTY010005143.1	1	1000	0	0	0	0	0	0
CBDDTY010005144.1	1	1000	0	0	0	0	0	0
CBDDTY010005145.1	1	1000	0	0	0	0	0	0
CBDDTY010005148.1	1	1000	0	0	0	0	0	0
CBDDTY010005149.1	1	1000	0	0	0	0	0	0
CBDDTY010005152.1	1	1000	0	0	0	0	0	0
CBDDTY010005155.1	1	1000	0	0	0	0	0	0
CBDDTY010005157.1	1	1000	0	0	0	0	0	0
CBDDTY010005159.1	1	1000	0	0	0	0	0	0
CBDDTY010005161.1	1	1000	0	0	0	0	0	0
CBDDTY010005162.1	1	1000	0	0	0	0	0	0
CBDDTY010005163.1	1	1000	0	0	0	0	0	0
CBDDTY010005164.1	1	1000	0	0	0	0	0	0
CBDDTY010005165.1	1	1000	0	0	0	0	0	0
CBDDTY010005166.1	1	1000	0	0	0	0	0	0
CBDDTY010005169.1	1	1000	0	0	0	0	0	0
CBDDTY010005170.1	1	1000	0	0	0	0	0	0
CBDDTY010005174.1	1	1000	0	0	0	0	0	0
CBDDTY010005175.1	1	1000	0	0	0	0	0	0
CBDDTY010005176.1	1	1000	0	0	0	0	0	0
CBDDTY010005177.1	1	1000	0	0	0	0	0	0
CBDDTY010005178.1	1	1000	0	0	0	0	0	0
CBDDTY010005179.1	1	1000	0	0	0	0	0	0
CBDDTY010005180.1	1	1000	0	0	0	0	0	0
CBDDTY010005182.1	1	1000	0	0	0	0	0	0
CBDDTY010005184.1	1	1000	0	0	0	0	0	0
CBDDTY010005185.1	1	1000	0	0	0	0	0	0
CBDDTY010005186.1	1	1000	0	0	0	0	0	0
CBDDTY010005189.1	1	1000	0	0	0	0	0	0
CBDDTY010005190.1	1	1000	0	0	0	0	0	0
CBDDTY010005191.1	1	1000	0	0	0	0	0	0
CBDDTY010005193.1	1	1000	0	0	0	0	0	0
CBDDTY010005194.1	1	1000	0	0	0	0	0	0
CBDDTY010005196.1	1	1000	0	0	0	0	0	0
CBDDTY010005197.1	1	1000	0	0	0	0	0	0
CBDDTY010005198.1	1	1000	0	0	0	0	0	0
CBDDTY010005199.1	1	1000	0	0	0	0	0	0
CBDDTY010005201.1	1	1000	0	0	0	0	0	0
CBDDTY010005204.1	1	1000	0	0	0	0	0	0
CBDDTY010005205.1	1	1000	0	0	0	0	0	0
CBDDTY010005206.1	1	1000	0	0	0	0	0	0
CBDDTY010005209.1	1	1000	0	0	0	0	0	0
CBDDTY010005210.1	1	1000	0	0	0	0	0	0
CBDDTY010005211.1	1	1000	0	0	0	0	0	0
CBDDTY010005212.1	1	1000	0	0	0	0	0	0
CBDDTY010005213.1	1	1000	0	0	0	0	0	0
CBDDTY010005214.1	1	1000	0	0	0	0	0	0
CBDDTY010005216.1	1	1000	0	0	0	0	0	0
CBDDTY010005217.1	1	1000	0	0	0	0	0	0
CBDDTY010005219.1	1	1000	0	0	0	0	0	0
CBDDTY010005220.1	1	1000	0	0	0	0	0	0
CBDDTY010005222.1	1	1000	0	0	0	0	0	0
CBDDTY010005223.1	1	1000	0	0	0	0	0	0
CBDDTY010005225.1	1	1000	0	0	0	0	0	0
CBDDTY010005226.1	1	1000	0	0	0	0	0	0
CBDDTY010005228.1	1	1000	0	0	0	0	0	0
CBDDTY010005229.1	1	1000	0	0	0	0	0	0
CBDDTY010005233.1	1	1000	0	0	0	0	0	0
CBDDTY010005234.1	1	1000	0	0	0	0	0	0
CBDDTY010005235.1	1	1000	0	0	0	0	0	0
CBDDTY010005236.1	1	1000	0	0	0	0	0	0
CBDDTY010005239.1	1	1000	0	0	0	0	0	0
CBDDTY010005241.1	1	1000	0	0	0	0	0	0
CBDDTY010005242.1	1	1000	0	0	0	0	0	0
CBDDTY010005243.1	1	1000	0	0	0	0	0	0
CBDDTY010005244.1	1	1000	0	0	0	0	0	0
CBDDTY010005245.1	1	1000	0	0	0	0	0	0
CBDDTY010005246.1	1	1000	0	0	0	0	0	0
CBDDTY010005247.1	1	1000	0	0	0	0	0	0
CBDDTY010005249.1	1	1000	0	0	0	0	0	0
CBDDTY010005250.1	1	1000	0	0	0	0	0	0
CBDDTY010005251.1	1	1000	0	0	0	0	0	0
CBDDTY010005252.1	1	1000	0	0	0	0	0	0
CBDDTY010005254.1	1	1000	0	0	0	0	0	0
CBDDTY010005256.1	1	998	0	0	0	0	0	0
CBDDTY010005257.1	1	1000	0	0	0	0	0	0
CBDDTY010005258.1	1	1000	0	0	0	0	0	0
CBDDTY010005259.1	1	1000	0	0	0	0	0	0
CBDDTY010005261.1	1	1000	0	0	0	0	0	0
CBDDTY010005263.1	1	1000	0	0	0	0	0	0
CBDDTY010005264.1	1	1000	0	0	0	0	0	0
CBDDTY010005265.1	1	1000	0	0	0	0	0	0
CBDDTY010005268.1	1	1000	0	0	0	0	0	0
CBDDTY010005270.1	1	1000	0	0	0	0	0	0
CBDDTY010005271.1	1	1000	0	0	0	0	0	0
CBDDTY010005272.1	1	1000	0	0	0	0	0	0
CBDDTY010005273.1	1	1000	0	0	0	0	0	0
CBDDTY010005276.1	1	1000	0	0	0	0	0	0
CBDDTY010005278.1	1	1000	0	0	0	0	0	0
CBDDTY010005280.1	1	1000	0	0	0	0	0	0
CBDDTY010005282.1	1	800	0	0	0	0	0	0
CBDDTY010005283.1	1	1000	0	0	0	0	0	0
CBDDTY010005284.1	1	1000	0	0	0	0	0	0
CBDDTY010005285.1	1	1000	0	0	0	0	0	0
CBDDTY010005287.1	1	1000	0	0	0	0	0	0
CBDDTY010005289.1	1	1000	0	0	0	0	0	0
CBDDTY010005290.1	1	1000	0	0	0	0	0	0
CBDDTY010005291.1	1	1000	0	0	0	0	0	0
CBDDTY010005292.1	1	1000	0	0	0	0	0	0
CBDDTY010005294.1	1	1000	0	0	0	0	0	0
CBDDTY010005296.1	1	1000	0	0	0	0	0	0
CBDDTY010005297.1	1	1000	0	0	0	0	0	0
CBDDTY010005300.1	1	1000	0	0	0	0	0	0
CBDDTY010005301.1	1	1000	0	0	0	0	0	0
CBDDTY010005302.1	1	1000	0	0	0	0	0	0
CBDDTY010005303.1	1	1000	0	0	0	0	0	0
CBDDTY010005304.1	1	1000	0	0	0	0	0	0
CBDDTY010005306.1	1	1000	0	0	0	0	0	0
CBDDTY010005307.1	1	1000	0	0	0	0	0	0
CBDDTY010005308.1	1	1000	0	0	0	0	0	0
CBDDTY010005309.1	1	1000	0	0	0	0	0	0
CBDDTY010005310.1	1	1000	0	0	0	0	0	0
CBDDTY010005311.1	1	1000	0	0	0	0	0	0
CBDDTY010005312.1	1	1000	0	0	0	0	0	0
CBDDTY010005315.1	1	1000	0	0	0	0	0	0
CBDDTY010005316.1	1	1000	0	0	0	0	0	0
CBDDTY010005317.1	1	1000	0	0	0	0	0	0
CBDDTY010005319.1	1	1000	0	0	0	0	0	0
CBDDTY010005322.1	1	1000	0	0	0	0	0	0
CBDDTY010005323.1	1	1000	0	0	0	0	0	0
CBDDTY010005324.1	1	1000	0	0	0	0	0	0
CBDDTY010005325.1	1	1000	0	0	0	0	0	0
CBDDTY010005326.1	1	1000	0	0	0	0	0	0
CBDDTY010005328.1	1	1000	0	0	0	0	0	0
CBDDTY010005330.1	1	1000	0	0	0	0	0	0
CBDDTY010005331.1	1	1000	0	0	0	0	0	0
CBDDTY010005332.1	1	1000	0	0	0	0	0	0
CBDDTY010005333.1	1	1000	0	0	0	0	0	0
CBDDTY010005336.1	1	1000	0	0	0	0	0	0
CBDDTY010005338.1	1	1000	0	0	0	0	0	0
CBDDTY010005340.1	1	1000	0	0	0	0	0	0
CBDDTY010005341.1	1	1000	0	0	0	0	0	0
CBDDTY010005346.1	1	1000	0	0	0	0	0	0
CBDDTY010005347.1	1	1000	0	0	0	0	0	0
CBDDTY010005351.1	1	1000	0	0	0	0	0	0
CBDDTY010005352.1	1	1000	0	0	0	0	0	0
CBDDTY010005353.1	1	1000	0	0	0	0	0	0
CBDDTY010005355.1	1	1000	0	0	0	0	0	0
CBDDTY010005356.1	1	1000	0	0	0	0	0	0
CBDDTY010005359.1	1	1000	0	0	0	0	0	0
CBDDTY010005360.1	1	1000	0	0	0	0	0	0
CBDDTY010005362.1	1	1000	0	0	0	0	0	0
CBDDTY010005363.1	1	1000	0	0	0	0	0	0
CBDDTY010005364.1	1	1000	0	0	0	0	0	0
CBDDTY010005365.1	1	1000	0	0	0	0	0	0
CBDDTY010005367.1	1	1000	0	0	0	0	0	0
CBDDTY010005368.1	1	1000	0	0	0	0	0	0
CBDDTY010005371.1	1	1000	0	0	0	0	0	0
CBDDTY010005372.1	1	1000	0	0	0	0	0	0
CBDDTY010005373.1	1	1000	0	0	0	0	0	0
CBDDTY010005374.1	1	1000	0	0	0	0	0	0
CBDDTY010005376.1	1	1000	0	0	0	0	0	0
CBDDTY010005379.1	1	1000	0	0	0	0	0	0
CBDDTY010005380.1	1	1000	0	0	0	0	0	0
CBDDTY010005382.1	1	1000	0	0	0	0	0	0
CBDDTY010005386.1	1	1000	0	0	0	0	0	0
CBDDTY010005387.1	1	1000	0	0	0	0	0	0
CBDDTY010005390.1	1	1000	0	0	0	0	0	0
CBDDTY010005392.1	1	1000	0	0	0	0	0	0
CBDDTY010005393.1	1	1000	0	0	0	0	0	0
CBDDTY010005394.1	1	1000	0	0	0	0	0	0
CBDDTY010005395.1	1	1000	0	0	0	0	0	0
CBDDTY010005397.1	1	1000	0	0	0	0	0	0
CBDDTY010005399.1	1	1000	0	0	0	0	0	0
CBDDTY010005401.1	1	1000	0	0	0	0	0	0
CBDDTY010005402.1	1	1000	0	0	0	0	0	0
CBDDTY010005403.1	1	1000	0	0	0	0	0	0
CBDDTY010005406.1	1	1000	0	0	0	0	0	0
CBDDTY010005407.1	1	1000	0	0	0	0	0	0
CBDDTY010005408.1	1	1000	0	0	0	0	0	0
CBDDTY010005410.1	1	1000	0	0	0	0	0	0
CBDDTY010005412.1	1	1000	0	0	0	0	0	0
CBDDTY010005413.1	1	1000	0	0	0	0	0	0
CBDDTY010005415.1	1	1000	0	0	0	0	0	0
CBDDTY010005416.1	1	1000	0	0	0	0	0	0
CBDDTY010005418.1	1	1000	0	0	0	0	0	0
CBDDTY010005420.1	1	1000	0	0	0	0	0	0
CBDDTY010005421.1	1	1000	0	0	0	0	0	0
CBDDTY010005422.1	1	1000	0	0	0	0	0	0
CBDDTY010005423.1	1	1000	0	0	0	0	0	0
CBDDTY010005424.1	1	1000	0	0	0	0	0	0
CBDDTY010005425.1	1	1000	0	0	0	0	0	0
CBDDTY010005427.1	1	1000	0	0	0	0	0	0
CBDDTY010005428.1	1	1000	0	0	0	0	0	0
CBDDTY010005429.1	1	1000	0	0	0	0	0	0
CBDDTY010005430.1	1	1000	0	0	0	0	0	0
CBDDTY010005434.1	1	1000	0	0	0	0	0	0
CBDDTY010005436.1	1	1000	0	0	0	0	0	0
CBDDTY010005440.1	1	1000	0	0	0	0	0	0
CBDDTY010005442.1	1	1000	0	0	0	0	0	0
CBDDTY010005444.1	1	1000	0	0	0	0	0	0
CBDDTY010005446.1	1	1000	0	0	0	0	0	0
CBDDTY010005447.1	1	1000	0	0	0	0	0	0
CBDDTY010005450.1	1	1000	0	0	0	0	0	0
CBDDTY010005451.1	1	1000	0	0	0	0	0	0
CBDDTY010005452.1	1	1000	0	0	0	0	0	0
CBDDTY010005453.1	1	1000	0	0	0	0	0	0
CBDDTY010005454.1	1	1000	0	0	0	0	0	0
CBDDTY010005455.1	1	1000	0	0	0	0	0	0
CBDDTY010005458.1	1	1000	0	0	0	0	0	0
CBDDTY010005459.1	1	1000	0	0	0	0	0	0
CBDDTY010005460.1	1	1000	0	0	0	0	0	0
CBDDTY010005462.1	1	1000	0	0	0	0	0	0
CBDDTY010005463.1	1	1000	0	0	0	0	0	0
CBDDTY010005465.1	1	1000	0	0	0	0	0	0
CBDDTY010005466.1	1	1000	0	0	0	0	0	0
CBDDTY010005467.1	1	1000	0	0	0	0	0	0
CBDDTY010005468.1	1	1000	0	0	0	0	0	0
CBDDTY010005469.1	1	1000	0	0	0	0	0	0
CBDDTY010005470.1	1	1000	0	0	0	0	0	0
CBDDTY010005473.1	1	1000	0	0	0	0	0	0
CBDDTY010005474.1	1	1000	0	0	0	0	0	0
CBDDTY010005480.1	1	1000	0	0	0	0	0	0
CBDDTY010005482.1	1	1000	0	0	0	0	0	0
CBDDTY010005483.1	1	1000	0	0	0	0	0	0
CBDDTY010005485.1	1	1000	0	0	0	0	0	0
CBDDTY010005486.1	1	1000	0	0	0	0	0	0
CBDDTY010005487.1	1	1000	0	0	0	0	0	0
CBDDTY010005489.1	1	1000	0	0	0	0	0	0
CBDDTY010005490.1	1	1000	0	0	0	0	0	0
CBDDTY010005491.1	1	1000	0	0	0	0	0	0
CBDDTY010005493.1	1	1000	0	0	0	0	0	0
CBDDTY010005495.1	1	1000	0	0	0	0	0	0
CBDDTY010005496.1	1	1000	0	0	0	0	0	0
CBDDTY010005497.1	1	1000	0	0	0	0	0	0
CBDDTY010005498.1	1	1000	0	0	0	0	0	0
CBDDTY010005499.1	1	1000	0	0	0	0	0	0
CBDDTY010005501.1	1	1000	0	0	0	0	0	0
CBDDTY010005503.1	1	1000	0	0	0	0	0	0
CBDDTY010005504.1	1	1000	0	0	0	0	0	0
CBDDTY010005505.1	1	1000	0	0	0	0	0	0
CBDDTY010005506.1	1	1000	0	0	0	0	0	0
CBDDTY010005507.1	1	1000	0	0	0	0	0	0
CBDDTY010005508.1	1	1000	0	0	0	0	0	0
CBDDTY010005510.1	1	1000	0	0	0	0	0	0
CBDDTY010005511.1	1	1000	0	0	0	0	0	0
CBDDTY010005512.1	1	1000	0	0	0	0	0	0
CBDDTY010005513.1	1	1000	0	0	0	0	0	0
CBDDTY010005515.1	1	1000	0	0	0	0	0	0
CBDDTY010005516.1	1	1000	0	0	0	0	0	0
CBDDTY010005517.1	1	1000	0	0	0	0	0	0
CBDDTY010005518.1	1	1000	0	0	0	0	0	0
CBDDTY010005519.1	1	1000	0	0	0	0	0	0
CBDDTY010005520.1	1	1000	0	0	0	0	0	0
CBDDTY010005523.1	1	1000	0	0	0	0	0	0
CBDDTY010005525.1	1	1000	0	0	0	0	0	0
CBDDTY010005526.1	1	1000	0	0	0	0	0	0
CBDDTY010005527.1	1	1000	0	0	0	0	0	0
CBDDTY010005530.1	1	1000	0	0	0	0	0	0
CBDDTY010005531.1	1	1000	0	0	0	0	0	0
CBDDTY010005532.1	1	1000	0	0	0	0	0	0
CBDDTY010005533.1	1	1000	0	0	0	0	0	0
CBDDTY010005535.1	1	1000	0	0	0	0	0	0
CBDDTY010005536.1	1	1000	0	0	0	0	0	0
CBDDTY010005537.1	1	1000	0	0	0	0	0	0
CBDDTY010005539.1	1	1000	0	0	0	0	0	0
CBDDTY010005542.1	1	1000	0	0	0	0	0	0
CBDDTY010005543.1	1	1000	0	0	0	0	0	0
CBDDTY010005544.1	1	1000	0	0	0	0	0	0
CBDDTY010005545.1	1	1000	0	0	0	0	0	0
CBDDTY010005547.1	1	1000	0	0	0	0	0	0
CBDDTY010005548.1	1	1000	0	0	0	0	0	0
CBDDTY010005549.1	1	1000	0	0	0	0	0	0
CBDDTY010005550.1	1	1000	0	0	0	0	0	0
CBDDTY010005551.1	1	1000	0	0	0	0	0	0
CBDDTY010005552.1	1	1000	0	0	0	0	0	0
CBDDTY010005553.1	1	1000	0	0	0	0	0	0
CBDDTY010005554.1	1	1000	0	0	0	0	0	0
CBDDTY010005556.1	1	1000	0	0	0	0	0	0
CBDDTY010005557.1	1	1000	0	0	0	0	0	0
CBDDTY010005558.1	1	1000	0	0	0	0	0	0
CBDDTY010005559.1	1	1000	0	0	0	0	0	0
CBDDTY010005560.1	1	1000	0	0	0	0	0	0
CBDDTY010005562.1	1	1000	0	0	0	0	0	0
CBDDTY010005563.1	1	1000	0	0	0	0	0	0
CBDDTY010005565.1	1	1000	0	0	0	0	0	0
CBDDTY010005566.1	1	1000	0	0	0	0	0	0
