#rname	startpos	endpos	numreads	covbases	coverage	meandepth	meanbaseq	meanmapq
OZ247652.1	1	90891126	199443	22105721	24.3211	0.478712	31.1	21.1
CBDDTY010000001.1	1	2201400	2280	286751	13.0258	0.216989	31.1	17.7
CBDDTY010000002.1	1	375200	565	64820	17.2761	0.381844	30.8	2.41
OZ247653.1	1	59305165	168773	20632569	34.7905	0.621037	31.1	26.1
CBDDTY010000003.1	1	159000	25	5331	3.35283	0.0454843	31.9	0.28
CBDDTY010000004.1	1	132000	91	10142	7.68333	0.167167	30.2	2.99
CBDDTY010000005.1	1	112000	74	9942	8.87679	0.175929	31.4	0.324
OZ247654.1	1	55603820	160769	19357695	34.8136	0.633195	31	25.4
CBDDTY010000006.1	1	237387	441	53015	22.3327	0.41359	31.5	27.5
CBDDTY010000007.1	1	212000	46	8285	3.90802	0.053	31.1	2.48
OZ247655.1	1	27535131	85654	8428870	30.6113	0.692149	31.1	22.5
OZ247656.1	1	25493044	85826	10317384	40.4714	0.738899	31.1	28.9
OZ247657.1	1	20427586	64731	8148997	39.8921	0.697233	31.1	29.4
CBDDTY010000008.1	1	1510391	126	27883	1.84608	0.0257039	31.1	1.33
CBDDTY010000009.1	1	203586	97	15727	7.72499	0.13161	31.7	1.01
OZ247658.1	1	19570859	58723	7160341	36.5867	0.660392	31.1	27
OZ247659.1	1	15043846	44213	5291930	35.1767	0.63782	31	25.1
CBDDTY010000010.1	1	3154400	4576	505781	16.0341	0.316087	31	17
CBDDTY010000011.1	1	372599	1128	116367	31.2312	0.730735	29.9	9.05
OZ247660.1	1	18558849	53073	6253153	33.6936	0.62855	31.1	25.7
OZ247661.1	1	18228942	70043	6664878	36.5621	0.858539	31	21.1
OZ247662.1	1	18164600	53917	6607923	36.378	0.653395	31	27.2
OZ247663.1	1	17898725	51128	6192309	34.5964	0.634326	31	26.1
OZ247664.1	1	16834196	51568	6352983	37.7386	0.675621	31.1	27.3
OZ247665.1	1	16704832	54199	6264979	37.504	0.712849	31.1	26.5
OZ247666.1	1	16645368	49411	6080182	36.5278	0.650007	31.1	26.9
OZ247667.1	1	14847524	40466	5215310	35.1258	0.606923	31.2	29.2
OZ247668.1	1	14820029	43674	5370861	36.2406	0.645084	31.1	26.4
CBDDTY010000012.1	1	6743	13	1118	16.5802	0.337387	32.8	20.8
CBDDTY010000013.1	1	37029	2	303	0.818278	0.0146912	28.6	1
CBDDTY010000014.1	1	74823	455	45315	60.5629	1.41096	30.8	32.4
CBDDTY010000015.1	1	513578	1328	144797	28.1938	0.572009	31	16.9
CBDDTY010000016.1	1	15272	71	6424	42.0639	1.08597	30.7	26.4
CBDDTY010000017.1	1	800	1	94	11.75	0.1175	29.6	19
CBDDTY010000018.1	1	1808000	3206	391812	21.671	0.401639	31.1	14.3
CBDDTY010000019.1	1	1397391	2403	341665	24.4502	0.41897	30.7	1.4
CBDDTY010000020.1	1	1374880	2264	265888	19.339	0.342116	31.1	17.9
CBDDTY010000022.1	1	792527	2493	258325	32.5951	0.676116	30.9	16.2
CBDDTY010000023.1	1	1139680	3884	203541	17.8595	0.926513	31.2	9.3
CBDDTY010000024.1	1	1667	5	424	25.4349	0.524295	35	0
CBDDTY010000025.1	1	1026420	2288	267137	26.0261	0.481326	31.1	21.3
CBDDTY010000026.1	1	1012600	889	95578	9.43887	0.188541	31.1	15
CBDDTY010000027.1	1	968581	1163	147207	15.1982	0.262562	30.7	18.7
CBDDTY010000028.1	1	555299	1096	115419	20.785	0.459061	31.5	5.94
CBDDTY010000029.1	1	799000	3402	206798	25.8821	1.0178	31.1	18.6
CBDDTY010000030.1	1	749000	67	11147	1.48825	0.0207303	31.1	0.97
CBDDTY010000031.1	1	715217	1552	156047	21.8181	0.462054	30.9	20.3
CBDDTY010000032.1	1	699400	703	94067	13.4497	0.226508	31.2	11
CBDDTY010000033.1	1	662224	57	8253	1.24626	0.0197501	32.2	0.351
CBDDTY010000034.1	1	657600	1685	113779	17.3022	0.617827	31.3	11
CBDDTY010000035.1	1	604775	1458	153093	25.314	0.523056	30.9	20.3
CBDDTY010000036.1	1	577475	1525	169662	29.38	0.558795	30.9	21
CBDDTY010000037.1	1	364000	21	5538	1.52143	0.016706	30.8	1.67
CBDDTY010000038.1	1	353843	647	67114	18.9672	0.38848	30.8	18.3
CBDDTY010000039.1	1	347000	684	84688	24.4058	0.410075	31.2	14.5
CBDDTY010000040.1	1	340000	232	29859	8.78206	0.149041	31.1	16.6
CBDDTY010000041.1	1	335200	430	56689	16.912	0.280459	30.7	12.9
CBDDTY010000042.1	1	294000	1044	112842	38.3816	0.758432	30.7	18.3
CBDDTY010000043.1	1	288000	507	49284	17.1125	0.374406	31.6	9.5
CBDDTY010000044.1	1	285552	598	59851	20.9598	0.458267	31	11.8
CBDDTY010000045.1	1	284000	513	57754	20.3359	0.405567	30.9	11.5
CBDDTY010000046.1	1	267800	928	90184	33.6759	0.739993	31	14.8
CBDDTY010000047.1	1	254316	64	10597	4.16686	0.0639873	30.8	2.08
CBDDTY010000048.1	1	240800	696	75214	31.235	0.637193	30.8	15.7
CBDDTY010000049.1	1	221200	570	59590	26.9394	0.61882	30.8	4.68
CBDDTY010000050.1	1	211042	398	44011	20.8541	0.417315	31.1	22
CBDDTY010000051.1	1	205000	483	46571	22.7176	0.483273	30.7	17.6
CBDDTY010000052.1	1	195200	314	38127	19.5323	0.342295	30.6	7.09
CBDDTY010000053.1	1	195000	501	74496	38.2031	0.570349	31.1	37.4
CBDDTY010000054.1	1	194200	248	31170	16.0505	0.3381	30.7	2.18
CBDDTY010000055.1	1	193800	610	53550	27.6316	0.709324	30.8	16.7
CBDDTY010000056.1	1	190600	729	68660	36.0231	0.815026	31	15.6
CBDDTY010000057.1	1	180000	180	13419	7.455	0.240411	30.5	4.73
CBDDTY010000058.1	1	178701	189	24270	13.5813	0.213502	31.4	10.3
CBDDTY010000059.1	1	175000	136	21211	12.1206	0.1624	30.3	1.12
CBDDTY010000060.1	1	169926	665	54601	32.1322	0.899374	30.4	6.68
CBDDTY010000061.1	1	165200	183	20810	12.5969	0.236683	30.7	6.31
CBDDTY010000062.1	1	162000	379	39145	24.1636	0.511432	31.2	10.8
CBDDTY010000063.1	1	161000	351	39023	24.2379	0.504658	30.7	2.01
CBDDTY010000064.1	1	4986	3	367	7.36061	0.0944645	31.2	35
CBDDTY010000065.1	1	158000	1	276	0.174684	0.00174684	29.9	1
CBDDTY010000066.1	1	155400	28	4947	3.1834	0.0407529	32.4	8.5
CBDDTY010000067.1	1	153036	398	43740	28.5815	0.576159	31.3	9.48
CBDDTY010000068.1	1	153000	368	37280	24.366	0.519856	30.5	10.1
CBDDTY010000069.1	1	219	2	154	70.3196	1.16438	34.9	18.5
CBDDTY010000070.1	1	150357	503	62850	41.8005	0.707423	31.1	13.7
CBDDTY010000071.1	1	142400	22	3987	2.79986	0.0484199	29.9	5.59
CBDDTY010000072.1	1	140603	483	51998	36.9821	0.769756	31.2	16.1
CBDDTY010000073.1	1	134000	54	9177	6.84851	0.113149	32.4	0.556
CBDDTY010000074.1	1	127396	69	9815	7.70432	0.11082	30.3	2.78
CBDDTY010000075.1	1	126000	146	18932	15.0254	0.254254	31.4	1.69
CBDDTY010000076.1	1	122094	567	46326	37.9429	1.03004	31	8.29
CBDDTY010000077.1	1	118000	169	24613	20.8585	0.326975	30.2	1.69
CBDDTY010000078.1	1	113200	273	36422	32.1749	0.46879	31.5	0.582
CBDDTY010000079.1	1	110600	545	40250	36.3924	1.19286	30.7	13.8
CBDDTY010000080.1	1	109000	9	1871	1.71651	0.0189633	32.2	0.444
CBDDTY010000081.1	1	106000	64	11753	11.0877	0.160217	31.2	0.828
CBDDTY010000082.1	1	105000	214	28951	27.5724	0.452971	30.7	17.1
CBDDTY010000083.1	1	103000	3	628	0.609709	0.00738835	32.3	0.333
CBDDTY010000084.1	1	101400	10	1503	1.48225	0.0148225	31.6	0
CBDDTY010000085.1	1	101000	103	14511	14.3673	0.185257	30.8	1.63
CBDDTY010000086.1	1	99160	306	31124	31.3877	0.638675	30.7	18.6
CBDDTY010000087.1	1	98000	66	8938	9.12041	0.153061	30.6	0.515
CBDDTY010000088.1	1	94000	93	12214	12.9936	0.194543	31.7	1.56
CBDDTY010000089.1	1	93200	56	7737	8.3015	0.109109	30.4	1.98
CBDDTY010000090.1	1	93200	257	25983	27.8788	0.607972	30.1	26.1
CBDDTY010000091.1	1	91592	2	631	0.688925	0.00688925	28.5	0.5
CBDDTY010000092.1	1	91000	23	4459	4.9	0.0616264	31.2	0.87
CBDDTY010000093.1	1	89742	369	41225	45.9372	0.887622	31.1	1.46
CBDDTY010000094.1	1	89082	157	18924	21.2433	0.385488	30.5	12.3
CBDDTY010000095.1	1	89000	67	8027	9.0191	0.156596	31.1	10.2
CBDDTY010000096.1	1	89000	28	3410	3.83146	0.0616854	33	0.536
CBDDTY010000097.1	1	88400	112	13261	15.0011	0.282907	31.3	7.36
CBDDTY010000098.1	1	88187	73	8252	9.35739	0.1649	32.2	0.425
CBDDTY010000099.1	1	88000	445	38847	44.1443	1.0983	29.9	15.2
CBDDTY010000100.1	1	85432	351	37858	44.3136	0.836033	31.1	3.89
CBDDTY010000101.1	1	84721	157	22032	26.0054	0.38386	31.4	9.09
CBDDTY010000102.1	1	84000	259	32694	38.9214	0.644893	31.4	18.4
CBDDTY010000103.1	1	82593	10	1942	2.35129	0.0235129	28.1	1.8
CBDDTY010000104.1	1	82000	80	8229	10.0354	0.262329	30.7	0.688
CBDDTY010000105.1	1	81000	12	1439	1.77654	0.0252716	30.9	0.5
CBDDTY010000106.1	1	79800	110	11444	14.3409	0.27193	31.8	17.3
CBDDTY010000108.1	1	80000	130	13664	17.08	0.337662	31.4	11.3
CBDDTY010000109.1	1	79658	118	11496	14.4317	0.272214	31	21.7
CBDDTY010000110.1	1	78800	262	29395	37.3033	0.760736	30.3	22.5
CBDDTY010000111.1	1	79000	657	40732	51.5595	1.9102	31.9	1.79
CBDDTY010000112.1	1	78378	201	19203	24.5005	0.581375	31.6	13.6
CBDDTY010000113.1	1	78200	269	28431	36.3568	0.933581	31	4.37
CBDDTY010000114.1	1	77000	113	12779	16.5961	0.312506	30	16.2
CBDDTY010000115.1	1	76454	166	23421	30.6341	0.460604	29.9	0.0723
CBDDTY010000116.1	1	75599	835	37294	49.3313	2.5028	29.2	0.079
CBDDTY010000117.1	1	75000	331	31003	41.3373	0.971453	31.4	3.52
CBDDTY010000118.1	1	74641	189	27331	36.6166	0.587425	31.5	39.2
CBDDTY010000119.1	1	74000	190	26302	35.5432	0.588703	30.6	26.7
CBDDTY010000120.1	1	74000	208	25998	35.1324	0.614189	30.5	0.986
CBDDTY010000121.1	1	74000	22	5286	7.14324	0.0837973	29.6	0.455
CBDDTY010000122.1	1	74000	2	330	0.445946	0.00445946	33.6	0
CBDDTY010000123.1	1	72678	204	21413	29.4628	0.618096	31.3	28.4
CBDDTY010000124.1	1	72011	147	18119	25.1614	0.44121	30.7	10.9
CBDDTY010000125.1	1	71823	196	24811	34.5446	0.617059	31.2	20.6
CBDDTY010000126.1	1	72000	328	27563	38.2819	0.996736	31.3	6.85
CBDDTY010000127.1	1	72000	13	1287	1.7875	0.0341389	30.1	10.5
CBDDTY010000128.1	1	72000	192	19959	27.7208	0.606333	30.8	14.5
CBDDTY010000129.1	1	71000	176	11820	16.6479	0.509592	30	4.61
CBDDTY010000130.1	1	70000	115	12099	17.2843	0.336357	31.9	0.487
CBDDTY010000131.1	1	69800	198	21551	30.8754	0.610057	30.7	11.6
CBDDTY010000132.1	1	69600	50	8651	12.4296	0.148621	30.4	7.06
CBDDTY010000133.1	1	68800	179	23256	33.8023	0.561919	31.1	9.67
CBDDTY010000134.1	1	69000	257	32311	46.8275	0.873174	30.7	0.918
CBDDTY010000135.1	1	68847	191	19569	28.4239	0.580969	31	6.37
CBDDTY010000136.1	1	68000	60	6983	10.2691	0.18525	31	25.5
CBDDTY010000137.1	1	68000	74	10414	15.3147	0.244529	30.8	0.216
CBDDTY010000138.1	1	66000	281	17405	26.3712	0.969636	30.7	13.2
CBDDTY010000139.1	1	65676	56	11127	16.9423	0.202692	31.3	2.29
CBDDTY010000140.1	1	65517	120	17413	26.5778	0.401194	31.2	25.3
CBDDTY010000141.1	1	65000	895	24985	38.4385	3.06188	30.7	12.3
CBDDTY010000142.1	1	64675	90	11731	18.1384	0.271882	30.9	0.5
CBDDTY010000143.1	1	64000	233	22832	35.675	0.838266	31	2.9
CBDDTY010000144.1	1	64000	36	6498	10.1531	0.132266	32	0.667
CBDDTY010000145.1	1	64000	130	15329	23.9516	0.4395	31.2	8.44
CBDDTY010000146.1	1	63800	87	10666	16.7179	0.286991	30.6	17.3
CBDDTY010000147.1	1	64000	16	2437	3.80781	0.0429062	31.6	2.19
CBDDTY010000148.1	1	63205	244	25402	40.1899	0.817562	31.1	3.37
CBDDTY010000149.1	1	63000	117	19138	30.3778	0.416413	30.2	2.6
CBDDTY010000150.1	1	63000	41	8134	12.9111	0.133889	31.4	0
CBDDTY010000151.1	1	62400	187	8771	14.0561	0.606346	30.5	4.98
CBDDTY010000152.1	1	61800	137	20827	33.7006	0.474854	30.6	6.28
CBDDTY010000153.1	1	62000	112	14491	23.3726	0.359435	31.8	1.01
CBDDTY010000154.1	1	61792	73	5790	9.37015	0.244724	30.2	25.8
CBDDTY010000155.1	1	61130	88	11611	18.9939	0.304155	30.5	12.2
CBDDTY010000156.1	1	61000	20	2734	4.48197	0.0751311	30.6	1
CBDDTY010000157.1	1	61000	1	295	0.483607	0.00483607	32.3	1
CBDDTY010000158.1	1	59400	68	9578	16.1246	0.23096	29.5	0.0882
CBDDTY010000159.1	1	60000	12	1974	3.29	0.0363667	34.8	0.0833
CBDDTY010000160.1	1	58000	69	11832	20.4	0.27531	31.3	0.87
CBDDTY010000161.1	1	57000	55	8350	14.6491	0.23786	31.7	0.745
CBDDTY010000162.1	1	56000	254	25114	44.8464	1.12679	30.5	0.386
CBDDTY010000163.1	1	55600	111	14788	26.5971	0.393453	30.8	0.171
CBDDTY010000164.1	1	54600	70	9986	18.2894	0.279927	30.4	10.8
CBDDTY010000165.1	1	54285	129	20586	37.9221	0.580566	31	0.147
CBDDTY010000166.1	1	54000	278	26213	48.5426	1.13072	30.8	36.6
CBDDTY010000167.1	1	53357	3	587	1.10014	0.0110014	31.2	0.667
CBDDTY010000168.1	1	53000	74	5571	10.5113	0.331396	32.1	4.14
CBDDTY010000169.1	1	53000	11	1685	3.17925	0.0422642	28.1	3.55
CBDDTY010000170.1	1	53000	67	9942	18.7585	0.270943	32.5	0.537
CBDDTY010000171.1	1	53000	8	1133	2.13774	0.0340943	33.2	11.9
CBDDTY010000172.1	1	52000	5	1497	2.87885	0.0287885	29.3	0.6
CBDDTY010000174.1	1	52000	246	25323	48.6981	1.13442	30.8	0.171
CBDDTY010000175.1	1	52000	3	392	0.753846	0.01025	30	0.333
CBDDTY010000176.1	1	51767	87	9974	19.2671	0.379296	28.8	11.4
CBDDTY010000177.1	1	51000	169	12841	25.1784	0.726196	31.3	6.2
CBDDTY010000178.1	1	51000	34	6135	12.0294	0.156627	30.5	0.588
CBDDTY010000179.1	1	50278	655	28222	56.1319	3.06309	32.2	0.62
CBDDTY010000180.1	1	50000	27	5411	10.822	0.14778	28.5	1.63
CBDDTY010000181.1	1	49343	439	30182	61.1677	2.24459	31.7	6.96
CBDDTY010000182.1	1	43800	147	16678	38.0776	0.737785	30.5	17.1
CBDDTY010000183.1	1	43018	18	3711	8.62662	0.0893579	29.5	0.333
CBDDTY010000184.1	1	42800	98	11589	27.0771	0.476425	31.5	4.67
CBDDTY010000185.1	1	39997	133	9897	24.7444	0.699752	31.8	43.6
CBDDTY010000186.1	1	39979	166	18101	45.2763	0.901373	31	22.4
CBDDTY010000187.1	1	39930	159	16304	40.8315	0.79171	31.1	22.9
CBDDTY010000188.1	1	39923	111	15009	37.5949	0.58182	30.7	30.6
CBDDTY010000189.1	1	39907	141	20721	51.9232	0.763525	31.1	40.2
CBDDTY010000190.1	1	39885	125	17999	45.1272	0.712122	30.5	38.7
CBDDTY010000191.1	1	39852	160	17782	44.6201	0.916943	31.7	32.5
CBDDTY010000192.1	1	39835	122	15843	39.7716	0.676967	30.3	30.4
CBDDTY010000193.1	1	39826	111	16294	40.913	0.606237	31.7	34.1
CBDDTY010000194.1	1	39777	94	9828	24.7077	0.526158	30.5	7.21
CBDDTY010000195.1	1	39752	183	23772	59.8008	1.05801	31	32.6
CBDDTY010000196.1	1	39747	134	18411	46.3205	0.723476	30.5	37.4
CBDDTY010000197.1	1	39727	112	13773	34.6691	0.697334	31.2	22.7
CBDDTY010000198.1	1	39726	101	15537	39.1104	0.511202	31	33.9
CBDDTY010000199.1	1	39701	9	1343	3.38279	0.0406539	31.4	1.11
CBDDTY010000200.1	1	39691	217	20339	51.2434	1.2362	31.3	22
CBDDTY010000201.1	1	39675	56	7962	20.0681	0.288242	32	26
CBDDTY010000202.1	1	39636	331	19687	49.6695	1.86994	31	34.9
CBDDTY010000203.1	1	39634	103	11231	28.3368	0.495786	31.4	18.2
CBDDTY010000204.1	1	39633	68	9578	24.1667	0.355386	30.3	13
CBDDTY010000205.1	1	39628	111	15342	38.715	0.622741	30.9	24.1
CBDDTY010000206.1	1	39601	132	17640	44.5443	0.70728	31.5	27.6
CBDDTY010000207.1	1	39600	117	13416	33.8788	0.613308	30.7	27.2
CBDDTY010000208.1	1	39595	100	11331	28.6172	0.505241	30.7	14.2
CBDDTY010000209.1	1	39385	41	6398	16.2448	0.23057	32.3	5.95
CBDDTY010000210.1	1	39584	23	3373	8.52112	0.131594	32	19.9
CBDDTY010000211.1	1	39576	86	12132	30.6549	0.466217	31.2	29.5
CBDDTY010000212.1	1	39569	48	6831	17.2635	0.232758	29.5	10.5
CBDDTY010000213.1	1	39567	128	13740	34.7259	0.654839	31.1	8.49
CBDDTY010000214.1	1	39564	202	21266	53.7509	1.14531	31.5	33
CBDDTY010000215.1	1	39559	133	15409	38.9519	0.773048	31	28.9
CBDDTY010000216.1	1	39546	82	11287	28.5414	0.453598	31.8	14.6
CBDDTY010000217.1	1	39539	66	9180	23.2176	0.379701	30.1	8.06
CBDDTY010000218.1	1	39539	95	15283	38.653	0.605023	30.9	34.6
CBDDTY010000219.1	1	39529	280	21569	54.565	1.51883	31.6	20.3
CBDDTY010000220.1	1	39525	115	17367	43.9393	0.606199	30.7	34.9
CBDDTY010000221.1	1	39512	131	14323	36.2497	0.724362	31.3	19.9
CBDDTY010000222.1	1	39446	56	5263	13.3423	0.2852	30.9	15.5
CBDDTY010000223.1	1	39434	107	15065	38.2031	0.625932	31.5	31.4
CBDDTY010000224.1	1	39425	133	16795	42.5999	0.692124	30.7	37.9
CBDDTY010000225.1	1	39419	298	14187	35.9903	1.71732	30.6	28.3
CBDDTY010000226.1	1	39410	62	8358	21.2078	0.322786	32	19.2
CBDDTY010000227.1	1	39362	210	17234	43.7833	1.22176	30.9	35.7
CBDDTY010000228.1	1	39355	65	7754	19.7027	0.337416	31.8	17.1
CBDDTY010000229.1	1	39340	136	11675	29.6772	0.732715	32.3	11.6
CBDDTY010000230.1	1	39328	129	18725	47.6124	0.704943	30.9	37
CBDDTY010000231.1	1	39324	182	21777	55.3784	1.02047	31.3	30.2
CBDDTY010000232.1	1	39317	63	9288	23.6234	0.34555	30.3	18.1
CBDDTY010000233.1	1	39277	163	19010	48.3998	0.962548	31.3	41.9
CBDDTY010000234.1	1	39272	210	21308	54.2575	1.14792	30.6	22.7
CBDDTY010000235.1	1	39248	53	5749	14.6479	0.289187	30.1	9.38
CBDDTY010000236.1	1	39207	67	8311	21.1977	0.363864	30.8	16
CBDDTY010000237.1	1	39200	91	10654	27.1786	0.501122	31.3	12.5
CBDDTY010000238.1	1	39153	99	13206	33.7292	0.51286	30.9	22.7
CBDDTY010000239.1	1	39125	141	21879	55.9208	0.820754	31.1	45.3
CBDDTY010000240.1	1	39102	93	14166	36.2283	0.501279	31.2	29.5
CBDDTY010000241.1	1	39098	26	2947	7.53747	0.115812	30.8	15.1
CBDDTY010000242.1	1	39086	139	12584	32.1957	0.873356	30.8	2.63
CBDDTY010000243.1	1	39070	48	7989	20.4479	0.279498	32.5	39.8
CBDDTY010000244.1	1	39068	252	19461	49.8131	1.43122	31.3	19.4
CBDDTY010000245.1	1	39057	129	15580	39.8904	0.721407	31.3	25.3
CBDDTY010000246.1	1	39044	101	13601	34.8351	0.542081	30.9	10.5
CBDDTY010000247.1	1	39044	130	12842	32.8911	0.680309	30.5	22.6
CBDDTY010000248.1	1	39041	116	17364	44.4763	0.680695	31	30.2
CBDDTY010000249.1	1	39022	87	10078	25.8265	0.444339	31	22.8
CBDDTY010000250.1	1	39001	111	17230	44.1784	0.643214	30.5	40.7
CBDDTY010000251.1	1	38800	255	20677	53.2912	1.46985	29.8	12.7
CBDDTY010000252.1	1	39000	7	1030	2.64103	0.0322821	31.3	1.29
CBDDTY010000253.1	1	39000	170	17559	45.0231	0.996154	31.7	12.7
CBDDTY010000254.1	1	39000	58	9412	24.1333	0.346615	31.9	21.5
CBDDTY010000255.1	1	39000	46	6829	17.5103	0.243103	31.9	22.5
CBDDTY010000256.1	1	38800	10	1382	3.56186	0.0504897	32.3	7.3
CBDDTY010000257.1	1	39000	98	9393	24.0846	0.571205	30.6	7.3
CBDDTY010000258.1	1	39000	253	18376	47.1179	1.38656	30.6	46.6
CBDDTY010000259.1	1	39000	53	6594	16.9077	0.251	30.2	18.9
CBDDTY010000260.1	1	39000	66	9740	24.9744	0.360256	30.3	9.7
CBDDTY010000261.1	1	39000	367	25148	64.4821	2.17251	30.3	25.3
CBDDTY010000262.1	1	39000	162	19646	50.3744	0.875	30.6	36.8
CBDDTY010000263.1	1	39000	10	2045	5.24359	0.0588462	30.6	18.6
CBDDTY010000264.1	1	39000	142	19670	50.4359	0.791615	32.1	33.6
CBDDTY010000265.1	1	38800	130	19722	50.8299	0.741469	31.3	44.9
CBDDTY010000266.1	1	39000	84	12378	31.7385	0.451462	31.8	31.8
CBDDTY010000267.1	1	39000	150	13091	33.5667	0.857359	31	4.59
CBDDTY010000268.1	1	39000	179	15700	40.2564	0.973923	31.3	24
CBDDTY010000269.1	1	39000	218	16519	42.3564	1.21908	31.1	8.33
CBDDTY010000270.1	1	38982	181	11119	28.5234	0.982453	31.9	10.3
CBDDTY010000271.1	1	38976	135	17584	45.1149	0.689886	31.4	20.2
CBDDTY010000272.1	1	38962	75	9845	25.2682	0.446332	30.3	29.1
CBDDTY010000273.1	1	38953	59	6798	17.4518	0.348908	30.7	29.8
CBDDTY010000274.1	1	38909	161	17825	45.812	0.917423	30.8	14.5
CBDDTY010000275.1	1	38882	59	8699	22.3728	0.326218	30.1	39
CBDDTY010000276.1	1	38878	87	12601	32.4116	0.46399	30.6	17.8
CBDDTY010000277.1	1	38878	268	19602	50.4193	1.4866	31.1	24.8
CBDDTY010000278.1	1	38865	250	19155	49.286	1.52417	30.8	3.64
CBDDTY010000279.1	1	38853	121	18297	47.0929	0.659872	31.9	39.6
CBDDTY010000280.1	1	38850	134	17002	43.7632	0.779614	31.5	25.2
CBDDTY010000281.1	1	38832	100	12953	33.3565	0.489236	30.5	12.1
CBDDTY010000282.1	1	38810	101	12442	32.0587	0.612394	30.6	25.5
CBDDTY010000283.1	1	38771	105	11928	30.7653	0.637899	30.7	30
CBDDTY010000284.1	1	38770	97	13065	33.6987	0.539644	32.7	36.7
CBDDTY010000285.1	1	38755	72	9713	25.0626	0.401264	30.2	19.8
CBDDTY010000286.1	1	38738	90	15201	39.2405	0.54848	31.2	33.3
CBDDTY010000287.1	1	38720	252	20110	51.937	1.39176	30.6	16
CBDDTY010000288.1	1	38713	152	16662	43.0398	0.831607	31.2	30.3
CBDDTY010000289.1	1	38712	37	4761	12.2985	0.162482	31.5	7.41
CBDDTY010000290.1	1	38709	129	12558	32.4421	0.668888	31.5	16.8
CBDDTY010000291.1	1	38702	129	14829	38.3158	0.746085	30.8	18.1
CBDDTY010000292.1	1	38701	96	15547	40.1721	0.561252	31.1	35.5
CBDDTY010000293.1	1	38680	148	13752	35.5533	0.774716	31.4	21.7
CBDDTY010000294.1	1	38634	141	18287	47.334	0.925687	30.6	30.7
CBDDTY010000295.1	1	38608	115	10279	26.624	0.584982	31.5	8.14
CBDDTY010000296.1	1	38606	154	19843	51.3987	0.884241	31.4	32.1
CBDDTY010000297.1	1	38601	133	17108	44.3201	0.793865	30.6	21.7
CBDDTY010000298.1	1	38590	120	14486	37.5382	0.694714	30.3	12.3
CBDDTY010000299.1	1	38564	91	12633	32.7585	0.478789	32.1	17.3
CBDDTY010000300.1	1	38531	163	18661	48.4311	0.926631	30.7	25.7
CBDDTY010000301.1	1	38525	104	12872	33.4121	0.631382	29.9	20.1
CBDDTY010000302.1	1	38520	216	22877	59.3899	1.16737	30.6	35.1
CBDDTY010000303.1	1	38510	118	15840	41.1322	0.674292	31.7	21.4
CBDDTY010000304.1	1	38509	112	18587	48.2666	0.682178	31.2	49.9
CBDDTY010000305.1	1	38500	131	18478	47.9948	0.82013	30.3	32.6
CBDDTY010000306.1	1	38496	135	17948	46.623	0.723296	31.4	38.1
CBDDTY010000307.1	1	38496	65	8517	22.1244	0.348556	30.6	14.4
CBDDTY010000308.1	1	38488	117	16889	43.8812	0.643395	31.3	42.3
CBDDTY010000309.1	1	38475	130	14496	37.6764	0.745393	30.8	18.3
CBDDTY010000310.1	1	38475	251	21562	56.0416	1.38433	30.8	19.9
CBDDTY010000311.1	1	38461	159	12600	32.7605	0.905099	30.9	6.79
CBDDTY010000312.1	1	38440	170	23703	61.6623	1.00739	30.9	13.6
CBDDTY010000313.1	1	38421	13	2034	5.29398	0.0845111	32.5	10.5
CBDDTY010000314.1	1	38411	247	22746	59.2174	1.36703	30.7	22.2
CBDDTY010000315.1	1	38407	221	19611	51.061	1.30682	30.8	13.8
CBDDTY010000316.1	1	38391	155	19418	50.5796	0.943502	29.9	35.8
CBDDTY010000317.1	1	38384	84	6562	17.0957	0.460114	31.7	9.55
CBDDTY010000318.1	1	38383	89	11002	28.6637	0.524685	31.5	24.8
CBDDTY010000319.1	1	38375	178	14642	38.155	0.967375	31.1	10.8
CBDDTY010000320.1	1	38368	122	12373	32.2482	0.606756	31.4	4.97
CBDDTY010000321.1	1	38356	127	19328	50.3911	0.769762	32.2	40.9
CBDDTY010000322.1	1	38340	170	10967	28.6046	0.936541	31.8	8.84
CBDDTY010000323.1	1	38335	108	14410	37.5897	0.578088	32.5	35.1
CBDDTY010000324.1	1	38317	21	3083	8.04604	0.0870371	31.7	8.05
CBDDTY010000325.1	1	38299	107	15727	41.0637	0.625395	31.7	44.5
CBDDTY010000326.1	1	38273	140	20198	52.7735	0.821179	32	41.6
CBDDTY010000327.1	1	38259	195	20242	52.9078	1.07444	31.1	14.7
CBDDTY010000328.1	1	38219	57	8708	22.7845	0.329496	31.7	13.5
CBDDTY010000329.1	1	38211	114	17241	45.1205	0.629923	31.5	42.6
CBDDTY010000330.1	1	38211	121	11415	29.8736	0.604538	32.1	12.9
CBDDTY010000331.1	1	38209	85	11285	29.5349	0.479128	31.2	24.2
CBDDTY010000332.1	1	38200	130	15284	40.0105	0.685681	30.6	16.8
CBDDTY010000333.1	1	38155	48	6861	17.9819	0.248749	31.4	6.08
CBDDTY010000334.1	1	38145	125	14556	38.1597	0.683786	31.1	17.7
CBDDTY010000335.1	1	38142	114	13493	35.3757	0.675187	32.4	13.7
CBDDTY010000336.1	1	38087	118	12587	33.048	0.647386	30.8	22
CBDDTY010000337.1	1	38074	47	6475	17.0064	0.243394	30.8	3.89
CBDDTY010000338.1	1	38035	118	10205	26.8306	0.668306	30.1	16.4
CBDDTY010000339.1	1	38023	92	9502	24.9901	0.512321	31.2	11.2
CBDDTY010000340.1	1	38010	40	5302	13.949	0.21276	30.6	3.55
CBDDTY010000341.1	1	38009	114	17843	46.9441	0.667894	30.7	42.1
CBDDTY010000342.1	1	38000	127	14865	39.1184	0.720632	30.7	25.9
CBDDTY010000343.1	1	37800	69	10464	27.6825	0.358519	32.2	20.2
CBDDTY010000344.1	1	37800	1	170	0.449735	0.00449735	29.4	4
CBDDTY010000345.1	1	38000	51	7011	18.45	0.283474	30.8	25.9
CBDDTY010000346.1	1	38000	18	3781	9.95	0.108	31.4	22.8
CBDDTY010000347.1	1	38000	102	14829	39.0237	0.593211	30.9	31.7
CBDDTY010000348.1	1	38000	66	6909	18.1816	0.335421	31.4	16.9
CBDDTY010000349.1	1	38000	262	27213	71.6132	1.58218	30.6	37.5
CBDDTY010000350.1	1	38000	74	9335	24.5658	0.393447	31.1	12.7
CBDDTY010000351.1	1	38000	157	16577	43.6237	0.910053	31.6	15.3
CBDDTY010000352.1	1	38000	22	3083	8.11316	0.117553	31.8	20.2
CBDDTY010000353.1	1	38000	88	6496	17.0947	0.549263	29.7	21.8
CBDDTY010000354.1	1	38000	203	18644	49.0632	1.20721	31.7	27.3
CBDDTY010000355.1	1	37800	78	14371	38.0185	0.463995	29.6	39.4
CBDDTY010000356.1	1	38000	123	12076	31.7789	0.729789	30.4	19.3
CBDDTY010000357.1	1	38000	187	12764	33.5895	1.16082	30.2	19.7
CBDDTY010000358.1	1	38000	130	13614	35.8263	0.760895	29.8	16.5
CBDDTY010000359.1	1	38000	64	8309	21.8658	0.337974	30.3	9.86
CBDDTY010000360.1	1	37800	87	11889	31.4524	0.499233	30.6	23.7
CBDDTY010000361.1	1	37981	239	15668	41.2522	1.33475	32.2	10.9
CBDDTY010000362.1	1	37963	109	14576	38.3953	0.614835	31.4	17.9
CBDDTY010000363.1	1	37945	96	8288	21.8421	0.526077	30.8	16.3
CBDDTY010000364.1	1	37938	140	18469	48.6821	0.802783	31.1	38.8
CBDDTY010000365.1	1	37936	144	16486	43.4574	0.893821	30.5	24
CBDDTY010000366.1	1	37933	75	11539	30.4194	0.45583	31	37.6
CBDDTY010000367.1	1	37907	40	6093	16.0735	0.183924	31	4.95
CBDDTY010000368.1	1	37899	58	7741	20.4253	0.337845	29.8	9.83
CBDDTY010000369.1	1	37885	106	12579	33.2031	0.584717	30.1	21.9
CBDDTY010000370.1	1	37879	119	18026	47.5884	0.708678	31.8	42.5
CBDDTY010000371.1	1	37870	68	10357	27.3488	0.376393	30.3	17.8
CBDDTY010000372.1	1	37842	60	5587	14.764	0.304609	28.9	13
CBDDTY010000373.1	1	37831	105	15570	41.1567	0.608205	31.2	42.4
CBDDTY010000374.1	1	37830	140	19356	51.1657	0.855934	30.8	41.4
CBDDTY010000375.1	1	37814	111	14209	37.576	0.630798	30.9	7.4
CBDDTY010000376.1	1	37795	103	14080	37.2536	0.578013	31.4	32.1
CBDDTY010000377.1	1	37771	179	20108	53.2366	1.04218	30.8	21.7
CBDDTY010000378.1	1	37750	28	4031	10.6781	0.145695	29.7	10.2
CBDDTY010000379.1	1	37725	125	15533	41.1743	0.669742	30.6	25.9
CBDDTY010000380.1	1	37697	105	16227	43.0459	0.606176	31.1	43.7
CBDDTY010000381.1	1	37692	88	13521	35.8723	0.499469	31.5	28.1
CBDDTY010000382.1	1	37682	121	12619	33.4881	0.617138	30.7	14.6
CBDDTY010000383.1	1	37667	122	15675	41.6147	0.671968	30.6	24.8
CBDDTY010000384.1	1	37660	128	15148	40.223	0.744291	30.5	21
CBDDTY010000385.1	1	37657	198	15231	40.4467	1.13708	31.7	8.93
CBDDTY010000386.1	1	37656	132	19739	52.4193	0.841938	31	46
CBDDTY010000387.1	1	37650	92	13252	35.1979	0.55174	32.2	19.4
CBDDTY010000388.1	1	37648	76	9330	24.7822	0.454287	31.3	19.6
CBDDTY010000389.1	1	37620	85	11574	30.7656	0.489288	31.8	5.32
CBDDTY010000390.1	1	37599	132	14927	39.7005	0.771244	31.2	28.3
CBDDTY010000391.1	1	37587	120	18927	50.3552	0.750605	31.3	40
CBDDTY010000392.1	1	37579	83	11723	31.1956	0.496155	30.7	12.3
CBDDTY010000393.1	1	37565	176	14260	37.9609	1.07222	31.4	22.1
CBDDTY010000394.1	1	37561	37	5853	15.5827	0.202258	31.6	7.51
CBDDTY010000395.1	1	37552	125	16081	42.8233	0.744221	31.2	27.3
CBDDTY010000396.1	1	37526	65	9465	25.2225	0.347892	31.7	1.29
CBDDTY010000397.1	1	37511	50	7593	20.2421	0.263709	31	21.1
CBDDTY010000398.1	1	37500	82	10919	29.1173	0.454907	32.1	26.5
CBDDTY010000399.1	1	37488	130	10837	28.9079	0.794201	31.3	18.7
CBDDTY010000400.1	1	37486	86	9883	26.3645	0.458945	30.4	9.77
CBDDTY010000401.1	1	37468	103	13869	37.0156	0.596803	31.2	13.7
CBDDTY010000402.1	1	37458	71	6917	18.466	0.391292	31.5	5.65
CBDDTY010000403.1	1	37449	77	8687	23.1969	0.407888	31.9	21.2
CBDDTY010000404.1	1	37432	126	11341	30.2976	0.75	31	14
CBDDTY010000405.1	1	37422	170	16773	44.8212	0.99666	30	25.3
CBDDTY010000406.1	1	37413	170	17590	47.0157	1.05787	31.4	15.1
CBDDTY010000407.1	1	37403	83	7055	18.8621	0.459268	30.4	4.81
CBDDTY010000408.1	1	37401	70	9559	25.5581	0.374402	30.6	22.4
CBDDTY010000409.1	1	37392	86	13832	36.9919	0.53934	31.6	46.6
CBDDTY010000410.1	1	37375	150	18936	50.6649	0.814395	30.6	27.3
CBDDTY010000411.1	1	37372	74	7122	19.057	0.402039	31.7	7.76
CBDDTY010000412.1	1	37362	88	10755	28.7859	0.477383	29.7	12.9
CBDDTY010000413.1	1	37357	83	6262	16.7626	0.450679	30.3	8.7
CBDDTY010000414.1	1	37356	79	8270	22.1383	0.484099	31.5	18.6
CBDDTY010000415.1	1	37351	50	6628	17.7452	0.243501	30.1	8.34
CBDDTY010000416.1	1	37340	184	17976	48.1414	1.13969	30.9	19.2
CBDDTY010000417.1	1	37339	160	21242	56.8896	1.00683	31.4	34.4
CBDDTY010000418.1	1	37333	121	16528	44.2718	0.692229	31.3	28.7
CBDDTY010000419.1	1	37330	108	16841	45.1138	0.663649	30.9	39.5
CBDDTY010000420.1	1	37320	123	20004	53.6013	0.775536	30.4	47
CBDDTY010000421.1	1	37314	181	20062	53.7653	1.09321	31.3	37.3
CBDDTY010000422.1	1	37303	110	15829	42.4336	0.634721	31.1	34
CBDDTY010000423.1	1	37294	114	17512	46.9566	0.708827	31.1	44.6
CBDDTY010000424.1	1	37288	75	10357	27.7757	0.388972	30.8	12.7
CBDDTY010000425.1	1	37287	55	6425	17.2312	0.296135	32.4	10.8
CBDDTY010000426.1	1	37269	126	12451	33.4085	0.637286	31.3	19.7
CBDDTY010000427.1	1	37260	21	3316	8.89962	0.100993	29.8	2.48
CBDDTY010000428.1	1	37255	119	17620	47.2957	0.703932	31.8	32.3
CBDDTY010000429.1	1	37239	133	17025	45.7182	0.766884	30.8	21.2
CBDDTY010000430.1	1	37224	98	15129	40.6431	0.580163	31	39.4
CBDDTY010000431.1	1	37219	133	20896	56.1434	0.836992	31.4	44.1
CBDDTY010000432.1	1	37210	113	15308	41.1395	0.691427	31	23.2
CBDDTY010000433.1	1	37180	272	24161	64.9839	1.57378	31	17.8
CBDDTY010000434.1	1	37176	126	16209	43.6007	0.751829	31.3	26.7
CBDDTY010000435.1	1	37173	250	23382	62.9005	1.54413	30.1	37.8
CBDDTY010000436.1	1	37171	119	17914	48.1935	0.751096	30.3	48
CBDDTY010000437.1	1	37161	46	7719	20.7718	0.257743	30.3	19.8
CBDDTY010000438.1	1	37150	113	15743	42.3769	0.629367	31.5	42.1
CBDDTY010000439.1	1	37148	112	15108	40.6698	0.73689	30.5	31.7
CBDDTY010000440.1	1	37139	56	6943	18.6946	0.270551	29.8	9.59
CBDDTY010000441.1	1	37137	67	10768	28.9953	0.418154	30.5	37.7
CBDDTY010000442.1	1	37117	274	19195	51.7148	1.5248	30.5	23.7
CBDDTY010000443.1	1	37073	119	17047	45.9823	0.717908	31.1	27.4
CBDDTY010000444.1	1	37063	69	7375	19.8986	0.347085	31.4	9.01
CBDDTY010000445.1	1	37063	89	9955	26.8597	0.492432	31.2	9.12
CBDDTY010000446.1	1	37027	41	7185	19.4048	0.245578	33.1	16.7
CBDDTY010000447.1	1	37021	140	14586	39.3993	0.858	31.1	14.8
CBDDTY010000448.1	1	37009	58	8815	23.8185	0.408684	30.2	13.8
CBDDTY010000449.1	1	37009	132	17139	46.3104	0.742873	31.3	38.6
CBDDTY010000450.1	1	37003	159	16145	43.6316	0.908062	29.8	19.6
CBDDTY010000451.1	1	37000	81	6691	18.0838	0.488865	30.5	7.7
CBDDTY010000452.1	1	37000	73	8540	23.0811	0.390486	31.7	14.6
CBDDTY010000453.1	1	37000	159	13025	35.2027	0.882243	32	12.3
CBDDTY010000454.1	1	37000	89	12352	33.3838	0.506459	30.7	15.2
CBDDTY010000455.1	1	37000	141	15131	40.8946	0.873135	31.4	22
CBDDTY010000456.1	1	37000	42	5761	15.5703	0.217568	32.3	15.1
CBDDTY010000457.1	1	37000	29	3927	10.6135	0.184027	30	29.4
CBDDTY010000458.1	1	37000	102	10543	28.4946	0.608757	29.9	13.2
CBDDTY010000459.1	1	37000	135	14640	39.5676	0.835676	30	10
CBDDTY010000460.1	1	37000	37	4903	13.2514	0.189459	31.9	13.1
CBDDTY010000461.1	1	37000	38	11316	30.5838	0.412676	18.6	17
CBDDTY010000462.1	1	36600	124	12303	33.6148	0.805109	30.7	9.44
CBDDTY010000463.1	1	37000	100	12795	34.5811	0.533919	30.8	35.4
CBDDTY010000464.1	1	37000	270	21952	59.3297	1.54778	30.6	13.7
CBDDTY010000465.1	1	37000	25	2921	7.89459	0.123162	30.7	7.04
CBDDTY010000466.1	1	37000	118	10324	27.9027	0.631135	32.1	21.2
CBDDTY010000467.1	1	36974	113	14118	38.1836	0.636285	31.1	17.5
CBDDTY010000468.1	1	36968	123	12882	34.8464	0.67104	30.8	8.12
CBDDTY010000469.1	1	36961	91	14674	39.7013	0.55702	32.5	42.4
CBDDTY010000470.1	1	36960	107	15486	41.8994	0.62151	31.9	23.4
CBDDTY010000471.1	1	36951	141	17268	46.7322	0.860572	30.6	21.1
CBDDTY010000472.1	1	36947	146	17947	48.575	0.869272	31.9	27.8
CBDDTY010000473.1	1	36947	85	14414	39.0126	0.589899	29.9	40.1
CBDDTY010000474.1	1	36939	107	13208	35.7562	0.581824	30.5	23.5
CBDDTY010000475.1	1	36891	191	16222	43.9728	1.11108	30.4	19.9
CBDDTY010000476.1	1	36876	129	13790	37.3956	0.745173	31.4	14.3
CBDDTY010000477.1	1	36867	105	15915	43.1687	0.613557	30.5	38.7
CBDDTY010000478.1	1	36850	114	17567	47.6716	0.709552	31.4	37.3
CBDDTY010000479.1	1	36847	127	13132	35.6393	0.739355	30.7	12.8
CBDDTY010000480.1	1	36827	122	15404	41.828	0.763272	30.6	35.4
CBDDTY010000481.1	1	36803	66	10275	27.9189	0.389561	31.5	22.3
CBDDTY010000482.1	1	36768	49	7678	20.8823	0.299282	32.1	26.8
CBDDTY010000483.1	1	36764	119	16847	45.8247	0.707322	31.1	21
CBDDTY010000484.1	1	36752	88	9969	27.1251	0.469634	31.1	10.4
CBDDTY010000485.1	1	36750	132	13265	36.0952	0.740245	31	12.2
CBDDTY010000486.1	1	36725	124	18286	49.7917	0.709462	31	42.9
CBDDTY010000487.1	1	36704	213	22887	62.3556	1.20962	30.8	36.5
CBDDTY010000488.1	1	36703	112	16929	46.1243	0.671662	30.8	32.3
CBDDTY010000489.1	1	36700	61	7391	20.139	0.339019	31.8	15.4
CBDDTY010000490.1	1	36697	114	13669	37.2483	0.685642	31.1	25.7
CBDDTY010000491.1	1	36695	75	9733	26.524	0.391934	32.5	18.8
CBDDTY010000492.1	1	36693	46	8172	22.2713	0.273785	30.9	24.5
CBDDTY010000493.1	1	36680	66	8018	21.8593	0.386941	31.2	12.5
CBDDTY010000494.1	1	36660	95	12788	34.8827	0.554528	30.3	32.8
CBDDTY010000495.1	1	36651	128	17373	47.4012	0.805326	30.4	36.4
CBDDTY010000496.1	1	36643	121	15440	42.1363	0.691674	31.3	25.1
CBDDTY010000497.1	1	36635	147	15805	43.1418	0.857077	30.1	20.7
CBDDTY010000498.1	1	36632	94	11685	31.8983	0.552495	30.9	20.5
CBDDTY010000499.1	1	36626	179	19202	52.4272	1.00587	31.2	26.6
CBDDTY010000500.1	1	36604	104	15691	42.8669	0.581822	31.1	37.7
CBDDTY010000501.1	1	36576	72	11004	30.0853	0.460739	31.6	27.3
CBDDTY010000502.1	1	36569	49	6127	16.7546	0.320818	30.5	5
CBDDTY010000503.1	1	36544	115	5799	15.8685	0.645003	31.1	11.2
CBDDTY010000504.1	1	36537	100	13641	37.3348	0.61201	31	26.4
CBDDTY010000505.1	1	36535	192	16251	44.4806	1.22997	30.9	13.9
CBDDTY010000506.1	1	36522	117	18271	50.0274	0.754258	31.2	43.4
CBDDTY010000507.1	1	36517	78	7661	20.9793	0.46047	32	14.2
CBDDTY010000508.1	1	36508	45	6098	16.7032	0.259231	30	28.2
CBDDTY010000509.1	1	36479	106	14442	39.5899	0.614079	32.4	30
CBDDTY010000510.1	1	36479	101	14500	39.7489	0.608295	30.5	30
CBDDTY010000511.1	1	36464	109	17127	46.9696	0.660268	31	42.9
CBDDTY010000512.1	1	36411	127	11942	32.7978	0.785697	31.2	33.6
CBDDTY010000513.1	1	36383	105	13270	36.4731	0.599593	30.6	23
CBDDTY010000514.1	1	36369	72	7387	20.3113	0.396986	31.1	7.61
CBDDTY010000515.1	1	36361	90	10383	28.5553	0.536481	32	17.3
CBDDTY010000516.1	1	36346	114	16087	44.2607	0.678727	31.6	33.5
CBDDTY010000517.1	1	36321	76	11603	31.9457	0.439415	31.7	28.5
CBDDTY010000518.1	1	36316	69	9326	25.6801	0.378511	30.6	7.51
CBDDTY010000519.1	1	36300	105	14437	39.7713	0.59854	30.7	20.9
CBDDTY010000520.1	1	36292	87	9985	27.513	0.516395	30.2	12.9
CBDDTY010000521.1	1	36254	223	16454	45.3853	1.41557	31.6	21.8
CBDDTY010000522.1	1	36241	69	8402	23.1837	0.435805	30.5	13.2
CBDDTY010000523.1	1	36224	111	13593	37.5248	0.67378	31.4	25.2
CBDDTY010000524.1	1	36203	89	10489	28.9727	0.556584	31.7	15.5
CBDDTY010000525.1	1	36196	125	13282	36.6947	0.810642	31.5	10.7
CBDDTY010000526.1	1	36191	123	16661	46.0363	0.711613	31.4	42.3
CBDDTY010000527.1	1	36185	80	9825	27.1521	0.544342	30.8	9.31
CBDDTY010000528.1	1	36177	133	10076	27.852	0.763109	31	7.66
CBDDTY010000529.1	1	36170	95	7705	21.3022	0.617943	31.6	16.3
CBDDTY010000530.1	1	36068	67	9493	26.3197	0.435899	30.3	19
CBDDTY010000531.1	1	36067	126	18336	50.8387	0.736296	31.6	38.4
CBDDTY010000532.1	1	36042	268	18216	50.541	1.61456	31.2	11.7
CBDDTY010000533.1	1	36041	132	16099	44.6686	0.825532	31.1	34.1
CBDDTY010000534.1	1	36038	107	14462	40.1299	0.676203	31.3	44.9
CBDDTY010000535.1	1	36037	61	7519	20.8647	0.345506	29.2	5.51
CBDDTY010000536.1	1	36027	124	15935	44.2307	0.769173	31.6	32.7
CBDDTY010000537.1	1	36021	120	14690	40.7818	0.693373	31	32.5
CBDDTY010000538.1	1	36013	102	14348	39.8412	0.569544	30.8	36.6
CBDDTY010000539.1	1	36009	100	10201	28.329	0.590547	32.6	12.8
CBDDTY010000540.1	1	36007	95	11496	31.9271	0.607326	30.8	20.7
CBDDTY010000541.1	1	36000	57	7162	19.8944	0.3355	30.5	12.7
CBDDTY010000542.1	1	36000	53	4878	13.55	0.292889	30.6	12.8
CBDDTY010000543.1	1	36000	60	8114	22.5389	0.371639	30.6	19.9
CBDDTY010000544.1	1	35600	29	4641	13.0365	0.160337	32	6.76
CBDDTY010000545.1	1	36000	15	3588	9.96667	0.118139	30.5	0.4
CBDDTY010000546.1	1	36000	450	29137	80.9361	2.73742	31.3	28
CBDDTY010000547.1	1	36000	80	10510	29.1944	0.45625	31.4	26.2
CBDDTY010000548.1	1	36000	15	2652	7.36667	0.0820556	28.7	10
CBDDTY010000549.1	1	36000	29	3318	9.21667	0.132083	29.3	4.55
CBDDTY010000550.1	1	36000	79	11180	31.0556	0.470083	30.5	42.4
CBDDTY010000551.1	1	36000	73	9185	25.5139	0.422917	30.5	35.4
CBDDTY010000552.1	1	36000	43	5773	16.0361	0.259444	32	10
CBDDTY010000553.1	1	36000	81	10023	27.8417	0.489083	31.5	4.88
CBDDTY010000554.1	1	36000	142	16825	46.7361	0.944972	31.2	12.3
CBDDTY010000555.1	1	36000	82	10065	27.9583	0.528222	30.9	3
CBDDTY010000556.1	1	36000	145	13438	37.3278	0.919389	30.5	7.51
CBDDTY010000557.1	1	36000	83	8346	23.1833	0.406583	32.2	13.2
CBDDTY010000558.1	1	36000	77	8435	23.4306	0.443139	32.1	9.22
CBDDTY010000559.1	1	36000	87	8390	23.3056	0.4555	31.1	7.6
CBDDTY010000560.1	1	36000	136	14119	39.2194	0.855	31.3	20.7
CBDDTY010000561.1	1	36000	80	10663	29.6194	0.514333	31.3	14.1
CBDDTY010000562.1	1	35996	91	12746	35.4095	0.555117	30.7	21.8
CBDDTY010000563.1	1	35994	67	9091	25.257	0.376174	30.6	10.9
CBDDTY010000564.1	1	35993	85	11902	33.0675	0.522546	30.8	39.4
CBDDTY010000565.1	1	35974	59	8409	23.3752	0.348863	30.2	13.8
CBDDTY010000566.1	1	35951	111	15100	42.0016	0.660983	30.7	20.8
CBDDTY010000567.1	1	35932	100	13063	36.3548	0.564733	30.6	25.3
CBDDTY010000568.1	1	35907	60	9046	25.1929	0.376528	29.9	32.2
CBDDTY010000569.1	1	35901	85	11683	32.5423	0.505919	30.7	20.9
CBDDTY010000570.1	1	35881	72	9404	26.2089	0.423149	31.4	20.1
CBDDTY010000571.1	1	35878	103	12984	36.1893	0.653242	30.8	22.5
CBDDTY010000572.1	1	35869	81	11417	31.8297	0.456327	32.2	31.7
CBDDTY010000573.1	1	35838	64	9907	27.6438	0.388805	31.1	34.8
CBDDTY010000574.1	1	35809	97	13012	36.3372	0.588679	32.4	15.3
CBDDTY010000575.1	1	35804	94	13557	37.8645	0.544241	30.9	30
CBDDTY010000576.1	1	35783	218	20474	57.2171	1.34687	30.6	18.8
CBDDTY010000577.1	1	35774	90	10825	30.2594	0.512775	30.6	20.8
CBDDTY010000578.1	1	35767	85	8384	23.4406	0.508877	32	14.3
CBDDTY010000579.1	1	35746	183	11968	33.4807	1.20181	30.8	10.7
CBDDTY010000580.1	1	35706	131	19300	54.0525	0.791044	31.4	39.4
CBDDTY010000581.1	1	35701	42	4139	11.5935	0.191787	31.3	4.69
CBDDTY010000582.1	1	35667	176	18306	51.3248	1.07169	31.4	20.1
CBDDTY010000583.1	1	35664	228	18333	51.4048	1.47019	30.9	27.1
CBDDTY010000584.1	1	35663	82	6186	17.3457	0.445756	30	5.35
CBDDTY010000585.1	1	35659	384	23973	67.2285	2.56182	30.3	19.6
CBDDTY010000586.1	1	35653	101	12498	35.0546	0.595518	31.2	17.4
CBDDTY010000587.1	1	35632	123	15653	43.9296	0.727408	31.7	33.8
CBDDTY010000588.1	1	35623	132	13747	38.5902	0.864806	30.5	22.5
CBDDTY010000589.1	1	35617	113	13824	38.8129	0.666451	30.4	25.2
CBDDTY010000590.1	1	35611	29	3526	9.90143	0.136531	32.3	4.93
CBDDTY010000591.1	1	35600	98	13741	38.5983	0.61264	31.1	35.1
CBDDTY010000592.1	1	35580	179	18510	52.0236	1.05393	31.5	33.9
CBDDTY010000593.1	1	35579	56	7168	20.1467	0.312909	31.4	29.3
CBDDTY010000594.1	1	35553	112	16830	47.3378	0.728827	30.6	30.2
CBDDTY010000595.1	1	35548	29	3906	10.988	0.152414	32.8	29.9
CBDDTY010000596.1	1	35530	63	8307	23.3802	0.362511	31.2	6.05
CBDDTY010000597.1	1	35530	146	17487	49.2176	0.914044	31.6	27.7
CBDDTY010000598.1	1	35528	15	2764	7.77978	0.0897602	31	39.9
CBDDTY010000599.1	1	35493	104	13296	37.4609	0.594483	30.6	24.1
CBDDTY010000600.1	1	35492	150	19089	53.784	0.989209	30.7	27.7
CBDDTY010000601.1	1	35485	64	9971	28.0992	0.413611	31.8	38.6
CBDDTY010000602.1	1	35471	109	15259	43.0182	0.689859	29.4	28
CBDDTY010000603.1	1	35451	91	10596	29.8891	0.522186	31.7	15.2
CBDDTY010000604.1	1	35446	108	14445	40.7521	0.577667	30.8	28.8
CBDDTY010000605.1	1	35444	150	18721	52.8185	1.00632	31.2	26.8
CBDDTY010000606.1	1	35436	186	22674	63.9858	1.1992	30.3	39
CBDDTY010000607.1	1	35427	103	13053	36.8448	0.666159	31	14.6
CBDDTY010000608.1	1	35411	117	9621	27.1695	0.743695	30.2	15.1
CBDDTY010000609.1	1	35406	178	15247	43.0633	1.11908	31.3	18.2
CBDDTY010000610.1	1	35405	93	13605	38.4268	0.595085	30.9	18.2
CBDDTY010000611.1	1	35394	126	15069	42.575	0.792394	30.9	26.5
CBDDTY010000612.1	1	35391	145	17921	50.6372	0.906615	31	33.3
CBDDTY010000613.1	1	35375	132	17492	49.4473	0.830417	30.8	30.9
CBDDTY010000614.1	1	35360	50	5875	16.6148	0.2806	31.2	14.4
CBDDTY010000615.1	1	35356	132	18414	52.0817	0.802579	30.9	30.1
CBDDTY010000616.1	1	35353	154	20068	56.7646	1.01587	30.9	25.2
CBDDTY010000617.1	1	35339	80	12227	34.5992	0.490818	31.2	29.8
CBDDTY010000618.1	1	35335	194	23244	65.7818	1.19346	30.3	30.9
CBDDTY010000619.1	1	35317	84	11001	31.1493	0.502874	32.1	18.1
CBDDTY010000620.1	1	35312	100	15057	42.6399	0.643549	32.2	43.8
CBDDTY010000621.1	1	35302	82	10364	29.3581	0.46071	31.6	7.7
CBDDTY010000622.1	1	35301	59	6404	18.1411	0.375938	31.4	28.2
CBDDTY010000623.1	1	35276	109	18424	52.2281	0.751077	31.8	45.2
CBDDTY010000624.1	1	35275	92	14237	40.36	0.598016	31.4	40.4
CBDDTY010000625.1	1	35268	134	15629	44.315	0.777135	31.8	17.6
CBDDTY010000626.1	1	35244	122	16885	47.9089	0.797668	31.3	31.8
CBDDTY010000627.1	1	35237	119	17698	50.2256	0.756279	30.3	39.3
CBDDTY010000628.1	1	35226	74	10352	29.3874	0.41898	32.1	15.2
CBDDTY010000629.1	1	35215	100	12992	36.8934	0.642084	31.5	23.9
CBDDTY010000630.1	1	35189	94	11841	33.6497	0.593936	30.5	2.26
CBDDTY010000631.1	1	35182	171	20061	57.0206	1.12177	31.8	40.5
CBDDTY010000632.1	1	35142	98	14994	42.6669	0.65113	31	27.1
CBDDTY010000633.1	1	35132	41	5546	15.7862	0.237846	30.9	37.2
CBDDTY010000634.1	1	35126	163	14901	42.4216	1.08455	31.1	30.9
CBDDTY010000635.1	1	35121	156	17337	49.3636	0.951368	31.3	28.7
CBDDTY010000636.1	1	35089	127	12444	35.4641	0.798427	31.5	17.7
CBDDTY010000637.1	1	35077	136	12994	37.0442	0.828834	30.6	15.1
CBDDTY010000638.1	1	35069	55	9200	26.234	0.336451	31.5	19.6
CBDDTY010000639.1	1	35053	111	10906	31.1129	0.720823	31.2	9.16
CBDDTY010000640.1	1	35042	111	15486	44.1927	0.654643	31.1	35.6
CBDDTY010000641.1	1	35041	95	14411	41.1261	0.607859	31.3	35.9
CBDDTY010000642.1	1	35040	52	6925	19.7631	0.32911	31	29.6
CBDDTY010000643.1	1	35019	94	13548	38.6876	0.580628	32.2	36.9
CBDDTY010000644.1	1	35016	83	12043	34.3928	0.512451	31.4	44.2
CBDDTY010000645.1	1	35010	96	14183	40.5113	0.593145	31.9	42.9
CBDDTY010000646.1	1	35000	6	1277	3.64857	0.0425429	32.3	27.7
CBDDTY010000647.1	1	35000	130	14966	42.76	0.8466	30.7	9.51
CBDDTY010000648.1	1	35000	137	13229	37.7971	0.809029	31.3	18.4
CBDDTY010000649.1	1	35000	56	6422	18.3486	0.293629	31.5	7.27
CBDDTY010000650.1	1	35000	112	9378	26.7943	0.547457	29.4	9.04
CBDDTY010000651.1	1	35000	37	5577	15.9343	0.246629	30.7	30.8
CBDDTY010000652.1	1	35000	209	15276	43.6457	1.333	31.7	9.42
CBDDTY010000653.1	1	35000	91	9148	26.1371	0.5734	31.8	16.5
CBDDTY010000654.1	1	35000	99	12990	37.1143	0.639943	31	3.53
CBDDTY010000655.1	1	35000	66	8621	24.6314	0.360971	30.3	1.47
CBDDTY010000656.1	1	35000	132	12737	36.3914	0.819657	31.1	8.05
CBDDTY010000657.1	1	34800	55	6487	18.6408	0.283477	30.5	7.91
CBDDTY010000658.1	1	35000	118	12249	34.9971	0.740886	31.3	16.4
CBDDTY010000659.1	1	35000	186	15205	43.4429	1.23451	30	31.2
CBDDTY010000660.1	1	35000	57	5034	14.3829	0.333114	30.8	9.77
CBDDTY010000661.1	1	35000	123	12592	35.9771	0.808743	31.7	25.2
CBDDTY010000662.1	1	35000	165	10679	30.5114	0.9338	31	6.27
CBDDTY010000663.1	1	35000	72	6967	19.9057	0.383171	30.8	10.8
CBDDTY010000664.1	1	34987	94	11130	31.8118	0.607626	32	18
CBDDTY010000665.1	1	34986	70	11537	32.976	0.454496	31.6	33.6
CBDDTY010000666.1	1	34983	238	20915	59.7862	1.51211	31	41.7
CBDDTY010000667.1	1	34982	55	5829	16.6629	0.334829	31.6	10.9
CBDDTY010000668.1	1	34972	61	6383	18.2517	0.35231	30.9	4.77
CBDDTY010000669.1	1	34950	146	15598	44.6295	0.874335	30.8	27.2
CBDDTY010000670.1	1	34942	506	24150	69.1145	2.96234	31.1	39.2
CBDDTY010000671.1	1	34934	113	13260	37.9573	0.729061	31.7	22.3
CBDDTY010000672.1	1	34925	44	6625	18.9692	0.254717	31.4	7.86
CBDDTY010000673.1	1	34922	73	10155	29.0791	0.437776	30.6	13.7
CBDDTY010000674.1	1	34918	66	8992	25.7518	0.413941	29.9	22.2
CBDDTY010000675.1	1	34907	136	16362	46.8731	0.821554	30.7	23.3
CBDDTY010000676.1	1	34893	124	13808	39.5724	0.792996	31	16.4
CBDDTY010000677.1	1	34876	107	17202	49.3233	0.713127	30.5	38.5
CBDDTY010000678.1	1	34863	66	9566	27.4388	0.385366	31.1	8.05
CBDDTY010000679.1	1	34854	147	16972	48.6946	0.946262	30.7	30.1
CBDDTY010000680.1	1	34847	67	10539	30.2436	0.403478	31.3	24.7
CBDDTY010000681.1	1	34839	65	6842	19.6389	0.352507	31.3	9.68
CBDDTY010000682.1	1	34824	130	16572	47.5879	0.901907	31.1	21.9
CBDDTY010000683.1	1	34791	78	10465	30.0796	0.42945	31.9	16.7
CBDDTY010000684.1	1	34774	114	15309	44.0243	0.678208	30	39.6
CBDDTY010000685.1	1	34677	240	20957	60.4349	1.52458	30.8	28.8
CBDDTY010000686.1	1	34671	217	21837	62.9835	1.42174	32	32.5
CBDDTY010000687.1	1	34617	117	14792	42.7305	0.760956	30.9	28.7
CBDDTY010000688.1	1	34609	80	11133	32.1679	0.468086	31.5	30.2
CBDDTY010000689.1	1	34607	123	15654	45.2336	0.780969	30.8	19.1
CBDDTY010000690.1	1	34599	66	5472	15.8155	0.373739	31.7	12.2
CBDDTY010000691.1	1	34599	153	13261	38.3277	1.00962	31.6	8.88
CBDDTY010000692.1	1	34584	130	15445	44.6594	0.87552	31.1	29.8
CBDDTY010000693.1	1	34578	120	17022	49.2278	0.773064	30.7	27.5
CBDDTY010000694.1	1	34559	97	16296	47.1541	0.662519	31.6	38.9
CBDDTY010000695.1	1	34533	73	10443	30.2406	0.460545	32.4	14.8
CBDDTY010000696.1	1	34476	140	17496	50.7483	0.841136	30.4	25.2
CBDDTY010000697.1	1	34476	83	10612	30.7808	0.556648	30.6	17.2
CBDDTY010000698.1	1	34464	86	11798	34.2328	0.567462	32	29.9
CBDDTY010000699.1	1	34461	56	6653	19.3059	0.319056	32.5	10.6
CBDDTY010000700.1	1	34459	165	11995	34.8095	1.06054	30.8	17.7
CBDDTY010000701.1	1	34436	54	4476	12.998	0.291381	31.5	8.31
CBDDTY010000702.1	1	34429	161	20126	58.4565	1.04351	30.7	29.8
CBDDTY010000703.1	1	34426	92	12885	37.4281	0.571312	31.1	14.9
CBDDTY010000704.1	1	34379	169	15602	45.3824	1.09317	32.3	32.2
CBDDTY010000705.1	1	34351	190	19470	56.6796	1.26666	30.8	33.9
CBDDTY010000706.1	1	34304	90	10093	29.4222	0.609171	29.9	9.61
CBDDTY010000707.1	1	34288	136	15288	44.587	0.927351	30.9	21.2
CBDDTY010000708.1	1	34277	80	12769	37.2524	0.472678	30.7	26.9
CBDDTY010000709.1	1	34223	131	17144	50.095	0.881805	31	25.5
CBDDTY010000710.1	1	34219	137	15992	46.7343	0.841375	30.8	6.92
CBDDTY010000711.1	1	34211	81	12835	37.5172	0.536874	30.9	32.7
CBDDTY010000712.1	1	34207	111	14582	42.6287	0.702195	30.9	27.5
CBDDTY010000713.1	1	34200	97	10690	31.2573	0.553684	30.9	26
CBDDTY010000714.1	1	34198	107	14480	42.3417	0.651851	30.1	34.9
CBDDTY010000715.1	1	34194	103	14744	43.1187	0.669679	30.5	43.3
CBDDTY010000716.1	1	34185	249	17420	50.958	1.62331	31.4	17.2
CBDDTY010000717.1	1	34155	103	14162	41.4639	0.648573	30.8	30.5
CBDDTY010000718.1	1	34148	163	19385	56.7676	1.03901	31.2	24.7
CBDDTY010000719.1	1	34147	95	14747	43.1868	0.61534	30.4	41.1
CBDDTY010000720.1	1	34139	89	10397	30.4549	0.552975	30.9	13.6
CBDDTY010000721.1	1	34138	101	12957	37.9548	0.643945	31.3	28.4
CBDDTY010000722.1	1	34137	113	12886	37.7479	0.653719	31.3	13
CBDDTY010000723.1	1	34130	100	10496	30.753	0.577498	31.4	26
CBDDTY010000724.1	1	34124	95	10027	29.384	0.554302	30.9	13.9
CBDDTY010000725.1	1	34122	103	8952	26.2353	0.555917	30.9	0.864
CBDDTY010000726.1	1	34090	120	10070	29.5395	0.618833	30.9	9.44
CBDDTY010000727.1	1	34087	77	9886	29.0023	0.497345	30.7	13.1
CBDDTY010000728.1	1	34078	59	8248	24.2033	0.380363	31.9	22.1
CBDDTY010000729.1	1	34053	30	3851	11.3088	0.18342	31.2	16
CBDDTY010000730.1	1	34026	125	11192	32.8925	0.765385	30.7	10.8
CBDDTY010000731.1	1	34006	21	2367	6.96054	0.0927777	30.9	2
CBDDTY010000732.1	1	34000	68	7993	23.5088	0.424618	31.3	9.28
CBDDTY010000733.1	1	34000	55	6201	18.2382	0.287265	31.2	7.22
CBDDTY010000734.1	1	34000	81	9596	28.2235	0.541029	31.9	17.1
CBDDTY010000735.1	1	34000	264	9499	27.9382	1.65341	31.5	18.6
CBDDTY010000736.1	1	34000	106	12100	35.5882	0.706588	30.6	24.1
CBDDTY010000737.1	1	34000	63	7353	21.6265	0.396235	31.5	16.4
CBDDTY010000738.1	1	34000	108	13108	38.5529	0.683147	30.6	27.3
CBDDTY010000739.1	1	34000	105	9593	28.2147	0.718265	30.8	9.1
CBDDTY010000740.1	1	34000	183	12726	37.4294	1.25559	32.3	15.1
CBDDTY010000741.1	1	34000	125	8620	25.3529	0.833088	31.5	4.3
CBDDTY010000742.1	1	33800	201	11637	34.429	1.34775	30.6	34.2
CBDDTY010000743.1	1	34000	41	4823	14.1853	0.222941	32.1	12.8
CBDDTY010000744.1	1	34000	67	7428	21.8471	0.383706	31.4	13.1
CBDDTY010000745.1	1	34000	57	5533	16.2735	0.360824	30.2	10.8
CBDDTY010000746.1	1	34000	113	14808	43.5529	0.713	31.3	24.4
CBDDTY010000747.1	1	34000	213	11676	34.3412	1.34438	31.3	8.68
CBDDTY010000748.1	1	34000	47	5456	16.0471	0.285412	32.3	15.9
CBDDTY010000749.1	1	34000	44	6420	18.8824	0.315206	32	14.5
CBDDTY010000750.1	1	33800	75	10614	31.4024	0.496686	29.9	15.6
CBDDTY010000751.1	1	34000	45	8385	24.6618	0.306088	31.5	13.3
CBDDTY010000752.1	1	34000	106	14092	41.4471	0.753265	30.6	20.1
CBDDTY010000753.1	1	34000	116	15461	45.4735	0.742529	31.2	34.1
CBDDTY010000754.1	1	33612	91	10421	31.0038	0.558164	31	12.5
CBDDTY010000755.1	1	33992	82	12528	36.8557	0.526771	31.6	32.9
CBDDTY010000756.1	1	33985	182	18662	54.9125	1.18673	30.4	35.3
CBDDTY010000757.1	1	33983	84	11745	34.5614	0.480564	31.2	31.7
CBDDTY010000758.1	1	33983	89	8210	24.1591	0.477533	30.7	5.04
CBDDTY010000759.1	1	33929	62	7964	23.4725	0.411713	30.6	1.71
CBDDTY010000760.1	1	33925	74	9295	27.3987	0.509211	29.8	6.82
CBDDTY010000761.1	1	33923	114	16747	49.3677	0.750612	31.5	45.5
CBDDTY010000762.1	1	33914	92	13388	39.4763	0.599929	30.2	30.7
CBDDTY010000763.1	1	33898	129	14189	41.8579	0.736828	32	20.1
CBDDTY010000764.1	1	33890	33	4201	12.396	0.200561	29.2	22.9
CBDDTY010000765.1	1	33888	89	14084	41.5604	0.558369	31.5	29.5
CBDDTY010000766.1	1	33673	186	16235	48.2137	1.23918	30.9	10.2
CBDDTY010000767.1	1	33858	83	13051	38.5463	0.535029	31.3	35.4
CBDDTY010000768.1	1	33839	51	7156	21.1472	0.317681	31.7	26.5
CBDDTY010000769.1	1	33835	165	17473	51.6418	1.11225	31.6	26.8
CBDDTY010000770.1	1	33831	99	13904	41.0984	0.679406	31.5	30.8
CBDDTY010000771.1	1	33828	90	13152	38.879	0.616442	31.2	39.7
CBDDTY010000772.1	1	33826	81	11587	34.2547	0.492875	30.8	35.3
CBDDTY010000773.1	1	33818	108	12090	35.7502	0.638713	31.3	21
CBDDTY010000774.1	1	33817	124	15248	45.0897	0.909158	30.3	21.8
CBDDTY010000775.1	1	33801	129	15501	45.8596	0.756013	31.7	22.3
CBDDTY010000776.1	1	33789	92	9224	27.2988	0.592205	30.7	21
CBDDTY010000777.1	1	33769	105	15700	46.4923	0.676301	31.6	44.4
CBDDTY010000778.1	1	33768	103	7116	21.0732	0.58893	32.4	8.69
CBDDTY010000779.1	1	33766	208	18871	55.8876	1.35026	30.3	28.9
CBDDTY010000780.1	1	33762	56	6580	19.4894	0.402109	30.7	21.2
CBDDTY010000781.1	1	33751	51	7293	21.6082	0.336879	32.5	21.4
CBDDTY010000782.1	1	33746	37	3631	10.7598	0.206128	31.9	6
CBDDTY010000783.1	1	33732	118	15350	45.5058	0.731709	31.5	33.4
CBDDTY010000784.1	1	33722	204	16542	49.054	1.24628	30.3	7.01
CBDDTY010000785.1	1	33708	110	14104	41.8417	0.697846	31.2	31.9
CBDDTY010000786.1	1	33702	94	11246	33.3689	0.588096	31.6	14.2
CBDDTY010000787.1	1	33661	117	15593	46.3236	0.850004	30.8	23
CBDDTY010000788.1	1	33654	41	6523	19.3825	0.251441	29.7	14.1
CBDDTY010000789.1	1	33644	87	11461	34.0655	0.563726	30.7	35.8
CBDDTY010000790.1	1	33638	107	13766	40.924	0.72207	30.8	11.4
CBDDTY010000791.1	1	33637	103	13981	41.5643	0.748907	29.9	27.1
CBDDTY010000792.1	1	33637	58	8624	25.6384	0.374231	30.6	13.2
CBDDTY010000793.1	1	33634	103	11821	35.146	0.582357	30.9	13
CBDDTY010000794.1	1	33629	129	15415	45.8384	0.864195	31.1	23.4
CBDDTY010000795.1	1	33617	119	15922	47.3629	0.762471	30.8	22.8
CBDDTY010000796.1	1	33612	90	13372	39.7834	0.548376	30.1	33.9
CBDDTY010000797.1	1	33606	369	17085	50.8391	2.58353	30.9	19.4
CBDDTY010000798.1	1	33591	23	3179	9.46384	0.106844	31	10.9
CBDDTY010000799.1	1	33579	56	8367	24.9174	0.389529	30	25.4
CBDDTY010000800.1	1	33572	111	17134	51.0366	0.750834	31	44.8
CBDDTY010000801.1	1	33566	70	10511	31.3144	0.440475	31.3	28.4
CBDDTY010000802.1	1	33558	18	3061	9.12152	0.126527	28.6	12.7
CBDDTY010000803.1	1	33558	117	8911	26.554	0.780261	31.2	38.1
CBDDTY010000804.1	1	33534	65	8870	26.4508	0.435737	30.7	23.7
CBDDTY010000805.1	1	33515	160	12306	36.7179	0.997195	31.5	13.3
CBDDTY010000806.1	1	33512	105	14654	43.7276	0.70888	30.4	28.2
CBDDTY010000807.1	1	33506	113	17026	50.8148	0.800603	32	39.2
CBDDTY010000808.1	1	33489	132	7971	23.8018	0.85231	31.4	8.03
CBDDTY010000809.1	1	33465	113	12828	38.3326	0.791753	30	24.1
CBDDTY010000810.1	1	33458	88	11102	33.1819	0.523253	32	1.61
CBDDTY010000811.1	1	33457	66	7382	22.0641	0.464148	30.4	13
CBDDTY010000812.1	1	33457	37	6900	20.6235	0.257136	30.9	20.2
CBDDTY010000813.1	1	33431	54	7028	21.0224	0.332117	32.6	13.1
CBDDTY010000814.1	1	33402	133	15204	45.5182	0.756542	30.8	23.1
CBDDTY010000815.1	1	33384	289	22308	66.8224	1.92889	30.9	26.9
CBDDTY010000816.1	1	33379	62	7123	21.3398	0.40888	30.6	6
CBDDTY010000817.1	1	33356	80	8345	25.018	0.506715	30.9	10.1
CBDDTY010000818.1	1	33356	86	14097	42.2623	0.61827	31.7	43.7
CBDDTY010000819.1	1	33350	105	13061	39.1634	0.626387	31.7	20.8
CBDDTY010000820.1	1	33349	218	15439	46.2952	1.40571	30.3	14.3
CBDDTY010000821.1	1	33284	78	12633	37.9552	0.521302	30	34.7
CBDDTY010000822.1	1	33274	145	14749	44.3259	0.997896	31	25.3
CBDDTY010000823.1	1	33274	260	15366	46.1802	1.69781	30.9	31.3
CBDDTY010000824.1	1	33255	109	13852	41.6539	0.700947	31.8	30.4
CBDDTY010000825.1	1	33215	80	9049	27.2437	0.539515	29.4	16.1
CBDDTY010000826.1	1	33147	98	11746	35.4361	0.607415	32.2	19.9
CBDDTY010000827.1	1	33145	88	13334	40.2293	0.561684	31.8	32.5
CBDDTY010000828.1	1	33130	90	12913	38.9768	0.569967	31.1	29.8
CBDDTY010000829.1	1	33113	143	11561	34.9138	1.01108	30.2	15.4
CBDDTY010000830.1	1	33105	54	7602	22.9633	0.302764	31.1	14.3
CBDDTY010000831.1	1	33092	163	15793	47.7245	1.01641	31	32.4
CBDDTY010000832.1	1	33090	99	15829	47.8362	0.732517	30.9	41.4
CBDDTY010000833.1	1	33069	130	14938	45.1722	0.827512	31.1	21
CBDDTY010000834.1	1	33053	176	15879	48.041	1.17369	31	33
CBDDTY010000835.1	1	33051	36	5277	15.9662	0.249614	31.3	13.5
CBDDTY010000836.1	1	33016	108	13168	39.8837	0.701175	32.1	28.2
CBDDTY010000837.1	1	33006	106	12336	37.375	0.639096	32	20.6
CBDDTY010000838.1	1	33000	68	7200	21.8182	0.472212	30.8	12.6
CBDDTY010000839.1	1	33000	27	3989	12.0879	0.144909	29.6	10
CBDDTY010000840.1	1	33000	75	11562	35.0364	0.558394	30.9	30.3
CBDDTY010000841.1	1	33000	110	15111	45.7909	0.798212	31.2	6.31
CBDDTY010000842.1	1	33000	89	12414	37.6182	0.551212	31.2	30
CBDDTY010000843.1	1	33000	170	18639	56.4818	1.18167	30.4	16.5
CBDDTY010000844.1	1	33000	106	11172	33.8545	0.697788	31.3	31.6
CBDDTY010000845.1	1	32800	376	24067	73.375	2.60302	30.7	5.26
CBDDTY010000846.1	1	33000	146	12974	39.3152	0.967788	31.8	29.8
CBDDTY010000847.1	1	33000	84	10111	30.6394	0.499061	30.8	14
CBDDTY010000848.1	1	33000	22	3224	9.7697	0.144273	30.4	18
CBDDTY010000849.1	1	33000	85	8826	26.7455	0.550455	30.6	14.3
CBDDTY010000850.1	1	33000	26	3582	10.8545	0.170727	31.9	14.8
CBDDTY010000851.1	1	33000	102	16097	48.7788	0.725061	30.9	39.6
CBDDTY010000852.1	1	33000	77	7622	23.097	0.449394	30.4	8.92
CBDDTY010000853.1	1	33000	14	2404	7.28485	0.0860909	29.4	12.4
CBDDTY010000854.1	1	33000	149	13482	40.8545	0.986636	31.5	10.3
CBDDTY010000855.1	1	33000	50	5649	17.1182	0.377333	32.1	34.9
CBDDTY010000856.1	1	33000	96	10449	31.6636	0.584182	31.3	16.1
CBDDTY010000857.1	1	32600	124	12613	38.6902	0.78	30.4	14.5
CBDDTY010000858.1	1	32995	137	15381	46.6162	0.83843	27.9	31.7
CBDDTY010000859.1	1	32982	55	8914	27.0269	0.360015	30.2	16.9
CBDDTY010000860.1	1	32981	47	6210	18.829	0.263091	31.7	15.9
CBDDTY010000861.1	1	32973	18	2947	8.93762	0.120796	31.4	32.7
CBDDTY010000862.1	1	32972	84	13889	42.1236	0.580675	31.4	37.6
CBDDTY010000863.1	1	32968	113	15649	47.4672	0.721366	30.9	35
CBDDTY010000864.1	1	32945	115	15226	46.2164	0.752891	31.5	33.4
CBDDTY010000865.1	1	32929	89	14173	43.0411	0.573233	31.3	38.9
CBDDTY010000866.1	1	32909	43	4705	14.297	0.26312	30.8	9.47
CBDDTY010000867.1	1	32895	79	9980	30.339	0.467913	31.6	21.6
CBDDTY010000868.1	1	32880	90	14138	42.9988	0.63826	32	29.6
CBDDTY010000869.1	1	32860	239	16867	51.3299	1.56607	31.1	35.5
CBDDTY010000870.1	1	32845	84	9379	28.5553	0.488933	31.6	14
CBDDTY010000871.1	1	32844	79	11375	34.6334	0.487395	31.6	29.3
CBDDTY010000872.1	1	32844	94	11365	34.603	0.612958	31.6	16.5
CBDDTY010000873.1	1	32842	92	8688	26.4539	0.569606	30.9	8.6
CBDDTY010000874.1	1	32811	101	10768	32.8183	0.615495	31.2	18
CBDDTY010000875.1	1	32802	108	15936	48.5824	0.693921	31.9	38.2
CBDDTY010000876.1	1	32800	12	2019	6.15549	0.071128	29.8	5.92
CBDDTY010000877.1	1	32799	92	14468	44.1111	0.633342	31.4	41.9
CBDDTY010000878.1	1	32787	72	8832	26.9375	0.494373	31	12.6
CBDDTY010000879.1	1	32758	68	10245	31.2748	0.510318	30.3	35.3
CBDDTY010000880.1	1	32752	111	15989	48.8184	0.805936	30.9	31.5
CBDDTY010000881.1	1	32736	9	1778	5.43133	0.0562378	32.5	16.8
CBDDTY010000882.1	1	32721	47	5840	17.8479	0.283977	31.7	2.34
CBDDTY010000883.1	1	32713	153	15143	46.2905	1.04096	30.7	30.3
CBDDTY010000884.1	1	32695	128	18001	55.0573	0.895305	31.4	37.7
CBDDTY010000885.1	1	32654	86	10650	32.6147	0.5358	31.4	27.3
CBDDTY010000886.1	1	32652	68	9608	29.4255	0.426988	30.8	18.6
CBDDTY010000887.1	1	32652	42	5964	18.2653	0.325371	30.8	10.8
CBDDTY010000888.1	1	32650	72	10207	31.2619	0.415161	31.3	26.7
CBDDTY010000889.1	1	32631	65	6689	20.4989	0.362539	32.2	17.6
CBDDTY010000890.1	1	32628	28	4766	14.6071	0.200227	31.4	11.1
CBDDTY010000891.1	1	32627	120	15052	46.1336	0.82821	31.7	26.8
CBDDTY010000892.1	1	32626	95	12632	38.7176	0.586158	30.8	23.9
CBDDTY010000893.1	1	32599	63	9038	27.7248	0.381944	31.5	12.4
CBDDTY010000894.1	1	32560	61	6990	21.4681	0.414066	30.2	10.8
CBDDTY010000895.1	1	32545	76	10864	33.3815	0.498663	31.5	23.8
CBDDTY010000896.1	1	32521	63	9896	30.4296	0.384951	31.5	9.02
CBDDTY010000897.1	1	32477	101	10229	31.4961	0.613296	31	13.7
CBDDTY010000898.1	1	32385	130	17000	52.4934	0.89807	31.7	39.6
CBDDTY010000899.1	1	32338	102	12085	37.3709	0.616643	31.2	25.7
CBDDTY010000900.1	1	32332	200	17265	53.3991	1.33128	31	19.5
CBDDTY010000901.1	1	32328	69	9572	29.609	0.408067	32.1	22.2
CBDDTY010000902.1	1	32322	104	9974	30.8582	0.62821	31.2	9.65
CBDDTY010000903.1	1	32321	79	10792	33.3901	0.517682	31.5	22.2
CBDDTY010000904.1	1	32315	160	17117	52.9692	1.0506	30.6	20.7
CBDDTY010000905.1	1	32285	85	9116	28.236	0.562521	32.5	23.6
CBDDTY010000906.1	1	32274	123	15497	48.017	0.759807	30.9	43.2
CBDDTY010000907.1	1	32264	39	4942	15.3174	0.251612	31.3	11.7
CBDDTY010000908.1	1	32248	64	7740	24.0015	0.429391	30.2	13.4
CBDDTY010000909.1	1	32245	178	16546	51.3134	1.23694	30.9	12.4
CBDDTY010000910.1	1	32244	94	8768	27.1927	0.536565	31.3	6.63
CBDDTY010000911.1	1	32240	61	7928	24.5906	0.3384	31	3.95
CBDDTY010000912.1	1	32228	82	8529	26.4646	0.580923	31.3	11.8
CBDDTY010000913.1	1	32224	136	16982	52.6999	0.91646	29.9	33.5
CBDDTY010000914.1	1	32221	12	2071	6.42749	0.0781168	35.9	12.1
CBDDTY010000915.1	1	32207	160	16908	52.4979	1.08011	31	18.4
CBDDTY010000916.1	1	32207	51	7083	21.9921	0.302884	31.4	8.61
CBDDTY010000917.1	1	32206	23	3190	9.90499	0.12684	31.2	7.61
CBDDTY010000918.1	1	32199	38	4407	13.6868	0.211932	32.8	8.5
CBDDTY010000919.1	1	32185	105	12481	38.7789	0.672301	30.3	9.45
CBDDTY010000920.1	1	32174	95	9945	30.9101	0.572388	30.6	7.25
CBDDTY010000921.1	1	32164	104	16479	51.2343	0.765825	30.6	42.2
CBDDTY010000922.1	1	32159	189	19687	61.2177	1.26313	31.2	27.3
CBDDTY010000923.1	1	32157	104	14952	46.4969	0.72541	31.9	40.5
CBDDTY010000924.1	1	32156	178	16775	52.1676	1.18556	31.4	25.2
CBDDTY010000925.1	1	32151	67	5219	16.2328	0.409878	31.7	17.5
CBDDTY010000926.1	1	32149	75	9905	30.8097	0.48465	30.6	7.53
CBDDTY010000927.1	1	32123	103	16409	51.0818	0.722473	29.8	38.6
CBDDTY010000928.1	1	32074	105	13265	41.3575	0.796408	31.2	22.4
CBDDTY010000929.1	1	32048	24	3334	10.4031	0.139634	31.3	16.5
CBDDTY010000930.1	1	32000	179	20726	64.7687	1.21281	30.8	28.5
CBDDTY010000931.1	1	31800	67	8896	27.9748	0.407893	30.9	12.6
CBDDTY010000933.1	1	32000	453	21900	68.4375	3.10613	30.4	12.8
CBDDTY010000934.1	1	32000	21	3022	9.44375	0.1165	31.6	8.52
CBDDTY010000935.1	1	32000	136	16522	51.6313	0.898656	30.3	43.9
CBDDTY010000936.1	1	32000	8	1448	4.525	0.050125	29.1	2.88
CBDDTY010000937.1	1	32000	61	8063	25.1969	0.399656	31.9	11.1
CBDDTY010000938.1	1	32000	40	4549	14.2156	0.255094	31.9	6
CBDDTY010000939.1	1	32000	82	8960	28	0.538125	30.5	1.85
CBDDTY010000940.1	1	32000	90	10639	33.2469	0.605437	30.2	14.3
CBDDTY010000941.1	1	32000	53	7417	23.1781	0.336938	30.5	9.55
CBDDTY010000942.1	1	32000	28	3204	10.0125	0.172406	29.7	17
CBDDTY010000943.1	1	32000	140	16215	50.6719	0.943406	31.2	29.5
CBDDTY010000944.1	1	32000	95	7791	24.3469	0.672125	31	13.6
CBDDTY010000945.1	1	32000	120	15645	48.8906	0.84575	30.8	26.9
CBDDTY010000946.1	1	32000	38	3661	11.4406	0.212344	31.5	5.92
CBDDTY010000947.1	1	32000	61	9817	30.6781	0.426812	31.6	31.2
CBDDTY010000948.1	1	32000	104	11968	37.4	0.720313	30.4	15.7
CBDDTY010000949.1	1	32000	38	3804	11.8875	0.225844	31.3	5.58
CBDDTY010000950.1	1	32000	170	17585	54.9531	1.17081	31.3	30.5
CBDDTY010000951.1	1	32000	191	18548	57.9625	1.31787	31.1	14.3
CBDDTY010000952.1	1	32000	1	307	0.959375	0.00959375	21.5	1
CBDDTY010000953.1	1	31999	103	14336	44.8014	0.717522	31	34
CBDDTY010000954.1	1	31996	98	10446	32.6478	0.588949	31.3	8.44
CBDDTY010000955.1	1	31979	35	5722	17.893	0.244661	30.4	16.4
CBDDTY010000956.1	1	31977	99	12912	40.379	0.6611	30.7	25.6
CBDDTY010000957.1	1	31943	2	199	0.622985	0.00691857	35.8	0
CBDDTY010000958.1	1	31917	108	14665	45.9473	0.790801	31	27.5
CBDDTY010000959.1	1	31914	68	11000	34.4676	0.489848	31.5	36.9
CBDDTY010000960.1	1	31910	99	11937	37.4083	0.624726	31.7	21.9
CBDDTY010000961.1	1	31898	76	10020	31.4126	0.517525	30.8	10.1
CBDDTY010000962.1	1	31883	133	16204	50.8233	0.927265	30.6	31.7
CBDDTY010000963.1	1	31877	70	9035	28.3433	0.458418	32.6	29.3
CBDDTY010000964.1	1	31877	24	4298	13.4831	0.167895	31.6	23.4
CBDDTY010000965.1	1	31863	210	19588	61.4757	1.38534	29.8	17.3
CBDDTY010000966.1	1	31845	58	4763	14.9568	0.412843	31	8.12
CBDDTY010000967.1	1	31840	113	16535	51.9315	0.842337	30.9	45.9
CBDDTY010000968.1	1	31838	17	3351	10.5252	0.109523	31.1	0.765
CBDDTY010000969.1	1	31822	84	11974	37.6281	0.515272	31.8	41.7
CBDDTY010000970.1	1	31815	109	12222	38.4158	0.736822	29.3	21.1
CBDDTY010000971.1	1	31800	267	20273	63.7516	2.01063	31.2	26.6
CBDDTY010000972.1	1	31799	109	14161	44.5328	0.692632	30.6	11.5
CBDDTY010000973.1	1	31794	121	15692	49.3552	0.872963	30.2	30.3
CBDDTY010000974.1	1	31778	77	11772	37.0445	0.536944	31.4	27
CBDDTY010000975.1	1	31769	162	12447	39.1797	1.1928	31.5	9.56
CBDDTY010000976.1	1	31747	124	14494	45.6547	0.872618	30.9	23.6
CBDDTY010000977.1	1	31746	243	15759	49.6409	1.59075	31.3	9.97
CBDDTY010000978.1	1	31735	105	13390	42.1932	0.782606	30.2	29.2
CBDDTY010000979.1	1	31693	41	6528	20.5976	0.262613	31.1	17.8
CBDDTY010000980.1	1	31667	210	15441	48.7605	1.25298	30.5	6.95
CBDDTY010000981.1	1	31665	142	17543	55.4019	0.955156	30.7	34.3
CBDDTY010000982.1	1	31646	29	3686	11.6476	0.158124	30.9	23.5
CBDDTY010000983.1	1	31631	116	13976	44.1845	0.757074	31	14.5
CBDDTY010000984.1	1	31630	127	15670	49.5416	0.901802	32.1	35
CBDDTY010000985.1	1	31626	95	11358	35.9135	0.64213	30.3	14.9
CBDDTY010000986.1	1	31622	55	6641	21.0012	0.3619	30.8	10.5
CBDDTY010000987.1	1	31606	1	71	0.224641	0.00224641	28.9	0
CBDDTY010000988.1	1	31590	140	15403	48.7591	1.00108	30.3	25.7
CBDDTY010000989.1	1	31588	166	15434	48.8603	1.15446	30.6	20.2
CBDDTY010000990.1	1	31579	160	21437	67.8837	1.23018	31.4	43.5
CBDDTY010000991.1	1	31573	109	12943	40.9939	0.70934	30	22.5
CBDDTY010000992.1	1	31554	91	13718	43.4747	0.604868	30.2	45.4
CBDDTY010000993.1	1	31531	73	9942	31.5309	0.481875	31.4	22.5
CBDDTY010000994.1	1	31506	131	12372	39.2687	0.974418	31.1	2.92
CBDDTY010000995.1	1	31504	137	15066	47.8225	0.939436	31.3	20.2
CBDDTY010000996.1	1	31489	52	5917	18.7907	0.37791	31.4	10.1
CBDDTY010000997.1	1	31488	83	9976	31.6819	0.578443	31.1	32.1
CBDDTY010000998.1	1	31472	32	3001	9.53546	0.189597	31.3	1.09
CBDDTY010000999.1	1	31468	19	2582	8.20516	0.0975276	29.7	1.11
CBDDTY010001000.1	1	31466	97	14571	46.3071	0.728691	31.1	44.2
CBDDTY010001001.1	1	31458	59	8787	27.9325	0.417414	31.4	10.5
CBDDTY010001002.1	1	31438	30	3875	12.3258	0.18325	30.9	5.27
CBDDTY010001003.1	1	31438	111	13606	43.2788	0.792862	30.7	35.1
CBDDTY010001004.1	1	31429	51	6543	20.8184	0.325177	31.5	14.1
CBDDTY010001005.1	1	31426	40	5232	16.6486	0.299879	32.3	23.2
CBDDTY010001006.1	1	31423	104	12683	40.3622	0.70057	31.3	28.2
CBDDTY010001007.1	1	31421	72	10645	33.8786	0.495369	30.6	31
CBDDTY010001008.1	1	31411	64	10168	32.3708	0.449142	30.5	24.9
CBDDTY010001009.1	1	31401	64	7267	23.1426	0.449986	30	11.7
CBDDTY010001010.1	1	31393	142	11076	35.2818	1.02207	30.1	2.92
CBDDTY010001011.1	1	31393	251	16301	51.9256	1.76816	30.8	26
CBDDTY010001012.1	1	31353	93	12891	41.1157	0.621759	30.5	28.8
CBDDTY010001013.1	1	31349	116	14472	46.1642	0.804428	31.9	31.1
CBDDTY010001014.1	1	31330	76	10370	33.0993	0.519023	31	27
CBDDTY010001015.1	1	31314	69	11012	35.1664	0.471323	31.3	30.9
CBDDTY010001016.1	1	31312	123	13684	43.7021	0.907096	30.5	22
CBDDTY010001017.1	1	31302	102	14299	45.6808	0.714715	32.1	34.4
CBDDTY010001018.1	1	31290	122	10407	33.2598	0.742985	30.2	9.37
CBDDTY010001019.1	1	31275	74	12594	40.2686	0.519424	30.7	38.8
CBDDTY010001020.1	1	31270	53	7934	25.3726	0.364407	30.7	5.79
CBDDTY010001021.1	1	31266	105	15350	49.0949	0.766424	31.4	42.2
CBDDTY010001022.1	1	31232	218	14882	47.6498	1.66534	31	45.1
CBDDTY010001023.1	1	31224	95	9024	28.9008	0.606072	31.5	14.9
CBDDTY010001024.1	1	31216	92	5900	18.9006	0.663858	30.5	11.3
CBDDTY010001025.1	1	31211	52	8105	25.9684	0.387267	30.6	12
CBDDTY010001026.1	1	31195	54	7810	25.0361	0.368777	30.2	18.9
CBDDTY010001027.1	1	31190	42	5360	17.185	0.264444	32.6	0.738
CBDDTY010001028.1	1	31144	109	10543	33.8524	0.79553	31.1	11.3
CBDDTY010001029.1	1	31142	42	5423	17.4138	0.26225	31.1	11.2
CBDDTY010001030.1	1	31136	85	13948	44.797	0.709693	31.4	40.8
CBDDTY010001031.1	1	31121	96	11978	38.4885	0.671604	31.9	31.2
CBDDTY010001032.1	1	31112	68	8618	27.6999	0.462362	31.6	21.4
CBDDTY010001033.1	1	31102	154	16588	53.3342	1.04678	30.2	17.3
CBDDTY010001034.1	1	31078	61	6516	20.9666	0.431109	29.9	18.6
CBDDTY010001035.1	1	31072	176	16645	53.5691	1.18686	31.7	30.6
CBDDTY010001036.1	1	31066	92	14100	45.3872	0.635132	30.6	38.2
CBDDTY010001037.1	1	31052	48	5556	17.8926	0.34001	33.4	8.44
CBDDTY010001038.1	1	31045	58	6880	22.1614	0.392044	30	25.5
CBDDTY010001039.1	1	31039	9	997	3.21209	0.048423	30.2	12.7
CBDDTY010001040.1	1	31027	67	8949	28.8426	0.514584	29.6	14.2
CBDDTY010001041.1	1	31024	129	16398	52.8559	0.928636	32	29.9
CBDDTY010001042.1	1	31007	100	12241	39.4782	0.697133	31.4	27.7
CBDDTY010001043.1	1	31005	121	12607	40.6612	0.794098	31.3	22.4
CBDDTY010001044.1	1	30800	195	14635	47.5162	1.42208	31.7	16.1
CBDDTY010001045.1	1	30800	219	16422	53.3182	1.53182	31.7	15.8
CBDDTY010001046.1	1	31000	90	10630	34.2903	0.602516	29.4	15
CBDDTY010001047.1	1	31000	75	8163	26.3323	0.560129	29.6	7.19
CBDDTY010001048.1	1	31000	39	5517	17.7968	0.275484	30.6	18.3
CBDDTY010001049.1	1	31000	204	16198	52.2516	1.5161	29.8	15.4
CBDDTY010001050.1	1	31000	98	11881	38.3258	0.660258	30.7	18.3
CBDDTY010001051.1	1	30800	74	12709	41.263	0.511331	31.9	39.1
CBDDTY010001052.1	1	31000	47	6629	21.3839	0.330742	32.5	22.7
CBDDTY010001053.1	1	30800	122	12908	41.9091	0.821364	30.8	21.1
CBDDTY010001054.1	1	31000	81	11085	35.7581	0.554613	30.5	22.4
CBDDTY010001055.1	1	31000	93	10417	33.6032	0.598452	30.6	16.5
CBDDTY010001056.1	1	31000	83	10719	34.5774	0.550323	32.3	9.49
CBDDTY010001057.1	1	31000	76	7500	24.1935	0.511355	32.1	21.7
CBDDTY010001058.1	1	30400	225	10089	33.1875	1.71405	31.6	28.5
CBDDTY010001059.1	1	31000	129	15498	49.9935	0.932774	31.6	21.3
CBDDTY010001060.1	1	31000	58	8454	27.271	0.412516	30.3	28.6
CBDDTY010001061.1	1	30600	69	5966	19.4967	0.447157	31.3	14.1
CBDDTY010001062.1	1	31000	85	12302	39.6839	0.591226	32	32
CBDDTY010001063.1	1	30727	95	10563	34.3769	0.667296	30.6	7.75
CBDDTY010001064.1	1	30954	98	8263	26.6944	0.742973	31.9	3.9
CBDDTY010001065.1	1	30937	96	13808	44.6326	0.666096	30.3	42.9
CBDDTY010001066.1	1	30921	174	17419	56.3339	1.24763	31.7	31.3
CBDDTY010001067.1	1	30906	109	14540	47.0459	0.782955	31.2	34.8
CBDDTY010001068.1	1	30905	107	12162	39.3529	0.74276	30	15.4
CBDDTY010001069.1	1	30888	85	11152	36.1046	0.588772	30.4	25.7
CBDDTY010001070.1	1	30873	252	18798	60.8882	1.80076	31	3.85
CBDDTY010001071.1	1	30868	85	8307	26.9114	0.543281	31.5	4.18
CBDDTY010001072.1	1	30865	79	9709	31.4563	0.582731	30.9	16.1
CBDDTY010001073.1	1	30863	64	9649	31.264	0.471147	31.2	9.67
CBDDTY010001074.1	1	30860	44	4686	15.1847	0.282858	31.1	1.73
CBDDTY010001075.1	1	30852	163	15912	51.5753	1.23114	32	26.5
CBDDTY010001076.1	1	30848	91	12271	39.7789	0.656185	30.3	32.1
CBDDTY010001077.1	1	30839	192	15233	49.3952	1.41256	30.5	40.5
CBDDTY010001078.1	1	30834	128	15818	51.3005	0.876111	31.4	33.3
CBDDTY010001079.1	1	30819	239	18643	60.4919	1.69321	31.2	31.8
CBDDTY010001080.1	1	30815	115	12858	41.7264	0.69557	31.6	27.4
CBDDTY010001081.1	1	30792	71	8630	28.0268	0.487659	30	33.6
CBDDTY010001082.1	1	30792	133	13786	44.7714	0.972363	31	25.5
CBDDTY010001083.1	1	30759	235	11467	37.2801	1.80884	30.9	16.8
CBDDTY010001084.1	1	30754	62	4162	13.5332	0.42853	30.6	3.15
CBDDTY010001085.1	1	30751	43	8521	27.7097	0.362785	32.1	16.9
CBDDTY010001086.1	1	30705	12	1629	5.30532	0.066113	34.5	2
CBDDTY010001087.1	1	30698	78	11312	36.8493	0.559548	30.6	40.4
CBDDTY010001088.1	1	30694	163	11840	38.5743	1.16238	30.5	10.9
CBDDTY010001089.1	1	30667	56	5811	18.9487	0.324094	31.6	16.2
CBDDTY010001090.1	1	30665	85	10085	32.8877	0.470536	30.8	19.4
CBDDTY010001091.1	1	30654	48	9046	29.51	0.374927	29.7	42.2
CBDDTY010001092.1	1	30651	111	15984	52.1484	0.859222	31.1	39.8
CBDDTY010001093.1	1	30631	157	13170	42.9957	1.04215	31.3	15.5
CBDDTY010001094.1	1	30630	37	5876	19.1838	0.288573	32.4	16.9
CBDDTY010001095.1	1	30608	84	10278	33.5795	0.582658	31.3	15.6
CBDDTY010001096.1	1	30608	46	5766	18.8382	0.305084	30.1	8.24
CBDDTY010001097.1	1	30400	106	12598	41.4408	0.712928	31.7	23
CBDDTY010001098.1	1	30599	98	14778	48.2957	0.740939	31.5	38.8
CBDDTY010001099.1	1	30591	85	12202	39.8875	0.647184	31.6	39.4
CBDDTY010001100.1	1	30568	100	15079	49.3294	0.744308	31.2	46
CBDDTY010001101.1	1	30565	68	9836	32.1806	0.505546	31.4	25.5
CBDDTY010001102.1	1	30549	40	5882	19.2543	0.29654	32	10.9
CBDDTY010001103.1	1	30539	43	5390	17.6496	0.266643	30.4	4.95
CBDDTY010001104.1	1	30535	58	7278	23.8349	0.444506	32.2	12.2
CBDDTY010001105.1	1	30531	84	11479	37.5979	0.579247	32.1	30.1
CBDDTY010001106.1	1	30523	97	14224	46.6009	0.704485	30.5	40.8
CBDDTY010001107.1	1	30519	80	7773	25.4694	0.58403	30	6.8
CBDDTY010001108.1	1	30513	11	1630	5.34199	0.0622358	32.5	2.55
CBDDTY010001109.1	1	30489	73	9642	31.6245	0.464528	30.9	31.6
CBDDTY010001110.1	1	30474	98	13794	45.2648	0.725044	30.7	40.6
CBDDTY010001111.1	1	30470	92	13123	43.0686	0.690712	32	44.7
CBDDTY010001112.1	1	30466	69	7482	24.5585	0.55859	30.3	7.81
CBDDTY010001113.1	1	30460	84	14091	46.2607	0.639954	31.4	41.4
CBDDTY010001114.1	1	30440	44	5823	19.1294	0.296288	31.7	15.5
CBDDTY010001115.1	1	30432	83	12919	42.452	0.638144	31.3	32
CBDDTY010001116.1	1	30415	117	14616	48.0552	0.868026	30.8	16.9
CBDDTY010001117.1	1	30410	59	6030	19.829	0.368464	30.6	5.61
CBDDTY010001118.1	1	30405	23	2299	7.56126	0.15458	33.2	12.3
CBDDTY010001119.1	1	30396	137	14706	48.3814	0.981511	31.7	21.7
CBDDTY010001120.1	1	30386	74	10847	35.6974	0.520602	31.3	6.3
CBDDTY010001121.1	1	30370	159	19413	63.9216	1.16062	30.5	37.4
CBDDTY010001122.1	1	30365	131	8437	27.7853	0.859707	30.8	5.89
CBDDTY010001123.1	1	30347	150	16174	53.2969	1.01895	30.5	29.6
CBDDTY010001124.1	1	30341	203	8127	26.7855	1.46294	31.3	35.8
CBDDTY010001125.1	1	30326	481	21547	71.0512	3.60476	31.6	10.5
CBDDTY010001126.1	1	30320	74	10313	34.0139	0.552474	31.6	23.6
CBDDTY010001127.1	1	30312	131	13159	43.4119	0.955595	32	27.5
CBDDTY010001128.1	1	30295	81	11026	36.3954	0.64542	31	26.4
CBDDTY010001129.1	1	30290	106	10655	35.1766	0.749323	30.5	12.9
CBDDTY010001130.1	1	30268	82	11312	37.3728	0.629477	31.2	13.3
CBDDTY010001131.1	1	30261	112	12650	41.803	0.756981	31.9	14.4
CBDDTY010001132.1	1	30260	97	9239	30.5321	0.714177	32.2	7.8
CBDDTY010001133.1	1	30259	109	11558	38.1969	0.759939	31.7	26.7
CBDDTY010001134.1	1	30212	399	18940	62.6903	2.94969	30.6	27.2
CBDDTY010001135.1	1	30206	234	15557	51.503	1.61647	31.2	12.7
CBDDTY010001136.1	1	30205	107	14768	48.8926	0.829333	31.1	30.2
CBDDTY010001137.1	1	30200	19	1801	5.96358	0.113046	31.9	2.89
CBDDTY010001138.1	1	30189	70	10210	33.8203	0.484415	32.1	31
CBDDTY010001139.1	1	30186	114	15606	51.6995	0.878685	30.6	42.9
CBDDTY010001140.1	1	30174	84	9625	31.8983	0.614668	30.6	24.9
CBDDTY010001141.1	1	30172	119	10785	35.7451	0.764749	31.1	17.4
CBDDTY010001142.1	1	30165	46	6206	20.5735	0.367645	31.2	5.78
CBDDTY010001143.1	1	30145	64	7491	24.8499	0.442594	29.5	12.4
CBDDTY010001144.1	1	30139	107	13672	45.3632	0.726368	29.7	33.1
CBDDTY010001145.1	1	30127	130	10631	35.2873	0.889103	30.9	7.82
CBDDTY010001146.1	1	30106	179	17204	57.1448	1.24643	30.7	10.6
CBDDTY010001147.1	1	30089	50	5126	17.0361	0.343714	32.2	26.8
CBDDTY010001148.1	1	30076	125	13394	44.5338	0.9209	31.4	25.3
CBDDTY010001149.1	1	30071	66	5883	19.5637	0.460078	29.7	4.61
CBDDTY010001150.1	1	30043	92	10936	36.4012	0.629331	31.3	22.2
CBDDTY010001151.1	1	30030	69	8759	29.1675	0.449184	30.9	20.3
CBDDTY010001152.1	1	30013	110	14463	48.1891	0.812215	30.9	37.9
CBDDTY010001153.1	1	30000	28	3952	13.1733	0.202867	29.8	4.5
CBDDTY010001154.1	1	30000	85	7655	25.5167	0.571133	31.3	15.1
CBDDTY010001155.1	1	30000	61	8108	27.0267	0.424167	31.5	12.7
CBDDTY010001156.1	1	30000	50	6507	21.69	0.339467	31.5	22.8
CBDDTY010001157.1	1	29800	39	5080	17.047	0.270067	30.2	5.03
CBDDTY010001158.1	1	30000	138	14689	48.9633	1.05033	30.3	24.7
CBDDTY010001159.1	1	30000	122	12041	40.1367	0.8845	31.4	22.4
CBDDTY010001160.1	1	30000	121	3535	11.7833	1.00613	30.3	11.1
CBDDTY010001161.1	1	29800	53	4130	13.8591	0.485302	30.9	7.62
CBDDTY010001162.1	1	30000	109	7778	25.9267	0.7369	31.8	6.7
CBDDTY010001163.1	1	30000	65	6898	22.9933	0.4272	30	4.97
CBDDTY010001164.1	1	30000	133	13830	46.1	1.00617	29.6	25.4
CBDDTY010001165.1	1	30000	91	6190	20.6333	0.727967	30.7	6.97
CBDDTY010001166.1	1	29800	268	7218	24.2215	2.11604	31.4	4.82
CBDDTY010001167.1	1	30000	169	12028	40.0933	1.19083	32.2	8.41
CBDDTY010001168.1	1	30000	50	6835	22.7833	0.309733	32.3	7.16
CBDDTY010001169.1	1	29800	65	9723	32.6275	0.512651	31.4	21.6
CBDDTY010001170.1	1	29800	98	9661	32.4195	0.749161	31.9	11.1
CBDDTY010001171.1	1	30000	85	12426	41.42	0.5806	31	31.3
CBDDTY010001172.1	1	30000	139	13604	45.3467	1.04333	30.9	13.3
CBDDTY010001173.1	1	30000	150	15194	50.6467	1.1013	31.6	25.3
CBDDTY010001174.1	1	29996	71	8067	26.8936	0.436258	31.3	5.87
CBDDTY010001175.1	1	29990	54	8812	29.3831	0.375925	31.5	25.2
CBDDTY010001176.1	1	29990	84	7270	24.2414	0.628643	31.7	18.6
CBDDTY010001177.1	1	29989	148	16933	56.464	1.02658	30.8	39.3
CBDDTY010001178.1	1	29984	60	6805	22.6954	0.381904	30.8	10.9
CBDDTY010001179.1	1	29983	83	10559	35.2166	0.611647	30.9	30.2
CBDDTY010001180.1	1	29981	120	13027	43.4509	0.823355	31.1	27.4
CBDDTY010001181.1	1	29979	91	8135	27.1357	0.654858	31.2	22.4
CBDDTY010001182.1	1	29971	97	11696	39.0244	0.754596	30	24.2
CBDDTY010001183.1	1	29963	64	8764	29.2494	0.488235	30.7	15.6
CBDDTY010001184.1	1	29951	97	14638	48.8732	0.732496	31.1	44.1
CBDDTY010001185.1	1	29923	62	8392	28.0453	0.392808	31.5	6.66
CBDDTY010001186.1	1	29895	95	14182	47.4394	0.743803	31.1	37.8
CBDDTY010001187.1	1	29894	86	9579	32.0432	0.609019	31.1	22.2
CBDDTY010001188.1	1	29873	51	7443	24.9155	0.375088	31.2	29.9
CBDDTY010001189.1	1	29872	47	5629	18.8437	0.334929	30.6	13.2
CBDDTY010001190.1	1	29872	41	3531	11.8204	0.292414	31	14.6
CBDDTY010001191.1	1	29854	64	10081	33.7677	0.491994	30.3	18.3
CBDDTY010001192.1	1	29843	109	14464	48.467	0.747143	31.1	35.1
CBDDTY010001193.1	1	29840	89	14030	47.0174	0.65945	31.3	45.8
CBDDTY010001194.1	1	29838	78	6638	22.2468	0.559689	31.2	3.21
CBDDTY010001195.1	1	29803	91	12106	40.6201	0.670134	30.3	27.8
CBDDTY010001196.1	1	29797	83	10236	34.3525	0.597174	31.8	25.5
CBDDTY010001197.1	1	29795	72	9994	33.5425	0.540426	32.2	23.4
CBDDTY010001198.1	1	29792	100	14499	48.6674	0.686124	31.8	37.8
CBDDTY010001199.1	1	29787	71	8536	28.6568	0.47185	31.9	22.2
CBDDTY010001200.1	1	29770	58	8711	29.261	0.435875	31.6	23.2
CBDDTY010001201.1	1	29747	96	5957	20.0255	0.6956	30.8	6.34
CBDDTY010001202.1	1	29735	80	10454	35.1572	0.555372	30.7	19.3
CBDDTY010001203.1	1	29729	45	5455	18.3491	0.264725	31.4	18.6
CBDDTY010001204.1	1	29728	30	4359	14.6629	0.186962	30.1	3.5
CBDDTY010001205.1	1	29726	127	16042	53.9662	1.00151	30.2	28.1
CBDDTY010001206.1	1	29724	49	8532	28.7041	0.401729	30.3	30.3
CBDDTY010001207.1	1	29699	109	14100	47.4763	0.807771	30.7	32.9
CBDDTY010001208.1	1	29686	100	11695	39.3957	0.756855	31.7	14.3
CBDDTY010001209.1	1	29684	40	5794	19.5189	0.273447	30.8	12.6
CBDDTY010001210.1	1	29665	23	3872	13.0524	0.177954	30.1	16.3
CBDDTY010001211.1	1	29664	117	15091	50.8731	0.867516	31.8	29.7
CBDDTY010001212.1	1	29660	87	14458	48.7458	0.678827	30.2	41.9
CBDDTY010001213.1	1	29651	130	17226	58.0958	0.954268	30.7	38.5
CBDDTY010001214.1	1	29634	112	16459	55.5409	0.836168	31.4	39.7
CBDDTY010001215.1	1	29632	31	2462	8.30859	0.181324	30.5	3.48
CBDDTY010001216.1	1	29631	59	8890	30.0024	0.395532	32.5	39.2
CBDDTY010001217.1	1	29627	85	9374	31.6401	0.601411	30.5	19.5
CBDDTY010001218.1	1	29601	40	6451	21.7932	0.285531	30.2	7.45
CBDDTY010001219.1	1	29587	124	13044	44.0869	0.96975	31.8	39.6
CBDDTY010001220.1	1	29578	91	13273	44.8746	0.699506	31.2	18.5
CBDDTY010001221.1	1	29576	113	16150	54.6051	0.865296	30.6	35.5
CBDDTY010001222.1	1	29518	100	12050	40.8225	0.704689	31.2	20.7
CBDDTY010001223.1	1	29488	158	16949	57.4776	1.09095	31.2	21.6
CBDDTY010001224.1	1	29485	15	2199	7.45803	0.110022	30.7	2.4
CBDDTY010001225.1	1	29467	100	13686	46.4452	0.721485	31.1	18.1
CBDDTY010001226.1	1	29452	68	10477	35.5731	0.5456	29.7	15.5
CBDDTY010001227.1	1	29448	63	7415	25.18	0.416836	30.6	12.9
CBDDTY010001228.1	1	29447	57	7761	26.3558	0.412402	30.4	19.4
CBDDTY010001229.1	1	29446	51	9252	31.4202	0.377946	32.7	30.3
CBDDTY010001230.1	1	29418	119	14167	48.1576	0.86012	30.8	12.2
CBDDTY010001231.1	1	29409	34	6865	23.3432	0.31402	31.7	20.3
CBDDTY010001232.1	1	29384	53	7735	26.3238	0.374626	32.3	19
CBDDTY010001233.1	1	29384	72	9800	33.3515	0.516982	31.9	36.3
CBDDTY010001234.1	1	29374	96	12431	42.3197	0.748485	30.8	25.8
CBDDTY010001235.1	1	29357	64	7825	26.6546	0.397452	31.2	20.5
CBDDTY010001236.1	1	29356	101	14272	48.617	0.777797	30.1	35.9
CBDDTY010001237.1	1	29350	84	11789	40.167	0.642419	30.6	12.6
CBDDTY010001238.1	1	29339	71	9104	31.0304	0.621391	31.6	10.2
CBDDTY010001239.1	1	29335	102	13269	45.2327	0.709323	30.7	27.1
CBDDTY010001240.1	1	29335	106	12863	43.8486	0.767684	31.9	42.7
CBDDTY010001241.1	1	29273	344	19055	65.0941	2.76897	31.5	19.3
CBDDTY010001242.1	1	29269	63	9053	30.9303	0.470498	30.8	33.7
CBDDTY010001243.1	1	29258	93	12735	43.5266	0.789357	30.5	10.6
CBDDTY010001244.1	1	29253	59	7915	27.0571	0.389293	30.6	11.3
CBDDTY010001245.1	1	29243	37	6235	21.3213	0.310433	31.5	26.9
CBDDTY010001246.1	1	29241	108	15508	53.0351	0.838514	30.8	32
CBDDTY010001247.1	1	29229	131	14756	50.4841	0.977762	30.1	22
CBDDTY010001248.1	1	29218	63	7530	25.7718	0.434835	31.1	15.9
CBDDTY010001249.1	1	29200	145	11106	38.0342	1.06832	31.4	12.9
CBDDTY010001250.1	1	29183	90	13203	45.2421	0.662235	32.2	42.2
CBDDTY010001251.1	1	29182	117	7356	25.2073	0.776438	31.2	5.23
CBDDTY010001252.1	1	29177	112	13392	45.8992	0.878295	30.5	24.4
CBDDTY010001253.1	1	29173	85	11657	39.9582	0.590409	31.7	33
CBDDTY010001254.1	1	29171	34	4038	13.8425	0.203113	30.4	6.79
CBDDTY010001255.1	1	29169	18	2161	7.40855	0.129315	29.2	6.17
CBDDTY010001256.1	1	29144	99	11991	41.144	0.728383	31.9	22.2
CBDDTY010001257.1	1	29144	119	17094	58.6536	0.962668	30.5	32.9
CBDDTY010001258.1	1	29139	124	11856	40.6877	0.852088	32	18
CBDDTY010001259.1	1	29134	40	6123	21.0167	0.275966	32	5.85
CBDDTY010001260.1	1	29133	57	8595	29.5026	0.434833	31.2	24.1
CBDDTY010001261.1	1	29122	98	13296	45.6562	0.762482	30	35.3
CBDDTY010001262.1	1	29112	145	12221	41.9793	1.10205	31.1	23.8
CBDDTY010001263.1	1	29095	95	10548	36.2537	0.659289	31.4	19.3
CBDDTY010001264.1	1	29087	57	8858	30.4535	0.446213	31.2	13.1
CBDDTY010001265.1	1	29061	50	4737	16.3002	0.312137	32.7	4
CBDDTY010001266.1	1	29055	137	18331	63.0907	1.03834	30.5	41.4
CBDDTY010001267.1	1	29055	65	8074	27.7887	0.554328	31.4	16.4
CBDDTY010001268.1	1	29041	82	11125	38.3079	0.58748	31.7	34.9
CBDDTY010001269.1	1	29040	75	11248	38.7328	0.540324	31.7	14
CBDDTY010001270.1	1	29028	103	12916	44.495	0.735152	31.7	25.2
CBDDTY010001271.1	1	29011	58	9694	33.4149	0.442556	30.7	27.4
CBDDTY010001272.1	1	29000	123	13028	44.9241	0.931724	31.4	34.5
CBDDTY010001273.1	1	29000	57	6533	22.5276	0.402138	31	12.6
CBDDTY010001274.1	1	29000	326	22194	76.531	2.45217	30.9	24.5
CBDDTY010001275.1	1	28800	62	8215	28.5243	0.41309	30.8	29.1
CBDDTY010001276.1	1	29000	99	13944	48.0828	0.735414	31.1	37.8
CBDDTY010001277.1	1	28800	65	7024	24.3889	0.466528	31.5	31.3
CBDDTY010001278.1	1	29000	206	11121	38.3483	1.5191	31.2	16.1
CBDDTY010001279.1	1	29000	11	1994	6.87586	0.0902759	31.9	4.09
CBDDTY010001280.1	1	29000	70	6616	22.8138	0.524621	31.2	10.4
CBDDTY010001281.1	1	29000	59	7849	27.0655	0.423966	32.1	24.5
CBDDTY010001282.1	1	29000	209	19273	66.4586	1.54828	31.3	23.5
CBDDTY010001283.1	1	29000	76	6769	23.3414	0.570069	31	22.2
CBDDTY010001284.1	1	29000	110	11727	40.4379	0.854207	30.9	12.6
CBDDTY010001285.1	1	29000	15	2045	7.05172	0.13069	30.5	3.47
CBDDTY010001286.1	1	29000	193	15182	52.3517	1.4379	30.5	23.1
CBDDTY010001287.1	1	29000	12	1306	4.50345	0.0718621	28.2	4.92
CBDDTY010001288.1	1	29000	93	10842	37.3862	0.634862	31.2	26.6
CBDDTY010001289.1	1	28800	87	11019	38.2604	0.658264	30.1	14.5
CBDDTY010001290.1	1	29000	16	2660	9.17241	0.0996897	30.7	14.6
CBDDTY010001291.1	1	29000	46	5365	18.5	0.319862	32.4	30.9
CBDDTY010001292.1	1	29000	38	3788	13.0621	0.241621	31.5	5.61
CBDDTY010001293.1	1	29000	1	104	0.358621	0.00358621	35.9	1
CBDDTY010001294.1	1	29000	134	12281	42.3483	0.982241	32	11.3
CBDDTY010001295.1	1	28996	96	15601	53.804	0.719858	31.5	36.5
CBDDTY010001296.1	1	28995	24	4120	14.2093	0.157372	31.6	0.0833
CBDDTY010001297.1	1	28980	114	13524	46.6667	0.861042	30.7	26
CBDDTY010001298.1	1	28957	46	5592	19.3114	0.297579	31.2	10.7
CBDDTY010001299.1	1	28951	76	10698	36.9521	0.560775	29.8	33.5
CBDDTY010001300.1	1	28947	41	6159	21.2768	0.279234	30.8	30.9
CBDDTY010001301.1	1	28940	135	15130	52.2806	1.13404	31.9	25.3
CBDDTY010001302.1	1	28923	94	14301	49.4451	0.656882	31.2	38
CBDDTY010001303.1	1	28920	104	13986	48.361	0.75408	31.1	31.3
CBDDTY010001304.1	1	28915	101	13133	45.4193	0.73761	30.4	22
CBDDTY010001305.1	1	28915	180	13848	47.8921	1.28148	30.7	5.47
CBDDTY010001306.1	1	28912	42	7374	25.505	0.312431	31.2	21.2
CBDDTY010001307.1	1	28905	74	10055	34.7864	0.562359	31.8	26.9
CBDDTY010001308.1	1	28900	73	10691	36.9931	0.553495	30.8	46.8
CBDDTY010001309.1	1	28880	105	11722	40.5886	0.792036	30	20
CBDDTY010001310.1	1	28870	192	17516	60.672	1.4902	30.6	39.4
CBDDTY010001311.1	1	28868	94	7885	27.314	0.590758	32.1	10.1
CBDDTY010001312.1	1	28867	89	9353	32.4003	0.644057	31.8	9.13
CBDDTY010001313.1	1	28861	51	7785	26.9741	0.381588	30.5	29.8
CBDDTY010001314.1	1	28849	82	9753	33.8071	0.587403	31.1	20.9
CBDDTY010001315.1	1	28845	42	9011	31.2394	0.368244	31.8	35.6
CBDDTY010001316.1	1	28845	58	9700	33.628	0.47627	31.5	42.3
CBDDTY010001317.1	1	28844	33	4777	16.5615	0.216926	32.6	22
CBDDTY010001318.1	1	28828	87	12108	42.0008	0.661336	30.4	30.6
CBDDTY010001319.1	1	28812	50	5863	20.3492	0.37585	30	19.8
CBDDTY010001321.1	1	28802	98	13811	47.9515	0.715471	31.4	37.7
CBDDTY010001322.1	1	28799	60	7475	25.9558	0.451335	30.7	3
CBDDTY010001323.1	1	28796	107	11889	41.287	0.825115	30.6	14
CBDDTY010001324.1	1	28796	69	9982	34.6645	0.504792	31.3	35.8
CBDDTY010001326.1	1	28783	84	12517	43.4875	0.689469	31.3	27.9
CBDDTY010001327.1	1	28777	86	12276	42.6591	0.709108	30.5	33.8
CBDDTY010001328.1	1	28750	128	15033	52.2887	0.951026	31.5	40.3
CBDDTY010001329.1	1	28741	112	12768	44.4243	0.802477	30.9	17
CBDDTY010001330.1	1	28735	108	14668	51.0458	0.877467	30.9	37.4
CBDDTY010001331.1	1	28699	92	6605	23.0147	0.713474	31.2	5.62
CBDDTY010001332.1	1	28679	132	14703	51.2675	1.02315	30.6	18.3
CBDDTY010001333.1	1	28671	44	3657	12.755	0.268285	31.5	4.91
CBDDTY010001334.1	1	28623	34	3822	13.3529	0.253747	29.7	20.9
CBDDTY010001335.1	1	28612	32	5415	18.9256	0.214141	31.8	4.28
CBDDTY010001336.1	1	28607	93	12532	43.8075	0.689586	31.8	25.8
CBDDTY010001337.1	1	28589	10	2088	7.30351	0.0770226	32.7	42.4
CBDDTY010001338.1	1	28570	79	14102	49.3595	0.683794	30.7	43.8
CBDDTY010001339.1	1	28555	79	10834	37.9408	0.597268	32.3	37.6
CBDDTY010001340.1	1	28543	98	14860	52.0618	0.72911	30.9	33.3
CBDDTY010001341.1	1	28534	83	12348	43.2747	0.582498	30.9	33.8
CBDDTY010001342.1	1	28517	155	13104	45.9515	1.14114	31.2	14.6
CBDDTY010001343.1	1	28505	112	11109	38.9721	0.836871	31.1	16.7
CBDDTY010001344.1	1	28499	32	3020	10.5969	0.209832	29.4	6.78
CBDDTY010001345.1	1	28498	55	7335	25.7386	0.38508	31.3	14.4
CBDDTY010001346.1	1	28492	101	12179	42.7453	0.782571	31.6	19.3
CBDDTY010001347.1	1	28481	24	2374	8.33538	0.209824	30.5	31.5
CBDDTY010001348.1	1	28480	159	13487	47.356	1.27142	30.5	29.9
CBDDTY010001349.1	1	28473	256	19786	69.4904	2.11906	31.2	22.1
CBDDTY010001350.1	1	28461	207	18756	65.9007	1.6855	30.9	33
CBDDTY010001351.1	1	28445	54	6889	24.2187	0.358692	30.3	19.1
CBDDTY010001352.1	1	28444	87	12317	43.3026	0.614506	31	32.8
CBDDTY010001353.1	1	28443	287	14940	52.5261	2.3051	32	17
CBDDTY010001354.1	1	28420	60	10001	35.19	0.455771	31.6	13.1
CBDDTY010001355.1	1	28419	58	7093	24.9587	0.420564	30.1	9.26
CBDDTY010001356.1	1	28417	151	18614	65.503	1.15396	30.5	38.9
CBDDTY010001357.1	1	28392	34	5846	20.5903	0.255318	30.5	13.9
CBDDTY010001358.1	1	28385	129	15084	53.1407	1.07472	30.8	28
CBDDTY010001359.1	1	28371	108	12000	42.2967	0.840083	31.3	28.8
CBDDTY010001360.1	1	28338	44	6322	22.3093	0.30542	31	10.5
CBDDTY010001361.1	1	28331	103	13376	47.2133	0.807561	31.9	27.3
CBDDTY010001362.1	1	28311	88	11758	41.5316	0.63682	30.9	20.2
CBDDTY010001363.1	1	28310	106	9915	35.023	0.74267	31.6	14.8
CBDDTY010001364.1	1	28310	95	15043	53.1367	0.774956	31.7	46.3
CBDDTY010001365.1	1	28295	36	6901	24.3895	0.294681	31.2	25
CBDDTY010001366.1	1	28295	99	11218	39.6466	0.744937	30.8	26.6
CBDDTY010001367.1	1	28291	99	12783	45.184	0.804461	30.8	12.9
CBDDTY010001368.1	1	28289	146	13409	47.4	1.20941	31.5	9.21
CBDDTY010001369.1	1	28287	85	14334	50.6735	0.725669	32.3	42.3
CBDDTY010001370.1	1	28278	43	6091	21.5397	0.286017	29.9	37.9
CBDDTY010001371.1	1	28239	68	10772	38.1458	0.535961	30.9	31.6
CBDDTY010001372.1	1	28236	90	10565	37.4168	0.726909	30.1	13.4
CBDDTY010001373.1	1	28224	107	11421	40.4656	0.741071	32.4	21
CBDDTY010001374.1	1	28218	144	15193	53.8415	1.03384	30.6	10.2
CBDDTY010001375.1	1	28212	61	8368	29.6611	0.426698	31.1	37.4
CBDDTY010001376.1	1	28210	216	19305	68.4332	1.78288	31.7	36.5
CBDDTY010001377.1	1	28207	74	10316	36.5725	0.479526	31.8	32.7
CBDDTY010001378.1	1	28204	102	13133	46.5643	0.80758	31.4	30.3
CBDDTY010001379.1	1	28203	76	12185	43.2046	0.578804	31.2	40.1
CBDDTY010001380.1	1	28193	122	14203	50.3778	0.903735	31.7	27.7
CBDDTY010001381.1	1	28176	106	14868	52.7683	0.904316	30.1	40.2
CBDDTY010001382.1	1	28176	69	10637	37.752	0.474411	31.7	42.3
CBDDTY010001383.1	1	28155	89	11066	39.3039	0.732872	32	35.8
CBDDTY010001384.1	1	28153	79	13005	46.194	0.621923	31.3	33.5
CBDDTY010001385.1	1	28152	49	4844	17.2066	0.391375	31.3	21.4
CBDDTY010001386.1	1	28149	126	11978	42.5521	0.91577	31	13.8
CBDDTY010001387.1	1	28144	75	10347	36.7645	0.56616	30.8	41.1
CBDDTY010001388.1	1	28121	31	5418	19.2667	0.264215	31.5	16.9
CBDDTY010001389.1	1	28117	40	5800	20.6281	0.322438	30.6	5.58
CBDDTY010001390.1	1	28114	124	13472	47.9192	0.950772	32.1	34.1
CBDDTY010001391.1	1	28091	94	14580	51.9027	0.780535	31.1	33.1
CBDDTY010001392.1	1	28081	90	8084	28.7881	0.662049	32	11
CBDDTY010001393.1	1	28080	154	17735	63.1588	1.23088	30.7	25.1
CBDDTY010001394.1	1	28069	86	11931	42.506	0.643414	31.3	32.1
CBDDTY010001395.1	1	28060	162	16395	58.4284	1.20752	31.2	19.5
CBDDTY010001396.1	1	28014	131	9674	34.5327	0.963911	31.1	21.8
CBDDTY010001397.1	1	28014	61	8591	30.6668	0.446491	31.9	35.6
CBDDTY010001398.1	1	28000	65	6430	22.9643	0.474964	31.6	7.52
CBDDTY010001399.1	1	28000	63	7186	25.6643	0.454179	31	10.9
CBDDTY010001400.1	1	28000	77	10528	37.6	0.623893	30.8	35.7
CBDDTY010001401.1	1	28000	35	2665	9.51786	0.232714	31.3	16.5
CBDDTY010001402.1	1	28000	67	6411	22.8964	0.482143	31	39.7
CBDDTY010001403.1	1	28000	27	4088	14.6	0.246357	30.4	4.63
CBDDTY010001404.1	1	28000	23	2239	7.99643	0.163179	32.7	1.61
CBDDTY010001405.1	1	27800	56	5065	18.2194	0.408957	30.7	12.7
CBDDTY010001406.1	1	28000	40	5488	19.6	0.292214	31.2	25.2
CBDDTY010001407.1	1	28000	48	6197	22.1321	0.32625	30.8	9.06
CBDDTY010001408.1	1	28000	85	12876	45.9857	0.730643	30.5	23.1
CBDDTY010001409.1	1	28000	64	8188	29.2429	0.436071	31.3	26.1
CBDDTY010001410.1	1	28000	211	12579	44.925	1.61139	31.6	23.2
CBDDTY010001411.1	1	27800	94	11914	42.8561	0.732914	31.2	28.6
CBDDTY010001412.1	1	27800	13	2107	7.57914	0.0930935	31.9	7.46
CBDDTY010001413.1	1	28000	69	8812	31.4714	0.461179	31.3	10.5
CBDDTY010001414.1	1	28000	270	18489	66.0321	2.19696	30.6	17.3
CBDDTY010001415.1	1	28000	114	12049	43.0321	0.934429	31.3	23.6
CBDDTY010001416.1	1	28000	91	7438	26.5643	0.638214	31.6	8.32
CBDDTY010001417.1	1	27600	125	7402	26.8188	1.13025	32.2	6.37
CBDDTY010001418.1	1	28000	149	16544	59.0857	1.191	31.9	36.6
CBDDTY010001419.1	1	28000	210	19200	68.5714	1.67518	30.3	44
CBDDTY010001420.1	1	28000	81	10458	37.35	0.597	31.2	21.4
CBDDTY010001421.1	1	28000	10	1851	6.61071	0.0785357	29.8	2.7
CBDDTY010001422.1	1	28000	60	6887	24.5964	0.438786	30.8	14.3
CBDDTY010001423.1	1	28000	40	6004	21.4429	0.313214	30.5	17.7
CBDDTY010001424.1	1	28000	84	10981	39.2179	0.660857	31.1	39.1
CBDDTY010001425.1	1	27984	94	13611	48.6385	0.778016	31.6	48.1
CBDDTY010001426.1	1	27978	145	14012	50.0822	1.0489	31.2	21.7
CBDDTY010001427.1	1	27978	39	6730	24.0546	0.292801	31.1	21.9
CBDDTY010001428.1	1	27952	51	8067	28.8602	0.399399	31.3	43.3
CBDDTY010001429.1	1	27946	89	12296	43.9991	0.769734	30.8	43.2
CBDDTY010001430.1	1	27942	76	10724	38.3795	0.57265	31.5	35.1
CBDDTY010001431.1	1	27932	79	11543	41.3254	0.610017	30.7	36.7
CBDDTY010001432.1	1	27929	44	6068	21.7265	0.303913	30.7	1.05
CBDDTY010001433.1	1	27927	27	3957	14.1691	0.239052	31.6	11.6
CBDDTY010001434.1	1	27910	104	10414	37.3128	0.806808	30.9	20
CBDDTY010001435.1	1	27906	56	8834	31.6563	0.466602	32.1	27.5
CBDDTY010001436.1	1	27892	74	11932	42.7793	0.559766	29.8	40.1
CBDDTY010001437.1	1	27888	56	6680	23.953	0.417527	31.7	23.7
CBDDTY010001438.1	1	27886	153	9837	35.2758	1.18325	31.3	11.6
CBDDTY010001439.1	1	27883	139	12990	46.5875	1.04185	31.1	6.54
CBDDTY010001440.1	1	27872	92	14304	51.3203	0.81946	31	41.8
CBDDTY010001441.1	1	27863	56	5617	20.1594	0.395291	32.3	11.4
CBDDTY010001442.1	1	27853	84	9989	35.8633	0.56073	30.6	30
CBDDTY010001443.1	1	27853	182	17176	61.6666	1.5431	31.1	46.5
CBDDTY010001444.1	1	27844	45	6046	21.7138	0.334902	29.9	20.2
CBDDTY010001445.1	1	27843	92	12017	43.1599	0.648817	31.6	30.4
CBDDTY010001446.1	1	27836	79	12746	45.7896	0.62606	31.2	33.4
CBDDTY010001447.1	1	27832	157	15793	56.744	1.28543	30.5	25.9
CBDDTY010001448.1	1	27831	43	5914	21.2497	0.305882	29.8	12.6
CBDDTY010001449.1	1	27805	99	9386	33.7565	0.813739	30.6	7.74
CBDDTY010001450.1	1	27801	68	9382	33.747	0.586202	31.5	16.7
CBDDTY010001451.1	1	27734	100	10980	39.5904	0.820004	31.1	15.6
CBDDTY010001452.1	1	27682	92	13152	47.511	0.697132	31.5	37.9
CBDDTY010001453.1	1	27674	356	22343	80.7364	2.89156	30.7	32.5
CBDDTY010001454.1	1	27673	58	7762	28.049	0.428721	30.5	15.1
CBDDTY010001455.1	1	27653	91	10236	37.0159	0.931653	31.8	3.24
CBDDTY010001456.1	1	27647	67	9579	34.6475	0.504033	31.1	38.3
CBDDTY010001457.1	1	27638	72	10329	37.3725	0.575512	31	26.9
CBDDTY010001458.1	1	27634	101	12646	45.7625	0.798509	31.4	23.6
CBDDTY010001459.1	1	27616	71	9872	35.7474	0.514846	32.2	33
CBDDTY010001460.1	1	27612	117	11550	41.8296	0.817833	31.7	14.2
CBDDTY010001461.1	1	27603	69	6429	23.2909	0.658298	30.3	4.55
CBDDTY010001462.1	1	27602	182	12952	46.9241	1.4441	30.9	19.1
CBDDTY010001463.1	1	27599	123	7975	28.896	0.956049	32	9.15
CBDDTY010001464.1	1	27594	259	19174	69.4861	2.0599	31	6.44
CBDDTY010001465.1	1	27590	21	2524	9.14824	0.126169	31.2	8.14
CBDDTY010001466.1	1	27590	29	3884	14.0776	0.210584	31	21.6
CBDDTY010001467.1	1	27588	94	13099	47.4808	0.811548	31.3	45.7
CBDDTY010001468.1	1	27580	82	9629	34.913	0.632197	31.1	13
CBDDTY010001469.1	1	27576	87	10518	38.1419	0.604257	31.2	3.62
CBDDTY010001470.1	1	27559	137	16259	58.9971	1.11474	30.7	30.7
CBDDTY010001471.1	1	27553	84	10027	36.3917	0.704315	30.5	9.05
CBDDTY010001472.1	1	27552	150	11816	42.8862	1.35736	30.1	23
CBDDTY010001473.1	1	27538	27	3884	14.1041	0.208149	32.9	8.15
CBDDTY010001474.1	1	27537	101	12945	47.0095	0.733813	31.5	30.5
CBDDTY010001475.1	1	27537	77	11287	40.9885	0.580673	31.8	35
CBDDTY010001476.1	1	27527	57	8176	29.7017	0.423221	29.1	10.2
CBDDTY010001477.1	1	27522	28	3397	12.3429	0.18814	29.5	8.04
CBDDTY010001478.1	1	27520	66	7899	28.7028	0.448365	29.9	12.3
CBDDTY010001479.1	1	27500	66	10300	37.4545	0.5308	31	35.5
CBDDTY010001480.1	1	27499	70	13096	47.6235	0.621732	31.2	39.9
CBDDTY010001481.1	1	27495	95	7076	25.7356	0.784215	32.1	18.4
CBDDTY010001482.1	1	27487	75	10858	39.5023	0.590097	31.2	31.7
CBDDTY010001483.1	1	27460	75	9784	35.63	0.584669	30.4	25
CBDDTY010001484.1	1	27451	101	10234	37.281	0.852027	30.8	28.2
CBDDTY010001485.1	1	27434	22	3481	12.6886	0.172232	29.1	7.73
CBDDTY010001486.1	1	27428	56	9272	33.8049	0.477906	30.7	24.7
CBDDTY010001487.1	1	27427	91	14449	52.6817	0.773763	30.9	42
CBDDTY010001488.1	1	27420	65	8773	31.9949	0.484391	31.5	23.6
CBDDTY010001489.1	1	27398	104	13317	48.6057	0.854843	30.3	32.1
CBDDTY010001490.1	1	27395	60	6801	24.8257	0.444315	30	21.1
CBDDTY010001491.1	1	27382	68	8927	32.6017	0.50084	31.5	34.9
CBDDTY010001492.1	1	27380	51	8695	31.7568	0.413806	30.8	21.8
CBDDTY010001493.1	1	27372	68	10807	39.482	0.522687	31.8	44.9
CBDDTY010001494.1	1	27371	78	8985	32.8267	0.554675	31.2	11.3
CBDDTY010001495.1	1	27358	32	5262	19.2339	0.263652	33	34.7
CBDDTY010001496.1	1	27350	71	11016	40.2779	0.610932	32.7	39.3
CBDDTY010001497.1	1	27350	69	9217	33.7002	0.53053	30.3	32.7
CBDDTY010001498.1	1	27346	48	7733	28.2784	0.374461	29.9	28.3
CBDDTY010001499.1	1	27321	87	10881	39.8265	0.642583	31.9	34
CBDDTY010001500.1	1	27318	31	4904	17.9515	0.209862	31.8	2.58
CBDDTY010001501.1	1	27305	65	9101	33.3309	0.501813	32.1	26
CBDDTY010001502.1	1	27300	54	8098	29.663	0.441099	31.6	23.4
CBDDTY010001503.1	1	27272	78	11951	43.8215	0.636184	32.8	37
CBDDTY010001504.1	1	27271	74	9805	35.9539	0.546661	31.9	30.7
CBDDTY010001505.1	1	27270	87	10935	40.099	0.688045	31.7	26.6
CBDDTY010001506.1	1	27268	96	12423	45.5589	0.726786	32.1	28.5
CBDDTY010001507.1	1	27261	66	10163	37.2804	0.544734	30.6	20.9
CBDDTY010001508.1	1	27252	78	11232	41.2153	0.620982	31.4	38.1
CBDDTY010001509.1	1	27230	96	13323	48.9277	0.771759	31.4	36.5
CBDDTY010001510.1	1	27210	125	13811	50.7571	0.979713	31.5	27.9
CBDDTY010001511.1	1	27168	96	10775	39.6606	0.686801	30.9	29.7
CBDDTY010001512.1	1	27161	42	6390	23.5264	0.308899	30	21.9
CBDDTY010001513.1	1	27155	63	6494	23.9146	0.484883	31.7	15
CBDDTY010001514.1	1	27141	78	5508	20.294	0.706385	31.3	13.6
CBDDTY010001515.1	1	27138	16	2915	10.7414	0.141867	28.9	27.8
CBDDTY010001516.1	1	27118	143	14517	53.5327	1.24087	30.9	25
CBDDTY010001517.1	1	27113	108	12529	46.2103	0.89706	31.3	27.3
CBDDTY010001518.1	1	27065	83	8847	32.688	0.702753	30.8	18.3
CBDDTY010001519.1	1	27046	72	9780	36.1606	0.545108	30.8	5.57
CBDDTY010001520.1	1	27027	94	7435	27.5095	0.754172	30.5	12
CBDDTY010001521.1	1	27027	67	10119	37.4403	0.555371	31.2	11.8
CBDDTY010001522.1	1	27013	66	7780	28.8009	0.48336	30.6	22.7
CBDDTY010001523.1	1	27007	79	8196	30.3477	0.629429	31.6	4.51
CBDDTY010001524.1	1	27001	43	2711	10.0404	0.305989	33.4	13.9
CBDDTY010001525.1	1	27000	13	2650	9.81481	0.134852	33.8	0.308
CBDDTY010001526.1	1	27000	127	9597	35.5444	0.977556	31.7	18.1
CBDDTY010001527.1	1	27000	223	18084	66.9778	1.75652	30.6	24.1
CBDDTY010001528.1	1	27000	47	7092	26.2667	0.367556	30.7	25.5
CBDDTY010001529.1	1	27000	36	4452	16.4889	0.241333	31.2	11.3
CBDDTY010001530.1	1	27000	66	5722	21.1926	0.475259	30.7	8.45
CBDDTY010001531.1	1	27000	139	11545	42.7593	1.09119	31.5	17
CBDDTY010001532.1	1	27000	54	4021	14.8926	0.477556	31.6	11.4
CBDDTY010001533.1	1	27000	63	8200	30.3704	0.432148	30.9	31.2
CBDDTY010001534.1	1	27000	166	13277	49.1741	1.29567	32	6.36
CBDDTY010001535.1	1	27000	121	14609	54.1074	0.945778	31.4	15.8
CBDDTY010001536.1	1	27000	88	8394	31.0889	0.684926	30.9	21.3
CBDDTY010001537.1	1	27000	29	4707	17.4333	0.232481	31	6.76
CBDDTY010001538.1	1	27000	43	5301	19.6333	0.275889	29.3	8.81
CBDDTY010001539.1	1	27000	235	18401	68.1519	2.0433	31.4	14.1
CBDDTY010001540.1	1	27000	32	5821	21.5593	0.261704	30.6	22
CBDDTY010001541.1	1	27000	94	10098	37.4	0.76	29.7	8.3
CBDDTY010001542.1	1	27000	57	7397	27.3963	0.437	31.7	14.3
CBDDTY010001543.1	1	26800	78	10241	38.2127	0.61306	29.7	24.1
CBDDTY010001544.1	1	27000	33	5660	20.963	0.257889	30.6	16.7
CBDDTY010001545.1	1	27000	128	8828	32.6963	1.03144	32.3	19.4
CBDDTY010001546.1	1	27000	95	12037	44.5815	0.851926	30.7	20.5
CBDDTY010001547.1	1	27000	75	8697	32.2111	0.541185	31.1	17.2
CBDDTY010001548.1	1	27000	63	8940	33.1111	0.520185	30.1	30
CBDDTY010001549.1	1	27000	68	7909	29.2926	0.573444	30.9	21.2
CBDDTY010001550.1	1	26987	73	5590	20.7137	0.537073	31.3	10.6
CBDDTY010001551.1	1	26984	204	21787	80.7404	1.74203	31.5	45.2
CBDDTY010001552.1	1	26955	47	5633	20.8978	0.319273	31.9	15.4
CBDDTY010001553.1	1	26953	71	10804	40.0846	0.608763	31	40.8
CBDDTY010001554.1	1	26910	105	12587	46.7744	0.728577	31.5	34
CBDDTY010001555.1	1	26882	101	11563	43.0139	0.802358	30.6	10.9
CBDDTY010001556.1	1	26849	90	10625	39.5732	0.689262	31.4	23.1
CBDDTY010001557.1	1	26840	61	10416	38.8077	0.566133	30.7	19.7
CBDDTY010001558.1	1	26835	189	15335	57.1455	1.57727	30.8	26.1
CBDDTY010001559.1	1	26825	77	8815	32.8611	0.646375	31.2	14.6
CBDDTY010001560.1	1	26816	82	13151	49.0416	0.687314	30.2	37.5
CBDDTY010001561.1	1	26809	185	18027	67.2423	1.5578	32.2	29.2
CBDDTY010001562.1	1	26805	106	12124	45.2304	0.924939	32.1	39.1
CBDDTY010001563.1	1	26796	236	18302	68.3012	2.07169	30.7	26.1
CBDDTY010001564.1	1	26788	25	2488	9.28774	0.177057	30.7	11.8
CBDDTY010001565.1	1	26779	80	11794	44.042	0.64207	31.1	36.5
CBDDTY010001566.1	1	26762	51	7301	27.2812	0.390591	31.3	19.6
CBDDTY010001567.1	1	26758	80	9187	34.3337	0.576202	32	14
CBDDTY010001568.1	1	26746	32	4339	16.223	0.243737	29.9	12.1
CBDDTY010001569.1	1	26737	31	4796	17.9377	0.228373	31.6	21.1
CBDDTY010001570.1	1	26732	62	8534	31.9243	0.54474	31.2	13.1
CBDDTY010001571.1	1	26721	44	4534	16.9679	0.340219	30.6	16.3
CBDDTY010001572.1	1	26717	85	11525	43.1373	0.733466	31.8	33.1
CBDDTY010001573.1	1	26697	92	11906	44.5968	0.759673	32	25.5
CBDDTY010001574.1	1	26673	64	9144	34.2819	0.586323	31.1	17
CBDDTY010001575.1	1	26667	75	11920	44.6994	0.718004	31.6	26.1
CBDDTY010001576.1	1	26660	112	14504	54.4036	0.906414	30.8	36.6
CBDDTY010001577.1	1	26657	74	13284	49.8331	0.717823	31.2	47.4
CBDDTY010001578.1	1	26651	92	9400	35.2707	0.707366	31.4	15.7
CBDDTY010001579.1	1	26640	61	8969	33.6674	0.501577	30	36.1
CBDDTY010001580.1	1	26629	80	11451	43.002	0.64595	30.6	27.8
CBDDTY010001581.1	1	26623	87	13367	50.2085	0.782444	30.8	38.9
CBDDTY010001582.1	1	26616	110	12415	46.6449	0.814773	30.6	10.8
CBDDTY010001583.1	1	26597	90	13841	52.0397	0.848178	31.8	30.8
CBDDTY010001584.1	1	26597	78	7882	29.6349	0.623792	31.5	25.4
CBDDTY010001585.1	1	26592	84	10296	38.7184	0.680505	30.4	25.9
CBDDTY010001586.1	1	26586	229	8625	32.4419	2.0463	29.6	12.3
CBDDTY010001587.1	1	26577	259	13501	50.7996	2.14648	31.2	23
CBDDTY010001588.1	1	26574	61	8557	32.2006	0.436065	30.6	24.9
CBDDTY010001589.1	1	26566	63	10719	40.3486	0.564782	31.3	36.3
CBDDTY010001590.1	1	26564	10	1208	4.54751	0.0688526	32.1	8.7
CBDDTY010001591.1	1	26548	69	8128	30.6162	0.563583	31	22
CBDDTY010001592.1	1	26535	73	9688	36.5103	0.605351	31.9	30.7
CBDDTY010001593.1	1	26529	96	7276	27.4266	0.749406	31.3	12
CBDDTY010001594.1	1	26514	87	12449	46.9526	0.736253	31.4	42.4
CBDDTY010001595.1	1	26508	72	7027	26.509	0.610419	30.3	14.3
CBDDTY010001596.1	1	26506	84	11652	43.9599	0.654154	31.4	31.5
CBDDTY010001597.1	1	26467	65	9831	37.1444	0.566517	32.1	44.9
CBDDTY010001598.1	1	26464	94	7971	30.1202	0.786087	32.4	19.8
CBDDTY010001599.1	1	26458	41	5468	20.6667	0.28498	31.1	16.6
CBDDTY010001600.1	1	26455	57	8413	31.8012	0.415876	32.2	39.5
CBDDTY010001601.1	1	26448	118	11776	44.5251	0.942264	31.5	11.6
CBDDTY010001602.1	1	26444	14	3203	12.1124	0.130918	34.5	11.6
CBDDTY010001603.1	1	26436	89	10195	38.5648	0.671925	31.4	28.9
CBDDTY010001604.1	1	26428	27	3923	14.8441	0.189647	32.2	38.2
CBDDTY010001605.1	1	26427	72	9828	37.1892	0.637114	30.4	27.9
CBDDTY010001606.1	1	26409	67	6318	23.9237	0.507554	31.3	19.8
CBDDTY010001607.1	1	26407	54	4154	15.7307	0.416632	30.3	15.8
CBDDTY010001608.1	1	26403	79	9305	35.2422	0.668598	30.8	20.3
CBDDTY010001609.1	1	26392	110	10270	38.9133	0.917399	30.8	22.6
CBDDTY010001610.1	1	26372	172	14695	55.722	1.53307	30.8	10.8
CBDDTY010001611.1	1	26370	87	12246	46.4391	0.726925	31.6	43.4
CBDDTY010001612.1	1	26369	76	8171	30.9871	0.511851	30.9	17.6
CBDDTY010001613.1	1	26368	145	8320	31.5534	1.40064	32.1	7.5
CBDDTY010001614.1	1	26365	33	5669	21.502	0.258107	31.4	37.5
CBDDTY010001615.1	1	26352	56	6403	24.298	0.488274	31.6	18.4
CBDDTY010001616.1	1	26332	79	11714	44.4858	0.667705	31.3	21.6
CBDDTY010001617.1	1	26328	84	10714	40.6943	0.685544	30.5	42.5
CBDDTY010001618.1	1	26313	90	12959	49.2494	0.731426	30.9	34.4
CBDDTY010001619.1	1	26311	75	9142	34.7459	0.601726	31.3	17.7
CBDDTY010001620.1	1	26310	205	15589	59.2512	1.81307	30.8	10.2
CBDDTY010001621.1	1	26301	103	11531	43.8424	0.802745	30.4	10.3
CBDDTY010001622.1	1	26287	90	8469	32.2174	0.71446	30.8	6.51
CBDDTY010001623.1	1	26286	26	3107	11.82	0.185574	30.1	11.1
CBDDTY010001624.1	1	26276	146	10536	40.0974	1.18009	31.4	13
CBDDTY010001625.1	1	26251	126	8321	31.6978	1.02808	31.3	8.82
CBDDTY010001626.1	1	26251	30	4078	15.5346	0.232905	31.7	1.07
CBDDTY010001627.1	1	26244	79	11887	45.2942	0.69654	32.1	37
CBDDTY010001628.1	1	26228	142	10798	41.1697	1.22476	30.7	18
CBDDTY010001629.1	1	26225	105	10793	41.1554	0.861888	30.5	15
CBDDTY010001630.1	1	26212	37	3115	11.8839	0.293034	30.6	10
CBDDTY010001631.1	1	26198	65	9769	37.2891	0.480075	30.3	17.7
CBDDTY010001632.1	1	26180	94	13965	53.3422	0.814973	31.6	40.5
CBDDTY010001633.1	1	26178	35	5252	20.0626	0.28119	31.3	23.7
CBDDTY010001634.1	1	26173	79	14664	56.0272	0.741795	31.3	45.1
CBDDTY010001635.1	1	26162	51	7359	28.1286	0.426611	31.6	38.5
CBDDTY010001636.1	1	26154	204	14933	57.0964	1.52883	30.2	14.3
CBDDTY010001637.1	1	26152	194	10382	39.6987	1.56787	31	18.4
CBDDTY010001638.1	1	26140	81	11124	42.5555	0.586113	31.8	28.3
CBDDTY010001639.1	1	26137	61	8772	33.5616	0.504151	30.7	31.1
CBDDTY010001640.1	1	26135	58	6520	24.9474	0.405165	30.8	2.55
CBDDTY010001641.1	1	26131	98	11670	44.6596	0.782481	31.4	20.8
CBDDTY010001642.1	1	26109	95	9745	37.3243	0.731319	31.3	27.9
CBDDTY010001643.1	1	26097	81	11013	42.2003	0.695022	31.9	27
CBDDTY010001644.1	1	26088	80	8763	33.5902	0.69645	30.3	24.6
CBDDTY010001645.1	1	26085	104	8323	31.9072	0.828292	30	6.84
CBDDTY010001646.1	1	26069	61	7829	30.0318	0.447965	31.6	33.5
CBDDTY010001647.1	1	26065	31	4976	19.0907	0.251563	30.1	1.39
CBDDTY010001648.1	1	26061	98	11973	45.9422	0.814167	30.5	26.5
CBDDTY010001649.1	1	26061	42	6879	26.3958	0.337631	31.1	34.1
CBDDTY010001650.1	1	26040	35	4996	19.1859	0.257873	30.3	9.06
CBDDTY010001651.1	1	26018	84	13229	50.8456	0.785149	30.3	33.8
CBDDTY010001652.1	1	26000	62	5693	21.8962	0.449577	31	11.1
CBDDTY010001653.1	1	26000	119	14256	54.8308	0.941654	30.8	45.9
CBDDTY010001654.1	1	26000	30	2559	9.84231	0.226615	30	2.9
CBDDTY010001655.1	1	26000	42	6168	23.7231	0.334692	30.9	28.8
CBDDTY010001656.1	1	26000	119	6572	25.2769	1.02231	31.1	17
CBDDTY010001657.1	1	26000	122	13061	50.2346	0.977385	31.3	15.3
CBDDTY010001658.1	1	26000	73	7570	29.1154	0.573423	30.3	11.5
CBDDTY010001659.1	1	26000	76	10068	38.7231	0.635923	31.1	36.6
CBDDTY010001660.1	1	26000	102	10018	38.5308	0.802923	30.4	18.6
CBDDTY010001661.1	1	25600	79	6123	23.918	0.622969	31.1	23.5
CBDDTY010001662.1	1	26000	83	9759	37.5346	0.662231	30.1	15.4
CBDDTY010001663.1	1	26000	22	2981	11.4654	0.202692	29.4	19.1
CBDDTY010001664.1	1	26000	23	2760	10.6154	0.203154	30.8	25.7
CBDDTY010001665.1	1	26000	90	8418	32.3769	0.724385	31.5	21
CBDDTY010001666.1	1	26000	22	3636	13.9846	0.165308	30.9	23.7
CBDDTY010001667.1	1	26000	93	8926	34.3308	0.712423	30.7	21.8
CBDDTY010001668.1	1	26000	124	11673	44.8962	1.23177	30.1	4.58
CBDDTY010001669.1	1	26000	108	10214	39.2846	0.842808	31.7	24.8
CBDDTY010001670.1	1	26000	59	5473	21.05	0.421231	30.3	5.47
CBDDTY010001671.1	1	25800	80	8674	33.6202	0.623915	32	8.93
CBDDTY010001672.1	1	25800	122	13780	53.4109	0.939457	31.1	22.7
CBDDTY010001673.1	1	26000	58	7807	30.0269	0.524769	30.1	23.1
CBDDTY010001674.1	1	26000	50	7294	28.0538	0.412423	31.3	18.2
CBDDTY010001675.1	1	26000	91	12703	48.8577	0.785308	31.9	35
CBDDTY010001676.1	1	26000	74	11132	42.8154	0.644231	31.3	39.9
CBDDTY010001677.1	1	25800	56	7017	27.1977	0.431434	31.9	11.1
CBDDTY010001678.1	1	26000	76	10770	41.4231	0.609923	31.3	34
CBDDTY010001679.1	1	26000	33	6604	25.4	0.325577	31.1	22.8
CBDDTY010001680.1	1	25585	98	7012	27.4067	0.960055	31.6	6.02
CBDDTY010001681.1	1	25995	66	9181	35.3183	0.565686	30.6	17.7
CBDDTY010001682.1	1	25994	74	11078	42.6175	0.641763	31.4	29.4
CBDDTY010001683.1	1	25988	92	10326	39.7337	0.721333	30.8	10
CBDDTY010001684.1	1	25985	83	9718	37.3985	0.641986	32	16.6
CBDDTY010001685.1	1	25983	108	10458	40.2494	0.801524	31.6	11.8
CBDDTY010001686.1	1	25976	78	12161	46.8163	0.747036	31.5	42
CBDDTY010001687.1	1	25960	68	9690	37.3267	0.58802	31.4	33.6
CBDDTY010001688.1	1	25959	23	3908	15.0545	0.180207	31.1	5.61
CBDDTY010001689.1	1	25959	13	3389	13.0552	0.147194	34	56.9
CBDDTY010001690.1	1	25947	15	2132	8.21675	0.106679	31.6	15.3
CBDDTY010001691.1	1	25495	85	8988	35.254	0.722298	29.8	8.55
CBDDTY010001692.1	1	25882	123	6307	24.3683	1.21606	29.5	2.77
CBDDTY010001693.1	1	25878	82	12262	47.3839	0.728804	31.2	38.2
CBDDTY010001694.1	1	25876	66	7742	29.9196	0.487286	30.7	4.41
CBDDTY010001695.1	1	25826	288	10246	39.6732	5.78131	27.7	17.7
CBDDTY010001696.1	1	25802	63	10434	40.4387	0.569181	31.8	41.5
CBDDTY010001697.1	1	25798	68	10388	40.2667	0.581285	32.1	34.4
CBDDTY010001698.1	1	25797	38	3709	14.3776	0.307516	33.2	5.39
CBDDTY010001699.1	1	25796	134	12003	46.5305	1.18425	30.9	6.72
CBDDTY010001700.1	1	25792	82	9043	35.0613	0.696805	30.7	17.3
CBDDTY010001701.1	1	25770	40	6011	23.3256	0.348273	30.6	20.3
CBDDTY010001702.1	1	25755	85	10127	39.3205	0.770802	31.2	17.3
CBDDTY010001703.1	1	25750	105	13663	53.0602	0.94633	31.2	26.3
CBDDTY010001704.1	1	25743	12	1445	5.61318	0.0871693	28.9	2.67
CBDDTY010001705.1	1	25732	70	9432	36.6547	0.604461	30.4	39.7
CBDDTY010001706.1	1	25731	118	10305	40.049	0.935448	31.6	16.2
CBDDTY010001707.1	1	25729	109	14886	57.8569	0.989584	30.8	39.9
CBDDTY010001708.1	1	25722	115	5211	20.2589	0.939274	30.3	17.6
CBDDTY010001709.1	1	25714	66	9348	36.3537	0.564284	32	29.5
CBDDTY010001710.1	1	25711	150	13436	52.2578	1.24456	30.4	37.5
CBDDTY010001711.1	1	25696	36	4661	18.139	0.25611	30.7	24.6
CBDDTY010001712.1	1	25672	102	9296	36.2107	0.777734	30.2	10.2
CBDDTY010001713.1	1	25650	99	9991	38.9513	0.790682	32	24.3
CBDDTY010001714.1	1	25650	136	12611	49.1657	1.11197	30.3	19.6
CBDDTY010001715.1	1	25637	72	10244	39.9579	0.633498	29.6	20.7
CBDDTY010001716.1	1	25634	56	4419	17.2388	0.460677	30.2	5.66
CBDDTY010001717.1	1	25627	158	8116	31.6697	1.54185	31.7	4.23
CBDDTY010001718.1	1	25623	111	12122	47.3091	0.930258	30.8	19.8
CBDDTY010001719.1	1	25616	77	11931	46.5764	0.688047	29.3	40.6
CBDDTY010001720.1	1	25611	33	6335	24.7355	0.271836	27.8	1.97
CBDDTY010001721.1	1	25601	88	9258	36.1626	0.772196	30.3	35.4
CBDDTY010001722.1	1	25589	73	12423	48.5482	0.720231	29.7	39.1
CBDDTY010001723.1	1	25584	68	8444	33.005	0.539009	30.2	22.9
CBDDTY010001724.1	1	25581	93	11429	44.6777	0.797467	31.3	17.8
CBDDTY010001725.1	1	25571	35	2727	10.6644	0.316726	31.4	26.7
CBDDTY010001727.1	1	25560	24	3271	12.7973	0.201213	31.5	32.8
CBDDTY010001728.1	1	25557	55	5156	20.1745	0.443479	31.9	7.09
CBDDTY010001729.1	1	25554	92	6805	26.6299	0.715191	31.6	8.93
CBDDTY010001730.1	1	25549	232	9502	37.1913	2.2496	30.7	17.5
CBDDTY010001731.1	1	25542	97	12497	48.9273	0.807924	31.2	29.7
CBDDTY010001732.1	1	25502	161	14296	56.0583	1.39785	30.9	9.59
CBDDTY010001733.1	1	25493	65	10110	39.6579	0.592437	30.5	37.2
CBDDTY010001734.1	1	25488	83	11863	46.5435	0.722732	32.1	36.8
CBDDTY010001735.1	1	25484	76	11023	43.2546	0.652174	31.7	35.3
CBDDTY010001736.1	1	25479	20	2392	9.38812	0.168766	31.9	6
CBDDTY010001737.1	1	25476	101	12385	48.6144	0.821165	30.4	29.7
CBDDTY010001738.1	1	25458	83	11124	43.6955	0.684461	31.5	33.1
CBDDTY010001739.1	1	25428	77	7287	28.6574	0.718617	30.9	8.3
CBDDTY010001740.1	1	25390	56	8561	33.718	0.449586	31.7	22.6
CBDDTY010001741.1	1	25385	181	12773	50.3171	1.46925	30.8	12.3
CBDDTY010001742.1	1	25379	16	1666	6.56448	0.0778991	28.6	8.5
CBDDTY010001743.1	1	25323	91	12870	50.8234	0.744501	31.3	32.7
CBDDTY010001744.1	1	25319	224	13145	51.9175	1.82661	31.9	12.1
CBDDTY010001745.1	1	25313	106	12391	48.9511	0.888358	30	34.2
CBDDTY010001746.1	1	25310	95	10505	41.5053	0.874318	30.7	22.4
CBDDTY010001747.1	1	25305	59	7697	30.4169	0.557163	31	4.86
CBDDTY010001748.1	1	25292	72	11724	46.3546	0.633876	31.3	45.2
CBDDTY010001749.1	1	25285	47	5638	22.2978	0.31054	30.5	6.47
CBDDTY010001750.1	1	25282	60	8434	33.3597	0.495293	31.2	26.3
CBDDTY010001751.1	1	25269	72	9440	37.358	0.606237	30.9	30.1
CBDDTY010001752.1	1	25269	82	11900	47.0933	0.693498	31	45
CBDDTY010001753.1	1	25256	146	15578	61.6804	1.20423	31.1	42.1
CBDDTY010001754.1	1	25239	66	11661	46.2023	0.628234	31	43.5
CBDDTY010001755.1	1	25231	70	8531	33.8116	0.530062	30.7	30.2
CBDDTY010001756.1	1	25227	27	3750	14.865	0.219368	29.9	23.9
CBDDTY010001757.1	1	25219	60	6631	26.2937	0.467901	31	2.18
CBDDTY010001758.1	1	25211	102	12556	49.8037	0.887946	30.1	26.5
CBDDTY010001759.1	1	25199	19	2025	8.03603	0.107623	31.7	1.53
CBDDTY010001760.1	1	25198	48	7691	30.5223	0.45706	30.8	7.71
CBDDTY010001761.1	1	25187	81	7744	30.746	0.600945	29.1	8.02
CBDDTY010001762.1	1	25183	84	12396	49.2237	0.830362	31	35.9
CBDDTY010001763.1	1	25181	3	919	3.64958	0.0364958	34.4	0.333
CBDDTY010001764.1	1	25164	83	12493	49.6463	0.745072	31.4	35.3
CBDDTY010001765.1	1	25150	95	8980	35.7058	0.914235	31.8	8.04
CBDDTY010001766.1	1	25141	78	7921	31.5063	0.689988	30.5	8.51
CBDDTY010001767.1	1	25138	52	6715	26.7125	0.430344	32.1	20.6
CBDDTY010001768.1	1	25125	117	12113	48.2109	1.03459	31.9	7.93
CBDDTY010001769.1	1	25122	206	8626	34.3364	1.93301	30.5	21.1
CBDDTY010001770.1	1	25120	82	8757	34.8607	0.655932	30	2.6
CBDDTY010001771.1	1	25102	112	8329	33.1806	0.956378	30.9	13.1
CBDDTY010001772.1	1	25098	40	4037	16.0849	0.309626	29.4	5.72
CBDDTY010001773.1	1	25083	71	10645	42.4391	0.580911	31.9	44.9
CBDDTY010001774.1	1	25071	104	9854	39.3044	0.922021	30.6	11.5
CBDDTY010001775.1	1	25065	70	7365	29.3836	0.593417	31.4	10
CBDDTY010001776.1	1	25055	134	7153	28.5492	1.30577	30.2	12.4
CBDDTY010001777.1	1	25044	68	9872	39.4186	0.632367	30.6	13.3
CBDDTY010001778.1	1	25040	57	7286	29.0974	0.527835	30.4	20.7
CBDDTY010001779.1	1	25024	63	9388	37.516	0.568414	30.1	31.2
CBDDTY010001780.1	1	25013	76	10689	42.7338	0.651781	30.9	39.9
CBDDTY010001781.1	1	25011	80	12148	48.5706	0.737555	31.2	41.7
CBDDTY010001782.1	1	25008	61	9718	38.8596	0.517075	32	30.6
CBDDTY010001783.1	1	25000	12	1707	6.828	0.09252	32.8	26.6
CBDDTY010001784.1	1	25000	9	1588	6.352	0.08736	30.7	22.8
CBDDTY010001785.1	1	25000	9	1410	5.64	0.08456	30.1	1.11
CBDDTY010001786.1	1	25000	56	8218	32.872	0.52352	30.8	16.3
CBDDTY010001787.1	1	24800	92	7720	31.129	0.798992	29.9	9.33
CBDDTY010001788.1	1	25000	71	7515	30.06	0.63768	29.8	22.1
CBDDTY010001789.1	1	25000	3	561	2.244	0.02388	32.4	1
CBDDTY010001790.1	1	24200	33	4452	18.3967	0.283347	32	23.8
CBDDTY010001791.1	1	25000	80	4623	18.492	0.72804	31	40.4
CBDDTY010001792.1	1	25000	141	14600	58.4	1.14372	30.9	33.8
CBDDTY010001793.1	1	25000	190	14199	56.796	1.69908	31.2	10.8
CBDDTY010001794.1	1	25000	2	365	1.46	0.01616	26.2	12.5
CBDDTY010001795.1	1	25000	101	1743	6.972	0.91628	30.5	4.6
CBDDTY010001796.1	1	25000	132	14326	57.304	1.23916	31.3	19.8
CBDDTY010001797.1	1	25000	55	6450	25.8	0.42048	31.6	15
CBDDTY010001798.1	1	25000	36	6047	24.188	0.32104	31.8	26.1
CBDDTY010001799.1	1	25000	26	4472	17.888	0.29264	30.7	33.2
CBDDTY010001800.1	1	25000	1	208	0.832	0.00832	23.3	0
CBDDTY010001801.1	1	25000	82	9658	38.632	0.73176	30	33.7
CBDDTY010001802.1	1	25000	113	12457	49.828	0.94564	30.7	34.9
CBDDTY010001803.1	1	25000	14	1423	5.692	0.10912	28.3	2
CBDDTY010001804.1	1	25000	62	8810	35.24	0.56084	31.3	22.1
CBDDTY010001805.1	1	25000	120	15745	62.98	1.025	31.8	39.5
CBDDTY010001806.1	1	25000	55	5380	21.52	0.45968	31.3	16.2
CBDDTY010001807.1	1	25000	23	3300	13.2	0.2118	30.9	18.3
CBDDTY010001808.1	1	25000	82	9130	36.52	0.72464	31.2	34.6
CBDDTY010001809.1	1	25000	660	20442	81.768	5.3922	28.1	1.05
CBDDTY010001810.1	1	25000	78	11342	45.368	0.76052	30.9	46.3
CBDDTY010001811.1	1	25000	61	9888	39.552	0.57384	31.4	26.4
CBDDTY010001812.1	1	24994	47	4841	19.3686	0.354205	29.2	14.1
CBDDTY010001813.1	1	24991	86	11545	46.1966	0.669721	30.7	38.7
CBDDTY010001814.1	1	24986	92	10756	43.0481	0.733571	31.9	33.5
CBDDTY010001815.1	1	24986	44	5934	23.7493	0.33883	31.6	20.9
CBDDTY010001816.1	1	24983	64	7575	30.3206	0.511388	30.9	21.5
CBDDTY010001818.1	1	24948	68	9592	38.448	0.622174	30.8	33.7
CBDDTY010001819.1	1	24935	92	12240	49.0876	0.762904	30.2	37.5
CBDDTY010001820.1	1	24928	14	2133	8.55664	0.122031	31.2	23.2
CBDDTY010001821.1	1	24923	87	10200	40.9261	0.752357	30.7	12.6
CBDDTY010001822.1	1	24881	83	9195	36.9559	0.707166	32.3	19.7
CBDDTY010001823.1	1	24878	94	11527	46.3341	0.824624	30.2	25.6
CBDDTY010001824.1	1	24843	8	1333	5.3657	0.0551866	31.3	0
CBDDTY010001825.1	1	24835	64	7966	32.0757	0.511295	33	4.55
CBDDTY010001826.1	1	24814	52	5685	22.9105	0.410172	30.8	10.3
CBDDTY010001827.1	1	24799	59	8380	33.7917	0.473326	31.3	30.8
CBDDTY010001828.1	1	24799	74	8416	33.9369	0.638816	30.4	11.2
CBDDTY010001829.1	1	24788	63	9252	37.3245	0.554704	31.9	15.7
CBDDTY010001830.1	1	24787	95	8364	33.7435	0.742889	30.2	6.99
CBDDTY010001831.1	1	24758	400	18532	74.8526	3.85217	30.1	16.7
CBDDTY010001832.1	1	24752	143	11701	47.2729	1.2134	31	20.5
CBDDTY010001833.1	1	24750	26	3153	12.7394	0.22004	31.6	17.3
CBDDTY010001834.1	1	24726	143	13823	55.9047	1.21233	31.4	17.4
CBDDTY010001835.1	1	24720	45	4966	20.089	0.337905	30.8	11.8
CBDDTY010001836.1	1	24708	77	11291	45.6977	0.678889	31.4	31.8
CBDDTY010001837.1	1	24707	10	1365	5.52475	0.0885579	33.2	12
CBDDTY010001838.1	1	24698	54	8155	33.0189	0.522957	32.4	34.5
CBDDTY010001839.1	1	24689	42	4624	18.729	0.336101	30.4	7.26
CBDDTY010001840.1	1	24683	49	7191	29.1334	0.454159	31.5	14.8
CBDDTY010001841.1	1	24665	37	5140	20.8392	0.303669	29.2	17.6
CBDDTY010001842.1	1	24661	80	7693	31.195	0.605409	31.1	11.6
CBDDTY010001843.1	1	24655	12	1794	7.27641	0.101359	30.1	26.1
CBDDTY010001844.1	1	24630	73	10555	42.8542	0.659196	31.1	37.4
CBDDTY010001845.1	1	24629	74	10440	42.3891	0.63949	30.8	31.9
CBDDTY010001846.1	1	24627	60	6492	26.3613	0.456125	30.3	2.38
CBDDTY010001847.1	1	24626	35	4095	16.6288	0.265167	30.9	10.3
CBDDTY010001848.1	1	24618	83	6971	28.3167	0.800674	30.9	10.5
CBDDTY010001849.1	1	24613	53	6103	24.7958	0.467395	31.5	6.96
CBDDTY010001850.1	1	24611	140	12601	51.2007	1.25058	30.7	7.08
CBDDTY010001851.1	1	24610	45	8300	33.7261	0.469362	28.5	17.4
CBDDTY010001852.1	1	24598	104	12654	51.4432	0.96329	30.9	34.9
CBDDTY010001853.1	1	24590	53	5980	24.3188	0.471777	31.2	18.4
CBDDTY010001854.1	1	24585	141	14715	59.8536	1.16152	30.5	26.3
CBDDTY010001855.1	1	24584	65	9517	38.7122	0.597787	31.7	23.4
CBDDTY010001856.1	1	24576	62	8541	34.7534	0.506063	30.4	32.5
CBDDTY010001857.1	1	24573	82	12150	49.4445	0.707484	32.4	39.6
CBDDTY010001858.1	1	24570	43	7344	29.8901	0.377411	31.3	20.7
CBDDTY010001859.1	1	24563	44	6141	25.001	0.379432	30.8	26.3
CBDDTY010001860.1	1	24551	55	6961	28.3532	0.457008	30.3	9.96
CBDDTY010001861.1	1	24534	26	4726	19.2631	0.392802	31.6	2.08
CBDDTY010001862.1	1	24531	66	7557	30.8059	0.599405	31.1	15.3
CBDDTY010001863.1	1	24512	109	15165	61.8677	1.01252	30.7	24.5
CBDDTY010001864.1	1	24503	23	3611	14.737	0.198221	32.2	26.6
CBDDTY010001865.1	1	24470	35	5906	24.1357	0.313813	32.6	4.49
CBDDTY010001866.1	1	24453	56	6410	26.2136	0.448002	30.1	12.7
CBDDTY010001867.1	1	24447	22	2129	8.70864	0.142881	33.8	4.18
CBDDTY010001868.1	1	24442	69	7652	31.3068	0.537763	32.2	10.3
CBDDTY010001869.1	1	24436	421	17590	71.984	3.96251	30.8	19.8
CBDDTY010001870.1	1	24428	88	9769	39.991	0.76748	30.8	39.8
CBDDTY010001871.1	1	24406	53	5329	21.8348	0.459969	31.3	9.75
CBDDTY010001872.1	1	24400	59	8867	36.3402	0.497541	29.9	35.2
CBDDTY010001873.1	1	24390	75	8587	35.2071	0.64879	30.8	8.4
CBDDTY010001874.1	1	24334	142	15028	61.7572	1.35707	30.5	16.2
CBDDTY010001875.1	1	24315	85	13920	57.2486	0.77845	30.8	33.8
CBDDTY010001876.1	1	24307	78	11552	47.5254	0.732011	32.2	39.7
CBDDTY010001877.1	1	24296	58	8078	33.2483	0.4723	31.6	29.7
CBDDTY010001878.1	1	24289	1	365	1.50274	0.0150274	23.5	1
CBDDTY010001879.1	1	24277	99	10917	44.9685	0.899164	31.3	19.7
CBDDTY010001880.1	1	24252	55	9099	37.5186	0.490681	32.1	28.5
CBDDTY010001881.1	1	24235	73	11721	48.3639	0.660202	32.1	43.7
CBDDTY010001882.1	1	24225	114	12066	49.808	0.987822	30.5	25.7
CBDDTY010001883.1	1	24219	101	13451	55.539	0.850613	31.4	30.8
CBDDTY010001884.1	1	24201	65	7906	32.6681	0.588943	30.9	36
CBDDTY010001885.1	1	24000	25	3921	16.3375	0.212292	32.6	11.9
CBDDTY010001886.1	1	24192	48	9456	39.0873	0.491939	30.8	47.7
CBDDTY010001887.1	1	24189	61	5064	20.9351	0.480714	31	5.34
CBDDTY010001888.1	1	24184	82	9083	37.5579	0.766292	31.9	22.8
CBDDTY010001889.1	1	24176	51	7340	30.3607	0.490445	31.6	34.7
CBDDTY010001890.1	1	24155	92	10224	42.3266	0.885531	31.4	29
CBDDTY010001891.1	1	24153	58	8378	34.6872	0.512773	31.5	27.7
CBDDTY010001892.1	1	24148	190	14559	60.2907	1.58208	31.2	17
CBDDTY010001893.1	1	24145	49	8785	36.3843	0.510499	29.6	0.531
CBDDTY010001894.1	1	24123	49	8071	33.4577	0.433611	32.5	22.5
CBDDTY010001895.1	1	24121	32	4510	18.6974	0.229924	32.1	8.59
CBDDTY010001896.1	1	24112	98	12311	51.0576	0.848706	31.6	36.3
CBDDTY010001897.1	1	24100	70	6935	28.7759	0.585809	30.7	16.5
CBDDTY010001898.1	1	24079	57	9534	39.5947	0.569459	31.2	45.6
CBDDTY010001899.1	1	24075	13	1624	6.74559	0.085109	30.9	9.77
CBDDTY010001900.1	1	24070	162	12688	52.7129	1.3764	30.8	22.6
CBDDTY010001901.1	1	24032	249	16696	69.474	2.26827	31.4	33.4
CBDDTY010001902.1	1	24022	64	7298	30.3805	0.579427	31	20.5
CBDDTY010001903.1	1	24020	29	4142	17.244	0.254996	30.4	13
CBDDTY010001904.1	1	24013	54	7250	30.192	0.445176	31	2.15
CBDDTY010001905.1	1	24011	133	13008	54.1752	1.28399	30.8	17.7
CBDDTY010001906.1	1	24002	74	5495	22.8939	0.820682	30.7	4.01
CBDDTY010001907.1	1	24000	61	8870	36.9583	0.549125	31.9	33.4
CBDDTY010001908.1	1	24000	72	5927	24.6958	0.574875	31.7	6.07
CBDDTY010001909.1	1	24000	15	2110	8.79167	0.130167	29	14.1
CBDDTY010001910.1	1	24000	2	153	0.6375	0.006375	34.1	0
CBDDTY010001911.1	1	24000	50	8183	34.0958	0.462833	30.6	30
CBDDTY010001912.1	1	24000	48	7245	30.1875	0.449625	30.9	19.3
CBDDTY010001913.1	1	24000	42	5418	22.575	0.320792	31.4	9.57
CBDDTY010001914.1	1	24000	115	9640	40.1667	1.07412	30.9	9.98
CBDDTY010001915.1	1	24000	11	1049	4.37083	0.110542	31.8	12.2
CBDDTY010001916.1	1	24000	53	6827	28.4458	0.392708	33.2	15.4
CBDDTY010001917.1	1	24000	86	10423	43.4292	0.767708	31.7	43.4
CBDDTY010001918.1	1	24000	13	1925	8.02083	0.131125	31.7	39.5
CBDDTY010001919.1	1	24000	165	12731	53.0458	1.49388	30.8	36.9
CBDDTY010001920.1	1	23800	44	5441	22.8613	0.318361	29.2	19.8
CBDDTY010001921.1	1	24000	12	2499	10.4125	0.11125	33.1	0.0833
CBDDTY010001922.1	1	24000	26	4348	18.1167	0.225583	30.1	28
CBDDTY010001923.1	1	24000	60	7612	31.7167	0.529042	31.3	29.2
CBDDTY010001924.1	1	24000	83	8881	37.0042	0.720208	30.8	24.7
CBDDTY010001925.1	1	23669	49	5689	24.0357	0.404031	30.6	13.8
CBDDTY010001926.1	1	24000	64	6534	27.225	0.576042	29.6	12.6
CBDDTY010001927.1	1	24000	11	1843	7.67917	0.0824167	32.1	26.2
CBDDTY010001928.1	1	24000	34	3718	15.4917	0.300458	30.2	3.29
CBDDTY010001929.1	1	24000	64	7394	30.8083	0.546625	29.9	21
CBDDTY010001930.1	1	24000	79	9921	41.3375	0.649292	30.9	17.5
CBDDTY010001931.1	1	24000	104	14574	60.725	0.997208	31.5	39.2
CBDDTY010001932.1	1	23998	48	8452	35.2196	0.490374	32.3	29.1
CBDDTY010001933.1	1	23998	57	7061	29.4233	0.544254	29.8	0.123
CBDDTY010001934.1	1	23965	88	9037	37.7092	0.761819	30	19
CBDDTY010001935.1	1	23964	289	14965	62.4478	2.80788	31.2	15.1
CBDDTY010001936.1	1	23963	39	4486	18.7205	0.363769	31.5	6.56
CBDDTY010001937.1	1	23959	52	7340	30.6357	0.456488	31	12.9
CBDDTY010001938.1	1	23959	167	13838	57.757	1.53721	31.4	22.4
CBDDTY010001939.1	1	23957	64	7927	33.0885	0.514213	31.3	4.53
CBDDTY010001940.1	1	23947	90	12345	51.5513	0.790704	30.9	33.5
CBDDTY010001941.1	1	23938	157	16301	68.0967	1.44878	30.1	21.8
CBDDTY010001942.1	1	23938	66	9281	38.771	0.638483	31	32.9
CBDDTY010001943.1	1	23936	77	9384	39.2045	0.566051	32.1	13.4
CBDDTY010001944.1	1	23919	62	7584	31.707	0.525356	31.8	4.65
CBDDTY010001945.1	1	23918	52	8185	34.2211	0.478301	30.8	39.2
CBDDTY010001946.1	1	23911	96	10177	42.562	0.801598	32.9	21.4
CBDDTY010001947.1	1	23906	95	10615	44.4031	0.853468	31.5	27.8
CBDDTY010001948.1	1	23897	47	7110	29.7527	0.410135	30.8	18.2
CBDDTY010001949.1	1	23882	123	12756	53.4126	1.03053	31.8	27.8
CBDDTY010001950.1	1	23879	127	11829	49.5373	0.995268	30.4	19.8
CBDDTY010001951.1	1	23865	71	10916	45.7406	0.620071	31.9	45.6
CBDDTY010001952.1	1	23847	38	5394	22.6192	0.295593	30.2	9.61
CBDDTY010001953.1	1	23843	68	8834	37.0507	0.627438	30.5	25.1
CBDDTY010001954.1	1	23819	78	8999	37.7808	0.741047	31.5	24.3
CBDDTY010001955.1	1	23814	40	5076	21.3152	0.435878	31.1	9.95
CBDDTY010001956.1	1	23806	48	7207	30.2739	0.435646	31.4	26.6
CBDDTY010001957.1	1	23791	119	10148	42.6548	1.06507	30.8	3.52
CBDDTY010001958.1	1	23783	50	6626	27.8602	0.451793	31.9	2
CBDDTY010001959.1	1	23771	21	4378	18.4174	0.228093	30.7	10.1
CBDDTY010001960.1	1	23770	128	14525	61.1064	1.16508	32.2	35.5
CBDDTY010001961.1	1	23763	58	7784	32.7568	0.470984	30	30.4
CBDDTY010001962.1	1	23751	68	7427	31.2703	0.638121	30.5	11.5
CBDDTY010001963.1	1	23735	107	10371	43.695	1.09442	30.6	32.2
CBDDTY010001964.1	1	23713	39	5953	25.1044	0.340657	30.4	10.5
CBDDTY010001965.1	1	23712	10	838	3.53408	0.0809295	28.5	5.4
CBDDTY010001966.1	1	23705	50	6228	26.2729	0.448007	30.5	19
CBDDTY010001967.1	1	23685	90	9015	38.0621	0.69753	31.2	14.2
CBDDTY010001968.1	1	23679	175	15434	65.1801	1.65632	30.6	22.3
CBDDTY010001969.1	1	23678	91	9765	41.2408	0.824056	31	25
CBDDTY010001970.1	1	23661	56	8027	33.925	0.478847	31.8	21.8
CBDDTY010001971.1	1	23597	40	6462	27.3848	0.387041	31.2	33
CBDDTY010001972.1	1	23589	153	12199	51.7148	1.42282	30.4	5.39
CBDDTY010001973.1	1	23585	73	11036	46.7925	0.652745	30.9	41.2
CBDDTY010001974.1	1	23567	52	6700	28.4296	0.435736	31.1	19.1
CBDDTY010001975.1	1	23562	99	13818	58.6453	1.06095	32.3	39.1
CBDDTY010001976.1	1	23549	114	9911	42.0867	1.02578	31.3	20.7
CBDDTY010001977.1	1	23542	28	3785	16.0776	0.258602	32.9	13.4
CBDDTY010001978.1	1	23527	71	8743	37.1616	0.669954	31.2	14.6
CBDDTY010001979.1	1	23525	56	7288	30.9798	0.526546	31.7	19.4
CBDDTY010001980.1	1	23513	50	7243	30.8042	0.437503	30.5	27.8
CBDDTY010001981.1	1	23503	110	11534	49.0746	1.06629	30.6	33.6
CBDDTY010001982.1	1	23490	132	15133	64.4232	1.25632	30.7	44.3
CBDDTY010001983.1	1	23478	50	7203	30.6798	0.430701	30.2	40.7
CBDDTY010001984.1	1	23477	48	5346	22.7712	0.426758	29.3	21.9
CBDDTY010001985.1	1	23461	39	5183	22.092	0.347257	29.7	4.13
CBDDTY010001986.1	1	23459	84	11549	49.2306	0.793512	32.2	23.7
CBDDTY010001987.1	1	23456	127	12144	51.7735	1.11025	30.4	22.1
CBDDTY010001988.1	1	23436	76	9559	40.7877	0.692738	31.5	11.2
CBDDTY010001989.1	1	23431	78	6897	29.4354	0.6348	30.9	10.9
CBDDTY010001990.1	1	23427	103	13088	55.8672	0.966449	31.5	40.9
CBDDTY010001991.1	1	23426	31	3540	15.1114	0.267993	29.7	7
CBDDTY010001992.1	1	23426	82	9142	39.025	0.839623	30.6	14
CBDDTY010001993.1	1	23424	68	9730	41.5386	0.632428	31.1	28.4
CBDDTY010001994.1	1	23424	50	6190	26.4259	0.417734	30.3	34.7
CBDDTY010001995.1	1	23406	59	9347	39.9342	0.527044	31.6	33
CBDDTY010001996.1	1	23396	45	3310	14.1477	0.383057	30.9	15.3
CBDDTY010001997.1	1	23395	72	5970	25.5183	0.66775	30.7	7.36
CBDDTY010001998.1	1	23386	98	8351	35.7094	0.838279	30.5	7.03
CBDDTY010001999.1	1	23384	88	12473	53.3399	0.842499	31.3	38.8
CBDDTY010002000.1	1	23381	102	13419	57.3928	1.04161	31.9	32.1
CBDDTY010002001.1	1	23364	27	2560	10.957	0.236389	30.8	22.4
CBDDTY010002002.1	1	23327	85	8652	37.0901	0.839499	31.5	4.45
CBDDTY010002003.1	1	23326	34	4731	20.2821	0.252765	31.9	21.5
CBDDTY010002004.1	1	23324	62	7570	32.4558	0.584677	31.3	2.45
CBDDTY010002005.1	1	23306	51	7371	31.627	0.491204	30.5	9.25
CBDDTY010002006.1	1	23304	67	8322	35.7106	0.593203	31.7	10.4
CBDDTY010002007.1	1	23298	54	6099	26.1782	0.567431	32.2	4.69
CBDDTY010002008.1	1	23285	88	11115	47.7346	0.808976	31.2	28.5
CBDDTY010002009.1	1	23270	55	8564	36.8028	0.505114	31.6	36.7
CBDDTY010002010.1	1	23268	68	10634	45.7023	0.660736	32	45.4
CBDDTY010002011.1	1	23246	44	6041	25.9873	0.377226	32	4.14
CBDDTY010002012.1	1	23243	63	7579	32.6077	0.590759	32.7	18.7
CBDDTY010002013.1	1	23241	58	9343	40.2005	0.535906	31.1	36.2
CBDDTY010002014.1	1	23226	62	9373	40.3556	0.562516	31.8	45.1
CBDDTY010002015.1	1	23220	86	10067	43.3549	0.806934	30.1	20.2
CBDDTY010002016.1	1	23210	42	6028	25.9716	0.380698	29.5	38.1
CBDDTY010002017.1	1	23200	56	8753	37.7284	0.545905	30.5	37.6
CBDDTY010002018.1	1	23200	94	10422	44.9224	0.861078	31.1	27.3
CBDDTY010002019.1	1	23194	106	7640	32.9396	0.992153	31.6	11.9
CBDDTY010002020.1	1	23187	44	7083	30.5473	0.387717	31.6	25.2
CBDDTY010002021.1	1	23187	267	17507	75.5035	2.86169	30.6	22.9
CBDDTY010002022.1	1	23184	53	7150	30.8402	0.453502	31.8	24.6
CBDDTY010002023.1	1	23179	67	10143	43.7594	0.579835	31	39.3
CBDDTY010002024.1	1	23166	84	12697	54.8088	0.815851	31.6	42.3
CBDDTY010002025.1	1	23160	71	8745	37.7591	0.648575	31	21.8
CBDDTY010002026.1	1	23133	86	11094	47.9575	0.793455	30.3	39
CBDDTY010002027.1	1	23128	18	2079	8.9891	0.113845	30.4	5.89
CBDDTY010002028.1	1	23127	38	5514	23.8423	0.334674	32.6	18.1
CBDDTY010002029.1	1	23116	62	8577	37.1042	0.570341	31.4	26.6
CBDDTY010002030.1	1	23114	101	10738	46.4567	1.00238	31.8	33
CBDDTY010002031.1	1	23099	48	7457	32.2828	0.472531	30.9	40
CBDDTY010002032.1	1	23090	63	10144	43.9324	0.613426	31.4	35.1
CBDDTY010002033.1	1	23074	63	7836	33.9603	0.54919	31	22.5
CBDDTY010002034.1	1	23068	89	12723	55.1543	0.846627	28.5	47.7
CBDDTY010002035.1	1	23061	104	10431	45.2322	1.04896	30.6	16.4
CBDDTY010002036.1	1	23032	123	12100	52.5356	1.0894	30.9	22.5
CBDDTY010002037.1	1	23027	68	7412	32.1883	0.60885	31.6	24.8
CBDDTY010002038.1	1	23009	52	6869	29.8535	0.412752	31.6	24.9
CBDDTY010002039.1	1	22800	24	4652	20.4035	0.273333	29.9	23.1
CBDDTY010002040.1	1	23000	81	8689	37.7783	0.743652	30.5	4.38
CBDDTY010002041.1	1	23000	61	6352	27.6174	0.603391	31.6	12.2
CBDDTY010002042.1	1	23000	14	1680	7.30435	0.153522	31.2	2.64
CBDDTY010002043.1	1	23000	23	3343	14.5348	0.201087	33.3	19
CBDDTY010002044.1	1	23000	64	8645	37.587	0.547087	31.3	18.5
CBDDTY010002045.1	1	23000	80	8730	37.9565	0.732435	32.1	20.3
CBDDTY010002046.1	1	23000	98	11352	49.3565	0.859	31.7	28.9
CBDDTY010002047.1	1	23000	1	415	1.80435	0.0180435	32.7	0
CBDDTY010002048.1	1	23000	4	746	3.24348	0.0324348	31.5	31
CBDDTY010002049.1	1	22393	101	13357	59.6481	1.0978	31.8	39.9
CBDDTY010002050.1	1	23000	92	5440	23.6522	0.780652	30.9	6.36
CBDDTY010002051.1	1	23000	95	9576	41.6348	0.882565	30.9	13.3
CBDDTY010002052.1	1	23000	62	6006	26.113	0.586304	31.4	15
CBDDTY010002053.1	1	23000	53	5388	23.4261	0.444043	31.3	3.47
CBDDTY010002054.1	1	23000	42	5114	22.2348	0.344739	28.9	14.7
CBDDTY010002055.1	1	23000	59	8431	36.6565	0.614609	31.9	21.5
CBDDTY010002056.1	1	23000	31	2058	8.94783	0.228	32	18.3
CBDDTY010002057.1	1	23000	4	921	4.00435	0.0400435	35.4	1
CBDDTY010002058.1	1	23000	71	9701	42.1783	0.625522	30.4	30.7
CBDDTY010002059.1	1	23000	13	1675	7.28261	0.125957	31.6	48.2
CBDDTY010002060.1	1	23000	61	6030	26.2174	0.638522	30.7	7.62
CBDDTY010002061.1	1	23000	180	10711	46.5696	1.682	31.9	13.3
CBDDTY010002062.1	1	23000	47	5488	23.8609	0.36787	31.2	15.7
CBDDTY010002063.1	1	22800	29	2028	8.89474	0.291316	32.3	6.45
CBDDTY010002064.1	1	23000	37	5377	23.3783	0.293957	33.4	27.9
CBDDTY010002065.1	1	23000	65	5280	22.9565	0.613826	31.2	7.85
CBDDTY010002066.1	1	23000	193	12582	54.7043	1.73652	30.3	23.9
CBDDTY010002067.1	1	23000	96	9761	42.4391	0.876957	31	19.1
CBDDTY010002068.1	1	23000	88	7450	32.3913	0.708435	32.1	8.83
CBDDTY010002069.1	1	23000	41	5261	22.8739	0.345913	30.5	6.61
CBDDTY010002070.1	1	23000	91	8012	34.8348	0.847739	30.7	6.66
CBDDTY010002071.1	1	22999	37	5758	25.0359	0.35345	31.1	40.8
CBDDTY010002072.1	1	22989	67	10434	45.3869	0.687677	31.8	47.3
CBDDTY010002073.1	1	22978	25	2465	10.7277	0.263643	31.6	7.16
CBDDTY010002074.1	1	22953	84	9916	43.2013	0.832484	31	21.4
CBDDTY010002075.1	1	22931	46	5228	22.7988	0.397235	32.1	22.4
CBDDTY010002076.1	1	22927	84	9640	42.0465	0.854451	30.9	20.8
CBDDTY010002077.1	1	22927	66	7023	30.632	0.719632	30.4	3.61
CBDDTY010002078.1	1	22926	40	5030	21.9402	0.311829	30.4	13
CBDDTY010002079.1	1	22926	34	3627	15.8205	0.263936	32	10.6
CBDDTY010002080.1	1	22898	65	8664	37.8374	0.558957	31.5	14.8
CBDDTY010002081.1	1	22893	17	2436	10.6408	0.167999	29.9	5.29
CBDDTY010002082.1	1	22893	40	6094	26.6195	0.444197	30.4	23.4
CBDDTY010002083.1	1	22852	54	7510	32.8636	0.517329	31	36.8
CBDDTY010002084.1	1	22852	70	9101	39.8258	0.643839	31.2	11.7
CBDDTY010002085.1	1	22834	52	6166	27.0036	0.483183	30.6	12.5
CBDDTY010002086.1	1	22820	142	11146	48.8431	1.28593	30.5	11.6
CBDDTY010002087.1	1	22816	73	10881	47.6902	0.716471	32.9	37.8
CBDDTY010002088.1	1	22803	72	7685	33.7017	0.760163	30.6	7.07
CBDDTY010002089.1	1	22791	71	11111	48.7517	0.705278	31.3	42.7
CBDDTY010002090.1	1	22791	11	1454	6.37971	0.0750735	36.1	17.5
CBDDTY010002091.1	1	22776	69	8384	36.8107	0.654066	31.3	21.2
CBDDTY010002092.1	1	22776	56	6932	30.4355	0.494731	31.6	0.804
CBDDTY010002093.1	1	22775	26	4271	18.753	0.236092	32.4	4.35
CBDDTY010002094.1	1	22773	20	2368	10.3983	0.189567	32.7	35.5
CBDDTY010002095.1	1	22760	73	10511	46.1819	0.713225	31.6	39.7
CBDDTY010002096.1	1	22756	44	6399	28.1201	0.405915	31.7	25.3
CBDDTY010002097.1	1	22751	71	7922	34.8204	0.624544	30.5	15.5
CBDDTY010002098.1	1	22751	70	9068	39.8576	0.641598	31.1	19.7
CBDDTY010002099.1	1	22729	119	14062	61.8681	1.10348	31	35
CBDDTY010002100.1	1	22725	32	4729	20.8097	0.265083	32.4	23.4
CBDDTY010002101.1	1	22723	125	11748	51.7009	1.20288	30.2	14.7
CBDDTY010002102.1	1	22715	117	13227	58.2302	1.10236	30.5	23.2
CBDDTY010002103.1	1	22687	73	6274	27.6546	0.723145	30.4	9.77
CBDDTY010002104.1	1	22674	81	6913	30.4887	0.757917	30.4	16.6
CBDDTY010002105.1	1	22644	73	8340	36.8309	0.621048	31.9	26.9
CBDDTY010002106.1	1	22639	11	1455	6.42696	0.0821149	29.7	20.5
CBDDTY010002107.1	1	22634	73	9671	42.7278	0.676814	31.7	33.7
CBDDTY010002108.1	1	22618	78	4514	19.9576	0.79198	31.5	6.37
CBDDTY010002109.1	1	22610	18	1908	8.43874	0.143565	32	10.1
CBDDTY010002110.1	1	22592	45	6516	28.8421	0.457551	30.9	29.9
CBDDTY010002111.1	1	22590	58	5141	22.7579	0.45166	31	5.57
CBDDTY010002112.1	1	22586	160	15165	67.1434	1.41428	30.7	27.4
CBDDTY010002113.1	1	22578	34	3584	15.8739	0.247055	31.3	10.6
CBDDTY010002114.1	1	22575	62	6336	28.0664	0.626224	29.8	10.7
CBDDTY010002115.1	1	22573	53	6212	27.5196	0.446197	32.7	8.04
CBDDTY010002116.1	1	22573	64	7049	31.2276	0.6164	30.3	5.84
CBDDTY010002117.1	1	22558	77	7521	33.3407	0.692969	31.7	15.7
CBDDTY010002118.1	1	22533	80	10566	46.8912	0.72223	31.8	37.2
CBDDTY010002119.1	1	22533	10	1707	7.57556	0.0976346	32.3	34.4
CBDDTY010002120.1	1	22524	82	11137	49.445	0.805452	31	34.6
CBDDTY010002121.1	1	22510	176	15909	70.6753	1.88778	31.1	4.77
CBDDTY010002122.1	1	22498	225	15616	69.4106	2.26429	31.1	16.9
CBDDTY010002123.1	1	22494	38	4130	18.3605	0.319507	31.6	14.3
CBDDTY010002124.1	1	22472	71	6664	29.6547	0.779948	30.6	14.2
CBDDTY010002125.1	1	22451	146	13460	59.9528	1.57311	31.8	22
CBDDTY010002126.1	1	22448	35	6265	27.9089	0.36471	32.1	29
CBDDTY010002127.1	1	22447	69	8555	38.112	0.693768	31.3	13.2
CBDDTY010002128.1	1	22446	138	13145	58.5628	1.34545	30.8	31.8
CBDDTY010002129.1	1	22444	96	11085	49.3896	0.937845	29.7	35.9
CBDDTY010002130.1	1	22442	75	9454	42.1264	0.670127	30.9	20.9
CBDDTY010002131.1	1	22416	45	4900	21.8594	0.384145	32.3	3.78
CBDDTY010002132.1	1	22402	118	11478	51.2365	1.15128	30.9	25.9
CBDDTY010002133.1	1	22394	217	8000	35.7239	2.26052	31.7	11.1
CBDDTY010002134.1	1	22384	64	9148	40.8685	0.634292	31	22.1
CBDDTY010002135.1	1	22352	112	11796	52.7738	1.11091	30.7	23.9
CBDDTY010002136.1	1	22314	70	12283	55.0462	0.774043	30.3	38.5
CBDDTY010002137.1	1	22310	90	10127	45.3922	0.832273	30.3	14.9
CBDDTY010002138.1	1	22307	33	6281	28.1571	0.357735	30.7	12.2
CBDDTY010002139.1	1	22307	53	7724	34.6259	0.45219	31.8	40.6
CBDDTY010002140.1	1	22305	161	9322	41.7933	1.6872	30.6	5.14
CBDDTY010002141.1	1	22298	71	11800	52.9195	0.699839	31.9	40
CBDDTY010002142.1	1	22296	75	9180	41.1733	0.725242	30.3	19.4
CBDDTY010002143.1	1	22295	14	2671	11.9803	0.119803	30.1	0.286
CBDDTY010002144.1	1	22294	61	9294	41.6883	0.608011	30.5	38.3
CBDDTY010002145.1	1	22292	119	6988	31.3476	1.154	30.7	5.77
CBDDTY010002146.1	1	22285	59	5292	23.7469	0.563698	32.6	6.56
CBDDTY010002147.1	1	22282	61	8733	39.1931	0.554169	31	37.9
CBDDTY010002148.1	1	22276	71	11424	51.2839	0.730831	30.9	39.8
CBDDTY010002149.1	1	22256	36	4801	21.5717	0.31241	30.3	12.4
CBDDTY010002150.1	1	22249	57	8198	36.8466	0.519889	30.7	32.8
CBDDTY010002151.1	1	22234	67	10016	45.0481	0.636323	30.5	31.5
CBDDTY010002152.1	1	22231	81	9610	43.2279	0.791372	31.2	16.8
CBDDTY010002153.1	1	22216	17	2136	9.61469	0.122524	33.1	7.24
CBDDTY010002154.1	1	22216	65	8656	38.9629	0.629096	30.5	28.9
CBDDTY010002155.1	1	22211	64	10246	46.1303	0.671109	31.5	48.6
CBDDTY010002156.1	1	22198	44	5513	24.8356	0.453735	30.6	7.86
CBDDTY010002157.1	1	22183	17	3125	14.0874	0.172114	30.1	23.1
CBDDTY010002158.1	1	22166	20	3865	17.4366	0.195074	32.4	5.25
CBDDTY010002159.1	1	22154	43	6103	27.5481	0.408098	31.3	24.4
CBDDTY010002160.1	1	22139	98	9768	44.1212	0.847599	29.8	16.6
CBDDTY010002161.1	1	22136	86	10264	46.3679	0.829554	31.2	32.5
CBDDTY010002162.1	1	22099	58	7885	35.6803	0.524684	30.2	24.7
CBDDTY010002163.1	1	22095	202	6081	27.5221	2.0578	30.7	41.1
CBDDTY010002164.1	1	22059	48	6074	27.5352	0.464391	30.9	18.4
CBDDTY010002165.1	1	22055	80	8964	40.6438	0.804625	30.8	6.01
CBDDTY010002166.1	1	22052	36	6025	27.3218	0.336886	32	15.9
CBDDTY010002167.1	1	22046	63	8066	36.5871	0.605053	31.2	8.25
CBDDTY010002168.1	1	22044	73	5980	27.1276	0.644484	30.7	19.8
CBDDTY010002169.1	1	22035	57	10185	46.2219	0.647288	31.6	25.1
CBDDTY010002170.1	1	22011	26	2704	12.2848	0.194993	30.8	3.54
CBDDTY010002171.1	1	22004	49	7472	33.9575	0.50759	30.1	19.7
CBDDTY010002172.1	1	22003	64	8457	38.4357	0.648821	31.3	23.5
CBDDTY010002173.1	1	22000	36	5725	26.0227	0.353	31.5	14.1
CBDDTY010002174.1	1	22000	30	3427	15.5773	0.235545	30.5	2.17
CBDDTY010002175.1	1	22000	35	4687	21.3045	0.360682	30.1	14.7
CBDDTY010002176.1	1	22000	54	7222	32.8273	0.543091	29.4	10.3
CBDDTY010002177.1	1	22000	25	3205	14.5682	0.224455	30.4	15.1
CBDDTY010002178.1	1	22000	96	11338	51.5364	0.986318	30.4	21.4
CBDDTY010002179.1	1	22000	192	17297	78.6227	1.86059	30.8	35.6
CBDDTY010002180.1	1	22000	59	7504	34.1091	0.588909	31.3	10.2
CBDDTY010002181.1	1	22000	13	1695	7.70455	0.114591	31.8	4.31
CBDDTY010002182.1	1	21777	50	6255	28.723	0.46517	30.8	11.3
CBDDTY010002183.1	1	22000	3	206	0.936364	0.0226818	30.1	1.33
CBDDTY010002184.1	1	22000	57	6603	30.0136	0.476864	29.6	7.11
CBDDTY010002185.1	1	22000	56	6516	29.6182	0.520682	29.5	6.54
CBDDTY010002186.1	1	22000	80	8817	40.0773	0.674818	31.2	21.2
CBDDTY010002187.1	1	22000	50	6730	30.5909	0.430364	31.6	19.8
CBDDTY010002188.1	1	22000	68	9234	41.9727	0.753045	29.4	26.3
CBDDTY010002189.1	1	22000	54	8816	40.0727	0.514773	32	30.9
CBDDTY010002190.1	1	22000	44	5459	24.8136	0.398318	29.8	15.8
CBDDTY010002191.1	1	22000	131	14689	66.7682	1.21532	30.7	25.8
CBDDTY010002192.1	1	22000	112	12037	54.7136	1.12255	30.5	24.3
CBDDTY010002193.1	1	22000	75	10156	46.1636	0.746182	29.4	20.5
CBDDTY010002194.1	1	22000	114	10867	49.3955	0.986	31.1	15.8
CBDDTY010002195.1	1	22000	12	1815	8.25	0.116818	30.7	35.8
CBDDTY010002196.1	1	22000	6	571	2.59545	0.0490909	35.8	0.833
CBDDTY010002197.1	1	22000	36	5985	27.2045	0.368318	31.9	21.4
CBDDTY010002198.1	1	22000	69	8516	38.7091	0.644182	31.4	26.8
CBDDTY010002199.1	1	22000	5	854	3.88182	0.0471364	30.2	43.8
CBDDTY010002200.1	1	21800	71	9082	41.6606	0.753303	30.5	17.7
CBDDTY010002201.1	1	22000	41	6086	27.6636	0.360045	31.2	5.41
CBDDTY010002202.1	1	22000	85	8752	39.7818	0.811273	31.8	10.1
CBDDTY010002203.1	1	22000	72	10229	46.4955	0.666182	30.5	37.2
CBDDTY010002204.1	1	22000	39	4966	22.5727	0.3235	33.7	9.13
CBDDTY010002205.1	1	22000	2	275	1.25	0.0186818	27.8	7.5
CBDDTY010002206.1	1	22000	66	6698	30.4455	0.580364	30.3	12.3
CBDDTY010002207.1	1	21998	55	8970	40.7764	0.588781	29.7	35.5
CBDDTY010002208.1	1	21996	47	5990	27.2322	0.431533	29.9	14.1
CBDDTY010002209.1	1	21994	37	5378	24.4521	0.381968	30.2	33.4
CBDDTY010002210.1	1	21960	64	6180	28.1421	0.617395	30.8	9.38
CBDDTY010002211.1	1	21951	95	9356	42.6222	0.849255	30.7	15.7
CBDDTY010002212.1	1	21950	59	6013	27.3941	0.582688	30.7	13
CBDDTY010002213.1	1	21946	92	7344	33.464	0.802379	30.1	8.55
CBDDTY010002214.1	1	21917	61	5959	27.1889	0.58977	31.2	5.49
CBDDTY010002215.1	1	21885	84	9141	41.7683	0.839205	30.5	25.9
CBDDTY010002216.1	1	21851	44	5287	24.1957	0.461764	29.7	22.5
CBDDTY010002217.1	1	21847	61	7723	35.3504	0.579851	31	17.3
CBDDTY010002218.1	1	21840	68	8486	38.8553	0.606181	32.8	36.1
CBDDTY010002219.1	1	21830	113	10698	49.006	1.16395	30.3	22.4
CBDDTY010002220.1	1	21805	58	6932	31.7909	0.58138	31.2	22.2
CBDDTY010002221.1	1	21805	31	4563	20.9264	0.336574	31.2	6.1
CBDDTY010002222.1	1	21795	101	11536	52.9296	1.02129	31.4	27.7
CBDDTY010002223.1	1	21791	44	7406	33.9865	0.478913	30.2	19.1
CBDDTY010002224.1	1	21782	34	3839	17.6246	0.332522	28.4	3.94
CBDDTY010002225.1	1	21777	60	7028	32.2726	0.583735	30.8	10.2
CBDDTY010002226.1	1	21771	119	12730	58.4723	1.19705	31.5	35.2
CBDDTY010002227.1	1	21764	15	2571	11.8131	0.13504	29.4	6.2
CBDDTY010002228.1	1	21750	65	8797	40.446	0.662299	31.1	33
CBDDTY010002229.1	1	21748	83	9294	42.735	0.87769	31.1	12.2
CBDDTY010002230.1	1	21738	174	9538	43.8771	1.75844	31.1	12.1
CBDDTY010002231.1	1	21719	90	11938	54.9657	0.855794	31.8	34.8
CBDDTY010002232.1	1	21702	70	6060	27.9237	0.587503	29.7	35.1
CBDDTY010002233.1	1	21699	108	12302	56.6939	1.09226	30.7	22.4
CBDDTY010002234.1	1	21693	40	5328	24.5609	0.339003	32.3	9.6
CBDDTY010002235.1	1	21691	60	9184	42.3401	0.622378	30.7	37.7
CBDDTY010002236.1	1	21686	81	10352	47.7359	0.771327	31.1	35.9
CBDDTY010002237.1	1	21662	118	12220	56.4122	1.20372	31.7	30.8
CBDDTY010002238.1	1	21661	76	9422	43.4975	0.754767	31.7	23.3
CBDDTY010002239.1	1	21659	50	6737	31.1049	0.479754	31.2	23
CBDDTY010002240.1	1	21644	23	3174	14.6646	0.227084	32.9	19.6
CBDDTY010002241.1	1	21634	67	9949	45.9878	0.647823	30	30.4
CBDDTY010002242.1	1	21633	33	5129	23.7091	0.355568	30.5	1.91
CBDDTY010002243.1	1	21633	63	9260	42.805	0.578422	29.7	38.1
CBDDTY010002244.1	1	21632	46	6786	31.3702	0.427561	31.6	23.6
CBDDTY010002245.1	1	21620	84	10078	46.6142	0.911933	32.2	27.7
CBDDTY010002246.1	1	21613	42	5230	24.1984	0.357933	30.2	14.6
CBDDTY010002247.1	1	21604	56	7521	34.813	0.549019	31.9	22.4
CBDDTY010002248.1	1	21604	103	11078	51.2775	1.14659	30.8	23
CBDDTY010002249.1	1	21601	91	11397	52.7614	0.89431	31.2	32.9
CBDDTY010002250.1	1	21597	120	11461	53.0676	1.12039	31.3	27.7
CBDDTY010002251.1	1	21580	79	10491	48.6145	0.799722	31.3	29.8
CBDDTY010002252.1	1	21567	67	9532	44.1972	0.602634	32.1	32.8
CBDDTY010002253.1	1	21557	65	10656	49.4317	0.672543	31.3	47.9
CBDDTY010002254.1	1	21532	24	3264	15.1588	0.192086	29.8	8.04
CBDDTY010002255.1	1	21529	57	6629	30.791	0.567235	30.5	26.9
CBDDTY010002256.1	1	21501	97	11694	54.3882	0.950653	31.3	29.5
CBDDTY010002257.1	1	21499	18	2465	11.4656	0.165682	31.5	3.22
CBDDTY010002258.1	1	21490	182	13422	62.457	1.88557	31.5	17
CBDDTY010002259.1	1	21488	100	10103	47.0169	1.0094	30	17.1
CBDDTY010002260.1	1	21487	42	6898	32.1031	0.419044	31.5	32.5
CBDDTY010002261.1	1	21483	69	8493	39.5336	0.687101	32.1	34.1
CBDDTY010002262.1	1	21474	89	11283	52.5426	0.89145	30.6	25.8
CBDDTY010002263.1	1	21468	54	6110	28.461	0.510108	31.2	18.8
CBDDTY010002264.1	1	21462	110	10334	48.1502	1.12781	30.6	16
CBDDTY010002265.1	1	21458	43	6094	28.3997	0.363408	29.9	16.5
CBDDTY010002266.1	1	21451	25	3598	16.7731	0.264836	32.5	31.7
CBDDTY010002267.1	1	21449	126	9057	42.2257	1.34906	30.6	11.3
CBDDTY010002268.1	1	21448	179	15081	70.3142	1.99874	30.5	32.3
CBDDTY010002269.1	1	21443	112	13295	62.0016	1.23999	30.3	31.2
CBDDTY010002270.1	1	21427	77	11366	53.0452	0.818967	30.5	32.2
CBDDTY010002271.1	1	21418	62	9204	42.9732	0.660379	31.5	30.8
CBDDTY010002272.1	1	21418	160	14530	67.8401	1.65015	30.3	20.8
CBDDTY010002273.1	1	21409	60	7796	36.4146	0.584427	31.8	15.9
CBDDTY010002274.1	1	21385	71	6994	32.7052	0.612579	30.4	14.1
CBDDTY010002275.1	1	21373	63	9042	42.3057	0.628223	30.6	43.4
CBDDTY010002276.1	1	21364	47	7854	36.7628	0.524761	31	22.9
CBDDTY010002277.1	1	21361	47	6977	32.6623	0.563784	30.8	14.7
CBDDTY010002278.1	1	21359	5	776	3.63313	0.0628307	29.5	33
CBDDTY010002279.1	1	21341	60	10978	51.4409	0.734033	30.1	33.6
CBDDTY010002280.1	1	21332	69	7744	36.3023	0.623523	31.2	26.2
CBDDTY010002281.1	1	21322	57	8598	40.3245	0.60196	31.5	39
CBDDTY010002282.1	1	21317	85	7496	35.1644	0.832669	30.7	3.45
CBDDTY010002283.1	1	21315	58	7338	34.4265	0.576167	31.8	7.62
CBDDTY010002284.1	1	21284	39	4300	20.203	0.372909	29.3	13.5
CBDDTY010002285.1	1	21269	65	8001	37.6181	0.593728	30.5	23.9
CBDDTY010002286.1	1	21265	66	10115	47.5664	0.748789	30.4	45.7
CBDDTY010002287.1	1	21253	68	9691	45.5983	0.663153	31.9	31.8
CBDDTY010002288.1	1	21251	63	5735	26.987	0.587878	29.9	9.1
CBDDTY010002289.1	1	21219	60	7952	37.4758	0.578632	31.2	22.3
CBDDTY010002290.1	1	21214	55	7568	35.6746	0.495003	31.3	44.2
CBDDTY010002291.1	1	21200	67	8149	38.4387	0.682736	31.3	21.4
CBDDTY010002292.1	1	21175	78	9759	46.0874	0.752633	31	26.3
CBDDTY010002293.1	1	21159	33	3598	17.0046	0.293728	31.3	14.2
CBDDTY010002294.1	1	21158	57	8653	40.8971	0.62747	30.3	24
CBDDTY010002295.1	1	21144	82	9012	42.622	0.901343	31.6	25.5
CBDDTY010002296.1	1	21142	14	1775	8.39561	0.104957	34.2	17.9
CBDDTY010002297.1	1	21134	32	5260	24.8888	0.356771	29.8	1.88
CBDDTY010002298.1	1	21132	30	4517	21.3752	0.317575	31	2.83
CBDDTY010002299.1	1	21131	59	7218	34.1583	0.598552	29.6	24.5
CBDDTY010002300.1	1	21122	144	9920	46.9652	1.45554	31.5	8.58
CBDDTY010002301.1	1	21119	54	6216	29.4332	0.553814	30.3	19.5
CBDDTY010002302.1	1	21116	37	5539	26.2313	0.346514	31.4	19.9
CBDDTY010002303.1	1	21078	64	10041	47.6373	0.642186	31.9	41
CBDDTY010002304.1	1	21073	40	3130	14.8531	0.424762	33.7	20.6
CBDDTY010002305.1	1	21070	62	10000	47.4608	0.666967	30.5	33.1
CBDDTY010002306.1	1	21061	47	6707	31.8456	0.481838	32.2	13.6
CBDDTY010002307.1	1	21061	13	1643	7.80115	0.102369	32.8	6.38
CBDDTY010002308.1	1	21044	78	10224	48.5839	0.712079	30.4	34.1
CBDDTY010002309.1	1	21043	42	5982	28.4275	0.440146	30.4	19.9
CBDDTY010002310.1	1	21040	90	8980	42.6806	0.758365	31.4	12.9
CBDDTY010002311.1	1	21039	59	6807	32.3542	0.5746	31.7	27.3
CBDDTY010002312.1	1	21029	91	11501	54.6911	0.975177	30.6	31.7
CBDDTY010002313.1	1	21019	122	13972	66.4732	1.25149	31.5	33.2
CBDDTY010002314.1	1	21002	119	10757	51.2189	1.17984	30.9	19.2
CBDDTY010002315.1	1	21000	49	6082	28.9619	0.539524	31.1	11
CBDDTY010002316.1	1	21000	29	4006	19.0762	0.315286	31.4	32.6
CBDDTY010002317.1	1	21000	85	12229	58.2333	0.889905	32	37
CBDDTY010002318.1	1	21000	219	13577	64.6524	2.232	30.8	6.47
CBDDTY010002319.1	1	21000	92	9248	44.0381	0.938952	31.2	15.4
CBDDTY010002320.1	1	20800	29	4099	19.7067	0.296827	29.3	8.24
CBDDTY010002321.1	1	21000	15	2055	9.78571	0.128524	32.1	4.47
CBDDTY010002323.1	1	20873	48	5112	24.491	0.447276	31.6	7.58
CBDDTY010002324.1	1	21000	64	6959	33.1381	0.716286	30.6	14.8
CBDDTY010002325.1	1	21000	139	9151	43.5762	1.41019	31	17.2
CBDDTY010002326.1	1	21000	34	1667	7.9381	0.308143	30.3	8.91
CBDDTY010002327.1	1	21000	77	10343	49.2524	0.791619	31.1	27.4
CBDDTY010002328.1	1	21000	60	9091	43.2905	0.706095	31.4	28.8
CBDDTY010002329.1	1	21000	11	1309	6.23333	0.116571	30.8	46.6
CBDDTY010002330.1	1	21000	162	9892	47.1048	1.6921	31.3	18.1
CBDDTY010002331.1	1	20800	51	6727	32.3413	0.494375	30.5	14.8
CBDDTY010002332.1	1	21000	9	1484	7.06667	0.0818095	30.3	5.56
CBDDTY010002333.1	1	21000	150	14322	68.2	1.57329	31.2	22.9
CBDDTY010002335.1	1	20800	30	4704	22.6154	0.326202	32	25.5
CBDDTY010002336.1	1	21000	3	482	2.29524	0.0255714	30.5	30.3
CBDDTY010002337.1	1	21000	38	6517	31.0333	0.372238	30.5	40
CBDDTY010002338.1	1	20800	11	1728	8.30769	0.133077	30.7	30.3
CBDDTY010002339.1	1	21000	47	6447	30.7	0.447952	32.8	12
CBDDTY010002340.1	1	21000	15	1597	7.60476	0.12519	31.2	37.5
CBDDTY010002341.1	1	21000	144	6364	30.3048	1.83548	30.4	10
CBDDTY010002342.1	1	21000	10	1211	5.76667	0.0937143	27.4	14.6
CBDDTY010002343.1	1	21000	96	8344	39.7333	0.964429	31.5	12.3
CBDDTY010002344.1	1	21000	2	164	0.780952	0.00780952	32.3	0
CBDDTY010002345.1	1	21000	20	2385	11.3571	0.21481	30.7	3.1
CBDDTY010002346.1	1	21000	112	8639	41.1381	1.21771	30.1	23.9
CBDDTY010002347.1	1	21000	21	2629	12.519	0.174143	32.6	25.5
CBDDTY010002348.1	1	21000	45	6091	29.0048	0.42319	30.5	6.16
CBDDTY010002349.1	1	21000	34	5074	24.1619	0.323143	29.7	18.2
CBDDTY010002350.1	1	20993	65	8618	41.0518	0.656219	31.6	30.3
CBDDTY010002351.1	1	20943	32	3578	17.0845	0.236595	32.6	23.4
CBDDTY010002352.1	1	20914	83	7812	37.353	0.772067	30.4	14
CBDDTY010002353.1	1	20909	47	6314	30.1975	0.493711	31	12.1
CBDDTY010002354.1	1	20897	109	13520	64.6983	1.16792	30.7	31.1
CBDDTY010002355.1	1	20896	50	7725	36.9688	0.522779	30.7	36.9
CBDDTY010002356.1	1	20893	131	10263	49.1217	1.37582	30.6	35.7
CBDDTY010002357.1	1	20879	133	11030	52.8282	1.40117	30.2	4.25
CBDDTY010002358.1	1	20874	86	10681	51.1689	0.879371	31.8	36.6
CBDDTY010002359.1	1	20838	83	8732	41.9042	0.780017	31.1	12
CBDDTY010002360.1	1	20831	39	6361	30.5362	0.460996	30.1	27
CBDDTY010002361.1	1	20829	53	6071	29.1469	0.47938	31.9	9.09
CBDDTY010002362.1	1	20824	56	7883	37.8554	0.654149	30.7	25.2
CBDDTY010002363.1	1	20824	94	12261	58.8792	0.965953	30.5	21.1
CBDDTY010002364.1	1	20807	112	10824	52.021	1.13986	30.8	13.6
CBDDTY010002365.1	1	20787	32	4863	23.3944	0.312551	32.7	8.72
CBDDTY010002366.1	1	20785	9	935	4.49844	0.0701949	29.7	3
CBDDTY010002367.1	1	20773	104	7277	35.031	1.17807	31.9	10.6
CBDDTY010002368.1	1	20758	43	5112	24.6266	0.408951	31.5	13.1
CBDDTY010002369.1	1	20733	75	9201	44.3785	0.737182	31.7	23.5
CBDDTY010002370.1	1	20732	168	13065	63.0185	1.66337	30.9	35.3
CBDDTY010002371.1	1	20730	60	9179	44.2788	0.702171	30.2	9.78
CBDDTY010002372.1	1	20712	103	9913	47.8611	1.1405	31.2	27.5
CBDDTY010002373.1	1	20697	57	7374	35.6284	0.56211	30.8	33.7
CBDDTY010002374.1	1	20695	31	3878	18.7388	0.297511	30.8	5.55
CBDDTY010002375.1	1	20671	74	9377	45.3631	0.717382	31.2	25.7
CBDDTY010002376.1	1	20664	65	9071	43.8976	0.633178	29.5	28.2
CBDDTY010002377.1	1	20658	35	4611	22.3207	0.311308	29.8	11
CBDDTY010002378.1	1	20655	58	7934	38.412	0.576519	30.2	30.4
CBDDTY010002379.1	1	20654	44	6533	31.6307	0.411833	32	30.5
CBDDTY010002380.1	1	20628	79	8195	39.7276	0.824316	30.8	30.4
CBDDTY010002381.1	1	20624	21	3154	15.2929	0.238024	28.2	5.14
CBDDTY010002382.1	1	20623	82	10006	48.5186	0.834408	31.2	37.9
CBDDTY010002383.1	1	20605	85	11689	56.7289	0.948022	29.8	26.2
CBDDTY010002384.1	1	20604	68	10112	49.0778	0.721219	30.9	36.4
CBDDTY010002385.1	1	20597	58	6156	29.8878	0.546633	30.7	8.19
CBDDTY010002386.1	1	20596	114	11115	53.9668	1.19892	31.2	24.2
CBDDTY010002387.1	1	20586	50	5101	24.779	0.490333	32.6	2.26
CBDDTY010002388.1	1	20582	148	11037	53.6245	1.60597	30.7	28.3
CBDDTY010002389.1	1	20582	35	6280	30.5121	0.428238	29.9	7.63
CBDDTY010002390.1	1	20574	63	7697	37.4113	0.645329	31	11.8
CBDDTY010002391.1	1	20573	67	8304	40.3636	0.68585	30.9	44.9
CBDDTY010002392.1	1	20569	39	5517	26.8219	0.40104	32	33
CBDDTY010002393.1	1	20567	55	7627	37.0837	0.611368	30.9	40.7
CBDDTY010002394.1	1	20565	43	6665	32.4094	0.442159	31.4	19.9
CBDDTY010002395.1	1	20557	46	5005	24.3469	0.456244	30.8	7.76
CBDDTY010002396.1	1	20551	39	5371	26.135	0.398034	30.1	30.3
CBDDTY010002397.1	1	20550	67	8597	41.8345	0.725012	30.1	29.2
CBDDTY010002398.1	1	20537	31	5505	26.8053	0.357112	31.8	14
CBDDTY010002399.1	1	20525	100	11401	55.5469	1.09832	31.7	30.1
CBDDTY010002400.1	1	20504	108	11758	57.3449	1.1053	32.7	34.2
CBDDTY010002401.1	1	20472	34	3700	18.0735	0.332845	29.5	4.91
CBDDTY010002402.1	1	20464	32	4735	23.1382	0.331069	30.5	1.09
CBDDTY010002403.1	1	20455	159	11429	55.8739	1.69078	31.3	19.5
CBDDTY010002404.1	1	20447	203	9642	47.1561	2.24385	30.3	20.1
CBDDTY010002405.1	1	20439	43	5509	26.9534	0.449875	31.5	23.2
CBDDTY010002406.1	1	20428	65	9221	45.139	0.707118	30.7	35
CBDDTY010002407.1	1	20416	54	8528	41.7712	0.544279	29.9	28.2
CBDDTY010002408.1	1	20416	56	7651	37.4755	0.594436	30.5	39.4
CBDDTY010002409.1	1	20410	61	6586	32.2685	0.550906	31.2	8.97
CBDDTY010002410.1	1	20373	69	8865	43.5135	0.765621	30.7	27.1
CBDDTY010002411.1	1	20371	35	5838	28.6584	0.401846	31.9	29.5
CBDDTY010002412.1	1	20366	76	9943	48.8216	0.859668	28.7	38
CBDDTY010002413.1	1	20357	85	4343	21.3342	0.952989	30.9	10.8
CBDDTY010002414.1	1	20356	78	8607	42.2824	0.932452	31.4	27
CBDDTY010002415.1	1	20332	46	6300	30.9856	0.490163	31.4	9.41
CBDDTY010002416.1	1	20326	57	6408	31.5261	0.66137	30.3	7.51
CBDDTY010002417.1	1	20321	47	7652	37.6556	0.491708	30.9	21.2
CBDDTY010002418.1	1	20308	151	12160	59.8779	1.47311	30.3	30.3
CBDDTY010002419.1	1	20294	69	10135	49.9409	0.750517	30.7	44.3
CBDDTY010002420.1	1	20292	55	6594	32.4956	0.570915	30.4	11.5
CBDDTY010002421.1	1	20285	71	9288	45.7875	0.712645	31.1	21.3
CBDDTY010002422.1	1	20277	59	9325	45.9881	0.606253	29.9	46.6
CBDDTY010002423.1	1	20248	20	3079	15.2064	0.193698	30.1	12.1
CBDDTY010002424.1	1	20247	44	7104	35.0867	0.46076	31.3	29.6
CBDDTY010002425.1	1	20243	26	3236	15.9858	0.249518	30.9	17.4
CBDDTY010002426.1	1	20241	140	11775	58.174	1.54839	31.1	27.2
CBDDTY010002427.1	1	20240	52	8087	39.9555	0.580534	31.5	48.3
CBDDTY010002428.1	1	20232	60	6555	32.3992	0.61378	31	20.6
CBDDTY010002429.1	1	20226	59	9634	47.6318	0.698556	29.4	45.1
CBDDTY010002430.1	1	20223	23	3614	17.8707	0.227019	31.6	39.7
CBDDTY010002431.1	1	20200	71	6751	33.4208	0.801436	30.6	32.6
CBDDTY010002432.1	1	20196	25	4076	20.1822	0.245544	31.4	10.8
CBDDTY010002433.1	1	20188	41	4064	20.1308	0.417822	31.2	4.78
CBDDTY010002434.1	1	20172	120	12037	59.6718	1.41131	30.5	26.4
CBDDTY010002435.1	1	20160	39	4789	23.755	0.426687	31.2	12.7
CBDDTY010002436.1	1	20157	61	8447	41.906	0.619041	31.8	35.2
CBDDTY010002437.1	1	20151	78	9089	45.1045	0.792169	30.3	25.1
CBDDTY010002438.1	1	20149	67	8707	43.2131	0.77587	30.6	41.4
CBDDTY010002439.1	1	20148	10	1227	6.08993	0.0733075	30.1	0.3
CBDDTY010002440.1	1	20147	49	8584	42.6068	0.56604	32.1	34
CBDDTY010002441.1	1	20144	41	4907	24.3596	0.376092	31.9	25.5
CBDDTY010002442.1	1	20129	70	6743	33.4989	0.655572	32.6	14.5
CBDDTY010002443.1	1	20129	45	5863	29.1271	0.403348	30.5	6.13
CBDDTY010002444.1	1	20125	32	4346	21.595	0.347925	30.8	18.3
CBDDTY010002445.1	1	20109	69	11006	54.7317	0.891392	31.3	30.6
CBDDTY010002446.1	1	20103	20	3068	15.2614	0.240064	30.5	12.4
CBDDTY010002447.1	1	20082	33	5399	26.8848	0.341002	30.2	27.5
CBDDTY010002448.1	1	20080	34	4915	24.4771	0.418775	31.7	0.0882
CBDDTY010002449.1	1	20070	49	7522	37.4788	0.629846	31.2	34
CBDDTY010002450.1	1	20060	123	13488	67.2383	1.29875	30.9	30.4
CBDDTY010002451.1	1	20044	43	6260	31.2313	0.42282	28.8	35.3
CBDDTY010002452.1	1	20034	48	7392	36.8973	0.496606	30.6	32.8
CBDDTY010002453.1	1	20019	68	8104	40.4815	0.746491	30.6	22.9
CBDDTY010002454.1	1	20000	25	2657	13.285	0.28405	31.4	4.88
CBDDTY010002455.1	1	20000	35	5560	27.8	0.3897	31.7	21
CBDDTY010002456.1	1	19800	41	6205	31.3384	0.430808	31.5	40.8
CBDDTY010002458.1	1	20000	5	777	3.885	0.03885	36.3	12.4
CBDDTY010002459.1	1	20000	124	7381	36.905	1.5773	31.2	11.8
CBDDTY010002460.1	1	20000	43	5190	25.95	0.44995	32.3	22.7
CBDDTY010002461.1	1	20000	62	7974	39.87	0.5936	30.8	31.1
CBDDTY010002462.1	1	20000	71	8685	43.425	0.86305	31.6	25.2
CBDDTY010002463.1	1	20000	23	3387	16.935	0.20125	31.8	26.7
CBDDTY010002464.1	1	20000	24	2004	10.02	0.2349	32.7	5.83
CBDDTY010002465.1	1	20000	29	1666	8.33	0.27045	30.1	1.48
CBDDTY010002466.1	1	20000	51	6886	34.43	0.5409	31.2	35
CBDDTY010002467.1	1	20000	85	7652	38.26	0.9613	29.3	21.5
CBDDTY010002468.1	1	20000	4	908	4.54	0.0543	30.5	0
CBDDTY010002469.1	1	20000	97	9450	47.25	1.15305	30.7	16.4
CBDDTY010002470.1	1	20000	90	12151	60.755	1.02475	31.9	40.6
CBDDTY010002471.1	1	20000	5	728	3.64	0.0678	28.5	3.4
CBDDTY010002472.1	1	20000	8	1310	6.55	0.1095	30.1	26
CBDDTY010002473.1	1	20000	30	2818	14.09	0.29875	31.4	10.5
CBDDTY010002474.1	1	20000	81	11743	58.715	0.91535	30.3	37
CBDDTY010002475.1	1	19800	32	4007	20.2374	0.299697	31.6	8.41
CBDDTY010002476.1	1	20000	46	4987	24.935	0.43845	29.1	3
CBDDTY010002477.1	1	20000	49	7632	38.16	0.5216	31.3	27.6
CBDDTY010002478.1	1	20000	14	2483	12.415	0.1852	32.2	8.14
CBDDTY010002479.1	1	19800	17	2695	13.6111	0.195404	30.2	9.06
CBDDTY010002480.1	1	20000	147	13398	66.99	1.54705	30.9	21.6
CBDDTY010002481.1	1	20000	78	8790	43.95	0.9011	31.5	20.2
CBDDTY010002482.1	1	19979	35	4940	24.726	0.378097	29.4	15.9
CBDDTY010002483.1	1	19975	59	8980	44.9562	0.663179	30.7	32.5
CBDDTY010002484.1	1	19967	53	8142	40.7773	0.619622	30.4	19.7
CBDDTY010002485.1	1	19967	52	6026	30.1798	0.541744	29.7	6.75
CBDDTY010002486.1	1	19963	65	5455	27.3256	0.690527	31.6	14.2
CBDDTY010002487.1	1	19950	71	9211	46.1704	0.712281	32.8	23.3
CBDDTY010002488.1	1	19948	21	3042	15.2496	0.200822	31.5	16.7
CBDDTY010002489.1	1	19947	40	4842	24.2743	0.41114	32.6	27.1
CBDDTY010002490.1	1	19945	40	5050	25.3196	0.350564	31.6	0.975
CBDDTY010002491.1	1	19925	67	4816	24.1706	0.674128	32.4	7.64
CBDDTY010002492.1	1	19924	217	9475	47.5557	2.37292	31.2	20.8
CBDDTY010002493.1	1	19914	61	8225	41.3026	0.605202	33	38.8
CBDDTY010002494.1	1	19912	168	6754	33.9192	1.82382	30.5	11.4
CBDDTY010002495.1	1	19908	81	8362	42.0032	0.866084	31.4	17.4
CBDDTY010002496.1	1	19895	42	6901	34.6871	0.423976	29.8	13.5
CBDDTY010002497.1	1	19889	81	5623	28.2719	0.857459	30.5	18.5
CBDDTY010002498.1	1	19885	91	8356	42.0216	0.919437	30.6	8.75
CBDDTY010002499.1	1	19885	59	10334	51.9688	0.647523	31.5	41
CBDDTY010002500.1	1	19884	143	11977	60.2344	1.586	30.1	23.7
CBDDTY010002501.1	1	19881	49	6821	34.3091	0.543836	30.4	3.76
CBDDTY010002502.1	1	19869	52	8297	41.7585	0.62439	31.1	42
CBDDTY010002503.1	1	19860	37	4791	24.1239	0.397281	31.1	24.3
CBDDTY010002504.1	1	19858	40	4770	24.0205	0.476634	30.5	1.7
CBDDTY010002505.1	1	19858	69	8022	40.3968	0.741263	30.7	16.9
CBDDTY010002506.1	1	19852	51	6003	30.2388	0.433458	32.1	31.4
CBDDTY010002507.1	1	19850	46	5530	27.8589	0.517179	31.2	11.9
CBDDTY010002508.1	1	19848	102	11115	56.0006	1.19397	31.4	27.6
CBDDTY010002509.1	1	19846	32	4553	22.9417	0.335534	31.2	7.84
CBDDTY010002510.1	1	19844	94	7897	39.7954	1.03971	31.2	7.9
CBDDTY010002511.1	1	19839	32	3649	18.3931	0.348909	31.2	7.91
CBDDTY010002512.1	1	19832	40	4602	23.2049	0.383269	30.5	3.35
CBDDTY010002513.1	1	19830	66	8924	45.0025	0.774332	31.2	12.9
CBDDTY010002514.1	1	19815	44	5368	27.0906	0.441736	29.1	8.16
CBDDTY010002515.1	1	19809	139	13082	66.0407	1.57085	31.4	35.5
CBDDTY010002516.1	1	19801	34	6390	32.2711	0.398414	31.3	17.6
CBDDTY010002517.1	1	19794	52	7482	37.7993	0.547439	31.3	20.2
CBDDTY010002518.1	1	19783	64	7241	36.6021	0.691452	32.7	14
CBDDTY010002519.1	1	19783	57	5284	26.7098	0.568417	29.5	4.28
CBDDTY010002520.1	1	19771	47	7857	39.74	0.513732	31.7	31.3
CBDDTY010002521.1	1	19756	57	8594	43.5007	0.661976	30.7	42.9
CBDDTY010002522.1	1	19729	55	6589	33.3975	0.578489	30.8	9.22
CBDDTY010002523.1	1	19726	11	2121	10.7523	0.1423	27.8	31.3
CBDDTY010002524.1	1	19720	65	8720	44.2191	0.687728	31.3	43.3
CBDDTY010002525.1	1	19715	51	5222	26.4874	0.467918	32.3	5.47
CBDDTY010002526.1	1	19714	42	4905	24.8808	0.452014	30.5	14.3
CBDDTY010002527.1	1	19697	41	4307	21.8663	0.390059	31.4	13.7
CBDDTY010002528.1	1	19688	64	9442	47.9581	0.743702	31.3	35.3
CBDDTY010002529.1	1	19677	68	9360	47.5682	0.789755	31	32
CBDDTY010002530.1	1	19673	60	9240	46.9679	0.672648	31.4	37
CBDDTY010002531.1	1	19663	46	7243	36.8357	0.515384	31.4	33.4
CBDDTY010002532.1	1	19661	71	9002	45.7861	0.718834	30.9	35.8
CBDDTY010002533.1	1	19654	75	4157	21.1509	0.756436	31.1	3.04
CBDDTY010002534.1	1	19650	82	8653	44.0356	0.897405	30.7	29.4
CBDDTY010002535.1	1	19646	86	10742	54.6778	0.974855	30.3	26
CBDDTY010002536.1	1	19606	65	8221	41.931	0.755075	30.7	16.8
CBDDTY010002537.1	1	19603	29	3877	19.7776	0.319696	32.1	31.9
CBDDTY010002538.1	1	19597	73	9703	49.5127	0.842221	30.6	40.7
CBDDTY010002539.1	1	19589	45	5335	27.2347	0.413242	29.3	7.07
CBDDTY010002540.1	1	19578	48	6163	31.4792	0.540198	31.7	22.6
CBDDTY010002541.1	1	19577	28	4471	22.838	0.305358	32.7	2.54
CBDDTY010002542.1	1	19568	38	5034	25.7257	0.450685	28.6	5.03
CBDDTY010002543.1	1	19562	337	15202	77.7119	3.81837	30.9	35.7
CBDDTY010002544.1	1	19553	38	5276	26.9831	0.417685	31.1	18.3
CBDDTY010002545.1	1	19544	47	7406	37.894	0.478254	30.8	39.3
CBDDTY010002546.1	1	19539	34	5741	29.3823	0.421669	30.6	24.9
CBDDTY010002547.1	1	19538	147	4933	25.2482	1.71169	31.6	9.09
CBDDTY010002548.1	1	19525	119	10227	52.379	1.33813	29.9	21.4
CBDDTY010002549.1	1	19500	37	5571	28.5692	0.36	30.7	39.5
CBDDTY010002550.1	1	19457	84	8053	41.3887	1.02472	30.8	30.5
CBDDTY010002551.1	1	19433	9	1108	5.70164	0.0961766	29.5	4.78
CBDDTY010002552.1	1	19431	61	6185	31.8306	0.651227	30.4	12.5
CBDDTY010002553.1	1	19425	46	7517	38.6976	0.494363	30.8	41.7
CBDDTY010002554.1	1	19403	77	7336	37.8086	0.832809	30.5	14.4
CBDDTY010002555.1	1	19401	24	4187	21.5814	0.262048	31.3	35.7
CBDDTY010002556.1	1	19392	61	9089	46.8698	0.683581	31.8	31.1
CBDDTY010002557.1	1	19380	49	6506	33.5707	0.571878	30.3	17.6
CBDDTY010002558.1	1	19370	57	8912	46.0093	0.66794	30.5	38
CBDDTY010002559.1	1	19363	52	6932	35.8002	0.58777	32.3	23
CBDDTY010002560.1	1	19342	45	5304	27.4222	0.485214	32.3	31.4
CBDDTY010002561.1	1	19330	71	8737	45.1992	0.793326	30.8	19.6
CBDDTY010002562.1	1	19300	86	10176	52.7254	0.953161	30.6	32
CBDDTY010002563.1	1	19296	77	10153	52.6171	0.891843	31	30.6
CBDDTY010002564.1	1	19290	49	7641	39.6112	0.529497	29.6	21.5
CBDDTY010002565.1	1	19255	57	8346	43.3446	0.629291	31.1	39.3
CBDDTY010002566.1	1	19253	56	9022	46.8602	0.659066	31.4	31.1
CBDDTY010002567.1	1	19247	66	6819	35.4289	0.698862	31.5	21.5
CBDDTY010002568.1	1	19245	119	9078	47.1707	1.23061	31.2	15.1
CBDDTY010002569.1	1	19237	47	7059	36.6949	0.5059	31.6	32.8
CBDDTY010002570.1	1	19228	116	7285	37.8875	1.3653	30.5	15.3
CBDDTY010002571.1	1	19225	57	8411	43.7503	0.688843	32	37.1
CBDDTY010002572.1	1	19209	89	12627	65.7348	1.03066	30.6	30.9
CBDDTY010002573.1	1	19206	66	5940	30.9278	0.694887	30.1	16.3
CBDDTY010002574.1	1	19201	218	12046	62.7363	2.49148	30.5	15.6
CBDDTY010002575.1	1	19192	105	5069	26.412	1.292	31.7	4.72
CBDDTY010002576.1	1	19184	69	8790	45.8194	0.729983	32.4	40.5
CBDDTY010002577.1	1	19166	75	10968	57.2263	0.87697	31.8	34.2
CBDDTY010002578.1	1	19151	67	7517	39.2512	0.722834	31.9	26.3
CBDDTY010002579.1	1	19151	69	9506	49.6371	0.808417	31	26.3
CBDDTY010002580.1	1	19140	5	549	2.86834	0.0334901	29.8	5.6
CBDDTY010002581.1	1	19126	80	6052	31.6428	0.87253	31	11.6
CBDDTY010002582.1	1	19124	35	5127	26.8092	0.389458	32	16.5
CBDDTY010002583.1	1	19123	62	8750	45.7564	0.649323	31.3	34
CBDDTY010002584.1	1	19109	101	12164	63.6559	1.16108	30.8	39.9
CBDDTY010002585.1	1	19103	33	5033	26.3466	0.357378	32.5	40
CBDDTY010002586.1	1	19097	39	6027	31.5599	0.443525	30.4	9.18
CBDDTY010002587.1	1	19091	50	7534	39.4636	0.542716	30.4	33.8
CBDDTY010002588.1	1	19083	64	7846	41.1151	0.691139	32	20.5
CBDDTY010002589.1	1	19076	62	8415	44.113	0.793091	30.3	23.1
CBDDTY010002590.1	1	19041	74	9961	52.3134	0.85006	30.7	19.9
CBDDTY010002591.1	1	19040	173	13810	72.5315	2.04139	30.4	39.2
CBDDTY010002592.1	1	19009	59	9241	48.6138	0.672839	30.1	41.3
CBDDTY010002593.1	1	19008	47	6733	35.4219	0.547875	30.3	27.5
CBDDTY010002594.1	1	19003	35	4248	22.3544	0.461927	29.8	18.3
CBDDTY010002595.1	1	19000	42	6417	33.7737	0.435737	31.2	21.7
CBDDTY010002596.1	1	19000	48	6265	32.9737	0.501947	30.7	12.7
CBDDTY010002597.1	1	19000	49	6243	32.8579	0.522632	29.2	7.9
CBDDTY010002598.1	1	19000	65	6537	34.4053	0.802895	30.7	21.6
CBDDTY010002599.1	1	19000	75	6489	34.1526	0.885842	30.1	21.6
CBDDTY010002600.1	1	19000	21	3631	19.1105	0.278632	34.5	48.8
CBDDTY010002601.1	1	19000	2	354	1.86316	0.0186316	28.3	30.5
CBDDTY010002602.1	1	19000	34	4304	22.6526	0.407842	29.6	18.9
CBDDTY010002603.1	1	19000	37	4210	22.1579	0.430789	29.6	19.5
CBDDTY010002604.1	1	19000	101	10785	56.7632	1.14737	31.2	26.3
CBDDTY010002605.1	1	19000	37	6442	33.9053	0.435947	30.1	20.1
CBDDTY010002606.1	1	19000	32	4264	22.4421	0.309737	31.6	27.2
CBDDTY010002607.1	1	19000	52	4628	24.3579	0.593789	31	15.7
CBDDTY010002608.1	1	19000	75	5460	28.7368	0.790211	31.1	29.4
CBDDTY010002610.1	1	19000	54	3727	19.6158	0.542263	31.7	7.26
CBDDTY010002611.1	1	19000	87	5905	31.0789	1.02879	30.6	9.38
CBDDTY010002612.1	1	19000	32	4272	22.4842	0.303895	30.8	15.1
CBDDTY010002613.1	1	19000	127	5765	30.3421	1.42	30.7	9.71
CBDDTY010002614.1	1	19000	5	654	3.44211	0.0421053	27.5	0.4
CBDDTY010002615.1	1	19000	54	8048	42.3579	0.640368	30.6	34
CBDDTY010002616.1	1	19000	69	9112	47.9579	0.810053	30.9	26.5
CBDDTY010002617.1	1	19000	7	1239	6.52105	0.0887368	31.6	1
CBDDTY010002618.1	1	19000	1	224	1.17895	0.0117895	31.5	40
CBDDTY010002619.1	1	19000	51	4567	24.0368	0.566895	32.3	4.67
CBDDTY010002620.1	1	19000	70	8649	45.5211	0.695684	31.2	14.3
CBDDTY010002621.1	1	19000	15	2395	12.6053	0.149368	33.5	11.5
CBDDTY010002622.1	1	19000	66	7902	41.5895	0.784579	30.7	2.91
CBDDTY010002624.1	1	18999	28	4716	24.8224	0.3067	29.2	28.3
CBDDTY010002625.1	1	18975	32	3219	16.9644	0.312569	30.9	9.09
CBDDTY010002626.1	1	18966	57	9899	52.1934	0.664927	32.2	43.1
CBDDTY010002627.1	1	18957	89	8579	45.2551	1.03471	30.7	25.9
CBDDTY010002628.1	1	18939	22	3276	17.2976	0.239136	31.5	27.5
CBDDTY010002629.1	1	18920	85	9343	49.3816	0.861945	31.8	34.8
CBDDTY010002630.1	1	18914	30	4755	25.1401	0.360474	31.4	8.57
CBDDTY010002631.1	1	18890	48	4230	22.3928	0.498571	30.5	8.23
CBDDTY010002632.1	1	18857	74	9354	49.6049	0.924272	30.8	27.6
CBDDTY010002633.1	1	18857	46	9100	48.2579	0.613247	32.1	47.5
CBDDTY010002634.1	1	18806	406	9541	50.7338	4.65793	31.6	10.2
CBDDTY010002635.1	1	18804	28	4169	22.1708	0.331312	29	11
CBDDTY010002636.1	1	18798	32	3448	18.3424	0.292531	30.3	6.56
CBDDTY010002637.1	1	18780	32	4100	21.8317	0.343344	32.8	8.78
CBDDTY010002638.1	1	18772	86	7093	37.785	0.892872	30.2	13.1
CBDDTY010002639.1	1	18769	39	5089	27.1139	0.405083	33.1	33.9
CBDDTY010002640.1	1	18758	42	4063	21.6601	0.41417	30.8	3.86
CBDDTY010002641.1	1	18754	60	6870	36.6322	0.683108	31.1	15
CBDDTY010002643.1	1	18720	5	1036	5.53419	0.0553419	26.1	4.2
CBDDTY010002644.1	1	18675	26	3841	20.5676	0.291084	31.2	21.2
CBDDTY010002645.1	1	18674	147	10651	57.0365	1.8424	31.6	17.2
CBDDTY010002646.1	1	18671	97	10200	54.6302	1.15077	32	33.1
CBDDTY010002647.1	1	18669	49	5577	29.8731	0.509026	30.6	7.37
CBDDTY010002648.1	1	18643	47	7568	40.5943	0.604302	32	39.2
CBDDTY010002649.1	1	18638	69	8314	44.6078	0.749329	29.9	36.6
CBDDTY010002650.1	1	18631	87	9805	52.6273	0.90081	30.3	21.8
CBDDTY010002651.1	1	18620	19	2661	14.2911	0.202148	30.6	11.6
CBDDTY010002652.1	1	18588	119	11379	61.2169	1.40537	31.1	15
CBDDTY010002653.1	1	18586	53	9728	52.3405	0.676262	31.2	43.3
CBDDTY010002654.1	1	18583	36	4519	24.3179	0.437981	31.8	4.14
CBDDTY010002655.1	1	18542	61	5469	29.4952	0.71125	31.6	36.8
CBDDTY010002656.1	1	18541	19	2227	12.0112	0.222696	30.9	5.16
CBDDTY010002657.1	1	18538	66	5925	31.9614	0.84637	30.5	12.7
CBDDTY010002658.1	1	18535	58	4912	26.5012	0.602752	28.8	13.5
CBDDTY010002659.1	1	18524	38	3848	20.7731	0.404988	31.8	4.05
CBDDTY010002660.1	1	18515	65	10022	54.1291	0.798218	31.8	42.1
CBDDTY010002661.1	1	18510	39	6642	35.8833	0.483468	32	21
CBDDTY010002662.1	1	18509	52	7161	38.6893	0.578691	31	23
CBDDTY010002663.1	1	18508	31	4429	23.9302	0.31381	33.1	23.5
CBDDTY010002664.1	1	18502	74	8081	43.6764	0.952546	31.5	8.51
CBDDTY010002665.1	1	18498	55	7768	41.9937	0.658612	31.3	41.7
CBDDTY010002666.1	1	18497	36	5197	28.0964	0.383576	31	26.2
CBDDTY010002667.1	1	18494	87	7639	41.3053	1.00768	30.9	17.7
CBDDTY010002668.1	1	18480	26	4102	22.197	0.330303	32.3	25.3
CBDDTY010002669.1	1	18467	29	4793	25.9544	0.329886	28.8	3.69
CBDDTY010002670.1	1	18436	14	1555	8.43458	0.123346	31.4	13.2
CBDDTY010002671.1	1	18435	78	6415	34.7979	0.828207	32.5	10.5
CBDDTY010002672.1	1	18434	45	6217	33.7257	0.47114	30.6	22.7
CBDDTY010002674.1	1	18422	207	8594	46.6507	2.28965	31.1	8.51
CBDDTY010002675.1	1	18420	49	6198	33.6482	0.515527	31.5	15.2
CBDDTY010002676.1	1	18417	25	3950	21.4476	0.256828	29.4	14.5
CBDDTY010002677.1	1	18410	51	8162	44.3346	0.659044	29.5	24.8
CBDDTY010002678.1	1	18395	41	6432	34.966	0.459364	31.1	38.7
CBDDTY010002679.1	1	18386	44	6731	36.6094	0.480039	32.5	38.3
CBDDTY010002680.1	1	18365	108	9357	50.9502	1.18323	32.3	17.1
CBDDTY010002681.1	1	18355	93	9365	51.0215	1.04489	31.7	21.1
CBDDTY010002682.1	1	18343	31	4626	25.2194	0.300878	31.5	18.2
CBDDTY010002683.1	1	18318	32	4900	26.7496	0.300852	28.9	25.5
CBDDTY010002684.1	1	18310	25	3454	18.864	0.273566	30.8	29.6
CBDDTY010002685.1	1	18300	77	4633	25.3169	0.874153	30.9	19.9
CBDDTY010002686.1	1	18295	41	6842	37.3982	0.491555	30.6	31
CBDDTY010002687.1	1	18294	60	6976	38.1327	0.666175	30.2	14.9
CBDDTY010002688.1	1	18267	109	6996	38.2986	1.22352	31.6	16.3
CBDDTY010002689.1	1	18263	66	9623	52.6912	0.816898	31.3	36
CBDDTY010002690.1	1	18237	57	8331	45.6819	0.741405	31.5	26
CBDDTY010002691.1	1	18228	155	13536	74.2594	1.80684	30.8	31.6
CBDDTY010002692.1	1	18222	42	5440	29.854	0.423828	32.7	15.3
CBDDTY010002693.1	1	18206	122	10458	57.4426	1.52565	30.6	38.3
CBDDTY010002694.1	1	18201	70	9428	51.7994	0.795231	30.7	34.6
CBDDTY010002695.1	1	18192	36	6105	33.5587	0.41991	30.4	40.5
CBDDTY010002696.1	1	18184	26	5310	29.2015	0.357457	31.3	28.6
CBDDTY010002697.1	1	18181	56	7344	40.3938	0.670535	30.7	24.9
CBDDTY010002699.1	1	18155	27	2471	13.6106	0.310438	31.8	5.52
CBDDTY010002700.1	1	18148	45	4728	26.0525	0.525237	31.2	25.2
CBDDTY010002701.1	1	18121	59	8029	44.3077	0.827107	31.5	45.3
CBDDTY010002702.1	1	18107	21	3694	20.4009	0.254322	30.2	39.7
CBDDTY010002703.1	1	18105	53	8682	47.9536	0.649102	30.7	41.2
CBDDTY010002704.1	1	18087	60	9304	51.4403	0.755847	31.8	46.2
CBDDTY010002705.1	1	18081	37	6262	34.633	0.431281	31.6	38.2
CBDDTY010002706.1	1	18077	49	5794	32.0518	0.577917	30.2	21.8
CBDDTY010002707.1	1	18073	11	1598	8.84192	0.103691	33.1	20.7
CBDDTY010002708.1	1	18068	101	6702	37.0932	1.15724	30.7	13
CBDDTY010002709.1	1	18054	98	11131	61.6539	1.29379	29.6	34.6
CBDDTY010002710.1	1	18032	75	12322	68.3341	1.06317	31.8	47.2
CBDDTY010002711.1	1	18004	36	5351	29.7212	0.516385	31.3	8.92
CBDDTY010002712.1	1	18002	62	7311	40.6122	0.759693	30.4	26.2
CBDDTY010002713.1	1	18000	20	2417	13.4278	0.241444	31.2	16.9
CBDDTY010002714.1	1	18000	18	2072	11.5111	0.193056	29.8	9.44
CBDDTY010002715.1	1	18000	154	14013	77.85	1.76494	30.5	29.8
CBDDTY010002716.1	1	18000	37	4108	22.8222	0.386278	32.2	4.62
CBDDTY010002717.1	1	18000	110	7246	40.2556	1.42428	31	7.85
CBDDTY010002718.1	1	18000	6	925	5.13889	0.055	29	5.5
CBDDTY010002719.1	1	18000	15	1237	6.87222	0.119333	33.1	7.8
CBDDTY010002720.1	1	18000	55	4717	26.2056	0.643111	31.5	4.65
CBDDTY010002721.1	1	18000	49	6713	37.2944	0.632889	31.6	30.8
CBDDTY010002722.1	1	18000	69	9318	51.7667	0.863444	30.7	33.1
CBDDTY010002723.1	1	18000	50	7603	42.2389	0.557556	31.4	30.6
CBDDTY010002724.1	1	18000	107	9435	52.4167	1.14167	31	15.1
CBDDTY010002725.1	1	18000	46	6275	34.8611	0.539111	30.8	30.2
CBDDTY010002726.1	1	18000	71	3632	20.1778	0.839722	30	44.8
CBDDTY010002727.1	1	18000	42	5152	28.6222	0.496278	30.2	20.1
CBDDTY010002728.1	1	18000	38	3628	20.1556	0.512056	32.6	8.34
CBDDTY010002729.1	1	18000	299	4104	22.8	1.07133	14.4	3.35
CBDDTY010002731.1	1	18000	58	6473	35.9611	0.670778	29.9	13.5
CBDDTY010002732.1	1	18000	56	7477	41.5389	0.721111	31.2	49.5
CBDDTY010002733.1	1	18000	50	6923	38.4611	0.595111	31.2	28.4
CBDDTY010002734.1	1	17999	37	4700	26.1126	0.461026	30.6	23.4
CBDDTY010002735.1	1	17990	46	6635	36.8816	0.576543	31.7	42.8
CBDDTY010002736.1	1	17988	68	7881	43.8125	0.745275	31.9	24.8
CBDDTY010002737.1	1	17986	64	6346	35.283	0.660847	31	10.1
CBDDTY010002738.1	1	17970	30	5438	30.2615	0.387479	32.6	42.5
CBDDTY010002739.1	1	17965	25	3025	16.8383	0.265127	31.3	2.88
CBDDTY010002740.1	1	17936	75	6033	33.6363	0.950268	31.2	9.12
CBDDTY010002741.1	1	17922	95	11545	64.418	1.24529	30.5	28.3
CBDDTY010002742.1	1	17917	59	8245	46.0177	0.764246	31.7	40.7
CBDDTY010002743.1	1	17901	61	5938	33.1713	0.727445	31.4	6.62
CBDDTY010002744.1	1	17899	74	7071	39.505	0.95564	30.8	22.8
CBDDTY010002745.1	1	17886	57	6289	35.1616	0.626244	30.4	22.3
CBDDTY010002746.1	1	17865	123	10891	60.9628	1.57392	31.3	33.2
CBDDTY010002747.1	1	17861	191	10087	56.475	2.47982	31.7	11.9
CBDDTY010002748.1	1	17815	55	7857	44.1033	0.669941	30.8	41.4
CBDDTY010002749.1	1	17811	67	7849	44.0683	0.759362	30.3	25.3
CBDDTY010002750.1	1	17801	120	9652	54.2217	1.34453	31.5	28.6
CBDDTY010002751.1	1	17800	111	9345	52.5	1.30213	31	21.3
CBDDTY010002752.1	1	17783	28	3777	21.2394	0.339369	32.9	36.3
CBDDTY010002753.1	1	17782	57	7634	42.9311	0.675908	31.7	38.9
CBDDTY010002754.1	1	17780	130	9887	55.6074	1.76924	31.3	21.1
CBDDTY010002755.1	1	17761	66	9059	51.005	0.814932	32.1	34.1
CBDDTY010002756.1	1	17759	72	7144	40.2275	0.974942	31.2	13.6
CBDDTY010002757.1	1	17755	53	6353	35.7815	0.629682	30.6	40.3
CBDDTY010002758.1	1	17747	68	10364	58.3986	0.873162	31.1	45.3
CBDDTY010002759.1	1	17745	72	8879	50.0366	0.895802	31.3	37.8
CBDDTY010002760.1	1	17736	52	5761	32.482	0.533999	29.9	15.3
CBDDTY010002761.1	1	17729	14	1833	10.339	0.120537	31.2	2.64
CBDDTY010002762.1	1	17723	30	3603	20.3295	0.356768	31.6	3.2
CBDDTY010002763.1	1	17717	29	3166	17.8698	0.365807	31.9	12.2
CBDDTY010002764.1	1	17710	36	4204	23.738	0.421739	30.4	4.33
CBDDTY010002765.1	1	17705	79	9853	55.6509	0.967636	31.6	26.2
CBDDTY010002766.1	1	17700	68	6412	36.226	0.887627	32.1	18.5
CBDDTY010002767.1	1	17700	108	12348	69.7627	1.20927	31.3	36.4
CBDDTY010002768.1	1	17675	37	4814	27.2362	0.40645	30.4	11.3
CBDDTY010002769.1	1	17665	66	5670	32.0974	0.796094	31.6	8.06
CBDDTY010002770.1	1	17648	79	8166	46.2715	1.01173	31.1	15
CBDDTY010002771.1	1	17627	41	4112	23.3278	0.437681	32	17.5
CBDDTY010002772.1	1	17607	62	8412	47.7765	0.723065	30.6	34.9
CBDDTY010002773.1	1	17604	35	2989	16.9791	0.415247	30.7	14.2
CBDDTY010002774.1	1	17584	20	3271	18.6021	0.219802	31	19.4
CBDDTY010002775.1	1	17580	60	6208	35.3129	0.696359	31.6	8.52
CBDDTY010002776.1	1	17551	70	9087	51.7748	0.857615	32.3	42.7
CBDDTY010002777.1	1	17535	79	9601	54.7534	0.918107	32.1	30.1
CBDDTY010002778.1	1	17514	51	4035	23.0387	0.531004	30.9	3.37
CBDDTY010002779.1	1	17507	63	6238	35.6315	0.720969	29.8	21
CBDDTY010002780.1	1	17506	234	12218	69.7932	2.96555	31	33.6
CBDDTY010002781.1	1	17498	60	6883	39.3359	0.870214	30.8	26.7
CBDDTY010002782.1	1	17464	43	4192	24.0037	0.542659	31.6	13.6
CBDDTY010002783.1	1	17454	46	7646	43.8066	0.591154	29.3	37.3
CBDDTY010002784.1	1	17451	53	7913	45.3441	0.61687	32.2	39.6
CBDDTY010002785.1	1	17448	75	8311	47.633	0.893226	31.3	24.8
CBDDTY010002786.1	1	17447	35	5181	29.6956	0.434917	29.7	23.6
CBDDTY010002787.1	1	17436	85	7568	43.4045	1.18009	31.5	10.4
CBDDTY010002788.1	1	17426	48	6072	34.8445	0.544416	31.2	33.8
CBDDTY010002789.1	1	17422	34	3758	21.5704	0.399839	30.4	22.6
CBDDTY010002790.1	1	17410	57	6619	38.0184	0.703848	29.5	36.8
CBDDTY010002791.1	1	17363	83	8884	51.1663	0.966077	30.7	21.4
CBDDTY010002792.1	1	17358	46	6052	34.8658	0.518839	30.8	24.6
CBDDTY010002793.1	1	17350	41	6498	37.4524	0.551873	31.5	44.7
CBDDTY010002794.1	1	17346	9	934	5.38453	0.100542	32.6	12.4
CBDDTY010002795.1	1	17345	39	6157	35.4973	0.515307	30	27.6
CBDDTY010002796.1	1	17326	33	2795	16.1318	0.362115	32.1	7.48
CBDDTY010002797.1	1	17325	40	5141	29.6739	0.49114	32.4	3.9
CBDDTY010002798.1	1	17303	133	7973	46.0787	1.74854	30.9	18.8
CBDDTY010002799.1	1	17280	66	8036	46.5046	0.884838	31.1	35.1
CBDDTY010002800.1	1	17280	73	4024	23.287	0.758507	31.8	0.342
CBDDTY010002801.1	1	17256	38	2869	16.6261	0.508693	30.8	12.5
CBDDTY010002802.1	1	17247	39	5495	31.8606	0.454166	29.8	19.7
CBDDTY010002803.1	1	17240	32	3994	23.1671	0.444896	31.3	1.59
CBDDTY010002804.1	1	17229	41	5645	32.7645	0.452551	30.9	17.4
CBDDTY010002805.1	1	17221	33	5228	30.3583	0.427269	32.7	18.9
CBDDTY010002806.1	1	17219	16	1733	10.0645	0.180382	29.3	7.44
CBDDTY010002807.1	1	17213	39	5442	31.6156	0.440191	32.8	3.23
CBDDTY010002808.1	1	17207	69	8513	49.4741	0.898181	31.5	27.4
CBDDTY010002809.1	1	17178	20	2646	15.4034	0.201013	30.5	5.25
CBDDTY010002810.1	1	17177	28	4707	27.4029	0.315305	30.2	28.5
CBDDTY010002811.1	1	17172	45	6066	35.3249	0.475949	31	41
CBDDTY010002812.1	1	17171	57	7597	44.2432	0.70357	30.1	21.3
CBDDTY010002813.1	1	17159	24	3696	21.5397	0.34157	29.4	1.96
CBDDTY010002814.1	1	17147	38	6795	39.6279	0.57077	31.8	33.3
CBDDTY010002815.1	1	17141	79	7096	41.3978	1.00373	31.2	20
CBDDTY010002816.1	1	17137	37	5181	30.2328	0.426212	30.2	46.1
CBDDTY010002817.1	1	17132	36	4876	28.4614	0.442097	32.3	1.11
CBDDTY010002818.1	1	17125	15	2126	12.4146	0.162219	29.8	16.4
CBDDTY010002819.1	1	17122	36	5049	29.4884	0.408714	30.6	29.2
CBDDTY010002820.1	1	17118	18	4387	25.628	0.30576	33.6	38.1
CBDDTY010002821.1	1	17112	98	8949	52.2966	1.23025	30.9	11.3
CBDDTY010002822.1	1	17109	59	7124	41.6389	0.692735	31.1	27.7
CBDDTY010002823.1	1	17101	54	4409	25.7821	0.524999	29.1	5.65
CBDDTY010002824.1	1	17086	140	9901	57.948	1.59446	30.5	21.4
CBDDTY010002825.1	1	17083	97	9619	56.3074	1.28098	31	18.8
CBDDTY010002826.1	1	17072	30	3122	18.2873	0.402062	30.7	19.1
CBDDTY010002827.1	1	17052	128	11628	68.1914	1.62292	30.3	36.1
CBDDTY010002828.1	1	17051	60	8570	50.261	0.801947	30.9	37
CBDDTY010002829.1	1	17033	71	9845	57.7996	1.08208	29.5	35.3
CBDDTY010002830.1	1	17027	86	7504	44.0712	1.13813	30.1	18.9
CBDDTY010002831.1	1	17023	67	7373	43.312	0.897844	31	23.9
CBDDTY010002832.1	1	17021	56	6915	40.6263	0.700018	31.2	31.7
CBDDTY010002833.1	1	17019	167	7804	45.8546	2.31347	31.2	17.5
CBDDTY010002834.1	1	17002	54	4842	28.479	0.666333	30.5	16
CBDDTY010002835.1	1	17000	23	4075	23.9706	0.258176	31.8	7.87
CBDDTY010002836.1	1	17000	531	12066	70.9765	7.16847	31.1	33.7
CBDDTY010002837.1	1	17000	4	665	3.91176	0.0391176	32.2	10.2
CBDDTY010002838.1	1	17000	54	7082	41.6588	0.677412	30.7	26.9
CBDDTY010002839.1	1	17000	82	7905	46.5	1.02688	32	8.37
CBDDTY010002841.1	1	17000	43	5327	31.3353	0.539882	30.8	8.09
CBDDTY010002842.1	1	17000	50	7623	44.8412	0.630706	32.7	25.5
CBDDTY010002843.1	1	17000	32	3744	22.0235	0.380706	31.9	12.5
CBDDTY010002844.1	1	17000	55	4825	28.3824	0.740471	30.5	18
CBDDTY010002845.1	1	17000	86	10512	61.8353	1.19018	30.7	35.9
CBDDTY010002846.1	1	17000	21	3432	20.1882	0.240176	32.1	18.7
CBDDTY010002847.1	1	17000	16	1805	10.6176	0.169824	32.8	14.3
CBDDTY010002848.1	1	17000	50	6994	41.1412	0.708824	31.2	38.6
CBDDTY010002849.1	1	17000	53	5637	33.1588	0.636529	30.7	14.9
CBDDTY010002850.1	1	17000	69	7721	45.4176	0.944882	30.9	4.96
CBDDTY010002851.1	1	16800	28	3419	20.3512	0.265893	30.6	4.18
CBDDTY010002852.1	1	17000	61	7314	43.0235	0.774706	31.1	26.5
CBDDTY010002853.1	1	17000	42	6888	40.5176	0.602471	32	38.2
CBDDTY010002854.1	1	17000	130	7433	43.7235	1.73971	31	6.45
CBDDTY010002855.1	1	17000	35	4151	24.4176	0.439176	29.9	12.6
CBDDTY010002856.1	1	17000	7	2235	13.1471	0.146529	32.5	0.571
CBDDTY010002857.1	1	17000	61	6047	35.5706	0.837824	30.9	9.82
CBDDTY010002858.1	1	17000	10	262	1.54118	0.0838235	32.1	8.6
CBDDTY010002859.1	1	17000	8	1181	6.94706	0.112353	30	33.6
CBDDTY010002860.1	1	17000	32	4367	25.6882	0.405294	29	3.78
CBDDTY010002861.1	1	17000	33	5413	31.8412	0.575647	25.5	20.2
CBDDTY010002862.1	1	17000	30	3006	17.6824	0.341235	31.1	9.57
CBDDTY010002863.1	1	17000	29	3878	22.8118	0.353647	30.7	9.14
CBDDTY010002864.1	1	17000	14	2284	13.4353	0.147235	33.7	7.57
CBDDTY010002865.1	1	16991	55	7403	43.5701	0.666294	29.5	27.7
CBDDTY010002866.1	1	16987	47	7271	42.8033	0.61341	32.7	28
CBDDTY010002867.1	1	16968	55	6220	36.6572	0.700554	32.8	36.1
CBDDTY010002868.1	1	16958	10	1142	6.73428	0.1144	33.4	18.4
CBDDTY010002869.1	1	16948	51	7908	46.6604	0.656538	32.5	44.7
CBDDTY010002870.1	1	16942	111	9660	57.0181	1.46954	31.5	16.2
CBDDTY010002871.1	1	16938	18	2509	14.8128	0.214134	32.3	14.6
CBDDTY010002872.1	1	16904	35	6077	35.9501	0.421084	31.3	35.7
CBDDTY010002873.1	1	16897	49	4576	27.0817	0.536959	31.4	5.88
CBDDTY010002874.1	1	16883	82	5925	35.0945	1.04727	32.1	8.07
CBDDTY010002875.1	1	16866	51	8307	49.2529	0.715226	30.1	46
CBDDTY010002876.1	1	16862	50	6157	36.5141	0.670205	31.7	21.6
CBDDTY010002877.1	1	16850	9	1356	8.04748	0.0928783	33.1	2.44
CBDDTY010002878.1	1	16849	64	6366	37.7827	0.717787	31.8	9.17
CBDDTY010002879.1	1	16832	25	4506	26.7704	0.300202	31.4	17.5
CBDDTY010002880.1	1	16821	21	2977	17.6981	0.229118	31.4	7.81
CBDDTY010002881.1	1	16812	45	4780	28.4321	0.540031	30.9	25.5
CBDDTY010002882.1	1	16795	51	6654	39.6189	0.561953	30.8	24.4
CBDDTY010002883.1	1	16786	77	8754	52.1506	1.02234	30.8	31.3
CBDDTY010002884.1	1	16782	54	8622	51.3765	0.797938	31.3	32.4
CBDDTY010002885.1	1	16764	73	5813	34.6755	0.874732	31.4	36.4
CBDDTY010002886.1	1	16760	40	4274	25.5012	0.535442	30.7	9.7
CBDDTY010002887.1	1	16730	58	7981	47.7047	0.799582	32.2	35.5
CBDDTY010002888.1	1	16724	96	9922	59.3279	1.13232	32	29
CBDDTY010002889.1	1	16707	47	7847	46.9683	0.641168	31.8	47.5
CBDDTY010002890.1	1	16705	47	5137	30.7513	0.576055	30.7	12.4
CBDDTY010002891.1	1	16699	58	7103	42.5355	0.737948	30.5	20.9
CBDDTY010002892.1	1	16683	49	5429	32.5421	0.614758	30.9	18.9
CBDDTY010002893.1	1	16666	40	6833	40.9996	0.513621	29.9	47.5
CBDDTY010002894.1	1	16658	51	7999	48.019	0.687658	30.8	32.4
CBDDTY010002895.1	1	16650	62	6075	36.4865	0.714054	31.7	12.9
CBDDTY010002896.1	1	16650	43	7169	43.0571	0.642462	30.5	33.9
CBDDTY010002897.1	1	16647	52	4796	28.81	0.583949	30.7	10.9
CBDDTY010002898.1	1	16635	39	6364	38.2567	0.556838	30.7	33.1
CBDDTY010002899.1	1	16623	14	2447	14.7206	0.173495	33.3	12.3
CBDDTY010002900.1	1	16608	35	5075	30.5576	0.445869	29.6	17.4
CBDDTY010002901.1	1	16601	54	7174	43.2143	0.650744	31.6	39.5
CBDDTY010002902.1	1	16595	16	2008	12.1	0.215426	31.8	11.2
CBDDTY010002903.1	1	16587	111	11207	67.565	1.38795	31.5	32.5
CBDDTY010002904.1	1	16574	33	4719	28.4723	0.373356	30.5	25
CBDDTY010002905.1	1	16545	66	9009	54.4515	0.893926	31.1	37.6
CBDDTY010002906.1	1	16542	80	7394	44.6983	0.934168	30.8	11.2
CBDDTY010002907.1	1	16538	60	6399	38.6927	0.793324	31	3.92
CBDDTY010002908.1	1	16532	44	6420	38.8338	0.617469	32.1	30.8
CBDDTY010002909.1	1	16522	89	5283	31.9755	1.09454	31.3	30.4
CBDDTY010002910.1	1	16519	131	8428	51.02	1.9589	30.8	10.8
CBDDTY010002911.1	1	16513	217	11395	69.0062	2.92018	31.7	25.3
CBDDTY010002912.1	1	16506	25	3734	22.6221	0.269478	32.8	31.4
CBDDTY010002913.1	1	16469	51	5925	35.9767	0.65681	33	25
CBDDTY010002914.1	1	16468	91	6815	41.3833	1.10724	31.4	1.57
CBDDTY010002915.1	1	16459	36	4741	28.8049	0.470502	31.1	17.5
CBDDTY010002916.1	1	16453	34	4334	26.3417	0.394822	30.3	7.35
CBDDTY010002917.1	1	16451	48	7026	42.7086	0.647742	31.1	37
CBDDTY010002918.1	1	16435	28	3348	20.3712	0.39282	30.1	17.8
CBDDTY010002919.1	1	16414	54	8490	51.7241	0.823931	30.2	41.3
CBDDTY010002920.1	1	16408	99	8001	48.7628	1.23537	29.8	3.67
CBDDTY010002921.1	1	16407	68	6308	38.447	0.818919	32.5	8.56
CBDDTY010002922.1	1	16395	42	5145	31.3815	0.603782	30.7	42.3
CBDDTY010002923.1	1	16391	48	6851	41.7973	0.641877	31.4	28.8
CBDDTY010002924.1	1	16384	35	3524	21.5088	0.400696	29.9	7.29
CBDDTY010002925.1	1	16383	35	4204	25.6607	0.459623	30.8	22.1
CBDDTY010002926.1	1	16380	24	3440	21.0012	0.249878	33.5	17.9
CBDDTY010002927.1	1	16377	56	8581	52.3967	0.813519	31.4	36.3
CBDDTY010002928.1	1	16360	35	4191	25.6174	0.433985	30.8	17.5
CBDDTY010002929.1	1	16359	37	5104	31.2	0.474112	31.8	26.4
CBDDTY010002930.1	1	16358	87	10976	67.0987	1.22362	30.6	35.9
CBDDTY010002931.1	1	16353	46	6222	38.0481	0.603865	30.3	41.5
CBDDTY010002932.1	1	16353	115	10540	64.453	1.81563	31.1	27
CBDDTY010002933.1	1	16342	29	3779	23.1245	0.402399	32.6	31.5
CBDDTY010002934.1	1	16341	49	7134	43.6571	0.685943	31.2	36.2
CBDDTY010002935.1	1	16339	69	7996	48.9381	0.881694	30.7	31.9
CBDDTY010002936.1	1	16329	34	5017	30.7245	0.406332	31	9.47
CBDDTY010002937.1	1	16318	54	7599	46.5682	0.683662	31.5	32.8
CBDDTY010002938.1	1	16315	49	5601	34.3304	0.571744	30.4	46.4
CBDDTY010002939.1	1	16304	39	5575	34.1941	0.594455	32.9	20.1
CBDDTY010002940.1	1	16296	51	6659	40.8628	0.644269	30.9	13.8
CBDDTY010002941.1	1	16282	29	5719	35.1247	0.39037	31.4	41.7
CBDDTY010002942.1	1	16279	42	7249	44.5298	0.60231	30.6	42.6
CBDDTY010002943.1	1	16248	39	7246	44.5963	0.561608	30.4	39.2
CBDDTY010002944.1	1	16245	52	5896	36.2942	0.651831	30.4	6.44
CBDDTY010002945.1	1	16243	45	6460	39.771	0.67032	30.8	15.7
CBDDTY010002946.1	1	16243	61	6088	37.4808	0.705658	30.9	9.33
CBDDTY010002947.1	1	16230	125	8402	51.7683	1.77696	29.6	9.93
CBDDTY010002948.1	1	16221	55	6909	42.5929	0.714259	30.3	35.5
CBDDTY010002949.1	1	16201	45	6205	38.3001	0.648417	31.3	39.1
CBDDTY010002950.1	1	16199	68	7417	45.7868	0.837706	29.5	18.7
CBDDTY010002951.1	1	16177	94	10257	63.4048	1.12691	32	30.2
CBDDTY010002952.1	1	16176	32	2872	17.7547	0.437129	29.2	8.38
CBDDTY010002953.1	1	16160	55	7896	48.8614	0.758354	31.8	34.3
CBDDTY010002954.1	1	16148	11	2355	14.5838	0.148378	31.8	13.5
CBDDTY010002955.1	1	16119	39	5157	31.9933	0.5563	31.7	36.1
CBDDTY010002956.1	1	16086	52	6048	37.5979	0.634092	31.9	26.7
CBDDTY010002957.1	1	16084	43	6972	43.3474	0.663765	32.7	48.2
CBDDTY010002958.1	1	16078	37	5141	31.9754	0.497015	32.3	27
CBDDTY010002959.1	1	16074	32	3707	23.0621	0.363942	30.8	10.6
CBDDTY010002960.1	1	16069	40	4142	25.7763	0.562076	29.5	8.15
CBDDTY010002961.1	1	16061	66	8207	51.0989	1.01824	31.1	31.3
CBDDTY010002962.1	1	16057	32	4494	27.9878	0.38519	29	10.9
CBDDTY010002963.1	1	16046	35	4938	30.774	0.457933	30.6	20.6
CBDDTY010002964.1	1	16040	153	10066	62.7556	2.04171	30.9	16.8
CBDDTY010002965.1	1	16012	20	2266	14.1519	0.247752	30.2	16.5
CBDDTY010002966.1	1	16011	53	6740	42.0961	0.599525	31.2	19.7
CBDDTY010002967.1	1	16000	10	893	5.58125	0.0861875	32.1	5.9
CBDDTY010002968.1	1	16000	37	4689	29.3062	0.486938	31.6	7.76
CBDDTY010002970.1	1	16000	24	3259	20.3687	0.335688	29.9	21.8
CBDDTY010002971.1	1	16000	43	4365	27.2812	0.617687	31.4	38.9
CBDDTY010002972.1	1	16000	71	7315	45.7188	0.997375	29.8	19
CBDDTY010002973.1	1	16000	17	2500	15.625	0.246438	31.7	16.7
CBDDTY010002974.1	1	16000	29	2287	14.2937	0.328625	30.4	8.38
CBDDTY010002975.1	1	16000	29	5475	34.2188	0.399813	30.9	43.1
CBDDTY010002976.1	1	16000	84	10328	64.55	1.18431	30.8	39.2
CBDDTY010002977.1	1	16000	15	1209	7.55625	0.197125	31.4	1.73
CBDDTY010002978.1	1	16000	10	954	5.9625	0.113812	29.7	20.4
CBDDTY010002979.1	1	16000	89	5553	34.7062	1.1705	31.8	9.58
CBDDTY010002980.1	1	16000	64	6890	43.0625	0.81075	31.5	4
CBDDTY010002981.1	1	16000	15	2093	13.0813	0.260313	28.1	35.9
CBDDTY010002982.1	1	16000	31	4246	26.5375	0.420938	30.1	25.5
CBDDTY010002983.1	1	16000	27	4081	25.5063	0.403062	30.7	11.7
CBDDTY010002984.1	1	16000	26	3637	22.7312	0.276562	31.9	23.7
CBDDTY010002985.1	1	16000	33	5468	34.175	0.53925	30.1	46.8
CBDDTY010002986.1	1	16000	51	5680	35.5	0.660375	30.8	10.7
CBDDTY010002987.1	1	16000	60	8776	54.85	0.921188	30.7	36
CBDDTY010002988.1	1	16000	54	6955	43.4688	0.635875	31.8	35.2
CBDDTY010002989.1	1	16000	22	2858	17.8625	0.249	30.5	8.05
CBDDTY010002990.1	1	16000	47	6870	42.9375	0.609375	31.1	26.7
CBDDTY010002991.1	1	16000	20	3409	21.3062	0.289	31.3	6.7
CBDDTY010002992.1	1	16000	31	4240	26.5	0.374188	32	31.6
CBDDTY010002993.1	1	15997	93	5163	32.2748	1.26843	31.2	6.25
CBDDTY010002994.1	1	15974	49	6643	41.5863	0.653374	31.9	35.3
CBDDTY010002995.1	1	15969	54	6772	42.4072	0.646816	32.1	38.8
CBDDTY010002996.1	1	15967	65	7461	46.7276	0.901735	30.8	28.5
CBDDTY010002997.1	1	15962	33	4116	25.7862	0.421125	30	19.6
CBDDTY010002998.1	1	15957	46	6002	37.6136	0.708905	32.2	12.2
CBDDTY010002999.1	1	15952	31	4523	28.3538	0.475677	31.2	4.52
CBDDTY010003000.1	1	15948	36	6553	41.0898	0.525082	31.2	44.1
CBDDTY010003001.1	1	15947	61	8581	53.8095	0.792939	32.2	40.3
CBDDTY010003002.1	1	15902	79	8453	53.1568	1.03408	31	23
CBDDTY010003003.1	1	15897	61	2546	16.0156	0.78713	31.8	8.8
CBDDTY010003004.1	1	15886	55	6574	41.3823	0.69961	31.9	38.6
CBDDTY010003005.1	1	15878	41	5555	34.9855	0.662048	29.7	44
CBDDTY010003006.1	1	15875	93	6552	41.2724	1.35118	30.7	28.3
CBDDTY010003007.1	1	15867	18	2306	14.5333	0.196319	30.8	15.8
CBDDTY010003008.1	1	15849	28	4053	25.5726	0.382737	28.6	8.04
CBDDTY010003009.1	1	15847	39	4666	29.4441	0.472518	32	10.5
CBDDTY010003010.1	1	15834	36	3871	24.4474	0.405141	30.4	0.833
CBDDTY010003011.1	1	15826	50	7060	44.6101	0.680526	31.2	41.8
CBDDTY010003012.1	1	15825	53	7100	44.8657	0.656367	30.4	27.6
CBDDTY010003013.1	1	15823	50	7489	47.3298	0.744739	31.4	39.6
CBDDTY010003014.1	1	15795	37	4891	30.9655	0.463944	31.7	28.8
CBDDTY010003015.1	1	15786	122	10713	67.8639	1.73058	30.4	19.5
CBDDTY010003016.1	1	15734	39	5518	35.0705	0.527012	31.1	30.5
CBDDTY010003017.1	1	15720	37	4926	31.3359	0.506043	32.4	16.6
CBDDTY010003018.1	1	15717	87	9442	60.0751	1.22587	30.7	21.6
CBDDTY010003019.1	1	15715	32	3859	24.5562	0.379765	31.6	28.1
CBDDTY010003020.1	1	15703	66	9856	62.7651	0.996306	31	22
CBDDTY010003021.1	1	15694	89	9604	61.1954	1.24927	30.2	28.9
CBDDTY010003022.1	1	15682	42	7120	45.4024	0.570846	29.9	49
CBDDTY010003023.1	1	15681	80	10385	66.2266	1.15624	30.8	29.8
CBDDTY010003024.1	1	15664	58	7114	45.4162	0.857763	31.3	10.3
CBDDTY010003025.1	1	15644	34	5102	32.6131	0.466313	31.2	31.3
CBDDTY010003026.1	1	15642	26	3123	19.9655	0.339471	32.5	14.7
CBDDTY010003027.1	1	15634	50	7918	50.646	0.752974	31.7	30.4
CBDDTY010003028.1	1	15631	70	7684	49.1587	0.935513	31.3	22.6
CBDDTY010003029.1	1	15601	41	5817	37.2861	0.505865	30.6	18.4
CBDDTY010003030.1	1	15597	46	5804	37.2123	0.6248	31.3	43.4
CBDDTY010003031.1	1	15594	52	7925	50.8208	0.750545	31.1	25.3
CBDDTY010003032.1	1	15574	46	6678	42.8792	0.63651	31.5	34.5
CBDDTY010003033.1	1	15555	51	7135	45.8695	0.663581	30.8	30.4
CBDDTY010003034.1	1	15554	56	7627	49.0356	0.818696	30.4	33
CBDDTY010003035.1	1	15553	50	5983	38.4685	0.687842	30.9	3.3
CBDDTY010003036.1	1	15532	62	7842	50.4893	0.877157	30.3	42.7
CBDDTY010003037.1	1	15530	32	5571	35.8725	0.542112	30.6	40.9
CBDDTY010003039.1	1	15523	89	8115	52.2773	1.23153	31.2	19.8
CBDDTY010003040.1	1	15522	46	6190	39.8789	0.564103	31.5	23.6
CBDDTY010003041.1	1	15520	49	6387	41.1534	0.812436	30.9	27.4
CBDDTY010003042.1	1	15507	23	3787	24.4212	0.305862	32.1	29.5
CBDDTY010003043.1	1	15507	66	7142	46.0566	0.844393	30.8	34.4
CBDDTY010003044.1	1	15503	51	6013	38.786	0.620203	31.3	16.7
CBDDTY010003045.1	1	15494	41	5345	34.4972	0.558281	30.5	9.2
CBDDTY010003046.1	1	15493	20	2435	15.7168	0.257536	32.1	7.75
CBDDTY010003047.1	1	15488	92	9020	58.2386	1.23373	31.1	21.1
CBDDTY010003048.1	1	15450	45	6619	42.8414	0.597152	31.1	44.2
CBDDTY010003049.1	1	15445	26	3792	24.5516	0.393137	30.4	12.6
CBDDTY010003050.1	1	15445	20	2372	15.3577	0.209259	30.2	4.2
CBDDTY010003051.1	1	15444	30	2323	15.0414	0.30044	31.4	5.2
CBDDTY010003052.1	1	15438	67	7235	46.8649	0.889753	31.2	24.5
CBDDTY010003053.1	1	15412	57	6221	40.3647	0.670257	31.2	27.2
CBDDTY010003054.1	1	15411	14	2312	15.0023	0.206151	34.5	5.36
CBDDTY010003055.1	1	15409	19	3436	22.2987	0.268285	31.2	25.7
CBDDTY010003056.1	1	15407	42	4393	28.513	0.61485	30.9	19.7
CBDDTY010003057.1	1	15404	98	10120	65.6972	1.33199	31	25.5
CBDDTY010003058.1	1	15401	40	5794	37.6209	0.566197	31.9	34.8
CBDDTY010003059.1	1	15388	55	6116	39.7453	0.655056	31.2	7.8
CBDDTY010003060.1	1	15365	35	5791	37.6896	0.5137	31.5	17.2
CBDDTY010003061.1	1	15359	33	3917	25.503	0.529722	31	19.2
CBDDTY010003063.1	1	15353	19	2909	18.9474	0.208103	30.4	6.42
CBDDTY010003064.1	1	15347	117	7214	47.0059	1.67622	31.9	17.4
CBDDTY010003065.1	1	15343	55	8438	54.9958	0.840123	30.7	49.2
CBDDTY010003066.1	1	15343	47	6914	45.0629	0.676726	32	39.9
CBDDTY010003067.1	1	15337	50	6974	45.4717	0.787768	30.2	41.1
CBDDTY010003068.1	1	15331	53	5634	36.7491	0.800861	31	16.5
CBDDTY010003069.1	1	15324	56	5174	33.764	0.687353	30.3	15.6
CBDDTY010003070.1	1	15324	27	3272	21.3521	0.282041	30.9	14.1
CBDDTY010003071.1	1	15312	47	4283	27.9715	0.680839	28.9	13.7
CBDDTY010003072.1	1	15306	56	8234	53.7959	0.774337	30.9	39.2
CBDDTY010003073.1	1	15290	52	7403	48.4173	0.771092	31.3	26.1
CBDDTY010003074.1	1	15284	14	2417	15.8139	0.200209	31.9	19.8
CBDDTY010003075.1	1	15250	34	6412	42.0459	0.518426	31.6	44.9
CBDDTY010003076.1	1	15235	56	5534	36.3243	0.735674	31.9	16.5
CBDDTY010003077.1	1	15231	59	8428	55.3345	0.858315	32.1	27.6
CBDDTY010003078.1	1	15225	18	1954	12.8342	0.256026	30	5.22
CBDDTY010003079.1	1	15223	208	13067	85.8372	3.11167	31.7	31.8
CBDDTY010003080.1	1	15212	53	6988	45.9374	0.710032	29.8	27.1
CBDDTY010003081.1	1	15211	28	4778	31.4115	0.443758	30.9	31.5
CBDDTY010003082.1	1	15208	19	2968	19.516	0.282417	32.5	22.4
CBDDTY010003083.1	1	15207	39	3804	25.0148	0.591635	31.5	20.2
CBDDTY010003084.1	1	15206	68	7392	48.6124	0.952453	30.7	25.4
CBDDTY010003085.1	1	15206	41	5899	38.7939	0.600552	33.3	31
CBDDTY010003086.1	1	15194	47	7921	52.1324	0.729235	31.8	42.6
CBDDTY010003087.1	1	15181	58	6596	43.449	0.734734	30.3	32.5
CBDDTY010003088.1	1	15137	51	5507	36.3811	0.72042	33.2	20
CBDDTY010003089.1	1	15136	51	6859	45.3158	0.67356	30.7	24.8
CBDDTY010003090.1	1	15132	67	9663	63.858	1.0074	30.3	45.2
CBDDTY010003091.1	1	15116	31	3064	20.2699	0.38575	31.4	6.9
CBDDTY010003092.1	1	15062	116	9729	64.593	1.74479	30.4	27.1
CBDDTY010003093.1	1	15041	27	3453	22.9573	0.375175	32.7	0.185
CBDDTY010003094.1	1	15039	37	5643	37.5224	0.450894	33.4	35.9
CBDDTY010003095.1	1	15037	48	6406	42.6016	0.745361	31.1	28.8
CBDDTY010003096.1	1	15022	27	3156	21.0092	0.33624	29.7	14.8
CBDDTY010003097.1	1	15016	128	7618	50.7326	1.96084	30.4	2.81
CBDDTY010003098.1	1	15014	43	5202	34.6477	0.633808	31.1	4.51
CBDDTY010003099.1	1	15000	34	5351	35.6733	0.513733	30.7	23.5
CBDDTY010003100.1	1	15000	38	4485	29.9	0.471267	30.7	1.26
CBDDTY010003101.1	1	15000	27	5086	33.9067	0.417467	32.2	24.9
CBDDTY010003102.1	1	15000	2	673	4.48667	0.0448667	31.7	30.5
CBDDTY010003103.1	1	15000	29	3675	24.5	0.555667	32.4	1.86
CBDDTY010003104.1	1	15000	16	3407	22.7133	0.276667	28.6	33.5
CBDDTY010003105.1	1	15000	62	6759	45.06	0.849	30.7	2.52
CBDDTY010003106.1	1	15000	51	8359	55.7267	0.892333	31.8	17.2
CBDDTY010003107.1	1	15000	69	8183	54.5533	0.885467	30.9	32.8
CBDDTY010003108.1	1	14800	70	3473	23.4662	1.11223	29.6	10.3
CBDDTY010003109.1	1	15000	31	4115	27.4333	0.4238	28.7	4.97
CBDDTY010003110.1	1	15000	15	3149	20.9933	0.2274	31.3	21.1
CBDDTY010003111.1	1	15000	18	2588	17.2533	0.277333	32.6	8.61
CBDDTY010003112.1	1	15000	38	5531	36.8733	0.529533	32.5	35.1
CBDDTY010003113.1	1	15000	36	5562	37.08	0.556533	32.1	24.2
CBDDTY010003114.1	1	15000	7	433	2.88667	0.0817333	27.3	2.86
CBDDTY010003115.1	1	15000	58	5388	35.92	0.717067	31.1	6.62
CBDDTY010003116.1	1	15000	47	6168	41.12	0.6914	30.6	31.8
CBDDTY010003117.1	1	15000	3	527	3.51333	0.0496667	27.7	29.3
CBDDTY010003118.1	1	15000	9	1062	7.08	0.087	30.5	3.56
CBDDTY010003119.1	1	15000	69	6530	43.5333	1.27373	31.7	19.5
CBDDTY010003120.1	1	15000	48	5868	39.12	0.639933	31.2	28.8
CBDDTY010003121.1	1	15000	48	3923	26.1533	0.6688	31	14.2
CBDDTY010003122.1	1	14987	62	8730	58.2505	1.01108	31.3	49.6
CBDDTY010003123.1	1	14980	33	4848	32.3632	0.474099	32	25.5
CBDDTY010003124.1	1	14957	32	4197	28.0604	0.485793	31.6	27.7
CBDDTY010003125.1	1	14953	38	5092	34.0534	0.610513	31.8	42
CBDDTY010003126.1	1	14940	88	5699	38.1459	1.3415	31.4	35.5
CBDDTY010003127.1	1	14912	69	5798	38.8814	0.980486	32.3	12.5
CBDDTY010003128.1	1	14898	40	4887	32.8031	0.686938	30.3	7.17
CBDDTY010003129.1	1	14895	30	2877	19.3152	0.402148	32	7.8
CBDDTY010003130.1	1	14890	41	5102	34.2646	0.588381	30.9	26.4
CBDDTY010003131.1	1	14887	270	13555	91.0526	3.96339	31.2	35.8
CBDDTY010003132.1	1	14882	53	8536	57.3579	0.79445	31.5	35.9
CBDDTY010003133.1	1	14871	33	3313	22.2783	0.35344	33.2	3.09
CBDDTY010003134.1	1	14870	57	8040	54.0686	0.817552	31	31.9
CBDDTY010003135.1	1	14853	119	11568	77.8833	1.8877	31.3	45.7
CBDDTY010003136.1	1	14844	43	6334	42.6704	0.654608	31.8	34.3
CBDDTY010003137.1	1	14837	52	7106	47.8938	0.744895	31	34.1
CBDDTY010003138.1	1	14833	50	5794	39.0616	0.677139	31.5	32.4
CBDDTY010003139.1	1	14830	64	7388	49.8179	0.839717	31.2	22.3
CBDDTY010003140.1	1	14798	48	6898	46.6144	0.75963	32	44
CBDDTY010003141.1	1	14795	33	5356	36.2014	0.528422	31.9	42.1
CBDDTY010003142.1	1	14794	53	6315	42.6862	0.789104	31.9	12.9
CBDDTY010003143.1	1	14780	66	7941	53.728	1.00589	31.2	26.2
CBDDTY010003144.1	1	14777	160	4714	31.9009	2.46918	31.8	7.61
CBDDTY010003145.1	1	14776	10	1933	13.082	0.141919	30.6	12.7
CBDDTY010003146.1	1	14758	23	3701	25.0779	0.328771	29.3	14.1
CBDDTY010003147.1	1	14753	50	7255	49.1764	0.771301	31.6	35.2
CBDDTY010003148.1	1	14744	28	4802	32.5692	0.423223	30.3	19.2
CBDDTY010003149.1	1	14715	45	7303	49.6296	0.767516	30.3	41.4
CBDDTY010003150.1	1	14705	151	7911	53.798	2.13016	31.6	7.87
CBDDTY010003151.1	1	14695	25	3418	23.2596	0.307043	32.7	17.7
CBDDTY010003152.1	1	14691	30	3872	26.3563	0.396297	30.1	26.2
CBDDTY010003153.1	1	14690	40	5508	37.4949	0.576106	31.3	28.6
CBDDTY010003154.1	1	14668	36	3382	23.057	0.520657	30.7	15.1
CBDDTY010003155.1	1	14656	28	4354	29.708	0.425491	31	33.4
CBDDTY010003156.1	1	14647	43	6412	43.7769	0.634191	30.6	42.3
CBDDTY010003157.1	1	14637	33	5057	34.5494	0.511717	31.8	38.2
CBDDTY010003158.1	1	14622	43	7265	49.6854	0.724046	31.5	49.4
CBDDTY010003159.1	1	14620	10	1050	7.18194	0.10041	27.7	2.9
CBDDTY010003160.1	1	14620	60	3434	23.4884	0.897674	32	4.08
CBDDTY010003161.1	1	14619	21	2315	15.8356	0.290239	30.4	12.6
CBDDTY010003162.1	1	14614	56	7756	53.0724	0.882236	30.9	35.6
CBDDTY010003163.1	1	14600	43	5766	39.4932	0.583082	31.7	40.2
CBDDTY010003164.1	1	14594	63	6412	43.9359	0.942031	30.6	22.4
CBDDTY010003165.1	1	14591	31	5969	40.9088	0.483312	30.8	36.1
CBDDTY010003166.1	1	14587	48	5796	39.734	0.734558	30.4	37.7
CBDDTY010003167.1	1	14585	49	7147	49.0024	0.744669	31.6	45.8
CBDDTY010003168.1	1	14585	76	9193	63.0305	1.26568	30.2	30.9
CBDDTY010003169.1	1	14578	10	1130	7.75141	0.12807	29.5	19.1
CBDDTY010003170.1	1	14578	66	5901	40.4788	0.934079	31.7	5.56
CBDDTY010003171.1	1	14571	21	2136	14.6593	0.245899	31.6	1.67
CBDDTY010003172.1	1	14562	41	6035	41.4435	0.551641	31.5	39.1
CBDDTY010003173.1	1	14557	37	4686	32.1907	0.484303	30.7	16.5
CBDDTY010003174.1	1	14550	19	2549	17.5189	0.227698	29.9	9.05
CBDDTY010003175.1	1	14548	40	3262	22.4223	0.558977	31.2	3.52
CBDDTY010003176.1	1	14541	38	4913	33.7872	0.634138	31	2.24
CBDDTY010003177.1	1	14528	206	9978	68.6812	2.81897	29.9	11.9
CBDDTY010003178.1	1	14506	42	3918	27.0095	0.552461	31.2	15.2
CBDDTY010003179.1	1	14470	29	3568	24.6579	0.398894	30.4	14.2
CBDDTY010003180.1	1	14455	64	8709	60.249	0.993428	32.4	31.4
CBDDTY010003181.1	1	14452	35	5090	35.22	0.549543	30.4	4.2
CBDDTY010003182.1	1	14450	55	7459	51.6194	0.939377	31.3	27.2
CBDDTY010003183.1	1	14450	17	1764	12.2076	0.204913	29.6	5.29
CBDDTY010003184.1	1	14437	42	6680	46.27	0.623952	30.5	43.8
CBDDTY010003185.1	1	14415	44	6464	44.8422	0.631426	31.7	40.7
CBDDTY010003186.1	1	14370	47	7353	51.1691	0.688866	30.4	16.7
CBDDTY010003187.1	1	14351	11	977	6.80789	0.117901	32.8	2.09
CBDDTY010003188.1	1	14350	19	2916	20.3206	0.292962	31	11.2
CBDDTY010003189.1	1	14346	27	3486	24.2995	0.353687	31.2	7
CBDDTY010003190.1	1	14343	50	6436	44.8721	0.703897	30.7	33.2
CBDDTY010003191.1	1	14302	37	2919	20.4097	0.481961	28.7	16.4
CBDDTY010003192.1	1	14287	75	8606	60.2366	1.19759	31.8	32
CBDDTY010003193.1	1	14272	29	4791	33.5692	0.467209	28.3	18.8
CBDDTY010003194.1	1	14271	12	1636	11.4638	0.134398	29.3	6.33
CBDDTY010003195.1	1	14266	24	3796	26.6087	0.339128	30.9	8.38
CBDDTY010003196.1	1	14261	42	6520	45.7191	0.665381	30.6	44.3
CBDDTY010003197.1	1	14242	73	4840	33.984	1.1379	31.2	7.79
CBDDTY010003198.1	1	14230	41	3120	21.9255	0.547154	31	5.68
CBDDTY010003199.1	1	14221	21	2172	15.2732	0.207932	30.5	6.05
CBDDTY010003200.1	1	14164	35	4834	34.1288	0.565659	28.6	29.1
CBDDTY010003201.1	1	14142	48	4607	32.5767	0.773936	32.2	4.67
CBDDTY010003202.1	1	14129	24	2976	21.0631	0.331729	32.3	22.4
CBDDTY010003203.1	1	14119	44	6891	48.8066	0.663716	30.9	41.4
CBDDTY010003204.1	1	14115	36	3287	23.2873	0.463408	31.5	1.67
CBDDTY010003205.1	1	14072	25	4038	28.6953	0.348351	29.8	17.9
CBDDTY010003206.1	1	14036	35	6512	46.395	0.624679	31.8	49.1
CBDDTY010003207.1	1	14035	30	4682	33.3595	0.480656	31.7	43.6
CBDDTY010003208.1	1	14030	56	7009	49.9572	0.913899	29.9	26.6
CBDDTY010003209.1	1	14024	14	2068	14.7461	0.171492	30.8	31.7
CBDDTY010003210.1	1	14000	37	5256	37.5429	0.646571	28.5	10.1
CBDDTY010003211.1	1	14000	65	5900	42.1429	0.957429	32.7	5.68
CBDDTY010003212.1	1	14000	25	3475	24.8214	0.393929	30.2	5.24
CBDDTY010003213.1	1	14000	28	3870	27.6429	0.436143	31.9	5.89
CBDDTY010003214.1	1	14000	238	9966	71.1857	3.77929	31	12.5
CBDDTY010003215.1	1	14000	13	2328	16.6286	0.216286	31.1	15.7
CBDDTY010003216.1	1	14000	11	2211	15.7929	0.157929	30.9	8.18
CBDDTY010003217.1	1	14000	40	2647	18.9071	0.546571	32.6	0.2
CBDDTY010003218.1	1	14000	28	2983	21.3071	0.417571	30.8	2.18
CBDDTY010003219.1	1	14000	18	2586	18.4714	0.209714	30	16.6
CBDDTY010003220.1	1	14000	83	5284	37.7429	1.26964	30.2	4.8
CBDDTY010003221.1	1	14000	50	6868	49.0571	0.964071	30	8.02
CBDDTY010003222.1	1	14000	80	6852	48.9429	1.31236	32.2	32.5
CBDDTY010003223.1	1	14000	9	1106	7.9	0.109714	29.9	0.444
CBDDTY010003224.1	1	14000	6	480	3.42857	0.0651429	32	0.667
CBDDTY010003225.1	1	14000	35	3837	27.4071	0.462	30.6	13.4
CBDDTY010003226.1	1	14000	49	4430	31.6429	0.5525	30.8	8.84
CBDDTY010003227.1	1	14000	135	7026	50.1857	1.94421	33	13.8
CBDDTY010003228.1	1	14000	32	2630	18.7857	0.446429	30.1	9.47
CBDDTY010003229.1	1	14000	46	6768	48.3429	0.707714	29.9	35.1
CBDDTY010003230.1	1	14000	22	2885	20.6071	0.321286	31.2	13.4
CBDDTY010003231.1	1	14000	26	4477	31.9786	0.396571	31.7	26.3
CBDDTY010003232.1	1	14000	12	1996	14.2571	0.172357	32	50.7
CBDDTY010003233.1	1	14000	10	1726	12.3286	0.1295	32.1	17.7
CBDDTY010003234.1	1	13998	27	3857	27.5539	0.386055	31.9	13.4
CBDDTY010003235.1	1	13987	87	7058	50.4611	1.20283	30.8	19
CBDDTY010003236.1	1	13986	46	5594	39.9971	0.658087	29.9	27.3
CBDDTY010003237.1	1	13979	74	9251	66.1778	1.17369	30.8	34.6
CBDDTY010003238.1	1	13970	25	4047	28.9692	0.486256	30.3	28.6
CBDDTY010003239.1	1	13967	107	8769	62.7837	1.65705	31.3	25.9
CBDDTY010003240.1	1	13962	65	8800	63.0282	1.04863	30.7	32.5
CBDDTY010003241.1	1	13931	35	5542	39.7818	0.517264	31.9	17.7
CBDDTY010003242.1	1	13930	29	3302	23.7042	0.382556	31.2	5.14
CBDDTY010003243.1	1	13924	43	1964	14.1051	0.646869	30.7	3.16
CBDDTY010003244.1	1	13913	29	5258	37.792	0.504348	31.5	33.3
CBDDTY010003245.1	1	13897	22	3031	21.8105	0.365331	29.5	16.9
CBDDTY010003246.1	1	13896	49	7505	54.0083	0.758995	31.4	46.6
CBDDTY010003247.1	1	13861	132	9883	71.3008	2.18664	29	12.4
CBDDTY010003248.1	1	13842	20	3361	24.2812	0.279728	32	28.1
CBDDTY010003249.1	1	13836	41	6544	47.2969	0.657777	28.9	36
CBDDTY010003250.1	1	13828	20	3378	24.4287	0.347339	28.8	3.3
CBDDTY010003251.1	1	13817	33	5147	37.2512	0.587827	32.2	36.5
CBDDTY010003252.1	1	13814	33	2632	19.0531	0.568481	30.9	17.3
CBDDTY010003253.1	1	13795	42	5754	41.7108	0.65299	31.2	48.8
CBDDTY010003254.1	1	13791	81	7855	56.9574	1.16946	30.4	34.1
CBDDTY010003255.1	1	13781	27	3694	26.805	0.397214	29.6	4.37
CBDDTY010003256.1	1	13755	19	2366	17.201	0.267975	30.7	8.74
CBDDTY010003257.1	1	13741	20	2372	17.2622	0.303326	31.1	8.45
CBDDTY010003258.1	1	13738	9	1237	9.00422	0.105474	32.3	2.11
CBDDTY010003259.1	1	13738	101	6938	50.5023	1.36177	30.8	18.9
CBDDTY010003260.1	1	13703	48	6285	45.8659	0.756477	30.6	24.4
CBDDTY010003261.1	1	13683	34	2767	20.2222	0.502156	29.5	4.29
CBDDTY010003262.1	1	13672	33	4357	31.8681	0.479154	29.9	13.4
CBDDTY010003263.1	1	13665	86	8661	63.3809	1.53048	30.9	35.8
CBDDTY010003264.1	1	13641	86	7888	57.8257	1.26904	32	24.4
CBDDTY010003265.1	1	13631	37	6373	46.7537	0.64522	30.2	31.6
CBDDTY010003266.1	1	13622	47	5617	41.2348	0.767729	30.7	9.02
CBDDTY010003267.1	1	13600	25	2886	21.2206	0.338162	31.3	4.48
CBDDTY010003268.1	1	13597	31	4126	30.3449	0.467677	30.1	37.6
CBDDTY010003269.1	1	13596	42	5460	40.1589	0.678361	30.4	27.6
CBDDTY010003270.1	1	13587	29	2670	19.6511	0.428056	30.8	3.62
CBDDTY010003271.1	1	13574	115	7662	56.4461	1.76617	31.5	18.6
CBDDTY010003272.1	1	13569	50	7103	52.3473	0.878105	32.3	41.6
CBDDTY010003273.1	1	13555	28	3568	26.3224	0.422353	30.2	6.25
CBDDTY010003274.1	1	13533	65	6665	49.25	1.16833	31.4	31.8
CBDDTY010003275.1	1	13524	102	8020	59.302	1.63465	30.6	16.5
CBDDTY010003276.1	1	13513	42	5270	38.9995	0.739214	31.3	16.2
CBDDTY010003277.1	1	13511	60	7896	58.4413	1.01665	32.6	29
CBDDTY010003278.1	1	13507	31	4084	30.2362	0.465833	32.4	6.1
CBDDTY010003279.1	1	13494	47	5008	37.1128	0.711798	31.7	16
CBDDTY010003280.1	1	13492	40	5010	37.1331	0.66306	30.7	26.2
CBDDTY010003281.1	1	13479	47	3368	24.987	0.686327	33.2	7.79
CBDDTY010003282.1	1	13457	40	4567	33.9377	0.686037	31.1	9.15
CBDDTY010003283.1	1	13448	40	5180	38.5187	0.639277	30.6	21.6
CBDDTY010003284.1	1	13439	20	3416	25.4186	0.346826	30.4	21.2
CBDDTY010003285.1	1	13418	29	4106	30.6007	0.502907	31.4	21.8
CBDDTY010003286.1	1	13417	34	5005	37.3034	0.529254	32.9	26.8
CBDDTY010003287.1	1	13416	80	8198	61.1061	1.32267	31.1	28.1
CBDDTY010003288.1	1	13414	36	4837	36.0593	0.511779	31	21.7
CBDDTY010003289.1	1	13408	46	6097	45.4729	0.864409	29	35.8
CBDDTY010003290.1	1	13376	43	6161	46.0601	0.620365	31	44.7
CBDDTY010003291.1	1	13362	46	4840	36.2221	0.737689	31.5	28.7
CBDDTY010003292.1	1	13360	52	6864	51.3772	0.887949	30.2	44.7
CBDDTY010003293.1	1	13360	28	5121	38.3308	0.480464	31.7	29.6
CBDDTY010003294.1	1	13357	5	1033	7.73377	0.0786105	30.5	7.2
CBDDTY010003295.1	1	13354	91	9893	74.0827	1.46758	30.3	40.6
CBDDTY010003296.1	1	13320	21	3336	25.045	0.366066	31.6	23.7
CBDDTY010003297.1	1	13310	54	6245	46.9196	0.789782	29.9	26
CBDDTY010003298.1	1	13304	29	2621	19.7008	0.455051	31.5	9.03
CBDDTY010003299.1	1	13302	92	4467	33.5814	1.41092	29.3	1.73
CBDDTY010003300.1	1	13293	20	3117	23.4484	0.293312	31.8	27.1
CBDDTY010003301.1	1	13273	144	10543	79.4319	2.51322	31.7	31.7
CBDDTY010003302.1	1	13271	43	6682	50.3504	0.797302	31.4	30.3
CBDDTY010003303.1	1	13257	147	8093	61.047	2.424	31.1	11.7
CBDDTY010003304.1	1	13210	91	7308	55.3217	1.40326	29.8	15.4
CBDDTY010003305.1	1	13207	28	3913	29.6282	0.400091	33.1	13.4
CBDDTY010003306.1	1	13199	31	4299	32.5706	0.453746	31.6	29.8
CBDDTY010003307.1	1	13153	31	4630	35.2011	0.550293	29.5	39.8
CBDDTY010003308.1	1	13143	35	6347	48.2919	0.638363	33.2	43.3
CBDDTY010003309.1	1	13133	38	5577	42.4655	0.705855	30.4	34.8
CBDDTY010003310.1	1	13100	29	4969	37.9313	0.561603	29.5	34.4
CBDDTY010003311.1	1	13099	37	2665	20.3451	0.535308	31	20.3
CBDDTY010003312.1	1	13057	65	4726	36.1951	1.01876	32.3	9.4
CBDDTY010003313.1	1	13038	159	9591	73.5619	2.79422	31	31.9
CBDDTY010003314.1	1	13028	116	9986	76.6503	1.75783	30.2	35.3
CBDDTY010003315.1	1	13010	25	3613	27.7709	0.376556	29	17.4
CBDDTY010003316.1	1	13000	55	6302	48.4769	0.962538	31.1	6.53
CBDDTY010003317.1	1	13000	6	566	4.35385	0.049	33.6	3.33
CBDDTY010003318.1	1	13000	39	5321	40.9308	0.747615	29.7	13.9
CBDDTY010003319.1	1	13000	43	3972	30.5538	0.624154	32	28.8
CBDDTY010003320.1	1	13000	36	5889	45.3	0.629462	31.3	40
CBDDTY010003321.1	1	13000	9	1931	14.8538	0.167	31.7	36.8
CBDDTY010003322.1	1	13000	65	4776	36.7385	1.01223	31.4	6.43
CBDDTY010003323.1	1	13000	30	4160	32	0.465385	31.8	24.9
CBDDTY010003324.1	1	13000	12	1787	13.7462	0.178308	28.6	26.8
CBDDTY010003325.1	1	13000	15	2545	19.5769	0.253769	32.5	28.5
CBDDTY010003326.1	1	13000	28	3382	26.0154	0.446077	32.2	17.6
CBDDTY010003327.1	1	13000	46	4507	34.6692	0.746077	29.8	10
CBDDTY010003328.1	1	13000	53	4206	32.3538	0.797615	30.8	3.7
CBDDTY010003330.1	1	13000	77	8776	67.5077	1.34038	30.7	10.5
CBDDTY010003331.1	1	13000	3	702	5.4	0.054	31.2	0.667
CBDDTY010003332.1	1	13000	23	3104	23.8769	0.436077	31.8	29
CBDDTY010003333.1	1	13000	31	4673	35.9462	0.532846	31.2	25
CBDDTY010003334.1	1	13000	10	1372	10.5538	0.159154	30.9	2.9
CBDDTY010003335.1	1	13000	57	3494	26.8769	0.880923	31.2	9.16
CBDDTY010003336.1	1	13000	32	5451	41.9308	0.588154	30.1	38.9
CBDDTY010003337.1	1	13000	28	3360	25.8462	0.469154	29.3	11.5
CBDDTY010003338.1	1	13000	25	4271	32.8538	0.399154	32.7	35.2
CBDDTY010003339.1	1	13000	35	2668	20.5231	0.686692	29.6	6.77
CBDDTY010003340.1	1	13000	51	8126	62.5077	0.945692	29.6	46
CBDDTY010003341.1	1	13000	30	4286	32.9692	0.557769	29.8	37.4
CBDDTY010003342.1	1	13000	23	3270	25.1538	0.352385	30.3	42
CBDDTY010003343.1	1	13000	253	6727	51.7462	4.42	31.3	12.2
CBDDTY010003344.1	1	13000	53	7347	56.5154	0.850615	31.9	34.3
CBDDTY010003345.1	1	13000	17	2550	19.6154	0.235231	32.9	6.59
CBDDTY010003346.1	1	13000	26	5492	42.2462	0.487846	29.4	40.2
CBDDTY010003347.1	1	13000	14	2301	17.7	0.203231	33.4	18.6
CBDDTY010003348.1	1	13000	24	3922	30.1692	0.413154	29.6	22.5
CBDDTY010003349.1	1	13000	31	5290	40.6923	0.545308	34	30.4
CBDDTY010003350.1	1	13000	22	3127	24.0538	0.322154	31.6	8.23
CBDDTY010003351.1	1	13000	8	723	5.56154	0.100692	34.2	1.12
CBDDTY010003352.1	1	13000	34	3757	28.9	0.585692	31.5	0.265
CBDDTY010003353.1	1	12996	15	1419	10.9187	0.149123	31.6	10.1
CBDDTY010003354.1	1	12987	43	6583	50.6892	0.743513	29.9	29.4
CBDDTY010003355.1	1	12927	62	6620	51.2106	1.02738	32.1	41.1
CBDDTY010003356.1	1	12912	16	2745	21.2593	0.251317	31.3	34.4
CBDDTY010003357.1	1	12876	39	4797	37.2554	0.703712	30.1	17.3
CBDDTY010003358.1	1	12869	30	4930	38.3091	0.472997	32.7	37.1
CBDDTY010003359.1	1	12850	23	4645	36.1479	0.470272	31.6	46.6
CBDDTY010003360.1	1	12846	50	6230	48.4976	0.81792	32.6	8.34
CBDDTY010003361.1	1	12845	61	8577	66.7731	1.13632	31.7	35.8
CBDDTY010003362.1	1	12831	13	1576	12.2828	0.15938	31.1	4.69
CBDDTY010003363.1	1	12826	64	7864	61.313	1.08358	29.9	14.9
CBDDTY010003364.1	1	12808	62	4663	36.4069	1.01491	31.8	9.44
CBDDTY010003365.1	1	12798	10	963	7.52461	0.132911	35.2	10.6
CBDDTY010003366.1	1	12741	75	8828	69.2881	1.38215	31.9	35.7
CBDDTY010003367.1	1	12675	164	7846	61.9014	2.85231	30.9	16.4
CBDDTY010003368.1	1	12660	26	4523	35.7267	0.523381	30.5	6.81
CBDDTY010003369.1	1	12650	52	6279	49.6364	0.859605	31.8	34.8
CBDDTY010003370.1	1	12644	97	5562	43.9892	1.64109	30.1	40.7
CBDDTY010003371.1	1	12631	31	3452	27.3296	0.462196	31.6	17
CBDDTY010003372.1	1	12581	28	2832	22.5101	0.347747	29.8	18.1
CBDDTY010003373.1	1	12555	99	9428	75.0936	1.75595	30.9	39.1
CBDDTY010003374.1	1	12554	46	5449	43.4045	0.780468	30.5	11.1
CBDDTY010003375.1	1	12550	37	5016	39.9681	0.76749	30.2	19.3
CBDDTY010003376.1	1	12522	81	7410	59.1759	1.36911	31.4	13.6
CBDDTY010003377.1	1	12522	34	4897	39.1072	0.584811	30	19.8
CBDDTY010003378.1	1	12449	63	7327	58.8561	1.05615	30.8	37.7
CBDDTY010003379.1	1	12445	35	4321	34.7208	0.611732	31.1	4.74
CBDDTY010003380.1	1	12437	24	3469	27.8926	0.428399	33.3	28.3
CBDDTY010003381.1	1	12423	25	5137	41.3507	0.506882	32.2	48.4
CBDDTY010003382.1	1	12404	54	6113	49.2825	1.02201	31.1	34.3
CBDDTY010003383.1	1	12356	16	1788	14.4707	0.22653	33.2	28.2
CBDDTY010003384.1	1	12254	55	7025	57.3282	0.954545	31	22.1
CBDDTY010003385.1	1	12235	40	1799	14.7037	0.747201	32.6	15.9
CBDDTY010003386.1	1	12228	31	2441	19.9624	0.526169	30.9	34.5
CBDDTY010003387.1	1	12221	9	1404	11.4884	0.21954	28.4	36.7
CBDDTY010003388.1	1	12216	17	2302	18.8441	0.27333	30.5	12.7
CBDDTY010003389.1	1	12192	20	4244	34.8097	0.450295	30.7	35.8
CBDDTY010003390.1	1	12181	32	5254	43.1327	0.584271	29.7	41.5
CBDDTY010003391.1	1	12163	42	6444	52.9804	0.727617	30.9	40.8
CBDDTY010003392.1	1	12160	6	671	5.51809	0.116365	31.3	1.67
CBDDTY010003393.1	1	12114	34	4893	40.3913	0.580733	31.1	24.1
CBDDTY010003394.1	1	12084	33	5486	45.3989	0.616352	33.1	20.3
CBDDTY010003395.1	1	12077	55	4843	40.101	0.926223	29.9	5.53
CBDDTY010003396.1	1	12074	27	4070	33.7088	0.467865	32.6	31.7
CBDDTY010003397.1	1	12049	22	3765	31.2474	0.457382	30.8	24
CBDDTY010003398.1	1	12021	30	5393	44.8632	0.576824	33.2	53.6
CBDDTY010003399.1	1	12011	67	7008	58.3465	1.19524	30.8	36.6
CBDDTY010003400.1	1	12000	134	8777	73.1417	2.5435	31	26.2
CBDDTY010003401.1	1	12000	13	1776	14.8	0.235667	31.5	22.4
CBDDTY010003402.1	1	12000	52	6726	56.05	0.9365	30.8	13.1
CBDDTY010003403.1	1	12000	22	2822	23.5167	0.354833	29.7	2
CBDDTY010003404.1	1	12000	45	6904	57.5333	0.836417	30.4	36.1
CBDDTY010003405.1	1	12000	31	4128	34.4	0.61025	31.2	22.8
CBDDTY010003406.1	1	12000	19	3004	25.0333	0.28075	32.5	41.7
CBDDTY010003407.1	1	12000	67	8168	68.0667	1.23475	31.6	49.9
CBDDTY010003408.1	1	12000	37	5305	44.2083	0.61325	31.2	18.4
CBDDTY010003409.1	1	12000	24	3437	28.6417	0.409583	31	27
CBDDTY010003410.1	1	12000	15	1971	16.425	0.282833	31	18.3
CBDDTY010003411.1	1	12000	25	2272	18.9333	0.622583	30.4	2.72
CBDDTY010003412.1	1	12000	37	4110	34.25	0.63625	31.4	19.9
CBDDTY010003413.1	1	12000	37	4686	39.05	0.679083	32.1	4.89
CBDDTY010003414.1	1	12000	18	1757	14.6417	0.281417	32.7	10.6
CBDDTY010003415.1	1	12000	32	3531	29.425	0.5025	31	8.97
CBDDTY010003416.1	1	12000	44	4798	39.9833	0.851167	30.1	11.6
CBDDTY010003417.1	1	12000	28	3772	31.4333	0.523917	30.2	3.21
CBDDTY010003418.1	1	12000	19	3407	28.3917	0.319917	32.8	27.4
CBDDTY010003419.1	1	12000	44	4094	34.1167	0.851833	31.1	1
CBDDTY010003420.1	1	12000	22	2671	22.2583	0.347167	30.7	14.9
CBDDTY010003421.1	1	12000	9	1172	9.76667	0.15875	31.1	33.3
CBDDTY010003422.1	1	12000	48	6201	51.675	0.857583	30.8	17.4
CBDDTY010003423.1	1	12000	53	3212	26.7667	0.937833	29.8	27.6
CBDDTY010003424.1	1	12000	19	2662	22.1833	0.3185	32.1	18.9
CBDDTY010003425.1	1	12000	13	1750	14.5833	0.163167	33.2	30.2
CBDDTY010003426.1	1	12000	53	5167	43.0583	0.977167	29.9	28.3
CBDDTY010003427.1	1	11972	38	5101	42.6078	0.663381	31.6	38.3
CBDDTY010003428.1	1	11969	22	2942	24.5802	0.41925	31.8	29.3
CBDDTY010003429.1	1	11949	37	5617	47.0081	0.707674	31.9	28.1
CBDDTY010003430.1	1	11948	38	3481	29.1346	0.57767	30.5	9.82
CBDDTY010003431.1	1	11920	42	5803	48.6829	0.798742	31.2	27.6
CBDDTY010003432.1	1	11908	31	4872	40.9137	0.582382	30.8	43.7
CBDDTY010003433.1	1	11906	216	7638	64.1525	3.97841	31.4	24
CBDDTY010003434.1	1	11850	48	6142	51.8312	0.855359	31	49.8
CBDDTY010003435.1	1	11830	3	244	2.06255	0.041082	37.3	3
CBDDTY010003436.1	1	11819	108	7097	60.0474	2.05618	31.1	16.5
CBDDTY010003437.1	1	11812	33	3019	25.5588	0.457162	30.6	12.4
CBDDTY010003438.1	1	11777	9	2372	20.141	0.213552	30	19.3
CBDDTY010003439.1	1	11758	30	4180	35.5503	0.52713	31.8	32.8
CBDDTY010003440.1	1	11712	29	3522	30.0717	0.412824	30.2	21.8
CBDDTY010003441.1	1	11691	32	4512	38.5938	0.537251	30.4	36.4
CBDDTY010003442.1	1	11671	23	3429	29.3805	0.411961	34.4	35.1
CBDDTY010003443.1	1	11620	9	795	6.84165	0.107917	35.3	11.8
CBDDTY010003444.1	1	11610	35	5874	50.5943	0.756589	30.8	50.7
CBDDTY010003445.1	1	11603	49	4962	42.7648	0.964492	32	17.8
CBDDTY010003446.1	1	11576	27	5265	45.482	0.591655	32	46.5
CBDDTY010003447.1	1	11553	74	8753	75.7639	1.45278	31.7	42.4
CBDDTY010003448.1	1	11552	38	4442	38.4522	0.675035	30.2	18.8
CBDDTY010003449.1	1	11502	37	6427	55.8772	0.767693	32.3	39.9
CBDDTY010003450.1	1	11471	49	6407	55.8539	0.939151	29.9	32.4
CBDDTY010003451.1	1	11420	22	3467	30.359	0.347023	29.2	14.7
CBDDTY010003452.1	1	11332	36	4374	38.5987	0.790858	31.5	12.3
CBDDTY010003453.1	1	11309	21	3230	28.5613	0.374923	31.6	25.7
CBDDTY010003454.1	1	11270	82	8522	75.6167	1.57924	31.3	49.2
CBDDTY010003455.1	1	11221	34	5893	52.5176	0.711077	30.7	35.3
CBDDTY010003456.1	1	11168	83	8023	71.8392	1.756	30.8	35.6
CBDDTY010003457.1	1	11122	29	4265	38.3474	0.649703	30.8	45.6
CBDDTY010003458.1	1	11099	19	2887	26.0114	0.368682	31.8	27.9
CBDDTY010003459.1	1	11000	82	8752	79.5636	1.64509	31.5	34
CBDDTY010003460.1	1	11000	84	5857	53.2455	1.66573	32	27.9
CBDDTY010003461.1	1	11000	92	4420	40.1818	1.82718	31.6	24.7
CBDDTY010003462.1	1	11000	34	4667	42.4273	0.680182	31.2	22.4
CBDDTY010003463.1	1	11000	5	978	8.89091	0.0889091	25.5	9.6
CBDDTY010003464.1	1	11000	15	2493	22.6636	0.385818	30.2	24.9
CBDDTY010003465.1	1	11000	69	5304	48.2182	1.42245	28.9	21.7
CBDDTY010003466.1	1	11000	28	3497	31.7909	0.519455	31.2	16.7
CBDDTY010003467.1	1	11000	35	3690	33.5455	0.546818	31.6	13.9
CBDDTY010003468.1	1	11000	29	3744	34.0364	0.545455	32	32.3
CBDDTY010003469.1	1	11000	11	1207	10.9727	0.165727	30.1	23
CBDDTY010003470.1	1	11000	4	816	7.41818	0.0790909	35.5	45
CBDDTY010003471.1	1	11000	38	4927	44.7909	0.708273	32	29
CBDDTY010003472.1	1	11000	30	3590	32.6364	0.507818	30	10.1
CBDDTY010003473.1	1	11000	7	1033	9.39091	0.115909	30.5	10
CBDDTY010003474.1	1	11000	2	256	2.32727	0.0232727	37.5	1
CBDDTY010003475.1	1	11000	30	4135	37.5909	0.576364	29.9	0.167
CBDDTY010003476.1	1	11000	149	6178	56.1636	2.99864	30.6	26.5
CBDDTY010003477.1	1	11000	17	2373	21.5727	0.309545	31.3	42
CBDDTY010003478.1	1	11000	12	1960	17.8182	0.209273	29.8	21
CBDDTY010003479.1	1	11000	43	4492	40.8364	0.963909	31.7	0.442
CBDDTY010003480.1	1	11000	50	3715	33.7727	0.988909	31.5	31.1
CBDDTY010003481.1	1	11000	14	2306	20.9636	0.266909	31.1	19.6
CBDDTY010003482.1	1	11000	30	5394	49.0364	0.692182	31.3	34.6
CBDDTY010003483.1	1	11000	3	418	3.8	0.0716364	24.3	37.3
CBDDTY010003484.1	1	11000	20	3190	29	0.390909	30.2	26.9
CBDDTY010003485.1	1	11000	20	2748	24.9818	0.315727	31	30.9
CBDDTY010003486.1	1	10894	26	4103	37.6629	0.513494	29.5	43.9
CBDDTY010003487.1	1	10881	4	765	7.0306	0.070306	26.8	0.75
CBDDTY010003488.1	1	10877	27	5092	46.8144	0.607153	32.1	44
CBDDTY010003489.1	1	10760	34	5617	52.2026	0.699071	32.3	41.6
CBDDTY010003490.1	1	10741	40	5217	48.5709	0.702635	30.8	42.8
CBDDTY010003491.1	1	10657	43	4300	40.3491	0.781834	30.2	5.12
CBDDTY010003492.1	1	10327	23	2276	22.0393	0.406507	28.8	4.43
CBDDTY010003493.1	1	10000	22	1588	15.88	0.4009	30.3	7.32
CBDDTY010003494.1	1	10000	24	2804	28.04	0.4704	29.6	25.8
CBDDTY010003495.1	1	10000	25	3647	36.47	0.5461	29.3	4.16
CBDDTY010003496.1	1	10000	32	3322	33.22	0.5621	31.1	35.8
CBDDTY010003497.1	1	10000	22	3265	32.65	0.4554	32	14.9
CBDDTY010003498.1	1	10000	25	3856	38.56	0.5576	30.1	44
CBDDTY010003499.1	1	10000	34	4921	49.21	0.8271	32.4	29
CBDDTY010003500.1	1	10000	56	6031	60.31	1.1874	32.7	29.8
CBDDTY010003501.1	1	10000	11	1573	15.73	0.219	29.7	39.3
CBDDTY010003502.1	1	10000	39	5825	58.25	0.7394	30.1	37.5
CBDDTY010003503.1	1	9000	6	944	10.4889	0.132222	30.8	25.5
CBDDTY010003504.1	1	9000	77	6009	66.7667	1.82989	31.6	13.5
CBDDTY010003505.1	1	9000	26	2660	29.5556	0.492889	33.5	10.8
CBDDTY010003506.1	1	9000	31	2281	25.3444	0.95	31.8	45
CBDDTY010003507.1	1	9000	4	620	6.88889	0.110778	32.2	0.5
CBDDTY010003508.1	1	9000	19	3262	36.2444	0.466667	32.4	24.3
CBDDTY010003509.1	1	9000	25	3842	42.6889	0.594556	31.5	40.2
CBDDTY010003511.1	1	9000	3	545	6.05556	0.0605556	37.8	21
CBDDTY010003512.1	1	9000	107	3512	39.0222	2.22689	31.7	35.3
CBDDTY010003513.1	1	9000	7	1220	13.5556	0.144333	29.5	7.29
CBDDTY010003514.1	1	9000	16	2589	28.7667	0.358667	32.7	45.2
CBDDTY010003515.1	1	9000	29	3893	43.2556	0.602333	30.1	41.1
CBDDTY010003516.1	1	9000	11	1721	19.1222	0.2	25.2	2.36
CBDDTY010003517.1	1	9000	10	954	10.6	0.196778	29.7	19.6
CBDDTY010003518.1	1	9000	16	3741	41.5667	0.525556	31.7	35
CBDDTY010003519.1	1	9000	19	2632	29.2444	0.449	33.4	0.737
CBDDTY010003520.1	1	9000	38	4955	55.0556	0.935778	32.2	20.6
CBDDTY010003521.1	1	9000	34	4878	54.2	0.724333	31.9	49
CBDDTY010003522.1	1	9000	14	1932	21.4667	0.282222	30.5	23.1
CBDDTY010003523.1	1	9000	25	4272	47.4667	0.587556	27.7	29.5
CBDDTY010003524.1	1	9000	22	3471	38.5667	0.523889	29.7	43.3
CBDDTY010003525.1	1	9000	42	4891	54.3444	1.06444	30.2	26.2
CBDDTY010003526.1	1	9000	33	2431	27.0111	0.857222	32	7.91
CBDDTY010003527.1	1	9000	5	1042	11.5778	0.115778	27	25.6
CBDDTY010003528.1	1	9000	38	3575	39.7222	0.905111	28.8	7.61
CBDDTY010003529.1	1	9000	22	3629	40.3222	0.487667	30.7	37.2
CBDDTY010003530.1	1	9000	36	2624	29.1556	0.921444	29.7	38.6
CBDDTY010003531.1	1	8000	23	2791	34.8875	0.5	30.8	20.6
CBDDTY010003532.1	1	8000	36	4462	55.775	0.829625	31.3	24.1
CBDDTY010003533.1	1	8000	3	549	6.8625	0.068625	30.8	4.33
CBDDTY010003534.1	1	8000	21	2334	29.175	0.49	28.8	24.8
CBDDTY010003535.1	1	8000	8	1580	19.75	0.238625	31.1	4.62
CBDDTY010003536.1	1	8000	71	6981	87.2625	1.97263	31.4	24.7
CBDDTY010003537.1	1	8000	25	3644	45.55	0.60625	32	26.5
CBDDTY010003538.1	1	8000	25	2649	33.1125	0.5845	29.4	6.76
CBDDTY010003539.1	1	8000	34	4410	55.125	1.10587	29.4	12.9
CBDDTY010003540.1	1	8000	15	2474	30.925	0.39875	29.8	35.8
CBDDTY010003541.1	1	8000	8	1080	13.5	0.144375	31.6	11.2
CBDDTY010003542.1	1	8000	21	2774	34.675	0.49225	32.2	8.67
CBDDTY010003543.1	1	8000	43	5390	67.375	1.17013	30.6	38.1
CBDDTY010003544.1	1	8000	20	1558	19.475	0.498625	30.6	1.85
CBDDTY010003545.1	1	8000	19	2229	27.8625	0.563875	30.4	31.7
CBDDTY010003546.1	1	8000	11	1543	19.2875	0.206625	26.9	32.8
CBDDTY010003547.1	1	8000	20	1565	19.5625	0.5015	28.9	12.7
CBDDTY010003548.1	1	8000	19	2628	32.85	0.550875	30.4	0.421
CBDDTY010003549.1	1	8000	71	4335	54.1875	1.87563	29.6	34.2
CBDDTY010003550.1	1	8000	33	3261	40.7625	0.826	31.7	16.1
CBDDTY010003551.1	1	8000	37	3872	48.4	0.824125	33	4.46
CBDDTY010003552.1	1	8000	68	3030	37.875	1.98863	29.5	9.32
CBDDTY010003553.1	1	8000	21	2939	36.7375	0.519125	29.5	30
CBDDTY010003554.1	1	8000	31	4241	53.0125	0.806375	30.1	45
CBDDTY010003555.1	1	8000	38	3290	41.125	1.87587	30.1	16.9
CBDDTY010003556.1	1	8000	23	1926	24.075	0.62275	30	8
CBDDTY010003557.1	1	8000	21	2779	34.7375	0.541625	31.8	3.05
CBDDTY010003558.1	1	8000	13	1796	22.45	0.29725	34.7	42.5
CBDDTY010003559.1	1	8000	13	1931	24.1375	0.436625	30.7	24.5
CBDDTY010003560.1	1	8000	16	2969	37.1125	0.451875	32.9	42.6
CBDDTY010003561.1	1	8000	25	3465	43.3125	0.651625	31	16.2
CBDDTY010003562.1	1	8000	12	2247	28.0875	0.381125	30.7	29.2
CBDDTY010003563.1	1	7000	46	3141	44.8714	1.38771	32	10.2
CBDDTY010003564.1	1	7000	4	185	2.64286	0.0807143	35.7	0.5
CBDDTY010003565.1	1	7000	6	597	8.52857	0.145571	29.6	11.2
CBDDTY010003566.1	1	7000	20	1603	22.9	0.443	31.7	10.1
CBDDTY010003567.1	1	7000	7	1631	23.3	0.241857	28.4	43
CBDDTY010003568.1	1	7000	16	2540	36.2857	0.514714	29.9	17.7
CBDDTY010003569.1	1	7000	39	2921	41.7286	1.15371	32.1	31.8
CBDDTY010003570.1	1	7000	11	1507	21.5286	0.280429	32.6	2.27
CBDDTY010003571.1	1	7000	12	1612	23.0286	0.399	30.5	33.5
CBDDTY010003572.1	1	7000	21	2622	37.4571	0.630143	31.5	26
CBDDTY010003573.1	1	7000	44	3863	55.1857	1.43729	31.3	17.1
CBDDTY010003574.1	1	7000	22	2829	40.4143	0.579429	31.1	43
CBDDTY010003576.1	1	7000	23	3193	45.6143	0.705429	30	16.5
CBDDTY010003577.1	1	7000	16	2264	32.3429	0.490571	32.8	52.1
CBDDTY010003578.1	1	7000	16	2595	37.0714	0.477857	29.1	40.1
CBDDTY010003579.1	1	7000	26	4083	58.3286	1.00871	31.5	15.3
CBDDTY010003580.1	1	7000	20	3450	49.2857	0.788714	29.1	46.8
CBDDTY010003581.1	1	7000	27	2598	37.1143	0.752857	31.3	4.78
CBDDTY010003582.1	1	7000	18	2123	30.3286	0.585714	30.5	0.167
CBDDTY010003583.1	1	7000	14	2880	41.1429	0.476571	31.3	42.8
CBDDTY010003584.1	1	7000	29	3436	49.0857	0.972286	31.7	22.8
CBDDTY010003585.1	1	7000	31	3334	47.6286	0.854286	30.1	16.3
CBDDTY010003586.1	1	7000	60	3838	54.8286	1.85671	31.5	2.8
CBDDTY010003587.1	1	7000	26	3797	54.2429	0.893143	30.7	43.2
CBDDTY010003588.1	1	7000	51	4613	65.9	1.50871	29.9	26.5
CBDDTY010003589.1	1	7000	26	3149	44.9857	0.763571	30.1	17.9
CBDDTY010003591.1	1	7000	17	1898	27.1143	0.498	30	23.2
CBDDTY010003592.1	1	7000	12	1826	26.0857	0.318	32.3	22.2
CBDDTY010003593.1	1	7000	20	1898	27.1143	0.531571	32.4	14.9
CBDDTY010003594.1	1	7000	7	1119	15.9857	0.175429	29.2	1.57
CBDDTY010003595.1	1	7000	27	3157	45.1	0.731857	32.2	17.8
CBDDTY010003596.1	1	7000	15	2919	41.7	0.456857	30.7	33.7
CBDDTY010003597.1	1	7000	29	3388	48.4	0.926286	29.2	4.31
CBDDTY010003598.1	1	7000	10	1011	14.4429	0.290857	31.9	6.9
CBDDTY010003599.1	1	7000	22	2240	32	0.541286	31.1	4.32
CBDDTY010003600.1	1	7000	35	4685	66.9286	1.085	32.2	51.1
CBDDTY010003601.1	1	7000	11	1290	18.4286	0.260571	36.5	16.5
CBDDTY010003602.1	1	6000	29	4093	68.2167	1.3055	31	46.2
CBDDTY010003603.1	1	6000	58	1662	27.7	2.39117	30.5	13.1
CBDDTY010003604.1	1	6000	13	1627	27.1167	0.694833	31	34.5
CBDDTY010003605.1	1	6000	26	3326	55.4333	0.912833	32.1	39.2
CBDDTY010003606.1	1	6000	12	1920	32	0.454667	29.7	40.1
CBDDTY010003607.1	1	6000	8	1505	25.0833	0.311833	31	47.1
CBDDTY010003608.1	1	6000	6	514	8.56667	0.141	35.5	2.67
CBDDTY010003610.1	1	6000	13	1225	20.4167	0.398167	31.2	10.7
CBDDTY010003611.1	1	6000	15	1792	29.8667	0.422667	30.8	24.1
CBDDTY010003612.1	1	6000	2	502	8.36667	0.0836667	34.1	30.5
CBDDTY010003613.1	1	6000	26	2994	49.9	0.851167	29.4	36.8
CBDDTY010003614.1	1	6000	19	2537	42.2833	0.5975	32.7	35.2
CBDDTY010003615.1	1	6000	28	3146	52.4333	0.850167	31.2	27.6
CBDDTY010003616.1	1	6000	38	2179	36.3167	1.41717	31.8	4.84
CBDDTY010003617.1	1	6000	10	2035	33.9167	0.411833	29.9	31.8
CBDDTY010003618.1	1	6000	69	5605	93.4167	2.50083	31.1	48
CBDDTY010003619.1	1	6000	10	1509	25.15	0.332167	29.9	14.1
CBDDTY010003620.1	1	6000	15	2515	41.9167	0.5135	29.7	32.2
CBDDTY010003621.1	1	6000	27	3680	61.3333	0.907833	31.8	41.4
CBDDTY010003622.1	1	6000	17	2684	44.7333	0.692833	31.7	37.5
CBDDTY010003623.1	1	6000	9	1726	28.7667	0.320167	33.1	42.3
CBDDTY010003624.1	1	6000	1	134	2.23333	0.0223333	38.5	1
CBDDTY010003625.1	1	6000	13	965	16.0833	0.364	30.3	15.5
CBDDTY010003626.1	1	6000	18	2486	41.4333	0.627833	29.5	29.2
CBDDTY010003627.1	1	6000	18	3165	52.75	0.7385	30.3	31
CBDDTY010003628.1	1	6000	20	3276	54.6	0.756333	30.2	46.9
CBDDTY010003629.1	1	6000	16	2233	37.2167	0.523833	30.6	35
CBDDTY010003630.1	1	6000	20	3809	63.4833	0.872333	30.3	49
CBDDTY010003631.1	1	6000	20	2259	37.65	0.730833	29.5	21
CBDDTY010003632.1	1	6000	23	3253	54.2167	0.895333	32.8	39.5
CBDDTY010003633.1	1	6000	13	2123	35.3833	0.552333	33.1	25.5
CBDDTY010003634.1	1	6000	27	3755	62.5833	1.01367	29.1	47.2
CBDDTY010003635.1	1	6000	2	292	4.86667	0.0486667	31.1	2
CBDDTY010003636.1	1	6000	14	1791	29.85	0.507333	29.4	46.7
CBDDTY010003637.1	1	6000	14	815	13.5833	0.418	32.6	8
CBDDTY010003638.1	1	6000	36	1830	30.5	1.13383	31	13.9
CBDDTY010003639.1	1	6000	14	2081	34.6833	0.532167	32.7	18.5
CBDDTY010003640.1	1	6000	9	1488	24.8	0.359167	29.2	33.2
CBDDTY010003641.1	1	6000	28	3551	59.1833	1.23033	30.2	9.93
CBDDTY010003642.1	1	6000	2	272	4.53333	0.0596667	33.4	16.5
CBDDTY010003643.1	1	6000	37	3234	53.9	1.388	31.6	11
CBDDTY010003644.1	1	6000	1	183	3.05	0.0305	30.8	9
CBDDTY010003645.1	1	6000	15	1180	19.6667	0.402333	31.6	15.7
CBDDTY010003646.1	1	6000	4	387	6.45	0.0903333	34.7	8
CBDDTY010003647.1	1	6000	21	1495	24.9167	0.549667	31.7	5.33
CBDDTY010003648.1	1	6000	14	2188	36.4667	0.462667	32.9	44.3
CBDDTY010003649.1	1	6000	16	2571	42.85	0.550833	30	29.3
CBDDTY010003650.1	1	6000	60	3869	64.4833	1.98583	31.4	41.4
CBDDTY010003651.1	1	6000	23	2359	39.3167	0.919	30.2	1.61
CBDDTY010003652.1	1	6000	20	2826	47.1	0.763167	31.7	33.9
CBDDTY010003653.1	1	6000	23	2544	42.4	0.793333	27.4	12.9
CBDDTY010003654.1	1	6000	14	1842	30.7	0.4345	32.4	20.4
CBDDTY010003655.1	1	6000	2	275	4.58333	0.0458333	35.4	18
CBDDTY010003656.1	1	6000	17	2126	35.4333	0.549	29.6	34.4
CBDDTY010003657.1	1	6000	10	1528	25.4667	0.348667	36.5	18.5
CBDDTY010003658.1	1	6000	19	2466	41.1	0.865333	30.9	48.8
CBDDTY010003659.1	1	5000	15	2581	51.62	0.6644	31.4	41.5
CBDDTY010003660.1	1	5000	12	1049	20.98	0.3662	32.6	8.17
CBDDTY010003661.1	1	5000	19	3428	68.56	0.976	30.2	44.2
CBDDTY010003662.1	1	5000	7	1044	20.88	0.3068	33.4	30.3
CBDDTY010003663.1	1	5000	31	3726	74.52	1.4148	29.4	36.6
CBDDTY010003664.1	1	5000	14	1278	25.56	0.3568	29.9	15.9
CBDDTY010003665.1	1	5000	7	871	17.42	0.2346	33.8	10.9
CBDDTY010003666.1	1	5000	12	2607	52.14	0.6214	29.7	50.2
CBDDTY010003667.1	1	5000	5	1056	21.12	0.2112	31.7	6
CBDDTY010003668.1	1	5000	11	1414	28.28	0.5528	30.7	24.4
CBDDTY010003669.1	1	5000	37	1188	23.76	2.0198	30.4	1.54
CBDDTY010003670.1	1	5000	21	2200	44	0.8896	31.6	20.9
CBDDTY010003671.1	1	5000	3	583	11.66	0.1354	28.9	0.667
CBDDTY010003672.1	1	5000	7	1421	28.42	0.362	29.4	33.7
CBDDTY010003673.1	1	5000	20	3186	63.72	1.0814	32.2	52.6
CBDDTY010003674.1	1	5000	19	2197	43.94	0.8754	30.8	23.3
CBDDTY010003675.1	1	5000	15	2446	48.92	0.7684	31.7	50.4
CBDDTY010003677.1	1	5000	12	2131	42.62	0.4726	30.3	44.6
CBDDTY010003678.1	1	5000	12	1689	33.78	0.4624	32.9	15.9
CBDDTY010003679.1	1	5000	25	2439	48.78	1.205	29.9	18.4
CBDDTY010003680.1	1	5000	5	974	19.48	0.1948	31.5	10.2
CBDDTY010003681.1	1	5000	15	2477	49.54	0.6352	30.7	44.9
CBDDTY010003682.1	1	5000	10	1176	23.52	0.3394	32.6	30.7
CBDDTY010003683.1	1	5000	13	1399	27.98	0.5176	32.3	30.7
CBDDTY010003684.1	1	5000	10	1196	23.92	0.3672	32.4	3.1
CBDDTY010003685.1	1	5000	6	642	12.84	0.1666	36.4	12.5
CBDDTY010003686.1	1	5000	14	2081	41.62	0.5146	30.2	31.9
CBDDTY010003687.1	1	5000	7	1098	21.96	0.355	29	1.29
CBDDTY010003688.1	1	5000	19	2427	48.54	0.8754	32.9	27.4
CBDDTY010003689.1	1	5000	10	1503	30.06	0.478	29.3	15.3
CBDDTY010003690.1	1	5000	10	2291	45.82	0.6096	33.5	40.3
CBDDTY010003691.1	1	5000	22	2566	51.32	1.0162	33.2	13
CBDDTY010003692.1	1	5000	17	2148	42.96	0.626	30.1	30.5
CBDDTY010003693.1	1	5000	15	1671	33.42	0.5636	28.9	19.1
CBDDTY010003694.1	1	5000	20	2661	53.22	0.8738	29.9	21.1
CBDDTY010003695.1	1	5000	15	2365	47.3	0.6066	30.4	36.5
CBDDTY010003696.1	1	5000	20	2770	55.4	0.819	31	41.5
CBDDTY010003697.1	1	5000	9	1280	25.6	0.3384	32.5	14.8
CBDDTY010003698.1	1	5000	29	2721	54.42	1.1244	31.3	16.6
CBDDTY010003700.1	1	5000	19	2145	42.9	0.6428	31	15.8
CBDDTY010003701.1	1	5000	11	1188	23.76	0.392	32	16.5
CBDDTY010003702.1	1	5000	13	2373	47.46	0.607	31	29
CBDDTY010003703.1	1	5000	13	2406	48.12	0.6668	31.7	35.2
CBDDTY010003704.1	1	5000	20	2736	54.72	0.9676	31.7	48.8
CBDDTY010003705.1	1	5000	13	1831	36.62	0.623	28.9	17.6
CBDDTY010003706.1	1	5000	16	2224	44.48	0.64	33.5	39.9
CBDDTY010003708.1	1	5000	5	821	16.42	0.1918	30	19
CBDDTY010003709.1	1	5000	19	2457	49.14	0.7276	31.7	40.7
CBDDTY010003710.1	1	5000	36	3772	75.44	1.5048	31.9	34.2
CBDDTY010003711.1	1	5000	11	1729	34.58	0.5798	28.8	3.45
CBDDTY010003712.1	1	5000	6	1054	21.08	0.3756	32.2	33.3
CBDDTY010003713.1	1	5000	16	2216	44.32	0.5664	31.3	39.1
CBDDTY010003714.1	1	5000	28	2913	58.26	1.1884	30.6	18.5
CBDDTY010003715.1	1	5000	11	870	17.4	0.2564	35.4	0.545
CBDDTY010003716.1	1	5000	14	2161	43.22	0.7492	31.2	32.4
CBDDTY010003717.1	1	5000	41	3775	75.5	1.8958	32.2	14.3
CBDDTY010003718.1	1	5000	12	1692	33.84	0.4558	32.1	32.5
CBDDTY010003719.1	1	5000	17	2177	43.54	0.9734	33.3	43.2
CBDDTY010003720.1	1	5000	4	582	11.64	0.1164	26.1	9.5
CBDDTY010003721.1	1	5000	27	3475	69.5	1.1526	32	46.7
CBDDTY010003722.1	1	5000	14	2129	42.58	0.5164	29.9	12.5
CBDDTY010003723.1	1	5000	43	4110	82.2	1.9074	31.5	43.6
CBDDTY010003724.1	1	5000	3	678	13.56	0.1356	28.2	0.333
CBDDTY010003725.1	1	5000	10	1730	34.6	0.433	33.9	39.2
CBDDTY010003726.1	1	5000	2	597	11.94	0.1194	33.3	1
CBDDTY010003727.1	1	5000	2	240	4.8	0.048	30	9.5
CBDDTY010003728.1	1	5000	23	1546	30.92	0.8412	30.4	18.7
CBDDTY010003729.1	1	5000	10	1517	30.34	0.415	32.3	36.8
CBDDTY010003730.1	1	5000	22	3039	60.78	1.0178	30.9	22
CBDDTY010003731.1	1	5000	10	1561	31.22	0.402	34.3	29
CBDDTY010003732.1	1	5000	37	1677	33.54	1.5008	33.4	7.03
CBDDTY010003733.1	1	5000	19	3061	61.22	0.856	31.7	33.7
CBDDTY010003735.1	1	5000	5	1123	22.46	0.3324	28.6	30.6
CBDDTY010003736.1	1	5000	10	1174	23.48	0.3208	33.9	14.4
CBDDTY010003737.1	1	4000	10	1785	44.625	0.61625	28.1	53.8
CBDDTY010003738.1	1	4000	14	1810	45.25	0.64025	30.8	46.5
CBDDTY010003739.1	1	4000	12	1812	45.3	0.7265	30.2	36.7
CBDDTY010003740.1	1	4000	16	2177	54.425	0.865	29.6	42.8
CBDDTY010003741.1	1	4000	11	1625	40.625	0.56775	33.1	34.8
CBDDTY010003742.1	1	4000	13	1887	47.175	0.761	32	38.4
CBDDTY010003743.1	1	4000	1	102	2.55	0.0255	34.2	29
CBDDTY010003744.1	1	4000	9	1963	49.075	0.5015	33.4	28.1
CBDDTY010003745.1	1	4000	6	1055	26.375	0.295	29.8	25.7
CBDDTY010003746.1	1	4000	49	3618	90.45	2.5005	31.8	27.5
CBDDTY010003747.1	1	4000	3	345	8.625	0.08625	40	1
CBDDTY010003748.1	1	4000	9	804	20.1	0.4005	29.1	5.33
CBDDTY010003749.1	1	4000	14	1472	36.8	0.507	31.4	43.3
CBDDTY010003750.1	1	4000	16	2273	56.825	0.8845	32	29.5
CBDDTY010003751.1	1	4000	17	1800	45	0.81425	31.9	11.8
CBDDTY010003752.1	1	4000	15	890	22.25	0.6435	31	10.4
CBDDTY010003753.1	1	4000	5	863	21.575	0.40775	29.2	31.4
CBDDTY010003754.1	1	4000	77	2861	71.525	4.38925	32.3	17.1
CBDDTY010003755.1	1	4000	69	2093	52.325	3.91625	30.5	20.1
CBDDTY010003756.1	1	4000	19	2443	61.075	0.93975	30.8	20.7
CBDDTY010003757.1	1	4000	10	1719	42.975	0.692	34.4	43.6
CBDDTY010003758.1	1	4000	24	2630	65.75	1.195	31.6	47.1
CBDDTY010003759.1	1	4000	9	1085	27.125	0.47925	33.4	24.2
CBDDTY010003760.1	1	4000	4	593	14.825	0.21	32.4	45
CBDDTY010003762.1	1	4000	13	1381	34.525	0.6875	31.6	20.5
CBDDTY010003763.1	1	4000	9	1427	35.675	0.6285	30.6	55.3
CBDDTY010003764.1	1	4000	16	1620	40.5	0.88575	30.6	2.62
CBDDTY010003765.1	1	4000	18	1283	32.075	0.92175	27.8	31.4
CBDDTY010003766.1	1	4000	7	1619	40.475	0.61	32.3	40.3
CBDDTY010003767.1	1	4000	6	992	24.8	0.3055	32.5	29.8
CBDDTY010003768.1	1	4000	20	2783	69.575	0.989	32.6	37.8
CBDDTY010003769.1	1	4000	4	261	6.525	0.111	31.9	6
CBDDTY010003770.1	1	4000	19	1791	44.775	0.8645	30.9	11.2
CBDDTY010003771.1	1	4000	20	1534	38.35	1.22375	30.9	3.55
CBDDTY010003772.1	1	4000	15	2498	62.45	0.84125	31.1	51.8
CBDDTY010003773.1	1	4000	25	2979	74.475	1.3025	28.9	46
CBDDTY010003774.1	1	4000	19	2452	61.3	1.06925	29.9	37.6
CBDDTY010003775.1	1	4000	27	1957	48.925	1.423	31	24.9
CBDDTY010003776.1	1	4000	3	626	15.65	0.203	29.2	48
CBDDTY010003778.1	1	4000	12	1647	41.175	0.62775	32	24.4
CBDDTY010003779.1	1	4000	1	141	3.525	0.03525	35.2	9
CBDDTY010003781.1	1	4000	38	2021	50.525	1.8975	32.8	6.61
CBDDTY010003782.1	1	4000	9	1339	33.475	0.51975	31.7	12.7
CBDDTY010003783.1	1	4000	14	1687	42.175	0.69025	30.2	35.6
CBDDTY010003784.1	1	4000	9	1018	25.45	0.37925	27.6	1
CBDDTY010003785.1	1	4000	53	3897	97.425	3.1805	31.9	42.1
CBDDTY010003786.1	1	4000	17	2218	55.45	0.96425	29.9	49.1
CBDDTY010003787.1	1	4000	25	2613	65.325	1.087	30.5	11.9
CBDDTY010003788.1	1	4000	16	1643	41.075	0.706	30.7	38.8
CBDDTY010003789.1	1	4000	12	1449	36.225	0.6265	32.7	39.8
CBDDTY010003790.1	1	4000	4	710	17.75	0.217	29.5	40.8
CBDDTY010003791.1	1	4000	20	1304	32.6	1.14825	29.4	21.9
CBDDTY010003792.1	1	4000	27	1182	29.55	1.06975	31.7	3
CBDDTY010003793.1	1	4000	9	1276	31.9	0.5605	29.8	30.7
CBDDTY010003794.1	1	4000	5	658	16.45	0.26525	31.1	34.6
CBDDTY010003795.1	1	4000	3	572	14.3	0.143	29.1	4.33
CBDDTY010003796.1	1	4000	40	3192	79.8	2.3695	30.5	20.8
CBDDTY010003797.1	1	4000	9	1781	44.525	0.557	26.9	39.2
CBDDTY010003798.1	1	4000	77	3212	80.3	3.86175	30.6	35.5
CBDDTY010003799.1	1	4000	11	1820	45.5	0.56475	29.8	32.5
CBDDTY010003800.1	1	4000	14	1851	46.275	0.681	30.9	10.9
CBDDTY010003801.1	1	4000	8	1593	39.825	0.487	28.1	48.5
CBDDTY010003802.1	1	4000	4	565	14.125	0.196	29.1	33.8
CBDDTY010003803.1	1	4000	9	1081	27.025	0.3845	30.4	30.4
CBDDTY010003804.1	1	4000	6	795	19.875	0.22175	32.9	37.8
CBDDTY010003805.1	1	4000	12	1592	39.8	0.712	30.6	22.5
CBDDTY010003806.1	1	4000	10	1229	30.725	0.42975	32.3	31.9
CBDDTY010003807.1	1	4000	5	758	18.95	0.318	33	39.2
CBDDTY010003810.1	1	4000	8	1296	32.4	0.5015	31.2	51.1
CBDDTY010003811.1	1	4000	11	1325	33.125	0.4795	32	33.1
CBDDTY010003813.1	1	4000	11	1636	40.9	0.55525	30.4	26.5
CBDDTY010003814.1	1	4000	10	1560	39	0.58225	29.5	38.3
CBDDTY010003815.1	1	4000	48	2583	64.575	2.49375	31.2	28.4
CBDDTY010003816.1	1	4000	16	1816	45.4	0.677	31.2	35.2
CBDDTY010003817.1	1	4000	8	1294	32.35	0.3785	34.2	37.6
CBDDTY010003818.1	1	4000	13	2119	52.975	0.81025	29.9	50.2
CBDDTY010003819.1	1	4000	11	1452	36.3	0.479	29.8	36
CBDDTY010003820.1	1	4000	6	849	21.225	0.2345	27.7	15.3
CBDDTY010003821.1	1	4000	1	132	3.3	0.033	35.4	12
CBDDTY010003822.1	1	4000	6	1188	29.7	0.317	31.8	21.7
CBDDTY010003823.1	1	4000	16	2356	58.9	0.81425	29.7	29.8
CBDDTY010003824.1	1	4000	5	759	18.975	0.18975	32.1	42.2
CBDDTY010003825.1	1	4000	15	1750	43.75	0.727	31	24.3
CBDDTY010003826.1	1	4000	18	2521	63.025	0.977	29.4	50.8
CBDDTY010003827.1	1	4000	5	960	24	0.26775	34.2	14.4
CBDDTY010003828.1	1	4000	11	1424	35.6	0.47975	30	20.4
CBDDTY010003829.1	1	4000	7	1262	31.55	0.32975	29.3	17.1
CBDDTY010003830.1	1	4000	1	163	4.075	0.04075	30.2	1
CBDDTY010003831.1	1	4000	5	1145	28.625	0.28625	33.1	36.4
CBDDTY010003832.1	1	4000	50	3336	83.4	2.6935	30.2	8.24
CBDDTY010003833.1	1	4000	15	2017	50.425	0.70425	34.5	36.5
CBDDTY010003834.1	1	4000	6	730	18.25	0.3065	32.8	19.7
CBDDTY010003835.1	1	4000	9	1545	38.625	0.57275	31.5	8.56
CBDDTY010003836.1	1	4000	8	1014	25.35	0.30775	32.5	21.8
CBDDTY010003837.1	1	4000	22	2894	72.35	1.3335	30.9	18.7
CBDDTY010003838.1	1	4000	29	1905	47.625	1.49375	29	18.3
CBDDTY010003839.1	1	4000	10	1358	33.95	0.475	30.8	35.9
CBDDTY010003840.1	1	4000	9	1677	41.925	0.57425	32.4	49.2
CBDDTY010003841.1	1	4000	34	1969	49.225	1.54325	28.5	14.3
CBDDTY010003842.1	1	4000	18	2031	50.775	0.897	31.1	48.4
CBDDTY010003843.1	1	4000	21	2442	61.05	0.988	30.6	23.9
CBDDTY010003844.1	1	4000	1	215	5.375	0.05375	28.4	1
CBDDTY010003845.1	1	4000	43	3030	75.75	2.18825	31.5	7.86
CBDDTY010003846.1	1	4000	44	3318	82.95	2.17	31.4	8.32
CBDDTY010003847.1	1	4000	12	2111	52.775	0.77675	30.9	28.8
CBDDTY010003848.1	1	4000	9	1434	35.85	0.46275	32.5	42.8
CBDDTY010003849.1	1	4000	15	1543	38.575	0.5835	30.9	15.4
CBDDTY010003850.1	1	4000	7	1605	40.125	0.50425	30.5	36.1
CBDDTY010003851.1	1	4000	6	629	15.725	0.30675	31.6	12.3
CBDDTY010003852.1	1	4000	21	2454	61.35	1.298	30.1	37.7
CBDDTY010003853.1	1	4000	28	2858	71.45	1.45025	33	26.4
CBDDTY010003854.1	1	4000	28	1350	33.75	1.15325	31.6	8.86
CBDDTY010003855.1	1	4000	8	865	21.625	0.357	28.6	51.1
CBDDTY010003856.1	1	4000	12	1608	40.2	0.579	32.3	32.2
CBDDTY010003857.1	1	4000	32	3200	80	1.579	31.9	34.4
CBDDTY010003858.1	1	4000	3	762	19.05	0.1905	31.1	50
CBDDTY010003859.1	1	4000	8	1054	26.35	0.5485	31.9	24.4
CBDDTY010003860.1	1	4000	27	2725	68.125	1.38425	29.7	43.6
CBDDTY010003861.1	1	4000	4	660	16.5	0.165	27.7	26.2
CBDDTY010003862.1	1	4000	11	1936	48.4	0.6475	28.7	36
CBDDTY010003863.1	1	4000	6	888	22.2	0.2485	33.3	7.33
CBDDTY010003864.1	1	4000	4	363	9.075	0.156	30.8	29.2
CBDDTY010003865.1	1	4000	27	2713	67.825	1.52425	30.3	27.4
CBDDTY010003866.1	1	4000	4	702	17.55	0.19875	31.7	26
CBDDTY010003867.1	1	4000	1	160	4	0.04	35.3	60
CBDDTY010003868.1	1	4000	25	1887	47.175	1.3475	29.8	2.64
CBDDTY010003869.1	1	4000	13	2453	61.325	0.84725	31.7	29.9
CBDDTY010003870.1	1	4000	8	861	21.525	0.26675	32.1	7.5
CBDDTY010003871.1	1	4000	3	570	14.25	0.2515	36.1	60
CBDDTY010003872.1	1	4000	61	1426	35.65	3.3095	31.7	5.97
CBDDTY010003873.1	1	3000	1	480	16	0.16	32.2	50
CBDDTY010003874.1	1	3000	43	2432	81.0667	2.775	32.8	45.1
CBDDTY010003875.1	1	3000	2	391	13.0333	0.130333	32.6	2
CBDDTY010003876.1	1	3000	14	1710	57	0.870333	27	44.8
CBDDTY010003877.1	1	3000	11	996	33.2	0.668333	30.9	11.1
CBDDTY010003878.1	1	3000	4	614	20.4667	0.266333	28.8	1.5
CBDDTY010003879.1	1	3000	9	927	30.9	0.663667	33.1	27.2
CBDDTY010003880.1	1	3000	6	893	29.7667	0.388333	30.6	1.5
CBDDTY010003881.1	1	3000	25	2111	70.3667	1.98567	31.2	31
CBDDTY010003882.1	1	3000	4	203	6.76667	0.146667	29.7	1.75
CBDDTY010003883.1	1	3000	8	1229	40.9667	0.588667	31.7	52
CBDDTY010003884.1	1	3000	4	717	23.9	0.257667	31	44.8
CBDDTY010003885.1	1	3000	4	661	22.0333	0.316	27.9	37
CBDDTY010003886.1	1	3000	32	1013	33.7667	2.265	31.6	6.62
CBDDTY010003887.1	1	3000	4	420	14	0.151667	34.1	0.25
CBDDTY010003888.1	1	3000	5	913	30.4333	0.346667	33.6	57
CBDDTY010003889.1	1	3000	5	681	22.7	0.379	29.5	55.2
CBDDTY010003890.1	1	3000	10	1250	41.6667	0.722	34.3	18
CBDDTY010003891.1	1	3000	4	1079	35.9667	0.390333	35	41.8
CBDDTY010003892.1	1	3000	3	902	30.0667	0.38	34.6	28
CBDDTY010003893.1	1	3000	5	691	23.0333	0.355333	23.7	50.2
CBDDTY010003894.1	1	3000	29	2323	77.4333	2.12433	29.2	40.8
CBDDTY010003895.1	1	3000	33	2287	76.2333	1.98167	29.6	40.5
CBDDTY010003896.1	1	3000	11	1366	45.5333	0.703667	31.5	8.73
CBDDTY010003897.1	1	3000	2	383	12.7667	0.127667	24.3	2
CBDDTY010003898.1	1	3000	9	1252	41.7333	0.659	28.9	14
CBDDTY010003900.1	1	3000	11	1541	51.3667	0.760333	30.4	21.8
CBDDTY010003901.1	1	3000	11	1459	48.6333	0.701667	30.1	42.8
CBDDTY010003902.1	1	3000	7	952	31.7333	0.49	32.7	4.57
CBDDTY010003903.1	1	3000	8	1064	35.4667	0.483333	34.2	24.5
CBDDTY010003904.1	1	3000	4	513	17.1	0.171	31.7	32.2
CBDDTY010003905.1	1	3000	25	2114	70.4667	2.25367	29.8	19.9
CBDDTY010003906.1	1	3000	12	2249	74.9667	0.955333	29.1	49.3
CBDDTY010003907.1	1	3000	7	1151	38.3667	0.688667	29.5	4.71
CBDDTY010003908.1	1	3000	1	103	3.43333	0.0343333	28.6	0
CBDDTY010003909.1	1	3000	12	2164	72.1333	0.957667	33.1	54.5
CBDDTY010003910.1	1	3000	3	455	15.1667	0.201333	35.6	47
CBDDTY010003911.1	1	3000	2	354	11.8	0.137	33.2	1
CBDDTY010003912.1	1	3000	12	1753	58.4333	0.987	33	50
CBDDTY010003913.1	1	3000	5	1487	49.5667	0.687	32.2	54
CBDDTY010003914.1	1	3000	10	1406	46.8667	0.708333	32.8	44.7
CBDDTY010003916.1	1	3000	6	874	29.1333	0.412333	28.7	29.5
CBDDTY010003917.1	1	3000	12	1901	63.3667	0.938	34.7	41
CBDDTY010003918.1	1	3000	5	537	17.9	0.344667	34.4	0.4
CBDDTY010003919.1	1	3000	11	1110	37	0.767	32.3	46.9
CBDDTY010003920.1	1	3000	10	1211	40.3667	0.624333	32	22.2
CBDDTY010003921.1	1	3000	9	942	31.4	0.690667	34.4	2.67
CBDDTY010003922.1	1	3000	12	1811	60.3667	0.934333	29.5	38.8
CBDDTY010003923.1	1	3000	2	207	6.9	0.120667	31	7
CBDDTY010003924.1	1	3000	10	1215	40.5	0.636	31.5	21.7
CBDDTY010003925.1	1	3000	1	217	7.23333	0.0723333	22.5	1
CBDDTY010003926.1	1	3000	5	492	16.4	0.31	24.6	25.8
CBDDTY010003927.1	1	3000	10	1662	55.4	0.813667	31.2	17.5
CBDDTY010003928.1	1	3000	6	699	23.3	0.313667	30.5	1.17
CBDDTY010003929.1	1	3000	11	1593	53.1	0.864667	32.1	53.6
CBDDTY010003930.1	1	3000	2	300	10	0.1	36.4	3.5
CBDDTY010003931.1	1	3000	2	316	10.5333	0.105333	30.5	4
CBDDTY010003932.1	1	3000	3	370	12.3333	0.153667	31.1	1
CBDDTY010003933.1	1	3000	16	1339	44.6333	0.671667	29.9	10.1
CBDDTY010003934.1	1	3000	5	649	21.6333	0.305667	31.7	12.4
CBDDTY010003935.1	1	3000	49	2078	69.2667	3.206	31.7	6.18
CBDDTY010003936.1	1	3000	27	1148	38.2667	2.03233	29.9	3.78
CBDDTY010003937.1	1	3000	11	1246	41.5333	0.547667	31.9	50.5
CBDDTY010003938.1	1	3000	12	1440	48	0.809333	30.5	47
CBDDTY010003939.1	1	3000	17	1758	58.6	1.113	32.7	18.2
CBDDTY010003940.1	1	3000	2	255	8.5	0.085	34.9	25
CBDDTY010003941.1	1	3000	7	797	26.5667	0.412667	31.2	27.3
CBDDTY010003942.1	1	3000	51	2458	81.9333	4.152	29.1	40.8
CBDDTY010003943.1	1	3000	6	867	28.9	0.413333	30	16.5
CBDDTY010003944.1	1	3000	7	931	31.0333	0.418333	31.6	34
CBDDTY010003945.1	1	3000	5	854	28.4667	0.334667	30	38.6
CBDDTY010003946.1	1	3000	27	1523	50.7667	3.46767	31.7	1.07
CBDDTY010003947.1	1	3000	5	1089	36.3	0.411333	32.8	49.2
CBDDTY010003948.1	1	3000	4	416	13.8667	0.175667	28.2	3.75
CBDDTY010003949.1	1	3000	2	446	14.8667	0.148667	30.2	41.5
CBDDTY010003950.1	1	3000	8	1330	44.3333	0.666333	30.6	43.1
CBDDTY010003951.1	1	3000	11	1518	50.6	0.756333	30.9	36
CBDDTY010003952.1	1	3000	5	973	32.4333	0.356	35.1	51.2
CBDDTY010003953.1	1	3000	2	282	9.4	0.094	29.6	1.5
CBDDTY010003954.1	1	3000	3	447	14.9	0.18	30.3	12
CBDDTY010003955.1	1	3000	11	1148	38.2667	0.581667	27.8	10.3
CBDDTY010003957.1	1	3000	2	664	22.1333	0.221333	39.4	37.5
CBDDTY010003958.1	1	3000	10	1399	46.6333	0.516333	31	38.3
CBDDTY010003959.1	1	3000	3	587	19.5667	0.272667	23.2	19
CBDDTY010003960.1	1	3000	10	1454	48.4667	0.820333	30.1	45.2
CBDDTY010003961.1	1	3000	23	2436	81.2	1.52	31.6	44.2
CBDDTY010003962.1	1	3000	2	227	7.56667	0.0756667	33.4	2.5
CBDDTY010003963.1	1	3000	19	1518	50.6	1.33567	30.9	10.3
CBDDTY010003964.1	1	3000	5	1213	40.4333	0.446	28.9	47.4
CBDDTY010003965.1	1	3000	61	2319	77.3	3.80533	31	17.2
CBDDTY010003966.1	1	3000	4	725	24.1667	0.241667	34.3	39
CBDDTY010003967.1	1	3000	2	435	14.5	0.145	25.7	8.5
CBDDTY010003968.1	1	3000	44	2851	95.0333	3.637	31.2	45.8
CBDDTY010003969.1	1	3000	8	796	26.5333	0.604667	33	21.2
CBDDTY010003970.1	1	3000	8	1444	48.1333	0.495	29.2	24
CBDDTY010003971.1	1	3000	9	1437	47.9	0.558333	31.6	13
CBDDTY010003972.1	1	3000	17	1321	44.0333	1.04967	32.7	4.59
CBDDTY010003974.1	1	3000	5	782	26.0667	0.451	29.1	3.6
CBDDTY010003975.1	1	3000	10	1166	38.8667	0.701667	30.9	32.3
CBDDTY010003976.1	1	3000	10	1225	40.8333	0.838667	33.2	38.9
CBDDTY010003977.1	1	3000	4	600	20	0.272667	33.6	45.5
CBDDTY010003978.1	1	3000	50	1857	61.9	2.962	31.4	9.48
CBDDTY010003979.1	1	3000	4	659	21.9667	0.228	26.2	29.5
CBDDTY010003980.1	1	3000	9	837	27.9	0.567	34.2	1
CBDDTY010003981.1	1	3000	16	1224	40.8	1.094	31.2	5.44
CBDDTY010003982.1	1	3000	1	281	9.36667	0.0936667	35.6	5
CBDDTY010003983.1	1	3000	10	1669	55.6333	0.782333	33.4	44.2
CBDDTY010003984.1	1	3000	14	1217	40.5667	0.89	33.6	0.5
CBDDTY010003985.1	1	3000	19	1528	50.9333	1.19133	30.5	25.7
CBDDTY010003986.1	1	3000	15	1374	45.8	0.981333	32.8	4.4
CBDDTY010003987.1	1	3000	1	139	4.63333	0.0463333	37	27
CBDDTY010003988.1	1	3000	38	2219	73.9667	2.54033	30.6	18.1
CBDDTY010003989.1	1	3000	10	375	12.5	0.559667	33.4	21.7
CBDDTY010003990.1	1	3000	36	1986	66.2	3.08633	31.2	33.3
CBDDTY010003991.1	1	3000	6	974	32.4667	0.386	29.4	51.3
CBDDTY010003992.1	1	3000	10	1407	46.9	0.684667	31	42.3
CBDDTY010003993.1	1	3000	6	820	27.3333	0.331667	27.6	8.83
CBDDTY010003994.1	1	3000	6	695	23.1667	0.389333	23.8	9.33
CBDDTY010003995.1	1	3000	10	1368	45.6	0.605	31.9	39
CBDDTY010003997.1	1	3000	7	942	31.4	0.351667	29.4	42.4
CBDDTY010003998.1	1	3000	2	510	17	0.17	31.9	56.5
CBDDTY010003999.1	1	3000	16	1899	63.3	1.18067	28.8	38.4
CBDDTY010004000.1	1	3000	7	1267	42.2333	0.522333	31.1	46.7
CBDDTY010004001.1	1	3000	21	2569	85.6333	1.69967	32.8	53.2
CBDDTY010004002.1	1	3000	90	3000	100	6.43267	29.5	41.9
CBDDTY010004003.1	1	3000	4	743	24.7667	0.284667	32.8	60
CBDDTY010004004.1	1	3000	4	476	15.8667	0.194667	27.4	0.5
CBDDTY010004006.1	1	3000	4	980	32.6667	0.371	32.3	35.5
CBDDTY010004007.1	1	3000	19	1999	66.6333	1.51367	31.6	29
CBDDTY010004008.1	1	3000	12	1553	51.7667	1.08567	30.2	40.9
CBDDTY010004009.1	1	3000	20	2237	74.5667	1.50667	29.7	40.8
CBDDTY010004010.1	1	3000	6	679	22.6333	0.291	31.2	37.2
CBDDTY010004011.1	1	3000	3	159	5.3	0.0976667	35.8	4.33
CBDDTY010004013.1	1	3000	9	1136	37.8667	0.494333	31.4	25
CBDDTY010004014.1	1	3000	18	2527	84.2333	1.56033	30.3	34.1
CBDDTY010004015.1	1	3000	8	1417	47.2333	0.62	30.8	33.4
CBDDTY010004016.1	1	3000	6	1503	50.1	0.604	33.1	46.2
CBDDTY010004017.1	1	3000	11	1457	48.5667	0.813667	33.6	42.8
CBDDTY010004018.1	1	3000	21	1820	60.6667	1.80733	31.2	11.3
CBDDTY010004019.1	1	3000	3	718	23.9333	0.282333	31.4	32
CBDDTY010004020.1	1	3000	12	2043	68.1	1.11833	29.5	50.3
CBDDTY010004021.1	1	3000	3	558	18.6	0.186	29.2	4
CBDDTY010004023.1	1	3000	6	325	10.8333	0.274	31.1	6.83
CBDDTY010004024.1	1	3000	4	795	26.5	0.305	29.4	39.5
CBDDTY010004025.1	1	3000	7	1232	41.0667	0.620667	30.1	36.4
CBDDTY010004026.1	1	3000	15	2084	69.4667	1.12167	33.6	43.6
CBDDTY010004027.1	1	3000	12	1863	62.1	0.873667	32.1	45.4
CBDDTY010004028.1	1	3000	4	289	9.63333	0.0963333	33	1.75
CBDDTY010004029.1	1	3000	9	1278	42.6	0.547333	29.5	25.6
CBDDTY010004030.1	1	3000	15	1444	48.1333	1.13367	33.6	12.4
CBDDTY010004031.1	1	3000	3	407	13.5667	0.187333	32.1	5
CBDDTY010004032.1	1	3000	5	790	26.3333	0.263333	31.5	15.8
CBDDTY010004033.1	1	3000	13	1988	66.2667	0.945	32	36.5
CBDDTY010004034.1	1	3000	105	2444	81.4667	8.61033	30.3	6.84
CBDDTY010004035.1	1	3000	5	570	19	0.243333	31.4	6.2
CBDDTY010004036.1	1	3000	10	1443	48.1	0.806	30.5	30.3
CBDDTY010004037.1	1	3000	16	1975	65.8333	1.092	30.6	19.4
CBDDTY010004038.1	1	3000	6	1283	42.7667	0.545	34	52.3
CBDDTY010004039.1	1	3000	4	514	17.1333	0.341	36.2	0.5
CBDDTY010004040.1	1	3000	7	1072	35.7333	0.512667	29	42.6
CBDDTY010004041.1	1	3000	5	686	22.8667	0.249	32.4	31.8
CBDDTY010004042.1	1	3000	3	407	13.5667	0.150333	27	14.7
CBDDTY010004043.1	1	3000	3	674	22.4667	0.295333	33	1.67
CBDDTY010004044.1	1	3000	2	224	7.46667	0.0746667	34.1	59.5
CBDDTY010004045.1	1	3000	2	170	5.66667	0.113333	33.5	2
CBDDTY010004046.1	1	3000	1	204	6.8	0.068	33.5	1
CBDDTY010004047.1	1	3000	9	1446	48.2	0.732333	32.1	36.2
CBDDTY010004048.1	1	3000	7	1003	33.4333	0.589	33	46.1
CBDDTY010004049.1	1	3000	76	844	28.1333	5.13633	31.5	12.1
CBDDTY010004050.1	1	3000	4	501	16.7	0.211333	29.2	30.5
CBDDTY010004051.1	1	3000	26	2276	75.8667	1.91733	30.8	26
CBDDTY010004052.1	1	3000	31	2702	90.0667	2.392	29.6	18.2
CBDDTY010004053.1	1	3000	15	2175	72.5	0.989333	31.2	40.3
CBDDTY010004054.1	1	3000	11	1066	35.5333	0.598333	31.8	42.6
CBDDTY010004055.1	1	3000	1	176	5.86667	0.0586667	26.8	42
CBDDTY010004056.1	1	3000	5	531	17.7	0.269333	33.6	13.2
CBDDTY010004057.1	1	3000	4	693	23.1	0.281667	31.3	0.25
CBDDTY010004058.1	1	3000	1	226	7.53333	0.0753333	26.8	2
CBDDTY010004059.1	1	3000	11	1807	60.2333	0.857	31.2	34.5
CBDDTY010004061.1	1	3000	9	925	30.8333	0.569333	29.8	7.56
CBDDTY010004062.1	1	3000	23	2400	80	1.439	31.9	43.8
CBDDTY010004063.1	1	3000	5	861	28.7	0.339333	30.3	3.8
CBDDTY010004064.1	1	3000	80	2956	98.5333	6.116	31.8	50.5
CBDDTY010004065.1	1	3000	4	846	28.2	0.381667	34.2	50.2
CBDDTY010004066.1	1	3000	5	462	15.4	0.187	25.8	0.2
CBDDTY010004067.1	1	3000	2	841	28.0333	0.280333	29.7	49
CBDDTY010004068.1	1	3000	9	1713	57.1	0.741333	33.1	50.7
CBDDTY010004069.1	1	3000	17	1468	48.9333	1.25467	32	24
CBDDTY010004070.1	1	3000	18	1698	56.6	1.137	29.3	23.7
CBDDTY010004071.1	1	3000	17	1991	66.3667	1.38067	33	36.2
CBDDTY010004072.1	1	3000	7	709	23.6333	0.511333	31.5	44.1
CBDDTY010004073.1	1	3000	17	2410	80.3333	1.497	31.4	54
CBDDTY010004074.1	1	3000	5	787	26.2333	0.359	33.1	32.6
CBDDTY010004075.1	1	3000	13	1504	50.1333	0.85	30.5	27.1
CBDDTY010004076.1	1	3000	3	432	14.4	0.209333	30.2	24.7
CBDDTY010004077.1	1	3000	4	525	17.5	0.201333	33.5	20.2
CBDDTY010004078.1	1	3000	8	1233	41.1	0.528	32.8	36.8
CBDDTY010004079.1	1	3000	12	1164	38.8	0.731	31.6	2.33
CBDDTY010004080.1	1	3000	4	1225	40.8333	0.494333	31.2	43
CBDDTY010004081.1	1	3000	6	1096	36.5333	0.365333	30.6	54.2
CBDDTY010004082.1	1	3000	11	729	24.3	0.662333	35.7	9.64
CBDDTY010004083.1	1	3000	1	529	17.6333	0.176333	29	32
CBDDTY010004084.1	1	3000	5	882	29.4	0.435333	32.5	36.4
CBDDTY010004085.1	1	3000	26	1697	56.5667	1.37867	31.4	4.27
CBDDTY010004087.1	1	3000	8	672	22.4	0.525	30.4	2.75
CBDDTY010004088.1	1	3000	5	749	24.9667	0.381667	32.1	9.6
CBDDTY010004089.1	1	3000	19	1452	48.4	1.03333	31.5	18.6
CBDDTY010004090.1	1	3000	8	1533	51.1	0.617	29.5	42.4
CBDDTY010004091.1	1	3000	7	1333	44.4333	0.580333	30.7	52.9
CBDDTY010004092.1	1	3000	48	1343	44.7667	3.17967	32.2	12.6
CBDDTY010004093.1	1	3000	9	1093	36.4333	0.572	30.6	21.2
CBDDTY010004094.1	1	3000	9	1092	36.4	0.465	33.6	15.4
CBDDTY010004095.1	1	3000	6	778	25.9333	0.37	29.8	25.5
CBDDTY010004096.1	1	3000	14	1843	61.4333	0.955667	32.8	51.9
CBDDTY010004097.1	1	3000	2	448	14.9333	0.158333	27.6	25.5
CBDDTY010004098.1	1	3000	7	1334	44.4667	0.64	25	21
CBDDTY010004099.1	1	3000	7	1306	43.5333	0.485333	29.9	33.1
CBDDTY010004100.1	1	3000	130	2811	93.7	9.73867	31.2	46.2
CBDDTY010004101.1	1	3000	10	1738	57.9333	0.881	27.5	49.2
CBDDTY010004102.1	1	3000	8	1259	41.9667	0.486333	31.8	15.9
CBDDTY010004103.1	1	3000	9	1398	46.6	0.539667	30.7	49.7
CBDDTY010004104.1	1	3000	6	480	16	0.245667	33.3	0.167
CBDDTY010004105.1	1	3000	18	1954	65.1333	1.387	30.9	41.9
CBDDTY010004106.1	1	3000	1	313	10.4333	0.104333	26.8	1
CBDDTY010004107.1	1	3000	1	287	9.56667	0.0956667	33.4	1
CBDDTY010004108.1	1	3000	8	920	30.6667	0.715333	31	38.9
CBDDTY010004109.1	1	3000	2	275	9.16667	0.0916667	39.8	1
CBDDTY010004110.1	1	3000	2	242	8.06667	0.0806667	30.6	4.5
CBDDTY010004111.1	1	2000	8	860	43	0.838	29.8	15.2
CBDDTY010004112.1	1	2000	4	443	22.15	0.2765	35.1	19.8
CBDDTY010004113.1	1	2000	2	585	29.25	0.2925	37.3	60
CBDDTY010004114.1	1	2000	4	567	28.35	0.386	36	23
CBDDTY010004116.1	1	2000	7	897	44.85	0.816	31.6	52.3
CBDDTY010004117.1	1	2000	15	1520	76	1.6555	29.2	23.2
CBDDTY010004118.1	1	2000	6	799	39.95	0.466	29.2	34.3
CBDDTY010004119.1	1	2000	8	1129	56.45	0.9695	32.1	22.6
CBDDTY010004120.1	1	2000	8	1400	70	1.1	32.3	44.5
CBDDTY010004122.1	1	2000	9	1476	73.8	0.9815	31.6	53.4
CBDDTY010004124.1	1	2000	14	1069	53.45	1.768	31.1	24.4
CBDDTY010004125.1	1	2000	8	1510	75.5	1.06	33.3	57.2
CBDDTY010004126.1	1	2000	11	1264	63.2	1.133	33.9	34.5
CBDDTY010004127.1	1	2000	9	1543	77.15	1.0225	33.8	55.6
CBDDTY010004128.1	1	2000	6	668	33.4	0.4595	29.6	20.7
CBDDTY010004129.1	1	2000	9	933	46.65	0.5125	24.7	26.2
CBDDTY010004130.1	1	2000	8	1350	67.5	0.9475	30.6	54.1
CBDDTY010004131.1	1	2000	5	956	47.8	0.689	33.3	32.2
CBDDTY010004132.1	1	2000	3	344	17.2	0.2385	29.7	8.67
CBDDTY010004133.1	1	2000	2	218	10.9	0.127	31.5	26
CBDDTY010004134.1	1	2000	4	350	17.5	0.371	28.9	23.5
CBDDTY010004135.1	1	2000	14	900	45	1.355	30.7	23.9
CBDDTY010004136.1	1	2000	8	596	29.8	0.868	27.6	4.75
CBDDTY010004137.1	1	2000	3	366	18.3	0.386	31.4	3
CBDDTY010004139.1	1	2000	6	840	42	0.644	32.8	30
CBDDTY010004140.1	1	2000	20	1901	95.05	2.183	30.9	27.1
CBDDTY010004141.1	1	2000	1	208	10.4	0.104	34.4	4
CBDDTY010004142.1	1	2000	6	386	19.3	0.49	28.3	0
CBDDTY010004143.1	1	2000	4	780	39	0.489	30.1	42.5
CBDDTY010004144.1	1	2000	8	1609	80.45	1.231	34.4	17.9
CBDDTY010004145.1	1	2000	7	1345	67.25	0.792	31.9	60
CBDDTY010004146.1	1	2000	7	909	45.45	0.8485	30	44.6
CBDDTY010004147.1	1	2000	18	1928	96.4	1.8335	31.6	33.9
CBDDTY010004148.1	1	2000	1	146	7.3	0.073	28	1
CBDDTY010004149.1	1	2000	4	385	19.25	0.2765	25.2	24.2
CBDDTY010004150.1	1	2000	15	1222	61.1	1.6555	32.6	24.1
CBDDTY010004151.1	1	2000	10	1304	65.2	1.0735	33.5	34.2
CBDDTY010004152.1	1	2000	3	525	26.25	0.319	32.2	34.7
CBDDTY010004153.1	1	2000	12	1273	63.65	1.447	31	44.9
CBDDTY010004154.1	1	2000	10	897	44.85	0.919	31.6	6.6
CBDDTY010004155.1	1	2000	10	1214	60.7	1.045	32.2	42.3
CBDDTY010004156.1	1	2000	14	1264	63.2	1.73	32.2	14.1
CBDDTY010004157.1	1	2000	63	1665	83.25	6.82	32.7	37.1
CBDDTY010004158.1	1	2000	24	1262	63.1	2.588	31.6	10
CBDDTY010004160.1	1	2000	2	260	13	0.1715	23.1	14
CBDDTY010004161.1	1	2000	8	947	47.35	0.717	29.1	4.5
CBDDTY010004162.1	1	2000	2	233	11.65	0.2225	23.7	6.5
CBDDTY010004163.1	1	2000	5	632	31.6	0.426	32.1	1.8
CBDDTY010004164.1	1	2000	2	305	15.25	0.209	33	34
CBDDTY010004165.1	1	2000	1	107	5.35	0.0535	39.4	8
CBDDTY010004166.1	1	2000	4	854	42.7	0.531	37.7	57.2
CBDDTY010004167.1	1	2000	6	1221	61.05	0.963	32.2	44.2
CBDDTY010004168.1	1	2000	7	805	40.25	0.7115	28.9	53.7
CBDDTY010004169.1	1	2000	30	1314	65.7	3.8215	28.4	1.83
CBDDTY010004171.1	1	2000	11	1329	66.45	1.364	35.2	24.7
CBDDTY010004172.1	1	2000	1	323	16.15	0.1615	35.3	60
CBDDTY010004173.1	1	2000	12	1290	64.5	1.401	31.4	36.3
CBDDTY010004174.1	1	2000	1	122	6.1	0.061	33.8	17
CBDDTY010004175.1	1	2000	4	489	24.45	0.3665	34.8	60
CBDDTY010004176.1	1	2000	6	985	49.25	0.5775	30.3	44.7
CBDDTY010004177.1	1	2000	6	746	37.3	0.471	28.4	22.7
CBDDTY010004178.1	1	2000	13	1280	64	1.179	31	17.3
CBDDTY010004179.1	1	2000	55	1901	95.05	6.031	31	24.3
CBDDTY010004180.1	1	2000	11	927	46.35	0.8215	31.9	25.8
CBDDTY010004181.1	1	2000	3	1223	61.15	0.6115	31.5	4.33
CBDDTY010004182.1	1	2000	2	393	19.65	0.1965	30.8	26.5
CBDDTY010004184.1	1	2000	4	1007	50.35	0.8415	30.6	23.5
CBDDTY010004185.1	1	2000	1	161	8.05	0.0805	26.2	11
CBDDTY010004186.1	1	2000	4	1008	50.4	0.562	33	50
CBDDTY010004187.1	1	2000	2	219	10.95	0.1095	30.3	30.5
CBDDTY010004189.1	1	2000	5	683	34.15	0.564	28.4	10.2
CBDDTY010004190.1	1	2000	10	1527	76.35	1.206	32.2	47.6
CBDDTY010004191.1	1	2000	4	701	35.05	0.469	30.7	28.8
CBDDTY010004193.1	1	2000	16	1350	67.5	1.9105	32.6	6.38
CBDDTY010004194.1	1	2000	3	509	25.45	0.2545	34.8	4.67
CBDDTY010004195.1	1	2000	2	299	14.95	0.164	27.4	49
CBDDTY010004196.1	1	2000	11	1127	56.35	1.168	31	32.2
CBDDTY010004197.1	1	2000	1	156	7.8	0.078	32.4	22
CBDDTY010004198.1	1	2000	12	1625	81.25	1.4465	32.2	39.9
CBDDTY010004200.1	1	2000	9	799	39.95	0.677	34.3	50.2
CBDDTY010004201.1	1	2000	14	931	46.55	1.249	29.1	44.7
CBDDTY010004202.1	1	2000	1	197	9.85	0.0985	29.6	0
CBDDTY010004203.1	1	2000	9	526	26.3	0.809	31.6	17.6
CBDDTY010004204.1	1	2000	19	1553	77.65	1.915	32.5	28.4
CBDDTY010004205.1	1	2000	8	1165	58.25	0.6655	31.9	36.8
CBDDTY010004206.1	1	2000	3	625	31.25	0.3125	33.7	32
CBDDTY010004208.1	1	2000	1	450	22.5	0.225	31.9	10
CBDDTY010004209.1	1	2000	4	629	31.45	0.364	31.7	19.2
CBDDTY010004210.1	1	2000	5	983	49.15	0.534	33	51.8
CBDDTY010004211.1	1	2000	5	1116	55.8	0.63	31.6	60
CBDDTY010004212.1	1	2000	8	1152	57.6	0.769	31.6	48
CBDDTY010004213.1	1	2000	15	1446	72.3	1.496	30.9	30.7
CBDDTY010004214.1	1	2000	3	630	31.5	0.452	30.1	30.3
CBDDTY010004215.1	1	2000	15	1171	58.55	1.513	29.5	43.5
CBDDTY010004216.1	1	2000	1	266	13.3	0.133	29	12
CBDDTY010004217.1	1	2000	4	291	14.55	0.385	35.1	32.5
CBDDTY010004218.1	1	2000	5	726	36.3	0.472	28.2	29.2
CBDDTY010004219.1	1	2000	1	185	9.25	0.0925	30.5	12
CBDDTY010004220.1	1	2000	4	717	35.85	0.4435	28.1	1
CBDDTY010004221.1	1	2000	5	909	45.45	0.4545	29	28.6
CBDDTY010004222.1	1	2000	1	186	9.3	0.093	34	39
CBDDTY010004223.1	1	2000	12	1634	81.7	1.401	30.6	55.8
CBDDTY010004224.1	1	2000	9	848	42.4	1.028	32.8	52.2
CBDDTY010004225.1	1	2000	5	995	49.75	0.5585	30.6	9.4
CBDDTY010004226.1	1	2000	3	1017	50.85	0.604	33.8	48.3
CBDDTY010004227.1	1	2000	184	1995	99.75	18.826	30.5	47.3
CBDDTY010004228.1	1	2000	1	143	7.15	0.0715	22.7	1
CBDDTY010004229.1	1	1983	3	408	20.5749	0.205749	37.3	0.667
CBDDTY010004230.1	1	2000	4	473	23.65	0.3475	32.2	20.2
CBDDTY010004231.1	1	2000	4	720	36	0.455	29.7	57
CBDDTY010004232.1	1	2000	8	1174	58.7	1.063	27.5	33.9
CBDDTY010004233.1	1	2000	4	403	20.15	0.381	37.6	60
CBDDTY010004234.1	1	2000	8	878	43.9	0.863	30.8	0.5
CBDDTY010004235.1	1	2000	10	975	48.75	1.016	31.5	29.5
CBDDTY010004236.1	1	2000	2	331	16.55	0.1655	26.9	2
CBDDTY010004237.1	1	2000	1	281	14.05	0.1405	33.2	1
CBDDTY010004238.1	1	2000	2	176	8.8	0.088	38.7	1
CBDDTY010004239.1	1	2000	9	676	33.8	1.1105	33.4	16.6
CBDDTY010004241.1	1	2000	27	1089	54.45	3.2665	34.1	9.48
CBDDTY010004242.1	1	2000	8	1062	53.1	0.8425	27	34.8
CBDDTY010004243.1	1	2000	8	1154	57.7	0.9115	35.4	46.2
CBDDTY010004244.1	1	2000	8	1387	69.35	0.8615	31.4	40.8
CBDDTY010004245.1	1	2000	7	727	36.35	0.5245	30.3	33
CBDDTY010004246.1	1	2000	7	534	26.7	0.5125	34.2	19.3
CBDDTY010004247.1	1	2000	25	1531	76.55	2.6365	33.1	7.64
CBDDTY010004248.1	1	2000	6	859	42.95	0.4965	28.7	44.7
CBDDTY010004249.1	1	2000	3	405	20.25	0.2215	26.8	33.3
CBDDTY010004250.1	1	2000	4	1046	52.3	0.702	30.9	60
CBDDTY010004251.1	1	2000	2	331	16.55	0.1655	34.4	4
CBDDTY010004252.1	1	2000	5	904	45.2	0.452	32.7	37.4
CBDDTY010004254.1	1	2000	2	408	20.4	0.2385	31.8	3.5
CBDDTY010004255.1	1	2000	1	122	6.1	0.061	37.7	4
CBDDTY010004256.1	1	2000	8	1232	61.6	0.899	26.1	54.2
CBDDTY010004257.1	1	2000	40	1897	94.85	4.08	30.3	8.7
CBDDTY010004258.1	1	2000	11	1010	50.5	1.259	30.5	7.45
CBDDTY010004259.1	1	2000	5	773	38.65	0.5405	32.5	25.6
CBDDTY010004260.1	1	2000	2	183	9.15	0.0915	27.1	0
CBDDTY010004262.1	1	2000	4	817	40.85	0.4085	30.7	48.5
CBDDTY010004263.1	1	2000	5	741	37.05	0.615	35	46.4
CBDDTY010004264.1	1	2000	2	235	11.75	0.1175	32.4	9
CBDDTY010004265.1	1	2000	3	525	26.25	0.317	30	44.7
CBDDTY010004266.1	1	2000	5	429	21.45	0.406	34.9	53.6
CBDDTY010004267.1	1	2000	9	930	46.5	0.894	29.9	4.56
CBDDTY010004268.1	1	2000	5	1064	53.2	0.5615	26.5	26.6
CBDDTY010004269.1	1	2000	2	383	19.15	0.1915	33.3	60
CBDDTY010004270.1	1	2000	1	118	5.9	0.059	29.1	1
CBDDTY010004271.1	1	2000	8	745	37.25	0.932	29.4	2.38
CBDDTY010004272.1	1	2000	4	635	31.75	0.437	32.8	34
CBDDTY010004273.1	1	2000	10	976	48.8	1.037	32.1	22.6
CBDDTY010004274.1	1	2000	9	1409	70.45	1.1655	26.1	41.9
CBDDTY010004275.1	1	2000	47	1836	91.8	4.639	31.2	11.5
CBDDTY010004276.1	1	2000	1	135	6.75	0.0675	34	1
CBDDTY010004277.1	1	2000	4	328	16.4	0.2705	33.7	10
CBDDTY010004278.1	1	2000	6	902	45.1	0.563	27.5	34.7
CBDDTY010004279.1	1	2000	6	837	41.85	0.627	32.1	60
CBDDTY010004280.1	1	2000	5	339	16.95	0.5855	31.6	3
CBDDTY010004281.1	1	2000	3	615	30.75	0.3755	25.9	1
CBDDTY010004283.1	1	2000	7	1135	56.75	0.844	33.2	54.9
CBDDTY010004285.1	1	2000	4	687	34.35	0.4265	30	60
CBDDTY010004286.1	1	2000	5	430	21.5	0.319	33.8	6.4
CBDDTY010004287.1	1	2000	4	865	43.25	0.4475	31.3	23.2
CBDDTY010004288.1	1	2000	8	666	33.3	1.111	31.5	36.5
CBDDTY010004289.1	1	2000	4	682	34.1	0.341	31.1	36.2
CBDDTY010004290.1	1	2000	5	841	42.05	0.6045	30	57.4
CBDDTY010004291.1	1	2000	7	575	28.75	0.6115	31.1	27.4
CBDDTY010004292.1	1	2000	6	1070	53.5	0.606	31.4	46.7
CBDDTY010004293.1	1	2000	1	297	14.85	0.1485	28.7	1
CBDDTY010004294.1	1	2000	30	1458	72.9	3.5075	32.2	28.4
CBDDTY010004295.1	1	2000	3	451	22.55	0.275	25.1	13.7
CBDDTY010004296.1	1	2000	10	1028	51.4	0.8485	31.6	56.8
CBDDTY010004297.1	1	2000	6	845	42.25	0.7275	32.9	0
CBDDTY010004298.1	1	2000	9	1182	59.1	1.2885	33.8	38.9
CBDDTY010004300.1	1	2000	1	494	24.7	0.247	22.3	34
CBDDTY010004301.1	1	2000	9	864	43.2	0.914	29.3	6.11
CBDDTY010004302.1	1	2000	3	523	26.15	0.2715	30.4	18.7
CBDDTY010004303.1	1	2000	4	1007	50.35	0.5055	33.8	3.25
CBDDTY010004304.1	1	2000	10	1142	57.1	0.9625	27.2	40.3
CBDDTY010004305.1	1	2000	4	912	45.6	0.4675	34.3	3.5
CBDDTY010004306.1	1	2000	5	904	45.2	0.5565	29.8	14
CBDDTY010004307.1	1	2000	7	981	49.05	1.1495	31.3	36.4
CBDDTY010004309.1	1	2000	4	385	19.25	0.3525	25.3	34.2
CBDDTY010004310.1	1	2000	10	1369	68.45	1.139	31.7	51.4
CBDDTY010004311.1	1	2000	8	762	38.1	0.8255	32	5.38
CBDDTY010004312.1	1	2000	2	468	23.4	0.234	32.9	57.5
CBDDTY010004313.1	1	2000	2	75	3.75	0.0715	33.3	0.5
CBDDTY010004314.1	1	2000	5	934	46.7	0.551	30.3	56.4
CBDDTY010004315.1	1	2000	9	702	35.1	0.7095	31.4	29.3
CBDDTY010004316.1	1	2000	3	1282	64.1	0.688	33.9	34.3
CBDDTY010004317.1	1	2000	4	444	22.2	0.3075	33.5	10
CBDDTY010004318.1	1	2000	3	541	27.05	0.4935	30.1	60
CBDDTY010004319.1	1	2000	1	120	6	0.06	36	14
CBDDTY010004320.1	1	2000	24	1101	55.05	2.432	30.8	2.17
CBDDTY010004321.1	1	2000	4	626	31.3	0.3445	33.4	30.2
CBDDTY010004322.1	1	2000	4	1006	50.3	0.588	29.4	39
CBDDTY010004323.1	1	2000	5	615	30.75	0.7945	32.3	30.4
CBDDTY010004324.1	1	2000	7	917	45.85	0.7935	32	32.7
CBDDTY010004325.1	1	2000	3	428	21.4	0.307	29.6	57
CBDDTY010004326.1	1	2000	9	1134	56.7	0.8585	31.6	40
CBDDTY010004327.1	1	2000	9	933	46.65	1.1315	30.9	52.6
CBDDTY010004328.1	1	2000	4	942	47.1	0.5715	34.3	35.5
CBDDTY010004329.1	1	2000	27	1655	82.75	2.733	33	13.4
CBDDTY010004330.1	1	2000	11	1452	72.6	1.3485	29.9	29.5
CBDDTY010004331.1	1	2000	21	1294	64.7	2.5845	29.2	39.4
CBDDTY010004332.1	1	2000	3	480	24	0.4245	36.2	27.7
CBDDTY010004333.1	1	2000	2	294	14.7	0.147	32.2	3
CBDDTY010004334.1	1	2000	15	1539	76.95	1.7495	30.6	16.1
CBDDTY010004336.1	1	2000	1	135	6.75	0.0675	38.7	0
CBDDTY010004337.1	1	2000	1	379	18.95	0.1895	27.4	60
CBDDTY010004338.1	1	2000	7	996	49.8	0.6925	31.3	43.3
CBDDTY010004339.1	1	2000	10	1484	74.2	1.55	31.3	21.7
CBDDTY010004340.1	1	2000	3	1063	53.15	0.57	32.7	34
CBDDTY010004342.1	1	2000	3	674	33.7	0.3605	32	18.7
CBDDTY010004344.1	1	2000	2	120	6	0.099	30.6	0.5
CBDDTY010004345.1	1	2000	5	486	24.3	0.4305	27.9	4
CBDDTY010004346.1	1	2000	9	931	46.55	0.8475	30.7	44.3
CBDDTY010004348.1	1	2000	4	880	44	0.468	31	31.8
CBDDTY010004349.1	1	2000	2	231	11.55	0.177	36.9	1.5
CBDDTY010004350.1	1	2000	11	1244	62.2	1.223	31.7	36
CBDDTY010004352.1	1	2000	1	148	7.4	0.074	35.3	60
CBDDTY010004353.1	1	2000	10	897	44.85	1.1745	31.2	2.2
CBDDTY010004354.1	1	2000	5	516	25.8	0.463	26	36
CBDDTY010004356.1	1	2000	7	1085	54.25	0.7515	31.7	37
CBDDTY010004358.1	1	2000	5	905	45.25	0.6425	30.4	50.8
CBDDTY010004359.1	1	2000	7	1055	52.75	0.8305	35.4	11.6
CBDDTY010004360.1	1	2000	4	695	34.75	0.4545	34.4	21.5
CBDDTY010004361.1	1	2000	6	1298	64.9	0.7135	34.2	50.7
CBDDTY010004363.1	1	2000	6	747	37.35	0.572	30.1	10.5
CBDDTY010004364.1	1	2000	19	1631	81.55	2.1275	35.3	44.7
CBDDTY010004365.1	1	2000	2	412	20.6	0.206	32.9	6
CBDDTY010004366.1	1	2000	5	377	18.85	0.395	33.2	47.8
CBDDTY010004367.1	1	2000	3	586	29.3	0.47	34.3	13.7
CBDDTY010004368.1	1	2000	2	342	17.1	0.171	32.6	34
CBDDTY010004369.1	1	2000	7	903	45.15	0.782	28.8	38
CBDDTY010004370.1	1	2000	1	208	10.4	0.104	32.8	1
CBDDTY010004371.1	1	2000	2	480	24	0.24	36.5	30.5
CBDDTY010004373.1	1	2000	5	771	38.55	0.3855	29.6	29.6
CBDDTY010004374.1	1	2000	6	771	38.55	0.7955	27.2	30.2
CBDDTY010004375.1	1	2000	3	383	19.15	0.234	32.1	11.7
CBDDTY010004376.1	1	2000	29	1888	94.4	2.81	28.5	36.1
CBDDTY010004377.1	1	2000	11	1134	56.7	1.3555	33.5	57.4
CBDDTY010004378.1	1	2000	38	1776	88.8	4.327	31	12.9
CBDDTY010004380.1	1	2000	7	1144	57.2	0.813	31.2	49.1
CBDDTY010004382.1	1	2000	1	146	7.3	0.073	23.7	60
CBDDTY010004383.1	1	2000	25	1711	85.55	2.485	29.5	14.4
CBDDTY010004384.1	1	2000	1	87	4.35	0.0435	24.5	31
CBDDTY010004385.1	1	2000	3	471	23.55	0.3185	31.1	37
CBDDTY010004386.1	1	2000	1	294	14.7	0.147	33.8	2
CBDDTY010004387.1	1	2000	4	784	39.2	0.45	33.9	45.2
CBDDTY010004388.1	1	2000	9	580	29	0.627	27.2	19.4
CBDDTY010004389.1	1	2000	8	1005	50.25	0.6795	35.1	33.8
CBDDTY010004390.1	1	2000	1	123	6.15	0.0615	41.7	52
CBDDTY010004391.1	1	2000	3	678	33.9	0.4415	27.9	60
CBDDTY010004392.1	1	2000	2	395	19.75	0.1975	29	58.5
CBDDTY010004393.1	1	2000	14	1333	66.65	1.449	29.9	9.36
CBDDTY010004394.1	1	2000	3	415	20.75	0.233	34.3	2
CBDDTY010004395.1	1	2000	6	908	45.4	0.6335	29.6	12.8
CBDDTY010004396.1	1	2000	4	652	32.6	0.429	32.5	8.5
CBDDTY010004399.1	1	2000	3	694	34.7	0.384	27.3	24.3
CBDDTY010004400.1	1	2000	69	1902	95.1	6.4535	31.7	24.6
CBDDTY010004401.1	1	2000	5	799	39.95	0.552	30.7	50.2
CBDDTY010004402.1	1	2000	7	907	45.35	0.7215	33.3	0.714
CBDDTY010004403.1	1	2000	5	789	39.45	0.5925	33.3	52.8
CBDDTY010004404.1	1	2000	3	552	27.6	0.276	29.7	56.3
CBDDTY010004405.1	1	2000	9	1302	65.1	0.939	30.3	13.7
CBDDTY010004406.1	1	2000	1	150	7.5	0.075	26.3	34
CBDDTY010004407.1	1	2000	13	1364	68.2	1.4745	32.4	11.9
CBDDTY010004408.1	1	2000	5	1110	55.5	0.5955	27.6	40.4
CBDDTY010004409.1	1	2000	1	291	14.55	0.1455	25.4	10
CBDDTY010004410.1	1	2000	12	1100	55	1.297	31.1	25.3
CBDDTY010004411.1	1	2000	6	693	34.65	0.46	31.4	30.5
CBDDTY010004412.1	1	2000	1	300	15	0.15	31.7	29
CBDDTY010004413.1	1	2000	2	486	24.3	0.243	22.5	57
CBDDTY010004414.1	1	2000	19	1448	72.4	1.982	30.8	15.4
CBDDTY010004415.1	1	2000	3	463	23.15	0.246	33.9	4.33
CBDDTY010004417.1	1	2000	3	906	45.3	0.453	33.7	53
CBDDTY010004418.1	1	2000	5	865	43.25	0.7595	30.5	3.4
CBDDTY010004422.1	1	2000	10	1243	62.15	1.127	31.6	51.7
CBDDTY010004423.1	1	2000	3	259	12.95	0.319	34.6	27.3
CBDDTY010004424.1	1	2000	5	624	31.2	0.593	32	14.4
CBDDTY010004425.1	1	2000	22	1474	73.7	2.5405	33.7	16.7
CBDDTY010004427.1	1	2000	2	401	20.05	0.2005	24.3	6.5
CBDDTY010004428.1	1	2000	3	273	13.65	0.284	30	2.33
CBDDTY010004429.1	1	2000	2	528	26.4	0.5175	30.7	60
CBDDTY010004431.1	1	2000	5	1013	50.65	0.581	32	24.6
CBDDTY010004433.1	1	2000	6	883	44.15	0.694	31.9	42.7
CBDDTY010004434.1	1	2000	13	955	47.75	1.4655	28.7	36.6
CBDDTY010004435.1	1	2000	7	703	35.15	0.641	31.2	45.4
CBDDTY010004436.1	1	2000	8	974	48.7	0.867	32.8	21.1
CBDDTY010004437.1	1	2000	6	874	43.7	0.946	31.5	11
CBDDTY010004438.1	1	2000	2	442	22.1	0.2245	29.7	4.5
CBDDTY010004439.1	1	2000	4	657	32.85	0.8215	32.9	60
CBDDTY010004440.1	1	2000	6	885	44.25	0.734	31.1	33.8
CBDDTY010004441.1	1	2000	10	1080	54	0.978	29.8	24.6
CBDDTY010004442.1	1	2000	1	135	6.75	0.0675	24	1
CBDDTY010004443.1	1	2000	1	234	11.7	0.117	34.5	4
CBDDTY010004444.1	1	2000	6	1163	58.15	0.8475	30.4	36.7
CBDDTY010004445.1	1	2000	7	943	47.15	0.6395	30.2	30
CBDDTY010004446.1	1	2000	6	1247	62.35	0.969	25.9	33.7
CBDDTY010004448.1	1	2000	3	554	27.7	0.313	23.8	47
CBDDTY010004449.1	1	2000	3	639	31.95	0.3195	27.1	25.3
CBDDTY010004450.1	1	2000	1	70	3.5	0.035	39.4	0
CBDDTY010004451.1	1	2000	7	482	24.1	0.529	34.3	11.4
CBDDTY010004452.1	1	2000	11	1076	53.8	1.553	29	9.82
CBDDTY010004453.1	1	2000	7	1189	59.45	1.075	31.2	33.9
CBDDTY010004454.1	1	2000	1	137	6.85	0.0685	36.1	8
CBDDTY010004455.1	1	2000	22	1496	74.8	2.088	31.4	45.4
CBDDTY010004456.1	1	2000	10	955	47.75	0.863	30.5	27.2
CBDDTY010004457.1	1	2000	9	1234	61.7	0.948	24.3	12.6
CBDDTY010004459.1	1	2000	1	73	3.65	0.0365	45.3	1
CBDDTY010004460.1	1	2000	7	1137	56.85	0.719	29.9	48.9
CBDDTY010004461.1	1	2000	4	426	21.3	0.3115	32.2	22
CBDDTY010004462.1	1	2000	1	340	17	0.17	35.3	60
CBDDTY010004463.1	1	2000	2	532	26.6	0.266	31.4	43
CBDDTY010004464.1	1	2000	1	151	7.55	0.0755	33	1
CBDDTY010004465.1	1	2000	5	786	39.3	0.4645	34.7	34.8
CBDDTY010004466.1	1	2000	18	1630	81.5	2.1015	30	50.6
CBDDTY010004467.1	1	2000	1	192	9.6	0.096	28.7	1
CBDDTY010004468.1	1	2000	5	755	37.75	0.659	33.1	38.6
CBDDTY010004469.1	1	2000	6	501	25.05	0.4155	34.5	0.5
CBDDTY010004470.1	1	2000	5	1019	50.95	0.5475	33.8	40.6
CBDDTY010004472.1	1	2000	9	1190	59.5	0.944	32.5	39.7
CBDDTY010004473.1	1	2000	7	700	35	0.5145	34.9	1.71
CBDDTY010004474.1	1	2000	18	1668	83.4	1.8545	32	23.4
CBDDTY010004475.1	1	2000	8	1096	54.8	0.7085	30.3	33.5
CBDDTY010004476.1	1	2000	13	1327	66.35	1.228	34.1	41.8
CBDDTY010004477.1	1	2000	1	178	8.9	0.089	29	1
CBDDTY010004479.1	1	2000	6	763	38.15	0.593	30.7	45.3
CBDDTY010004480.1	1	2000	7	429	21.45	0.4945	33	5.71
CBDDTY010004481.1	1	2000	5	600	30	0.4415	33.3	41.8
CBDDTY010004482.1	1	2000	14	1320	66	1.264	32.3	26.2
CBDDTY010004483.1	1	2000	3	351	17.55	0.2005	33.4	6
CBDDTY010004485.1	1	2000	13	1132	56.6	1.4125	32.8	34.1
CBDDTY010004486.1	1	2000	11	1199	59.95	0.924	30.4	1.55
CBDDTY010004487.1	1	2000	3	749	37.45	0.399	33.5	40.3
CBDDTY010004488.1	1	2000	3	347	17.35	0.1735	29.3	9.67
CBDDTY010004489.1	1	2000	5	868	43.4	0.518	33.4	39.2
CBDDTY010004490.1	1	2000	7	994	49.7	0.612	32	37.6
CBDDTY010004491.1	1	2000	1	170	8.5	0.085	41.3	0
CBDDTY010004492.1	1	2000	13	1893	94.65	1.6415	29.5	39
CBDDTY010004493.1	1	2000	6	680	34	0.616	28.5	49.3
CBDDTY010004494.1	1	2000	8	1082	54.1	1.1165	28.7	36.6
CBDDTY010004495.1	1	2000	12	772	38.6	1.4915	31	19.2
CBDDTY010004496.1	1	2000	1	210	10.5	0.105	27.7	1
CBDDTY010004497.1	1	2000	7	868	43.4	0.7225	31.7	33.9
CBDDTY010004500.1	1	2000	5	845	42.25	0.485	29.6	28.6
CBDDTY010004501.1	1	2000	1	144	7.2	0.072	34.2	24
CBDDTY010004502.1	1	2000	8	1370	68.5	1.1135	29.6	38.6
CBDDTY010004503.1	1	2000	8	1495	74.75	0.9735	31.5	50.2
CBDDTY010004504.1	1	2000	5	736	36.8	0.4595	28.8	49.6
CBDDTY010004505.1	1	2000	4	497	24.85	0.3545	30.3	23
CBDDTY010004506.1	1	2000	9	1161	58.05	1.1955	28	13.4
CBDDTY010004508.1	1	2000	8	882	44.1	0.7195	31.2	52.4
CBDDTY010004509.1	1	2000	6	937	46.85	0.76	27.1	41.3
CBDDTY010004510.1	1	2000	9	1204	60.2	1.055	36.3	43.2
CBDDTY010004511.1	1	2000	2	468	23.4	0.234	26.6	28.5
CBDDTY010004512.1	1	2000	18	985	49.25	1.54	32.4	4
CBDDTY010004513.1	1	2000	6	614	30.7	0.433	32	14.8
CBDDTY010004514.1	1	2000	3	588	29.4	0.294	31.4	33.3
CBDDTY010004515.1	1	2000	1	144	7.2	0.072	27.1	14
CBDDTY010004516.1	1	2000	4	750	37.5	0.626	30.8	60
CBDDTY010004517.1	1	2000	4	552	27.6	0.339	30.3	38.5
CBDDTY010004518.1	1	2000	5	1091	54.55	0.7115	31.3	36.4
CBDDTY010004520.1	1	2000	4	478	23.9	0.2875	35.7	41.5
CBDDTY010004521.1	1	2000	17	1335	66.75	1.5345	31.1	16.1
CBDDTY010004522.1	1	2000	2	377	18.85	0.1885	36.9	27
CBDDTY010004523.1	1	2000	3	160	8	0.1305	39.7	4.67
CBDDTY010004524.1	1	2000	4	560	28	0.384	27.1	33
CBDDTY010004525.1	1	2000	7	809	40.45	0.587	33.4	22.7
CBDDTY010004526.1	1	2000	4	702	35.1	0.4885	29.7	44.5
CBDDTY010004527.1	1	2000	1	113	5.65	0.0565	31.3	1
CBDDTY010004528.1	1	2000	3	471	23.55	0.2355	22.9	34.3
CBDDTY010004529.1	1	2000	3	362	18.1	0.3405	36.5	60
CBDDTY010004530.1	1	2000	2	108	5.4	0.095	33.4	6.5
CBDDTY010004531.1	1	2000	41	1890	94.5	5.069	31	25
CBDDTY010004532.1	1	2000	16	807	40.35	1.223	31.9	1.69
CBDDTY010004533.1	1	2000	12	1010	50.5	1.1375	32.2	40.1
CBDDTY010004534.1	1	2000	8	1208	60.4	1.047	29	49.6
CBDDTY010004535.1	1	2000	11	1312	65.6	1.0455	30.8	33.7
CBDDTY010004536.1	1	2000	5	892	44.6	0.5935	32.9	60
CBDDTY010004537.1	1	2000	5	807	40.35	0.595	27.7	53.8
CBDDTY010004538.1	1	2000	6	1054	52.7	0.595	25.7	56
CBDDTY010004539.1	1	2000	5	1052	52.6	0.615	30.3	18.4
CBDDTY010004540.1	1	2000	3	426	21.3	0.2935	34.5	20.7
CBDDTY010004541.1	1	2000	1	111	5.55	0.0555	26.1	8
CBDDTY010004543.1	1	2000	1	158	7.9	0.079	22.1	1
CBDDTY010004544.1	1	2000	4	219	10.95	0.2345	30.9	0
CBDDTY010004545.1	1	2000	6	980	49	0.685	31.3	47.7
CBDDTY010004546.1	1	2000	1	304	15.2	0.152	29.3	60
CBDDTY010004547.1	1	2000	44	1895	94.75	4.633	30.8	12.1
CBDDTY010004548.1	1	2000	13	1691	84.55	1.4215	31	52.5
CBDDTY010004549.1	1	2000	5	770	38.5	0.45	31.3	19.4
CBDDTY010004550.1	1	2000	9	1145	57.25	0.86	33.5	33
CBDDTY010004551.1	1	2000	1	137	6.85	0.0685	31.7	60
CBDDTY010004552.1	1	2000	7	835	41.75	0.569	32.8	20.1
CBDDTY010004553.1	1	2000	20	1249	62.45	2.4435	31	13.6
CBDDTY010004554.1	1	2000	2	127	6.35	0.1185	38.3	0
CBDDTY010004555.1	1	2000	9	1070	53.5	0.895	27.3	55.6
CBDDTY010004556.1	1	2000	10	1652	82.6	1.2635	31.7	55.7
CBDDTY010004557.1	1	2000	6	908	45.4	0.587	31.2	40.3
CBDDTY010004558.1	1	2000	8	984	49.2	0.708	32.3	22.6
CBDDTY010004559.1	1	2000	8	1161	58.05	0.6455	31	38.6
CBDDTY010004561.1	1	2000	12	1140	57	1.207	28.2	28.2
CBDDTY010004562.1	1	2000	18	1492	74.6	1.837	33	50.6
CBDDTY010004564.1	1	2000	5	803	40.15	0.4615	33.4	12.6
CBDDTY010004565.1	1	2000	1	200	10	0.1	17.3	29
CBDDTY010004566.1	1	2000	9	1208	60.4	1.1855	32.4	31.7
CBDDTY010004567.1	1	2000	6	777	38.85	0.5455	32.6	24.8
CBDDTY010004568.1	1	2000	1	105	5.25	0.0525	34.4	1
CBDDTY010004569.1	1	2000	1	198	9.9	0.099	18.6	30
CBDDTY010004570.1	1	2000	2	296	14.8	0.148	39.1	13.5
CBDDTY010004571.1	1	2000	9	1269	63.45	0.8595	30.9	49.2
CBDDTY010004572.1	1	2000	14	1375	68.75	1.594	31.8	15.4
CBDDTY010004573.1	1	2000	1	134	6.7	0.067	20.1	1
CBDDTY010004574.1	1	2000	20	1349	67.45	1.8605	31.3	44.5
CBDDTY010004575.1	1	2000	3	285	14.25	0.282	31	3.67
CBDDTY010004576.1	1	2000	11	1325	66.25	0.8725	28.8	38.7
CBDDTY010004578.1	1	2000	3	445	22.25	0.269	34.8	57.7
CBDDTY010004579.1	1	2000	3	409	20.45	0.2395	33.4	40.7
CBDDTY010004580.1	1	2000	1	169	8.45	0.0845	33.3	60
CBDDTY010004581.1	1	2000	2	253	12.65	0.1265	21.9	17.5
CBDDTY010004583.1	1	2000	1	70	3.5	0.035	36.8	4
CBDDTY010004584.1	1	2000	17	1556	77.8	1.829	32.2	40.1
CBDDTY010004585.1	1	2000	7	796	39.8	0.6355	29.3	30.6
CBDDTY010004586.1	1	2000	18	1382	69.1	1.8975	29.8	17.7
CBDDTY010004587.1	1	2000	1	182	9.1	0.091	19.7	14
CBDDTY010004588.1	1	2000	7	1085	54.25	0.762	32.9	32
CBDDTY010004589.1	1	2000	4	719	35.95	0.3945	29.2	49.5
CBDDTY010004590.1	1	2000	12	1026	51.3	1.0065	31.6	13
CBDDTY010004592.1	1	2000	6	1082	54.1	0.6735	28.9	48.8
CBDDTY010004593.1	1	2000	9	1437	71.85	1.2115	31.1	57.2
CBDDTY010004594.1	1	2000	4	636	31.8	0.318	30.8	37.8
CBDDTY010004595.1	1	2000	22	884	44.2	2.3375	31	5.27
CBDDTY010004596.1	1	2000	6	661	33.05	0.469	30.9	5.17
CBDDTY010004597.1	1	2000	5	963	48.15	0.5165	31.6	49.6
CBDDTY010004598.1	1	2000	11	656	32.8	1.183	31.8	13.4
CBDDTY010004600.1	1	2000	4	707	35.35	0.383	26.3	12
CBDDTY010004601.1	1	2000	8	1171	58.55	0.865	30	43.8
CBDDTY010004602.1	1	2000	3	452	22.6	0.3655	34.7	48
CBDDTY010004606.1	1	1000	4	351	35.1	0.527	36.9	11.5
CBDDTY010004609.1	1	1000	2	232	23.2	0.232	32.2	0
CBDDTY010004611.1	1	1000	7	763	76.3	1.726	29.5	43.6
CBDDTY010004612.1	1	1000	5	427	42.7	0.752	31.1	48.6
CBDDTY010004613.1	1	1000	2	296	29.6	0.296	36.4	33.5
CBDDTY010004615.1	1	1000	2	338	33.8	0.472	32.9	5.5
CBDDTY010004616.1	1	1000	8	785	78.5	1.656	27.4	51.4
CBDDTY010004617.1	1	1000	3	612	61.2	0.612	34.3	5.33
CBDDTY010004618.1	1	1000	4	507	50.7	0.692	36.3	34.2
CBDDTY010004619.1	1	1000	1	254	25.4	0.254	27.3	60
CBDDTY010004620.1	1	1000	1	82	8.2	0.082	32.5	6
CBDDTY010004621.1	1	1000	1	172	17.2	0.172	25	60
CBDDTY010004624.1	1	1000	5	946	94.6	1.437	33.1	50.4
CBDDTY010004627.1	1	1000	15	359	35.9	2.826	31.4	1.87
CBDDTY010004628.1	1	1000	2	411	41.1	0.411	39.1	60
CBDDTY010004629.1	1	1000	8	798	79.8	1.72	31	30.6
CBDDTY010004630.1	1	1000	5	463	46.3	0.907	30.7	7.8
CBDDTY010004631.1	1	1000	1	119	11.9	0.119	31.7	14
CBDDTY010004632.1	1	1000	3	346	34.6	0.582	33.9	40.3
CBDDTY010004634.1	1	1000	1	114	11.4	0.114	39	1
CBDDTY010004636.1	1	1000	2	428	42.8	0.428	35.9	48.5
CBDDTY010004637.1	1	1000	2	176	17.6	0.176	28.2	0.5
CBDDTY010004638.1	1	1000	2	307	30.7	0.441	34.5	60
CBDDTY010004639.1	1	1000	4	445	44.5	0.738	30.3	43.2
CBDDTY010004640.1	1	1000	2	337	33.7	0.44	28.1	20
CBDDTY010004641.1	1	1000	2	601	60.1	0.601	27.2	44
CBDDTY010004642.1	1	1000	4	353	35.3	0.604	34.6	0
CBDDTY010004643.1	1	1000	12	997	99.7	3.219	29	41.2
CBDDTY010004644.1	1	1000	2	393	39.3	0.509	28.9	60
CBDDTY010004645.1	1	1000	14	768	76.8	2.996	29.1	18.1
CBDDTY010004646.1	1	1000	2	371	37.1	0.409	27.4	60
CBDDTY010004647.1	1	1000	2	216	21.6	0.355	33.5	59.5
CBDDTY010004649.1	1	1000	25	788	78.8	5.278	30	7.24
CBDDTY010004650.1	1	1000	2	329	32.9	0.329	33.6	44
CBDDTY010004651.1	1	1000	22	638	63.8	3.723	32.7	6.82
CBDDTY010004652.1	1	1000	5	465	46.5	0.876	31.7	32.6
CBDDTY010004653.1	1	1000	2	348	34.8	0.456	36	60
CBDDTY010004654.1	1	1000	2	411	41.1	0.411	29.7	45
CBDDTY010004655.1	1	1000	4	695	69.5	0.896	28.9	16.8
CBDDTY010004656.1	1	1000	5	565	56.5	0.847	31.1	52.8
CBDDTY010004657.1	1	1000	8	861	86.1	2.326	31.7	34.9
CBDDTY010004658.1	1	1000	8	805	80.5	1.977	30.7	51.6
CBDDTY010004659.1	1	1000	4	699	69.9	1.197	33.3	60
CBDDTY010004660.1	1	1000	8	267	26.7	0.971	32	3.88
CBDDTY010004661.1	1	1000	2	147	14.7	0.257	32	14
CBDDTY010004662.1	1	1000	2	524	52.4	0.524	32.7	60
CBDDTY010004663.1	1	1000	2	365	36.5	0.365	36.9	54.5
CBDDTY010004664.1	1	1000	2	326	32.6	0.485	36.7	60
CBDDTY010004665.1	1	1000	2	232	23.2	0.232	38.5	15.5
CBDDTY010004666.1	1	1000	4	375	37.5	0.667	32.2	37
CBDDTY010004668.1	1	1000	4	592	59.2	1.187	30.1	29
CBDDTY010004669.1	1	1000	3	289	28.9	0.357	33.1	21.3
CBDDTY010004670.1	1	1000	5	745	74.5	1.135	29.8	60
CBDDTY010004671.1	1	1000	2	354	35.4	0.354	25.6	37.5
CBDDTY010004672.1	1	1000	4	232	23.2	0.604	26	10.2
CBDDTY010004673.1	1	1000	1	150	15	0.15	26.4	1
CBDDTY010004674.1	1	1000	2	259	25.9	0.259	36.6	1
CBDDTY010004675.1	1	1000	3	298	29.8	0.505	34.1	4.33
CBDDTY010004676.1	1	1000	2	459	45.9	0.459	33.6	54.5
CBDDTY010004677.1	1	1000	4	597	59.7	0.994	30.2	52.8
CBDDTY010004679.1	1	1000	1	163	16.3	0.163	37.8	30
CBDDTY010004680.1	1	1000	16	867	86.7	3.292	32.8	43.9
CBDDTY010004681.1	1	1000	4	845	84.5	1.118	33.4	35.2
CBDDTY010004685.1	1	1000	17	990	99	4.165	30.1	17.7
CBDDTY010004686.1	1	1000	4	577	57.7	0.995	27.3	45.2
CBDDTY010004688.1	1	1000	5	598	59.8	1.167	32.8	48
CBDDTY010004689.1	1	1000	7	609	60.9	0.845	32.6	1.57
CBDDTY010004690.1	1	1000	1	177	17.7	0.177	21.6	1
CBDDTY010004691.1	1	1000	10	834	83.4	2.524	33.3	50.8
CBDDTY010004692.1	1	1000	5	738	73.8	1.505	25.2	49
CBDDTY010004693.1	1	1000	2	453	45.3	0.453	31.3	30.5
CBDDTY010004694.1	1	1000	1	110	11	0.11	35.3	21
CBDDTY010004695.1	1	1000	4	375	37.5	0.802	29.2	29.2
CBDDTY010004696.1	1	1000	9	684	68.4	1.55	31.5	22.9
CBDDTY010004697.1	1	1000	2	221	22.1	0.221	33.2	34
CBDDTY010004699.1	1	1000	3	406	40.6	0.415	31.7	18
CBDDTY010004700.1	1	1000	12	869	86.9	2.685	28.2	9.33
CBDDTY010004701.1	1	1000	7	812	81.2	1.374	31.5	59.6
CBDDTY010004702.1	1	1000	1	169	16.9	0.169	24.9	1
CBDDTY010004703.1	1	1000	3	309	30.9	0.435	33.8	47.3
CBDDTY010004705.1	1	1000	3	536	53.6	0.693	30.4	42.3
CBDDTY010004707.1	1	1000	4	512	51.2	0.791	29.8	20.2
CBDDTY010004708.1	1	1000	16	624	62.4	3.395	29.3	4.69
CBDDTY010004709.1	1	1000	6	730	73	1.03	32.5	25.5
CBDDTY010004710.1	1	1000	1	159	15.9	0.159	34.4	60
CBDDTY010004711.1	1	1000	7	527	52.7	1.35	28.3	8.43
CBDDTY010004712.1	1	1000	1	124	12.4	0.124	31.5	0
CBDDTY010004713.1	1	1000	1	114	11.4	0.114	33.1	0
CBDDTY010004714.1	1	1000	2	280	28	0.403	33	52.5
CBDDTY010004716.1	1	1000	3	487	48.7	0.751	40	54.7
CBDDTY010004717.1	1	1000	2	186	18.6	0.186	34.7	5
CBDDTY010004718.1	1	1000	1	157	15.7	0.157	24.4	16
CBDDTY010004720.1	1	1000	5	593	59.3	0.798	29.2	22.6
CBDDTY010004721.1	1	1000	4	647	64.7	0.972	32.5	12
CBDDTY010004722.1	1	1000	3	379	37.9	0.483	28	20.7
CBDDTY010004723.1	1	1000	6	645	64.5	1.053	30.2	18.8
CBDDTY010004724.1	1	1000	1	134	13.4	0.134	26.1	1
CBDDTY010004725.1	1	1000	2	618	61.8	0.618	22.7	39.5
CBDDTY010004726.1	1	1000	8	565	56.5	1.933	27.1	0.625
CBDDTY010004727.1	1	1000	1	141	14.1	0.141	35	0
CBDDTY010004728.1	1	1000	3	434	43.4	0.481	37.1	29
CBDDTY010004729.1	1	1000	6	457	45.7	1.047	26.5	0.5
CBDDTY010004730.1	1	1000	3	411	41.1	0.411	30.4	36.3
CBDDTY010004731.1	1	1000	3	454	45.4	0.586	30.6	33.7
CBDDTY010004732.1	1	1000	3	234	23.4	0.354	26	1.67
CBDDTY010004734.1	1	1000	9	951	95.1	1.834	31.3	41.1
CBDDTY010004735.1	1	1000	1	197	19.7	0.197	28.6	1
CBDDTY010004737.1	1	1000	3	427	42.7	0.499	30.7	32
CBDDTY010004738.1	1	1000	2	391	39.1	0.5	28.4	60
CBDDTY010004740.1	1	1000	1	745	74.5	0.745	34.8	60
CBDDTY010004741.1	1	1000	1	325	32.5	0.325	24.2	57
CBDDTY010004743.1	1	1000	7	399	39.9	1.082	33.2	26.4
CBDDTY010004744.1	1	1000	6	672	67.2	0.914	30.6	36.2
CBDDTY010004745.1	1	1000	19	824	82.4	3.416	32.4	38.7
CBDDTY010004746.1	1	1000	1	249	24.9	0.249	29.6	60
CBDDTY010004748.1	1	1000	1	208	20.8	0.208	39	0
CBDDTY010004749.1	1	1000	6	492	49.2	1.321	31.5	34.5
CBDDTY010004750.1	1	1000	2	177	17.7	0.295	31.3	32.5
CBDDTY010004752.1	1	1000	2	450	45	0.45	33.9	31
CBDDTY010004753.1	1	1000	1	178	17.8	0.178	24.6	0
CBDDTY010004754.1	1	1000	1	364	36.4	0.364	31.5	60
CBDDTY010004755.1	1	1000	5	711	71.1	1.145	27.5	49.8
CBDDTY010004756.1	1	1000	2	353	35.3	0.582	31.8	12
CBDDTY010004757.1	1	1000	4	315	31.5	0.575	34.4	9.75
CBDDTY010004758.1	1	1000	5	612	61.2	1.106	29.9	23.4
CBDDTY010004760.1	1	1000	5	537	53.7	0.782	29.4	0.6
CBDDTY010004761.1	1	1000	7	833	83.3	1.932	31.4	3.29
CBDDTY010004762.1	1	1000	2	343	34.3	0.343	36.5	3.5
CBDDTY010004763.1	1	1000	5	449	44.9	0.827	33.7	20.2
CBDDTY010004764.1	1	1000	2	374	37.4	0.585	38.2	41.5
CBDDTY010004765.1	1	1000	3	343	34.3	0.471	32.7	10
CBDDTY010004766.1	1	1000	4	720	72	1.118	32.1	22.8
CBDDTY010004767.1	1	1000	4	377	37.7	0.554	33.5	15.2
CBDDTY010004769.1	1	1000	1	180	18	0.18	36.2	1
CBDDTY010004770.1	1	1000	9	391	39.1	2.024	31.1	0.444
CBDDTY010004772.1	1	1000	3	718	71.8	0.821	24.9	37.3
CBDDTY010004774.1	1	1000	4	448	44.8	0.762	29.9	16.2
CBDDTY010004775.1	1	1000	3	752	75.2	0.955	30.6	60
CBDDTY010004777.1	1	1000	2	497	49.7	0.497	30.6	13
CBDDTY010004779.1	1	1000	6	509	50.9	0.918	30.7	23.2
CBDDTY010004780.1	1	1000	2	471	47.1	0.471	26.9	32.5
CBDDTY010004782.1	1	1000	2	202	20.2	0.26	25.6	19.5
CBDDTY010004784.1	1	1000	14	838	83.8	3.29	27.9	48.6
CBDDTY010004785.1	1	1000	1	63	6.3	0.063	32.2	18
CBDDTY010004786.1	1	1000	14	668	66.8	2.817	30.2	11.7
CBDDTY010004787.1	1	1000	2	471	47.1	0.471	31.2	60
CBDDTY010004790.1	1	1000	7	717	71.7	1.988	30.7	16.1
CBDDTY010004791.1	1	1000	2	180	18	0.231	34.1	4
CBDDTY010004792.1	1	1000	1	193	19.3	0.193	43.9	53
CBDDTY010004793.1	1	1000	2	190	19	0.27	33.5	1
CBDDTY010004794.1	1	1000	10	992	99.2	2.196	28	48.5
CBDDTY010004795.1	1	1000	3	266	26.6	0.37	33.7	5
CBDDTY010004796.1	1	1000	1	97	9.7	0.097	35	1
CBDDTY010004797.1	1	1000	22	871	87.1	4.91	31	5.95
CBDDTY010004798.1	1	1000	6	610	61	0.888	30.6	11.3
CBDDTY010004800.1	1	1000	2	343	34.3	0.343	31.4	30.5
CBDDTY010004801.1	1	1000	6	441	44.1	1.053	24.6	8.5
CBDDTY010004803.1	1	1000	1	84	8.4	0.084	25.3	0
CBDDTY010004804.1	1	1000	1	125	12.5	0.125	32.2	60
CBDDTY010004805.1	1	1000	4	750	75	0.893	28.8	23.2
CBDDTY010004806.1	1	1000	5	680	68	1.028	29.4	38
CBDDTY010004809.1	1	1000	32	814	81.4	7.372	30.4	15.1
CBDDTY010004810.1	1	1000	6	762	76.2	1.367	30.5	4.67
CBDDTY010004811.1	1	1000	13	889	88.9	3.367	29.7	51.9
CBDDTY010004812.1	1	1000	3	318	31.8	0.805	37.8	54
CBDDTY010004814.1	1	1000	1	155	15.5	0.155	31.6	44
CBDDTY010004815.1	1	1000	4	643	64.3	0.955	28.5	56.2
CBDDTY010004816.1	1	1000	2	302	30.2	0.342	31.2	8
CBDDTY010004819.1	1	1000	6	256	25.6	0.919	33.8	2.5
CBDDTY010004821.1	1	1000	2	270	27	0.27	28.2	27
CBDDTY010004822.1	1	1000	1	255	25.5	0.255	36.6	0
CBDDTY010004823.1	1	1000	11	612	61.2	2.423	31	5
CBDDTY010004824.1	1	1000	2	423	42.3	0.509	26.3	5
CBDDTY010004825.1	1	1000	16	775	77.5	2.392	32.6	7.75
CBDDTY010004826.1	1	1000	2	289	28.9	0.289	32.7	16.5
CBDDTY010004827.1	1	1000	3	202	20.2	0.385	26.9	16
CBDDTY010004829.1	1	1000	1	154	15.4	0.154	28.4	1
CBDDTY010004831.1	1	1000	3	405	40.5	0.528	31.3	4
CBDDTY010004832.1	1	1000	1	300	30	0.3	30.8	60
CBDDTY010004833.1	1	1000	2	694	69.4	0.843	35.4	60
CBDDTY010004834.1	1	1000	2	420	42	0.57	26.2	1
CBDDTY010004835.1	1	1000	3	570	57	0.575	35.4	1
CBDDTY010004837.1	1	1000	1	140	14	0.14	32.3	52
CBDDTY010004838.1	1	1000	16	789	78.9	3.18	32.2	6.69
CBDDTY010004840.1	1	1000	5	376	37.6	0.946	27	37
CBDDTY010004842.1	1	1000	1	220	22	0.22	30.1	36
CBDDTY010004843.1	1	1000	4	613	61.3	0.624	32.9	8
CBDDTY010004844.1	1	1000	1	102	10.2	0.102	43.1	0
CBDDTY010004847.1	1	1000	13	845	84.5	3.01	30.9	14.5
CBDDTY010004848.1	1	1000	2	354	35.4	0.354	33.9	26
CBDDTY010004849.1	1	1000	5	519	51.9	1.019	28.3	0.8
CBDDTY010004850.1	1	1000	5	537	53.7	0.741	34.3	37.6
CBDDTY010004851.1	1	1000	5	403	40.3	0.712	30.4	8.2
CBDDTY010004854.1	1	1000	9	535	53.5	1.337	31.1	8.67
CBDDTY010004856.1	1	1000	1	165	16.5	0.165	26	40
CBDDTY010004857.1	1	1000	1	188	18.8	0.188	37.1	32
CBDDTY010004858.1	1	1000	4	447	44.7	0.592	27.3	18.5
CBDDTY010004859.1	1	1000	3	366	36.6	0.502	35.6	57.3
CBDDTY010004860.1	1	1000	2	490	49	0.541	29.1	5
CBDDTY010004862.1	1	1000	1	187	18.7	0.187	38.3	60
CBDDTY010004863.1	1	1000	6	635	63.5	1.195	32.7	36.5
CBDDTY010004864.1	1	1000	3	455	45.5	0.604	33.9	23
CBDDTY010004865.1	1	1000	7	889	88.9	2.086	30.3	28.7
CBDDTY010004866.1	1	1000	10	812	81.2	2.052	32.8	45.9
CBDDTY010004867.1	1	1000	3	443	44.3	0.472	30.9	41.7
CBDDTY010004868.1	1	1000	1	222	22.2	0.222	25.6	1
CBDDTY010004871.1	1	1000	1	198	19.8	0.198	23.8	52
CBDDTY010004873.1	1	1000	2	261	26.1	0.288	36.3	38
CBDDTY010004874.1	1	1000	2	380	38	0.623	37.5	25
CBDDTY010004876.1	1	1000	5	913	91.3	1.258	29.5	14.4
CBDDTY010004877.1	1	1000	7	890	89	1.912	29.6	60
CBDDTY010004878.1	1	1000	4	635	63.5	1.073	29.3	34.8
CBDDTY010004879.1	1	1000	2	224	22.4	0.298	36	0.5
CBDDTY010004884.1	1	1000	4	478	47.8	1.14	31.9	8.75
CBDDTY010004886.1	1	1000	3	683	68.3	1.18	30.4	60
CBDDTY010004887.1	1	1000	1	102	10.2	0.102	38.2	7
CBDDTY010004888.1	1	1000	3	369	36.9	0.476	30.4	38.7
CBDDTY010004890.1	1	1000	3	598	59.8	0.701	35.2	40
CBDDTY010004891.1	1	1000	4	537	53.7	1.339	34	23.8
CBDDTY010004893.1	1	1000	4	468	46.8	0.683	34.2	15.8
CBDDTY010004894.1	1	1000	3	541	54.1	0.774	29.9	34.7
CBDDTY010004896.1	1	1000	1	233	23.3	0.233	26.7	50
CBDDTY010004897.1	1	1000	3	832	83.2	0.96	34.2	60
CBDDTY010004898.1	1	1000	10	799	79.9	2.908	27.4	49.1
CBDDTY010004899.1	1	1000	1	201	20.1	0.201	39.5	35
CBDDTY010004900.1	1	1000	22	816	81.6	5.156	29.1	9.5
CBDDTY010004901.1	1	1000	3	606	60.6	0.606	31.3	46.7
CBDDTY010004902.1	1	1000	2	438	43.8	0.438	25.6	30.5
CBDDTY010004903.1	1	1000	23	999	99.9	5.423	32.1	40.8
CBDDTY010004904.1	1	1000	2	259	25.9	0.39	29.2	5
CBDDTY010004906.1	1	1000	16	924	92.4	4.617	32.6	2.06
CBDDTY010004907.1	1	1000	4	566	56.6	0.896	35.5	37.2
CBDDTY010004908.1	1	1000	1	637	63.7	0.637	22.9	1
CBDDTY010004911.1	1	1000	2	254	25.4	0.37	41.6	43.5
CBDDTY010004913.1	1	1000	3	280	28	0.551	38.9	44
CBDDTY010004915.1	1	1000	2	248	24.8	0.248	29.4	10.5
CBDDTY010004916.1	1	1000	6	518	51.8	1.092	34.2	42.7
CBDDTY010004917.1	1	1000	4	468	46.8	0.745	32.8	8.5
CBDDTY010004919.1	1	1000	4	544	54.4	0.632	31.9	31.8
CBDDTY010004920.1	1	1000	2	169	16.9	0.169	33.3	7
CBDDTY010004921.1	1	1000	2	259	25.9	0.376	26.1	54
CBDDTY010004922.1	1	1000	2	239	23.9	0.368	32.4	1
CBDDTY010004923.1	1	1000	8	409	40.9	1.58	32.7	17.9
CBDDTY010004924.1	1	1000	1	231	23.1	0.231	26.3	60
CBDDTY010004925.1	1	1000	2	269	26.9	0.33	36.2	13
CBDDTY010004927.1	1	1000	1	159	15.9	0.159	35	55
CBDDTY010004929.1	1	1000	3	335	33.5	0.477	36.1	0
CBDDTY010004930.1	1	1000	3	184	18.4	0.444	29.6	7.33
CBDDTY010004932.1	1	1000	3	316	31.6	0.512	31.6	3.33
CBDDTY010004933.1	1	1000	8	684	68.4	2.003	34.9	23.8
CBDDTY010004934.1	1	1000	11	579	57.9	1.894	28.1	1.91
CBDDTY010004935.1	1	1000	1	112	11.2	0.112	30.4	1
CBDDTY010004937.1	1	1000	4	566	56.6	0.76	33.3	38.5
CBDDTY010004938.1	1	1000	3	343	34.3	0.477	26.1	1
CBDDTY010004939.1	1	1000	8	521	52.1	1.302	33	46
CBDDTY010004940.1	1	1000	6	535	53.5	1.079	31.2	41
CBDDTY010004941.1	1	1000	4	664	66.4	0.686	33	29
CBDDTY010004942.1	1	1000	1	280	28	0.28	37.2	34
CBDDTY010004943.1	1	1000	10	785	78.5	2.478	31.9	5.9
CBDDTY010004944.1	1	1000	2	202	20.2	0.35	32.4	12.5
CBDDTY010004945.1	1	1000	4	508	50.8	0.703	30.2	30.8
CBDDTY010004947.1	1	1000	2	179	17.9	0.251	35.2	36.5
CBDDTY010004948.1	1	1000	1	240	24	0.24	40.5	60
CBDDTY010004949.1	1	1000	5	415	41.5	0.695	31.3	0.8
CBDDTY010004950.1	1	1000	5	620	62	0.789	32.3	38.6
CBDDTY010004951.1	1	1000	2	319	31.9	0.416	28.3	16
CBDDTY010004952.1	1	1000	5	901	90.1	1.292	28.9	48.2
CBDDTY010004953.1	1	1000	8	963	96.3	2.155	29.9	43.5
CBDDTY010004954.1	1	1000	3	416	41.6	0.54	31.1	33.3
CBDDTY010004955.1	1	1000	5	852	85.2	1.068	32	57.6
CBDDTY010004956.1	1	1000	2	451	45.1	0.451	29.7	32
CBDDTY010004957.1	1	1000	5	711	71.1	1.351	32.5	60
CBDDTY010004958.1	1	1000	2	157	15.7	0.157	37.2	4
CBDDTY010004959.1	1	1000	2	148	14.8	0.291	29.7	20
CBDDTY010004960.1	1	1000	2	295	29.5	0.295	32.7	31
CBDDTY010004962.1	1	1000	4	761	76.1	0.927	28.3	49.5
CBDDTY010004963.1	1	1000	2	222	22.2	0.222	25.2	30
CBDDTY010004964.1	1	1000	5	581	58.1	0.766	35.6	0.8
CBDDTY010004965.1	1	1000	7	591	59.1	1.207	29.7	14.3
CBDDTY010004967.1	1	1000	4	762	76.2	1.085	30.1	48.8
CBDDTY010004968.1	1	1000	5	542	54.2	1.195	31.6	1
CBDDTY010004969.1	1	1000	1	304	30.4	0.304	26.9	48
CBDDTY010004970.1	1	1000	6	731	73.1	1.623	33.6	25.7
CBDDTY010004971.1	1	1000	5	679	67.9	1.039	34.1	40.4
CBDDTY010004972.1	1	1000	1	117	11.7	0.117	35.6	60
CBDDTY010004973.1	1	1000	2	526	52.6	0.639	23.9	0.5
CBDDTY010004975.1	1	1000	2	267	26.7	0.44	34.4	60
CBDDTY010004976.1	1	1000	3	333	33.3	0.495	30.6	8.33
CBDDTY010004978.1	1	1000	5	369	36.9	0.789	25	1.2
CBDDTY010004979.1	1	1000	5	790	79	1.76	29.6	9.6
CBDDTY010004980.1	1	1000	10	442	44.2	1.56	33.7	6.9
CBDDTY010004981.1	1	1000	6	651	65.1	1.214	32.6	10.8
CBDDTY010004982.1	1	1000	3	892	89.2	1	31.3	43
CBDDTY010004983.1	1	1000	3	381	38.1	0.571	35.2	33.3
CBDDTY010004984.1	1	1000	2	356	35.6	0.423	29	2
CBDDTY010004985.1	1	1000	6	722	72.2	1.077	35.7	21
CBDDTY010004986.1	1	1000	2	224	22.4	0.308	31.8	1
CBDDTY010004988.1	1	1000	3	332	33.2	0.529	33.4	1
CBDDTY010004989.1	1	1000	2	233	23.3	0.313	29.7	18
CBDDTY010004990.1	1	1000	4	691	69.1	0.795	28.4	35.5
CBDDTY010004991.1	1	1000	2	253	25.3	0.253	29.4	0.5
CBDDTY010004994.1	1	1000	2	299	29.9	0.352	38.2	5
CBDDTY010004995.1	1	1000	8	685	68.5	1.129	34	16.1
CBDDTY010004996.1	1	1000	4	320	32	0.768	29.7	33
CBDDTY010004997.1	1	1000	1	163	16.3	0.163	25.2	10
CBDDTY010004998.1	1	1000	3	947	94.7	1.133	34.1	22.7
CBDDTY010004999.1	1	1000	7	584	58.4	1.48	31.9	4.86
CBDDTY010005000.1	1	1000	3	353	35.3	0.495	28.8	35.7
CBDDTY010005001.1	1	1000	3	255	25.5	0.297	31.7	37.7
CBDDTY010005002.1	1	1000	4	492	49.2	0.598	27.5	25.5
CBDDTY010005004.1	1	1000	4	558	55.8	0.661	30.5	5.25
CBDDTY010005005.1	1	1000	5	352	35.2	0.504	33.4	7.4
CBDDTY010005007.1	1	1000	4	652	65.2	0.922	30.8	3.5
CBDDTY010005008.1	1	1000	5	505	50.5	1.093	31.6	3
CBDDTY010005009.1	1	1000	4	490	49	0.599	29.8	21.8
CBDDTY010005011.1	1	1000	1	85	8.5	0.085	21.9	0
CBDDTY010005012.1	1	1000	7	785	78.5	1.713	34	41.7
CBDDTY010005013.1	1	1000	3	381	38.1	0.521	28.2	30.7
CBDDTY010005015.1	1	1000	2	146	14.6	0.146	36.9	2.5
CBDDTY010005017.1	1	1000	2	357	35.7	0.357	26.7	30.5
CBDDTY010005019.1	1	1000	1	81	8.1	0.081	31.8	21
CBDDTY010005020.1	1	1000	6	522	52.2	1.181	32	16.5
CBDDTY010005023.1	1	1000	3	616	61.6	0.616	36.1	45
CBDDTY010005024.1	1	1000	7	795	79.5	1.581	29.2	40.7
CBDDTY010005026.1	1	1000	4	776	77.6	1.102	35.2	60
CBDDTY010005027.1	1	1000	2	195	19.5	0.271	42	0.5
CBDDTY010005028.1	1	1000	6	576	57.6	0.852	33	31.2
CBDDTY010005029.1	1	1000	2	321	32.1	0.409	34.1	59.5
CBDDTY010005030.1	1	1000	6	694	69.4	0.874	30.4	44.3
CBDDTY010005031.1	1	1000	2	208	20.8	0.333	35.5	8
CBDDTY010005032.1	1	1000	7	695	69.5	1.618	29.4	57.6
CBDDTY010005033.1	1	1000	2	181	18.1	0.213	35.2	7.5
CBDDTY010005035.1	1	1000	3	611	61.1	0.611	35	53
CBDDTY010005036.1	1	1000	3	493	49.3	0.649	34.1	25.7
CBDDTY010005037.1	1	1000	2	400	40	0.639	24	60
CBDDTY010005038.1	1	1000	6	599	59.9	1.12	34.8	39.2
CBDDTY010005041.1	1	1000	2	98	9.8	0.171	28.7	0
CBDDTY010005043.1	1	1000	7	660	66	1.434	33	32
CBDDTY010005044.1	1	1000	1	200	20	0.2	40.1	13
CBDDTY010005045.1	1	1000	17	537	53.7	3.092	34.4	11.4
CBDDTY010005046.1	1	1000	2	219	21.9	0.315	27.1	35
CBDDTY010005047.1	1	1000	5	712	71.2	0.836	29.8	32.4
CBDDTY010005049.1	1	1000	3	448	44.8	0.772	30.4	21.3
CBDDTY010005050.1	1	1000	4	590	59	0.835	34.8	33.8
CBDDTY010005051.1	1	1000	6	782	78.2	1.282	27.5	4.83
CBDDTY010005053.1	1	1000	1	262	26.2	0.262	27.7	1
CBDDTY010005054.1	1	1000	2	384	38.4	0.639	33	60
CBDDTY010005056.1	1	1000	4	697	69.7	1.172	27.2	60
CBDDTY010005057.1	1	1000	2	252	25.2	0.293	29.3	60
CBDDTY010005058.1	1	1000	16	930	93	4.095	31.1	6.38
CBDDTY010005060.1	1	1000	4	405	40.5	0.777	31.4	53.2
CBDDTY010005061.1	1	1000	1	155	15.5	0.155	19.5	0
CBDDTY010005062.1	1	1000	4	726	72.6	0.943	27.9	40.5
CBDDTY010005065.1	1	1000	2	257	25.7	0.373	32.2	0
CBDDTY010005066.1	1	1000	4	411	41.1	0.659	32.2	51.5
CBDDTY010005067.1	1	1000	1	127	12.7	0.127	33.2	16
CBDDTY010005070.1	1	1000	2	396	39.6	0.751	33.5	11.5
CBDDTY010005071.1	1	1000	5	404	40.4	0.76	32.7	25.4
CBDDTY010005072.1	1	1000	1	278	27.8	0.278	34.4	0
CBDDTY010005073.1	1	1000	3	783	78.3	0.981	30.5	45.7
CBDDTY010005075.1	1	1000	10	494	49.4	1.294	29.2	33.9
CBDDTY010005076.1	1	1000	2	564	56.4	0.766	31	60
CBDDTY010005078.1	1	1000	4	305	30.5	0.405	24.5	0.25
CBDDTY010005080.1	1	1000	4	722	72.2	0.99	33.9	42
CBDDTY010005082.1	1	1000	6	666	66.6	1.529	30.5	41.2
CBDDTY010005083.1	1	1000	3	239	23.9	0.348	29.7	14.3
CBDDTY010005085.1	1	1000	3	442	44.2	0.442	34.5	60
CBDDTY010005086.1	1	1000	5	760	76	1.4	34.5	60
CBDDTY010005088.1	1	1000	2	229	22.9	0.343	29.5	0.5
CBDDTY010005089.1	1	1000	1	227	22.7	0.227	30.7	60
CBDDTY010005090.1	1	1000	2	154	15.4	0.259	31.1	39
CBDDTY010005091.1	1	1000	3	521	52.1	0.676	22.8	17.3
CBDDTY010005092.1	1	1000	5	575	57.5	0.856	27.5	18.2
CBDDTY010005093.1	1	1000	3	468	46.8	0.468	32	41
CBDDTY010005095.1	1	1000	4	322	32.2	0.844	31.9	14.8
CBDDTY010005096.1	1	1000	1	93	9.3	0.093	23.9	1
CBDDTY010005097.1	1	1000	3	289	28.9	0.606	31.5	8.67
CBDDTY010005098.1	1	1000	3	445	44.5	0.445	25.1	19
CBDDTY010005099.1	1	1000	6	386	38.6	1.032	32.3	32.7
CBDDTY010005101.1	1	1000	5	430	43	0.774	26.6	11.4
CBDDTY010005102.1	1	1000	1	240	24	0.24	33.9	59
CBDDTY010005103.1	1	1000	1	210	21	0.21	26	1
CBDDTY010005104.1	1	1000	4	359	35.9	0.591	30.1	13
CBDDTY010005105.1	1	1000	1	156	15.6	0.156	34.1	1
CBDDTY010005106.1	1	1000	8	470	47	1.395	25.9	15.2
CBDDTY010005107.1	1	1000	3	481	48.1	0.603	24.5	25
CBDDTY010005108.1	1	1000	19	956	95.6	4.253	30.8	20.2
CBDDTY010005109.1	1	1000	4	905	90.5	1.092	32.1	39.5
CBDDTY010005110.1	1	1000	1	235	23.5	0.235	34.8	1
CBDDTY010005111.1	1	1000	2	394	39.4	0.394	34.8	30.5
CBDDTY010005112.1	1	1000	5	744	74.4	0.867	31.2	55.4
CBDDTY010005113.1	1	1000	2	172	17.2	0.263	32.9	21.5
CBDDTY010005116.1	1	1000	15	862	86.2	2.96	29.8	9.27
CBDDTY010005117.1	1	1000	3	368	36.8	0.446	32.5	0.333
CBDDTY010005118.1	1	1000	5	546	54.6	0.956	29.8	39
CBDDTY010005121.1	1	1000	6	466	46.6	0.813	32.4	0.833
CBDDTY010005122.1	1	1000	2	136	13.6	0.232	30.6	0.5
CBDDTY010005124.1	1	1000	1	78	7.8	0.078	29.2	0
CBDDTY010005126.1	1	1000	7	679	67.9	1.37	32.5	7.14
CBDDTY010005127.1	1	1000	4	652	65.2	0.986	30.4	1
CBDDTY010005128.1	1	1000	8	595	59.5	1.573	32.5	7.62
CBDDTY010005129.1	1	1000	6	663	66.3	1.333	30.2	9.17
CBDDTY010005130.1	1	1000	1	284	28.4	0.284	20.8	1
CBDDTY010005131.1	1	1000	1	387	38.7	0.387	34.5	1
CBDDTY010005132.1	1	1000	6	655	65.5	1.605	28.8	0
CBDDTY010005136.1	1	1000	11	668	66.8	2.384	30.1	4.09
CBDDTY010005137.1	1	1000	3	520	52	0.52	30.6	42.3
CBDDTY010005138.1	1	1000	2	389	38.9	0.622	21.1	3
CBDDTY010005139.1	1	1000	3	437	43.7	0.437	25.8	8.33
CBDDTY010005142.1	1	1000	3	501	50.1	0.804	28.7	53.3
CBDDTY010005143.1	1	1000	4	630	63	1.249	30.7	45.8
CBDDTY010005145.1	1	1000	6	810	81	1.594	28.9	45
CBDDTY010005146.1	1	1000	2	233	23.3	0.233	36.1	2
CBDDTY010005147.1	1	1000	3	252	25.2	0.584	26.2	0.667
CBDDTY010005148.1	1	1000	3	584	58.4	0.659	36.9	21.7
CBDDTY010005150.1	1	1000	2	376	37.6	0.376	37.9	0.5
CBDDTY010005151.1	1	1000	18	768	76.8	2.917	30	20.2
CBDDTY010005152.1	1	1000	3	318	31.8	0.483	30.8	45.3
CBDDTY010005153.1	1	1000	2	137	13.7	0.233	28.2	0.5
CBDDTY010005154.1	1	1000	3	312	31.2	0.462	34	30.7
CBDDTY010005156.1	1	1000	1	75	7.5	0.075	33.4	3
CBDDTY010005157.1	1	1000	7	600	60	1.243	30.1	26.4
CBDDTY010005158.1	1	1000	5	786	78.6	1.249	35.8	41.2
CBDDTY010005159.1	1	1000	1	108	10.8	0.108	34	13
CBDDTY010005160.1	1	1000	4	573	57.3	0.868	29.3	45.2
CBDDTY010005161.1	1	1000	2	229	22.9	0.229	24.3	7
CBDDTY010005164.1	1	1000	1	57	5.7	0.057	27.7	0
CBDDTY010005166.1	1	1000	3	619	61.9	0.692	31.9	52.3
CBDDTY010005168.1	1	1000	1	391	39.1	0.391	30	60
CBDDTY010005169.1	1	1000	7	787	78.7	1.614	30.8	19.4
CBDDTY010005170.1	1	1000	3	420	42	0.42	31.1	36
CBDDTY010005171.1	1	1000	2	358	35.8	0.36	26.8	1
CBDDTY010005172.1	1	1000	1	567	56.7	0.567	26.4	60
CBDDTY010005173.1	1	1000	5	751	75.1	1.082	28.6	52
CBDDTY010005174.1	1	1000	1	94	9.4	0.094	31.6	1
CBDDTY010005177.1	1	1000	4	679	67.9	0.887	32.1	45.2
CBDDTY010005181.1	1	1000	5	643	64.3	1.364	32.2	34
CBDDTY010005183.1	1	1000	4	169	16.9	0.445	29.9	0
CBDDTY010005186.1	1	1000	3	898	89.8	0.996	27.9	38.3
CBDDTY010005187.1	1	1000	4	598	59.8	1.089	32	45.2
CBDDTY010005188.1	1	1000	2	414	41.4	0.414	31.2	32.5
CBDDTY010005189.1	1	1000	2	145	14.5	0.231	35.2	0.5
CBDDTY010005191.1	1	1000	1	167	16.7	0.167	24.6	56
CBDDTY010005192.1	1	1000	4	473	47.3	0.774	29.8	38.5
CBDDTY010005193.1	1	1000	18	911	91.1	3.181	29.8	40.4
CBDDTY010005194.1	1	1000	6	747	74.7	1.378	31.6	52.8
CBDDTY010005197.1	1	1000	2	269	26.9	0.396	27	0.5
CBDDTY010005198.1	1	1000	2	641	64.1	0.641	28.3	60
CBDDTY010005199.1	1	1000	2	334	33.4	0.334	31.4	40.5
CBDDTY010005200.1	1	1000	4	544	54.4	0.726	29.3	54.8
CBDDTY010005201.1	1	1000	12	960	96	2.629	30.3	45.4
CBDDTY010005202.1	1	1000	2	219	21.9	0.347	26.4	1
CBDDTY010005203.1	1	1000	2	405	40.5	0.405	36.2	2
CBDDTY010005207.1	1	1000	2	483	48.3	0.698	29.9	38.5
CBDDTY010005208.1	1	1000	3	368	36.8	0.523	23.7	23.7
CBDDTY010005211.1	1	1000	5	478	47.8	1.009	29.7	28
CBDDTY010005212.1	1	1000	16	684	68.4	3.24	33.3	12.6
CBDDTY010005214.1	1	1000	2	384	38.4	0.529	39.1	34
CBDDTY010005218.1	1	1000	2	143	14.3	0.269	34.2	32.5
CBDDTY010005219.1	1	1000	5	688	68.8	0.953	33.6	35.2
CBDDTY010005221.1	1	1000	1	301	30.1	0.301	18.9	51
CBDDTY010005223.1	1	1000	1	103	10.3	0.103	22	11
CBDDTY010005224.1	1	1000	1	170	17	0.17	35.2	2
CBDDTY010005227.1	1	1000	1	253	25.3	0.253	39.7	30
CBDDTY010005229.1	1	1000	8	770	77	1.484	24.8	40.6
CBDDTY010005230.1	1	1000	4	362	36.2	0.612	28.4	29
CBDDTY010005231.1	1	1000	2	448	44.8	0.448	29	60
CBDDTY010005232.1	1	1000	3	438	43.8	0.538	31.9	31
CBDDTY010005233.1	1	1000	1	100	10	0.1	27	10
CBDDTY010005234.1	1	1000	2	312	31.2	0.312	26.2	22
CBDDTY010005237.1	1	1000	3	604	60.4	0.674	31.4	48.7
CBDDTY010005238.1	1	1000	6	750	75	1.18	32.5	19.3
CBDDTY010005242.1	1	1000	3	392	39.2	0.614	30.9	17
CBDDTY010005243.1	1	1000	2	239	23.9	0.239	29.7	4
CBDDTY010005245.1	1	1000	3	512	51.2	0.512	22.9	34.7
CBDDTY010005247.1	1	1000	1	110	11	0.11	35.9	3
CBDDTY010005251.1	1	1000	5	346	34.6	0.744	30.6	5.6
CBDDTY010005252.1	1	1000	2	263	26.3	0.263	28.8	5
CBDDTY010005253.1	1	1000	2	241	24.1	0.241	25.2	22.5
CBDDTY010005256.1	1	998	4	596	59.7194	0.735471	34.7	1.25
CBDDTY010005257.1	1	1000	2	401	40.1	0.471	37.3	30.5
CBDDTY010005258.1	1	1000	3	534	53.4	0.606	29.9	11.3
CBDDTY010005259.1	1	1000	1	131	13.1	0.131	34.3	43
CBDDTY010005260.1	1	1000	1	99	9.9	0.099	30.2	52
CBDDTY010005262.1	1	1000	3	445	44.5	0.445	27.4	19.7
CBDDTY010005263.1	1	1000	1	253	25.3	0.253	30.8	60
CBDDTY010005264.1	1	1000	2	288	28.8	0.47	28.5	26.5
CBDDTY010005265.1	1	1000	9	845	84.5	2.415	29.4	1.89
CBDDTY010005266.1	1	1000	9	891	89.1	2.081	31	43.2
CBDDTY010005267.1	1	1000	11	644	64.4	1.843	31	1.73
CBDDTY010005268.1	1	1000	2	589	58.9	0.589	27.4	30.5
CBDDTY010005269.1	1	1000	3	605	60.5	0.664	32.9	44.3
CBDDTY010005270.1	1	1000	1	97	9.7	0.097	36.1	1
CBDDTY010005272.1	1	1000	1	99	9.9	0.099	21.5	33
CBDDTY010005273.1	1	1000	2	415	41.5	0.415	28.5	32
CBDDTY010005274.1	1	1000	2	250	25	0.25	23	0.5
CBDDTY010005275.1	1	1000	1	158	15.8	0.158	25.8	0
CBDDTY010005276.1	1	1000	2	476	47.6	0.476	24.6	60
CBDDTY010005277.1	1	1000	13	806	80.6	2.749	33.5	15.5
CBDDTY010005278.1	1	1000	4	436	43.6	0.664	28.8	47
CBDDTY010005279.1	1	1000	2	413	41.3	0.604	33.6	31.5
CBDDTY010005280.1	1	1000	1	218	21.8	0.218	34.6	60
CBDDTY010005281.1	1	1000	6	434	43.4	1.115	31.1	13.2
CBDDTY010005282.1	1	800	1	174	21.75	0.2175	42.6	0
CBDDTY010005283.1	1	1000	1	397	39.7	0.397	34.4	1
CBDDTY010005284.1	1	1000	3	439	43.9	0.439	30.6	8.33
CBDDTY010005285.1	1	1000	2	551	55.1	0.551	32.7	60
CBDDTY010005287.1	1	1000	1	199	19.9	0.199	33.5	35
CBDDTY010005288.1	1	1000	1	57	5.7	0.057	28.1	4
CBDDTY010005290.1	1	1000	1	164	16.4	0.164	38.5	0
CBDDTY010005291.1	1	1000	4	542	54.2	0.966	32.5	19.2
CBDDTY010005293.1	1	1000	3	472	47.2	0.573	30.3	20.7
CBDDTY010005294.1	1	1000	2	229	22.9	0.344	36.6	60
CBDDTY010005295.1	1	1000	3	381	38.1	0.489	33	46
CBDDTY010005296.1	1	1000	1	272	27.2	0.272	38.6	60
CBDDTY010005297.1	1	1000	5	392	39.2	0.715	32.5	7.2
CBDDTY010005298.1	1	1000	9	733	73.3	2.1	32.2	39.6
CBDDTY010005299.1	1	1000	8	828	82.8	2.52	27	4.75
CBDDTY010005300.1	1	1000	1	196	19.6	0.196	33.8	1
CBDDTY010005303.1	1	1000	5	959	95.9	1.1	29.5	43.4
CBDDTY010005305.1	1	1000	1	135	13.5	0.135	28	9
CBDDTY010005307.1	1	1000	1	138	13.8	0.138	33.8	29
CBDDTY010005309.1	1	1000	2	264	26.4	0.378	29.3	30.5
CBDDTY010005311.1	1	1000	2	267	26.7	0.334	32.9	35.5
CBDDTY010005312.1	1	1000	1	150	15	0.15	29	60
CBDDTY010005313.1	1	1000	3	529	52.9	0.691	35.8	58.3
CBDDTY010005314.1	1	1000	8	335	33.5	1.628	32.1	12
CBDDTY010005316.1	1	1000	4	500	50	0.533	30	34.8
CBDDTY010005318.1	1	1000	52	964	96.4	9.749	31	40.1
CBDDTY010005319.1	1	1000	4	613	61.3	1.079	35.4	30.2
CBDDTY010005320.1	1	1000	1	140	14	0.14	39.5	28
CBDDTY010005321.1	1	1000	6	616	61.6	0.978	33.4	43.5
CBDDTY010005322.1	1	1000	2	147	14.7	0.147	29	0.5
CBDDTY010005326.1	1	1000	3	458	45.8	0.713	32.8	49
CBDDTY010005327.1	1	1000	12	788	78.8	1.721	32.9	26.1
CBDDTY010005328.1	1	1000	2	298	29.8	0.316	29.8	0.5
CBDDTY010005329.1	1	1000	24	1000	100	5.979	29.5	51
CBDDTY010005331.1	1	1000	7	665	66.5	1.297	31.8	41.1
CBDDTY010005332.1	1	1000	1	353	35.3	0.353	29.6	1
CBDDTY010005333.1	1	1000	6	508	50.8	0.852	32.8	11.5
CBDDTY010005334.1	1	1000	4	349	34.9	0.91	25	0.25
CBDDTY010005335.1	1	1000	3	314	31.4	0.353	27	23.7
CBDDTY010005336.1	1	1000	3	480	48	0.665	28.6	48
CBDDTY010005337.1	1	1000	2	352	35.2	0.352	38.3	46
CBDDTY010005339.1	1	1000	2	684	68.4	0.74	27.3	60
CBDDTY010005340.1	1	1000	1	541	54.1	0.541	34.9	1
CBDDTY010005341.1	1	1000	7	806	80.6	1.863	30.6	43.6
CBDDTY010005342.1	1	1000	2	271	27.1	0.345	36.6	60
CBDDTY010005343.1	1	1000	1	99	9.9	0.099	26.5	1
CBDDTY010005344.1	1	1000	1	182	18.2	0.182	31.2	60
CBDDTY010005345.1	1	1000	15	665	66.5	3.558	29.7	12.9
CBDDTY010005346.1	1	1000	2	195	19.5	0.195	29.8	6.5
CBDDTY010005348.1	1	1000	6	897	89.7	1.501	32	41.3
CBDDTY010005349.1	1	1000	2	367	36.7	0.367	24.2	1
CBDDTY010005350.1	1	1000	5	229	22.9	0.801	30.8	0.8
CBDDTY010005352.1	1	1000	1	244	24.4	0.244	32.7	1
CBDDTY010005353.1	1	1000	2	583	58.3	0.583	30.5	59.5
CBDDTY010005354.1	1	815	1	308	37.7914	0.377914	28.7	59
CBDDTY010005355.1	1	1000	2	307	30.7	0.486	37.2	60
CBDDTY010005356.1	1	1000	6	593	59.3	1.063	33.8	36.3
CBDDTY010005357.1	1	1000	13	607	60.7	2.65	32.5	6.62
CBDDTY010005358.1	1	1000	2	480	48	0.48	33.2	60
CBDDTY010005359.1	1	1000	3	277	27.7	0.366	25.4	8
CBDDTY010005360.1	1	1000	3	421	42.1	0.622	33.3	9
CBDDTY010005361.1	1	1000	5	314	31.4	0.788	35.2	10.8
CBDDTY010005362.1	1	1000	1	543	54.3	0.543	29.8	60
CBDDTY010005364.1	1	1000	2	376	37.6	0.479	31	60
CBDDTY010005365.1	1	1000	7	587	58.7	1.335	30.6	33.7
CBDDTY010005366.1	1	1000	4	446	44.6	0.61	29.3	40.5
CBDDTY010005369.1	1	1000	1	253	25.3	0.253	27.6	21
CBDDTY010005370.1	1	1000	3	216	21.6	0.371	31.8	0.667
CBDDTY010005371.1	1	1000	1	70	7	0.07	25.9	0
CBDDTY010005374.1	1	1000	1	222	22.2	0.222	28.2	1
CBDDTY010005375.1	1	1000	2	155	15.5	0.24	34.5	3
CBDDTY010005376.1	1	1000	2	443	44.3	0.443	34.8	36.5
CBDDTY010005377.1	1	1000	12	852	85.2	2.92	32.8	2.25
CBDDTY010005378.1	1	1000	1	107	10.7	0.107	30	1
CBDDTY010005379.1	1	1000	2	609	60.9	0.702	34.1	1
CBDDTY010005381.1	1	1000	2	174	17.4	0.204	32.2	5.5
CBDDTY010005382.1	1	1000	9	697	69.7	1.652	33.6	37.8
CBDDTY010005383.1	1	1000	7	857	85.7	1.564	33	31.7
CBDDTY010005384.1	1	1000	5	442	44.2	0.912	33.8	6.2
CBDDTY010005385.1	1	1000	30	978	97.8	6.869	31.1	37.5
CBDDTY010005386.1	1	1000	3	451	45.1	0.634	27.5	59
CBDDTY010005387.1	1	1000	2	422	42.2	0.422	32.4	32.5
CBDDTY010005388.1	1	1000	8	803	80.3	1.561	33.1	15.5
CBDDTY010005389.1	1	1000	1	247	24.7	0.247	33.2	0
CBDDTY010005390.1	1	1000	4	575	57.5	0.695	32.5	14
CBDDTY010005391.1	1	1000	10	838	83.8	2.552	29.8	0.8
CBDDTY010005392.1	1	1000	1	101	10.1	0.101	26.3	3
CBDDTY010005393.1	1	1000	2	493	49.3	0.781	27.5	60
CBDDTY010005394.1	1	1000	2	169	16.9	0.3	32.1	6
CBDDTY010005395.1	1	1000	1	83	8.3	0.083	34.5	4
CBDDTY010005398.1	1	1000	2	216	21.6	0.28	31.5	27.5
CBDDTY010005399.1	1	1000	2	251	25.1	0.264	32.2	1
CBDDTY010005400.1	1	1000	21	875	87.5	4.414	31.7	15
CBDDTY010005402.1	1	1000	1	179	17.9	0.179	40.4	0
CBDDTY010005404.1	1	1000	6	664	66.4	1.421	33.1	11.7
CBDDTY010005405.1	1	1000	5	788	78.8	1.175	29.1	23.8
CBDDTY010005408.1	1	1000	2	294	29.4	0.294	33.1	28
CBDDTY010005409.1	1	1000	6	771	77.1	1.326	32.9	11.2
CBDDTY010005410.1	1	1000	6	956	95.6	1.379	33.1	13.5
CBDDTY010005411.1	1	1000	4	565	56.5	0.597	32.2	60
CBDDTY010005412.1	1	1000	8	878	87.8	1.647	28.8	41.1
CBDDTY010005413.1	1	1000	3	355	35.5	0.505	37.6	30.3
CBDDTY010005414.1	1	1000	1	123	12.3	0.123	27.6	1
CBDDTY010005415.1	1	1000	1	221	22.1	0.221	37.3	60
CBDDTY010005416.1	1	1000	2	253	25.3	0.449	28.3	60
CBDDTY010005417.1	1	1000	1	674	67.4	0.674	24	15
CBDDTY010005418.1	1	1000	5	589	58.9	1.281	32.6	46.6
CBDDTY010005419.1	1	1000	6	485	48.5	1.442	29.6	31.8
CBDDTY010005420.1	1	1000	1	69	6.9	0.069	26.4	5
CBDDTY010005422.1	1	1000	3	644	64.4	0.949	34.7	58.3
CBDDTY010005424.1	1	1000	1	178	17.8	0.178	25.9	11
CBDDTY010005426.1	1	1000	15	893	89.3	4.197	31.5	56.7
CBDDTY010005427.1	1	1000	8	789	78.9	1.758	35.5	40.1
CBDDTY010005432.1	1	1000	5	679	67.9	0.931	35	41
CBDDTY010005433.1	1	1000	6	700	70	1.448	31.4	30.8
CBDDTY010005434.1	1	1000	3	549	54.9	0.81	32	44.7
CBDDTY010005435.1	1	1000	3	497	49.7	0.537	30.3	15.7
CBDDTY010005436.1	1	1000	1	291	29.1	0.291	35.1	1
CBDDTY010005437.1	1	1000	5	819	81.9	1.182	35.3	13.4
CBDDTY010005438.1	1	1000	2	306	30.6	0.306	29.5	7.5
CBDDTY010005441.1	1	1000	1	150	15	0.15	21.4	12
CBDDTY010005442.1	1	1000	6	582	58.2	1.408	31.1	48
CBDDTY010005443.1	1	1000	5	355	35.5	0.633	34.2	0.4
CBDDTY010005445.1	1	1000	9	709	70.9	2.063	31.2	4.22
CBDDTY010005448.1	1	1000	3	466	46.6	0.822	30.9	2.33
CBDDTY010005450.1	1	1000	2	276	27.6	0.276	29.4	59.5
CBDDTY010005452.1	1	1000	3	508	50.8	0.727	31.9	52.7
CBDDTY010005454.1	1	1000	4	763	76.3	0.979	30.1	60
CBDDTY010005456.1	1	1000	2	195	19.5	0.306	32.8	4.5
CBDDTY010005457.1	1	1000	3	370	37	0.451	28.1	0.667
CBDDTY010005458.1	1	1000	3	543	54.3	0.823	34.4	60
CBDDTY010005459.1	1	1000	2	286	28.6	0.411	24.8	23.5
CBDDTY010005460.1	1	1000	2	350	35	0.35	31.8	25.5
CBDDTY010005461.1	1	1000	5	694	69.4	1.304	31	39
CBDDTY010005462.1	1	1000	3	403	40.3	0.438	32.3	0.667
CBDDTY010005463.1	1	1000	4	934	93.4	1.107	29.4	44.8
CBDDTY010005464.1	1	1000	4	576	57.6	0.85	33.5	51.8
CBDDTY010005465.1	1	1000	1	82	8.2	0.082	36.4	1
CBDDTY010005468.1	1	1000	3	180	18	0.466	34.5	0.667
CBDDTY010005471.1	1	1000	9	975	97.5	3.783	30.6	51.6
CBDDTY010005472.1	1	1000	24	503	50.3	4.379	31.9	1.88
CBDDTY010005473.1	1	1000	1	73	7.3	0.073	33.8	1
CBDDTY010005474.1	1	1000	3	657	65.7	0.708	27	16
CBDDTY010005475.1	1	1000	10	875	87.5	1.926	30.8	24.5
CBDDTY010005476.1	1	1000	23	1000	100	4.339	31.2	47.5
CBDDTY010005477.1	1	1000	4	496	49.6	0.572	30.6	17
CBDDTY010005478.1	1	1000	3	660	66	0.686	32.2	52.3
CBDDTY010005479.1	1	1000	9	827	82.7	2.187	30.1	45.2
CBDDTY010005480.1	1	1000	1	140	14	0.14	38.4	1
CBDDTY010005481.1	1	1000	3	423	42.3	0.745	31.4	40.7
CBDDTY010005484.1	1	1000	1	120	12	0.12	39.9	26
CBDDTY010005487.1	1	1000	3	871	87.1	0.879	30.4	50.7
CBDDTY010005488.1	1	1000	13	940	94	2.254	30.1	46.2
CBDDTY010005489.1	1	1000	4	382	38.2	0.742	30.3	14
CBDDTY010005491.1	1	1000	3	576	57.6	0.576	31.9	41
CBDDTY010005492.1	1	1000	1	128	12.8	0.128	37.2	1
CBDDTY010005493.1	1	1000	1	161	16.1	0.161	29.6	0
CBDDTY010005494.1	1	1000	2	356	35.6	0.356	30.5	21.5
CBDDTY010005495.1	1	1000	2	254	25.4	0.254	39.6	13.5
CBDDTY010005496.1	1	1000	1	245	24.5	0.245	20.8	60
CBDDTY010005499.1	1	1000	3	485	48.5	0.665	28	32.3
CBDDTY010005500.1	1	1000	1	216	21.6	0.216	31.9	1
CBDDTY010005501.1	1	1000	4	346	34.6	0.462	38.4	40.5
CBDDTY010005502.1	1	1000	3	417	41.7	0.485	31.8	26.7
CBDDTY010005503.1	1	1000	1	225	22.5	0.225	25.2	0
CBDDTY010005504.1	1	1000	6	867	86.7	1.733	30.2	37
CBDDTY010005506.1	1	1000	1	67	6.7	0.067	31.5	0
CBDDTY010005507.1	1	1000	3	530	53	0.587	35.8	7.33
CBDDTY010005508.1	1	1000	2	469	46.9	0.469	31.1	37.5
CBDDTY010005509.1	1	1000	1	154	15.4	0.154	33.1	60
CBDDTY010005510.1	1	1000	4	691	69.1	0.891	28.7	36.2
CBDDTY010005511.1	1	1000	7	650	65	1.32	33.6	52.4
CBDDTY010005514.1	1	1000	3	449	44.9	0.449	31.8	18
CBDDTY010005515.1	1	1000	1	207	20.7	0.207	23.5	45
CBDDTY010005517.1	1	1000	3	258	25.8	0.378	33.1	9
CBDDTY010005518.1	1	1000	7	826	82.6	1.857	34	53.7
CBDDTY010005519.1	1	1000	1	122	12.2	0.122	38.4	12
CBDDTY010005520.1	1	1000	1	569	56.9	0.569	23.2	60
CBDDTY010005521.1	1	1000	2	200	20	0.371	37.8	30
CBDDTY010005522.1	1	1000	3	470	47	0.47	31.7	53.3
CBDDTY010005524.1	1	1000	5	690	69	1.022	33.6	43
CBDDTY010005525.1	1	1000	1	296	29.6	0.296	24.8	1
CBDDTY010005526.1	1	1000	3	536	53.6	0.536	36.9	24.3
CBDDTY010005527.1	1	1000	3	369	36.9	0.499	31.6	21
CBDDTY010005528.1	1	1000	2	698	69.8	0.698	31.4	60
CBDDTY010005529.1	1	1000	3	438	43.8	0.438	33.9	48.3
CBDDTY010005531.1	1	1000	1	145	14.5	0.145	27.3	1
CBDDTY010005532.1	1	1000	7	914	91.4	1.647	31.8	51.9
CBDDTY010005534.1	1	1000	4	358	35.8	0.545	28.7	9
CBDDTY010005537.1	1	1000	1	97	9.7	0.097	27.7	1
CBDDTY010005538.1	1	1000	1	195	19.5	0.195	29.2	1
CBDDTY010005540.1	1	1000	4	528	52.8	0.727	34.9	39
CBDDTY010005541.1	1	1000	5	661	66.1	1.144	29.1	28.8
CBDDTY010005543.1	1	1000	7	795	79.5	1.529	32	53.7
CBDDTY010005544.1	1	1000	5	988	98.8	1.277	28.3	44.2
CBDDTY010005546.1	1	1000	4	720	72	1.057	29.5	42.2
CBDDTY010005548.1	1	1000	7	765	76.5	1.575	28.4	36
CBDDTY010005549.1	1	1000	4	662	66.2	0.825	25.1	59.2
CBDDTY010005551.1	1	1000	1	140	14	0.14	33.4	51
CBDDTY010005552.1	1	1000	6	460	46	0.916	33	40
CBDDTY010005553.1	1	1000	4	733	73.3	1.094	33.3	55.8
CBDDTY010005554.1	1	1000	4	627	62.7	0.884	32.9	59.8
CBDDTY010005555.1	1	1000	1	168	16.8	0.168	30.9	60
CBDDTY010005557.1	1	1000	2	443	44.3	0.443	31.9	60
CBDDTY010005559.1	1	1000	2	397	39.7	0.397	32.7	60
CBDDTY010005561.1	1	1000	4	553	55.3	0.695	28.9	43.8
CBDDTY010005562.1	1	1000	1	233	23.3	0.233	32.4	0
CBDDTY010005563.1	1	1000	4	497	49.7	0.777	30	4.5
CBDDTY010005564.1	1	1000	2	184	18.4	0.184	34.1	57.5
CBDDTY010005565.1	1	1000	3	223	22.3	0.282	40.7	1.33
CBDDTY010005566.1	1	1000	4	534	53.4	0.537	31.9	34
OZ247669.1	1	18777	4465	18777	100	59.2005	30.2	54.4
CBDDTY010000021.1	1	514	0	0	0	0	0	0
CBDDTY010000107.1	1	80000	0	0	0	0	0	0
CBDDTY010000173.1	1	52000	0	0	0	0	0	0
CBDDTY010000932.1	1	32000	0	0	0	0	0	0
CBDDTY010001320.1	1	28802	0	0	0	0	0	0
CBDDTY010001325.1	1	28786	0	0	0	0	0	0
CBDDTY010001726.1	1	25564	0	0	0	0	0	0
CBDDTY010001817.1	1	24959	0	0	0	0	0	0
CBDDTY010002322.1	1	21000	0	0	0	0	0	0
CBDDTY010002334.1	1	21000	0	0	0	0	0	0
CBDDTY010002457.1	1	19600	0	0	0	0	0	0
CBDDTY010002609.1	1	19000	0	0	0	0	0	0
CBDDTY010002623.1	1	19000	0	0	0	0	0	0
CBDDTY010002642.1	1	18752	0	0	0	0	0	0
CBDDTY010002673.1	1	18426	0	0	0	0	0	0
CBDDTY010002698.1	1	18157	0	0	0	0	0	0
CBDDTY010002730.1	1	18000	0	0	0	0	0	0
CBDDTY010002840.1	1	17000	0	0	0	0	0	0
CBDDTY010002969.1	1	16000	0	0	0	0	0	0
CBDDTY010003038.1	1	15524	0	0	0	0	0	0
CBDDTY010003062.1	1	15357	0	0	0	0	0	0
CBDDTY010003329.1	1	13000	0	0	0	0	0	0
CBDDTY010003510.1	1	9000	0	0	0	0	0	0
CBDDTY010003575.1	1	7000	0	0	0	0	0	0
CBDDTY010003590.1	1	7000	0	0	0	0	0	0
CBDDTY010003609.1	1	6000	0	0	0	0	0	0
CBDDTY010003676.1	1	5000	0	0	0	0	0	0
CBDDTY010003699.1	1	4200	0	0	0	0	0	0
CBDDTY010003707.1	1	5000	0	0	0	0	0	0
CBDDTY010003734.1	1	5000	0	0	0	0	0	0
CBDDTY010003761.1	1	4000	0	0	0	0	0	0
CBDDTY010003777.1	1	4000	0	0	0	0	0	0
CBDDTY010003780.1	1	4000	0	0	0	0	0	0
CBDDTY010003808.1	1	4000	0	0	0	0	0	0
CBDDTY010003809.1	1	4000	0	0	0	0	0	0
CBDDTY010003812.1	1	4000	0	0	0	0	0	0
CBDDTY010003899.1	1	3000	0	0	0	0	0	0
CBDDTY010003915.1	1	3000	0	0	0	0	0	0
CBDDTY010003956.1	1	3000	0	0	0	0	0	0
CBDDTY010003973.1	1	3000	0	0	0	0	0	0
CBDDTY010003996.1	1	3000	0	0	0	0	0	0
CBDDTY010004005.1	1	3000	0	0	0	0	0	0
CBDDTY010004012.1	1	3000	0	0	0	0	0	0
CBDDTY010004022.1	1	3000	0	0	0	0	0	0
CBDDTY010004060.1	1	3000	0	0	0	0	0	0
CBDDTY010004086.1	1	3000	0	0	0	0	0	0
CBDDTY010004115.1	1	2000	0	0	0	0	0	0
CBDDTY010004121.1	1	2000	0	0	0	0	0	0
CBDDTY010004123.1	1	2000	0	0	0	0	0	0
CBDDTY010004138.1	1	2000	0	0	0	0	0	0
CBDDTY010004159.1	1	2000	0	0	0	0	0	0
CBDDTY010004170.1	1	2000	0	0	0	0	0	0
CBDDTY010004183.1	1	2000	0	0	0	0	0	0
CBDDTY010004188.1	1	2000	0	0	0	0	0	0
CBDDTY010004192.1	1	2000	0	0	0	0	0	0
CBDDTY010004199.1	1	2000	0	0	0	0	0	0
CBDDTY010004207.1	1	2000	0	0	0	0	0	0
CBDDTY010004240.1	1	2000	0	0	0	0	0	0
CBDDTY010004253.1	1	2000	0	0	0	0	0	0
CBDDTY010004261.1	1	2000	0	0	0	0	0	0
CBDDTY010004282.1	1	2000	0	0	0	0	0	0
CBDDTY010004284.1	1	2000	0	0	0	0	0	0
CBDDTY010004299.1	1	2000	0	0	0	0	0	0
CBDDTY010004308.1	1	2000	0	0	0	0	0	0
CBDDTY010004335.1	1	2000	0	0	0	0	0	0
CBDDTY010004341.1	1	2000	0	0	0	0	0	0
CBDDTY010004343.1	1	2000	0	0	0	0	0	0
CBDDTY010004347.1	1	2000	0	0	0	0	0	0
CBDDTY010004351.1	1	2000	0	0	0	0	0	0
CBDDTY010004355.1	1	2000	0	0	0	0	0	0
CBDDTY010004357.1	1	2000	0	0	0	0	0	0
CBDDTY010004362.1	1	2000	0	0	0	0	0	0
CBDDTY010004372.1	1	2000	0	0	0	0	0	0
CBDDTY010004379.1	1	2000	0	0	0	0	0	0
CBDDTY010004381.1	1	2000	0	0	0	0	0	0
CBDDTY010004397.1	1	2000	0	0	0	0	0	0
CBDDTY010004398.1	1	2000	0	0	0	0	0	0
CBDDTY010004416.1	1	2000	0	0	0	0	0	0
CBDDTY010004419.1	1	2000	0	0	0	0	0	0
CBDDTY010004420.1	1	2000	0	0	0	0	0	0
CBDDTY010004421.1	1	2000	0	0	0	0	0	0
CBDDTY010004426.1	1	2000	0	0	0	0	0	0
CBDDTY010004430.1	1	2000	0	0	0	0	0	0
CBDDTY010004432.1	1	2000	0	0	0	0	0	0
CBDDTY010004447.1	1	2000	0	0	0	0	0	0
CBDDTY010004458.1	1	2000	0	0	0	0	0	0
CBDDTY010004471.1	1	2000	0	0	0	0	0	0
CBDDTY010004478.1	1	2000	0	0	0	0	0	0
CBDDTY010004484.1	1	2000	0	0	0	0	0	0
CBDDTY010004498.1	1	2000	0	0	0	0	0	0
CBDDTY010004499.1	1	2000	0	0	0	0	0	0
CBDDTY010004507.1	1	2000	0	0	0	0	0	0
CBDDTY010004519.1	1	2000	0	0	0	0	0	0
CBDDTY010004542.1	1	2000	0	0	0	0	0	0
CBDDTY010004560.1	1	2000	0	0	0	0	0	0
CBDDTY010004563.1	1	2000	0	0	0	0	0	0
CBDDTY010004577.1	1	2000	0	0	0	0	0	0
CBDDTY010004582.1	1	2000	0	0	0	0	0	0
CBDDTY010004591.1	1	2000	0	0	0	0	0	0
CBDDTY010004599.1	1	2000	0	0	0	0	0	0
CBDDTY010004603.1	1	1000	0	0	0	0	0	0
CBDDTY010004604.1	1	1000	0	0	0	0	0	0
CBDDTY010004605.1	1	1000	0	0	0	0	0	0
CBDDTY010004607.1	1	1000	0	0	0	0	0	0
CBDDTY010004608.1	1	1000	0	0	0	0	0	0
CBDDTY010004610.1	1	1000	0	0	0	0	0	0
CBDDTY010004614.1	1	1000	0	0	0	0	0	0
CBDDTY010004622.1	1	1000	0	0	0	0	0	0
CBDDTY010004623.1	1	1000	0	0	0	0	0	0
CBDDTY010004625.1	1	1000	0	0	0	0	0	0
CBDDTY010004626.1	1	1000	0	0	0	0	0	0
CBDDTY010004633.1	1	1000	0	0	0	0	0	0
CBDDTY010004635.1	1	1000	0	0	0	0	0	0
CBDDTY010004648.1	1	1000	0	0	0	0	0	0
CBDDTY010004667.1	1	1000	0	0	0	0	0	0
CBDDTY010004678.1	1	1000	0	0	0	0	0	0
CBDDTY010004682.1	1	1000	0	0	0	0	0	0
CBDDTY010004683.1	1	1000	0	0	0	0	0	0
CBDDTY010004684.1	1	1000	0	0	0	0	0	0
CBDDTY010004687.1	1	1000	0	0	0	0	0	0
CBDDTY010004698.1	1	1000	0	0	0	0	0	0
CBDDTY010004704.1	1	1000	0	0	0	0	0	0
CBDDTY010004706.1	1	1000	0	0	0	0	0	0
CBDDTY010004715.1	1	1000	0	0	0	0	0	0
CBDDTY010004719.1	1	1000	0	0	0	0	0	0
CBDDTY010004733.1	1	1000	0	0	0	0	0	0
CBDDTY010004736.1	1	1000	0	0	0	0	0	0
CBDDTY010004739.1	1	1000	0	0	0	0	0	0
CBDDTY010004742.1	1	1000	0	0	0	0	0	0
CBDDTY010004747.1	1	1000	0	0	0	0	0	0
CBDDTY010004751.1	1	1000	0	0	0	0	0	0
CBDDTY010004759.1	1	1000	0	0	0	0	0	0
CBDDTY010004768.1	1	1000	0	0	0	0	0	0
CBDDTY010004771.1	1	1000	0	0	0	0	0	0
CBDDTY010004773.1	1	1000	0	0	0	0	0	0
CBDDTY010004776.1	1	1000	0	0	0	0	0	0
CBDDTY010004778.1	1	1000	0	0	0	0	0	0
CBDDTY010004781.1	1	1000	0	0	0	0	0	0
CBDDTY010004783.1	1	1000	0	0	0	0	0	0
CBDDTY010004788.1	1	1000	0	0	0	0	0	0
CBDDTY010004789.1	1	1000	0	0	0	0	0	0
CBDDTY010004799.1	1	1000	0	0	0	0	0	0
CBDDTY010004802.1	1	1000	0	0	0	0	0	0
CBDDTY010004807.1	1	1000	0	0	0	0	0	0
CBDDTY010004808.1	1	1000	0	0	0	0	0	0
CBDDTY010004813.1	1	1000	0	0	0	0	0	0
CBDDTY010004817.1	1	1000	0	0	0	0	0	0
CBDDTY010004818.1	1	1000	0	0	0	0	0	0
CBDDTY010004820.1	1	1000	0	0	0	0	0	0
CBDDTY010004828.1	1	1000	0	0	0	0	0	0
CBDDTY010004830.1	1	1000	0	0	0	0	0	0
CBDDTY010004836.1	1	1000	0	0	0	0	0	0
CBDDTY010004839.1	1	1000	0	0	0	0	0	0
CBDDTY010004841.1	1	1000	0	0	0	0	0	0
CBDDTY010004845.1	1	1000	0	0	0	0	0	0
CBDDTY010004846.1	1	1000	0	0	0	0	0	0
CBDDTY010004852.1	1	1000	0	0	0	0	0	0
CBDDTY010004853.1	1	1000	0	0	0	0	0	0
CBDDTY010004855.1	1	1000	0	0	0	0	0	0
CBDDTY010004861.1	1	1000	0	0	0	0	0	0
CBDDTY010004869.1	1	1000	0	0	0	0	0	0
CBDDTY010004870.1	1	1000	0	0	0	0	0	0
CBDDTY010004872.1	1	1000	0	0	0	0	0	0
CBDDTY010004875.1	1	1000	0	0	0	0	0	0
CBDDTY010004880.1	1	1000	0	0	0	0	0	0
CBDDTY010004881.1	1	1000	0	0	0	0	0	0
CBDDTY010004882.1	1	1000	0	0	0	0	0	0
CBDDTY010004883.1	1	1000	0	0	0	0	0	0
CBDDTY010004885.1	1	1000	0	0	0	0	0	0
CBDDTY010004889.1	1	1000	0	0	0	0	0	0
CBDDTY010004892.1	1	1000	0	0	0	0	0	0
CBDDTY010004895.1	1	1000	0	0	0	0	0	0
CBDDTY010004905.1	1	1000	0	0	0	0	0	0
CBDDTY010004909.1	1	1000	0	0	0	0	0	0
CBDDTY010004910.1	1	1000	0	0	0	0	0	0
CBDDTY010004912.1	1	1000	0	0	0	0	0	0
CBDDTY010004914.1	1	1000	0	0	0	0	0	0
CBDDTY010004918.1	1	1000	0	0	0	0	0	0
CBDDTY010004926.1	1	1000	0	0	0	0	0	0
CBDDTY010004928.1	1	1000	0	0	0	0	0	0
CBDDTY010004931.1	1	1000	0	0	0	0	0	0
CBDDTY010004936.1	1	1000	0	0	0	0	0	0
CBDDTY010004946.1	1	1000	0	0	0	0	0	0
CBDDTY010004961.1	1	1000	0	0	0	0	0	0
CBDDTY010004966.1	1	1000	0	0	0	0	0	0
CBDDTY010004974.1	1	1000	0	0	0	0	0	0
CBDDTY010004977.1	1	1000	0	0	0	0	0	0
CBDDTY010004987.1	1	1000	0	0	0	0	0	0
CBDDTY010004992.1	1	1000	0	0	0	0	0	0
CBDDTY010004993.1	1	1000	0	0	0	0	0	0
CBDDTY010005003.1	1	1000	0	0	0	0	0	0
CBDDTY010005006.1	1	1000	0	0	0	0	0	0
CBDDTY010005010.1	1	1000	0	0	0	0	0	0
CBDDTY010005014.1	1	1000	0	0	0	0	0	0
CBDDTY010005016.1	1	1000	0	0	0	0	0	0
CBDDTY010005018.1	1	1000	0	0	0	0	0	0
CBDDTY010005021.1	1	1000	0	0	0	0	0	0
CBDDTY010005022.1	1	1000	0	0	0	0	0	0
CBDDTY010005025.1	1	1000	0	0	0	0	0	0
CBDDTY010005034.1	1	1000	0	0	0	0	0	0
CBDDTY010005039.1	1	1000	0	0	0	0	0	0
CBDDTY010005040.1	1	1000	0	0	0	0	0	0
CBDDTY010005042.1	1	1000	0	0	0	0	0	0
CBDDTY010005048.1	1	1000	0	0	0	0	0	0
CBDDTY010005052.1	1	1000	0	0	0	0	0	0
CBDDTY010005055.1	1	1000	0	0	0	0	0	0
CBDDTY010005059.1	1	1000	0	0	0	0	0	0
CBDDTY010005063.1	1	1000	0	0	0	0	0	0
CBDDTY010005064.1	1	1000	0	0	0	0	0	0
CBDDTY010005068.1	1	1000	0	0	0	0	0	0
CBDDTY010005069.1	1	1000	0	0	0	0	0	0
CBDDTY010005074.1	1	1000	0	0	0	0	0	0
CBDDTY010005077.1	1	1000	0	0	0	0	0	0
CBDDTY010005079.1	1	1000	0	0	0	0	0	0
CBDDTY010005081.1	1	1000	0	0	0	0	0	0
CBDDTY010005084.1	1	1000	0	0	0	0	0	0
CBDDTY010005087.1	1	1000	0	0	0	0	0	0
CBDDTY010005094.1	1	1000	0	0	0	0	0	0
CBDDTY010005100.1	1	1000	0	0	0	0	0	0
CBDDTY010005114.1	1	1000	0	0	0	0	0	0
CBDDTY010005115.1	1	1000	0	0	0	0	0	0
CBDDTY010005119.1	1	1000	0	0	0	0	0	0
CBDDTY010005120.1	1	1000	0	0	0	0	0	0
CBDDTY010005123.1	1	1000	0	0	0	0	0	0
CBDDTY010005125.1	1	1000	0	0	0	0	0	0
CBDDTY010005133.1	1	1000	0	0	0	0	0	0
CBDDTY010005134.1	1	1000	0	0	0	0	0	0
CBDDTY010005135.1	1	1000	0	0	0	0	0	0
CBDDTY010005140.1	1	1000	0	0	0	0	0	0
CBDDTY010005141.1	1	1000	0	0	0	0	0	0
CBDDTY010005144.1	1	1000	0	0	0	0	0	0
CBDDTY010005149.1	1	1000	0	0	0	0	0	0
CBDDTY010005155.1	1	1000	0	0	0	0	0	0
CBDDTY010005162.1	1	1000	0	0	0	0	0	0
CBDDTY010005163.1	1	1000	0	0	0	0	0	0
CBDDTY010005165.1	1	1000	0	0	0	0	0	0
CBDDTY010005167.1	1	600	0	0	0	0	0	0
CBDDTY010005175.1	1	1000	0	0	0	0	0	0
CBDDTY010005176.1	1	1000	0	0	0	0	0	0
CBDDTY010005178.1	1	1000	0	0	0	0	0	0
CBDDTY010005179.1	1	1000	0	0	0	0	0	0
CBDDTY010005180.1	1	1000	0	0	0	0	0	0
CBDDTY010005182.1	1	1000	0	0	0	0	0	0
CBDDTY010005184.1	1	1000	0	0	0	0	0	0
CBDDTY010005185.1	1	1000	0	0	0	0	0	0
CBDDTY010005190.1	1	1000	0	0	0	0	0	0
CBDDTY010005195.1	1	1000	0	0	0	0	0	0
CBDDTY010005196.1	1	1000	0	0	0	0	0	0
CBDDTY010005204.1	1	1000	0	0	0	0	0	0
CBDDTY010005205.1	1	1000	0	0	0	0	0	0
CBDDTY010005206.1	1	1000	0	0	0	0	0	0
CBDDTY010005209.1	1	1000	0	0	0	0	0	0
CBDDTY010005210.1	1	1000	0	0	0	0	0	0
CBDDTY010005213.1	1	1000	0	0	0	0	0	0
CBDDTY010005215.1	1	1000	0	0	0	0	0	0
CBDDTY010005216.1	1	1000	0	0	0	0	0	0
CBDDTY010005217.1	1	1000	0	0	0	0	0	0
CBDDTY010005220.1	1	1000	0	0	0	0	0	0
CBDDTY010005222.1	1	1000	0	0	0	0	0	0
CBDDTY010005225.1	1	1000	0	0	0	0	0	0
CBDDTY010005226.1	1	1000	0	0	0	0	0	0
CBDDTY010005228.1	1	1000	0	0	0	0	0	0
CBDDTY010005235.1	1	1000	0	0	0	0	0	0
CBDDTY010005236.1	1	1000	0	0	0	0	0	0
CBDDTY010005239.1	1	1000	0	0	0	0	0	0
CBDDTY010005240.1	1	1000	0	0	0	0	0	0
CBDDTY010005241.1	1	1000	0	0	0	0	0	0
CBDDTY010005244.1	1	1000	0	0	0	0	0	0
CBDDTY010005246.1	1	1000	0	0	0	0	0	0
CBDDTY010005248.1	1	1000	0	0	0	0	0	0
CBDDTY010005249.1	1	1000	0	0	0	0	0	0
CBDDTY010005250.1	1	1000	0	0	0	0	0	0
CBDDTY010005254.1	1	1000	0	0	0	0	0	0
CBDDTY010005255.1	1	1000	0	0	0	0	0	0
CBDDTY010005261.1	1	1000	0	0	0	0	0	0
CBDDTY010005271.1	1	1000	0	0	0	0	0	0
CBDDTY010005286.1	1	1000	0	0	0	0	0	0
CBDDTY010005289.1	1	1000	0	0	0	0	0	0
CBDDTY010005292.1	1	1000	0	0	0	0	0	0
CBDDTY010005301.1	1	1000	0	0	0	0	0	0
CBDDTY010005302.1	1	1000	0	0	0	0	0	0
CBDDTY010005304.1	1	1000	0	0	0	0	0	0
CBDDTY010005306.1	1	1000	0	0	0	0	0	0
CBDDTY010005308.1	1	1000	0	0	0	0	0	0
CBDDTY010005310.1	1	1000	0	0	0	0	0	0
CBDDTY010005315.1	1	1000	0	0	0	0	0	0
CBDDTY010005317.1	1	1000	0	0	0	0	0	0
CBDDTY010005323.1	1	1000	0	0	0	0	0	0
CBDDTY010005324.1	1	1000	0	0	0	0	0	0
CBDDTY010005325.1	1	1000	0	0	0	0	0	0
CBDDTY010005330.1	1	1000	0	0	0	0	0	0
CBDDTY010005338.1	1	1000	0	0	0	0	0	0
CBDDTY010005347.1	1	1000	0	0	0	0	0	0
CBDDTY010005351.1	1	1000	0	0	0	0	0	0
CBDDTY010005363.1	1	1000	0	0	0	0	0	0
CBDDTY010005367.1	1	1000	0	0	0	0	0	0
CBDDTY010005368.1	1	1000	0	0	0	0	0	0
CBDDTY010005372.1	1	1000	0	0	0	0	0	0
CBDDTY010005373.1	1	1000	0	0	0	0	0	0
CBDDTY010005380.1	1	1000	0	0	0	0	0	0
CBDDTY010005396.1	1	1000	0	0	0	0	0	0
CBDDTY010005397.1	1	1000	0	0	0	0	0	0
CBDDTY010005401.1	1	1000	0	0	0	0	0	0
CBDDTY010005403.1	1	1000	0	0	0	0	0	0
CBDDTY010005406.1	1	1000	0	0	0	0	0	0
CBDDTY010005407.1	1	1000	0	0	0	0	0	0
CBDDTY010005421.1	1	1000	0	0	0	0	0	0
CBDDTY010005423.1	1	1000	0	0	0	0	0	0
CBDDTY010005425.1	1	1000	0	0	0	0	0	0
CBDDTY010005428.1	1	1000	0	0	0	0	0	0
CBDDTY010005429.1	1	1000	0	0	0	0	0	0
CBDDTY010005430.1	1	1000	0	0	0	0	0	0
CBDDTY010005431.1	1	1000	0	0	0	0	0	0
CBDDTY010005439.1	1	1000	0	0	0	0	0	0
CBDDTY010005440.1	1	1000	0	0	0	0	0	0
CBDDTY010005444.1	1	1000	0	0	0	0	0	0
CBDDTY010005446.1	1	1000	0	0	0	0	0	0
CBDDTY010005447.1	1	1000	0	0	0	0	0	0
CBDDTY010005449.1	1	1000	0	0	0	0	0	0
CBDDTY010005451.1	1	1000	0	0	0	0	0	0
CBDDTY010005453.1	1	1000	0	0	0	0	0	0
CBDDTY010005455.1	1	1000	0	0	0	0	0	0
CBDDTY010005466.1	1	1000	0	0	0	0	0	0
CBDDTY010005467.1	1	1000	0	0	0	0	0	0
CBDDTY010005469.1	1	1000	0	0	0	0	0	0
CBDDTY010005470.1	1	1000	0	0	0	0	0	0
CBDDTY010005482.1	1	1000	0	0	0	0	0	0
CBDDTY010005483.1	1	1000	0	0	0	0	0	0
CBDDTY010005485.1	1	1000	0	0	0	0	0	0
CBDDTY010005486.1	1	1000	0	0	0	0	0	0
CBDDTY010005490.1	1	1000	0	0	0	0	0	0
CBDDTY010005497.1	1	1000	0	0	0	0	0	0
CBDDTY010005498.1	1	1000	0	0	0	0	0	0
CBDDTY010005505.1	1	1000	0	0	0	0	0	0
CBDDTY010005512.1	1	1000	0	0	0	0	0	0
CBDDTY010005513.1	1	1000	0	0	0	0	0	0
CBDDTY010005516.1	1	1000	0	0	0	0	0	0
CBDDTY010005523.1	1	1000	0	0	0	0	0	0
CBDDTY010005530.1	1	1000	0	0	0	0	0	0
CBDDTY010005533.1	1	1000	0	0	0	0	0	0
CBDDTY010005535.1	1	1000	0	0	0	0	0	0
CBDDTY010005536.1	1	1000	0	0	0	0	0	0
CBDDTY010005539.1	1	1000	0	0	0	0	0	0
CBDDTY010005542.1	1	1000	0	0	0	0	0	0
CBDDTY010005545.1	1	1000	0	0	0	0	0	0
CBDDTY010005547.1	1	1000	0	0	0	0	0	0
CBDDTY010005550.1	1	1000	0	0	0	0	0	0
CBDDTY010005556.1	1	1000	0	0	0	0	0	0
CBDDTY010005558.1	1	1000	0	0	0	0	0	0
CBDDTY010005560.1	1	1000	0	0	0	0	0	0
