#rname	startpos	endpos	numreads	covbases	coverage	meandepth	meanbaseq	meanmapq
OZ247652.1	1	90891126	375085	39197679	43.126	1.74804	30.8	29.2
CBDDTY010000001.1	1	2201400	4481	578377	26.2731	0.836891	30.8	28.1
CBDDTY010000002.1	1	375200	722	91417	24.3649	0.90496	31	3.22
OZ247653.1	1	59305165	319964	36528371	61.5939	2.29842	30.8	33.8
CBDDTY010000003.1	1	159000	64	24344	15.3107	0.223296	31.6	0.609
CBDDTY010000004.1	1	132000	254	35127	26.6114	0.956864	30.7	8.74
CBDDTY010000005.1	1	112000	271	36815	32.8705	1.19529	32.6	0.351
OZ247654.1	1	55603820	312694	34655142	62.3251	2.42532	30.8	33
CBDDTY010000006.1	1	237387	888	95365	40.1728	1.51899	30.4	33.8
CBDDTY010000007.1	1	212000	121	41252	19.4585	0.369222	31.8	1.98
OZ247655.1	1	27535131	173777	14661506	53.2465	2.82235	30.9	31.2
OZ247656.1	1	25493044	161849	18071833	70.8893	2.7626	30.8	37.3
OZ247657.1	1	20427586	123479	14337914	70.189	2.61088	30.8	38.4
CBDDTY010000008.1	1	1510391	515	234070	15.4973	0.262545	32	1.62
CBDDTY010000009.1	1	203586	457	66374	32.6024	1.11187	31.6	2.12
OZ247658.1	1	19570859	112053	12536968	64.0594	2.49237	30.9	36
OZ247659.1	1	15043846	84724	9629352	64.0086	2.4227	30.9	34.5
CBDDTY010000010.1	1	3154400	9621	1163164	36.8743	1.36207	31	26.9
CBDDTY010000011.1	1	372599	5300	249555	66.9768	7.09612	30.6	8.59
OZ247660.1	1	18558849	96612	11250045	60.6182	2.25539	30.8	34.7
OZ247661.1	1	18228942	137921	11247853	61.7033	3.39354	30.7	28.7
OZ247662.1	1	18164600	106183	12341659	67.9435	2.55803	30.9	36.5
OZ247663.1	1	17898725	99013	11345608	63.3878	2.42659	30.9	34.5
OZ247664.1	1	16834196	103680	11555587	68.6435	2.68311	30.9	36.1
OZ247665.1	1	16704832	106210	11244586	67.3134	2.78163	30.9	36
OZ247666.1	1	16645368	96181	11080377	66.5673	2.49002	30.9	36.2
OZ247667.1	1	14847524	82862	10077427	67.8728	2.4996	31	37.8
OZ247668.1	1	14820029	84010	9966548	67.2505	2.46337	30.9	35.8
CBDDTY010000012.1	1	6743	21	2933	43.497	0.892333	32.2	47.7
CBDDTY010000013.1	1	37029	9	5660	15.2853	0.184639	31.7	0.889
CBDDTY010000014.1	1	74823	722	63249	84.5315	4.24851	30.6	39.6
CBDDTY010000015.1	1	513578	2620	251401	48.9509	2.17614	30.7	24.7
CBDDTY010000016.1	1	15272	126	8863	58.0343	3.26997	30.5	28.9
CBDDTY010000018.1	1	1808000	5218	673729	37.2638	1.28321	30.9	21.2
CBDDTY010000019.1	1	1397391	2232	421698	30.1775	0.719482	31.1	2.44
CBDDTY010000020.1	1	1374880	4143	483237	35.1476	1.22048	30.7	27.1
CBDDTY010000022.1	1	792527	3637	396006	49.9675	1.90483	30.5	24.5
CBDDTY010000023.1	1	1139680	11449	443552	38.919	5.82434	31.1	9.28
CBDDTY010000024.1	1	1667	13	1071	64.2472	2.70726	30.4	6.46
CBDDTY010000025.1	1	1026420	4547	469250	45.7172	1.8212	30.6	31.1
CBDDTY010000026.1	1	1012600	1794	227539	22.4708	0.769488	30.8	23.6
CBDDTY010000027.1	1	968581	2165	308826	31.8844	1.02888	31	22.9
CBDDTY010000028.1	1	555299	1904	194835	35.0865	1.62209	31	11.1
CBDDTY010000029.1	1	799000	7229	330893	41.4134	4.31527	31.2	24.2
CBDDTY010000030.1	1	749000	136	54818	7.31883	0.10419	32	0.853
CBDDTY010000031.1	1	715217	2509	243863	34.0964	1.43923	30.7	29.4
CBDDTY010000032.1	1	699400	1137	155537	22.2386	0.684224	30.6	14.9
CBDDTY010000033.1	1	662224	322	126626	19.1213	0.339202	31.6	1.25
CBDDTY010000034.1	1	657600	4075	206995	31.4773	3.03258	31.3	16.6
CBDDTY010000035.1	1	604775	2682	275892	45.6189	1.83649	30.9	27.7
CBDDTY010000036.1	1	577475	2928	299630	51.8862	2.10094	30.6	29.2
CBDDTY010000037.1	1	364000	29	16638	4.57088	0.0582995	31.1	0.759
CBDDTY010000038.1	1	353843	1132	112479	31.7878	1.39243	30.6	27.8
CBDDTY010000039.1	1	347000	1281	149077	42.9617	1.58895	31.3	16.3
CBDDTY010000040.1	1	340000	507	55207	16.2374	0.590576	30.7	21.9
CBDDTY010000041.1	1	335200	860	126634	37.7786	1.19102	31.2	17.2
CBDDTY010000042.1	1	294000	2029	172278	58.598	2.86882	30.5	26.4
CBDDTY010000043.1	1	288000	872	82838	28.7632	1.17421	30.7	13.9
CBDDTY010000044.1	1	285552	1065	99363	34.7968	1.55047	31	21
CBDDTY010000045.1	1	284000	1134	130834	46.0683	1.70444	30.7	19.5
CBDDTY010000046.1	1	267800	1620	150330	56.1352	2.51718	30.7	23.1
CBDDTY010000047.1	1	254316	195	57500	22.6097	0.43063	32	2.34
CBDDTY010000048.1	1	240800	1147	132845	55.1682	2.10743	30.6	21.9
CBDDTY010000049.1	1	221200	1352	137745	62.2717	3.31679	32.1	6.01
CBDDTY010000050.1	1	211042	516	71189	33.7321	0.996351	31.3	25.6
CBDDTY010000051.1	1	205000	984	84595	41.2659	2.14626	30.7	27.2
CBDDTY010000052.1	1	195200	567	72727	37.2577	1.15532	29.9	11.7
CBDDTY010000053.1	1	195000	978	135372	69.4215	2.1477	31	47.4
CBDDTY010000054.1	1	194200	842	76920	39.6087	2.42657	31	2.44
CBDDTY010000055.1	1	193800	1260	102639	52.9613	2.8931	30.6	25.9
CBDDTY010000056.1	1	190600	1359	116309	61.0226	2.93765	30.8	22.3
CBDDTY010000057.1	1	180000	303	38195	21.2194	0.798928	30.5	5.71
CBDDTY010000058.1	1	178701	405	51118	28.6053	0.939206	30.9	15.6
CBDDTY010000059.1	1	175000	207	44773	25.5846	0.477206	30.5	4.06
CBDDTY010000060.1	1	169926	837	73965	43.5278	1.98892	30.7	10.5
CBDDTY010000061.1	1	165200	357	37788	22.8741	0.839364	31.2	11.1
CBDDTY010000062.1	1	162000	815	81373	50.2302	2.47457	30.9	15.2
CBDDTY010000063.1	1	161000	342	57173	35.5112	0.856509	30.6	3.07
CBDDTY010000064.1	1	4986	12	1885	37.8059	0.655034	30	41.3
CBDDTY010000065.1	1	158000	2	1084	0.686076	0.00686076	26.6	0.5
CBDDTY010000066.1	1	155400	54	13917	8.9556	0.128977	30.9	5.78
CBDDTY010000067.1	1	153036	763	73332	47.9181	2.11606	30.6	16.2
CBDDTY010000068.1	1	153000	764	68494	44.7673	2.08809	30.5	20
CBDDTY010000070.1	1	150357	893	97136	64.6036	2.52163	30.4	16.2
CBDDTY010000071.1	1	142400	178	42948	30.1601	1.19436	29.2	1.79
CBDDTY010000072.1	1	140603	830	67965	48.3382	2.51046	31.1	18.9
CBDDTY010000073.1	1	134000	838	90720	67.7015	5.10591	32.4	1.27
CBDDTY010000074.1	1	127396	168	28238	22.1655	0.437612	30.2	1.96
CBDDTY010000075.1	1	126000	251	37573	29.8198	0.773175	30.4	3.57
CBDDTY010000076.1	1	122094	956	74900	61.3462	3.713	30.6	13.5
CBDDTY010000077.1	1	118000	277	50737	42.9975	1.0546	30.9	1.94
CBDDTY010000078.1	1	113200	362	58715	51.8684	1.20223	31.1	1.77
CBDDTY010000079.1	1	110600	1562	74299	67.1781	6.73604	29.1	23.5
CBDDTY010000080.1	1	109000	29	4773	4.3789	0.0961284	30.3	1.21
CBDDTY010000081.1	1	106000	61	17749	16.7443	0.242953	30.5	0.492
CBDDTY010000082.1	1	105000	376	48834	46.5086	1.41531	30.2	20.3
CBDDTY010000083.1	1	103000	20	11800	11.4563	0.218097	31.8	3
CBDDTY010000084.1	1	101400	7	1720	1.69625	0.0169625	29.9	0.286
CBDDTY010000085.1	1	101000	143	30634	30.3307	0.660782	30.6	1.13
CBDDTY010000086.1	1	99160	579	46844	47.2408	2.26928	30.7	25.4
CBDDTY010000087.1	1	98000	175	23848	24.3347	0.863786	31.2	1.14
CBDDTY010000088.1	1	94000	158	23627	25.1351	0.655734	31.4	3.73
CBDDTY010000089.1	1	93200	116	22603	24.2521	0.437425	30.7	2.76
CBDDTY010000090.1	1	93200	470	44607	47.8616	2.10867	30.3	33.8
CBDDTY010000091.1	1	91592	11	4048	4.4196	0.112794	30.1	1.18
CBDDTY010000092.1	1	91000	86	32484	35.6967	0.679143	32.3	1.53
CBDDTY010000093.1	1	89742	648	60530	67.4489	3.16756	30.4	4.03
CBDDTY010000094.1	1	89082	304	38064	42.7292	1.50877	31.2	20.6
CBDDTY010000095.1	1	89000	114	18723	21.0371	0.590191	31.2	19.8
CBDDTY010000096.1	1	89000	52	16840	18.9213	0.306135	32.1	1.83
CBDDTY010000097.1	1	88400	193	21449	24.2636	0.898416	30.8	12.8
CBDDTY010000098.1	1	88187	199	27175	30.8152	0.950163	31.3	2.2
CBDDTY010000099.1	1	88000	763	62549	71.0784	3.94634	30.7	26.3
CBDDTY010000100.1	1	85432	611	55876	65.4041	2.9606	30.5	5.54
CBDDTY010000101.1	1	84721	313	46955	55.4231	1.42996	31	13.9
CBDDTY010000102.1	1	84000	503	59639	70.9988	2.66564	31.1	27.1
CBDDTY010000103.1	1	82593	23	6098	7.38319	0.098713	28.5	1.7
CBDDTY010000104.1	1	82000	184	30873	37.65	1.21317	31.4	0.88
CBDDTY010000105.1	1	81000	13	3891	4.8037	0.07	31.7	0.692
CBDDTY010000106.1	1	79800	176	23620	29.599	0.857744	30.6	20.9
CBDDTY010000107.1	1	80000	15	12626	15.7825	0.209287	33.7	0.667
CBDDTY010000108.1	1	80000	237	29507	36.8837	1.54669	31.8	14.4
CBDDTY010000109.1	1	79658	231	27336	34.3167	1.37828	30.8	28.7
CBDDTY010000110.1	1	78800	488	53215	67.5317	2.72791	30.1	29.3
CBDDTY010000111.1	1	79000	1471	62658	79.3139	9.06473	31.2	3.81
CBDDTY010000112.1	1	78378	251	29812	38.0362	1.28662	30.3	17.3
CBDDTY010000113.1	1	78200	712	54727	69.9834	5.31426	31.7	3.92
CBDDTY010000114.1	1	77000	221	20532	26.6649	1.04557	30.6	21.1
CBDDTY010000115.1	1	76454	292	42943	56.1684	1.64997	31	1.71
CBDDTY010000116.1	1	75599	4291	41643	55.0841	25.906	30.3	0.261
CBDDTY010000117.1	1	75000	520	36579	48.772	3.24273	30.4	11.5
CBDDTY010000118.1	1	74641	342	51971	69.628	1.9765	30.6	45.3
CBDDTY010000119.1	1	74000	430	58206	78.6568	2.35201	30.7	33.8
CBDDTY010000120.1	1	74000	142	24886	33.6297	0.722068	30	1.81
CBDDTY010000121.1	1	74000	37	12932	17.4757	0.254824	31.4	1.05
CBDDTY010000122.1	1	74000	9	2893	3.90946	0.0425676	30.7	0.111
CBDDTY010000123.1	1	72678	319	31184	42.9071	1.99536	30.9	33.6
CBDDTY010000124.1	1	72011	280	29619	41.1312	1.67509	31.5	15.8
CBDDTY010000125.1	1	71823	363	44256	61.6181	2.07499	31.3	27.9
CBDDTY010000126.1	1	72000	567	41003	56.9486	3.30982	30.6	9.41
CBDDTY010000127.1	1	72000	30	5879	8.16528	0.183097	32.3	21.1
CBDDTY010000128.1	1	72000	445	31176	43.3	2.28847	30.4	24.3
CBDDTY010000129.1	1	71000	212	15623	22.0042	1.33756	30.6	10.9
CBDDTY010000130.1	1	70000	146	27878	39.8257	0.848114	31.1	2.75
CBDDTY010000131.1	1	69800	349	36352	52.0802	1.81586	30.1	19.6
CBDDTY010000132.1	1	69600	111	21322	30.6351	0.751853	30.2	16.2
CBDDTY010000133.1	1	68800	395	46400	67.4419	2.59535	30.6	16.6
CBDDTY010000134.1	1	69000	586	52849	76.5928	4.11817	30.7	3.5
CBDDTY010000135.1	1	68847	337	33191	48.2098	1.9335	31.1	12.6
CBDDTY010000136.1	1	68000	103	14973	22.0191	0.531235	31.3	25.7
CBDDTY010000137.1	1	68000	77	21034	30.9324	0.418191	31.1	0.338
CBDDTY010000138.1	1	66000	488	31783	48.1561	3.34921	31.5	23.5
CBDDTY010000139.1	1	65676	138	27722	42.2102	0.874353	31.7	7.79
CBDDTY010000140.1	1	65517	282	35248	53.7998	1.85692	30.7	36.2
CBDDTY010000141.1	1	65000	1174	33990	52.2923	8.20378	30.8	25.2
CBDDTY010000142.1	1	64675	111	19057	29.4658	0.624291	29.5	3.61
CBDDTY010000143.1	1	64000	311	33412	52.2062	2.02287	30.3	8.79
CBDDTY010000144.1	1	64000	135	33654	52.5844	1.33153	32	2.58
CBDDTY010000145.1	1	64000	189	23525	36.7578	1.24436	30.2	14.8
CBDDTY010000146.1	1	63800	168	20454	32.0596	1.19398	29.9	24.3
CBDDTY010000147.1	1	64000	55	13760	21.5	0.424812	31.2	0.909
CBDDTY010000148.1	1	63205	340	33401	52.8455	2.23506	30.9	11
CBDDTY010000149.1	1	63000	180	38400	60.9524	1.14894	31.4	3.63
CBDDTY010000150.1	1	63000	114	31484	49.9746	0.837524	30	0.0877
CBDDTY010000151.1	1	62400	321	19220	30.8013	2.00002	31	10.9
CBDDTY010000152.1	1	61800	283	30117	48.733	1.8461	30.2	21.4
CBDDTY010000153.1	1	62000	155	23657	38.1565	1.02498	30.8	2.98
CBDDTY010000154.1	1	61792	60	9497	15.3693	0.444119	31.2	32.9
CBDDTY010000155.1	1	61130	221	23241	38.019	1.64379	30.7	20.8
CBDDTY010000156.1	1	61000	30	5079	8.32623	0.175541	31.4	1.27
CBDDTY010000157.1	1	61000	1	361	0.591803	0.00591803	26.4	1
CBDDTY010000158.1	1	59400	192	18591	31.298	1.15202	29.5	2.16
CBDDTY010000159.1	1	60000	60	17319	28.865	0.392833	31.6	0.1
CBDDTY010000160.1	1	58000	125	20195	34.819	0.858293	29.6	0.248
CBDDTY010000161.1	1	57000	63	9767	17.1351	0.397649	30.6	0.841
CBDDTY010000162.1	1	56000	308	28166	50.2964	2.85368	31.4	0.805
CBDDTY010000163.1	1	55600	207	23210	41.7446	1.48421	31.7	1.89
CBDDTY010000164.1	1	54600	155	19628	35.9487	1.05388	31.3	23
CBDDTY010000165.1	1	54285	203	35315	65.0548	1.7477	30.7	1.15
CBDDTY010000166.1	1	54000	464	43372	80.3185	3.93237	30.9	46.3
CBDDTY010000167.1	1	53357	5	1530	2.86748	0.0286748	33.1	0.6
CBDDTY010000168.1	1	53000	71	7087	13.3717	0.543226	30	6.7
CBDDTY010000169.1	1	53000	8	2988	5.63774	0.063434	26.7	2.38
CBDDTY010000170.1	1	53000	74	20050	37.8302	0.653509	32.8	0.811
CBDDTY010000171.1	1	53000	4	688	1.29811	0.0221321	33.1	58.2
CBDDTY010000172.1	1	52000	77	11134	21.4115	0.883865	32.7	1.31
CBDDTY010000173.1	1	52000	1	151	0.290385	0.00290385	30.1	0
CBDDTY010000174.1	1	52000	257	29485	56.7019	2.30519	31.1	0.595
CBDDTY010000175.1	1	52000	3	3037	5.84038	0.0584038	32.3	1
CBDDTY010000176.1	1	51767	170	15074	29.1189	1.33479	30.9	19
CBDDTY010000177.1	1	51000	229	16243	31.849	1.6512	31	16.3
CBDDTY010000178.1	1	51000	178	16529	32.4098	1.72045	31.1	5.37
CBDDTY010000179.1	1	50278	749	31722	63.0932	6.25719	30.5	0.933
CBDDTY010000180.1	1	50000	40	9988	19.976	0.31748	31	1.8
CBDDTY010000181.1	1	49343	1122	45288	91.782	13.5892	32	8.74
CBDDTY010000182.1	1	43800	223	24595	56.153	2.28475	30.7	27.1
CBDDTY010000183.1	1	43018	33	12311	28.6183	0.366544	30.4	0.0606
CBDDTY010000184.1	1	42800	194	18758	43.8271	1.92902	29.9	9.95
CBDDTY010000185.1	1	39997	264	14393	35.9852	2.77241	29.8	50.5
CBDDTY010000186.1	1	39979	341	32952	82.4233	3.68306	30.7	37.3
CBDDTY010000187.1	1	39930	216	25330	63.436	2.32239	30.7	33.5
CBDDTY010000188.1	1	39923	189	27062	67.7855	1.91241	30.2	37.7
CBDDTY010000189.1	1	39907	295	34980	87.6538	3.44438	30.3	41.3
CBDDTY010000190.1	1	39885	222	32250	80.8575	2.35364	30.8	47.7
CBDDTY010000191.1	1	39852	309	29383	73.7303	3.13502	31.2	42.6
CBDDTY010000192.1	1	39835	211	27126	68.0959	2.2723	30.6	36.8
CBDDTY010000193.1	1	39826	253	28074	70.4916	2.64056	30.8	45.9
CBDDTY010000194.1	1	39777	157	14176	35.6387	1.59487	30	7.61
CBDDTY010000195.1	1	39752	261	34141	85.885	2.908	30.9	44.7
CBDDTY010000196.1	1	39747	262	31058	78.1392	2.86844	30.3	48.1
CBDDTY010000197.1	1	39727	221	26910	67.7373	2.52108	31.6	28.2
CBDDTY010000198.1	1	39726	259	29373	73.939	2.58136	30.8	45.5
CBDDTY010000199.1	1	39701	17	3488	8.78567	0.116168	30.6	6.53
CBDDTY010000200.1	1	39691	206	26978	67.9701	2.65103	30.2	30.1
CBDDTY010000201.1	1	39675	114	20954	52.8141	1.0466	32.3	31.3
CBDDTY010000202.1	1	39636	829	35678	90.0141	9.62168	30.7	46.3
CBDDTY010000203.1	1	39634	125	19820	50.0076	1.21565	30	20.3
CBDDTY010000204.1	1	39633	126	17358	43.7968	1.45162	30.4	21.4
CBDDTY010000205.1	1	39628	220	29468	74.3616	2.0563	30.6	36.2
CBDDTY010000206.1	1	39601	324	34370	86.7907	3.40681	30.8	37.6
CBDDTY010000207.1	1	39600	148	20730	52.3485	1.64553	30.6	38.4
CBDDTY010000208.1	1	39595	263	26532	67.0085	2.72459	31.4	23
CBDDTY010000209.1	1	39385	87	11801	29.9632	0.704913	31	14.6
CBDDTY010000210.1	1	39584	58	7555	19.086	0.525692	29.3	26.8
CBDDTY010000211.1	1	39576	127	17585	44.4335	1.11282	31.6	29.8
CBDDTY010000212.1	1	39569	83	16293	41.1762	0.93548	30.8	13.7
CBDDTY010000213.1	1	39567	280	25869	65.3802	3.0712	30	20.5
CBDDTY010000214.1	1	39564	409	34360	86.8466	4.40289	31.1	40.7
CBDDTY010000215.1	1	39559	248	22805	57.6481	2.67964	31	40
CBDDTY010000216.1	1	39546	132	18027	45.5849	1.27257	30.7	15.5
CBDDTY010000217.1	1	39539	111	18367	46.4529	1.11958	30.7	10.1
CBDDTY010000218.1	1	39539	236	33528	84.7973	2.64863	30.5	44.5
CBDDTY010000219.1	1	39529	538	35926	90.8852	6.52341	31.1	31.2
CBDDTY010000220.1	1	39525	215	28836	72.9564	2.11856	30.7	42.4
CBDDTY010000221.1	1	39512	320	29830	75.4961	3.23188	31.3	25.7
CBDDTY010000222.1	1	39446	131	12153	30.8092	1.34325	31.3	17.8
CBDDTY010000223.1	1	39434	227	24269	61.5433	2.49181	31	34.7
CBDDTY010000224.1	1	39425	234	29576	75.0184	2.29167	30.6	43.5
CBDDTY010000225.1	1	39419	779	36256	91.976	8.90784	30.6	41.2
CBDDTY010000226.1	1	39410	136	17747	45.0317	1.21172	30.1	21.8
CBDDTY010000227.1	1	39362	223	21040	53.4526	2.38291	30.8	33.3
CBDDTY010000228.1	1	39355	108	15074	38.3026	1.31338	31.2	21.6
CBDDTY010000229.1	1	39340	267	28826	73.274	2.93879	31.8	27.6
CBDDTY010000230.1	1	39328	306	36972	94.0094	3.33343	30.2	45
CBDDTY010000231.1	1	39324	283	33574	85.3779	3.25209	31.4	37.5
CBDDTY010000232.1	1	39317	117	16817	42.7728	1.14823	31.3	25
CBDDTY010000233.1	1	39277	233	31838	81.0602	2.44311	31	48.2
CBDDTY010000234.1	1	39272	452	29727	75.6952	5.2651	30.2	37.1
CBDDTY010000235.1	1	39248	132	19120	48.7159	1.44746	30.7	24.1
CBDDTY010000236.1	1	39207	85	8142	20.7667	0.829036	31.8	10.5
CBDDTY010000237.1	1	39200	161	21476	54.7857	1.92806	30.6	26
CBDDTY010000238.1	1	39153	299	33073	84.4712	3.28376	31.1	36
CBDDTY010000239.1	1	39125	258	35067	89.6281	3.11021	31.4	54.3
CBDDTY010000240.1	1	39102	182	28543	72.9963	1.93105	30.6	39.9
CBDDTY010000241.1	1	39098	39	6265	16.0238	0.278275	30.7	9.64
CBDDTY010000242.1	1	39086	727	20778	53.1597	8.60293	30.5	1.87
CBDDTY010000243.1	1	39070	125	21196	54.2513	1.34592	31.8	46.5
CBDDTY010000244.1	1	39068	449	24491	62.6881	4.47632	30.7	26.9
CBDDTY010000245.1	1	39057	195	22221	56.8938	1.87856	30.3	34.8
CBDDTY010000246.1	1	39044	192	22907	58.6697	2.11546	30.3	16.5
CBDDTY010000247.1	1	39044	229	20443	52.3589	2.31974	31.1	32.2
CBDDTY010000248.1	1	39041	274	33645	86.1786	3.33736	30	35.7
CBDDTY010000249.1	1	39022	232	23780	60.94	2.21437	30.3	35.8
CBDDTY010000250.1	1	39001	174	27951	71.6674	2.11246	31.2	43.4
CBDDTY010000251.1	1	38800	440	27764	71.5567	4.65786	30.6	17.6
CBDDTY010000252.1	1	39000	11	3048	7.81538	0.105641	31.1	3.09
CBDDTY010000253.1	1	39000	257	24191	62.0282	2.98936	31.2	22.7
CBDDTY010000254.1	1	39000	199	30702	78.7231	2.20833	31.3	37.3
CBDDTY010000255.1	1	39000	91	13355	34.2436	0.936846	31.1	24.3
CBDDTY010000256.1	1	38800	14	2786	7.18041	0.135799	30.1	7.79
CBDDTY010000257.1	1	39000	154	15163	38.8795	1.41718	30	12.5
CBDDTY010000258.1	1	39000	320	27328	70.0718	3.56444	30.5	53.2
CBDDTY010000259.1	1	39000	94	9294	23.8308	0.718513	31.5	31.9
CBDDTY010000260.1	1	39000	83	18366	47.0923	0.88459	31.4	16
CBDDTY010000261.1	1	39000	724	36203	92.8282	8.38818	30.5	35.1
CBDDTY010000262.1	1	39000	340	36613	93.8795	3.88297	30.8	49.9
CBDDTY010000263.1	1	39000	43	6838	17.5333	0.358154	29.7	25.1
CBDDTY010000264.1	1	39000	240	31813	81.5718	2.57431	31.3	41.3
CBDDTY010000265.1	1	38800	297	34254	88.2835	3.32325	31	49.5
CBDDTY010000266.1	1	39000	243	30002	76.9282	2.49997	31.1	48.1
CBDDTY010000267.1	1	39000	257	22333	57.2641	2.99562	30.9	10.7
CBDDTY010000268.1	1	39000	283	20596	52.8103	2.99674	30.8	30.7
CBDDTY010000269.1	1	39000	506	32028	82.1231	5.50082	31.5	11.9
CBDDTY010000270.1	1	38982	392	31112	79.8112	3.63714	31.2	20.6
CBDDTY010000271.1	1	38976	226	29363	75.3361	2.37554	30.9	27.5
CBDDTY010000272.1	1	38962	148	15989	41.0374	1.31954	30.2	23.6
CBDDTY010000273.1	1	38953	110	13245	34.0025	1.04274	31.3	32.2
CBDDTY010000274.1	1	38909	293	26328	67.6656	3.27513	30.4	27.8
CBDDTY010000275.1	1	38882	133	17370	44.6736	1.32696	29.9	46.1
CBDDTY010000276.1	1	38878	122	21200	54.5296	1.25739	30.3	26.5
CBDDTY010000277.1	1	38878	214	20906	53.7733	2.10556	31.1	19.7
CBDDTY010000278.1	1	38865	405	21902	56.354	4.37131	30.4	10.6
CBDDTY010000279.1	1	38853	217	29891	76.9336	2.17569	30.9	44.7
CBDDTY010000280.1	1	38850	213	27654	71.1815	2.23598	30.7	35
CBDDTY010000281.1	1	38832	222	25645	66.0409	2.31222	30.9	19.6
CBDDTY010000282.1	1	38810	261	26991	69.5465	3.37725	31.1	26.4
CBDDTY010000283.1	1	38771	153	16142	41.6342	1.77617	30.4	34.1
CBDDTY010000284.1	1	38770	273	24653	63.5878	2.86833	30.9	51.3
CBDDTY010000285.1	1	38755	66	12088	31.1908	0.703677	30.2	19.9
CBDDTY010000286.1	1	38738	102	17994	46.4505	1.10772	31.1	34.9
CBDDTY010000287.1	1	38720	453	31300	80.8368	5.10101	31.4	25.1
CBDDTY010000288.1	1	38713	259	30251	78.1417	2.94891	30.8	43.2
CBDDTY010000289.1	1	38712	84	14333	37.0247	0.970758	30.7	12
CBDDTY010000290.1	1	38709	249	21712	56.0903	2.38591	31.5	31.2
CBDDTY010000291.1	1	38702	232	26029	67.2549	2.55486	31	23.5
CBDDTY010000292.1	1	38701	201	31439	81.2356	2.46593	29.9	42.3
CBDDTY010000293.1	1	38680	348	29507	76.2849	3.08622	31.2	30.4
CBDDTY010000294.1	1	38634	370	29171	75.506	3.53934	31.1	30
CBDDTY010000295.1	1	38608	184	16329	42.2943	1.99112	31.4	16.3
CBDDTY010000296.1	1	38606	256	31713	82.1453	2.62918	31.3	40.5
CBDDTY010000297.1	1	38601	229	27062	70.107	2.64501	31.1	28.1
CBDDTY010000298.1	1	38590	180	23854	61.8139	1.88663	30.7	23.6
CBDDTY010000299.1	1	38564	232	24591	63.7667	2.15572	30.8	28.2
CBDDTY010000300.1	1	38531	309	33040	85.7491	3.63069	31	30.6
CBDDTY010000301.1	1	38525	254	23383	60.6957	2.93856	30.8	26.3
CBDDTY010000302.1	1	38520	267	31692	82.2741	2.84823	29.7	33.2
CBDDTY010000303.1	1	38510	277	29619	76.9125	2.87624	30	29.8
CBDDTY010000304.1	1	38509	264	35964	93.3912	3.20341	31.6	54.6
CBDDTY010000305.1	1	38500	232	31939	82.9584	2.65257	30.8	43.3
CBDDTY010000306.1	1	38496	249	31765	82.5151	2.46823	31.3	45.6
CBDDTY010000307.1	1	38496	76	10367	26.9301	0.637495	30.6	18.3
CBDDTY010000308.1	1	38488	248	33355	86.6634	2.95861	30.8	44.5
CBDDTY010000309.1	1	38475	283	20794	54.0455	3.19465	31.4	28.3
CBDDTY010000310.1	1	38475	341	21780	56.6082	2.99784	30.8	21.3
CBDDTY010000311.1	1	38461	340	21596	56.1504	3.47526	30.5	14.1
CBDDTY010000312.1	1	38440	289	33484	87.1072	3.32027	30.4	22.7
CBDDTY010000313.1	1	38421	21	3880	10.0986	0.211056	31.1	15.7
CBDDTY010000314.1	1	38411	315	27078	70.4954	3.44815	31.3	23.1
CBDDTY010000315.1	1	38407	377	26876	69.9768	4.40748	30.8	22.5
CBDDTY010000316.1	1	38391	276	29863	77.7865	3.04103	30.8	43.4
CBDDTY010000317.1	1	38384	177	22777	59.3398	1.87581	30.7	24.2
CBDDTY010000318.1	1	38383	198	20015	52.1455	1.85048	31.5	25.7
CBDDTY010000319.1	1	38375	316	20883	54.4182	3.37738	30.6	20.1
CBDDTY010000320.1	1	38368	194	16924	44.1097	1.71408	30.8	9.95
CBDDTY010000321.1	1	38356	242	33958	88.5337	2.86036	31.4	52.6
CBDDTY010000322.1	1	38340	247	13450	35.0809	2.37728	31.9	12.9
CBDDTY010000323.1	1	38335	213	25293	65.9789	2.47069	31.4	42.6
CBDDTY010000324.1	1	38317	92	18842	49.174	0.951797	30.7	34.1
CBDDTY010000325.1	1	38299	198	30337	79.2109	2.2433	30.9	49
CBDDTY010000326.1	1	38273	266	30840	80.579	3.10767	31.3	47.3
CBDDTY010000327.1	1	38259	453	33692	88.0629	5.43433	30.2	25.3
CBDDTY010000328.1	1	38219	394	31834	83.2936	4.69905	30.4	31.3
CBDDTY010000329.1	1	38211	213	28291	74.0389	2.65136	30	53.9
CBDDTY010000330.1	1	38211	239	22451	58.7553	2.52545	31	23.3
CBDDTY010000331.1	1	38209	172	24876	65.1051	2.00322	29.7	30.2
CBDDTY010000332.1	1	38200	230	26185	68.5471	2.54173	30.7	20.8
CBDDTY010000333.1	1	38155	144	18601	48.7511	1.8987	30.1	21.4
CBDDTY010000334.1	1	38145	207	28628	75.0505	2.39423	30.8	28.5
CBDDTY010000335.1	1	38142	173	14457	37.9031	1.90357	31.8	10.9
CBDDTY010000336.1	1	38087	218	27103	71.1608	2.61667	30.6	32.3
CBDDTY010000337.1	1	38074	93	12104	31.7907	0.869123	29.5	8.35
CBDDTY010000338.1	1	38035	207	12929	33.9924	2.23681	30	26.4
CBDDTY010000339.1	1	38023	166	16791	44.1601	1.6115	30.3	21.3
CBDDTY010000340.1	1	38010	39	6990	18.3899	0.288424	30.6	10.3
CBDDTY010000341.1	1	38009	211	29948	78.7919	2.34205	30.5	53.8
CBDDTY010000342.1	1	38000	330	27816	73.2	3.71163	30.6	35.2
CBDDTY010000343.1	1	37800	157	14172	37.4921	1.76955	31.4	35.4
CBDDTY010000344.1	1	37800	4	715	1.89153	0.0307937	31.5	0
CBDDTY010000345.1	1	38000	133	18609	48.9711	1.36768	31	35.8
CBDDTY010000346.1	1	38000	30	7262	19.1105	0.358053	30.9	39.4
CBDDTY010000347.1	1	38000	169	26602	70.0053	1.90855	31.2	41.6
CBDDTY010000348.1	1	38000	97	12499	32.8921	0.955789	30.4	22.1
CBDDTY010000349.1	1	38000	442	35683	93.9026	5.51363	31	47.9
CBDDTY010000350.1	1	38000	195	25461	67.0026	2.10713	30.8	17.9
CBDDTY010000351.1	1	38000	272	26516	69.7789	3.09318	30.1	23.8
CBDDTY010000352.1	1	38000	19	4516	11.8842	0.226658	30.1	22.6
CBDDTY010000353.1	1	38000	271	8083	21.2711	3.63908	30.9	23.4
CBDDTY010000354.1	1	38000	385	18895	49.7237	4.74468	30.2	32.7
CBDDTY010000355.1	1	37800	196	28504	75.4074	2.25399	31	50.8
CBDDTY010000356.1	1	38000	267	22676	59.6737	3.08189	30.9	24.3
CBDDTY010000357.1	1	38000	416	19688	51.8105	4.97218	30.5	22
CBDDTY010000358.1	1	38000	274	25228	66.3895	3.17232	30.6	26
CBDDTY010000359.1	1	38000	122	16039	42.2079	1.24108	30.5	18.4
CBDDTY010000360.1	1	37800	119	16024	42.3915	1.0836	30.9	34.8
CBDDTY010000361.1	1	37981	453	23920	62.9789	4.59888	31.4	14.9
CBDDTY010000362.1	1	37963	224	23848	62.8191	2.45031	31.1	25.1
CBDDTY010000363.1	1	37945	177	10724	28.262	1.89928	30.5	18.3
CBDDTY010000364.1	1	37938	265	33097	87.2397	3.45701	30.7	47.7
CBDDTY010000365.1	1	37936	329	29842	78.6641	3.9641	30.8	27.9
CBDDTY010000366.1	1	37933	139	17558	46.2869	1.47349	30.5	49.2
CBDDTY010000367.1	1	37907	76	13109	34.582	0.636769	32.1	10.1
CBDDTY010000368.1	1	37899	117	17436	46.0065	1.16024	30.6	16.7
CBDDTY010000369.1	1	37885	209	23891	63.0619	2.28288	30.7	32.3
CBDDTY010000370.1	1	37879	214	31314	82.6685	2.73157	30.4	48.7
CBDDTY010000371.1	1	37870	157	26347	69.5722	2.04381	31.2	33.8
CBDDTY010000372.1	1	37842	256	31003	81.9275	2.47585	30.8	35.2
CBDDTY010000373.1	1	37831	143	26823	70.9022	1.73165	30.2	46.6
CBDDTY010000374.1	1	37830	192	29093	76.9046	2.11375	30	48
CBDDTY010000375.1	1	37814	201	20590	54.4507	1.9313	30.2	11.4
CBDDTY010000376.1	1	37795	214	27080	71.6497	2.39981	31	40.6
CBDDTY010000377.1	1	37771	325	30932	81.8935	3.30865	30.8	30.8
CBDDTY010000378.1	1	37750	41	9845	26.0795	0.400954	31.7	8.51
CBDDTY010000379.1	1	37725	244	29312	77.6991	2.49583	30.5	37.5
CBDDTY010000380.1	1	37697	205	31923	84.6831	2.43635	30.3	53.9
CBDDTY010000381.1	1	37692	167	26075	69.1791	1.84379	29.5	34.5
CBDDTY010000382.1	1	37682	188	23294	61.8173	1.84324	30.7	23
CBDDTY010000383.1	1	37667	253	26123	69.3525	2.5543	30.8	26.5
CBDDTY010000384.1	1	37660	306	30564	81.1577	3.50725	30.4	30.4
CBDDTY010000385.1	1	37657	291	19068	50.636	2.98465	30.6	13.6
CBDDTY010000386.1	1	37656	210	33826	89.829	2.63841	31.3	55
CBDDTY010000387.1	1	37650	171	24035	63.838	1.80754	30.7	28.5
CBDDTY010000388.1	1	37648	156	14532	38.5997	1.49806	29.7	20.7
CBDDTY010000389.1	1	37620	164	19722	52.4242	1.96095	30.5	11.8
CBDDTY010000390.1	1	37599	236	24232	64.4485	2.4135	31.8	31.6
CBDDTY010000391.1	1	37587	252	34402	91.5263	3.07955	30.9	46.2
CBDDTY010000392.1	1	37579	168	18385	48.9236	1.71835	30.6	21.8
CBDDTY010000393.1	1	37565	277	22732	60.5138	3.40085	30.8	30.6
CBDDTY010000394.1	1	37561	35	7057	18.7881	0.293842	31	14.5
CBDDTY010000395.1	1	37552	259	31797	84.6746	2.80832	31.7	33.7
CBDDTY010000396.1	1	37526	71	13049	34.7732	0.656691	31.6	1.38
CBDDTY010000397.1	1	37511	56	9495	25.3126	0.552505	29.2	37.5
CBDDTY010000398.1	1	37500	134	19104	50.944	1.25837	31	35.9
CBDDTY010000399.1	1	37488	210	18805	50.1627	2.21492	30.9	28.1
CBDDTY010000400.1	1	37486	124	14082	37.566	1.18527	30.9	13
CBDDTY010000401.1	1	37468	263	27133	72.4165	3.18448	30.7	21.5
CBDDTY010000402.1	1	37458	152	10997	29.3582	1.59752	31.1	15.9
CBDDTY010000403.1	1	37449	108	15408	41.144	1.14484	30.9	25.1
CBDDTY010000404.1	1	37432	221	17921	47.8761	2.60884	30.9	24.9
CBDDTY010000405.1	1	37422	229	27393	73.2003	2.39434	29.3	28.7
CBDDTY010000406.1	1	37413	372	22621	60.4629	4.55299	30.8	23.1
CBDDTY010000407.1	1	37403	286	26869	71.8365	3.34289	30.5	21.9
CBDDTY010000408.1	1	37401	97	9614	25.7052	0.85094	31.8	12
CBDDTY010000409.1	1	37392	196	28422	76.0109	2.10609	30.9	52.4
CBDDTY010000410.1	1	37375	360	30245	80.9231	4.33967	30.6	39
CBDDTY010000411.1	1	37372	136	12673	33.9104	1.39487	31	17.2
CBDDTY010000412.1	1	37362	130	17278	46.2448	1.42361	29.3	28.2
CBDDTY010000413.1	1	37357	133	7201	19.2762	1.05445	30	14.7
CBDDTY010000414.1	1	37356	138	15617	41.8059	1.56176	32.2	22.2
CBDDTY010000415.1	1	37351	139	19251	51.5408	1.61682	30.5	23.2
CBDDTY010000416.1	1	37340	306	19741	52.8682	3.89596	30.1	26.1
CBDDTY010000417.1	1	37339	295	32070	85.8887	3.27261	30.8	41.7
CBDDTY010000418.1	1	37333	194	28069	75.1855	2.10907	30.3	39
CBDDTY010000419.1	1	37330	245	29427	78.8294	2.90442	31.2	46.6
CBDDTY010000420.1	1	37320	280	34192	91.6184	3.21779	30.7	53.3
CBDDTY010000421.1	1	37314	257	33465	89.6848	2.90162	31	45.3
CBDDTY010000422.1	1	37303	236	30508	81.7843	2.48642	30.5	44.4
CBDDTY010000423.1	1	37294	239	33146	88.8776	2.78206	30.9	51.4
CBDDTY010000424.1	1	37288	169	24374	65.3669	1.84247	30.6	22.6
CBDDTY010000425.1	1	37287	88	13715	36.7823	1.03052	29.9	28.4
CBDDTY010000426.1	1	37269	174	20931	56.162	1.68164	30.7	25.7
CBDDTY010000427.1	1	37260	46	7571	20.3194	0.416345	29.2	10.1
CBDDTY010000428.1	1	37255	240	30206	81.079	2.75005	30.3	42.9
CBDDTY010000429.1	1	37239	237	29734	79.8464	2.94428	30.5	29.6
CBDDTY010000430.1	1	37224	205	29741	79.8974	2.36914	30.8	48.8
CBDDTY010000431.1	1	37219	237	32209	86.5391	2.60743	31.6	49.6
CBDDTY010000432.1	1	37210	207	20259	54.445	2.54714	31.2	33.1
CBDDTY010000433.1	1	37180	446	34601	93.0635	5.46552	30.5	25.5
CBDDTY010000434.1	1	37176	204	26192	70.4541	2.1735	31.1	35.7
CBDDTY010000435.1	1	37173	500	33588	90.3559	6.02249	30.1	49.5
CBDDTY010000436.1	1	37171	217	32578	87.6436	2.7236	30.4	56.3
CBDDTY010000437.1	1	37161	163	23902	64.3201	1.95073	30.3	34.2
CBDDTY010000438.1	1	37150	214	31298	84.2476	2.57346	31.7	52.1
CBDDTY010000439.1	1	37148	286	25218	67.8852	3.4783	30.7	31.2
CBDDTY010000440.1	1	37139	118	16333	43.978	1.09744	30.5	15.8
CBDDTY010000441.1	1	37137	124	20833	56.0977	1.33244	31.2	41.5
CBDDTY010000442.1	1	37117	478	31192	84.037	5.23763	30.7	33.2
CBDDTY010000443.1	1	37073	299	31833	85.8657	3.35468	30.4	33.9
CBDDTY010000444.1	1	37063	70	11432	30.8448	0.65386	30.8	15.7
CBDDTY010000445.1	1	37063	121	13799	37.2312	1.20689	31.4	16.1
CBDDTY010000446.1	1	37027	127	18587	50.1985	1.33527	31	35.6
CBDDTY010000447.1	1	37021	421	32152	86.848	4.66632	30.5	27.4
CBDDTY010000448.1	1	37009	111	13579	36.6911	1.16201	31.7	12
CBDDTY010000449.1	1	37009	189	25172	68.0159	1.93345	30.7	44.2
CBDDTY010000450.1	1	37003	273	28415	76.7911	2.91766	30.2	32.1
CBDDTY010000451.1	1	37000	105	10580	28.5946	1.02841	30.4	11
CBDDTY010000452.1	1	37000	119	16156	43.6649	1.13449	30.7	23.9
CBDDTY010000453.1	1	37000	381	23822	64.3838	4.57895	30.7	18.4
CBDDTY010000454.1	1	37000	129	22142	59.8432	1.51116	30.9	22.7
CBDDTY010000455.1	1	37000	270	27451	74.1919	3.00341	31.5	27.3
CBDDTY010000456.1	1	37000	69	14693	39.7108	0.692216	30.6	20.4
CBDDTY010000457.1	1	37000	59	7622	20.6	0.682757	31.1	19.9
CBDDTY010000458.1	1	37000	156	14165	38.2838	1.52381	31.1	18.3
CBDDTY010000459.1	1	37000	192	24738	66.8595	2.18524	30.5	13.3
CBDDTY010000460.1	1	37000	45	9058	24.4811	0.467541	30.9	22.9
CBDDTY010000461.1	1	37000	95	16435	44.4189	1.2733	28.6	24.2
CBDDTY010000462.1	1	36600	150	18395	50.2596	1.68527	31.3	22
CBDDTY010000463.1	1	37000	208	27688	74.8324	2.26684	30.9	47
CBDDTY010000464.1	1	37000	579	25110	67.8649	6.88532	30.5	35.1
CBDDTY010000465.1	1	37000	34	6410	17.3243	0.331297	31.7	15.3
CBDDTY010000466.1	1	37000	187	13592	36.7351	2.14954	30.1	26.9
CBDDTY010000467.1	1	36974	218	24067	65.0917	2.42549	30.8	25
CBDDTY010000468.1	1	36968	241	22043	59.6272	2.49705	30.2	11.4
CBDDTY010000469.1	1	36961	218	32169	87.035	2.57095	30.5	51.5
CBDDTY010000470.1	1	36960	230	27230	73.6742	2.99505	30.8	32.3
CBDDTY010000471.1	1	36951	142	12514	33.8665	1.61674	31.3	9.06
CBDDTY010000472.1	1	36947	323	31434	85.0786	3.60435	31.1	37.8
CBDDTY010000473.1	1	36947	195	30984	83.8607	2.2325	31.5	50
CBDDTY010000474.1	1	36939	202	25350	68.6267	2.3071	31	39.1
CBDDTY010000475.1	1	36891	313	21291	57.7133	3.81432	30.7	30.3
CBDDTY010000476.1	1	36876	232	24539	66.5446	2.73452	31.3	23.4
CBDDTY010000477.1	1	36867	220	31377	85.1086	2.40407	30.1	51.7
CBDDTY010000478.1	1	36850	239	30305	82.2388	2.92233	31.2	42.8
CBDDTY010000479.1	1	36847	108	16748	45.4528	1.30108	31.9	19.5
CBDDTY010000480.1	1	36827	156	21406	58.1258	1.78703	30.6	43.7
CBDDTY010000481.1	1	36803	130	20014	54.3814	1.38831	31.1	29
CBDDTY010000482.1	1	36768	147	16877	45.9013	1.69332	31.1	45.9
CBDDTY010000483.1	1	36764	336	28479	77.4644	4.06487	31	29.8
CBDDTY010000484.1	1	36752	189	19893	54.1277	2.10993	31.1	20.1
CBDDTY010000485.1	1	36750	205	21477	58.4408	2.08419	31.1	16.9
CBDDTY010000486.1	1	36725	235	29492	80.305	2.51033	30.5	50.7
CBDDTY010000487.1	1	36704	433	34279	93.3931	5.02062	30.3	50.2
CBDDTY010000488.1	1	36703	199	28242	76.9474	2.46315	30.5	45.3
CBDDTY010000489.1	1	36700	129	12272	33.4387	1.61649	31.5	29.5
CBDDTY010000490.1	1	36697	230	29390	80.0883	2.49759	30.7	37.5
CBDDTY010000491.1	1	36695	323	31865	86.8374	3.6251	30.9	39.9
CBDDTY010000492.1	1	36693	112	22537	61.4204	1.40656	31.1	26.6
CBDDTY010000493.1	1	36680	182	21535	58.7105	1.89079	31.3	28.8
CBDDTY010000494.1	1	36660	197	23021	62.796	2.00537	30.7	41.6
CBDDTY010000495.1	1	36651	261	29243	79.7877	2.98407	30.5	46.1
CBDDTY010000496.1	1	36643	242	27023	73.7467	2.56838	30.9	38.2
CBDDTY010000497.1	1	36635	229	25862	70.5937	2.71292	30.3	27.1
CBDDTY010000498.1	1	36632	148	14748	40.2599	1.65183	31.4	19.5
CBDDTY010000499.1	1	36626	282	26910	73.4724	3.18233	30.5	37.2
CBDDTY010000500.1	1	36604	245	30735	83.9662	2.78674	31.1	48
CBDDTY010000501.1	1	36576	125	22843	62.4535	1.72958	30.7	33.3
CBDDTY010000502.1	1	36569	77	12508	34.2038	0.82157	30.8	9.03
CBDDTY010000503.1	1	36544	199	6681	18.2821	2.29143	30.2	15.8
CBDDTY010000504.1	1	36537	194	25048	68.5552	2.50313	30.2	33.8
CBDDTY010000505.1	1	36535	467	21883	59.896	5.79275	30.6	26.7
CBDDTY010000506.1	1	36522	245	31943	87.4624	2.91339	30	47.6
CBDDTY010000507.1	1	36517	135	13197	36.1393	1.27417	31.3	17
CBDDTY010000508.1	1	36508	69	10051	27.531	0.780021	30.3	36.1
CBDDTY010000509.1	1	36479	213	29225	80.1146	2.38757	31.3	43.1
CBDDTY010000510.1	1	36479	206	26837	73.5684	2.55563	28.9	40.6
CBDDTY010000511.1	1	36464	211	30526	83.7154	2.37777	31	49.7
CBDDTY010000512.1	1	36411	249	18989	52.1518	2.84842	30.9	45
CBDDTY010000513.1	1	36383	163	23799	65.4124	2.13072	30.5	36.8
CBDDTY010000514.1	1	36369	77	10720	29.4757	0.762683	31.1	22.3
CBDDTY010000515.1	1	36361	114	17506	48.145	1.41899	30.3	21.9
CBDDTY010000516.1	1	36346	228	27251	74.9766	2.64714	30.6	41.6
CBDDTY010000517.1	1	36321	167	24772	68.203	1.89257	31.4	44.7
CBDDTY010000518.1	1	36316	102	14818	40.803	1.06132	30.5	11.4
CBDDTY010000519.1	1	36300	191	23857	65.7218	2.05747	30.6	29.3
CBDDTY010000520.1	1	36292	126	15019	41.3838	1.23559	30.7	4.63
CBDDTY010000521.1	1	36254	346	23284	64.2246	3.69054	31.3	22.2
CBDDTY010000522.1	1	36241	161	17204	47.4711	1.68853	30	23.9
CBDDTY010000523.1	1	36224	197	23304	64.333	2.00756	30.8	33
CBDDTY010000524.1	1	36203	242	19975	55.175	3.05428	31	26.9
CBDDTY010000525.1	1	36196	236	22634	62.5318	3.08269	30.5	22.4
CBDDTY010000526.1	1	36191	249	32609	90.1025	3.05438	30.9	52.4
CBDDTY010000527.1	1	36185	129	13537	37.4105	1.32618	31.3	12.4
CBDDTY010000528.1	1	36177	217	17127	47.3422	2.35932	30.8	12
CBDDTY010000529.1	1	36170	186	15395	42.5629	2.00241	31.8	25.1
CBDDTY010000530.1	1	36068	221	27238	75.5185	2.51431	30.6	31
CBDDTY010000531.1	1	36067	207	29125	80.7525	2.29512	30	45.4
CBDDTY010000532.1	1	36042	405	23571	65.3987	5.34143	30.8	22
CBDDTY010000533.1	1	36041	269	32896	91.2738	3.24614	30.9	39.9
CBDDTY010000534.1	1	36038	211	24563	68.1586	2.25418	30.8	45.5
CBDDTY010000535.1	1	36037	121	15395	42.72	1.15193	29.9	8.59
CBDDTY010000536.1	1	36027	195	28676	79.5959	2.21467	30.7	39.5
CBDDTY010000537.1	1	36021	228	24909	69.1513	2.77571	30.5	44
CBDDTY010000538.1	1	36013	49	11585	32.1689	0.620637	31.5	9.69
CBDDTY010000539.1	1	36009	147	15188	42.1783	1.68944	30.7	17.1
CBDDTY010000540.1	1	36007	158	23078	64.0931	1.81673	31.7	29.7
CBDDTY010000541.1	1	36000	113	11853	32.925	1.20706	30.2	19.4
CBDDTY010000542.1	1	36000	74	8796	24.4333	0.541556	30.6	12.6
CBDDTY010000543.1	1	36000	154	24892	69.1444	1.71922	31.4	32.5
CBDDTY010000544.1	1	35600	32	6485	18.2163	0.400112	32.3	13.7
CBDDTY010000545.1	1	36000	54	9353	25.9806	0.743667	31.1	2.07
CBDDTY010000546.1	1	36000	454	29795	82.7639	5.35814	30.3	27.3
CBDDTY010000547.1	1	36000	163	24755	68.7639	1.988	30.3	41
CBDDTY010000548.1	1	36000	74	10967	30.4639	0.831222	30.4	19.9
CBDDTY010000549.1	1	36000	37	5810	16.1389	0.338639	30.2	12.4
CBDDTY010000550.1	1	36000	176	25310	70.3056	2.17083	30.8	51.8
CBDDTY010000551.1	1	36000	102	10556	29.3222	1.07603	31.2	45.9
CBDDTY010000552.1	1	36000	78	8081	22.4472	0.88475	32.3	9.36
CBDDTY010000553.1	1	36000	146	16743	46.5083	1.45631	31.2	8.9
CBDDTY010000554.1	1	36000	219	23212	64.4778	2.76125	30.6	14.6
CBDDTY010000555.1	1	36000	124	14254	39.5944	1.33808	29.8	5.22
CBDDTY010000556.1	1	36000	203	19981	55.5028	2.49908	30.5	12.7
CBDDTY010000557.1	1	36000	111	14751	40.975	0.986083	29.9	26.1
CBDDTY010000558.1	1	36000	103	11857	32.9361	1.11214	31.3	13.6
CBDDTY010000559.1	1	36000	140	18763	52.1194	1.47928	30.6	13.8
CBDDTY010000560.1	1	36000	229	20671	57.4194	2.36344	29.9	23.9
CBDDTY010000561.1	1	36000	226	26273	72.9806	2.58992	31.2	28.6
CBDDTY010000562.1	1	35996	112	14295	39.7127	1.30081	30.5	27.3
CBDDTY010000563.1	1	35994	160	19800	55.0092	1.57876	30.7	25.4
CBDDTY010000564.1	1	35993	196	26276	73.0031	2.27047	31.8	48.5
CBDDTY010000565.1	1	35974	176	19269	53.5637	1.7352	30.9	21.6
CBDDTY010000566.1	1	35951	307	28589	79.5221	3.84568	31	28.4
CBDDTY010000567.1	1	35932	73	13800	38.4059	0.773544	30.3	28.3
CBDDTY010000568.1	1	35907	96	14835	41.3151	1.05439	30.3	45.8
CBDDTY010000569.1	1	35901	179	22557	62.8311	2.15963	30.7	31.1
CBDDTY010000570.1	1	35881	106	14645	40.8155	0.978094	30.7	25.2
CBDDTY010000571.1	1	35878	194	20265	56.4831	2.04211	30.5	28.1
CBDDTY010000572.1	1	35869	194	24320	67.8023	2.14249	31.6	41.5
CBDDTY010000573.1	1	35838	157	22073	61.591	1.78283	30.7	46.1
CBDDTY010000574.1	1	35809	173	23512	65.6595	2.14161	29.7	23.3
CBDDTY010000575.1	1	35804	169	25499	71.2183	1.93252	31.4	39.6
CBDDTY010000576.1	1	35783	371	28870	80.6808	4.22139	29.9	30.3
CBDDTY010000577.1	1	35774	129	16823	47.0258	1.45245	31.4	32.6
CBDDTY010000578.1	1	35767	160	12263	34.2858	1.72908	29.9	26.7
CBDDTY010000579.1	1	35746	339	14643	40.964	4.71717	29.8	18.7
CBDDTY010000580.1	1	35706	296	31597	88.4921	3.55338	30.7	44.9
CBDDTY010000581.1	1	35701	143	17511	49.049	1.62371	30.8	10.5
CBDDTY010000582.1	1	35667	421	27698	77.6572	4.67746	30.6	18.6
CBDDTY010000583.1	1	35664	367	19091	53.5302	4.41613	31.3	31
CBDDTY010000584.1	1	35663	115	11050	30.9845	1.04214	29.6	12.4
CBDDTY010000585.1	1	35659	668	29369	82.3607	9.22362	30.4	17.6
CBDDTY010000586.1	1	35653	103	12228	34.2973	1.18259	30.9	8.83
CBDDTY010000587.1	1	35632	250	29904	83.9246	3.13044	31	40.9
CBDDTY010000588.1	1	35623	228	19365	54.3609	2.79345	30.4	34
CBDDTY010000589.1	1	35617	137	22343	62.7313	1.45596	30.4	20
CBDDTY010000590.1	1	35611	165	29428	82.6374	1.92542	29.7	43.2
CBDDTY010000591.1	1	35600	228	26063	73.2107	2.27831	30.8	36.2
CBDDTY010000592.1	1	35580	291	32577	91.5599	3.81279	30.9	46.1
CBDDTY010000593.1	1	35579	65	8732	24.5426	0.652941	33.1	29.4
CBDDTY010000594.1	1	35553	219	28335	79.6979	2.5262	30.9	39.6
CBDDTY010000595.1	1	35548	52	6077	17.0952	0.528103	30.3	39.6
CBDDTY010000596.1	1	35530	132	18634	52.4458	1.49766	31	15.9
CBDDTY010000597.1	1	35530	263	23810	67.0138	3.16054	30.8	37.1
CBDDTY010000598.1	1	35528	27	4801	13.5133	0.308461	33.6	39.1
CBDDTY010000599.1	1	35493	252	25523	71.91	3.02632	30.5	33.1
CBDDTY010000600.1	1	35492	396	33566	94.5734	5.09763	30.6	41.1
CBDDTY010000601.1	1	35485	75	12420	35.0007	0.868931	31.3	44.4
CBDDTY010000602.1	1	35471	236	26303	74.1535	2.45333	30.2	35.2
CBDDTY010000603.1	1	35451	178	18762	52.9238	1.88497	31.2	24.6
CBDDTY010000604.1	1	35446	207	24755	69.8386	2.2951	30.3	34.7
CBDDTY010000605.1	1	35444	320	28426	80.1998	3.60134	30.4	31.8
CBDDTY010000606.1	1	35436	139	22798	64.3357	1.71007	30.9	42.4
CBDDTY010000607.1	1	35427	236	25224	71.1999	2.94705	31.3	24.6
CBDDTY010000608.1	1	35411	214	12565	35.4833	2.47056	31	23.9
CBDDTY010000609.1	1	35406	307	21964	62.0347	3.78854	31	32.5
CBDDTY010000610.1	1	35405	162	25587	72.2695	2.05912	30.9	22.9
CBDDTY010000611.1	1	35394	252	25968	73.3684	2.99412	30.9	35.3
CBDDTY010000612.1	1	35391	284	26008	73.4876	3.33703	29.9	46.4
CBDDTY010000613.1	1	35375	242	29424	83.1774	2.71822	31.4	41.2
CBDDTY010000614.1	1	35360	68	11175	31.6035	0.797059	30.7	20.5
CBDDTY010000615.1	1	35356	278	27788	78.5949	3.05224	30.4	38.7
CBDDTY010000616.1	1	35353	265	30114	85.1809	3.30396	30.3	34
CBDDTY010000617.1	1	35339	158	25301	71.5951	1.87744	30.8	39.4
CBDDTY010000618.1	1	35335	371	32049	90.7004	3.9989	30.2	35.7
CBDDTY010000619.1	1	35317	214	19793	56.0438	2.69794	30.9	41.1
CBDDTY010000620.1	1	35312	206	27517	77.9254	2.31193	30.9	50.3
CBDDTY010000621.1	1	35302	158	19610	55.5493	2.06796	30.2	19
CBDDTY010000622.1	1	35301	148	15129	42.8571	1.98975	30.7	35.6
CBDDTY010000623.1	1	35276	200	28612	81.109	2.56948	31.6	54.1
CBDDTY010000624.1	1	35275	162	24906	70.6052	1.93636	31	49
CBDDTY010000625.1	1	35268	168	20466	58.0299	1.7058	30.5	31.3
CBDDTY010000626.1	1	35244	287	30065	85.3053	3.50982	31	36.6
CBDDTY010000627.1	1	35237	206	29733	84.3801	2.75006	30.6	52.4
CBDDTY010000628.1	1	35226	163	22341	63.4219	1.85454	30.9	19.1
CBDDTY010000629.1	1	35215	206	25778	73.2018	2.4621	31.1	32
CBDDTY010000630.1	1	35189	211	21556	61.2578	2.3881	30.5	4.15
CBDDTY010000631.1	1	35182	376	30919	87.883	4.73148	30.8	47.6
CBDDTY010000632.1	1	35142	202	27077	77.0503	2.41281	30.5	32.9
CBDDTY010000633.1	1	35132	41	9152	26.0503	0.476005	30.4	35.2
CBDDTY010000634.1	1	35126	390	24770	70.5176	4.66677	30.5	41
CBDDTY010000635.1	1	35121	545	25419	72.3755	6.92207	30.4	33.8
CBDDTY010000636.1	1	35089	223	19914	56.7528	2.45405	30.8	29.1
CBDDTY010000637.1	1	35077	239	25353	72.2781	3.03546	30.7	32.5
CBDDTY010000638.1	1	35069	124	25440	72.5427	1.47392	31	34.2
CBDDTY010000639.1	1	35053	232	20122	57.4045	2.58731	31.6	17.7
CBDDTY010000640.1	1	35042	201	26134	74.5791	2.36128	31.1	45.5
CBDDTY010000641.1	1	35041	219	26888	76.733	2.86484	30.8	47.4
CBDDTY010000642.1	1	35040	133	19262	54.9715	1.55228	30.3	36.8
CBDDTY010000643.1	1	35019	160	23369	66.7323	1.70205	30.2	41.7
CBDDTY010000644.1	1	35016	165	25349	72.3926	2.06943	30.5	53.1
CBDDTY010000645.1	1	35010	192	27694	79.1031	2.38543	31.3	51.7
CBDDTY010000646.1	1	35000	31	4583	13.0943	0.328743	30.2	34.6
CBDDTY010000647.1	1	35000	242	20926	59.7886	3.42463	31.2	11.4
CBDDTY010000648.1	1	35000	225	22552	64.4343	2.65823	30.8	29.7
CBDDTY010000649.1	1	35000	69	10500	30	0.636857	31.3	13.3
CBDDTY010000650.1	1	35000	168	16549	47.2829	1.67529	30.1	21
CBDDTY010000651.1	1	35000	72	12219	34.9114	0.959457	30.4	33.2
CBDDTY010000652.1	1	35000	454	24166	69.0457	5.75151	30.6	24.8
CBDDTY010000653.1	1	35000	173	14510	41.4571	2.0862	31.1	26
CBDDTY010000654.1	1	35000	172	20319	58.0543	2.1174	30.5	8.18
CBDDTY010000655.1	1	35000	110	18342	52.4057	1.11109	30.1	7.34
CBDDTY010000656.1	1	35000	220	20473	58.4943	2.36209	30.8	12.3
CBDDTY010000657.1	1	34800	113	13665	39.2672	1.07828	31.5	19.7
CBDDTY010000658.1	1	35000	196	17365	49.6143	2.36674	31.2	28.5
CBDDTY010000659.1	1	35000	309	23842	68.12	3.62883	30.2	40.3
CBDDTY010000660.1	1	35000	108	9980	28.5143	1.17609	29.6	25.4
CBDDTY010000661.1	1	35000	248	19894	56.84	3.22706	31.5	25.5
CBDDTY010000662.1	1	35000	255	19467	55.62	2.83686	30.2	13.2
CBDDTY010000663.1	1	35000	119	10605	30.3	1.12334	31.4	21.1
CBDDTY010000664.1	1	34987	175	18716	53.4942	1.89608	31.3	21.1
CBDDTY010000665.1	1	34986	204	24946	71.3028	2.6532	31.4	44
CBDDTY010000666.1	1	34983	233	27771	79.3843	3.05328	30.9	52.5
CBDDTY010000667.1	1	34982	135	14519	41.5042	1.64931	31.1	29.8
CBDDTY010000668.1	1	34972	158	21274	60.8315	1.9091	30.3	20
CBDDTY010000669.1	1	34950	206	26069	74.5894	2.46698	31	35.5
CBDDTY010000670.1	1	34942	415	28546	81.6954	5.05512	30.9	36.1
CBDDTY010000671.1	1	34934	219	24170	69.1876	2.40602	30.6	31
CBDDTY010000672.1	1	34925	49	13790	39.4846	0.643951	31.4	4.84
CBDDTY010000673.1	1	34922	170	22382	64.0914	1.91189	31	18.6
CBDDTY010000674.1	1	34918	124	20514	58.7491	1.41334	30.4	38.9
CBDDTY010000675.1	1	34907	258	30271	86.719	2.99799	30.5	36.5
CBDDTY010000676.1	1	34893	190	19830	56.8309	2.1398	30.3	23.5
CBDDTY010000677.1	1	34876	236	29256	83.8858	2.78897	31	45
CBDDTY010000678.1	1	34863	118	16345	46.8835	1.28899	31.2	7.49
CBDDTY010000679.1	1	34854	276	24658	70.7465	3.48881	30.8	39.8
CBDDTY010000680.1	1	34847	120	20241	58.0853	1.45617	30	34.1
CBDDTY010000681.1	1	34839	161	23226	66.6667	2.15991	30.6	30.6
CBDDTY010000682.1	1	34824	117	17165	49.2907	1.32931	30.8	23
CBDDTY010000683.1	1	34791	121	15982	45.9372	1.39775	30.9	29.5
CBDDTY010000684.1	1	34774	225	30298	87.1283	2.87174	30.2	50.8
CBDDTY010000685.1	1	34677	391	32374	93.3587	5.23947	30.4	39.7
CBDDTY010000686.1	1	34671	277	29597	85.3653	3.42093	31.4	36.1
CBDDTY010000687.1	1	34617	186	23642	68.2959	2.46041	31.6	44.1
CBDDTY010000688.1	1	34609	185	24117	69.6842	2.40469	31.1	43.5
CBDDTY010000689.1	1	34607	297	26599	76.8602	3.51995	30.8	26.3
CBDDTY010000690.1	1	34599	122	9753	28.1887	0.995896	30.9	25.3
CBDDTY010000691.1	1	34599	299	25334	73.2218	3.88263	30.6	18.4
CBDDTY010000692.1	1	34584	93	12784	36.9651	0.982882	29.7	30.4
CBDDTY010000693.1	1	34578	76	11292	32.6566	0.760455	30.8	12.3
CBDDTY010000694.1	1	34559	220	30570	88.4574	3.03814	31.4	45.8
CBDDTY010000695.1	1	34533	152	20752	60.0932	1.78455	30.8	19.7
CBDDTY010000696.1	1	34476	242	28779	83.4755	3.19837	30.4	36
CBDDTY010000697.1	1	34476	136	19721	57.2021	1.83087	31.1	27.6
CBDDTY010000698.1	1	34464	149	18788	54.5149	1.82042	30.1	33.7
CBDDTY010000699.1	1	34461	127	11082	32.1581	1.77563	31	24
CBDDTY010000700.1	1	34459	214	14414	41.8294	2.37938	30.8	24.8
CBDDTY010000701.1	1	34436	68	7277	21.132	0.601406	32.1	8.51
CBDDTY010000702.1	1	34429	134	18594	54.0068	1.69099	31.1	19.1
CBDDTY010000703.1	1	34426	239	26342	76.5177	3.27932	30.5	29.5
CBDDTY010000704.1	1	34379	309	25753	74.9091	3.57215	31.6	31.2
CBDDTY010000705.1	1	34351	370	31823	92.6407	5.3652	30.8	46.9
CBDDTY010000706.1	1	34304	227	26913	78.4544	2.97846	30.8	25.8
CBDDTY010000707.1	1	34288	225	23096	67.3588	2.65314	30.7	30.8
CBDDTY010000708.1	1	34277	190	24349	71.036	2.39026	30.9	44.9
CBDDTY010000709.1	1	34223	259	24901	72.761	3.32826	30.7	32.5
CBDDTY010000710.1	1	34219	572	29153	85.1954	7.79397	30	6.98
CBDDTY010000711.1	1	34211	148	20188	59.0103	1.86346	30.7	35.6
CBDDTY010000712.1	1	34207	147	22224	64.9692	1.79159	30.7	33.2
CBDDTY010000713.1	1	34200	156	19791	57.8684	1.93459	31.7	35.3
CBDDTY010000714.1	1	34198	228	29504	86.2741	2.80356	31.1	44.4
CBDDTY010000715.1	1	34194	190	29626	86.6409	2.25888	30.8	51.8
CBDDTY010000716.1	1	34185	493	28248	82.6327	6.63648	31	31.1
CBDDTY010000717.1	1	34155	181	24599	72.0217	2.2438	30.9	46.3
CBDDTY010000718.1	1	34148	293	29428	86.1778	3.73334	31.2	36.8
CBDDTY010000719.1	1	34147	200	27588	80.7919	2.46979	30.9	44.9
CBDDTY010000720.1	1	34139	225	22790	66.7565	2.96101	30.7	18.3
CBDDTY010000721.1	1	34138	173	24480	71.7089	2.37091	30.4	44.1
CBDDTY010000722.1	1	34137	212	19762	57.8903	2.50025	31.5	19.2
CBDDTY010000723.1	1	34130	178	21524	63.0648	2.02602	31.4	33.1
CBDDTY010000724.1	1	34124	163	21509	63.0319	1.81195	30.6	23.7
CBDDTY010000725.1	1	34122	152	19541	57.268	1.52834	30.3	10
CBDDTY010000726.1	1	34090	189	17753	52.0769	1.96401	30.5	19.8
CBDDTY010000727.1	1	34087	176	22754	66.7527	2.22598	31.2	27.8
CBDDTY010000728.1	1	34078	71	13047	38.2857	0.733142	31.2	6.03
CBDDTY010000729.1	1	34053	45	7649	22.462	0.526121	31.8	27.2
CBDDTY010000730.1	1	34026	242	22417	65.882	2.80597	31	21.4
CBDDTY010000731.1	1	34006	35	5101	15.0003	0.279509	30.3	15.7
CBDDTY010000732.1	1	34000	176	13639	40.1147	1.89053	30.8	13.9
CBDDTY010000733.1	1	34000	109	18042	53.0647	1.11788	30.1	26
CBDDTY010000734.1	1	34000	182	14636	43.0471	2.51638	30.4	30.5
CBDDTY010000735.1	1	34000	361	11222	33.0059	4.50291	30.8	30.2
CBDDTY010000736.1	1	34000	228	22197	65.2853	2.92726	30.8	27.9
CBDDTY010000737.1	1	34000	91	15895	46.75	1.11847	31.3	22.6
CBDDTY010000738.1	1	34000	204	25699	75.5853	2.30344	31.5	33.4
CBDDTY010000739.1	1	34000	234	13887	40.8441	2.75903	30.7	18.7
CBDDTY010000740.1	1	34000	350	22644	66.6	4.0555	31.7	24.8
CBDDTY010000741.1	1	34000	273	15213	44.7441	3.52729	30.3	11.8
CBDDTY010000742.1	1	33800	503	17763	52.5533	5.82728	30.1	33.2
CBDDTY010000743.1	1	34000	105	13759	40.4676	1.18971	30.9	25.6
CBDDTY010000744.1	1	34000	98	13104	38.5412	1.02203	31.9	16
CBDDTY010000745.1	1	34000	157	9303	27.3618	1.95774	30	14.1
CBDDTY010000746.1	1	34000	195	20897	61.4618	2.37612	30.5	26.1
CBDDTY010000747.1	1	34000	324	18995	55.8676	4.21659	30.9	16
CBDDTY010000748.1	1	34000	97	10982	32.3	1.11729	30.2	20.2
CBDDTY010000749.1	1	34000	83	9887	29.0794	1.02291	30.2	26.8
CBDDTY010000750.1	1	33800	168	20485	60.6065	2.11541	30	26.4
CBDDTY010000751.1	1	34000	67	17855	52.5147	0.917588	30.9	13.9
CBDDTY010000752.1	1	34000	187	25049	73.6735	2.31482	30.7	32.1
CBDDTY010000753.1	1	34000	199	25500	75	2.35326	30.9	41.8
CBDDTY010000754.1	1	33612	146	21621	64.3252	1.90494	30.3	32.2
CBDDTY010000755.1	1	33992	170	15213	44.7546	1.90136	31.1	32.7
CBDDTY010000756.1	1	33985	293	28031	82.4805	3.75263	29.7	42.2
CBDDTY010000757.1	1	33983	186	25684	75.579	2.23582	30.7	47.3
CBDDTY010000758.1	1	33983	220	26468	77.886	2.49457	30.5	31.8
CBDDTY010000759.1	1	33929	109	14845	43.7531	1.33703	31.2	5.17
CBDDTY010000760.1	1	33925	135	16339	48.1621	1.61073	30.8	11.6
CBDDTY010000761.1	1	33923	194	27343	80.6031	2.47228	30.1	54
CBDDTY010000762.1	1	33914	203	26617	78.4838	2.38067	30.6	41
CBDDTY010000763.1	1	33898	234	27215	80.285	2.90002	31	29.9
CBDDTY010000764.1	1	33890	66	9645	28.4597	0.745589	32	24.7
CBDDTY010000765.1	1	33888	179	26862	79.267	2.09281	31.3	44.7
CBDDTY010000766.1	1	33673	304	23570	69.9967	3.9649	30.6	21.4
CBDDTY010000767.1	1	33858	189	25709	75.9318	2.60027	31.1	52.2
CBDDTY010000768.1	1	33839	44	9533	28.1716	0.492095	30.3	22
CBDDTY010000769.1	1	33835	304	28017	82.8048	3.45825	30.8	34.4
CBDDTY010000770.1	1	33831	180	22195	65.6055	2.18888	31.1	39.1
CBDDTY010000771.1	1	33828	151	23493	69.4484	1.99967	31	51
CBDDTY010000772.1	1	33826	194	24626	72.802	2.201	30.7	46.1
CBDDTY010000773.1	1	33818	205	23848	70.5187	2.73686	31.1	30.6
CBDDTY010000774.1	1	33817	274	25876	76.5177	3.07446	30.1	29.4
CBDDTY010000775.1	1	33801	415	27805	82.2609	5.00769	30.9	36.9
CBDDTY010000776.1	1	33789	224	12145	35.9437	2.41144	30.5	25.5
CBDDTY010000777.1	1	33769	224	31021	91.8624	3.24638	30.7	55.4
CBDDTY010000778.1	1	33768	147	13370	39.5937	1.50367	30.4	13.8
CBDDTY010000779.1	1	33766	460	28511	84.437	5.89401	31.1	39.3
CBDDTY010000780.1	1	33762	85	11133	32.9749	1.07615	30.1	31.6
CBDDTY010000781.1	1	33751	170	20221	59.9123	2.13721	30.8	38.9
CBDDTY010000782.1	1	33746	56	6499	19.2586	0.621022	31.2	17.3
CBDDTY010000783.1	1	33732	201	25690	76.1591	2.28703	30.8	42.7
CBDDTY010000784.1	1	33722	370	24278	71.9945	4.48482	30.6	13.4
CBDDTY010000785.1	1	33708	196	22485	66.7052	2.33707	30.8	41.2
CBDDTY010000786.1	1	33702	198	24302	72.1085	2.56931	30.3	23.1
CBDDTY010000787.1	1	33661	172	24498	72.7786	2.5296	31.1	32
CBDDTY010000788.1	1	33654	93	14170	42.105	1.22779	29.6	24.9
CBDDTY010000789.1	1	33644	200	22061	65.5719	2.6487	30.9	46.3
CBDDTY010000790.1	1	33638	113	19215	57.1229	1.4129	30.9	15.2
CBDDTY010000791.1	1	33637	190	24671	73.3448	2.49472	30.2	26.1
CBDDTY010000792.1	1	33637	86	15672	46.5916	1.09204	29.9	27.2
CBDDTY010000793.1	1	33634	156	17934	53.321	1.42445	29.2	26.7
CBDDTY010000794.1	1	33629	231	27189	80.8499	2.76163	31.3	33.2
CBDDTY010000795.1	1	33617	223	24725	73.5491	2.43195	31	37.3
CBDDTY010000796.1	1	33612	193	27172	80.8402	2.49232	30	46
CBDDTY010000797.1	1	33606	540	19417	57.7784	7.5641	31.1	27.4
CBDDTY010000798.1	1	33591	110	5646	16.8081	0.717484	31.5	5.53
CBDDTY010000799.1	1	33579	147	17209	51.2493	2.14313	31.5	30.6
CBDDTY010000800.1	1	33572	210	30639	91.2636	3.09547	31	52.6
CBDDTY010000801.1	1	33566	202	27262	81.2191	2.71343	30.8	47.4
CBDDTY010000802.1	1	33558	42	7702	22.9513	0.484028	28.7	19.1
CBDDTY010000803.1	1	33558	230	16656	49.6335	2.86102	31.1	47.2
CBDDTY010000804.1	1	33534	152	22318	66.5533	1.62847	31.1	40.3
CBDDTY010000805.1	1	33515	254	21126	63.0345	2.88495	30.9	20
CBDDTY010000806.1	1	33512	150	19480	58.1284	1.94124	30.1	41
CBDDTY010000807.1	1	33506	223	29015	86.5964	2.92312	31.3	42.3
CBDDTY010000808.1	1	33489	220	17674	52.7755	2.41055	31.4	14.7
CBDDTY010000809.1	1	33465	274	21613	64.5839	3.60382	30.5	31.2
CBDDTY010000810.1	1	33458	140	18985	56.7428	1.6105	30.1	5.47
CBDDTY010000811.1	1	33457	102	11900	35.568	1.22716	30.1	18.4
CBDDTY010000812.1	1	33457	101	15888	47.4878	1.29339	30.7	30
CBDDTY010000813.1	1	33431	79	13180	39.4245	0.797912	30.7	18.5
CBDDTY010000814.1	1	33402	239	26038	77.9534	3.16601	30.9	35.6
CBDDTY010000815.1	1	33384	595	31407	94.078	8.36709	30.3	31.6
CBDDTY010000816.1	1	33379	106	9990	29.929	1.27943	30.8	8.11
CBDDTY010000817.1	1	33356	115	15739	47.1849	1.25899	30.5	14.7
CBDDTY010000818.1	1	33356	193	28645	85.8766	2.56167	30.8	46.4
CBDDTY010000819.1	1	33350	213	23094	69.2474	2.42807	30.9	31.9
CBDDTY010000820.1	1	33349	337	22778	68.3019	4.51663	30.6	25.2
CBDDTY010000821.1	1	33284	191	23263	69.8924	2.48056	30.7	44.3
CBDDTY010000822.1	1	33274	376	28792	86.53	4.8665	30.6	34.8
CBDDTY010000823.1	1	33274	439	23027	69.2042	5.84369	30.9	41.4
CBDDTY010000824.1	1	33255	202	23941	71.9922	2.52058	30.2	36.6
CBDDTY010000825.1	1	33215	214	17814	53.6324	2.42327	31.3	31.6
CBDDTY010000826.1	1	33147	143	19676	59.3598	1.64157	30.7	26.5
CBDDTY010000827.1	1	33145	193	24747	74.6628	2.66601	30.2	34.9
CBDDTY010000828.1	1	33130	180	24124	72.8162	2.35023	30.6	41
CBDDTY010000829.1	1	33113	398	16846	50.8743	5.51666	30.4	24.6
CBDDTY010000830.1	1	33105	90	19367	58.5017	1.07721	30.4	32
CBDDTY010000831.1	1	33092	175	18794	56.7932	2.1979	30.3	37.6
CBDDTY010000832.1	1	33090	184	26166	79.0752	2.47159	31	48.8
CBDDTY010000833.1	1	33069	174	25824	78.0913	2.38371	30.7	26.7
CBDDTY010000834.1	1	33053	153	14235	43.0672	1.78205	30.4	23
CBDDTY010000835.1	1	33051	76	15172	45.9048	0.938792	30.8	22.6
CBDDTY010000836.1	1	33016	193	22976	69.5905	2.41301	30.4	35.3
CBDDTY010000837.1	1	33006	132	16586	50.2515	1.40444	30.6	25.2
CBDDTY010000838.1	1	33000	288	22731	68.8818	3.94206	30.8	34.8
CBDDTY010000839.1	1	33000	66	11780	35.697	0.834061	31.4	33.3
CBDDTY010000840.1	1	33000	110	7665	23.2273	1.03155	30.3	11.3
CBDDTY010000841.1	1	33000	281	25287	76.6273	3.50948	30.4	10.8
CBDDTY010000842.1	1	33000	208	21991	66.6394	2.6187	31.6	37.3
CBDDTY010000843.1	1	33000	310	30048	91.0545	4.36682	30.8	28.9
CBDDTY010000844.1	1	33000	255	18818	57.0242	3.22509	31.1	45.6
CBDDTY010000845.1	1	32800	685	28892	88.0854	9.95021	30.2	11.4
CBDDTY010000846.1	1	33000	215	16938	51.3273	2.69555	31	36.6
CBDDTY010000847.1	1	33000	217	21453	65.0091	2.69452	30.9	27.2
CBDDTY010000848.1	1	33000	42	6181	18.7303	0.457818	30.6	23.5
CBDDTY010000849.1	1	33000	166	16305	49.4091	1.88412	30.2	24
CBDDTY010000850.1	1	33000	57	8691	26.3364	0.809879	31.5	11.5
CBDDTY010000851.1	1	33000	219	26890	81.4848	2.96082	31.7	49.3
CBDDTY010000852.1	1	33000	166	23493	71.1909	2.08179	29.4	31.6
CBDDTY010000853.1	1	33000	66	7564	22.9212	0.811545	31.3	28.3
CBDDTY010000854.1	1	33000	285	18936	57.3818	3.8747	31.3	14.5
CBDDTY010000855.1	1	33000	114	9283	28.1303	1.43703	30.6	45.7
CBDDTY010000856.1	1	33000	196	20831	63.1242	2.35185	31.1	27.1
CBDDTY010000857.1	1	32600	281	24140	74.0491	3.92365	30.3	23.4
CBDDTY010000858.1	1	32995	204	27718	84.0067	2.47844	30	47.5
CBDDTY010000859.1	1	32982	57	10136	30.7319	0.611364	30.6	13.8
CBDDTY010000860.1	1	32981	88	11661	35.3567	1.07265	30.3	30.2
CBDDTY010000861.1	1	32973	31	5921	17.9571	0.388105	31.8	43.4
CBDDTY010000862.1	1	32972	174	21845	66.2532	2.1349	30.8	41.9
CBDDTY010000863.1	1	32968	270	29885	90.6485	3.68017	30.6	45.8
CBDDTY010000864.1	1	32945	245	28771	87.3304	3.13677	30.5	38.5
CBDDTY010000865.1	1	32929	224	29498	89.5806	3.2465	30.7	51.6
CBDDTY010000866.1	1	32909	38	7394	22.468	0.416543	29.4	6.13
CBDDTY010000867.1	1	32895	139	17682	53.7528	1.4912	30.3	34.2
CBDDTY010000868.1	1	32880	293	24333	74.0055	3.66086	31.1	41.6
CBDDTY010000869.1	1	32860	354	24270	73.8588	4.5336	30.4	41.7
CBDDTY010000870.1	1	32845	140	16160	49.2008	1.5178	30.6	24.1
CBDDTY010000871.1	1	32844	174	23066	70.229	2.38059	30.3	39.9
CBDDTY010000872.1	1	32844	193	22232	67.6897	2.66977	31.3	25.5
CBDDTY010000873.1	1	32842	167	14450	43.9985	1.71311	30.6	14.3
CBDDTY010000874.1	1	32811	228	18047	55.0029	3.20533	30.6	36.1
CBDDTY010000875.1	1	32802	240	28771	87.7111	3.07719	31.4	40.2
CBDDTY010000876.1	1	32800	28	4803	14.6433	0.254573	31.8	13.9
CBDDTY010000877.1	1	32799	190	27722	84.5209	2.6081	30.8	51.5
CBDDTY010000878.1	1	32787	139	15985	48.7541	1.88117	31.2	23.1
CBDDTY010000879.1	1	32758	153	19938	60.8645	2.03715	31	44.7
CBDDTY010000880.1	1	32752	121	21392	65.3151	1.63462	31.5	33.6
CBDDTY010000881.1	1	32736	30	6041	18.4537	0.406739	29.4	4.97
CBDDTY010000882.1	1	32721	69	9816	29.9991	0.766297	30.4	7.7
CBDDTY010000883.1	1	32713	259	29371	89.7839	3.00083	30.7	39.8
CBDDTY010000884.1	1	32695	200	28854	88.252	2.72858	30.5	47.3
CBDDTY010000885.1	1	32654	241	24144	73.9389	2.94904	30.9	40.7
CBDDTY010000886.1	1	32652	137	17501	53.5986	1.85652	31.2	28.2
CBDDTY010000887.1	1	32652	102	15757	48.2574	1.31159	31.5	24.9
CBDDTY010000888.1	1	32650	168	20566	62.9893	2.16389	30.8	34.8
CBDDTY010000889.1	1	32631	159	18244	55.91	1.97083	31	35.7
CBDDTY010000890.1	1	32628	53	7771	23.817	0.566936	31.3	13.6
CBDDTY010000891.1	1	32627	208	23330	71.5052	2.92592	30.6	29.7
CBDDTY010000892.1	1	32626	243	23750	72.7947	2.74395	30.8	42.6
CBDDTY010000893.1	1	32599	117	16051	49.2377	1.43317	30.5	21.4
CBDDTY010000894.1	1	32560	111	15762	48.4091	1.39478	31.2	23.8
CBDDTY010000895.1	1	32545	150	18830	57.8583	1.7076	30.4	30.1
CBDDTY010000896.1	1	32521	141	18531	56.9816	1.84899	31.3	27
CBDDTY010000897.1	1	32477	180	16835	51.8367	2.07602	29.5	19.8
CBDDTY010000898.1	1	32385	242	28594	88.294	3.07991	31.3	48.2
CBDDTY010000899.1	1	32338	77	11126	34.4053	0.762447	31	25.9
CBDDTY010000900.1	1	32332	317	28016	86.651	4.27975	30.3	31.3
CBDDTY010000901.1	1	32328	180	21905	67.7586	2.16524	31.2	25.5
CBDDTY010000902.1	1	32322	125	13255	41.0092	1.2382	30.4	11.3
CBDDTY010000903.1	1	32321	182	18516	57.2878	2.66004	31.3	34.9
CBDDTY010000904.1	1	32315	265	28745	88.9525	3.54671	30.2	30.7
CBDDTY010000905.1	1	32285	197	19561	60.5885	2.48069	31.3	30.7
CBDDTY010000906.1	1	32274	216	27635	85.6262	2.78481	31.3	48
CBDDTY010000907.1	1	32264	81	8406	26.0538	0.834552	30.8	14
CBDDTY010000908.1	1	32248	64	13038	40.4304	0.71223	30.5	24
CBDDTY010000909.1	1	32245	322	25162	78.0338	3.90647	30.5	20.2
CBDDTY010000910.1	1	32244	100	13051	40.4757	1.07542	30.8	8.52
CBDDTY010000911.1	1	32240	122	14741	45.7227	1.44975	31.5	12.4
CBDDTY010000912.1	1	32228	142	12064	37.4333	1.58545	30.6	15.1
CBDDTY010000913.1	1	32224	249	27256	84.5829	3.35154	30	46.3
CBDDTY010000914.1	1	32221	55	7983	24.7758	0.66677	32.2	14.5
CBDDTY010000915.1	1	32207	229	24984	77.5732	3.35387	30.8	27.7
CBDDTY010000916.1	1	32207	84	13958	43.3384	0.992238	31.4	25.2
CBDDTY010000917.1	1	32206	45	6410	19.9031	0.453673	29.9	14.9
CBDDTY010000918.1	1	32199	46	8864	27.5288	0.451194	30.6	12.9
CBDDTY010000919.1	1	32185	303	25825	80.2392	4.43958	30.5	24.3
CBDDTY010000920.1	1	32174	122	14666	45.5834	1.27522	30.1	15.8
CBDDTY010000921.1	1	32164	201	26075	81.0689	2.39268	30.4	47.6
CBDDTY010000922.1	1	32159	368	24256	75.4252	4.9727	30.2	31.3
CBDDTY010000923.1	1	32157	181	23855	74.1829	2.30964	30.5	47
CBDDTY010000924.1	1	32156	287	25017	77.7989	3.48607	31.1	36.1
CBDDTY010000925.1	1	32151	140	7922	24.64	1.43625	32.4	25.3
CBDDTY010000926.1	1	32149	103	14364	44.6795	1.14016	29.8	8.64
CBDDTY010000927.1	1	32123	165	27318	85.0419	2.25343	30.6	53
CBDDTY010000928.1	1	32074	174	21656	67.5189	2.30062	29.7	33.1
CBDDTY010000929.1	1	32048	46	5240	16.3505	0.562874	30.5	32.9
CBDDTY010000930.1	1	32000	311	30670	95.8438	4.37219	30.8	42.7
CBDDTY010000931.1	1	31800	107	16576	52.1258	1.35695	30.4	17.6
CBDDTY010000933.1	1	32000	768	26533	82.9156	10.4841	30.1	21.1
CBDDTY010000934.1	1	32000	30	5262	16.4438	0.319031	29.4	10.8
CBDDTY010000935.1	1	32000	174	23785	74.3281	2.34234	30.3	49.3
CBDDTY010000936.1	1	32000	11	3357	10.4906	0.160188	30.1	3.91
CBDDTY010000937.1	1	32000	133	16422	51.3188	1.72653	30.5	24.4
CBDDTY010000938.1	1	32000	83	12182	38.0688	1.04859	31.4	5.35
CBDDTY010000939.1	1	32000	231	22205	69.3906	2.73513	30.9	15
CBDDTY010000940.1	1	32000	159	18664	58.325	2.20103	30.2	25.3
CBDDTY010000941.1	1	32000	94	15429	48.2156	1.06922	31	14.9
CBDDTY010000942.1	1	32000	85	6487	20.2719	1.18669	30.1	28.6
CBDDTY010000943.1	1	32000	240	30244	94.5125	3.29703	31.6	41.7
CBDDTY010000944.1	1	32000	174	12667	39.5844	2.16831	30.3	19.9
CBDDTY010000945.1	1	32000	237	25927	81.0219	3.1965	30.5	33.8
CBDDTY010000946.1	1	32000	81	10706	33.4562	1.00141	30.5	32.1
CBDDTY010000947.1	1	32000	156	22007	68.7719	2.15622	30.9	40.6
CBDDTY010000948.1	1	32000	237	24489	76.5281	3.41172	31	20.8
CBDDTY010000949.1	1	32000	109	13888	43.4	1.19191	31	23.9
CBDDTY010000950.1	1	32000	232	23783	74.3219	3.09963	30.2	40.5
CBDDTY010000951.1	1	32000	307	24653	77.0406	3.74022	31.2	23.6
CBDDTY010000952.1	1	32000	7	1745	5.45312	0.0719687	35.1	3.86
CBDDTY010000953.1	1	31999	202	27244	85.1402	2.64758	30.5	41.1
CBDDTY010000954.1	1	31996	127	16588	51.844	1.38383	30.3	12.1
CBDDTY010000955.1	1	31979	89	11595	36.2582	1.22121	31.3	25
CBDDTY010000956.1	1	31977	170	21070	65.8911	1.99775	31.1	30
CBDDTY010000957.1	1	31943	3	550	1.72182	0.0172182	29.9	1
CBDDTY010000958.1	1	31917	193	18791	58.8746	2.52339	31.1	38.5
CBDDTY010000959.1	1	31914	160	21871	68.5311	2.06514	30.7	40.7
CBDDTY010000960.1	1	31910	181	21350	66.9069	2.44604	30.8	27.9
CBDDTY010000961.1	1	31898	178	19438	60.938	2.0953	30.4	14.7
CBDDTY010000962.1	1	31883	248	25366	79.5596	3.23138	30.6	38
CBDDTY010000963.1	1	31877	109	17738	55.6451	1.30913	30.3	33.9
CBDDTY010000964.1	1	31877	50	9573	30.0311	0.643567	30.5	38.9
CBDDTY010000965.1	1	31863	406	31255	98.0918	5.65838	30.4	30.5
CBDDTY010000966.1	1	31845	116	7286	22.8796	1.40079	30.7	7.66
CBDDTY010000967.1	1	31840	195	27216	85.4774	2.36178	30.9	49.7
CBDDTY010000968.1	1	31838	28	7394	23.2238	0.352158	31.8	4.07
CBDDTY010000969.1	1	31822	181	25740	80.8874	2.32324	30.6	49.4
CBDDTY010000970.1	1	31815	211	23641	74.3077	2.62914	30.7	25.8
CBDDTY010000971.1	1	31800	555	29347	92.2862	7.55943	31	33.5
CBDDTY010000972.1	1	31799	172	22701	71.389	2.40803	30.5	16.4
CBDDTY010000973.1	1	31794	198	25513	80.2447	2.61203	30.4	35.6
CBDDTY010000974.1	1	31778	160	23141	72.8208	2.3358	31.1	45.4
CBDDTY010000975.1	1	31769	217	17390	54.7389	2.58013	32.2	17
CBDDTY010000976.1	1	31747	155	18931	59.6308	2.11154	30.6	32.7
CBDDTY010000977.1	1	31746	394	18909	59.5634	5.28939	30.4	17.4
CBDDTY010000978.1	1	31735	174	21223	66.8757	2.28309	30.6	39.1
CBDDTY010000979.1	1	31693	92	16403	51.7559	1.12249	30.5	23.9
CBDDTY010000980.1	1	31667	355	22564	71.254	4.70787	30.9	13.2
CBDDTY010000981.1	1	31665	242	27557	87.0267	3.13835	30.5	39.3
CBDDTY010000982.1	1	31646	93	10102	31.9219	1.04241	29.9	42.6
CBDDTY010000983.1	1	31631	153	21154	66.8774	1.83466	30.8	22.8
CBDDTY010000984.1	1	31630	225	26079	82.4502	2.87294	30.6	45.5
CBDDTY010000985.1	1	31626	170	18724	59.2045	1.75666	30.3	26
CBDDTY010000986.1	1	31622	62	8595	27.1804	0.768452	30.8	9.68
CBDDTY010000987.1	1	31606	9	1793	5.67297	0.0792887	31	1.44
CBDDTY010000988.1	1	31590	313	23349	73.9126	4.1944	29.5	29.8
CBDDTY010000989.1	1	31588	480	29675	93.9439	6.67276	30.5	37.4
CBDDTY010000990.1	1	31579	229	29247	92.6153	3.32157	30.9	51
CBDDTY010000991.1	1	31573	252	22775	72.1344	3.18057	30.6	28.2
CBDDTY010000992.1	1	31554	167	27500	87.1522	2.29188	30.6	54.1
CBDDTY010000993.1	1	31531	136	17280	54.8032	1.66078	30.9	36.6
CBDDTY010000994.1	1	31506	415	17562	55.7418	6.85193	31.4	7.24
CBDDTY010000995.1	1	31504	261	24733	78.5075	3.45267	30.6	29.6
CBDDTY010000996.1	1	31489	97	10882	34.5581	1.38966	30.7	14.9
CBDDTY010000997.1	1	31488	152	15541	49.3553	1.86792	29.3	34.3
CBDDTY010000998.1	1	31472	36	4829	15.3438	0.327656	31.6	2.83
CBDDTY010000999.1	1	31468	17	4201	13.3501	0.198074	30.1	10.8
CBDDTY010001000.1	1	31466	173	24907	79.1553	2.1186	30	52.8
CBDDTY010001001.1	1	31458	103	16314	51.8596	1.38276	29.7	19.2
CBDDTY010001002.1	1	31438	31	5573	17.727	0.312838	29.8	14.5
CBDDTY010001003.1	1	31438	209	27607	87.8141	2.79378	30.8	48.1
CBDDTY010001004.1	1	31429	103	11070	35.2222	1.42489	30.6	26.1
CBDDTY010001005.1	1	31426	75	11017	35.057	0.90632	30.9	30.6
CBDDTY010001006.1	1	31423	139	23088	73.4748	1.86771	30.5	39.8
CBDDTY010001007.1	1	31421	169	23954	76.2356	2.29646	30.5	44.9
CBDDTY010001008.1	1	31411	111	15227	48.4766	1.33982	31	31.1
CBDDTY010001009.1	1	31401	157	13487	42.9509	1.748	30.8	12
CBDDTY010001010.1	1	31393	272	12951	41.2544	3.94766	30.6	6.82
CBDDTY010001011.1	1	31393	316	20282	64.6068	4.84481	30.7	32.4
CBDDTY010001012.1	1	31353	137	22945	73.1828	2.01888	30.6	41.8
CBDDTY010001013.1	1	31349	308	23021	73.4346	4.61428	30.9	44.3
CBDDTY010001014.1	1	31330	207	23861	76.1602	2.91251	30.7	30.9
CBDDTY010001015.1	1	31314	128	21063	67.2638	1.85882	31.4	45.5
CBDDTY010001016.1	1	31312	319	21477	68.5903	4.23125	31.4	24.5
CBDDTY010001017.1	1	31302	335	28339	90.5342	5.08364	30.3	44.8
CBDDTY010001018.1	1	31290	215	14588	46.6219	2.37287	30.2	22.8
CBDDTY010001019.1	1	31275	189	26511	84.7674	2.6801	31.6	50
CBDDTY010001020.1	1	31270	91	12989	41.5382	1.1434	31.2	8.36
CBDDTY010001021.1	1	31266	243	28188	90.1554	3.56813	31.4	51.2
CBDDTY010001022.1	1	31232	214	16820	53.855	2.80738	30.2	48.9
CBDDTY010001023.1	1	31224	212	15844	50.743	2.76701	31.2	25
CBDDTY010001024.1	1	31216	238	13677	43.8141	2.85357	30.3	19.5
CBDDTY010001025.1	1	31211	88	11782	37.7495	1.1421	30.8	17.7
CBDDTY010001026.1	1	31195	138	16207	51.9538	1.84244	31.5	28.6
CBDDTY010001027.1	1	31190	45	8458	27.1177	0.564572	32.4	4.47
CBDDTY010001028.1	1	31144	200	18541	59.5331	2.85008	30.4	11.6
CBDDTY010001029.1	1	31142	80	11123	35.717	0.94432	29.9	23
CBDDTY010001030.1	1	31136	173	25550	82.0594	2.51985	30.7	51.7
CBDDTY010001031.1	1	31121	247	23760	76.3472	3.2828	31.1	40
CBDDTY010001032.1	1	31112	112	13074	42.0224	1.26401	30.4	33.6
CBDDTY010001033.1	1	31102	251	22397	72.0114	3.20616	31	27.9
CBDDTY010001034.1	1	31078	70	9376	30.1693	0.805393	30.6	20.2
CBDDTY010001035.1	1	31072	327	23025	74.1021	4.1288	30.5	40.8
CBDDTY010001036.1	1	31066	185	26007	83.7153	2.8959	29.7	51.4
CBDDTY010001037.1	1	31052	86	11754	37.8526	1.19187	29.4	16.5
CBDDTY010001038.1	1	31045	83	10834	34.8977	1.10817	30.6	39.3
CBDDTY010001039.1	1	31039	25	4482	14.4399	0.272431	31	15.4
CBDDTY010001040.1	1	31027	136	13949	44.9576	1.76433	29.8	19.3
CBDDTY010001041.1	1	31024	181	19416	62.5838	2.2618	31.1	36.5
CBDDTY010001042.1	1	31007	158	18820	60.696	1.91676	30.4	33.6
CBDDTY010001043.1	1	31005	221	20599	66.4377	2.81706	30.7	28.2
CBDDTY010001044.1	1	30800	427	23073	74.9123	5.85487	30.4	18.6
CBDDTY010001045.1	1	30800	431	23490	76.2662	5.56247	31.3	29.4
CBDDTY010001046.1	1	31000	105	17549	56.6097	1.33981	30.3	23.3
CBDDTY010001047.1	1	31000	187	15466	49.8903	2.85719	31.4	9.75
CBDDTY010001048.1	1	31000	65	11679	37.6742	0.902774	30.9	30.4
CBDDTY010001049.1	1	31000	369	18745	60.4677	5.67481	30.6	30.9
CBDDTY010001050.1	1	31000	203	22912	73.9097	3.02123	30.6	26.4
CBDDTY010001051.1	1	30800	178	24535	79.6591	2.44276	31.7	52.6
CBDDTY010001052.1	1	31000	112	16444	53.0452	1.52142	31.6	35.7
CBDDTY010001053.1	1	30800	242	23423	76.0487	3.69182	30.1	30.2
CBDDTY010001054.1	1	31000	121	18830	60.7419	1.57474	31	36.2
CBDDTY010001055.1	1	31000	130	17175	55.4032	1.67419	31.8	28.2
CBDDTY010001056.1	1	31000	131	12074	38.9484	1.67032	31.2	8.99
CBDDTY010001057.1	1	31000	221	10376	33.471	3.4159	31.1	26.5
CBDDTY010001058.1	1	30400	480	19202	63.1645	7.7347	30.7	41.6
CBDDTY010001059.1	1	31000	151	24077	77.6677	2.36277	30.4	31
CBDDTY010001060.1	1	31000	133	16036	51.729	1.67968	30.7	31.9
CBDDTY010001061.1	1	30600	114	11150	36.4379	1.26069	30.4	17.4
CBDDTY010001062.1	1	31000	244	26059	84.0613	3.76294	31.9	40.9
CBDDTY010001063.1	1	30727	173	14481	47.1279	2.05816	31.2	13.2
CBDDTY010001064.1	1	30954	154	11187	36.1407	2.4089	31.8	10.3
CBDDTY010001065.1	1	30937	228	26959	87.1416	3.17199	30.4	51.9
CBDDTY010001066.1	1	30921	313	25798	83.432	3.91889	30.7	38.6
CBDDTY010001067.1	1	30906	183	25099	81.2108	2.52624	31.3	48.7
CBDDTY010001068.1	1	30905	340	22817	73.8295	4.49367	30.5	32.7
CBDDTY010001069.1	1	30888	135	20057	64.9346	1.6181	31.2	34.2
CBDDTY010001070.1	1	30873	362	26150	84.7018	5.15716	30.5	16.6
CBDDTY010001071.1	1	30868	183	19873	64.3806	2.79863	30.7	16.8
CBDDTY010001072.1	1	30865	160	14684	47.5749	2.13562	30.6	19.5
CBDDTY010001073.1	1	30863	99	17572	56.9355	1.56929	31.4	17.6
CBDDTY010001074.1	1	30860	86	11474	37.1808	1.0455	29.5	8
CBDDTY010001075.1	1	30852	299	28033	90.8628	4.10103	31.9	36
CBDDTY010001076.1	1	30848	207	21856	70.8506	2.78073	30.9	39.6
CBDDTY010001077.1	1	30839	222	21340	69.1981	3.0848	30.4	43.3
CBDDTY010001078.1	1	30834	175	25836	83.7906	2.31851	30.3	41.6
CBDDTY010001079.1	1	30819	94	18196	59.0415	1.36886	31.4	42.2
CBDDTY010001080.1	1	30815	193	25627	83.164	2.79153	31.4	48.5
CBDDTY010001081.1	1	30792	98	13656	44.3492	1.30963	31.3	40.3
CBDDTY010001082.1	1	30792	153	18101	58.7847	2.07314	30.6	28.3
CBDDTY010001083.1	1	30759	451	13477	43.8148	7.72262	30.7	28.3
CBDDTY010001084.1	1	30754	89	7316	23.7888	1.15442	31.6	8.63
CBDDTY010001085.1	1	30751	82	16795	54.6161	1.20812	30.2	21.7
CBDDTY010001086.1	1	30705	6	845	2.75199	0.0415893	30.8	5.67
CBDDTY010001087.1	1	30698	173	25165	81.976	2.44443	31.4	52
CBDDTY010001088.1	1	30694	280	14450	47.0776	3.63374	30.6	13.4
CBDDTY010001089.1	1	30667	177	23182	75.5927	2.33287	30.2	41.8
CBDDTY010001090.1	1	30665	99	15028	49.007	1.27804	30.5	34.4
CBDDTY010001091.1	1	30654	139	20419	66.6112	1.89838	31.6	51.9
CBDDTY010001092.1	1	30651	202	26355	85.9841	2.82428	30.4	43.1
CBDDTY010001093.1	1	30631	183	16236	53.0051	2.30623	30.8	16.1
CBDDTY010001094.1	1	30630	96	17015	55.5501	1.42442	29.9	31.4
CBDDTY010001095.1	1	30608	169	19627	64.1238	2.11664	30.5	24.9
CBDDTY010001096.1	1	30608	101	15156	49.5165	1.29538	31	21.5
CBDDTY010001097.1	1	30400	143	20498	67.4276	1.65312	31.3	34.6
CBDDTY010001098.1	1	30599	213	26405	86.2937	2.97075	30.8	46
CBDDTY010001099.1	1	30591	198	27598	90.2161	3.12631	30.8	49.1
CBDDTY010001100.1	1	30568	196	27525	90.0451	2.77326	30.9	52.9
CBDDTY010001101.1	1	30565	120	17833	58.3445	1.63102	30.4	34.7
CBDDTY010001102.1	1	30549	207	26500	86.7459	3.2894	30.5	29.6
CBDDTY010001103.1	1	30539	68	5638	18.4616	0.768133	31.2	11.3
CBDDTY010001104.1	1	30535	155	17340	56.7873	1.88977	31.9	20
CBDDTY010001105.1	1	30531	167	21565	70.6331	2.76715	30.9	40.5
CBDDTY010001106.1	1	30523	184	23489	76.9551	2.73531	30.4	48.4
CBDDTY010001107.1	1	30519	132	12150	39.8113	1.72312	30.4	15.4
CBDDTY010001108.1	1	30513	31	4615	15.1247	0.324354	31.5	15.2
CBDDTY010001109.1	1	30489	130	20375	66.8274	1.74561	30.6	45.6
CBDDTY010001110.1	1	30474	212	25269	82.9199	3.05355	30.7	42.8
CBDDTY010001111.1	1	30470	173	24478	80.3348	2.42025	31	47.6
CBDDTY010001112.1	1	30466	114	12356	40.5567	1.45933	30.6	24.1
CBDDTY010001113.1	1	30460	203	26323	86.4183	2.94806	30.9	48.2
CBDDTY010001114.1	1	30440	75	9345	30.6997	1.03564	31.6	23.9
CBDDTY010001115.1	1	30432	204	27564	90.5757	2.93237	32.1	42
CBDDTY010001116.1	1	30415	234	24737	81.3316	3.27555	30.4	22.4
CBDDTY010001117.1	1	30410	105	11901	39.1352	1.14725	30.7	13.9
CBDDTY010001118.1	1	30405	60	4112	13.5241	0.756948	32.4	25.4
CBDDTY010001119.1	1	30396	210	24062	79.1617	2.87015	30.9	26.7
CBDDTY010001120.1	1	30386	84	16886	55.5716	1.2746	30.6	18.8
CBDDTY010001121.1	1	30370	375	27755	91.3895	4.97735	30.7	49.2
CBDDTY010001122.1	1	30365	240	13050	42.9771	3.323	30.5	10.8
CBDDTY010001123.1	1	30347	384	25609	84.3873	5.164	30.6	42
CBDDTY010001124.1	1	30341	344	12744	42.0026	4.44369	31.4	45.3
CBDDTY010001125.1	1	30326	818	27314	90.0679	11.8204	31.6	21.2
CBDDTY010001126.1	1	30320	217	19632	64.7493	2.94601	30.6	35.8
CBDDTY010001127.1	1	30312	354	28950	95.5067	5.39931	31	41
CBDDTY010001128.1	1	30295	179	23244	76.7255	2.49289	31.1	33.7
CBDDTY010001129.1	1	30290	130	14560	48.0687	1.66547	30.6	11.5
CBDDTY010001130.1	1	30268	163	20450	67.5631	2.32272	31.4	20.6
CBDDTY010001131.1	1	30261	191	23468	77.552	2.68071	31	27.1
CBDDTY010001132.1	1	30260	188	15166	50.119	2.67145	30.8	18.3
CBDDTY010001133.1	1	30259	237	27585	91.163	3.40504	31.5	37.5
CBDDTY010001134.1	1	30212	387	22062	73.024	5.64739	31.1	31.5
CBDDTY010001135.1	1	30206	358	24476	81.0303	5.0527	30.7	19.5
CBDDTY010001136.1	1	30205	258	26884	89.0051	3.57295	30.5	42.7
CBDDTY010001137.1	1	30200	26	3051	10.1026	0.24096	29.2	6.31
CBDDTY010001138.1	1	30189	185	22430	74.2986	2.76687	31.3	38.6
CBDDTY010001139.1	1	30186	203	26942	89.2533	2.99659	30.5	44.5
CBDDTY010001140.1	1	30174	157	16783	55.6207	2.05279	30.6	37.3
CBDDTY010001141.1	1	30172	190	16205	53.7087	2.37031	31.4	29.2
CBDDTY010001142.1	1	30165	124	17239	57.149	2.16499	31.9	8.19
CBDDTY010001143.1	1	30145	95	14069	46.6711	1.39678	29.7	24.8
CBDDTY010001144.1	1	30139	159	20780	68.9472	2.11328	30.6	44
CBDDTY010001145.1	1	30127	280	21637	71.8193	3.77578	30.3	15.5
CBDDTY010001146.1	1	30106	297	26490	87.9891	4.01907	30.7	20.3
CBDDTY010001147.1	1	30089	188	9294	30.8884	3.23806	31.7	27.1
CBDDTY010001148.1	1	30076	286	22927	76.2302	4.31859	30.6	40.1
CBDDTY010001149.1	1	30071	80	9572	31.8313	0.851585	29.4	3.54
CBDDTY010001150.1	1	30043	213	19987	66.528	3.24052	30.4	34.9
CBDDTY010001151.1	1	30030	81	12973	43.2001	1.08788	31.7	19.2
CBDDTY010001152.1	1	30013	200	24633	82.0744	2.73328	31.4	42.1
CBDDTY010001153.1	1	30000	61	8380	27.9333	1.00237	31.1	5.05
CBDDTY010001154.1	1	30000	161	12480	41.6	1.9501	30.2	24.1
CBDDTY010001155.1	1	30000	74	14043	46.81	1.10343	31.4	18.6
CBDDTY010001156.1	1	30000	98	10450	34.8333	1.2867	29.8	37.5
CBDDTY010001157.1	1	29800	106	10863	36.453	1.66409	29.7	16
CBDDTY010001158.1	1	30000	280	21677	72.2567	3.68933	30.5	22.9
CBDDTY010001159.1	1	30000	211	18859	62.8633	2.5141	31.3	26.2
CBDDTY010001160.1	1	30000	357	5320	17.7333	7.1806	31.6	18.5
CBDDTY010001161.1	1	29800	146	7558	25.3624	1.88513	30.8	8.86
CBDDTY010001162.1	1	30000	153	9292	30.9733	2.5648	30.6	12.8
CBDDTY010001163.1	1	30000	133	15330	51.1	1.68077	31.7	19.5
CBDDTY010001164.1	1	30000	162	16655	55.5167	2.00787	30.5	20.2
CBDDTY010001165.1	1	30000	171	10406	34.6867	2.51247	31.5	6.96
CBDDTY010001166.1	1	29800	392	9546	32.0336	5.89044	30.8	12.2
CBDDTY010001167.1	1	30000	258	21692	72.3067	3.82933	30.8	20.4
CBDDTY010001168.1	1	30000	102	11701	39.0033	1.2271	30.3	12.3
CBDDTY010001169.1	1	29800	84	13739	46.104	1.12235	30.9	19.4
CBDDTY010001170.1	1	29800	210	14995	50.3188	3.35879	31.4	13.9
CBDDTY010001171.1	1	30000	183	24556	81.8533	2.63947	31	47.2
CBDDTY010001172.1	1	30000	370	23551	78.5033	5.26557	31.3	30.5
CBDDTY010001173.1	1	30000	341	24616	82.0533	4.86163	31.4	34.9
CBDDTY010001174.1	1	29996	150	18033	60.118	1.90072	30.9	21.5
CBDDTY010001175.1	1	29990	123	17169	57.2491	1.58643	31.6	25.7
CBDDTY010001176.1	1	29990	212	15323	51.0937	3.23178	31.3	30.5
CBDDTY010001177.1	1	29989	238	26594	88.6792	3.44366	29.8	42.7
CBDDTY010001178.1	1	29984	94	14327	47.7822	1.13314	30	20.1
CBDDTY010001179.1	1	29983	63	6975	23.2632	0.928726	30.7	23.2
CBDDTY010001180.1	1	29981	213	24263	80.9279	2.69681	31.1	40
CBDDTY010001181.1	1	29979	159	21212	70.7562	1.78358	30.6	38.7
CBDDTY010001182.1	1	29971	185	17156	57.242	2.4826	30.6	30.4
CBDDTY010001183.1	1	29963	184	19297	64.4028	2.53329	30.6	25.2
CBDDTY010001184.1	1	29951	220	27809	92.8483	3.10858	31	51.3
CBDDTY010001185.1	1	29923	95	13935	46.5695	1.26147	30.7	10.2
CBDDTY010001186.1	1	29895	254	23820	79.6789	3.85151	30.3	50.4
CBDDTY010001187.1	1	29894	118	16359	54.7234	1.38309	31.2	28.1
CBDDTY010001188.1	1	29873	105	16382	54.8388	1.55699	30.6	36.4
CBDDTY010001189.1	1	29872	81	10504	35.1634	0.987815	30.6	22.5
CBDDTY010001190.1	1	29872	36	6636	22.2148	0.488719	31	27.2
CBDDTY010001191.1	1	29854	89	15927	53.3496	1.21947	30.4	19.7
CBDDTY010001192.1	1	29843	230	24584	82.3778	3.19371	30.4	41
CBDDTY010001193.1	1	29840	189	27022	90.5563	2.86934	30.6	53.9
CBDDTY010001194.1	1	29838	132	10724	35.9407	1.89989	30.9	6.5
CBDDTY010001195.1	1	29803	169	21465	72.023	2.40788	30.3	31.3
CBDDTY010001196.1	1	29797	239	21100	70.8125	3.55707	30.3	29.5
CBDDTY010001197.1	1	29795	134	21286	71.4415	1.92193	30.7	33.4
CBDDTY010001198.1	1	29792	246	26495	88.9333	3.45529	30.5	46.2
CBDDTY010001199.1	1	29787	133	16738	56.1923	1.61322	30.4	29.5
CBDDTY010001200.1	1	29770	150	20841	70.0067	2.15761	31	39.5
CBDDTY010001201.1	1	29747	191	11539	38.7905	2.85642	31.9	7.66
CBDDTY010001202.1	1	29735	111	15663	52.6753	1.64359	31	26.3
CBDDTY010001203.1	1	29729	123	12171	40.9398	1.6941	31.3	31.1
CBDDTY010001204.1	1	29728	60	12644	42.5323	0.814115	30.1	14.1
CBDDTY010001205.1	1	29726	245	25156	84.6263	3.56493	29.6	27.4
CBDDTY010001206.1	1	29724	112	18801	63.2519	1.80739	29.5	36.8
CBDDTY010001207.1	1	29699	224	24522	82.5684	3.50503	31.5	45.2
CBDDTY010001208.1	1	29686	222	18188	61.2679	2.63175	30.3	18.8
CBDDTY010001209.1	1	29684	52	8219	27.6883	0.589375	30.3	11.2
CBDDTY010001210.1	1	29665	39	6409	21.6046	0.581055	29	13.6
CBDDTY010001211.1	1	29664	217	24059	81.105	2.77697	30.9	38.6
CBDDTY010001212.1	1	29660	161	26374	88.9211	2.70115	30.6	54.6
CBDDTY010001213.1	1	29651	214	25590	86.304	2.83984	30.4	46.6
CBDDTY010001214.1	1	29634	123	23526	79.3885	1.89283	31.3	45.1
CBDDTY010001215.1	1	29632	45	4082	13.7756	0.5598	28.9	4.44
CBDDTY010001216.1	1	29631	150	22029	74.3444	2.18639	31	48.5
CBDDTY010001217.1	1	29627	238	20402	68.8629	3.58777	30.9	37.9
CBDDTY010001218.1	1	29601	76	12526	42.3161	0.927266	30.4	20.3
CBDDTY010001219.1	1	29587	195	23673	80.0115	2.97756	31.3	45.7
CBDDTY010001220.1	1	29578	173	22362	75.6035	2.6518	31.3	24
CBDDTY010001221.1	1	29576	182	24992	84.5009	2.54879	30.4	41
CBDDTY010001222.1	1	29518	164	22279	75.476	2.11501	30.3	32.7
CBDDTY010001223.1	1	29488	317	23705	80.3886	4.73186	31.1	35.7
CBDDTY010001224.1	1	29485	38	7120	24.1479	0.578124	31	15.4
CBDDTY010001225.1	1	29467	141	18835	63.919	2.26114	30.5	33.9
CBDDTY010001226.1	1	29452	120	16737	56.8281	1.70953	29.9	18.7
CBDDTY010001227.1	1	29448	115	13469	45.7383	1.53807	29.7	19.1
CBDDTY010001228.1	1	29447	119	15145	51.4314	1.51136	30.8	29.7
CBDDTY010001229.1	1	29446	87	14980	50.8728	1.1552	32.2	42.2
CBDDTY010001230.1	1	29418	233	22184	75.4096	3.63043	30.3	15.6
CBDDTY010001231.1	1	29409	83	15625	53.13	1.32755	30.6	25.8
CBDDTY010001232.1	1	29384	114	15157	51.5825	1.52685	31.4	25.1
CBDDTY010001233.1	1	29384	146	22434	76.3477	2.22192	30.9	44.4
CBDDTY010001234.1	1	29374	162	19767	67.2942	2.18431	31.2	32.1
CBDDTY010001235.1	1	29357	97	16506	56.2251	1.29002	30.3	26
CBDDTY010001236.1	1	29356	172	22414	76.3524	2.72418	30.3	40.7
CBDDTY010001237.1	1	29350	106	11989	40.8484	1.28201	30.7	18.6
CBDDTY010001238.1	1	29339	178	20208	68.8776	2.98667	29.8	10.3
CBDDTY010001239.1	1	29335	292	29193	99.5159	4.72194	31.6	41
CBDDTY010001240.1	1	29335	238	26650	90.8471	3.44022	31.1	53.5
CBDDTY010001241.1	1	29273	550	26310	89.878	8.02135	31.2	27.2
CBDDTY010001242.1	1	29269	133	20297	69.3464	1.8059	31.4	45.3
CBDDTY010001243.1	1	29258	174	15704	53.6742	2.62595	29.9	10.3
CBDDTY010001244.1	1	29253	100	15433	52.757	1.34526	30	19.3
CBDDTY010001245.1	1	29243	108	18267	62.4662	1.51917	30.4	37.9
CBDDTY010001246.1	1	29241	160	22900	78.3147	2.48572	31.9	45.8
CBDDTY010001247.1	1	29229	247	23879	81.6963	3.60242	29.9	23.1
CBDDTY010001248.1	1	29218	75	13919	47.6384	0.952563	30.2	22.3
CBDDTY010001249.1	1	29200	218	15767	53.9966	2.85418	31.2	19.7
CBDDTY010001250.1	1	29183	184	24197	82.9147	2.66528	30.4	51.1
CBDDTY010001251.1	1	29182	244	13504	46.2751	3.15181	30.1	10.8
CBDDTY010001252.1	1	29177	330	24026	82.3457	4.74048	31.3	41.3
CBDDTY010001253.1	1	29173	160	21253	72.8516	2.15432	31.3	43.1
CBDDTY010001254.1	1	29171	276	23213	79.5756	3.81166	31	34.8
CBDDTY010001255.1	1	29169	35	4671	16.0136	0.515719	32	15.7
CBDDTY010001256.1	1	29144	243	21418	73.4903	3.59165	30.7	26.9
CBDDTY010001257.1	1	29144	255	25446	87.3113	4.20491	30.5	41
CBDDTY010001258.1	1	29139	227	23294	79.941	3.18741	30.8	24.1
CBDDTY010001259.1	1	29134	64	12130	41.6352	0.694172	30.2	8.75
CBDDTY010001260.1	1	29133	132	20094	68.9733	1.74218	30.9	32.8
CBDDTY010001261.1	1	29122	105	13443	46.161	1.58107	31.5	34.2
CBDDTY010001262.1	1	29112	264	16527	56.7704	3.15011	31.3	28.2
CBDDTY010001263.1	1	29095	126	14743	50.6719	1.46084	30.7	29.9
CBDDTY010001264.1	1	29087	65	12543	43.1224	0.729295	30.5	12.9
CBDDTY010001265.1	1	29061	66	10206	35.1192	0.774991	31.4	10.2
CBDDTY010001266.1	1	29055	243	26954	92.7689	3.7217	31.1	50.3
CBDDTY010001267.1	1	29055	214	20791	71.5574	3.18183	31.4	17.1
CBDDTY010001268.1	1	29041	159	22076	76.0167	2.21628	30.6	46.8
CBDDTY010001269.1	1	29040	105	18704	64.4077	1.53819	32	20.3
CBDDTY010001270.1	1	29028	142	17739	61.11	2.02277	31.4	38
CBDDTY010001271.1	1	29011	116	19168	66.0715	1.76226	31.1	35.9
CBDDTY010001272.1	1	29000	208	25206	86.9172	3.20834	30	42.9
CBDDTY010001273.1	1	29000	107	13122	45.2483	1.31245	30.7	22.4
CBDDTY010001274.1	1	29000	340	25016	86.2621	4.8809	29.7	32
CBDDTY010001275.1	1	28800	44	8602	29.8681	0.602708	30.4	12.4
CBDDTY010001276.1	1	29000	164	25371	87.4862	2.50845	30.4	50.8
CBDDTY010001277.1	1	28800	94	11163	38.7604	1.485	31	29.7
CBDDTY010001278.1	1	29000	286	16214	55.9103	4.11652	30.3	21.3
CBDDTY010001279.1	1	29000	12	2676	9.22759	0.165586	31.3	4
CBDDTY010001280.1	1	29000	152	16406	56.5724	2.2639	31.4	24.4
CBDDTY010001281.1	1	29000	131	22863	78.8379	2.02241	31.6	40.9
CBDDTY010001282.1	1	29000	297	24980	86.1379	4.43703	31.2	39.2
CBDDTY010001283.1	1	29000	137	12508	43.131	2.14303	30.2	35
CBDDTY010001284.1	1	29000	243	18710	64.5172	3.83759	30.4	22.7
CBDDTY010001285.1	1	29000	55	4542	15.6621	0.775103	32	3.09
CBDDTY010001286.1	1	29000	388	23167	79.8862	5.58245	30.2	34.7
CBDDTY010001287.1	1	29000	22	3253	11.2172	0.401724	28.8	17.6
CBDDTY010001288.1	1	29000	174	21272	73.3517	2.18107	31.2	33.6
CBDDTY010001289.1	1	28800	114	15848	55.0278	1.40819	30.6	20.3
CBDDTY010001290.1	1	29000	37	7495	25.8448	0.470724	31	17.1
CBDDTY010001291.1	1	29000	110	7519	25.9276	1.61528	31.7	48.7
CBDDTY010001292.1	1	29000	75	6352	21.9034	0.829586	31.3	16.9
CBDDTY010001293.1	1	29000	1	175	0.603448	0.00603448	29.5	1
CBDDTY010001294.1	1	29000	223	19767	68.1621	3.60476	31	29.1
CBDDTY010001295.1	1	28996	196	25438	87.7293	3.16437	30.3	47.9
CBDDTY010001296.1	1	28995	67	12802	44.1524	1.0536	30.9	0.254
CBDDTY010001297.1	1	28980	233	25884	89.3168	3.49693	30.6	31.5
CBDDTY010001298.1	1	28957	67	6914	23.8768	0.732638	28.3	16.1
CBDDTY010001299.1	1	28951	139	19637	67.8284	1.86526	31.1	38.2
CBDDTY010001300.1	1	28947	26	2125	7.341	0.202612	32.4	7.15
CBDDTY010001301.1	1	28940	258	23662	81.7623	4.32716	30.8	37
CBDDTY010001302.1	1	28923	167	24613	85.0984	2.5042	31.2	53
CBDDTY010001303.1	1	28920	192	24661	85.2732	2.71051	30.9	41.2
CBDDTY010001304.1	1	28915	167	20950	72.4537	2.28228	31	31.1
CBDDTY010001305.1	1	28915	288	17535	60.6433	3.84575	30.1	13.2
CBDDTY010001306.1	1	28912	106	16216	56.0874	1.62164	31.7	31.3
CBDDTY010001307.1	1	28905	84	13346	46.1719	1.21239	30.6	35.5
CBDDTY010001308.1	1	28900	155	24602	85.128	2.551	30.1	55.7
CBDDTY010001309.1	1	28880	268	20888	72.3269	3.95963	30	40.3
CBDDTY010001310.1	1	28870	227	20358	70.5161	3.34693	29.8	47.9
CBDDTY010001311.1	1	28868	167	16849	58.3657	2.09585	30.6	28.2
CBDDTY010001312.1	1	28867	207	15690	54.3527	3.07742	30.7	12.5
CBDDTY010001313.1	1	28861	124	16798	58.2031	1.67305	30.6	36.2
CBDDTY010001314.1	1	28849	128	17879	61.9744	1.70401	30.6	20.3
CBDDTY010001315.1	1	28845	125	19248	66.7291	1.94432	31	44.2
CBDDTY010001316.1	1	28845	161	22960	79.5979	2.51645	30.3	51.7
CBDDTY010001317.1	1	28844	91	13407	46.4811	1.27146	31.3	35.6
CBDDTY010001318.1	1	28828	160	20085	69.6718	2.35712	31.1	39.2
CBDDTY010001319.1	1	28812	127	14699	51.0169	1.88432	30.6	31.9
CBDDTY010001320.1	1	28802	6	1099	3.81571	0.0656899	30.4	7.5
CBDDTY010001321.1	1	28802	254	24936	86.5773	3.83612	30.5	47
CBDDTY010001322.1	1	28799	111	9931	34.4838	1.6728	31.6	9.92
CBDDTY010001323.1	1	28796	200	20190	70.1139	2.78966	30.5	17.6
CBDDTY010001324.1	1	28796	161	20378	70.7668	2.43694	30.8	46.4
CBDDTY010001326.1	1	28783	153	21313	74.0472	2.37407	31	38.6
CBDDTY010001327.1	1	28777	176	19559	67.9675	2.50766	30.2	39.8
CBDDTY010001328.1	1	28750	230	21452	74.6157	3.30223	31.3	41.9
CBDDTY010001329.1	1	28741	165	19553	68.0317	2.33673	30.6	16.8
CBDDTY010001330.1	1	28735	209	25718	89.5006	3.16944	30.3	46.5
CBDDTY010001331.1	1	28699	164	11698	40.761	2.05387	31.1	6.31
CBDDTY010001332.1	1	28679	308	22195	77.3911	4.97479	30.8	22.7
CBDDTY010001333.1	1	28671	43	4391	15.3151	0.42911	30.3	9.35
CBDDTY010001334.1	1	28623	55	6807	23.7816	0.913112	30.3	25.9
CBDDTY010001335.1	1	28612	51	10439	36.4847	0.621487	30	12.9
CBDDTY010001336.1	1	28607	177	21174	74.0168	2.87091	30.8	39.1
CBDDTY010001337.1	1	28589	21	5381	18.8219	0.385113	30.4	35.5
CBDDTY010001338.1	1	28570	153	22793	79.7795	2.37602	30.5	50.6
CBDDTY010001339.1	1	28555	175	20393	71.4166	2.46857	29.8	39.5
CBDDTY010001340.1	1	28543	159	22099	77.4235	2.57916	30.5	35.5
CBDDTY010001341.1	1	28534	183	22095	77.4339	2.70386	30.6	48.2
CBDDTY010001342.1	1	28517	260	22105	77.5152	3.67465	31.3	29.7
CBDDTY010001343.1	1	28505	160	17674	62.0032	2.35559	30.6	35
CBDDTY010001344.1	1	28499	45	6068	21.292	0.487772	33.6	10.3
CBDDTY010001345.1	1	28498	165	20739	72.7735	2.75697	30.7	26.6
CBDDTY010001346.1	1	28492	225	20070	70.4408	3.32915	31.2	35.3
CBDDTY010001347.1	1	28481	39	5159	18.1138	0.548576	30.8	32.8
CBDDTY010001348.1	1	28480	327	20444	71.7837	4.56938	30.6	43.8
CBDDTY010001349.1	1	28473	124	19097	67.0706	2.06757	30	26.6
CBDDTY010001350.1	1	28461	645	23515	82.6218	10.8115	31.2	46.1
CBDDTY010001351.1	1	28445	83	12189	42.8511	0.893022	32.1	30.5
CBDDTY010001352.1	1	28444	140	21964	77.2184	2.07379	30.5	49.3
CBDDTY010001353.1	1	28443	494	21666	76.1734	7.57719	31.4	26.6
CBDDTY010001354.1	1	28420	118	17772	62.5334	1.57906	30.2	20.9
CBDDTY010001355.1	1	28419	114	14042	49.4106	1.66417	31.2	37.7
CBDDTY010001356.1	1	28417	239	26345	92.7086	4.06971	31.3	49.4
CBDDTY010001357.1	1	28392	77	10544	37.1372	0.962349	29.8	32.7
CBDDTY010001358.1	1	28385	233	22830	80.4298	3.69537	31.1	38.8
CBDDTY010001359.1	1	28371	201	23013	81.1145	3.0632	30.3	42.3
CBDDTY010001360.1	1	28338	82	13463	47.5086	1.2641	31.7	13.3
CBDDTY010001361.1	1	28331	217	23785	83.954	3.40397	31.4	33.2
CBDDTY010001362.1	1	28311	170	19311	68.2102	2.53594	30.5	31.7
CBDDTY010001363.1	1	28310	134	13105	46.2911	1.67958	30.9	18
CBDDTY010001364.1	1	28310	195	25417	89.781	3.04016	30.2	53.4
CBDDTY010001365.1	1	28295	96	19146	67.6657	1.65248	31.7	31.4
CBDDTY010001366.1	1	28295	235	19582	69.2066	2.8323	30.3	28.3
CBDDTY010001367.1	1	28291	227	22423	79.2584	3.46485	30.6	21
CBDDTY010001368.1	1	28289	320	20528	72.5653	4.96829	31	12.8
CBDDTY010001369.1	1	28287	179	23607	83.4553	2.90179	31.4	49
CBDDTY010001370.1	1	28278	118	21255	75.1644	1.82304	30.8	47.2
CBDDTY010001371.1	1	28239	112	17042	60.3492	1.5923	30.8	36.7
CBDDTY010001372.1	1	28236	151	16140	57.1611	2.33638	30.7	16.6
CBDDTY010001373.1	1	28224	202	20036	70.9892	2.88216	30.7	32.5
CBDDTY010001374.1	1	28218	290	24565	87.0544	4.22507	31.2	24.9
CBDDTY010001375.1	1	28212	150	24098	85.4176	2.43797	30.7	50.9
CBDDTY010001376.1	1	28210	581	22228	78.7948	9.60135	30.4	46.6
CBDDTY010001377.1	1	28207	173	22602	80.129	2.20679	30.1	43.5
CBDDTY010001378.1	1	28204	228	23773	84.2895	3.61353	30.4	34.2
CBDDTY010001379.1	1	28203	161	22881	81.1297	2.22476	30.8	46.4
CBDDTY010001380.1	1	28193	219	25965	92.0973	3.08793	31	34.5
CBDDTY010001381.1	1	28176	200	25999	92.2736	2.88572	30.1	40.3
CBDDTY010001382.1	1	28176	159	24518	87.0173	2.48183	30.8	53.1
CBDDTY010001383.1	1	28155	200	24370	86.5566	3.11305	31	45.7
CBDDTY010001384.1	1	28153	183	24636	87.5075	2.72809	31.4	40.2
CBDDTY010001385.1	1	28152	60	5204	18.4854	0.749432	31.2	26.5
CBDDTY010001386.1	1	28149	180	17757	63.0822	2.25266	31.9	23.8
CBDDTY010001387.1	1	28144	156	23035	81.8469	2.48742	30.5	50.5
CBDDTY010001388.1	1	28121	64	11626	41.3428	0.999289	30.8	33.6
CBDDTY010001389.1	1	28117	66	8693	30.9172	1.07369	31.3	18.5
CBDDTY010001390.1	1	28114	173	14904	53.0127	2.52248	30.9	43
CBDDTY010001391.1	1	28091	181	24105	85.8104	3.02787	30.2	36.8
CBDDTY010001392.1	1	28081	159	12808	45.6109	1.92098	31.3	13.6
CBDDTY010001393.1	1	28080	241	16300	58.0484	3.61189	31.5	14.5
CBDDTY010001394.1	1	28069	190	23388	83.3232	2.67697	31	38.8
CBDDTY010001395.1	1	28060	266	23355	83.2324	4.11518	30.6	32.4
CBDDTY010001396.1	1	28014	331	19880	70.9645	4.89202	31.4	42
CBDDTY010001397.1	1	28014	141	21662	77.3256	2.03455	30.2	47.6
CBDDTY010001398.1	1	28000	204	14924	53.3	3.0035	31.4	15.7
CBDDTY010001399.1	1	28000	112	12876	45.9857	1.60107	31.1	21.1
CBDDTY010001400.1	1	28000	127	18409	65.7464	2.08468	31.1	47.8
CBDDTY010001401.1	1	28000	80	5693	20.3321	0.985857	30.7	26.7
CBDDTY010001402.1	1	28000	182	12120	43.2857	2.55896	30.7	45.7
CBDDTY010001403.1	1	28000	81	10662	38.0786	1.10754	30.8	16.6
CBDDTY010001404.1	1	28000	53	4003	14.2964	0.67325	31.9	6.28
CBDDTY010001405.1	1	27800	55	6000	21.5827	0.559748	30.3	22.4
CBDDTY010001406.1	1	28000	81	11397	40.7036	0.982893	29.4	32.4
CBDDTY010001407.1	1	28000	98	14000	50	1.19629	30.2	19.6
CBDDTY010001408.1	1	28000	220	23586	84.2357	3.112	29.8	34.4
CBDDTY010001409.1	1	28000	129	16077	57.4179	1.63968	30.3	31.7
CBDDTY010001410.1	1	28000	472	22558	80.5643	7.49296	31.2	34.5
CBDDTY010001411.1	1	27800	148	18824	67.7122	2.20705	31.3	38.5
CBDDTY010001412.1	1	27800	49	6439	23.1619	0.705396	30.1	19.3
CBDDTY010001413.1	1	28000	111	16706	59.6643	1.46932	30.9	13.5
CBDDTY010001414.1	1	28000	524	25788	92.1	9.01707	30.2	31.4
CBDDTY010001415.1	1	28000	227	19765	70.5893	3.272	30.8	30.3
CBDDTY010001416.1	1	28000	192	12751	45.5393	2.84164	31.2	17
CBDDTY010001417.1	1	27600	302	11684	42.3333	4.96547	31.5	7.69
CBDDTY010001418.1	1	28000	117	16232	57.9714	1.62811	32.4	26.1
CBDDTY010001419.1	1	28000	341	25599	91.425	5.11221	30	49.9
CBDDTY010001420.1	1	28000	153	18986	67.8071	2.2555	30.2	28.3
CBDDTY010001421.1	1	28000	41	5551	19.825	0.488321	29.9	19.3
CBDDTY010001422.1	1	28000	87	11980	42.7857	1.361	30.4	31
CBDDTY010001423.1	1	28000	56	8843	31.5821	0.758857	31.5	28.9
CBDDTY010001424.1	1	28000	207	19536	69.7714	2.81657	30.4	47.7
CBDDTY010001425.1	1	27984	174	26095	93.2497	2.87961	30.8	56.5
CBDDTY010001426.1	1	27978	245	21683	77.5002	3.94867	30.3	32.6
CBDDTY010001427.1	1	27978	132	14655	52.3804	1.72536	30.9	41.5
CBDDTY010001428.1	1	27952	114	13459	48.1504	1.60017	30.3	48.7
CBDDTY010001429.1	1	27946	154	21216	75.9178	2.40156	30.5	52.6
CBDDTY010001430.1	1	27942	128	19905	71.2368	1.8173	30.6	42.9
CBDDTY010001431.1	1	27932	180	23436	83.9038	2.73883	30.7	48.6
CBDDTY010001432.1	1	27929	53	11945	42.7692	0.971284	28.8	5.55
CBDDTY010001433.1	1	27927	59	7595	27.1959	1.02113	31	18.7
CBDDTY010001434.1	1	27910	187	18418	65.9907	2.64016	30.8	26.6
CBDDTY010001435.1	1	27906	126	21031	75.3637	1.95191	30.3	41
CBDDTY010001436.1	1	27892	158	24831	89.0255	2.41829	30.9	51.7
CBDDTY010001437.1	1	27888	142	20526	73.6015	2.15422	31	38.1
CBDDTY010001438.1	1	27886	284	14023	50.2869	4.04608	31.1	18.2
CBDDTY010001439.1	1	27883	253	17839	63.9781	4.17308	31.1	14.8
CBDDTY010001440.1	1	27872	161	23026	82.6134	2.2782	30.3	47.1
CBDDTY010001441.1	1	27863	95	14646	52.5643	1.24437	31.5	26.1
CBDDTY010001442.1	1	27853	206	21844	78.426	3.0294	31.2	28
CBDDTY010001443.1	1	27853	390	23484	84.3141	6.02316	30.9	52.7
CBDDTY010001444.1	1	27844	61	8882	31.8992	0.811485	30.2	33.2
CBDDTY010001445.1	1	27843	186	22082	79.309	2.83145	30.1	42.6
CBDDTY010001446.1	1	27836	145	21541	77.3854	2.20423	31.5	49.3
CBDDTY010001447.1	1	27832	284	25716	92.3972	4.54624	30.4	28.6
CBDDTY010001448.1	1	27831	180	18381	66.0451	2.61597	30.6	33.9
CBDDTY010001449.1	1	27805	226	15710	56.5006	3.01288	30	14.9
CBDDTY010001450.1	1	27801	121	16253	58.4619	1.63498	31.3	22
CBDDTY010001451.1	1	27734	184	15379	55.4518	2.47274	30.8	28.3
CBDDTY010001452.1	1	27682	156	23288	84.1269	2.53782	30.3	43.4
CBDDTY010001453.1	1	27674	208	22176	80.133	2.58907	30.3	33.9
CBDDTY010001454.1	1	27673	143	16586	59.9357	2.37723	30.3	26.5
CBDDTY010001455.1	1	27653	297	21847	79.0041	5.46924	31.3	2.4
CBDDTY010001456.1	1	27647	145	18133	65.5876	2.16085	31	42.7
CBDDTY010001457.1	1	27638	118	19275	69.7409	1.75552	30.6	35.4
CBDDTY010001458.1	1	27634	191	16815	60.849	3.052	30.6	45.2
CBDDTY010001459.1	1	27616	143	21922	79.3815	2.33622	31.3	50.9
CBDDTY010001460.1	1	27612	315	22873	82.8372	4.23722	30.4	23.7
CBDDTY010001461.1	1	27603	176	14851	53.8021	3.63787	31	12.5
CBDDTY010001462.1	1	27602	373	23482	85.0735	6.2615	31.3	33.4
CBDDTY010001463.1	1	27599	197	9120	33.0447	2.92141	30.9	18.9
CBDDTY010001464.1	1	27594	94	20042	72.6317	1.56211	29.8	33.4
CBDDTY010001465.1	1	27590	82	17040	61.7615	1.34748	30.9	37.7
CBDDTY010001466.1	1	27590	38	7141	25.8826	0.601377	30.1	26.3
CBDDTY010001467.1	1	27588	177	22728	82.3836	2.8736	31	52.3
CBDDTY010001468.1	1	27580	152	19085	69.1987	2.17335	29.5	23.9
CBDDTY010001469.1	1	27576	149	16922	61.365	2.41134	30.2	5.66
CBDDTY010001470.1	1	27559	313	23821	86.4364	4.55332	30.1	38.3
CBDDTY010001471.1	1	27553	190	20145	73.1136	3.32962	31	15.3
CBDDTY010001472.1	1	27552	396	22202	80.5822	7.37573	30.4	24.5
CBDDTY010001473.1	1	27538	45	7958	28.8982	0.628695	30.3	17.7
CBDDTY010001474.1	1	27537	190	21496	78.0622	2.62788	30.4	37.5
CBDDTY010001475.1	1	27537	152	20355	73.9187	2.34975	31.5	44
CBDDTY010001476.1	1	27527	137	14313	51.9962	1.87289	31	26.6
CBDDTY010001477.1	1	27522	66	5816	21.1322	0.548579	30.4	15.5
CBDDTY010001478.1	1	27520	100	16407	59.6185	1.56257	31.1	16.3
CBDDTY010001479.1	1	27500	142	22745	82.7091	2.17604	30.3	49.8
CBDDTY010001480.1	1	27499	193	23310	84.7667	3.29947	30.6	47
CBDDTY010001481.1	1	27495	239	16655	60.5746	3.6455	31.2	22.5
CBDDTY010001482.1	1	27487	140	18662	67.8939	2.06843	30.3	40.2
CBDDTY010001483.1	1	27460	149	17170	62.5273	2.01693	31.2	34.1
CBDDTY010001484.1	1	27451	124	17145	62.4567	1.83767	30.5	35.7
CBDDTY010001485.1	1	27434	46	9274	33.8048	0.586243	30.6	19.6
CBDDTY010001486.1	1	27428	124	18355	66.9207	1.946	31	39
CBDDTY010001487.1	1	27427	167	21832	79.6004	2.46338	30.2	49.4
CBDDTY010001488.1	1	27420	94	14121	51.4989	1.49621	31.6	28.9
CBDDTY010001489.1	1	27398	146	15070	55.004	2.47478	30.1	39.2
CBDDTY010001490.1	1	27395	99	15120	55.1926	1.66049	29.5	24.9
CBDDTY010001491.1	1	27382	133	17765	64.8784	2.00599	31.3	42.3
CBDDTY010001492.1	1	27380	128	15673	57.2425	1.78543	31.7	31.9
CBDDTY010001493.1	1	27372	176	22509	82.2337	2.54464	30.7	54.2
CBDDTY010001494.1	1	27371	121	14853	54.2655	1.94027	31.2	16.2
CBDDTY010001495.1	1	27358	73	12697	46.4106	1.16661	30.3	35.7
CBDDTY010001496.1	1	27350	219	23569	86.1755	3.30636	31.1	46.4
CBDDTY010001497.1	1	27350	140	20416	74.6472	2.09744	31	42.1
CBDDTY010001498.1	1	27346	86	15911	58.184	1.32988	31.3	34.3
CBDDTY010001499.1	1	27321	181	22287	81.5746	2.63907	31.3	39.8
CBDDTY010001500.1	1	27318	54	10277	37.6199	0.671828	30.2	13.1
CBDDTY010001501.1	1	27305	141	19023	69.6686	2.26281	30.4	44.5
CBDDTY010001502.1	1	27300	138	15525	56.8681	1.72707	31.7	31.4
CBDDTY010001503.1	1	27272	149	21944	80.4635	2.20087	31.5	48.5
CBDDTY010001504.1	1	27271	114	14854	54.4681	1.58729	31.5	37.7
CBDDTY010001505.1	1	27270	170	19103	70.0513	2.36403	31.2	34.9
CBDDTY010001506.1	1	27268	141	20093	73.6871	2.07496	31.3	44.7
CBDDTY010001507.1	1	27261	119	13726	50.3503	1.65684	29.6	29.1
CBDDTY010001508.1	1	27252	189	21303	78.1704	2.93868	31.6	46
CBDDTY010001509.1	1	27230	151	22051	80.9805	2.50066	31	45.1
CBDDTY010001510.1	1	27210	138	19514	71.7163	1.92268	29.9	35.8
CBDDTY010001511.1	1	27168	200	18638	68.6028	2.97946	30.6	39.1
CBDDTY010001512.1	1	27161	125	21453	78.9846	2.09293	30.1	43.4
CBDDTY010001513.1	1	27155	82	10683	39.3408	1.04121	31.2	19.3
CBDDTY010001514.1	1	27141	157	6929	25.5296	2.43263	32	21
CBDDTY010001515.1	1	27138	24	4522	16.663	0.413885	32.5	52.1
CBDDTY010001516.1	1	27118	273	21790	80.3525	4.19072	30.8	34.8
CBDDTY010001517.1	1	27113	189	19554	72.1204	2.69786	31	35.3
CBDDTY010001518.1	1	27065	197	17178	63.4694	3.23861	31.4	21.5
CBDDTY010001519.1	1	27046	67	12571	46.4801	1.15633	31.1	10.3
CBDDTY010001520.1	1	27027	244	10283	38.0471	3.61098	30.2	25
CBDDTY010001521.1	1	27027	67	11651	43.1087	1.12906	29.8	21
CBDDTY010001522.1	1	27013	139	16687	61.774	1.91038	31.2	21.3
CBDDTY010001523.1	1	27007	168	15937	59.0106	2.64294	30.7	12.2
CBDDTY010001524.1	1	27001	95	7358	27.2508	1.19484	30.7	12.6
CBDDTY010001525.1	1	27000	62	7551	27.9667	1.53419	30.9	0.871
CBDDTY010001526.1	1	27000	256	13864	51.3481	4.24011	31	37.7
CBDDTY010001527.1	1	27000	357	25564	94.6815	5.83152	30.2	37.3
CBDDTY010001528.1	1	27000	89	15175	56.2037	1.38889	31.1	38.1
CBDDTY010001529.1	1	27000	65	9510	35.2222	0.728481	30.4	26.4
CBDDTY010001530.1	1	27000	87	6981	25.8556	1.13837	30.3	10.6
CBDDTY010001531.1	1	27000	243	20905	77.4259	3.52078	31.6	26.5
CBDDTY010001532.1	1	27000	65	4420	16.3704	1.04793	31.2	17.8
CBDDTY010001533.1	1	27000	158	14620	54.1481	2.55911	30.3	48.3
CBDDTY010001534.1	1	27000	272	16542	61.2667	4.24837	30.1	12.7
CBDDTY010001535.1	1	27000	233	20683	76.6037	3.92948	30.5	18
CBDDTY010001536.1	1	27000	173	12318	45.6222	2.51293	30.3	34.3
CBDDTY010001537.1	1	27000	63	7910	29.2963	0.737481	30.9	16.5
CBDDTY010001538.1	1	27000	80	11057	40.9519	1.47967	30.5	22.5
CBDDTY010001539.1	1	27000	341	23422	86.7481	5.41144	31	23.2
CBDDTY010001540.1	1	27000	102	14528	53.8074	1.76333	31.2	32.5
CBDDTY010001541.1	1	27000	142	14866	55.0593	2.0907	29.9	19.5
CBDDTY010001542.1	1	27000	83	12141	44.9667	1.19911	29.7	22.2
CBDDTY010001543.1	1	26800	127	18986	70.8433	1.94138	30.1	35.5
CBDDTY010001544.1	1	27000	47	8244	30.5333	0.751852	31.1	27
CBDDTY010001545.1	1	27000	188	11883	44.0111	2.78156	31	37.7
CBDDTY010001546.1	1	27000	188	19415	71.9074	3.071	30.8	25.2
CBDDTY010001547.1	1	27000	92	13980	51.7778	1.38974	31	25.8
CBDDTY010001548.1	1	27000	120	18549	68.7	1.83993	31	46.5
CBDDTY010001549.1	1	27000	178	15588	57.7333	2.74426	30.2	31
CBDDTY010001550.1	1	26987	211	22934	84.9817	3.53359	30.7	28.3
CBDDTY010001551.1	1	26984	205	25119	93.0885	3.46602	30.4	50.4
CBDDTY010001552.1	1	26955	96	12113	44.9379	1.18939	30.4	14.7
CBDDTY010001553.1	1	26953	139	21275	78.9337	2.21782	30.4	49.7
CBDDTY010001554.1	1	26910	169	21956	81.5905	2.47124	30.7	44.1
CBDDTY010001555.1	1	26882	206	15902	59.1548	3.66245	30.2	15.4
CBDDTY010001556.1	1	26849	157	16415	61.1382	2.23595	31.1	32.1
CBDDTY010001557.1	1	26840	135	20196	75.2459	1.92865	30.9	26.2
CBDDTY010001558.1	1	26835	347	20535	76.5232	5.44602	29.5	34.3
CBDDTY010001559.1	1	26825	137	15122	56.3728	1.85499	30.6	18
CBDDTY010001560.1	1	26816	194	23412	87.3061	3.33838	31.1	40.9
CBDDTY010001561.1	1	26809	183	19725	73.576	2.78593	31	37.9
CBDDTY010001562.1	1	26805	106	16588	61.884	1.72908	31.1	49.8
CBDDTY010001563.1	1	26796	297	15444	57.6355	4.98761	30.4	19.5
CBDDTY010001564.1	1	26788	43	7548	28.1768	0.630879	31.4	20.7
CBDDTY010001565.1	1	26779	141	21003	78.4309	2.23108	30.7	51.1
CBDDTY010001566.1	1	26762	118	18884	70.5627	1.8351	31.2	35.2
CBDDTY010001567.1	1	26758	122	12286	45.9152	1.66279	31.5	30
CBDDTY010001568.1	1	26746	117	18636	69.6777	1.83141	31.5	36.1
CBDDTY010001569.1	1	26737	48	8062	30.153	0.696189	31.9	25.3
CBDDTY010001570.1	1	26732	95	10495	39.2601	1.31835	30.4	10.8
CBDDTY010001571.1	1	26721	108	7079	26.4923	1.24891	30.1	21
CBDDTY010001572.1	1	26717	189	22895	85.6945	2.89823	31.9	47.7
CBDDTY010001573.1	1	26697	188	20562	77.0199	2.91741	31.1	30.7
CBDDTY010001574.1	1	26673	112	13556	50.8229	1.7036	30.6	19.5
CBDDTY010001575.1	1	26667	165	17216	64.5592	2.78952	31.3	35.8
CBDDTY010001576.1	1	26660	216	25304	94.9137	3.70075	31.2	44
CBDDTY010001577.1	1	26657	136	21280	79.8289	2.1259	31.4	54.6
CBDDTY010001578.1	1	26651	197	14862	55.7653	3.01141	30.9	23.1
CBDDTY010001579.1	1	26640	106	17501	65.6944	1.7506	31.3	47.7
CBDDTY010001580.1	1	26629	158	19961	74.9596	2.48947	31.8	40
CBDDTY010001581.1	1	26623	155	22694	85.2421	2.65038	29.9	49.2
CBDDTY010001582.1	1	26616	206	19733	74.1396	3.10475	31.2	23.5
CBDDTY010001583.1	1	26597	162	20964	78.8209	2.60909	31.8	34.9
CBDDTY010001584.1	1	26597	179	14167	53.2654	3.19457	31.1	36.4
CBDDTY010001585.1	1	26592	159	19331	72.6948	2.37812	31	31.4
CBDDTY010001586.1	1	26586	314	13632	51.2751	5.09012	28.6	18.3
CBDDTY010001587.1	1	26577	296	17552	66.0421	4.19494	31.4	28.7
CBDDTY010001588.1	1	26574	101	14672	55.2119	1.4787	30.9	32.2
CBDDTY010001589.1	1	26566	150	22434	84.4463	2.29786	30.8	48.7
CBDDTY010001590.1	1	26564	15	2160	8.13131	0.148848	32	5.33
CBDDTY010001591.1	1	26548	172	17889	67.3836	2.77689	31.2	38.6
CBDDTY010001592.1	1	26535	144	20295	76.4839	2.15798	30.7	31.4
CBDDTY010001593.1	1	26529	108	9558	36.0285	1.45844	30.9	14.4
CBDDTY010001594.1	1	26514	201	22851	86.1847	3.16686	31.3	50.6
CBDDTY010001595.1	1	26508	120	11386	42.9531	1.94273	30.3	28.4
CBDDTY010001596.1	1	26506	115	19125	72.1535	2.0203	31.4	39.1
CBDDTY010001597.1	1	26467	27	5003	18.9028	0.311407	32.2	19.2
CBDDTY010001598.1	1	26464	184	17095	64.5972	2.94453	31	28.8
CBDDTY010001599.1	1	26458	79	14495	54.7849	1.2112	30.1	22.5
CBDDTY010001600.1	1	26455	113	17126	64.7363	1.67197	30.5	50.4
CBDDTY010001601.1	1	26448	278	22999	86.9593	4.20039	31.2	27.7
CBDDTY010001602.1	1	26444	20	6796	25.6996	0.347224	31.5	1.4
CBDDTY010001603.1	1	26436	114	16965	64.1739	1.6734	30.2	21.8
CBDDTY010001604.1	1	26428	98	16254	61.503	1.77494	31.3	46.8
CBDDTY010001605.1	1	26427	153	17383	65.7774	2.24426	31	27.2
CBDDTY010001606.1	1	26409	71	12520	47.4081	1.25185	29.6	35.7
CBDDTY010001607.1	1	26407	123	6627	25.0956	1.89408	30.8	29.5
CBDDTY010001608.1	1	26403	152	15851	60.0348	2.31512	31.2	23.3
CBDDTY010001609.1	1	26392	207	18236	69.0967	3.69604	31	35.4
CBDDTY010001610.1	1	26372	300	20001	75.8418	4.58801	30.6	18.3
CBDDTY010001611.1	1	26370	165	23816	90.3148	2.86849	30.4	52.2
CBDDTY010001612.1	1	26369	141	14735	55.88	2.05431	31.4	34.5
CBDDTY010001613.1	1	26368	350	18389	69.7398	5.62401	31.2	17
CBDDTY010001614.1	1	26365	106	12760	48.3975	1.61843	31	51.4
CBDDTY010001615.1	1	26352	202	21982	83.4168	3.19467	30.3	32.3
CBDDTY010001616.1	1	26332	132	15978	60.679	2.13873	30.2	29.8
CBDDTY010001617.1	1	26328	176	21655	82.2508	3.32866	31.3	55.1
CBDDTY010001618.1	1	26313	181	21735	82.6018	2.90575	30.5	41.7
CBDDTY010001619.1	1	26311	144	16572	62.9851	1.99111	30.5	30.8
CBDDTY010001620.1	1	26310	303	21298	80.9502	5.30889	30.6	19.7
CBDDTY010001621.1	1	26301	136	17636	67.0545	2.19288	30.6	20.8
CBDDTY010001622.1	1	26287	234	16878	64.2066	3.34279	30.5	25.5
CBDDTY010001623.1	1	26286	62	10556	40.1583	0.88549	31.1	14.5
CBDDTY010001624.1	1	26276	294	15553	59.1909	4.2119	30.7	15.3
CBDDTY010001625.1	1	26251	201	16669	63.4985	3.15215	31.4	17.9
CBDDTY010001626.1	1	26251	70	8344	31.7855	1.11512	30.3	5.46
CBDDTY010001627.1	1	26244	173	22982	87.5705	2.85018	30.8	46.2
CBDDTY010001628.1	1	26228	224	14394	54.8803	4.0689	30.5	20.2
CBDDTY010001629.1	1	26225	310	22022	83.9733	5.15146	31	27.3
CBDDTY010001630.1	1	26212	141	19845	75.7096	2.46154	30.5	37.2
CBDDTY010001631.1	1	26198	121	16433	62.7262	1.69738	30.6	27
CBDDTY010001632.1	1	26180	155	22892	87.4408	2.6927	31.1	47.4
CBDDTY010001633.1	1	26178	98	12458	47.5896	1.40015	31.3	25.5
CBDDTY010001634.1	1	26173	167	23887	91.2658	2.89661	30.7	54.5
CBDDTY010001635.1	1	26162	81	14319	54.7321	1.28148	30.8	42.6
CBDDTY010001636.1	1	26154	237	17008	65.0302	3.63967	30.1	20
CBDDTY010001637.1	1	26152	337	13763	52.627	4.58454	30.3	27.6
CBDDTY010001638.1	1	26140	150	20799	79.5677	2.59946	30.6	37.5
CBDDTY010001639.1	1	26137	91	12363	47.3008	1.19796	30.4	41.8
CBDDTY010001640.1	1	26135	107	14772	56.5219	1.47071	30.9	11.2
CBDDTY010001641.1	1	26131	187	15043	57.5676	3.3554	32	18.6
CBDDTY010001642.1	1	26109	71	8080	30.9472	0.794132	30.6	21.3
CBDDTY010001643.1	1	26097	114	13368	51.2243	1.89466	31.2	30
CBDDTY010001644.1	1	26088	205	13061	50.0652	3.38704	30.1	32.9
CBDDTY010001645.1	1	26085	198	13758	52.743	2.64558	29.3	11.9
CBDDTY010001646.1	1	26069	173	16185	62.0852	2.49392	31.1	41.5
CBDDTY010001647.1	1	26065	37	6262	24.0246	0.541531	29.4	2.81
CBDDTY010001648.1	1	26061	155	17581	67.461	2.27651	31	33.6
CBDDTY010001649.1	1	26061	23	3757	14.4162	0.216377	31.4	24
CBDDTY010001650.1	1	26040	64	11781	45.2419	0.976805	30.4	23.2
CBDDTY010001651.1	1	26018	110	13293	51.0916	1.61342	31.1	32.9
CBDDTY010001652.1	1	26000	93	10107	38.8731	1.24796	30.8	13.8
CBDDTY010001653.1	1	26000	189	24202	93.0846	3.39423	30.9	51
CBDDTY010001654.1	1	26000	47	4518	17.3769	0.582885	30.5	7.17
CBDDTY010001655.1	1	26000	79	16209	62.3423	1.26408	30.1	34.1
CBDDTY010001656.1	1	26000	201	10683	41.0885	2.86285	30.7	29.2
CBDDTY010001657.1	1	26000	254	20675	79.5192	4.14265	31.4	26.7
CBDDTY010001658.1	1	26000	132	14859	57.15	1.70569	31.3	23.3
CBDDTY010001659.1	1	26000	160	21889	84.1885	2.55338	31.3	41.6
CBDDTY010001660.1	1	26000	175	15345	59.0192	2.53588	31.3	27.9
CBDDTY010001661.1	1	25600	138	11250	43.9453	1.99867	30.9	23.4
CBDDTY010001662.1	1	26000	125	14674	56.4385	1.58562	31.6	26
CBDDTY010001663.1	1	26000	43	6384	24.5538	0.738346	31.3	12.2
CBDDTY010001664.1	1	26000	55	6900	26.5385	0.773769	32.5	30.7
CBDDTY010001665.1	1	26000	273	18988	73.0308	4.05619	30.8	23.3
CBDDTY010001666.1	1	26000	43	9214	35.4385	0.672308	31.5	38.7
CBDDTY010001667.1	1	26000	98	17145	65.9423	1.4155	30.8	34.9
CBDDTY010001668.1	1	26000	329	21368	82.1846	6.29854	32.2	5.12
CBDDTY010001669.1	1	26000	215	17377	66.8346	4.07577	31	30.6
CBDDTY010001670.1	1	26000	116	10974	42.2077	1.52862	30.4	12.2
CBDDTY010001671.1	1	25800	179	16968	65.7674	2.65492	31.4	18.2
CBDDTY010001672.1	1	25800	264	24659	95.5775	4.3514	31.2	38.1
CBDDTY010001673.1	1	26000	87	13154	50.5923	1.19742	30.3	32.8
CBDDTY010001674.1	1	26000	82	16074	61.8231	1.23231	29.8	26.2
CBDDTY010001675.1	1	26000	107	18340	70.5385	1.58688	32.1	45.7
CBDDTY010001676.1	1	26000	135	19104	73.4769	2.13004	31	48.4
CBDDTY010001677.1	1	25800	69	10031	38.8798	0.946628	31	7.64
CBDDTY010001678.1	1	26000	175	20166	77.5615	2.83254	30.8	41.8
CBDDTY010001679.1	1	26000	89	11910	45.8077	1.43312	31.7	34.4
CBDDTY010001680.1	1	25585	74	7669	29.9746	0.963494	30.8	15.2
CBDDTY010001681.1	1	25995	131	14724	56.6417	1.78588	31.1	28.6
CBDDTY010001682.1	1	25994	192	21739	83.6308	2.60433	32.3	37.7
CBDDTY010001683.1	1	25988	142	17344	66.7385	1.94055	30.9	16.1
CBDDTY010001684.1	1	25985	173	17612	67.7776	2.58611	30.7	26.9
CBDDTY010001685.1	1	25983	253	17288	66.5358	4.02479	30.7	23.9
CBDDTY010001686.1	1	25976	162	21385	82.326	2.72363	31.5	43.6
CBDDTY010001687.1	1	25960	153	19468	74.9923	2.46325	30.6	42.1
CBDDTY010001688.1	1	25959	62	9147	35.2363	0.810586	30.3	17.7
CBDDTY010001689.1	1	25959	7	2204	8.49031	0.0914134	35	47.6
CBDDTY010001690.1	1	25947	36	6630	25.5521	0.62539	32.7	37.7
CBDDTY010001691.1	1	25495	150	13908	54.5519	2.38733	30.7	14.6
CBDDTY010001692.1	1	25882	314	8300	32.0686	6.52376	30	13.9
CBDDTY010001693.1	1	25878	182	22230	85.9031	2.97994	31.3	48.4
CBDDTY010001694.1	1	25876	58	9552	36.9145	0.839658	29.8	13.5
CBDDTY010001695.1	1	25826	184	9915	38.3915	3.70352	27.7	17.3
CBDDTY010001696.1	1	25802	119	19732	76.4747	1.96989	30.1	50
CBDDTY010001697.1	1	25798	150	17965	69.6372	2.35173	30	39.4
CBDDTY010001698.1	1	25797	82	8478	32.8643	1.03516	31.6	14.4
CBDDTY010001699.1	1	25796	215	18544	71.8871	4.00279	31.6	12.9
CBDDTY010001700.1	1	25792	142	14918	57.8396	2.67129	30.6	23.4
CBDDTY010001701.1	1	25770	112	15919	61.7734	1.7839	30.8	32.7
CBDDTY010001702.1	1	25755	203	18874	73.2829	3.54215	31.2	26
CBDDTY010001703.1	1	25750	187	23244	90.268	3.29817	31	33.3
CBDDTY010001704.1	1	25743	8	1685	6.54547	0.081459	28.5	4.5
CBDDTY010001705.1	1	25732	145	21513	83.6041	2.3674	30.8	43.8
CBDDTY010001706.1	1	25731	216	14802	57.5259	3.50317	30.9	18.8
CBDDTY010001707.1	1	25729	228	24586	95.5575	3.5811	30.6	39.7
CBDDTY010001708.1	1	25722	150	9228	35.8759	2.37279	30.5	24.3
CBDDTY010001709.1	1	25714	148	20511	79.7659	2.28945	30.7	36.1
CBDDTY010001710.1	1	25711	107	7238	28.1514	1.53172	30	32.6
CBDDTY010001711.1	1	25696	101	13872	53.9851	1.37017	30.6	37.6
CBDDTY010001712.1	1	25672	311	13971	54.4212	5.21007	31.1	16.6
CBDDTY010001713.1	1	25650	177	17065	66.5302	2.78573	30.9	33.9
CBDDTY010001714.1	1	25650	283	20382	79.462	5.02678	30	34.8
CBDDTY010001715.1	1	25637	156	18119	70.6752	2.87861	30.9	30.9
CBDDTY010001716.1	1	25634	118	8517	33.2254	1.66708	31.7	11.8
CBDDTY010001717.1	1	25627	542	15413	60.1436	10.1293	32.5	8.1
CBDDTY010001718.1	1	25623	188	18091	70.6045	2.86157	31.6	27.7
CBDDTY010001719.1	1	25616	185	22143	86.4421	2.86747	30.4	49.4
CBDDTY010001720.1	1	25611	71	14337	55.9799	1.10734	31.9	7
CBDDTY010001721.1	1	25601	211	16970	66.2865	3.72247	30.6	50.2
CBDDTY010001722.1	1	25589	164	21411	83.6727	2.67392	30.5	49.4
CBDDTY010001723.1	1	25584	150	16470	64.3762	2.0815	30.3	34.7
CBDDTY010001724.1	1	25581	286	23792	93.0065	5.45823	30.3	36.3
CBDDTY010001725.1	1	25571	74	4472	17.4886	1.12944	31.5	28.1
CBDDTY010001727.1	1	25560	42	6118	23.9358	0.611189	30.6	25.7
CBDDTY010001728.1	1	25557	108	6987	27.3389	1.77259	31.6	10.7
CBDDTY010001729.1	1	25554	137	13682	53.5415	1.80524	30.9	16.8
CBDDTY010001730.1	1	25549	465	16900	66.1474	8.17081	31.3	19.4
CBDDTY010001731.1	1	25542	181	21224	83.0945	3.00979	30.3	42.1
CBDDTY010001732.1	1	25502	263	20625	80.876	4.36295	30.7	18.4
CBDDTY010001733.1	1	25493	149	19259	75.5462	2.4096	30	46.5
CBDDTY010001734.1	1	25488	184	22746	89.242	2.97999	31.2	45.2
CBDDTY010001735.1	1	25484	193	21793	85.5164	3.54018	30.6	48.9
CBDDTY010001736.1	1	25479	42	5843	22.9326	0.581655	30.8	8.74
CBDDTY010001737.1	1	25476	196	22656	88.9308	3.24706	31.6	42.5
CBDDTY010001738.1	1	25458	130	19617	77.0563	1.97223	31	49.6
CBDDTY010001739.1	1	25428	221	18817	74.0011	3.83774	30.2	10.9
CBDDTY010001740.1	1	25390	242	18377	72.3789	4.01942	31.2	25.2
CBDDTY010001741.1	1	25385	312	19756	77.8255	5.55986	31.5	19.3
CBDDTY010001742.1	1	25379	39	6095	24.0159	0.53761	29.7	19.3
CBDDTY010001743.1	1	25323	179	20128	79.4851	2.72251	30.9	40.4
CBDDTY010001744.1	1	25319	414	16482	65.0974	7.15249	31.2	19.9
CBDDTY010001745.1	1	25313	137	21394	84.5178	2.35665	31.4	35.1
CBDDTY010001746.1	1	25310	186	6860	27.1039	3.05456	32.3	12.1
CBDDTY010001747.1	1	25305	103	10890	43.035	1.43019	30.9	11.2
CBDDTY010001748.1	1	25292	140	23033	91.0683	2.59181	31.6	56
CBDDTY010001749.1	1	25285	69	12112	47.9019	1.03302	31.6	18.1
CBDDTY010001750.1	1	25282	127	16884	66.7827	1.92928	30.8	37.9
CBDDTY010001751.1	1	25269	144	16769	66.3619	2.44113	30.9	35.8
CBDDTY010001752.1	1	25269	129	19157	75.8123	2.45403	30.2	53.3
CBDDTY010001753.1	1	25256	87	13968	55.3057	1.2281	30.3	38.8
CBDDTY010001754.1	1	25239	175	21669	85.8552	3.04513	31.7	51.5
CBDDTY010001755.1	1	25231	144	17291	68.5308	2.0149	31.1	36.9
CBDDTY010001756.1	1	25227	46	8912	35.3272	0.702145	30.1	32.4
CBDDTY010001757.1	1	25219	201	21029	83.3855	3.85047	31.3	24.3
CBDDTY010001758.1	1	25211	196	20605	81.7302	3.18829	30.5	39.3
CBDDTY010001759.1	1	25199	110	14539	57.6967	1.93127	31.8	41
CBDDTY010001760.1	1	25198	97	11582	45.964	1.4627	30.3	12.4
CBDDTY010001761.1	1	25187	133	16337	64.8628	1.89165	30.6	19.7
CBDDTY010001762.1	1	25183	217	21563	85.6252	3.17575	31.3	41.3
CBDDTY010001763.1	1	25181	16	3096	12.295	0.371034	30.7	2.88
CBDDTY010001764.1	1	25164	150	21249	84.4421	2.51665	30.6	44.2
CBDDTY010001765.1	1	25150	210	16863	67.0497	4.15336	31	18
CBDDTY010001766.1	1	25141	134	9661	38.4273	2.27759	31.5	15.1
CBDDTY010001767.1	1	25138	142	14023	55.7841	2.46495	30	32.2
CBDDTY010001768.1	1	25125	180	19464	77.4687	2.89855	30.5	13.5
CBDDTY010001769.1	1	25122	461	12420	49.4387	7.88691	30	30.6
CBDDTY010001770.1	1	25120	82	9937	39.5581	1.19809	31.6	7.73
CBDDTY010001771.1	1	25102	207	15666	62.4094	3.16552	30.9	22.3
CBDDTY010001772.1	1	25098	66	7277	28.9943	0.766714	29.9	6.89
CBDDTY010001773.1	1	25083	174	21803	86.9234	3.02332	30.6	54
CBDDTY010001774.1	1	25071	192	14202	56.6471	3.48706	30.2	14.4
CBDDTY010001775.1	1	25065	80	11664	46.535	1.15368	29	13.1
CBDDTY010001776.1	1	25055	209	7869	31.4069	4.11986	30.8	24.8
CBDDTY010001777.1	1	25044	142	16077	64.195	2.16826	31.1	23.5
CBDDTY010001778.1	1	25040	98	14946	59.6885	1.48902	29.5	26.8
CBDDTY010001779.1	1	25024	91	18126	72.4345	1.54172	30.2	48.5
CBDDTY010001780.1	1	25013	130	19629	78.4752	1.96734	31.1	48
CBDDTY010001781.1	1	25011	174	21932	87.6894	2.98261	29.8	51
CBDDTY010001782.1	1	25008	133	16140	64.5393	2.31954	31.4	41.8
CBDDTY010001783.1	1	25000	36	8384	33.536	0.64396	31	28.7
CBDDTY010001784.1	1	25000	15	3236	12.944	0.24364	31.8	28.5
CBDDTY010001785.1	1	25000	17	1682	6.728	0.22528	29.4	7.41
CBDDTY010001786.1	1	25000	132	16370	65.48	1.9346	30.4	26.4
CBDDTY010001787.1	1	24800	207	13161	53.0685	3.53339	31	16.4
CBDDTY010001788.1	1	25000	174	19667	78.668	3.17668	30.6	42
CBDDTY010001789.1	1	25000	5	594	2.376	0.03928	33.3	0.8
CBDDTY010001790.1	1	24200	66	8448	34.9091	0.963678	30.7	33.5
CBDDTY010001791.1	1	25000	92	6721	26.884	1.37904	30.6	46.5
CBDDTY010001792.1	1	25000	305	24572	98.288	4.85804	31.6	43.6
CBDDTY010001793.1	1	25000	469	19902	79.608	8.809	29.4	12.2
CBDDTY010001794.1	1	25000	2	733	2.932	0.05044	36.9	20
CBDDTY010001795.1	1	25000	98	5154	20.616	1.46712	30	5.27
CBDDTY010001796.1	1	25000	177	18660	74.64	3.1512	30.3	25.2
CBDDTY010001797.1	1	25000	93	12324	49.296	1.39128	30.5	22.7
CBDDTY010001798.1	1	25000	90	11669	46.676	1.25072	31.9	35.7
CBDDTY010001799.1	1	25000	40	6257	25.028	0.61868	30.8	45.4
CBDDTY010001800.1	1	25000	2	586	2.344	0.02344	39.7	1
CBDDTY010001801.1	1	25000	171	17425	69.7	2.87988	31.5	40.8
CBDDTY010001802.1	1	25000	394	24519	98.076	7.5216	31.6	47.9
CBDDTY010001803.1	1	25000	54	4771	19.084	0.62136	30.6	3.35
CBDDTY010001804.1	1	25000	165	18624	74.496	2.45704	31.1	37
CBDDTY010001805.1	1	25000	250	22878	91.512	4.55972	30.1	45.6
CBDDTY010001806.1	1	25000	96	10678	42.712	1.31888	32.2	20.1
CBDDTY010001807.1	1	25000	45	4955	19.82	0.62208	31.1	22.8
CBDDTY010001808.1	1	25000	259	13571	54.284	4.15	29.7	42.4
CBDDTY010001809.1	1	25000	3539	22546	90.184	64.307	29.8	3.13
CBDDTY010001810.1	1	25000	136	21470	85.88	2.57352	31	55
CBDDTY010001811.1	1	25000	125	14157	56.628	1.94288	30.4	33.5
CBDDTY010001812.1	1	24994	169	18716	74.882	3.11675	29.5	35
CBDDTY010001813.1	1	24991	179	22451	89.8363	2.57185	31	47.6
CBDDTY010001814.1	1	24986	169	22249	89.0459	2.86544	30.8	42.7
CBDDTY010001815.1	1	24986	60	10955	43.8446	1.08613	31	30.6
CBDDTY010001816.1	1	24983	118	13432	53.7646	1.74146	30.1	32.5
CBDDTY010001818.1	1	24948	44	8376	33.5738	0.70687	31.3	39.9
CBDDTY010001819.1	1	24935	191	20679	82.9316	3.54097	30	49.8
CBDDTY010001820.1	1	24928	31	3976	15.9499	0.487323	30	32.4
CBDDTY010001821.1	1	24923	185	16193	64.9721	2.87999	30.2	11.1
CBDDTY010001822.1	1	24881	205	18503	74.366	3.14907	30.9	21.1
CBDDTY010001823.1	1	24878	178	17089	68.6912	2.67646	30.4	35.4
CBDDTY010001824.1	1	24843	10	2999	12.0718	0.262247	31.5	2.7
CBDDTY010001825.1	1	24835	107	14430	58.1035	1.54729	31.7	13.2
CBDDTY010001826.1	1	24814	86	7231	29.1408	1.28198	31.1	14.2
CBDDTY010001827.1	1	24799	118	15163	61.1436	1.77967	30.4	41.5
CBDDTY010001828.1	1	24799	107	11638	46.9293	1.67434	30.5	15.8
CBDDTY010001829.1	1	24788	151	18490	74.5925	2.69643	29.9	20.4
CBDDTY010001830.1	1	24787	180	12979	52.3621	2.92516	31.1	12.2
CBDDTY010001831.1	1	24758	700	20761	83.8557	14.5487	31.1	27.1
CBDDTY010001832.1	1	24752	280	16591	67.0289	4.48857	31.3	29.6
CBDDTY010001833.1	1	24750	75	12248	49.4869	1.21725	31	34.1
CBDDTY010001834.1	1	24726	398	24171	97.7554	7.07167	30.3	38.8
CBDDTY010001835.1	1	24720	97	12232	49.4822	1.65259	30.8	25.9
CBDDTY010001836.1	1	24708	144	19494	78.8975	2.24235	31.2	41.4
CBDDTY010001837.1	1	24707	15	1850	7.48776	0.216376	33.5	40.1
CBDDTY010001838.1	1	24698	104	13845	56.0572	1.85695	31.7	38.2
CBDDTY010001839.1	1	24689	82	8115	32.8689	1.16279	31.2	19.7
CBDDTY010001840.1	1	24683	109	13253	53.6928	1.66544	29.5	29.6
CBDDTY010001841.1	1	24665	64	6441	26.1139	0.908048	30.6	18.6
CBDDTY010001842.1	1	24661	140	12821	51.989	1.97559	30.8	24.4
CBDDTY010001843.1	1	24655	26	6131	24.8672	0.433421	32.3	28.8
CBDDTY010001844.1	1	24630	167	20104	81.624	2.84235	30.5	46.7
CBDDTY010001845.1	1	24629	168	19497	79.1628	2.88623	29.8	40.1
CBDDTY010001846.1	1	24627	94	11766	47.7768	1.17623	30.7	6.76
CBDDTY010001847.1	1	24626	37	4369	17.7414	0.504061	30.9	11.6
CBDDTY010001848.1	1	24618	167	10857	44.1019	3.45625	29.9	18.2
CBDDTY010001849.1	1	24613	119	10212	41.4903	2.02531	31	14.8
CBDDTY010001850.1	1	24611	284	18468	75.0396	4.89988	30.8	13.7
CBDDTY010001851.1	1	24610	81	15292	62.1373	1.34169	29.7	25.3
CBDDTY010001852.1	1	24598	153	16712	67.9405	2.78145	32	51.4
CBDDTY010001853.1	1	24590	91	15438	62.7816	1.54392	31.4	25.2
CBDDTY010001854.1	1	24585	191	20452	83.1889	3.10148	31.5	30.7
CBDDTY010001855.1	1	24584	76	15433	62.7766	1.39863	31.3	39.1
CBDDTY010001856.1	1	24576	120	17201	69.991	2.14482	30.5	44.2
CBDDTY010001857.1	1	24573	144	23396	95.2102	2.3665	31	49.8
CBDDTY010001858.1	1	24570	70	12441	50.6349	1.19202	30.3	29.8
CBDDTY010001859.1	1	24563	114	13727	55.8849	2.01502	31.3	32.2
CBDDTY010001860.1	1	24551	80	9215	37.5341	1.19844	29.8	13.1
CBDDTY010001861.1	1	24534	456	23867	97.2813	15.4155	32.3	2.86
CBDDTY010001862.1	1	24531	128	9247	37.6952	1.98129	30.6	18
CBDDTY010001863.1	1	24512	201	22503	91.804	3.88141	30.4	34.3
CBDDTY010001864.1	1	24503	61	9926	40.5093	0.983716	30.5	44.1
CBDDTY010001865.1	1	24470	35	7295	29.812	0.752554	28	23.9
CBDDTY010001866.1	1	24453	84	11138	45.5486	1.31477	30	25.1
CBDDTY010001867.1	1	24447	43	7968	32.593	0.644946	29.5	23
CBDDTY010001868.1	1	24442	128	12912	52.8271	1.9838	30.5	13
CBDDTY010001869.1	1	24436	782	21392	87.543	12.7189	30.4	19.3
CBDDTY010001870.1	1	24428	168	18212	74.5538	2.74939	31.1	46
CBDDTY010001871.1	1	24406	165	14194	58.1578	2.84983	30.7	19.5
CBDDTY010001872.1	1	24400	139	19721	80.8238	2.61885	30.6	41.9
CBDDTY010001873.1	1	24390	148	13907	57.0193	2.41013	30.3	14.1
CBDDTY010001874.1	1	24334	302	20439	83.9936	4.62805	30.2	16.5
CBDDTY010001875.1	1	24315	165	22362	91.9679	2.85149	30	45.8
CBDDTY010001876.1	1	24307	147	20924	86.0822	2.57736	31.1	45.3
CBDDTY010001877.1	1	24296	98	15905	65.4635	1.63492	30.7	42.4
CBDDTY010001878.1	1	24289	3	582	2.39615	0.0307135	33.5	5.67
CBDDTY010001879.1	1	24277	130	15465	63.7023	2.00235	31.6	32.8
CBDDTY010001880.1	1	24252	103	16397	67.6109	1.94883	31.5	37.1
CBDDTY010001881.1	1	24235	124	18668	77.0291	1.76975	30.7	53
CBDDTY010001882.1	1	24225	200	20089	82.9267	3.15315	30.3	34.2
CBDDTY010001883.1	1	24219	207	22579	93.2285	3.6985	30.5	43.3
CBDDTY010001884.1	1	24201	125	20634	85.2609	2.09388	30.4	46.2
CBDDTY010001885.1	1	24000	62	11746	48.9417	1.03992	30.5	32.8
CBDDTY010001886.1	1	24192	161	21167	87.4959	3.12426	31.5	51.6
CBDDTY010001887.1	1	24189	140	11413	47.1826	2.19517	30.8	13.9
CBDDTY010001888.1	1	24184	123	12022	49.7106	2.20526	29.9	31.6
CBDDTY010001889.1	1	24176	200	18431	76.2368	3.63253	29.8	41.7
CBDDTY010001890.1	1	24155	152	19690	81.5152	2.65937	31.2	34.8
CBDDTY010001891.1	1	24153	104	17180	71.1299	1.77121	31.1	33.4
CBDDTY010001892.1	1	24148	310	20721	85.8083	5.49499	30.3	27.9
CBDDTY010001893.1	1	24145	141	15517	64.2659	2.47902	31.1	1.21
CBDDTY010001894.1	1	24123	97	17478	72.4537	1.61137	31	31.8
CBDDTY010001895.1	1	24121	20	3903	16.1809	0.224079	31.4	19.5
CBDDTY010001896.1	1	24112	183	22458	93.1403	3.10422	31.1	45.2
CBDDTY010001897.1	1	24100	142	18638	77.3361	2.78959	30.5	38.5
CBDDTY010001898.1	1	24079	137	16558	68.7653	2.17484	30.9	47.1
CBDDTY010001899.1	1	24075	26	4257	17.6822	0.311319	29.1	10.8
CBDDTY010001900.1	1	24070	308	16793	69.7673	5.32327	30.6	34.3
CBDDTY010001901.1	1	24032	467	21059	87.629	8.37604	30.7	37.6
CBDDTY010001902.1	1	24022	134	16664	69.3697	2.11256	31	26.7
CBDDTY010001903.1	1	24020	33	5626	23.4221	0.547211	31.8	18.7
CBDDTY010001904.1	1	24013	76	12361	51.4763	1.27514	30.1	6.95
CBDDTY010001905.1	1	24011	315	22251	92.67	5.86048	31.1	31.5
CBDDTY010001906.1	1	24002	257	13999	58.3243	4.98604	31.5	14.2
CBDDTY010001907.1	1	24000	131	17918	74.6583	2.38829	31.4	49.3
CBDDTY010001908.1	1	24000	144	12373	51.5542	2.24492	30.1	11.9
CBDDTY010001909.1	1	24000	28	9916	41.3167	0.608292	31.4	27.5
CBDDTY010001911.1	1	24000	69	12215	50.8958	1.22296	31.5	29.3
CBDDTY010001912.1	1	24000	156	14437	60.1542	2.7815	29.9	24.4
CBDDTY010001913.1	1	24000	89	12546	52.275	1.54729	29.9	29.8
CBDDTY010001914.1	1	24000	148	10399	43.3292	2.71204	30.1	14.2
CBDDTY010001915.1	1	24000	17	2588	10.7833	0.3965	27.1	24.4
CBDDTY010001916.1	1	24000	86	12599	52.4958	1.31858	30.3	21
CBDDTY010001917.1	1	24000	154	16588	69.1167	2.96829	31.2	50.5
CBDDTY010001918.1	1	24000	14	2642	11.0083	0.204958	29.3	44.3
CBDDTY010001919.1	1	24000	285	20059	83.5792	5.31958	30	45.4
CBDDTY010001920.1	1	23800	84	13215	55.5252	1.39655	30.8	29.8
CBDDTY010001921.1	1	24000	16	4793	19.9708	0.278167	29.5	1.75
CBDDTY010001922.1	1	24000	84	11788	49.1167	1.40046	29.8	31.7
CBDDTY010001923.1	1	24000	96	11590	48.2917	1.57758	30.4	47.4
CBDDTY010001924.1	1	24000	172	14525	60.5208	3.32796	31.6	28.1
CBDDTY010001925.1	1	23669	85	8313	35.1219	1.35878	31.3	25.7
CBDDTY010001926.1	1	24000	66	8051	33.5458	0.963792	31.3	13.1
CBDDTY010001927.1	1	24000	31	3308	13.7833	0.430667	30.1	33.8
CBDDTY010001928.1	1	24000	104	7903	32.9292	1.64867	30.6	17.8
CBDDTY010001929.1	1	24000	133	9484	39.5167	1.83754	30.4	38.4
CBDDTY010001930.1	1	24000	194	19292	80.3833	3.39375	30.4	20.4
CBDDTY010001931.1	1	24000	201	20841	86.8375	3.59646	30	47.5
CBDDTY010001932.1	1	23998	73	14999	62.501	1.19656	30.6	38.7
CBDDTY010001933.1	1	23998	86	13630	56.7964	1.79657	29.5	0.442
CBDDTY010001934.1	1	23965	160	15067	62.8709	2.58469	30.1	33.3
CBDDTY010001935.1	1	23964	625	21281	88.804	11.6298	31.5	21.7
CBDDTY010001936.1	1	23963	70	7408	30.9143	0.970246	30.2	14.8
CBDDTY010001937.1	1	23959	75	9931	41.45	1.0904	29.4	20.3
CBDDTY010001938.1	1	23959	245	19250	80.3456	4.81097	30.6	30.9
CBDDTY010001939.1	1	23957	114	17008	70.9939	1.98335	30.1	6.52
CBDDTY010001940.1	1	23947	158	18247	76.1974	2.77371	30.4	44.6
CBDDTY010001941.1	1	23938	121	17053	71.2382	1.96153	30.9	21.7
CBDDTY010001942.1	1	23938	188	20210	84.4264	3.46767	30.4	49.1
CBDDTY010001943.1	1	23936	172	17857	74.6031	2.72481	30.7	26.5
CBDDTY010001944.1	1	23919	125	13277	55.5082	1.73644	31.2	15.2
CBDDTY010001945.1	1	23918	9	2725	11.3931	0.12731	30.9	12.2
CBDDTY010001946.1	1	23911	160	18561	77.6254	2.88528	31.6	34.5
CBDDTY010001947.1	1	23906	200	16691	69.8193	3.20576	30.6	40.5
CBDDTY010001948.1	1	23897	89	14711	61.56	1.50931	30.8	26.2
CBDDTY010001949.1	1	23882	177	20931	87.6434	3.47785	30.8	41.4
CBDDTY010001950.1	1	23879	265	19722	82.5914	3.93107	30.5	31.2
CBDDTY010001951.1	1	23865	125	19643	82.3088	2.24127	31	54.8
CBDDTY010001952.1	1	23847	62	11688	49.0125	1.05753	30.9	20.8
CBDDTY010001953.1	1	23843	96	16420	68.8672	1.49352	31.3	33.9
CBDDTY010001954.1	1	23819	176	18819	79.0084	3.02028	31.6	38.6
CBDDTY010001955.1	1	23814	41	6800	28.5546	0.856807	29.3	16.6
CBDDTY010001956.1	1	23806	126	18305	76.8924	1.94791	30	27.6
CBDDTY010001957.1	1	23791	197	12110	50.9016	3.97108	31.2	7.06
CBDDTY010001958.1	1	23783	81	12658	53.2229	1.34087	31.7	9.74
CBDDTY010001959.1	1	23771	57	10432	43.8854	1.13559	31.3	22.7
CBDDTY010001960.1	1	23770	191	19093	80.3239	3.26386	30.2	40
CBDDTY010001961.1	1	23763	119	18242	76.7664	2.25712	30.6	39.6
CBDDTY010001962.1	1	23751	123	14432	60.7638	1.75433	30.4	18.1
CBDDTY010001963.1	1	23735	192	16676	70.2591	3.91797	30.2	42.3
CBDDTY010001964.1	1	23713	55	9629	40.6064	0.806941	31	17.9
CBDDTY010001965.1	1	23712	21	1409	5.94214	0.247891	28.9	4.43
CBDDTY010001966.1	1	23705	129	16535	69.7532	2.64489	30.7	32.2
CBDDTY010001967.1	1	23685	154	16103	67.9882	2.61262	30.8	32.4
CBDDTY010001968.1	1	23679	315	21745	91.8324	5.42312	31.7	30.9
CBDDTY010001969.1	1	23678	199	17499	73.904	3.67903	30.8	36.9
CBDDTY010001970.1	1	23661	124	12878	54.4271	2.01813	31.7	33.8
CBDDTY010001971.1	1	23597	109	14503	61.4612	1.99517	30.8	48.9
CBDDTY010001972.1	1	23589	252	15415	65.3483	4.41104	29.9	9.78
CBDDTY010001973.1	1	23585	143	18716	79.3555	2.47551	30.5	52.7
CBDDTY010001974.1	1	23567	72	12926	54.8479	1.12908	30.8	32.7
CBDDTY010001975.1	1	23562	153	18054	76.6234	2.65915	30.5	41.5
CBDDTY010001976.1	1	23549	242	20068	85.2181	4.43238	31	34.3
CBDDTY010001977.1	1	23542	66	7679	32.6183	1.17581	30.5	16.5
CBDDTY010001978.1	1	23527	197	14280	60.6962	3.91992	29.7	23.1
CBDDTY010001979.1	1	23525	68	8559	36.3826	0.97594	30.5	25.6
CBDDTY010001980.1	1	23513	76	12559	53.413	1.31268	30.2	26.5
CBDDTY010001981.1	1	23503	215	18231	77.5688	3.93001	30.8	44.8
CBDDTY010001982.1	1	23490	241	21737	92.5372	4.71405	29.8	50.3
CBDDTY010001983.1	1	23478	121	16924	72.0845	1.9707	32.3	51.3
CBDDTY010001984.1	1	23477	104	13921	59.2963	1.59479	29.5	27.7
CBDDTY010001985.1	1	23461	88	9347	39.8406	1.39465	30.9	11.6
CBDDTY010001986.1	1	23459	119	15391	65.6081	2.1191	31.1	35.3
CBDDTY010001987.1	1	23456	195	15813	67.4156	3.296	29.8	36.5
CBDDTY010001988.1	1	23436	112	15214	64.9172	1.85595	30.5	16.2
CBDDTY010001989.1	1	23431	109	14321	61.1199	1.82156	31.5	21.5
CBDDTY010001990.1	1	23427	197	20625	88.0394	3.61369	29.9	49.4
CBDDTY010001991.1	1	23426	83	8839	37.7316	1.12076	31.4	25.2
CBDDTY010001992.1	1	23426	137	15315	65.3761	2.74533	30.1	17.5
CBDDTY010001993.1	1	23424	119	16176	69.0574	1.97673	30.6	38.9
CBDDTY010001994.1	1	23424	74	7193	30.7078	1.12346	32.3	30.1
CBDDTY010001995.1	1	23406	139	21534	92.0021	2.60523	31.6	49.8
CBDDTY010001996.1	1	23396	82	5784	24.7222	1.33566	29.9	23.3
CBDDTY010001997.1	1	23395	117	9850	42.103	1.69737	32.2	15.4
CBDDTY010001998.1	1	23386	170	11996	51.2956	2.68443	30.7	8.58
CBDDTY010001999.1	1	23384	167	21757	93.0423	3.00761	31	47.8
CBDDTY010002000.1	1	23381	205	19759	84.5088	3.50002	30.4	36.8
CBDDTY010002001.1	1	23364	38	5268	22.5475	0.62164	31.1	21.4
CBDDTY010002002.1	1	23327	139	10403	44.5964	2.321	31	13.9
CBDDTY010002003.1	1	23326	75	10954	46.9605	1.25418	29.6	37.5
CBDDTY010002004.1	1	23324	94	12534	53.7386	1.67849	30.4	11.3
CBDDTY010002005.1	1	23306	87	13496	57.9078	1.7405	30.4	13.7
CBDDTY010002006.1	1	23304	115	11483	49.2748	1.69507	30.6	21
CBDDTY010002007.1	1	23298	88	9218	39.5656	1.92772	31.7	14
CBDDTY010002008.1	1	23285	217	20068	86.1842	4.16105	30.9	40.1
CBDDTY010002009.1	1	23270	127	15387	66.1238	2.35217	30.1	48.2
CBDDTY010002010.1	1	23268	149	18687	80.312	3.02751	30.9	55.2
CBDDTY010002011.1	1	23246	85	10145	43.6419	1.2951	31	16.3
CBDDTY010002012.1	1	23243	86	10804	46.4828	1.41178	30	29.2
CBDDTY010002013.1	1	23241	138	20220	87.0014	2.73956	31.1	50.4
CBDDTY010002014.1	1	23226	122	16627	71.5879	2.18733	30.6	49.9
CBDDTY010002015.1	1	23220	150	17251	74.2937	2.86934	30.9	25.2
CBDDTY010002016.1	1	23210	89	13590	58.5523	1.51129	30.6	43.5
CBDDTY010002017.1	1	23200	138	20375	87.8233	2.75728	32	51.1
CBDDTY010002018.1	1	23200	186	18624	80.2759	3.26513	30.8	38.8
CBDDTY010002019.1	1	23194	147	9483	40.8856	2.28805	30.2	18.8
CBDDTY010002020.1	1	23187	97	11998	51.7445	1.53901	31.3	30.7
CBDDTY010002021.1	1	23187	581	20380	87.8941	12.6883	31	34.9
CBDDTY010002022.1	1	23184	106	13796	59.5066	1.63634	30.9	31.9
CBDDTY010002023.1	1	23179	150	20034	86.4317	2.74615	29.9	49
CBDDTY010002024.1	1	23166	136	19866	85.755	2.51023	31.1	54.5
CBDDTY010002025.1	1	23160	123	15819	68.3031	2.21313	31.3	29
CBDDTY010002026.1	1	23133	144	18162	78.5112	2.37587	29.7	48.2
CBDDTY010002027.1	1	23128	36	6455	27.9099	0.633258	31.9	20.1
CBDDTY010002028.1	1	23127	77	9790	42.3315	1.24694	30.9	36
CBDDTY010002029.1	1	23116	92	10789	46.6733	1.57847	30.1	40
CBDDTY010002030.1	1	23114	210	19175	82.9584	3.62659	30.9	41.9
CBDDTY010002031.1	1	23099	108	14202	61.4832	1.92991	30.7	51.3
CBDDTY010002032.1	1	23090	137	20777	89.9827	2.76349	30.7	54.3
CBDDTY010002033.1	1	23074	130	13951	60.462	2.23156	31.3	31
CBDDTY010002034.1	1	23068	184	20197	87.5542	3.88265	30.4	50.7
CBDDTY010002035.1	1	23061	187	16208	70.2832	3.21252	31.1	20.3
CBDDTY010002036.1	1	23032	227	17051	74.0318	4.28282	30.2	24.8
CBDDTY010002037.1	1	23027	155	17364	75.4071	2.61515	30.6	34.2
CBDDTY010002038.1	1	23009	122	13750	59.7592	2.08158	30.9	36.7
CBDDTY010002039.1	1	22800	84	16537	72.5307	1.90395	32.6	31.5
CBDDTY010002040.1	1	23000	152	13234	57.5391	3.03396	30.7	14.8
CBDDTY010002041.1	1	23000	62	8003	34.7957	0.991391	31.5	18.6
CBDDTY010002042.1	1	23000	27	4641	20.1783	0.475696	30.6	3.04
CBDDTY010002043.1	1	23000	113	12369	53.7783	2.14239	30.5	21.6
CBDDTY010002044.1	1	23000	89	13818	60.0783	1.59374	30	33.7
CBDDTY010002045.1	1	23000	132	14292	62.1391	2.34804	30.7	33.3
CBDDTY010002046.1	1	23000	164	16947	73.6826	2.63361	30.3	32.5
CBDDTY010002048.1	1	23000	9	2374	10.3217	0.148957	30.9	48.6
CBDDTY010002049.1	1	22393	132	16617	74.2062	2.3995	30.4	41.9
CBDDTY010002050.1	1	23000	155	7655	33.2826	2.58752	31.4	7.23
CBDDTY010002051.1	1	23000	191	15221	66.1783	3.52526	30.4	24.6
CBDDTY010002052.1	1	23000	124	9924	43.1478	1.99113	30.9	23.2
CBDDTY010002053.1	1	23000	47	5579	24.2565	0.686087	31	9.04
CBDDTY010002054.1	1	23000	86	9073	39.4478	1.40991	29.1	28.1
CBDDTY010002055.1	1	23000	86	14248	61.9478	1.46752	30	28.1
CBDDTY010002056.1	1	23000	51	2755	11.9783	0.482957	31.5	19.1
CBDDTY010002057.1	1	23000	49	7488	32.5565	1.42896	30.5	1.55
CBDDTY010002058.1	1	23000	137	17845	77.587	2.34926	31.3	40.8
CBDDTY010002059.1	1	23000	18	1828	7.94783	0.288478	32.1	53.4
CBDDTY010002060.1	1	23000	148	8440	36.6957	2.697	29.8	8.23
CBDDTY010002061.1	1	23000	323	17552	76.313	5.77391	31.4	25.9
CBDDTY010002062.1	1	23000	30	4938	21.4696	0.428	33.3	20
CBDDTY010002063.1	1	22800	49	2924	12.8246	0.680658	33.2	8.78
CBDDTY010002064.1	1	23000	76	10164	44.1913	1.42365	30.7	34.2
CBDDTY010002065.1	1	23000	126	10170	44.2174	2.23209	31.5	7.98
CBDDTY010002066.1	1	23000	257	16139	70.1696	4.32013	30.2	34.1
CBDDTY010002067.1	1	23000	111	14338	62.3391	1.94078	30.9	23.9
CBDDTY010002068.1	1	23000	165	8660	37.6522	2.55987	30.8	12.8
CBDDTY010002069.1	1	23000	132	12213	53.1	2.858	31	19.3
CBDDTY010002070.1	1	23000	176	11955	51.9783	2.7403	31	11.3
CBDDTY010002071.1	1	22999	97	16480	71.6553	1.92504	31.8	48.3
CBDDTY010002072.1	1	22989	133	19030	82.7787	2.58737	31.2	52.3
CBDDTY010002073.1	1	22978	50	4378	19.053	0.848594	30.5	10.6
CBDDTY010002074.1	1	22953	111	14032	61.1336	2.20285	31.6	42.9
CBDDTY010002075.1	1	22931	49	4763	20.771	0.608652	29.7	23.8
CBDDTY010002076.1	1	22927	176	19397	84.6033	3.45248	31.3	34.4
CBDDTY010002077.1	1	22927	128	6523	28.4512	2.63135	29.7	2.33
CBDDTY010002078.1	1	22926	69	10068	43.9152	1.13513	31.4	20.1
CBDDTY010002079.1	1	22926	76	12434	54.2354	1.2621	31	30.2
CBDDTY010002080.1	1	22898	142	15976	69.7703	2.25994	30.8	23.5
CBDDTY010002081.1	1	22893	22	4706	20.5565	0.418469	28.3	12.5
CBDDTY010002082.1	1	22893	143	15928	69.5759	2.44201	30.9	35.9
CBDDTY010002083.1	1	22852	98	16322	71.4248	1.65789	30.6	46.2
CBDDTY010002084.1	1	22852	82	13504	59.0933	1.37489	30.5	19.7
CBDDTY010002085.1	1	22834	85	10104	44.2498	1.20233	30.3	20.9
CBDDTY010002086.1	1	22820	374	19196	84.1192	7.46665	30	25.9
CBDDTY010002087.1	1	22816	160	20554	90.0859	3.32521	30.7	45.8
CBDDTY010002088.1	1	22803	198	11820	51.8353	3.56488	30.6	7.63
CBDDTY010002089.1	1	22791	148	21035	92.2952	3.0588	30.8	48.2
CBDDTY010002090.1	1	22791	89	16978	74.4943	1.67452	29.8	43
CBDDTY010002091.1	1	22776	139	14299	62.781	2.33926	30.5	32.1
CBDDTY010002092.1	1	22776	134	11833	51.9538	2.52353	30.9	3.03
CBDDTY010002093.1	1	22775	39	6509	28.5796	0.560746	31.3	11.7
CBDDTY010002094.1	1	22773	27	3753	16.48	0.384622	30.4	39.7
CBDDTY010002095.1	1	22760	141	18138	79.6924	2.692	30.8	50
CBDDTY010002096.1	1	22756	78	11393	50.0659	1.12124	31	32.1
CBDDTY010002097.1	1	22751	213	17335	76.1945	4.12808	30.1	28.3
CBDDTY010002098.1	1	22751	159	18956	83.3194	2.94844	31.4	40.9
CBDDTY010002099.1	1	22729	201	21767	95.7675	4.02099	30.6	43.6
CBDDTY010002100.1	1	22725	66	11283	49.6502	1.21465	30.8	40
CBDDTY010002101.1	1	22723	299	19878	87.4796	5.98209	31.1	26.1
CBDDTY010002102.1	1	22715	149	19415	85.4722	3.06722	31	28.3
CBDDTY010002103.1	1	22687	125	8781	38.705	2.47596	31	19.1
CBDDTY010002104.1	1	22674	163	12510	55.1733	2.88057	30.1	28.4
CBDDTY010002105.1	1	22644	94	13052	57.64	1.63346	30.5	33.4
CBDDTY010002106.1	1	22639	34	5097	22.5142	0.487522	30.8	28
CBDDTY010002107.1	1	22634	118	16478	72.802	2.25046	30.5	52.4
CBDDTY010002108.1	1	22618	141	6851	30.29	2.41418	31.5	14.6
CBDDTY010002109.1	1	22610	37	4586	20.2831	0.599248	30.2	17.3
CBDDTY010002110.1	1	22592	132	16739	74.0926	2.21543	30.3	26
CBDDTY010002111.1	1	22590	116	16817	74.4444	2.21226	31	28.4
CBDDTY010002112.1	1	22586	181	20019	88.6346	3.54813	31.3	33.7
CBDDTY010002113.1	1	22578	66	9540	42.2535	1.1877	30.9	31.7
CBDDTY010002114.1	1	22575	152	12115	53.6656	2.59198	31	12.2
CBDDTY010002115.1	1	22573	111	10005	44.3229	1.63004	31	20.5
CBDDTY010002116.1	1	22573	92	11832	52.4166	1.4909	30.4	11.7
CBDDTY010002117.1	1	22558	157	18181	80.5967	3.14953	31	23.2
CBDDTY010002118.1	1	22533	145	20398	90.525	2.7154	30.1	45.6
CBDDTY010002119.1	1	22533	34	5596	24.8347	0.465939	31.3	42.3
CBDDTY010002120.1	1	22524	101	18234	80.9536	2.02944	29.7	38.9
CBDDTY010002121.1	1	22510	388	15364	68.2541	7.80227	31.6	23.8
CBDDTY010002122.1	1	22498	361	18327	81.4606	6.89492	30.4	24.5
CBDDTY010002123.1	1	22494	58	8897	39.5528	0.950253	32	21.3
CBDDTY010002124.1	1	22472	179	6265	27.8791	3.87958	30	21.5
CBDDTY010002125.1	1	22451	238	17295	77.0344	4.89203	32.6	30
CBDDTY010002126.1	1	22448	115	13387	59.6356	2.02695	32.2	37
CBDDTY010002127.1	1	22447	132	15601	69.5015	2.28788	30.4	19.6
CBDDTY010002128.1	1	22446	288	20879	93.0188	5.94222	30.5	41
CBDDTY010002129.1	1	22444	182	18732	83.4611	2.90127	30.4	47.7
CBDDTY010002130.1	1	22442	131	14842	66.1349	2.24396	31.3	30.8
CBDDTY010002131.1	1	22416	77	7592	33.8687	1.32031	31.1	12.3
CBDDTY010002132.1	1	22402	130	15543	69.3822	2.31453	30.9	39.3
CBDDTY010002133.1	1	22394	328	11580	51.7103	6.20224	31.3	22.3
CBDDTY010002134.1	1	22384	104	14250	63.6615	1.85512	29.3	39
CBDDTY010002135.1	1	22352	229	18047	80.74	4.38041	30.8	28
CBDDTY010002136.1	1	22314	104	16709	74.8812	1.83141	31	46.5
CBDDTY010002137.1	1	22310	254	15611	69.9731	4.89381	30.4	18.8
CBDDTY010002138.1	1	22307	38	8822	39.5481	0.671986	30.4	15.8
CBDDTY010002139.1	1	22307	151	20563	92.1818	3.02578	31	52.7
CBDDTY010002140.1	1	22305	377	15686	70.325	7.66151	31.2	8.02
CBDDTY010002141.1	1	22298	147	17456	78.285	3.21491	30.2	51.6
CBDDTY010002142.1	1	22296	89	11716	52.5475	1.96466	30.3	21.8
CBDDTY010002143.1	1	22295	30	7150	32.07	0.427674	32.6	0.133
CBDDTY010002144.1	1	22294	133	18628	83.5561	2.30134	30.6	47.4
CBDDTY010002145.1	1	22292	255	9899	44.4061	3.95694	30.6	8.65
CBDDTY010002146.1	1	22285	105	13978	62.7238	1.95342	30.8	23.3
CBDDTY010002147.1	1	22282	131	13716	61.5564	2.22269	29.8	38.9
CBDDTY010002148.1	1	22276	124	17506	78.5868	2.44083	30.9	49.5
CBDDTY010002149.1	1	22256	47	6978	31.3533	0.841032	31.6	9.6
CBDDTY010002150.1	1	22249	153	18533	83.2981	2.80413	30.5	46.4
CBDDTY010002151.1	1	22234	103	16491	74.1702	2.11271	30	47.3
CBDDTY010002152.1	1	22231	134	13796	62.0575	2.61963	30.8	24.2
CBDDTY010002153.1	1	22216	34	5126	23.0735	0.546363	30.3	13.5
CBDDTY010002154.1	1	22216	100	15425	69.4319	2.01728	30.9	39.4
CBDDTY010002155.1	1	22211	131	17769	80.0009	2.74143	30.5	52.9
CBDDTY010002156.1	1	22198	91	8825	39.7558	1.6237	30.8	22.3
CBDDTY010002157.1	1	22183	37	7073	31.8848	0.519587	31	25.1
CBDDTY010002158.1	1	22166	39	6628	29.9017	0.50212	30.1	8.69
CBDDTY010002159.1	1	22154	83	10921	49.2958	1.60427	31.1	37.6
CBDDTY010002160.1	1	22139	158	17427	78.7163	2.86458	30.1	24
CBDDTY010002161.1	1	22136	188	16817	75.9713	3.69014	29.9	42.9
CBDDTY010002162.1	1	22099	117	16651	75.3473	2.02611	30.8	38.1
CBDDTY010002163.1	1	22095	319	7161	32.41	6.71048	30.5	49.3
CBDDTY010002164.1	1	22059	120	16006	72.56	2.35274	30.9	19.6
CBDDTY010002165.1	1	22055	120	10941	49.6078	2.39479	31.3	10.8
CBDDTY010002166.1	1	22052	90	14675	66.5473	1.59364	31.3	22.7
CBDDTY010002167.1	1	22046	75	10943	49.6371	1.48186	30.3	8.49
CBDDTY010002168.1	1	22044	168	10496	47.6139	2.70173	31.5	30.6
CBDDTY010002169.1	1	22035	136	16333	74.123	2.67987	30.7	35.2
CBDDTY010002170.1	1	22011	42	5854	26.5958	0.588524	28.8	13.7
CBDDTY010002171.1	1	22004	69	8580	38.9929	1.28813	32	32.1
CBDDTY010002172.1	1	22003	148	14696	66.7909	3.1019	30.4	33.5
CBDDTY010002173.1	1	22000	96	12613	57.3318	1.78509	32.1	14.1
CBDDTY010002174.1	1	22000	113	11959	54.3591	2.121	30.4	20.5
CBDDTY010002175.1	1	22000	54	7153	32.5136	1.34864	29.7	15.2
CBDDTY010002176.1	1	22000	71	11054	50.2455	1.07164	29.5	12.2
CBDDTY010002177.1	1	22000	39	5467	24.85	0.730182	30.6	30.2
CBDDTY010002178.1	1	22000	113	15427	70.1227	1.89864	31.1	33.3
CBDDTY010002179.1	1	22000	370	21885	99.4773	7.74409	30.9	47.8
CBDDTY010002180.1	1	22000	121	12567	57.1227	1.96995	30.6	26.9
CBDDTY010002181.1	1	22000	40	4175	18.9773	0.786818	31.7	15.2
CBDDTY010002182.1	1	21777	74	9494	43.5965	1.39794	31.1	14.8
CBDDTY010002183.1	1	22000	20	1761	8.00455	0.349136	31.6	7.15
CBDDTY010002184.1	1	22000	86	10458	47.5364	1.487	30.6	13.9
CBDDTY010002185.1	1	22000	73	10702	48.6455	1.21441	30.4	12.8
CBDDTY010002186.1	1	22000	162	18297	83.1682	3.28809	30.1	34.2
CBDDTY010002187.1	1	22000	44	8491	38.5955	0.759045	30.7	13.9
CBDDTY010002188.1	1	22000	163	16671	75.7773	3.063	30.8	36.5
CBDDTY010002189.1	1	22000	129	14379	65.3591	2.37368	30.3	47.1
CBDDTY010002190.1	1	22000	99	11648	52.9455	1.66809	30.2	22.6
CBDDTY010002191.1	1	22000	306	18913	85.9682	6.07491	30.4	38.1
CBDDTY010002192.1	1	22000	186	18019	81.9045	3.75359	29.9	33.6
CBDDTY010002193.1	1	22000	185	18657	84.8045	3.83573	30.7	25.8
CBDDTY010002194.1	1	22000	150	16262	73.9182	2.59668	29.5	19.5
CBDDTY010002195.1	1	22000	24	3304	15.0182	0.366727	30.8	22.6
CBDDTY010002196.1	1	22000	11	665	3.02273	0.153955	32.7	7.36
CBDDTY010002197.1	1	22000	69	9407	42.7591	1.26923	30.4	40
CBDDTY010002198.1	1	22000	111	15054	68.4273	1.88323	30.9	39.9
CBDDTY010002199.1	1	22000	1	157	0.713636	0.00713636	26.6	9
CBDDTY010002200.1	1	21800	125	15305	70.2064	2.68174	29.3	16.4
CBDDTY010002201.1	1	22000	41	6036	27.4364	0.659955	31.5	6
CBDDTY010002202.1	1	22000	141	13179	59.9045	2.36536	30.6	16.7
CBDDTY010002203.1	1	22000	140	20341	92.4591	2.69664	31.3	51.4
CBDDTY010002204.1	1	22000	52	8120	36.9091	0.843636	30.5	23.3
CBDDTY010002205.1	1	22000	9	1192	5.41818	0.119364	30.4	7.44
CBDDTY010002206.1	1	22000	107	10605	48.2045	1.84986	30.5	22.7
CBDDTY010002207.1	1	21998	127	18106	82.3075	3.16342	30.3	33.2
CBDDTY010002208.1	1	21996	115	12486	56.7649	1.78337	30.9	21.8
CBDDTY010002209.1	1	21994	65	11244	51.123	1.14813	30.6	32.9
CBDDTY010002210.1	1	21960	105	12311	56.061	1.65091	30.1	16.2
CBDDTY010002211.1	1	21951	185	15560	70.8852	3.50863	30.8	23.4
CBDDTY010002212.1	1	21950	109	12015	54.738	2.13057	31.1	25.3
CBDDTY010002213.1	1	21946	182	14554	66.3173	3.38873	30.6	18.7
CBDDTY010002214.1	1	21917	79	10625	48.4784	1.26171	30.4	19
CBDDTY010002215.1	1	21885	210	18385	84.0073	4.00123	30.4	26.4
CBDDTY010002216.1	1	21851	123	12211	55.883	2.80372	31.1	28.5
CBDDTY010002217.1	1	21847	116	16072	73.5662	2.01973	30.3	29.7
CBDDTY010002218.1	1	21840	145	19515	89.3544	2.81035	30.3	46.1
CBDDTY010002219.1	1	21830	225	17156	78.5891	3.96207	31.4	33.9
CBDDTY010002220.1	1	21805	168	18242	83.6597	3.0116	31.3	38.3
CBDDTY010002221.1	1	21805	31	3749	17.1933	0.392204	32.5	10.9
CBDDTY010002222.1	1	21795	143	15858	72.7598	2.63129	31.7	36.3
CBDDTY010002223.1	1	21791	67	9302	42.6873	1.26598	31.6	13.5
CBDDTY010002224.1	1	21782	58	6228	28.5924	0.790928	29.3	11.2
CBDDTY010002225.1	1	21777	129	11915	54.7137	2.4564	31.2	13.1
CBDDTY010002226.1	1	21771	149	17919	82.3067	3.03096	30.3	41.5
CBDDTY010002227.1	1	21764	36	5020	23.0656	0.42097	29.2	8.67
CBDDTY010002228.1	1	21750	151	17591	80.8782	2.80823	32.1	43.9
CBDDTY010002229.1	1	21748	181	16604	76.3473	3.24926	30.4	21.3
CBDDTY010002230.1	1	21738	304	15977	73.498	5.43371	30.3	18
CBDDTY010002231.1	1	21719	156	20101	92.5503	3.02463	31	42.9
CBDDTY010002232.1	1	21702	117	12990	59.8562	2.07783	30.2	43.1
CBDDTY010002233.1	1	21699	162	18587	85.6583	2.79547	30.1	27.4
CBDDTY010002234.1	1	21693	80	11130	51.3069	1.27295	30.5	22.7
CBDDTY010002235.1	1	21691	131	19248	88.7373	2.64626	30.3	48.8
CBDDTY010002236.1	1	21686	142	19037	87.7847	2.41709	30.8	43.3
CBDDTY010002237.1	1	21662	191	17821	82.2685	3.77306	30.4	36.1
CBDDTY010002238.1	1	21661	181	16121	74.4241	3.35271	30.7	38.7
CBDDTY010002239.1	1	21659	119	14949	69.0198	2.18893	30	34.4
CBDDTY010002240.1	1	21644	66	13958	64.489	1.58991	31.1	43.5
CBDDTY010002241.1	1	21634	151	18200	84.1268	2.59402	29.9	40.3
CBDDTY010002242.1	1	21633	53	8333	38.5199	0.912911	29.7	2.83
CBDDTY010002243.1	1	21633	131	18870	87.2278	2.63246	31	54.3
CBDDTY010002244.1	1	21632	57	10137	46.8611	1.0741	30	33.9
CBDDTY010002245.1	1	21620	159	14147	65.4348	3.16064	31.5	43.1
CBDDTY010002246.1	1	21613	47	6777	31.3561	0.909545	31.4	31
CBDDTY010002247.1	1	21604	136	13909	64.3816	2.33378	31.7	36.2
CBDDTY010002248.1	1	21604	200	16864	78.0596	4.31906	30.7	31.7
CBDDTY010002249.1	1	21601	162	19224	88.9959	3.1812	30.5	44.8
CBDDTY010002250.1	1	21597	308	17131	79.3212	5.60758	30.5	41.6
CBDDTY010002251.1	1	21580	173	19349	89.6617	3.03614	30.7	38.1
CBDDTY010002252.1	1	21567	129	19126	88.6818	2.91904	31	49.4
CBDDTY010002253.1	1	21557	166	19755	91.6408	3.4123	30.4	53.3
CBDDTY010002254.1	1	21532	45	5657	26.2725	0.628646	30.8	12.2
CBDDTY010002255.1	1	21529	181	16056	74.5785	3.62497	31	39.1
CBDDTY010002256.1	1	21501	230	18373	85.4518	4.48672	30.7	42.9
CBDDTY010002257.1	1	21499	27	3306	15.3775	0.34997	28.7	7.93
CBDDTY010002258.1	1	21490	275	16243	75.584	4.96426	31	24.8
CBDDTY010002259.1	1	21488	169	15121	70.3695	2.9772	31.3	25.2
CBDDTY010002260.1	1	21487	80	13965	64.9928	1.68595	31	50.9
CBDDTY010002261.1	1	21483	117	16506	76.8328	2.26556	31.5	46.3
CBDDTY010002262.1	1	21474	256	20816	96.9358	5.03502	30.2	41.6
CBDDTY010002263.1	1	21468	143	10806	50.3354	2.38546	30.8	23.2
CBDDTY010002264.1	1	21462	140	13228	61.6345	2.78748	30.4	22.4
CBDDTY010002265.1	1	21458	62	9530	44.4123	1.04674	31.5	33.1
CBDDTY010002266.1	1	21451	38	8081	37.6719	0.728498	31.8	36.9
CBDDTY010002267.1	1	21449	169	13343	62.208	3.52082	30.3	21.3
CBDDTY010002268.1	1	21448	173	18422	85.8915	3.66342	30.6	34.5
CBDDTY010002269.1	1	21443	181	17309	80.721	3.35531	29.3	31.8
CBDDTY010002270.1	1	21427	171	19132	89.2892	3.36403	30.5	40.9
CBDDTY010002271.1	1	21418	116	14449	67.4619	1.99729	30.8	39.4
CBDDTY010002272.1	1	21418	203	17183	80.2269	3.7983	30.4	25.9
CBDDTY010002273.1	1	21409	85	14351	67.0326	1.7396	31.6	24.1
CBDDTY010002274.1	1	21385	103	10324	48.2768	1.70348	30.5	21.8
CBDDTY010002275.1	1	21373	109	18559	86.8339	2.44486	30.3	53.1
CBDDTY010002276.1	1	21364	112	14340	67.1223	2.1613	31	37.9
CBDDTY010002277.1	1	21361	102	11658	54.5761	2.05402	30.6	17.4
CBDDTY010002278.1	1	21359	22	997	4.66782	0.333396	30.8	37.9
CBDDTY010002279.1	1	21341	144	18347	85.9707	2.83482	31.4	43
CBDDTY010002280.1	1	21332	128	15790	74.0203	2.76425	30.2	41.5
CBDDTY010002281.1	1	21322	126	19725	92.5101	2.92609	31.7	53.9
CBDDTY010002282.1	1	21317	131	11806	55.383	2.40179	31.1	8.31
CBDDTY010002283.1	1	21315	84	10700	50.1994	1.40704	32	5.32
CBDDTY010002284.1	1	21284	70	7258	34.1007	1.29501	29.9	23.2
CBDDTY010002285.1	1	21269	113	11900	55.95	2.02685	30.8	27.6
CBDDTY010002286.1	1	21265	128	19538	91.8787	2.96299	30.5	53.8
CBDDTY010002287.1	1	21253	54	8081	38.0229	1.04206	31.3	33.3
CBDDTY010002288.1	1	21251	82	10886	51.2258	1.44285	31	20
CBDDTY010002289.1	1	21219	67	9331	43.9747	1.52293	30.1	20.6
CBDDTY010002290.1	1	21214	123	18054	85.1042	2.95145	31.1	53.6
CBDDTY010002291.1	1	21200	121	14164	66.8113	2.1041	30.9	33
CBDDTY010002292.1	1	21175	141	13417	63.3625	2.83244	30.3	34.5
CBDDTY010002293.1	1	21159	58	7511	35.4979	1.04499	31.5	21.2
CBDDTY010002294.1	1	21158	131	15211	71.8924	2.57642	30.9	31.3
CBDDTY010002295.1	1	21144	195	16556	78.3012	4.59303	31.1	28.5
CBDDTY010002296.1	1	21142	83	12494	59.0956	1.65888	31.1	38.8
CBDDTY010002297.1	1	21134	61	8328	39.4057	1.13268	31.2	1.49
CBDDTY010002298.1	1	21132	90	8332	39.4284	1.71882	29.9	3.34
CBDDTY010002299.1	1	21131	95	11733	55.5251	1.87497	31.5	36.2
CBDDTY010002300.1	1	21122	246	14437	68.3505	4.9234	30.7	14.2
CBDDTY010002301.1	1	21119	143	13765	65.1783	2.75733	30.8	31.5
CBDDTY010002302.1	1	21116	58	9007	42.6549	0.819331	30.6	32.9
CBDDTY010002303.1	1	21078	132	17964	85.2263	2.67658	31	44.6
CBDDTY010002304.1	1	21073	78	4914	23.3189	1.82238	31.1	30.7
CBDDTY010002305.1	1	21070	121	16402	77.8453	2.38766	31.1	47.5
CBDDTY010002306.1	1	21061	104	14315	67.9692	2.09221	30.6	24.8
CBDDTY010002307.1	1	21061	16	3129	14.8568	0.185366	30.2	13.2
CBDDTY010002308.1	1	21044	105	15805	75.1045	2.26278	31.4	45.2
CBDDTY010002309.1	1	21043	100	15991	75.992	1.84636	30.3	41.1
CBDDTY010002310.1	1	21040	90	12463	59.2348	1.47419	31.6	25.9
CBDDTY010002311.1	1	21039	169	13544	64.3757	3.13546	31.2	38.5
CBDDTY010002312.1	1	21029	196	18690	88.8773	3.89942	30.7	39.2
CBDDTY010002313.1	1	21019	329	20358	96.8552	7.02702	31.3	45.1
CBDDTY010002314.1	1	21002	207	18052	85.9537	3.82354	30.7	23.9
CBDDTY010002315.1	1	21000	127	12939	61.6143	2.10995	30.6	18.8
CBDDTY010002316.1	1	21000	50	6485	30.881	1.04243	31	34.3
CBDDTY010002317.1	1	21000	177	20721	98.6714	4.26757	30.3	41.7
CBDDTY010002318.1	1	21000	431	19542	93.0571	9.80033	30.9	13.8
CBDDTY010002319.1	1	21000	152	13123	62.4905	3.0461	30.6	23.9
CBDDTY010002320.1	1	20800	53	7397	35.5625	1.09827	31.3	20.6
CBDDTY010002321.1	1	21000	25	3047	14.5095	0.305048	31.6	6.28
CBDDTY010002322.1	1	21000	1	998	4.75238	0.0475238	35.9	1
CBDDTY010002323.1	1	20873	104	9567	45.8343	1.83361	30.6	9.22
CBDDTY010002324.1	1	21000	99	10880	51.8095	2.04424	30.9	20.9
CBDDTY010002325.1	1	21000	166	14819	70.5667	3.16367	31.4	30
CBDDTY010002326.1	1	21000	32	2584	12.3048	0.495381	30.5	21.1
CBDDTY010002327.1	1	21000	148	17954	85.4952	3.23576	30.8	32.8
CBDDTY010002328.1	1	21000	124	16081	76.5762	2.34986	30.8	34.8
CBDDTY010002329.1	1	21000	21	3086	14.6952	0.442905	31.5	28.8
CBDDTY010002330.1	1	21000	236	13287	63.2714	5.29019	31.2	27.9
CBDDTY010002331.1	1	20800	56	7702	37.0288	0.911538	31.8	24.8
CBDDTY010002332.1	1	21000	13	1572	7.48571	0.238952	28.3	4.85
CBDDTY010002333.1	1	21000	286	19096	90.9333	6.25262	30.9	28.6
CBDDTY010002334.1	1	21000	7	4304	20.4952	0.244	27	2.43
CBDDTY010002335.1	1	20800	76	10550	50.7212	1.55673	29.8	36.1
CBDDTY010002336.1	1	21000	12	2162	10.2952	0.187905	33.5	33.9
CBDDTY010002337.1	1	21000	77	14069	66.9952	1.52524	30.3	42.5
CBDDTY010002338.1	1	20800	14	3349	16.101	0.243269	31.3	14.6
CBDDTY010002339.1	1	21000	93	11504	54.781	1.531	30.5	17.2
CBDDTY010002340.1	1	21000	17	5046	24.0286	0.48219	32.9	37.7
CBDDTY010002341.1	1	21000	339	9298	44.2762	7.34319	30.8	15.3
CBDDTY010002342.1	1	21000	20	2793	13.3	0.351476	30.4	30.7
CBDDTY010002343.1	1	21000	135	14866	70.7905	2.70429	30.7	19.9
CBDDTY010002344.1	1	21000	1	667	3.17619	0.0317619	25.1	1
CBDDTY010002345.1	1	21000	27	3825	18.2143	0.567381	28.9	17.8
CBDDTY010002346.1	1	21000	256	10937	52.081	4.79457	30.4	32.3
CBDDTY010002347.1	1	21000	35	8475	40.3571	0.681905	31.6	38.4
CBDDTY010002348.1	1	21000	79	8031	38.2429	1.5139	30.4	10.6
CBDDTY010002349.1	1	21000	98	12569	59.8524	2.08529	29.6	35.6
CBDDTY010002350.1	1	20993	116	17333	82.5656	2.07812	30.5	48
CBDDTY010002351.1	1	20943	125	17256	82.3951	2.24915	31.1	41.2
CBDDTY010002352.1	1	20914	96	8464	40.4705	1.47141	31.1	11.9
CBDDTY010002353.1	1	20909	92	8314	39.7628	2.12937	30.9	21.1
CBDDTY010002354.1	1	20897	224	20070	96.0425	4.74738	30.5	39.4
CBDDTY010002355.1	1	20896	116	17600	84.2266	2.56398	30.7	48.1
CBDDTY010002356.1	1	20893	166	12258	58.6704	3.39023	30.6	46.3
CBDDTY010002357.1	1	20879	203	15534	74.4001	4.27674	29.9	13.2
CBDDTY010002358.1	1	20874	135	18062	86.5287	3.18549	30.1	48.1
CBDDTY010002359.1	1	20838	238	12814	61.4934	4.71331	30.6	33.8
CBDDTY010002360.1	1	20831	40	9323	44.7554	0.87413	31.2	28.3
CBDDTY010002361.1	1	20829	121	16901	81.1417	2.31859	30.2	29.2
CBDDTY010002362.1	1	20824	101	15048	72.2628	2.034	30.4	35.6
CBDDTY010002363.1	1	20824	153	15676	75.2785	2.85766	30.1	28.3
CBDDTY010002364.1	1	20807	156	17088	82.1262	2.95973	30.8	23.9
CBDDTY010002365.1	1	20787	48	9305	44.7636	0.994804	31.1	13.2
CBDDTY010002366.1	1	20785	81	17525	84.3156	2.0064	31.6	49.7
CBDDTY010002367.1	1	20773	158	13057	62.8556	2.99923	31.4	17.3
CBDDTY010002368.1	1	20758	100	10870	52.3654	1.88554	30.9	19.9
CBDDTY010002369.1	1	20733	131	15781	76.1154	2.7161	30.5	33.5
CBDDTY010002370.1	1	20732	207	17980	86.7258	3.9521	29.5	34.8
CBDDTY010002371.1	1	20730	82	14429	69.6044	1.99329	32.3	18.9
CBDDTY010002372.1	1	20712	197	13922	67.2171	3.41623	30.4	25.5
CBDDTY010002373.1	1	20697	13	3034	14.6591	0.166208	28.4	1.77
CBDDTY010002374.1	1	20695	60	7704	37.2264	1.20271	31.6	6.95
CBDDTY010002375.1	1	20671	61	7767	37.5744	1.06681	31.1	26.4
CBDDTY010002376.1	1	20664	120	17503	84.7029	2.65355	30.4	35.6
CBDDTY010002377.1	1	20658	48	6731	32.583	0.728047	31	20.6
CBDDTY010002378.1	1	20655	83	10383	50.2687	1.48153	31	35.4
CBDDTY010002379.1	1	20654	108	13754	66.5924	2.11823	30.2	39.8
CBDDTY010002380.1	1	20628	117	12529	60.7378	2.75378	31	25.9
CBDDTY010002381.1	1	20624	37	3245	15.7341	0.508728	31.3	3.59
CBDDTY010002382.1	1	20623	120	17572	85.2058	2.472	30.4	49.8
CBDDTY010002383.1	1	20605	159	16838	81.718	3.34074	29.7	27.3
CBDDTY010002384.1	1	20604	115	16991	82.4646	2.35658	30.6	49.3
CBDDTY010002385.1	1	20597	101	11666	56.6393	1.75938	29.7	14.4
CBDDTY010002386.1	1	20596	122	13402	65.0709	2.50398	30.9	20.6
CBDDTY010002387.1	1	20586	100	12435	60.4051	1.70995	30.2	3.16
CBDDTY010002388.1	1	20582	186	15278	74.2299	4.08498	31.1	28.6
CBDDTY010002389.1	1	20582	70	12858	62.4721	1.54504	29.9	15.7
CBDDTY010002390.1	1	20574	200	19792	96.1991	4.02775	30.4	35.7
CBDDTY010002391.1	1	20573	121	18204	88.4849	2.47319	29.8	52.2
CBDDTY010002392.1	1	20569	85	12654	61.5198	1.77218	31.2	48.3
CBDDTY010002393.1	1	20567	95	14509	70.545	1.7741	30.4	45.9
CBDDTY010002394.1	1	20565	105	14805	71.9912	1.95303	30.3	35.3
CBDDTY010002395.1	1	20557	81	9632	46.8551	1.42107	30.4	11
CBDDTY010002396.1	1	20551	82	12061	58.6881	1.39142	30.3	19.6
CBDDTY010002397.1	1	20550	120	15044	73.2068	2.21854	30.8	37.7
CBDDTY010002398.1	1	20537	66	7024	34.2017	1.17145	31.7	20.1
CBDDTY010002399.1	1	20525	134	16117	78.5238	2.77218	31	34.1
CBDDTY010002400.1	1	20504	175	18887	92.1137	3.58706	31.3	40.8
CBDDTY010002401.1	1	20472	86	11133	54.3816	1.7862	31.1	18.8
CBDDTY010002402.1	1	20464	56	9316	45.5238	1.03049	30.3	16.3
CBDDTY010002403.1	1	20455	244	16968	82.9528	5.09954	31.3	27.8
CBDDTY010002404.1	1	20447	380	15272	74.6907	8.38343	30.6	26.7
CBDDTY010002405.1	1	20439	58	10672	52.2139	1.16415	31.5	35.7
CBDDTY010002406.1	1	20428	129	15459	75.6755	2.12052	31.4	35.7
CBDDTY010002407.1	1	20416	78	13023	63.7882	1.58322	30.2	43.3
CBDDTY010002408.1	1	20416	76	11498	56.3186	1.39288	31.7	39.4
CBDDTY010002409.1	1	20410	95	10688	52.3665	2.06399	29.9	26.9
CBDDTY010002410.1	1	20373	142	15270	74.9521	3.17783	30.4	37.9
CBDDTY010002411.1	1	20371	136	15273	74.9742	2.69128	31.3	15.1
CBDDTY010002412.1	1	20366	125	16510	81.0665	2.56368	31.3	40.8
CBDDTY010002413.1	1	20357	207	15806	77.6441	4.19468	29.8	28.4
CBDDTY010002414.1	1	20356	196	15403	75.6681	4.58793	30.8	38.5
CBDDTY010002415.1	1	20332	61	9147	44.9882	1.02587	31.4	21.7
CBDDTY010002416.1	1	20326	146	12492	61.4582	3.3069	31.5	15.2
CBDDTY010002417.1	1	20321	102	11947	58.7914	2.25535	31.6	25.1
CBDDTY010002418.1	1	20308	319	18703	92.0967	7.06022	30.4	34.9
CBDDTY010002419.1	1	20294	119	16847	83.0147	2.51675	30.3	50.7
CBDDTY010002420.1	1	20292	110	14644	72.1664	2.62631	30.2	30.8
CBDDTY010002421.1	1	20285	138	17485	86.1967	2.79601	29.6	32.2
CBDDTY010002422.1	1	20277	111	16082	79.3115	2.12847	29.9	50.9
CBDDTY010002423.1	1	20248	30	5533	27.3262	0.446414	30.5	15.1
CBDDTY010002424.1	1	20247	45	6851	33.8371	0.800267	30.3	30
CBDDTY010002425.1	1	20243	84	9094	44.9242	1.45482	29.9	24.1
CBDDTY010002426.1	1	20241	191	16870	83.3457	3.91122	30	35.7
CBDDTY010002427.1	1	20240	109	16859	83.2955	2.21823	30.8	52.3
CBDDTY010002428.1	1	20232	132	14796	73.1317	2.52284	30.3	31
CBDDTY010002429.1	1	20226	124	16107	79.6351	2.41832	30.2	48.8
CBDDTY010002430.1	1	20223	47	9550	47.2235	1.01736	31.2	39
CBDDTY010002431.1	1	20200	132	9962	49.3168	2.72431	30.6	37.4
CBDDTY010002432.1	1	20196	51	9516	47.1182	1.07922	30.7	28.4
CBDDTY010002433.1	1	20188	103	14740	73.0137	2.15757	29.9	26.7
CBDDTY010002434.1	1	20172	221	15765	78.1529	4.46237	31.1	28.9
CBDDTY010002435.1	1	20160	62	7544	37.4206	0.965774	30.5	12.2
CBDDTY010002436.1	1	20157	121	14214	70.5164	2.17225	30.6	46.1
CBDDTY010002437.1	1	20151	118	11288	56.0171	2.32351	31.2	38.6
CBDDTY010002438.1	1	20149	111	14445	71.6909	2.33868	30.7	47.7
CBDDTY010002439.1	1	20148	20	3237	16.0661	0.272831	31.7	13.7
CBDDTY010002440.1	1	20147	117	15115	75.0236	2.26848	31.3	41.9
CBDDTY010002441.1	1	20144	86	15732	78.0977	2.10663	31.1	50.7
CBDDTY010002442.1	1	20129	128	14207	70.5798	2.52208	30.7	37.2
CBDDTY010002443.1	1	20129	70	10321	51.2743	1.15883	29.7	11.7
CBDDTY010002444.1	1	20125	89	13001	64.6012	1.67071	30.9	29.3
CBDDTY010002445.1	1	20109	142	15175	75.4637	2.85444	30.3	37.1
CBDDTY010002446.1	1	20103	103	14721	73.2279	2.19992	29.9	32.1
CBDDTY010002447.1	1	20082	59	7490	37.2971	1.07295	30.2	39.3
CBDDTY010002448.1	1	20080	41	5080	25.2988	0.791235	30.5	0.561
CBDDTY010002449.1	1	20070	247	16348	81.4549	5.82402	31.5	47.2
CBDDTY010002450.1	1	20060	218	18185	90.653	4.46974	30	40.4
CBDDTY010002451.1	1	20044	124	15037	75.02	2.93993	31.1	43.9
CBDDTY010002452.1	1	20034	17	1073	5.35589	0.199261	32.9	15.8
CBDDTY010002453.1	1	20019	128	13910	69.484	2.56796	30.6	34.8
CBDDTY010002454.1	1	20000	40	5765	28.825	0.8296	30	2.98
CBDDTY010002455.1	1	20000	64	10298	51.49	1.19255	31.2	31.1
CBDDTY010002456.1	1	19800	98	13305	67.197	2.18455	31.3	40.4
CBDDTY010002457.1	1	19600	1	404	2.06122	0.0206122	37	1
CBDDTY010002458.1	1	20000	11	3172	15.86	0.3453	29	5.73
CBDDTY010002459.1	1	20000	307	13381	66.905	8.14595	30.9	19.9
CBDDTY010002460.1	1	20000	87	10349	51.745	2.0799	31.4	40.5
CBDDTY010002461.1	1	20000	132	13607	68.035	2.4858	29.7	40.9
CBDDTY010002462.1	1	20000	194	16240	81.2	4.46165	30.9	31.1
CBDDTY010002463.1	1	20000	67	12246	61.23	1.43215	31.2	43.8
CBDDTY010002464.1	1	20000	68	5597	27.985	1.4352	30.2	10.3
CBDDTY010002465.1	1	20000	19	3615	18.075	0.34415	28.8	32.5
CBDDTY010002466.1	1	20000	127	15821	79.105	3.1484	30.9	45.8
CBDDTY010002467.1	1	20000	185	13943	69.715	3.86315	30.4	37.8
CBDDTY010002468.1	1	20000	1	745	3.725	0.03725	35.8	1
CBDDTY010002469.1	1	20000	125	11600	58	2.36765	29.2	25.2
CBDDTY010002470.1	1	20000	144	17457	87.285	2.97775	30.7	47
CBDDTY010002471.1	1	20000	2	548	2.74	0.0317	28.2	1
CBDDTY010002472.1	1	20000	10	1466	7.33	0.246	29.6	32.2
CBDDTY010002473.1	1	20000	54	5413	27.065	0.8754	32.3	11.4
CBDDTY010002474.1	1	20000	132	17491	87.455	2.9648	30.6	45.6
CBDDTY010002475.1	1	19800	37	6348	32.0606	0.64	30.1	9.38
CBDDTY010002476.1	1	20000	61	4962	24.81	1.115	31.5	4.66
CBDDTY010002477.1	1	20000	130	13868	69.34	2.57645	29.5	45.4
CBDDTY010002478.1	1	20000	50	9814	49.07	1.45415	31.8	21.2
CBDDTY010002479.1	1	19800	45	7299	36.8636	1.0704	31.9	20.6
CBDDTY010002480.1	1	20000	237	16468	82.34	5.13105	30.3	34.1
CBDDTY010002481.1	1	20000	170	12746	63.73	3.1398	30.4	33.6
CBDDTY010002482.1	1	19979	70	8894	44.5167	1.18715	29.8	15.2
CBDDTY010002483.1	1	19975	63	9265	46.383	1.18288	31.6	36
CBDDTY010002484.1	1	19967	123	17106	85.6714	2.26308	29.5	24.8
CBDDTY010002485.1	1	19967	89	10173	50.9491	1.77863	30.4	21.8
CBDDTY010002486.1	1	19963	122	6531	32.7155	2.54065	29.6	22.2
CBDDTY010002487.1	1	19950	140	16392	82.1654	2.47644	30.7	26.6
CBDDTY010002488.1	1	19948	64	8253	41.3726	1.20729	30.4	34.2
CBDDTY010002489.1	1	19947	64	10684	53.5619	1.23442	31.1	29
CBDDTY010002490.1	1	19945	53	8324	41.7348	1.04828	31.7	2.23
CBDDTY010002491.1	1	19925	109	6153	30.8808	1.99498	30.5	11.5
CBDDTY010002492.1	1	19924	376	16909	84.8675	8.11172	31	34.3
CBDDTY010002493.1	1	19914	149	18428	92.5379	3.21191	31.5	45.2
CBDDTY010002494.1	1	19912	449	12930	64.9357	9.50502	30.5	18.8
CBDDTY010002495.1	1	19908	125	11875	59.6494	2.53054	31.6	23.9
CBDDTY010002496.1	1	19895	46	11401	57.3059	1.07565	29.7	25
CBDDTY010002497.1	1	19889	93	7267	36.5378	2.41893	31.2	31
CBDDTY010002498.1	1	19885	136	10621	53.4121	2.53493	30.2	14.6
CBDDTY010002499.1	1	19885	130	16737	84.169	2.88061	31	53.8
CBDDTY010002500.1	1	19884	251	15576	78.3343	5.19508	28.3	25.3
CBDDTY010002501.1	1	19881	100	12379	62.2655	2.02646	30.3	9.33
CBDDTY010002502.1	1	19869	132	17153	86.3305	3.49897	31	47.8
CBDDTY010002503.1	1	19860	65	8443	42.5126	1.27064	30.3	32.2
CBDDTY010002504.1	1	19858	75	9538	48.031	1.72419	30.2	7.47
CBDDTY010002505.1	1	19858	161	14856	74.8112	3.46863	30.4	21.6
CBDDTY010002506.1	1	19852	88	13171	66.346	1.88424	31.6	45.2
CBDDTY010002507.1	1	19850	82	10766	54.2368	1.84443	31.4	20.2
CBDDTY010002508.1	1	19848	162	16957	85.4343	3.45471	31	33.1
CBDDTY010002509.1	1	19846	46	6324	31.8654	0.883604	30.3	7.72
CBDDTY010002510.1	1	19844	204	14423	72.6819	4.05528	30.8	17.8
CBDDTY010002511.1	1	19839	63	8295	41.8116	1.09204	30.5	21.2
CBDDTY010002512.1	1	19832	43	5000	25.2118	0.650666	30	3.09
CBDDTY010002513.1	1	19830	100	10127	51.0691	1.82355	30	23.8
CBDDTY010002514.1	1	19815	38	7957	40.1564	0.873782	30.8	10.4
CBDDTY010002515.1	1	19809	253	16466	83.1238	5.05977	30.4	45.9
CBDDTY010002516.1	1	19801	141	14353	72.4862	3.31498	30.9	32.4
CBDDTY010002517.1	1	19794	98	12127	61.266	2.12792	31.3	22.8
CBDDTY010002518.1	1	19783	148	14824	74.933	2.83799	31.7	26.5
CBDDTY010002519.1	1	19783	96	12051	60.9159	1.87777	29.7	12.7
CBDDTY010002520.1	1	19771	94	12920	65.3482	1.90784	31.5	43.2
CBDDTY010002521.1	1	19756	143	18092	91.5772	3.08509	30.6	48.1
CBDDTY010002522.1	1	19729	102	11302	57.2862	2.02783	31	14.1
CBDDTY010002523.1	1	19726	23	5142	26.0671	0.430701	30.7	38.3
CBDDTY010002524.1	1	19720	108	17483	88.6562	2.21334	30.1	53
CBDDTY010002525.1	1	19715	102	11192	56.769	1.64271	31	10.3
CBDDTY010002526.1	1	19714	60	10686	54.2051	1.21594	30.8	21.8
CBDDTY010002527.1	1	19697	32	3400	17.2615	0.39539	29.6	7.56
CBDDTY010002528.1	1	19688	160	15343	77.9307	3.46089	30.4	38.5
CBDDTY010002529.1	1	19677	133	15587	79.2143	2.64359	30	39.6
CBDDTY010002530.1	1	19673	136	18033	91.6637	3.15143	30.6	48.9
CBDDTY010002531.1	1	19663	85	13016	66.1954	1.51788	30.4	38.8
CBDDTY010002532.1	1	19661	123	17782	90.443	2.81603	31.3	44.7
CBDDTY010002533.1	1	19654	165	7540	38.3637	3.78849	31.4	9.88
CBDDTY010002534.1	1	19650	96	10993	55.944	1.88473	30.4	35.7
CBDDTY010002535.1	1	19646	52	7105	36.1651	1.01883	29.5	17.6
CBDDTY010002536.1	1	19606	132	11983	61.119	2.49179	30.5	22.7
CBDDTY010002537.1	1	19603	48	8681	44.284	0.882059	30.8	49.7
CBDDTY010002538.1	1	19597	118	16926	86.3704	2.59397	32.2	50.8
CBDDTY010002539.1	1	19589	80	10859	55.4342	1.51534	30.7	15.9
CBDDTY010002540.1	1	19578	35	5747	29.3544	0.729748	31	13.4
CBDDTY010002541.1	1	19577	25	4224	21.5763	0.30873	30.6	2.24
CBDDTY010002542.1	1	19568	103	8063	41.205	2.67815	31.1	12
CBDDTY010002543.1	1	19562	422	16761	85.6814	9.8883	30.6	42.2
CBDDTY010002544.1	1	19553	68	10945	55.9761	1.42704	31.7	23.8
CBDDTY010002545.1	1	19544	98	14350	73.4241	2.00993	30.8	52
CBDDTY010002546.1	1	19539	19	3356	17.1759	0.256052	29.8	2.95
CBDDTY010002547.1	1	19538	379	10024	51.3051	8.17433	32.4	22.6
CBDDTY010002548.1	1	19525	151	12822	65.6697	3.43262	29.8	24.6
CBDDTY010002549.1	1	19500	90	11732	60.1641	1.7961	30.7	49.4
CBDDTY010002550.1	1	19457	156	16939	87.0586	3.39472	31.1	41.5
CBDDTY010002551.1	1	19433	21	5442	28.0039	0.402357	31.2	12.5
CBDDTY010002552.1	1	19431	71	8443	43.4512	1.5552	30.9	18.5
CBDDTY010002553.1	1	19425	128	17382	89.4826	3.02116	31.3	47.4
CBDDTY010002554.1	1	19403	204	15944	82.1729	4.39087	31.2	27.3
CBDDTY010002555.1	1	19401	23	4132	21.2979	0.516107	32.4	35.3
CBDDTY010002556.1	1	19392	91	14404	74.2781	1.95766	30.5	36.5
CBDDTY010002557.1	1	19380	163	15991	82.5129	3.64716	31.4	44.5
CBDDTY010002558.1	1	19370	23	4014	20.7228	0.405576	29.9	6.13
CBDDTY010002559.1	1	19363	119	15237	78.6913	2.53829	31.5	41.2
CBDDTY010002560.1	1	19342	61	10827	55.9766	1.33564	30.7	39.5
CBDDTY010002561.1	1	19330	185	15613	80.7708	3.68479	30.2	32.9
CBDDTY010002562.1	1	19300	133	17419	90.2539	2.99176	30.6	43.2
CBDDTY010002563.1	1	19296	114	14238	73.7873	2.5283	30.3	43.3
CBDDTY010002564.1	1	19290	100	14255	73.8984	2.12919	30.7	35.1
CBDDTY010002565.1	1	19255	113	17441	90.5791	2.56224	31.2	46.5
CBDDTY010002566.1	1	19253	137	16001	83.1091	3.11853	30.7	39.3
CBDDTY010002567.1	1	19247	78	10850	56.3724	1.42318	30.8	19.1
CBDDTY010002568.1	1	19245	212	13044	67.7786	3.97844	30.3	20.2
CBDDTY010002569.1	1	19237	93	15227	79.1548	1.98175	30.9	42.1
CBDDTY010002570.1	1	19228	182	14297	74.3551	4.13168	30.4	27.3
CBDDTY010002571.1	1	19225	112	15884	82.6216	2.53378	31.1	49.6
CBDDTY010002572.1	1	19209	180	17387	90.5149	4.09131	31.6	42.2
CBDDTY010002573.1	1	19206	171	14662	76.3407	3.37358	30.2	19.4
CBDDTY010002574.1	1	19201	459	17746	92.4223	11.1417	30.4	28.1
CBDDTY010002575.1	1	19192	166	7285	37.9585	3.39032	31.2	9.07
CBDDTY010002576.1	1	19184	127	15482	80.7027	2.62531	30.1	44.5
CBDDTY010002577.1	1	19166	116	16631	86.7735	2.87567	31.4	46
CBDDTY010002578.1	1	19151	148	16294	85.0817	3.1177	32.2	38.2
CBDDTY010002579.1	1	19151	129	16054	83.8285	2.87599	30.8	45.4
CBDDTY010002580.1	1	19140	3	402	2.10031	0.0210031	29.6	0.333
CBDDTY010002581.1	1	19126	145	11578	60.5354	3.10044	31.1	17.8
CBDDTY010002582.1	1	19124	77	9102	47.5946	1.36101	30.9	21.3
CBDDTY010002583.1	1	19123	103	15316	80.092	1.99268	31.8	42.3
CBDDTY010002584.1	1	19109	159	17534	91.7578	3.61128	31.4	38.8
CBDDTY010002585.1	1	19103	108	16289	85.2693	2.43161	32.2	50.7
CBDDTY010002586.1	1	19097	38	8149	42.6716	0.908729	30.9	19.2
CBDDTY010002587.1	1	19091	97	15203	79.6344	1.96883	29.7	46.7
CBDDTY010002588.1	1	19083	87	12521	65.6134	1.75392	30.9	37
CBDDTY010002589.1	1	19076	132	12224	64.0805	2.7014	30.7	31.7
CBDDTY010002590.1	1	19041	231	16769	88.0679	6.17011	31.7	29.8
CBDDTY010002591.1	1	19040	171	13145	69.0389	4.06056	30.3	41.6
CBDDTY010002592.1	1	19009	121	16889	88.8474	2.88106	31.1	52.4
CBDDTY010002593.1	1	19008	67	10711	56.35	1.49148	30.2	42.8
CBDDTY010002594.1	1	19003	67	7529	39.6201	1.40599	31.2	17
CBDDTY010002595.1	1	19000	72	12303	64.7526	1.59432	32.2	35.9
CBDDTY010002596.1	1	19000	68	9334	49.1263	1.19068	30.4	22
CBDDTY010002597.1	1	19000	76	10419	54.8368	1.45463	30	9.71
CBDDTY010002598.1	1	19000	104	9520	50.1053	2.01963	30.5	27.3
CBDDTY010002599.1	1	19000	151	7146	37.6105	3.26289	31.3	37
CBDDTY010002600.1	1	19000	57	8379	44.1	0.926684	33.4	43.3
CBDDTY010002601.1	1	19000	4	632	3.32632	0.0723158	31.4	56
CBDDTY010002602.1	1	19000	53	5542	29.1684	0.944632	31.1	27.8
CBDDTY010002603.1	1	19000	50	9514	50.0737	1.041	32.3	36.6
CBDDTY010002604.1	1	19000	177	16264	85.6	3.93689	30.6	34.6
CBDDTY010002605.1	1	19000	61	12900	67.8947	1.46389	31.1	24.2
CBDDTY010002606.1	1	19000	19	3780	19.8947	0.394632	28.4	7.42
CBDDTY010002607.1	1	19000	168	7637	40.1947	3.73621	31.4	27.8
CBDDTY010002608.1	1	19000	140	12183	64.1211	2.76411	31.4	27.8
CBDDTY010002609.1	1	19000	6	2624	13.8105	0.146053	33.3	4.67
CBDDTY010002610.1	1	19000	96	5745	30.2368	1.671	31.2	12.3
CBDDTY010002611.1	1	19000	206	8081	42.5316	4.58121	31	21.8
CBDDTY010002612.1	1	19000	72	11977	63.0368	1.29847	30.3	23.7
CBDDTY010002613.1	1	19000	200	12189	64.1526	4.08558	29.8	13.6
CBDDTY010002615.1	1	19000	112	14924	78.5474	2.33932	31.2	33.5
CBDDTY010002616.1	1	19000	153	15520	81.6842	3.40547	30.9	36.3
CBDDTY010002617.1	1	19000	24	8946	47.0842	0.757474	30.5	2.04
CBDDTY010002618.1	1	19000	8	814	4.28421	0.122789	35.3	44.8
CBDDTY010002619.1	1	19000	105	6910	36.3684	2.36921	31.4	11.9
CBDDTY010002620.1	1	19000	65	10718	56.4105	1.20605	31	14.5
CBDDTY010002621.1	1	19000	17	2707	14.2474	0.290842	29.3	6.47
CBDDTY010002622.1	1	19000	86	13103	68.9632	1.89158	30.1	13.8
CBDDTY010002623.1	1	19000	2	1197	6.3	0.104	32.4	7
CBDDTY010002624.1	1	18999	48	11370	59.8453	1.2317	31.3	45.6
CBDDTY010002625.1	1	18975	59	4178	22.0184	0.941397	31.9	15.6
CBDDTY010002626.1	1	18966	133	16405	86.4969	3.47596	30.6	50.1
CBDDTY010002627.1	1	18957	218	14976	78.9998	4.75935	31	31.2
CBDDTY010002628.1	1	18939	45	7376	38.9461	0.949417	29.1	42.4
CBDDTY010002629.1	1	18920	105	15502	81.9345	2.3584	30.3	45.5
CBDDTY010002630.1	1	18914	61	10637	56.2388	1.54431	29.8	23.4
CBDDTY010002631.1	1	18890	61	5671	30.0212	1.30979	30	8.2
CBDDTY010002632.1	1	18857	148	15468	82.0279	3.02158	30	36.4
CBDDTY010002633.1	1	18857	120	17672	93.7159	2.80013	30.2	50.7
CBDDTY010002634.1	1	18806	971	17104	90.9497	21.3024	30.9	15.3
CBDDTY010002635.1	1	18804	32	5155	27.4144	0.524782	30.3	21.2
CBDDTY010002636.1	1	18798	89	10085	53.6493	1.87387	30.9	28.6
CBDDTY010002637.1	1	18780	65	8645	46.033	1.37955	31.3	15.5
CBDDTY010002638.1	1	18772	89	6703	35.7074	1.54949	29.4	13.6
CBDDTY010002639.1	1	18769	69	13207	70.366	1.59534	31.9	39.1
CBDDTY010002640.1	1	18758	48	5788	30.8562	0.778654	31.3	3.38
CBDDTY010002641.1	1	18754	170	7531	40.1568	3.79375	29.7	20.5
CBDDTY010002643.1	1	18720	25	2918	15.5876	0.472115	31.8	24.4
CBDDTY010002644.1	1	18675	21	4058	21.7296	0.426185	31.4	28.2
CBDDTY010002645.1	1	18674	356	16367	87.6459	8.50391	30.5	23.9
CBDDTY010002646.1	1	18671	141	15615	83.6324	3.09539	29.9	31.8
CBDDTY010002647.1	1	18669	116	11218	60.0889	2.24527	31.4	21.5
CBDDTY010002648.1	1	18643	103	16223	87.0193	2.63482	30.8	51.2
CBDDTY010002649.1	1	18638	113	16863	90.4764	3.00934	31.3	49.5
CBDDTY010002650.1	1	18631	166	16433	88.2025	3.3908	30.4	33.2
CBDDTY010002651.1	1	18620	131	14876	79.8926	2.96702	31.2	35.5
CBDDTY010002652.1	1	18588	91	9010	48.4721	2.00807	29.7	15.4
CBDDTY010002653.1	1	18586	117	15407	82.8957	2.52954	30	50.6
CBDDTY010002654.1	1	18583	75	7779	41.8608	1.45375	31.2	4.64
CBDDTY010002655.1	1	18542	132	9669	52.1465	2.55194	31.5	40.7
CBDDTY010002656.1	1	18541	28	5211	28.1053	0.556874	29.7	5.14
CBDDTY010002657.1	1	18538	193	9104	49.1099	4.46834	30.8	19.8
CBDDTY010002658.1	1	18535	61	6658	35.9212	1.28039	30.8	17.2
CBDDTY010002659.1	1	18524	93	10488	56.6184	1.98829	31.2	11.7
CBDDTY010002660.1	1	18515	114	16154	87.2482	2.91807	31.1	51.8
CBDDTY010002661.1	1	18510	114	13563	73.2739	2.68779	31.2	25.7
CBDDTY010002662.1	1	18509	115	13414	72.4729	2.564	30.2	31.7
CBDDTY010002663.1	1	18508	44	8952	48.3683	0.923168	30.5	33.5
CBDDTY010002664.1	1	18502	199	16803	90.8172	4.04778	31	22.4
CBDDTY010002665.1	1	18498	128	16060	86.8202	2.88258	31.1	51.6
CBDDTY010002666.1	1	18497	81	11103	60.026	1.45624	30.9	38.2
CBDDTY010002667.1	1	18494	149	17662	95.5012	3.3851	30.7	38.2
CBDDTY010002668.1	1	18480	33	7755	41.9643	0.724405	30.8	33.1
CBDDTY010002669.1	1	18467	39	7296	39.5083	0.779011	30.7	11.4
CBDDTY010002670.1	1	18436	22	3883	21.0621	0.374647	32.5	27.1
CBDDTY010002671.1	1	18435	147	10880	59.0182	2.4549	31	16.8
CBDDTY010002672.1	1	18434	105	13091	71.0155	2.25605	30.6	38.1
CBDDTY010002674.1	1	18422	295	10837	58.8264	7.69097	30.7	20.7
CBDDTY010002675.1	1	18420	83	9456	51.3355	1.8987	30.6	25.2
CBDDTY010002676.1	1	18417	36	8322	45.1865	0.740403	29.5	17.6
CBDDTY010002677.1	1	18410	118	15685	85.1983	2.65057	29.9	34.2
CBDDTY010002678.1	1	18395	59	9608	52.2316	1.39087	30.2	52.4
CBDDTY010002679.1	1	18386	113	15943	86.7127	2.28141	30.5	46.3
CBDDTY010002680.1	1	18365	156	15722	85.6085	3.65903	31.4	35.7
CBDDTY010002681.1	1	18355	203	14411	78.5127	5.22163	31	26.3
CBDDTY010002682.1	1	18343	33	4306	23.4749	0.715477	31.4	6.18
CBDDTY010002683.1	1	18318	50	11165	60.951	1.29441	30.8	38.7
CBDDTY010002684.1	1	18310	73	10308	56.2971	1.96723	30.5	44.7
CBDDTY010002685.1	1	18300	162	6627	36.2131	3.66224	30.9	27.5
CBDDTY010002686.1	1	18295	77	13339	72.9106	1.56677	29.9	31.1
CBDDTY010002687.1	1	18294	86	10679	58.3743	1.99453	30.2	28.9
CBDDTY010002688.1	1	18267	225	13102	71.725	5.17627	30.9	27.9
CBDDTY010002689.1	1	18263	129	16047	87.8662	3.45403	30.3	53.4
CBDDTY010002690.1	1	18237	190	15087	82.7274	6.59429	31.7	19
CBDDTY010002691.1	1	18228	207	17310	94.9638	4.9503	30.9	41.1
CBDDTY010002692.1	1	18222	48	8384	46.0103	0.915487	30.9	19.3
CBDDTY010002693.1	1	18206	179	15596	85.6641	3.89245	30.5	40.7
CBDDTY010002694.1	1	18201	121	14378	78.9957	2.58524	30.4	46.9
CBDDTY010002695.1	1	18192	100	13775	75.7201	2.609	30.6	51.7
CBDDTY010002696.1	1	18184	111	13755	75.6434	2.90283	30.6	29.7
CBDDTY010002697.1	1	18181	100	12104	66.575	1.98267	30.9	27.8
CBDDTY010002699.1	1	18155	47	8332	45.8937	1.05007	31.6	22.3
CBDDTY010002700.1	1	18148	86	9438	52.0057	1.82758	31.2	39
CBDDTY010002701.1	1	18121	92	16486	90.9773	2.04856	30.2	47.1
CBDDTY010002702.1	1	18107	76	13254	73.1982	1.92312	30.7	49.5
CBDDTY010002703.1	1	18105	144	17519	96.7633	3.60867	31.1	53
CBDDTY010002704.1	1	18087	97	15587	86.1779	2.23542	31.1	55.6
CBDDTY010002705.1	1	18081	124	14900	82.4069	3.07986	31.9	48.9
CBDDTY010002706.1	1	18077	107	12817	70.9023	2.52287	30.7	20.8
CBDDTY010002707.1	1	18073	24	4326	23.9363	0.428152	31.4	25.6
CBDDTY010002708.1	1	18068	151	7824	43.3031	3.3188	30.2	20.2
CBDDTY010002709.1	1	18054	198	16332	90.4619	4.57771	30.3	47.1
CBDDTY010002710.1	1	18032	105	15607	86.5517	2.23214	30.4	53.3
CBDDTY010002711.1	1	18004	67	6404	35.5699	1.27622	30.5	13.4
CBDDTY010002712.1	1	18002	96	11484	63.7929	2.42384	30.3	38.8
CBDDTY010002713.1	1	18000	39	2641	14.6722	0.579444	31.6	12.2
CBDDTY010002714.1	1	18000	38	3798	21.1	0.498222	31	13.6
CBDDTY010002715.1	1	18000	217	15991	88.8389	5.16261	30.7	42.9
CBDDTY010002716.1	1	18000	62	8565	47.5833	1.29344	28.9	16.8
CBDDTY010002717.1	1	18000	170	10969	60.9389	3.97506	31.4	10.9
CBDDTY010002718.1	1	18000	56	13060	72.5556	1.38383	30.8	54.1
CBDDTY010002719.1	1	18000	21	3394	18.8556	0.353444	33.5	8.48
CBDDTY010002720.1	1	18000	67	5628	31.2667	1.25539	30.9	7.18
CBDDTY010002721.1	1	18000	106	10353	57.5167	2.5675	29.8	44.7
CBDDTY010002722.1	1	18000	136	15317	85.0944	3.373	29.8	39.3
CBDDTY010002723.1	1	18000	82	12128	67.3778	1.79294	29.7	32.9
CBDDTY010002724.1	1	18000	160	12411	68.95	3.46122	31.6	18.9
CBDDTY010002725.1	1	18000	22	1646	9.14444	0.3	29.5	1.64
CBDDTY010002726.1	1	18000	143	3907	21.7056	3.18233	30.9	53.4
CBDDTY010002727.1	1	18000	56	9163	50.9056	1.28844	31.9	28.3
CBDDTY010002728.1	1	18000	72	5460	30.3333	1.49844	31.2	15.1
CBDDTY010002729.1	1	18000	168	6823	37.9056	1.34828	25.5	8.95
CBDDTY010002731.1	1	18000	115	15200	84.4444	2.49622	29.7	27.7
CBDDTY010002732.1	1	18000	140	13509	75.05	3.20878	32.1	49.2
CBDDTY010002733.1	1	18000	76	11160	62	1.64411	30.1	39.7
CBDDTY010002734.1	1	17999	56	9066	50.3695	1.15134	30.8	24
CBDDTY010002735.1	1	17990	95	12922	71.8288	2.14391	31	54.1
CBDDTY010002736.1	1	17988	105	14439	80.2702	2.45942	32.3	34.7
CBDDTY010002737.1	1	17986	122	9714	54.0087	2.48971	31.1	27.7
CBDDTY010002738.1	1	17970	67	10789	60.039	1.46522	31.1	35.8
CBDDTY010002739.1	1	17965	52	7891	43.9243	1.51595	31.9	9.5
CBDDTY010002740.1	1	17936	121	7512	41.8822	2.47976	31.5	8.94
CBDDTY010002741.1	1	17922	151	16314	91.0278	3.89231	31.5	33.4
CBDDTY010002742.1	1	17917	96	14209	79.3046	2.42412	30.3	51
CBDDTY010002743.1	1	17901	91	10507	58.695	2.46226	31.4	11.2
CBDDTY010002744.1	1	17899	158	14367	80.2671	3.52964	31.9	25.2
CBDDTY010002745.1	1	17886	46	3707	20.7257	0.987868	29.7	16.7
CBDDTY010002746.1	1	17865	234	14601	81.7296	5.73675	30.1	43.2
CBDDTY010002747.1	1	17861	316	11185	62.6225	7.77135	30.8	15.7
CBDDTY010002748.1	1	17815	95	14090	79.0907	2.48852	31	48.4
CBDDTY010002749.1	1	17811	89	10086	56.6279	1.89377	31.1	34.6
CBDDTY010002750.1	1	17801	230	13396	75.2542	5.11202	29.9	38.9
CBDDTY010002751.1	1	17800	180	12066	67.7865	4.11292	31.2	32.4
CBDDTY010002752.1	1	17783	118	14527	81.6904	2.76404	31.9	48.3
CBDDTY010002753.1	1	17782	93	13212	74.2999	2.19047	31.4	41.3
CBDDTY010002754.1	1	17780	361	15117	85.0225	9.15472	31	30.8
CBDDTY010002755.1	1	17761	125	16353	92.0725	3.20601	30.2	48.5
CBDDTY010002756.1	1	17759	129	13538	76.2318	3.23667	31.1	18.8
CBDDTY010002757.1	1	17755	124	11532	64.9507	2.92289	30.6	51.4
CBDDTY010002758.1	1	17747	106	15786	88.9502	2.90759	30.7	55.4
CBDDTY010002759.1	1	17745	111	13313	75.024	2.73311	31.1	39.9
CBDDTY010002760.1	1	17736	110	10832	61.0735	3.01861	30.9	25.6
CBDDTY010002761.1	1	17729	22	5942	33.5157	0.549495	29.8	10.6
CBDDTY010002762.1	1	17723	42	4231	23.8729	0.931953	29.9	19.7
CBDDTY010002763.1	1	17717	72	6034	34.0577	1.54998	30.3	26
CBDDTY010002764.1	1	17710	56	6920	39.074	1.30412	31.5	8.5
CBDDTY010002765.1	1	17705	150	13306	75.1539	3.32974	30.8	32.3
CBDDTY010002766.1	1	17700	100	9045	51.1017	1.97712	31.3	22
CBDDTY010002767.1	1	17700	152	16340	92.3164	3.32525	30.9	44.9
CBDDTY010002768.1	1	17675	108	11816	66.8515	2.1673	31.6	35.5
CBDDTY010002769.1	1	17665	153	10271	58.1432	4.71288	31.4	8.12
CBDDTY010002770.1	1	17648	126	12011	68.0587	3.13214	32	23.3
CBDDTY010002771.1	1	17627	86	7501	42.554	1.56561	30	24
CBDDTY010002772.1	1	17607	98	15185	86.2441	2.14841	30.5	44.9
CBDDTY010002773.1	1	17604	63	5431	30.8509	1.24273	30.8	15.9
CBDDTY010002774.1	1	17584	49	9432	53.6397	1.0021	30.6	34.4
CBDDTY010002775.1	1	17580	55	8396	47.7588	1.17258	30.4	12.7
CBDDTY010002776.1	1	17551	101	15775	89.8809	2.47439	30.5	52.8
CBDDTY010002777.1	1	17535	145	15139	86.3359	3.46678	30.5	34.6
CBDDTY010002778.1	1	17514	83	7667	43.7764	1.60386	30.8	7.72
CBDDTY010002779.1	1	17507	99	9564	54.6296	2.17033	30.7	19.3
CBDDTY010002780.1	1	17506	181	13402	76.5566	4.80841	30.4	39.9
CBDDTY010002781.1	1	17498	114	13815	78.9519	2.3597	30.9	37
CBDDTY010002782.1	1	17464	73	7217	41.325	1.36229	30.1	19.4
CBDDTY010002783.1	1	17454	96	15787	90.4492	2.90781	30.6	49.1
CBDDTY010002784.1	1	17451	124	15351	87.9663	2.96063	30.3	52.6
CBDDTY010002785.1	1	17448	103	13282	76.1233	2.62741	31.5	40.9
CBDDTY010002786.1	1	17447	81	10835	62.1024	1.75681	31.7	36.3
CBDDTY010002787.1	1	17436	208	13881	79.6111	4.73222	31.2	13.7
CBDDTY010002788.1	1	17426	92	14593	83.7427	2.33243	30.9	48
CBDDTY010002789.1	1	17422	89	8098	46.4815	2.07083	30.6	21.6
CBDDTY010002790.1	1	17410	97	15689	90.1149	2.22378	31.5	42.6
CBDDTY010002791.1	1	17363	125	15158	87.3006	2.80505	30.8	36.6
CBDDTY010002792.1	1	17358	100	12873	74.1618	2.5488	31.1	45.2
CBDDTY010002793.1	1	17350	95	12532	72.2305	2.20006	29.5	51.7
CBDDTY010002794.1	1	17346	22	2681	15.456	0.421826	29	9.5
CBDDTY010002795.1	1	17345	89	12118	69.8645	2.10187	30.4	42.2
CBDDTY010002796.1	1	17326	40	4519	26.0822	0.567875	30.1	11.7
CBDDTY010002797.1	1	17325	74	10860	62.684	1.43255	29.9	23.9
CBDDTY010002798.1	1	17303	228	11247	65.0003	5.9566	31.1	30.4
CBDDTY010002799.1	1	17280	76	12429	71.9271	1.72569	31	39.9
CBDDTY010002800.1	1	17280	78	9790	56.6551	1.49792	30.3	6.49
CBDDTY010002801.1	1	17256	75	3098	17.9532	1.7595	30.9	22.7
CBDDTY010002802.1	1	17247	111	14492	84.0262	2.52902	30.3	44.1
CBDDTY010002803.1	1	17240	47	6402	37.1346	1.07094	31.4	6.51
CBDDTY010002804.1	1	17229	86	10364	60.1544	1.63579	29.8	25.2
CBDDTY010002805.1	1	17221	60	7900	45.8742	1.18861	29.7	29.2
CBDDTY010002806.1	1	17219	32	4018	23.3347	0.655671	29.8	19.1
CBDDTY010002807.1	1	17213	78	10098	58.665	1.59937	30.7	8.56
CBDDTY010002808.1	1	17207	117	13838	80.4208	2.7057	31.1	39.8
CBDDTY010002809.1	1	17178	33	4701	27.3664	0.621958	31.2	7.76
CBDDTY010002810.1	1	17177	63	9436	54.9339	1.42074	30.8	39.7
CBDDTY010002811.1	1	17172	95	14747	85.8782	2.48055	30.5	57.5
CBDDTY010002812.1	1	17171	146	12867	74.9345	3.62728	30.8	35.7
CBDDTY010002813.1	1	17159	37	5538	32.2746	0.774987	32.9	3.89
CBDDTY010002814.1	1	17147	79	13002	75.8267	1.8763	30.9	43.8
CBDDTY010002815.1	1	17141	121	11259	65.6846	2.82854	30.6	22.3
CBDDTY010002816.1	1	17137	94	11186	65.274	2.40801	30.2	53.1
CBDDTY010002817.1	1	17132	84	11412	66.6122	1.96685	30.8	9.44
CBDDTY010002818.1	1	17125	73	7226	42.1956	1.78277	30.2	28.6
CBDDTY010002819.1	1	17122	81	14481	84.5754	2.13088	30.6	47.2
CBDDTY010002820.1	1	17118	9	3136	18.3199	0.222281	36.2	39.1
CBDDTY010002821.1	1	17112	112	8818	51.5311	2.17976	31.1	9.59
CBDDTY010002822.1	1	17109	115	12831	74.9956	2.40721	30.5	35.9
CBDDTY010002823.1	1	17101	73	7861	45.9681	1.44185	31.3	17.8
CBDDTY010002824.1	1	17086	238	16135	94.434	5.41806	30.6	28
CBDDTY010002825.1	1	17083	210	15208	89.0242	5.46385	31.4	31.5
CBDDTY010002826.1	1	17072	98	7815	45.7767	2.42526	30.7	18
CBDDTY010002827.1	1	17052	219	14835	86.9986	6.04627	30.1	49.5
CBDDTY010002828.1	1	17051	98	12674	74.33	2.45821	31.4	49.3
CBDDTY010002829.1	1	17033	142	16052	94.2406	3.67158	31.4	41.5
CBDDTY010002830.1	1	17027	176	12125	71.2104	3.77753	30.8	15.3
CBDDTY010002831.1	1	17023	113	12399	72.8368	2.42143	30.9	25.7
CBDDTY010002832.1	1	17021	140	14539	85.418	3.18084	30.9	37.6
CBDDTY010002833.1	1	17019	230	11536	67.7831	5.78589	30.4	18.9
CBDDTY010002834.1	1	17002	70	5575	32.7903	1.24774	31.1	15.6
CBDDTY010002835.1	1	17000	42	7465	43.9118	0.921882	29	18.9
CBDDTY010002836.1	1	17000	993	13825	81.3235	28.226	31.3	44.6
CBDDTY010002837.1	1	17000	10	2301	13.5353	0.205824	34.2	19.3
CBDDTY010002838.1	1	17000	83	12373	72.7824	1.92929	30.5	31.2
CBDDTY010002839.1	1	17000	169	12400	72.9412	3.86465	30.4	17.9
CBDDTY010002841.1	1	17000	75	7938	46.6941	1.49088	30.3	11.7
CBDDTY010002842.1	1	17000	97	10654	62.6706	2.11741	30.6	30.5
CBDDTY010002843.1	1	17000	64	7943	46.7235	1.31029	32	23.5
CBDDTY010002844.1	1	17000	83	9198	54.1059	2.27735	30.3	18.2
CBDDTY010002845.1	1	17000	86	14342	84.3647	2.17229	30.3	39.8
CBDDTY010002846.1	1	17000	61	9528	56.0471	1.45771	31	40.7
CBDDTY010002847.1	1	17000	79	12503	73.5471	1.72171	31	38.2
CBDDTY010002848.1	1	17000	187	15172	89.2471	4.90724	31.3	45.4
CBDDTY010002849.1	1	17000	83	7412	43.6	1.84853	28.7	34.8
CBDDTY010002850.1	1	17000	137	13268	78.0471	4.08824	31	14.3
CBDDTY010002851.1	1	16800	39	5082	30.25	0.662917	29.5	6.56
CBDDTY010002852.1	1	17000	116	13280	78.1176	3.01253	31.4	42.7
CBDDTY010002853.1	1	17000	87	12230	71.9412	2.11812	30.7	46.5
CBDDTY010002854.1	1	17000	215	10376	61.0353	5.88382	30.7	11.3
CBDDTY010002855.1	1	17000	60	7247	42.6294	1.26688	31.7	27
CBDDTY010002856.1	1	17000	4	2000	11.7647	0.128706	27.5	1
CBDDTY010002857.1	1	17000	135	8355	49.1471	3.38641	30.1	17.5
CBDDTY010002858.1	1	17000	4	224	1.31765	0.0341765	34	14.2
CBDDTY010002859.1	1	17000	26	5047	29.6882	0.756824	31.7	41.6
CBDDTY010002860.1	1	17000	91	12154	71.4941	2.27365	29.7	12.7
CBDDTY010002861.1	1	17000	49	7086	41.6824	1.14829	27.1	34.8
CBDDTY010002862.1	1	17000	52	7988	46.9882	1.07529	30.5	19.5
CBDDTY010002863.1	1	17000	17	5319	31.2882	0.422118	30	15.7
CBDDTY010002864.1	1	17000	18	3863	22.7235	0.298588	31.6	9.78
CBDDTY010002865.1	1	16991	120	12366	72.7797	2.64193	30.1	34.3
CBDDTY010002866.1	1	16987	112	12986	76.4467	2.75116	30.2	26.1
CBDDTY010002867.1	1	16968	80	10858	63.991	2.02988	30.5	37.8
CBDDTY010002868.1	1	16958	32	5625	33.1702	0.631207	30.2	45.3
CBDDTY010002869.1	1	16948	130	14505	85.5853	3.28346	30.4	54.5
CBDDTY010002870.1	1	16942	240	13339	78.7333	6.33638	31	26.1
CBDDTY010002871.1	1	16938	38	4552	26.8745	0.665663	30.9	28
CBDDTY010002872.1	1	16904	52	9362	55.3833	1.02567	30.3	38.7
CBDDTY010002873.1	1	16897	108	8358	49.4644	2.15861	30.7	14.3
CBDDTY010002874.1	1	16883	113	11194	66.3034	3.03708	30.3	16.8
CBDDTY010002875.1	1	16866	24	7096	42.0728	0.66803	30.4	18.9
CBDDTY010002876.1	1	16862	82	8768	51.9986	1.7186	30.5	23.5
CBDDTY010002877.1	1	16850	125	16115	95.638	3.05015	31.8	49.1
CBDDTY010002878.1	1	16849	118	11289	67.001	2.8223	29.9	20
CBDDTY010002879.1	1	16832	62	10164	60.385	1.46002	30.8	35.6
CBDDTY010002880.1	1	16821	42	6298	37.4413	0.809821	31.3	21.2
CBDDTY010002881.1	1	16812	58	9409	55.966	1.42571	28.4	30.2
CBDDTY010002882.1	1	16795	116	13867	82.5662	3.06966	30.7	47.1
CBDDTY010002883.1	1	16786	128	14004	83.4267	3.20922	30.3	38.5
CBDDTY010002884.1	1	16782	117	14876	88.6426	2.89632	29.9	39.2
CBDDTY010002885.1	1	16764	135	10904	65.0441	2.94751	31	46.6
CBDDTY010002886.1	1	16760	53	4833	28.8365	1.333	32.6	15
CBDDTY010002887.1	1	16730	102	13863	82.8631	2.82696	31.1	47.5
CBDDTY010002888.1	1	16724	145	15112	90.3612	3.57337	30.2	46.6
CBDDTY010002889.1	1	16707	100	13775	82.4505	2.45095	31.7	53.2
CBDDTY010002890.1	1	16705	93	8096	48.4645	2.36438	30.1	12
CBDDTY010002891.1	1	16699	118	11356	68.0041	2.84766	31.4	29.4
CBDDTY010002892.1	1	16683	78	10427	62.5007	1.89396	30.6	28.7
CBDDTY010002893.1	1	16666	115	15699	94.1978	3.20323	31	54.8
CBDDTY010002894.1	1	16658	113	15118	90.7552	2.87784	31.1	44.7
CBDDTY010002895.1	1	16650	91	8668	52.0601	2.1761	30.6	21
CBDDTY010002896.1	1	16650	69	9724	58.4024	1.50901	29.7	39.8
CBDDTY010002897.1	1	16647	84	9119	54.7786	1.50784	31.7	18.8
CBDDTY010002898.1	1	16635	132	13131	78.936	3.44653	30.7	45.9
CBDDTY010002899.1	1	16623	24	4308	25.9159	0.406906	31.6	9
CBDDTY010002900.1	1	16608	59	8919	53.703	1.41083	30.2	16.5
CBDDTY010002901.1	1	16601	118	15000	90.356	3.06463	31.5	50
CBDDTY010002902.1	1	16595	32	7716	46.4959	0.949563	31.6	12
CBDDTY010002903.1	1	16587	166	15989	96.3948	4.51082	30.7	41.5
CBDDTY010002904.1	1	16574	82	11333	68.3782	1.74792	30.7	40.4
CBDDTY010002905.1	1	16545	138	15510	93.7443	3.65567	30	44.2
CBDDTY010002906.1	1	16542	101	10496	63.4506	2.33043	30.8	17.9
CBDDTY010002907.1	1	16538	75	8012	48.446	1.99946	31	14.1
CBDDTY010002908.1	1	16532	46	7024	42.4873	1.24183	31.1	23
CBDDTY010002909.1	1	16522	90	6876	41.6172	2.50575	30.3	37.6
CBDDTY010002910.1	1	16519	225	14056	85.0899	6.20831	29.9	20.2
CBDDTY010002911.1	1	16513	331	13223	80.0763	8.20493	30.5	35.7
CBDDTY010002912.1	1	16506	47	9751	59.0755	1.24167	31.5	45.7
CBDDTY010002913.1	1	16469	91	10242	62.1896	2.23991	30	38.1
CBDDTY010002914.1	1	16468	96	9153	55.5805	1.76512	30.3	3.45
CBDDTY010002915.1	1	16459	72	8347	50.7139	1.75023	30.1	30.7
CBDDTY010002916.1	1	16453	99	7683	46.6967	2.28694	30.4	6.26
CBDDTY010002917.1	1	16451	89	11244	68.3484	2.12188	30.9	41.2
CBDDTY010002918.1	1	16435	72	9488	57.7305	2.13319	31	26.1
CBDDTY010002919.1	1	16414	106	14831	90.3558	2.63367	30.2	48.2
CBDDTY010002920.1	1	16408	178	12053	73.4581	4.23147	29.9	8.68
CBDDTY010002921.1	1	16407	102	9051	55.1655	2.65539	30.8	17.8
CBDDTY010002922.1	1	16395	70	8162	49.7835	1.95249	29.1	49.6
CBDDTY010002923.1	1	16391	154	13450	82.0572	4.21683	31	43.1
CBDDTY010002924.1	1	16384	36	5970	36.438	0.843262	30.6	23.4
CBDDTY010002925.1	1	16383	76	8336	50.882	1.82311	30.6	25.5
CBDDTY010002926.1	1	16380	41	8314	50.757	1.03785	31.6	43.5
CBDDTY010002927.1	1	16377	89	13514	82.5182	2.29596	30.8	47.1
CBDDTY010002928.1	1	16360	65	8564	52.3472	1.4849	31.1	26.4
CBDDTY010002929.1	1	16359	54	8399	51.3418	1.07115	30.4	37
CBDDTY010002930.1	1	16358	183	13938	85.206	5.29496	30.1	47
CBDDTY010002931.1	1	16353	80	11824	72.3048	1.84388	31.3	51.6
CBDDTY010002932.1	1	16353	221	15303	93.5792	7.52437	30.6	28.9
CBDDTY010002933.1	1	16342	49	6899	42.2164	1.05617	31.2	40.1
CBDDTY010002934.1	1	16341	69	11917	72.927	1.74243	30.7	52
CBDDTY010002935.1	1	16339	135	14448	88.4265	3.26746	30.6	36.9
CBDDTY010002936.1	1	16329	34	7547	46.2184	0.896993	30	31
CBDDTY010002937.1	1	16318	113	14229	87.1982	2.80212	31.1	49.6
CBDDTY010002938.1	1	16315	154	10770	66.0129	3.72633	29.9	51
CBDDTY010002939.1	1	16304	55	11078	67.9465	1.61611	29.7	31.4
CBDDTY010002940.1	1	16296	145	9134	56.0506	4.4603	30.6	14.3
CBDDTY010002941.1	1	16282	84	12947	79.5173	2.40321	30	47.3
CBDDTY010002942.1	1	16279	81	13935	85.6011	2.53756	31.3	53
CBDDTY010002943.1	1	16248	30	6246	38.4417	0.795483	31.4	42.2
CBDDTY010002944.1	1	16245	84	10648	65.5463	2.22388	31.1	12.1
CBDDTY010002945.1	1	16243	48	8351	51.4129	1.12122	31.9	17.6
CBDDTY010002946.1	1	16243	146	9714	59.8042	3.31281	29.7	16.7
CBDDTY010002947.1	1	16230	311	11813	72.785	9.02908	29.9	18
CBDDTY010002948.1	1	16221	90	13830	85.2598	2.181	31.6	47.1
CBDDTY010002949.1	1	16201	95	12738	78.6248	2.62947	30.7	44.4
CBDDTY010002950.1	1	16199	111	12577	77.6406	2.66103	31.6	36.6
CBDDTY010002951.1	1	16177	174	14195	87.748	5.08364	30.4	44.2
CBDDTY010002952.1	1	16176	79	8457	52.2812	1.8397	30.5	22.8
CBDDTY010002953.1	1	16160	114	14869	92.0111	2.88175	30.5	44.7
CBDDTY010002954.1	1	16148	27	5852	36.2398	0.535918	32.5	27.4
CBDDTY010002955.1	1	16119	51	5545	34.4004	1.18444	30.2	40.8
CBDDTY010002956.1	1	16086	101	10837	67.3691	2.46282	30.7	32.1
CBDDTY010002957.1	1	16084	153	15335	95.3432	4.02841	30.1	50.9
CBDDTY010002958.1	1	16078	101	12638	78.6043	2.45509	30.7	36.2
CBDDTY010002959.1	1	16074	209	15278	95.0479	5.64999	30.6	37.4
CBDDTY010002960.1	1	16069	58	5015	31.2092	1.23903	31.1	23.7
CBDDTY010002961.1	1	16061	106	11476	71.4526	2.606	31.6	40.8
CBDDTY010002962.1	1	16057	66	11199	69.7453	1.76982	30.8	29.5
CBDDTY010002963.1	1	16046	77	10814	67.3937	2.03222	30.4	36.8
CBDDTY010002964.1	1	16040	273	12127	75.6047	7.17681	30.3	28.8
CBDDTY010002965.1	1	16012	29	4206	26.2678	0.609543	29.7	14.5
CBDDTY010002966.1	1	16011	69	11186	69.8645	1.53957	31.5	39
CBDDTY010002967.1	1	16000	11	1866	11.6625	0.143563	30.9	5.45
CBDDTY010002968.1	1	16000	37	4830	30.1875	0.818375	29.3	23.7
CBDDTY010002969.1	1	16000	3	1729	10.8063	0.207063	32.9	0.667
CBDDTY010002970.1	1	16000	31	6860	42.875	0.613	29.1	30.4
CBDDTY010002971.1	1	16000	83	7664	47.9	1.99087	30	49.4
CBDDTY010002972.1	1	16000	116	8594	53.7125	2.92669	30.4	31.8
CBDDTY010002973.1	1	16000	36	4524	28.275	0.682813	32	17.5
CBDDTY010002974.1	1	16000	65	8820	55.125	1.4285	31.1	21.4
CBDDTY010002975.1	1	16000	69	11865	74.1562	1.62425	31.7	47.2
CBDDTY010002976.1	1	16000	145	13922	87.0125	3.55256	31.6	45.8
CBDDTY010002977.1	1	16000	31	3180	19.875	0.579313	32.7	11.6
CBDDTY010002978.1	1	16000	11	1335	8.34375	0.217688	31	45.5
CBDDTY010002979.1	1	16000	130	6623	41.3937	3.22556	31.1	13
CBDDTY010002980.1	1	16000	72	8387	52.4188	1.73256	31.2	11.6
CBDDTY010002981.1	1	16000	22	5075	31.7188	0.619375	29.9	34.3
CBDDTY010002982.1	1	16000	48	8815	55.0938	1.20531	30.7	35.5
CBDDTY010002983.1	1	16000	45	7530	47.0625	1.59262	31.3	29.2
CBDDTY010002984.1	1	16000	55	8276	51.725	1.36106	31.9	34.3
CBDDTY010002985.1	1	16000	84	12514	78.2125	2.33781	31.4	46.7
CBDDTY010002986.1	1	16000	72	6740	42.125	1.79175	29.8	9.92
CBDDTY010002987.1	1	16000	134	13274	82.9625	3.98125	30	32.6
CBDDTY010002988.1	1	16000	93	13192	82.45	2.38781	30.7	43.5
CBDDTY010002989.1	1	16000	98	12977	81.1063	2.14556	30.9	25.3
CBDDTY010002990.1	1	16000	92	12289	76.8063	2.57625	29.4	38.6
CBDDTY010002991.1	1	16000	76	11683	73.0187	1.84494	30.1	38.5
CBDDTY010002992.1	1	16000	58	7411	46.3188	1.3835	31.2	45.9
CBDDTY010002993.1	1	15997	159	7522	47.0213	3.71701	30.8	17.5
CBDDTY010002994.1	1	15974	115	10790	67.5473	2.90954	31.1	42.1
CBDDTY010002995.1	1	15969	78	11521	72.146	2.06882	31.3	49
CBDDTY010002996.1	1	15967	94	12219	76.5266	2.47748	30.2	38.5
CBDDTY010002997.1	1	15962	67	8805	55.1623	1.34187	30.8	32
CBDDTY010002998.1	1	15957	151	14787	92.6678	4.77953	30.8	24.8
CBDDTY010002999.1	1	15952	62	8291	51.9747	1.63484	31.3	21
CBDDTY010003000.1	1	15948	103	13545	84.9323	2.70297	30.7	46.1
CBDDTY010003001.1	1	15947	114	13872	86.9881	2.93886	31	50.8
CBDDTY010003002.1	1	15902	132	10361	65.1553	3.22922	31	35.5
CBDDTY010003003.1	1	15897	99	4534	28.5211	2.50777	31.6	15.3
CBDDTY010003004.1	1	15886	95	13609	85.6666	2.78025	31.3	54.8
CBDDTY010003005.1	1	15878	49	8117	51.121	1.43954	29.5	52.5
CBDDTY010003006.1	1	15875	177	8524	53.6945	4.88964	31.5	27.3
CBDDTY010003007.1	1	15867	18	2452	15.4535	0.376127	28.3	27.8
CBDDTY010003008.1	1	15849	31	6551	41.3338	0.866805	30.5	4.74
CBDDTY010003009.1	1	15847	63	7961	50.2366	1.49183	30.5	24.5
CBDDTY010003010.1	1	15834	44	5250	33.1565	1.02084	30.7	4.64
CBDDTY010003011.1	1	15826	80	13053	82.4782	2.34715	31.7	56.6
CBDDTY010003012.1	1	15825	75	11240	71.0269	1.74073	31.2	37.2
CBDDTY010003013.1	1	15823	95	12770	80.7053	2.48221	31	49.2
CBDDTY010003014.1	1	15795	81	11624	73.5929	1.94353	30.7	45.4
CBDDTY010003015.1	1	15786	153	12419	78.671	3.90859	30	26
CBDDTY010003016.1	1	15734	69	10096	64.1668	1.88363	30.6	39.3
CBDDTY010003017.1	1	15720	85	10486	66.7048	2.04587	31.6	16.7
CBDDTY010003018.1	1	15717	105	7121	45.3076	2.59452	30.4	28.7
CBDDTY010003019.1	1	15715	27	5496	34.973	0.742094	32.2	48.4
CBDDTY010003020.1	1	15703	99	13042	83.0542	2.81984	30.9	19.8
CBDDTY010003021.1	1	15694	147	12728	81.1011	3.683	30.5	34.1
CBDDTY010003022.1	1	15682	88	13302	84.8234	2.9266	31.2	58.7
CBDDTY010003023.1	1	15681	167	14578	92.966	4.64703	31.2	35.5
CBDDTY010003024.1	1	15664	187	10160	64.8621	4.59665	30.6	25.4
CBDDTY010003025.1	1	15644	90	10026	64.0885	2.57006	30.5	28.3
CBDDTY010003026.1	1	15642	80	9712	62.0892	2.07096	31.1	35.1
CBDDTY010003027.1	1	15634	119	12780	81.7449	2.84732	30.1	37.2
CBDDTY010003028.1	1	15631	124	12747	81.5495	3.14356	31.1	30.4
CBDDTY010003029.1	1	15601	81	10871	69.6814	2.16839	30.8	18.2
CBDDTY010003030.1	1	15597	115	14270	91.492	2.98692	31	53.4
CBDDTY010003031.1	1	15594	99	11674	74.8621	2.56368	30.7	38.1
CBDDTY010003032.1	1	15574	113	11328	72.7366	3.07679	30.3	43.2
CBDDTY010003033.1	1	15555	142	12907	82.9765	3.45657	30.3	34.4
CBDDTY010003034.1	1	15554	132	12512	80.4423	3.12093	30.2	40.7
CBDDTY010003035.1	1	15553	77	7401	47.5857	1.63538	31.2	7.23
CBDDTY010003036.1	1	15532	86	12498	80.4661	2.38115	30.2	44.1
CBDDTY010003037.1	1	15530	63	9695	62.4276	1.80077	31.1	47.6
CBDDTY010003039.1	1	15523	153	14241	91.7413	4.16144	30.6	35.2
CBDDTY010003040.1	1	15522	87	11585	74.636	2.03505	31.2	36.4
CBDDTY010003041.1	1	15520	68	10943	70.509	2.07564	30	33.2
CBDDTY010003042.1	1	15507	51	9657	62.2751	1.2188	31.7	34.1
CBDDTY010003043.1	1	15507	107	13607	87.7475	2.91707	30.1	40
CBDDTY010003044.1	1	15503	73	8127	52.4221	2.0567	30.1	38.3
CBDDTY010003045.1	1	15494	83	8204	52.9495	2.05221	31.4	21.7
CBDDTY010003046.1	1	15493	25	2580	16.6527	0.388046	29.2	12.8
CBDDTY010003047.1	1	15488	140	12302	79.4292	3.93382	31.1	25.9
CBDDTY010003048.1	1	15450	80	12154	78.6667	2.24608	31.7	55.4
CBDDTY010003049.1	1	15445	49	8396	54.3606	1.31	32.1	30.9
CBDDTY010003050.1	1	15445	39	4859	31.46	0.67899	28.5	5.38
CBDDTY010003051.1	1	15444	67	4940	31.9865	1.4177	29.7	12.9
CBDDTY010003052.1	1	15438	126	13186	85.4126	3.18325	30.8	35.3
CBDDTY010003053.1	1	15412	71	9027	58.5712	1.7038	28.8	26.1
CBDDTY010003054.1	1	15411	29	4256	27.6166	0.633314	32	17.3
CBDDTY010003055.1	1	15409	61	11454	74.3332	1.82082	32.3	41
CBDDTY010003056.1	1	15407	90	11594	75.2515	2.57454	29.9	35.6
CBDDTY010003057.1	1	15404	171	14289	92.7616	5.52194	31.4	35.1
CBDDTY010003058.1	1	15401	122	11563	75.0795	3.17213	31.2	42
CBDDTY010003059.1	1	15388	109	13831	89.8817	2.9512	31.3	19
CBDDTY010003060.1	1	15365	91	8948	58.2363	2.89841	31.3	31.5
CBDDTY010003061.1	1	15359	40	4883	31.7924	0.927795	30.3	19.9
CBDDTY010003063.1	1	15353	28	6003	39.0999	0.760959	30.5	8.21
CBDDTY010003064.1	1	15347	231	12586	82.0095	6.09038	30.2	24.1
CBDDTY010003065.1	1	15343	102	14566	94.9358	2.94792	30.7	52.9
CBDDTY010003066.1	1	15343	89	13871	90.406	2.52565	30.8	49.5
CBDDTY010003067.1	1	15337	79	10418	67.9272	1.82741	30.8	44.7
CBDDTY010003068.1	1	15331	87	9683	63.1596	2.26743	30.6	22.8
CBDDTY010003069.1	1	15324	84	7978	52.0621	2.27049	30.7	25
CBDDTY010003070.1	1	15324	30	4704	30.6969	0.604216	29.5	17.3
CBDDTY010003071.1	1	15312	149	13296	86.8339	3.72799	31.2	33
CBDDTY010003072.1	1	15306	119	13710	89.5727	3.54992	31.2	51.8
CBDDTY010003073.1	1	15290	95	13118	85.7946	2.89444	30.6	36.3
CBDDTY010003074.1	1	15284	46	5242	34.2973	1.06294	31.1	32
CBDDTY010003075.1	1	15250	94	13741	90.1049	2.69036	31.7	55.4
CBDDTY010003076.1	1	15235	71	5589	36.6853	1.32517	31.2	23.9
CBDDTY010003077.1	1	15231	102	13595	89.2587	3.4175	31.5	45.3
CBDDTY010003078.1	1	15225	34	3622	23.7898	0.638555	29	3.62
CBDDTY010003079.1	1	15223	356	14148	92.9383	9.99251	30.4	41.6
CBDDTY010003080.1	1	15212	98	11753	77.2614	2.2878	31	49.3
CBDDTY010003081.1	1	15211	70	10116	66.5045	1.7106	30.1	40.6
CBDDTY010003082.1	1	15208	35	5617	36.9345	0.748685	31.9	32.9
CBDDTY010003083.1	1	15207	76	10080	66.2853	2.08582	30.7	36.1
CBDDTY010003084.1	1	15206	147	11280	74.1812	4.05393	30	41.4
CBDDTY010003085.1	1	15206	106	14224	93.542	3.51513	30.1	41.2
CBDDTY010003086.1	1	15194	94	12313	81.0386	2.58642	30.9	45.2
CBDDTY010003087.1	1	15181	124	13027	85.8112	3.46795	30.5	47.6
CBDDTY010003088.1	1	15137	117	12963	85.6378	2.86523	30.8	37.5
CBDDTY010003089.1	1	15136	97	12633	83.4633	2.57525	30.6	30.6
CBDDTY010003090.1	1	15132	138	13950	92.1887	4.05776	30.8	51.5
CBDDTY010003091.1	1	15116	50	5055	33.4414	0.997751	31	21.4
CBDDTY010003092.1	1	15062	180	13775	91.4553	4.88122	30.9	37.5
CBDDTY010003093.1	1	15041	51	4849	32.2385	1.24353	30.3	3.78
CBDDTY010003094.1	1	15039	72	10554	70.1775	1.93085	30.1	45.2
CBDDTY010003095.1	1	15037	123	11744	78.1007	3.25477	30.5	47
CBDDTY010003096.1	1	15022	67	8822	58.7272	1.86906	29.8	32.2
CBDDTY010003097.1	1	15016	189	12168	81.0336	5.35416	30.5	4.52
CBDDTY010003098.1	1	15014	57	8325	55.4482	1.36	30.3	13.9
CBDDTY010003099.1	1	15000	73	8507	56.7133	1.93567	31.3	24.4
CBDDTY010003100.1	1	15000	102	7666	51.1067	2.29353	31.5	6.13
CBDDTY010003101.1	1	15000	42	8750	58.3333	1.20613	30.3	33.1
CBDDTY010003102.1	1	15000	12	1542	10.28	0.5754	32	5.08
CBDDTY010003103.1	1	15000	202	11115	74.1	12.0991	31.8	2.04
CBDDTY010003104.1	1	15000	70	10369	69.1267	1.90787	31	42.1
CBDDTY010003105.1	1	15000	97	8754	58.36	3.12913	30.8	8.41
CBDDTY010003106.1	1	15000	38	7313	48.7533	0.9944	32.5	15.7
CBDDTY010003107.1	1	15000	105	13163	87.7533	2.71653	30.7	39.4
CBDDTY010003108.1	1	14800	80	5680	38.3784	1.98764	30.1	15.1
CBDDTY010003109.1	1	15000	56	6626	44.1733	1.6662	31.1	11.8
CBDDTY010003110.1	1	15000	51	8725	58.1667	1.7092	30.8	31.6
CBDDTY010003111.1	1	15000	32	5896	39.3067	0.890267	29.3	10.5
CBDDTY010003112.1	1	15000	101	11843	78.9533	2.62233	29.6	35.9
CBDDTY010003113.1	1	15000	87	10823	72.1533	2.47433	30.8	36.2
CBDDTY010003114.1	1	15000	14	1140	7.6	0.5558	31.8	1.93
CBDDTY010003115.1	1	15000	72	7556	50.3733	1.87553	30.4	9.79
CBDDTY010003116.1	1	15000	90	13297	88.6467	2.71307	31	38.9
CBDDTY010003117.1	1	15000	3	599	3.99333	0.056	31.6	40.3
CBDDTY010003118.1	1	15000	19	4531	30.2067	0.3874	30.3	12.5
CBDDTY010003119.1	1	15000	123	11073	73.82	3.25193	31.4	24
CBDDTY010003120.1	1	15000	100	13108	87.3867	2.85273	30.3	47.5
CBDDTY010003121.1	1	15000	88	7536	50.24	1.83267	31.4	17.9
CBDDTY010003122.1	1	14987	128	14169	94.5419	3.82258	31.2	54.8
CBDDTY010003123.1	1	14980	56	7352	49.0788	1.21816	30.5	28.1
CBDDTY010003124.1	1	14957	92	10659	71.2643	2.96918	29.6	31.4
CBDDTY010003125.1	1	14953	64	9591	64.141	1.63934	31.5	43.7
CBDDTY010003126.1	1	14940	192	12085	80.8902	5.59819	30	42.4
CBDDTY010003127.1	1	14912	86	7888	52.897	2.02367	31	25.6
CBDDTY010003128.1	1	14898	64	7554	50.7048	1.81722	31.5	7.83
CBDDTY010003129.1	1	14895	42	8525	57.234	0.982679	30.5	16.6
CBDDTY010003130.1	1	14890	107	13108	88.0322	3.03237	30.8	41.2
CBDDTY010003131.1	1	14887	513	14615	98.1729	15.4428	30.9	41.9
CBDDTY010003132.1	1	14882	85	12444	83.6178	2.40485	31.5	49.8
CBDDTY010003133.1	1	14871	41	5808	39.0559	0.793289	31.2	5.71
CBDDTY010003134.1	1	14870	136	12711	85.4808	3.55266	31.2	33.1
CBDDTY010003135.1	1	14853	97	12940	87.1204	3.03683	30.7	56.9
CBDDTY010003136.1	1	14844	52	9218	62.0992	1.31871	30.6	18.9
CBDDTY010003137.1	1	14837	96	12059	81.2765	2.60032	29.8	47.7
CBDDTY010003138.1	1	14833	110	13312	89.7458	3.09304	31.7	47.5
CBDDTY010003139.1	1	14830	86	10577	71.3216	2.29966	31.2	29.8
CBDDTY010003140.1	1	14798	110	12931	87.3834	2.93655	30.5	47.8
CBDDTY010003141.1	1	14795	80	12589	85.0896	2.33349	30.7	50.6
CBDDTY010003142.1	1	14794	105	8841	59.7607	2.47533	29.9	13.3
CBDDTY010003143.1	1	14780	148	12966	87.7267	4.59161	31.9	31.6
CBDDTY010003144.1	1	14777	227	6996	47.3438	5.24044	30.1	11.4
CBDDTY010003145.1	1	14776	17	3884	26.2859	0.362277	30.3	17.9
CBDDTY010003146.1	1	14758	40	7274	49.2885	0.997696	30.9	22.6
CBDDTY010003147.1	1	14753	61	10808	73.2597	1.81855	30.9	46.4
CBDDTY010003148.1	1	14744	51	7245	49.1386	1.44486	31.9	31.6
CBDDTY010003149.1	1	14715	85	12604	85.6541	2.5351	30.3	43.9
CBDDTY010003150.1	1	14705	240	9873	67.1404	6.10847	31.1	11.6
CBDDTY010003151.1	1	14695	35	5179	35.2433	1.0015	33	23.5
CBDDTY010003152.1	1	14691	29	6056	41.2225	0.754476	31.1	38.8
CBDDTY010003153.1	1	14690	63	10523	71.6338	1.66896	29.5	42.8
CBDDTY010003154.1	1	14668	45	5543	37.7897	1.02563	31.7	26.2
CBDDTY010003155.1	1	14656	49	7493	51.1258	1.18477	30.7	42.5
CBDDTY010003156.1	1	14647	117	13946	95.214	3.82706	31.3	48.3
CBDDTY010003157.1	1	14637	56	7725	52.7772	1.73307	30.8	41.2
CBDDTY010003158.1	1	14622	66	10798	73.8476	2.15292	31.4	51.9
CBDDTY010003159.1	1	14620	18	4957	33.9056	0.464501	29.5	6.11
CBDDTY010003160.1	1	14620	96	5087	34.7948	2.90027	31.9	12.5
CBDDTY010003161.1	1	14619	24	2203	15.0694	0.47705	30.2	10.5
CBDDTY010003162.1	1	14614	100	10670	73.0122	2.65006	30.3	47.6
CBDDTY010003163.1	1	14600	69	10341	70.8288	1.76192	31.1	44.7
CBDDTY010003164.1	1	14594	72	8358	57.2701	1.9632	30.3	29.9
CBDDTY010003165.1	1	14591	75	10203	69.9267	2.33603	30.5	49.5
CBDDTY010003166.1	1	14587	98	8547	58.5933	3.01508	30.4	47.5
CBDDTY010003167.1	1	14585	88	10724	73.5276	2.58135	29.8	49.3
CBDDTY010003168.1	1	14585	182	13390	91.8067	4.71992	30.6	37.4
CBDDTY010003169.1	1	14578	16	1821	12.4914	0.264851	28	12.8
CBDDTY010003170.1	1	14578	129	8906	61.0921	3.13671	31.1	5.32
CBDDTY010003171.1	1	14571	22	3146	21.5908	0.427973	29	7.36
CBDDTY010003172.1	1	14562	77	10909	74.9142	1.96724	31	48.9
CBDDTY010003173.1	1	14557	67	8971	61.6267	1.85114	30.4	33.5
CBDDTY010003174.1	1	14550	54	7621	52.378	1.48612	30.6	23.8
CBDDTY010003175.1	1	14548	55	6387	43.9029	1.48282	30	9.25
CBDDTY010003176.1	1	14541	92	8351	57.4307	2.80428	30.8	6.09
CBDDTY010003177.1	1	14528	275	12551	86.3918	7.18309	31.2	19.2
CBDDTY010003178.1	1	14506	89	10250	70.6604	2.51696	30.6	31.6
CBDDTY010003179.1	1	14470	64	8019	55.4181	1.59641	30.7	17.4
CBDDTY010003180.1	1	14455	136	12843	88.8481	3.78457	31.1	39.9
CBDDTY010003181.1	1	14452	61	8571	59.3067	1.7554	29.7	7.62
CBDDTY010003182.1	1	14450	71	10391	71.91	2.03619	31	41.1
CBDDTY010003183.1	1	14450	33	2441	16.8927	0.736471	31.8	3.79
CBDDTY010003184.1	1	14437	70	11387	78.8737	2.096	30.5	48.8
CBDDTY010003185.1	1	14415	102	13869	96.2123	2.90121	31.2	49.1
CBDDTY010003186.1	1	14370	126	11973	83.3194	3.50717	30.4	32.6
CBDDTY010003187.1	1	14351	46	8875	61.8424	1.11086	30.5	40
CBDDTY010003188.1	1	14350	28	4823	33.6098	0.576446	30.5	3.57
CBDDTY010003189.1	1	14346	52	6574	45.8246	1.37913	30.1	7.9
CBDDTY010003190.1	1	14343	72	10431	72.7254	1.74148	30.5	41.9
CBDDTY010003191.1	1	14302	63	3955	27.6535	1.84436	29.9	32.3
CBDDTY010003192.1	1	14287	136	11394	79.7508	3.88185	30.9	39.5
CBDDTY010003193.1	1	14272	53	8216	57.5673	1.331	29.7	22.3
CBDDTY010003194.1	1	14271	24	3410	23.8946	0.474529	30.9	7.92
CBDDTY010003195.1	1	14266	13	3057	21.4286	0.242395	29.5	8.46
CBDDTY010003196.1	1	14261	93	11607	81.3898	2.95162	31.5	52.1
CBDDTY010003197.1	1	14242	130	6115	42.9364	4.73157	31.2	14
CBDDTY010003198.1	1	14230	41	4197	29.494	0.934505	30.7	8.68
CBDDTY010003199.1	1	14221	21	2896	20.3643	0.285423	31.9	6.67
CBDDTY010003200.1	1	14164	40	6444	45.4956	0.910336	30.1	35.5
CBDDTY010003201.1	1	14142	86	6097	43.1127	2.37116	31.6	3.52
CBDDTY010003202.1	1	14129	44	7600	53.7901	1.22089	30.8	27.1
CBDDTY010003203.1	1	14119	93	12956	91.7629	2.87435	31.4	55.8
CBDDTY010003204.1	1	14115	65	5000	35.4233	1.90783	30.3	1.95
CBDDTY010003205.1	1	14072	49	7306	51.9187	1.23579	30.4	31.1
CBDDTY010003206.1	1	14036	89	11635	82.894	2.60131	31.1	53.2
CBDDTY010003207.1	1	14035	100	11073	78.8956	2.87795	29.5	54.9
CBDDTY010003208.1	1	14030	96	11314	80.6415	2.46244	30.7	33
CBDDTY010003209.1	1	14024	87	12459	88.8406	2.46863	29.6	51
CBDDTY010003210.1	1	14000	76	7140	51	2.27957	26.7	16.7
CBDDTY010003211.1	1	14000	121	11449	81.7786	4.01893	31.5	11.4
CBDDTY010003212.1	1	14000	55	7622	54.4429	1.55157	30	13.6
CBDDTY010003213.1	1	14000	55	6215	44.3929	1.39736	30.6	20.5
CBDDTY010003214.1	1	14000	461	10740	76.7143	15.589	31.3	25.3
CBDDTY010003215.1	1	14000	40	6067	43.3357	1.65193	31.8	7.47
CBDDTY010003216.1	1	14000	27	3741	26.7214	0.558929	32.9	6.7
CBDDTY010003217.1	1	14000	51	4365	31.1786	1.04986	32	0.51
CBDDTY010003218.1	1	14000	86	8637	61.6929	2.72371	30.1	3.38
CBDDTY010003219.1	1	14000	32	4225	30.1786	0.776357	31.2	39.2
CBDDTY010003220.1	1	14000	127	7341	52.4357	4.42314	31	6.02
CBDDTY010003221.1	1	14000	90	8684	62.0286	2.94743	30.6	17.1
CBDDTY010003222.1	1	14000	210	8468	60.4857	6.11621	31.1	43
CBDDTY010003223.1	1	14000	30	7226	51.6143	0.944214	29.1	36.9
CBDDTY010003224.1	1	14000	65	12089	86.35	2.07679	30.7	53.7
CBDDTY010003225.1	1	14000	39	4790	34.2143	1.06907	31.9	22.6
CBDDTY010003226.1	1	14000	109	11971	85.5071	2.52286	29.7	32.1
CBDDTY010003227.1	1	14000	190	11210	80.0714	5.46657	31.8	20.5
CBDDTY010003228.1	1	14000	82	5253	37.5214	1.85021	31.4	11.2
CBDDTY010003229.1	1	14000	80	11187	79.9071	2.30143	31.1	39
CBDDTY010003230.1	1	14000	88	8878	63.4143	2.86829	29.8	26.7
CBDDTY010003231.1	1	14000	227	12683	90.5929	7.30314	30.3	41.8
CBDDTY010003232.1	1	14000	38	4903	35.0214	1.2105	30.9	47.9
CBDDTY010003233.1	1	14000	28	4857	34.6929	0.716214	29.6	44
CBDDTY010003234.1	1	13998	47	5993	42.8133	1.37927	30	7
CBDDTY010003235.1	1	13987	114	12134	86.752	3.00129	30.6	36.6
CBDDTY010003236.1	1	13986	82	9233	66.016	2.24846	31	40.8
CBDDTY010003237.1	1	13979	116	12929	92.4887	3.56621	30.5	41.9
CBDDTY010003238.1	1	13970	83	10913	78.1174	2.54309	30.5	39.7
CBDDTY010003239.1	1	13967	180	10786	77.2249	4.42586	31.2	25.2
CBDDTY010003240.1	1	13962	128	12368	88.5833	4.08824	30.6	39
CBDDTY010003241.1	1	13931	37	7008	50.3051	0.958869	32.2	27.3
CBDDTY010003242.1	1	13930	49	7111	51.0481	1.03367	30.8	13.9
CBDDTY010003243.1	1	13924	72	3233	23.2189	1.53311	31.9	5.83
CBDDTY010003244.1	1	13913	77	11161	80.2199	2.37512	31.6	45.1
CBDDTY010003245.1	1	13897	55	7231	52.0328	1.45873	31	26
CBDDTY010003246.1	1	13896	86	12351	88.8817	2.79836	31.5	56.4
CBDDTY010003247.1	1	13861	276	12432	89.6905	8.75557	29	17.7
CBDDTY010003248.1	1	13842	55	9036	65.2796	1.59233	31.5	52.5
CBDDTY010003249.1	1	13836	79	12081	87.3157	2.81237	30.6	45.1
CBDDTY010003250.1	1	13828	15	3063	22.1507	0.382919	29.4	0.333
CBDDTY010003251.1	1	13817	56	8617	62.3652	1.78099	30.1	41.8
CBDDTY010003252.1	1	13814	63	5903	42.732	1.8912	31.9	20.8
CBDDTY010003253.1	1	13795	88	11898	86.2486	3.05364	30.1	54.8
CBDDTY010003254.1	1	13791	127	13551	98.2597	4.01675	30	46.7
CBDDTY010003255.1	1	13781	47	6328	45.9183	0.977433	31.4	7.85
CBDDTY010003256.1	1	13755	89	8455	61.4686	2.35543	31.8	16.7
CBDDTY010003257.1	1	13741	38	5103	37.137	0.915872	31.3	19.7
CBDDTY010003258.1	1	13738	17	2869	20.8837	0.378439	29.2	1
CBDDTY010003259.1	1	13738	211	11346	82.5884	6.01012	30.6	27.4
CBDDTY010003260.1	1	13703	108	9401	68.6054	3.616	30.6	27.9
CBDDTY010003261.1	1	13683	89	4206	30.7389	2.41921	31.6	11.7
CBDDTY010003262.1	1	13672	67	7482	54.725	2.07373	31.6	25.3
CBDDTY010003263.1	1	13665	99	10855	79.4365	2.81859	30.7	28.7
CBDDTY010003264.1	1	13641	160	12604	92.3979	4.52833	30.7	36.9
CBDDTY010003265.1	1	13631	59	10393	76.2453	1.65446	30.2	43.9
CBDDTY010003266.1	1	13622	79	9536	70.0044	2.63574	29.7	12.8
CBDDTY010003267.1	1	13600	20	4312	31.7059	0.436691	30.2	13.9
CBDDTY010003268.1	1	13597	64	8281	60.9031	1.54894	30.9	49.3
CBDDTY010003269.1	1	13596	112	11661	85.7679	3.20352	30.3	39.3
CBDDTY010003270.1	1	13587	54	4688	34.5036	1.84228	30.8	13.3
CBDDTY010003271.1	1	13574	178	10787	79.4681	4.62605	30.9	27.1
CBDDTY010003272.1	1	13569	129	10841	79.8953	3.83654	29.8	49.5
CBDDTY010003273.1	1	13555	40	6699	49.4209	1.34083	30.5	9.15
CBDDTY010003274.1	1	13533	202	10876	80.3665	6.45821	31.2	44.3
CBDDTY010003275.1	1	13524	170	11009	81.4034	6.19491	31.1	20.1
CBDDTY010003276.1	1	13513	81	8269	61.1929	2.50233	31.6	28.9
CBDDTY010003277.1	1	13511	159	11566	85.6043	5.40974	30.7	35
CBDDTY010003278.1	1	13507	101	8682	64.2778	3.01066	30.8	17.8
CBDDTY010003279.1	1	13494	106	8493	62.9391	2.80814	29.7	33.3
CBDDTY010003280.1	1	13492	89	9929	73.5918	2.9247	30.4	41.3
CBDDTY010003281.1	1	13479	50	4610	34.2014	1.49544	30.2	14.6
CBDDTY010003282.1	1	13457	58	6986	51.9135	1.49989	30.9	17.4
CBDDTY010003283.1	1	13448	102	9059	67.3632	3.01576	31.4	36.3
CBDDTY010003284.1	1	13439	49	9242	68.77	1.52846	29.4	37.4
CBDDTY010003285.1	1	13418	74	8883	66.2021	2.34953	31.6	35.8
CBDDTY010003286.1	1	13417	36	6157	45.8895	0.809868	30.8	36
CBDDTY010003287.1	1	13416	130	11259	83.9222	4.404	30.8	37
CBDDTY010003288.1	1	13414	64	9298	69.3156	2.02199	31.2	43
CBDDTY010003289.1	1	13408	76	8559	63.835	2.27267	30.2	43.1
CBDDTY010003290.1	1	13376	64	11442	85.5413	2.15535	30.5	54.9
CBDDTY010003291.1	1	13362	87	8345	62.4532	2.38639	30.7	31.9
CBDDTY010003292.1	1	13360	96	12605	94.3488	3.40015	30.9	54.6
CBDDTY010003293.1	1	13360	63	8915	66.729	1.88054	30	45
CBDDTY010003294.1	1	13357	9	1323	9.90492	0.226323	26.5	11.4
CBDDTY010003295.1	1	13354	164	13266	99.341	5.74802	30.6	45.9
CBDDTY010003296.1	1	13320	48	8118	60.9459	1.4964	30.3	33.6
CBDDTY010003297.1	1	13310	122	11699	87.8963	3.86056	30.9	36.6
CBDDTY010003298.1	1	13304	61	5624	42.273	1.96046	30	13.3
CBDDTY010003299.1	1	13302	372	8177	61.472	10.7749	30.6	3.47
CBDDTY010003300.1	1	13293	42	6873	51.7039	1.37824	32.6	42.9
CBDDTY010003301.1	1	13273	260	12656	95.3515	9.14217	29.7	37.1
CBDDTY010003302.1	1	13271	83	11015	83.0005	2.61201	30	43.5
CBDDTY010003303.1	1	13257	283	10421	78.6075	9.44882	30.6	20.7
CBDDTY010003304.1	1	13210	154	9738	73.7169	4.05829	31.1	28.2
CBDDTY010003305.1	1	13207	48	8462	64.0721	1.61793	28.9	27.6
CBDDTY010003306.1	1	13199	73	8965	67.9218	2.26494	30.5	43.3
CBDDTY010003307.1	1	13153	83	8182	62.2063	2.33316	30.8	48
CBDDTY010003308.1	1	13143	67	10893	82.8806	2.47036	32.2	51.9
CBDDTY010003309.1	1	13133	63	8903	67.7911	2.11323	32	45.7
CBDDTY010003310.1	1	13100	49	7223	55.1374	1.42137	29.4	44.3
CBDDTY010003311.1	1	13099	88	4735	36.1478	2.23299	29.9	30.1
CBDDTY010003312.1	1	13057	120	10034	76.8477	4.93605	30.3	17
CBDDTY010003313.1	1	13038	246	10993	84.3151	8.67426	30.2	40.3
CBDDTY010003314.1	1	13028	151	12369	94.9417	5.22152	30.4	46.5
CBDDTY010003315.1	1	13010	18	3115	23.9431	0.406072	31.8	12.1
CBDDTY010003316.1	1	13000	54	7816	60.1231	1.443	29.9	11.2
CBDDTY010003317.1	1	13000	3	528	4.06154	0.0504615	31	0.333
CBDDTY010003318.1	1	13000	88	8459	65.0692	2.75038	31.4	20.9
CBDDTY010003319.1	1	13000	91	8627	66.3615	2.07508	30.7	33.3
CBDDTY010003320.1	1	13000	66	9010	69.3077	2.24946	31.6	48.5
CBDDTY010003321.1	1	13000	27	4877	37.5154	0.830692	34	39.2
CBDDTY010003322.1	1	13000	106	5048	38.8308	3.21092	31	8.16
CBDDTY010003323.1	1	13000	87	7936	61.0462	3.76323	30.9	36.8
CBDDTY010003324.1	1	13000	22	4634	35.6462	0.571615	32.3	21.8
CBDDTY010003325.1	1	13000	79	9538	73.3692	2.95838	30.7	43.3
CBDDTY010003326.1	1	13000	54	5415	41.6538	1.48877	31.8	21.4
CBDDTY010003327.1	1	13000	70	7879	60.6077	2.17977	30.8	12.6
CBDDTY010003328.1	1	13000	58	6980	53.6923	1.834	30.6	4.9
CBDDTY010003330.1	1	13000	166	11689	89.9154	6.34485	30.6	14.7
CBDDTY010003331.1	1	13000	10	2121	16.3154	0.274	32.4	5.8
CBDDTY010003332.1	1	13000	53	6283	48.3308	1.85954	30.7	38.6
CBDDTY010003333.1	1	13000	59	8283	63.7154	1.96569	30.9	33
CBDDTY010003334.1	1	13000	5	1464	11.2615	0.130846	30.5	0.4
CBDDTY010003335.1	1	13000	139	3785	29.1154	3.58885	31.5	14.4
CBDDTY010003336.1	1	13000	86	10259	78.9154	2.68277	30.5	46
CBDDTY010003337.1	1	13000	36	6188	47.6	0.852923	30.5	21.5
CBDDTY010003338.1	1	13000	46	7269	55.9154	1.54123	31.2	49.6
CBDDTY010003339.1	1	13000	60	2955	22.7308	2.40254	29.7	18.6
CBDDTY010003340.1	1	13000	86	11886	91.4308	2.99354	31.1	50
CBDDTY010003341.1	1	13000	53	9743	74.9462	1.83277	29.9	44.3
CBDDTY010003342.1	1	13000	13	2420	18.6154	0.291231	29.3	6.92
CBDDTY010003343.1	1	13000	490	10277	79.0538	19.1272	30.6	24.6
CBDDTY010003344.1	1	13000	68	10774	82.8769	1.91577	31.3	39.4
CBDDTY010003345.1	1	13000	41	9159	70.4538	1.57446	30.9	15.3
CBDDTY010003346.1	1	13000	67	9793	75.3308	2.21777	31.2	48.4
CBDDTY010003347.1	1	13000	14	2533	19.4846	0.286769	30.9	28
CBDDTY010003348.1	1	13000	57	9115	70.1154	1.87238	30.6	20.9
CBDDTY010003349.1	1	13000	89	10921	84.0077	2.58715	31.2	41.8
CBDDTY010003350.1	1	13000	43	5927	45.5923	1.13138	30.3	16.8
CBDDTY010003351.1	1	13000	35	6184	47.5692	0.908462	30.2	31.8
CBDDTY010003352.1	1	13000	47	7648	58.8308	1.37292	31.9	22.9
CBDDTY010003353.1	1	12996	48	3717	28.6011	1.56371	30.7	48.4
CBDDTY010003354.1	1	12987	101	10714	82.4979	3.04689	30.6	45.7
CBDDTY010003355.1	1	12927	100	11362	87.8936	3.11519	31.2	44
CBDDTY010003356.1	1	12912	32	5893	45.6397	0.842162	31.4	30.7
CBDDTY010003357.1	1	12876	48	6051	46.9944	1.47414	29.9	23.7
CBDDTY010003358.1	1	12869	95	12155	94.4518	3.58691	32.5	50.5
CBDDTY010003359.1	1	12850	67	8333	64.8482	2.55611	30.7	54.8
CBDDTY010003360.1	1	12846	79	7626	59.3648	2.35357	30.3	9.62
CBDDTY010003361.1	1	12845	148	12259	95.4379	5.44204	30.8	49
CBDDTY010003362.1	1	12831	9	1651	12.8673	0.219235	32	14.2
CBDDTY010003363.1	1	12826	90	9784	76.2826	3.25994	31.5	20.4
CBDDTY010003364.1	1	12808	116	7976	62.2736	3.32675	30.5	17.2
CBDDTY010003365.1	1	12798	39	9335	72.9411	1.35466	31.5	45.2
CBDDTY010003366.1	1	12741	109	10208	80.1193	3.64987	30.6	48.6
CBDDTY010003367.1	1	12675	303	8802	69.4438	11.0907	30.3	30
CBDDTY010003368.1	1	12660	84	10303	81.3823	3.03254	30.4	21.2
CBDDTY010003369.1	1	12650	42	8067	63.7708	1.12213	30.9	43.8
CBDDTY010003370.1	1	12644	174	8080	63.9038	6.21971	30.6	48.1
CBDDTY010003371.1	1	12631	14	928	7.347	0.217877	29.9	4.5
CBDDTY010003372.1	1	12581	24	4021	31.9609	0.477625	32.7	26
CBDDTY010003373.1	1	12555	113	10915	86.9375	3.92322	31.3	49.4
CBDDTY010003374.1	1	12554	53	10439	83.1528	1.8469	30.5	33
CBDDTY010003375.1	1	12550	82	7268	57.9124	3.14645	31	28.2
CBDDTY010003376.1	1	12522	138	9500	75.8665	4.50807	30	24.2
CBDDTY010003377.1	1	12522	78	8635	68.9586	2.80187	31.2	29.2
CBDDTY010003378.1	1	12449	115	11816	94.9153	3.61772	30.6	44.3
CBDDTY010003379.1	1	12445	157	7852	63.0936	4.94801	31	13.3
CBDDTY010003380.1	1	12437	121	11603	93.2942	4.38313	30.7	42.8
CBDDTY010003381.1	1	12423	80	11294	90.912	3.38525	31.4	54.9
CBDDTY010003382.1	1	12404	79	9320	75.1371	3.25202	30.4	42.8
CBDDTY010003383.1	1	12356	60	8891	71.9569	2.09647	29.9	36.3
CBDDTY010003384.1	1	12254	106	10399	84.8621	3.65317	30.9	37.2
CBDDTY010003385.1	1	12235	111	3723	30.4291	3.50184	32.2	28.2
CBDDTY010003386.1	1	12228	42	3078	25.1717	1.28598	32	42.7
CBDDTY010003387.1	1	12221	50	7185	58.7922	2.06718	33.5	23.8
CBDDTY010003388.1	1	12216	31	4230	34.6267	0.756958	29.9	30.9
CBDDTY010003389.1	1	12192	39	7293	59.8179	1.56422	30	43.3
CBDDTY010003390.1	1	12181	65	9461	77.6701	2.0266	30.4	42.1
CBDDTY010003391.1	1	12163	104	10066	82.7592	3.27057	30.2	48.6
CBDDTY010003392.1	1	12160	10	2366	19.4572	0.557566	31.5	2.9
CBDDTY010003393.1	1	12114	66	9826	81.1128	1.84431	31.4	36.4
CBDDTY010003394.1	1	12084	50	8058	66.6832	1.54527	30.7	29.3
CBDDTY010003395.1	1	12077	96	7497	62.0767	2.98518	31.3	8
CBDDTY010003396.1	1	12074	85	6998	57.9593	2.44931	30.9	23.1
CBDDTY010003397.1	1	12049	38	6807	56.4943	1.38725	30.6	21.7
CBDDTY010003398.1	1	12021	75	10628	88.4119	2.54629	30.9	50.6
CBDDTY010003399.1	1	12011	26	4113	34.2436	0.606111	30.5	11.4
CBDDTY010003400.1	1	12000	381	11271	93.925	14.2684	31.5	34.9
CBDDTY010003401.1	1	12000	13	2196	18.3	0.25175	31.5	29.4
CBDDTY010003402.1	1	12000	65	6811	56.7583	1.92675	30.9	11.3
CBDDTY010003403.1	1	12000	98	6499	54.1583	3.70525	30.3	16.4
CBDDTY010003404.1	1	12000	58	9175	76.4583	1.84875	30.3	33.4
CBDDTY010003405.1	1	12000	56	6247	52.0583	2.02242	31.3	27.2
CBDDTY010003406.1	1	12000	50	8513	70.9417	1.805	30.1	34.3
CBDDTY010003407.1	1	12000	63	9416	78.4667	2.41075	30.7	56.1
CBDDTY010003408.1	1	12000	99	9663	80.525	3.69033	32.1	28.2
CBDDTY010003409.1	1	12000	34	6600	55	1.24083	29.9	29.6
CBDDTY010003410.1	1	12000	27	3722	31.0167	1.02808	31.8	37.8
CBDDTY010003411.1	1	12000	96	5259	43.825	3.93625	28.3	6.4
CBDDTY010003412.1	1	12000	66	5960	49.6667	1.96258	30	31.8
CBDDTY010003413.1	1	12000	43	5947	49.5583	1.28767	30.9	7.14
CBDDTY010003414.1	1	12000	43	6099	50.825	1.65508	32.3	12.3
CBDDTY010003415.1	1	12000	52	6506	54.2167	1.45517	30.2	21.6
CBDDTY010003416.1	1	12000	95	9236	76.9667	3.46383	31.4	23.7
CBDDTY010003417.1	1	12000	47	5721	47.675	2.0165	31.8	7.19
CBDDTY010003418.1	1	12000	7	1079	8.99167	0.194417	35.1	18.6
CBDDTY010003419.1	1	12000	111	8859	73.825	3.67042	31.6	8.2
CBDDTY010003420.1	1	12000	59	7081	59.0083	1.41133	30.2	28.5
CBDDTY010003421.1	1	12000	13	2699	22.4917	0.341583	28.3	15.4
CBDDTY010003422.1	1	12000	72	10102	84.1833	2.78783	29.8	32.6
CBDDTY010003423.1	1	12000	158	3757	31.3083	5.3985	31.3	40.9
CBDDTY010003424.1	1	12000	25	4204	35.0333	0.770167	31.5	25.6
CBDDTY010003425.1	1	12000	28	6072	50.6	0.911333	29.6	49.2
CBDDTY010003426.1	1	12000	72	10971	91.425	2.64408	30.9	32.9
CBDDTY010003427.1	1	11972	84	9388	78.4163	3.07718	30.1	46.2
CBDDTY010003428.1	1	11969	30	5030	42.0252	1.13852	32.1	34.9
CBDDTY010003429.1	1	11949	67	8986	75.2029	2.15926	30.9	37.9
CBDDTY010003430.1	1	11948	74	4762	39.856	2.45531	30.4	14
CBDDTY010003431.1	1	11920	86	9184	77.047	2.7526	31.4	35
CBDDTY010003432.1	1	11908	90	9309	78.1743	3.0063	31	44
CBDDTY010003433.1	1	11906	479	10337	86.8218	17.8486	30.6	30.9
CBDDTY010003434.1	1	11850	65	10275	86.7089	2.52143	30.2	54.7
CBDDTY010003435.1	1	11830	5	891	7.5317	0.0844463	32.1	4.4
CBDDTY010003436.1	1	11819	187	10948	92.6305	7.06955	31.2	23.3
CBDDTY010003437.1	1	11812	40	4569	38.681	1.08161	31.5	22.9
CBDDTY010003438.1	1	11777	29	5755	48.8664	1.04127	30.2	18.4
CBDDTY010003439.1	1	11758	63	9675	82.2844	2.29775	30.4	51.3
CBDDTY010003440.1	1	11712	56	6848	58.4699	2.09793	30.3	31.7
CBDDTY010003441.1	1	11691	56	8182	69.9855	1.81054	31.4	40.1
CBDDTY010003442.1	1	11671	82	8764	75.0921	3.59318	30.2	50.3
CBDDTY010003443.1	1	11620	3	754	6.48881	0.0648881	31.7	25.3
CBDDTY010003444.1	1	11610	74	11210	96.5547	3.04152	30.8	55.6
CBDDTY010003445.1	1	11603	69	8027	69.1804	2.73266	31.7	22.6
CBDDTY010003446.1	1	11576	64	10691	92.3549	2.54423	30.7	50.8
CBDDTY010003447.1	1	11553	138	10004	86.5922	5.01428	30.9	48
CBDDTY010003448.1	1	11552	75	9127	79.008	2.48572	29.9	30.9
CBDDTY010003449.1	1	11502	90	10217	88.828	3.28221	29.6	39.6
CBDDTY010003450.1	1	11471	106	10609	92.4854	3.54259	30.7	39.1
CBDDTY010003451.1	1	11420	28	5898	51.6462	1.02539	31.9	16.1
CBDDTY010003452.1	1	11332	52	7584	66.9255	2.03089	30.4	22.8
CBDDTY010003453.1	1	11309	24	6411	56.6894	1.02715	30.6	28.8
CBDDTY010003454.1	1	11270	57	10397	92.2538	2.45697	30.4	43.7
CBDDTY010003455.1	1	11221	64	10565	94.1538	2.2236	30.8	41.4
CBDDTY010003456.1	1	11168	161	11045	98.8986	6.51979	30.9	43.8
CBDDTY010003457.1	1	11122	277	11113	99.9191	11.7277	30.9	52.9
CBDDTY010003458.1	1	11099	54	9691	87.3142	2.10596	30.1	54.3
CBDDTY010003459.1	1	11000	201	10586	96.2364	8.10327	30.7	47.8
CBDDTY010003460.1	1	11000	141	9306	84.6	5.81227	30.1	29.1
CBDDTY010003461.1	1	11000	189	7044	64.0364	7.708	30.5	39.1
CBDDTY010003462.1	1	11000	90	8030	73	3.73545	29.6	39
CBDDTY010003463.1	1	11000	28	6076	55.2364	0.968818	31.1	52.2
CBDDTY010003464.1	1	11000	14	3437	31.2455	0.522	30.1	9.93
CBDDTY010003465.1	1	11000	160	8212	74.6545	5.62927	30.8	27.5
CBDDTY010003466.1	1	11000	53	7450	67.7273	1.76109	29.9	16.4
CBDDTY010003467.1	1	11000	42	4177	37.9727	0.997818	31.3	13.1
CBDDTY010003468.1	1	11000	67	7870	71.5455	2.25064	30.5	39.2
CBDDTY010003469.1	1	11000	6	756	6.87273	0.169636	30.3	16.2
CBDDTY010003470.1	1	11000	12	3381	30.7364	0.484455	31	12.2
CBDDTY010003471.1	1	11000	54	7408	67.3455	1.83909	30.7	34.9
CBDDTY010003472.1	1	11000	36	5019	45.6273	1.16318	32.3	17.7
CBDDTY010003473.1	1	11000	12	2258	20.5273	0.398182	33.1	29.2
CBDDTY010003474.1	1	11000	5	823	7.48182	0.116727	28.5	4.4
CBDDTY010003475.1	1	11000	59	5496	49.9636	1.72509	30.8	0.22
CBDDTY010003476.1	1	11000	223	8809	80.0818	9.44691	30.8	38.9
CBDDTY010003477.1	1	11000	45	5676	51.6	1.56309	31.4	51.2
CBDDTY010003478.1	1	11000	20	4160	37.8182	0.687545	30.3	34.9
CBDDTY010003479.1	1	11000	157	8262	75.1091	6.86764	31.1	0.79
CBDDTY010003480.1	1	11000	68	3889	35.3545	2.39991	30.6	29.9
CBDDTY010003481.1	1	11000	31	7596	69.0545	1.51518	30.6	32.5
CBDDTY010003482.1	1	11000	64	9802	89.1091	3.43518	31.8	43.5
CBDDTY010003483.1	1	11000	15	1032	9.38182	0.581	29.4	56.6
CBDDTY010003484.1	1	11000	23	4269	38.8091	1.03109	29.6	43
CBDDTY010003485.1	1	11000	20	4898	44.5273	0.703545	28.7	22.6
CBDDTY010003486.1	1	10894	56	8506	78.0797	2.14109	30.6	51.9
CBDDTY010003487.1	1	10881	13	4215	38.7372	0.625218	32	0.538
CBDDTY010003488.1	1	10877	82	9872	90.7603	3.07309	31.6	53.5
CBDDTY010003489.1	1	10760	79	10143	94.2658	3.18773	30.7	51.4
CBDDTY010003490.1	1	10741	81	9747	90.7457	3.03705	30.3	44.4
CBDDTY010003491.1	1	10657	94	7349	68.9594	3.53345	31.8	17.1
CBDDTY010003492.1	1	10327	18	2899	28.072	0.565217	28.2	12.5
CBDDTY010003493.1	1	10000	23	3351	33.51	0.9222	30.8	18
CBDDTY010003494.1	1	10000	65	6575	65.75	2.5756	30.6	23.2
CBDDTY010003495.1	1	10000	30	5399	53.99	1.2615	32.3	27.6
CBDDTY010003496.1	1	10000	44	7988	79.88	1.8293	29.7	54.2
CBDDTY010003497.1	1	10000	75	9744	97.44	3.1444	31.8	40.8
CBDDTY010003498.1	1	10000	56	8603	86.03	2.2138	31.5	52
CBDDTY010003499.1	1	10000	72	8649	86.49	2.9621	30.2	31
CBDDTY010003500.1	1	10000	78	8170	81.7	3.2982	30.1	37.5
CBDDTY010003501.1	1	10000	30	3846	38.46	1.135	31.3	51.2
CBDDTY010003502.1	1	10000	55	8519	85.19	2.1709	29.8	46.4
CBDDTY010003503.1	1	9000	2	484	5.37778	0.0537778	27.5	37
CBDDTY010003504.1	1	9000	76	6552	72.8	2.86067	31	17.6
CBDDTY010003505.1	1	9000	33	4730	52.5556	1.17111	31.6	13.8
CBDDTY010003506.1	1	9000	82	5254	58.3778	3.86078	33	51.5
CBDDTY010003507.1	1	9000	8	1396	15.5111	0.23	31.3	0.25
CBDDTY010003508.1	1	9000	7	1403	15.5889	0.209	31.3	0.429
CBDDTY010003509.1	1	9000	63	7879	87.5444	2.88356	31	43.9
CBDDTY010003510.1	1	9000	2	370	4.11111	0.0744444	36.1	3
CBDDTY010003511.1	1	9000	18	1467	16.3	0.663444	30.4	2.33
CBDDTY010003512.1	1	9000	239	6605	73.3889	10.7362	30.9	50.5
CBDDTY010003513.1	1	9000	6	702	7.8	0.11	26.4	0.5
CBDDTY010003514.1	1	9000	3	412	4.57778	0.0457778	30.6	4
CBDDTY010003515.1	1	9000	50	8430	93.6667	3.002	30.7	43.2
CBDDTY010003516.1	1	9000	7	1714	19.0444	0.245333	31.8	3
CBDDTY010003517.1	1	9000	18	2120	23.5556	0.640667	27.7	27.1
CBDDTY010003518.1	1	9000	37	3961	44.0111	1.89756	31	50.7
CBDDTY010003519.1	1	9000	64	8559	95.1	3.16522	31.4	24
CBDDTY010003520.1	1	9000	82	8320	92.4444	3.97444	32	33.7
CBDDTY010003521.1	1	9000	62	8440	93.7778	2.94189	30.8	54.8
CBDDTY010003522.1	1	9000	33	5088	56.5333	1.35422	30.2	16.2
CBDDTY010003523.1	1	9000	87	8658	96.2	4.83822	30.9	46.6
CBDDTY010003524.1	1	9000	55	8108	90.0889	2.54078	30.7	48.8
CBDDTY010003525.1	1	9000	59	7470	83	2.62533	29.6	27.9
CBDDTY010003526.1	1	9000	46	3430	38.1111	1.75267	31.5	24.4
CBDDTY010003527.1	1	9000	76	7095	78.8333	3.14067	30.7	51.9
CBDDTY010003528.1	1	9000	125	5693	63.2556	5.61511	31.2	8.61
CBDDTY010003529.1	1	9000	53	7588	84.3111	2.46078	29.2	50.7
CBDDTY010003530.1	1	9000	69	3065	34.0556	3.04956	31.9	50.8
CBDDTY010003531.1	1	8000	39	4997	62.4625	1.74362	29.7	35.6
CBDDTY010003532.1	1	8000	60	7329	91.6125	3.40325	29.7	41.7
CBDDTY010003533.1	1	8000	14	3741	46.7625	0.825375	29.8	30.6
CBDDTY010003534.1	1	8000	30	4203	52.5375	1.79287	31.4	31.2
CBDDTY010003535.1	1	8000	13	3202	40.025	0.73925	30	2.46
CBDDTY010003536.1	1	8000	170	7650	95.625	9.28125	30.7	42.6
CBDDTY010003537.1	1	8000	43	5628	70.35	2.15163	30.8	35.9
CBDDTY010003538.1	1	8000	24	3914	48.925	1.13888	30.7	4.21
CBDDTY010003539.1	1	8000	74	4461	55.7625	4.3935	30.4	12.4
CBDDTY010003540.1	1	8000	35	5509	68.8625	1.66525	30.6	30.8
CBDDTY010003541.1	1	8000	3	931	11.6375	0.116375	25.3	15
CBDDTY010003542.1	1	8000	25	3446	43.075	1.19413	33.2	33.4
CBDDTY010003543.1	1	8000	89	6535	81.6875	4.321	30.9	39.8
CBDDTY010003544.1	1	8000	34	1993	24.9125	1.30963	30.6	3.38
CBDDTY010003545.1	1	8000	27	2757	34.4625	1.13525	30.9	32.6
CBDDTY010003546.1	1	8000	40	4600	57.5	1.58912	29.2	42.1
CBDDTY010003547.1	1	8000	26	3252	40.65	1.22938	30.5	12.5
CBDDTY010003548.1	1	8000	69	6794	84.925	4.69375	31	1.49
CBDDTY010003549.1	1	8000	190	5260	65.75	9.78425	30.1	48.4
CBDDTY010003550.1	1	8000	28	2750	34.375	1.60813	29.2	8.29
CBDDTY010003551.1	1	8000	60	5827	72.8375	2.81688	31.5	11.7
CBDDTY010003552.1	1	8000	121	3084	38.55	7.84037	31.4	24
CBDDTY010003553.1	1	8000	36	6453	80.6625	2.03875	31.6	45.1
CBDDTY010003554.1	1	8000	73	7943	99.2875	4.08063	30.7	52.8
CBDDTY010003555.1	1	8000	73	4945	61.8125	4.4675	31.1	21.6
CBDDTY010003556.1	1	8000	12	1823	22.7875	0.453625	29.6	3.42
CBDDTY010003557.1	1	8000	27	3057	38.2125	1.04812	28.8	0.704
CBDDTY010003558.1	1	8000	32	4306	53.825	1.24913	30.7	40.5
CBDDTY010003559.1	1	8000	27	2610	32.625	1.57937	30.4	33.3
CBDDTY010003560.1	1	8000	43	5813	72.6625	2.30125	29.8	50.3
CBDDTY010003561.1	1	8000	70	6969	87.1125	4.12512	30.9	21.1
CBDDTY010003562.1	1	8000	25	4015	50.1875	1.23625	30.2	51.2
CBDDTY010003563.1	1	7000	90	5577	79.6714	4.62671	31.6	21.4
CBDDTY010003564.1	1	7000	22	2335	33.3571	0.726286	30	11.4
CBDDTY010003565.1	1	7000	47	6253	89.3286	2.70943	30.3	46.6
CBDDTY010003566.1	1	7000	41	2909	41.5571	1.16214	30.2	21.5
CBDDTY010003567.1	1	7000	27	4310	61.5714	1.559	30.8	53.6
CBDDTY010003568.1	1	7000	49	4228	60.4	2.52986	29	28.8
CBDDTY010003569.1	1	7000	48	4572	65.3143	2.53086	29.4	36
CBDDTY010003570.1	1	7000	14	2176	31.0857	0.442714	32.9	5.07
CBDDTY010003571.1	1	7000	33	4069	58.1286	1.42829	29.8	28.9
CBDDTY010003572.1	1	7000	31	4399	62.8429	1.616	30.8	21.2
CBDDTY010003573.1	1	7000	84	3890	55.5714	5.17429	33.2	24.4
CBDDTY010003574.1	1	7000	39	5305	75.7857	2.77486	30.7	45.1
CBDDTY010003576.1	1	7000	58	3885	55.5	2.86443	31.5	24.7
CBDDTY010003577.1	1	7000	57	6007	85.8143	3.21943	30	52.8
CBDDTY010003578.1	1	7000	41	6524	93.2	2.55071	32.5	57.3
CBDDTY010003579.1	1	7000	58	6671	95.3	3.28343	30.8	27.5
CBDDTY010003580.1	1	7000	49	4958	70.8286	2.93157	31.3	55
CBDDTY010003581.1	1	7000	45	3987	56.9571	2.06343	32.2	11.7
CBDDTY010003582.1	1	7000	14	1405	20.0714	0.545143	31.1	0.214
CBDDTY010003583.1	1	7000	26	4556	65.0857	2.02714	31.1	47.8
CBDDTY010003584.1	1	7000	54	4688	66.9714	3.15643	30.4	39.3
CBDDTY010003585.1	1	7000	53	5761	82.3	2.58914	31.2	25
CBDDTY010003586.1	1	7000	104	5567	79.5286	5.12457	29.9	9.08
CBDDTY010003587.1	1	7000	42	6238	89.1143	3.75143	32	57.1
CBDDTY010003588.1	1	7000	116	6399	91.4143	7.86886	30.4	42.3
CBDDTY010003589.1	1	7000	18	3491	49.8714	0.990714	30.8	33.6
CBDDTY010003591.1	1	7000	31	4069	58.1286	1.553	31	46.4
CBDDTY010003592.1	1	7000	23	3790	54.1429	1.12386	31.3	39.8
CBDDTY010003593.1	1	7000	15	2359	33.7	0.645	30.7	19.3
CBDDTY010003594.1	1	7000	2	284	4.05714	0.0405714	26.4	0
CBDDTY010003595.1	1	7000	43	4333	61.9	2.66229	30.3	26.6
CBDDTY010003596.1	1	7000	5	982	14.0286	0.159143	28.1	4.8
CBDDTY010003597.1	1	7000	82	4490	64.1429	4.80529	26.6	10.1
CBDDTY010003598.1	1	7000	16	1479	21.1286	0.854857	30.6	11.2
CBDDTY010003599.1	1	7000	28	3675	52.5	1.32429	31.2	6.11
CBDDTY010003600.1	1	7000	47	6472	92.4571	3.29729	31.3	53.7
CBDDTY010003601.1	1	7000	23	3565	50.9286	1.57071	31.9	38.7
CBDDTY010003602.1	1	6000	18	4523	75.3833	1.19717	27.4	46.6
CBDDTY010003603.1	1	6000	127	2113	35.2167	7.84467	30	23.3
CBDDTY010003604.1	1	6000	19	1770	29.5	1.18517	31.7	26.8
CBDDTY010003605.1	1	6000	38	4875	81.25	2.61417	30.2	54.5
CBDDTY010003606.1	1	6000	58	5808	96.8	3.8315	30.7	45.7
CBDDTY010003607.1	1	6000	3	674	11.2333	0.137333	32.5	56.7
CBDDTY010003608.1	1	6000	24	4921	82.0167	1.74267	31	42.2
CBDDTY010003610.1	1	6000	13	1912	31.8667	0.900833	32.3	29.8
CBDDTY010003611.1	1	6000	14	3650	60.8333	0.738333	29.2	21.1
CBDDTY010003612.1	1	6000	4	1213	20.2167	0.322	31.7	46.5
CBDDTY010003613.1	1	6000	44	4761	79.35	2.81833	28.7	43
CBDDTY010003614.1	1	6000	43	5432	90.5333	2.90783	31	53.3
CBDDTY010003615.1	1	6000	35	5285	88.0833	2.03267	29.7	41.9
CBDDTY010003616.1	1	6000	68	3332	55.5333	4.66383	29.5	10
CBDDTY010003617.1	1	6000	14	3228	53.8	0.866167	30.9	30.7
CBDDTY010003618.1	1	6000	98	5882	98.0333	6.53267	29.8	54.1
CBDDTY010003619.1	1	6000	17	3524	58.7333	1.3635	30	31.3
CBDDTY010003620.1	1	6000	34	5514	91.9	2.92717	29.6	36.3
CBDDTY010003621.1	1	6000	43	5614	93.5667	2.6935	29.9	56.9
CBDDTY010003622.1	1	6000	16	2767	46.1167	1.13733	29.7	42.3
CBDDTY010003623.1	1	6000	25	4832	80.5333	1.88583	30.4	45.2
CBDDTY010003625.1	1	6000	45	4807	80.1167	3.4755	28.9	30.1
CBDDTY010003626.1	1	6000	21	3180	53	1.2115	30.5	33.9
CBDDTY010003627.1	1	6000	36	4791	79.85	3.1055	31.4	41.7
CBDDTY010003628.1	1	6000	45	5733	95.55	3.57883	32.3	54.4
CBDDTY010003629.1	1	6000	40	5166	86.1	2.8685	30	51.9
CBDDTY010003630.1	1	6000	37	5354	89.2333	2.5495	30.9	56
CBDDTY010003631.1	1	6000	41	2366	39.4333	2.6495	29.4	40.3
CBDDTY010003632.1	1	6000	49	5600	93.3333	3.27233	30	51.3
CBDDTY010003633.1	1	6000	28	4455	74.25	1.728	30.9	32.8
CBDDTY010003634.1	1	6000	43	5176	86.2667	2.80017	29.3	57.5
CBDDTY010003635.1	1	6000	6	2339	38.9833	0.514	26.4	34.3
CBDDTY010003636.1	1	6000	1	65	1.08333	0.0108333	33	2
CBDDTY010003637.1	1	6000	24	4192	69.8667	1.394	32.2	25.9
CBDDTY010003638.1	1	6000	66	3113	51.8833	3.05433	31.1	15.7
CBDDTY010003639.1	1	6000	35	5715	95.25	2.98883	30.4	25.1
CBDDTY010003640.1	1	6000	48	4920	82	2.92283	31.6	31.6
CBDDTY010003641.1	1	6000	58	4970	82.8333	3.52983	30.6	19.7
CBDDTY010003642.1	1	6000	5	1078	17.9667	0.352	30.5	3.4
CBDDTY010003643.1	1	6000	35	4082	68.0333	2.41183	31	13.8
CBDDTY010003645.1	1	6000	31	3144	52.4	1.952	30	24.5
CBDDTY010003646.1	1	6000	15	852	14.2	0.747833	29.2	21.3
CBDDTY010003647.1	1	6000	26	2696	44.9333	1.4735	31.5	15.1
CBDDTY010003648.1	1	6000	22	3555	59.25	1.5955	30.8	49.6
CBDDTY010003649.1	1	6000	19	3996	66.6	1.6115	32.3	54
CBDDTY010003650.1	1	6000	109	4216	70.2667	6.281	28.5	48.7
CBDDTY010003651.1	1	6000	52	3211	53.5167	4.9175	29.9	10.7
CBDDTY010003652.1	1	6000	57	5314	88.5667	4.4675	30.4	50.2
CBDDTY010003653.1	1	6000	51	4972	82.8667	4.16483	30.2	22.5
CBDDTY010003654.1	1	6000	10	2330	38.8333	0.694667	33.3	26.4
CBDDTY010003655.1	1	6000	5	906	15.1	0.214833	30.1	39.4
CBDDTY010003656.1	1	6000	31	5011	83.5167	2.306	32	45.9
CBDDTY010003657.1	1	6000	16	3671	61.1833	1.12567	31	30.7
CBDDTY010003658.1	1	6000	39	3288	54.8	3.0175	30.6	59.7
CBDDTY010003659.1	1	5000	27	4554	91.08	2.377	30.4	52
CBDDTY010003660.1	1	5000	24	2757	55.14	1.4994	30.8	26
CBDDTY010003661.1	1	5000	19	4759	95.18	2.0426	31.9	49.6
CBDDTY010003662.1	1	5000	9	1608	32.16	0.651	31.1	35
CBDDTY010003663.1	1	5000	26	3561	71.22	2.4804	29	20.3
CBDDTY010003664.1	1	5000	21	2861	57.22	1.3762	30.1	36.2
CBDDTY010003665.1	1	5000	18	2456	49.12	1.4292	32.4	45
CBDDTY010003666.1	1	5000	34	4638	92.76	2.8152	31.4	54.8
CBDDTY010003667.1	1	5000	11	1068	21.36	0.4698	28.9	21
CBDDTY010003668.1	1	5000	24	2968	59.36	1.7162	32.4	23.2
CBDDTY010003669.1	1	5000	18	2600	52	2.5086	31.1	6
CBDDTY010003670.1	1	5000	60	4085	81.7	5.95	31.6	37
CBDDTY010003671.1	1	5000	8	1407	28.14	1.0974	32.9	3.12
CBDDTY010003672.1	1	5000	29	4097	81.94	2.4398	30.7	54.1
CBDDTY010003673.1	1	5000	47	4550	91	3.5286	30.2	53.7
CBDDTY010003674.1	1	5000	73	4752	95.04	6.7814	31.6	25
CBDDTY010003675.1	1	5000	31	4389	87.78	2.7378	30.9	52
CBDDTY010003678.1	1	5000	16	2134	42.68	0.9376	28.5	32.4
CBDDTY010003679.1	1	5000	35	4680	93.6	3.4174	26.3	18.5
CBDDTY010003680.1	1	5000	2	388	7.76	0.0776	22.7	1.5
CBDDTY010003681.1	1	5000	34	4806	96.12	2.927	30	56.4
CBDDTY010003682.1	1	5000	41	3463	69.26	3.0876	30.8	32.5
CBDDTY010003683.1	1	5000	32	4036	80.72	3.0822	30.2	49.5
CBDDTY010003684.1	1	5000	21	2786	55.72	1.2786	33.4	5.71
CBDDTY010003685.1	1	5000	10	2153	43.06	0.5694	31.3	16.4
CBDDTY010003686.1	1	5000	30	3335	66.7	2.2822	31.7	48.8
CBDDTY010003687.1	1	5000	10	1472	29.44	0.5648	29.1	7.4
CBDDTY010003688.1	1	5000	26	3410	68.2	1.8174	31.8	42.8
CBDDTY010003689.1	1	5000	13	1828	36.56	0.9212	31.1	42.5
CBDDTY010003690.1	1	5000	24	3783	75.66	1.987	32.6	46.2
CBDDTY010003691.1	1	5000	39	4287	85.74	3.1602	29.9	29.4
CBDDTY010003692.1	1	5000	8	1487	29.74	0.5402	32.8	41.1
CBDDTY010003693.1	1	5000	16	2414	48.28	1.2186	32	27.5
CBDDTY010003694.1	1	5000	17	3208	64.16	1.453	31.8	38.9
CBDDTY010003695.1	1	5000	29	4205	84.1	2.0418	28.5	44.1
CBDDTY010003696.1	1	5000	22	3146	62.92	1.4696	30	44.2
CBDDTY010003697.1	1	5000	25	2623	52.46	1.5938	30.8	50
CBDDTY010003698.1	1	5000	65	4983	99.66	5.5708	31.1	23
CBDDTY010003699.1	1	4200	13	2689	64.0238	0.943333	31.1	40
CBDDTY010003700.1	1	5000	24	3165	63.3	1.8084	31.3	39.5
CBDDTY010003701.1	1	5000	15	1380	27.6	1.122	31.9	33
CBDDTY010003702.1	1	5000	4	610	12.2	0.1538	29	2
CBDDTY010003703.1	1	5000	20	4098	81.96	1.6482	31	40.9
CBDDTY010003704.1	1	5000	36	4909	98.18	3.3844	31.3	57.1
CBDDTY010003705.1	1	5000	19	3034	60.68	1.5336	28.5	25.4
CBDDTY010003706.1	1	5000	18	3866	77.32	1.6338	33.1	49.1
CBDDTY010003707.1	1	5000	14	3989	79.78	1.5612	31.6	51.3
CBDDTY010003708.1	1	5000	6	1371	27.42	0.4408	31.8	44.8
CBDDTY010003709.1	1	5000	24	4266	85.32	2.4254	31.7	40.4
CBDDTY010003710.1	1	5000	48	3799	75.98	2.5984	31.1	42.4
CBDDTY010003711.1	1	5000	36	3540	70.8	4.1234	29.1	3.53
CBDDTY010003712.1	1	5000	18	1384	27.68	1.8802	34	38.9
CBDDTY010003713.1	1	5000	26	4355	87.1	1.906	30.9	39.8
CBDDTY010003714.1	1	5000	80	4333	86.66	7.5458	30.7	22.5
CBDDTY010003715.1	1	5000	11	2880	57.6	1.2298	31.8	11
CBDDTY010003716.1	1	5000	21	3233	64.66	2.0686	32.3	51.3
CBDDTY010003717.1	1	5000	44	4908	98.16	4.3448	31.8	20.6
CBDDTY010003718.1	1	5000	21	1841	36.82	1.5964	30.1	52.4
CBDDTY010003719.1	1	5000	52	4412	88.24	4.3936	31	42.2
CBDDTY010003720.1	1	5000	47	4730	94.6	4.1098	31.1	40.6
CBDDTY010003721.1	1	5000	52	4765	95.3	4.6562	32	55.9
CBDDTY010003722.1	1	5000	18	3104	62.08	1.086	28.6	23.5
CBDDTY010003723.1	1	5000	125	5000	100	10.3464	30.7	51.4
CBDDTY010003724.1	1	5000	9	1552	31.04	0.8196	32.8	47.7
CBDDTY010003725.1	1	5000	13	2986	59.72	0.7546	30.4	43.3
CBDDTY010003726.1	1	5000	6	1679	33.58	0.553	34.3	23.2
CBDDTY010003727.1	1	5000	2	477	9.54	0.1112	31.5	21.5
CBDDTY010003728.1	1	5000	18	1996	39.92	1.6374	32.3	22.4
CBDDTY010003729.1	1	5000	11	1646	32.92	0.7124	29	48.6
CBDDTY010003730.1	1	5000	39	4327	86.54	3.1212	31.3	50.6
CBDDTY010003731.1	1	5000	50	3924	78.48	3.922	31.7	42
CBDDTY010003732.1	1	5000	82	2613	52.26	4.9734	31.3	12.1
CBDDTY010003733.1	1	5000	30	4648	92.96	2.4442	32.6	50.1
CBDDTY010003734.1	1	5000	2	290	5.8	0.058	26.6	1
CBDDTY010003735.1	1	5000	13	2740	54.8	0.9278	29.3	41.2
CBDDTY010003736.1	1	5000	12	2804	56.08	1.132	29.6	30.4
CBDDTY010003737.1	1	4000	13	2874	71.85	1.541	32.9	53.3
CBDDTY010003738.1	1	4000	21	2896	72.4	2.01575	32.6	58.6
CBDDTY010003739.1	1	4000	36	3910	97.75	3.81275	29.9	39.9
CBDDTY010003740.1	1	4000	18	3065	76.625	1.76225	30.8	51.5
CBDDTY010003742.1	1	4000	26	3925	98.125	2.6085	32.5	51.8
CBDDTY010003744.1	1	4000	4	678	16.95	0.1695	33.9	1.5
CBDDTY010003745.1	1	4000	10	1501	37.525	0.7295	29	41.1
CBDDTY010003746.1	1	4000	171	3978	99.45	18.7913	30.8	43
CBDDTY010003747.1	1	4000	4	900	22.5	0.3875	33.2	45.2
CBDDTY010003748.1	1	4000	14	3551	88.775	2.20575	30.2	15.7
CBDDTY010003749.1	1	4000	31	3559	88.975	2.68125	31.8	49.7
CBDDTY010003750.1	1	4000	36	3326	83.15	4.02075	32.8	43.4
CBDDTY010003751.1	1	4000	32	3563	89.075	2.88025	29.1	16.8
CBDDTY010003752.1	1	4000	32	3419	85.475	2.909	30.3	37.7
CBDDTY010003753.1	1	4000	21	2821	70.525	2.15775	29.6	42.7
CBDDTY010003754.1	1	4000	178	3724	93.1	16.0038	31.5	21.1
CBDDTY010003755.1	1	4000	165	3643	91.075	16.4853	30.7	34.9
CBDDTY010003756.1	1	4000	12	1536	38.4	0.99125	31.4	11.5
CBDDTY010003757.1	1	4000	18	2918	72.95	1.3985	31.2	48.1
CBDDTY010003758.1	1	4000	30	3825	95.625	3.32	32.4	53
CBDDTY010003759.1	1	4000	34	1974	49.35	3.27825	31.1	35
CBDDTY010003760.1	1	4000	3	1040	26	0.2695	27.7	1.33
CBDDTY010003761.1	1	4000	1	142	3.55	0.0355	32.6	0
CBDDTY010003762.1	1	4000	17	2075	51.875	1.51875	31.3	32.4
CBDDTY010003763.1	1	4000	16	3675	91.875	1.53175	30.3	59.6
CBDDTY010003764.1	1	4000	36	2107	52.675	2.5075	31.5	12.9
CBDDTY010003765.1	1	4000	29	1438	35.95	3.16825	31.3	34.4
CBDDTY010003766.1	1	4000	12	2395	59.875	1.628	30.6	46.8
CBDDTY010003767.1	1	4000	99	3312	82.8	9.02	31.3	53.9
CBDDTY010003768.1	1	4000	45	3982	99.55	4.714	31.6	49
CBDDTY010003769.1	1	4000	8	1042	26.05	0.5185	28.8	24.8
CBDDTY010003770.1	1	4000	12	1730	43.25	0.8535	31.2	31.5
CBDDTY010003771.1	1	4000	41	1674	41.85	3.53775	29.7	5.41
CBDDTY010003772.1	1	4000	32	3966	99.15	2.9885	30.9	55.8
CBDDTY010003773.1	1	4000	49	3936	98.4	4.93775	30.7	51.9
CBDDTY010003774.1	1	4000	12	2212	55.3	1.13825	32.2	39.3
CBDDTY010003775.1	1	4000	31	2332	58.3	2.7215	31.8	30.1
CBDDTY010003776.1	1	4000	11	2294	57.35	1.52475	29.3	39.7
CBDDTY010003777.1	1	4000	4	784	19.6	0.33025	32.8	17.2
CBDDTY010003778.1	1	4000	19	2189	54.725	1.6285	33.1	37.2
CBDDTY010003779.1	1	4000	3	836	20.9	0.209	31.2	18
CBDDTY010003780.1	1	4000	1	115	2.875	0.02875	33.8	0
CBDDTY010003781.1	1	4000	33	3187	79.675	2.47325	28.7	9.45
CBDDTY010003782.1	1	4000	11	2024	50.6	0.735	31.1	11.9
CBDDTY010003783.1	1	4000	39	3877	96.925	4.54875	30.6	52
CBDDTY010003784.1	1	4000	27	2912	72.8	2.4225	30.5	7.89
CBDDTY010003785.1	1	4000	84	3990	99.75	8.95425	31.8	49.4
CBDDTY010003786.1	1	4000	35	3970	99.25	4.4575	30.2	57.4
CBDDTY010003787.1	1	4000	17	2623	65.575	1.2235	31.3	30.6
CBDDTY010003788.1	1	4000	34	3974	99.35	3.03025	31.3	52
CBDDTY010003789.1	1	4000	18	2847	71.175	1.52775	30.9	32.1
CBDDTY010003790.1	1	4000	30	3744	93.6	3.33375	32.4	57.7
CBDDTY010003791.1	1	4000	35	3660	91.5	4.10225	31.4	35.1
CBDDTY010003792.1	1	4000	12	1286	32.15	0.6245	30.5	6.75
CBDDTY010003793.1	1	4000	11	1453	36.325	0.73725	28.5	17.5
CBDDTY010003794.1	1	4000	21	3160	79	2.95625	31.1	55
CBDDTY010003795.1	1	4000	2	777	19.425	0.19425	27.7	24.5
CBDDTY010003796.1	1	4000	83	3966	99.15	9.9075	30.3	18
CBDDTY010003797.1	1	4000	17	2323	58.075	1.8715	29.2	50.8
CBDDTY010003798.1	1	4000	166	3939	98.475	17.3917	30.8	48.1
CBDDTY010003799.1	1	4000	15	2711	67.775	1.779	31.5	51.3
CBDDTY010003800.1	1	4000	27	3084	77.1	2.48525	32.4	29.5
CBDDTY010003801.1	1	4000	20	3208	80.2	1.92925	29.9	57.4
CBDDTY010003802.1	1	4000	33	3875	96.875	3.0935	30.8	37.8
CBDDTY010003803.1	1	4000	9	2064	51.6	0.738	30.4	40.3
CBDDTY010003804.1	1	4000	9	2087	52.175	0.77525	33.1	43
CBDDTY010003805.1	1	4000	20	1616	40.4	1.6895	30	38.7
CBDDTY010003806.1	1	4000	2	574	14.35	0.18275	33.2	2.5
CBDDTY010003807.1	1	4000	7	1343	33.575	1.12125	36.7	53.4
CBDDTY010003808.1	1	4000	2	241	6.025	0.06025	25.4	9
CBDDTY010003810.1	1	4000	29	3842	96.05	2.34525	32.5	51.1
CBDDTY010003811.1	1	4000	19	3267	81.675	2.025	29.6	57
CBDDTY010003813.1	1	4000	42	3514	87.85	4.44275	32.5	37.3
CBDDTY010003814.1	1	4000	34	3107	77.675	3.05725	29.6	42.4
CBDDTY010003815.1	1	4000	94	3837	95.925	8.63725	32.4	41.7
CBDDTY010003816.1	1	4000	21	2495	62.375	2.0525	28.9	55.7
CBDDTY010003817.1	1	4000	22	3228	80.7	2.4845	31.7	50.8
CBDDTY010003818.1	1	4000	26	3420	85.5	2.7895	30.9	50.7
CBDDTY010003819.1	1	4000	29	3044	76.1	2.96425	30.9	44.1
CBDDTY010003820.1	1	4000	12	1612	40.3	1.06825	30.6	22.6
CBDDTY010003821.1	1	4000	6	1906	47.65	0.84175	30.3	0.667
CBDDTY010003822.1	1	4000	5	1542	38.55	0.3855	28	15.2
CBDDTY010003823.1	1	4000	28	3541	88.525	2.72	30	51.4
CBDDTY010003824.1	1	4000	17	2475	61.875	1.492	33.8	51.5
CBDDTY010003825.1	1	4000	16	2494	62.35	1.541	31.7	30.6
CBDDTY010003826.1	1	4000	56	4000	100	6.858	29.5	53.8
CBDDTY010003827.1	1	4000	29	3137	78.425	3.43475	29.6	40.6
CBDDTY010003828.1	1	4000	12	2317	57.925	0.80775	30	31.9
CBDDTY010003829.1	1	4000	6	1755	43.875	0.702	28.8	23.7
CBDDTY010003830.1	1	4000	4	1401	35.025	0.5875	25.2	3
CBDDTY010003831.1	1	4000	13	1913	47.825	0.97275	30.7	36.3
CBDDTY010003832.1	1	4000	73	3763	94.075	7.8565	30.8	22.7
CBDDTY010003833.1	1	4000	30	3764	94.1	3.306	30.6	51.7
CBDDTY010003834.1	1	4000	17	1313	32.825	1.34775	31.6	39.6
CBDDTY010003835.1	1	4000	5	1891	47.275	0.53425	29.1	26.8
CBDDTY010003836.1	1	4000	18	2489	62.225	2.07225	30.6	40.2
CBDDTY010003837.1	1	4000	10	1517	37.925	1.1425	31.2	26.8
CBDDTY010003838.1	1	4000	69	3331	83.275	6.77525	30.4	21.9
CBDDTY010003839.1	1	4000	14	2800	70	1.624	30.5	56.7
CBDDTY010003840.1	1	4000	15	2456	61.4	1.54225	30.8	55.2
CBDDTY010003841.1	1	4000	32	2684	67.1	3.4965	28.7	16.1
CBDDTY010003842.1	1	4000	32	3897	97.425	2.78675	31.2	52.2
CBDDTY010003843.1	1	4000	31	3394	84.85	3.36175	29.3	39.1
CBDDTY010003844.1	1	4000	3	271	6.775	0.17475	36.5	0.667
CBDDTY010003845.1	1	4000	71	3708	92.7	7.101	29.4	12.2
CBDDTY010003846.1	1	4000	61	3745	93.625	7.442	32.4	24.1
CBDDTY010003847.1	1	4000	28	3959	98.975	3.4325	31.9	47.4
CBDDTY010003848.1	1	4000	16	3229	80.725	1.5805	29.6	55.8
CBDDTY010003849.1	1	4000	19	3350	83.75	2.304	32.1	30.8
CBDDTY010003850.1	1	4000	22	3505	87.625	2.2445	29.6	54.4
CBDDTY010003851.1	1	4000	9	845	21.125	0.7325	29.6	21
CBDDTY010003852.1	1	4000	39	2809	70.225	3.725	29.4	42.6
CBDDTY010003853.1	1	4000	30	3047	76.175	3.4095	31.4	53.3
CBDDTY010003854.1	1	4000	36	1802	45.05	2.66525	28.4	10.6
CBDDTY010003855.1	1	4000	14	1755	43.875	1.57225	30.7	56.3
CBDDTY010003856.1	1	4000	25	3827	95.675	2.80075	32	56.7
CBDDTY010003857.1	1	4000	49	3905	97.625	4.8585	31.2	41.5
CBDDTY010003858.1	1	4000	29	3208	80.2	2.9035	31.3	47.1
CBDDTY010003859.1	1	4000	10	1272	31.8	0.88925	31	26.4
CBDDTY010003860.1	1	4000	62	3478	86.95	6.91175	30.6	47.3
CBDDTY010003861.1	1	4000	21	2644	66.1	2.26275	28.6	45.7
CBDDTY010003862.1	1	4000	22	2708	67.7	1.907	30.8	53.7
CBDDTY010003863.1	1	4000	5	1335	33.375	0.41475	28.5	12.2
CBDDTY010003864.1	1	4000	10	1727	43.175	0.76925	29.8	29.6
CBDDTY010003865.1	1	4000	44	3787	94.675	5.12025	29.9	43.4
CBDDTY010003866.1	1	4000	7	1217	30.425	0.47975	27.7	19.6
CBDDTY010003867.1	1	4000	4	513	12.825	0.17575	35.5	40.2
CBDDTY010003868.1	1	4000	27	1820	45.5	2.428	30.1	3.07
CBDDTY010003869.1	1	4000	44	3956	98.9	4.77125	31.1	46.8
CBDDTY010003870.1	1	4000	14	2083	52.075	1.04625	29.6	10.9
CBDDTY010003871.1	1	4000	4	944	23.6	0.2605	29	15.8
CBDDTY010003872.1	1	4000	106	1399	34.975	9.04625	30.9	17.1
CBDDTY010003873.1	1	3000	9	2035	67.8333	1.29233	28.9	35.8
CBDDTY010003874.1	1	3000	51	2949	98.3	6.41833	29.1	48.9
CBDDTY010003875.1	1	3000	7	1101	36.7	0.62	32.7	8.86
CBDDTY010003876.1	1	3000	23	2805	93.5	2.58867	30.6	48.3
CBDDTY010003877.1	1	3000	39	2873	95.7667	5.45633	31.1	40.2
CBDDTY010003878.1	1	3000	2	444	14.8	0.263	34.7	4
CBDDTY010003879.1	1	3000	23	2267	75.5667	3.64667	31.6	51.5
CBDDTY010003880.1	1	3000	7	796	26.5333	0.672333	28.1	40.3
CBDDTY010003881.1	1	3000	11	1564	52.1333	1.12667	33.1	2.45
CBDDTY010003883.1	1	3000	16	2342	78.0667	2.23267	30	54.6
CBDDTY010003884.1	1	3000	13	2695	89.8333	2.28067	30.5	60
CBDDTY010003885.1	1	3000	7	1126	37.5333	0.528333	31	15.4
CBDDTY010003886.1	1	3000	57	2066	68.8667	8.623	31.6	21.4
CBDDTY010003887.1	1	3000	2	281	9.36667	0.0936667	30.4	6.5
CBDDTY010003888.1	1	3000	13	1894	63.1333	1.32767	33.4	42.4
CBDDTY010003889.1	1	3000	15	2342	78.0667	1.871	31.8	43.8
CBDDTY010003890.1	1	3000	2	326	10.8667	0.108667	28.9	6.5
CBDDTY010003891.1	1	3000	8	1784	59.4667	1.03133	30.7	49.8
CBDDTY010003892.1	1	3000	15	2520	84	2.639	31.8	49.1
CBDDTY010003893.1	1	3000	11	2399	79.9667	1.83933	28.8	39.5
CBDDTY010003894.1	1	3000	52	2994	99.8	8.771	31	49.7
CBDDTY010003895.1	1	3000	44	2982	99.4	5.22	30.8	45
CBDDTY010003896.1	1	3000	17	2182	72.7333	1.79233	30.6	19.4
CBDDTY010003897.1	1	3000	10	561	18.7	1.01833	28.8	7.4
CBDDTY010003898.1	1	3000	11	1116	37.2	1.41667	28.1	9
CBDDTY010003900.1	1	3000	14	2008	66.9333	1.38733	29.9	37.1
CBDDTY010003901.1	1	3000	17	2260	75.3333	2.951	30.8	57.4
CBDDTY010003902.1	1	3000	3	766	25.5333	0.371667	32.5	17.3
CBDDTY010003903.1	1	3000	9	1052	35.0667	1.291	30.4	48.6
CBDDTY010003904.1	1	3000	12	2410	80.3333	2.38867	33	60
CBDDTY010003905.1	1	3000	34	2413	80.4333	4.71867	30	30.4
CBDDTY010003906.1	1	3000	26	2640	88	2.673	30.3	52
CBDDTY010003907.1	1	3000	25	2609	86.9667	4.39467	30.7	2.32
CBDDTY010003908.1	1	3000	12	2024	67.4667	2.698	31.3	2.92
CBDDTY010003909.1	1	3000	18	2948	98.2667	2.385	29.2	53.4
CBDDTY010003910.1	1	3000	20	2438	81.2667	2.74433	31.9	41.9
CBDDTY010003911.1	1	3000	2	348	11.6	0.166667	32.6	30.5
CBDDTY010003912.1	1	3000	27	2854	95.1333	2.92233	33.2	54
CBDDTY010003913.1	1	3000	8	1527	50.9	0.949333	29.3	47.2
CBDDTY010003914.1	1	3000	18	2835	94.5	3.36067	33	53.9
CBDDTY010003916.1	1	3000	17	1123	37.4333	2.15467	30.3	44.9
CBDDTY010003917.1	1	3000	12	2600	86.6667	1.95533	31.5	57.4
CBDDTY010003918.1	1	3000	2	518	17.2667	0.172667	31.6	0
CBDDTY010003919.1	1	3000	11	2105	70.1667	1.208	28.9	55
CBDDTY010003920.1	1	3000	5	1552	51.7333	0.726333	31.2	24
CBDDTY010003921.1	1	3000	19	2860	95.3333	2.89433	30.9	14.9
CBDDTY010003922.1	1	3000	15	1855	61.8333	1.828	31.5	53.7
CBDDTY010003923.1	1	3000	1	70	2.33333	0.0233333	34.4	0
CBDDTY010003924.1	1	3000	19	2097	69.9	2.48333	30.9	30.6
CBDDTY010003925.1	1	3000	7	1125	37.5	0.822333	34.5	21
CBDDTY010003926.1	1	3000	2	283	9.43333	0.0943333	29.6	7
CBDDTY010003927.1	1	3000	24	2543	84.7667	3.501	32.6	28.2
CBDDTY010003928.1	1	3000	22	1378	45.9333	3.465	31.5	5.55
CBDDTY010003929.1	1	3000	18	2812	93.7333	3.11	31.2	46.2
CBDDTY010003930.1	1	3000	3	594	19.8	0.286667	28.6	0.333
CBDDTY010003931.1	1	3000	13	2391	79.7	1.862	27.7	47.1
CBDDTY010003932.1	1	3000	1	415	13.8333	0.138333	39.3	1
CBDDTY010003933.1	1	3000	6	1161	38.7	0.674667	32.1	27
CBDDTY010003934.1	1	3000	7	1409	46.9667	0.738333	32.6	9.29
CBDDTY010003935.1	1	3000	65	2361	78.7	8.32667	30.4	9.23
CBDDTY010003936.1	1	3000	52	2115	70.5	7.07733	30.3	19.7
CBDDTY010003937.1	1	3000	18	2849	94.9667	3.18133	31.5	60
CBDDTY010003938.1	1	3000	27	2952	98.4	3.76433	31.7	51.3
CBDDTY010003939.1	1	3000	19	2269	75.6333	1.841	32.5	16.5
CBDDTY010003940.1	1	3000	5	1500	50	0.625	33.4	42.6
CBDDTY010003941.1	1	3000	3	361	12.0333	0.120333	27.1	1.67
CBDDTY010003942.1	1	3000	49	2715	90.5	7.34533	30.6	46.5
CBDDTY010003943.1	1	3000	20	1505	50.1667	1.74633	28.2	31.6
CBDDTY010003944.1	1	3000	7	984	32.8	0.850333	27.3	47.6
CBDDTY010003945.1	1	3000	21	2780	92.6667	3.184	32.3	52.9
CBDDTY010003946.1	1	3000	457	2953	98.4333	98.6387	33.4	2.77
CBDDTY010003947.1	1	3000	14	2181	72.7	2.48067	32.4	54.7
CBDDTY010003948.1	1	3000	6	1129	37.6333	0.732333	32.6	35.7
CBDDTY010003950.1	1	3000	11	2303	76.7667	1.352	31.6	56.7
CBDDTY010003951.1	1	3000	20	1830	61	2.134	32	49
CBDDTY010003952.1	1	3000	8	2279	75.9667	1.274	30.2	53
CBDDTY010003953.1	1	3000	3	372	12.4	0.124	31.5	1.67
CBDDTY010003954.1	1	3000	4	619	20.6333	0.374333	31.5	29.5
CBDDTY010003955.1	1	3000	30	2267	75.5667	4.60233	28.7	31.8
CBDDTY010003956.1	1	3000	1	144	4.8	0.048	24.6	14
CBDDTY010003957.1	1	3000	2	330	11	0.158	32.8	60
CBDDTY010003958.1	1	3000	25	2913	97.1	4.44033	29.7	35.4
CBDDTY010003959.1	1	3000	5	1134	37.8	0.542333	25.3	21
CBDDTY010003960.1	1	3000	28	2992	99.7333	3.62033	32.2	53.3
CBDDTY010003961.1	1	3000	27	2563	85.4333	3.29433	32	57.7
CBDDTY010003962.1	1	3000	3	660	22	0.256333	32.7	26
CBDDTY010003963.1	1	3000	17	2258	75.2667	2.18433	32	13.7
CBDDTY010003964.1	1	3000	20	2985	99.5	3.52333	28.1	55.4
CBDDTY010003965.1	1	3000	106	2686	89.5333	13.5467	30.6	27.3
CBDDTY010003966.1	1	3000	18	1975	65.8333	2.15133	32.9	40.7
CBDDTY010003967.1	1	3000	8	1351	45.0333	1.23333	31.6	34.6
CBDDTY010003968.1	1	3000	51	2998	99.9333	7.652	30.6	56.5
CBDDTY010003969.1	1	3000	22	1221	40.7	3.478	29.9	31.5
CBDDTY010003970.1	1	3000	10	1647	54.9	1.624	30.7	36.8
CBDDTY010003971.1	1	3000	4	762	25.4	0.254	26.7	0.75
CBDDTY010003972.1	1	3000	20	1600	53.3333	2.51933	34.5	5.35
CBDDTY010003973.1	1	3000	1	234	7.8	0.078	33.4	1
CBDDTY010003974.1	1	3000	41	2771	92.3667	4.86433	29.4	32.1
CBDDTY010003975.1	1	3000	9	2523	84.1	1.86733	31.9	58.4
CBDDTY010003976.1	1	3000	28	2873	95.7667	3.59933	30.4	51.9
CBDDTY010003977.1	1	3000	5	1294	43.1333	0.590333	26	41.2
CBDDTY010003978.1	1	3000	50	1849	61.6333	4.62067	30	14.2
CBDDTY010003979.1	1	3000	21	2439	81.3	3.11233	30.3	55.7
CBDDTY010003980.1	1	3000	5	967	32.2333	0.633333	35.3	36.4
CBDDTY010003981.1	1	3000	85	2618	87.2667	12.298	31.3	8.33
CBDDTY010003982.1	1	3000	9	2245	74.8333	1.23067	31.7	11.8
CBDDTY010003983.1	1	3000	19	2640	88	2.87467	30.6	49.9
CBDDTY010003984.1	1	3000	23	1130	37.6667	4.493	32	9.39
CBDDTY010003985.1	1	3000	29	2719	90.6333	3.99067	31	28.5
CBDDTY010003986.1	1	3000	27	2401	80.0333	3.459	32.5	23
CBDDTY010003987.1	1	3000	8	1457	48.5667	1.1	34	52.6
CBDDTY010003988.1	1	3000	51	2780	92.6667	5.53767	31.1	28.9
CBDDTY010003989.1	1	3000	9	620	20.6667	0.549667	29.3	9.22
CBDDTY010003990.1	1	3000	79	2772	92.4	10.647	31.3	36
CBDDTY010003991.1	1	3000	15	2175	72.5	2.02333	31	59.5
CBDDTY010003992.1	1	3000	22	2614	87.1333	2.92167	30.4	45.5
CBDDTY010003993.1	1	3000	5	911	30.3667	0.550667	29	5
CBDDTY010003994.1	1	3000	11	2299	76.6333	1.388	28.3	26.4
CBDDTY010003995.1	1	3000	18	2773	92.4333	2.429	29.1	55.3
CBDDTY010003997.1	1	3000	26	2874	95.8	3.93733	29	57.8
CBDDTY010003998.1	1	3000	16	2272	75.7333	2.069	30.9	44.4
CBDDTY010003999.1	1	3000	20	2345	78.1667	3.58533	31.1	53
CBDDTY010004000.1	1	3000	19	2605	86.8333	3.02567	29	54.9
CBDDTY010004001.1	1	3000	46	2996	99.8667	6.93767	29.9	58
CBDDTY010004002.1	1	3000	99	3000	100	14.6893	29.8	53.7
CBDDTY010004003.1	1	3000	5	917	30.5667	0.92	25.2	60
CBDDTY010004004.1	1	3000	7	954	31.8	0.562	31.5	2
CBDDTY010004006.1	1	3000	10	1733	57.7667	1.24933	30.1	42.2
CBDDTY010004007.1	1	3000	18	2272	75.7333	2.284	29.5	39.7
CBDDTY010004008.1	1	3000	13	1715	57.1667	1.93033	31.5	57.9
CBDDTY010004009.1	1	3000	16	2399	79.9667	2.43533	33.7	42.1
CBDDTY010004010.1	1	3000	12	2235	74.5	1.415	31.1	54.3
CBDDTY010004011.1	1	3000	6	664	22.1333	0.516	29.3	4.33
CBDDTY010004013.1	1	3000	15	1801	60.0333	1.306	29.6	36.8
CBDDTY010004014.1	1	3000	22	1903	63.4333	2.707	28.8	51.1
CBDDTY010004015.1	1	3000	26	2513	83.7667	4.48467	32.6	50.8
CBDDTY010004016.1	1	3000	17	2121	70.7	2.58733	30.8	57.2
CBDDTY010004017.1	1	3000	33	2989	99.6333	4.468	29.3	50.3
CBDDTY010004018.1	1	3000	44	2899	96.6333	6.529	31.7	16.7
CBDDTY010004019.1	1	3000	12	1219	40.6333	1.22267	28.6	37.2
CBDDTY010004020.1	1	3000	18	2798	93.2667	2.36933	29.1	56.3
CBDDTY010004021.1	1	3000	7	1014	33.8	0.539333	31.4	16.6
CBDDTY010004022.1	1	3000	1	400	13.3333	0.133333	31	1
CBDDTY010004023.1	1	3000	18	2022	67.4	2.35967	29.1	28.9
CBDDTY010004024.1	1	3000	4	850	28.3333	0.461	24.5	44
CBDDTY010004025.1	1	3000	12	2378	79.2667	1.94667	29.8	56.7
CBDDTY010004026.1	1	3000	23	2404	80.1333	3.83467	29.6	52.8
CBDDTY010004027.1	1	3000	3	937	31.2333	0.518667	35	1
CBDDTY010004028.1	1	3000	2	405	13.5	0.135	27	0.5
CBDDTY010004029.1	1	3000	8	1792	59.7333	0.803667	33.4	24.8
CBDDTY010004030.1	1	3000	40	2512	83.7333	5.07	30	22.8
CBDDTY010004031.1	1	3000	6	1163	38.7667	0.574667	32.7	25.2
CBDDTY010004032.1	1	3000	40	2726	90.8667	5.64267	30.5	16.1
CBDDTY010004033.1	1	3000	29	2982	99.4	4.41367	30.7	52.7
CBDDTY010004034.1	1	3000	370	2781	92.7	63.3737	28.3	10.2
CBDDTY010004035.1	1	3000	6	729	24.3	0.295	30.9	3
CBDDTY010004036.1	1	3000	23	1691	56.3667	2.33	32.8	31.8
CBDDTY010004037.1	1	3000	14	1755	58.5	2.13033	30.7	7.5
CBDDTY010004038.1	1	3000	9	2079	69.3	1.24733	30.1	50.3
CBDDTY010004039.1	1	3000	3	730	24.3333	0.324667	33.6	13.3
CBDDTY010004040.1	1	3000	16	2557	85.2333	2.25933	29.7	46.6
CBDDTY010004041.1	1	3000	9	1746	58.2	1.014	31.5	42.1
CBDDTY010004042.1	1	3000	12	2360	78.6667	1.55333	29.4	48.4
CBDDTY010004043.1	1	3000	4	1214	40.4667	0.499	31.5	1
CBDDTY010004044.1	1	3000	12	1512	50.4	1.36467	33.5	51.3
CBDDTY010004045.1	1	3000	1	154	5.13333	0.0513333	31.5	1
CBDDTY010004046.1	1	3000	6	1691	56.3667	0.644333	33.3	12.7
CBDDTY010004047.1	1	3000	24	2617	87.2333	3.03767	29.5	42
CBDDTY010004048.1	1	3000	12	1630	54.3333	1.34467	31.5	47.8
CBDDTY010004049.1	1	3000	176	972	32.4	22.212	29.8	17.8
CBDDTY010004050.1	1	3000	18	2192	73.0667	3.18	30.6	54.1
CBDDTY010004051.1	1	3000	15	2011	67.0333	2.069	31.8	51.6
CBDDTY010004052.1	1	3000	24	2529	84.3	3.486	31.8	28.8
CBDDTY010004053.1	1	3000	21	2728	90.9333	2.44267	30.6	42.1
CBDDTY010004054.1	1	3000	16	2288	76.2667	2.10567	30.3	56.7
CBDDTY010004055.1	1	3000	2	838	27.9333	0.299333	34.6	45.5
CBDDTY010004056.1	1	3000	3	421	14.0333	0.331	32.8	19
CBDDTY010004057.1	1	3000	9	1887	62.9	1.22367	31.3	21.6
CBDDTY010004059.1	1	3000	16	2727	90.9	2.096	31	58.4
CBDDTY010004060.1	1	3000	2	747	24.9	0.249	33.2	30.5
CBDDTY010004061.1	1	3000	29	2599	86.6333	2.30533	30	29.4
CBDDTY010004062.1	1	3000	47	2990	99.6667	6.66933	31	51.5
CBDDTY010004063.1	1	3000	15	1677	55.9	1.30567	28.6	19.9
CBDDTY010004064.1	1	3000	82	3000	100	12.0467	31.6	53.7
CBDDTY010004065.1	1	3000	14	2033	67.7667	1.76767	30.6	27.6
CBDDTY010004066.1	1	3000	11	1146	38.2	0.836667	28.7	8.82
CBDDTY010004067.1	1	3000	14	2437	81.2333	1.73567	32	51.3
CBDDTY010004068.1	1	3000	24	2815	93.8333	3.24833	31.2	55.7
CBDDTY010004069.1	1	3000	4	1646	54.8667	0.732667	34.4	54
CBDDTY010004070.1	1	3000	40	2507	83.5667	4.53633	29	43.6
CBDDTY010004071.1	1	3000	33	2997	99.9	5.47967	32.1	48.2
CBDDTY010004072.1	1	3000	16	2926	97.5333	2.30267	31.9	58.6
CBDDTY010004073.1	1	3000	26	2893	96.4333	3.75133	30.1	55.5
CBDDTY010004074.1	1	3000	11	1738	57.9333	1.562	32.5	12.5
CBDDTY010004075.1	1	3000	19	2280	76	1.89833	29.5	26.6
CBDDTY010004076.1	1	3000	1	318	10.6	0.106	26.5	1
CBDDTY010004077.1	1	3000	10	1516	50.5333	1.08	30.7	50.9
CBDDTY010004078.1	1	3000	14	2692	89.7333	2.02367	32.9	43.1
CBDDTY010004079.1	1	3000	20	1855	61.8333	2.325	32	6.75
CBDDTY010004080.1	1	3000	6	1218	40.6	0.525333	32.6	36
CBDDTY010004081.1	1	3000	14	2218	73.9333	2.355	31.2	47.4
CBDDTY010004082.1	1	3000	13	923	30.7667	1.02467	31.5	20
CBDDTY010004083.1	1	3000	5	758	25.2667	0.267	27.8	6.2
CBDDTY010004084.1	1	3000	3	317	10.5667	0.151333	31.5	18.7
CBDDTY010004085.1	1	3000	15	2137	71.2333	1.787	31.5	22.8
CBDDTY010004086.1	1	3000	3	282	9.4	0.154	28.5	19.3
CBDDTY010004087.1	1	3000	6	464	15.4667	0.329	30.5	1.67
CBDDTY010004088.1	1	3000	13	1266	42.2	0.901	27.3	9.62
CBDDTY010004089.1	1	3000	28	2563	85.4333	3.057	31.6	38.6
CBDDTY010004090.1	1	3000	14	2413	80.4333	1.888	31.7	52.4
CBDDTY010004091.1	1	3000	22	2783	92.7667	2.902	31.7	54.4
CBDDTY010004092.1	1	3000	68	2924	97.4667	8.27433	31.6	30.4
CBDDTY010004093.1	1	3000	10	1271	42.3667	1.02667	33.1	32.4
CBDDTY010004094.1	1	3000	9	1600	53.3333	0.975333	28.4	19.3
CBDDTY010004095.1	1	3000	4	1190	39.6667	0.431333	32.3	30
CBDDTY010004096.1	1	3000	16	2781	92.7	2.49967	30.4	50.5
CBDDTY010004097.1	1	3000	3	709	23.6333	0.382	35.9	42.7
CBDDTY010004098.1	1	3000	24	2747	91.5667	3.14867	25.9	20
CBDDTY010004099.1	1	3000	12	2359	78.6333	1.866	33.2	56
CBDDTY010004100.1	1	3000	207	2869	95.6333	31.2223	29.8	55.1
CBDDTY010004101.1	1	3000	17	2596	86.5333	2.052	30.4	56.2
CBDDTY010004102.1	1	3000	9	1830	61	0.833	30.3	39.7
CBDDTY010004103.1	1	3000	14	2507	83.5667	2.71067	28.8	53.6
CBDDTY010004104.1	1	3000	2	100	3.33333	0.0333333	26	0
CBDDTY010004105.1	1	3000	25	2259	75.3	2.98567	32.4	50.5
CBDDTY010004106.1	1	3000	2	1087	36.2333	0.362333	35.6	1
CBDDTY010004107.1	1	3000	11	1757	58.5667	1.385	30.4	11.3
CBDDTY010004108.1	1	3000	16	2123	70.7667	1.81233	31.1	27.9
CBDDTY010004109.1	1	3000	7	819	27.3	0.784667	33.5	3.43
CBDDTY010004110.1	1	3000	5	596	19.8667	0.266	29.2	6.8
CBDDTY010004111.1	1	2000	35	1868	93.4	7.39	30	23
CBDDTY010004112.1	1	2000	4	525	26.25	0.614	32.3	1.5
CBDDTY010004113.1	1	2000	14	1649	82.45	3.95	30.8	55.5
CBDDTY010004114.1	1	2000	5	571	28.55	0.587	32.3	7.6
CBDDTY010004115.1	1	2000	2	211	10.55	0.1795	32.2	32.5
CBDDTY010004116.1	1	2000	9	1784	89.2	2.305	30.9	55.1
CBDDTY010004117.1	1	2000	12	1580	79	1.9855	31.5	37.9
CBDDTY010004119.1	1	2000	26	1796	89.8	6.0475	29.4	25.5
CBDDTY010004120.1	1	2000	6	1445	72.25	1.7985	34.2	46
CBDDTY010004122.1	1	2000	14	1881	94.05	3.3875	33	60
CBDDTY010004123.1	1	2000	3	372	18.6	0.439	31.5	12.7
CBDDTY010004124.1	1	2000	18	1227	61.35	2.7415	29.4	34.3
CBDDTY010004125.1	1	2000	7	1544	77.2	1.138	32.9	49.4
CBDDTY010004126.1	1	2000	12	1174	58.7	1.342	30.4	5.75
CBDDTY010004127.1	1	2000	10	1335	66.75	1.438	30.2	46.3
CBDDTY010004128.1	1	2000	6	1392	69.6	0.909	33.2	3
CBDDTY010004129.1	1	2000	19	1729	86.45	2.4265	29.4	28
CBDDTY010004130.1	1	2000	8	1201	60.05	0.9765	31.1	48.2
CBDDTY010004131.1	1	2000	10	1587	79.35	2.9555	29.2	53.1
CBDDTY010004132.1	1	2000	6	1341	67.05	0.8305	31.1	29.3
CBDDTY010004133.1	1	2000	4	499	24.95	0.3235	27.9	20.2
CBDDTY010004134.1	1	2000	3	616	30.8	0.426	32.2	14
CBDDTY010004135.1	1	2000	15	1053	52.65	3.0235	33.4	40
CBDDTY010004136.1	1	2000	9	1097	54.85	1.415	29.4	0.889
CBDDTY010004138.1	1	2000	2	379	18.95	0.2065	32.1	30.5
CBDDTY010004139.1	1	2000	8	1769	88.45	2.171	30.2	53.6
CBDDTY010004140.1	1	2000	22	1765	88.25	4.3215	30.3	43.2
CBDDTY010004141.1	1	2000	13	1740	87	2.748	30.4	60
CBDDTY010004142.1	1	2000	4	342	17.1	0.3925	29.2	0.75
CBDDTY010004143.1	1	2000	18	1812	90.6	3.8545	32.1	38.2
CBDDTY010004144.1	1	2000	7	1977	98.85	1.7165	30.7	25.6
CBDDTY010004145.1	1	2000	15	1857	92.85	2.855	32.3	55.5
CBDDTY010004146.1	1	2000	9	1261	63.05	1.562	31.8	56.6
CBDDTY010004147.1	1	2000	15	1784	89.2	2.767	29.4	40.9
CBDDTY010004148.1	1	2000	1	124	6.2	0.062	38.6	5
CBDDTY010004149.1	1	2000	14	1968	98.4	3.213	29.7	55
CBDDTY010004150.1	1	2000	17	1982	99.1	4.027	30	34.5
CBDDTY010004151.1	1	2000	15	1694	84.7	2.7005	30.2	31.2
CBDDTY010004152.1	1	2000	7	951	47.55	1.051	33.2	53.4
CBDDTY010004153.1	1	2000	18	1963	98.15	4.317	30.5	50.6
CBDDTY010004154.1	1	2000	20	1801	90.05	3.552	28.7	35.6
CBDDTY010004155.1	1	2000	7	881	44.05	1.104	31.2	58.7
CBDDTY010004156.1	1	2000	41	1547	77.35	11.2985	31.2	17.1
CBDDTY010004157.1	1	2000	139	1982	99.1	30.437	32.6	50.7
CBDDTY010004158.1	1	2000	22	920	46	4.1635	30.2	15.9
CBDDTY010004159.1	1	2000	2	489	24.45	0.2445	35.7	0
CBDDTY010004160.1	1	2000	1	168	8.4	0.084	30.9	60
CBDDTY010004161.1	1	2000	17	1484	74.2	2.848	28.9	29.2
CBDDTY010004162.1	1	2000	1	255	12.75	0.1275	27.3	1
CBDDTY010004163.1	1	2000	1	106	5.3	0.053	16.8	0
CBDDTY010004164.1	1	2000	11	1397	69.85	2.3735	32.6	53.7
CBDDTY010004166.1	1	2000	12	1501	75.05	1.984	33	51.1
CBDDTY010004167.1	1	2000	9	1652	82.6	1.601	32.6	57.9
CBDDTY010004168.1	1	2000	15	1699	84.95	3.8325	29.4	51.7
CBDDTY010004169.1	1	2000	70	1980	99	17.3	26.1	11.6
CBDDTY010004170.1	1	2000	1	85	4.25	0.0425	27.9	5
CBDDTY010004171.1	1	2000	6	1015	50.75	0.738	35.7	17.8
CBDDTY010004172.1	1	2000	4	813	40.65	0.7945	30	52
CBDDTY010004173.1	1	2000	27	1706	85.3	4.73	30.2	39.9
CBDDTY010004174.1	1	2000	1	96	4.8	0.048	28.1	1
CBDDTY010004175.1	1	2000	10	1745	87.25	2.0265	34.6	53.4
CBDDTY010004176.1	1	2000	8	1382	69.1	1.2965	33.4	47.4
CBDDTY010004177.1	1	2000	1	322	16.1	0.161	23	1
CBDDTY010004178.1	1	2000	20	1704	85.2	4.0405	28.9	39
CBDDTY010004179.1	1	2000	96	1991	99.55	19.3325	30	38.2
CBDDTY010004180.1	1	2000	9	1178	58.9	1.523	28.4	34.3
CBDDTY010004181.1	1	2000	7	1485	74.25	1.1395	31.4	8
CBDDTY010004182.1	1	2000	4	856	42.8	0.5675	29.3	45.2
CBDDTY010004184.1	1	2000	13	1568	78.4	2.979	29.7	8.69
CBDDTY010004185.1	1	2000	2	434	21.7	0.236	33.7	30.5
CBDDTY010004186.1	1	2000	9	1698	84.9	2.093	31.1	60
CBDDTY010004187.1	1	2000	5	826	41.3	0.798	27.7	48.2
CBDDTY010004189.1	1	2000	10	1759	87.95	2.2035	32.5	44.6
CBDDTY010004190.1	1	2000	20	1988	99.4	3.5795	30	51.9
CBDDTY010004191.1	1	2000	12	1422	71.1	1.3335	32	17.7
CBDDTY010004192.1	1	2000	3	826	41.3	0.4645	24.7	60
CBDDTY010004193.1	1	2000	11	787	39.35	1.4065	28	15.4
CBDDTY010004194.1	1	2000	6	398	19.9	0.646	32.3	0.833
CBDDTY010004195.1	1	2000	4	1547	77.35	1.143	29.9	42.5
CBDDTY010004196.1	1	2000	10	1997	99.85	2.242	27.2	36.4
CBDDTY010004197.1	1	2000	2	329	16.45	0.292	36.7	25
CBDDTY010004198.1	1	2000	25	1999	99.95	5.8795	32.5	52.6
CBDDTY010004199.1	1	2000	1	367	18.35	0.1835	30.5	1
CBDDTY010004200.1	1	2000	13	1874	93.7	2.203	31.2	49
CBDDTY010004201.1	1	2000	31	1286	64.3	5.8095	31.6	54.2
CBDDTY010004202.1	1	2000	2	713	35.65	0.3565	26.9	7.5
CBDDTY010004203.1	1	2000	6	811	40.55	0.573	33	16.7
CBDDTY010004204.1	1	2000	39	1995	99.75	7.988	30.5	41.7
CBDDTY010004205.1	1	2000	1	209	10.45	0.1045	27.1	60
CBDDTY010004206.1	1	2000	14	1401	70.05	2.5795	33.1	36.4
CBDDTY010004207.1	1	2000	7	1606	80.3	1.3955	30.2	41.6
CBDDTY010004208.1	1	2000	3	808	40.4	0.404	29	3.33
CBDDTY010004209.1	1	2000	5	1356	67.8	0.865	30.8	39.4
CBDDTY010004210.1	1	2000	8	1597	79.85	2.6265	33	52.4
CBDDTY010004211.1	1	2000	13	1927	96.35	2.636	32.3	56.5
CBDDTY010004212.1	1	2000	19	1902	95.1	3.1015	30.3	53.3
CBDDTY010004213.1	1	2000	12	1835	91.75	2.2675	30	56.9
CBDDTY010004214.1	1	2000	2	816	40.8	0.408	30	15.5
CBDDTY010004215.1	1	2000	27	1984	99.2	4.2845	28.9	43.8
CBDDTY010004216.1	1	2000	2	435	21.75	0.332	32	40.5
CBDDTY010004217.1	1	2000	5	1401	70.05	1.8445	29.2	40.8
CBDDTY010004218.1	1	2000	13	1762	88.1	2.3525	29.5	50.5
CBDDTY010004219.1	1	2000	2	190	9.5	0.099	34.8	0.5
CBDDTY010004220.1	1	2000	4	689	34.45	0.534	31.1	5.25
CBDDTY010004221.1	1	2000	13	1919	95.95	3.4495	28.1	48.2
CBDDTY010004222.1	1	2000	11	1937	96.85	2.151	29.9	34.9
CBDDTY010004223.1	1	2000	16	2000	100	3.4755	32.1	56.2
CBDDTY010004224.1	1	2000	10	957	47.85	1.458	26.1	48.4
CBDDTY010004225.1	1	2000	8	1460	73	1.4525	29.3	9.38
CBDDTY010004226.1	1	2000	16	1996	99.8	5.268	29.5	46.4
CBDDTY010004227.1	1	2000	307	1829	91.45	56.0215	31.1	55
CBDDTY010004228.1	1	2000	1	139	6.95	0.0695	29.6	1
CBDDTY010004229.1	1	1983	2	205	10.3379	0.191629	26.9	0.5
CBDDTY010004230.1	1	2000	19	1082	54.1	2.6055	28.6	13.7
CBDDTY010004231.1	1	2000	13	1217	60.85	2.4235	32	55.3
CBDDTY010004232.1	1	2000	16	1990	99.5	3.362	31.4	57
CBDDTY010004233.1	1	2000	18	1936	96.8	3.8535	30	46.4
CBDDTY010004234.1	1	2000	9	1192	59.6	1.36	31.6	6.11
CBDDTY010004235.1	1	2000	5	758	37.9	0.6425	32.3	17.6
CBDDTY010004236.1	1	2000	4	1259	62.95	1.0965	32.9	52.2
CBDDTY010004237.1	1	2000	1	156	7.8	0.078	32.2	0
CBDDTY010004238.1	1	2000	2	459	22.95	0.3335	32	32
CBDDTY010004239.1	1	2000	16	1099	54.95	3.3865	30	19.2
CBDDTY010004240.1	1	2000	8	1413	70.65	1.261	30.8	54.6
CBDDTY010004241.1	1	2000	51	1990	99.5	10.637	31.3	26
CBDDTY010004242.1	1	2000	11	1498	74.9	2.374	30.6	42
CBDDTY010004243.1	1	2000	16	1986	99.3	4.536	30.8	57.2
CBDDTY010004244.1	1	2000	16	1946	97.3	4.627	31.6	60
CBDDTY010004245.1	1	2000	11	1964	98.2	2.8305	30.7	49.8
CBDDTY010004246.1	1	2000	6	1163	58.15	1.0435	31.1	16.5
CBDDTY010004247.1	1	2000	36	1986	99.3	6.844	33.5	26.4
CBDDTY010004248.1	1	2000	6	1343	67.15	0.9735	32.9	60
CBDDTY010004249.1	1	2000	20	1992	99.6	5.372	28.5	49
CBDDTY010004250.1	1	2000	5	1362	68.1	1.0205	31.3	40.8
CBDDTY010004251.1	1	2000	3	1051	52.55	0.9515	31.8	35
CBDDTY010004252.1	1	2000	17	1990	99.5	3.4705	30.2	51.5
CBDDTY010004253.1	1	2000	2	560	28	0.28	33.9	10
CBDDTY010004254.1	1	2000	7	761	38.05	0.863	31.5	20.1
CBDDTY010004255.1	1	2000	2	206	10.3	0.1875	31.8	1
CBDDTY010004256.1	1	2000	8	1405	70.25	1.6395	29.3	50.5
CBDDTY010004257.1	1	2000	33	1654	82.7	5.401	30.5	14
CBDDTY010004258.1	1	2000	35	1756	87.8	7.663	30.1	19.5
CBDDTY010004259.1	1	2000	21	1728	86.4	5.6775	29.9	41.4
CBDDTY010004260.1	1	2000	8	650	32.5	0.662	31.1	0.625
CBDDTY010004262.1	1	2000	14	1862	93.1	2.415	30	58.2
CBDDTY010004263.1	1	2000	18	1955	97.75	3.2145	32.2	47.1
CBDDTY010004264.1	1	2000	1	218	10.9	0.109	38.3	1
CBDDTY010004265.1	1	2000	8	736	36.8	0.8595	30.5	39
CBDDTY010004266.1	1	2000	10	1294	64.7	2.0495	28.7	59.1
CBDDTY010004267.1	1	2000	13	791	39.55	2.7565	27.6	8.92
CBDDTY010004268.1	1	2000	9	1567	78.35	1.6695	33.4	59.3
CBDDTY010004269.1	1	2000	8	1446	72.3	1.4365	30.3	43.8
CBDDTY010004270.1	1	2000	7	785	39.25	1.611	29.5	10.1
CBDDTY010004271.1	1	2000	14	1607	80.35	3.146	29.3	16.7
CBDDTY010004272.1	1	2000	17	847	42.35	2.297	29.6	45.1
CBDDTY010004273.1	1	2000	17	1084	54.2	2.5005	30.7	35.6
CBDDTY010004274.1	1	2000	18	1975	98.75	4.112	31.3	52.8
CBDDTY010004275.1	1	2000	57	1856	92.8	10.445	31.1	16.4
CBDDTY010004276.1	1	2000	2	138	6.9	0.104	28.6	0.5
CBDDTY010004277.1	1	2000	6	932	46.6	0.67	28.1	6.17
CBDDTY010004278.1	1	2000	16	1996	99.8	3.3015	30.1	56.2
CBDDTY010004279.1	1	2000	15	1968	98.4	2.645	30.1	48.9
CBDDTY010004280.1	1	2000	6	771	38.55	1.0675	31.1	12.8
CBDDTY010004281.1	1	2000	10	1291	64.55	2.7325	31.4	0.9
CBDDTY010004283.1	1	2000	20	1898	94.9	3.608	30.7	53.8
CBDDTY010004284.1	1	2000	2	218	10.9	0.2055	26.4	1.5
CBDDTY010004285.1	1	2000	10	1693	84.65	2.206	30.1	54.5
CBDDTY010004286.1	1	2000	12	1516	75.8	2.382	29.9	18.4
CBDDTY010004287.1	1	2000	3	784	39.2	0.4495	32	20.7
CBDDTY010004288.1	1	2000	21	717	35.85	3.9815	30	49.6
CBDDTY010004289.1	1	2000	22	1969	98.45	5.252	30.3	52.5
CBDDTY010004290.1	1	2000	10	1710	85.5	2.2965	29.2	40.1
CBDDTY010004291.1	1	2000	14	621	31.05	1.5105	32.4	40.2
CBDDTY010004292.1	1	2000	7	1669	83.45	1.306	30.6	40.3
CBDDTY010004293.1	1	2000	15	1067	53.35	2.6915	31	11.3
CBDDTY010004294.1	1	2000	18	1764	88.2	4.377	31	41.5
CBDDTY010004295.1	1	2000	1	212	10.6	0.106	23.6	16
CBDDTY010004296.1	1	2000	18	1980	99	3.7595	28.1	54.8
CBDDTY010004297.1	1	2000	2	313	15.65	0.275	32.3	0
CBDDTY010004298.1	1	2000	19	1716	85.8	3.2235	30	41.9
CBDDTY010004299.1	1	2000	1	221	11.05	0.1105	20.7	5
CBDDTY010004300.1	1	2000	3	536	26.8	0.534	32.3	40.7
CBDDTY010004301.1	1	2000	13	1341	67.05	1.929	29	4.15
CBDDTY010004302.1	1	2000	3	905	45.25	0.475	32.5	40
CBDDTY010004303.1	1	2000	7	867	43.35	1.216	31.1	39.3
CBDDTY010004304.1	1	2000	13	1808	90.4	2.1575	28.8	50.9
CBDDTY010004305.1	1	2000	18	1778	88.9	4.0615	32.6	35.1
CBDDTY010004306.1	1	2000	1	330	16.5	0.165	30.6	1
CBDDTY010004307.1	1	2000	23	1998	99.9	4.432	29.4	33.5
CBDDTY010004309.1	1	2000	17	1578	78.9	4.3535	32.3	31.4
CBDDTY010004310.1	1	2000	16	1557	77.85	3.1055	31.3	54.4
CBDDTY010004311.1	1	2000	7	784	39.2	1.095	32.2	7.43
CBDDTY010004312.1	1	2000	19	1857	92.85	3.065	29.4	52.2
CBDDTY010004314.1	1	2000	17	1926	96.3	3.6745	31.3	59.8
CBDDTY010004315.1	1	2000	9	1750	87.5	1.7175	31.3	21.3
CBDDTY010004316.1	1	2000	14	1836	91.8	3.1275	31.5	44.8
CBDDTY010004317.1	1	2000	10	1015	50.75	1.162	32.1	33.9
CBDDTY010004318.1	1	2000	11	1901	95.05	2.3125	32.2	46.9
CBDDTY010004319.1	1	2000	1	149	7.45	0.0745	34.2	1
CBDDTY010004320.1	1	2000	15	1544	77.2	2.1165	33.4	6.2
CBDDTY010004321.1	1	2000	5	1032	51.6	0.7935	33.6	38.6
CBDDTY010004322.1	1	2000	9	1503	75.15	2.0185	31.2	49.3
CBDDTY010004323.1	1	2000	3	566	28.3	0.455	27.9	44.3
CBDDTY010004324.1	1	2000	11	1837	91.85	2.4735	29.4	35.4
CBDDTY010004325.1	1	2000	2	429	21.45	0.3615	31.4	10
CBDDTY010004326.1	1	2000	16	1567	78.35	2.433	28.1	46.4
CBDDTY010004327.1	1	2000	10	1371	68.55	1.302	30.3	60
CBDDTY010004328.1	1	2000	20	1992	99.6	5.0465	32	35.5
CBDDTY010004329.1	1	2000	75	1981	99.05	13.2365	29.9	17
CBDDTY010004330.1	1	2000	6	1240	62	0.9855	32.1	42.3
CBDDTY010004331.1	1	2000	36	1962	98.1	7.002	28.7	37.6
CBDDTY010004332.1	1	2000	7	1485	74.25	1.9605	32.5	28
CBDDTY010004334.1	1	2000	16	1995	99.75	4.486	30.9	36.8
CBDDTY010004335.1	1	2000	8	771	38.55	0.829	29.4	2
CBDDTY010004336.1	1	2000	6	705	35.25	0.691	29.3	42.7
CBDDTY010004337.1	1	2000	4	622	31.1	0.758	27	45
CBDDTY010004338.1	1	2000	16	1932	96.6	2.785	28.8	57.4
CBDDTY010004339.1	1	2000	9	1724	86.2	1.844	31.8	48.9
CBDDTY010004340.1	1	2000	3	1445	72.25	0.7225	30.2	60
CBDDTY010004342.1	1	2000	14	1652	82.6	2.5915	33.4	39.8
CBDDTY010004343.1	1	2000	5	472	23.6	0.7125	34.9	4.4
CBDDTY010004345.1	1	2000	7	1556	77.8	2.458	28.4	6.86
CBDDTY010004346.1	1	2000	16	1710	85.5	2.825	30.8	55.9
CBDDTY010004348.1	1	2000	19	1786	89.3	4.437	31.4	52.1
CBDDTY010004349.1	1	2000	11	1747	87.35	2.766	33.2	2.82
CBDDTY010004350.1	1	2000	15	1829	91.45	2.9355	31.4	53.1
CBDDTY010004351.1	1	2000	1	345	17.25	0.1725	35.3	60
CBDDTY010004352.1	1	2000	11	1311	65.55	2.3445	27.8	56.5
CBDDTY010004353.1	1	2000	23	1076	53.8	4.552	30.1	14.3
CBDDTY010004354.1	1	2000	6	963	48.15	0.943	29.7	54.8
CBDDTY010004355.1	1	2000	1	110	5.5	0.055	29.9	51
CBDDTY010004356.1	1	2000	6	1159	57.95	0.929	30.6	44.8
CBDDTY010004358.1	1	2000	10	1326	66.3	1.5805	33.7	47.1
CBDDTY010004359.1	1	2000	15	1890	94.5	2.537	30.2	9.27
CBDDTY010004360.1	1	2000	12	1905	95.25	3.3845	35.2	54.3
CBDDTY010004361.1	1	2000	12	1833	91.65	2.116	31	56.6
CBDDTY010004363.1	1	2000	18	1833	91.65	2.7835	30	11.9
CBDDTY010004364.1	1	2000	27	1949	97.45	4.1075	32.5	34.8
CBDDTY010004365.1	1	2000	7	471	23.55	0.7835	30.6	1.29
CBDDTY010004366.1	1	2000	18	1963	98.15	3.2325	31.2	53.4
CBDDTY010004367.1	1	2000	5	733	36.65	0.938	29.3	13.6
CBDDTY010004368.1	1	2000	15	1973	98.65	2.861	30.6	49.4
CBDDTY010004369.1	1	2000	15	1672	83.6	2.254	34.1	28.2
CBDDTY010004371.1	1	2000	2	492	24.6	0.246	30.7	30
CBDDTY010004372.1	1	2000	59	1996	99.8	12.7725	32	49.8
CBDDTY010004373.1	1	2000	17	1268	63.4	3.3025	31.7	46.6
CBDDTY010004374.1	1	2000	6	1444	72.2	1.1255	28.6	14
CBDDTY010004375.1	1	2000	2	259	12.95	0.24	30.2	17
CBDDTY010004376.1	1	2000	21	2000	100	5.0485	30.4	49
CBDDTY010004377.1	1	2000	19	1959	97.95	3.857	31.1	58.8
CBDDTY010004378.1	1	2000	73	1936	96.8	17.089	30.2	25.9
CBDDTY010004379.1	1	2000	3	245	12.25	0.362	29.7	2.33
CBDDTY010004380.1	1	2000	3	1006	50.3	0.606	29	60
CBDDTY010004381.1	1	2000	1	243	12.15	0.1215	31.4	5
CBDDTY010004383.1	1	2000	31	1990	99.5	6.613	31.3	26
CBDDTY010004384.1	1	2000	3	305	15.25	0.3945	26.2	60
CBDDTY010004385.1	1	2000	19	1643	82.15	4.8325	32.2	38.5
CBDDTY010004386.1	1	2000	3	927	46.35	0.4635	33	38.7
CBDDTY010004387.1	1	2000	10	1926	96.3	2.2295	32.5	54.9
CBDDTY010004388.1	1	2000	16	1339	66.95	1.54	30.9	34.4
CBDDTY010004389.1	1	2000	8	1870	93.5	2.358	30.5	46.8
CBDDTY010004390.1	1	2000	21	1865	93.25	4.121	29.9	53
CBDDTY010004391.1	1	2000	1	373	18.65	0.1865	34.2	60
CBDDTY010004392.1	1	2000	8	1234	61.7	1.6805	31.5	56.4
CBDDTY010004393.1	1	2000	16	1609	80.45	2.799	30.3	22.9
CBDDTY010004394.1	1	2000	9	1618	80.9	2.264	29.5	34.7
CBDDTY010004395.1	1	2000	10	1226	61.3	1.4135	31.9	13.8
CBDDTY010004396.1	1	2000	6	925	46.25	0.881	34.4	32.5
CBDDTY010004397.1	1	2000	5	1510	75.5	1.2005	32.8	49
CBDDTY010004398.1	1	2000	1	104	5.2	0.052	39.6	0
CBDDTY010004400.1	1	2000	88	1998	99.9	18.0215	30.7	43.8
CBDDTY010004401.1	1	2000	14	1829	91.45	3.534	31.8	56
CBDDTY010004402.1	1	2000	19	1990	99.5	3.6195	29.7	14.4
CBDDTY010004403.1	1	2000	9	1618	80.9	1.8605	29.5	60
CBDDTY010004404.1	1	2000	13	1892	94.6	1.9695	31.9	55.7
CBDDTY010004405.1	1	2000	13	1888	94.4	2.7835	30.5	22.9
CBDDTY010004406.1	1	2000	1	297	14.85	0.1485	29	60
CBDDTY010004407.1	1	2000	44	1991	99.55	10.941	30.7	23.3
CBDDTY010004408.1	1	2000	15	1782	89.1	2.4995	29.8	52.7
CBDDTY010004409.1	1	2000	1	525	26.25	0.2625	37.7	1
CBDDTY010004410.1	1	2000	16	1689	84.45	2.743	29.8	22.9
CBDDTY010004411.1	1	2000	9	805	40.25	0.9295	28.1	5.78
CBDDTY010004412.1	1	2000	4	655	32.75	0.612	32.6	30.5
CBDDTY010004413.1	1	2000	9	799	39.95	1.5195	29.4	46.1
CBDDTY010004414.1	1	2000	34	1270	63.5	5.697	31	39
CBDDTY010004415.1	1	2000	18	1349	67.45	3.3175	31.7	25.1
CBDDTY010004416.1	1	2000	4	944	47.2	0.5915	30.2	29.2
CBDDTY010004417.1	1	2000	12	1071	53.55	2.533	28.8	50.5
CBDDTY010004418.1	1	2000	10	1894	94.7	2.155	30.6	38
CBDDTY010004419.1	1	2000	13	1782	89.1	3.0755	32.5	43
CBDDTY010004420.1	1	2000	8	1528	76.4	1.947	26.8	60
CBDDTY010004422.1	1	2000	13	1949	97.45	2.4225	29.5	51.3
CBDDTY010004423.1	1	2000	2	633	31.65	0.3895	31.7	16
CBDDTY010004424.1	1	2000	11	1295	64.75	2.4225	27.3	14
CBDDTY010004425.1	1	2000	20	1374	68.7	2.967	32.6	18.9
CBDDTY010004427.1	1	2000	11	1264	63.2	1.454	31.4	36.6
CBDDTY010004428.1	1	2000	4	364	18.2	0.505	25.7	19.5
CBDDTY010004429.1	1	2000	8	1272	63.6	1.2465	28.3	48.6
CBDDTY010004431.1	1	2000	22	1911	95.55	3.8365	30.7	22
CBDDTY010004432.1	1	2000	8	998	49.9	1.157	28.8	47.8
CBDDTY010004433.1	1	2000	12	1839	91.95	1.938	28.3	56.1
CBDDTY010004434.1	1	2000	44	1442	72.1	9.525	31.7	44
CBDDTY010004435.1	1	2000	2	745	37.25	0.3725	27.8	60
CBDDTY010004436.1	1	2000	16	1686	84.3	2.7025	31.7	34.2
CBDDTY010004437.1	1	2000	16	1499	74.95	3.2905	31.6	11.2
CBDDTY010004438.1	1	2000	12	1320	66	2.7135	29.8	6
CBDDTY010004439.1	1	2000	10	1232	61.6	2.403	31.2	50.5
CBDDTY010004440.1	1	2000	18	1874	93.7	2.649	29.3	50.3
CBDDTY010004441.1	1	2000	11	1727	86.35	1.6695	34.7	34.5
CBDDTY010004443.1	1	2000	1	143	7.15	0.0715	21.3	0
CBDDTY010004444.1	1	2000	3	589	29.45	0.431	31.3	40.3
CBDDTY010004445.1	1	2000	13	1319	65.95	2.203	30.6	53
CBDDTY010004446.1	1	2000	25	1875	93.75	5.0605	30.4	43.3
CBDDTY010004448.1	1	2000	1	286	14.3	0.143	29.3	34
CBDDTY010004449.1	1	2000	25	1877	93.85	4.839	32.1	50.1
CBDDTY010004450.1	1	2000	11	1422	71.1	1.573	32.4	30.1
CBDDTY010004451.1	1	2000	12	1479	73.95	1.6295	31.7	14.6
CBDDTY010004452.1	1	2000	16	1291	64.55	3.695	32.2	20.3
CBDDTY010004453.1	1	2000	20	1983	99.15	4.5785	27.6	47.2
CBDDTY010004454.1	1	2000	1	320	16	0.16	33	60
CBDDTY010004455.1	1	2000	10	1979	98.95	2.2965	34.2	54.3
CBDDTY010004456.1	1	2000	11	1805	90.25	2.807	29.1	49.7
CBDDTY010004457.1	1	2000	5	542	27.1	0.4655	32.1	8.6
CBDDTY010004459.1	1	2000	7	734	36.7	1.4175	30.6	55.9
CBDDTY010004460.1	1	2000	13	1939	96.95	2.4835	31.2	57.9
CBDDTY010004461.1	1	2000	4	653	32.65	0.6255	31.7	36.8
CBDDTY010004462.1	1	2000	7	1774	88.7	1.4595	32.4	58.1
CBDDTY010004463.1	1	2000	5	1003	50.15	0.8425	32.3	43.6
CBDDTY010004464.1	1	2000	3	1092	54.6	0.8445	32.9	2.33
CBDDTY010004465.1	1	2000	4	1293	64.65	0.9165	25.5	46
CBDDTY010004466.1	1	2000	40	1999	99.95	8.102	30.5	56.3
CBDDTY010004467.1	1	2000	4	1025	51.25	0.9575	31.2	1
CBDDTY010004468.1	1	2000	18	1209	60.45	4.0235	30.8	29.4
CBDDTY010004469.1	1	2000	18	1608	80.4	4.099	30.9	26.5
CBDDTY010004470.1	1	2000	17	1565	78.25	2.445	32.9	42
CBDDTY010004472.1	1	2000	6	1337	66.85	1.3075	30.2	55.8
CBDDTY010004473.1	1	2000	17	1221	61.05	3.235	31.3	29.8
CBDDTY010004474.1	1	2000	25	1999	99.95	4.7595	32.6	20.1
CBDDTY010004475.1	1	2000	26	1970	98.5	5.795	30.7	45.7
CBDDTY010004476.1	1	2000	13	1803	90.15	2.4985	33.8	57.4
CBDDTY010004478.1	1	2000	2	519	25.95	0.2595	33.5	39.5
CBDDTY010004479.1	1	2000	15	1669	83.45	3.017	30.6	54
CBDDTY010004480.1	1	2000	9	1467	73.35	1.604	31.2	15.4
CBDDTY010004481.1	1	2000	15	1734	86.7	2.045	30	41.7
CBDDTY010004482.1	1	2000	18	1714	85.7	4.6025	30	32.4
CBDDTY010004485.1	1	2000	23	1639	81.95	3.605	32.9	42.2
CBDDTY010004486.1	1	2000	11	1498	74.9	2.2195	29.2	2.18
CBDDTY010004487.1	1	2000	11	1814	90.7	2.447	33	47
CBDDTY010004488.1	1	2000	13	1896	94.8	2.5205	29.7	47.3
CBDDTY010004489.1	1	2000	12	1830	91.5	2.311	28.3	28.2
CBDDTY010004490.1	1	2000	10	910	45.5	2.1635	36.6	38.8
CBDDTY010004491.1	1	2000	2	224	11.2	0.147	31.6	6
CBDDTY010004492.1	1	2000	10	1758	87.9	1.717	26.8	49.9
CBDDTY010004493.1	1	2000	12	1745	87.25	1.811	30.2	51.7
CBDDTY010004494.1	1	2000	19	1365	68.25	5.2865	30.3	9.79
CBDDTY010004495.1	1	2000	18	1055	52.75	3.937	30.8	26
CBDDTY010004496.1	1	2000	2	293	14.65	0.1465	27	27
CBDDTY010004497.1	1	2000	8	1417	70.85	1.547	31.7	48
CBDDTY010004498.1	1	2000	1	290	14.5	0.145	32.5	1
CBDDTY010004500.1	1	2000	14	1917	95.85	2.4195	31.1	49.2
CBDDTY010004501.1	1	2000	4	845	42.25	0.5605	34	31.2
CBDDTY010004502.1	1	2000	10	1572	78.6	2.068	31.4	45.8
CBDDTY010004503.1	1	2000	9	1917	95.85	2.289	33.2	53.4
CBDDTY010004504.1	1	2000	9	1788	89.4	2.594	30.9	58
CBDDTY010004505.1	1	2000	4	1037	51.85	0.675	30.6	31.5
CBDDTY010004506.1	1	2000	13	1922	96.1	2.291	28.3	24.6
CBDDTY010004508.1	1	2000	24	2000	100	5.232	28.8	53.2
CBDDTY010004509.1	1	2000	21	1955	97.75	4.2495	31.2	54.2
CBDDTY010004510.1	1	2000	24	1967	98.35	4.7695	29.6	53
CBDDTY010004511.1	1	2000	12	1949	97.45	3.025	31.2	55.7
CBDDTY010004512.1	1	2000	25	1402	70.1	3.283	31.8	10.4
CBDDTY010004514.1	1	2000	2	336	16.8	0.168	33.3	6
CBDDTY010004515.1	1	2000	1	154	7.7	0.077	26.6	1
CBDDTY010004516.1	1	2000	7	1228	61.4	1.004	28.8	55.6
CBDDTY010004517.1	1	2000	8	1501	75.05	1.617	33.1	52.6
CBDDTY010004518.1	1	2000	15	1419	70.95	3.325	34	51.5
CBDDTY010004519.1	1	2000	5	1192	59.6	0.6315	28.3	37.4
CBDDTY010004520.1	1	2000	12	1352	67.6	1.692	31.2	53.4
CBDDTY010004521.1	1	2000	14	1806	90.3	2.1355	29.7	30.9
CBDDTY010004522.1	1	2000	9	1482	74.1	1.359	27.7	34.3
CBDDTY010004523.1	1	2000	4	604	30.2	0.6805	26.2	3.75
CBDDTY010004524.1	1	2000	11	1894	94.7	2.0455	32.6	41
CBDDTY010004525.1	1	2000	10	1815	90.75	1.835	32.9	37.9
CBDDTY010004526.1	1	2000	22	1999	99.95	4.226	31	57.4
CBDDTY010004527.1	1	2000	1	189	9.45	0.0945	21.9	1
CBDDTY010004528.1	1	2000	2	466	23.3	0.3105	28	12
CBDDTY010004529.1	1	2000	8	1668	83.4	1.9895	29.1	59.4
CBDDTY010004530.1	1	2000	2	139	6.95	0.114	28	1.5
CBDDTY010004531.1	1	2000	50	1984	99.2	9.26	29.4	28.5
CBDDTY010004532.1	1	2000	18	1274	63.7	2.498	31.6	5.28
CBDDTY010004533.1	1	2000	27	1625	81.25	5.249	32.4	47.1
CBDDTY010004534.1	1	2000	15	1976	98.8	3.441	30.2	57.4
CBDDTY010004535.1	1	2000	5	1075	53.75	0.9945	32	59.8
CBDDTY010004536.1	1	2000	15	1924	96.2	2.7605	26.3	48
CBDDTY010004537.1	1	2000	12	1745	87.25	2.496	29	51.7
CBDDTY010004538.1	1	2000	7	1922	96.1	1.9025	31.4	60
CBDDTY010004539.1	1	2000	5	1367	68.35	0.845	31.7	49.6
CBDDTY010004540.1	1	2000	22	1318	65.9	4.688	32.1	48.3
CBDDTY010004541.1	1	2000	12	1811	90.55	3.0375	29.4	55.2
CBDDTY010004543.1	1	2000	1	92	4.6	0.046	27.7	0
CBDDTY010004545.1	1	2000	14	1963	98.15	2.333	29.4	53.3
CBDDTY010004546.1	1	2000	11	1653	82.65	1.6375	31.7	25.3
CBDDTY010004547.1	1	2000	98	2000	100	23.055	32.2	15.8
CBDDTY010004548.1	1	2000	13	1967	98.35	3.1435	31.2	60
CBDDTY010004549.1	1	2000	17	1560	78	2.881	29.4	37.1
CBDDTY010004550.1	1	2000	9	1459	72.95	1.41	31.2	30.2
CBDDTY010004551.1	1	2000	2	315	15.75	0.303	25.1	47.5
CBDDTY010004552.1	1	2000	11	1282	64.1	1.8525	31.4	44.2
CBDDTY010004553.1	1	2000	46	1935	96.75	11.254	31.4	16
CBDDTY010004555.1	1	2000	16	1898	94.9	2.929	31	51.4
CBDDTY010004556.1	1	2000	15	1990	99.5	3.752	32.9	56.6
CBDDTY010004557.1	1	2000	8	1478	73.9	1.0965	30	58
CBDDTY010004558.1	1	2000	13	1359	67.95	1.896	31.5	32.7
CBDDTY010004559.1	1	2000	21	1950	97.5	3.754	30.6	56.7
CBDDTY010004560.1	1	2000	1	179	8.95	0.0895	37.3	23
CBDDTY010004561.1	1	2000	21	1768	88.4	4.2385	32.4	41.9
CBDDTY010004562.1	1	2000	40	1998	99.9	7.83	31.1	55.8
CBDDTY010004563.1	1	2000	4	577	28.85	0.525	32.9	18.8
CBDDTY010004564.1	1	2000	6	1314	65.7	1.1675	30.6	29.2
CBDDTY010004565.1	1	2000	2	170	8.5	0.085	26.1	1
CBDDTY010004566.1	1	2000	16	1763	88.15	2.7015	30.8	30.8
CBDDTY010004567.1	1	2000	4	1224	61.2	0.854	27.5	45.2
CBDDTY010004568.1	1	2000	1	385	19.25	0.1925	35.6	1
CBDDTY010004569.1	1	2000	2	1044	52.2	0.573	28.3	50
CBDDTY010004570.1	1	2000	4	1118	55.9	0.6415	31.5	34.8
CBDDTY010004571.1	1	2000	9	1762	88.1	1.476	30.9	60
CBDDTY010004572.1	1	2000	26	1767	88.35	3.8525	29.8	16.2
CBDDTY010004573.1	1	2000	1	212	10.6	0.106	27.3	0
CBDDTY010004574.1	1	2000	20	1719	85.95	3.0605	28.8	32
CBDDTY010004575.1	1	2000	9	745	37.25	1.044	30.7	16.2
CBDDTY010004576.1	1	2000	10	1392	69.6	1.5475	28.1	59.2
CBDDTY010004577.1	1	2000	10	1471	73.55	2.0705	28.1	43.2
CBDDTY010004578.1	1	2000	7	1282	64.1	1.229	32.4	43
CBDDTY010004579.1	1	2000	11	1481	74.05	1.74	31.3	48.9
CBDDTY010004580.1	1	2000	6	1152	57.6	1.168	30.6	43.2
CBDDTY010004581.1	1	2000	15	1844	92.2	4.3095	30.8	53.3
CBDDTY010004582.1	1	2000	1	107	5.35	0.0535	30	1
CBDDTY010004583.1	1	2000	11	1865	93.25	3.088	29.9	54.9
CBDDTY010004584.1	1	2000	24	1937	96.85	4.2185	33.9	49.4
CBDDTY010004585.1	1	2000	30	1994	99.7	5.372	28.9	48.3
CBDDTY010004586.1	1	2000	35	1666	83.3	6.64	31.8	25.1
CBDDTY010004588.1	1	2000	12	1912	95.6	2.63	32.2	50.7
CBDDTY010004589.1	1	2000	2	1033	51.65	0.7005	29.6	60
CBDDTY010004590.1	1	2000	14	1459	72.95	2.067	32.5	23.6
CBDDTY010004591.1	1	2000	4	868	43.4	0.4975	31	60
CBDDTY010004592.1	1	2000	6	1577	78.85	1.911	28.8	60
CBDDTY010004593.1	1	2000	15	1946	97.3	3.163	32.9	57.1
CBDDTY010004594.1	1	2000	23	1984	99.2	6.34	32.8	58.3
CBDDTY010004595.1	1	2000	27	1035	51.75	4.12	30.9	5.7
CBDDTY010004596.1	1	2000	5	663	33.15	0.965	26.9	0.8
CBDDTY010004597.1	1	2000	12	1995	99.75	2.0575	31.6	58.3
CBDDTY010004598.1	1	2000	17	414	20.7	1.923	30.7	14.9
CBDDTY010004599.1	1	2000	14	1528	76.4	2.642	31.1	38.7
CBDDTY010004600.1	1	2000	14	1891	94.55	2.662	30.6	57.2
CBDDTY010004601.1	1	2000	17	1888	94.4	3.1795	31.1	49.2
CBDDTY010004602.1	1	2000	14	1039	51.95	1.8085	31.1	48.6
CBDDTY010004605.1	1	1000	3	641	64.1	1.226	32.2	47.7
CBDDTY010004606.1	1	1000	1	306	30.6	0.306	32.7	41
CBDDTY010004609.1	1	1000	3	213	21.3	0.467	35.9	0
CBDDTY010004610.1	1	1000	5	404	40.4	0.9	33.5	41.6
CBDDTY010004611.1	1	1000	4	518	51.8	0.883	27.5	49.2
CBDDTY010004612.1	1	1000	7	999	99.9	2.841	32.1	58.7
CBDDTY010004613.1	1	1000	3	498	49.8	0.615	27.9	19
CBDDTY010004615.1	1	1000	3	429	42.9	0.937	30.4	0.333
CBDDTY010004616.1	1	1000	16	1000	100	6.041	29.9	50.3
CBDDTY010004617.1	1	1000	2	289	28.9	0.289	32.6	1
CBDDTY010004618.1	1	1000	12	984	98.4	4.17	27.3	57.1
CBDDTY010004619.1	1	1000	6	691	69.1	2.609	33.9	57.2
CBDDTY010004620.1	1	1000	2	92	9.2	0.171	33.9	0.5
CBDDTY010004624.1	1	1000	5	923	92.3	1.365	32	60
CBDDTY010004626.1	1	1000	4	632	63.2	0.841	27.2	24.5
CBDDTY010004627.1	1	1000	21	850	85	4.257	30.2	7.38
CBDDTY010004628.1	1	1000	5	854	85.4	1.744	31.6	54
CBDDTY010004629.1	1	1000	13	985	98.5	4.886	31.7	27.2
CBDDTY010004630.1	1	1000	1	766	76.6	0.766	35.2	1
CBDDTY010004631.1	1	1000	1	164	16.4	0.164	30.3	12
CBDDTY010004632.1	1	1000	3	715	71.5	1.463	27.6	60
CBDDTY010004635.1	1	1000	7	785	78.5	2.746	33	60
CBDDTY010004636.1	1	1000	9	994	99.4	4.363	34.5	49.4
CBDDTY010004637.1	1	1000	2	550	55	0.55	34.5	0.5
CBDDTY010004638.1	1	1000	7	962	96.2	2.971	30.8	60
CBDDTY010004639.1	1	1000	8	978	97.8	1.771	28.7	50.5
CBDDTY010004640.1	1	1000	5	503	50.3	1.041	32.1	3.2
CBDDTY010004641.1	1	1000	1	219	21.9	0.219	31	47
CBDDTY010004642.1	1	1000	2	308	30.8	0.562	34	13
CBDDTY010004643.1	1	1000	14	1000	100	5.203	29.1	45.4
CBDDTY010004644.1	1	1000	1	209	20.9	0.209	36	54
CBDDTY010004645.1	1	1000	11	955	95.5	4.445	32.4	41.6
CBDDTY010004646.1	1	1000	6	979	97.9	2.472	27	50.5
CBDDTY010004647.1	1	1000	5	747	74.7	1.519	30.9	43
CBDDTY010004649.1	1	1000	71	495	49.5	19.261	28.6	13.2
CBDDTY010004650.1	1	1000	8	857	85.7	2.604	30.1	60
CBDDTY010004651.1	1	1000	20	795	79.5	4.576	33.1	6.05
CBDDTY010004652.1	1	1000	15	776	77.6	2.5	30.6	10.1
CBDDTY010004653.1	1	1000	8	954	95.4	3.366	29.5	49.8
CBDDTY010004655.1	1	1000	2	449	44.9	0.651	28.7	29
CBDDTY010004656.1	1	1000	6	899	89.9	2.424	30.8	53
CBDDTY010004657.1	1	1000	13	847	84.7	3.623	30.4	27
CBDDTY010004658.1	1	1000	8	873	87.3	2.299	31.6	57.2
CBDDTY010004659.1	1	1000	3	910	91	0.957	30	60
CBDDTY010004660.1	1	1000	12	1000	100	3.401	30.3	23.7
CBDDTY010004661.1	1	1000	3	277	27.7	0.545	30.1	15.7
CBDDTY010004662.1	1	1000	4	678	67.8	1.415	25.4	53
CBDDTY010004663.1	1	1000	3	366	36.6	0.834	36.2	60
CBDDTY010004664.1	1	1000	10	999	99.9	3.726	33.1	55.3
CBDDTY010004665.1	1	1000	7	895	89.5	1.292	33.1	46.9
CBDDTY010004666.1	1	1000	10	761	76.1	2.869	31.6	47.1
CBDDTY010004668.1	1	1000	7	712	71.2	2.894	30.1	49.7
CBDDTY010004669.1	1	1000	12	1000	100	3.964	32.1	47
CBDDTY010004670.1	1	1000	1	532	53.2	0.532	37.4	60
CBDDTY010004671.1	1	1000	6	760	76	1.89	30.4	36.5
CBDDTY010004672.1	1	1000	3	573	57.3	0.791	29.8	38
CBDDTY010004673.1	1	1000	2	628	62.8	0.673	29.6	13.5
CBDDTY010004674.1	1	1000	4	176	17.6	0.626	34.2	4.5
CBDDTY010004676.1	1	1000	6	962	96.2	1.704	32.5	60
CBDDTY010004677.1	1	1000	7	984	98.4	2.697	31.8	55
CBDDTY010004678.1	1	1000	1	129	12.9	0.129	22.7	14
CBDDTY010004679.1	1	1000	8	941	94.1	2.415	32.9	45.2
CBDDTY010004680.1	1	1000	46	999	99.9	16.702	31.4	51.9
CBDDTY010004681.1	1	1000	6	990	99	2.416	31.4	41
CBDDTY010004684.1	1	1000	1	182	18.2	0.182	23	5
CBDDTY010004685.1	1	1000	39	1000	100	13.113	30.8	18.4
CBDDTY010004686.1	1	1000	4	794	79.4	1.411	33.8	60
CBDDTY010004688.1	1	1000	8	992	99.2	2.775	31.5	46.4
CBDDTY010004689.1	1	1000	16	924	92.4	7.684	32.1	22.6
CBDDTY010004690.1	1	1000	2	235	23.5	0.235	28.1	5
CBDDTY010004691.1	1	1000	26	999	99.9	10.458	29.8	57.3
CBDDTY010004693.1	1	1000	1	160	16	0.16	34.1	1
CBDDTY010004694.1	1	1000	6	891	89.1	1.951	30.6	47.8
CBDDTY010004695.1	1	1000	3	698	69.8	1.115	27.6	43
CBDDTY010004696.1	1	1000	41	993	99.3	15.605	30.7	26.2
CBDDTY010004697.1	1	1000	2	317	31.7	0.317	26.4	30.5
CBDDTY010004698.1	1	1000	1	162	16.2	0.162	31.5	7
CBDDTY010004699.1	1	1000	2	774	77.4	0.804	18.1	38.5
CBDDTY010004700.1	1	1000	8	993	99.3	2.828	28.5	17
CBDDTY010004701.1	1	1000	9	964	96.4	4.07	27.3	56.3
CBDDTY010004703.1	1	1000	4	981	98.1	1.773	31.3	60
CBDDTY010004704.1	1	1000	1	147	14.7	0.147	22.6	1
CBDDTY010004705.1	1	1000	4	737	73.7	1.68	30.1	60
CBDDTY010004707.1	1	1000	2	327	32.7	0.49	35.2	3.5
CBDDTY010004708.1	1	1000	18	971	97.1	8.873	29.9	11.1
CBDDTY010004709.1	1	1000	9	998	99.8	2.514	30.4	45.1
CBDDTY010004710.1	1	1000	1	108	10.8	0.108	29	2
CBDDTY010004711.1	1	1000	5	990	99	2.35	25.1	36.8
CBDDTY010004712.1	1	1000	1	155	15.5	0.155	25.1	1
CBDDTY010004714.1	1	1000	5	903	90.3	1.597	26.9	55.2
CBDDTY010004715.1	1	1000	2	338	33.8	0.673	33.4	10
CBDDTY010004716.1	1	1000	2	398	39.8	0.542	27.2	41
CBDDTY010004717.1	1	1000	1	165	16.5	0.165	21.3	1
CBDDTY010004718.1	1	1000	2	282	28.2	0.455	27	32.5
CBDDTY010004719.1	1	1000	3	595	59.5	1.155	33.5	60
CBDDTY010004720.1	1	1000	8	816	81.6	2.088	32.5	46.5
CBDDTY010004721.1	1	1000	1	392	39.2	0.392	32.9	1
CBDDTY010004722.1	1	1000	9	974	97.4	3.483	28.4	26.1
CBDDTY010004723.1	1	1000	6	992	99.2	2.181	26.7	27
CBDDTY010004724.1	1	1000	5	965	96.5	1.73	35.1	50.8
CBDDTY010004725.1	1	1000	3	554	55.4	0.686	30.3	29.3
CBDDTY010004726.1	1	1000	13	613	61.3	4.633	33.3	4.54
CBDDTY010004728.1	1	1000	1	155	15.5	0.155	29.9	60
CBDDTY010004729.1	1	1000	2	166	16.6	0.27	29.2	0
CBDDTY010004730.1	1	1000	5	467	46.7	1.672	28.7	55
CBDDTY010004731.1	1	1000	3	396	39.6	0.807	32.9	40.3
CBDDTY010004734.1	1	1000	33	952	95.2	11.687	30.4	53.9
CBDDTY010004737.1	1	1000	9	985	98.5	3.756	30.3	51.6
CBDDTY010004738.1	1	1000	6	854	85.4	3.047	31.3	60
CBDDTY010004740.1	1	1000	3	638	63.8	1.094	24	60
CBDDTY010004741.1	1	1000	4	692	69.2	1.355	29.2	49.8
CBDDTY010004743.1	1	1000	14	1000	100	4.627	31.2	35.6
CBDDTY010004744.1	1	1000	6	993	99.3	2.113	29.4	60
CBDDTY010004745.1	1	1000	31	822	82.2	10.617	29.8	51.7
CBDDTY010004746.1	1	1000	11	988	98.8	3.568	32.3	52.1
CBDDTY010004747.1	1	1000	4	993	99.3	1.956	31.6	49.2
CBDDTY010004748.1	1	1000	1	78	7.8	0.078	36.8	0
CBDDTY010004749.1	1	1000	10	871	87.1	2.838	32.1	40.8
CBDDTY010004750.1	1	1000	10	909	90.9	2.717	31.8	19.9
CBDDTY010004751.1	1	1000	2	421	42.1	0.421	37.5	0.5
CBDDTY010004752.1	1	1000	5	568	56.8	1.636	31.5	48.2
CBDDTY010004753.1	1	1000	7	482	48.2	1.421	30.9	3.71
CBDDTY010004754.1	1	1000	7	966	96.6	2.302	32.4	52
CBDDTY010004755.1	1	1000	7	702	70.2	1.958	32.4	23.1
CBDDTY010004756.1	1	1000	3	976	97.6	1.419	32.4	60
CBDDTY010004757.1	1	1000	4	769	76.9	1.683	32.2	56.5
CBDDTY010004758.1	1	1000	7	980	98	2.165	31.8	26.6
CBDDTY010004760.1	1	1000	3	641	64.1	0.871	31	19
CBDDTY010004761.1	1	1000	7	768	76.8	2.154	31.7	7.14
CBDDTY010004762.1	1	1000	1	336	33.6	0.336	30.3	1
CBDDTY010004763.1	1	1000	4	692	69.2	2.094	29	25.2
CBDDTY010004764.1	1	1000	4	709	70.9	1.646	28.7	53.2
CBDDTY010004765.1	1	1000	4	368	36.8	0.609	31.1	12
CBDDTY010004766.1	1	1000	4	419	41.9	0.708	28.2	3.25
CBDDTY010004767.1	1	1000	20	876	87.6	6.922	29.7	30.8
CBDDTY010004769.1	1	1000	1	527	52.7	0.527	32.8	60
CBDDTY010004770.1	1	1000	13	701	70.1	3.721	32.3	0.462
CBDDTY010004772.1	1	1000	4	812	81.2	1.355	34.7	53.2
CBDDTY010004773.1	1	1000	7	865	86.5	2.255	26.1	41.4
CBDDTY010004774.1	1	1000	4	920	92	0.98	30.7	15.5
CBDDTY010004775.1	1	1000	7	722	72.2	1.788	31.1	48.1
CBDDTY010004776.1	1	1000	3	367	36.7	0.517	31.8	0.333
CBDDTY010004777.1	1	1000	5	983	98.3	2.573	30.9	23.8
CBDDTY010004779.1	1	1000	3	909	90.9	1.22	34.7	57
CBDDTY010004781.1	1	1000	1	448	44.8	0.448	22.9	1
CBDDTY010004782.1	1	1000	3	290	29	0.573	29.2	10.7
CBDDTY010004783.1	1	1000	3	566	56.6	0.774	23.9	0.333
CBDDTY010004784.1	1	1000	22	844	84.4	7.877	30.9	56
CBDDTY010004786.1	1	1000	14	681	68.1	4.385	32.3	14.6
CBDDTY010004787.1	1	1000	8	892	89.2	2.342	31.7	42.1
CBDDTY010004790.1	1	1000	4	632	63.2	0.859	28.8	17
CBDDTY010004792.1	1	1000	3	937	93.7	1.866	28.6	60
CBDDTY010004793.1	1	1000	4	360	36	0.753	31.6	5.5
CBDDTY010004794.1	1	1000	11	999	99.9	5.141	30.3	55.7
CBDDTY010004795.1	1	1000	3	710	71	1.257	30.3	2.33
CBDDTY010004796.1	1	1000	1	779	77.9	0.779	34.9	40
CBDDTY010004797.1	1	1000	13	946	94.6	4.003	32.9	14.1
CBDDTY010004798.1	1	1000	8	701	70.1	3.034	31	24.4
CBDDTY010004800.1	1	1000	2	284	28.4	0.284	25.1	7
CBDDTY010004801.1	1	1000	9	997	99.7	3.258	27.7	14.1
CBDDTY010004804.1	1	1000	11	997	99.7	3.424	31	52.7
CBDDTY010004805.1	1	1000	9	631	63.1	2.868	33.2	45.7
CBDDTY010004806.1	1	1000	3	642	64.2	1.157	36	53.7
CBDDTY010004807.1	1	1000	4	707	70.7	1.309	27.6	45.2
CBDDTY010004808.1	1	1000	2	797	79.7	1.156	36	52
CBDDTY010004809.1	1	1000	68	972	97.2	26.91	30.3	33.1
CBDDTY010004810.1	1	1000	5	819	81.9	2.408	32.1	35.4
CBDDTY010004811.1	1	1000	9	968	96.8	2.683	27.4	36
CBDDTY010004812.1	1	1000	3	376	37.6	0.62	24.3	40.7
CBDDTY010004814.1	1	1000	5	989	98.9	2.637	30.1	57.2
CBDDTY010004815.1	1	1000	5	509	50.9	0.643	29.5	33.8
CBDDTY010004816.1	1	1000	2	638	63.8	1.166	28.3	58.5
CBDDTY010004818.1	1	1000	7	998	99.8	2.506	34.5	58.1
CBDDTY010004819.1	1	1000	3	253	25.3	0.505	34	2.67
CBDDTY010004820.1	1	1000	1	162	16.2	0.162	25.9	1
CBDDTY010004821.1	1	1000	1	347	34.7	0.347	30.8	60
CBDDTY010004822.1	1	1000	1	289	28.9	0.289	27	8
CBDDTY010004823.1	1	1000	22	973	97.3	6.726	31.1	10.8
CBDDTY010004824.1	1	1000	3	837	83.7	1.116	27.1	3.33
CBDDTY010004825.1	1	1000	15	999	99.9	5.079	28.4	38.3
CBDDTY010004826.1	1	1000	9	931	93.1	3.157	31.7	54.6
CBDDTY010004827.1	1	1000	6	230	23	1.224	32.6	47
CBDDTY010004829.1	1	1000	2	186	18.6	0.278	25.1	6
CBDDTY010004830.1	1	1000	1	201	20.1	0.201	31.5	0
CBDDTY010004831.1	1	1000	7	743	74.3	2.417	30.2	2.29
CBDDTY010004832.1	1	1000	5	774	77.4	1.94	31	60
CBDDTY010004833.1	1	1000	7	989	98.9	2.364	32.9	55.1
CBDDTY010004834.1	1	1000	1	205	20.5	0.205	35.2	60
CBDDTY010004835.1	1	1000	5	497	49.7	1.29	27.6	60
CBDDTY010004837.1	1	1000	2	364	36.4	0.697	36.5	49
CBDDTY010004838.1	1	1000	21	833	83.3	6.574	27.6	17
CBDDTY010004839.1	1	1000	5	761	76.1	2.144	32.1	31.2
CBDDTY010004840.1	1	1000	8	996	99.6	3.447	30.5	45.6
CBDDTY010004842.1	1	1000	5	496	49.6	0.788	32	12.8
CBDDTY010004843.1	1	1000	2	850	85	0.909	32.2	60
CBDDTY010004844.1	1	1000	7	929	92.9	2.674	25.7	1.14
CBDDTY010004845.1	1	1000	6	890	89	2.226	30	47.2
CBDDTY010004847.1	1	1000	36	1000	100	12.693	29.4	18.4
CBDDTY010004848.1	1	1000	10	662	66.2	3.696	29.7	60
CBDDTY010004849.1	1	1000	4	316	31.6	0.779	30.3	3.25
CBDDTY010004850.1	1	1000	6	488	48.8	1.062	31.8	27.2
CBDDTY010004851.1	1	1000	7	852	85.2	2.187	31.7	14.1
CBDDTY010004853.1	1	1000	5	993	99.3	2.274	25.9	51.8
CBDDTY010004854.1	1	1000	5	516	51.6	1.405	33.7	21.8
CBDDTY010004856.1	1	1000	6	644	64.4	2.096	29.7	50.7
CBDDTY010004857.1	1	1000	2	410	41	0.62	25.7	60
CBDDTY010004858.1	1	1000	8	488	48.8	1.628	29.2	30.8
CBDDTY010004859.1	1	1000	3	544	54.4	1.255	31.9	60
CBDDTY010004860.1	1	1000	3	807	80.7	1.529	26.6	7.67
CBDDTY010004862.1	1	1000	8	959	95.9	2.461	28.8	49
CBDDTY010004863.1	1	1000	11	998	99.8	5.232	34.6	58.3
CBDDTY010004864.1	1	1000	4	443	44.3	0.926	34.2	2.25
CBDDTY010004865.1	1	1000	5	827	82.7	2.167	26	60
CBDDTY010004866.1	1	1000	38	811	81.1	8.526	30.8	53.1
CBDDTY010004867.1	1	1000	4	846	84.6	2.038	30	17.5
CBDDTY010004872.1	1	1000	2	535	53.5	0.535	30.2	60
CBDDTY010004873.1	1	1000	21	997	99.7	11.089	32.7	57.6
CBDDTY010004874.1	1	1000	3	504	50.4	1.15	37.4	40.3
CBDDTY010004875.1	1	1000	6	917	91.7	2.155	28.8	46
CBDDTY010004876.1	1	1000	3	942	94.2	1.076	31.9	49
CBDDTY010004877.1	1	1000	11	996	99.6	4.991	31	60
CBDDTY010004878.1	1	1000	9	849	84.9	1.973	28.4	47.1
CBDDTY010004879.1	1	1000	1	155	15.5	0.155	33.4	1
CBDDTY010004880.1	1	1000	3	267	26.7	0.508	32.2	40
CBDDTY010004881.1	1	1000	9	529	52.9	3.534	29.7	55.2
CBDDTY010004882.1	1	1000	5	854	85.4	2.337	27.6	59
CBDDTY010004883.1	1	1000	2	711	71.1	1.051	37.3	1
CBDDTY010004884.1	1	1000	15	781	78.1	6.21	31.1	42.6
CBDDTY010004886.1	1	1000	6	845	84.5	1.921	30.5	60
CBDDTY010004887.1	1	1000	4	662	66.2	1.289	29.2	46.5
CBDDTY010004888.1	1	1000	2	479	47.9	0.543	28.8	60
CBDDTY010004889.1	1	1000	3	346	34.6	0.742	33.6	1
CBDDTY010004890.1	1	1000	5	851	85.1	1.994	28.1	47.2
CBDDTY010004891.1	1	1000	6	579	57.9	2.153	33.9	18.8
CBDDTY010004892.1	1	1000	4	333	33.3	0.845	26.6	5
CBDDTY010004893.1	1	1000	1	114	11.4	0.114	24.6	3
CBDDTY010004896.1	1	1000	12	970	97	3.174	29	54
CBDDTY010004897.1	1	1000	7	792	79.2	2.398	28.7	26.3
CBDDTY010004898.1	1	1000	6	877	87.7	2.435	25.6	41
CBDDTY010004899.1	1	1000	8	982	98.2	2.314	32.8	50.9
CBDDTY010004900.1	1	1000	45	970	97	17.662	28	7.38
CBDDTY010004901.1	1	1000	6	683	68.3	1.081	30.5	50.3
CBDDTY010004902.1	1	1000	3	521	52.1	0.716	31.9	37
CBDDTY010004903.1	1	1000	84	1000	100	31.007	32.2	50.4
CBDDTY010004906.1	1	1000	42	953	95.3	18.488	31.8	5.57
CBDDTY010004907.1	1	1000	2	470	47	0.47	33.4	41.5
CBDDTY010004908.1	1	1000	6	614	61.4	1.303	29.7	3
CBDDTY010004910.1	1	1000	1	353	35.3	0.353	30.6	1
CBDDTY010004911.1	1	1000	6	483	48.3	1.597	29.3	40.3
CBDDTY010004912.1	1	1000	6	379	37.9	1.716	29.3	56.3
CBDDTY010004913.1	1	1000	8	907	90.7	2.268	30.7	49.2
CBDDTY010004914.1	1	1000	1	193	19.3	0.193	24.5	0
CBDDTY010004915.1	1	1000	3	504	50.4	0.742	30.9	37.7
CBDDTY010004916.1	1	1000	11	456	45.6	3.571	32.3	60
CBDDTY010004917.1	1	1000	15	889	88.9	6.068	31.9	35
CBDDTY010004919.1	1	1000	6	978	97.8	2.023	25.5	55.2
CBDDTY010004920.1	1	1000	3	219	21.9	0.552	30.7	33.3
CBDDTY010004921.1	1	1000	10	943	94.3	3.915	33.5	59.3
CBDDTY010004922.1	1	1000	1	465	46.5	0.465	34	0
CBDDTY010004923.1	1	1000	19	558	55.8	6.321	30.8	20.6
CBDDTY010004924.1	1	1000	2	311	31.1	0.504	23.4	59
CBDDTY010004925.1	1	1000	2	303	30.3	0.527	29.1	0.5
CBDDTY010004926.1	1	1000	1	316	31.6	0.316	35.2	8
CBDDTY010004927.1	1	1000	5	542	54.2	1.891	29.6	51.8
CBDDTY010004928.1	1	1000	3	279	27.9	0.693	37.2	60
CBDDTY010004929.1	1	1000	3	514	51.4	0.798	27.4	0.333
CBDDTY010004930.1	1	1000	2	313	31.3	0.467	35.8	1
CBDDTY010004932.1	1	1000	1	174	17.4	0.174	32.3	59
CBDDTY010004933.1	1	1000	2	161	16.1	0.313	29.5	1
CBDDTY010004934.1	1	1000	24	1000	100	7.523	28.9	22.2
CBDDTY010004935.1	1	1000	8	932	93.2	2.768	29	38
CBDDTY010004936.1	1	1000	2	491	49.1	0.772	25.6	60
CBDDTY010004937.1	1	1000	5	608	60.8	1.165	33.7	52.4
CBDDTY010004938.1	1	1000	1	172	17.2	0.172	28	1
CBDDTY010004939.1	1	1000	10	517	51.7	2.681	31.8	51.2
CBDDTY010004940.1	1	1000	3	694	69.4	0.849	34.3	43
CBDDTY010004941.1	1	1000	11	865	86.5	3.852	31.5	49.6
CBDDTY010004942.1	1	1000	2	560	56	0.56	31	27
CBDDTY010004943.1	1	1000	8	700	70	2.469	30.4	26.4
CBDDTY010004944.1	1	1000	7	835	83.5	2.813	28.5	35.9
CBDDTY010004945.1	1	1000	1	170	17	0.17	24.7	48
CBDDTY010004946.1	1	1000	1	123	12.3	0.123	28	0
CBDDTY010004947.1	1	1000	4	912	91.2	1.357	31.2	53
CBDDTY010004948.1	1	1000	1	463	46.3	0.463	30.7	60
CBDDTY010004949.1	1	1000	7	610	61	2.006	32.3	6
CBDDTY010004950.1	1	1000	10	955	95.5	3.416	27.3	43.1
CBDDTY010004952.1	1	1000	17	926	92.6	7.15	30.8	58.2
CBDDTY010004953.1	1	1000	6	827	82.7	1.433	29.8	45.8
CBDDTY010004954.1	1	1000	3	807	80.7	1.098	28.3	45
CBDDTY010004955.1	1	1000	4	618	61.8	0.721	30.1	50.5
CBDDTY010004956.1	1	1000	11	971	97.1	4.563	30.5	50.4
CBDDTY010004957.1	1	1000	7	981	98.1	3.229	32	52
CBDDTY010004958.1	1	1000	5	349	34.9	1.314	31.4	51
CBDDTY010004960.1	1	1000	6	545	54.5	2.444	30.5	60
CBDDTY010004962.1	1	1000	8	784	78.4	3.251	30.7	54.2
CBDDTY010004963.1	1	1000	4	529	52.9	0.961	25	30
CBDDTY010004964.1	1	1000	7	566	56.6	1.669	30.1	8
CBDDTY010004965.1	1	1000	6	770	77	1.654	31.7	14.3
CBDDTY010004966.1	1	1000	9	899	89.9	3.035	29.4	44.6
CBDDTY010004967.1	1	1000	7	997	99.7	2.625	30.2	56.3
CBDDTY010004968.1	1	1000	10	807	80.7	3.292	29.5	7
CBDDTY010004969.1	1	1000	10	905	90.5	2.874	33.3	53.8
CBDDTY010004970.1	1	1000	9	646	64.6	1.869	31.1	11.2
CBDDTY010004971.1	1	1000	5	812	81.2	1.7	27.4	48.2
CBDDTY010004972.1	1	1000	5	731	73.1	1.717	30.6	43
CBDDTY010004973.1	1	1000	7	819	81.9	1.798	32.7	54
CBDDTY010004974.1	1	1000	6	698	69.8	2.856	32.5	52.8
CBDDTY010004975.1	1	1000	9	952	95.2	3.704	34.1	58.2
CBDDTY010004976.1	1	1000	4	388	38.8	0.89	28.4	4.75
CBDDTY010004978.1	1	1000	1	128	12.8	0.128	31	1
CBDDTY010004979.1	1	1000	6	681	68.1	2.454	34.6	1.33
CBDDTY010004980.1	1	1000	4	206	20.6	0.573	34.3	11.2
CBDDTY010004981.1	1	1000	2	297	29.7	0.441	25.3	1
CBDDTY010004982.1	1	1000	10	973	97.3	2.779	30.8	43.1
CBDDTY010004983.1	1	1000	5	501	50.1	1.377	32.3	34.2
CBDDTY010004984.1	1	1000	2	399	39.9	0.596	27.2	1
CBDDTY010004985.1	1	1000	15	921	92.1	4.166	32.1	33.7
CBDDTY010004986.1	1	1000	4	520	52	1.018	26.8	30.5
CBDDTY010004988.1	1	1000	11	568	56.8	2.779	27.7	7.82
CBDDTY010004989.1	1	1000	4	619	61.9	0.933	33.3	21
CBDDTY010004990.1	1	1000	7	922	92.2	2.481	31	54.1
CBDDTY010004991.1	1	1000	2	464	46.4	0.609	29.5	0.5
CBDDTY010004993.1	1	1000	6	627	62.7	1.706	30.5	51.2
CBDDTY010004994.1	1	1000	2	355	35.5	0.442	31.1	5.5
CBDDTY010004995.1	1	1000	6	926	92.6	2.119	27.8	30
CBDDTY010004996.1	1	1000	13	323	32.3	2.409	30	42.8
CBDDTY010004997.1	1	1000	5	696	69.6	1.644	32.6	11.8
CBDDTY010004998.1	1	1000	7	846	84.6	2.301	29	12.3
CBDDTY010004999.1	1	1000	10	858	85.8	4.212	31.1	19.4
CBDDTY010005000.1	1	1000	8	878	87.8	2.6	33.3	50
CBDDTY010005001.1	1	1000	4	618	61.8	1.562	33.1	60
CBDDTY010005002.1	1	1000	4	482	48.2	0.611	35.2	33.5
CBDDTY010005003.1	1	1000	4	394	39.4	0.894	32.9	56.2
CBDDTY010005004.1	1	1000	4	665	66.5	0.886	26	5
CBDDTY010005005.1	1	1000	4	218	21.8	0.736	31.7	0.5
CBDDTY010005006.1	1	1000	1	262	26.2	0.262	27.3	60
CBDDTY010005007.1	1	1000	4	452	45.2	0.665	31.9	25.5
CBDDTY010005008.1	1	1000	12	673	67.3	4.159	30.3	7.67
CBDDTY010005009.1	1	1000	1	125	12.5	0.125	34.6	3
CBDDTY010005012.1	1	1000	8	939	93.9	2.985	29.1	56.5
CBDDTY010005013.1	1	1000	5	927	92.7	2.956	29.3	53.2
CBDDTY010005014.1	1	1000	3	487	48.7	0.94	30.1	37.7
CBDDTY010005017.1	1	1000	1	200	20	0.2	34.7	60
CBDDTY010005019.1	1	1000	5	856	85.6	1.473	30.2	55.6
CBDDTY010005020.1	1	1000	2	347	34.7	0.531	32.9	1
CBDDTY010005021.1	1	1000	4	349	34.9	1.105	36.2	2.75
CBDDTY010005023.1	1	1000	10	964	96.4	3.298	29.5	55.2
CBDDTY010005024.1	1	1000	4	1000	100	2.336	31.2	60
CBDDTY010005025.1	1	1000	9	826	82.6	2.667	29.7	47.8
CBDDTY010005026.1	1	1000	2	744	74.4	1.172	24.5	60
CBDDTY010005027.1	1	1000	3	487	48.7	0.89	33.1	11.3
CBDDTY010005028.1	1	1000	5	999	99.9	2.764	28.7	51.8
CBDDTY010005029.1	1	1000	6	958	95.8	2.104	29.1	49.5
CBDDTY010005030.1	1	1000	1	232	23.2	0.232	20.6	60
CBDDTY010005031.1	1	1000	1	229	22.9	0.229	32.4	32
CBDDTY010005032.1	1	1000	17	999	99.9	7.05	30.6	49
CBDDTY010005033.1	1	1000	1	275	27.5	0.275	17	1
CBDDTY010005035.1	1	1000	7	993	99.3	3.096	28.7	60
CBDDTY010005036.1	1	1000	5	820	82	2.577	33.8	60
CBDDTY010005037.1	1	1000	9	969	96.9	3.196	33.4	47.3
CBDDTY010005038.1	1	1000	16	991	99.1	4.88	31.6	53.1
CBDDTY010005041.1	1	1000	4	340	34	0.657	31.4	6.25
CBDDTY010005043.1	1	1000	16	922	92.2	4.631	31.6	38.4
CBDDTY010005044.1	1	1000	2	392	39.2	0.392	32.3	11.5
CBDDTY010005045.1	1	1000	31	949	94.9	8.327	32.1	13.5
CBDDTY010005046.1	1	1000	6	852	85.2	2.255	27.6	55
CBDDTY010005047.1	1	1000	3	668	66.8	0.79	34.2	55.7
CBDDTY010005048.1	1	1000	4	778	77.8	1.555	31.6	3.75
CBDDTY010005049.1	1	1000	3	483	48.3	0.619	33.9	1
CBDDTY010005050.1	1	1000	14	965	96.5	4.386	30.6	46.3
CBDDTY010005051.1	1	1000	10	936	93.6	4.783	27.3	21.7
CBDDTY010005054.1	1	1000	4	970	97	2.088	30.1	44.2
CBDDTY010005056.1	1	1000	9	999	99.9	2.989	28	50
CBDDTY010005057.1	1	1000	3	535	53.5	0.685	29.6	44.3
CBDDTY010005058.1	1	1000	23	757	75.7	8.461	30.3	6.17
CBDDTY010005060.1	1	1000	5	987	98.7	2.039	31.1	60
CBDDTY010005061.1	1	1000	4	705	70.5	0.931	29.6	17.8
CBDDTY010005062.1	1	1000	5	993	99.3	2.349	32.6	60
CBDDTY010005063.1	1	1000	6	964	96.4	1.73	31.3	57.5
CBDDTY010005065.1	1	1000	2	506	50.6	0.677	29.4	0.5
CBDDTY010005066.1	1	1000	10	988	98.8	3.573	31.2	60
CBDDTY010005067.1	1	1000	1	358	35.8	0.358	36.8	1
CBDDTY010005069.1	1	1000	7	821	82.1	3.346	28.4	59.4
CBDDTY010005070.1	1	1000	10	964	96.4	4.13	27.2	15.5
CBDDTY010005071.1	1	1000	4	676	67.6	1.446	33.3	18
CBDDTY010005072.1	1	1000	2	147	14.7	0.266	29.4	11
CBDDTY010005073.1	1	1000	9	943	94.3	2.945	31	56.9
CBDDTY010005074.1	1	1000	1	135	13.5	0.135	35.4	0
CBDDTY010005075.1	1	1000	5	868	86.8	1.463	36.5	17.8
CBDDTY010005076.1	1	1000	3	736	73.6	1.257	32.9	29.3
CBDDTY010005078.1	1	1000	1	63	6.3	0.063	21.5	1
CBDDTY010005080.1	1	1000	7	986	98.6	2.334	28.8	44.7
CBDDTY010005081.1	1	1000	3	352	35.2	0.579	30.2	0.333
CBDDTY010005082.1	1	1000	12	960	96	4.583	28.8	26.2
CBDDTY010005083.1	1	1000	10	999	99.9	3.073	31	34.6
CBDDTY010005085.1	1	1000	12	997	99.7	5.064	29.1	54.2
CBDDTY010005086.1	1	1000	6	1000	100	2.842	32.9	59.7
CBDDTY010005087.1	1	1000	8	999	99.9	2.918	32	58.1
CBDDTY010005088.1	1	1000	2	287	28.7	0.325	31.2	0
CBDDTY010005089.1	1	1000	6	568	56.8	1.891	32.7	58.5
CBDDTY010005090.1	1	1000	4	510	51	1.043	34.3	47.8
CBDDTY010005091.1	1	1000	2	468	46.8	0.711	26	1
CBDDTY010005092.1	1	1000	3	611	61.1	1.135	33.1	40.3
CBDDTY010005093.1	1	1000	4	980	98	1.171	30	50.5
CBDDTY010005094.1	1	1000	10	755	75.5	3.056	31	60
CBDDTY010005095.1	1	1000	2	284	28.4	0.469	28.7	3
CBDDTY010005096.1	1	1000	4	869	86.9	1.596	27.9	18
CBDDTY010005097.1	1	1000	3	342	34.2	0.383	28.5	1
CBDDTY010005098.1	1	1000	2	703	70.3	0.798	29.3	34
CBDDTY010005099.1	1	1000	2	297	29.7	0.532	27.3	27.5
CBDDTY010005100.1	1	1000	3	657	65.7	1.615	32.8	40
CBDDTY010005101.1	1	1000	16	1000	100	6.434	32.2	56.4
CBDDTY010005102.1	1	1000	1	180	18	0.18	25.2	1
CBDDTY010005103.1	1	1000	7	745	74.5	2.471	28.1	6.71
CBDDTY010005104.1	1	1000	6	792	79.2	1.965	27.6	21.3
CBDDTY010005105.1	1	1000	22	988	98.8	11.427	30.1	13.5
CBDDTY010005106.1	1	1000	16	767	76.7	4.664	28.7	16.6
CBDDTY010005107.1	1	1000	3	634	63.4	0.966	30.9	60
CBDDTY010005108.1	1	1000	104	964	96.4	34.025	30	26
CBDDTY010005109.1	1	1000	3	588	58.8	1.062	33.4	60
CBDDTY010005110.1	1	1000	1	149	14.9	0.149	29	1
CBDDTY010005111.1	1	1000	4	830	83	1.109	31.8	26.8
CBDDTY010005112.1	1	1000	4	916	91.6	1.162	30.3	60
CBDDTY010005113.1	1	1000	18	691	69.1	7.365	31.1	44.1
CBDDTY010005114.1	1	1000	1	232	23.2	0.232	25.3	9
CBDDTY010005115.1	1	1000	13	904	90.4	4.139	31.5	46.5
CBDDTY010005116.1	1	1000	18	764	76.4	4.746	28.5	6.67
CBDDTY010005117.1	1	1000	4	480	48	1.095	30.7	15.5
CBDDTY010005118.1	1	1000	8	940	94	4.006	31.8	60
CBDDTY010005119.1	1	1000	1	166	16.6	0.166	27.1	60
CBDDTY010005121.1	1	1000	4	554	55.4	1.142	28.9	1
CBDDTY010005122.1	1	1000	1	198	19.8	0.198	24.8	1
CBDDTY010005124.1	1	1000	2	832	83.2	0.965	33	47.5
CBDDTY010005126.1	1	1000	9	789	78.9	2.579	31.5	16.6
CBDDTY010005127.1	1	1000	1	221	22.1	0.221	25.3	0
CBDDTY010005128.1	1	1000	11	575	57.5	2.643	32.8	8.18
CBDDTY010005129.1	1	1000	9	670	67	1.418	30.1	24
CBDDTY010005131.1	1	1000	1	289	28.9	0.289	26.9	1
CBDDTY010005132.1	1	1000	5	900	90	1.8	31.5	33.4
CBDDTY010005133.1	1	1000	7	869	86.9	2.864	27.8	57.6
CBDDTY010005134.1	1	1000	3	779	77.9	1.71	32.3	51.3
CBDDTY010005136.1	1	1000	6	648	64.8	1.122	29.3	1
CBDDTY010005137.1	1	1000	5	920	92	1.326	30.5	47.6
CBDDTY010005138.1	1	1000	1	138	13.8	0.138	31.2	0
CBDDTY010005139.1	1	1000	8	902	90.2	2.363	24.9	3.38
CBDDTY010005142.1	1	1000	4	693	69.3	1.814	22.9	44
CBDDTY010005143.1	1	1000	8	998	99.8	3.277	31.1	52.6
CBDDTY010005146.1	1	1000	5	930	93	2.354	34.6	60
CBDDTY010005147.1	1	1000	10	338	33.8	2.18	31.4	0.6
CBDDTY010005148.1	1	1000	5	635	63.5	1.173	27.1	2.8
CBDDTY010005149.1	1	1000	1	117	11.7	0.117	27.6	7
CBDDTY010005150.1	1	1000	4	895	89.5	1.503	29.8	33
CBDDTY010005151.1	1	1000	24	896	89.6	4.556	28.2	23.6
CBDDTY010005152.1	1	1000	2	730	73	1.13	28.5	28.5
CBDDTY010005153.1	1	1000	6	819	81.9	1.894	29	31.2
CBDDTY010005154.1	1	1000	8	512	51.2	2.69	30	20.5
CBDDTY010005155.1	1	1000	2	701	70.1	0.701	30.7	8
CBDDTY010005156.1	1	1000	5	205	20.5	0.812	32.4	14.6
CBDDTY010005157.1	1	1000	6	996	99.6	2.655	31.7	59.5
CBDDTY010005158.1	1	1000	11	995	99.5	4.744	33.5	58
CBDDTY010005162.1	1	1000	2	322	32.2	0.637	35	1
CBDDTY010005163.1	1	1000	6	690	69	1.571	34.7	24
CBDDTY010005166.1	1	1000	8	752	75.2	2.342	31.1	53.5
CBDDTY010005167.1	1	600	7	592	98.6667	3.80667	32.3	52
CBDDTY010005168.1	1	1000	6	855	85.5	1.963	27.3	15.2
CBDDTY010005169.1	1	1000	5	791	79.1	1.315	27.9	36.2
CBDDTY010005170.1	1	1000	5	921	92.1	2.588	30	60
CBDDTY010005171.1	1	1000	8	585	58.5	2.071	32	2.12
CBDDTY010005172.1	1	1000	10	858	85.8	3.532	32.5	48
CBDDTY010005173.1	1	1000	8	980	98	2.938	33.3	44.8
CBDDTY010005174.1	1	1000	5	695	69.5	1.18	29.9	24.4
CBDDTY010005175.1	1	1000	2	493	49.3	0.493	32.7	0.5
CBDDTY010005177.1	1	1000	3	327	32.7	0.383	26.2	0.667
CBDDTY010005178.1	1	1000	3	413	41.3	0.638	31.3	38.7
CBDDTY010005180.1	1	1000	1	178	17.8	0.178	27.4	1
CBDDTY010005181.1	1	1000	8	871	87.1	2.367	29.4	34
CBDDTY010005183.1	1	1000	5	378	37.8	0.65	28.8	0.4
CBDDTY010005184.1	1	1000	1	221	22.1	0.221	32.6	0
CBDDTY010005186.1	1	1000	6	521	52.1	1.094	31.7	23.2
CBDDTY010005187.1	1	1000	8	1000	100	4.209	31	58.4
CBDDTY010005188.1	1	1000	13	991	99.1	4.356	28.2	54.1
CBDDTY010005189.1	1	1000	4	867	86.7	2.379	32.2	48.5
CBDDTY010005190.1	1	1000	1	334	33.4	0.334	34.4	3
CBDDTY010005191.1	1	1000	4	645	64.5	1.019	33.4	34.8
CBDDTY010005192.1	1	1000	5	904	90.4	2.752	31.4	60
CBDDTY010005193.1	1	1000	14	989	98.9	6.237	33.1	36.1
CBDDTY010005194.1	1	1000	8	967	96.7	3.424	30.7	55.5
CBDDTY010005195.1	1	1000	3	787	78.7	1.468	27.8	28.7
CBDDTY010005198.1	1	1000	9	983	98.3	3.531	29.2	55.6
CBDDTY010005199.1	1	1000	2	278	27.8	0.508	33.7	3.5
CBDDTY010005200.1	1	1000	1	481	48.1	0.481	34.7	60
CBDDTY010005201.1	1	1000	14	962	96.2	4.858	30.6	37.9
CBDDTY010005202.1	1	1000	4	714	71.4	1.915	31.5	30.5
CBDDTY010005203.1	1	1000	3	732	73.2	0.914	36.3	12.3
CBDDTY010005208.1	1	1000	4	859	85.9	1.444	30.7	20.2
CBDDTY010005211.1	1	1000	6	998	99.8	2.491	28.3	60
CBDDTY010005212.1	1	1000	21	688	68.8	7.186	31.4	36
CBDDTY010005213.1	1	1000	4	705	70.5	0.927	29.7	60
CBDDTY010005214.1	1	1000	3	782	78.2	1.198	27.4	55.3
CBDDTY010005215.1	1	1000	3	685	68.5	0.692	36.7	4.33
CBDDTY010005216.1	1	1000	1	288	28.8	0.288	17.9	1
CBDDTY010005218.1	1	1000	1	245	24.5	0.245	29.7	60
CBDDTY010005219.1	1	1000	4	471	47.1	1.318	26.6	53
CBDDTY010005221.1	1	1000	17	766	76.6	4.754	31	54.2
CBDDTY010005223.1	1	1000	8	948	94.8	2.972	28.7	60
CBDDTY010005224.1	1	1000	5	943	94.3	1.762	30.5	60
CBDDTY010005225.1	1	1000	4	984	98.4	2.149	25.6	60
CBDDTY010005227.1	1	1000	1	511	51.1	0.511	30.2	7
CBDDTY010005228.1	1	1000	3	460	46	0.62	34.4	18.3
CBDDTY010005229.1	1	1000	5	981	98.1	1.998	29.7	52.8
CBDDTY010005230.1	1	1000	10	991	99.1	3.598	29.8	48.5
CBDDTY010005231.1	1	1000	6	609	60.9	1.316	28.6	26.7
CBDDTY010005232.1	1	1000	2	311	31.1	0.514	35.1	57.5
CBDDTY010005233.1	1	1000	1	257	25.7	0.257	30.6	2
CBDDTY010005236.1	1	1000	6	395	39.5	1.365	33.9	49.2
CBDDTY010005237.1	1	1000	3	736	73.6	0.978	31	42.7
CBDDTY010005238.1	1	1000	3	642	64.2	1.271	25.1	40
CBDDTY010005239.1	1	1000	7	784	78.4	2.209	30.7	34.4
CBDDTY010005240.1	1	1000	7	999	99.9	3.089	28	58.3
CBDDTY010005241.1	1	1000	10	989	98.9	4.753	32.4	57.7
CBDDTY010005242.1	1	1000	9	852	85.2	3.086	29.5	44.4
CBDDTY010005243.1	1	1000	3	269	26.9	0.592	33.6	36.7
CBDDTY010005247.1	1	1000	6	988	98.8	3.015	33.2	60
CBDDTY010005248.1	1	1000	1	268	26.8	0.268	28.1	60
CBDDTY010005250.1	1	1000	2	713	71.3	0.92	37.6	60
CBDDTY010005251.1	1	1000	2	396	39.6	0.396	34	30
CBDDTY010005252.1	1	1000	2	274	27.4	0.47	29.6	14.5
CBDDTY010005253.1	1	1000	10	746	74.6	2.681	30	53.4
CBDDTY010005255.1	1	1000	8	929	92.9	2.457	27	52
CBDDTY010005256.1	1	998	3	531	53.2064	0.913828	31.3	0.333
CBDDTY010005258.1	1	1000	4	442	44.2	0.768	26.4	8
CBDDTY010005259.1	1	1000	2	410	41	0.589	26.9	60
CBDDTY010005260.1	1	1000	1	278	27.8	0.278	31.7	47
CBDDTY010005261.1	1	1000	8	963	96.3	4.261	29.9	44.8
CBDDTY010005262.1	1	1000	29	998	99.8	13.326	30.2	35.7
CBDDTY010005263.1	1	1000	11	970	97	3.599	31.2	41.5
CBDDTY010005264.1	1	1000	7	627	62.7	2.425	31.7	59.3
CBDDTY010005265.1	1	1000	13	980	98	4.416	29.3	5.31
CBDDTY010005266.1	1	1000	13	996	99.6	3.431	29.1	41.2
CBDDTY010005267.1	1	1000	8	566	56.6	2.585	30.3	22.4
CBDDTY010005268.1	1	1000	2	543	54.3	0.543	31.3	31
CBDDTY010005269.1	1	1000	7	989	98.9	2.507	32.5	51.4
CBDDTY010005270.1	1	1000	12	997	99.7	5.671	30	57.4
CBDDTY010005272.1	1	1000	5	992	99.2	1.615	33.1	60
CBDDTY010005273.1	1	1000	11	996	99.6	3.266	27.2	48.9
CBDDTY010005274.1	1	1000	1	469	46.9	0.469	36.8	10
CBDDTY010005276.1	1	1000	3	542	54.2	0.894	37.2	42.3
CBDDTY010005277.1	1	1000	25	997	99.7	10.958	28.5	26.7
CBDDTY010005278.1	1	1000	14	984	98.4	4.168	30	53.1
CBDDTY010005279.1	1	1000	3	936	93.6	1.574	30.9	45.3
CBDDTY010005281.1	1	1000	8	434	43.4	2.91	34.9	11.5
CBDDTY010005284.1	1	1000	4	925	92.5	1.993	29.9	59.2
CBDDTY010005285.1	1	1000	10	786	78.6	3.425	30	52.4
CBDDTY010005286.1	1	1000	2	688	68.8	0.688	26.5	60
CBDDTY010005287.1	1	1000	10	998	99.8	3.343	31.3	45.7
CBDDTY010005288.1	1	1000	7	913	91.3	2.693	31.7	32.9
CBDDTY010005289.1	1	1000	1	129	12.9	0.129	19.8	0
CBDDTY010005291.1	1	1000	1	112	11.2	0.112	32.9	19
CBDDTY010005293.1	1	1000	9	981	98.1	5.348	29.9	60
CBDDTY010005294.1	1	1000	11	989	98.9	4.006	30	49
CBDDTY010005295.1	1	1000	4	992	99.2	1.79	30.2	41.8
CBDDTY010005296.1	1	1000	2	434	43.4	0.434	34.8	30.5
CBDDTY010005297.1	1	1000	4	382	38.2	0.815	26.6	19.2
CBDDTY010005298.1	1	1000	54	930	93	17.541	30.9	48.3
CBDDTY010005299.1	1	1000	3	921	92.1	1.608	29.1	9.33
CBDDTY010005301.1	1	1000	2	316	31.6	0.316	30.8	38
CBDDTY010005303.1	1	1000	8	983	98.3	3.264	29.5	59.2
CBDDTY010005305.1	1	1000	1	166	16.6	0.166	24	1
CBDDTY010005306.1	1	1000	4	738	73.8	1.39	29.6	45.2
CBDDTY010005307.1	1	1000	2	527	52.7	0.693	33.6	60
CBDDTY010005309.1	1	1000	8	993	99.3	2.867	28.6	41.2
CBDDTY010005310.1	1	1000	8	955	95.5	2.869	27.8	59.8
CBDDTY010005311.1	1	1000	8	964	96.4	3.194	32.4	53.8
CBDDTY010005312.1	1	1000	4	676	67.6	1.36	32.2	53
CBDDTY010005313.1	1	1000	3	565	56.5	1.114	31.1	60
CBDDTY010005314.1	1	1000	4	438	43.8	0.891	31.2	16
CBDDTY010005316.1	1	1000	7	938	93.8	2.777	30.9	44.6
CBDDTY010005318.1	1	1000	85	1000	100	33.566	27.9	48.6
CBDDTY010005319.1	1	1000	2	336	33.6	0.336	29.3	32
CBDDTY010005320.1	1	1000	2	631	63.1	0.634	19.9	33.5
CBDDTY010005321.1	1	1000	8	922	92.2	2.569	27.8	33.1
CBDDTY010005322.1	1	1000	6	377	37.7	1.007	30.6	11.2
CBDDTY010005323.1	1	1000	1	164	16.4	0.164	34.1	1
CBDDTY010005325.1	1	1000	2	273	27.3	0.321	30.2	0.5
CBDDTY010005326.1	1	1000	6	987	98.7	1.621	28.5	55
CBDDTY010005327.1	1	1000	12	526	52.6	1.889	29.7	15.2
CBDDTY010005328.1	1	1000	1	172	17.2	0.172	36.6	0
CBDDTY010005329.1	1	1000	17	983	98.3	5.963	29.9	50.4
CBDDTY010005331.1	1	1000	6	719	71.9	2.829	30.9	58.7
CBDDTY010005332.1	1	1000	5	733	73.3	2.311	32.1	43.4
CBDDTY010005333.1	1	1000	20	998	99.8	7.858	29.7	51
CBDDTY010005335.1	1	1000	9	827	82.7	2.713	29.5	45.9
CBDDTY010005336.1	1	1000	2	328	32.8	0.492	30	50.5
CBDDTY010005337.1	1	1000	9	874	87.4	2.748	29.8	50.4
CBDDTY010005340.1	1	1000	1	115	11.5	0.115	27.7	0
CBDDTY010005341.1	1	1000	1	344	34.4	0.344	34.7	60
CBDDTY010005342.1	1	1000	8	1000	100	3.216	31.9	51.1
CBDDTY010005343.1	1	1000	6	649	64.9	1.502	33.6	20.5
CBDDTY010005344.1	1	1000	4	859	85.9	1.322	30	18.8
CBDDTY010005345.1	1	1000	36	756	75.6	11.655	30.6	14.8
CBDDTY010005346.1	1	1000	3	558	55.8	0.971	31	60
CBDDTY010005347.1	1	1000	1	222	22.2	0.222	34.4	11
CBDDTY010005348.1	1	1000	15	996	99.6	5.735	30.7	54.5
CBDDTY010005349.1	1	1000	2	449	44.9	0.536	27.1	1
CBDDTY010005350.1	1	1000	2	337	33.7	0.337	30.3	3.5
CBDDTY010005352.1	1	1000	4	187	18.7	0.582	32.1	0.75
CBDDTY010005353.1	1	1000	6	905	90.5	2.073	30.3	39.5
CBDDTY010005354.1	1	815	4	385	47.2393	1.15337	35.3	24.5
CBDDTY010005355.1	1	1000	7	848	84.8	1.75	29.1	48.7
CBDDTY010005356.1	1	1000	7	998	99.8	2.892	31.5	53.7
CBDDTY010005357.1	1	1000	13	773	77.3	5.79	31.2	9.54
CBDDTY010005358.1	1	1000	10	997	99.7	3.546	31.9	46.8
CBDDTY010005359.1	1	1000	1	372	37.2	0.372	30.4	26
CBDDTY010005360.1	1	1000	8	746	74.6	2.667	29.8	16.8
CBDDTY010005361.1	1	1000	19	678	67.8	4.382	30.3	4.37
CBDDTY010005362.1	1	1000	4	747	74.7	1.504	27.1	27.2
CBDDTY010005363.1	1	1000	5	814	81.4	1.245	33.7	43.2
CBDDTY010005364.1	1	1000	5	989	98.9	2.271	32.1	53
CBDDTY010005365.1	1	1000	7	655	65.5	1.763	29.1	32.1
CBDDTY010005366.1	1	1000	6	971	97.1	3.013	31.3	60
CBDDTY010005368.1	1	1000	1	210	21	0.21	27.7	28
CBDDTY010005369.1	1	1000	6	849	84.9	1.735	34.1	25.7
CBDDTY010005370.1	1	1000	2	745	74.5	1.079	27.8	52
CBDDTY010005371.1	1	1000	1	336	33.6	0.336	31.8	60
CBDDTY010005372.1	1	1000	3	795	79.5	1.056	28.6	54.7
CBDDTY010005374.1	1	1000	1	254	25.4	0.254	28.8	12
CBDDTY010005376.1	1	1000	1	462	46.2	0.462	34.6	60
CBDDTY010005377.1	1	1000	10	905	90.5	3.001	33	36.4
CBDDTY010005378.1	1	1000	4	461	46.1	0.567	28.1	7.75
CBDDTY010005379.1	1	1000	1	371	37.1	0.371	28.1	60
CBDDTY010005381.1	1	1000	2	151	15.1	0.151	31.4	0
CBDDTY010005382.1	1	1000	9	990	99	3.096	30.1	53.2
CBDDTY010005383.1	1	1000	3	647	64.7	1.09	31.9	40.3
CBDDTY010005384.1	1	1000	12	950	95	4.598	29.9	18.3
CBDDTY010005385.1	1	1000	66	1000	100	27.554	32.3	41.4
CBDDTY010005386.1	1	1000	2	472	47.2	0.659	30.3	60
CBDDTY010005387.1	1	1000	6	750	75	1.196	32.5	46.3
CBDDTY010005388.1	1	1000	12	932	93.2	3.588	29.2	27.8
CBDDTY010005389.1	1	1000	12	340	34	3.237	28.1	0.667
CBDDTY010005390.1	1	1000	9	840	84	3.25	29.8	49.2
CBDDTY010005391.1	1	1000	9	830	83	2.204	28.3	1.56
CBDDTY010005392.1	1	1000	2	662	66.2	0.662	27.8	3
CBDDTY010005393.1	1	1000	2	517	51.7	0.517	31.4	33
CBDDTY010005394.1	1	1000	9	531	53.1	3.286	30.7	19.2
CBDDTY010005396.1	1	1000	8	972	97.2	3.273	32.7	60
CBDDTY010005400.1	1	1000	19	897	89.7	7.608	29.6	28.2
CBDDTY010005402.1	1	1000	2	198	19.8	0.396	34.7	1
CBDDTY010005403.1	1	1000	1	275	27.5	0.275	26.1	1
CBDDTY010005404.1	1	1000	4	739	73.9	1.245	30.2	15.8
CBDDTY010005405.1	1	1000	4	831	83.1	1.566	34.5	24
CBDDTY010005408.1	1	1000	7	728	72.8	2.899	30.6	56.1
CBDDTY010005409.1	1	1000	9	916	91.6	3.052	34.5	17.2
CBDDTY010005410.1	1	1000	1	169	16.9	0.169	40.3	23
CBDDTY010005411.1	1	1000	8	991	99.1	4.358	32.3	60
CBDDTY010005412.1	1	1000	7	975	97.5	3.971	31	51.4
CBDDTY010005413.1	1	1000	1	461	46.1	0.461	32.9	1
CBDDTY010005414.1	1	1000	5	561	56.1	1.402	29.6	17.6
CBDDTY010005415.1	1	1000	8	985	98.5	2.866	30.5	41.8
CBDDTY010005416.1	1	1000	5	996	99.6	2.369	32.3	56.6
CBDDTY010005417.1	1	1000	4	828	82.8	1.425	32.1	3.25
CBDDTY010005418.1	1	1000	5	920	92	1.707	31.8	54.8
CBDDTY010005419.1	1	1000	12	961	96.1	4.538	33.5	31.8
CBDDTY010005420.1	1	1000	4	503	50.3	0.874	29	0.75
CBDDTY010005422.1	1	1000	11	1000	100	5.407	31.1	46.5
CBDDTY010005425.1	1	1000	4	733	73.3	1.293	31.9	38
CBDDTY010005426.1	1	1000	29	959	95.9	9.512	31.4	55.9
CBDDTY010005427.1	1	1000	12	893	89.3	4.064	30.6	58.9
CBDDTY010005432.1	1	1000	3	630	63	0.726	31.3	5
CBDDTY010005433.1	1	1000	5	955	95.5	2.215	28.1	54.2
CBDDTY010005434.1	1	1000	4	773	77.3	1.799	33.3	45.2
CBDDTY010005435.1	1	1000	2	515	51.5	0.741	26.2	19.5
CBDDTY010005436.1	1	1000	2	264	26.4	0.44	34.5	0
CBDDTY010005437.1	1	1000	14	747	74.7	4.381	33.6	15.9
CBDDTY010005438.1	1	1000	2	371	37.1	0.503	32.1	1
CBDDTY010005439.1	1	1000	1	838	83.8	0.838	21.5	16
CBDDTY010005441.1	1	1000	1	181	18.1	0.181	37.6	14
CBDDTY010005442.1	1	1000	7	744	74.4	1.509	31.8	59.7
CBDDTY010005443.1	1	1000	9	843	84.3	2.552	32.8	33.1
CBDDTY010005444.1	1	1000	2	721	72.1	0.721	21.9	60
CBDDTY010005445.1	1	1000	16	900	90	4.828	30.7	9.88
CBDDTY010005447.1	1	1000	1	357	35.7	0.357	38.3	53
CBDDTY010005448.1	1	1000	2	205	20.5	0.205	24.5	0
CBDDTY010005450.1	1	1000	3	588	58.8	1.337	35.6	60
CBDDTY010005452.1	1	1000	4	992	99.2	1.908	30.2	41.8
CBDDTY010005453.1	1	1000	5	660	66	2.196	32.6	58.6
CBDDTY010005454.1	1	1000	6	904	90.4	1.581	34.9	47.7
CBDDTY010005456.1	1	1000	4	703	70.3	1.51	30.6	45.5
CBDDTY010005457.1	1	1000	4	387	38.7	1.115	32.2	5.5
CBDDTY010005458.1	1	1000	5	991	99.1	1.781	33.6	49.6
CBDDTY010005459.1	1	1000	8	780	78	2.042	29.5	51
CBDDTY010005460.1	1	1000	4	801	80.1	1.442	29.2	60
CBDDTY010005461.1	1	1000	8	996	99.6	3.635	36.1	54.2
CBDDTY010005462.1	1	1000	2	413	41.3	0.413	27	12.5
CBDDTY010005464.1	1	1000	11	986	98.6	3.737	32.8	52.1
CBDDTY010005468.1	1	1000	1	245	24.5	0.245	29.1	1
CBDDTY010005471.1	1	1000	24	993	99.3	9.584	30.9	53.2
CBDDTY010005472.1	1	1000	33	544	54.4	10.042	30.8	4.27
CBDDTY010005474.1	1	1000	1	248	24.8	0.248	28.4	1
CBDDTY010005475.1	1	1000	14	1000	100	6.908	31.4	55.2
CBDDTY010005476.1	1	1000	19	1000	100	7.769	29.9	45.7
CBDDTY010005477.1	1	1000	5	886	88.6	2.265	30.5	45.2
CBDDTY010005478.1	1	1000	5	654	65.4	1.297	28.5	59.6
CBDDTY010005479.1	1	1000	25	1000	100	9.663	32.7	57.7
CBDDTY010005480.1	1	1000	2	696	69.6	0.767	36.3	4
CBDDTY010005481.1	1	1000	2	337	33.7	0.337	29.1	36.5
CBDDTY010005482.1	1	1000	5	983	98.3	3.193	34.1	3.8
CBDDTY010005483.1	1	1000	2	93	9.3	0.186	31.9	11
CBDDTY010005484.1	1	1000	10	984	98.4	4.232	32.9	56.4
CBDDTY010005487.1	1	1000	3	677	67.7	1.247	27.1	60
CBDDTY010005488.1	1	1000	24	999	99.9	8.531	30.5	55
CBDDTY010005491.1	1	1000	8	999	99.9	2.721	31.7	60
CBDDTY010005492.1	1	1000	6	863	86.3	2.119	30.2	55.3
CBDDTY010005494.1	1	1000	8	767	76.7	1.895	31.5	52.8
CBDDTY010005495.1	1	1000	4	603	60.3	0.712	31	40.8
CBDDTY010005496.1	1	1000	7	954	95.4	2.597	33.6	60
CBDDTY010005498.1	1	1000	2	426	42.6	0.426	29.7	30
CBDDTY010005499.1	1	1000	9	996	99.6	4.089	29.7	48.3
CBDDTY010005500.1	1	1000	6	755	75.5	1.692	27.9	36.2
CBDDTY010005501.1	1	1000	6	820	82	2.621	32	55.3
CBDDTY010005502.1	1	1000	11	988	98.8	3.135	34.7	38.7
CBDDTY010005503.1	1	1000	1	139	13.9	0.139	23.1	1
CBDDTY010005504.1	1	1000	9	722	72.2	3.15	29.5	51.1
CBDDTY010005505.1	1	1000	1	219	21.9	0.219	39.4	60
CBDDTY010005506.1	1	1000	1	112	11.2	0.112	35.6	1
CBDDTY010005507.1	1	1000	5	694	69.4	1.355	30.5	3
CBDDTY010005508.1	1	1000	4	989	98.9	2.534	32.8	60
CBDDTY010005509.1	1	1000	16	996	99.6	5.376	28.1	42.9
CBDDTY010005510.1	1	1000	3	992	99.2	1.312	30	60
CBDDTY010005511.1	1	1000	4	907	90.7	1.119	29.9	31.2
CBDDTY010005514.1	1	1000	6	790	79	1.88	25.5	29.3
CBDDTY010005515.1	1	1000	4	765	76.5	1.776	32.3	47
CBDDTY010005516.1	1	1000	1	406	40.6	0.406	29.1	17
CBDDTY010005517.1	1	1000	1	339	33.9	0.339	26.7	1
CBDDTY010005518.1	1	1000	7	998	99.8	2.782	33.1	53.1
CBDDTY010005520.1	1	1000	3	787	78.7	1.187	33.2	46
CBDDTY010005521.1	1	1000	1	62	6.2	0.062	33.8	1
CBDDTY010005522.1	1	1000	2	539	53.9	0.884	28	60
CBDDTY010005524.1	1	1000	11	998	99.8	2.654	32.8	51.6
CBDDTY010005525.1	1	1000	2	425	42.5	0.425	30.5	30.5
CBDDTY010005526.1	1	1000	1	156	15.6	0.156	27.9	60
CBDDTY010005528.1	1	1000	1	165	16.5	0.165	31.5	60
CBDDTY010005529.1	1	1000	6	694	69.4	1.763	27.8	54.8
CBDDTY010005530.1	1	1000	3	305	30.5	0.722	31.7	21
CBDDTY010005531.1	1	1000	2	142	14.2	0.229	32.7	1
CBDDTY010005532.1	1	1000	9	954	95.4	2.321	29.2	50.2
CBDDTY010005534.1	1	1000	1	174	17.4	0.174	33.5	0
CBDDTY010005536.1	1	1000	4	809	80.9	1.902	35.2	60
CBDDTY010005538.1	1	1000	1	990	99	0.99	33.2	1
CBDDTY010005539.1	1	1000	3	371	37.1	0.782	32.6	22.7
CBDDTY010005540.1	1	1000	2	490	49	0.49	33.1	60
CBDDTY010005541.1	1	1000	10	767	76.7	2.405	31.7	11.5
CBDDTY010005543.1	1	1000	21	1000	100	5.293	29.9	48.8
CBDDTY010005544.1	1	1000	5	727	72.7	1.452	28.4	51.8
CBDDTY010005546.1	1	1000	20	1000	100	9.165	29.7	47.6
CBDDTY010005548.1	1	1000	36	997	99.7	12.687	31.1	42.1
CBDDTY010005549.1	1	1000	8	951	95.1	3.328	27	53.6
CBDDTY010005550.1	1	1000	1	164	16.4	0.164	34.7	12
CBDDTY010005552.1	1	1000	13	998	99.8	5.142	31.2	58.4
CBDDTY010005553.1	1	1000	3	528	52.8	0.78	31.8	60
CBDDTY010005554.1	1	1000	5	705	70.5	1.828	30.8	60
CBDDTY010005555.1	1	1000	6	970	97	2.453	30	48.5
CBDDTY010005557.1	1	1000	9	993	99.3	2.943	30.6	52.2
CBDDTY010005559.1	1	1000	8	938	93.8	2.893	33.1	48.9
CBDDTY010005561.1	1	1000	4	818	81.8	1.94	29.8	60
CBDDTY010005563.1	1	1000	4	625	62.5	1.173	32.2	3.5
CBDDTY010005564.1	1	1000	6	893	89.3	1.496	30.1	51.2
CBDDTY010005565.1	1	1000	2	243	24.3	0.45	29.7	5
CBDDTY010005566.1	1	1000	9	951	95.1	2.895	33.1	60
OZ247669.1	1	18777	6046	18777	100	150.743	28.6	57.7
CBDDTY010000017.1	1	800	0	0	0	0	0	0
CBDDTY010000021.1	1	514	0	0	0	0	0	0
CBDDTY010000069.1	1	219	0	0	0	0	0	0
CBDDTY010000932.1	1	32000	0	0	0	0	0	0
CBDDTY010001325.1	1	28786	0	0	0	0	0	0
CBDDTY010001726.1	1	25564	0	0	0	0	0	0
CBDDTY010001817.1	1	24959	0	0	0	0	0	0
CBDDTY010001910.1	1	24000	0	0	0	0	0	0
CBDDTY010002047.1	1	23000	0	0	0	0	0	0
CBDDTY010002614.1	1	19000	0	0	0	0	0	0
CBDDTY010002642.1	1	18752	0	0	0	0	0	0
CBDDTY010002673.1	1	18426	0	0	0	0	0	0
CBDDTY010002698.1	1	18157	0	0	0	0	0	0
CBDDTY010002730.1	1	18000	0	0	0	0	0	0
CBDDTY010002840.1	1	17000	0	0	0	0	0	0
CBDDTY010003038.1	1	15524	0	0	0	0	0	0
CBDDTY010003062.1	1	15357	0	0	0	0	0	0
CBDDTY010003329.1	1	13000	0	0	0	0	0	0
CBDDTY010003575.1	1	7000	0	0	0	0	0	0
CBDDTY010003590.1	1	7000	0	0	0	0	0	0
CBDDTY010003609.1	1	6000	0	0	0	0	0	0
CBDDTY010003624.1	1	6000	0	0	0	0	0	0
CBDDTY010003644.1	1	6000	0	0	0	0	0	0
CBDDTY010003676.1	1	5000	0	0	0	0	0	0
CBDDTY010003677.1	1	5000	0	0	0	0	0	0
CBDDTY010003741.1	1	4000	0	0	0	0	0	0
CBDDTY010003743.1	1	4000	0	0	0	0	0	0
CBDDTY010003809.1	1	4000	0	0	0	0	0	0
CBDDTY010003812.1	1	4000	0	0	0	0	0	0
CBDDTY010003882.1	1	3000	0	0	0	0	0	0
CBDDTY010003899.1	1	3000	0	0	0	0	0	0
CBDDTY010003915.1	1	3000	0	0	0	0	0	0
CBDDTY010003949.1	1	3000	0	0	0	0	0	0
CBDDTY010003996.1	1	3000	0	0	0	0	0	0
CBDDTY010004005.1	1	3000	0	0	0	0	0	0
CBDDTY010004012.1	1	3000	0	0	0	0	0	0
CBDDTY010004058.1	1	3000	0	0	0	0	0	0
CBDDTY010004118.1	1	2000	0	0	0	0	0	0
CBDDTY010004121.1	1	2000	0	0	0	0	0	0
CBDDTY010004137.1	1	2000	0	0	0	0	0	0
CBDDTY010004165.1	1	2000	0	0	0	0	0	0
CBDDTY010004183.1	1	2000	0	0	0	0	0	0
CBDDTY010004188.1	1	2000	0	0	0	0	0	0
CBDDTY010004261.1	1	2000	0	0	0	0	0	0
CBDDTY010004282.1	1	2000	0	0	0	0	0	0
CBDDTY010004308.1	1	2000	0	0	0	0	0	0
CBDDTY010004313.1	1	2000	0	0	0	0	0	0
CBDDTY010004333.1	1	2000	0	0	0	0	0	0
CBDDTY010004341.1	1	2000	0	0	0	0	0	0
CBDDTY010004344.1	1	2000	0	0	0	0	0	0
CBDDTY010004347.1	1	2000	0	0	0	0	0	0
CBDDTY010004357.1	1	2000	0	0	0	0	0	0
CBDDTY010004362.1	1	2000	0	0	0	0	0	0
CBDDTY010004370.1	1	2000	0	0	0	0	0	0
CBDDTY010004382.1	1	2000	0	0	0	0	0	0
CBDDTY010004399.1	1	2000	0	0	0	0	0	0
CBDDTY010004421.1	1	2000	0	0	0	0	0	0
CBDDTY010004426.1	1	2000	0	0	0	0	0	0
CBDDTY010004430.1	1	2000	0	0	0	0	0	0
CBDDTY010004442.1	1	2000	0	0	0	0	0	0
CBDDTY010004447.1	1	2000	0	0	0	0	0	0
CBDDTY010004458.1	1	2000	0	0	0	0	0	0
CBDDTY010004471.1	1	2000	0	0	0	0	0	0
CBDDTY010004477.1	1	2000	0	0	0	0	0	0
CBDDTY010004483.1	1	2000	0	0	0	0	0	0
CBDDTY010004484.1	1	2000	0	0	0	0	0	0
CBDDTY010004499.1	1	2000	0	0	0	0	0	0
CBDDTY010004507.1	1	2000	0	0	0	0	0	0
CBDDTY010004513.1	1	2000	0	0	0	0	0	0
CBDDTY010004542.1	1	2000	0	0	0	0	0	0
CBDDTY010004544.1	1	2000	0	0	0	0	0	0
CBDDTY010004554.1	1	2000	0	0	0	0	0	0
CBDDTY010004587.1	1	2000	0	0	0	0	0	0
CBDDTY010004603.1	1	1000	0	0	0	0	0	0
CBDDTY010004604.1	1	1000	0	0	0	0	0	0
CBDDTY010004607.1	1	1000	0	0	0	0	0	0
CBDDTY010004608.1	1	1000	0	0	0	0	0	0
CBDDTY010004614.1	1	1000	0	0	0	0	0	0
CBDDTY010004621.1	1	1000	0	0	0	0	0	0
CBDDTY010004622.1	1	1000	0	0	0	0	0	0
CBDDTY010004623.1	1	1000	0	0	0	0	0	0
CBDDTY010004625.1	1	1000	0	0	0	0	0	0
CBDDTY010004633.1	1	1000	0	0	0	0	0	0
CBDDTY010004634.1	1	1000	0	0	0	0	0	0
CBDDTY010004648.1	1	1000	0	0	0	0	0	0
CBDDTY010004654.1	1	1000	0	0	0	0	0	0
CBDDTY010004667.1	1	1000	0	0	0	0	0	0
CBDDTY010004675.1	1	1000	0	0	0	0	0	0
CBDDTY010004682.1	1	1000	0	0	0	0	0	0
CBDDTY010004683.1	1	1000	0	0	0	0	0	0
CBDDTY010004687.1	1	1000	0	0	0	0	0	0
CBDDTY010004692.1	1	1000	0	0	0	0	0	0
CBDDTY010004702.1	1	1000	0	0	0	0	0	0
CBDDTY010004706.1	1	1000	0	0	0	0	0	0
CBDDTY010004713.1	1	1000	0	0	0	0	0	0
CBDDTY010004727.1	1	1000	0	0	0	0	0	0
CBDDTY010004732.1	1	1000	0	0	0	0	0	0
CBDDTY010004733.1	1	1000	0	0	0	0	0	0
CBDDTY010004735.1	1	1000	0	0	0	0	0	0
CBDDTY010004736.1	1	1000	0	0	0	0	0	0
CBDDTY010004739.1	1	1000	0	0	0	0	0	0
CBDDTY010004742.1	1	1000	0	0	0	0	0	0
CBDDTY010004759.1	1	1000	0	0	0	0	0	0
CBDDTY010004768.1	1	1000	0	0	0	0	0	0
CBDDTY010004771.1	1	1000	0	0	0	0	0	0
CBDDTY010004778.1	1	1000	0	0	0	0	0	0
CBDDTY010004780.1	1	1000	0	0	0	0	0	0
CBDDTY010004785.1	1	1000	0	0	0	0	0	0
CBDDTY010004788.1	1	1000	0	0	0	0	0	0
CBDDTY010004789.1	1	1000	0	0	0	0	0	0
CBDDTY010004791.1	1	1000	0	0	0	0	0	0
CBDDTY010004799.1	1	1000	0	0	0	0	0	0
CBDDTY010004802.1	1	1000	0	0	0	0	0	0
CBDDTY010004803.1	1	1000	0	0	0	0	0	0
CBDDTY010004813.1	1	1000	0	0	0	0	0	0
CBDDTY010004817.1	1	1000	0	0	0	0	0	0
CBDDTY010004828.1	1	1000	0	0	0	0	0	0
CBDDTY010004836.1	1	1000	0	0	0	0	0	0
CBDDTY010004841.1	1	1000	0	0	0	0	0	0
CBDDTY010004846.1	1	1000	0	0	0	0	0	0
CBDDTY010004852.1	1	1000	0	0	0	0	0	0
CBDDTY010004855.1	1	1000	0	0	0	0	0	0
CBDDTY010004861.1	1	1000	0	0	0	0	0	0
CBDDTY010004868.1	1	1000	0	0	0	0	0	0
CBDDTY010004869.1	1	1000	0	0	0	0	0	0
CBDDTY010004870.1	1	1000	0	0	0	0	0	0
CBDDTY010004871.1	1	1000	0	0	0	0	0	0
CBDDTY010004885.1	1	1000	0	0	0	0	0	0
CBDDTY010004894.1	1	1000	0	0	0	0	0	0
CBDDTY010004895.1	1	1000	0	0	0	0	0	0
CBDDTY010004904.1	1	1000	0	0	0	0	0	0
CBDDTY010004905.1	1	1000	0	0	0	0	0	0
CBDDTY010004909.1	1	1000	0	0	0	0	0	0
CBDDTY010004918.1	1	1000	0	0	0	0	0	0
CBDDTY010004931.1	1	1000	0	0	0	0	0	0
CBDDTY010004951.1	1	1000	0	0	0	0	0	0
CBDDTY010004959.1	1	1000	0	0	0	0	0	0
CBDDTY010004961.1	1	1000	0	0	0	0	0	0
CBDDTY010004977.1	1	1000	0	0	0	0	0	0
CBDDTY010004987.1	1	1000	0	0	0	0	0	0
CBDDTY010004992.1	1	1000	0	0	0	0	0	0
CBDDTY010005010.1	1	1000	0	0	0	0	0	0
CBDDTY010005011.1	1	1000	0	0	0	0	0	0
CBDDTY010005015.1	1	1000	0	0	0	0	0	0
CBDDTY010005016.1	1	1000	0	0	0	0	0	0
CBDDTY010005018.1	1	1000	0	0	0	0	0	0
CBDDTY010005022.1	1	1000	0	0	0	0	0	0
CBDDTY010005034.1	1	1000	0	0	0	0	0	0
CBDDTY010005039.1	1	1000	0	0	0	0	0	0
CBDDTY010005040.1	1	1000	0	0	0	0	0	0
CBDDTY010005042.1	1	1000	0	0	0	0	0	0
CBDDTY010005052.1	1	1000	0	0	0	0	0	0
CBDDTY010005053.1	1	1000	0	0	0	0	0	0
CBDDTY010005055.1	1	1000	0	0	0	0	0	0
CBDDTY010005059.1	1	1000	0	0	0	0	0	0
CBDDTY010005064.1	1	1000	0	0	0	0	0	0
CBDDTY010005068.1	1	1000	0	0	0	0	0	0
CBDDTY010005077.1	1	1000	0	0	0	0	0	0
CBDDTY010005079.1	1	1000	0	0	0	0	0	0
CBDDTY010005084.1	1	1000	0	0	0	0	0	0
CBDDTY010005120.1	1	1000	0	0	0	0	0	0
CBDDTY010005123.1	1	1000	0	0	0	0	0	0
CBDDTY010005125.1	1	1000	0	0	0	0	0	0
CBDDTY010005130.1	1	1000	0	0	0	0	0	0
CBDDTY010005135.1	1	1000	0	0	0	0	0	0
CBDDTY010005140.1	1	1000	0	0	0	0	0	0
CBDDTY010005141.1	1	1000	0	0	0	0	0	0
CBDDTY010005144.1	1	1000	0	0	0	0	0	0
CBDDTY010005145.1	1	1000	0	0	0	0	0	0
CBDDTY010005159.1	1	1000	0	0	0	0	0	0
CBDDTY010005160.1	1	1000	0	0	0	0	0	0
CBDDTY010005161.1	1	1000	0	0	0	0	0	0
CBDDTY010005164.1	1	1000	0	0	0	0	0	0
CBDDTY010005165.1	1	1000	0	0	0	0	0	0
CBDDTY010005176.1	1	1000	0	0	0	0	0	0
CBDDTY010005179.1	1	1000	0	0	0	0	0	0
CBDDTY010005182.1	1	1000	0	0	0	0	0	0
CBDDTY010005185.1	1	1000	0	0	0	0	0	0
CBDDTY010005196.1	1	1000	0	0	0	0	0	0
CBDDTY010005197.1	1	1000	0	0	0	0	0	0
CBDDTY010005204.1	1	1000	0	0	0	0	0	0
CBDDTY010005205.1	1	1000	0	0	0	0	0	0
CBDDTY010005206.1	1	1000	0	0	0	0	0	0
CBDDTY010005207.1	1	1000	0	0	0	0	0	0
CBDDTY010005209.1	1	1000	0	0	0	0	0	0
CBDDTY010005210.1	1	1000	0	0	0	0	0	0
CBDDTY010005217.1	1	1000	0	0	0	0	0	0
CBDDTY010005220.1	1	1000	0	0	0	0	0	0
CBDDTY010005222.1	1	1000	0	0	0	0	0	0
CBDDTY010005226.1	1	1000	0	0	0	0	0	0
CBDDTY010005234.1	1	1000	0	0	0	0	0	0
CBDDTY010005235.1	1	1000	0	0	0	0	0	0
CBDDTY010005244.1	1	1000	0	0	0	0	0	0
CBDDTY010005245.1	1	1000	0	0	0	0	0	0
CBDDTY010005246.1	1	1000	0	0	0	0	0	0
CBDDTY010005249.1	1	1000	0	0	0	0	0	0
CBDDTY010005254.1	1	1000	0	0	0	0	0	0
CBDDTY010005257.1	1	1000	0	0	0	0	0	0
CBDDTY010005271.1	1	1000	0	0	0	0	0	0
CBDDTY010005275.1	1	1000	0	0	0	0	0	0
CBDDTY010005280.1	1	1000	0	0	0	0	0	0
CBDDTY010005282.1	1	800	0	0	0	0	0	0
CBDDTY010005283.1	1	1000	0	0	0	0	0	0
CBDDTY010005290.1	1	1000	0	0	0	0	0	0
CBDDTY010005292.1	1	1000	0	0	0	0	0	0
CBDDTY010005300.1	1	1000	0	0	0	0	0	0
CBDDTY010005302.1	1	1000	0	0	0	0	0	0
CBDDTY010005304.1	1	1000	0	0	0	0	0	0
CBDDTY010005308.1	1	1000	0	0	0	0	0	0
CBDDTY010005315.1	1	1000	0	0	0	0	0	0
CBDDTY010005317.1	1	1000	0	0	0	0	0	0
CBDDTY010005324.1	1	1000	0	0	0	0	0	0
CBDDTY010005330.1	1	1000	0	0	0	0	0	0
CBDDTY010005334.1	1	1000	0	0	0	0	0	0
CBDDTY010005338.1	1	1000	0	0	0	0	0	0
CBDDTY010005339.1	1	1000	0	0	0	0	0	0
CBDDTY010005351.1	1	1000	0	0	0	0	0	0
CBDDTY010005367.1	1	1000	0	0	0	0	0	0
CBDDTY010005373.1	1	1000	0	0	0	0	0	0
CBDDTY010005375.1	1	1000	0	0	0	0	0	0
CBDDTY010005380.1	1	1000	0	0	0	0	0	0
CBDDTY010005395.1	1	1000	0	0	0	0	0	0
CBDDTY010005397.1	1	1000	0	0	0	0	0	0
CBDDTY010005398.1	1	1000	0	0	0	0	0	0
CBDDTY010005399.1	1	1000	0	0	0	0	0	0
CBDDTY010005401.1	1	1000	0	0	0	0	0	0
CBDDTY010005406.1	1	1000	0	0	0	0	0	0
CBDDTY010005407.1	1	1000	0	0	0	0	0	0
CBDDTY010005421.1	1	1000	0	0	0	0	0	0
CBDDTY010005423.1	1	1000	0	0	0	0	0	0
CBDDTY010005424.1	1	1000	0	0	0	0	0	0
CBDDTY010005428.1	1	1000	0	0	0	0	0	0
CBDDTY010005429.1	1	1000	0	0	0	0	0	0
CBDDTY010005430.1	1	1000	0	0	0	0	0	0
CBDDTY010005431.1	1	1000	0	0	0	0	0	0
CBDDTY010005440.1	1	1000	0	0	0	0	0	0
CBDDTY010005446.1	1	1000	0	0	0	0	0	0
CBDDTY010005449.1	1	1000	0	0	0	0	0	0
CBDDTY010005451.1	1	1000	0	0	0	0	0	0
CBDDTY010005455.1	1	1000	0	0	0	0	0	0
CBDDTY010005463.1	1	1000	0	0	0	0	0	0
CBDDTY010005465.1	1	1000	0	0	0	0	0	0
CBDDTY010005466.1	1	1000	0	0	0	0	0	0
CBDDTY010005467.1	1	1000	0	0	0	0	0	0
CBDDTY010005469.1	1	1000	0	0	0	0	0	0
CBDDTY010005470.1	1	1000	0	0	0	0	0	0
CBDDTY010005473.1	1	1000	0	0	0	0	0	0
CBDDTY010005485.1	1	1000	0	0	0	0	0	0
CBDDTY010005486.1	1	1000	0	0	0	0	0	0
CBDDTY010005489.1	1	1000	0	0	0	0	0	0
CBDDTY010005490.1	1	1000	0	0	0	0	0	0
CBDDTY010005493.1	1	1000	0	0	0	0	0	0
CBDDTY010005497.1	1	1000	0	0	0	0	0	0
CBDDTY010005512.1	1	1000	0	0	0	0	0	0
CBDDTY010005513.1	1	1000	0	0	0	0	0	0
CBDDTY010005519.1	1	1000	0	0	0	0	0	0
CBDDTY010005523.1	1	1000	0	0	0	0	0	0
CBDDTY010005527.1	1	1000	0	0	0	0	0	0
CBDDTY010005533.1	1	1000	0	0	0	0	0	0
CBDDTY010005535.1	1	1000	0	0	0	0	0	0
CBDDTY010005537.1	1	1000	0	0	0	0	0	0
CBDDTY010005542.1	1	1000	0	0	0	0	0	0
CBDDTY010005545.1	1	1000	0	0	0	0	0	0
CBDDTY010005547.1	1	1000	0	0	0	0	0	0
CBDDTY010005551.1	1	1000	0	0	0	0	0	0
CBDDTY010005556.1	1	1000	0	0	0	0	0	0
CBDDTY010005558.1	1	1000	0	0	0	0	0	0
CBDDTY010005560.1	1	1000	0	0	0	0	0	0
CBDDTY010005562.1	1	1000	0	0	0	0	0	0
