#rname	startpos	endpos	numreads	covbases	coverage	meandepth	meanbaseq	meanmapq
OZ247652.1	1	90891126	144072	18600330	20.4644	0.359314	30.6	21.8
CBDDTY010000001.1	1	2201400	1801	248156	11.2726	0.184424	30.6	19.8
CBDDTY010000002.1	1	375200	335	50346	13.4184	0.224963	30.7	1.63
OZ247653.1	1	59305165	125491	17663395	29.7839	0.482297	30.6	27.3
CBDDTY010000003.1	1	159000	16	3729	2.34528	0.0264465	30.7	0.625
CBDDTY010000004.1	1	132000	61	7458	5.65	0.111894	31.2	5.82
CBDDTY010000005.1	1	112000	84	11687	10.4348	0.217598	31.1	0.345
OZ247654.1	1	55603820	120971	16723113	30.0755	0.496145	30.5	26.7
CBDDTY010000006.1	1	237387	385	48686	20.5091	0.368963	30.4	26.3
CBDDTY010000007.1	1	212000	41	9436	4.45094	0.0607264	31.6	1.76
OZ247655.1	1	27535131	61944	7194766	26.1294	0.520888	30.7	23
OZ247656.1	1	25493044	65941	9125918	35.7977	0.599254	30.6	30.3
OZ247657.1	1	20427586	49050	7057600	34.5494	0.55228	30.7	31
CBDDTY010000008.1	1	1510391	81	19539	1.29364	0.0169373	30.8	1.04
CBDDTY010000009.1	1	203586	124	20266	9.95452	0.156818	32.1	1.57
OZ247658.1	1	19570859	44952	6241458	31.8916	0.52937	30.6	28.6
OZ247659.1	1	15043846	35093	4713355	31.3308	0.529727	30.6	26.4
CBDDTY010000010.1	1	3154400	3751	470973	14.9307	0.274655	30.7	18.9
CBDDTY010000011.1	1	372599	723	98869	26.535	0.499371	29.4	5.97
OZ247660.1	1	18558849	38205	5268520	28.3882	0.47313	30.6	26.6
OZ247661.1	1	18228942	53710	5837393	32.0227	0.687289	30.6	21.8
OZ247662.1	1	18164600	42401	5988570	32.9684	0.53924	30.6	29.1
OZ247663.1	1	17898725	38527	5413134	30.2431	0.500682	30.6	27.5
OZ247664.1	1	16834196	40979	5691736	33.8106	0.559988	30.7	28.9
OZ247665.1	1	16704832	40887	5489743	32.8632	0.565073	30.7	27.9
OZ247666.1	1	16645368	37850	5336624	32.0607	0.524347	30.6	28.4
OZ247667.1	1	14847524	31087	4601976	30.9949	0.487417	30.7	31.4
OZ247668.1	1	14820029	33361	4696992	31.6935	0.516729	30.7	27.7
CBDDTY010000012.1	1	6743	5	685	10.1587	0.130654	32.9	19
CBDDTY010000013.1	1	37029	1	245	0.661644	0.00661644	33.4	0
CBDDTY010000014.1	1	74823	308	38642	51.6445	0.900579	30	28
CBDDTY010000015.1	1	513578	979	122356	23.8242	0.428463	30.3	16.8
CBDDTY010000016.1	1	15272	52	4682	30.6574	0.670377	29.2	26.9
CBDDTY010000018.1	1	1808000	2119	295016	16.3173	0.270149	30.5	16.9
CBDDTY010000019.1	1	1397391	1027	188433	13.4846	0.185928	30.4	1.3
CBDDTY010000020.1	1	1374880	1628	215835	15.6985	0.260181	30.3	17.1
CBDDTY010000022.1	1	792527	2291	247688	31.2529	0.659485	30.3	19.2
CBDDTY010000023.1	1	1139680	2836	168176	14.7564	0.676373	30.7	9.72
CBDDTY010000025.1	1	1026420	1827	232776	22.6784	0.400997	30.4	23
CBDDTY010000026.1	1	1012600	643	77323	7.63609	0.144418	30.6	17
CBDDTY010000027.1	1	968581	949	123644	12.7655	0.21867	30.2	20.7
CBDDTY010000028.1	1	555299	848	105382	18.9775	0.37464	30.5	6.75
CBDDTY010000029.1	1	799000	2395	183550	22.9725	0.740025	30.6	19.9
CBDDTY010000030.1	1	749000	58	11699	1.56195	0.0184967	29.3	3.62
CBDDTY010000031.1	1	715217	1092	132259	18.4921	0.343248	30.5	23
CBDDTY010000032.1	1	699400	520	72216	10.3254	0.167739	30.7	9.64
CBDDTY010000033.1	1	662224	47	10218	1.54298	0.0199525	29.6	0.404
CBDDTY010000034.1	1	657600	1194	95473	14.5184	0.461163	30.8	13.8
CBDDTY010000035.1	1	604775	1099	130102	21.5125	0.408982	30.5	22.2
CBDDTY010000036.1	1	577475	1235	162604	28.1578	0.481742	30.5	24
CBDDTY010000037.1	1	364000	9	1855	0.509615	0.00639286	31.7	2.33
CBDDTY010000038.1	1	353843	426	54825	15.4942	0.275933	31.1	21.5
CBDDTY010000039.1	1	347000	542	76878	22.155	0.341712	30.7	15.7
CBDDTY010000040.1	1	340000	172	21346	6.27824	0.109153	30.9	13.4
CBDDTY010000041.1	1	335200	340	49645	14.8106	0.226879	30.8	15.1
CBDDTY010000042.1	1	294000	767	92262	31.3816	0.593643	29.9	19
CBDDTY010000043.1	1	288000	380	47513	16.4976	0.298597	31.1	12.3
CBDDTY010000044.1	1	285552	423	51236	17.9428	0.343181	30.5	11.4
CBDDTY010000045.1	1	284000	427	52760	18.5775	0.356986	30.6	14.3
CBDDTY010000046.1	1	267800	677	80703	30.1355	0.569862	30.7	15.6
CBDDTY010000047.1	1	254316	34	5942	2.33646	0.0345633	31.2	2.85
CBDDTY010000048.1	1	240800	449	55461	23.032	0.426773	31	16.8
CBDDTY010000049.1	1	221200	382	48150	21.7676	0.425778	30.6	4.74
CBDDTY010000050.1	1	211042	234	38081	18.0443	0.27034	30.7	21
CBDDTY010000051.1	1	205000	379	45808	22.3454	0.41341	30.7	22.7
CBDDTY010000052.1	1	195200	220	26868	13.7643	0.233012	30.2	9.45
CBDDTY010000053.1	1	195000	341	59457	30.4908	0.407462	30.3	36.9
CBDDTY010000054.1	1	194200	238	25658	13.2122	0.305124	30.9	2.95
CBDDTY010000055.1	1	193800	444	48701	25.1295	0.53501	30.6	15.1
CBDDTY010000056.1	1	190600	476	56566	29.6779	0.542009	30	15.5
CBDDTY010000057.1	1	180000	133	9637	5.35389	0.167794	30.4	5.22
CBDDTY010000058.1	1	178701	105	16041	8.97645	0.128774	30.2	11.2
CBDDTY010000059.1	1	175000	83	15141	8.652	0.0998114	30.7	0.639
CBDDTY010000060.1	1	169926	445	46976	27.645	0.602074	30.3	5.37
CBDDTY010000061.1	1	165200	147	20503	12.411	0.203402	30.8	6.48
CBDDTY010000062.1	1	162000	260	35347	21.8191	0.374488	30.8	10.4
CBDDTY010000063.1	1	161000	171	25898	16.0857	0.262124	30	1.92
CBDDTY010000064.1	1	4986	3	803	16.1051	0.181909	26	9.33
CBDDTY010000065.1	1	158000	1	324	0.205063	0.00205063	35.9	1
CBDDTY010000066.1	1	155400	24	3926	2.52638	0.0351737	31	11.7
CBDDTY010000067.1	1	153036	333	41888	27.3713	0.494753	30.3	11
CBDDTY010000068.1	1	153000	250	31457	20.5601	0.368797	30.3	9.12
CBDDTY010000070.1	1	150357	278	44890	29.8556	0.421617	30.3	14.6
CBDDTY010000071.1	1	142400	25	4895	3.4375	0.0497612	28.8	5.88
CBDDTY010000072.1	1	140603	375	44995	32.0015	0.597014	31	15.5
CBDDTY010000073.1	1	134000	31	8181	6.10522	0.0889179	31.8	1.26
CBDDTY010000074.1	1	127396	59	7491	5.88009	0.107908	29.1	1.25
CBDDTY010000075.1	1	126000	117	15973	12.677	0.208992	31.4	1.93
CBDDTY010000076.1	1	122094	357	38762	31.7477	0.677109	30.6	9.65
CBDDTY010000077.1	1	118000	115	20877	17.6924	0.26489	30.6	1.59
CBDDTY010000078.1	1	113200	202	29680	26.2191	0.352588	31.1	0.723
CBDDTY010000079.1	1	110600	434	35947	32.5018	0.960958	30	14.9
CBDDTY010000080.1	1	109000	7	1319	1.21009	0.0133028	27.8	0.143
CBDDTY010000081.1	1	106000	32	7653	7.21981	0.0798019	30	1.12
CBDDTY010000082.1	1	105000	137	22981	21.8867	0.295114	30.8	11.6
CBDDTY010000084.1	1	101400	4	652	0.642998	0.00642998	28.1	0
CBDDTY010000085.1	1	101000	66	9470	9.37624	0.114743	30.1	1.09
CBDDTY010000086.1	1	99160	245	25257	25.471	0.565107	30.2	17.3
CBDDTY010000087.1	1	98000	49	6351	6.48061	0.119633	28.8	0.102
CBDDTY010000088.1	1	94000	51	7688	8.17872	0.107872	31.6	0.882
CBDDTY010000089.1	1	93200	49	7723	8.28648	0.103627	31.2	1.63
CBDDTY010000090.1	1	93200	270	28194	30.2511	0.664185	30.3	32.2
CBDDTY010000091.1	1	91592	5	1912	2.08752	0.0208752	29.2	0.6
CBDDTY010000092.1	1	91000	10	2534	2.78462	0.0337253	31.7	0.4
CBDDTY010000093.1	1	89742	161	25633	28.563	0.393718	30.4	1.47
CBDDTY010000094.1	1	89082	82	12865	14.4418	0.213724	31	13.6
CBDDTY010000095.1	1	89000	40	5145	5.7809	0.0787191	31	10.4
CBDDTY010000096.1	1	89000	8	1749	1.96517	0.0196517	29.7	0.25
CBDDTY010000097.1	1	88400	81	9388	10.6199	0.206278	31.2	6.21
CBDDTY010000098.1	1	88187	58	7166	8.12591	0.144046	30.7	2.97
CBDDTY010000099.1	1	88000	334	37009	42.0557	0.808193	30.8	16.4
CBDDTY010000100.1	1	85432	320	36765	43.0342	0.81013	30.5	4.01
CBDDTY010000101.1	1	84721	129	23307	27.5103	0.353749	30.3	7.99
CBDDTY010000102.1	1	84000	245	30933	36.825	0.673012	30.8	23.3
CBDDTY010000103.1	1	82593	7	1280	1.54977	0.0177739	32.2	1.14
CBDDTY010000104.1	1	82000	44	6486	7.90976	0.134415	31.9	0.227
CBDDTY010000105.1	1	81000	4	1439	1.77654	0.0177654	25.8	0.5
CBDDTY010000106.1	1	79800	90	13239	16.5902	0.288797	30.5	13.5
CBDDTY010000107.1	1	80000	2	759	0.94875	0.0094875	28	0.5
CBDDTY010000108.1	1	80000	87	11003	13.7538	0.268188	30.8	11.6
CBDDTY010000109.1	1	79658	114	14772	18.5443	0.332898	30.7	21.8
CBDDTY010000110.1	1	78800	223	23589	29.9353	0.604975	30	19.7
CBDDTY010000111.1	1	79000	493	40783	51.6241	1.51686	31.3	1.59
CBDDTY010000112.1	1	78378	134	17088	21.802	0.359476	30.3	9.73
CBDDTY010000113.1	1	78200	167	23261	29.7455	0.585051	31.1	4.05
CBDDTY010000114.1	1	77000	125	18243	23.6922	0.353519	30.6	30.2
CBDDTY010000115.1	1	76454	89	13464	17.6106	0.253015	31.5	0.371
CBDDTY010000116.1	1	75599	508	33278	44.0191	1.48801	28.7	0.201
CBDDTY010000117.1	1	75000	207	20404	27.2053	0.623453	30.1	6.54
CBDDTY010000118.1	1	74641	136	23573	31.5818	0.411168	30.8	38.6
CBDDTY010000119.1	1	74000	153	25095	33.9122	0.498351	31.1	26
CBDDTY010000120.1	1	74000	49	6656	8.99459	0.122365	30.5	0.633
CBDDTY010000121.1	1	74000	2	299	0.404054	0.00404054	33.1	0
CBDDTY010000122.1	1	74000	7	1294	1.74865	0.0203243	27.8	0
CBDDTY010000123.1	1	72678	129	14423	19.8451	0.385068	29.7	25.7
CBDDTY010000124.1	1	72011	97	13866	19.2554	0.27986	30.5	11.3
CBDDTY010000125.1	1	71823	130	19999	27.8448	0.410217	31.5	23.1
CBDDTY010000126.1	1	72000	182	19980	27.75	0.535903	30.5	4.15
CBDDTY010000127.1	1	72000	17	2218	3.08056	0.0451111	29.3	13.1
CBDDTY010000128.1	1	72000	149	14815	20.5764	0.456	30.4	11.8
CBDDTY010000129.1	1	71000	115	10307	14.5169	0.372746	29.3	4.38
CBDDTY010000130.1	1	70000	93	12450	17.7857	0.2875	31.2	0.312
CBDDTY010000131.1	1	69800	126	16853	24.1447	0.399155	30.6	13.6
CBDDTY010000132.1	1	69600	39	7459	10.717	0.123118	31.8	7.23
CBDDTY010000133.1	1	68800	145	19258	27.9913	0.46186	30.6	11.6
CBDDTY010000134.1	1	69000	108	17756	25.7333	0.352899	30.3	1.94
CBDDTY010000135.1	1	68847	147	15795	22.9422	0.458974	31.2	7.44
CBDDTY010000136.1	1	68000	51	6187	9.09853	0.154882	31.3	26.4
CBDDTY010000137.1	1	68000	69	12418	18.2618	0.221691	31.2	0.362
CBDDTY010000138.1	1	66000	254	12519	18.9682	0.852939	30.8	16.6
CBDDTY010000139.1	1	65676	57	10087	15.3587	0.185273	30.9	3.7
CBDDTY010000140.1	1	65517	112	16952	25.8742	0.403773	30	29.3
CBDDTY010000141.1	1	65000	758	17877	27.5031	2.67043	29.9	12
CBDDTY010000142.1	1	64675	105	17097	26.4353	0.361129	30.7	0.933
CBDDTY010000143.1	1	64000	104	14313	22.3641	0.376016	30.1	3.24
CBDDTY010000144.1	1	64000	27	4897	7.65156	0.08925	31.3	0.704
CBDDTY010000145.1	1	64000	97	11788	18.4187	0.319891	29.7	9.62
CBDDTY010000146.1	1	63800	66	9590	15.0313	0.226803	31.4	8.67
CBDDTY010000147.1	1	64000	25	5375	8.39844	0.0972969	31.4	2.32
CBDDTY010000148.1	1	63205	120	16190	25.6151	0.407689	30.8	3.88
CBDDTY010000149.1	1	63000	73	12924	20.5143	0.248222	32	2.89
CBDDTY010000150.1	1	63000	92	16904	26.8317	0.302349	31.3	0.0543
CBDDTY010000151.1	1	62400	146	10316	16.5321	0.516619	30.6	9.5
CBDDTY010000152.1	1	61800	101	14290	23.123	0.347638	30.6	14
CBDDTY010000153.1	1	62000	68	10480	16.9032	0.233226	30.4	1.6
CBDDTY010000154.1	1	61792	39	3474	5.62209	0.12309	31.9	23.7
CBDDTY010000155.1	1	61130	75	11613	18.9972	0.283134	29.4	13.6
CBDDTY010000156.1	1	61000	14	2238	3.66885	0.0521148	30.1	1.36
CBDDTY010000158.1	1	59400	55	8765	14.7559	0.228468	30.5	0.164
CBDDTY010000159.1	1	60000	39	8464	14.1067	0.14905	29.9	0.0769
CBDDTY010000160.1	1	58000	28	4909	8.46379	0.0939138	30.8	0
CBDDTY010000161.1	1	57000	30	5998	10.5228	0.128053	29	0.833
CBDDTY010000162.1	1	56000	189	21435	38.2768	0.861929	31	0.815
CBDDTY010000163.1	1	55600	102	14218	25.5719	0.400719	30.5	0.265
CBDDTY010000164.1	1	54600	54	7773	14.2363	0.236996	30.3	12.8
CBDDTY010000165.1	1	54285	74	13107	24.1448	0.339836	30.1	0.135
CBDDTY010000166.1	1	54000	189	17547	32.4944	0.719833	31.1	36.1
CBDDTY010000167.1	1	53357	3	391	0.7328	0.007328	32.1	1.67
CBDDTY010000168.1	1	53000	26	4566	8.61509	0.135038	30.8	10
CBDDTY010000169.1	1	53000	14	3156	5.95472	0.0686038	30.4	2.43
CBDDTY010000170.1	1	53000	27	4910	9.26415	0.108491	30.4	1.04
CBDDTY010000171.1	1	53000	4	536	1.01132	0.0157925	29.6	1.25
CBDDTY010000172.1	1	52000	5	1493	2.87115	0.0326154	33.1	5
CBDDTY010000174.1	1	52000	150	20582	39.5808	0.728981	31	0.273
CBDDTY010000175.1	1	52000	3	889	1.70962	0.0170962	36.2	1
CBDDTY010000176.1	1	51767	62	8362	16.1531	0.26996	29.6	8.31
CBDDTY010000177.1	1	51000	125	11712	22.9647	0.603333	31.6	7.9
CBDDTY010000178.1	1	51000	30	5398	10.5843	0.168451	30.7	1.13
CBDDTY010000179.1	1	50278	417	22371	44.4946	1.92273	31	0.6
CBDDTY010000180.1	1	50000	15	2719	5.438	0.06542	30.3	0.467
CBDDTY010000181.1	1	49343	267	25645	51.9729	1.3728	30.7	6.78
CBDDTY010000182.1	1	43800	112	14552	33.2237	0.640046	30.7	18.6
CBDDTY010000183.1	1	43018	17	3357	7.80371	0.0830815	30.4	0.0588
CBDDTY010000184.1	1	42800	101	12498	29.2009	0.523692	31.9	3.97
CBDDTY010000185.1	1	39997	94	9550	23.8768	0.53914	29.5	44.9
CBDDTY010000186.1	1	39979	137	19006	47.54	0.884714	30.4	27.3
CBDDTY010000187.1	1	39930	95	13387	33.5262	0.546231	29.3	24.2
CBDDTY010000188.1	1	39923	86	14576	36.5103	0.487964	31	29.9
CBDDTY010000189.1	1	39907	123	16805	42.1104	0.702408	30.1	33.9
CBDDTY010000190.1	1	39885	82	13462	33.752	0.457841	30.3	43
CBDDTY010000191.1	1	39852	137	18618	46.7179	0.787464	31.1	33.6
CBDDTY010000192.1	1	39835	95	13548	34.0103	0.512213	30.6	32.6
CBDDTY010000193.1	1	39826	103	14537	36.5013	0.577688	30.4	37.9
CBDDTY010000194.1	1	39777	75	9072	22.8071	0.410413	30.3	7.97
CBDDTY010000195.1	1	39752	108	17712	44.5562	0.635616	31.7	37.9
CBDDTY010000196.1	1	39747	99	17867	44.9518	0.604297	29.4	40.1
CBDDTY010000197.1	1	39727	72	11015	27.7267	0.415687	30.9	17.8
CBDDTY010000198.1	1	39726	86	14403	36.2559	0.492171	29.8	37.2
CBDDTY010000199.1	1	39701	9	1288	3.24425	0.0362963	29.9	1.11
CBDDTY010000200.1	1	39691	96	16581	41.7752	0.608727	29.3	19.9
CBDDTY010000201.1	1	39675	33	5217	13.1493	0.166175	32.3	26.4
CBDDTY010000202.1	1	39636	393	20578	51.9174	2.24329	30.3	32.8
CBDDTY010000203.1	1	39634	58	8375	21.1308	0.30441	29.6	13.5
CBDDTY010000204.1	1	39633	63	9334	23.5511	0.351273	29.5	10.9
CBDDTY010000205.1	1	39628	101	15692	39.5983	0.543479	30.6	30.2
CBDDTY010000206.1	1	39601	97	14541	36.7188	0.569809	31	28
CBDDTY010000207.1	1	39600	72	10623	26.8258	0.421364	30.7	31.4
CBDDTY010000208.1	1	39595	46	5880	14.8504	0.230938	30.2	13.8
CBDDTY010000209.1	1	39385	32	4741	12.0376	0.164073	31.1	3.97
CBDDTY010000210.1	1	39584	17	2171	5.48454	0.0727314	31.5	13.1
CBDDTY010000211.1	1	39576	76	10263	25.9324	0.417121	30.5	29.7
CBDDTY010000212.1	1	39569	28	4440	11.2209	0.162905	28.2	6.25
CBDDTY010000213.1	1	39567	108	14607	36.9171	0.660828	30.9	11
CBDDTY010000214.1	1	39564	146	19856	50.187	0.844631	31.1	30.1
CBDDTY010000215.1	1	39559	103	14029	35.4635	0.64898	30.1	36.3
CBDDTY010000216.1	1	39546	63	8959	22.6546	0.326759	31.4	13.3
CBDDTY010000217.1	1	39539	88	13472	34.0727	0.481929	31.6	14.4
CBDDTY010000218.1	1	39539	73	12379	31.3083	0.47027	31.5	33.1
CBDDTY010000219.1	1	39529	201	20038	50.6919	1.19211	30.7	21.7
CBDDTY010000220.1	1	39525	85	14753	37.3257	0.474991	30.1	33.9
CBDDTY010000221.1	1	39512	102	14445	36.5585	0.591668	30.5	21.4
CBDDTY010000222.1	1	39446	53	7386	18.7243	0.296329	31.6	26.2
CBDDTY010000223.1	1	39434	75	10443	26.4822	0.430263	30.7	30.7
CBDDTY010000224.1	1	39425	89	14136	35.8554	0.563906	29.7	38.1
CBDDTY010000225.1	1	39419	297	20159	51.1403	1.70243	31.1	30.9
CBDDTY010000226.1	1	39410	47	5718	14.509	0.239736	31.6	26.7
CBDDTY010000227.1	1	39362	131	13740	34.9068	0.717392	30.9	33.3
CBDDTY010000228.1	1	39355	47	6364	16.1708	0.235447	30.2	21.4
CBDDTY010000229.1	1	39340	79	8638	21.9573	0.451246	32.8	10.6
CBDDTY010000230.1	1	39328	117	15083	38.3518	0.624441	30	25.6
CBDDTY010000231.1	1	39324	99	16658	42.3609	0.626564	30.8	32
CBDDTY010000232.1	1	39317	40	6318	16.0694	0.231503	30.9	15.5
CBDDTY010000233.1	1	39277	120	19209	48.9065	0.74909	31.4	45.1
CBDDTY010000234.1	1	39272	158	19406	49.4143	0.917218	29.5	19
CBDDTY010000235.1	1	39248	51	3991	10.1687	0.282282	30.1	1.57
CBDDTY010000236.1	1	39207	46	5402	13.7782	0.267784	31.3	8.74
CBDDTY010000237.1	1	39200	58	9326	23.7908	0.355536	30.3	16.1
CBDDTY010000238.1	1	39153	103	14064	35.9206	0.565142	30	25.8
CBDDTY010000239.1	1	39125	95	18052	46.1393	0.602147	31.2	48.3
CBDDTY010000240.1	1	39102	74	13233	33.8423	0.437164	29.9	30.6
CBDDTY010000241.1	1	39098	10	1944	4.97212	0.0508722	31.3	15
CBDDTY010000242.1	1	39086	80	7768	19.8741	0.47242	30.3	0.775
CBDDTY010000243.1	1	39070	69	13064	33.4374	0.441362	30.5	39.7
CBDDTY010000244.1	1	39068	182	17479	44.7399	1.18778	30.5	21
CBDDTY010000245.1	1	39057	82	11574	29.6336	0.421282	30.7	21.9
CBDDTY010000246.1	1	39044	91	12079	30.9369	0.520669	30.2	12.6
CBDDTY010000247.1	1	39044	130	13344	34.1768	0.711274	30.2	22.5
CBDDTY010000248.1	1	39041	89	13828	35.4192	0.555339	30.8	25.5
CBDDTY010000249.1	1	39022	65	8627	22.108	0.336272	30.6	21.4
CBDDTY010000250.1	1	39001	94	14924	38.2657	0.553191	30.8	39.3
CBDDTY010000251.1	1	38800	206	19960	51.4433	1.20616	30.3	10.9
CBDDTY010000252.1	1	39000	10	1609	4.12564	0.0504615	30.5	1.8
CBDDTY010000253.1	1	39000	134	16279	41.741	0.779641	30.6	10
CBDDTY010000254.1	1	39000	70	12400	31.7949	0.466564	31.3	33.1
CBDDTY010000255.1	1	39000	53	8164	20.9333	0.293795	30.3	15.7
CBDDTY010000256.1	1	38800	9	1598	4.11856	0.0524227	27.8	6
CBDDTY010000257.1	1	39000	74	7808	20.0205	0.446513	30.9	7.49
CBDDTY010000258.1	1	39000	213	17412	44.6462	1.27503	30.6	50.1
CBDDTY010000259.1	1	39000	34	6092	15.6205	0.210513	29.7	34.2
CBDDTY010000260.1	1	39000	55	7934	20.3436	0.305436	31.1	9.11
CBDDTY010000261.1	1	39000	294	23697	60.7615	1.72695	30.8	25.5
CBDDTY010000262.1	1	39000	126	17589	45.1	0.707231	30.6	34.2
CBDDTY010000263.1	1	39000	17	2007	5.14615	0.0648974	30	9.47
CBDDTY010000264.1	1	39000	99	15761	40.4128	0.577282	30.3	37.3
CBDDTY010000265.1	1	38800	100	17829	45.951	0.616495	31.3	46.2
CBDDTY010000266.1	1	39000	67	12492	32.0308	0.409128	31.9	38.4
CBDDTY010000267.1	1	39000	78	12259	31.4333	0.525462	30.4	3.67
CBDDTY010000268.1	1	39000	89	11119	28.5103	0.509308	30.3	24.7
CBDDTY010000269.1	1	39000	194	15740	40.359	1.12385	31.2	5.32
CBDDTY010000270.1	1	38982	158	12973	33.2795	0.891694	31.4	13.7
CBDDTY010000271.1	1	38976	77	12298	31.5528	0.459924	31.7	23.7
CBDDTY010000272.1	1	38962	64	9005	23.1123	0.372388	31	25.8
CBDDTY010000273.1	1	38953	60	7709	19.7905	0.364773	30.3	25.6
CBDDTY010000274.1	1	38909	93	14111	36.2667	0.625948	29.7	17.9
CBDDTY010000275.1	1	38882	31	5192	13.3532	0.178232	31.5	35.5
CBDDTY010000276.1	1	38878	46	7245	18.6352	0.269304	30.9	17.9
CBDDTY010000277.1	1	38878	103	11096	28.5406	0.619553	29.9	14
CBDDTY010000278.1	1	38865	156	14842	38.1886	0.905313	30.4	3.63
CBDDTY010000279.1	1	38853	68	12903	33.2098	0.442926	31.2	36.5
CBDDTY010000280.1	1	38850	98	14441	37.1712	0.589987	31.4	23.8
CBDDTY010000281.1	1	38832	105	13541	34.8707	0.627034	29.3	16.7
CBDDTY010000282.1	1	38810	85	12626	32.5329	0.488147	29.3	33.5
CBDDTY010000283.1	1	38771	57	8959	23.1075	0.377602	29.8	26.7
CBDDTY010000284.1	1	38770	55	9683	24.9755	0.310472	29.6	41.5
CBDDTY010000285.1	1	38755	52	9943	25.656	0.335699	28.9	23.4
CBDDTY010000286.1	1	38738	61	10076	26.0106	0.351464	32.5	33.6
CBDDTY010000287.1	1	38720	153	16062	41.4824	0.899638	30.1	17.6
CBDDTY010000288.1	1	38713	92	13018	33.6269	0.48423	31.2	30.2
CBDDTY010000289.1	1	38712	25	4080	10.5394	0.135694	30.5	6.6
CBDDTY010000290.1	1	38709	100	10330	26.6863	0.5523	31.6	22.2
CBDDTY010000291.1	1	38702	89	12695	32.8019	0.554933	30.8	15.5
CBDDTY010000292.1	1	38701	73	12272	31.7098	0.433891	29.2	32.5
CBDDTY010000293.1	1	38680	126	14597	37.7378	0.710807	30.2	22.2
CBDDTY010000294.1	1	38634	113	14147	36.618	0.715639	29.8	29.9
CBDDTY010000295.1	1	38608	110	14213	36.8136	0.652196	31.4	15
CBDDTY010000296.1	1	38606	128	17421	45.1251	0.73258	30.1	35.3
CBDDTY010000297.1	1	38601	126	16539	42.846	0.73138	30.9	21.1
CBDDTY010000298.1	1	38590	86	11569	29.9793	0.488987	31.2	20.8
CBDDTY010000299.1	1	38564	87	11534	29.9087	0.502308	31.2	22.3
CBDDTY010000300.1	1	38531	122	15519	40.2767	0.748021	29.9	24.1
CBDDTY010000301.1	1	38525	87	11667	30.2842	0.50928	30.5	24.4
CBDDTY010000302.1	1	38520	187	22021	57.1677	1.08554	30.9	34.7
CBDDTY010000303.1	1	38510	106	15136	39.3041	0.574916	30.6	20.3
CBDDTY010000304.1	1	38509	88	15734	40.858	0.549768	31.1	48.7
CBDDTY010000305.1	1	38500	91	13382	34.7584	0.512494	30.6	31
CBDDTY010000306.1	1	38496	89	14167	36.8012	0.543173	30.4	40.1
CBDDTY010000307.1	1	38496	48	5496	14.2768	0.226309	32.9	11.7
CBDDTY010000308.1	1	38488	97	15245	39.6097	0.586157	30.5	44
CBDDTY010000309.1	1	38475	106	12496	32.4782	0.614867	30.5	22.2
CBDDTY010000310.1	1	38475	145	14497	37.679	0.833736	30.3	12.4
CBDDTY010000311.1	1	38461	107	10600	27.5604	0.690128	30.3	6.65
CBDDTY010000312.1	1	38440	139	18482	48.0801	0.844927	29.7	13.2
CBDDTY010000313.1	1	38421	6	1706	4.44028	0.0444028	34.7	21.3
CBDDTY010000314.1	1	38411	202	19977	52.0085	1.20512	30.6	25.7
CBDDTY010000315.1	1	38407	114	13615	35.4493	0.717447	30.5	12.2
CBDDTY010000316.1	1	38391	106	14661	38.1886	0.624678	29.6	37.4
CBDDTY010000317.1	1	38384	84	9162	23.8693	0.482857	30.9	17.3
CBDDTY010000318.1	1	38383	86	10996	28.6481	0.496652	30.6	27.4
CBDDTY010000319.1	1	38375	128	11826	30.8169	0.765967	31.1	11.5
CBDDTY010000320.1	1	38368	88	11189	29.1623	0.525542	31.9	4.77
CBDDTY010000321.1	1	38356	104	16881	44.0114	0.628376	31.3	39.2
CBDDTY010000322.1	1	38340	110	9780	25.5086	0.649035	30.3	11.7
CBDDTY010000323.1	1	38335	65	11647	30.3822	0.39014	31.5	30.7
CBDDTY010000324.1	1	38317	46	8020	20.9307	0.288358	30.9	29.9
CBDDTY010000325.1	1	38299	87	15247	39.8104	0.528499	31.6	42.3
CBDDTY010000326.1	1	38273	109	15393	40.219	0.664751	30.1	38
CBDDTY010000327.1	1	38259	223	22421	58.6032	1.39907	29.5	21.4
CBDDTY010000328.1	1	38219	129	15481	40.506	0.766765	31.3	19.8
CBDDTY010000329.1	1	38211	63	10511	27.5078	0.365157	30.2	48.3
CBDDTY010000330.1	1	38211	127	14329	37.4997	0.717307	31.1	17.4
CBDDTY010000331.1	1	38209	80	12858	33.6518	0.50407	30.3	23.6
CBDDTY010000332.1	1	38200	58	6816	17.8429	0.325995	29.8	4.91
CBDDTY010000333.1	1	38155	54	7721	20.2359	0.336103	30.3	12.7
CBDDTY010000334.1	1	38145	71	10264	26.9079	0.385267	30	21.4
CBDDTY010000335.1	1	38142	91	12531	32.8535	0.543731	30.1	13.3
CBDDTY010000336.1	1	38087	97	14300	37.5456	0.596503	30.7	32.1
CBDDTY010000337.1	1	38074	37	4999	13.1297	0.191364	30.3	5.49
CBDDTY010000338.1	1	38035	78	9994	26.2758	0.504903	30.9	14.5
CBDDTY010000339.1	1	38023	78	8961	23.5673	0.458459	29.5	16.5
CBDDTY010000340.1	1	38010	29	3532	9.29229	0.148066	28.5	6.24
CBDDTY010000341.1	1	38009	100	16420	43.2003	0.606725	31.1	44.6
CBDDTY010000342.1	1	38000	129	15652	41.1895	0.790895	30.4	25.6
CBDDTY010000343.1	1	37800	58	6189	16.373	0.297011	30.8	15.1
CBDDTY010000344.1	1	37800	3	254	0.671958	0.0151323	33.4	0
CBDDTY010000345.1	1	38000	27	5613	14.7711	0.174921	31.3	27.3
CBDDTY010000346.1	1	38000	21	4068	10.7053	0.120605	29.5	16.4
CBDDTY010000347.1	1	38000	71	12429	32.7079	0.441526	31	33.5
CBDDTY010000348.1	1	38000	55	6630	17.4474	0.279947	30.2	13.5
CBDDTY010000349.1	1	38000	95	18623	49.0079	0.640579	30.6	40.1
CBDDTY010000350.1	1	38000	146	14734	38.7737	0.886921	31.5	20.1
CBDDTY010000351.1	1	38000	104	12860	33.8421	0.6285	30.6	20.1
CBDDTY010000352.1	1	38000	17	3569	9.39211	0.133342	29.9	26.4
CBDDTY010000353.1	1	38000	53	5072	13.3474	0.382079	31.4	31.2
CBDDTY010000354.1	1	38000	130	13386	35.2263	0.776684	31.8	24.8
CBDDTY010000355.1	1	37800	89	14301	37.8333	0.57672	31.3	47.4
CBDDTY010000356.1	1	38000	92	9339	24.5763	0.534132	31	14.6
CBDDTY010000357.1	1	38000	166	13016	34.2526	1.07982	30.1	22
CBDDTY010000358.1	1	38000	131	15509	40.8132	0.777421	30.9	19.3
CBDDTY010000359.1	1	38000	51	6448	16.9684	0.278868	32.4	10.4
CBDDTY010000360.1	1	37800	46	7517	19.8862	0.238492	30	18
CBDDTY010000361.1	1	37981	238	14363	37.8163	1.48735	31.4	10.9
CBDDTY010000362.1	1	37963	92	13334	35.1237	0.564813	30	19.4
CBDDTY010000363.1	1	37945	71	7909	20.8433	0.413151	30.5	7.7
CBDDTY010000364.1	1	37938	110	15802	41.6522	0.631794	30.5	39.5
CBDDTY010000365.1	1	37936	89	12287	32.3888	0.491828	31.1	28.7
CBDDTY010000366.1	1	37933	58	8304	21.8912	0.35908	30.4	39.2
CBDDTY010000367.1	1	37907	58	8242	21.7427	0.294906	30.6	8.81
CBDDTY010000368.1	1	37899	58	7654	20.1958	0.337898	30.3	13.5
CBDDTY010000369.1	1	37885	78	9025	23.8221	0.463904	29.6	17.1
CBDDTY010000370.1	1	37879	77	13092	34.5627	0.483091	31.6	38.7
CBDDTY010000371.1	1	37870	73	11507	30.3855	0.444943	30.8	24.1
CBDDTY010000372.1	1	37842	26	2317	6.12283	0.136647	30.2	5.38
CBDDTY010000373.1	1	37831	78	12891	34.0752	0.466284	31	36.2
CBDDTY010000374.1	1	37830	101	17220	45.5194	0.661935	31.1	42.3
CBDDTY010000375.1	1	37814	70	8890	23.5098	0.395171	30.2	7.84
CBDDTY010000376.1	1	37795	80	12708	33.6235	0.460405	31.5	32.8
CBDDTY010000377.1	1	37771	144	17137	45.3708	0.891981	30.3	22.9
CBDDTY010000378.1	1	37750	13	2811	7.44636	0.0810066	28.5	9.46
CBDDTY010000379.1	1	37725	106	14611	38.7303	0.589132	31	31.6
CBDDTY010000380.1	1	37697	84	16060	42.6029	0.578163	30	50.9
CBDDTY010000381.1	1	37692	53	9983	26.4857	0.334235	28.2	27.6
CBDDTY010000382.1	1	37682	79	9105	24.1627	0.430842	31.2	17.9
CBDDTY010000383.1	1	37667	123	14864	39.4616	0.796798	30.3	22.9
CBDDTY010000384.1	1	37660	88	10888	28.9113	0.473022	29.4	16.4
CBDDTY010000385.1	1	37657	115	10286	27.315	0.653955	31.5	7.4
CBDDTY010000386.1	1	37656	109	17336	46.0378	0.641784	30.9	46
CBDDTY010000387.1	1	37650	61	10205	27.1049	0.372829	32	23.5
CBDDTY010000388.1	1	37648	35	4432	11.7722	0.220384	28.5	7.83
CBDDTY010000389.1	1	37620	44	7730	20.5476	0.263158	31.6	4.84
CBDDTY010000390.1	1	37599	103	14062	37.3999	0.613394	31.1	24.7
CBDDTY010000391.1	1	37587	108	15058	40.0617	0.624072	31	41.3
CBDDTY010000392.1	1	37579	75	10112	26.9086	0.49054	29.6	17.8
CBDDTY010000393.1	1	37565	121	9718	25.8698	0.753734	29.9	14.8
CBDDTY010000394.1	1	37561	31	5346	14.2328	0.217965	30.6	10.6
CBDDTY010000395.1	1	37552	100	15643	41.6569	0.629793	32.3	34.6
CBDDTY010000396.1	1	37526	30	4950	13.1909	0.152747	30.9	2.63
CBDDTY010000397.1	1	37511	26	4181	11.1461	0.132761	29.1	21.3
CBDDTY010000398.1	1	37500	87	12043	32.1147	0.457067	30.7	23.2
CBDDTY010000399.1	1	37488	73	9550	25.4748	0.446169	29.8	17.9
CBDDTY010000400.1	1	37486	72	9318	24.8573	0.437923	30.7	9.33
CBDDTY010000401.1	1	37468	86	10038	26.7909	0.509315	30.1	11.7
CBDDTY010000402.1	1	37458	57	5615	14.9901	0.317556	31.3	8.91
CBDDTY010000403.1	1	37449	54	8538	22.799	0.309167	31.6	24.4
CBDDTY010000404.1	1	37432	78	9687	25.8789	0.494924	30.9	13.4
CBDDTY010000405.1	1	37422	145	18065	48.2737	0.855272	30	25.8
CBDDTY010000406.1	1	37413	85	9178	24.5316	0.476973	31.5	9.12
CBDDTY010000407.1	1	37403	100	9973	26.6636	0.517071	29.7	10.4
CBDDTY010000408.1	1	37401	42	5296	14.16	0.236919	32.5	8.14
CBDDTY010000409.1	1	37392	76	13691	36.6148	0.53688	31.7	48.7
CBDDTY010000410.1	1	37375	123	16817	44.9953	0.782475	31.1	27.5
CBDDTY010000411.1	1	37372	53	5907	15.806	0.302767	31.3	13.1
CBDDTY010000412.1	1	37362	67	11277	30.1831	0.450377	29.9	17.7
CBDDTY010000413.1	1	37357	50	5141	13.7618	0.292502	29.8	7.9
CBDDTY010000414.1	1	37356	63	7051	18.8751	0.355284	29.8	9.06
CBDDTY010000415.1	1	37351	32	5534	14.8162	0.199566	31.1	9.94
CBDDTY010000416.1	1	37340	100	11559	30.9561	0.641591	30.2	14.4
CBDDTY010000417.1	1	37339	100	14126	37.8318	0.590107	30.5	33.2
CBDDTY010000418.1	1	37333	93	15068	40.3611	0.584764	30.8	33
CBDDTY010000419.1	1	37330	80	12475	33.4182	0.476159	31.7	39.6
CBDDTY010000420.1	1	37320	100	15837	42.4357	0.622454	29.9	47.5
CBDDTY010000421.1	1	37314	110	15501	41.542	0.637053	30.9	36.2
CBDDTY010000422.1	1	37303	91	13536	36.2866	0.53674	31.4	29.7
CBDDTY010000423.1	1	37294	99	15332	41.1112	0.603019	31	41.8
CBDDTY010000424.1	1	37288	68	11512	30.8732	0.406833	30	15.1
CBDDTY010000425.1	1	37287	35	5478	14.6914	0.21415	31.3	34.6
CBDDTY010000426.1	1	37269	74	9424	25.2864	0.390163	30.8	21
CBDDTY010000427.1	1	37260	23	4430	11.8894	0.145974	30.1	4.65
CBDDTY010000428.1	1	37255	86	13266	35.6086	0.509945	30.8	38.1
CBDDTY010000429.1	1	37239	69	9149	24.5683	0.371009	30.2	24.4
CBDDTY010000430.1	1	37224	90	14152	38.0185	0.55209	31.2	42.1
CBDDTY010000431.1	1	37219	96	17506	47.0351	0.636503	30.5	42.7
CBDDTY010000432.1	1	37210	67	9698	26.0629	0.428272	31.3	26.8
CBDDTY010000433.1	1	37180	179	21611	58.1253	1.10694	30.1	20.7
CBDDTY010000434.1	1	37176	78	12028	32.3542	0.44023	30.2	27.9
CBDDTY010000435.1	1	37173	205	22971	61.7949	1.30205	29.9	38.2
CBDDTY010000436.1	1	37171	93	16001	43.047	0.613543	30.7	50
CBDDTY010000437.1	1	37161	51	7197	19.3671	0.306585	31.2	24.7
CBDDTY010000438.1	1	37150	87	14324	38.5572	0.531575	30.4	38
CBDDTY010000439.1	1	37148	100	14968	40.2929	0.653817	30.5	29.5
CBDDTY010000440.1	1	37139	48	8224	22.1438	0.26977	29.9	6.31
CBDDTY010000441.1	1	37137	55	8503	22.8963	0.295931	31	29.5
CBDDTY010000442.1	1	37117	198	17713	47.7221	1.21914	30.3	25.9
CBDDTY010000443.1	1	37073	87	13421	36.2015	0.511963	30.7	27.7
CBDDTY010000444.1	1	37063	45	6460	17.4298	0.251787	29.4	8.8
CBDDTY010000445.1	1	37063	45	5941	16.0295	0.266007	31.8	6.56
CBDDTY010000446.1	1	37027	79	12321	33.2757	0.492046	30.6	26.6
CBDDTY010000447.1	1	37021	124	14158	38.2432	0.715135	30.5	11.9
CBDDTY010000448.1	1	37009	30	4548	12.2889	0.201275	31	5.53
CBDDTY010000449.1	1	37009	80	12690	34.289	0.447999	30	38.2
CBDDTY010000450.1	1	37003	65	6869	18.5634	0.363889	30.9	11.7
CBDDTY010000451.1	1	37000	54	6721	18.1649	0.326081	29.6	10.3
CBDDTY010000452.1	1	37000	38	7386	19.9622	0.232973	30.1	14.6
CBDDTY010000453.1	1	37000	150	15593	42.1432	0.984838	30.6	15.5
CBDDTY010000454.1	1	37000	43	6295	17.0135	0.252568	30.8	10.3
CBDDTY010000455.1	1	37000	105	14417	38.9649	0.66173	31.3	19.3
CBDDTY010000456.1	1	37000	28	5313	14.3595	0.172135	32.2	21.4
CBDDTY010000457.1	1	37000	21	3260	8.81081	0.137459	30.6	17.3
CBDDTY010000458.1	1	37000	72	8388	22.6703	0.406811	30.7	11.7
CBDDTY010000459.1	1	37000	71	8721	23.5703	0.410946	30.8	6.83
CBDDTY010000460.1	1	37000	19	3541	9.57027	0.0957027	34	5.89
CBDDTY010000461.1	1	37000	22	5516	14.9081	0.188432	22.9	35.5
CBDDTY010000462.1	1	36600	43	8048	21.9891	0.283525	31.5	14.2
CBDDTY010000463.1	1	37000	83	13369	36.1324	0.513027	29.8	38.6
CBDDTY010000464.1	1	37000	210	18966	51.2595	1.28765	30.9	17.7
CBDDTY010000465.1	1	37000	32	5336	14.4216	0.217135	30.4	23.5
CBDDTY010000466.1	1	37000	77	8622	23.3027	0.459514	30.6	21.3
CBDDTY010000467.1	1	36974	78	12993	35.1409	0.474523	31.9	18.4
CBDDTY010000468.1	1	36968	116	13345	36.0988	0.715403	30.7	6.7
CBDDTY010000469.1	1	36961	75	13625	36.8632	0.486675	29.8	41.5
CBDDTY010000470.1	1	36960	83	11541	31.2256	0.489259	30.9	30.3
CBDDTY010000471.1	1	36951	57	6314	17.0875	0.311331	30.5	3.04
CBDDTY010000472.1	1	36947	122	17708	47.9281	0.778683	31.2	32.8
CBDDTY010000473.1	1	36947	69	10153	27.4799	0.406853	30.8	37.4
CBDDTY010000474.1	1	36939	70	11308	30.6126	0.444165	30.2	29.9
CBDDTY010000475.1	1	36891	106	9998	27.1015	0.646391	30.3	17.2
CBDDTY010000476.1	1	36876	80	11894	32.254	0.513749	30.1	17.4
CBDDTY010000477.1	1	36867	81	13775	37.364	0.477554	30.4	44.2
CBDDTY010000478.1	1	36850	86	12435	33.7449	0.511777	31.8	33.6
CBDDTY010000479.1	1	36847	67	9585	26.013	0.460797	29.9	12.7
CBDDTY010000480.1	1	36827	72	10474	28.4411	0.419176	31.5	38.8
CBDDTY010000481.1	1	36803	44	8035	21.8325	0.259001	31.2	21.2
CBDDTY010000482.1	1	36768	52	7729	21.021	0.284133	31.2	28
CBDDTY010000483.1	1	36764	376	22995	62.5476	2.34833	31.4	24.7
CBDDTY010000484.1	1	36752	54	8072	21.9634	0.300093	30.1	10.9
CBDDTY010000485.1	1	36750	108	10762	29.2844	0.615075	30.3	11.4
CBDDTY010000486.1	1	36725	71	10698	29.13	0.41081	31.1	41.4
CBDDTY010000487.1	1	36704	169	23579	64.241	1.13138	30.7	43.6
CBDDTY010000488.1	1	36703	76	13129	35.7709	0.451026	30.5	38.8
CBDDTY010000489.1	1	36700	41	6102	16.6267	0.271417	30.6	19.7
CBDDTY010000490.1	1	36697	89	13354	36.3899	0.588359	31	32.2
CBDDTY010000491.1	1	36695	128	16981	46.2761	0.762801	30.5	34.5
CBDDTY010000492.1	1	36693	14	2634	7.17848	0.0750279	30.5	21.5
CBDDTY010000493.1	1	36680	57	7825	21.3332	0.311423	32.1	17.5
CBDDTY010000494.1	1	36660	88	13701	37.3732	0.61042	30.7	44.1
CBDDTY010000495.1	1	36651	81	11814	32.2338	0.54124	30.4	36.7
CBDDTY010000496.1	1	36643	96	13795	37.647	0.567175	30.7	30
CBDDTY010000497.1	1	36635	95	12829	35.0184	0.573386	30.7	14.1
CBDDTY010000498.1	1	36632	57	7017	19.1554	0.350295	30.5	9.79
CBDDTY010000499.1	1	36626	125	16953	46.2868	0.753454	29.6	26.9
CBDDTY010000500.1	1	36604	81	13731	37.5123	0.50082	31.1	38.4
CBDDTY010000501.1	1	36576	29	5807	15.8765	0.185996	30.5	32.3
CBDDTY010000502.1	1	36569	36	4568	12.4915	0.190024	30.8	3.22
CBDDTY010000503.1	1	36544	94	6408	17.535	0.539049	30.9	16.1
CBDDTY010000504.1	1	36537	52	7709	21.0992	0.316583	31	22
CBDDTY010000505.1	1	36535	112	15834	43.3393	0.674997	29.4	11.3
CBDDTY010000506.1	1	36522	105	17723	48.5269	0.754942	31.3	41.3
CBDDTY010000507.1	1	36517	44	5191	14.2153	0.261467	30.2	11.4
CBDDTY010000508.1	1	36508	39	6204	16.9935	0.229922	30.9	28.5
CBDDTY010000509.1	1	36479	94	14648	40.1546	0.567971	30.6	24.2
CBDDTY010000510.1	1	36479	75	11837	32.4488	0.461169	31.3	31.7
CBDDTY010000511.1	1	36464	79	15205	41.6987	0.548514	30.4	46.4
CBDDTY010000512.1	1	36411	83	9487	26.0553	0.505589	30.6	32.8
CBDDTY010000513.1	1	36383	87	14493	39.8345	0.613198	30.9	32.7
CBDDTY010000514.1	1	36369	26	4381	12.046	0.157799	31.5	4.42
CBDDTY010000515.1	1	36361	74	9340	25.6869	0.460493	31.7	19.7
CBDDTY010000516.1	1	36346	91	13457	37.0247	0.573351	29	30.1
CBDDTY010000517.1	1	36321	81	12555	34.5668	0.496242	31.8	34.3
CBDDTY010000518.1	1	36316	63	7966	21.9352	0.368543	30.6	11.8
CBDDTY010000519.1	1	36300	55	7752	21.3554	0.30449	31.6	26.8
CBDDTY010000520.1	1	36292	89	11324	31.2025	0.538659	30.6	7.87
CBDDTY010000521.1	1	36254	132	14107	38.9116	0.888564	30.7	22.3
CBDDTY010000522.1	1	36241	37	3682	10.1598	0.233713	31.7	12.5
CBDDTY010000523.1	1	36224	97	11704	32.3101	0.562914	31.4	24.2
CBDDTY010000524.1	1	36203	93	10565	29.1827	0.587493	30.4	21.2
CBDDTY010000525.1	1	36196	92	12101	33.4319	0.597165	30.6	12
CBDDTY010000526.1	1	36191	91	15136	41.8226	0.572988	31.8	46.7
CBDDTY010000527.1	1	36185	61	8465	23.3937	0.371148	29.9	14.6
CBDDTY010000528.1	1	36177	107	10676	29.5105	0.699091	30.2	7.33
CBDDTY010000529.1	1	36170	73	8363	23.1214	0.483025	30.8	21.7
CBDDTY010000530.1	1	36068	84	12043	33.3897	0.557974	29	26
CBDDTY010000531.1	1	36067	95	15968	44.2732	0.605179	29.9	36.9
CBDDTY010000532.1	1	36042	188	16109	44.6951	1.20493	30.5	14.3
CBDDTY010000533.1	1	36041	88	13585	37.6932	0.598596	31.2	33.5
CBDDTY010000534.1	1	36038	79	13769	38.2069	0.576225	29.4	43.8
CBDDTY010000535.1	1	36037	67	7731	21.453	0.372895	29.8	6.1
CBDDTY010000536.1	1	36027	65	9845	27.3267	0.438421	31.3	35.2
CBDDTY010000537.1	1	36021	95	14775	41.0177	0.644596	31.3	36.1
CBDDTY010000538.1	1	36013	51	9935	27.5873	0.316636	29.9	38.2
CBDDTY010000539.1	1	36009	86	11711	32.5224	0.559582	30.4	14.8
CBDDTY010000540.1	1	36007	61	9898	27.4891	0.38773	31.7	18.4
CBDDTY010000541.1	1	36000	32	3785	10.5139	0.174389	29.2	4.16
CBDDTY010000542.1	1	36000	40	4694	13.0389	0.211694	32.2	9.65
CBDDTY010000543.1	1	36000	55	8881	24.6694	0.341694	30.6	30.3
CBDDTY010000544.1	1	35600	34	5647	15.8624	0.218258	33.1	4.29
CBDDTY010000545.1	1	36000	6	1306	3.62778	0.0421389	28.3	0
CBDDTY010000546.1	1	36000	253	23990	66.6389	1.51922	30.8	26.2
CBDDTY010000547.1	1	36000	73	11162	31.0056	0.515222	30.5	35.6
CBDDTY010000548.1	1	36000	25	3852	10.7	0.144667	31.1	9.48
CBDDTY010000549.1	1	36000	17	2712	7.53333	0.0954444	30.5	24.8
CBDDTY010000550.1	1	36000	73	12252	34.0333	0.485583	30.6	47.8
CBDDTY010000551.1	1	36000	50	6207	17.2417	0.285083	30.5	35.9
CBDDTY010000552.1	1	36000	49	4686	13.0167	0.270583	30.3	8.49
CBDDTY010000553.1	1	36000	49	5459	15.1639	0.275528	30.6	2.88
CBDDTY010000554.1	1	36000	85	11423	31.7306	0.577694	31	7.91
CBDDTY010000555.1	1	36000	48	6748	18.7444	0.282778	29.4	1.04
CBDDTY010000556.1	1	36000	80	10915	30.3194	0.512639	29.8	3.86
CBDDTY010000557.1	1	36000	67	8147	22.6306	0.366722	30.7	16
CBDDTY010000558.1	1	36000	46	6268	17.4111	0.265028	29.7	10.2
CBDDTY010000559.1	1	36000	42	5372	14.9222	0.267222	30.1	10.6
CBDDTY010000560.1	1	36000	88	10111	28.0861	0.542111	30.4	13.9
CBDDTY010000561.1	1	36000	66	8106	22.5167	0.411111	30.1	10
CBDDTY010000562.1	1	35996	35	5710	15.8629	0.232415	30.1	12.5
CBDDTY010000563.1	1	35994	57	8755	24.3235	0.340696	29.1	11
CBDDTY010000564.1	1	35993	69	10983	30.5143	0.411858	30.6	35.3
CBDDTY010000565.1	1	35974	69	11163	31.0307	0.466865	30.5	20.4
CBDDTY010000566.1	1	35951	123	15492	43.092	0.753247	30.3	22.6
CBDDTY010000567.1	1	35932	74	13222	36.7973	0.475565	30.7	26.3
CBDDTY010000568.1	1	35907	53	9441	26.2929	0.345197	30.1	35.6
CBDDTY010000569.1	1	35901	75	12596	35.0854	0.47475	30.7	25.3
CBDDTY010000570.1	1	35881	42	5709	15.9109	0.268136	29.8	22.3
CBDDTY010000571.1	1	35878	61	10545	29.3913	0.377585	29.8	22.1
CBDDTY010000572.1	1	35869	73	11099	30.9432	0.47194	30.7	30
CBDDTY010000573.1	1	35838	39	6864	19.1529	0.235923	31.2	30.9
CBDDTY010000574.1	1	35809	70	11415	31.8775	0.437739	28.6	18.8
CBDDTY010000575.1	1	35804	84	11955	33.3901	0.523964	30.7	31.5
CBDDTY010000576.1	1	35783	175	20060	56.0601	1.09219	30.8	22.3
CBDDTY010000577.1	1	35774	58	8593	24.0202	0.372645	31	20.4
CBDDTY010000578.1	1	35767	46	6367	17.8013	0.31283	29.9	20.3
CBDDTY010000579.1	1	35746	123	9179	25.6784	0.84001	31.1	12.1
CBDDTY010000580.1	1	35706	87	15109	42.315	0.579454	31.2	39.7
CBDDTY010000581.1	1	35701	36	5268	14.7559	0.205064	31.2	5.97
CBDDTY010000582.1	1	35667	126	13899	38.9688	0.79889	29.5	22.2
CBDDTY010000583.1	1	35664	116	14484	40.6124	0.778264	31.6	24.8
CBDDTY010000584.1	1	35663	46	3963	11.1124	0.22979	30.6	4.33
CBDDTY010000585.1	1	35659	233	20424	57.2759	1.70754	30.1	20.2
CBDDTY010000586.1	1	35653	35	5499	15.4237	0.215774	31.5	8.54
CBDDTY010000587.1	1	35632	98	14010	39.3186	0.665273	29.7	35.4
CBDDTY010000588.1	1	35623	90	12569	35.2834	0.547034	29.9	19.6
CBDDTY010000589.1	1	35617	90	13485	37.8611	0.593874	29.7	34.1
CBDDTY010000590.1	1	35611	26	3727	10.4659	0.129258	30.2	3.62
CBDDTY010000591.1	1	35600	77	11656	32.7416	0.473904	30.6	34.1
CBDDTY010000592.1	1	35580	125	17013	47.8162	0.778078	30.1	34.9
CBDDTY010000593.1	1	35579	39	7178	20.1748	0.280446	32.1	19.6
CBDDTY010000594.1	1	35553	116	16330	45.9314	0.740725	30.7	30.1
CBDDTY010000595.1	1	35548	22	3167	8.90908	0.135197	30.9	27
CBDDTY010000596.1	1	35530	55	7217	20.3124	0.287081	30.4	4.64
CBDDTY010000597.1	1	35530	94	13836	38.9417	0.692035	31.7	28.4
CBDDTY010000598.1	1	35528	13	2358	6.63702	0.0801903	30.3	41.6
CBDDTY010000599.1	1	35493	59	10547	29.7157	0.371566	31.9	23.2
CBDDTY010000600.1	1	35492	120	17717	49.9183	0.794179	29.4	34.9
CBDDTY010000601.1	1	35485	30	4581	12.9097	0.153107	31.3	28.4
CBDDTY010000602.1	1	35471	85	13538	38.1664	0.530856	30.6	32.9
CBDDTY010000603.1	1	35451	83	11495	32.425	0.530592	29.9	21.4
CBDDTY010000604.1	1	35446	79	11128	31.3942	0.465525	30.7	33.1
CBDDTY010000605.1	1	35444	133	19745	55.7076	0.929015	30.8	31.8
CBDDTY010000606.1	1	35436	115	17776	50.1637	0.752032	30	39.5
CBDDTY010000607.1	1	35427	84	11562	32.6361	0.474836	29.5	17.1
CBDDTY010000608.1	1	35411	72	6406	18.0904	0.404761	31.2	13.6
CBDDTY010000609.1	1	35406	109	11614	32.8023	0.730385	31.3	20.1
CBDDTY010000610.1	1	35405	83	11758	33.21	0.52888	30.5	15.1
CBDDTY010000611.1	1	35394	99	14106	39.8542	0.615782	30.5	25.2
CBDDTY010000612.1	1	35391	131	15670	44.2768	0.758018	30.5	33
CBDDTY010000613.1	1	35375	76	13274	37.5237	0.497329	31.8	33.4
CBDDTY010000614.1	1	35360	24	3546	10.0283	0.121069	31.3	9.96
CBDDTY010000615.1	1	35356	76	12246	34.6363	0.479551	29.9	34.9
CBDDTY010000616.1	1	35353	85	12765	36.1073	0.59316	30.1	23.1
CBDDTY010000617.1	1	35339	67	10311	29.1774	0.398059	29.2	27.9
CBDDTY010000618.1	1	35335	150	18848	53.3409	0.969039	30.5	33.1
CBDDTY010000619.1	1	35317	52	9003	25.492	0.359827	29.5	24.9
CBDDTY010000620.1	1	35312	87	13216	37.4264	0.554259	31.8	42.2
CBDDTY010000621.1	1	35302	60	9004	25.5056	0.384596	31.5	14.1
CBDDTY010000622.1	1	35301	53	8606	24.3789	0.384947	29.3	26.2
CBDDTY010000623.1	1	35276	67	12219	34.6383	0.449512	30.2	41.6
CBDDTY010000624.1	1	35275	64	9913	28.1021	0.384465	31.5	41.7
CBDDTY010000625.1	1	35268	94	13547	38.4116	0.62578	31.2	17.9
CBDDTY010000626.1	1	35244	82	12261	34.7889	0.525962	31.6	30.7
CBDDTY010000627.1	1	35237	88	13903	39.4557	0.592814	30.5	42.8
CBDDTY010000628.1	1	35226	64	10581	30.0375	0.400642	31.1	15.1
CBDDTY010000629.1	1	35215	88	14063	39.9347	0.599972	30.7	25.4
CBDDTY010000630.1	1	35189	96	11688	33.2149	0.574412	30.4	3.4
CBDDTY010000631.1	1	35182	104	16381	46.5607	0.693366	31.1	39.6
CBDDTY010000632.1	1	35142	71	11855	33.7346	0.48341	30.4	23.8
CBDDTY010000633.1	1	35132	23	3986	11.3458	0.125811	27.8	36.3
CBDDTY010000634.1	1	35126	155	14619	41.6187	1.06013	30.1	32
CBDDTY010000635.1	1	35121	119	14690	41.8268	0.752086	30.1	22.7
CBDDTY010000636.1	1	35089	88	11098	31.6281	0.553592	29.8	19
CBDDTY010000637.1	1	35077	77	11481	32.7308	0.518573	31.4	24.9
CBDDTY010000638.1	1	35069	49	9294	26.502	0.352733	31.6	31.2
CBDDTY010000639.1	1	35053	78	8691	24.7939	0.509143	30.3	5.64
CBDDTY010000640.1	1	35042	77	13259	37.8375	0.512071	31	37.9
CBDDTY010000641.1	1	35041	62	11271	32.1652	0.407152	30.7	37.6
CBDDTY010000642.1	1	35040	64	8906	25.4167	0.398716	29.8	31.7
CBDDTY010000643.1	1	35019	60	10439	29.8095	0.383078	30.3	30.6
CBDDTY010000644.1	1	35016	77	11668	33.3219	0.495431	31	46
CBDDTY010000645.1	1	35010	81	15541	44.3902	0.541074	30	43.5
CBDDTY010000646.1	1	35000	8	1496	4.27429	0.0427429	30.7	23.1
CBDDTY010000647.1	1	35000	109	11560	33.0286	0.710971	30.2	5.76
CBDDTY010000648.1	1	35000	93	12144	34.6971	0.610743	30.7	24.4
CBDDTY010000649.1	1	35000	42	7256	20.7314	0.268857	30.8	20.2
CBDDTY010000650.1	1	35000	92	9569	27.34	0.547743	29.9	13.2
CBDDTY010000651.1	1	35000	31	5997	17.1343	0.230286	29.5	25.8
CBDDTY010000652.1	1	35000	139	13733	39.2371	0.882371	31.1	10.2
CBDDTY010000653.1	1	35000	91	8927	25.5057	0.634657	29.7	25.6
CBDDTY010000654.1	1	35000	65	8552	24.4343	0.433657	31.1	2.51
CBDDTY010000655.1	1	35000	51	8233	23.5229	0.307143	30.1	4.18
CBDDTY010000656.1	1	35000	85	10709	30.5971	0.538086	31.4	9.66
CBDDTY010000657.1	1	34800	35	5491	15.7787	0.207816	31.3	17.1
CBDDTY010000658.1	1	35000	120	14469	41.34	0.852771	30.3	16.5
CBDDTY010000659.1	1	35000	155	14585	41.6714	1.03366	30.1	31.3
CBDDTY010000660.1	1	35000	32	3844	10.9829	0.201314	31.4	10
CBDDTY010000661.1	1	35000	98	10277	29.3629	0.733229	30.9	20.7
CBDDTY010000662.1	1	35000	122	12146	34.7029	0.732143	29.9	12.5
CBDDTY010000663.1	1	35000	43	5658	16.1657	0.2566	31.3	16.8
CBDDTY010000664.1	1	34987	74	8017	22.9142	0.472175	31.3	13.1
CBDDTY010000665.1	1	34986	64	9693	27.7054	0.428286	31.9	24.4
CBDDTY010000666.1	1	34983	188	21947	62.7362	1.26187	30.7	44.5
CBDDTY010000667.1	1	34982	33	5436	15.5394	0.216454	30.1	17.5
CBDDTY010000668.1	1	34972	53	7205	20.6022	0.33707	30.7	8.15
CBDDTY010000669.1	1	34950	83	12322	35.2561	0.555508	30.6	28.5
CBDDTY010000670.1	1	34942	288	22823	65.3168	1.95226	31.2	38.6
CBDDTY010000671.1	1	34934	89	12680	36.297	0.570619	30.6	22.3
CBDDTY010000672.1	1	34925	28	5807	16.6271	0.20335	30.4	8.46
CBDDTY010000673.1	1	34922	51	8131	23.2833	0.308201	29	12.5
CBDDTY010000674.1	1	34918	75	11186	32.0351	0.480612	30.1	33.7
CBDDTY010000675.1	1	34907	107	15950	45.6928	0.707738	30.2	26.5
CBDDTY010000676.1	1	34893	90	11459	32.8404	0.580002	30.5	16.6
CBDDTY010000677.1	1	34876	90	15775	45.2317	0.619997	30.2	42.1
CBDDTY010000678.1	1	34863	39	6593	18.9112	0.246651	29	6.9
CBDDTY010000679.1	1	34854	107	14097	40.4459	0.693522	31.4	31.1
CBDDTY010000680.1	1	34847	48	8032	23.0493	0.34706	29.7	34.7
CBDDTY010000681.1	1	34839	48	7177	20.6005	0.317546	31.9	16.7
CBDDTY010000682.1	1	34824	60	8627	24.7731	0.408655	31.2	20.1
CBDDTY010000683.1	1	34791	52	7565	21.7441	0.319422	31.7	22.3
CBDDTY010000684.1	1	34774	74	12918	37.1484	0.463824	31.3	42
CBDDTY010000685.1	1	34677	151	20059	57.8453	0.993165	30.4	34.7
CBDDTY010000686.1	1	34671	109	12676	36.5608	0.710104	30.8	27.8
CBDDTY010000687.1	1	34617	49	7626	22.0296	0.288673	31.4	27.2
CBDDTY010000688.1	1	34609	73	12145	35.092	0.470802	30.2	32.3
CBDDTY010000689.1	1	34607	88	12010	34.704	0.575433	30.8	14.1
CBDDTY010000690.1	1	34599	44	3109	8.98581	0.242088	31.4	13.7
CBDDTY010000691.1	1	34599	182	17612	50.9032	1.21544	30.9	14.4
CBDDTY010000692.1	1	34584	41	5544	16.0305	0.249913	30.9	22.4
CBDDTY010000693.1	1	34578	62	10875	31.4506	0.432124	31.1	22.6
CBDDTY010000694.1	1	34559	92	15050	43.5487	0.586996	30.7	37.8
CBDDTY010000695.1	1	34533	49	8983	26.0128	0.320476	29.3	16.2
CBDDTY010000696.1	1	34476	106	12252	35.5378	0.648828	30.7	22.3
CBDDTY010000697.1	1	34476	65	10184	29.5394	0.42125	30.4	12.8
CBDDTY010000698.1	1	34464	89	11352	32.9387	0.507718	31.7	20.3
CBDDTY010000699.1	1	34461	64	7390	21.4445	0.436406	31	15.6
CBDDTY010000700.1	1	34459	109	9933	28.8256	0.710497	31.2	17.7
CBDDTY010000701.1	1	34436	36	2918	8.47369	0.211523	30.8	7.03
CBDDTY010000702.1	1	34429	97	14888	43.2426	0.680967	29.8	24
CBDDTY010000703.1	1	34426	61	9174	26.6485	0.379481	30.8	14.4
CBDDTY010000704.1	1	34379	121	16141	46.9502	0.87885	31.7	34.7
CBDDTY010000705.1	1	34351	143	18240	53.0989	0.949608	30.7	36.5
CBDDTY010000706.1	1	34304	101	13881	40.4647	0.654472	29.8	20.1
CBDDTY010000707.1	1	34288	120	14808	43.1871	0.827082	30.5	27.4
CBDDTY010000708.1	1	34277	66	11541	33.6698	0.467602	31.1	37.3
CBDDTY010000709.1	1	34223	114	13085	38.2345	0.747567	30.7	26
CBDDTY010000710.1	1	34219	80	11937	34.8841	0.521523	30.9	10.3
CBDDTY010000711.1	1	34211	56	9710	28.3827	0.35585	30.2	30.1
CBDDTY010000712.1	1	34207	63	9904	28.9531	0.420499	32.3	32.2
CBDDTY010000713.1	1	34200	77	12346	36.0994	0.548216	31	30.3
CBDDTY010000714.1	1	34198	103	15992	46.763	0.719077	30.9	39.2
CBDDTY010000715.1	1	34194	85	13720	40.124	0.565976	31	42.4
CBDDTY010000716.1	1	34185	202	16074	47.0206	1.43964	30.9	20.9
CBDDTY010000717.1	1	34155	73	12136	35.5321	0.481569	31.4	30.3
CBDDTY010000718.1	1	34148	100	15340	44.9221	0.727158	31.1	29.3
CBDDTY010000719.1	1	34147	56	7990	23.3988	0.338624	31.9	34.5
CBDDTY010000720.1	1	34139	81	9945	29.1309	0.515159	30.8	9.22
CBDDTY010000721.1	1	34138	81	12878	37.7234	0.544672	30.4	28
CBDDTY010000722.1	1	34137	91	10882	31.8774	0.588335	30.8	17.5
CBDDTY010000723.1	1	34130	75	8188	23.9906	0.454703	31.3	24.4
CBDDTY010000724.1	1	34124	55	7698	22.5589	0.324552	29.4	18.7
CBDDTY010000725.1	1	34122	71	8635	25.3063	0.424301	30.3	3.11
CBDDTY010000726.1	1	34090	99	10949	32.1179	0.559842	29.9	20.5
CBDDTY010000727.1	1	34087	76	8453	24.7983	0.521959	30.2	21.7
CBDDTY010000728.1	1	34078	47	7557	22.1756	0.319561	31.2	5.13
CBDDTY010000729.1	1	34053	15	2195	6.44583	0.0830764	28.9	8.93
CBDDTY010000730.1	1	34026	114	14020	41.2038	0.840299	30.7	13.9
CBDDTY010000731.1	1	34006	23	2734	8.03976	0.118214	30.5	5.3
CBDDTY010000732.1	1	34000	52	7069	20.7912	0.330529	30.7	4.17
CBDDTY010000733.1	1	34000	68	9466	27.8412	0.411029	30.9	14.4
CBDDTY010000734.1	1	34000	75	11045	32.4853	0.534059	29.9	12.9
CBDDTY010000735.1	1	34000	154	8404	24.7176	1.04159	31.5	21
CBDDTY010000736.1	1	34000	84	11735	34.5147	0.527265	30.1	19.4
CBDDTY010000737.1	1	34000	55	7541	22.1794	0.3565	30.3	9
CBDDTY010000738.1	1	34000	79	12037	35.4029	0.507559	30.6	31.6
CBDDTY010000739.1	1	34000	98	10130	29.7941	0.664676	29.5	7.03
CBDDTY010000740.1	1	34000	144	11597	34.1088	0.951353	31.6	15.3
CBDDTY010000741.1	1	34000	94	8598	25.2882	0.649941	30.1	5.31
CBDDTY010000742.1	1	33800	143	10890	32.2189	1.01124	30	34.5
CBDDTY010000743.1	1	34000	32	5013	14.7441	0.233971	32.4	11.9
CBDDTY010000744.1	1	34000	44	5569	16.3794	0.284029	29.8	9.66
CBDDTY010000745.1	1	34000	44	4394	12.9235	0.299	30.9	14.9
CBDDTY010000746.1	1	34000	56	8605	25.3088	0.389353	32.1	23.3
CBDDTY010000747.1	1	34000	204	13116	38.5765	1.457	30.7	9.65
CBDDTY010000748.1	1	34000	39	6921	20.3559	0.246	31	5.97
CBDDTY010000749.1	1	34000	40	5413	15.9206	0.252382	31.8	14.2
CBDDTY010000750.1	1	33800	62	8891	26.3047	0.445592	29.9	13.4
CBDDTY010000751.1	1	34000	72	12507	36.7853	0.506324	30.6	20.7
CBDDTY010000752.1	1	34000	91	13881	40.8265	0.639529	31.4	27.5
CBDDTY010000753.1	1	34000	68	11245	33.0735	0.476853	30.2	32.6
CBDDTY010000754.1	1	33612	80	11148	33.1667	0.518803	29.5	17.6
CBDDTY010000755.1	1	33992	48	7325	21.5492	0.29657	31.5	24.6
CBDDTY010000756.1	1	33985	95	13158	38.7171	0.645667	30.7	40.8
CBDDTY010000757.1	1	33983	73	10917	32.1249	0.452785	32.1	36.4
CBDDTY010000758.1	1	33983	78	8785	25.8512	0.465085	30.9	9.83
CBDDTY010000759.1	1	33929	46	8105	23.8881	0.320345	30.3	1.09
CBDDTY010000760.1	1	33925	73	8109	23.9027	0.410287	31.2	6.56
CBDDTY010000761.1	1	33923	80	14904	43.9348	0.580462	31.3	48.6
CBDDTY010000762.1	1	33914	86	14089	41.5433	0.554019	29.5	30.8
CBDDTY010000763.1	1	33898	89	13180	38.8813	0.599121	31.2	26.6
CBDDTY010000764.1	1	33890	18	2779	8.20006	0.119445	29.7	25.6
CBDDTY010000765.1	1	33888	82	13476	39.7663	0.584337	30.3	30.3
CBDDTY010000766.1	1	33673	101	12996	38.5947	0.652719	30.5	10
CBDDTY010000767.1	1	33858	68	11202	33.0852	0.466271	31.6	41.3
CBDDTY010000768.1	1	33839	58	7472	22.081	0.334643	31.5	31.7
CBDDTY010000769.1	1	33835	125	11780	34.816	0.757293	32.1	19.7
CBDDTY010000770.1	1	33831	75	11226	33.1826	0.468151	31	32.7
CBDDTY010000771.1	1	33828	66	10454	30.9034	0.410488	31.1	38.8
CBDDTY010000772.1	1	33826	61	10864	32.1173	0.387276	31.4	32.3
CBDDTY010000773.1	1	33818	67	9372	27.7131	0.417529	30.4	19.4
CBDDTY010000774.1	1	33817	95	13119	38.7941	0.646391	30.8	21.5
CBDDTY010000775.1	1	33801	83	12356	36.5551	0.517204	30.9	28.8
CBDDTY010000776.1	1	33789	69	6770	20.0361	0.477759	31.3	18.4
CBDDTY010000777.1	1	33769	92	15478	45.8349	0.66641	31	48.4
CBDDTY010000778.1	1	33768	100	5357	15.8641	0.595386	32.5	10.3
CBDDTY010000779.1	1	33766	73	11466	33.9572	0.461085	29.6	23.5
CBDDTY010000780.1	1	33762	45	5790	17.1495	0.306439	29.5	18.1
CBDDTY010000781.1	1	33751	64	9643	28.571	0.39661	30.3	30.4
CBDDTY010000782.1	1	33746	22	3909	11.5836	0.138624	30.9	9.82
CBDDTY010000783.1	1	33732	97	14037	41.6133	0.6187	32.1	34.3
CBDDTY010000784.1	1	33722	181	17572	52.1084	1.19901	29.7	7.46
CBDDTY010000785.1	1	33708	77	11006	32.651	0.496588	30.8	32.3
CBDDTY010000786.1	1	33702	62	8594	25.5	0.401371	30.7	14.2
CBDDTY010000787.1	1	33661	60	10054	29.8684	0.420932	31.3	11.9
CBDDTY010000788.1	1	33654	37	5668	16.842	0.224461	30.1	18.2
CBDDTY010000789.1	1	33644	87	12178	36.1966	0.581708	30.5	35.7
CBDDTY010000790.1	1	33638	55	9150	27.2014	0.382781	30.1	10.8
CBDDTY010000791.1	1	33637	107	12775	37.979	0.736659	30.1	24.4
CBDDTY010000792.1	1	33637	62	9452	28.1	0.416625	30.5	19.6
CBDDTY010000793.1	1	33634	61	8388	24.939	0.366088	29.5	18.3
CBDDTY010000794.1	1	33629	87	11836	35.1958	0.578519	30.9	19.1
CBDDTY010000795.1	1	33617	103	14481	43.0764	0.715174	31	32.8
CBDDTY010000796.1	1	33612	65	12138	36.1121	0.437641	30.3	36.2
CBDDTY010000797.1	1	33606	297	17026	50.6636	2.16807	30.7	17.9
CBDDTY010000798.1	1	33591	25	3250	9.67521	0.134322	32.2	5.36
CBDDTY010000799.1	1	33579	49	7683	22.8804	0.371959	32.2	30.8
CBDDTY010000800.1	1	33572	82	14469	43.0984	0.612207	30.6	48.1
CBDDTY010000801.1	1	33566	34	4610	13.7341	0.18766	30.7	18.4
CBDDTY010000802.1	1	33558	19	2182	6.50218	0.108231	28.2	18.8
CBDDTY010000803.1	1	33558	103	9037	26.9295	0.737052	30.3	38.4
CBDDTY010000804.1	1	33534	50	7999	23.8534	0.34887	28.7	27.2
CBDDTY010000805.1	1	33515	84	10581	31.5709	0.544115	30.8	19.7
CBDDTY010000806.1	1	33512	81	14392	42.9458	0.566931	30.9	23.2
CBDDTY010000807.1	1	33506	100	15241	45.4874	0.697577	31.6	37.5
CBDDTY010000808.1	1	33489	90	7155	21.3652	0.624623	29.9	7.01
CBDDTY010000809.1	1	33465	77	9936	29.6907	0.490064	31.2	19.6
CBDDTY010000810.1	1	33458	44	6377	19.0597	0.268964	31.8	1.3
CBDDTY010000811.1	1	33457	43	6081	18.1756	0.309562	31.7	12.5
CBDDTY010000812.1	1	33457	47	7529	22.5035	0.349224	31.4	19.7
CBDDTY010000813.1	1	33431	30	4863	14.5464	0.206216	31	15.5
CBDDTY010000814.1	1	33402	89	13260	39.6982	0.616999	31	31
CBDDTY010000815.1	1	33384	224	18932	56.7098	1.55775	30.4	23.4
CBDDTY010000816.1	1	33379	40	5477	16.4085	0.234129	29.6	4.03
CBDDTY010000817.1	1	33356	58	6960	20.8658	0.345605	31.5	9.12
CBDDTY010000818.1	1	33356	75	12883	38.6227	0.552974	31.2	44.9
CBDDTY010000819.1	1	33350	95	12915	38.7256	0.66075	30.4	18.5
CBDDTY010000820.1	1	33349	136	13117	39.3325	0.945636	30	18.7
CBDDTY010000821.1	1	33284	62	10564	31.739	0.448384	30.4	41.7
CBDDTY010000822.1	1	33274	183	17672	53.1105	1.32298	30.8	32.6
CBDDTY010000823.1	1	33274	136	7906	23.7603	0.944912	31.4	27.8
CBDDTY010000824.1	1	33255	81	12212	36.7223	0.564096	30.6	29.7
CBDDTY010000825.1	1	33215	66	9942	29.9323	0.499624	29.5	27
CBDDTY010000826.1	1	33147	93	13650	41.1802	0.6619	32	22.5
CBDDTY010000827.1	1	33145	91	15508	46.7884	0.658923	30.5	36.7
CBDDTY010000828.1	1	33130	51	8419	25.412	0.370299	31.2	37.5
CBDDTY010000829.1	1	33113	111	8994	27.1615	0.750763	30	10.8
CBDDTY010000830.1	1	33105	27	3570	10.7839	0.150491	30.3	5.56
CBDDTY010000831.1	1	33092	63	7447	22.5039	0.388583	31.2	18.5
CBDDTY010000832.1	1	33090	59	11080	33.4844	0.414808	31.1	41.3
CBDDTY010000833.1	1	33069	91	15155	45.8284	0.639783	30.3	26.1
CBDDTY010000834.1	1	33053	66	7297	22.0767	0.413427	30.7	17.6
CBDDTY010000835.1	1	33051	33	4201	12.7107	0.197089	32.5	10.4
CBDDTY010000836.1	1	33016	73	11165	33.8169	0.501424	30.5	30.6
CBDDTY010000837.1	1	33006	54	8744	26.4922	0.356481	30.9	28.4
CBDDTY010000838.1	1	33000	100	13277	40.2333	0.663727	30	24.2
CBDDTY010000839.1	1	33000	31	4629	14.0273	0.199879	31	15.9
CBDDTY010000840.1	1	33000	68	10490	31.7879	0.469576	31.7	26.6
CBDDTY010000841.1	1	33000	92	12975	39.3182	0.617848	29.8	5.11
CBDDTY010000842.1	1	33000	63	10660	32.303	0.449152	29.8	27.5
CBDDTY010000843.1	1	33000	151	16945	51.3485	0.970545	30.4	18.1
CBDDTY010000844.1	1	33000	97	11221	34.003	0.705697	30	36
CBDDTY010000845.1	1	32800	221	20068	61.1829	1.70122	30.4	5.91
CBDDTY010000846.1	1	33000	90	10057	30.4758	0.623121	29.5	29.1
CBDDTY010000847.1	1	33000	92	12228	37.0545	0.652182	30.8	18.8
CBDDTY010000848.1	1	33000	23	3655	11.0758	0.173848	29.7	20.9
CBDDTY010000849.1	1	33000	56	8101	24.5485	0.378606	31.2	16.5
CBDDTY010000850.1	1	33000	39	4890	14.8182	0.274455	30.2	8.41
CBDDTY010000851.1	1	33000	95	15108	45.7818	0.735939	31.8	43.5
CBDDTY010000852.1	1	33000	67	8736	26.4727	0.449091	29.9	20.6
CBDDTY010000853.1	1	33000	17	2748	8.32727	0.10297	28	10.6
CBDDTY010000854.1	1	33000	134	11016	33.3818	0.913152	31.2	10.1
CBDDTY010000855.1	1	33000	41	5747	17.4152	0.315212	30.5	35.5
CBDDTY010000856.1	1	33000	109	11987	36.3242	0.709303	30.9	20.1
CBDDTY010000857.1	1	32600	100	13685	41.9785	0.743129	29.9	15.5
CBDDTY010000858.1	1	32995	88	13942	42.2549	0.623276	26.6	35.1
CBDDTY010000859.1	1	32982	52	8464	25.6625	0.371354	31.7	19.7
CBDDTY010000860.1	1	32981	42	7135	21.6337	0.304751	29.6	9.45
CBDDTY010000861.1	1	32973	11	1317	3.99418	0.0489491	32.5	30.1
CBDDTY010000862.1	1	32972	65	10735	32.5579	0.484502	31.2	38.4
CBDDTY010000863.1	1	32968	114	16474	49.9697	0.752336	30.8	32.5
CBDDTY010000864.1	1	32945	100	13722	41.6512	0.744149	30.6	34.9
CBDDTY010000865.1	1	32929	73	12477	37.8906	0.505269	30.8	48.9
CBDDTY010000866.1	1	32909	27	4388	13.3337	0.207937	30.9	5.81
CBDDTY010000867.1	1	32895	53	6372	19.3707	0.286457	31.1	25.7
CBDDTY010000868.1	1	32880	67	11361	34.5529	0.510036	30.9	31.3
CBDDTY010000869.1	1	32860	159	13915	42.3463	1.1706	31.4	38.1
CBDDTY010000870.1	1	32845	56	7583	23.0872	0.348029	29.4	22.2
CBDDTY010000871.1	1	32844	63	11519	35.0719	0.461089	30.7	35.5
CBDDTY010000872.1	1	32844	78	11397	34.7004	0.541499	30.4	19.8
CBDDTY010000873.1	1	32842	88	7829	23.8384	0.600968	29.2	8.58
CBDDTY010000874.1	1	32811	94	10125	30.8586	0.649813	30.4	20.4
CBDDTY010000875.1	1	32802	84	13479	41.092	0.623102	30.3	33.1
CBDDTY010000876.1	1	32800	9	1935	5.89939	0.078628	30.2	16.9
CBDDTY010000877.1	1	32799	88	15089	46.0045	0.685936	30.4	45.6
CBDDTY010000878.1	1	32787	70	7566	23.0762	0.471223	30.6	12.4
CBDDTY010000879.1	1	32758	58	10185	31.0916	0.45482	29.4	31.8
CBDDTY010000880.1	1	32752	75	11861	36.2146	0.558622	30.9	32.8
CBDDTY010000881.1	1	32736	5	1605	4.90286	0.0490286	28.4	1
CBDDTY010000882.1	1	32721	40	6280	19.1926	0.269063	30.6	2.27
CBDDTY010000883.1	1	32713	119	13279	40.5924	0.809648	31.1	32.1
CBDDTY010000884.1	1	32695	74	13731	41.9972	0.522373	30.9	43.5
CBDDTY010000885.1	1	32654	92	11273	34.5226	0.533503	30.6	23.7
CBDDTY010000886.1	1	32652	44	8766	26.8467	0.351219	30.6	21.1
CBDDTY010000887.1	1	32652	38	5153	15.7816	0.269417	30.9	16.8
CBDDTY010000888.1	1	32650	88	11860	36.3247	0.592282	31.2	32.7
CBDDTY010000889.1	1	32631	75	7180	22.0036	0.493518	30	27.1
CBDDTY010000890.1	1	32628	22	3508	10.7515	0.133536	32.6	15.6
CBDDTY010000891.1	1	32627	97	13030	39.9362	0.725074	31.2	19.8
CBDDTY010000892.1	1	32626	130	16028	49.1265	0.881046	30.5	31.7
CBDDTY010000893.1	1	32599	39	7244	22.2215	0.276389	31.8	12.4
CBDDTY010000894.1	1	32560	47	5988	18.3907	0.287009	30.1	11.1
CBDDTY010000895.1	1	32545	64	8972	27.568	0.388262	31.4	21.5
CBDDTY010000896.1	1	32521	51	8049	24.7502	0.318902	32.3	16
CBDDTY010000897.1	1	32477	57	7144	21.9971	0.375373	30.1	12.7
CBDDTY010000898.1	1	32385	87	13574	41.9145	0.650208	30.8	39.5
CBDDTY010000899.1	1	32338	56	7576	23.4275	0.329736	29.6	17.9
CBDDTY010000900.1	1	32332	142	16703	51.6609	0.986639	30.7	26.6
CBDDTY010000901.1	1	32328	71	11346	35.0965	0.503495	31.6	21.9
CBDDTY010000902.1	1	32322	77	7879	24.3766	0.441124	30.3	6.88
CBDDTY010000903.1	1	32321	64	10308	31.8926	0.465456	30.8	26.3
CBDDTY010000904.1	1	32315	81	11370	35.1849	0.590531	31	16.7
CBDDTY010000905.1	1	32285	67	8706	26.9661	0.446461	30	24.7
CBDDTY010000906.1	1	32274	84	14541	45.0548	0.589515	30.2	43.1
CBDDTY010000907.1	1	32264	72	10823	33.5451	0.497242	31	37.5
CBDDTY010000908.1	1	32248	38	6447	19.9919	0.263985	30.5	21.8
CBDDTY010000909.1	1	32245	151	16796	52.0887	1.08349	30.8	11.6
CBDDTY010000910.1	1	32244	71	9089	28.1882	0.508963	29.9	5.96
CBDDTY010000911.1	1	32240	53	7126	22.103	0.352667	30.6	9.15
CBDDTY010000912.1	1	32228	66	6311	19.5824	0.429813	30.6	10.7
CBDDTY010000913.1	1	32224	85	13085	40.6064	0.629872	31	41.2
CBDDTY010000914.1	1	32221	12	1994	6.18851	0.0811893	30.1	18.9
CBDDTY010000915.1	1	32207	103	12724	39.5069	0.721706	31.7	22.6
CBDDTY010000916.1	1	32207	36	4344	13.4878	0.185332	31.2	16.4
CBDDTY010000917.1	1	32206	36	6235	19.3597	0.237844	28.7	23.5
CBDDTY010000918.1	1	32199	26	4275	13.2768	0.149818	30.2	12.5
CBDDTY010000919.1	1	32185	93	12432	38.6267	0.654808	29.4	16.3
CBDDTY010000920.1	1	32174	62	7302	22.6953	0.411979	30.1	7.61
CBDDTY010000921.1	1	32164	87	14254	44.3166	0.585468	30.8	40.9
CBDDTY010000922.1	1	32159	107	13208	41.0709	0.709941	30.6	17.7
CBDDTY010000923.1	1	32157	75	12585	39.1361	0.581926	30.7	45.4
CBDDTY010000924.1	1	32156	121	13975	43.46	0.92894	29.6	26.9
CBDDTY010000925.1	1	32151	1694	4521	14.0618	11.8381	32.8	13.9
CBDDTY010000926.1	1	32149	53	7592	23.615	0.325951	29.6	2.96
CBDDTY010000927.1	1	32123	88	13191	41.064	0.591352	30.1	38.3
CBDDTY010000928.1	1	32074	67	9170	28.5901	0.460747	31	16.3
CBDDTY010000929.1	1	32048	29	2828	8.82426	0.179668	30.6	28.9
CBDDTY010000930.1	1	32000	150	18811	58.7844	1.04822	30.1	28.6
CBDDTY010000931.1	1	31800	37	5772	18.1509	0.22456	31.6	18.7
CBDDTY010000933.1	1	32000	302	20655	64.5469	2.09478	30.5	13.2
CBDDTY010000934.1	1	32000	18	3245	10.1406	0.121438	31.5	8.33
CBDDTY010000935.1	1	32000	75	12682	39.6313	0.530844	30.6	37.8
CBDDTY010000936.1	1	32000	8	1737	5.42812	0.0542813	31.6	0.25
CBDDTY010000937.1	1	32000	41	6072	18.975	0.316781	29.3	15.4
CBDDTY010000938.1	1	32000	50	5446	17.0188	0.326531	30.9	2.32
CBDDTY010000939.1	1	32000	51	6962	21.7563	0.37	30.3	2.35
CBDDTY010000940.1	1	32000	63	7782	24.3188	0.420563	31.4	16.9
CBDDTY010000941.1	1	32000	41	6434	20.1062	0.258469	30.7	6.46
CBDDTY010000942.1	1	32000	30	2794	8.73125	0.20675	29.1	12.6
CBDDTY010000943.1	1	32000	88	12438	38.8687	0.621687	29	30.2
CBDDTY010000944.1	1	32000	55	6191	19.3469	0.408844	30.6	16.6
CBDDTY010000945.1	1	32000	114	14183	44.3219	0.778219	29.8	18.5
CBDDTY010000946.1	1	32000	28	2683	8.38438	0.156281	29.5	4.21
CBDDTY010000947.1	1	32000	76	14523	45.3844	0.643031	29.6	40.8
CBDDTY010000948.1	1	32000	68	9660	30.1875	0.481469	28.4	14.9
CBDDTY010000949.1	1	32000	30	4597	14.3656	0.189781	29.3	9.07
CBDDTY010000950.1	1	32000	138	15566	48.6437	0.956281	31	32
CBDDTY010000951.1	1	32000	129	13440	42	0.795156	30.8	14.4
CBDDTY010000952.1	1	32000	4	564	1.7625	0.017625	31.5	4
CBDDTY010000953.1	1	31999	83	13365	41.7669	0.601488	30.1	31.7
CBDDTY010000954.1	1	31996	56	7726	24.1468	0.37039	30.7	9.3
CBDDTY010000955.1	1	31979	24	4475	13.9936	0.156822	31.4	18.9
CBDDTY010000956.1	1	31977	77	8808	27.5448	0.532852	31.3	14.1
CBDDTY010000957.1	1	31943	1	161	0.504023	0.00504023	34.5	0
CBDDTY010000958.1	1	31917	79	9520	29.8274	0.581571	30.2	29.8
CBDDTY010000959.1	1	31914	81	12228	38.3155	0.589177	31	33.5
CBDDTY010000960.1	1	31910	70	10751	33.6916	0.487778	29.3	20.9
CBDDTY010000961.1	1	31898	90	11781	36.9334	0.670105	31.1	14
CBDDTY010000962.1	1	31883	90	13602	42.6622	0.619045	29.8	27.5
CBDDTY010000963.1	1	31877	57	8637	27.0948	0.412115	30.1	27.1
CBDDTY010000964.1	1	31877	29	4730	14.8383	0.199705	31.4	19.8
CBDDTY010000965.1	1	31863	148	17386	54.5649	0.971472	30.5	21.8
CBDDTY010000966.1	1	31845	32	3779	11.8669	0.229644	32.6	7.66
CBDDTY010000967.1	1	31840	84	14557	45.7192	0.671891	30.5	45.8
CBDDTY010000968.1	1	31838	14	2935	9.21854	0.0995666	27.8	0.143
CBDDTY010000969.1	1	31822	98	14997	47.1278	0.699516	30.9	41.1
CBDDTY010000970.1	1	31815	53	8572	26.9433	0.389408	31.1	24.1
CBDDTY010000971.1	1	31800	169	18930	59.5283	1.29409	30.5	20.2
CBDDTY010000972.1	1	31799	67	10918	34.3344	0.510519	31.4	17.6
CBDDTY010000973.1	1	31794	73	11912	37.4662	0.56627	30.8	30.8
CBDDTY010000974.1	1	31778	68	11146	35.0746	0.50129	30.6	29.1
CBDDTY010000975.1	1	31769	96	9578	30.1489	0.711448	31.2	10.3
CBDDTY010000976.1	1	31747	62	10450	32.9165	0.441333	29.8	23.4
CBDDTY010000977.1	1	31746	170	13959	43.9709	1.27928	30.7	14.3
CBDDTY010000978.1	1	31735	79	10537	33.2031	0.585284	30	27.8
CBDDTY010000979.1	1	31693	46	8099	25.5545	0.331587	32.4	11.6
CBDDTY010000980.1	1	31667	123	13370	42.2206	0.815518	29.9	6.89
CBDDTY010000981.1	1	31665	75	11726	37.0314	0.525817	31.2	31
CBDDTY010000982.1	1	31646	26	3931	12.4218	0.173734	31.4	32.1
CBDDTY010000983.1	1	31631	72	9910	31.33	0.455534	30.6	18.9
CBDDTY010000984.1	1	31630	78	12397	39.1938	0.571356	31.3	41.9
CBDDTY010000985.1	1	31626	70	9541	30.1682	0.429994	30.8	18.2
CBDDTY010000986.1	1	31622	36	4529	14.3223	0.223357	31.1	10.4
CBDDTY010000987.1	1	31606	3	641	2.0281	0.020281	34.3	0.333
CBDDTY010000988.1	1	31590	127	13819	43.7449	0.91817	30.8	26.3
CBDDTY010000989.1	1	31588	235	22985	72.765	1.77241	30.3	31.3
CBDDTY010000990.1	1	31579	95	16082	50.9262	0.699167	30.6	45.1
CBDDTY010000991.1	1	31573	90	12708	40.2496	0.640389	31.4	24.6
CBDDTY010000992.1	1	31554	76	13405	42.4827	0.568296	31	48.3
CBDDTY010000993.1	1	31531	58	9137	28.9778	0.388348	30.6	33.3
CBDDTY010000994.1	1	31506	110	11493	36.4788	0.849584	31.2	3.84
CBDDTY010000995.1	1	31504	98	12083	38.3539	0.623699	31	21.6
CBDDTY010000996.1	1	31489	40	4689	14.8909	0.278129	31.4	9.43
CBDDTY010000997.1	1	31488	38	4773	15.1582	0.290523	31.2	23.9
CBDDTY010000998.1	1	31472	22	3168	10.0661	0.147877	31.3	1.77
CBDDTY010000999.1	1	31468	14	1697	5.39278	0.0596479	28.9	1.5
CBDDTY010001000.1	1	31466	92	14949	47.5084	0.712293	32	49.2
CBDDTY010001001.1	1	31458	55	10063	31.9887	0.448916	30.1	22.6
CBDDTY010001002.1	1	31438	13	1884	5.99275	0.0705834	31.5	4
CBDDTY010001003.1	1	31438	80	13861	44.09	0.589032	30.7	34.9
CBDDTY010001004.1	1	31429	34	6341	20.1756	0.256101	31.3	25.6
CBDDTY010001005.1	1	31426	23	3775	12.0123	0.156463	30.5	17.2
CBDDTY010001006.1	1	31423	17	1632	5.19365	0.112847	32.2	2.53
CBDDTY010001007.1	1	31421	64	10206	32.4815	0.460997	29.4	34.8
CBDDTY010001008.1	1	31411	52	8923	28.4072	0.391646	30.7	23.6
CBDDTY010001009.1	1	31401	73	7418	23.6235	0.514665	32	12.8
CBDDTY010001010.1	1	31393	75	8520	27.1398	0.487943	29.5	1.68
CBDDTY010001011.1	1	31393	175	14988	47.7431	1.33969	29.6	27.4
CBDDTY010001012.1	1	31353	64	9075	28.9446	0.485982	31.9	31.1
CBDDTY010001013.1	1	31349	75	10784	34.3998	0.563016	30.7	30
CBDDTY010001014.1	1	31330	77	12105	38.6371	0.557708	30.6	28.5
CBDDTY010001015.1	1	31314	46	7918	25.2858	0.333525	29.9	28.5
CBDDTY010001016.1	1	31312	87	10989	35.0952	0.671723	30.4	25
CBDDTY010001017.1	1	31302	76	10825	34.5825	0.598684	31.9	36.9
CBDDTY010001018.1	1	31290	97	11124	35.5513	0.623426	29.8	11.5
CBDDTY010001019.1	1	31275	55	9478	30.3054	0.413205	30.5	40.6
CBDDTY010001020.1	1	31270	34	5565	17.7966	0.226191	29.9	1.88
CBDDTY010001021.1	1	31266	93	14222	45.4871	0.68365	30.3	40.1
CBDDTY010001022.1	1	31232	123	11458	36.6867	0.907915	30.5	46.8
CBDDTY010001023.1	1	31224	71	7527	24.1065	0.535966	30.6	16.5
CBDDTY010001024.1	1	31216	80	8292	26.5633	0.607829	29.6	6.01
CBDDTY010001025.1	1	31211	46	6398	20.4992	0.34113	30.6	18.3
CBDDTY010001026.1	1	31195	46	6116	19.6057	0.313864	31.9	18.4
CBDDTY010001027.1	1	31190	20	3189	10.2244	0.129016	29.8	2.65
CBDDTY010001028.1	1	31144	105	12061	38.7266	0.783843	31	12.1
CBDDTY010001029.1	1	31142	27	3800	12.2022	0.174491	30.8	10.2
CBDDTY010001030.1	1	31136	61	9605	30.8485	0.446461	31	42.2
CBDDTY010001031.1	1	31121	52	8162	26.2267	0.351467	31.7	39.8
CBDDTY010001032.1	1	31112	46	6378	20.5001	0.298695	30.1	17.2
CBDDTY010001033.1	1	31102	89	11430	36.75	0.671918	30.9	19.8
CBDDTY010001034.1	1	31078	45	6099	19.6248	0.330942	30.4	10.9
CBDDTY010001035.1	1	31072	119	13434	43.2351	0.884204	30.4	22.8
CBDDTY010001036.1	1	31066	80	12240	39.4	0.60291	30.2	36
CBDDTY010001037.1	1	31052	37	4635	14.9266	0.225879	30.7	4.86
CBDDTY010001038.1	1	31045	39	5338	17.1944	0.276598	31.6	26.3
CBDDTY010001039.1	1	31039	7	1177	3.792	0.0414317	29.7	16.4
CBDDTY010001040.1	1	31027	57	8195	26.4125	0.445032	29.9	7.05
CBDDTY010001041.1	1	31024	70	9517	30.6763	0.537906	29.8	24.9
CBDDTY010001042.1	1	31007	87	11436	36.882	0.680588	31.3	32.8
CBDDTY010001043.1	1	31005	107	11418	36.8263	0.756781	30.9	20.7
CBDDTY010001044.1	1	30800	208	14848	48.2078	1.54938	30.3	14.9
CBDDTY010001045.1	1	30800	186	16979	55.1266	1.35094	30.6	20.6
CBDDTY010001046.1	1	31000	50	7725	24.9194	0.354355	30.1	15.9
CBDDTY010001047.1	1	31000	58	8060	26	0.461484	30.4	8.53
CBDDTY010001048.1	1	31000	38	6571	21.1968	0.302548	31.9	23.6
CBDDTY010001049.1	1	31000	152	12982	41.8774	1.20077	29.8	16.7
CBDDTY010001050.1	1	31000	77	11032	35.5871	0.591935	29.9	21.8
CBDDTY010001051.1	1	30800	67	11949	38.7955	0.514773	30.5	46
CBDDTY010001052.1	1	31000	28	5425	17.5	0.207452	31.4	13.7
CBDDTY010001053.1	1	30800	85	10534	34.2013	0.616494	30.9	23.8
CBDDTY010001054.1	1	31000	59	9473	30.5581	0.422323	30.6	25.1
CBDDTY010001055.1	1	31000	48	7150	23.0645	0.368226	31.8	19
CBDDTY010001056.1	1	31000	58	7089	22.8677	0.40471	30.3	3.72
CBDDTY010001057.1	1	31000	64	5070	16.3548	0.437065	30.8	14.8
CBDDTY010001058.1	1	30400	186	8675	28.5362	1.49579	30.4	30
CBDDTY010001059.1	1	31000	71	10428	33.6387	0.492419	29.6	21
CBDDTY010001060.1	1	31000	81	10929	35.2548	0.59529	31	25.7
CBDDTY010001061.1	1	30600	51	6383	20.8595	0.366144	30.9	16.4
CBDDTY010001062.1	1	31000	69	10662	34.3935	0.493581	30.7	25.9
CBDDTY010001063.1	1	30727	80	9148	29.7719	0.566277	29.3	7.35
CBDDTY010001064.1	1	30954	53	5425	17.526	0.426375	30.7	3.85
CBDDTY010001065.1	1	30937	71	12998	42.0144	0.559007	30.9	44.5
CBDDTY010001066.1	1	30921	125	13283	42.9579	0.929983	30.3	32.6
CBDDTY010001067.1	1	30906	75	12381	40.0602	0.588656	29.2	40.6
CBDDTY010001068.1	1	30905	100	12030	38.9257	0.708203	30.4	23.6
CBDDTY010001069.1	1	30888	54	9246	29.934	0.4144	32.2	27.4
CBDDTY010001070.1	1	30873	187	17161	55.5858	1.30117	31	7.19
CBDDTY010001071.1	1	30868	74	9529	30.8702	0.557276	31.1	8.84
CBDDTY010001072.1	1	30865	93	9033	29.2662	0.727264	31.2	17.5
CBDDTY010001073.1	1	30863	45	7848	25.4285	0.323203	29.3	13.7
CBDDTY010001074.1	1	30860	33	4018	13.0201	0.231821	30.6	2.55
CBDDTY010001075.1	1	30852	141	16002	51.867	1.08051	29.7	25.6
CBDDTY010001076.1	1	30848	70	9008	29.2012	0.515204	30.8	32.1
CBDDTY010001077.1	1	30839	111	12225	39.6414	0.801939	30.1	37.9
CBDDTY010001078.1	1	30834	101	13980	45.3396	0.702601	30.2	31.2
CBDDTY010001079.1	1	30819	97	12628	40.9747	0.733119	30.4	36.3
CBDDTY010001080.1	1	30815	69	10688	34.6844	0.47756	30.2	40.9
CBDDTY010001081.1	1	30792	47	7247	23.5353	0.375585	31.3	37.6
CBDDTY010001082.1	1	30792	60	6705	21.7751	0.451936	29.9	20.3
CBDDTY010001083.1	1	30759	182	9358	30.4236	1.37254	29.9	15.9
CBDDTY010001084.1	1	30754	43	4187	13.6145	0.357937	30.8	4.07
CBDDTY010001085.1	1	30751	39	6759	21.9798	0.287503	30.1	15.4
CBDDTY010001086.1	1	30705	10	1047	3.40987	0.0642892	29.2	1.9
CBDDTY010001087.1	1	30698	46	9245	30.116	0.357939	31.4	46.5
CBDDTY010001088.1	1	30694	90	7581	24.6986	0.613605	30.6	6.13
CBDDTY010001089.1	1	30667	72	10031	32.7094	0.496853	30.5	29.3
CBDDTY010001090.1	1	30665	68	10246	33.4127	0.46359	30.9	24.9
CBDDTY010001091.1	1	30654	43	8613	28.0975	0.332779	31.2	45.2
CBDDTY010001092.1	1	30651	63	10296	33.5911	0.46514	29.9	36.4
CBDDTY010001093.1	1	30631	133	14799	48.3138	1.01453	30	21.3
CBDDTY010001094.1	1	30630	78	10618	34.6654	0.564871	30.4	40
CBDDTY010001095.1	1	30608	57	9033	29.5119	0.445472	31	17.6
CBDDTY010001096.1	1	30608	42	6109	19.9588	0.301522	30.4	9.26
CBDDTY010001097.1	1	30400	68	9961	32.7664	0.425691	30.9	17
CBDDTY010001098.1	1	30599	66	11987	39.1745	0.545377	29.7	36.2
CBDDTY010001099.1	1	30591	78	11794	38.5538	0.630055	30.7	42.2
CBDDTY010001100.1	1	30568	86	16370	53.5527	0.695302	31.2	48.2
CBDDTY010001101.1	1	30565	49	8957	29.3048	0.405235	31	35.9
CBDDTY010001102.1	1	30549	28	4503	14.7403	0.190808	31.4	11
CBDDTY010001103.1	1	30539	33	3720	12.1811	0.201022	30.1	7.42
CBDDTY010001104.1	1	30535	82	11513	37.7043	0.644932	31.8	22
CBDDTY010001105.1	1	30531	57	9237	30.2545	0.415709	30.6	28.2
CBDDTY010001106.1	1	30523	76	12418	40.6841	0.557023	31.4	42.3
CBDDTY010001107.1	1	30519	60	7646	25.0532	0.429765	30.6	14.4
CBDDTY010001108.1	1	30513	12	2505	8.20962	0.10294	31.6	2.33
CBDDTY010001109.1	1	30489	72	10187	33.4121	0.496507	30.3	37.4
CBDDTY010001110.1	1	30474	77	12351	40.5296	0.601398	31.3	37.8
CBDDTY010001111.1	1	30470	85	13218	43.3804	0.667739	31.3	44.8
CBDDTY010001112.1	1	30466	48	7503	24.6275	0.416366	28.8	12.7
CBDDTY010001113.1	1	30460	70	12356	40.5647	0.552167	31	41.1
CBDDTY010001114.1	1	30440	26	3182	10.4534	0.165572	31.2	11.6
CBDDTY010001115.1	1	30432	55	9763	32.0814	0.456657	29.6	34.6
CBDDTY010001116.1	1	30415	89	12331	40.5425	0.65905	31.3	13.1
CBDDTY010001117.1	1	30410	43	3514	11.5554	0.261493	30.3	3.42
CBDDTY010001118.1	1	30405	26	2127	6.99556	0.193093	31.7	21.8
CBDDTY010001119.1	1	30396	101	12652	41.6239	0.703448	30.2	21.9
CBDDTY010001120.1	1	30386	56	8663	28.5098	0.388073	30.1	8.61
CBDDTY010001121.1	1	30370	140	17627	58.0408	1.10402	31.1	44.3
CBDDTY010001122.1	1	30365	138	14119	46.4976	1.01782	30.7	15.4
CBDDTY010001123.1	1	30347	140	15608	51.4318	1.02689	30.6	33.2
CBDDTY010001124.1	1	30341	137	9165	30.2067	1.0146	31.7	34
CBDDTY010001125.1	1	30326	310	18901	62.3261	2.35092	31.2	9.88
CBDDTY010001126.1	1	30320	67	8563	28.2421	0.485686	30.6	17.7
CBDDTY010001127.1	1	30312	115	13414	44.2531	0.922539	30.4	25.7
CBDDTY010001128.1	1	30295	67	11044	36.4549	0.558376	31.3	25.5
CBDDTY010001129.1	1	30290	46	5805	19.1647	0.317828	30.8	4.48
CBDDTY010001130.1	1	30268	68	8995	29.7179	0.474594	30.6	6.81
CBDDTY010001131.1	1	30261	76	9836	32.5039	0.551105	29.1	13.2
CBDDTY010001132.1	1	30260	74	8459	27.9544	0.52614	30.5	7.01
CBDDTY010001133.1	1	30259	101	14019	46.33	0.787501	30.5	34.7
CBDDTY010001134.1	1	30212	316	19887	65.8248	2.38607	31.4	28.2
CBDDTY010001135.1	1	30206	147	13382	44.3025	1.0727	30.8	14
CBDDTY010001136.1	1	30205	94	14341	47.4789	0.700248	30.9	28.7
CBDDTY010001137.1	1	30200	22	2837	9.39404	0.158013	28.6	5.27
CBDDTY010001138.1	1	30189	73	11206	37.1195	0.567657	30.5	32.3
CBDDTY010001139.1	1	30186	70	10811	35.8146	0.515868	31.7	40.3
CBDDTY010001140.1	1	30174	84	9995	33.1245	0.586929	29.9	28.9
CBDDTY010001141.1	1	30172	87	9307	30.8465	0.602645	30.6	27.1
CBDDTY010001142.1	1	30165	39	6440	21.3492	0.298856	32.2	6.95
CBDDTY010001143.1	1	30145	35	4943	16.3974	0.222491	29.7	11.8
CBDDTY010001144.1	1	30139	70	11248	37.3204	0.510933	31.5	34.1
CBDDTY010001145.1	1	30127	114	10962	36.386	0.891625	29.1	8.89
CBDDTY010001146.1	1	30106	161	15570	51.7173	1.21743	30.4	9.87
CBDDTY010001147.1	1	30089	24	4772	15.8596	0.185815	32.1	30.3
CBDDTY010001148.1	1	30076	86	11975	39.8158	0.655207	31.2	26.8
CBDDTY010001149.1	1	30071	57	4817	16.0188	0.383858	31.7	3.37
CBDDTY010001150.1	1	30043	56	9286	30.909	0.420065	30.6	16.9
CBDDTY010001151.1	1	30030	48	5356	17.8355	0.343124	30.7	19.6
CBDDTY010001152.1	1	30013	89	13491	44.9505	0.660214	31.4	38.4
CBDDTY010001153.1	1	30000	34	3261	10.87	0.240067	31.2	4.35
CBDDTY010001154.1	1	30000	63	5244	17.48	0.407767	31.4	15.7
CBDDTY010001155.1	1	30000	35	5467	18.2233	0.267767	30.9	12.4
CBDDTY010001156.1	1	30000	28	5048	16.8267	0.234133	30.7	28.6
CBDDTY010001157.1	1	29800	40	6034	20.2483	0.303893	29.8	3.2
CBDDTY010001158.1	1	30000	81	8943	29.81	0.595667	30.1	16.1
CBDDTY010001159.1	1	30000	73	8131	27.1033	0.471967	31.1	23.5
CBDDTY010001160.1	1	30000	60	3618	12.06	0.475267	29.4	11.3
CBDDTY010001161.1	1	29800	51	5361	17.9899	0.539631	31	5.35
CBDDTY010001162.1	1	30000	67	6599	21.9967	0.535667	30.7	6.87
CBDDTY010001163.1	1	30000	50	5837	19.4567	0.316867	31	8.34
CBDDTY010001164.1	1	30000	65	8273	27.5767	0.502733	30.1	14.6
CBDDTY010001165.1	1	30000	63	4980	16.6	0.4898	30.1	7.76
CBDDTY010001166.1	1	29800	122	5643	18.9362	1.08768	31.2	5.12
CBDDTY010001167.1	1	30000	116	10824	36.08	0.860633	30.6	10.1
CBDDTY010001168.1	1	30000	52	7233	24.11	0.3874	30.5	12.3
CBDDTY010001169.1	1	29800	67	10440	35.0336	0.525537	31.6	25.9
CBDDTY010001170.1	1	29800	69	5840	19.5973	0.520369	30	6.61
CBDDTY010001171.1	1	30000	85	13516	45.0533	0.643033	30.7	34
CBDDTY010001172.1	1	30000	75	10675	35.5833	0.560033	29.5	15.8
CBDDTY010001173.1	1	30000	116	12295	40.9833	0.913767	30.9	26.2
CBDDTY010001174.1	1	29996	68	9464	31.5509	0.481031	29.3	7.34
CBDDTY010001175.1	1	29990	36	5556	18.5262	0.258986	30.3	24.6
CBDDTY010001176.1	1	29990	62	5452	18.1794	0.484128	31	15.3
CBDDTY010001177.1	1	29989	85	12618	42.0754	0.593684	30.1	38
CBDDTY010001178.1	1	29984	40	5105	17.0257	0.261906	29.7	11.6
CBDDTY010001179.1	1	29983	36	7046	23.5	0.305607	31.1	22.5
CBDDTY010001180.1	1	29981	85	12281	40.9626	0.635402	30.5	34
CBDDTY010001181.1	1	29979	90	12094	40.3416	0.678942	30.2	30.4
CBDDTY010001182.1	1	29971	76	9640	32.1644	0.529378	30.2	18.5
CBDDTY010001183.1	1	29963	42	7308	24.3901	0.335314	29.4	20.3
CBDDTY010001184.1	1	29951	84	13493	45.0502	0.657574	30.6	46.3
CBDDTY010001185.1	1	29923	35	4775	15.9576	0.264646	31.4	10.3
CBDDTY010001186.1	1	29895	89	13549	45.322	0.745375	30.2	40.2
CBDDTY010001187.1	1	29894	57	8749	29.2667	0.43778	30.2	22.8
CBDDTY010001188.1	1	29873	33	6302	21.096	0.274997	31	39.9
CBDDTY010001189.1	1	29872	31	5301	17.7457	0.259005	31.2	18.7
CBDDTY010001190.1	1	29872	25	2854	9.5541	0.174578	29.7	7.8
CBDDTY010001191.1	1	29854	39	6532	21.8798	0.304917	30.3	25.3
CBDDTY010001192.1	1	29843	82	11952	40.0496	0.560299	31.2	34.2
CBDDTY010001193.1	1	29840	70	11459	38.4015	0.552714	31.3	42
CBDDTY010001194.1	1	29838	54	6116	20.4974	0.384376	31.6	3.07
CBDDTY010001195.1	1	29803	69	9460	31.7418	0.49183	31.1	23.7
CBDDTY010001196.1	1	29797	91	11285	37.8729	0.646709	30.3	20.8
CBDDTY010001197.1	1	29795	76	10244	34.3816	0.531767	31.1	24.2
CBDDTY010001198.1	1	29792	74	11953	40.1215	0.577504	31	32.8
CBDDTY010001199.1	1	29787	49	7778	26.1121	0.356364	30.3	23.8
CBDDTY010001200.1	1	29770	73	10691	35.912	0.584649	30.8	34.4
CBDDTY010001201.1	1	29747	76	4560	15.3293	0.561267	31.7	8.53
CBDDTY010001202.1	1	29735	49	6244	20.9988	0.362267	29.5	10.1
CBDDTY010001203.1	1	29729	49	7198	24.212	0.445861	29.6	27.1
CBDDTY010001204.1	1	29728	43	6657	22.393	0.299415	29.9	12.9
CBDDTY010001205.1	1	29726	95	13586	45.7041	0.776021	31	26.1
CBDDTY010001206.1	1	29724	49	7953	26.7562	0.357792	30.8	28.6
CBDDTY010001207.1	1	29699	70	10939	36.8329	0.507593	31.9	34.5
CBDDTY010001208.1	1	29686	88	10627	35.798	0.597015	29.9	14.3
CBDDTY010001209.1	1	29684	31	4750	16.0019	0.21072	27.4	11.3
CBDDTY010001210.1	1	29665	22	3811	12.8468	0.215338	29.4	19
CBDDTY010001211.1	1	29664	81	11197	37.7461	0.629821	31.7	34.7
CBDDTY010001212.1	1	29660	79	12262	41.3419	0.614498	30.5	40
CBDDTY010001213.1	1	29651	90	13271	44.7573	0.658561	30.5	44.5
CBDDTY010001214.1	1	29634	86	13968	47.135	0.700614	31.1	38.8
CBDDTY010001215.1	1	29632	42	5932	20.0189	0.302376	29.8	14.9
CBDDTY010001216.1	1	29631	50	9011	30.4107	0.360771	30.9	39.8
CBDDTY010001217.1	1	29627	101	11394	38.4582	0.811962	30.7	27.8
CBDDTY010001218.1	1	29601	30	4505	15.2191	0.170805	29.3	9.8
CBDDTY010001219.1	1	29587	98	13482	45.5673	0.765133	31.5	36.4
CBDDTY010001220.1	1	29578	64	9967	33.6973	0.470181	30.9	14.8
CBDDTY010001221.1	1	29576	82	11259	38.068	0.597782	30.6	30.6
CBDDTY010001222.1	1	29518	92	12838	43.4921	0.729487	29.8	23.4
CBDDTY010001223.1	1	29488	68	10038	34.041	0.541644	30.7	17
CBDDTY010001224.1	1	29485	10	1656	5.61642	0.0750551	31.4	7.4
CBDDTY010001225.1	1	29467	71	9702	32.925	0.554044	30.8	23.1
CBDDTY010001226.1	1	29452	74	11349	38.5339	0.685726	30.7	14.9
CBDDTY010001227.1	1	29448	49	6320	21.4616	0.349667	30.9	10.9
CBDDTY010001228.1	1	29447	39	5939	20.1684	0.322919	29	19.4
CBDDTY010001229.1	1	29446	38	5169	17.5542	0.262175	30.5	28.8
CBDDTY010001230.1	1	29418	70	9531	32.3985	0.521144	30.1	9.86
CBDDTY010001231.1	1	29409	25	4762	16.1923	0.213302	31.7	24.1
CBDDTY010001232.1	1	29384	44	7215	24.5542	0.336578	31	18
CBDDTY010001233.1	1	29384	57	7374	25.0953	0.452253	31.5	35.5
CBDDTY010001234.1	1	29374	74	10716	36.4812	0.575543	30.8	28
CBDDTY010001235.1	1	29357	51	6254	21.3033	0.372722	30.2	22.8
CBDDTY010001236.1	1	29356	65	11556	39.365	0.544931	30.2	37.8
CBDDTY010001237.1	1	29350	66	10427	35.5264	0.527121	30.9	16.1
CBDDTY010001238.1	1	29339	49	6400	21.814	0.39514	30.4	10.9
CBDDTY010001239.1	1	29335	110	14493	49.4051	0.83235	30.8	31.6
CBDDTY010001240.1	1	29335	92	14602	49.7767	0.758377	30.6	49.6
CBDDTY010001241.1	1	29273	254	18140	61.9684	2.02535	30.6	19.3
CBDDTY010001242.1	1	29269	56	11372	38.8534	0.495371	29.7	35.9
CBDDTY010001243.1	1	29258	72	11096	37.9247	0.602058	31.6	12.7
CBDDTY010001244.1	1	29253	42	7097	24.2608	0.300072	30.3	8.48
CBDDTY010001245.1	1	29243	25	4815	16.4655	0.204049	29.9	30.7
CBDDTY010001246.1	1	29241	65	9910	33.8908	0.512021	30.8	38.5
CBDDTY010001247.1	1	29229	89	12250	41.9104	0.662459	29	24
CBDDTY010001248.1	1	29218	21	3339	11.4279	0.136731	30.7	20.6
CBDDTY010001249.1	1	29200	74	6716	23	0.570137	30.5	15.4
CBDDTY010001250.1	1	29183	69	11581	39.6841	0.556591	30.1	40.7
CBDDTY010001251.1	1	29182	90	6461	22.1404	0.696491	30.6	5.37
CBDDTY010001252.1	1	29177	101	13800	47.2975	0.798574	31.1	30.7
CBDDTY010001253.1	1	29173	68	10780	36.952	0.498132	31.3	30.6
CBDDTY010001254.1	1	29171	107	13815	47.3587	0.787666	30.7	28.1
CBDDTY010001255.1	1	29169	16	1393	4.77562	0.0952038	28.1	0.688
CBDDTY010001256.1	1	29144	88	11602	39.8092	0.690674	30.7	21.1
CBDDTY010001257.1	1	29144	101	14091	48.3496	0.800611	30.3	32.4
CBDDTY010001258.1	1	29139	92	12408	42.5821	0.793301	30.9	21.9
CBDDTY010001259.1	1	29134	33	5770	19.805	0.242397	31.8	6.21
CBDDTY010001260.1	1	29133	46	7671	26.331	0.379604	28.4	26.8
CBDDTY010001261.1	1	29122	81	11990	41.1716	0.600302	29.7	34.5
CBDDTY010001262.1	1	29112	122	11490	39.4683	0.950811	31.2	21.5
CBDDTY010001263.1	1	29095	53	5148	17.6938	0.339268	30.3	9.19
CBDDTY010001264.1	1	29087	31	5956	20.4765	0.278131	29.5	9.58
CBDDTY010001265.1	1	29061	30	3693	12.7078	0.176216	32	7.6
CBDDTY010001266.1	1	29055	43	8658	29.7987	0.376114	31.7	40.2
CBDDTY010001267.1	1	29055	47	6254	21.5247	0.420857	29.5	15.3
CBDDTY010001268.1	1	29041	70	10581	36.4347	0.523742	31.5	38.7
CBDDTY010001269.1	1	29040	36	6622	22.803	0.284298	29.6	13.6
CBDDTY010001270.1	1	29028	62	10329	35.5829	0.439713	30.4	28.3
CBDDTY010001271.1	1	29011	47	8259	28.4685	0.387129	31.4	27.9
CBDDTY010001272.1	1	29000	65	10091	34.7966	0.528552	30.4	31.5
CBDDTY010001273.1	1	29000	33	5528	19.0621	0.238	31.4	12.8
CBDDTY010001274.1	1	29000	111	15863	54.7	0.889379	29.8	28.8
CBDDTY010001275.1	1	28800	23	3490	12.1181	0.16941	31.4	3.48
CBDDTY010001276.1	1	29000	80	14121	48.6931	0.765103	30.6	47.2
CBDDTY010001277.1	1	28800	34	4922	17.0903	0.26309	28.1	34.6
CBDDTY010001278.1	1	29000	142	10031	34.5897	1.17941	30.8	18.6
CBDDTY010001279.1	1	29000	12	1525	5.25862	0.0748276	32.4	8.67
CBDDTY010001280.1	1	29000	46	5547	19.1276	0.357759	31.4	22.2
CBDDTY010001281.1	1	29000	90	13185	45.4655	0.689345	30.6	40.7
CBDDTY010001282.1	1	29000	145	15396	53.0897	1.17766	30.2	27.8
CBDDTY010001283.1	1	29000	48	5546	19.1241	0.396345	29.3	18.9
CBDDTY010001284.1	1	29000	107	12572	43.3517	0.945414	30.3	16.3
CBDDTY010001285.1	1	29000	8	723	2.4931	0.0814828	31.5	3.25
CBDDTY010001286.1	1	29000	141	12988	44.7862	1.10372	30.3	24.4
CBDDTY010001287.1	1	29000	17	2027	6.98966	0.128069	30.3	9.59
CBDDTY010001288.1	1	29000	77	11934	41.1517	0.62331	30.4	32.8
CBDDTY010001289.1	1	28800	46	6395	22.2049	0.345243	29.9	16.1
CBDDTY010001290.1	1	29000	17	3356	11.5724	0.125897	29	17.6
CBDDTY010001291.1	1	29000	51	7559	26.0655	0.453172	31.1	41.6
CBDDTY010001292.1	1	29000	25	2697	9.3	0.169828	31.6	13.8
CBDDTY010001293.1	1	29000	28	4660	16.069	0.218483	31.6	57.2
CBDDTY010001294.1	1	29000	70	8228	28.3724	0.514862	31.2	16.2
CBDDTY010001295.1	1	28996	74	12535	43.2301	0.5966	31.2	40.5
CBDDTY010001296.1	1	28995	23	4254	14.6715	0.164235	28	0.217
CBDDTY010001297.1	1	28980	75	9333	32.205	0.549275	31.1	22
CBDDTY010001298.1	1	28957	48	4436	15.3193	0.321615	28.7	13.4
CBDDTY010001299.1	1	28951	115	15852	54.7546	0.901074	31.9	35.6
CBDDTY010001300.1	1	28947	33	5037	17.4008	0.223408	30.4	25.3
CBDDTY010001301.1	1	28940	67	11642	40.2281	0.57094	30.7	25.5
CBDDTY010001302.1	1	28923	85	12907	44.6254	0.623483	31.6	42
CBDDTY010001303.1	1	28920	80	11281	39.0076	0.609751	31	32.3
CBDDTY010001304.1	1	28915	60	10435	36.0885	0.477711	31.5	28.2
CBDDTY010001305.1	1	28915	128	11147	38.5509	0.982293	31.1	4.83
CBDDTY010001306.1	1	28912	39	6855	23.7099	0.319002	31.5	30.9
CBDDTY010001307.1	1	28905	37	6551	22.6639	0.280886	31.9	16.4
CBDDTY010001308.1	1	28900	43	7634	26.4152	0.319412	30.6	43.5
CBDDTY010001309.1	1	28880	88	12501	43.286	0.746399	30.1	20.4
CBDDTY010001310.1	1	28870	165	15974	55.3308	1.29449	29	37.5
CBDDTY010001311.1	1	28868	55	5382	18.6435	0.396529	30.9	11.7
CBDDTY010001312.1	1	28867	87	9450	32.7363	0.674646	31.5	7.66
CBDDTY010001313.1	1	28861	54	9349	32.3932	0.455875	30.9	35.1
CBDDTY010001314.1	1	28849	74	9201	31.8937	0.572845	31.7	18.1
CBDDTY010001315.1	1	28845	41	8004	27.7483	0.357393	31.5	34.6
CBDDTY010001316.1	1	28845	60	9775	33.888	0.447911	30.5	42
CBDDTY010001317.1	1	28844	24	4653	16.1316	0.232735	29.8	16.6
CBDDTY010001318.1	1	28828	46	7622	26.4396	0.357153	31.1	30.1
CBDDTY010001319.1	1	28812	55	5603	19.4468	0.36936	28.9	20.3
CBDDTY010001320.1	1	28802	5	1335	4.63509	0.0463509	28.7	2.4
CBDDTY010001321.1	1	28802	81	13126	45.5732	0.633602	30.5	37.1
CBDDTY010001322.1	1	28799	47	5447	18.9139	0.341401	32.4	8.28
CBDDTY010001323.1	1	28796	77	7686	26.6912	0.608626	30.3	11.7
CBDDTY010001324.1	1	28796	68	9859	34.2374	0.562509	29.6	40.4
CBDDTY010001326.1	1	28783	60	8863	30.7925	0.466977	29.8	28.9
CBDDTY010001327.1	1	28777	80	12815	44.5321	0.661257	30.8	34.1
CBDDTY010001328.1	1	28750	206	12704	44.1878	1.6359	30.9	43.7
CBDDTY010001329.1	1	28741	61	8260	28.7394	0.448767	30.5	8.57
CBDDTY010001330.1	1	28735	85	13356	46.4799	0.642561	30.9	39.4
CBDDTY010001331.1	1	28699	81	6051	21.0844	0.622461	31.2	7.1
CBDDTY010001332.1	1	28679	104	10878	37.9302	0.87789	30.2	11.7
CBDDTY010001333.1	1	28671	24	2895	10.0973	0.163475	31	9
CBDDTY010001334.1	1	28623	17	2622	9.16047	0.129546	31	23
CBDDTY010001335.1	1	28612	18	3226	11.275	0.135223	31	11.1
CBDDTY010001336.1	1	28607	79	10478	36.6274	0.597651	29	22.6
CBDDTY010001337.1	1	28589	10	1678	5.86939	0.0879009	33.9	30.9
CBDDTY010001338.1	1	28570	62	11747	41.1166	0.530207	30.9	37.1
CBDDTY010001339.1	1	28555	79	9301	32.5722	0.558886	31.1	34.5
CBDDTY010001340.1	1	28543	101	14326	50.1909	0.812704	30.6	28.7
CBDDTY010001341.1	1	28534	92	13617	47.722	0.720859	30.2	39.3
CBDDTY010001342.1	1	28517	117	10429	36.5712	0.920574	30.5	21
CBDDTY010001343.1	1	28505	76	8234	28.8862	0.587336	30.4	20.1
CBDDTY010001344.1	1	28499	33	5679	19.927	0.262114	33.4	17
CBDDTY010001345.1	1	28498	62	8954	31.4197	0.499474	31.5	18.5
CBDDTY010001346.1	1	28492	69	8867	31.121	0.507511	30.9	16.7
CBDDTY010001347.1	1	28481	8	1842	6.46747	0.0778765	31.5	2.62
CBDDTY010001348.1	1	28480	117	11172	39.2275	0.900808	30.5	30.5
CBDDTY010001349.1	1	28473	271	21189	74.4179	2.30594	30.9	22.4
CBDDTY010001350.1	1	28461	182	17397	61.1258	1.57208	30	33.7
CBDDTY010001351.1	1	28445	38	6195	21.7789	0.290455	29.5	25.4
CBDDTY010001352.1	1	28444	44	6926	24.3496	0.308888	30.8	35.3
CBDDTY010001353.1	1	28443	191	14263	50.1459	1.65151	31.4	22.5
CBDDTY010001354.1	1	28420	15	3104	10.9219	0.124314	29	4.33
CBDDTY010001355.1	1	28419	32	5119	18.0126	0.224111	29.1	10.1
CBDDTY010001356.1	1	28417	144	18543	65.2532	1.26949	31	36.4
CBDDTY010001357.1	1	28392	35	4895	17.2408	0.254332	31.2	23.2
CBDDTY010001358.1	1	28385	98	13499	47.5568	0.8322	30.6	28.8
CBDDTY010001359.1	1	28371	78	12423	43.7877	0.669945	30.4	34.1
CBDDTY010001360.1	1	28338	41	6465	22.8139	0.302456	31.1	5.51
CBDDTY010001361.1	1	28331	64	10797	38.1102	0.538915	31.3	17.8
CBDDTY010001362.1	1	28311	59	8685	30.6771	0.447494	30.8	23.2
CBDDTY010001363.1	1	28310	74	8623	30.4592	0.524903	32	14.2
CBDDTY010001364.1	1	28310	79	12552	44.3377	0.637513	30.8	48.3
CBDDTY010001365.1	1	28295	45	8079	28.5527	0.354338	31.9	17.3
CBDDTY010001366.1	1	28295	75	9795	34.6174	0.562608	30.5	23.1
CBDDTY010001367.1	1	28291	98	13056	46.149	0.787459	31.5	12.7
CBDDTY010001368.1	1	28289	91	10126	35.7948	0.781222	30.4	5.98
CBDDTY010001369.1	1	28287	77	11431	40.4108	0.615901	31.4	40.9
CBDDTY010001370.1	1	28278	30	5882	20.8006	0.25511	31.8	41.8
CBDDTY010001371.1	1	28239	50	8620	30.5252	0.407097	28.3	30.5
CBDDTY010001372.1	1	28236	87	10455	37.0272	0.734877	31.2	14.2
CBDDTY010001373.1	1	28224	77	12390	43.8988	0.628366	29.6	27.3
CBDDTY010001374.1	1	28218	120	11948	42.3418	0.909207	31.3	7.03
CBDDTY010001375.1	1	28212	30	5423	19.2223	0.263363	30.1	40.2
CBDDTY010001376.1	1	28210	92	13410	47.5363	0.764233	31.4	30.2
CBDDTY010001377.1	1	28207	64	9739	34.5269	0.473889	31.4	38
CBDDTY010001378.1	1	28204	66	10034	35.5765	0.508864	30.4	24.8
CBDDTY010001379.1	1	28203	55	7914	28.0608	0.404035	30.4	33.5
CBDDTY010001380.1	1	28193	85	12516	44.394	0.678183	29.9	31.6
CBDDTY010001381.1	1	28176	107	15026	53.3291	0.855551	31	33.6
CBDDTY010001382.1	1	28176	76	12290	43.6187	0.620848	29.9	43.7
CBDDTY010001383.1	1	28155	91	11050	39.247	0.784372	31.8	29
CBDDTY010001384.1	1	28153	87	12691	45.0787	0.709836	31.3	28.5
CBDDTY010001385.1	1	28152	33	2899	10.2977	0.271881	28.3	19.9
CBDDTY010001386.1	1	28149	72	10231	36.3459	0.555721	31.6	17
CBDDTY010001387.1	1	28144	59	10125	35.9757	0.472534	31.1	45.9
CBDDTY010001388.1	1	28121	48	7806	27.7586	0.393229	29.5	29.6
CBDDTY010001389.1	1	28117	39	5311	18.8889	0.332788	31.5	12.9
CBDDTY010001390.1	1	28114	75	10061	35.7864	0.609554	30	31
CBDDTY010001391.1	1	28091	68	10591	37.7025	0.55573	31.4	33.5
CBDDTY010001392.1	1	28081	63	7025	25.0169	0.527011	31.4	12.2
CBDDTY010001393.1	1	28080	121	14322	51.0043	1.04245	30.6	20.5
CBDDTY010001394.1	1	28069	72	11738	41.8184	0.605864	30.6	29.5
CBDDTY010001395.1	1	28060	145	14805	52.7619	1.14576	29.9	23.1
CBDDTY010001396.1	1	28014	70	8720	31.1273	0.5428	31.6	16.9
CBDDTY010001397.1	1	28014	64	10622	37.9168	0.509924	30.3	42.2
CBDDTY010001398.1	1	28000	61	6376	22.7714	0.427143	31.6	8.16
CBDDTY010001399.1	1	28000	45	4511	16.1107	0.282036	31.7	12.7
CBDDTY010001400.1	1	28000	42	7361	26.2893	0.324714	31.8	31.4
CBDDTY010001401.1	1	28000	28	2959	10.5679	0.225714	32.2	16.4
CBDDTY010001402.1	1	28000	60	6617	23.6321	0.495857	29.8	38.8
CBDDTY010001403.1	1	28000	48	7323	26.1536	0.359464	30.7	16.6
CBDDTY010001404.1	1	28000	18	2511	8.96786	0.142429	31.8	11.8
CBDDTY010001405.1	1	27800	40	4916	17.6835	0.308165	30.6	18.3
CBDDTY010001406.1	1	28000	39	4635	16.5536	0.227036	28.7	11
CBDDTY010001407.1	1	28000	44	7158	25.5643	0.343393	30.1	17.2
CBDDTY010001408.1	1	28000	72	9454	33.7643	0.507429	30.2	21.5
CBDDTY010001409.1	1	28000	52	7688	27.4571	0.414357	30.3	25.5
CBDDTY010001410.1	1	28000	135	11633	41.5464	1.1265	31.3	22.8
CBDDTY010001411.1	1	27800	65	10262	36.9137	0.496295	31	24.7
CBDDTY010001412.1	1	27800	14	3107	11.1763	0.120827	31.8	4.71
CBDDTY010001413.1	1	28000	63	7618	27.2071	0.419786	30.2	4.11
CBDDTY010001414.1	1	28000	177	16624	59.3714	1.51164	29.8	22.1
CBDDTY010001415.1	1	28000	75	8173	29.1893	0.567179	30.3	20.8
CBDDTY010001416.1	1	28000	87	7162	25.5786	0.678679	32.2	11.6
CBDDTY010001417.1	1	27600	90	5503	19.9384	0.850254	30.6	5.43
CBDDTY010001418.1	1	28000	62	7186	25.6643	0.506893	32	21.8
CBDDTY010001419.1	1	28000	150	16786	59.95	1.25804	30.1	44.5
CBDDTY010001420.1	1	28000	33	5544	19.8	0.239786	31.7	18.4
CBDDTY010001421.1	1	28000	15	2007	7.16786	0.102214	32	24.5
CBDDTY010001422.1	1	28000	42	7779	27.7821	0.338571	31	20.7
CBDDTY010001423.1	1	28000	22	4330	15.4643	0.210571	30.9	20.3
CBDDTY010001424.1	1	28000	73	11225	40.0893	0.628929	31.4	37.8
CBDDTY010001425.1	1	27984	72	12500	44.6684	0.590838	29.7	41.5
CBDDTY010001426.1	1	27978	112	14188	50.7113	0.915326	30.2	21.1
CBDDTY010001427.1	1	27978	80	9049	32.3433	0.650082	30.2	31
CBDDTY010001428.1	1	27952	39	6514	23.3042	0.314468	30.9	43.8
CBDDTY010001429.1	1	27946	54	8381	29.99	0.397588	30.7	44.2
CBDDTY010001430.1	1	27942	78	11012	39.4102	0.629196	31.3	40
CBDDTY010001431.1	1	27932	54	9757	34.9313	0.451489	29.5	42.3
CBDDTY010001432.1	1	27929	34	5385	19.281	0.272405	29.5	0.882
CBDDTY010001433.1	1	27927	14	2473	8.85523	0.100906	31.2	1.86
CBDDTY010001434.1	1	27910	71	9633	34.5145	0.583303	30.9	24.6
CBDDTY010001435.1	1	27906	62	11425	40.941	0.50964	31	33.8
CBDDTY010001436.1	1	27892	72	12855	46.0885	0.605371	29.6	42
CBDDTY010001437.1	1	27888	34	5493	19.6966	0.257709	30.5	28.8
CBDDTY010001438.1	1	27886	101	6731	24.1376	0.813168	30.3	5.59
CBDDTY010001439.1	1	27883	109	11154	40.0029	0.886526	30.4	6.39
CBDDTY010001440.1	1	27872	75	12905	46.3009	0.628839	30.8	34.6
CBDDTY010001441.1	1	27863	37	4813	17.2738	0.272871	33	11.9
CBDDTY010001442.1	1	27853	55	7118	25.5556	0.361792	31	32.1
CBDDTY010001443.1	1	27853	160	15631	56.1196	1.28564	30.9	46.5
CBDDTY010001444.1	1	27844	43	5139	18.4564	0.33817	31.6	22.2
CBDDTY010001445.1	1	27843	64	10991	39.4749	0.548899	30.6	28.2
CBDDTY010001446.1	1	27836	42	7671	27.5578	0.312365	30.6	35.7
CBDDTY010001447.1	1	27832	127	14590	52.4217	0.99594	30.5	25.5
CBDDTY010001448.1	1	27831	37	6744	24.232	0.343358	31.9	23.4
CBDDTY010001449.1	1	27805	84	8549	30.7463	0.728718	30	9.14
CBDDTY010001450.1	1	27801	35	4985	17.931	0.269882	30.7	11.8
CBDDTY010001451.1	1	27734	94	8263	29.7938	0.761989	31.2	21.5
CBDDTY010001452.1	1	27682	71	10805	39.0326	0.610361	31.4	36.5
CBDDTY010001453.1	1	27674	137	15928	57.5558	1.06363	29.8	27.6
CBDDTY010001454.1	1	27673	37	6164	22.2744	0.327901	31.2	21.5
CBDDTY010001455.1	1	27653	71	8991	32.5137	0.771309	31.5	5.27
CBDDTY010001456.1	1	27647	62	9926	35.9026	0.512063	30.3	33.6
CBDDTY010001457.1	1	27638	42	7415	26.829	0.361133	32.3	26.9
CBDDTY010001458.1	1	27634	58	7793	28.2008	0.419954	31.3	24.9
CBDDTY010001459.1	1	27616	56	9040	32.7346	0.427144	30.4	41.6
CBDDTY010001460.1	1	27612	126	15007	54.3496	1.0314	30.5	20.3
CBDDTY010001461.1	1	27603	44	4121	14.9295	0.39858	30.7	2.25
CBDDTY010001462.1	1	27602	153	14352	51.9962	1.31251	30.1	19.1
CBDDTY010001463.1	1	27599	94	8789	31.8454	0.752056	31.5	14.1
CBDDTY010001464.1	1	27594	53	10654	38.6098	0.509604	31.4	29.5
CBDDTY010001465.1	1	27590	23	4973	18.0246	0.214027	30.9	21.1
CBDDTY010001466.1	1	27590	11	1865	6.7597	0.0772019	33.5	30.4
CBDDTY010001467.1	1	27588	76	11888	43.0912	0.628462	31.3	45
CBDDTY010001468.1	1	27580	64	8347	30.2647	0.505838	31.2	11.3
CBDDTY010001469.1	1	27576	75	9847	35.7086	0.53387	30	3.67
CBDDTY010001470.1	1	27559	106	14481	52.5454	0.961174	31.4	34.2
CBDDTY010001471.1	1	27553	68	8910	32.3377	0.529053	31.2	8.84
CBDDTY010001472.1	1	27552	107	12104	43.9315	1.02287	30.9	27.7
CBDDTY010001473.1	1	27538	18	3303	11.9943	0.146452	31	8.44
CBDDTY010001474.1	1	27537	78	11074	40.215	0.653993	31.9	27.4
CBDDTY010001475.1	1	27537	69	10455	37.9671	0.591858	31	39.7
CBDDTY010001476.1	1	27527	56	8415	30.57	0.464889	30.9	15
CBDDTY010001477.1	1	27522	26	2744	9.97021	0.175096	29.7	11.7
CBDDTY010001478.1	1	27520	48	5991	21.7696	0.351744	30.4	11.7
CBDDTY010001479.1	1	27500	62	10941	39.7855	0.595164	31	39.5
CBDDTY010001480.1	1	27499	50	7851	28.5501	0.414342	31	35.9
CBDDTY010001481.1	1	27495	68	7604	27.6559	0.584761	31.7	17.1
CBDDTY010001482.1	1	27487	55	9511	34.6018	0.499582	29.6	33.6
CBDDTY010001483.1	1	27460	59	8315	30.2804	0.424144	30.6	23.6
CBDDTY010001484.1	1	27451	36	6131	22.3343	0.295946	31.6	33
CBDDTY010001485.1	1	27434	20	3193	11.6388	0.145622	31.7	10.6
CBDDTY010001486.1	1	27428	51	7793	28.4126	0.428504	31.1	28.1
CBDDTY010001487.1	1	27427	81	11869	43.2749	0.673497	31	38.8
CBDDTY010001488.1	1	27420	40	5545	20.2225	0.280562	31.4	21.5
CBDDTY010001489.1	1	27398	86	11214	40.93	0.743996	30.4	30.6
CBDDTY010001490.1	1	27395	34	6144	22.4275	0.317138	31.1	20.4
CBDDTY010001491.1	1	27382	27	5414	19.7721	0.22639	31.5	32.9
CBDDTY010001492.1	1	27380	40	7003	25.5771	0.334039	29.5	23.1
CBDDTY010001493.1	1	27372	60	9351	34.1626	0.481295	30.9	46.5
CBDDTY010001494.1	1	27371	57	7011	25.6147	0.446787	30.2	14.4
CBDDTY010001495.1	1	27358	23	3679	13.4476	0.163462	30.7	26.8
CBDDTY010001496.1	1	27350	44	7073	25.8611	0.392212	31.5	42.8
CBDDTY010001497.1	1	27350	50	7529	27.5283	0.376197	29.2	27.1
CBDDTY010001498.1	1	27346	31	5976	21.8533	0.282528	31.7	36.7
CBDDTY010001499.1	1	27321	75	9899	36.2322	0.578237	30.5	33.5
CBDDTY010001500.1	1	27318	32	4571	16.7326	0.241196	30.7	11
CBDDTY010001501.1	1	27305	50	8150	29.848	0.415052	30.8	33.1
CBDDTY010001502.1	1	27300	46	6502	23.8168	0.327802	31.9	20.9
CBDDTY010001503.1	1	27272	55	9404	34.4823	0.463662	30.2	39
CBDDTY010001504.1	1	27271	45	7528	27.6044	0.393238	29.3	31
CBDDTY010001505.1	1	27270	70	9985	36.6153	0.533077	31.2	22.3
CBDDTY010001506.1	1	27268	66	9659	35.4225	0.516173	32.5	30.3
CBDDTY010001507.1	1	27261	31	5618	20.6082	0.229926	29.1	8.52
CBDDTY010001508.1	1	27252	71	9903	36.3386	0.56561	30.7	36.5
CBDDTY010001509.1	1	27230	54	9582	35.1891	0.458612	30.5	34.6
CBDDTY010001510.1	1	27210	83	11419	41.9662	0.712385	30.7	29.8
CBDDTY010001511.1	1	27168	74	10233	37.6656	0.614252	31	35.5
CBDDTY010001512.1	1	27161	26	4608	16.9655	0.212989	30.4	29.2
CBDDTY010001513.1	1	27155	34	5477	20.1694	0.281385	30.4	16.9
CBDDTY010001514.1	1	27141	64	5825	21.462	0.588188	29.7	9.11
CBDDTY010001515.1	1	27138	7	1498	5.51994	0.0654064	30	22.3
CBDDTY010001516.1	1	27118	100	12025	44.3432	0.869496	30.9	24.5
CBDDTY010001517.1	1	27113	79	9713	35.8241	0.643234	29.8	27.8
CBDDTY010001518.1	1	27065	91	11488	42.446	0.767855	30.8	20.7
CBDDTY010001519.1	1	27046	38	6111	22.5948	0.343822	29.7	3
CBDDTY010001520.1	1	27027	92	7000	25.9	0.734858	29	12.1
CBDDTY010001521.1	1	27027	27	5057	18.7109	0.222148	30.1	6.04
CBDDTY010001522.1	1	27013	40	4301	15.922	0.308592	32	5.12
CBDDTY010001523.1	1	27007	48	8227	30.4625	0.492687	29.8	6.92
CBDDTY010001524.1	1	27001	26	2954	10.9403	0.260694	30.7	21
CBDDTY010001525.1	1	27000	7	1027	3.8037	0.0535185	31	0.571
CBDDTY010001526.1	1	27000	93	9557	35.3963	0.795444	30.2	20.5
CBDDTY010001527.1	1	27000	67	8169	30.2556	0.52937	28.8	16.9
CBDDTY010001528.1	1	27000	28	4724	17.4963	0.22437	31.5	25.1
CBDDTY010001529.1	1	27000	24	4673	17.3074	0.184593	31.1	15.3
CBDDTY010001530.1	1	27000	43	5173	19.1593	0.362444	30.3	8.07
CBDDTY010001531.1	1	27000	84	9361	34.6704	0.632556	30.7	12.7
CBDDTY010001532.1	1	27000	40	3747	13.8778	0.291741	30.5	7.9
CBDDTY010001533.1	1	27000	45	6597	24.4333	0.351037	32	29.7
CBDDTY010001534.1	1	27000	107	11635	43.0926	0.869852	30	6.21
CBDDTY010001535.1	1	27000	75	10828	40.1037	0.659481	29.1	14.8
CBDDTY010001536.1	1	27000	59	6548	24.2519	0.428815	31.9	22.1
CBDDTY010001537.1	1	27000	30	4852	17.9704	0.249037	29.3	14.7
CBDDTY010001538.1	1	27000	38	5005	18.537	0.318074	29.2	15.4
CBDDTY010001539.1	1	27000	130	13123	48.6037	1.06833	29.8	13
CBDDTY010001540.1	1	27000	41	8082	29.9333	0.371333	31	21.4
CBDDTY010001541.1	1	27000	56	7360	27.2593	0.399889	30.3	1.59
CBDDTY010001542.1	1	27000	34	4918	18.2148	0.244	29.5	16.6
CBDDTY010001543.1	1	26800	70	9727	36.2948	0.58347	31.5	28.7
CBDDTY010001544.1	1	27000	16	2646	9.8	0.144222	30.6	20.9
CBDDTY010001545.1	1	27000	83	8042	29.7852	0.632667	30.3	16.6
CBDDTY010001546.1	1	27000	44	6988	25.8815	0.371074	29.5	23.9
CBDDTY010001547.1	1	27000	58	7533	27.9	0.493148	31.1	20.3
CBDDTY010001548.1	1	27000	41	5772	21.3778	0.307963	32.3	28.6
CBDDTY010001549.1	1	27000	51	5796	21.4667	0.375593	30.5	13.5
CBDDTY010001550.1	1	26987	77	9637	35.7098	0.62934	29.7	17.8
CBDDTY010001551.1	1	26984	16	1953	7.23762	0.102987	30.6	9.5
CBDDTY010001552.1	1	26955	44	6546	24.2849	0.360564	31.6	18.3
CBDDTY010001553.1	1	26953	55	9546	35.4172	0.492821	31.8	40.2
CBDDTY010001554.1	1	26910	52	8105	30.1189	0.415347	29.2	29.2
CBDDTY010001555.1	1	26882	79	9888	36.783	0.70404	30.3	12
CBDDTY010001556.1	1	26849	76	10376	38.6458	0.641439	31.5	23.6
CBDDTY010001557.1	1	26840	50	8282	30.8569	0.450186	31	20.4
CBDDTY010001558.1	1	26835	125	13187	49.141	1.11161	30	29.2
CBDDTY010001559.1	1	26825	58	6694	24.9543	0.520671	30.4	13.7
CBDDTY010001560.1	1	26816	68	9592	35.7697	0.570294	30.5	33.3
CBDDTY010001561.1	1	26809	81	10449	38.9757	0.70495	29.3	26
CBDDTY010001562.1	1	26805	58	10500	39.1718	0.536467	30.9	39.1
CBDDTY010001563.1	1	26796	117	9445	35.2478	1.09069	30.9	18.4
CBDDTY010001564.1	1	26788	20	2978	11.1169	0.139204	30.9	6.75
CBDDTY010001565.1	1	26779	53	9961	37.1971	0.467082	30.5	40.5
CBDDTY010001566.1	1	26762	39	7967	29.7698	0.383977	31.3	32.2
CBDDTY010001567.1	1	26758	101	9175	34.2888	0.698894	32.1	19.9
CBDDTY010001568.1	1	26746	45	8273	30.9317	0.410005	30.4	22.2
CBDDTY010001569.1	1	26737	11	1886	7.0539	0.0816472	27.5	8.18
CBDDTY010001570.1	1	26732	50	6250	23.3802	0.447628	29.8	5.96
CBDDTY010001571.1	1	26721	32	4330	16.2045	0.254332	31.8	14.7
CBDDTY010001572.1	1	26717	72	10797	40.4125	0.595838	31.3	36.7
CBDDTY010001573.1	1	26697	55	7218	27.0367	0.459452	30.5	20
CBDDTY010001574.1	1	26673	34	5099	19.1167	0.27511	30.1	12.5
CBDDTY010001575.1	1	26667	36	5407	20.276	0.334458	29.3	16.8
CBDDTY010001576.1	1	26660	57	9667	36.2603	0.460653	30.4	42
CBDDTY010001577.1	1	26657	54	9783	36.6996	0.504145	29.3	47.8
CBDDTY010001578.1	1	26651	67	7985	29.9614	0.545796	30.1	19.4
CBDDTY010001579.1	1	26640	38	6102	22.9054	0.301952	31.2	42.6
CBDDTY010001580.1	1	26629	60	9419	35.3712	0.500207	31.1	32.8
CBDDTY010001581.1	1	26623	66	10590	39.7776	0.610825	31.4	43.9
CBDDTY010001582.1	1	26616	81	9797	36.8087	0.717538	31.5	14.8
CBDDTY010001583.1	1	26597	57	8611	32.3758	0.46776	29.9	28.7
CBDDTY010001584.1	1	26597	55	6244	23.4763	0.464488	30.8	21.4
CBDDTY010001585.1	1	26592	61	8508	31.9946	0.449797	31.1	20.5
CBDDTY010001586.1	1	26586	174	8112	30.5123	1.62864	29.5	11.6
CBDDTY010001587.1	1	26577	196	7866	29.597	1.62106	30.1	21.7
CBDDTY010001588.1	1	26574	50	8015	30.1611	0.388237	30.7	34
CBDDTY010001589.1	1	26566	53	7890	29.6996	0.385643	30.9	32.4
CBDDTY010001590.1	1	26564	13	1817	6.84008	0.0999849	29.3	15
CBDDTY010001591.1	1	26548	64	9919	37.3625	0.564901	29.8	25.9
CBDDTY010001592.1	1	26535	107	15418	58.1044	1.01639	30.3	41.3
CBDDTY010001593.1	1	26529	44	4256	16.0428	0.319688	30.1	5.23
CBDDTY010001594.1	1	26514	69	11779	44.4256	0.617108	30.4	40.7
CBDDTY010001595.1	1	26508	48	4872	18.3794	0.377622	30.9	14.9
CBDDTY010001596.1	1	26506	63	11286	42.579	0.581755	31.5	41.1
CBDDTY010001597.1	1	26467	46	6667	25.1899	0.395965	30.3	37.7
CBDDTY010001598.1	1	26464	71	7956	30.0635	0.557361	29.6	15.4
CBDDTY010001599.1	1	26458	49	9259	34.9951	0.46519	29.4	15.1
CBDDTY010001600.1	1	26455	57	8599	32.5043	0.532187	31.4	47.9
CBDDTY010001601.1	1	26448	141	13955	52.7639	1.1869	30.5	21
CBDDTY010001602.1	1	26444	8	1430	5.40765	0.0669339	34	0.625
CBDDTY010001603.1	1	26436	69	11594	43.8569	0.655054	30.6	21.9
CBDDTY010001604.1	1	26428	36	6801	25.7341	0.296655	31.2	33.8
CBDDTY010001605.1	1	26427	51	7627	28.8606	0.435085	30.8	24.8
CBDDTY010001606.1	1	26409	35	5518	20.8944	0.273732	30.8	14.6
CBDDTY010001607.1	1	26407	43	4516	17.1015	0.37225	30.8	21.1
CBDDTY010001608.1	1	26403	42	6496	24.6033	0.336894	32.1	19
CBDDTY010001609.1	1	26392	66	7571	28.6867	0.577978	30.9	24.4
CBDDTY010001610.1	1	26372	148	13050	49.4843	1.3947	30	10.3
CBDDTY010001611.1	1	26370	72	11874	45.0284	0.663557	30.5	42.8
CBDDTY010001612.1	1	26369	41	5467	20.7327	0.267397	30.6	18.6
CBDDTY010001613.1	1	26368	146	11754	44.5768	1.38789	30.5	15
CBDDTY010001614.1	1	26365	27	4746	18.0011	0.239788	31.2	45.8
CBDDTY010001615.1	1	26352	61	5019	19.046	0.476928	31.9	7.72
CBDDTY010001616.1	1	26332	49	7434	28.2318	0.382728	30.7	25.3
CBDDTY010001617.1	1	26328	45	8114	30.8189	0.428327	30.3	47.8
CBDDTY010001618.1	1	26313	67	9891	37.5898	0.551895	30.9	36.4
CBDDTY010001619.1	1	26311	58	8240	31.3177	0.487401	30.4	19.6
CBDDTY010001620.1	1	26310	142	14355	54.561	1.33835	30.5	9.85
CBDDTY010001621.1	1	26301	55	9408	35.7705	0.500057	30.4	12.5
CBDDTY010001622.1	1	26287	71	8542	32.4951	0.655647	30.5	10.9
CBDDTY010001623.1	1	26286	15	1908	7.25862	0.112684	31.7	2.8
CBDDTY010001624.1	1	26276	104	9544	36.3221	0.979753	31.4	15.1
CBDDTY010001625.1	1	26251	89	8445	32.1702	0.813188	29.8	8.54
CBDDTY010001626.1	1	26251	28	3532	13.4547	0.212259	31.8	3.36
CBDDTY010001627.1	1	26244	57	9750	37.1513	0.494742	31	37.2
CBDDTY010001628.1	1	26228	85	9048	34.4975	0.812033	31.2	14.8
CBDDTY010001629.1	1	26225	106	14147	53.9447	0.983756	31.5	23.7
CBDDTY010001630.1	1	26212	65	8963	34.1943	0.520525	30.8	36.4
CBDDTY010001631.1	1	26198	67	10345	39.4877	0.575464	30.9	30
CBDDTY010001632.1	1	26180	89	14443	55.1681	0.834645	30.1	44.7
CBDDTY010001633.1	1	26178	38	4718	18.0228	0.265299	31	24.2
CBDDTY010001634.1	1	26173	70	11724	44.7943	0.656402	30.6	47.9
CBDDTY010001635.1	1	26162	50	7880	30.12	0.414915	30.4	32.8
CBDDTY010001636.1	1	26154	105	10204	39.0151	0.848092	30.6	10.7
CBDDTY010001637.1	1	26152	147	10055	38.4483	1.20886	30.3	18.1
CBDDTY010001638.1	1	26140	67	9397	35.9487	0.550383	30.1	29
CBDDTY010001639.1	1	26137	41	5920	22.6499	0.338639	29.7	26
CBDDTY010001640.1	1	26135	45	5434	20.792	0.318003	31.5	6.91
CBDDTY010001641.1	1	26131	91	9468	36.2328	0.827906	30.5	14.7
CBDDTY010001642.1	1	26109	15	989	3.78797	0.105174	30	5.53
CBDDTY010001643.1	1	26097	30	3938	15.0899	0.230601	32.2	8.53
CBDDTY010001644.1	1	26088	63	9314	35.7022	0.535534	30.6	33
CBDDTY010001645.1	1	26085	67	6118	23.4541	0.530496	30.1	8.46
CBDDTY010001646.1	1	26069	69	7460	28.6164	0.559822	30.9	31
CBDDTY010001647.1	1	26065	13	2097	8.04527	0.1075	32.6	0.769
CBDDTY010001648.1	1	26061	61	9046	34.7109	0.539926	31	23.3
CBDDTY010001649.1	1	26061	30	4238	16.2618	0.189363	27	19
CBDDTY010001650.1	1	26040	33	6821	26.1943	0.333794	31.1	26.6
CBDDTY010001651.1	1	26018	93	11578	44.5	0.86125	30.7	29.8
CBDDTY010001652.1	1	26000	46	4005	15.4038	0.326385	29	8.15
CBDDTY010001653.1	1	26000	73	11181	43.0038	0.570654	32.3	43.7
CBDDTY010001654.1	1	26000	30	3238	12.4538	0.208769	30.7	1.9
CBDDTY010001655.1	1	26000	25	5925	22.7885	0.249385	30.5	29.2
CBDDTY010001656.1	1	26000	69	4311	16.5808	0.570115	30.7	13.9
CBDDTY010001657.1	1	26000	75	9229	35.4962	0.564462	30.5	14.5
CBDDTY010001658.1	1	26000	38	4781	18.3885	0.335731	32.8	15.6
CBDDTY010001659.1	1	26000	47	6177	23.7577	0.381885	30.8	31
CBDDTY010001660.1	1	26000	86	9972	38.3538	0.685615	30.5	14.1
CBDDTY010001661.1	1	25600	49	6136	23.9688	0.469141	28.3	25.7
CBDDTY010001662.1	1	26000	36	3818	14.6846	0.258231	30.9	6.5
CBDDTY010001663.1	1	26000	22	3520	13.5385	0.193269	29.9	10.5
CBDDTY010001664.1	1	26000	21	3096	11.9077	0.172269	29.1	26.5
CBDDTY010001665.1	1	26000	98	11759	45.2269	0.896885	30.2	20.8
CBDDTY010001666.1	1	26000	19	3144	12.0923	0.131769	33.4	26.6
CBDDTY010001667.1	1	26000	60	8712	33.5077	0.528462	31.3	29.8
CBDDTY010001668.1	1	26000	89	7495	28.8269	0.924846	31.4	5.49
CBDDTY010001669.1	1	26000	44	6453	24.8192	0.363769	30.3	20.2
CBDDTY010001670.1	1	26000	35	3983	15.3192	0.2955	30	4.29
CBDDTY010001671.1	1	25800	46	6783	26.2907	0.362132	29.3	12.8
CBDDTY010001672.1	1	25800	79	11410	44.2248	0.661512	30.8	26.9
CBDDTY010001673.1	1	26000	43	8115	31.2115	0.410154	30.4	19.6
CBDDTY010001674.1	1	26000	44	7161	27.5423	0.378962	30.9	31.6
CBDDTY010001675.1	1	26000	69	12087	46.4885	0.624654	30.9	34.5
CBDDTY010001676.1	1	26000	60	9727	37.4115	0.560115	30.2	44.9
CBDDTY010001677.1	1	25800	24	3255	12.6163	0.168915	29	4.04
CBDDTY010001678.1	1	26000	36	6550	25.1923	0.302577	30.5	32.2
CBDDTY010001679.1	1	26000	30	5202	20.0077	0.280962	31.2	20.5
CBDDTY010001680.1	1	25585	42	4889	19.1089	0.355247	31.2	10.3
CBDDTY010001681.1	1	25995	52	8655	33.2949	0.500942	29.1	26.3
CBDDTY010001682.1	1	25994	72	11026	42.4175	0.666654	31.4	29.6
CBDDTY010001683.1	1	25988	78	8525	32.8036	0.616631	30.2	10.6
CBDDTY010001684.1	1	25985	62	7537	29.0052	0.507947	32	20.5
CBDDTY010001685.1	1	25983	90	10925	42.0467	0.757957	29.5	13.6
CBDDTY010001686.1	1	25976	62	10369	39.9176	0.556514	30.5	35.9
CBDDTY010001687.1	1	25960	50	8563	32.9854	0.424422	28	26
CBDDTY010001688.1	1	25959	29	4618	17.7896	0.245464	29.3	9.97
CBDDTY010001689.1	1	25959	6	1397	5.38156	0.0583613	33.9	48.5
CBDDTY010001690.1	1	25947	7	1545	5.95445	0.0595445	31.7	27.4
CBDDTY010001691.1	1	25495	57	6797	26.6601	0.472955	30.8	7.79
CBDDTY010001692.1	1	25882	109	3678	14.2106	1.15559	31.1	2.57
CBDDTY010001693.1	1	25878	48	8814	34.0598	0.441958	31.1	32.3
CBDDTY010001694.1	1	25876	40	5842	22.5769	0.318558	31.2	5.85
CBDDTY010001695.1	1	25826	203	5695	22.0514	4.1476	27.4	14
CBDDTY010001696.1	1	25802	53	9921	38.4505	0.462406	30.4	45
CBDDTY010001697.1	1	25798	48	7814	30.2892	0.399566	29.4	26.3
CBDDTY010001698.1	1	25797	36	4541	17.6028	0.225957	29.2	12.1
CBDDTY010001699.1	1	25796	94	10762	41.7196	0.90421	30.8	9.48
CBDDTY010001700.1	1	25792	70	8916	34.5689	0.690951	28.6	12.5
CBDDTY010001701.1	1	25770	28	5174	20.0776	0.253628	29.5	13.5
CBDDTY010001702.1	1	25755	87	9921	38.5207	0.772588	31.3	18.2
CBDDTY010001703.1	1	25750	82	12092	46.9592	0.710602	30	27.9
CBDDTY010001704.1	1	25743	6	1598	6.20751	0.0620751	29.5	4.67
CBDDTY010001705.1	1	25732	55	9544	37.09	0.495803	29	41.8
CBDDTY010001706.1	1	25731	85	7900	30.7023	0.664801	29.7	14.1
CBDDTY010001707.1	1	25729	122	15474	60.1423	1.10739	30.3	34.1
CBDDTY010001708.1	1	25722	85	5125	19.9246	0.697924	30.4	17.7
CBDDTY010001709.1	1	25714	53	8091	31.4653	0.480283	30.3	30
CBDDTY010001710.1	1	25711	67	7888	30.6795	0.538874	30.3	30.6
CBDDTY010001711.1	1	25696	46	7243	28.1873	0.413605	31.6	34
CBDDTY010001712.1	1	25672	59	7057	27.4891	0.481419	30.4	10.8
CBDDTY010001713.1	1	25650	64	8581	33.4542	0.538947	31.1	20.5
CBDDTY010001714.1	1	25650	99	11385	44.386	0.889006	29.3	20.1
CBDDTY010001715.1	1	25637	64	8912	34.7623	0.579241	29.7	14.4
CBDDTY010001716.1	1	25634	42	3629	14.157	0.337755	31.2	10.5
CBDDTY010001717.1	1	25627	113	6993	27.2876	1.1205	31.8	5.58
CBDDTY010001718.1	1	25623	69	9407	36.7131	0.662998	31	23.8
CBDDTY010001719.1	1	25616	83	11300	44.1131	0.769246	30.4	39.5
CBDDTY010001720.1	1	25611	28	5752	22.4591	0.274218	29.4	5.75
CBDDTY010001721.1	1	25601	57	7418	28.9754	0.515058	31.2	37.7
CBDDTY010001722.1	1	25589	65	10309	40.2868	0.580601	30.8	42.8
CBDDTY010001723.1	1	25584	59	8991	35.1431	0.554214	32	26
CBDDTY010001724.1	1	25581	112	13403	52.3944	1.09476	30.4	27.3
CBDDTY010001725.1	1	25571	37	2135	8.3493	0.308357	31.5	22.2
CBDDTY010001727.1	1	25560	37	6045	23.6502	0.384233	29.7	35.9
CBDDTY010001728.1	1	25557	49	5393	21.1019	0.445436	29.5	8.1
CBDDTY010001729.1	1	25554	60	6004	23.4953	0.498122	31.3	6
CBDDTY010001730.1	1	25549	143	8220	32.1735	1.38941	30.8	13.2
CBDDTY010001731.1	1	25542	71	8847	34.6371	0.604181	30.5	26.3
CBDDTY010001732.1	1	25502	153	14145	55.4662	1.33452	30.2	13.1
CBDDTY010001733.1	1	25493	37	7496	29.4042	0.38136	31.4	40.7
CBDDTY010001734.1	1	25488	83	13440	52.7307	0.809401	31.3	36.7
CBDDTY010001735.1	1	25484	62	11032	43.2899	0.586172	31.2	37
CBDDTY010001736.1	1	25479	19	2942	11.5468	0.1785	31.5	6.21
CBDDTY010001737.1	1	25476	69	11060	43.4134	0.618307	31	29.2
CBDDTY010001738.1	1	25458	65	9081	35.6705	0.552204	31.9	34
CBDDTY010001739.1	1	25428	72	6397	25.1573	0.666352	30.1	5.74
CBDDTY010001740.1	1	25390	55	10004	39.4013	0.520717	31.4	22.9
CBDDTY010001741.1	1	25385	91	9172	36.1316	0.773488	31.2	7.07
CBDDTY010001742.1	1	25379	13	2163	8.52279	0.106387	29	14.1
CBDDTY010001743.1	1	25323	57	7512	29.6647	0.455633	31.1	23.8
CBDDTY010001744.1	1	25319	179	12178	48.0983	1.69833	31	12.6
CBDDTY010001745.1	1	25313	44	4837	19.1088	0.338561	31.9	16.7
CBDDTY010001746.1	1	25310	102	9968	39.3836	0.971355	32.6	24.6
CBDDTY010001747.1	1	25305	47	6359	25.1294	0.397194	31.3	7.91
CBDDTY010001748.1	1	25292	71	10901	43.1006	0.676736	29.4	45.5
CBDDTY010001749.1	1	25285	29	5617	22.2148	0.273759	30.6	10.8
CBDDTY010001750.1	1	25282	44	7967	31.5125	0.435527	30.8	32.3
CBDDTY010001751.1	1	25269	64	8969	35.4941	0.595671	30.7	33.4
CBDDTY010001752.1	1	25269	55	9179	36.3251	0.499703	31.4	50.4
CBDDTY010001753.1	1	25256	80	12066	47.7748	0.755741	30.5	41.4
CBDDTY010001754.1	1	25239	53	9208	36.4832	0.497761	31.5	47.5
CBDDTY010001755.1	1	25231	57	8938	35.4247	0.476596	30.5	33.5
CBDDTY010001756.1	1	25227	26	4780	18.948	0.24335	29.9	35.5
CBDDTY010001757.1	1	25219	61	5000	19.8263	0.498434	31.3	1.72
CBDDTY010001758.1	1	25211	77	11767	46.6741	0.716275	31.1	30.6
CBDDTY010001759.1	1	25199	26	4574	18.1515	0.231477	28.9	15.4
CBDDTY010001760.1	1	25198	33	4901	19.45	0.282245	31.9	7.52
CBDDTY010001761.1	1	25187	46	5373	21.3324	0.374757	29.8	8.37
CBDDTY010001762.1	1	25183	61	9775	38.8159	0.545844	31.6	36.3
CBDDTY010001763.1	1	25181	6	1053	4.18172	0.0438426	33.9	2.83
CBDDTY010001764.1	1	25164	60	8579	34.0924	0.531076	30.9	39.5
CBDDTY010001765.1	1	25150	61	8402	33.4076	0.628907	30.3	12.6
CBDDTY010001766.1	1	25141	72	7965	31.6813	0.601726	30.1	9.38
CBDDTY010001767.1	1	25138	52	5883	23.4028	0.505529	30.8	22.2
CBDDTY010001768.1	1	25125	104	11857	47.192	1.03825	30.6	10.8
CBDDTY010001769.1	1	25122	150	9197	36.6093	1.43468	30.3	21.3
CBDDTY010001770.1	1	25120	43	6219	24.7572	0.372213	29.1	5.88
CBDDTY010001771.1	1	25102	93	7800	31.0732	0.785993	31.7	10.3
CBDDTY010001772.1	1	25098	38	4660	18.5672	0.334449	28.9	5.08
CBDDTY010001773.1	1	25083	42	7700	30.6981	0.383646	31.2	41.7
CBDDTY010001774.1	1	25071	69	8243	32.8786	0.651869	30.2	11
CBDDTY010001775.1	1	25065	43	7625	30.4209	0.409615	29.5	11.8
CBDDTY010001776.1	1	25055	81	5457	21.7801	0.808421	30.9	16
CBDDTY010001777.1	1	25044	53	8074	32.2393	0.506269	30.7	10.5
CBDDTY010001778.1	1	25040	20	3115	12.4401	0.177995	28.6	16.6
CBDDTY010001779.1	1	25024	38	7042	28.141	0.357457	30.6	44
CBDDTY010001780.1	1	25013	70	8897	35.5695	0.544437	29.7	35.8
CBDDTY010001781.1	1	25011	44	8540	34.145	0.421215	30.7	46.3
CBDDTY010001782.1	1	25008	56	8369	33.4653	0.485125	30.2	32.4
CBDDTY010001783.1	1	25000	9	2714	10.856	0.11836	34.1	30.4
CBDDTY010001784.1	1	25000	8	1248	4.992	0.06368	31.2	19.9
CBDDTY010001785.1	1	25000	7	1011	4.044	0.05092	30.1	1.43
CBDDTY010001786.1	1	25000	50	6498	25.992	0.3754	31.1	12.3
CBDDTY010001787.1	1	24800	52	6513	26.2621	0.484153	31.4	9.52
CBDDTY010001788.1	1	25000	50	7101	28.404	0.45016	30	26.4
CBDDTY010001789.1	1	25000	1	136	0.544	0.00544	33.5	1
CBDDTY010001790.1	1	24200	43	7117	29.4091	0.431736	32.8	28.7
CBDDTY010001791.1	1	25000	31	3793	15.172	0.28368	30.9	32.8
CBDDTY010001792.1	1	25000	100	12265	49.06	0.865	30.1	34.5
CBDDTY010001793.1	1	25000	162	13754	55.016	1.5664	29.6	10.8
CBDDTY010001794.1	1	25000	4	511	2.044	0.04164	26.7	14.5
CBDDTY010001795.1	1	25000	63	1566	6.264	0.62852	30.1	4.51
CBDDTY010001796.1	1	25000	82	10393	41.572	0.70944	31.6	21.6
CBDDTY010001797.1	1	25000	30	4856	19.424	0.27956	31.3	16.1
CBDDTY010001798.1	1	25000	26	3930	15.72	0.2312	31	19.2
CBDDTY010001799.1	1	25000	7	1645	6.58	0.0676	27.6	46.3
CBDDTY010001800.1	1	25000	1	279	1.116	0.01116	22.5	0
CBDDTY010001801.1	1	25000	61	7763	31.052	0.56864	31.6	33.4
CBDDTY010001802.1	1	25000	101	14102	56.408	0.941	30.5	36
CBDDTY010001803.1	1	25000	15	1847	7.388	0.12204	30.2	1.4
CBDDTY010001804.1	1	25000	94	12785	51.14	0.86696	31.1	34.8
CBDDTY010001805.1	1	25000	68	10226	40.904	0.65736	30.1	34.6
CBDDTY010001806.1	1	25000	40	5487	21.948	0.29688	31.6	16.8
CBDDTY010001807.1	1	25000	20	3382	13.528	0.17352	31.1	26.6
CBDDTY010001808.1	1	25000	61	8286	33.144	0.53868	29.7	30.4
CBDDTY010001809.1	1	25000	366	19866	79.464	3.04424	28.3	1.45
CBDDTY010001810.1	1	25000	58	10381	41.524	0.53544	30.4	44
CBDDTY010001811.1	1	25000	49	6992	27.968	0.4062	30.2	22
CBDDTY010001812.1	1	24994	45	6757	27.0345	0.391174	31	24.1
CBDDTY010001813.1	1	24991	60	9902	39.6223	0.574647	31.7	44.4
CBDDTY010001814.1	1	24986	72	11064	44.2808	0.689746	30.6	36.8
CBDDTY010001815.1	1	24986	45	6422	25.7024	0.432482	29.3	21.2
CBDDTY010001816.1	1	24983	43	6306	25.2412	0.386583	32.8	21.3
CBDDTY010001818.1	1	24948	91	11751	47.102	0.859588	30.5	44.3
CBDDTY010001819.1	1	24935	105	15180	60.8783	1.05775	30.9	40.1
CBDDTY010001820.1	1	24928	20	3255	13.0576	0.20499	32	26.1
CBDDTY010001821.1	1	24923	74	8302	33.3106	0.641456	32	9.27
CBDDTY010001822.1	1	24881	66	7411	29.7858	0.593103	30.9	15.2
CBDDTY010001823.1	1	24878	93	12278	49.3528	0.881341	30.6	30
CBDDTY010001824.1	1	24843	9	1316	5.29727	0.075474	32.7	0.111
CBDDTY010001825.1	1	24835	37	5795	23.334	0.318059	32.2	7.22
CBDDTY010001826.1	1	24814	27	3585	14.4475	0.256508	31	7.96
CBDDTY010001827.1	1	24799	37	6109	24.6341	0.305456	30.2	35
CBDDTY010001828.1	1	24799	50	8033	32.3924	0.484253	29.6	11.6
CBDDTY010001829.1	1	24788	63	9012	36.3563	0.611869	29.7	12.7
CBDDTY010001830.1	1	24787	67	6423	25.9128	0.61153	31	5.33
CBDDTY010001831.1	1	24758	317	16720	67.5337	3.24041	30.9	19.5
CBDDTY010001832.1	1	24752	108	9361	37.8192	1.00299	30.9	20.1
CBDDTY010001833.1	1	24750	14	2557	10.3313	0.122626	30	10.3
CBDDTY010001834.1	1	24726	68	9010	36.4394	0.628488	29	16.5
CBDDTY010001835.1	1	24720	43	5467	22.1157	0.408252	32.6	16.7
CBDDTY010001836.1	1	24708	61	9440	38.2062	0.562652	31.1	32.8
CBDDTY010001837.1	1	24707	6	914	3.69936	0.0429838	27.3	10
CBDDTY010001838.1	1	24698	40	7322	29.6461	0.426755	30.1	36.2
CBDDTY010001839.1	1	24689	34	4796	19.4257	0.269513	31.3	16.2
CBDDTY010001840.1	1	24683	47	6675	27.0429	0.373293	29.2	23.4
CBDDTY010001841.1	1	24665	31	3522	14.2793	0.230205	30.2	11
CBDDTY010001842.1	1	24661	61	6808	27.6063	0.535015	31.1	11.6
CBDDTY010001843.1	1	24655	14	3028	12.2815	0.133036	33.3	27
CBDDTY010001844.1	1	24630	60	9476	38.4734	0.576939	31.1	40.5
CBDDTY010001845.1	1	24629	61	8740	35.4866	0.534898	30.4	25.9
CBDDTY010001846.1	1	24627	42	4626	18.7843	0.353717	30.2	2.79
CBDDTY010001847.1	1	24626	24	3648	14.8136	0.182206	28.8	10.3
CBDDTY010001848.1	1	24618	66	8365	33.9792	0.596434	29.5	18.1
CBDDTY010001849.1	1	24613	36	5453	22.155	0.325316	32.1	11
CBDDTY010001850.1	1	24611	148	12389	50.3393	1.34245	31.3	6.91
CBDDTY010001851.1	1	24610	57	7841	31.861	0.507924	31.1	16.7
CBDDTY010001852.1	1	24598	72	10244	41.6457	0.65172	31.1	35.4
CBDDTY010001853.1	1	24590	32	4799	19.5161	0.26771	28.1	14.8
CBDDTY010001854.1	1	24585	108	12199	49.6197	1.03925	30.5	27.5
CBDDTY010001855.1	1	24584	27	5371	21.8475	0.274569	31	27.8
CBDDTY010001856.1	1	24576	42	7549	30.717	0.375773	30.3	36.8
CBDDTY010001857.1	1	24573	60	9476	38.5627	0.566435	31.1	41.8
CBDDTY010001858.1	1	24570	28	5070	20.6349	0.26801	31	26.5
CBDDTY010001859.1	1	24563	37	5110	20.8036	0.332003	30.8	19.8
CBDDTY010001860.1	1	24551	51	5946	24.219	0.401165	29.5	10.1
CBDDTY010001861.1	1	24534	22	3460	14.1029	0.279327	30.6	4.05
CBDDTY010001862.1	1	24531	41	4704	19.1757	0.317272	32	9.41
CBDDTY010001863.1	1	24512	97	12052	49.1678	0.959408	31.9	26.3
CBDDTY010001864.1	1	24503	23	4113	16.7857	0.204302	32.5	32.3
CBDDTY010001865.1	1	24470	11	2024	8.27135	0.102493	31.5	18.2
CBDDTY010001866.1	1	24453	52	6876	28.1192	0.493477	30.3	13.7
CBDDTY010001867.1	1	24447	53	8147	33.3252	0.442508	29.7	35.6
CBDDTY010001868.1	1	24442	41	4522	18.5009	0.371205	29.3	6.83
CBDDTY010001869.1	1	24436	223	11783	48.2198	2.19758	30	11.7
CBDDTY010001870.1	1	24428	73	10037	41.0881	0.651834	30.9	35
CBDDTY010001871.1	1	24406	59	5840	23.9285	0.587519	30	9.76
CBDDTY010001872.1	1	24400	57	10296	42.1967	0.553811	28.9	30.4
CBDDTY010001873.1	1	24390	54	7166	29.3809	0.486142	32	9.78
CBDDTY010001874.1	1	24334	120	12621	51.8657	1.06016	30.3	10.1
CBDDTY010001875.1	1	24315	60	10154	41.7602	0.547275	29.3	38.6
CBDDTY010001876.1	1	24307	54	10442	42.9588	0.560826	31.1	39.4
CBDDTY010001877.1	1	24296	30	5171	21.2833	0.26173	30.5	20.4
CBDDTY010001878.1	1	24289	3	863	3.55305	0.0355305	29.2	30.7
CBDDTY010001879.1	1	24277	63	8840	36.4131	0.637023	31.3	23.3
CBDDTY010001880.1	1	24252	34	6633	27.3503	0.346446	31.5	23.9
CBDDTY010001881.1	1	24235	57	10229	42.2076	0.539591	30.3	48.5
CBDDTY010001882.1	1	24225	85	10909	45.032	0.782167	29.8	24.3
CBDDTY010001883.1	1	24219	79	10894	44.9812	0.762872	29.8	37
CBDDTY010001884.1	1	24201	38	4673	19.3091	0.287922	31.3	25
CBDDTY010001885.1	1	24000	56	9042	37.675	0.57875	31.7	39.5
CBDDTY010001886.1	1	24192	42	7493	30.973	0.429522	30.4	45.7
CBDDTY010001887.1	1	24189	61	5938	24.5483	0.515896	29.4	5.97
CBDDTY010001888.1	1	24184	61	7828	32.3685	0.614208	31.4	29.4
CBDDTY010001889.1	1	24176	55	9755	40.3499	0.548726	30	40.8
CBDDTY010001890.1	1	24155	55	8343	34.5394	0.513227	31.8	25.9
CBDDTY010001891.1	1	24153	42	6603	27.3382	0.382644	30.3	28
CBDDTY010001892.1	1	24148	78	6195	25.6543	0.71919	30.2	14.2
CBDDTY010001893.1	1	24145	59	7978	33.042	0.575606	29.4	0.61
CBDDTY010001894.1	1	24123	48	7275	30.1579	0.405878	30.8	24.1
CBDDTY010001895.1	1	24121	20	3177	13.1711	0.165416	29	14.4
CBDDTY010001896.1	1	24112	84	12909	53.5377	0.782059	30.7	38.8
CBDDTY010001897.1	1	24100	54	8482	35.195	0.545062	31.8	27.4
CBDDTY010001898.1	1	24079	39	6756	28.0576	0.337182	31.4	37.5
CBDDTY010001899.1	1	24075	12	2053	8.52752	0.093541	30.5	2.58
CBDDTY010001900.1	1	24070	109	11265	46.801	1.05256	30.4	21
CBDDTY010001901.1	1	24032	183	16212	67.4601	1.81208	30.9	32.7
CBDDTY010001902.1	1	24022	51	7330	30.5137	0.48135	28.5	23.3
CBDDTY010001903.1	1	24020	16	2121	8.83014	0.126436	28.1	8.06
CBDDTY010001904.1	1	24013	23	5328	22.188	0.250864	28.4	0.13
CBDDTY010001905.1	1	24011	138	13344	55.5745	1.24834	30.1	16.3
CBDDTY010001906.1	1	24002	80	4768	19.865	0.877135	31.6	6.16
CBDDTY010001907.1	1	24000	52	7945	33.1042	0.448667	31	34.5
CBDDTY010001908.1	1	24000	67	5684	23.6833	0.550375	31.7	7.93
CBDDTY010001909.1	1	24000	19	3206	13.3583	0.135542	31.1	11.6
CBDDTY010001911.1	1	24000	29	3996	16.65	0.238625	31.4	9.41
CBDDTY010001912.1	1	24000	45	6154	25.6417	0.4385	30.2	22.2
CBDDTY010001913.1	1	24000	29	4155	17.3125	0.233458	29.9	7.41
CBDDTY010001914.1	1	24000	54	7043	29.3458	0.517125	30.3	13
CBDDTY010001915.1	1	24000	6	607	2.52917	0.052875	28.1	3.17
CBDDTY010001916.1	1	24000	39	6468	26.95	0.340667	29.3	14.7
CBDDTY010001917.1	1	24000	81	10522	43.8417	0.735042	30.7	47.1
CBDDTY010001918.1	1	24000	5	849	3.5375	0.0444583	30.8	44.2
CBDDTY010001919.1	1	24000	135	13840	57.6667	1.25404	30.2	34.9
CBDDTY010001920.1	1	23800	18	2711	11.3908	0.131345	30.1	7
CBDDTY010001921.1	1	24000	6	1210	5.04167	0.0517083	33.8	0
CBDDTY010001922.1	1	24000	24	3576	14.9	0.206542	30.5	29.9
CBDDTY010001923.1	1	24000	57	8338	34.7417	0.540333	30.8	34.3
CBDDTY010001924.1	1	24000	52	6507	27.1125	0.491	31.2	15.7
CBDDTY010001925.1	1	23669	41	5969	25.2186	0.418649	32.1	17.5
CBDDTY010001926.1	1	24000	32	3935	16.3958	0.251125	29.9	15.5
CBDDTY010001927.1	1	24000	8	1348	5.61667	0.0699583	31.9	19.4
CBDDTY010001928.1	1	24000	78	10632	44.3	0.723292	30.5	25
CBDDTY010001929.1	1	24000	50	6548	27.2833	0.450125	30	26.6
CBDDTY010001930.1	1	24000	27	4374	18.225	0.262292	31.2	12.5
CBDDTY010001931.1	1	24000	58	9169	38.2042	0.53725	30.9	33.8
CBDDTY010001932.1	1	23998	29	4920	20.5017	0.243729	31.3	24
CBDDTY010001933.1	1	23998	37	6259	26.0813	0.386241	31.6	0.378
CBDDTY010001934.1	1	23965	62	7941	33.1358	0.57513	29.8	25.4
CBDDTY010001935.1	1	23964	196	12362	51.5857	1.96891	31	13.5
CBDDTY010001936.1	1	23963	39	4152	17.3267	0.392355	29.9	11.5
CBDDTY010001937.1	1	23959	29	4643	19.3789	0.271505	30.3	11.4
CBDDTY010001938.1	1	23959	138	15285	63.7965	1.40845	30.5	26.9
CBDDTY010001939.1	1	23957	51	6821	28.4718	0.4511	31.6	3.24
CBDDTY010001940.1	1	23947	66	10552	44.064	0.597403	30.5	33.1
CBDDTY010001941.1	1	23938	51	7133	29.7978	0.42468	30.5	14.5
CBDDTY010001942.1	1	23938	80	12160	50.7979	0.860473	29.7	43.6
CBDDTY010001943.1	1	23936	80	10791	45.0827	0.691427	30.8	25.6
CBDDTY010001944.1	1	23919	53	6077	25.4066	0.468331	30.2	2.55
CBDDTY010001945.1	1	23918	33	5100	21.3229	0.248014	29.7	31.8
CBDDTY010001946.1	1	23911	54	7613	31.8389	0.527414	31.1	19
CBDDTY010001947.1	1	23906	63	8802	36.8192	0.645152	30.6	34.4
CBDDTY010001948.1	1	23897	36	6424	26.882	0.340921	29.6	32.4
CBDDTY010001949.1	1	23882	83	10099	42.2871	0.787539	30	30
CBDDTY010001950.1	1	23879	120	10816	45.295	1.14766	31.4	24.4
CBDDTY010001951.1	1	23865	73	12449	52.1643	0.750304	30.1	48.9
CBDDTY010001952.1	1	23847	46	8106	33.9917	0.451587	30.8	13.6
CBDDTY010001953.1	1	23843	36	5818	24.4013	0.319633	30.1	25
CBDDTY010001954.1	1	23819	48	7840	32.9149	0.436374	29.4	25.9
CBDDTY010001955.1	1	23814	15	2114	8.87713	0.133367	30.2	12.4
CBDDTY010001956.1	1	23806	36	6232	26.1783	0.352054	30.1	30.5
CBDDTY010001957.1	1	23791	93	9743	40.9525	0.938086	29.9	7.97
CBDDTY010001958.1	1	23783	32	4860	20.4348	0.277803	30.4	4.38
CBDDTY010001959.1	1	23771	6	1207	5.07762	0.0546043	28.6	2
CBDDTY010001960.1	1	23770	84	10953	46.0791	0.838452	30.6	36.9
CBDDTY010001961.1	1	23763	47	8745	36.8009	0.502125	30.4	37.3
CBDDTY010001962.1	1	23751	69	8940	37.6405	0.632058	30.8	17.1
CBDDTY010001963.1	1	23735	84	10558	44.4828	0.920286	29.5	31.2
CBDDTY010001964.1	1	23713	25	4585	19.3354	0.226247	32	12.7
CBDDTY010001965.1	1	23712	15	901	3.79976	0.135543	29.8	3.13
CBDDTY010001966.1	1	23705	61	9495	40.0548	0.581101	31.9	25
CBDDTY010001967.1	1	23685	69	9400	39.6876	0.631961	29.8	18.9
CBDDTY010001968.1	1	23679	147	14988	63.2966	1.47211	31.5	27
CBDDTY010001969.1	1	23678	65	9234	38.9982	0.626784	29.1	29.6
CBDDTY010001970.1	1	23661	41	6481	27.3911	0.423693	31.5	30.2
CBDDTY010001971.1	1	23597	26	4351	18.4388	0.228758	30.9	33
CBDDTY010001972.1	1	23589	86	7227	30.6372	0.90822	30.2	3.22
CBDDTY010001973.1	1	23585	68	10514	44.5792	0.717448	31.1	46.8
CBDDTY010001974.1	1	23567	21	2241	9.50906	0.122205	31.5	2.76
CBDDTY010001975.1	1	23562	71	10585	44.924	0.719846	30.6	35.4
CBDDTY010001976.1	1	23549	52	6986	29.6658	0.518196	29.7	21.7
CBDDTY010001977.1	1	23542	27	4073	17.301	0.235791	31.4	10
CBDDTY010001978.1	1	23527	57	7458	31.6997	0.582777	30.3	20.8
CBDDTY010001979.1	1	23525	29	4382	18.627	0.264782	27.9	15.4
CBDDTY010001980.1	1	23513	40	5900	25.0925	0.352699	31.1	23.9
CBDDTY010001981.1	1	23503	70	10066	42.8286	0.789389	29.8	36.3
CBDDTY010001982.1	1	23490	90	14197	60.4385	0.92069	30.3	47.4
CBDDTY010001983.1	1	23478	32	5502	23.4347	0.333631	31.6	47
CBDDTY010001984.1	1	23477	12	1538	6.55109	0.0852749	29.8	6.08
CBDDTY010001985.1	1	23461	35	4520	19.266	0.2846	31.8	5.77
CBDDTY010001986.1	1	23459	45	7328	31.2375	0.449678	31.4	29.9
CBDDTY010001987.1	1	23456	79	9623	41.0258	0.71082	29.5	27.8
CBDDTY010001988.1	1	23436	46	6582	28.085	0.440049	30.6	15
CBDDTY010001989.1	1	23431	50	6022	25.701	0.441466	30.1	14.2
CBDDTY010001990.1	1	23427	101	11553	49.3149	0.97426	30.3	41.4
CBDDTY010001991.1	1	23426	26	2463	10.514	0.233928	30.7	15.7
CBDDTY010001992.1	1	23426	60	7671	32.7457	0.563647	29.5	10.4
CBDDTY010001993.1	1	23424	63	6653	28.4025	0.506318	31.2	22.7
CBDDTY010001994.1	1	23424	37	5873	25.0726	0.32599	30.5	29.1
CBDDTY010001995.1	1	23406	67	11106	47.4494	0.649193	30.9	37.5
CBDDTY010001996.1	1	23396	25	2964	12.6688	0.220166	32.4	12.3
CBDDTY010001997.1	1	23395	56	4905	20.966	0.571874	31	10.6
CBDDTY010001998.1	1	23386	51	5344	22.8513	0.405071	32.3	11
CBDDTY010001999.1	1	23384	82	11963	51.1589	0.779379	31.3	33.8
CBDDTY010002000.1	1	23381	69	8218	35.1482	0.689534	31.6	29
CBDDTY010002001.1	1	23364	10	959	4.10461	0.0606061	33.4	16.3
CBDDTY010002002.1	1	23327	56	5519	23.6593	0.537832	32.3	5.5
CBDDTY010002003.1	1	23326	18	2573	11.0306	0.153434	30	18.2
CBDDTY010002004.1	1	23324	47	6062	25.9904	0.452495	31.4	8.19
CBDDTY010002005.1	1	23306	53	8449	36.2525	0.584742	29.2	7.11
CBDDTY010002006.1	1	23304	40	6308	27.0683	0.404866	29.6	14.1
CBDDTY010002007.1	1	23298	37	4025	17.2762	0.352992	31.8	6.62
CBDDTY010002008.1	1	23285	74	10373	44.548	0.708911	30.1	28.4
CBDDTY010002009.1	1	23270	44	7139	30.679	0.394027	29.7	38.5
CBDDTY010002010.1	1	23268	56	9735	41.8386	0.614535	29.8	45.5
CBDDTY010002011.1	1	23246	51	6054	26.0432	0.473157	30	11.8
CBDDTY010002012.1	1	23243	44	6475	27.8578	0.445984	29.9	21
CBDDTY010002013.1	1	23241	73	10493	45.1487	0.665763	32.4	37.1
CBDDTY010002014.1	1	23226	53	7656	32.9631	0.463704	31.4	39.5
CBDDTY010002015.1	1	23220	41	5623	24.2162	0.454996	29.6	13.7
CBDDTY010002016.1	1	23210	41	6746	29.0651	0.414821	30.3	38.3
CBDDTY010002017.1	1	23200	55	9198	39.6466	0.545862	31.8	46.9
CBDDTY010002018.1	1	23200	62	8378	36.1121	0.574914	31.4	31.4
CBDDTY010002019.1	1	23194	54	6206	26.7569	0.557774	31.5	10
CBDDTY010002020.1	1	23187	38	6882	29.6804	0.37948	31.5	18.8
CBDDTY010002021.1	1	23187	168	14634	63.113	1.8541	30	22.4
CBDDTY010002022.1	1	23184	34	4717	20.3459	0.312327	30.5	16.2
CBDDTY010002023.1	1	23179	61	9517	41.0587	0.627292	30.5	39.7
CBDDTY010002024.1	1	23166	64	10666	46.0416	0.676552	30.5	47.7
CBDDTY010002025.1	1	23160	58	8784	37.9275	0.60367	30.4	25.2
CBDDTY010002026.1	1	23133	45	7400	31.9889	0.420093	30.6	42.4
CBDDTY010002027.1	1	23128	20	3530	15.2629	0.203692	30	15.3
CBDDTY010002028.1	1	23127	29	4356	18.8351	0.213171	31.5	21
CBDDTY010002029.1	1	23116	61	8097	35.0277	0.621388	31.2	32.6
CBDDTY010002030.1	1	23114	94	9505	41.1223	0.887601	32.7	33.5
CBDDTY010002031.1	1	23099	33	7176	31.0663	0.374951	29.5	45.8
CBDDTY010002032.1	1	23090	50	8748	37.8865	0.497705	31.2	45.3
CBDDTY010002033.1	1	23074	42	7610	32.9808	0.507194	30.8	26.7
CBDDTY010002034.1	1	23068	119	14842	64.3402	1.28732	29.7	50.1
CBDDTY010002035.1	1	23061	68	7905	34.2787	0.726161	30.8	18.5
CBDDTY010002036.1	1	23032	76	10597	46.0099	0.756469	30.6	21.6
CBDDTY010002037.1	1	23027	58	7035	30.5511	0.55018	31.2	26
CBDDTY010002038.1	1	23009	44	6108	26.5461	0.392586	29.8	12.6
CBDDTY010002039.1	1	22800	20	3892	17.0702	0.248289	31.7	20.9
CBDDTY010002040.1	1	23000	52	6536	28.4174	0.513913	30.8	7.38
CBDDTY010002041.1	1	23000	24	4019	17.4739	0.257522	30.5	13.1
CBDDTY010002042.1	1	23000	6	735	3.19565	0.0497391	32.7	10.5
CBDDTY010002043.1	1	23000	25	3838	16.687	0.272174	31	21.2
CBDDTY010002044.1	1	23000	70	8867	38.5522	0.562087	29.5	16
CBDDTY010002045.1	1	23000	78	8915	38.7609	0.71087	31.2	19.9
CBDDTY010002046.1	1	23000	58	7695	33.4565	0.528478	30.3	23
CBDDTY010002048.1	1	23000	3	430	1.86957	0.0186957	34.4	12
CBDDTY010002049.1	1	22393	83	10422	46.5413	0.884384	31	39.7
CBDDTY010002050.1	1	23000	96	7362	32.0087	0.802522	31.3	6.58
CBDDTY010002051.1	1	23000	58	5954	25.887	0.502652	31.7	14.7
CBDDTY010002052.1	1	23000	42	5192	22.5739	0.361	30.9	9.02
CBDDTY010002053.1	1	23000	22	2667	11.5957	0.163826	32.7	6.59
CBDDTY010002054.1	1	23000	37	5001	21.7435	0.343913	29.2	22.4
CBDDTY010002055.1	1	23000	47	6933	30.1435	0.455391	30.1	22.6
CBDDTY010002056.1	1	23000	14	1630	7.08696	0.111261	33.2	14.2
CBDDTY010002057.1	1	23000	6	1502	6.53043	0.0825217	27.4	3.67
CBDDTY010002058.1	1	23000	39	6902	30.0087	0.42187	31.6	35.6
CBDDTY010002059.1	1	23000	7	1077	4.68261	0.0652609	31.3	52.4
CBDDTY010002060.1	1	23000	53	5640	24.5217	0.566304	29.9	8.21
CBDDTY010002061.1	1	23000	130	10829	47.0826	1.3557	30.9	20.1
CBDDTY010002062.1	1	23000	23	4389	19.0826	0.238391	29.6	6.91
CBDDTY010002063.1	1	22800	26	859	3.76754	0.246316	34.5	4.85
CBDDTY010002064.1	1	23000	27	4817	20.9435	0.233435	31.9	24.9
CBDDTY010002065.1	1	23000	44	4176	18.1565	0.437391	30.3	7.64
CBDDTY010002066.1	1	23000	116	11678	50.7739	1.22887	31.5	26.4
CBDDTY010002067.1	1	23000	72	10285	44.7174	0.664522	32	12.8
CBDDTY010002068.1	1	23000	75	6732	29.2696	0.650174	31.2	10.8
CBDDTY010002069.1	1	23000	48	6808	29.6	0.478478	31.1	15.1
CBDDTY010002070.1	1	23000	73	7794	33.887	0.731304	31.8	8.26
CBDDTY010002071.1	1	22999	26	3768	16.3833	0.21327	31.4	36.1
CBDDTY010002072.1	1	22989	58	9463	41.1632	0.573057	31.5	41.8
CBDDTY010002073.1	1	22978	13	1753	7.62904	0.113065	31	2.38
CBDDTY010002074.1	1	22953	44	7101	30.9371	0.456759	31.7	25.6
CBDDTY010002075.1	1	22931	11	1321	5.76076	0.0849505	31.2	20.8
CBDDTY010002076.1	1	22927	67	9609	41.9113	0.682819	30.9	29.3
CBDDTY010002077.1	1	22927	59	6385	27.8493	0.567192	30.2	9
CBDDTY010002078.1	1	22926	31	4874	21.2597	0.2823	30.1	15.5
CBDDTY010002079.1	1	22926	29	3688	16.0865	0.232749	29.3	13.3
CBDDTY010002080.1	1	22898	70	8074	35.2607	0.665997	31.5	12.9
CBDDTY010002081.1	1	22893	19	3610	15.769	0.183069	31.6	29.4
CBDDTY010002082.1	1	22893	44	7330	32.0185	0.452453	32.2	22.9
CBDDTY010002083.1	1	22852	54	9058	39.6377	0.546736	31.5	41.7
CBDDTY010002084.1	1	22852	55	8716	38.1411	0.559863	30.4	13.8
CBDDTY010002085.1	1	22834	33	4968	21.757	0.300517	31.2	11.9
CBDDTY010002086.1	1	22820	147	12818	56.17	1.52945	29.6	15.6
CBDDTY010002087.1	1	22816	59	9849	43.1671	0.5831	30.7	40.9
CBDDTY010002088.1	1	22803	64	6782	29.7417	0.627637	30.1	5.06
CBDDTY010002089.1	1	22791	66	10369	45.496	0.697644	30	45.1
CBDDTY010002090.1	1	22791	44	7690	33.7414	0.475275	31	33.7
CBDDTY010002091.1	1	22776	49	5907	25.9352	0.497936	30.9	18.8
CBDDTY010002092.1	1	22776	45	6372	27.9768	0.477828	30.7	2.16
CBDDTY010002093.1	1	22775	28	3946	17.326	0.231262	30	15.4
CBDDTY010002094.1	1	22773	10	1121	4.9225	0.0717077	31.3	14.7
CBDDTY010002095.1	1	22760	63	10077	44.275	0.65145	30.9	39
CBDDTY010002096.1	1	22756	26	4568	20.0738	0.240244	30	25.4
CBDDTY010002097.1	1	22751	84	11031	48.4858	0.928838	31.3	19.4
CBDDTY010002098.1	1	22751	67	10373	45.5936	0.740583	31.7	29.6
CBDDTY010002099.1	1	22729	42	7371	32.4299	0.431431	30.1	36.5
CBDDTY010002100.1	1	22725	25	4908	21.5974	0.267459	30.4	31.8
CBDDTY010002101.1	1	22723	119	14399	63.3675	1.29415	31	16.7
CBDDTY010002102.1	1	22715	60	10377	45.6835	0.655162	30.7	16.8
CBDDTY010002103.1	1	22687	50	5267	23.2159	0.500727	29.6	11.2
CBDDTY010002104.1	1	22674	85	10045	44.3018	0.960969	30.8	25.7
CBDDTY010002105.1	1	22644	50	8308	36.6896	0.50923	30.9	37.1
CBDDTY010002106.1	1	22639	13	1758	7.76536	0.0922302	31.6	13.8
CBDDTY010002107.1	1	22634	54	8830	39.0121	0.580145	30.6	35.5
CBDDTY010002108.1	1	22618	58	4268	18.8699	0.54125	30.6	11.1
CBDDTY010002109.1	1	22610	9	1935	8.55816	0.111499	31.3	11.3
CBDDTY010002110.1	1	22592	33	5444	24.097	0.307631	29.6	18.4
CBDDTY010002111.1	1	22590	24	3348	14.8207	0.231253	28.8	8.58
CBDDTY010002112.1	1	22586	117	14246	63.0745	1.18932	30.3	32.4
CBDDTY010002113.1	1	22578	17	2840	12.5786	0.14957	30.2	21.5
CBDDTY010002114.1	1	22575	46	5071	22.4629	0.446556	30	5
CBDDTY010002115.1	1	22573	41	6122	27.1209	0.364373	30.1	15.6
CBDDTY010002116.1	1	22573	37	4715	20.8878	0.361538	29.2	5.92
CBDDTY010002117.1	1	22558	45	8289	36.7453	0.548586	30.3	16.6
CBDDTY010002118.1	1	22533	50	8494	37.6958	0.459548	31.5	37.6
CBDDTY010002119.1	1	22533	11	2785	12.3597	0.128478	30.4	22.4
CBDDTY010002120.1	1	22524	49	7308	32.4454	0.444637	29.6	31.5
CBDDTY010002121.1	1	22510	130	14156	62.8876	1.49018	30.2	13
CBDDTY010002122.1	1	22498	141	10155	45.1373	1.47875	30	15.9
CBDDTY010002123.1	1	22494	9	1628	7.23749	0.0782431	31.3	12.8
CBDDTY010002124.1	1	22472	56	3701	16.4694	0.554557	30.7	13.5
CBDDTY010002125.1	1	22451	115	11884	52.9331	1.22623	31.4	21.9
CBDDTY010002126.1	1	22448	39	5736	25.5524	0.395759	31.3	27.6
CBDDTY010002127.1	1	22447	54	7822	34.8465	0.534013	29.9	14.9
CBDDTY010002128.1	1	22446	91	11012	49.06	0.951974	31.4	34.8
CBDDTY010002129.1	1	22444	73	10372	46.2128	0.781946	30.4	41.2
CBDDTY010002130.1	1	22442	49	8044	35.8435	0.45397	29.8	14.8
CBDDTY010002131.1	1	22416	41	6140	27.3911	0.413856	31	9.12
CBDDTY010002132.1	1	22402	54	4466	19.9357	0.517677	31.9	9.5
CBDDTY010002133.1	1	22394	170	8171	36.4875	1.75462	31.4	12.5
CBDDTY010002134.1	1	22384	37	5687	25.4065	0.373749	30.3	34.2
CBDDTY010002135.1	1	22352	95	11258	50.3669	0.991455	30.7	22.9
CBDDTY010002136.1	1	22314	46	8437	37.8103	0.530698	30.9	40.6
CBDDTY010002137.1	1	22310	76	9583	42.9538	0.740654	32	13.4
CBDDTY010002138.1	1	22307	27	4910	22.011	0.266329	31.6	8.41
CBDDTY010002139.1	1	22307	45	7227	32.3979	0.437352	28.9	35.3
CBDDTY010002140.1	1	22305	164	12058	54.0596	1.86097	30.4	5.93
CBDDTY010002141.1	1	22298	44	8072	36.2006	0.452283	31.3	44.5
CBDDTY010002142.1	1	22296	30	5428	24.3452	0.366299	28.8	14.1
CBDDTY010002143.1	1	22295	42	5695	25.5438	0.429872	29.8	12.4
CBDDTY010002144.1	1	22294	69	10382	46.5686	0.673275	30.6	50.2
CBDDTY010002145.1	1	22292	129	10135	45.4647	1.36417	30.4	11.9
CBDDTY010002146.1	1	22285	47	4366	19.5917	0.390846	31.4	4.17
CBDDTY010002147.1	1	22282	37	6021	27.0218	0.363208	30.2	32.4
CBDDTY010002148.1	1	22276	66	10375	46.5748	0.716466	30.6	41.2
CBDDTY010002149.1	1	22256	30	5218	23.4454	0.297448	29.6	22.2
CBDDTY010002150.1	1	22249	48	8982	40.3704	0.533148	30.5	35.8
CBDDTY010002151.1	1	22234	45	8296	37.3122	0.473059	30.2	30.2
CBDDTY010002152.1	1	22231	55	8813	39.6428	0.625613	30.8	16.6
CBDDTY010002153.1	1	22216	17	2634	11.8563	0.138774	30.8	7.24
CBDDTY010002154.1	1	22216	54	7290	32.8142	0.551404	30.5	28.8
CBDDTY010002155.1	1	22211	56	8524	38.3774	0.552069	33	46.9
CBDDTY010002156.1	1	22198	29	5101	22.9795	0.289125	28.5	7.1
CBDDTY010002157.1	1	22183	16	2730	12.3067	0.163549	30.8	20.9
CBDDTY010002158.1	1	22166	8	1354	6.10845	0.0685735	33	1.25
CBDDTY010002159.1	1	22154	35	5775	26.0675	0.372709	30	34
CBDDTY010002160.1	1	22139	75	10151	45.8512	0.758752	30.3	16.8
CBDDTY010002161.1	1	22136	67	9759	44.0866	0.664167	29.8	35
CBDDTY010002162.1	1	22099	30	5547	25.1007	0.303045	29.3	30.3
CBDDTY010002163.1	1	22095	93	5889	26.6531	1.07635	30.2	41.7
CBDDTY010002164.1	1	22059	49	7066	32.0323	0.490412	30	14.2
CBDDTY010002165.1	1	22055	53	6016	27.2773	0.535933	30.2	2.09
CBDDTY010002166.1	1	22052	31	4528	20.5333	0.279294	30.4	11.1
CBDDTY010002167.1	1	22046	30	4870	22.0902	0.329629	30.8	6.67
CBDDTY010002168.1	1	22044	61	5858	26.5741	0.643259	32.2	20.8
CBDDTY010002169.1	1	22035	45	7737	35.1123	0.519038	30.4	21.8
CBDDTY010002170.1	1	22011	10	2275	10.3357	0.10681	31.6	9.7
CBDDTY010002171.1	1	22004	52	7217	32.7986	0.573078	31.4	17.4
CBDDTY010002172.1	1	22003	68	7559	34.3544	0.686043	31.1	25.4
CBDDTY010002173.1	1	22000	33	5076	23.0727	0.3495	31.9	11.6
CBDDTY010002174.1	1	22000	32	3947	17.9409	0.310364	30	0.75
CBDDTY010002175.1	1	22000	20	3520	16	0.216182	30.7	24.9
CBDDTY010002176.1	1	22000	30	4669	21.2227	0.301818	32.1	5.53
CBDDTY010002177.1	1	22000	13	1731	7.86818	0.104182	30.9	22.5
CBDDTY010002178.1	1	22000	55	6560	29.8182	0.565273	30.5	24.4
CBDDTY010002179.1	1	22000	54	8204	37.2909	0.551273	31.8	25.6
CBDDTY010002180.1	1	22000	38	4088	18.5818	0.307182	30.7	15.9
CBDDTY010002181.1	1	22000	7	1421	6.45909	0.0859545	30.6	20.3
CBDDTY010002182.1	1	21777	32	4934	22.6569	0.292143	30.4	10.9
CBDDTY010002183.1	1	22000	4	888	4.03636	0.0483182	30	2.25
CBDDTY010002184.1	1	22000	39	5741	26.0955	0.390955	30.6	9.21
CBDDTY010002185.1	1	22000	28	4584	20.8364	0.2665	26.6	5.14
CBDDTY010002186.1	1	22000	36	6389	29.0409	0.3835	31.3	32.5
CBDDTY010002187.1	1	22000	48	5537	25.1682	0.507545	30.8	3.62
CBDDTY010002188.1	1	22000	75	10406	47.3	0.825773	31.4	28.5
CBDDTY010002189.1	1	22000	45	8129	36.95	0.488864	29.9	34.5
CBDDTY010002190.1	1	22000	34	4920	22.3636	0.295773	29.5	11.6
CBDDTY010002191.1	1	22000	99	12401	56.3682	0.997591	31.6	23.2
CBDDTY010002192.1	1	22000	44	6936	31.5273	0.418227	30.9	25.9
CBDDTY010002193.1	1	22000	57	9049	41.1318	0.634636	29.8	30.5
CBDDTY010002194.1	1	22000	65	9709	44.1318	0.668818	29.6	16.8
CBDDTY010002195.1	1	22000	9	1060	4.81818	0.0833182	29.1	23
CBDDTY010002197.1	1	22000	22	4446	20.2091	0.230682	31.3	23.1
CBDDTY010002198.1	1	22000	46	7433	33.7864	0.4635	31.3	28.4
CBDDTY010002199.1	1	22000	6	940	4.27273	0.0509091	29.6	42.3
CBDDTY010002200.1	1	21800	46	6838	31.367	0.448349	29.3	12.2
CBDDTY010002201.1	1	22000	29	4149	18.8591	0.286727	31.7	11.1
CBDDTY010002202.1	1	22000	75	8116	36.8909	0.784818	29.9	15.7
CBDDTY010002203.1	1	22000	43	8731	39.6864	0.470091	30.8	40.4
CBDDTY010002204.1	1	22000	20	2583	11.7409	0.189182	29.4	20.2
CBDDTY010002206.1	1	22000	47	6795	30.8864	0.478545	29.9	13.2
CBDDTY010002207.1	1	21998	33	7008	31.8574	0.380853	30.7	30.5
CBDDTY010002208.1	1	21996	33	4993	22.6996	0.315694	28.5	15.1
CBDDTY010002209.1	1	21994	56	8827	40.1337	0.621851	31.8	28.6
CBDDTY010002210.1	1	21960	59	6887	31.3616	0.648679	31.1	12.7
CBDDTY010002211.1	1	21951	57	5987	27.2744	0.618924	29.6	6.58
CBDDTY010002212.1	1	21950	49	7801	35.5399	0.556036	31.4	8.61
CBDDTY010002213.1	1	21946	84	9722	44.2996	0.922355	30.1	13.5
CBDDTY010002214.1	1	21917	36	3774	17.2195	0.302186	30.2	4.14
CBDDTY010002215.1	1	21885	76	9538	43.5824	0.816267	28.9	26.7
CBDDTY010002216.1	1	21851	46	5788	26.4885	0.466157	30.4	23.9
CBDDTY010002217.1	1	21847	34	5008	22.9231	0.331762	30.5	5.44
CBDDTY010002218.1	1	21840	59	9840	45.0549	0.604945	30.9	42
CBDDTY010002219.1	1	21830	105	9391	43.0188	1.11475	31.1	25
CBDDTY010002220.1	1	21805	50	6701	30.7315	0.516992	31.3	24.4
CBDDTY010002221.1	1	21805	23	3543	16.2486	0.260124	30.6	13.5
CBDDTY010002222.1	1	21795	52	7588	34.8153	0.529663	29.8	24.4
CBDDTY010002223.1	1	21791	29	5107	23.4363	0.312652	30.6	5.07
CBDDTY010002224.1	1	21782	22	3133	14.3834	0.188872	22.8	0.909
CBDDTY010002225.1	1	21777	69	8466	38.8759	0.649906	29.4	8.52
CBDDTY010002226.1	1	21771	65	9412	43.2318	0.670892	30	39
CBDDTY010002227.1	1	21764	16	2006	9.21706	0.118361	31	2.75
CBDDTY010002228.1	1	21750	61	9309	42.8	0.626161	31	35
CBDDTY010002229.1	1	21748	56	6060	27.8646	0.496459	30.6	6.16
CBDDTY010002230.1	1	21738	123	10328	47.5113	1.24689	31.2	11.9
CBDDTY010002231.1	1	21719	56	7927	36.498	0.578756	31.7	31.1
CBDDTY010002232.1	1	21702	74	8134	37.4804	0.766473	30.5	38
CBDDTY010002233.1	1	21699	76	11518	53.0808	0.876769	30.6	26.9
CBDDTY010002234.1	1	21693	33	6322	29.143	0.407597	30.7	21.6
CBDDTY010002235.1	1	21691	66	10682	49.2462	0.781614	31.3	37.3
CBDDTY010002236.1	1	21686	52	8655	39.9105	0.541686	30.5	35.3
CBDDTY010002237.1	1	21662	88	9620	44.4096	0.930431	31.2	27.5
CBDDTY010002238.1	1	21661	54	8165	37.6945	0.517705	30.9	26.2
CBDDTY010002239.1	1	21659	37	5224	24.1193	0.362482	31.4	28.4
CBDDTY010002240.1	1	21644	16	2128	9.83182	0.14757	30.8	20.5
CBDDTY010002241.1	1	21634	57	7263	33.5722	0.586623	30.9	26.5
CBDDTY010002242.1	1	21633	19	3372	15.5873	0.200758	29.1	4.68
CBDDTY010002243.1	1	21633	56	7694	35.566	0.601627	31.2	44.4
CBDDTY010002244.1	1	21632	39	5410	25.0092	0.368112	30.3	24.3
CBDDTY010002245.1	1	21620	57	8095	37.4422	0.59334	30.5	33.2
CBDDTY010002246.1	1	21613	24	3635	16.8186	0.269375	33.4	27.2
CBDDTY010002247.1	1	21604	55	7281	33.7021	0.55175	30.9	26.4
CBDDTY010002248.1	1	21604	72	7788	36.0489	0.761479	30.7	32.9
CBDDTY010002249.1	1	21601	56	9131	42.2712	0.588214	29.1	35.3
CBDDTY010002250.1	1	21597	88	11636	53.8779	0.971894	31.1	32.6
CBDDTY010002251.1	1	21580	57	9620	44.5783	0.620575	29.4	28.3
CBDDTY010002252.1	1	21567	67	10286	47.6932	0.684518	32.1	40.9
CBDDTY010002253.1	1	21557	53	8299	38.4979	0.573503	31.5	45.5
CBDDTY010002254.1	1	21532	25	3618	16.8029	0.247167	30.5	5.8
CBDDTY010002255.1	1	21529	52	5416	25.1568	0.486785	29.6	25.7
CBDDTY010002256.1	1	21501	82	10191	47.3978	0.847868	28.9	34.7
CBDDTY010002257.1	1	21499	14	1934	8.99577	0.122099	32.9	8.64
CBDDTY010002258.1	1	21490	114	8807	40.9819	1.23909	31.6	12.5
CBDDTY010002259.1	1	21488	71	9234	42.9728	0.758656	29.9	17.7
CBDDTY010002260.1	1	21487	31	5749	26.7557	0.391911	31.2	48.1
CBDDTY010002261.1	1	21483	32	4535	21.1097	0.277242	30.8	38.3
CBDDTY010002262.1	1	21474	95	11211	52.2073	0.995576	30.9	35.2
CBDDTY010002263.1	1	21468	43	5332	24.837	0.40749	31.1	19.3
CBDDTY010002264.1	1	21462	78	8219	38.2956	0.762184	29.4	12.6
CBDDTY010002265.1	1	21458	72	11166	52.0365	0.77915	30.6	33.9
CBDDTY010002266.1	1	21451	14	2841	13.2441	0.16554	32.5	28.4
CBDDTY010002267.1	1	21449	85	7884	36.757	0.806471	29.8	7.75
CBDDTY010002268.1	1	21448	62	8843	41.23	0.693211	30.4	24
CBDDTY010002269.1	1	21443	63	8842	41.2349	0.659096	29.8	29.8
CBDDTY010002270.1	1	21427	71	10082	47.0528	0.775097	30	29.8
CBDDTY010002271.1	1	21418	50	7414	34.6157	0.527594	32	35.4
CBDDTY010002272.1	1	21418	138	14058	65.6364	1.44449	30	24.4
CBDDTY010002273.1	1	21409	50	7327	34.2239	0.524312	29.9	16.7
CBDDTY010002274.1	1	21385	57	7708	36.044	0.600982	30.6	20.5
CBDDTY010002275.1	1	21373	56	9940	46.5073	0.59912	30.8	46.6
CBDDTY010002276.1	1	21364	36	6103	28.5667	0.370483	30.4	29.8
CBDDTY010002277.1	1	21361	40	5354	25.0644	0.366135	33.2	19.6
CBDDTY010002279.1	1	21341	59	9732	45.6024	0.620261	29.6	34.6
CBDDTY010002280.1	1	21332	45	7462	34.9803	0.482702	30	34.8
CBDDTY010002281.1	1	21322	56	10532	49.395	0.654254	30.5	42.9
CBDDTY010002282.1	1	21317	67	6963	32.6641	0.676033	31.2	3.42
CBDDTY010002283.1	1	21315	43	5516	25.8785	0.419095	30.9	5.88
CBDDTY010002284.1	1	21284	26	3248	15.2603	0.222421	29.4	9.81
CBDDTY010002285.1	1	21269	40	5472	25.7276	0.390992	29.3	25.4
CBDDTY010002286.1	1	21265	53	9328	43.8655	0.64886	29.6	45.3
CBDDTY010002287.1	1	21253	66	9430	44.3702	0.670399	31.3	38.7
CBDDTY010002288.1	1	21251	34	4927	23.1848	0.387935	30.7	18.6
CBDDTY010002289.1	1	21219	39	6402	30.1711	0.423865	31.2	13.8
CBDDTY010002290.1	1	21214	52	7982	37.6261	0.491515	31.6	47.8
CBDDTY010002291.1	1	21200	39	6119	28.8632	0.423726	30.9	16.6
CBDDTY010002292.1	1	21175	54	6731	31.7875	0.544132	29.1	25.2
CBDDTY010002293.1	1	21159	15	1938	9.15922	0.150291	29.5	7.27
CBDDTY010002294.1	1	21158	55	8697	41.105	0.628698	30.2	30.3
CBDDTY010002295.1	1	21144	78	9230	43.653	0.879871	31.2	19.3
CBDDTY010002296.1	1	21142	24	2527	11.9525	0.21682	31	13.8
CBDDTY010002297.1	1	21134	31	4828	22.8447	0.278982	31.1	2.32
CBDDTY010002298.1	1	21132	27	3817	18.0627	0.314878	29	1.59
CBDDTY010002299.1	1	21131	40	5874	27.798	0.387346	31	18.9
CBDDTY010002300.1	1	21122	98	8159	38.628	1.03489	30.3	12.1
CBDDTY010002301.1	1	21119	48	4794	22.6999	0.497419	30.2	18.5
CBDDTY010002302.1	1	21116	35	4973	23.5509	0.325298	30.8	17.3
CBDDTY010002303.1	1	21078	69	10591	50.2467	0.757235	30.7	38.1
CBDDTY010002304.1	1	21073	35	3281	15.5697	0.343473	30.1	16.8
CBDDTY010002305.1	1	21070	44	6918	32.8334	0.430707	32.1	34
CBDDTY010002306.1	1	21061	57	7207	34.2196	0.647168	30.5	12.7
CBDDTY010002307.1	1	21061	11	1969	9.34903	0.116756	30.6	5.36
CBDDTY010002308.1	1	21044	58	8111	38.5431	0.596845	30.5	34.7
CBDDTY010002309.1	1	21043	47	6816	32.3908	0.463337	31.6	23.2
CBDDTY010002310.1	1	21040	52	7246	34.4392	0.541635	29.9	20.4
CBDDTY010002311.1	1	21039	47	6861	32.6109	0.499881	32.4	31.1
CBDDTY010002312.1	1	21029	69	9652	45.8985	0.80137	30.4	34.8
CBDDTY010002313.1	1	21019	185	14970	71.2213	2.06513	30.2	38.7
CBDDTY010002314.1	1	21002	75	9269	44.1339	0.820731	30	20.8
CBDDTY010002315.1	1	21000	32	4880	23.2381	0.349381	31.1	16.2
CBDDTY010002316.1	1	21000	13	1874	8.92381	0.111762	28.8	26.5
CBDDTY010002317.1	1	21000	73	10894	51.8762	0.820857	30.4	41
CBDDTY010002318.1	1	21000	109	12536	59.6952	1.27652	30.3	10
CBDDTY010002319.1	1	21000	29	4293	20.4429	0.316333	32.1	14.6
CBDDTY010002320.1	1	20800	21	3572	17.1731	0.218317	28.8	14.3
CBDDTY010002321.1	1	21000	16	2002	9.53333	0.131238	31.6	1.56
CBDDTY010002323.1	1	20873	38	4225	20.2415	0.399128	30.7	8.34
CBDDTY010002324.1	1	21000	49	5631	26.8143	0.536476	30.2	10.6
CBDDTY010002325.1	1	21000	124	8673	41.3	1.39486	31.2	16.3
CBDDTY010002326.1	1	21000	15	1247	5.9381	0.136952	30.4	13.1
CBDDTY010002327.1	1	21000	52	8111	38.6238	0.668333	30.2	23
CBDDTY010002328.1	1	21000	40	5891	28.0524	0.440714	30.3	24.7
CBDDTY010002329.1	1	21000	4	893	4.25238	0.0425238	29.5	43.8
CBDDTY010002330.1	1	21000	84	8459	40.281	0.923143	31.1	16.4
CBDDTY010002331.1	1	20800	28	3661	17.601	0.236683	30.5	16.1
CBDDTY010002332.1	1	21000	3	475	2.2619	0.022619	29.1	9
CBDDTY010002333.1	1	21000	117	12484	59.4476	1.34405	30.7	17
CBDDTY010002334.1	1	21000	1	111	0.528571	0.00528571	28.7	0
CBDDTY010002335.1	1	20800	27	5387	25.899	0.310962	32.5	30.9
CBDDTY010002336.1	1	21000	7	1202	5.72381	0.0649048	32.2	41.3
CBDDTY010002337.1	1	21000	14	1968	9.37143	0.152667	30.7	22.9
CBDDTY010002338.1	1	20800	8	1365	6.5625	0.0871635	31.1	21.4
CBDDTY010002339.1	1	21000	62	6659	31.7095	0.586381	30.5	7.87
CBDDTY010002340.1	1	21000	11	1869	8.9	0.127	30.8	47.9
CBDDTY010002341.1	1	21000	82	4990	23.7619	1.08614	32.3	11.9
CBDDTY010002342.1	1	21000	9	851	4.05238	0.0562381	25.7	13.9
CBDDTY010002343.1	1	21000	55	7153	34.0619	0.554952	31.8	13.3
CBDDTY010002344.1	1	21000	1	321	1.52857	0.0152857	22.2	24
CBDDTY010002345.1	1	21000	18	2184	10.4	0.233571	30.9	8.83
CBDDTY010002346.1	1	21000	59	5837	27.7952	0.664857	31.5	21.1
CBDDTY010002347.1	1	21000	34	4805	22.881	0.334381	31.1	25.4
CBDDTY010002348.1	1	21000	26	2658	12.6571	0.268429	31.5	7.08
CBDDTY010002349.1	1	21000	32	4666	22.219	0.362857	29.6	23
CBDDTY010002350.1	1	20993	48	7560	36.012	0.487782	31.6	36.5
CBDDTY010002351.1	1	20943	52	8488	40.5291	0.587356	31.9	35.6
CBDDTY010002352.1	1	20914	32	4115	19.6758	0.310223	28.5	18.9
CBDDTY010002353.1	1	20909	40	5613	26.8449	0.438519	31.1	9.57
CBDDTY010002354.1	1	20897	93	12795	61.2289	1.08111	30.1	34.5
CBDDTY010002355.1	1	20896	49	9208	44.0658	0.557332	31.5	43.8
CBDDTY010002356.1	1	20893	127	9641	46.1446	1.34366	30.6	35.2
CBDDTY010002357.1	1	20879	82	9187	44.0011	0.882561	30.8	6.38
CBDDTY010002358.1	1	20874	61	8997	43.1015	0.669924	29.5	44.2
CBDDTY010002359.1	1	20838	51	7290	34.9842	0.592571	30.1	20.8
CBDDTY010002360.1	1	20831	39	6520	31.2995	0.471461	30.7	33.2
CBDDTY010002361.1	1	20829	37	5475	26.2855	0.4234	29.5	10.5
CBDDTY010002362.1	1	20824	55	7285	34.9837	0.63446	30	26.3
CBDDTY010002363.1	1	20824	73	9816	47.1379	0.870534	31.4	21.7
CBDDTY010002364.1	1	20807	87	9274	44.5715	0.847071	30.3	8.67
CBDDTY010002365.1	1	20787	23	3476	16.722	0.201183	30.5	5.48
CBDDTY010002366.1	1	20785	3	394	1.8956	0.0211691	32.6	1
CBDDTY010002367.1	1	20773	79	8457	40.7115	0.968613	30.8	8.38
CBDDTY010002368.1	1	20758	34	5188	24.9928	0.346517	30	14.7
CBDDTY010002369.1	1	20733	59	7969	38.4363	0.657695	30.9	19.9
CBDDTY010002370.1	1	20732	125	12507	60.327	1.39557	29.6	34.5
CBDDTY010002371.1	1	20730	51	6949	33.5215	0.514038	30.9	7.8
CBDDTY010002372.1	1	20712	72	7818	37.7462	0.766802	29.9	25.8
CBDDTY010002373.1	1	20697	9	1540	7.44069	0.0796251	33.8	19.8
CBDDTY010002374.1	1	20695	37	4993	24.1266	0.428799	29.5	7.92
CBDDTY010002375.1	1	20671	21	3254	15.7419	0.193266	28.8	9.71
CBDDTY010002376.1	1	20664	83	10422	50.4355	0.823945	31.3	27.8
CBDDTY010002377.1	1	20658	19	3009	14.5658	0.180124	30.7	14.8
CBDDTY010002378.1	1	20655	32	5999	29.0438	0.386638	30.8	44.2
CBDDTY010002379.1	1	20654	43	7310	35.3927	0.474388	31.6	27.6
CBDDTY010002380.1	1	20628	47	6521	31.6124	0.549787	31.5	21.3
CBDDTY010002381.1	1	20624	12	1547	7.50097	0.113218	32.6	7.92
CBDDTY010002382.1	1	20623	47	7287	35.3343	0.468555	30.5	38.4
CBDDTY010002383.1	1	20605	84	8912	43.2516	0.930163	29.1	18.7
CBDDTY010002384.1	1	20604	40	7673	37.2403	0.492283	30.8	39.8
CBDDTY010002385.1	1	20597	38	5330	25.8776	0.414429	29.8	2.71
CBDDTY010002386.1	1	20596	88	10308	50.0486	1.00587	31.3	18.3
CBDDTY010002387.1	1	20586	31	3577	17.3759	0.324978	29.7	1.74
CBDDTY010002388.1	1	20582	65	6828	33.1746	0.696774	30.1	20.9
CBDDTY010002389.1	1	20582	33	5671	27.5532	0.413905	29.3	3.36
CBDDTY010002390.1	1	20574	69	10515	51.1082	0.791825	30.5	29.7
CBDDTY010002391.1	1	20573	59	8400	40.8302	0.575026	30.6	47.5
CBDDTY010002392.1	1	20569	27	5193	25.2467	0.302202	30.8	35.7
CBDDTY010002393.1	1	20567	44	7499	36.4613	0.490349	31.9	40.7
CBDDTY010002394.1	1	20565	26	4695	22.8301	0.289375	30.3	19.2
CBDDTY010002395.1	1	20557	28	4302	20.9272	0.299217	31	5.36
CBDDTY010002396.1	1	20551	46	6202	30.1786	0.448591	30.9	18.3
CBDDTY010002397.1	1	20550	47	6383	31.0608	0.474647	31.7	29.1
CBDDTY010002398.1	1	20537	30	5012	24.4047	0.366266	30	10.6
CBDDTY010002399.1	1	20525	54	7150	34.8356	0.5962	31	28.9
CBDDTY010002400.1	1	20504	64	9756	47.581	0.775702	31.6	38
CBDDTY010002401.1	1	20472	31	4204	20.5354	0.28473	27.5	7.94
CBDDTY010002402.1	1	20464	32	5566	27.199	0.363858	29.3	24.2
CBDDTY010002403.1	1	20455	133	9974	48.7607	1.51665	31.1	25.3
CBDDTY010002404.1	1	20447	149	7476	36.5628	1.85069	29.9	21.1
CBDDTY010002405.1	1	20439	51	5961	29.1648	0.545575	32	35.8
CBDDTY010002406.1	1	20428	52	7443	36.4353	0.595604	31.4	27.9
CBDDTY010002407.1	1	20416	50	8622	42.2316	0.602958	30.9	40.3
CBDDTY010002408.1	1	20416	42	6649	32.5676	0.46248	29.9	36.6
CBDDTY010002409.1	1	20410	45	5844	28.633	0.466732	30.4	11.5
CBDDTY010002410.1	1	20373	71	9094	44.6375	0.850488	31.1	27.5
CBDDTY010002411.1	1	20371	37	5631	27.6422	0.375141	31.2	30.4
CBDDTY010002412.1	1	20366	34	6692	32.8587	0.408917	32	35.4
CBDDTY010002413.1	1	20357	59	4738	23.2745	0.705703	31.2	12.8
CBDDTY010002414.1	1	20356	34	4915	24.1452	0.40676	32.1	34.3
CBDDTY010002415.1	1	20332	31	4711	23.1704	0.315217	29.3	12.1
CBDDTY010002416.1	1	20326	64	7237	35.6046	0.785447	30.5	6.73
CBDDTY010002417.1	1	20321	32	5571	27.415	0.385119	29.6	16.7
CBDDTY010002418.1	1	20308	100	6334	31.1897	1.1202	30.8	24.8
CBDDTY010002419.1	1	20294	53	8646	42.6037	0.583177	31.4	45.1
CBDDTY010002420.1	1	20292	48	7222	35.5904	0.565346	32	25.5
CBDDTY010002421.1	1	20285	54	9895	48.7799	0.649445	29.7	30.6
CBDDTY010002422.1	1	20277	47	8516	41.9983	0.538591	30.5	47.7
CBDDTY010002423.1	1	20248	18	3209	15.8485	0.172955	28.4	13.1
CBDDTY010002424.1	1	20247	26	3612	17.8397	0.324295	30.6	32.7
CBDDTY010002425.1	1	20243	27	4207	20.7825	0.307958	32.6	14.5
CBDDTY010002426.1	1	20241	91	10342	51.0943	0.991107	30.7	27.2
CBDDTY010002427.1	1	20240	43	7328	36.2055	0.515415	30.5	48.7
CBDDTY010002428.1	1	20232	54	6481	32.0334	0.528569	30.4	20.7
CBDDTY010002429.1	1	20226	58	9504	46.989	0.66988	29.7	41.6
CBDDTY010002430.1	1	20223	21	3363	16.6296	0.220195	29.7	34.9
CBDDTY010002431.1	1	20200	63	6157	30.4802	0.68104	30.8	31.5
CBDDTY010002432.1	1	20196	28	4790	23.7176	0.317934	31.8	16.1
CBDDTY010002433.1	1	20188	40	6560	32.4946	0.47979	30.3	26.8
CBDDTY010002434.1	1	20172	97	9417	46.6835	1.15948	30.5	28.6
CBDDTY010002435.1	1	20160	22	3611	17.9117	0.21131	30.4	9.64
CBDDTY010002436.1	1	20157	43	6082	30.1731	0.460684	30.7	34.6
CBDDTY010002437.1	1	20151	54	8477	42.0674	0.621706	30.3	26.1
CBDDTY010002438.1	1	20149	45	6679	33.148	0.505931	30.9	38.8
CBDDTY010002439.1	1	20148	39	7245	35.9589	0.427685	32.4	33
CBDDTY010002440.1	1	20147	40	7152	35.4991	0.452772	29.7	32.8
CBDDTY010002441.1	1	20144	28	4671	23.188	0.330173	29.2	37.9
CBDDTY010002442.1	1	20129	65	8646	42.953	0.707735	30.7	22.9
CBDDTY010002443.1	1	20129	37	5388	26.7674	0.371404	29.2	3.35
CBDDTY010002444.1	1	20125	32	4872	24.2087	0.360845	30.9	16.6
CBDDTY010002445.1	1	20109	55	7384	36.7199	0.57979	31.4	28.9
CBDDTY010002446.1	1	20103	13	2096	10.4263	0.129035	31.9	12.7
CBDDTY010002447.1	1	20082	41	6913	34.4239	0.482671	31.3	35
CBDDTY010002448.1	1	20080	13	2412	12.012	0.161753	31	4.62
CBDDTY010002449.1	1	20070	44	6770	33.7319	0.532586	30.5	32.4
CBDDTY010002450.1	1	20060	84	11481	57.2333	1.0348	29.4	33
CBDDTY010002451.1	1	20044	32	6383	31.8449	0.401417	29.9	39.6
CBDDTY010002452.1	1	20034	59	9343	46.6357	0.664221	32.4	37.4
CBDDTY010002453.1	1	20019	40	6011	30.0265	0.471402	30.9	29.3
CBDDTY010002454.1	1	20000	14	1962	9.81	0.16175	32.5	5
CBDDTY010002455.1	1	20000	33	6288	31.44	0.3634	29.8	16.3
CBDDTY010002456.1	1	19800	49	8635	43.6111	0.601515	30.6	37.3
CBDDTY010002458.1	1	20000	2	215	1.075	0.01075	35.1	12
CBDDTY010002459.1	1	20000	79	4065	20.325	1.0077	30.2	11
CBDDTY010002460.1	1	20000	22	3125	15.625	0.24185	32	21
CBDDTY010002461.1	1	20000	60	7609	38.045	0.6255	31.3	32.2
CBDDTY010002462.1	1	20000	65	9603	48.015	0.8161	30.2	24.4
CBDDTY010002463.1	1	20000	20	3505	17.525	0.2197	32.3	33
CBDDTY010002464.1	1	20000	21	3086	15.43	0.22805	30.6	5.67
CBDDTY010002465.1	1	20000	7	1043	5.215	0.07985	27.7	38.1
CBDDTY010002466.1	1	20000	43	6826	34.13	0.5387	31.2	43.7
CBDDTY010002467.1	1	20000	40	5511	27.555	0.4187	29.9	22.6
CBDDTY010002468.1	1	20000	2	299	1.495	0.02585	30.7	0.5
CBDDTY010002469.1	1	20000	49	6956	34.78	0.52045	32.1	20.9
CBDDTY010002470.1	1	20000	61	10094	50.47	0.73575	29.9	41.5
CBDDTY010002471.1	1	20000	2	414	2.07	0.0207	28.1	0
CBDDTY010002472.1	1	20000	3	525	2.625	0.0303	31.7	20.3
CBDDTY010002473.1	1	20000	17	1539	7.695	0.1815	30.6	6.53
CBDDTY010002474.1	1	20000	44	7215	36.075	0.5315	30.6	40.4
CBDDTY010002475.1	1	19800	15	2710	13.6869	0.161364	28.9	4.8
CBDDTY010002476.1	1	20000	28	3540	17.7	0.25745	31.6	1.14
CBDDTY010002477.1	1	20000	37	6057	30.285	0.36685	31.7	29.8
CBDDTY010002478.1	1	20000	24	4683	23.415	0.2885	29.1	8.5
CBDDTY010002479.1	1	19800	33	4544	22.9495	0.418283	32.2	14.7
CBDDTY010002480.1	1	20000	74	9513	47.565	0.8189	30.6	16.2
CBDDTY010002481.1	1	20000	86	9063	45.315	0.9261	31.5	24.4
CBDDTY010002482.1	1	19979	36	4386	21.9531	0.344812	29.8	14.8
CBDDTY010002483.1	1	19975	38	5632	28.1952	0.412015	28.8	21.7
CBDDTY010002484.1	1	19967	43	6898	34.547	0.529223	31.2	12.2
CBDDTY010002485.1	1	19967	48	5710	28.5972	0.457705	30.2	10.8
CBDDTY010002486.1	1	19963	40	5124	25.6675	0.431248	30.5	11.6
CBDDTY010002487.1	1	19950	58	8187	41.0376	0.652882	31	24.9
CBDDTY010002488.1	1	19948	15	2069	10.372	0.155705	33.6	16.1
CBDDTY010002489.1	1	19947	38	5769	28.9216	0.436005	29.7	21.1
CBDDTY010002490.1	1	19945	32	4582	22.9732	0.336375	28.6	2.41
CBDDTY010002491.1	1	19925	37	3827	19.207	0.417867	30	6.41
CBDDTY010002492.1	1	19924	135	10760	54.0052	1.55029	31.3	25.8
CBDDTY010002493.1	1	19914	48	7853	39.4346	0.53957	31.2	39
CBDDTY010002494.1	1	19912	149	6232	31.2977	1.65167	30.6	10.3
CBDDTY010002495.1	1	19908	51	5590	28.0792	0.54772	32.2	16.2
CBDDTY010002496.1	1	19895	22	4282	21.523	0.218045	32.7	12.4
CBDDTY010002497.1	1	19889	41	6652	33.4456	0.530896	30.1	29.4
CBDDTY010002498.1	1	19885	60	6854	34.4682	0.625547	30.2	8.6
CBDDTY010002499.1	1	19885	49	7396	37.1939	0.564848	30.9	40.7
CBDDTY010002500.1	1	19884	149	11691	58.796	1.72767	29.8	17.8
CBDDTY010002501.1	1	19881	43	5544	27.8859	0.422916	30.3	4.09
CBDDTY010002502.1	1	19869	35	7178	36.1266	0.436157	31	38.3
CBDDTY010002503.1	1	19860	9	1912	9.62739	0.0962739	30.8	43
CBDDTY010002504.1	1	19858	22	3010	15.1576	0.28306	30.6	0.636
CBDDTY010002505.1	1	19858	74	10027	50.4935	0.881962	29.8	9.59
CBDDTY010002506.1	1	19852	34	6724	33.8706	0.396282	32.3	37.2
CBDDTY010002507.1	1	19850	24	3812	19.204	0.252393	29.4	18.8
CBDDTY010002508.1	1	19848	72	10030	50.5341	0.815699	30.6	26.8
CBDDTY010002509.1	1	19846	55	7596	38.2747	0.657362	29.4	18.2
CBDDTY010002510.1	1	19844	84	8303	41.8414	0.972233	30.8	10.8
CBDDTY010002511.1	1	19839	38	5730	28.8825	0.468673	31	11.4
CBDDTY010002512.1	1	19832	36	3595	18.1273	0.310508	31.2	2.19
CBDDTY010002513.1	1	19830	32	4861	24.5134	0.352345	29.1	13.5
CBDDTY010002514.1	1	19815	19	4574	23.0835	0.23245	31.5	5.16
CBDDTY010002515.1	1	19809	91	10526	53.1375	1.03998	30.4	37.9
CBDDTY010002516.1	1	19801	49	6704	33.8569	0.538862	31.7	23.6
CBDDTY010002517.1	1	19794	42	6765	34.177	0.47181	31.3	15.3
CBDDTY010002518.1	1	19783	36	5076	25.6584	0.396401	30.7	24.1
CBDDTY010002519.1	1	19783	34	4925	24.8951	0.349239	31.8	4.21
CBDDTY010002520.1	1	19771	55	7929	40.1042	0.684538	29.6	30.5
CBDDTY010002521.1	1	19756	56	8914	45.1205	0.67544	29.5	41.5
CBDDTY010002522.1	1	19729	34	4873	24.6997	0.40002	29.8	9.53
CBDDTY010002523.1	1	19726	15	3146	15.9485	0.180574	32.4	28.4
CBDDTY010002524.1	1	19720	48	9664	49.0061	0.649189	29.5	53.6
CBDDTY010002525.1	1	19715	40	4148	21.0398	0.370631	30.2	3.52
CBDDTY010002526.1	1	19714	33	5873	29.791	0.385969	30.8	10
CBDDTY010002527.1	1	19697	28	3022	15.3424	0.245012	29.9	8.71
CBDDTY010002528.1	1	19688	59	8859	44.997	0.68138	30.3	29.2
CBDDTY010002529.1	1	19677	51	7878	40.0366	0.530213	31.3	31.2
CBDDTY010002530.1	1	19673	59	8874	45.1075	0.607025	29.3	39.2
CBDDTY010002531.1	1	19663	31	5021	25.5353	0.332045	31.6	26.9
CBDDTY010002532.1	1	19661	45	7851	39.9318	0.548192	30.9	38.9
CBDDTY010002533.1	1	19654	53	2810	14.2973	0.555866	29.8	4.92
CBDDTY010002534.1	1	19650	77	8329	42.3868	0.790585	29.5	24.7
CBDDTY010002535.1	1	19646	34	4719	24.0202	0.40619	29.8	12.3
CBDDTY010002536.1	1	19606	43	5884	30.0112	0.427471	31	16.1
CBDDTY010002537.1	1	19603	23	3102	15.8241	0.225119	31	31.9
CBDDTY010002538.1	1	19597	63	9748	49.7423	0.776752	31.2	38.9
CBDDTY010002539.1	1	19589	36	4928	25.157	0.366839	30.9	15.9
CBDDTY010002540.1	1	19578	34	5218	26.6524	0.408418	31.5	28.5
CBDDTY010002541.1	1	19577	14	1901	9.71037	0.11253	32.6	4.93
CBDDTY010002542.1	1	19568	45	6191	31.6384	0.567559	29.3	11.4
CBDDTY010002543.1	1	19562	158	12238	62.5601	1.86699	31.3	37
CBDDTY010002544.1	1	19553	18	3530	18.0535	0.229377	31	10.7
CBDDTY010002545.1	1	19544	48	8335	42.6474	0.578745	31.7	43.3
CBDDTY010002546.1	1	19539	14	2232	11.4233	0.122166	29.9	1.29
CBDDTY010002547.1	1	19538	123	6697	34.2768	1.48429	31.3	13.1
CBDDTY010002548.1	1	19525	70	8618	44.1383	0.797644	30.7	18
CBDDTY010002549.1	1	19500	40	5957	30.5487	0.419333	32	43
CBDDTY010002550.1	1	19457	56	6152	31.6184	0.60184	29.5	27.2
CBDDTY010002551.1	1	19433	22	3068	15.7876	0.213348	29.3	30.9
CBDDTY010002552.1	1	19431	50	6585	33.8891	0.608564	30.2	13.5
CBDDTY010002553.1	1	19425	36	6912	35.583	0.406486	28.1	42.3
CBDDTY010002554.1	1	19403	68	7997	41.2153	0.936247	30.4	29.3
CBDDTY010002555.1	1	19401	16	3172	16.3497	0.188959	31.8	40.4
CBDDTY010002556.1	1	19392	37	6244	32.1988	0.443018	30.7	20.7
CBDDTY010002557.1	1	19380	54	7931	40.9236	0.664912	30.6	27.2
CBDDTY010002558.1	1	19370	15	2775	14.3263	0.170986	32.7	20
CBDDTY010002559.1	1	19363	40	7309	37.7472	0.476579	29.4	25.6
CBDDTY010002560.1	1	19342	19	3065	15.8463	0.212801	30.5	21.4
CBDDTY010002561.1	1	19330	79	9417	48.717	0.90807	30.2	22.4
CBDDTY010002562.1	1	19300	56	9788	50.715	0.690674	31	35.3
CBDDTY010002563.1	1	19296	43	7330	37.9871	0.520782	31	31.1
CBDDTY010002564.1	1	19290	53	8857	45.915	0.627579	30.7	27
CBDDTY010002565.1	1	19255	82	12125	62.9707	1.00436	29.5	45.2
CBDDTY010002566.1	1	19253	50	8334	43.2868	0.644263	30.9	39.1
CBDDTY010002567.1	1	19247	56	6348	32.9818	0.614018	28.9	13.4
CBDDTY010002568.1	1	19245	72	7064	36.7056	0.847597	29.6	14.4
CBDDTY010002569.1	1	19237	34	5395	28.0449	0.403597	31.4	39.4
CBDDTY010002570.1	1	19228	56	5335	27.746	0.635375	31.3	9.41
CBDDTY010002571.1	1	19225	45	7255	37.7373	0.511834	31	37.7
CBDDTY010002572.1	1	19209	71	9842	51.2364	0.898589	30.6	37.9
CBDDTY010002573.1	1	19206	51	5567	28.9857	0.535354	31.3	15.1
CBDDTY010002574.1	1	19201	183	12318	64.1529	2.1127	29.7	21.3
CBDDTY010002575.1	1	19192	79	4199	21.8789	0.982701	31.6	5.65
CBDDTY010002576.1	1	19184	46	7241	37.745	0.527158	30.3	41
CBDDTY010002577.1	1	19166	57	9127	47.6208	0.732704	31	35.8
CBDDTY010002578.1	1	19151	54	7553	39.4392	0.637669	30.5	32.1
CBDDTY010002579.1	1	19151	46	8477	44.264	0.637147	31.7	40.8
CBDDTY010002580.1	1	19140	4	759	3.96552	0.0539707	28	3.75
CBDDTY010002581.1	1	19126	45	4341	22.6969	0.564781	31.7	7.98
CBDDTY010002582.1	1	19124	41	5361	28.0328	0.471293	32.1	17.1
CBDDTY010002583.1	1	19123	50	8156	42.6502	0.63055	29.9	40.1
CBDDTY010002584.1	1	19109	56	8533	44.6544	0.692396	32.1	40.9
CBDDTY010002585.1	1	19103	41	6916	36.2037	0.486468	32.3	40.3
CBDDTY010002586.1	1	19097	10	1821	9.53553	0.0995444	30.6	9
CBDDTY010002587.1	1	19091	36	5475	28.6784	0.375098	31.2	33.9
CBDDTY010002588.1	1	19083	63	8081	42.3466	0.72017	30.5	23.3
CBDDTY010002589.1	1	19076	42	5109	26.7823	0.510013	31.4	17.6
CBDDTY010002590.1	1	19041	86	10506	55.1757	1.08676	30.3	18.2
CBDDTY010002591.1	1	19040	153	13175	69.1964	1.91418	31.2	43.2
CBDDTY010002592.1	1	19009	45	7549	39.7128	0.525014	29.6	45.6
CBDDTY010002593.1	1	19008	33	5337	28.0777	0.370055	31.9	27.8
CBDDTY010002594.1	1	19003	24	3659	19.2549	0.291428	31.1	13.8
CBDDTY010002595.1	1	19000	22	3507	18.4579	0.248421	31.5	28.3
CBDDTY010002596.1	1	19000	42	6740	35.4737	0.527895	29.4	16
CBDDTY010002597.1	1	19000	30	5935	31.2368	0.429211	31.2	5.53
CBDDTY010002598.1	1	19000	44	5736	30.1895	0.528316	31.2	18.2
CBDDTY010002599.1	1	19000	61	5431	28.5842	0.725737	30.4	34.6
CBDDTY010002600.1	1	19000	23	3630	19.1053	0.275895	31.2	36.6
CBDDTY010002602.1	1	19000	13	2367	12.4579	0.148263	31.3	22.8
CBDDTY010002603.1	1	19000	25	4452	23.4316	0.310895	31.1	28.3
CBDDTY010002604.1	1	19000	77	8168	42.9895	0.916053	29.8	21.5
CBDDTY010002605.1	1	19000	25	5626	29.6105	0.348579	31.3	20.5
CBDDTY010002606.1	1	19000	14	2112	11.1158	0.144632	30.5	13
CBDDTY010002607.1	1	19000	41	3395	17.8684	0.410526	30.7	15.3
CBDDTY010002608.1	1	19000	53	3714	19.5474	0.568737	30.9	33.9
CBDDTY010002610.1	1	19000	45	4415	23.2368	0.488105	30.2	4.18
CBDDTY010002611.1	1	19000	73	4057	21.3526	0.783789	30.1	9.66
CBDDTY010002612.1	1	19000	24	4384	23.0737	0.283842	28.7	19.5
CBDDTY010002613.1	1	19000	80	4998	26.3053	0.917579	29.9	9.15
CBDDTY010002614.1	1	19000	2	325	1.71053	0.0218947	28.3	0.5
CBDDTY010002615.1	1	19000	57	7779	40.9421	0.674316	29.2	28
CBDDTY010002616.1	1	19000	56	8117	42.7211	0.679211	32.3	26.6
CBDDTY010002617.1	1	19000	2	508	2.67368	0.0267368	27.4	1
CBDDTY010002618.1	1	19000	1	242	1.27368	0.0127368	38	10
CBDDTY010002619.1	1	19000	36	3252	17.1158	0.425368	30.4	5.03
CBDDTY010002620.1	1	19000	45	6730	35.4211	0.524316	31.1	16.9
CBDDTY010002621.1	1	19000	13	1591	8.37368	0.111526	30.4	5.08
CBDDTY010002622.1	1	19000	34	5843	30.7526	0.401895	31.4	17.2
CBDDTY010002624.1	1	18999	27	5384	28.3383	0.347071	30.5	33.8
CBDDTY010002625.1	1	18975	21	2943	15.5099	0.225823	30.1	12.5
CBDDTY010002626.1	1	18966	46	8404	44.3109	0.564906	30.9	42.7
CBDDTY010002627.1	1	18957	58	8245	43.4932	0.661655	31.6	28.9
CBDDTY010002628.1	1	18939	18	2803	14.8001	0.204235	31.4	35.2
CBDDTY010002629.1	1	18920	57	8611	45.5127	0.614218	31.7	36.5
CBDDTY010002630.1	1	18914	42	5375	28.4181	0.478957	29.5	11
CBDDTY010002631.1	1	18890	31	3399	17.9936	0.320381	31.5	10.5
CBDDTY010002632.1	1	18857	55	8762	46.4655	0.683089	29.3	27.7
CBDDTY010002633.1	1	18857	54	9143	48.486	0.708225	31.1	46
CBDDTY010002634.1	1	18806	254	10531	55.9981	3.24758	30.3	13.1
CBDDTY010002635.1	1	18804	28	4065	21.6177	0.307328	30.4	7.61
CBDDTY010002636.1	1	18798	28	4835	25.7208	0.336153	28	28.3
CBDDTY010002637.1	1	18780	23	4779	25.4473	0.295527	31.6	5.57
CBDDTY010002638.1	1	18772	43	4950	26.3691	0.455199	32	14.4
CBDDTY010002639.1	1	18769	28	5137	27.3696	0.370398	29.3	40.9
CBDDTY010002640.1	1	18758	40	5300	28.2546	0.435761	30.5	18.5
CBDDTY010002641.1	1	18754	87	9616	51.2744	1.05871	30.3	19.7
CBDDTY010002643.1	1	18720	12	1617	8.63782	0.122009	29.9	20.4
CBDDTY010002644.1	1	18675	27	4141	22.174	0.379973	29.5	31.7
CBDDTY010002645.1	1	18674	104	10115	54.1662	1.28757	29.9	25.3
CBDDTY010002646.1	1	18671	46	7063	37.8287	0.55305	31.1	34.6
CBDDTY010002647.1	1	18669	36	3356	17.9763	0.32953	29.1	4.03
CBDDTY010002648.1	1	18643	35	7713	41.3721	0.48313	30.4	39.1
CBDDTY010002649.1	1	18638	45	6496	34.8535	0.525271	31.8	36.3
CBDDTY010002650.1	1	18631	79	9455	50.7488	0.933659	30	19.9
CBDDTY010002651.1	1	18620	30	2574	13.8238	0.283781	30.1	14.4
CBDDTY010002652.1	1	18588	47	5366	28.8681	0.666882	29.9	14.7
CBDDTY010002653.1	1	18586	50	8508	45.7764	0.663187	30.7	46.7
CBDDTY010002654.1	1	18583	27	3393	18.2586	0.323521	31.7	1.15
CBDDTY010002655.1	1	18542	47	5624	30.3311	0.519577	32.8	27
CBDDTY010002656.1	1	18541	10	1365	7.36206	0.120328	32.7	0
CBDDTY010002657.1	1	18538	58	5746	30.9958	0.692955	30.1	7.36
CBDDTY010002658.1	1	18535	39	3995	21.5538	0.453197	25	12
CBDDTY010002659.1	1	18524	42	6108	32.9734	0.510905	32.2	6.93
CBDDTY010002660.1	1	18515	50	7663	41.3881	0.598704	30.6	43.4
CBDDTY010002661.1	1	18510	58	6774	36.5964	0.705348	29.8	20.2
CBDDTY010002662.1	1	18509	48	6340	34.2536	0.560376	30.9	28.4
CBDDTY010002663.1	1	18508	22	3522	19.0296	0.267668	30.4	14.8
CBDDTY010002664.1	1	18502	108	11141	60.2151	1.21608	31.2	13.8
CBDDTY010002665.1	1	18498	54	8381	45.3076	0.697265	29.8	40.3
CBDDTY010002666.1	1	18497	32	5255	28.41	0.358004	29.8	30.7
CBDDTY010002667.1	1	18494	57	6191	33.4757	0.622094	29.6	23.1
CBDDTY010002668.1	1	18480	12	2380	12.8788	0.159416	30.8	29
CBDDTY010002669.1	1	18467	36	4645	25.153	0.361077	31.2	1.94
CBDDTY010002670.1	1	18436	21	3317	17.992	0.279128	29.2	36.5
CBDDTY010002671.1	1	18435	65	6593	35.7635	0.659398	31	10.6
CBDDTY010002672.1	1	18434	37	5775	31.328	0.434577	31	28.2
CBDDTY010002674.1	1	18422	154	7405	40.1965	1.70904	30.1	8.41
CBDDTY010002675.1	1	18420	30	4529	24.5874	0.323127	29.9	11.7
CBDDTY010002676.1	1	18417	12	2771	15.0459	0.18939	31.9	15.6
CBDDTY010002677.1	1	18410	52	8242	44.7691	0.65899	29.5	24.3
CBDDTY010002678.1	1	18395	29	5373	29.209	0.416254	29.6	48.7
CBDDTY010002679.1	1	18386	44	8021	43.6256	0.562058	30.4	37.9
CBDDTY010002680.1	1	18365	82	9600	52.2733	0.996188	31.1	22.1
CBDDTY010002681.1	1	18355	58	7255	39.526	0.767693	30.9	18.1
CBDDTY010002682.1	1	18343	28	4636	25.2739	0.319304	29.7	25.1
CBDDTY010002683.1	1	18318	22	4491	24.5169	0.304728	32.2	30
CBDDTY010002684.1	1	18310	37	5111	27.9137	0.387766	29.5	36.5
CBDDTY010002685.1	1	18300	53	4229	23.1093	0.697377	31.1	19.9
CBDDTY010002686.1	1	18295	44	7161	39.1418	0.549494	30.4	28
CBDDTY010002687.1	1	18294	32	5374	29.3758	0.379906	30.9	15.8
CBDDTY010002688.1	1	18267	88	8326	45.5795	1.02584	31.1	19.7
CBDDTY010002689.1	1	18263	51	8335	45.6387	0.666265	29.7	45.1
CBDDTY010002690.1	1	18237	46	7330	40.193	0.591654	30.4	32.2
CBDDTY010002691.1	1	18228	86	11014	60.4235	1.11833	30.3	32.8
CBDDTY010002692.1	1	18222	23	3940	21.6222	0.246021	29.1	11.1
CBDDTY010002693.1	1	18206	88	10655	58.5247	1.13984	29.8	41.9
CBDDTY010002694.1	1	18201	42	6634	36.4485	0.54975	31.5	41.2
CBDDTY010002695.1	1	18192	28	5905	32.4593	0.389512	30.9	43.4
CBDDTY010002696.1	1	18184	40	5240	28.8165	0.462165	30.8	20.1
CBDDTY010002697.1	1	18181	25	3170	17.4358	0.291678	31.3	15
CBDDTY010002699.1	1	18155	16	2381	13.1148	0.159405	31.5	6
CBDDTY010002700.1	1	18148	47	4820	26.5594	0.537304	32.2	24.8
CBDDTY010002701.1	1	18121	37	7204	39.755	0.451907	30	45.4
CBDDTY010002702.1	1	18107	31	5306	29.3036	0.367979	30.5	43.8
CBDDTY010002703.1	1	18105	48	8115	44.8219	0.609721	30.3	44.4
CBDDTY010002704.1	1	18087	53	8324	46.022	0.713441	30	45.5
CBDDTY010002705.1	1	18081	43	7421	41.0431	0.577844	30.1	44.1
CBDDTY010002706.1	1	18077	30	4729	26.1603	0.36505	30.1	10.6
CBDDTY010002707.1	1	18073	15	1664	9.2071	0.135063	28	18.6
CBDDTY010002708.1	1	18068	59	5270	29.1676	0.767711	31	15.6
CBDDTY010002709.1	1	18054	69	8517	47.1751	0.908884	30.1	38.3
CBDDTY010002710.1	1	18032	51	7232	40.1065	0.681622	30.1	47.6
CBDDTY010002711.1	1	18004	21	2549	14.158	0.196679	29.4	11.8
CBDDTY010002712.1	1	18002	49	5909	32.8241	0.614098	29.2	27.3
CBDDTY010002713.1	1	18000	12	1327	7.37222	0.134778	28.3	12.2
CBDDTY010002714.1	1	18000	20	1647	9.15	0.182833	30.1	9.45
CBDDTY010002715.1	1	18000	94	12018	66.7667	1.2795	29.1	29.9
CBDDTY010002716.1	1	18000	15	2022	11.2333	0.164389	31.1	6.13
CBDDTY010002717.1	1	18000	82	7213	40.0722	1.03817	30.8	4.09
CBDDTY010002718.1	1	18000	36	5815	32.3056	0.426389	30.4	35.9
CBDDTY010002719.1	1	18000	6	874	4.85556	0.0726667	30.4	9
CBDDTY010002720.1	1	18000	44	4550	25.2778	0.429778	30.9	6.02
CBDDTY010002721.1	1	18000	36	5030	27.9444	0.462444	28.8	35.2
CBDDTY010002722.1	1	18000	58	7974	44.3	0.714444	31.4	36.3
CBDDTY010002723.1	1	18000	41	6170	34.2778	0.566222	31.3	21.1
CBDDTY010002724.1	1	18000	87	8964	49.8	1.13639	31	14.5
CBDDTY010002725.1	1	18000	14	1704	9.46667	0.142556	30.2	2.29
CBDDTY010002726.1	1	18000	58	3637	20.2056	0.763167	30.9	48.1
CBDDTY010002727.1	1	18000	28	4346	24.1444	0.316722	32.6	22.6
CBDDTY010002728.1	1	18000	23	2758	15.3222	0.275667	31.1	3.26
CBDDTY010002729.1	1	18000	206	3795	21.0833	0.678833	12	2.07
CBDDTY010002731.1	1	18000	29	4311	23.95	0.311389	30.5	5.79
CBDDTY010002732.1	1	18000	65	8691	48.2833	0.803722	29.7	37.8
CBDDTY010002733.1	1	18000	41	6574	36.5222	0.509167	30.5	17.3
CBDDTY010002734.1	1	17999	24	4124	22.9124	0.320851	31.5	23.1
CBDDTY010002735.1	1	17990	26	4908	27.2818	0.334908	32.3	42.3
CBDDTY010002736.1	1	17988	42	4542	25.2502	0.455137	31.6	16.8
CBDDTY010002737.1	1	17986	51	6120	34.0265	0.584343	29.8	15
CBDDTY010002738.1	1	17970	6	1188	6.61102	0.075626	34.5	8.17
CBDDTY010002739.1	1	17965	8	1862	10.3646	0.107375	31.2	4.75
CBDDTY010002740.1	1	17936	41	4183	23.3218	0.496543	30.9	4.76
CBDDTY010002741.1	1	17922	43	5719	31.9105	0.5231	31.5	28.7
CBDDTY010002742.1	1	17917	38	7668	42.7973	0.511804	29.1	45.7
CBDDTY010002743.1	1	17901	36	5178	28.9258	0.425451	31.2	9.22
CBDDTY010002744.1	1	17899	61	7511	41.9632	0.759707	31.8	22.8
CBDDTY010002745.1	1	17886	34	4832	27.0155	0.430672	29.5	28
CBDDTY010002746.1	1	17865	77	9249	51.7716	1.00034	29	33.3
CBDDTY010002747.1	1	17861	171	10503	58.8041	2.2473	30	11.6
CBDDTY010002748.1	1	17815	36	6034	33.8703	0.512658	32.1	36.3
CBDDTY010002749.1	1	17811	38	4500	25.2653	0.502555	31.3	28.1
CBDDTY010002750.1	1	17801	88	7314	41.0876	1.05236	30.6	29.1
CBDDTY010002751.1	1	17800	79	7531	42.309	0.93764	30.8	16.4
CBDDTY010002752.1	1	17783	36	6080	34.19	0.458078	31.3	39.1
CBDDTY010002753.1	1	17782	38	6667	37.493	0.487178	30	37.4
CBDDTY010002754.1	1	17780	132	10982	61.766	1.7347	30.5	22.5
CBDDTY010002755.1	1	17761	56	8986	50.594	0.782388	29.2	40.9
CBDDTY010002756.1	1	17759	41	3111	17.5179	0.563151	32.1	6.12
CBDDTY010002757.1	1	17755	72	7888	44.4269	0.847367	29.8	40.3
CBDDTY010002758.1	1	17747	65	9612	54.1613	0.759621	28.6	47.2
CBDDTY010002759.1	1	17745	68	10031	56.5286	0.88887	31.1	30
CBDDTY010002760.1	1	17736	46	5011	28.2533	0.492163	29.5	14.7
CBDDTY010002761.1	1	17729	11	1915	10.8015	0.121891	27.8	8.09
CBDDTY010002762.1	1	17723	21	1854	10.461	0.265136	32.6	12.4
CBDDTY010002763.1	1	17717	18	2082	11.7514	0.244454	29.5	21.3
CBDDTY010002764.1	1	17710	16	2986	16.8605	0.19153	30.7	2.62
CBDDTY010002765.1	1	17705	47	6462	36.4982	0.643942	31	24
CBDDTY010002766.1	1	17700	51	5735	32.4011	0.743051	31.5	20.5
CBDDTY010002767.1	1	17700	65	9248	52.2486	0.734915	31.5	38.9
CBDDTY010002768.1	1	17675	32	4211	23.8246	0.376351	31.3	16.6
CBDDTY010002769.1	1	17665	56	5130	29.0405	0.784432	31.8	10.8
CBDDTY010002770.1	1	17648	41	5480	31.0517	0.543914	31.1	16
CBDDTY010002771.1	1	17627	36	4028	22.8513	0.420718	31	21.5
CBDDTY010002772.1	1	17607	55	7107	40.3646	0.630772	31.1	35.7
CBDDTY010002773.1	1	17604	24	2622	14.8943	0.281868	30.9	15.5
CBDDTY010002774.1	1	17584	17	2940	16.7197	0.222191	31	41.2
CBDDTY010002775.1	1	17580	52	6390	36.3481	0.563026	31.7	6.56
CBDDTY010002776.1	1	17551	54	9063	51.6381	0.727423	31.3	45.6
CBDDTY010002777.1	1	17535	49	7040	40.1483	0.599943	29.9	31.7
CBDDTY010002778.1	1	17514	38	3842	21.9367	0.3934	30.4	3.89
CBDDTY010002779.1	1	17507	48	7286	41.6176	0.637459	30.5	22.2
CBDDTY010002780.1	1	17506	124	9881	56.4435	1.64092	30.6	39.4
CBDDTY010002781.1	1	17498	36	6147	35.1297	0.478969	29.9	30.1
CBDDTY010002782.1	1	17464	30	4276	24.4847	0.374485	29.1	16.9
CBDDTY010002783.1	1	17454	46	8967	51.375	0.684657	29.6	36
CBDDTY010002784.1	1	17451	39	6559	37.5852	0.47556	31.5	39.3
CBDDTY010002785.1	1	17448	52	6959	39.8842	0.607348	29.8	27.3
CBDDTY010002786.1	1	17447	34	4794	27.4775	0.378632	29.8	19.4
CBDDTY010002787.1	1	17436	75	6728	38.5868	0.922	31.3	8.67
CBDDTY010002788.1	1	17426	26	5168	29.6568	0.349191	29.8	36
CBDDTY010002789.1	1	17422	39	5118	29.3767	0.470612	29.8	19.7
CBDDTY010002790.1	1	17410	45	7430	42.6766	0.6112	29.7	37.4
CBDDTY010002791.1	1	17363	53	8165	47.0253	0.660485	30.7	25
CBDDTY010002792.1	1	17358	34	6074	34.9925	0.474651	29.4	28.2
CBDDTY010002793.1	1	17350	44	7580	43.6888	0.665303	30.8	45.4
CBDDTY010002794.1	1	17346	7	1483	8.54952	0.0966793	30.6	7
CBDDTY010002795.1	1	17345	25	4120	23.7532	0.296166	31.4	35.8
CBDDTY010002796.1	1	17326	11	1385	7.99377	0.110066	31.5	1.18
CBDDTY010002797.1	1	17325	39	4674	26.9784	0.46886	30.9	7.13
CBDDTY010002798.1	1	17303	78	5132	29.6596	1.06138	29.2	14.9
CBDDTY010002799.1	1	17280	31	3978	23.0208	0.342708	31.7	26
CBDDTY010002800.1	1	17280	47	4358	25.2199	0.497917	30.5	2.09
CBDDTY010002801.1	1	17256	56	6758	39.1632	0.810964	29.8	33
CBDDTY010002802.1	1	17247	27	5217	30.2487	0.390271	31.2	33.9
CBDDTY010002803.1	1	17240	24	3245	18.8225	0.318039	31.4	2.12
CBDDTY010002804.1	1	17229	46	6331	36.7462	0.543676	29.3	16.8
CBDDTY010002805.1	1	17221	20	3308	19.2091	0.237443	32.3	21.3
CBDDTY010002806.1	1	17219	14	1826	10.6046	0.154016	30.4	13.8
CBDDTY010002807.1	1	17213	32	5091	29.5765	0.426596	29.6	1.78
CBDDTY010002808.1	1	17207	83	9038	52.5251	1.02708	31.5	32.3
CBDDTY010002809.1	1	17178	33	3423	19.9267	0.368087	30.9	3.88
CBDDTY010002810.1	1	17177	23	3716	21.6336	0.257495	30.9	23.6
CBDDTY010002811.1	1	17172	44	7583	44.1591	0.590787	30.2	52.8
CBDDTY010002812.1	1	17171	43	6266	36.4918	0.500611	31.7	29.4
CBDDTY010002813.1	1	17159	19	3219	18.7598	0.225538	30.4	3.32
CBDDTY010002814.1	1	17147	32	6233	36.3504	0.45349	31.8	31.7
CBDDTY010002815.1	1	17141	31	4776	27.863	0.40406	30.4	16.3
CBDDTY010002816.1	1	17137	41	6857	40.0128	0.624788	27.8	51.9
CBDDTY010002817.1	1	17132	39	5210	30.4109	0.474901	29.5	2.03
CBDDTY010002818.1	1	17125	31	4099	23.9358	0.32619	29.8	8
CBDDTY010002819.1	1	17122	45	6640	38.7805	0.55052	31.1	37
CBDDTY010002820.1	1	17118	4	1075	6.27994	0.0627994	35.8	48.2
CBDDTY010002821.1	1	17112	36	4384	25.6194	0.503273	30.1	9.22
CBDDTY010002822.1	1	17109	51	6536	38.2021	0.658367	30.3	28.5
CBDDTY010002823.1	1	17101	30	2654	15.5196	0.34419	30.8	3.2
CBDDTY010002824.1	1	17086	98	10186	59.6161	1.28965	30.6	24.1
CBDDTY010002825.1	1	17083	87	7649	44.7755	1.13423	30.7	17.3
CBDDTY010002826.1	1	17072	23	3124	18.299	0.312676	32.7	12.6
CBDDTY010002827.1	1	17052	76	10262	60.1806	1.06492	29.9	39
CBDDTY010002828.1	1	17051	51	6818	39.9859	0.65785	31.8	35.1
CBDDTY010002829.1	1	17033	73	10674	62.6666	1.18752	30.4	38.4
CBDDTY010002830.1	1	17027	50	5357	31.4618	0.64756	30.9	18.1
CBDDTY010002831.1	1	17023	50	6353	37.3201	0.665159	30.8	19.5
CBDDTY010002832.1	1	17021	44	6754	39.6804	0.63686	30.1	40.2
CBDDTY010002833.1	1	17019	122	9722	57.1244	1.79582	30.6	18.1
CBDDTY010002834.1	1	17002	31	2737	16.0981	0.416128	29	15
CBDDTY010002835.1	1	17000	23	4297	25.2765	0.299529	31.3	14.8
CBDDTY010002836.1	1	17000	427	13300	78.2353	5.93794	30.1	35.1
CBDDTY010002837.1	1	17000	2	422	2.48235	0.0248235	25.1	27
CBDDTY010002838.1	1	17000	79	10159	59.7588	1.07565	30.5	35.6
CBDDTY010002839.1	1	17000	53	5682	33.4235	0.707882	31.1	12.8
CBDDTY010002841.1	1	17000	46	5466	32.1529	0.602059	29	8.74
CBDDTY010002842.1	1	17000	43	5540	32.5882	0.495	30.8	20.8
CBDDTY010002843.1	1	17000	35	4078	23.9882	0.429765	29.3	7.11
CBDDTY010002844.1	1	17000	30	4753	27.9588	0.369647	30	10.4
CBDDTY010002845.1	1	17000	15	2600	15.2941	0.214941	31.3	28.2
CBDDTY010002846.1	1	17000	30	5210	30.6471	0.416235	31.6	40.3
CBDDTY010002847.1	1	17000	13	2336	13.7412	0.185824	26.1	13
CBDDTY010002848.1	1	17000	85	7070	41.5882	1.22347	30.4	43.3
CBDDTY010002849.1	1	17000	46	4866	28.6235	0.510059	29.1	14.3
CBDDTY010002850.1	1	17000	47	7509	44.1706	0.727882	31.6	6.85
CBDDTY010002851.1	1	16800	16	2427	14.4464	0.209821	31.4	3.69
CBDDTY010002852.1	1	17000	46	6691	39.3588	0.594471	31.6	30
CBDDTY010002853.1	1	17000	25	4538	26.6941	0.377	31.5	38.3
CBDDTY010002854.1	1	17000	76	7537	44.3353	1.08459	29.6	3.63
CBDDTY010002855.1	1	17000	31	4026	23.6824	0.406294	31.8	20.7
CBDDTY010002856.1	1	17000	5	1192	7.01176	0.0701176	29	2.2
CBDDTY010002857.1	1	17000	40	4342	25.5412	0.533353	30.5	5.85
CBDDTY010002858.1	1	17000	5	243	1.42941	0.0453529	32.3	10
CBDDTY010002859.1	1	17000	6	1110	6.52941	0.0652941	33.6	35.7
CBDDTY010002860.1	1	17000	31	4321	25.4176	0.419588	30	5.81
CBDDTY010002861.1	1	17000	13	2135	12.5588	0.156824	28.3	36.2
CBDDTY010002862.1	1	17000	16	2928	17.2235	0.209118	32.8	2.19
CBDDTY010002863.1	1	17000	17	3078	18.1059	0.235118	30.1	5.71
CBDDTY010002864.1	1	17000	10	1942	11.4235	0.116	29.7	21.6
CBDDTY010002865.1	1	16991	58	6742	39.6798	0.719557	30.3	27.4
CBDDTY010002866.1	1	16987	29	4566	26.8794	0.371814	30.7	20.3
CBDDTY010002867.1	1	16968	33	5631	33.186	0.478784	32	35.2
CBDDTY010002868.1	1	16958	15	2993	17.6495	0.213351	30.7	27.9
CBDDTY010002869.1	1	16948	39	6755	39.8572	0.511388	30.7	47.9
CBDDTY010002870.1	1	16942	98	8277	48.8549	1.39145	30.5	19.2
CBDDTY010002871.1	1	16938	10	1655	9.77093	0.125458	30.2	27.3
CBDDTY010002872.1	1	16904	37	5144	30.4307	0.440961	29.9	28.5
CBDDTY010002873.1	1	16897	59	5980	35.3909	0.793336	28.4	7.86
CBDDTY010002874.1	1	16883	59	4846	28.7034	0.799562	31.6	4.32
CBDDTY010002875.1	1	16866	23	5289	31.3589	0.332266	30.3	35.6
CBDDTY010002876.1	1	16862	36	5191	30.7852	0.499941	29.5	17.9
CBDDTY010002877.1	1	16850	3	722	4.28487	0.0428487	33	37.3
CBDDTY010002878.1	1	16849	54	6763	40.1389	0.642827	29.3	10.9
CBDDTY010002879.1	1	16832	45	6404	38.0466	0.553707	30.2	23.4
CBDDTY010002880.1	1	16821	29	3105	18.4591	0.326616	30.8	3.48
CBDDTY010002881.1	1	16812	31	3996	23.7687	0.359862	31.1	36.6
CBDDTY010002882.1	1	16795	44	7924	47.1807	0.622328	31	36.7
CBDDTY010002883.1	1	16786	38	5034	29.9893	0.532051	31.3	23.1
CBDDTY010002884.1	1	16782	45	6480	38.6128	0.546478	30.6	29.3
CBDDTY010002885.1	1	16764	46	2896	17.2751	0.580112	31.3	38.9
CBDDTY010002886.1	1	16760	27	2975	17.7506	0.380847	32	6.44
CBDDTY010002887.1	1	16730	36	6528	39.0197	0.550747	30.5	36
CBDDTY010002888.1	1	16724	41	6274	37.5149	0.589392	29.4	27.7
CBDDTY010002889.1	1	16707	43	8002	47.8961	0.654755	32.1	47
CBDDTY010002890.1	1	16705	23	3480	20.8321	0.316073	28.5	3.65
CBDDTY010002891.1	1	16699	33	6900	41.3198	0.483203	29.3	21.5
CBDDTY010002892.1	1	16683	39	6073	36.4023	0.543248	30.3	17.1
CBDDTY010002893.1	1	16666	45	8791	52.7481	0.715529	29.4	51.1
CBDDTY010002894.1	1	16658	36	5702	34.2298	0.492556	31.3	31.1
CBDDTY010002895.1	1	16650	44	5578	33.5015	0.576877	31.6	8.48
CBDDTY010002896.1	1	16650	31	5432	32.6246	0.424264	30	33.7
CBDDTY010002897.1	1	16647	28	3556	21.3612	0.306241	30.9	17.6
CBDDTY010002898.1	1	16635	44	6857	41.2203	0.597776	31.6	32.3
CBDDTY010002899.1	1	16623	11	1292	7.77236	0.10672	29.3	6.36
CBDDTY010002900.1	1	16608	31	4267	25.6924	0.430094	31.3	18.3
CBDDTY010002901.1	1	16601	49	6885	41.4734	0.628998	30.8	39.9
CBDDTY010002902.1	1	16595	29	2514	15.1491	0.420669	32	9.86
CBDDTY010002903.1	1	16587	73	9116	54.9587	0.966359	30.2	37.9
CBDDTY010002904.1	1	16574	34	5322	32.1105	0.420961	30.9	27
CBDDTY010002905.1	1	16545	39	7011	42.3753	0.586099	29.7	37
CBDDTY010002906.1	1	16542	42	4436	26.8166	0.562387	32	6.29
CBDDTY010002907.1	1	16538	39	5559	33.6135	0.514452	30.2	4.33
CBDDTY010002908.1	1	16532	15	1519	9.18824	0.185519	30.3	5.47
CBDDTY010002909.1	1	16522	39	3547	21.4683	0.589033	31.3	35.4
CBDDTY010002910.1	1	16519	68	5664	34.2878	0.982081	31.2	12.9
CBDDTY010002911.1	1	16513	170	10913	66.0873	2.51905	31.3	27.9
CBDDTY010002912.1	1	16506	11	2094	12.6863	0.126863	33	40.7
CBDDTY010002913.1	1	16469	38	6082	36.93	0.475499	31.4	29.6
CBDDTY010002914.1	1	16468	52	5449	33.0884	0.6846	31	1.79
CBDDTY010002915.1	1	16459	28	3866	23.4887	0.340847	30.5	8.96
CBDDTY010002916.1	1	16453	36	4402	26.755	0.525679	29	5.69
CBDDTY010002917.1	1	16451	35	4640	28.205	0.355176	29.9	26.3
CBDDTY010002918.1	1	16435	34	3781	23.0058	0.484819	29.7	17.8
CBDDTY010002919.1	1	16414	48	8103	49.3664	0.721396	30.8	49
CBDDTY010002920.1	1	16408	91	8281	50.4693	1.20691	29.7	3.45
CBDDTY010002921.1	1	16407	41	6223	37.9289	0.565186	30.9	9.37
CBDDTY010002922.1	1	16395	33	5690	34.7057	0.526624	28.4	42.8
CBDDTY010002923.1	1	16391	23	3357	20.4808	0.316576	31.9	25.4
CBDDTY010002924.1	1	16384	25	3612	22.0459	0.30249	29.9	11.4
CBDDTY010002925.1	1	16383	25	3961	24.1775	0.342855	30.5	11.9
CBDDTY010002926.1	1	16380	12	1979	12.0818	0.126129	31.8	16.7
CBDDTY010002927.1	1	16377	32	5882	35.9162	0.461379	31.8	37.8
CBDDTY010002928.1	1	16360	39	5009	30.6174	0.455685	30	10.9
CBDDTY010002929.1	1	16359	47	4376	26.7498	0.647839	31.8	33.2
CBDDTY010002930.1	1	16358	81	9569	58.4974	1.09665	30.3	33.7
CBDDTY010002931.1	1	16353	26	4697	28.7226	0.340916	29	41
CBDDTY010002932.1	1	16353	74	9212	56.3322	1.02776	30.7	24.8
CBDDTY010002933.1	1	16342	12	2400	14.6861	0.188288	29.5	31.6
CBDDTY010002934.1	1	16341	36	5966	36.5094	0.53479	32.3	46.6
CBDDTY010002935.1	1	16339	57	8381	51.2944	0.759594	31.7	36.8
CBDDTY010002936.1	1	16329	17	3227	19.7624	0.237982	30.3	9.12
CBDDTY010002937.1	1	16318	45	7271	44.5582	0.638804	29	43.2
CBDDTY010002938.1	1	16315	37	5959	36.5247	0.565921	29.9	45.4
CBDDTY010002939.1	1	16304	12	2671	16.3825	0.190567	31.3	39.5
CBDDTY010002940.1	1	16296	39	4479	27.4853	0.532401	29.4	12.4
CBDDTY010002941.1	1	16282	8	1707	10.484	0.10484	32.5	23.2
CBDDTY010002942.1	1	16279	41	7222	44.3639	0.585417	31	49.3
CBDDTY010002943.1	1	16248	31	6042	37.1861	0.544375	30.4	48.6
CBDDTY010002944.1	1	16245	53	7162	44.0874	0.819637	29.6	12.7
CBDDTY010002945.1	1	16243	26	4554	28.0367	0.412362	28.9	12.3
CBDDTY010002946.1	1	16243	54	6422	39.537	0.683864	30.5	9.67
CBDDTY010002947.1	1	16230	110	7656	47.1719	1.50752	28.8	9.81
CBDDTY010002948.1	1	16221	37	5192	32.0079	0.459281	32.4	41
CBDDTY010002949.1	1	16201	26	4646	28.6772	0.359052	30.1	37.8
CBDDTY010002950.1	1	16199	42	6182	38.1628	0.533181	31.3	25.2
CBDDTY010002951.1	1	16177	88	11193	69.1908	1.3649	29.6	38.9
CBDDTY010002952.1	1	16176	23	3361	20.7777	0.313922	29	15.8
CBDDTY010002953.1	1	16160	42	7160	44.3069	0.626238	29.9	35.5
CBDDTY010002954.1	1	16148	14	2380	14.7387	0.158595	30.5	17.8
CBDDTY010002955.1	1	16119	21	3795	23.5436	0.298654	30.9	33
CBDDTY010002956.1	1	16086	41	5870	36.4914	0.52928	31	28.4
CBDDTY010002957.1	1	16084	41	6826	42.4397	0.612472	31.8	50.9
CBDDTY010002958.1	1	16078	54	6630	41.2365	0.67384	31.7	35.5
CBDDTY010002959.1	1	16074	22	4117	25.6128	0.329538	32.1	4.95
CBDDTY010002960.1	1	16069	38	4610	28.6888	0.506379	29.7	2.21
CBDDTY010002961.1	1	16061	56	6744	41.9899	0.743291	31.5	29.6
CBDDTY010002962.1	1	16057	32	6065	37.7717	0.487638	29.6	15.4
CBDDTY010002963.1	1	16046	26	4104	25.5765	0.33647	30.1	18.4
CBDDTY010002964.1	1	16040	92	8052	50.1995	1.39863	29.3	21.3
CBDDTY010002965.1	1	16012	12	1750	10.9293	0.126655	29.6	12.5
CBDDTY010002966.1	1	16011	27	4173	26.0633	0.322154	31.5	19.7
CBDDTY010002967.1	1	16000	7	808	5.05	0.076625	31.6	3.57
CBDDTY010002968.1	1	16000	22	3162	19.7625	0.253125	29.6	6.73
CBDDTY010002970.1	1	16000	20	3508	21.925	0.286062	29.8	25.8
CBDDTY010002971.1	1	16000	38	4384	27.4	0.508938	30.6	43.4
CBDDTY010002972.1	1	16000	37	4418	27.6125	0.500313	30.1	28.5
CBDDTY010002973.1	1	16000	9	1960	12.25	0.144687	32.1	35.2
CBDDTY010002974.1	1	16000	33	5045	31.5312	0.43675	31.7	13.8
CBDDTY010002975.1	1	16000	67	8602	53.7625	0.957	30.7	49.9
CBDDTY010002976.1	1	16000	49	7743	48.3937	0.741	30.1	37.1
CBDDTY010002977.1	1	16000	20	2114	13.2125	0.278813	32.5	6.4
CBDDTY010002978.1	1	16000	6	702	4.3875	0.055625	30.4	23.5
CBDDTY010002979.1	1	16000	45	4696	29.35	0.610062	29.8	12.9
CBDDTY010002980.1	1	16000	25	3124	19.525	0.355	30.8	11.2
CBDDTY010002981.1	1	16000	4	888	5.55	0.0745625	29.7	45.2
CBDDTY010002982.1	1	16000	18	2995	18.7188	0.23	28.8	21.4
CBDDTY010002983.1	1	16000	26	3682	23.0125	0.348625	29.8	11.5
CBDDTY010002984.1	1	16000	26	3728	23.3	0.323813	30.2	22.6
CBDDTY010002985.1	1	16000	16	2391	14.9437	0.205063	31.9	28.4
CBDDTY010002986.1	1	16000	30	3858	24.1125	0.377937	30.6	3.37
CBDDTY010002987.1	1	16000	38	5531	34.5688	0.502437	29.7	30.6
CBDDTY010002988.1	1	16000	45	6792	42.45	0.666687	29.3	37
CBDDTY010002989.1	1	16000	18	1892	11.825	0.201875	31.8	1.5
CBDDTY010002990.1	1	16000	29	5129	32.0562	0.449813	33	32.1
CBDDTY010002991.1	1	16000	24	4491	28.0688	0.294438	31	22.8
CBDDTY010002992.1	1	16000	27	3765	23.5312	0.345813	30.8	35.4
CBDDTY010002993.1	1	15997	73	5439	34.0001	0.971745	31.2	11.6
CBDDTY010002994.1	1	15974	41	6437	40.2967	0.665394	30.3	37.6
CBDDTY010002995.1	1	15969	35	5798	36.3078	0.522951	29.4	47.9
CBDDTY010002996.1	1	15967	56	4974	31.1518	0.722114	31.7	17.9
CBDDTY010002997.1	1	15962	20	3444	21.5762	0.307606	29.2	34.2
CBDDTY010002998.1	1	15957	38	5471	34.2859	0.61296	29.6	21.8
CBDDTY010002999.1	1	15952	16	2415	15.1392	0.233638	30.5	3.31
CBDDTY010003000.1	1	15948	45	7720	48.4073	0.651555	32.2	38.7
CBDDTY010003001.1	1	15947	47	7657	48.0153	0.71631	30.4	41.4
CBDDTY010003002.1	1	15902	36	5244	32.977	0.51874	31.8	20.2
CBDDTY010003003.1	1	15897	52	4500	28.3072	0.78606	30.9	15.9
CBDDTY010003004.1	1	15886	41	5755	36.2269	0.645537	32.5	48.1
CBDDTY010003005.1	1	15878	30	5183	32.6427	0.437587	30.8	42.2
CBDDTY010003006.1	1	15875	28	3112	19.6031	0.333417	30.8	4.11
CBDDTY010003007.1	1	15867	8	1191	7.50614	0.0775824	27.1	11.2
CBDDTY010003008.1	1	15849	17	3324	20.9729	0.254338	31.3	1.53
CBDDTY010003009.1	1	15847	36	4364	27.5383	0.484697	28.9	17.5
CBDDTY010003010.1	1	15834	19	2427	15.3278	0.22357	31.7	4.74
CBDDTY010003011.1	1	15826	34	6186	39.0876	0.617149	32	48
CBDDTY010003012.1	1	15825	33	4950	31.2796	0.426224	31	22.1
CBDDTY010003013.1	1	15823	37	6088	38.4756	0.508879	31	36.9
CBDDTY010003014.1	1	15795	53	8885	56.252	0.87648	31.1	37.8
CBDDTY010003015.1	1	15786	56	6368	40.3395	0.758584	30.4	13.9
CBDDTY010003016.1	1	15734	35	5550	35.2739	0.48767	30.8	14.3
CBDDTY010003017.1	1	15720	37	6037	38.4033	0.595611	31	24.8
CBDDTY010003018.1	1	15717	52	6597	41.9737	0.709932	30.7	15.4
CBDDTY010003019.1	1	15715	6	1099	6.99332	0.0813236	33.2	40.8
CBDDTY010003020.1	1	15703	49	6496	41.3679	0.686366	31.6	20.2
CBDDTY010003021.1	1	15694	55	6024	38.3841	0.777431	29.4	12
CBDDTY010003022.1	1	15682	54	8057	51.3774	0.769672	30.3	50.1
CBDDTY010003023.1	1	15681	71	9942	63.4016	1.07232	31.2	37.1
CBDDTY010003024.1	1	15664	59	4786	30.5541	0.798264	29.6	11.8
CBDDTY010003025.1	1	15644	44	5939	37.9634	0.635451	31.5	25.3
CBDDTY010003026.1	1	15642	24	4157	26.5759	0.404552	30.3	29.5
CBDDTY010003027.1	1	15634	40	6483	41.4673	0.641934	31.2	24.4
CBDDTY010003028.1	1	15631	62	6691	42.806	0.86949	31.3	26.9
CBDDTY010003029.1	1	15601	30	4896	31.3826	0.441831	29.8	13.4
CBDDTY010003030.1	1	15597	42	7320	46.9321	0.67872	31.4	47.6
CBDDTY010003031.1	1	15594	30	5338	34.2311	0.41407	29.8	22.7
CBDDTY010003032.1	1	15574	44	5656	36.3169	0.625851	31.5	30.1
CBDDTY010003033.1	1	15555	53	6737	43.3108	0.786371	30.7	28.6
CBDDTY010003034.1	1	15554	55	6530	41.9828	0.756719	32	37.9
CBDDTY010003035.1	1	15553	39	3829	24.619	0.547033	29.8	3.97
CBDDTY010003036.1	1	15532	29	4430	28.5218	0.374775	30.5	38
CBDDTY010003037.1	1	15530	25	4976	32.0412	0.368641	31.4	43.6
CBDDTY010003039.1	1	15523	67	8209	52.8828	0.934355	30.7	21.2
CBDDTY010003040.1	1	15522	39	5711	36.7929	0.500387	31.2	27.9
CBDDTY010003041.1	1	15520	53	7402	47.6933	0.829317	30	35.9
CBDDTY010003042.1	1	15507	11	1113	7.1774	0.116657	30.9	6.18
CBDDTY010003043.1	1	15507	35	5206	33.5719	0.471529	31.4	25.9
CBDDTY010003044.1	1	15503	33	3472	22.3957	0.365994	29.4	22.5
CBDDTY010003045.1	1	15494	40	4626	29.8567	0.577385	31.8	17.1
CBDDTY010003046.1	1	15493	19	2619	16.9044	0.273866	32.6	8.37
CBDDTY010003047.1	1	15488	58	7444	48.063	0.872353	29.8	24.8
CBDDTY010003048.1	1	15450	31	5103	33.0291	0.389191	31.3	43.7
CBDDTY010003049.1	1	15445	30	4483	29.0256	0.397086	29.2	29.9
CBDDTY010003050.1	1	15445	25	3725	24.1178	0.375979	30.5	6.04
CBDDTY010003051.1	1	15444	31	3683	23.8474	0.401968	31.5	11.2
CBDDTY010003052.1	1	15438	55	7328	47.4673	0.78106	31.3	23
CBDDTY010003053.1	1	15412	40	5392	34.9857	0.607968	29.5	23.6
CBDDTY010003054.1	1	15411	26	5060	32.8337	0.45182	32	45.6
CBDDTY010003055.1	1	15409	32	5778	37.4976	0.452398	31.4	41.2
CBDDTY010003056.1	1	15407	27	3482	22.6001	0.398585	32	16.7
CBDDTY010003057.1	1	15404	67	8148	52.8954	0.966307	31.3	21.3
CBDDTY010003058.1	1	15401	47	7419	48.1722	0.763197	31.3	31.9
CBDDTY010003059.1	1	15388	53	7049	45.8084	0.723681	31	17.6
CBDDTY010003060.1	1	15365	31	4022	26.1764	0.425708	32.8	13.7
CBDDTY010003061.1	1	15359	18	2961	19.2786	0.229963	30	29.9
CBDDTY010003063.1	1	15353	25	3452	22.4842	0.297727	31	7.4
CBDDTY010003064.1	1	15347	86	6748	43.9695	1.22219	29.6	18.5
CBDDTY010003065.1	1	15343	43	7892	51.4371	0.684156	28.6	50.2
CBDDTY010003066.1	1	15343	48	7514	48.9735	0.694062	29.8	38.4
CBDDTY010003067.1	1	15337	36	5247	34.2114	0.547434	30.1	29.9
CBDDTY010003068.1	1	15331	25	3954	25.7909	0.349879	31.2	19.8
CBDDTY010003069.1	1	15324	26	3653	23.8384	0.385539	30.6	11.6
CBDDTY010003070.1	1	15324	33	4837	31.5649	0.436309	29.9	27.7
CBDDTY010003071.1	1	15312	33	4097	26.7568	0.464407	30.5	21.2
CBDDTY010003072.1	1	15306	52	7653	50	0.80426	32.3	39.6
CBDDTY010003073.1	1	15290	39	5851	38.2668	0.62119	29.8	27.5
CBDDTY010003074.1	1	15284	17	2978	19.4844	0.31039	29.2	10.6
CBDDTY010003075.1	1	15250	37	5945	38.9836	0.536721	32.2	41.5
CBDDTY010003076.1	1	15235	50	4940	32.4253	0.67811	30.5	18.4
CBDDTY010003077.1	1	15231	34	5636	37.0035	0.518219	31.6	35.7
CBDDTY010003078.1	1	15225	20	2553	16.7685	0.302397	31.4	2.6
CBDDTY010003079.1	1	15223	84	9946	65.3353	1.3184	31.2	24.2
CBDDTY010003080.1	1	15212	37	4941	32.4809	0.503944	30.3	32.3
CBDDTY010003081.1	1	15211	19	4033	26.5137	0.317336	28.3	21.5
CBDDTY010003082.1	1	15208	17	1771	11.6452	0.170568	35.7	17.4
CBDDTY010003083.1	1	15207	34	3566	23.4497	0.465444	30.3	19.6
CBDDTY010003084.1	1	15206	57	6943	45.6596	0.891951	29.8	26
CBDDTY010003085.1	1	15206	42	5955	39.1622	0.616862	30.4	23
CBDDTY010003086.1	1	15194	36	6098	40.1343	0.546597	29.6	41.2
CBDDTY010003087.1	1	15181	50	7173	47.2499	0.71741	30.8	41.9
CBDDTY010003088.1	1	15137	34	4147	27.3964	0.483848	29.7	14.3
CBDDTY010003089.1	1	15136	45	6165	40.7307	0.646208	31.5	30.7
CBDDTY010003090.1	1	15132	41	6055	40.0145	0.608446	29.7	43.7
CBDDTY010003091.1	1	15116	27	2542	16.8166	0.348571	30.5	11.3
CBDDTY010003092.1	1	15062	86	9604	63.7631	1.27075	30.5	23.6
CBDDTY010003093.1	1	15041	39	3566	23.7085	0.584536	30.4	0.718
CBDDTY010003094.1	1	15039	29	5342	35.521	0.399761	31.6	33.7
CBDDTY010003095.1	1	15037	39	6843	45.5077	0.684844	30.1	34.3
CBDDTY010003096.1	1	15022	16	3185	21.2022	0.276461	28	16.3
CBDDTY010003097.1	1	15016	74	7010	46.6835	0.975027	29.4	1
CBDDTY010003098.1	1	15014	29	3128	20.8339	0.395498	29	5.31
CBDDTY010003099.1	1	15000	17	3332	22.2133	0.2612	30.1	22.1
CBDDTY010003100.1	1	15000	42	5035	33.5667	0.643133	30.5	4.88
CBDDTY010003101.1	1	15000	19	3496	23.3067	0.29	30.5	20.4
CBDDTY010003102.1	1	15000	2	376	2.50667	0.0250667	30.1	60
CBDDTY010003103.1	1	15000	22	2657	17.7133	0.3646	31.8	1.36
CBDDTY010003104.1	1	15000	22	4255	28.3667	0.323867	31.8	31
CBDDTY010003105.1	1	15000	34	5080	33.8667	0.4866	28.9	3.32
CBDDTY010003106.1	1	15000	38	5753	38.3533	0.651133	31.3	16.5
CBDDTY010003107.1	1	15000	55	7667	51.1133	0.842933	29.8	33.2
CBDDTY010003108.1	1	14800	18	2327	15.723	0.234324	28.4	5.83
CBDDTY010003109.1	1	15000	20	3580	23.8667	0.306	29.5	11.2
CBDDTY010003110.1	1	15000	16	3063	20.42	0.2628	30.3	32.2
CBDDTY010003111.1	1	15000	17	2805	18.7	0.223267	30.6	8.65
CBDDTY010003112.1	1	15000	42	6732	44.88	0.6388	30.4	31.5
CBDDTY010003113.1	1	15000	35	4078	27.1867	0.6186	28.6	19.3
CBDDTY010003114.1	1	15000	4	183	1.22	0.0362	31.6	2.5
CBDDTY010003115.1	1	15000	28	4220	28.1333	0.423933	30	4.07
CBDDTY010003116.1	1	15000	39	6002	40.0133	0.582533	30.4	27.6
CBDDTY010003118.1	1	15000	14	2282	15.2133	0.184733	28.8	17.9
CBDDTY010003119.1	1	15000	38	5267	35.1133	0.691533	30.4	12.3
CBDDTY010003120.1	1	15000	50	7524	50.16	0.7314	30	38.6
CBDDTY010003121.1	1	15000	23	3522	23.48	0.288933	31.9	15.4
CBDDTY010003122.1	1	14987	43	7636	50.9508	0.68079	30.4	44.9
CBDDTY010003123.1	1	14980	27	3972	26.5154	0.365087	32.4	14
CBDDTY010003124.1	1	14957	55	6828	45.6509	0.838805	29.6	35.9
CBDDTY010003125.1	1	14953	16	2331	15.5888	0.185983	30.7	32.9
CBDDTY010003126.1	1	14940	59	4514	30.2142	0.823427	30.1	29.9
CBDDTY010003127.1	1	14912	44	3940	26.4217	0.683007	30.8	13.3
CBDDTY010003128.1	1	14898	28	3647	24.4798	0.406565	30.8	8.68
CBDDTY010003129.1	1	14895	17	2382	15.9919	0.264585	30.9	12.9
CBDDTY010003130.1	1	14890	37	6005	40.3291	0.525588	30.4	29.7
CBDDTY010003131.1	1	14887	181	12607	84.6846	2.62968	30.2	31.4
CBDDTY010003132.1	1	14882	32	4763	32.0051	0.514313	30.7	45.1
CBDDTY010003133.1	1	14871	29	3170	21.3167	0.402865	27.7	1.59
CBDDTY010003134.1	1	14870	63	7957	53.5104	0.892468	30.8	25.1
CBDDTY010003135.1	1	14853	22	4553	30.6537	0.414462	30.8	49
CBDDTY010003136.1	1	14844	27	3858	25.9903	0.394772	30.5	20
CBDDTY010003137.1	1	14837	50	7609	51.284	0.73256	29.1	32.2
CBDDTY010003138.1	1	14833	48	5444	36.7019	0.653745	30.2	34.8
CBDDTY010003139.1	1	14830	56	6503	43.8503	0.802225	30.7	22.6
CBDDTY010003140.1	1	14798	43	6689	45.2021	0.664009	31.5	36.8
CBDDTY010003141.1	1	14795	35	6503	43.954	0.643325	32.7	47.9
CBDDTY010003142.1	1	14794	29	4497	30.3975	0.407192	29.5	12.2
CBDDTY010003143.1	1	14780	51	6128	41.4614	0.794384	30	26.7
CBDDTY010003144.1	1	14777	103	5238	35.447	1.63321	30.8	7.23
CBDDTY010003145.1	1	14776	12	1875	12.6895	0.190782	29.8	25.2
CBDDTY010003146.1	1	14758	13	2674	18.119	0.206668	29.3	24.2
CBDDTY010003147.1	1	14753	24	4791	32.4748	0.395106	29.8	36.9
CBDDTY010003148.1	1	14744	12	2139	14.5076	0.203473	27.7	23.3
CBDDTY010003149.1	1	14715	42	7299	49.6024	0.686646	29.3	27.1
CBDDTY010003150.1	1	14705	100	6280	42.7066	1.43808	29.6	4.21
CBDDTY010003151.1	1	14695	10	1627	11.0718	0.150663	35.9	27
CBDDTY010003152.1	1	14691	11	1138	7.74624	0.131577	34.1	14.9
CBDDTY010003153.1	1	14690	21	3742	25.4731	0.349898	31	28.2
CBDDTY010003154.1	1	14668	18	3340	22.7707	0.294791	29.1	22.6
CBDDTY010003155.1	1	14656	12	1379	9.40912	0.138578	30.2	18.2
CBDDTY010003156.1	1	14647	50	7475	51.0343	0.809927	29.6	39.1
CBDDTY010003157.1	1	14637	32	4516	30.8533	0.479128	30.4	37.9
CBDDTY010003158.1	1	14622	30	4965	33.9557	0.466626	31.1	47.3
CBDDTY010003159.1	1	14620	9	1770	12.1067	0.136389	34.6	12.2
CBDDTY010003160.1	1	14620	46	3491	23.8782	0.672845	31.3	7.72
CBDDTY010003161.1	1	14619	9	1278	8.74205	0.106574	30.5	2.56
CBDDTY010003162.1	1	14614	39	6159	42.1445	0.644724	30.2	29.9
CBDDTY010003163.1	1	14600	45	7149	48.9658	0.688219	30.5	38.9
CBDDTY010003164.1	1	14594	36	4214	28.8749	0.497328	31.6	22.1
CBDDTY010003165.1	1	14591	25	4468	30.6216	0.402783	32.5	42.6
CBDDTY010003166.1	1	14587	27	4594	31.4938	0.425379	30.8	42
CBDDTY010003167.1	1	14585	22	4323	29.64	0.318272	27.7	40.4
CBDDTY010003168.1	1	14585	42	5797	39.7463	0.577511	31.7	31.7
CBDDTY010003169.1	1	14578	10	1449	9.93964	0.134106	35	27
CBDDTY010003170.1	1	14578	48	5545	38.0368	0.778022	30.4	5.15
CBDDTY010003171.1	1	14571	11	1236	8.4826	0.150367	30.2	3
CBDDTY010003172.1	1	14562	28	4481	30.7719	0.433526	30.7	44.2
CBDDTY010003173.1	1	14557	30	5109	35.0965	0.478258	29.2	24
CBDDTY010003174.1	1	14550	14	2553	17.5464	0.207423	30.9	6
CBDDTY010003175.1	1	14548	22	2365	16.2565	0.331042	29.7	6.82
CBDDTY010003176.1	1	14541	31	4498	30.9332	0.514132	29.6	2.81
CBDDTY010003177.1	1	14528	140	7841	53.9716	2.0086	30.8	11.9
CBDDTY010003178.1	1	14506	31	3232	22.2804	0.411278	32.9	20.2
CBDDTY010003179.1	1	14470	22	3764	26.0124	0.346856	30.9	9.91
CBDDTY010003180.1	1	14455	44	6306	43.625	0.665237	32.4	33.8
CBDDTY010003181.1	1	14452	25	3518	24.3427	0.350955	29.6	1.24
CBDDTY010003182.1	1	14450	30	5409	37.4325	0.476955	30.4	27.9
CBDDTY010003183.1	1	14450	18	2057	14.2353	0.257232	31.7	5.5
CBDDTY010003184.1	1	14437	31	5553	38.4637	0.491238	29.5	37.2
CBDDTY010003185.1	1	14415	27	4576	31.7447	0.445994	31	40.4
CBDDTY010003186.1	1	14370	32	4962	34.5303	0.551566	32	25.8
CBDDTY010003187.1	1	14351	15	1749	12.1873	0.165424	31	30.9
CBDDTY010003188.1	1	14350	18	3552	24.7526	0.308571	29	10.7
CBDDTY010003189.1	1	14346	35	3998	27.8684	0.50481	30	3.03
CBDDTY010003190.1	1	14343	34	4693	32.7198	0.502336	30.1	25.2
CBDDTY010003191.1	1	14302	28	2847	19.9063	0.39505	31.9	16.3
CBDDTY010003192.1	1	14287	33	4772	33.401	0.532372	32.1	29.3
CBDDTY010003193.1	1	14272	24	3969	27.8097	0.383198	28.8	18.7
CBDDTY010003194.1	1	14271	32	5351	37.4956	0.516222	29.1	33.5
CBDDTY010003195.1	1	14266	8	1019	7.14286	0.076826	31.4	10.1
CBDDTY010003196.1	1	14261	34	6181	43.342	0.532641	30.5	41.4
CBDDTY010003197.1	1	14242	64	4283	30.073	1.00428	31.4	5.38
CBDDTY010003198.1	1	14230	24	2234	15.6992	0.303865	31.4	2.46
CBDDTY010003199.1	1	14221	16	2004	14.0918	0.192532	29.2	12.4
CBDDTY010003200.1	1	14164	18	2857	20.1709	0.277323	28.7	34.4
CBDDTY010003201.1	1	14142	42	3999	28.2775	0.628624	30.5	3.19
CBDDTY010003202.1	1	14129	29	4266	30.1932	0.364357	31.7	12.1
CBDDTY010003203.1	1	14119	39	7253	51.3705	0.707345	29.7	46.4
CBDDTY010003204.1	1	14115	40	4489	31.803	0.576266	28.9	1.1
CBDDTY010003205.1	1	14072	19	2865	20.3596	0.276507	31.4	17.3
CBDDTY010003206.1	1	14036	30	5299	37.7529	0.538971	30.6	49.5
CBDDTY010003207.1	1	14035	31	5580	39.7577	0.522123	30.6	39.6
CBDDTY010003208.1	1	14030	36	4236	30.1924	0.514469	30.9	23.4
CBDDTY010003209.1	1	14024	15	3054	21.777	0.296706	34	22.9
CBDDTY010003210.1	1	14000	28	3694	26.3857	0.381286	28.7	14.1
CBDDTY010003211.1	1	14000	48	5950	42.5	0.7065	32.9	9.58
CBDDTY010003212.1	1	14000	31	4045	28.8929	0.513214	28.8	11.4
CBDDTY010003213.1	1	14000	24	3341	23.8643	0.388214	31	6.67
CBDDTY010003214.1	1	14000	175	9342	66.7286	2.91443	29.6	16.1
CBDDTY010003215.1	1	14000	4	1172	8.37143	0.103857	29.4	14.5
CBDDTY010003216.1	1	14000	19	3425	24.4643	0.302714	29.4	24
CBDDTY010003217.1	1	14000	30	3222	23.0143	0.508857	31.1	0.367
CBDDTY010003218.1	1	14000	30	4235	30.25	0.457929	31.6	1.9
CBDDTY010003219.1	1	14000	14	2440	17.4286	0.200786	32.2	28.1
CBDDTY010003220.1	1	14000	42	4353	31.0929	0.757143	29.9	4.62
CBDDTY010003221.1	1	14000	42	5889	42.0643	0.719	29.7	10.8
CBDDTY010003222.1	1	14000	59	5653	40.3786	1.00807	29.5	33
CBDDTY010003223.1	1	14000	15	1833	13.0929	0.185071	33	6
CBDDTY010003224.1	1	14000	19	3775	26.9643	0.301929	29.6	53.5
CBDDTY010003225.1	1	14000	23	3353	23.95	0.387571	30.6	23.5
CBDDTY010003226.1	1	14000	35	5191	37.0786	0.530214	29	27.4
CBDDTY010003227.1	1	14000	127	6589	47.0643	2.18807	30.8	11.3
CBDDTY010003228.1	1	14000	30	1898	13.5571	0.467286	31.2	9.5
CBDDTY010003229.1	1	14000	46	5660	40.4286	0.748714	30.5	20
CBDDTY010003230.1	1	14000	28	4187	29.9071	0.484214	29.9	15.6
CBDDTY010003231.1	1	14000	57	6933	49.5214	0.915286	30.9	32.7
CBDDTY010003232.1	1	14000	19	2506	17.9	0.301286	29.8	32.8
CBDDTY010003233.1	1	14000	8	1212	8.65714	0.104929	29.5	30.4
CBDDTY010003234.1	1	13998	46	6810	48.6498	0.720746	32	22.3
CBDDTY010003235.1	1	13987	80	9333	66.7262	1.2112	31.3	26.5
CBDDTY010003236.1	1	13986	29	4764	34.0626	0.433004	31.9	25.6
CBDDTY010003237.1	1	13979	38	5074	36.2973	0.638815	30	28.7
CBDDTY010003238.1	1	13970	22	2537	18.1603	0.297351	31.7	23.7
CBDDTY010003239.1	1	13967	68	6999	50.111	1.14191	30.4	24
CBDDTY010003240.1	1	13962	57	6884	49.3053	0.879602	31.5	30.7
CBDDTY010003241.1	1	13931	22	3943	28.3038	0.377288	30.8	20.4
CBDDTY010003242.1	1	13930	30	3811	27.3582	0.386145	31.2	12.1
CBDDTY010003243.1	1	13924	28	1940	13.9328	0.447285	32.6	2.25
CBDDTY010003244.1	1	13913	30	5516	39.6464	0.489758	30.1	25.6
CBDDTY010003245.1	1	13897	23	3520	25.3292	0.350219	32.6	22
CBDDTY010003246.1	1	13896	30	5577	40.1339	0.579375	29.6	47.9
CBDDTY010003247.1	1	13861	76	7434	53.6325	1.1909	28.2	11.8
CBDDTY010003248.1	1	13842	16	3589	25.9283	0.295911	33.9	48.9
CBDDTY010003249.1	1	13836	30	4961	35.8557	0.563891	31.4	41
CBDDTY010003250.1	1	13828	13	2220	16.0544	0.23503	30.8	0.462
CBDDTY010003251.1	1	13817	21	3496	25.3022	0.350583	30.3	27.1
CBDDTY010003252.1	1	13814	36	3958	28.6521	0.655856	32	14.4
CBDDTY010003253.1	1	13795	28	5383	39.0214	0.5473	29.2	45.2
CBDDTY010003254.1	1	13791	58	7774	56.3701	0.888333	31.5	37.2
CBDDTY010003255.1	1	13781	18	2565	18.6126	0.238299	30.1	2.44
CBDDTY010003256.1	1	13755	30	3246	23.5987	0.499818	30.1	6.33
CBDDTY010003257.1	1	13741	11	1694	12.3281	0.17677	31.9	17.6
CBDDTY010003258.1	1	13738	9	1948	14.1796	0.159266	31.6	4.44
CBDDTY010003259.1	1	13738	67	6211	45.2104	1.20571	31.6	23.1
CBDDTY010003260.1	1	13703	36	5631	41.0932	0.678683	31.2	30.4
CBDDTY010003261.1	1	13683	35	2773	20.266	0.615143	32.4	3.46
CBDDTY010003262.1	1	13672	30	3442	25.1755	0.467452	31.2	16.9
CBDDTY010003263.1	1	13665	42	5453	39.9049	0.788584	31.2	28.3
CBDDTY010003264.1	1	13641	73	6982	51.1839	1.15732	30.1	27.6
CBDDTY010003265.1	1	13631	32	6749	49.5121	0.633849	29.5	32.6
CBDDTY010003266.1	1	13622	66	7794	57.2163	1.04933	30.1	7.02
CBDDTY010003267.1	1	13600	17	2105	15.4779	0.208824	33.2	9.53
CBDDTY010003268.1	1	13597	19	3482	25.6086	0.300728	27.5	44.1
CBDDTY010003269.1	1	13596	30	3465	25.4854	0.378199	31.3	14.7
CBDDTY010003270.1	1	13587	15	2162	15.9123	0.25863	29.9	4.73
CBDDTY010003271.1	1	13574	78	5244	38.6327	1.28054	30.5	12.1
CBDDTY010003272.1	1	13569	37	6832	50.3501	0.704989	30	38.7
CBDDTY010003273.1	1	13555	22	4336	31.9882	0.430837	28	10.6
CBDDTY010003274.1	1	13533	32	5609	41.4468	0.636962	31.6	32.4
CBDDTY010003275.1	1	13524	67	7287	53.882	1.16371	30	14.9
CBDDTY010003276.1	1	13513	35	4641	34.3447	0.645823	31	13.5
CBDDTY010003277.1	1	13511	44	7166	53.0383	0.812153	31.7	32
CBDDTY010003278.1	1	13507	33	4571	33.8417	0.528097	32.3	15.2
CBDDTY010003279.1	1	13494	51	6584	48.7921	0.828442	31.3	22
CBDDTY010003280.1	1	13492	33	4941	36.6217	0.561221	30.9	29.9
CBDDTY010003281.1	1	13479	19	1998	14.8231	0.267082	31.9	11.2
CBDDTY010003282.1	1	13457	26	3230	24.0024	0.409229	31.3	10.5
CBDDTY010003283.1	1	13448	21	2514	18.6942	0.293055	32	18.8
CBDDTY010003284.1	1	13439	18	3366	25.0465	0.304413	31.4	26.9
CBDDTY010003285.1	1	13418	27	4509	33.6041	0.44649	29.9	29.2
CBDDTY010003286.1	1	13417	20	2785	20.7572	0.301707	31.2	30.9
CBDDTY010003287.1	1	13416	50	6275	46.7725	0.914654	30.5	28.2
CBDDTY010003288.1	1	13414	13	3082	22.976	0.263903	33	20.4
CBDDTY010003289.1	1	13408	29	5257	39.2079	0.542363	30.6	37.9
CBDDTY010003290.1	1	13376	32	5537	41.395	0.572443	30.2	50.4
CBDDTY010003291.1	1	13362	36	4099	30.6765	0.602679	30.4	23.8
CBDDTY010003292.1	1	13360	46	7532	56.3772	0.973728	31.9	50.7
CBDDTY010003293.1	1	13360	14	2859	21.3997	0.238099	31.1	39.2
CBDDTY010003294.1	1	13357	15	2132	15.9617	0.186719	30.9	25.5
CBDDTY010003295.1	1	13354	25	4086	30.5976	0.421372	30	40.4
CBDDTY010003296.1	1	13320	28	4935	37.0495	0.480931	29.7	17
CBDDTY010003297.1	1	13310	26	4205	31.5928	0.435312	30.3	23.2
CBDDTY010003298.1	1	13304	33	3429	25.7742	0.535704	31.5	10.5
CBDDTY010003299.1	1	13302	52	4867	36.5885	0.843031	29.3	5.48
CBDDTY010003300.1	1	13293	7	1491	11.2164	0.112164	28.1	20.4
CBDDTY010003301.1	1	13273	88	9795	73.7964	1.57063	29.7	24.5
CBDDTY010003302.1	1	13271	42	6646	50.0791	0.802276	30.3	39.9
CBDDTY010003303.1	1	13257	109	7032	53.0437	1.89077	30.5	13
CBDDTY010003304.1	1	13210	80	6455	48.8645	1.31749	30.2	15.4
CBDDTY010003305.1	1	13207	30	4790	36.2686	0.473537	32.3	20.8
CBDDTY010003306.1	1	13199	27	3577	27.1005	0.411698	31.8	37.1
CBDDTY010003307.1	1	13153	23	3713	28.2293	0.396183	28.6	32.3
CBDDTY010003308.1	1	13143	29	4894	37.2366	0.521799	31.3	39.5
CBDDTY010003309.1	1	13133	23	2459	18.7238	0.391837	31.7	31.5
CBDDTY010003310.1	1	13100	18	3415	26.0687	0.318931	32	34.4
CBDDTY010003311.1	1	13099	36	2649	20.2229	0.523857	31.3	21
CBDDTY010003312.1	1	13057	36	4999	38.286	0.598989	30.4	11.1
CBDDTY010003313.1	1	13038	83	7675	58.8664	1.53467	30.5	29.3
CBDDTY010003314.1	1	13028	95	9928	76.2051	1.75791	30.2	44.3
CBDDTY010003315.1	1	13010	8	1539	11.8294	0.118294	31.2	11.5
CBDDTY010003316.1	1	13000	36	4485	34.5	0.594462	31.1	9.11
CBDDTY010003317.1	1	13000	5	603	4.63846	0.0669231	30.3	30.8
CBDDTY010003318.1	1	13000	29	4681	36.0077	0.593769	30.4	13.5
CBDDTY010003319.1	1	13000	44	4325	33.2692	0.720923	30.8	22.2
CBDDTY010003320.1	1	13000	35	5779	44.4538	0.689308	30.8	46
CBDDTY010003321.1	1	13000	7	756	5.81538	0.0845385	26.8	18.9
CBDDTY010003322.1	1	13000	32	2649	20.3769	0.614769	31.8	4.31
CBDDTY010003323.1	1	13000	30	4390	33.7692	0.499846	31.8	32.3
CBDDTY010003324.1	1	13000	7	1355	10.4231	0.119385	30.4	21.4
CBDDTY010003325.1	1	13000	23	4347	33.4385	0.480615	29.8	33.2
CBDDTY010003326.1	1	13000	28	3922	30.1692	0.459923	30.3	21.4
CBDDTY010003327.1	1	13000	48	4573	35.1769	0.765	29.2	11.8
CBDDTY010003328.1	1	13000	37	3918	30.1385	0.567	30.3	1.46
CBDDTY010003330.1	1	13000	50	7051	54.2385	0.880231	29.6	8.74
CBDDTY010003332.1	1	13000	9	1040	8	0.138	29.7	19.8
CBDDTY010003333.1	1	13000	19	3658	28.1385	0.359	31.4	27.6
CBDDTY010003334.1	1	13000	7	1154	8.87692	0.0887692	30.1	1.86
CBDDTY010003335.1	1	13000	31	3139	24.1462	0.636462	32.6	9.06
CBDDTY010003336.1	1	13000	20	4668	35.9077	0.414538	29.3	40.9
CBDDTY010003337.1	1	13000	18	2525	19.4231	0.253615	30.8	8.67
CBDDTY010003338.1	1	13000	24	3972	30.5538	0.431846	30.3	41.7
CBDDTY010003339.1	1	13000	26	2207	16.9769	0.497769	28.2	4.5
CBDDTY010003340.1	1	13000	27	5593	43.0231	0.528769	32.2	42.4
CBDDTY010003341.1	1	13000	21	3890	29.9231	0.381231	32.3	40.4
CBDDTY010003342.1	1	13000	9	1186	9.12308	0.133385	29	2.56
CBDDTY010003343.1	1	13000	163	6051	46.5462	2.952	30.4	18.2
CBDDTY010003344.1	1	13000	52	7382	56.7846	0.947923	31.2	39.4
CBDDTY010003345.1	1	13000	10	1985	15.2692	0.165077	29.7	3.1
CBDDTY010003346.1	1	13000	13	2921	22.4692	0.250769	28.4	38.8
CBDDTY010003347.1	1	13000	26	3842	29.5538	0.375692	30.9	43.3
CBDDTY010003348.1	1	13000	19	2367	18.2077	0.253231	35.1	14.9
CBDDTY010003349.1	1	13000	26	3654	28.1077	0.406385	32.2	30.6
CBDDTY010003350.1	1	13000	16	1834	14.1077	0.193077	30.2	9.81
CBDDTY010003351.1	1	13000	7	1003	7.71538	0.100923	31.5	0.714
CBDDTY010003352.1	1	13000	28	3960	30.4615	0.508769	29	5.39
CBDDTY010003353.1	1	12996	19	2220	17.0822	0.253463	31.5	14.9
CBDDTY010003354.1	1	12987	33	5166	39.7782	0.542697	29.5	35.7
CBDDTY010003355.1	1	12927	48	6473	50.0735	0.802661	31.2	37.1
CBDDTY010003356.1	1	12912	11	1751	13.561	0.144284	32.5	25.3
CBDDTY010003357.1	1	12876	22	2275	17.6685	0.306384	31.7	9.73
CBDDTY010003358.1	1	12869	21	3995	31.0436	0.373766	31.9	40
CBDDTY010003359.1	1	12850	17	3003	23.3696	0.291284	31.6	40.8
CBDDTY010003360.1	1	12846	44	4841	37.6849	0.692122	30.3	4.68
CBDDTY010003361.1	1	12845	47	5797	45.1304	0.852394	31	42.9
CBDDTY010003362.1	1	12831	8	1433	11.1683	0.11932	29.2	2.38
CBDDTY010003363.1	1	12826	48	6727	52.4482	0.90566	29.3	7.56
CBDDTY010003364.1	1	12808	47	3831	29.911	0.837367	30.5	14.3
CBDDTY010003365.1	1	12798	4	723	5.64932	0.083138	32.7	0.75
CBDDTY010003366.1	1	12741	53	7127	55.9375	1.0113	31.1	34.6
CBDDTY010003367.1	1	12675	106	7079	55.8501	2.00039	30.2	21.6
CBDDTY010003368.1	1	12660	9	1382	10.9163	0.130253	31	9.89
CBDDTY010003369.1	1	12650	38	6196	48.9802	0.659447	30.7	44.5
CBDDTY010003370.1	1	12644	68	4240	33.5337	1.25846	29.4	41.7
CBDDTY010003371.1	1	12631	12	762	6.03278	0.1775	30.1	2.08
CBDDTY010003372.1	1	12581	21	2911	23.1381	0.284477	28.4	22
CBDDTY010003373.1	1	12555	56	7249	57.738	1.1898	30.4	46.5
CBDDTY010003374.1	1	12554	25	4112	32.7545	0.433965	32.5	17.6
CBDDTY010003375.1	1	12550	42	5092	40.5737	0.781594	30.1	34.8
CBDDTY010003376.1	1	12522	65	6207	49.5688	1.08289	29	12.4
CBDDTY010003377.1	1	12522	31	4839	38.644	0.516371	30	22.2
CBDDTY010003378.1	1	12449	49	5723	45.9716	0.870351	29.8	31.9
CBDDTY010003379.1	1	12445	34	4836	38.859	0.53636	30.1	6.85
CBDDTY010003380.1	1	12437	27	3888	31.2616	0.498834	28.9	25.9
CBDDTY010003381.1	1	12423	27	4160	33.4863	0.456492	30.7	42.6
CBDDTY010003382.1	1	12404	42	4948	39.8904	0.762738	31.6	35.1
CBDDTY010003383.1	1	12356	25	4872	39.4302	0.520395	29.6	35.6
CBDDTY010003384.1	1	12254	34	5900	48.1475	0.697079	31.5	29.6
CBDDTY010003385.1	1	12235	68	1804	14.7446	1.30127	31.9	25.8
CBDDTY010003386.1	1	12228	36	1877	15.35	0.588731	30.8	34.5
CBDDTY010003387.1	1	12221	8	1213	9.92554	0.137714	28.1	22.1
CBDDTY010003388.1	1	12216	12	2107	17.2479	0.198428	31.2	29.2
CBDDTY010003389.1	1	12192	13	2183	17.9052	0.200787	31.5	26.8
CBDDTY010003390.1	1	12181	45	7074	58.074	0.902717	28.7	45.1
CBDDTY010003391.1	1	12163	34	5543	45.5726	0.613418	30.4	42.8
CBDDTY010003392.1	1	12160	7	1432	11.7763	0.148684	27.6	13.3
CBDDTY010003393.1	1	12114	34	4664	38.5009	0.610863	33	29.6
CBDDTY010003394.1	1	12084	23	3548	29.3611	0.410957	28.9	24.5
CBDDTY010003395.1	1	12077	50	4278	35.4227	0.80939	30.7	3.96
CBDDTY010003396.1	1	12074	29	4007	33.187	0.464138	30.7	21.2
CBDDTY010003397.1	1	12049	18	3473	28.824	0.30683	28.7	13.9
CBDDTY010003398.1	1	12021	23	4441	36.9437	0.510939	28.9	48.2
CBDDTY010003399.1	1	12011	30	5747	47.8478	0.627841	29.4	32.1
CBDDTY010003400.1	1	12000	73	6613	55.1083	1.50058	31	24.3
CBDDTY010003401.1	1	12000	14	2625	21.875	0.285167	29.1	22.4
CBDDTY010003402.1	1	12000	27	3434	28.6167	0.487417	28.7	11
CBDDTY010003403.1	1	12000	17	2811	23.425	0.2855	29.4	8.53
CBDDTY010003404.1	1	12000	32	5611	46.7583	0.6125	29.6	34.2
CBDDTY010003405.1	1	12000	11	2128	17.7333	0.267167	30	24.4
CBDDTY010003406.1	1	12000	21	4009	33.4083	0.429	31.8	37.6
CBDDTY010003407.1	1	12000	39	5664	47.2	0.787667	30.8	52.6
CBDDTY010003408.1	1	12000	21	3664	30.5333	0.442167	31	24.8
CBDDTY010003409.1	1	12000	21	3990	33.25	0.416083	29	12.3
CBDDTY010003410.1	1	12000	8	1088	9.06667	0.116333	30	11.9
CBDDTY010003411.1	1	12000	18	3196	26.6333	0.439417	29.4	16.9
CBDDTY010003412.1	1	12000	19	2068	17.2333	0.400667	31.1	21.4
CBDDTY010003413.1	1	12000	16	2702	22.5167	0.255	29.6	2
CBDDTY010003414.1	1	12000	13	1853	15.4417	0.2175	28.4	12.2
CBDDTY010003415.1	1	12000	22	3298	27.4833	0.390167	30.7	26.5
CBDDTY010003416.1	1	12000	27	2525	21.0417	0.3445	31.7	8.22
CBDDTY010003417.1	1	12000	21	2637	21.975	0.4385	30.4	3.19
CBDDTY010003418.1	1	12000	18	3500	29.1667	0.3255	30.2	24.2
CBDDTY010003419.1	1	12000	39	4391	36.5917	0.696083	31	4.49
CBDDTY010003420.1	1	12000	24	3197	26.6417	0.3855	31.8	19.2
CBDDTY010003421.1	1	12000	12	1618	13.4833	0.219833	32.7	18.3
CBDDTY010003422.1	1	12000	19	3550	29.5833	0.334167	30.6	18.5
CBDDTY010003423.1	1	12000	45	3441	28.675	0.887083	31.4	36.3
CBDDTY010003424.1	1	12000	9	1168	9.73333	0.117167	29.8	7.89
CBDDTY010003425.1	1	12000	10	2245	18.7083	0.207333	30.6	30.9
CBDDTY010003426.1	1	12000	41	4951	41.2583	0.652917	30.3	27
CBDDTY010003427.1	1	11972	34	5150	43.017	0.696876	30.8	37.5
CBDDTY010003428.1	1	11969	10	1940	16.2085	0.204612	31	19.2
CBDDTY010003429.1	1	11949	31	4207	35.208	0.498452	31	30
CBDDTY010003430.1	1	11948	24	2908	24.3388	0.527787	30.3	14
CBDDTY010003431.1	1	11920	38	5731	48.0789	0.748406	31.6	34.8
CBDDTY010003432.1	1	11908	35	5997	50.3611	0.731441	31.1	35.1
CBDDTY010003433.1	1	11906	199	8840	74.2483	3.82127	30.9	23.5
CBDDTY010003434.1	1	11850	30	5275	44.5148	0.605992	30.4	49.3
CBDDTY010003435.1	1	11830	6	866	7.32037	0.0865596	30.7	8.17
CBDDTY010003436.1	1	11819	66	4630	39.1742	1.49666	31.4	17.4
CBDDTY010003437.1	1	11812	23	2808	23.7724	0.452929	29.7	24.6
CBDDTY010003438.1	1	11777	6	984	8.35527	0.095695	29.8	25.2
CBDDTY010003439.1	1	11758	25	4038	34.3426	0.480354	31.4	46.3
CBDDTY010003440.1	1	11712	20	3309	28.2531	0.392077	30.8	22
CBDDTY010003441.1	1	11691	32	4852	41.502	0.626379	31.2	27.8
CBDDTY010003442.1	1	11671	23	4360	37.3576	0.597121	30	39.3
CBDDTY010003443.1	1	11620	5	433	3.72633	0.0545611	28.1	8.2
CBDDTY010003444.1	1	11610	36	5831	50.2239	0.693885	30.3	44.9
CBDDTY010003445.1	1	11603	35	4197	36.1717	0.631906	31.8	12.7
CBDDTY010003446.1	1	11576	36	6009	51.9091	0.72227	30.3	50.6
CBDDTY010003447.1	1	11553	29	4172	36.1118	0.610404	30.2	37
CBDDTY010003448.1	1	11552	23	3489	30.2026	0.473425	31.2	28.6
CBDDTY010003449.1	1	11502	34	5356	46.5658	0.633803	29.5	34.9
CBDDTY010003450.1	1	11471	40	6023	52.5063	0.826432	30.1	28.9
CBDDTY010003451.1	1	11420	12	1921	16.8214	0.197986	31.8	3.83
CBDDTY010003452.1	1	11332	31	4262	37.6103	0.65143	30.5	14.7
CBDDTY010003453.1	1	11309	14	2725	24.0959	0.258644	31.6	14.5
CBDDTY010003454.1	1	11270	36	5618	49.8492	0.750133	31.5	37.5
CBDDTY010003455.1	1	11221	25	4300	38.321	0.475626	30.5	34.1
CBDDTY010003456.1	1	11168	61	6266	56.1067	1.25376	29.2	36.4
CBDDTY010003457.1	1	11122	35	4979	44.7671	0.66364	30.7	49.2
CBDDTY010003458.1	1	11099	16	3150	28.3809	0.345437	31.8	31.8
CBDDTY010003459.1	1	11000	66	7599	69.0818	1.45773	30.5	38.7
CBDDTY010003460.1	1	11000	52	5038	45.8	1.06936	30.6	20.6
CBDDTY010003461.1	1	11000	74	4735	43.0455	1.42336	31.5	23.7
CBDDTY010003462.1	1	11000	34	5897	53.6091	0.813	29.2	24.6
CBDDTY010003463.1	1	11000	4	551	5.00909	0.0647273	34.7	18.5
CBDDTY010003464.1	1	11000	4	657	5.97273	0.0702727	31.4	0.25
CBDDTY010003465.1	1	11000	82	6052	55.0182	1.65982	30.3	23.7
CBDDTY010003466.1	1	11000	20	4431	40.2818	0.433636	32.7	18.9
CBDDTY010003467.1	1	11000	31	4240	38.5455	0.573182	30.6	18.9
CBDDTY010003468.1	1	11000	19	3238	29.4364	0.381182	27.6	38.3
CBDDTY010003469.1	1	11000	15	1553	14.1182	0.254364	29.7	13.3
CBDDTY010003470.1	1	11000	4	1088	9.89091	0.0989091	29.9	0
CBDDTY010003471.1	1	11000	31	5196	47.2364	0.694182	31.3	28.2
CBDDTY010003472.1	1	11000	14	2224	20.2182	0.242182	34.7	10.2
CBDDTY010003473.1	1	11000	4	634	5.76364	0.0679091	29	7.75
CBDDTY010003474.1	1	11000	4	478	4.34545	0.0434545	33.2	1.5
CBDDTY010003475.1	1	11000	20	3277	29.7909	0.398818	30.2	0.45
CBDDTY010003476.1	1	11000	91	4021	36.5545	1.73555	31.2	27.1
CBDDTY010003477.1	1	11000	16	3037	27.6091	0.353909	31.4	49.4
CBDDTY010003478.1	1	11000	11	1874	17.0364	0.229818	30.9	41.1
CBDDTY010003479.1	1	11000	24	3500	31.8182	0.490818	30.1	0.333
CBDDTY010003480.1	1	11000	42	3592	32.6545	0.771182	30.2	17
CBDDTY010003481.1	1	11000	23	3871	35.1909	0.487818	33.6	26.3
CBDDTY010003482.1	1	11000	21	4592	41.7455	0.532909	30.9	23.1
CBDDTY010003483.1	1	11000	2	467	4.24545	0.0424545	31.2	44
CBDDTY010003484.1	1	11000	6	1356	12.3273	0.172818	31.8	27.2
CBDDTY010003485.1	1	11000	20	2734	24.8545	0.363273	30.9	29
CBDDTY010003486.1	1	10894	20	2972	27.2811	0.35414	30.3	38.2
CBDDTY010003488.1	1	10877	19	4201	38.6228	0.488554	27.6	47.7
CBDDTY010003489.1	1	10760	19	3677	34.1729	0.400558	30.6	39.6
CBDDTY010003490.1	1	10741	23	4052	37.7246	0.515781	29.2	46.9
CBDDTY010003491.1	1	10657	43	5196	48.7567	0.835601	31	12.7
CBDDTY010003492.1	1	10327	13	2326	22.5235	0.324683	28.9	25.3
CBDDTY010003493.1	1	10000	17	1476	14.76	0.3947	30.2	6.47
CBDDTY010003494.1	1	10000	17	2928	29.28	0.3989	29.8	19.8
CBDDTY010003495.1	1	10000	16	2103	21.03	0.2859	33.6	18.2
CBDDTY010003496.1	1	10000	34	4606	46.06	0.6827	29.9	39.4
CBDDTY010003497.1	1	10000	21	4069	40.69	0.5008	30.2	25
CBDDTY010003498.1	1	10000	24	4154	41.54	0.4989	32.5	36.3
CBDDTY010003499.1	1	10000	32	5229	52.29	0.7893	29.6	29.3
CBDDTY010003500.1	1	10000	33	4389	43.89	0.7992	32.1	39.6
CBDDTY010003501.1	1	10000	3	1038	10.38	0.1038	32.2	60
CBDDTY010003502.1	1	10000	13	3372	33.72	0.3561	30.1	35.5
CBDDTY010003503.1	1	9000	2	341	3.78889	0.0378889	29.1	2.5
CBDDTY010003504.1	1	9000	52	4263	47.3667	1.17867	29.8	7.92
CBDDTY010003505.1	1	9000	21	3161	35.1222	0.501444	30.2	7.57
CBDDTY010003506.1	1	9000	29	2596	28.8444	0.757667	33	43.3
CBDDTY010003507.1	1	9000	1	272	3.02222	0.0302222	28.4	0
CBDDTY010003508.1	1	9000	4	715	7.94444	0.0924444	29.7	2
CBDDTY010003509.1	1	9000	16	3448	38.3111	0.455333	30.9	37.7
CBDDTY010003511.1	1	9000	7	1198	13.3111	0.151111	33.5	5.29
CBDDTY010003512.1	1	9000	75	3745	41.6111	1.79233	31	41.7
CBDDTY010003513.1	1	9000	4	851	9.45556	0.0945556	27.1	9.75
CBDDTY010003514.1	1	9000	17	2588	28.7556	0.431778	30.6	45.4
CBDDTY010003515.1	1	9000	15	3175	35.2778	0.444556	30.6	37.7
CBDDTY010003516.1	1	9000	7	1041	11.5667	0.119889	33.3	9.29
CBDDTY010003517.1	1	9000	11	2153	23.9222	0.257	32.9	39
CBDDTY010003518.1	1	9000	5	1028	11.4222	0.132111	32.6	25.6
CBDDTY010003519.1	1	9000	10	1327	14.7444	0.198	29.6	2.3
CBDDTY010003520.1	1	9000	35	3945	43.8333	0.881778	30.5	19.9
CBDDTY010003521.1	1	9000	27	4644	51.6	0.701889	29.3	47
CBDDTY010003522.1	1	9000	12	2506	27.8444	0.301889	30.7	20.2
CBDDTY010003523.1	1	9000	26	3474	38.6	0.605778	31.9	35.9
CBDDTY010003524.1	1	9000	22	3828	42.5333	0.648778	29.3	46
CBDDTY010003525.1	1	9000	21	2917	32.4111	0.550444	30.4	16.7
CBDDTY010003526.1	1	9000	19	2388	26.5333	0.491111	27.6	15.2
CBDDTY010003527.1	1	9000	16	2193	24.3667	0.309333	31.9	25.9
CBDDTY010003528.1	1	9000	35	3500	38.8889	0.903778	29.4	5
CBDDTY010003529.1	1	9000	31	5015	55.7222	0.849333	31.5	44.4
CBDDTY010003530.1	1	9000	32	2879	31.9889	0.781	30.7	37.1
CBDDTY010003531.1	1	8000	13	2052	25.65	0.300875	33.4	18.8
CBDDTY010003532.1	1	8000	18	3115	38.9375	0.41475	30.7	17.3
CBDDTY010003533.1	1	8000	8	972	12.15	0.174375	32.1	1.88
CBDDTY010003534.1	1	8000	17	1787	22.3375	0.387125	30.8	22.4
CBDDTY010003535.1	1	8000	5	1194	14.925	0.14925	31.6	3.6
CBDDTY010003536.1	1	8000	29	4625	57.8125	0.951875	30.4	22.3
CBDDTY010003537.1	1	8000	13	2156	26.95	0.34	29.2	25.8
CBDDTY010003538.1	1	8000	14	2453	30.6625	0.408	28.9	2.5
CBDDTY010003539.1	1	8000	10	1520	19	0.295375	31.4	0.7
CBDDTY010003540.1	1	8000	26	4130	51.625	0.786125	29.4	25.6
CBDDTY010003541.1	1	8000	1	130	1.625	0.01625	20.6	4
CBDDTY010003542.1	1	8000	10	1710	21.375	0.246875	30.9	18.1
CBDDTY010003543.1	1	8000	38	4834	60.425	1.07787	29.5	38.3
CBDDTY010003544.1	1	8000	15	1720	21.5	0.37825	28.7	1.67
CBDDTY010003545.1	1	8000	7	1911	23.8875	0.287875	33.6	38.6
CBDDTY010003546.1	1	8000	19	3200	40	0.471	29.6	30.1
CBDDTY010003547.1	1	8000	9	1211	15.1375	0.22675	31.1	13.6
CBDDTY010003548.1	1	8000	18	3516	43.95	0.532875	28.8	0.722
CBDDTY010003549.1	1	8000	68	4060	50.75	1.98737	30.7	43.2
CBDDTY010003550.1	1	8000	21	2434	30.425	0.500375	32.1	7.1
CBDDTY010003551.1	1	8000	29	3096	38.7	0.77225	31.8	7.38
CBDDTY010003552.1	1	8000	31	1876	23.45	1.08662	30.9	18.3
CBDDTY010003553.1	1	8000	19	2302	28.775	0.427875	29.1	36.8
CBDDTY010003554.1	1	8000	23	3623	45.2875	0.695625	29.2	52.8
CBDDTY010003555.1	1	8000	52	4337	54.2125	2.32175	29.1	15.1
CBDDTY010003556.1	1	8000	15	1225	15.3125	0.346875	31.4	2.67
CBDDTY010003557.1	1	8000	21	3034	37.925	0.625125	29	0.429
CBDDTY010003558.1	1	8000	11	1744	21.8	0.28925	28.2	33.6
CBDDTY010003559.1	1	8000	8	1324	16.55	0.21925	31.7	33.5
CBDDTY010003560.1	1	8000	28	4563	57.0375	0.828875	29.9	47
CBDDTY010003561.1	1	8000	18	3262	40.775	0.56725	30.5	19.8
CBDDTY010003562.1	1	8000	10	1079	13.4875	0.267375	32.5	41.2
CBDDTY010003563.1	1	7000	45	4306	61.5143	1.41429	31.4	23.3
CBDDTY010003564.1	1	7000	17	2144	30.6286	0.435857	30.9	7.06
CBDDTY010003565.1	1	7000	15	1962	28.0286	0.425857	29.3	20.5
CBDDTY010003566.1	1	7000	9	942	13.4571	0.212	28.9	5.11
CBDDTY010003567.1	1	7000	11	1700	24.2857	0.305429	29.4	39.1
CBDDTY010003568.1	1	7000	10	1940	27.7143	0.419286	31.5	12.3
CBDDTY010003569.1	1	7000	26	2611	37.3	0.682	30.5	28.2
CBDDTY010003570.1	1	7000	8	1313	18.7571	0.236	28	14.1
CBDDTY010003571.1	1	7000	14	2100	30	0.412143	30.9	24.9
CBDDTY010003572.1	1	7000	14	2021	28.8714	0.449	30.1	34.2
CBDDTY010003573.1	1	7000	21	2001	28.5857	0.723143	33.9	18
CBDDTY010003574.1	1	7000	27	3791	54.1571	0.936429	30.2	36.4
CBDDTY010003575.1	1	7000	1	196	2.8	0.028	22.1	1
CBDDTY010003576.1	1	7000	22	2647	37.8143	0.686	31.6	16.9
CBDDTY010003577.1	1	7000	10	1870	26.7143	0.298	32.9	33.7
CBDDTY010003578.1	1	7000	16	2333	33.3286	0.451714	30.9	47.6
CBDDTY010003579.1	1	7000	24	3491	49.8714	0.760571	31.7	18.1
CBDDTY010003580.1	1	7000	24	3352	47.8857	0.669857	30.4	45.6
CBDDTY010003581.1	1	7000	21	2183	31.1857	0.585857	31.5	5.57
CBDDTY010003582.1	1	7000	3	320	4.57143	0.0534286	33.7	0
CBDDTY010003583.1	1	7000	18	2971	42.4429	0.564143	29	26.1
CBDDTY010003584.1	1	7000	25	3912	55.8857	0.973571	31.8	31.9
CBDDTY010003585.1	1	7000	29	3775	53.9286	0.854	31	32.3
CBDDTY010003586.1	1	7000	36	2678	38.2571	1.29114	29.9	3.39
CBDDTY010003587.1	1	7000	22	3949	56.4143	0.866714	33.4	50.2
CBDDTY010003588.1	1	7000	36	4596	65.6571	1.28686	30.2	33.2
CBDDTY010003589.1	1	7000	15	1995	28.5	0.463	31	26
CBDDTY010003591.1	1	7000	11	1597	22.8143	0.322286	30.3	8.91
CBDDTY010003592.1	1	7000	10	1607	22.9571	0.306714	30.8	36.2
CBDDTY010003593.1	1	7000	7	1292	18.4571	0.199429	33.9	38.7
CBDDTY010003594.1	1	7000	3	339	4.84286	0.0484286	33.6	0
CBDDTY010003595.1	1	7000	22	2619	37.4143	0.685429	26.7	8.59
CBDDTY010003596.1	1	7000	7	925	13.2143	0.229286	27.1	5.43
CBDDTY010003597.1	1	7000	32	3064	43.7714	0.982714	28.5	0.406
CBDDTY010003598.1	1	7000	7	1107	15.8143	0.183286	31.5	3.14
CBDDTY010003599.1	1	7000	8	944	13.4857	0.172429	31.5	5.62
CBDDTY010003600.1	1	7000	19	2906	41.5143	0.563714	30.4	30.1
CBDDTY010003601.1	1	7000	5	680	9.71429	0.123	28.9	2.4
CBDDTY010003602.1	1	6000	36	4526	75.4333	1.37817	29	39.8
CBDDTY010003603.1	1	6000	41	1342	22.3667	1.65067	31.4	10.2
CBDDTY010003604.1	1	6000	6	1255	20.9167	0.232167	32.5	20.5
CBDDTY010003605.1	1	6000	17	2932	48.8667	0.696333	28.9	38.8
CBDDTY010003606.1	1	6000	18	2747	45.7833	0.697	32.3	42.9
CBDDTY010003607.1	1	6000	5	606	10.1	0.149833	29.5	25.4
CBDDTY010003608.1	1	6000	3	285	4.75	0.0858333	33.6	3
CBDDTY010003610.1	1	6000	5	439	7.31667	0.1245	33.8	0.8
CBDDTY010003611.1	1	6000	12	1864	31.0667	0.377167	32.8	20.5
CBDDTY010003612.1	1	6000	1	232	3.86667	0.0386667	24.7	33
CBDDTY010003613.1	1	6000	17	1438	23.9667	0.547	29.8	28.8
CBDDTY010003614.1	1	6000	17	3261	54.35	0.742833	30.4	43.1
CBDDTY010003615.1	1	6000	16	2546	42.4333	0.503	31.9	38.4
CBDDTY010003616.1	1	6000	21	2364	39.4	0.9105	30.4	5.57
CBDDTY010003617.1	1	6000	8	1132	18.8667	0.287333	33.4	24.6
CBDDTY010003618.1	1	6000	49	4981	83.0167	1.73567	30.2	47
CBDDTY010003619.1	1	6000	7	884	14.7333	0.228167	33.8	33.3
CBDDTY010003620.1	1	6000	13	2649	44.15	0.621833	31.9	30.6
CBDDTY010003621.1	1	6000	21	2563	42.7167	0.666667	30	41.8
CBDDTY010003622.1	1	6000	10	1476	24.6	0.356	33.5	20.5
CBDDTY010003623.1	1	6000	2	451	7.51667	0.114167	34.3	1
CBDDTY010003625.1	1	6000	19	2336	38.9333	0.687667	27.8	15.7
CBDDTY010003626.1	1	6000	7	1330	22.1667	0.314833	27.4	28
CBDDTY010003627.1	1	6000	11	1530	25.5	0.322667	29.8	12
CBDDTY010003628.1	1	6000	17	2886	48.1	0.634667	34.4	41.8
CBDDTY010003629.1	1	6000	15	3114	51.9	0.647667	29.1	44.9
CBDDTY010003630.1	1	6000	20	3041	50.6833	0.700167	30.8	45.5
CBDDTY010003631.1	1	6000	15	2112	35.2	0.503	30.2	17.7
CBDDTY010003632.1	1	6000	14	2065	34.4167	0.449833	31.4	34.9
CBDDTY010003633.1	1	6000	18	2451	40.85	0.556167	31.7	24.4
CBDDTY010003634.1	1	6000	17	3103	51.7167	0.657333	30.2	45.3
CBDDTY010003635.1	1	6000	6	1187	19.7833	0.3145	32.3	32
CBDDTY010003636.1	1	6000	9	1167	19.45	0.309333	30.5	49.3
CBDDTY010003637.1	1	6000	9	1202	20.0333	0.275333	29.4	1
CBDDTY010003638.1	1	6000	28	1358	22.6333	0.9565	30.5	16.1
CBDDTY010003639.1	1	6000	9	1270	21.1667	0.265667	28	19.6
CBDDTY010003640.1	1	6000	15	2344	39.0667	0.572667	30.2	36
CBDDTY010003641.1	1	6000	18	2705	45.0833	0.6945	29.5	21.1
CBDDTY010003642.1	1	6000	3	483	8.05	0.0805	31.3	0.333
CBDDTY010003643.1	1	6000	26	2983	49.7167	1.112	32	7.58
CBDDTY010003645.1	1	6000	28	2584	43.0667	0.914833	28.8	15.3
CBDDTY010003646.1	1	6000	12	658	10.9667	0.454667	32.7	7.5
CBDDTY010003647.1	1	6000	10	811	13.5167	0.2375	28.3	16.2
CBDDTY010003648.1	1	6000	11	2608	43.4667	0.491	31.2	33.4
CBDDTY010003649.1	1	6000	2	263	4.38333	0.0438333	29.6	28.5
CBDDTY010003650.1	1	6000	38	3105	51.75	1.382	29.9	42.7
CBDDTY010003651.1	1	6000	16	2111	35.1833	0.557833	30.6	2.5
CBDDTY010003652.1	1	6000	12	2798	46.6333	0.5295	29.7	44.5
CBDDTY010003653.1	1	6000	18	2214	36.9	0.712667	29.9	11.7
CBDDTY010003654.1	1	6000	5	632	10.5333	0.141167	28.4	9.6
CBDDTY010003656.1	1	6000	13	2489	41.4833	0.490833	29.7	35
CBDDTY010003657.1	1	6000	9	1988	33.1333	0.379333	31.5	22.4
CBDDTY010003658.1	1	6000	10	1905	31.75	0.382833	28.2	48
CBDDTY010003659.1	1	5000	9	1509	30.18	0.4036	30.3	51.3
CBDDTY010003660.1	1	5000	9	1080	21.6	0.285	30.5	7.44
CBDDTY010003661.1	1	5000	12	1917	38.34	0.7004	32.7	49.4
CBDDTY010003662.1	1	5000	6	1110	22.2	0.2414	32.1	33.2
CBDDTY010003663.1	1	5000	17	2442	48.84	0.7574	30.4	24.3
CBDDTY010003664.1	1	5000	5	1093	21.86	0.239	30	24.4
CBDDTY010003665.1	1	5000	6	1213	24.26	0.2542	29.4	32.2
CBDDTY010003666.1	1	5000	13	2512	50.24	0.6316	30.6	45.1
CBDDTY010003667.1	1	5000	5	866	17.32	0.2052	34.6	0.8
CBDDTY010003668.1	1	5000	5	1242	24.84	0.289	30.2	16.2
CBDDTY010003669.1	1	5000	17	852	17.04	0.7968	30.9	0.824
CBDDTY010003670.1	1	5000	16	2350	47	0.8098	29.8	12.8
CBDDTY010003671.1	1	5000	4	586	11.72	0.1604	28.4	5.75
CBDDTY010003672.1	1	5000	1	158	3.16	0.0316	30	3
CBDDTY010003673.1	1	5000	13	1937	38.74	0.5384	28.4	38.9
CBDDTY010003674.1	1	5000	21	2027	40.54	1.0092	32.3	20.8
CBDDTY010003675.1	1	5000	9	1650	33	0.4806	29.2	46.8
CBDDTY010003677.1	1	5000	6	946	18.92	0.211	31.1	46
CBDDTY010003678.1	1	5000	4	1152	23.04	0.2304	26.9	18.5
CBDDTY010003679.1	1	5000	14	2159	43.18	0.7408	26.7	14
CBDDTY010003680.1	1	5000	1	143	2.86	0.0286	27.6	2
CBDDTY010003681.1	1	5000	12	2098	41.96	0.5318	30.3	45.6
CBDDTY010003682.1	1	5000	2	604	12.08	0.1208	27.1	6.5
CBDDTY010003683.1	1	5000	16	2212	44.24	0.5998	32	30.4
CBDDTY010003684.1	1	5000	10	1304	26.08	0.465	30.6	21.8
CBDDTY010003685.1	1	5000	2	332	6.64	0.0664	36.7	0.5
CBDDTY010003686.1	1	5000	7	1198	23.96	0.3148	28.6	15.6
CBDDTY010003687.1	1	5000	1	210	4.2	0.042	34.8	33
CBDDTY010003688.1	1	5000	7	1079	21.58	0.2908	31.3	14.7
CBDDTY010003689.1	1	5000	7	907	18.14	0.2458	34.8	12.6
CBDDTY010003690.1	1	5000	7	1579	31.58	0.3752	31.6	38.7
CBDDTY010003691.1	1	5000	16	2627	52.54	0.8108	30.1	25.8
CBDDTY010003692.1	1	5000	12	1736	34.72	0.4498	28.3	41.2
CBDDTY010003693.1	1	5000	5	823	16.46	0.1794	30	2
CBDDTY010003694.1	1	5000	6	1087	21.74	0.2986	34.6	15.8
CBDDTY010003695.1	1	5000	11	2404	48.08	0.5984	30.8	42.2
CBDDTY010003696.1	1	5000	6	1021	20.42	0.2354	30.6	53
CBDDTY010003697.1	1	5000	11	1811	36.22	0.4914	30.8	47.8
CBDDTY010003698.1	1	5000	28	3107	62.14	1.3274	30.2	14.2
CBDDTY010003699.1	1	4200	4	1230	29.2857	0.292857	32.4	40.5
CBDDTY010003700.1	1	5000	6	1340	26.8	0.2832	29.1	30.3
CBDDTY010003701.1	1	5000	6	858	17.16	0.1856	30.5	11.2
CBDDTY010003702.1	1	5000	2	334	6.68	0.0668	22.2	1.5
CBDDTY010003703.1	1	5000	13	2319	46.38	0.6438	29.5	42.8
CBDDTY010003704.1	1	5000	12	2040	40.8	0.6096	31.1	55.3
CBDDTY010003705.1	1	5000	6	1343	26.86	0.2686	32.1	13.3
CBDDTY010003706.1	1	5000	5	1021	20.42	0.2042	31.9	29.8
CBDDTY010003708.1	1	5000	2	259	5.18	0.0518	35.8	7
CBDDTY010003709.1	1	5000	17	2307	46.14	0.6752	28.8	42
CBDDTY010003710.1	1	5000	10	1236	24.72	0.397	28.6	15.2
CBDDTY010003711.1	1	5000	17	1985	39.7	1.0106	30	3.59
CBDDTY010003712.1	1	5000	9	1188	23.76	0.4618	34.4	17.1
CBDDTY010003713.1	1	5000	20	2777	55.54	0.9458	32.2	42
CBDDTY010003714.1	1	5000	27	3528	70.56	1.381	29.2	26.1
CBDDTY010003715.1	1	5000	18	1307	26.14	0.6232	30.7	0.389
CBDDTY010003716.1	1	5000	9	1820	36.4	0.409	30.5	27.7
CBDDTY010003717.1	1	5000	21	2534	50.68	0.8986	31.3	9.81
CBDDTY010003718.1	1	5000	15	2404	48.08	0.6268	29.7	22.2
CBDDTY010003719.1	1	5000	20	3178	63.56	1.0494	33.4	25
CBDDTY010003720.1	1	5000	15	2670	53.4	0.6878	28.9	24.8
CBDDTY010003721.1	1	5000	17	3255	65.1	0.8914	30.9	51.1
CBDDTY010003722.1	1	5000	4	683	13.66	0.1726	31.2	14
CBDDTY010003723.1	1	5000	74	4642	92.84	3.806	30.1	50.8
CBDDTY010003724.1	1	5000	1	155	3.1	0.031	28.5	1
CBDDTY010003725.1	1	5000	4	782	15.64	0.1842	31.2	37.2
CBDDTY010003726.1	1	5000	3	699	13.98	0.14	27	12.7
CBDDTY010003728.1	1	5000	8	1366	27.32	0.3498	30	24.1
CBDDTY010003729.1	1	5000	9	1433	28.66	0.482	31.7	47
CBDDTY010003730.1	1	5000	73	4811	96.22	3.627	31.1	44.5
CBDDTY010003731.1	1	5000	10	1808	36.16	0.4744	27.5	27.3
CBDDTY010003732.1	1	5000	43	2105	42.1	1.6506	30.3	7.74
CBDDTY010003733.1	1	5000	13	2005	40.1	0.6004	30.9	50.4
CBDDTY010003734.1	1	5000	3	318	6.36	0.0636	32.9	1.67
CBDDTY010003735.1	1	5000	13	1698	33.96	0.5514	31	31.5
CBDDTY010003736.1	1	5000	4	864	17.28	0.2212	30	48
CBDDTY010003737.1	1	4000	4	807	20.175	0.266	33.5	47.8
CBDDTY010003738.1	1	4000	7	824	20.6	0.24575	32.9	47.6
CBDDTY010003739.1	1	4000	12	1887	47.175	0.70975	30.8	46.6
CBDDTY010003740.1	1	4000	10	1450	36.25	0.491	29.1	30.5
CBDDTY010003741.1	1	4000	9	1643	41.075	0.5335	30.9	30.8
CBDDTY010003742.1	1	4000	7	1066	26.65	0.32925	29.5	39
CBDDTY010003745.1	1	4000	5	909	22.725	0.30875	32.8	34.6
CBDDTY010003746.1	1	4000	60	3811	95.275	3.801	31.3	32.4
CBDDTY010003747.1	1	4000	4	703	17.575	0.17575	38.2	18.2
CBDDTY010003748.1	1	4000	7	1083	27.075	0.35	27.7	8.14
CBDDTY010003749.1	1	4000	17	2488	62.2	0.88175	31.8	43.4
CBDDTY010003750.1	1	4000	7	1685	42.125	0.4745	28.2	30.3
CBDDTY010003751.1	1	4000	9	1346	33.65	0.46475	29	15.7
CBDDTY010003752.1	1	4000	8	1036	25.9	0.4485	34.2	25.8
CBDDTY010003753.1	1	4000	8	1171	29.275	0.352	32.1	30.1
CBDDTY010003754.1	1	4000	56	3174	79.35	3.429	30.3	24.9
CBDDTY010003755.1	1	4000	70	2204	55.1	4.10175	30.1	26
CBDDTY010003756.1	1	4000	2	477	11.925	0.11925	28.9	23
CBDDTY010003757.1	1	4000	7	1122	28.05	0.36325	29.5	31.4
CBDDTY010003758.1	1	4000	22	2467	61.675	1.32525	29.2	52.2
CBDDTY010003759.1	1	4000	13	1772	44.3	0.737	30.1	28.4
CBDDTY010003760.1	1	4000	6	767	19.175	0.2245	33.6	12
CBDDTY010003761.1	1	4000	1	69	1.725	0.01725	30.6	0
CBDDTY010003762.1	1	4000	7	1200	30	0.35825	28.6	14.9
CBDDTY010003763.1	1	4000	8	1887	47.175	0.654	31.9	53.9
CBDDTY010003764.1	1	4000	20	1504	37.6	1.07	30.4	3.45
CBDDTY010003765.1	1	4000	10	1106	27.65	0.67375	31.1	29.7
CBDDTY010003766.1	1	4000	5	1117	27.925	0.27925	31.1	17.4
CBDDTY010003767.1	1	4000	10	1384	34.6	0.5855	26.9	32.4
CBDDTY010003768.1	1	4000	7	1105	27.625	0.385	34.3	18.3
CBDDTY010003769.1	1	4000	7	812	20.3	0.25575	32.5	14
CBDDTY010003770.1	1	4000	6	942	23.55	0.2935	30.8	34.5
CBDDTY010003771.1	1	4000	6	621	15.525	0.3215	29	3
CBDDTY010003772.1	1	4000	5	837	20.925	0.28675	33.1	51
CBDDTY010003773.1	1	4000	16	2127	53.175	0.827	30.3	41.5
CBDDTY010003774.1	1	4000	4	913	22.825	0.22825	32.3	24.2
CBDDTY010003775.1	1	4000	26	2572	64.3	1.28075	29.4	17.8
CBDDTY010003776.1	1	4000	3	539	13.475	0.16925	31.7	44
CBDDTY010003777.1	1	4000	1	194	4.85	0.0485	28.5	1
CBDDTY010003778.1	1	4000	10	1360	34	0.47375	29.7	11.4
CBDDTY010003779.1	1	4000	1	269	6.725	0.06725	23.8	22
CBDDTY010003780.1	1	4000	5	769	19.225	0.213	27.8	0.2
CBDDTY010003781.1	1	4000	29	1488	37.2	1.5125	31.1	1.41
CBDDTY010003782.1	1	4000	9	748	18.7	0.37525	31.2	15.2
CBDDTY010003783.1	1	4000	20	2909	72.725	1.24975	31.2	40.6
CBDDTY010003784.1	1	4000	5	745	18.625	0.369	29.4	0.4
CBDDTY010003785.1	1	4000	31	2965	74.125	1.78175	32.3	44.8
CBDDTY010003786.1	1	4000	11	1709	42.725	0.51125	31.2	38.4
CBDDTY010003787.1	1	4000	10	1387	34.675	0.536	30.5	13.5
CBDDTY010003788.1	1	4000	7	1292	32.3	0.323	33	53.4
CBDDTY010003789.1	1	4000	3	592	14.8	0.213	28.2	55.3
CBDDTY010003790.1	1	4000	10	2155	53.875	0.69325	30	46.5
CBDDTY010003791.1	1	4000	16	1928	48.2	1.0215	28.5	12.1
CBDDTY010003792.1	1	4000	11	705	17.625	0.5025	29.9	0.727
CBDDTY010003793.1	1	4000	5	963	24.075	0.286	31	27
CBDDTY010003794.1	1	4000	10	2036	50.9	0.6355	28.7	46.8
CBDDTY010003795.1	1	4000	2	195	4.875	0.04875	34.1	2
CBDDTY010003796.1	1	4000	8	858	21.45	0.28675	29.2	0.875
CBDDTY010003797.1	1	4000	11	1396	34.9	0.516	30.7	30
CBDDTY010003798.1	1	4000	36	2807	70.175	2.10375	28.8	33.4
CBDDTY010003799.1	1	4000	10	2433	60.825	0.81225	32.2	48.7
CBDDTY010003800.1	1	4000	20	1687	42.175	1.11925	31.2	20.6
CBDDTY010003801.1	1	4000	13	1821	45.525	0.64575	31	27.4
CBDDTY010003802.1	1	4000	9	1764	44.1	0.529	29	36.1
CBDDTY010003803.1	1	4000	5	933	23.325	0.2655	29.4	49
CBDDTY010003804.1	1	4000	3	514	12.85	0.1285	29.7	39.7
CBDDTY010003805.1	1	4000	16	1957	48.925	0.72725	29.8	26.9
CBDDTY010003807.1	1	4000	4	432	10.8	0.16375	35.3	19.8
CBDDTY010003808.1	1	4000	6	617	15.425	0.25425	24.7	0.5
CBDDTY010003810.1	1	4000	15	2570	64.25	1.12425	34.3	53
CBDDTY010003811.1	1	4000	13	2493	62.325	0.7395	30.4	48.8
CBDDTY010003812.1	1	4000	4	600	15	0.17725	33.8	38
CBDDTY010003813.1	1	4000	19	2312	57.8	1.151	32.3	40.4
CBDDTY010003814.1	1	4000	17	1969	49.225	0.93275	32.4	41.1
CBDDTY010003815.1	1	4000	36	3155	78.875	1.92375	30.6	32.7
CBDDTY010003816.1	1	4000	6	1032	25.8	0.258	34.6	25.2
CBDDTY010003817.1	1	4000	10	1148	28.7	0.42775	32.8	40.3
CBDDTY010003818.1	1	4000	4	570	14.25	0.1665	25.9	38.8
CBDDTY010003819.1	1	4000	5	1120	28	0.28	34.1	25.6
CBDDTY010003820.1	1	4000	2	275	6.875	0.06875	23.6	2.5
CBDDTY010003821.1	1	4000	2	421	10.525	0.10525	37.1	0
CBDDTY010003822.1	1	4000	13	1697	42.425	0.7415	32.5	19.5
CBDDTY010003823.1	1	4000	10	1643	41.075	0.49975	32.6	38.2
CBDDTY010003824.1	1	4000	8	1614	40.35	0.5305	29.7	54.4
CBDDTY010003825.1	1	4000	5	605	15.125	0.21875	31.5	12.4
CBDDTY010003826.1	1	4000	23	2745	68.625	1.153	30.3	40.4
CBDDTY010003827.1	1	4000	8	1743	43.575	0.526	33.9	34.4
CBDDTY010003828.1	1	4000	8	1182	29.55	0.45625	29.4	17.6
CBDDTY010003829.1	1	4000	5	761	19.025	0.24725	32.6	29.4
CBDDTY010003830.1	1	4000	2	209	5.225	0.0845	39.8	8
CBDDTY010003831.1	1	4000	11	1496	37.4	0.61825	33	31.8
CBDDTY010003832.1	1	4000	36	2735	68.375	2.1205	29.4	9.03
CBDDTY010003833.1	1	4000	8	1994	49.85	0.55125	30.4	49.2
CBDDTY010003834.1	1	4000	4	712	17.8	0.191	31.4	22.2
CBDDTY010003835.1	1	4000	2	594	14.85	0.1485	27.2	17.5
CBDDTY010003836.1	1	4000	7	1170	29.25	0.376	32.1	35.1
CBDDTY010003837.1	1	4000	3	776	19.4	0.20275	26.6	30
CBDDTY010003838.1	1	4000	18	1806	45.15	0.82725	28.9	19
CBDDTY010003839.1	1	4000	11	1808	45.2	0.7035	31.9	43.5
CBDDTY010003840.1	1	4000	13	2142	53.55	0.75475	32.6	39.7
CBDDTY010003841.1	1	4000	17	1587	39.675	0.88075	30.2	10.2
CBDDTY010003842.1	1	4000	8	1398	34.95	0.3875	32	47.1
CBDDTY010003843.1	1	4000	16	1890	47.25	0.7585	29	23.9
CBDDTY010003844.1	1	4000	3	510	12.75	0.1275	28.5	0.667
CBDDTY010003845.1	1	4000	18	1977	49.425	1.03175	31.1	8.17
CBDDTY010003846.1	1	4000	36	2779	69.475	2.16375	30.9	13.7
CBDDTY010003847.1	1	4000	13	1723	43.075	0.64025	31	33.5
CBDDTY010003848.1	1	4000	2	311	7.775	0.07775	30.3	36.5
CBDDTY010003849.1	1	4000	6	1311	32.775	0.395	33.6	25.3
CBDDTY010003850.1	1	4000	5	1086	27.15	0.272	34.3	41
CBDDTY010003851.1	1	4000	3	501	12.525	0.13525	31.8	4
CBDDTY010003852.1	1	4000	8	1589	39.725	0.4215	33.4	13.6
CBDDTY010003853.1	1	4000	30	2973	74.325	1.785	30.7	31.9
CBDDTY010003854.1	1	4000	12	901	22.525	0.47075	30.2	1.17
CBDDTY010003855.1	1	4000	2	452	11.3	0.11425	38.6	48.5
CBDDTY010003856.1	1	4000	1	254	6.35	0.0635	34.1	60
CBDDTY010003857.1	1	4000	17	2341	58.525	1.20875	31.7	39
CBDDTY010003858.1	1	4000	10	2207	55.175	0.73325	32.3	49.1
CBDDTY010003859.1	1	4000	3	389	9.725	0.09725	26.3	9.33
CBDDTY010003860.1	1	4000	22	2564	64.1	1.11375	31.5	36.2
CBDDTY010003861.1	1	4000	6	762	19.05	0.3905	27.1	44.2
CBDDTY010003862.1	1	4000	6	1305	32.625	0.4285	31.4	55.7
CBDDTY010003863.1	1	4000	1	212	5.3	0.053	31.5	0
CBDDTY010003864.1	1	4000	3	466	11.65	0.1165	28.4	20.3
CBDDTY010003865.1	1	4000	13	1746	43.65	0.8845	28.4	45.2
CBDDTY010003866.1	1	4000	7	1147	28.675	0.41125	25	34.6
CBDDTY010003867.1	1	4000	3	374	9.35	0.151	30.6	22
CBDDTY010003868.1	1	4000	12	1138	28.45	0.63125	29.2	2.17
CBDDTY010003869.1	1	4000	13	2068	51.7	0.78175	30	36.5
CBDDTY010003870.1	1	4000	9	2066	51.65	0.61325	30.3	13.9
CBDDTY010003871.1	1	4000	4	583	14.575	0.24225	25.5	42.8
CBDDTY010003872.1	1	4000	35	1078	26.95	2.07975	30	1.66
CBDDTY010003873.1	1	3000	2	318	10.6	0.106	26.8	13
CBDDTY010003874.1	1	3000	17	2038	67.9333	1.343	29.5	43.8
CBDDTY010003875.1	1	3000	8	1126	37.5333	0.446667	28.6	2.62
CBDDTY010003876.1	1	3000	9	1341	44.7	0.526667	30	48.7
CBDDTY010003877.1	1	3000	11	1407	46.9	0.909667	31.5	32.4
CBDDTY010003878.1	1	3000	3	524	17.4667	0.189667	24.6	4.67
CBDDTY010003879.1	1	3000	10	1441	48.0333	0.815333	30.1	47
CBDDTY010003880.1	1	3000	6	553	18.4333	0.259	28.6	13.7
CBDDTY010003881.1	1	3000	12	1669	55.6333	0.796	32.7	28.2
CBDDTY010003883.1	1	3000	8	1233	41.1	0.596667	33.2	53.4
CBDDTY010003884.1	1	3000	3	607	20.2333	0.202333	31.4	51
CBDDTY010003885.1	1	3000	1	71	2.36667	0.0236667	24.1	14
CBDDTY010003886.1	1	3000	17	1053	35.1	1.43967	31.4	12.6
CBDDTY010003887.1	1	3000	1	174	5.8	0.058	28.6	4
CBDDTY010003888.1	1	3000	9	1056	35.2	0.752667	31.4	44
CBDDTY010003889.1	1	3000	3	686	22.8667	0.228667	27.7	52
CBDDTY010003890.1	1	3000	11	511	17.0333	0.596	31.8	11.5
CBDDTY010003891.1	1	3000	2	292	9.73333	0.0973333	36.1	30.5
CBDDTY010003892.1	1	3000	5	762	25.4	0.476667	32.3	42.6
CBDDTY010003893.1	1	3000	6	1292	43.0667	0.455	32.5	34.3
CBDDTY010003894.1	1	3000	27	2659	88.6333	2.16467	30.2	40.1
CBDDTY010003895.1	1	3000	32	2287	76.2333	2.40367	31	41.7
CBDDTY010003896.1	1	3000	9	1530	51	0.631667	32.8	15.6
CBDDTY010003897.1	1	3000	2	232	7.73333	0.146	31.2	1
CBDDTY010003898.1	1	3000	2	664	22.1333	0.221333	31.6	20
CBDDTY010003900.1	1	3000	3	721	24.0333	0.240333	32.2	25.7
CBDDTY010003901.1	1	3000	9	1021	34.0333	0.505667	33.8	32
CBDDTY010003902.1	1	3000	4	530	17.6667	0.328667	31.9	51.5
CBDDTY010003903.1	1	3000	2	570	19	0.19	28	51.5
CBDDTY010003904.1	1	3000	3	493	16.4333	0.164333	30.9	44
CBDDTY010003905.1	1	3000	13	920	30.6667	0.834667	31.2	5.46
CBDDTY010003906.1	1	3000	6	754	25.1333	0.330667	26.3	42.5
CBDDTY010003907.1	1	3000	3	727	24.2333	0.242333	25	1
CBDDTY010003908.1	1	3000	6	807	26.9	0.465333	31.5	0.333
CBDDTY010003909.1	1	3000	5	747	24.9	0.325	30.2	44.4
CBDDTY010003910.1	1	3000	8	984	32.8	0.524	33.6	40
CBDDTY010003911.1	1	3000	1	84	2.8	0.028	27.6	0
CBDDTY010003912.1	1	3000	4	588	19.6	0.23	30.8	30.2
CBDDTY010003913.1	1	3000	4	524	17.4667	0.174667	34	45.2
CBDDTY010003914.1	1	3000	15	2082	69.4	1.146	29.8	49.3
CBDDTY010003916.1	1	3000	4	488	16.2667	0.219667	32.4	34.2
CBDDTY010003917.1	1	3000	11	1734	57.8	0.915	31.3	46.1
CBDDTY010003918.1	1	3000	3	452	15.0667	0.179333	29.9	0.333
CBDDTY010003919.1	1	3000	4	798	26.6	0.346	28.9	56
CBDDTY010003920.1	1	3000	8	925	30.8333	0.479333	33	13.5
CBDDTY010003921.1	1	3000	11	1150	38.3333	0.824667	29.2	3.82
CBDDTY010003922.1	1	3000	7	1161	38.7	0.465333	29.7	41.4
CBDDTY010003923.1	1	3000	10	1589	52.9667	1.03167	30.7	54.8
CBDDTY010003924.1	1	3000	12	1650	55	0.883667	29.5	25.5
CBDDTY010003925.1	1	3000	3	528	17.6	0.272667	32.8	1
CBDDTY010003926.1	1	3000	3	167	5.56667	0.140333	25.2	0.667
CBDDTY010003927.1	1	3000	8	1276	42.5333	0.761667	29.6	34.5
CBDDTY010003928.1	1	3000	13	1071	35.7	0.952333	29	5.54
CBDDTY010003929.1	1	3000	19	2069	68.9667	1.48367	30.9	40.2
CBDDTY010003932.1	1	3000	2	223	7.43333	0.102667	34	0
CBDDTY010003933.1	1	3000	7	803	26.7667	0.355	32.8	13.6
CBDDTY010003934.1	1	3000	9	1279	42.6333	0.760667	35	23.9
CBDDTY010003935.1	1	3000	30	1917	63.9	1.93	32.1	12.2
CBDDTY010003936.1	1	3000	21	1588	52.9333	1.52333	31.4	15.9
CBDDTY010003937.1	1	3000	5	620	20.6667	0.251	32.6	39.4
CBDDTY010003938.1	1	3000	8	1425	47.5	0.61	28.2	31
CBDDTY010003939.1	1	3000	10	842	28.0667	0.641	32.4	7
CBDDTY010003940.1	1	3000	6	834	27.8	0.372333	32.5	27.8
CBDDTY010003941.1	1	3000	4	292	9.73333	0.18	29.1	1.5
CBDDTY010003942.1	1	3000	20	1996	66.5333	1.66967	29.9	33.3
CBDDTY010003943.1	1	3000	4	819	27.3	0.273	30	20.2
CBDDTY010003944.1	1	3000	8	1206	40.2	0.544667	33.1	28.2
CBDDTY010003945.1	1	3000	5	989	32.9667	0.377333	31.6	50.2
CBDDTY010003946.1	1	3000	15	1074	35.8	1.84133	30.9	2.4
CBDDTY010003947.1	1	3000	6	933	31.1	0.426667	27.8	41
CBDDTY010003948.1	1	3000	4	643	21.4333	0.245667	26.2	15.2
CBDDTY010003949.1	1	3000	5	977	32.5667	0.482667	31.3	48
CBDDTY010003950.1	1	3000	7	1165	38.8333	0.532333	33.7	42.7
CBDDTY010003951.1	1	3000	2	353	11.7667	0.117667	26.8	17.5
CBDDTY010003952.1	1	3000	5	1123	37.4333	0.564333	28.1	46.4
CBDDTY010003953.1	1	3000	3	467	15.5667	0.197	35.8	15
CBDDTY010003954.1	1	3000	2	161	5.36667	0.0536667	28.6	0.5
CBDDTY010003955.1	1	3000	7	941	31.3667	0.552	28.8	32.6
CBDDTY010003958.1	1	3000	7	1403	46.7667	0.541	28	28.1
CBDDTY010003959.1	1	3000	1	351	11.7	0.117	26	1
CBDDTY010003960.1	1	3000	3	735	24.5	0.245	32.2	44
CBDDTY010003961.1	1	3000	8	1415	47.1667	0.685333	32.9	45.9
CBDDTY010003962.1	1	3000	7	744	24.8	0.611	31.1	17.1
CBDDTY010003963.1	1	3000	13	1491	49.7	0.826667	30.9	7.38
CBDDTY010003964.1	1	3000	5	492	16.4	0.261333	26.5	29.2
CBDDTY010003965.1	1	3000	42	2311	77.0333	3.30333	30.1	21
CBDDTY010003966.1	1	3000	3	688	22.9333	0.229333	25.7	26.7
CBDDTY010003967.1	1	3000	2	363	12.1	0.121	37.1	28
CBDDTY010003968.1	1	3000	31	2849	94.9667	2.53467	29.7	50.4
CBDDTY010003969.1	1	3000	7	874	29.1333	0.530333	30.5	11.9
CBDDTY010003970.1	1	3000	7	1445	48.1667	0.56	29.6	31.7
CBDDTY010003971.1	1	3000	2	158	5.26667	0.0843333	36.3	0
CBDDTY010003972.1	1	3000	18	1028	34.2667	1.06833	31.6	6.56
CBDDTY010003973.1	1	3000	3	487	16.2333	0.402333	35.8	37.3
CBDDTY010003974.1	1	3000	15	1968	65.6	1.17933	28.8	17.4
CBDDTY010003975.1	1	3000	3	516	17.2	0.229667	28.9	13
CBDDTY010003976.1	1	3000	6	932	31.0667	0.352	32.5	29.7
CBDDTY010003977.1	1	3000	4	893	29.7667	0.315667	30.2	43
CBDDTY010003978.1	1	3000	32	1204	40.1333	2.10633	31.4	7.22
CBDDTY010003979.1	1	3000	4	578	19.2667	0.237	30.2	37.2
CBDDTY010003980.1	1	3000	1	318	10.6	0.106	31.1	18
CBDDTY010003981.1	1	3000	23	1347	44.9	1.96967	29.9	4.13
CBDDTY010003982.1	1	3000	2	636	21.2	0.212	28.2	1
CBDDTY010003983.1	1	3000	11	1002	33.4	0.663667	31.6	14.7
CBDDTY010003984.1	1	3000	8	1002	33.4	0.740667	28.5	0.5
CBDDTY010003985.1	1	3000	19	1784	59.4667	1.324	32.5	23.4
CBDDTY010003986.1	1	3000	14	976	32.5333	1.12067	30.7	2.93
CBDDTY010003987.1	1	3000	1	193	6.43333	0.0643333	37.9	60
CBDDTY010003988.1	1	3000	25	1881	62.7	1.77233	31.7	19.2
CBDDTY010003989.1	1	3000	11	532	17.7333	0.816333	31.1	9.55
CBDDTY010003990.1	1	3000	15	1645	54.8333	1.211	31.1	41.5
CBDDTY010003991.1	1	3000	7	742	24.7333	0.458	27.8	49.7
CBDDTY010003992.1	1	3000	10	1318	43.9333	0.560667	31.6	36.2
CBDDTY010003993.1	1	3000	2	131	4.36667	0.0793333	31	1
CBDDTY010003994.1	1	3000	6	1134	37.8	0.461	28.2	29.8
CBDDTY010003995.1	1	3000	4	771	25.7	0.296333	31.2	43.5
CBDDTY010003997.1	1	3000	5	831	27.7	0.314	30.2	52
CBDDTY010003998.1	1	3000	9	1063	35.4333	0.531333	33.3	26.9
CBDDTY010003999.1	1	3000	8	1422	47.4	0.653333	33.2	59
CBDDTY010004000.1	1	3000	9	1317	43.9	0.621	32.3	51.8
CBDDTY010004001.1	1	3000	3	391	13.0333	0.171667	34	55.3
CBDDTY010004002.1	1	3000	44	2989	99.6333	3.16867	29.6	44.3
CBDDTY010004003.1	1	3000	1	131	4.36667	0.0436667	36.3	54
CBDDTY010004004.1	1	3000	6	781	26.0333	0.378	26.9	2.33
CBDDTY010004006.1	1	3000	2	204	6.8	0.068	34	1
CBDDTY010004007.1	1	3000	9	1012	33.7333	0.546333	32.6	25.8
CBDDTY010004008.1	1	3000	2	273	9.1	0.138333	36.1	45
CBDDTY010004009.1	1	3000	11	1631	54.3667	0.723333	30.2	33
CBDDTY010004010.1	1	3000	2	468	15.6	0.215	34	60
CBDDTY010004011.1	1	3000	1	101	3.36667	0.0336667	30.3	0
CBDDTY010004013.1	1	3000	8	1304	43.4667	0.510667	30.9	46.5
CBDDTY010004014.1	1	3000	3	513	17.1	0.266333	28.6	40.3
CBDDTY010004015.1	1	3000	2	293	9.76667	0.0976667	34	30.5
CBDDTY010004016.1	1	3000	3	612	20.4	0.204	33.7	45.3
CBDDTY010004017.1	1	3000	15	2118	70.6	1.47067	30.9	54.7
CBDDTY010004018.1	1	3000	31	1940	64.6667	2.645	31.5	8.1
CBDDTY010004019.1	1	3000	2	280	9.33333	0.0933333	30.6	5.5
CBDDTY010004020.1	1	3000	8	1281	42.7	0.569333	27.5	52
CBDDTY010004021.1	1	3000	3	640	21.3333	0.281333	29.6	2
CBDDTY010004023.1	1	3000	5	948	31.6	0.365667	32.6	21.6
CBDDTY010004024.1	1	3000	6	1151	38.3667	0.519667	29.2	41.3
CBDDTY010004025.1	1	3000	2	450	15	0.218667	32.9	42.5
CBDDTY010004026.1	1	3000	6	1429	47.6333	0.476333	32.5	38.3
CBDDTY010004027.1	1	3000	8	940	31.3333	0.495333	33.7	46.6
CBDDTY010004028.1	1	3000	2	384	12.8	0.128	26.7	0
CBDDTY010004029.1	1	3000	4	768	25.6	0.295	31.6	18.8
CBDDTY010004030.1	1	3000	12	1511	50.3667	1.02133	29.5	21.3
CBDDTY010004031.1	1	3000	2	348	11.6	0.116	26.8	2
CBDDTY010004032.1	1	3000	8	1399	46.6333	0.466333	31.8	32.8
CBDDTY010004033.1	1	3000	6	1201	40.0333	0.516333	33.1	49.5
CBDDTY010004034.1	1	3000	11	1942	64.7333	1.073	27.8	1.73
CBDDTY010004035.1	1	3000	3	217	7.23333	0.114333	36.3	2.33
CBDDTY010004036.1	1	3000	8	1294	43.1333	0.547333	33.9	20.6
CBDDTY010004037.1	1	3000	11	1362	45.4	0.858667	31.2	9.45
CBDDTY010004038.1	1	3000	7	1322	44.0667	0.556667	33.6	46.7
CBDDTY010004039.1	1	3000	5	802	26.7333	0.331333	30.7	0.6
CBDDTY010004040.1	1	3000	5	915	30.5	0.483333	28.8	60
CBDDTY010004041.1	1	3000	6	899	29.9667	0.426333	33.3	32.5
CBDDTY010004042.1	1	3000	1	243	8.1	0.081	22.1	1
CBDDTY010004043.1	1	3000	4	1051	35.0333	0.432333	30.6	6.5
CBDDTY010004044.1	1	3000	2	461	15.3667	0.153667	25.5	37
CBDDTY010004045.1	1	3000	1	293	9.76667	0.0976667	22.5	1
CBDDTY010004046.1	1	3000	3	765	25.5	0.255	31.4	0.667
CBDDTY010004047.1	1	3000	5	957	31.9	0.4	28.5	44.2
CBDDTY010004048.1	1	3000	11	1089	36.3	0.766333	27.9	40.6
CBDDTY010004049.1	1	3000	61	710	23.6667	4.57567	32.1	14
CBDDTY010004050.1	1	3000	5	941	31.3667	0.333333	28.5	45.4
CBDDTY010004051.1	1	3000	4	653	21.7667	0.236333	31.8	14.2
CBDDTY010004052.1	1	3000	15	2251	75.0333	1.39933	28.2	12.5
CBDDTY010004053.1	1	3000	4	421	14.0333	0.228	31.5	41
CBDDTY010004054.1	1	3000	14	2040	68	1.05467	30.3	51.4
CBDDTY010004056.1	1	3000	1	217	7.23333	0.0723333	22.6	1
CBDDTY010004057.1	1	3000	3	529	17.6333	0.176333	30.2	19.7
CBDDTY010004059.1	1	3000	7	1332	44.4	0.596333	28.4	44.1
CBDDTY010004060.1	1	3000	2	401	13.3667	0.133667	31	48.5
CBDDTY010004061.1	1	3000	7	958	31.9333	0.526333	33.2	35.6
CBDDTY010004062.1	1	3000	15	1837	61.2333	1.14333	31.5	42.1
CBDDTY010004063.1	1	3000	3	234	7.8	0.0953333	29.2	4.33
CBDDTY010004064.1	1	3000	20	2629	87.6333	1.787	31.7	43.2
CBDDTY010004065.1	1	3000	5	1000	33.3333	0.465	28.5	28
CBDDTY010004066.1	1	3000	7	583	19.4333	0.295667	33	4.71
CBDDTY010004067.1	1	3000	7	1074	35.8	0.519333	32.2	38.4
CBDDTY010004068.1	1	3000	4	702	23.4	0.234	32	54.5
CBDDTY010004069.1	1	3000	9	1344	44.8	0.652	32	36.8
CBDDTY010004070.1	1	3000	12	1872	62.4	0.986667	30.8	37.9
CBDDTY010004071.1	1	3000	13	2078	69.2667	1.096	32.6	32.7
CBDDTY010004072.1	1	3000	11	1450	48.3333	0.786333	32.8	46.5
CBDDTY010004073.1	1	3000	15	1787	59.5667	1.11533	31.7	49.3
CBDDTY010004074.1	1	3000	5	769	25.6333	0.295	28.7	30
CBDDTY010004075.1	1	3000	22	2263	75.4333	1.52	29.9	30.9
CBDDTY010004076.1	1	3000	1	117	3.9	0.039	37.8	1
CBDDTY010004077.1	1	3000	5	672	22.4	0.386667	33.7	53.6
CBDDTY010004078.1	1	3000	5	1082	36.0667	0.419	30	18.2
CBDDTY010004079.1	1	3000	6	785	26.1667	0.48	30.9	3.33
CBDDTY010004080.1	1	3000	4	928	30.9333	0.372333	32.9	38.5
CBDDTY010004081.1	1	3000	5	931	31.0333	0.444333	31.6	43
CBDDTY010004082.1	1	3000	7	1071	35.7	0.564	29.8	26.4
CBDDTY010004083.1	1	3000	6	666	22.2	0.391333	29.3	10.3
CBDDTY010004084.1	1	3000	3	328	10.9333	0.14	24.7	4.33
CBDDTY010004085.1	1	3000	16	1561	52.0333	1.01967	29.9	10.8
CBDDTY010004086.1	1	3000	5	719	23.9667	0.486333	30.7	27
CBDDTY010004087.1	1	3000	6	969	32.3	0.423	26.9	11.2
CBDDTY010004088.1	1	3000	3	410	13.6667	0.136667	29.6	10.3
CBDDTY010004089.1	1	3000	11	1652	55.0667	0.882667	32.4	32.1
CBDDTY010004090.1	1	3000	5	880	29.3333	0.511667	35	43.6
CBDDTY010004091.1	1	3000	3	423	14.1	0.149333	32.6	44.3
CBDDTY010004092.1	1	3000	24	1103	36.7667	1.51933	31.7	19.2
CBDDTY010004093.1	1	3000	9	1279	42.6333	0.621	33.8	36.6
CBDDTY010004094.1	1	3000	2	291	9.7	0.097	25.5	5
CBDDTY010004095.1	1	3000	1	483	16.1	0.161	18.3	49
CBDDTY010004096.1	1	3000	10	1910	63.6667	0.801333	32.7	50.6
CBDDTY010004097.1	1	3000	2	447	14.9	0.213	33.5	38
CBDDTY010004098.1	1	3000	9	1650	55	0.706	27.1	11.9
CBDDTY010004099.1	1	3000	8	1481	49.3667	0.616667	31	44
CBDDTY010004100.1	1	3000	74	2842	94.7333	5.25833	29.5	41.4
CBDDTY010004101.1	1	3000	6	1055	35.1667	0.433	30	57
CBDDTY010004102.1	1	3000	10	1265	42.1667	0.661	26.3	15.4
CBDDTY010004103.1	1	3000	7	1089	36.3	0.433	30.8	34.7
CBDDTY010004104.1	1	3000	4	483	16.1	0.161	34.7	0.25
CBDDTY010004105.1	1	3000	22	1936	64.5333	1.55433	32.8	48.5
CBDDTY010004106.1	1	3000	2	669	22.3	0.223	30	1
CBDDTY010004107.1	1	3000	6	896	29.8667	0.409333	29.6	14.3
CBDDTY010004108.1	1	3000	1	155	5.16667	0.0516667	36	1
CBDDTY010004109.1	1	3000	2	248	8.26667	0.121667	33.7	10
CBDDTY010004110.1	1	3000	2	274	9.13333	0.0913333	28.7	1.5
CBDDTY010004111.1	1	2000	13	1282	64.1	1.7855	32.5	20.2
CBDDTY010004112.1	1	2000	4	667	33.35	0.438	29.6	8.5
CBDDTY010004113.1	1	2000	3	429	21.45	0.278	31.7	41.3
CBDDTY010004114.1	1	2000	4	331	16.55	0.474	28.3	12.2
CBDDTY010004115.1	1	2000	3	341	17.05	0.3125	31.3	13.3
CBDDTY010004116.1	1	2000	2	957	47.85	0.4785	32.9	60
CBDDTY010004117.1	1	2000	13	1742	87.1	1.678	30.5	21
CBDDTY010004118.1	1	2000	5	1106	55.3	0.6525	33.4	60
CBDDTY010004119.1	1	2000	12	1182	59.1	1.357	29.7	19.9
CBDDTY010004120.1	1	2000	3	602	30.1	0.3235	29.6	49.3
CBDDTY010004122.1	1	2000	10	1223	61.15	0.8275	30	43.1
CBDDTY010004123.1	1	2000	1	186	9.3	0.093	28.7	6
CBDDTY010004124.1	1	2000	12	1150	57.5	1.331	28.5	24.3
CBDDTY010004125.1	1	2000	4	1200	60	0.6	27.9	60
CBDDTY010004126.1	1	2000	12	989	49.45	1.1315	33.2	16.4
CBDDTY010004127.1	1	2000	7	839	41.95	0.632	28	47.9
CBDDTY010004128.1	1	2000	6	649	32.45	0.6345	31.1	14
CBDDTY010004129.1	1	2000	9	833	41.65	0.721	29.8	33.3
CBDDTY010004130.1	1	2000	5	790	39.5	0.7045	33	60
CBDDTY010004131.1	1	2000	3	549	27.45	0.3885	27.7	56.7
CBDDTY010004132.1	1	2000	8	1283	64.15	0.9875	32.2	18.4
CBDDTY010004133.1	1	2000	2	266	13.3	0.133	34.6	13
CBDDTY010004134.1	1	2000	3	660	33	0.33	25.5	6
CBDDTY010004135.1	1	2000	7	772	38.6	0.5325	30.7	15.1
CBDDTY010004136.1	1	2000	3	399	19.95	0.251	31.3	0
CBDDTY010004139.1	1	2000	12	1535	76.75	1.794	30.4	44.7
CBDDTY010004140.1	1	2000	3	467	23.35	0.364	25.8	17.7
CBDDTY010004141.1	1	2000	3	435	21.75	0.2465	29.8	25.3
CBDDTY010004142.1	1	2000	1	183	9.15	0.0915	30.5	0
CBDDTY010004143.1	1	2000	2	599	29.95	0.2995	33.7	56.5
CBDDTY010004144.1	1	2000	4	826	41.3	0.5505	33.6	35.8
CBDDTY010004145.1	1	2000	5	969	48.45	0.627	29.4	49.2
CBDDTY010004146.1	1	2000	4	803	40.15	0.5115	33	41.8
CBDDTY010004147.1	1	2000	13	1695	84.75	1.7035	30.7	49.2
CBDDTY010004148.1	1	2000	2	188	9.4	0.094	31.5	4
CBDDTY010004149.1	1	2000	4	614	30.7	0.356	25.4	21.5
CBDDTY010004150.1	1	2000	7	961	48.05	0.512	25.3	33.3
CBDDTY010004151.1	1	2000	2	735	36.75	0.486	26.9	60
CBDDTY010004153.1	1	2000	7	923	46.15	0.7865	32.2	47
CBDDTY010004154.1	1	2000	9	721	36.05	0.977	29.9	22
CBDDTY010004155.1	1	2000	5	615	30.75	0.612	33.5	41.6
CBDDTY010004156.1	1	2000	14	1102	55.1	2.135	33	15.9
CBDDTY010004157.1	1	2000	49	1772	88.6	5.543	32.6	41.6
CBDDTY010004158.1	1	2000	12	1149	57.45	1.088	32.4	15.1
CBDDTY010004159.1	1	2000	1	216	10.8	0.108	34.6	41
CBDDTY010004160.1	1	2000	2	410	20.5	0.205	33.9	13
CBDDTY010004161.1	1	2000	8	1292	64.6	0.9545	32.2	29.4
CBDDTY010004162.1	1	2000	5	880	44	0.5545	30.3	1.8
CBDDTY010004163.1	1	2000	1	95	4.75	0.0475	23	10
CBDDTY010004164.1	1	2000	2	495	24.75	0.2475	35.2	47
CBDDTY010004165.1	1	2000	4	695	34.75	0.4525	33	25.2
CBDDTY010004166.1	1	2000	9	1277	63.85	1.1985	28.2	50.3
CBDDTY010004167.1	1	2000	5	677	33.85	0.5315	28.4	49.6
CBDDTY010004168.1	1	2000	5	1038	51.9	0.7135	29.1	51.2
CBDDTY010004169.1	1	2000	13	800	40	1.947	28.4	0.538
CBDDTY010004171.1	1	2000	7	1228	61.4	1.139	33.9	36.4
CBDDTY010004172.1	1	2000	5	804	40.2	0.4255	32.4	31
CBDDTY010004173.1	1	2000	4	656	32.8	0.498	31.6	30
CBDDTY010004175.1	1	2000	3	433	21.65	0.2165	30.9	40.3
CBDDTY010004176.1	1	2000	5	564	28.2	0.426	32.6	36.4
CBDDTY010004177.1	1	2000	4	559	27.95	0.2795	28.8	18
CBDDTY010004178.1	1	2000	4	533	26.65	0.349	31	23.8
CBDDTY010004179.1	1	2000	26	1382	69.1	3.266	30.8	30.8
CBDDTY010004180.1	1	2000	10	1064	53.2	0.7775	32.7	16.9
CBDDTY010004181.1	1	2000	3	893	44.65	0.462	33.6	12.3
CBDDTY010004182.1	1	2000	1	99	4.95	0.0495	34.2	0
CBDDTY010004183.1	1	2000	2	310	15.5	0.155	27.3	47
CBDDTY010004184.1	1	2000	1	540	27	0.27	33.1	1
CBDDTY010004186.1	1	2000	3	601	30.05	0.3195	31.4	44.3
CBDDTY010004189.1	1	2000	6	1079	53.95	0.7015	31.8	27
CBDDTY010004190.1	1	2000	4	765	38.25	0.4675	29.9	39.2
CBDDTY010004191.1	1	2000	5	653	32.65	0.3945	32.6	14.8
CBDDTY010004192.1	1	2000	1	435	21.75	0.2175	20.2	2
CBDDTY010004193.1	1	2000	5	835	41.75	0.574	30.4	2.8
CBDDTY010004195.1	1	2000	4	813	40.65	0.469	32.7	25.5
CBDDTY010004196.1	1	2000	8	1271	63.55	1.0565	27.9	34.8
CBDDTY010004197.1	1	2000	1	177	8.85	0.0885	28.7	22
CBDDTY010004198.1	1	2000	12	1411	70.55	1.2485	30.8	50.7
CBDDTY010004200.1	1	2000	3	332	16.6	0.237	27.9	42
CBDDTY010004201.1	1	2000	13	1384	69.2	1.3905	29.2	44.4
CBDDTY010004202.1	1	2000	1	210	10.5	0.105	28.7	1
CBDDTY010004203.1	1	2000	12	791	39.55	1.141	30.9	13.8
CBDDTY010004204.1	1	2000	16	1349	67.45	1.653	28.1	18.3
CBDDTY010004206.1	1	2000	1	145	7.25	0.0725	32.3	13
CBDDTY010004207.1	1	2000	2	507	25.35	0.2535	27	40.5
CBDDTY010004208.1	1	2000	1	111	5.55	0.0555	33.7	0
CBDDTY010004209.1	1	2000	5	956	47.8	0.5265	33.3	28.8
CBDDTY010004210.1	1	2000	4	757	37.85	0.6915	34.2	46.5
CBDDTY010004212.1	1	2000	3	670	33.5	0.579	34.5	60
CBDDTY010004213.1	1	2000	4	731	36.55	0.3655	30.7	40.8
CBDDTY010004215.1	1	2000	15	1814	90.7	1.716	30.2	37.6
CBDDTY010004217.1	1	2000	4	550	27.5	0.38	38.1	17
CBDDTY010004218.1	1	2000	1	97	4.85	0.0485	37.5	27
CBDDTY010004220.1	1	2000	2	527	26.35	0.2635	27.1	0.5
CBDDTY010004221.1	1	2000	5	925	46.25	0.6235	35.9	48
CBDDTY010004223.1	1	2000	5	799	39.95	0.44	30	35.8
CBDDTY010004224.1	1	2000	8	674	33.7	0.6745	33.7	46.4
CBDDTY010004225.1	1	2000	9	880	44	0.853	30.6	7
CBDDTY010004226.1	1	2000	1	205	10.25	0.1025	36.2	15
CBDDTY010004227.1	1	2000	107	1650	82.5	11.0825	31.1	46.6
CBDDTY010004228.1	1	2000	3	306	15.3	0.265	24.2	0.667
CBDDTY010004229.1	1	1983	1	122	6.15229	0.0615229	40.5	1
CBDDTY010004230.1	1	2000	3	491	24.55	0.323	26.5	26
CBDDTY010004231.1	1	2000	9	1017	50.85	0.9115	30.5	40.9
CBDDTY010004232.1	1	2000	9	1594	79.7	1.096	29.3	41.4
CBDDTY010004233.1	1	2000	7	905	45.25	0.605	30.5	50.6
CBDDTY010004234.1	1	2000	2	421	21.05	0.2105	29.5	6
CBDDTY010004235.1	1	2000	5	681	34.05	0.3645	31.9	12
CBDDTY010004236.1	1	2000	3	465	23.25	0.2325	27.7	14.7
CBDDTY010004237.1	1	2000	1	384	19.2	0.192	32.8	3
CBDDTY010004239.1	1	2000	4	742	37.1	0.4575	29	8
CBDDTY010004241.1	1	2000	13	984	49.2	1.485	31.2	16.2
CBDDTY010004242.1	1	2000	5	555	27.75	0.515	32.5	31.2
CBDDTY010004243.1	1	2000	5	915	45.75	0.4575	35.4	20.4
CBDDTY010004244.1	1	2000	6	828	41.4	0.556	32.7	34.7
CBDDTY010004245.1	1	2000	4	675	33.75	0.389	28.4	30.5
CBDDTY010004246.1	1	2000	1	262	13.1	0.131	26.5	5
CBDDTY010004247.1	1	2000	16	1604	80.2	1.8555	31.8	24.3
CBDDTY010004248.1	1	2000	7	858	42.9	0.8415	30.7	41.9
CBDDTY010004249.1	1	2000	3	569	28.45	0.3585	25.7	24
CBDDTY010004250.1	1	2000	4	531	26.55	0.275	34.9	11.8
CBDDTY010004251.1	1	2000	1	329	16.45	0.1645	40.4	1
CBDDTY010004253.1	1	2000	1	178	8.9	0.089	31.3	22
CBDDTY010004254.1	1	2000	2	176	8.8	0.088	32.5	1.5
CBDDTY010004255.1	1	2000	1	330	16.5	0.165	28.8	1
CBDDTY010004256.1	1	2000	2	241	12.05	0.1205	32.5	8.5
CBDDTY010004257.1	1	2000	10	815	40.75	0.908	31.1	5.8
CBDDTY010004258.1	1	2000	9	930	46.5	1.038	30.4	38.2
CBDDTY010004259.1	1	2000	4	622	31.1	0.4715	28.3	30.2
CBDDTY010004260.1	1	2000	5	495	24.75	0.394	33.4	0.2
CBDDTY010004262.1	1	2000	4	559	27.95	0.4845	29.4	39.5
CBDDTY010004263.1	1	2000	6	1107	55.35	0.671	31.3	39.5
CBDDTY010004264.1	1	2000	2	79	3.95	0.078	28.1	17
CBDDTY010004265.1	1	2000	2	412	20.6	0.206	20.3	8
CBDDTY010004266.1	1	2000	3	553	27.65	0.3975	31	24.3
CBDDTY010004267.1	1	2000	9	820	41	1.049	32.5	6.44
CBDDTY010004269.1	1	2000	2	748	37.4	0.374	32.9	60
CBDDTY010004270.1	1	2000	3	698	34.9	0.4295	31.6	1
CBDDTY010004271.1	1	2000	4	429	21.45	0.228	34	0.5
CBDDTY010004272.1	1	2000	4	478	23.9	0.3965	27.8	29.8
CBDDTY010004273.1	1	2000	4	529	26.45	0.31	30	19.5
CBDDTY010004274.1	1	2000	5	1191	59.55	0.5955	28.9	36.2
CBDDTY010004275.1	1	2000	29	1653	82.65	2.7425	30.6	11.9
CBDDTY010004276.1	1	2000	3	223	11.15	0.2495	29.4	1
CBDDTY010004277.1	1	2000	1	234	11.7	0.117	34.5	5
CBDDTY010004278.1	1	2000	5	871	43.55	0.5695	28.5	52.6
CBDDTY010004280.1	1	2000	4	713	35.65	0.542	29.3	16.2
CBDDTY010004281.1	1	2000	4	660	33	0.4015	33.1	0.25
CBDDTY010004283.1	1	2000	4	666	33.3	0.5095	28	33
CBDDTY010004285.1	1	2000	3	425	21.25	0.3045	25.9	36
CBDDTY010004286.1	1	2000	4	500	25	0.25	32.2	4.5
CBDDTY010004287.1	1	2000	3	548	27.4	0.297	33.6	37
CBDDTY010004288.1	1	2000	7	669	33.45	0.8435	34.5	14.4
CBDDTY010004289.1	1	2000	2	408	20.4	0.304	26.3	33.5
CBDDTY010004290.1	1	2000	6	845	42.25	0.681	32.9	48.8
CBDDTY010004291.1	1	2000	3	263	13.15	0.3385	30.9	38.7
CBDDTY010004293.1	1	2000	3	355	17.75	0.3315	25.2	0.667
CBDDTY010004294.1	1	2000	9	1538	76.9	0.9935	29.7	25.6
CBDDTY010004297.1	1	2000	3	429	21.45	0.286	31.2	0.333
CBDDTY010004298.1	1	2000	4	667	33.35	0.478	32.9	15.8
CBDDTY010004301.1	1	2000	6	957	47.85	0.7525	33.7	12.7
CBDDTY010004302.1	1	2000	3	412	20.6	0.206	26.6	24.7
CBDDTY010004303.1	1	2000	3	825	41.25	0.4125	27.5	7
CBDDTY010004304.1	1	2000	2	428	21.4	0.215	29.1	38
CBDDTY010004305.1	1	2000	4	748	37.4	0.374	28.8	8
CBDDTY010004306.1	1	2000	1	199	9.95	0.0995	31.7	60
CBDDTY010004307.1	1	2000	15	1747	87.35	1.6695	29.9	40.4
CBDDTY010004309.1	1	2000	6	757	37.85	0.5725	29.1	15.7
CBDDTY010004310.1	1	2000	4	1082	54.1	0.594	32.9	37
CBDDTY010004311.1	1	2000	3	469	23.45	0.312	31.7	0.667
CBDDTY010004312.1	1	2000	3	572	28.6	0.377	28.2	27
CBDDTY010004313.1	1	2000	10	1115	55.75	1.115	28.8	50.7
CBDDTY010004314.1	1	2000	8	1135	56.75	1.1635	32.7	58
CBDDTY010004315.1	1	2000	8	1089	54.45	0.809	28.6	18.8
CBDDTY010004316.1	1	2000	3	667	33.35	0.4265	29	58
CBDDTY010004317.1	1	2000	3	411	20.55	0.2055	36.9	11.7
CBDDTY010004318.1	1	2000	2	263	13.15	0.1315	33.7	44.5
CBDDTY010004320.1	1	2000	12	558	27.9	0.9905	27.4	2.08
CBDDTY010004322.1	1	2000	5	935	46.75	0.677	31.4	34.2
CBDDTY010004323.1	1	2000	2	283	14.15	0.273	29.1	12.5
CBDDTY010004324.1	1	2000	2	469	23.45	0.2345	35.6	48.5
CBDDTY010004325.1	1	2000	1	411	20.55	0.2055	31	60
CBDDTY010004326.1	1	2000	7	943	47.15	0.91	27.5	29.3
CBDDTY010004327.1	1	2000	7	747	37.35	0.601	29.6	42.9
CBDDTY010004328.1	1	2000	5	711	35.55	0.669	30.5	26.2
CBDDTY010004329.1	1	2000	23	1177	58.85	2.3295	29.8	5.83
CBDDTY010004330.1	1	2000	3	596	29.8	0.305	30.6	23.7
CBDDTY010004331.1	1	2000	3	387	19.35	0.2595	31.3	4.33
CBDDTY010004332.1	1	2000	1	89	4.45	0.0445	29.2	1
CBDDTY010004333.1	1	2000	2	196	9.8	0.1945	36.1	43.5
CBDDTY010004334.1	1	2000	4	901	45.05	0.5195	30.8	1.25
CBDDTY010004335.1	1	2000	5	488	24.4	0.4925	28.9	2.4
CBDDTY010004336.1	1	2000	4	514	25.7	0.257	32	15.5
CBDDTY010004337.1	1	2000	2	516	25.8	0.258	31.7	34
CBDDTY010004338.1	1	2000	2	377	18.85	0.2595	30.4	60
CBDDTY010004339.1	1	2000	8	1350	67.5	1.048	30.8	33.5
CBDDTY010004340.1	1	2000	3	732	36.6	0.366	31.4	60
CBDDTY010004342.1	1	2000	5	1026	51.3	0.631	32.5	39.2
CBDDTY010004343.1	1	2000	1	225	11.25	0.1125	43.9	0
CBDDTY010004344.1	1	2000	1	107	5.35	0.0535	32.4	1
CBDDTY010004345.1	1	2000	4	600	30	0.3	29.9	2.5
CBDDTY010004346.1	1	2000	11	1148	57.4	0.738	31.5	34.5
CBDDTY010004348.1	1	2000	9	1126	56.3	1.1755	28.7	42.3
CBDDTY010004349.1	1	2000	1	171	8.55	0.0855	39.7	1
CBDDTY010004350.1	1	2000	5	615	30.75	0.3685	31.6	22.2
CBDDTY010004351.1	1	2000	1	182	9.1	0.091	29.7	39
CBDDTY010004352.1	1	2000	2	436	21.8	0.338	34	46.5
CBDDTY010004353.1	1	2000	3	872	43.6	0.436	25.3	15.7
CBDDTY010004354.1	1	2000	3	438	21.9	0.245	33.5	20.7
CBDDTY010004356.1	1	2000	1	109	5.45	0.0545	36.6	54
CBDDTY010004357.1	1	2000	3	533	26.65	0.2665	35.5	20.7
CBDDTY010004358.1	1	2000	8	930	46.5	0.86	29	42.5
CBDDTY010004359.1	1	2000	10	1787	89.35	1.3315	28.5	9.7
CBDDTY010004360.1	1	2000	3	313	15.65	0.2485	32.7	1.67
CBDDTY010004361.1	1	2000	6	1127	56.35	0.837	33.6	44
CBDDTY010004363.1	1	2000	10	982	49.1	0.8925	32.6	9.5
CBDDTY010004364.1	1	2000	10	1213	60.65	0.872	36.2	35.5
CBDDTY010004365.1	1	2000	4	298	14.9	0.299	31.4	0.75
CBDDTY010004366.1	1	2000	1	168	8.4	0.084	29.7	60
CBDDTY010004367.1	1	2000	3	590	29.5	0.386	30.7	1
CBDDTY010004368.1	1	2000	5	1014	50.7	0.507	31.5	42.8
CBDDTY010004369.1	1	2000	10	1211	60.55	1.1905	30.2	44.2
CBDDTY010004371.1	1	2000	4	385	19.25	0.3955	31.1	11
CBDDTY010004372.1	1	2000	16	1443	72.15	1.8985	31.3	44.8
CBDDTY010004373.1	1	2000	7	752	37.6	0.564	33	30.4
CBDDTY010004374.1	1	2000	5	512	25.6	0.5295	28	17.4
CBDDTY010004375.1	1	2000	4	446	22.3	0.3835	32.8	13.2
CBDDTY010004376.1	1	2000	12	1149	57.45	1.2615	34.1	38.3
CBDDTY010004377.1	1	2000	7	968	48.4	0.742	34.6	42.6
CBDDTY010004378.1	1	2000	21	1594	79.7	2.7675	28.5	14.5
CBDDTY010004380.1	1	2000	6	1005	50.25	0.687	32.5	46.3
CBDDTY010004382.1	1	2000	7	874	43.7	0.7	30.2	35.9
CBDDTY010004383.1	1	2000	15	1337	66.85	1.273	31.9	12
CBDDTY010004385.1	1	2000	9	1142	57.1	1.164	30.3	42.8
CBDDTY010004387.1	1	2000	8	942	47.1	0.96	35.2	60
CBDDTY010004388.1	1	2000	5	692	34.6	0.4095	30.7	5.8
CBDDTY010004389.1	1	2000	4	940	47	0.5595	28.1	60
CBDDTY010004390.1	1	2000	11	1501	75.05	1.5795	30.3	52.5
CBDDTY010004391.1	1	2000	1	135	6.75	0.0675	30.1	60
CBDDTY010004392.1	1	2000	5	760	38	0.59	26.5	39.8
CBDDTY010004393.1	1	2000	5	638	31.9	0.3635	28.4	1.4
CBDDTY010004394.1	1	2000	6	836	41.8	0.593	31	0.667
CBDDTY010004395.1	1	2000	8	1062	53.1	1.043	29.6	16.9
CBDDTY010004396.1	1	2000	4	939	46.95	0.6035	32.8	30.5
CBDDTY010004397.1	1	2000	1	175	8.75	0.0875	32.5	1
CBDDTY010004400.1	1	2000	30	1778	88.9	3.414	31.5	36.1
CBDDTY010004401.1	1	2000	6	753	37.65	0.5405	29.4	35.8
CBDDTY010004402.1	1	2000	3	727	36.35	0.3635	32.1	3.67
CBDDTY010004403.1	1	2000	2	479	23.95	0.2395	22.9	32.5
CBDDTY010004404.1	1	2000	5	692	34.6	0.4015	28.7	51.6
CBDDTY010004405.1	1	2000	8	541	27.05	0.799	33.9	3.75
CBDDTY010004406.1	1	2000	1	281	14.05	0.1405	28.6	1
CBDDTY010004407.1	1	2000	11	1394	69.7	1.6125	34	12.3
CBDDTY010004408.1	1	2000	6	1122	56.1	0.74	30.5	42.3
CBDDTY010004409.1	1	2000	3	470	23.5	0.235	32.2	10.3
CBDDTY010004410.1	1	2000	8	659	32.95	0.761	28.6	17.1
CBDDTY010004411.1	1	2000	3	587	29.35	0.2935	29.4	2
CBDDTY010004412.1	1	2000	2	411	20.55	0.2055	29.2	7.5
CBDDTY010004413.1	1	2000	1	276	13.8	0.138	19	21
CBDDTY010004414.1	1	2000	13	1168	58.4	1.0715	30	13.2
CBDDTY010004415.1	1	2000	5	783	39.15	0.495	32.6	19.4
CBDDTY010004417.1	1	2000	7	1241	62.05	0.768	31.9	41.7
CBDDTY010004418.1	1	2000	4	915	45.75	0.6905	30.2	0.75
CBDDTY010004420.1	1	2000	4	926	46.3	0.599	31.2	60
CBDDTY010004422.1	1	2000	9	1745	87.25	1.3585	30.6	48.6
CBDDTY010004423.1	1	2000	5	930	46.5	0.592	33.1	11
CBDDTY010004424.1	1	2000	8	704	35.2	0.9415	31.8	12.5
CBDDTY010004425.1	1	2000	8	603	30.15	0.7915	35.7	10.1
CBDDTY010004426.1	1	2000	1	269	13.45	0.1345	20.4	6
CBDDTY010004427.1	1	2000	4	444	22.2	0.335	34.1	29.8
CBDDTY010004428.1	1	2000	1	233	11.65	0.1165	25.3	3
CBDDTY010004429.1	1	2000	1	249	12.45	0.1245	33.9	60
CBDDTY010004431.1	1	2000	4	679	33.95	0.4105	27	9.5
CBDDTY010004432.1	1	2000	2	293	14.65	0.282	33.7	52.5
CBDDTY010004433.1	1	2000	6	1048	52.4	0.8315	31.5	60
CBDDTY010004434.1	1	2000	11	1129	56.45	1.336	30.3	38.5
CBDDTY010004435.1	1	2000	4	804	40.2	0.4845	31.8	45.5
CBDDTY010004436.1	1	2000	5	681	34.05	0.369	30.1	23.2
CBDDTY010004437.1	1	2000	4	423	21.15	0.31	31.9	2.75
CBDDTY010004438.1	1	2000	1	134	6.7	0.067	33.2	1
CBDDTY010004439.1	1	2000	2	385	19.25	0.2365	21.9	42.5
CBDDTY010004440.1	1	2000	6	814	40.7	0.718	31.9	55.5
CBDDTY010004441.1	1	2000	8	1235	61.75	1.237	27.7	36.2
CBDDTY010004442.1	1	2000	1	127	6.35	0.0635	31.9	11
CBDDTY010004443.1	1	2000	2	240	12	0.12	34.6	0.5
CBDDTY010004444.1	1	2000	1	213	10.65	0.1065	32	60
CBDDTY010004445.1	1	2000	3	804	40.2	0.45	29.4	60
CBDDTY010004446.1	1	2000	7	763	38.15	0.7285	27.8	30.7
CBDDTY010004447.1	1	2000	3	951	47.55	0.4755	30.4	60
CBDDTY010004448.1	1	2000	3	496	24.8	0.3325	36.2	30.3
CBDDTY010004449.1	1	2000	7	1455	72.75	0.9855	33.5	52.7
CBDDTY010004451.1	1	2000	3	787	39.35	0.4505	32.1	33
CBDDTY010004452.1	1	2000	12	1072	53.6	1.399	27.8	10.5
CBDDTY010004453.1	1	2000	5	873	43.65	0.62	27.5	48.2
CBDDTY010004454.1	1	2000	2	445	22.25	0.262	34.6	30
CBDDTY010004455.1	1	2000	12	1555	77.75	1.403	31.4	45.2
CBDDTY010004456.1	1	2000	5	703	35.15	0.4195	30	24
CBDDTY010004457.1	1	2000	5	874	43.7	0.517	25.9	18.6
CBDDTY010004459.1	1	2000	2	353	17.65	0.1765	34.6	25
CBDDTY010004460.1	1	2000	7	1253	62.65	0.9435	32	57.3
CBDDTY010004461.1	1	2000	2	361	18.05	0.1805	27.9	28.5
CBDDTY010004462.1	1	2000	2	391	19.55	0.238	31.1	53.5
CBDDTY010004465.1	1	2000	1	402	20.1	0.201	34.3	60
CBDDTY010004466.1	1	2000	16	1794	89.7	1.7405	31.7	48
CBDDTY010004467.1	1	2000	1	151	7.55	0.0755	18.1	9
CBDDTY010004468.1	1	2000	9	1043	52.15	1.1255	31.8	25
CBDDTY010004469.1	1	2000	2	388	19.4	0.194	33.9	1
CBDDTY010004470.1	1	2000	9	808	40.4	0.671	28.9	21.9
CBDDTY010004472.1	1	2000	3	654	32.7	0.327	34.5	42
CBDDTY010004473.1	1	2000	5	970	48.5	0.671	27.7	29.2
CBDDTY010004474.1	1	2000	8	598	29.9	0.643	34.6	15.8
CBDDTY010004475.1	1	2000	9	1237	61.85	1.0175	30	38.9
CBDDTY010004476.1	1	2000	3	749	37.45	0.432	27.6	49.3
CBDDTY010004477.1	1	2000	3	533	26.65	0.485	28.2	48.3
CBDDTY010004479.1	1	2000	3	245	12.25	0.2335	32.7	7.67
CBDDTY010004480.1	1	2000	6	1172	58.6	0.7185	27.1	40.2
CBDDTY010004481.1	1	2000	8	1194	59.7	0.8545	31.2	38.9
CBDDTY010004482.1	1	2000	4	917	45.85	0.4585	26.8	18
CBDDTY010004483.1	1	2000	2	378	18.9	0.189	30.8	1
CBDDTY010004485.1	1	2000	5	393	19.65	0.329	34.1	23.4
CBDDTY010004486.1	1	2000	9	865	43.25	0.75	25.5	5.44
CBDDTY010004487.1	1	2000	4	440	22	0.2925	33.8	41.5
CBDDTY010004488.1	1	2000	5	817	40.85	0.5545	31.7	46
CBDDTY010004489.1	1	2000	4	685	34.25	0.429	29	17.2
CBDDTY010004492.1	1	2000	6	1284	64.2	0.738	27.5	28.3
CBDDTY010004493.1	1	2000	1	195	9.75	0.0975	36.3	47
CBDDTY010004494.1	1	2000	3	360	18	0.219	31.8	12
CBDDTY010004495.1	1	2000	9	605	30.25	1.2795	29.4	32.3
CBDDTY010004496.1	1	2000	1	271	13.55	0.1355	17.4	1
CBDDTY010004497.1	1	2000	7	1260	63	0.908	31.9	51.6
CBDDTY010004499.1	1	2000	2	297	14.85	0.2445	32.9	0
CBDDTY010004500.1	1	2000	10	1123	56.15	0.956	27.6	43.1
CBDDTY010004501.1	1	2000	3	412	20.6	0.281	35.3	40.3
CBDDTY010004502.1	1	2000	2	327	16.35	0.1635	21.3	23.5
CBDDTY010004503.1	1	2000	2	467	23.35	0.2335	35.4	60
CBDDTY010004504.1	1	2000	4	1011	50.55	0.5055	30.3	52.8
CBDDTY010004505.1	1	2000	2	349	17.45	0.1745	35.7	1
CBDDTY010004506.1	1	2000	3	282	14.1	0.1985	32.4	6.33
CBDDTY010004507.1	1	2000	1	52	2.6	0.026	37.4	0
CBDDTY010004508.1	1	2000	8	1264	63.2	0.8195	29.4	42.4
CBDDTY010004509.1	1	2000	2	201	10.05	0.187	29.8	33
CBDDTY010004510.1	1	2000	11	1641	82.05	1.1585	32.6	45
CBDDTY010004511.1	1	2000	5	754	37.7	0.4675	32.2	46.8
CBDDTY010004512.1	1	2000	14	1040	52	1.4855	32.1	5.21
CBDDTY010004513.1	1	2000	1	125	6.25	0.0625	34.9	21
CBDDTY010004514.1	1	2000	1	349	17.45	0.1745	37.9	5
CBDDTY010004516.1	1	2000	6	1073	53.65	0.602	33.8	52.3
CBDDTY010004517.1	1	2000	8	1454	72.7	1.025	30.5	45.1
CBDDTY010004518.1	1	2000	2	388	19.4	0.201	34.3	30.5
CBDDTY010004519.1	1	2000	7	960	48	0.547	29.4	48.6
CBDDTY010004520.1	1	2000	3	559	27.95	0.327	30.1	42.7
CBDDTY010004521.1	1	2000	12	1309	65.45	1.3275	28.8	16.3
CBDDTY010004523.1	1	2000	1	98	4.9	0.049	24.7	0
CBDDTY010004524.1	1	2000	4	934	46.7	0.498	29	48.8
CBDDTY010004525.1	1	2000	5	668	33.4	0.579	30.6	25.4
CBDDTY010004526.1	1	2000	2	487	24.35	0.2435	29.3	60
CBDDTY010004527.1	1	2000	2	407	20.35	0.2035	22.2	60
CBDDTY010004528.1	1	2000	1	274	13.7	0.137	21.5	17
CBDDTY010004529.1	1	2000	3	644	32.2	0.369	25.5	48
CBDDTY010004530.1	1	2000	8	865	43.25	0.6195	33.2	42.2
CBDDTY010004531.1	1	2000	20	1967	98.35	3.1505	29.3	29.4
CBDDTY010004532.1	1	2000	15	863	43.15	1.463	32.3	4.4
CBDDTY010004533.1	1	2000	11	1611	80.55	1.468	31.4	46.7
CBDDTY010004534.1	1	2000	2	315	15.75	0.184	34.3	60
CBDDTY010004535.1	1	2000	6	995	49.75	0.601	32.5	14.7
CBDDTY010004537.1	1	2000	8	1378	68.9	1.0805	29.4	48
CBDDTY010004538.1	1	2000	6	1416	70.8	0.848	32.8	43
CBDDTY010004539.1	1	2000	2	546	27.3	0.273	26.7	45.5
CBDDTY010004540.1	1	2000	10	675	33.75	1.2285	31.7	19.8
CBDDTY010004541.1	1	2000	4	541	27.05	0.309	33.1	46.5
CBDDTY010004543.1	1	2000	1	204	10.2	0.102	18.7	0
CBDDTY010004544.1	1	2000	1	107	5.35	0.0535	29.1	0
CBDDTY010004545.1	1	2000	9	1077	53.85	1.017	33.6	43.4
CBDDTY010004546.1	1	2000	3	366	18.3	0.395	33.1	48
CBDDTY010004547.1	1	2000	23	1325	66.25	2.5915	32.9	5.3
CBDDTY010004548.1	1	2000	4	839	41.95	0.764	32.9	60
CBDDTY010004549.1	1	2000	1	136	6.8	0.068	32.4	0
CBDDTY010004550.1	1	2000	4	664	33.2	0.362	30.3	18.5
CBDDTY010004551.1	1	2000	1	170	8.5	0.085	21.6	1
CBDDTY010004552.1	1	2000	4	1007	50.35	0.5815	29.4	44
CBDDTY010004553.1	1	2000	9	827	41.35	1.0365	33.6	10.1
CBDDTY010004554.1	1	2000	1	124	6.2	0.062	32.4	0
CBDDTY010004555.1	1	2000	11	1664	83.2	1.3435	28.5	49.5
CBDDTY010004556.1	1	2000	4	448	22.4	0.224	35.7	20.8
CBDDTY010004557.1	1	2000	4	854	42.7	0.508	25.6	46
CBDDTY010004558.1	1	2000	4	799	39.95	0.4365	32	43.5
CBDDTY010004559.1	1	2000	18	1697	84.85	2.114	31.8	45.3
CBDDTY010004560.1	1	2000	1	247	12.35	0.1235	19	11
CBDDTY010004561.1	1	2000	9	832	41.6	1.0515	32.4	39.4
CBDDTY010004562.1	1	2000	7	1059	52.95	0.683	31	48.6
CBDDTY010004563.1	1	2000	4	607	30.35	0.389	34.8	30.5
CBDDTY010004564.1	1	2000	3	490	24.5	0.3105	28.4	11.3
CBDDTY010004566.1	1	2000	5	510	25.5	0.504	29.2	23.8
CBDDTY010004567.1	1	2000	1	214	10.7	0.107	31	0
CBDDTY010004568.1	1	2000	3	279	13.95	0.277	28.3	20.3
CBDDTY010004569.1	1	2000	1	197	9.85	0.0985	28.6	4
CBDDTY010004570.1	1	2000	6	692	34.6	0.4545	30.8	35.8
CBDDTY010004571.1	1	2000	6	1048	52.4	0.5905	29.5	54.7
CBDDTY010004572.1	1	2000	9	1248	62.4	1.28	31.1	12.4
CBDDTY010004573.1	1	2000	2	470	23.5	0.235	21.5	7
CBDDTY010004574.1	1	2000	4	694	34.7	0.501	32.3	34
CBDDTY010004575.1	1	2000	3	281	14.05	0.191	29.1	11.3
CBDDTY010004576.1	1	2000	3	226	11.3	0.17	33.3	18.7
CBDDTY010004577.1	1	2000	2	541	27.05	0.2705	35.9	30.5
CBDDTY010004578.1	1	2000	2	597	29.85	0.2985	36.9	44
CBDDTY010004579.1	1	2000	6	1292	64.6	0.704	29.3	45.7
CBDDTY010004580.1	1	2000	5	639	31.95	0.7385	34.1	53.6
CBDDTY010004581.1	1	2000	3	952	47.6	0.516	32.2	49
CBDDTY010004583.1	1	2000	6	1079	53.95	0.776	30.2	41.3
CBDDTY010004584.1	1	2000	5	705	35.25	0.417	30.6	29
CBDDTY010004585.1	1	2000	10	1195	59.75	1.2005	31.3	49.8
CBDDTY010004586.1	1	2000	15	826	41.3	1.3795	31	12.8
CBDDTY010004588.1	1	2000	3	767	38.35	0.4225	30.8	45
CBDDTY010004589.1	1	2000	4	1064	53.2	0.532	35.4	51.2
CBDDTY010004590.1	1	2000	13	1206	60.3	1.322	31.7	17.3
CBDDTY010004592.1	1	2000	4	537	26.85	0.2685	28.3	41.5
CBDDTY010004593.1	1	2000	5	443	22.15	0.3515	31.4	38.8
CBDDTY010004594.1	1	2000	13	1599	79.95	1.9215	33.5	52.8
CBDDTY010004595.1	1	2000	10	752	37.6	0.8625	33	4.3
CBDDTY010004596.1	1	2000	2	386	19.3	0.292	26.4	0.5
CBDDTY010004597.1	1	2000	7	1319	65.95	0.9695	27.2	51.6
CBDDTY010004598.1	1	2000	5	391	19.55	0.612	30.4	24.6
CBDDTY010004599.1	1	2000	4	615	30.75	0.4245	32.3	17
CBDDTY010004600.1	1	2000	5	788	39.4	0.4825	33.1	37.2
CBDDTY010004601.1	1	2000	8	1327	66.35	1.105	30.4	43.6
CBDDTY010004602.1	1	2000	4	539	26.95	0.451	30.2	36
CBDDTY010004603.1	1	1000	1	86	8.6	0.086	36.9	0
CBDDTY010004605.1	1	1000	1	475	47.5	0.475	30.4	1
CBDDTY010004606.1	1	1000	1	86	8.6	0.086	29.8	1
CBDDTY010004608.1	1	1000	2	439	43.9	0.48	34	1
CBDDTY010004609.1	1	1000	1	114	11.4	0.114	34.3	0
CBDDTY010004611.1	1	1000	2	245	24.5	0.372	29.9	45
CBDDTY010004612.1	1	1000	2	335	33.5	0.384	31.4	43.5
CBDDTY010004613.1	1	1000	1	340	34	0.34	32.1	60
CBDDTY010004615.1	1	1000	1	194	19.4	0.194	35.4	0
CBDDTY010004616.1	1	1000	9	937	93.7	1.975	31.7	34.2
CBDDTY010004617.1	1	1000	4	650	65	0.853	27.9	2
CBDDTY010004618.1	1	1000	2	490	49	0.49	33.5	32
CBDDTY010004619.1	1	1000	3	456	45.6	0.672	26.7	52.7
CBDDTY010004621.1	1	1000	3	431	43.1	0.47	35	31.7
CBDDTY010004624.1	1	1000	6	627	62.7	1.315	29.8	41.2
CBDDTY010004625.1	1	1000	1	146	14.6	0.146	39.3	15
CBDDTY010004626.1	1	1000	1	110	11	0.11	28	37
CBDDTY010004627.1	1	1000	6	285	28.5	0.791	28.7	0.167
CBDDTY010004628.1	1	1000	2	268	26.8	0.334	34.6	60
CBDDTY010004629.1	1	1000	16	921	92.1	2.851	30.5	21.2
CBDDTY010004631.1	1	1000	1	219	21.9	0.219	33	49
CBDDTY010004632.1	1	1000	1	270	27	0.27	36	60
CBDDTY010004635.1	1	1000	2	535	53.5	0.535	27.6	60
CBDDTY010004636.1	1	1000	2	440	44	0.44	38.7	24
CBDDTY010004638.1	1	1000	2	245	24.5	0.418	34.3	60
CBDDTY010004639.1	1	1000	1	346	34.6	0.346	27.9	60
CBDDTY010004640.1	1	1000	4	428	42.8	1.055	30.4	17
CBDDTY010004641.1	1	1000	1	175	17.5	0.175	30.6	1
CBDDTY010004642.1	1	1000	2	263	26.3	0.263	25.9	7
CBDDTY010004643.1	1	1000	10	951	95.1	3.008	32.5	35.1
CBDDTY010004644.1	1	1000	1	186	18.6	0.186	22.9	7
CBDDTY010004645.1	1	1000	6	619	61.9	1.709	27.4	41.7
CBDDTY010004646.1	1	1000	4	753	75.3	1.185	27.7	60
CBDDTY010004647.1	1	1000	3	331	33.1	0.487	25.4	18
CBDDTY010004648.1	1	1000	1	248	24.8	0.248	35.1	3
CBDDTY010004649.1	1	1000	21	480	48	4.322	30.8	7.19
CBDDTY010004650.1	1	1000	8	984	98.4	1.796	30.4	37.5
CBDDTY010004651.1	1	1000	7	340	34	0.975	30.1	19.4
CBDDTY010004652.1	1	1000	5	755	75.5	1.153	29.5	25.2
CBDDTY010004653.1	1	1000	2	253	25.3	0.253	36.5	9.5
CBDDTY010004655.1	1	1000	2	556	55.6	0.556	26.5	20
CBDDTY010004656.1	1	1000	6	688	68.8	1.32	32.7	53.8
CBDDTY010004657.1	1	1000	3	380	38	0.501	28.2	20.7
CBDDTY010004658.1	1	1000	4	734	73.4	1.043	31.6	37.2
CBDDTY010004659.1	1	1000	1	253	25.3	0.253	33.8	60
CBDDTY010004660.1	1	1000	7	285	28.5	1.235	32.4	13.3
CBDDTY010004662.1	1	1000	1	230	23	0.23	28.8	60
CBDDTY010004663.1	1	1000	1	157	15.7	0.157	35.7	8
CBDDTY010004664.1	1	1000	6	633	63.3	1.007	29.1	48.7
CBDDTY010004665.1	1	1000	5	896	89.6	1.201	33.5	49.8
CBDDTY010004666.1	1	1000	1	287	28.7	0.287	31.4	50
CBDDTY010004667.1	1	1000	2	370	37	0.466	25.4	2.5
CBDDTY010004668.1	1	1000	2	697	69.7	0.97	30.5	60
CBDDTY010004669.1	1	1000	5	534	53.4	1.096	29.5	51.4
CBDDTY010004670.1	1	1000	1	102	10.2	0.102	27.4	1
CBDDTY010004671.1	1	1000	1	196	19.6	0.196	26.8	29
CBDDTY010004672.1	1	1000	4	314	31.4	0.493	28.8	12.5
CBDDTY010004674.1	1	1000	2	245	24.5	0.245	28.5	9.5
CBDDTY010004676.1	1	1000	6	913	91.3	1.781	31.6	35.3
CBDDTY010004677.1	1	1000	7	483	48.3	0.967	30.3	34.1
CBDDTY010004679.1	1	1000	2	279	27.9	0.279	29.2	35
CBDDTY010004680.1	1	1000	6	849	84.9	1.841	30.2	52.2
CBDDTY010004681.1	1	1000	4	565	56.5	0.887	31.2	39
CBDDTY010004682.1	1	1000	1	138	13.8	0.138	20	7
CBDDTY010004685.1	1	1000	8	493	49.3	2.142	32	5.5
CBDDTY010004686.1	1	1000	2	508	50.8	0.573	26.5	45
CBDDTY010004688.1	1	1000	7	950	95	2.067	28.1	40.6
CBDDTY010004689.1	1	1000	10	740	74	2.008	27.7	3.2
CBDDTY010004690.1	1	1000	1	135	13.5	0.135	27.4	1
CBDDTY010004691.1	1	1000	10	834	83.4	1.823	31.6	40.7
CBDDTY010004693.1	1	1000	3	421	42.1	0.61	32.9	16.7
CBDDTY010004695.1	1	1000	4	529	52.9	0.767	34.3	30
CBDDTY010004696.1	1	1000	6	808	80.8	1.544	35.8	2.67
CBDDTY010004697.1	1	1000	2	328	32.8	0.328	29.8	1
CBDDTY010004698.1	1	1000	2	424	42.4	0.584	29	7.5
CBDDTY010004699.1	1	1000	2	290	29	0.505	28.8	52.5
CBDDTY010004700.1	1	1000	5	640	64	1.077	27.9	0.8
CBDDTY010004701.1	1	1000	8	845	84.5	1.875	29.8	55.8
CBDDTY010004702.1	1	1000	1	92	9.2	0.092	39.6	0
CBDDTY010004703.1	1	1000	2	319	31.9	0.319	31.2	45
CBDDTY010004704.1	1	1000	2	190	19	0.294	33.4	56
CBDDTY010004705.1	1	1000	2	320	32	0.32	30.5	30
CBDDTY010004707.1	1	1000	4	803	80.3	1.544	30.7	49.2
CBDDTY010004708.1	1	1000	4	432	43.2	0.706	26.8	0.75
CBDDTY010004709.1	1	1000	6	999	99.9	1.778	30	32.2
CBDDTY010004711.1	1	1000	5	691	69.1	1.143	33.4	40.4
CBDDTY010004712.1	1	1000	2	267	26.7	0.267	29.9	3
CBDDTY010004713.1	1	1000	3	333	33.3	0.333	31	0.667
CBDDTY010004714.1	1	1000	2	427	42.7	0.598	26.6	60
CBDDTY010004716.1	1	1000	2	334	33.4	0.418	26.8	46
CBDDTY010004718.1	1	1000	2	214	21.4	0.317	28.5	37
CBDDTY010004719.1	1	1000	3	377	37.7	0.758	30.2	42.3
CBDDTY010004720.1	1	1000	3	489	48.9	0.585	28.1	40.3
CBDDTY010004721.1	1	1000	3	441	44.1	0.582	34	59.7
CBDDTY010004722.1	1	1000	5	714	71.4	1.203	32.9	3.4
CBDDTY010004723.1	1	1000	1	419	41.9	0.419	22.7	18
CBDDTY010004724.1	1	1000	3	566	56.6	1.042	27.5	20.3
CBDDTY010004725.1	1	1000	1	472	47.2	0.472	31.8	60
CBDDTY010004726.1	1	1000	6	429	42.9	1.054	29.3	1
CBDDTY010004728.1	1	1000	1	130	13	0.13	26.8	23
CBDDTY010004729.1	1	1000	1	275	27.5	0.275	32.6	0
CBDDTY010004730.1	1	1000	2	328	32.8	0.493	30	46
CBDDTY010004732.1	1	1000	4	525	52.5	0.597	35.3	22.8
CBDDTY010004734.1	1	1000	16	952	95.2	3.029	30.1	45.4
CBDDTY010004737.1	1	1000	2	478	47.8	0.539	31.3	60
CBDDTY010004738.1	1	1000	1	288	28.8	0.288	40.9	60
CBDDTY010004740.1	1	1000	1	267	26.7	0.267	27.2	60
CBDDTY010004741.1	1	1000	3	706	70.6	0.853	30.7	40.7
CBDDTY010004743.1	1	1000	1	114	11.4	0.114	35.3	15
CBDDTY010004744.1	1	1000	3	447	44.7	0.871	27.1	43.3
CBDDTY010004745.1	1	1000	20	828	82.8	3.794	30.9	42.1
CBDDTY010004746.1	1	1000	3	276	27.6	0.678	34.5	44
CBDDTY010004747.1	1	1000	2	482	48.2	0.76	23.9	34.5
CBDDTY010004749.1	1	1000	3	692	69.2	0.816	31.6	53.7
CBDDTY010004750.1	1	1000	11	931	93.1	2.636	29.3	16.5
CBDDTY010004752.1	1	1000	2	368	36.8	0.4	26.5	31.5
CBDDTY010004753.1	1	1000	4	371	37.1	0.99	32.1	3.25
CBDDTY010004754.1	1	1000	3	557	55.7	0.557	27.3	47.7
CBDDTY010004755.1	1	1000	5	430	43	1.146	27.3	35.2
CBDDTY010004756.1	1	1000	2	477	47.7	0.477	39.5	60
CBDDTY010004757.1	1	1000	3	258	25.8	0.347	33.3	20.7
CBDDTY010004758.1	1	1000	3	590	59	0.719	31.7	32.3
CBDDTY010004760.1	1	1000	1	139	13.9	0.139	24.8	0
CBDDTY010004761.1	1	1000	4	748	74.8	0.959	29.1	12
CBDDTY010004763.1	1	1000	3	287	28.7	0.422	35.3	17.3
CBDDTY010004764.1	1	1000	3	260	26	0.379	29.7	41.7
CBDDTY010004765.1	1	1000	3	347	34.7	0.543	29.7	6
CBDDTY010004766.1	1	1000	6	541	54.1	1.443	29.5	10
CBDDTY010004767.1	1	1000	3	549	54.9	0.8	27	44.7
CBDDTY010004770.1	1	1000	7	529	52.9	1.63	31	0.143
CBDDTY010004774.1	1	1000	3	516	51.6	0.794	29.6	42
CBDDTY010004775.1	1	1000	4	625	62.5	1.042	32.4	58.8
CBDDTY010004777.1	1	1000	3	404	40.4	0.404	32.1	4.33
CBDDTY010004778.1	1	1000	2	150	15	0.296	36.1	15
CBDDTY010004779.1	1	1000	2	373	37.3	0.373	35	48
CBDDTY010004783.1	1	1000	2	323	32.3	0.444	21.2	9.5
CBDDTY010004784.1	1	1000	5	705	70.5	1.264	33.4	40.8
CBDDTY010004785.1	1	1000	1	127	12.7	0.127	26.1	0
CBDDTY010004786.1	1	1000	31	722	72.2	6.156	29	5.52
CBDDTY010004790.1	1	1000	6	553	55.3	1.135	33.3	8.5
CBDDTY010004792.1	1	1000	1	247	24.7	0.247	25.6	52
CBDDTY010004793.1	1	1000	5	598	59.8	0.885	30.8	2.4
CBDDTY010004794.1	1	1000	3	368	36.8	0.53	31.9	43.3
CBDDTY010004795.1	1	1000	6	622	62.2	1.426	28.9	15.8
CBDDTY010004797.1	1	1000	9	613	61.3	2.031	32.1	8.11
CBDDTY010004798.1	1	1000	4	288	28.8	0.498	34.5	12.2
CBDDTY010004801.1	1	1000	5	593	59.3	1.272	31.6	4.8
CBDDTY010004804.1	1	1000	2	231	23.1	0.372	27.7	37.5
CBDDTY010004805.1	1	1000	3	476	47.6	0.497	30.3	15
CBDDTY010004808.1	1	1000	1	137	13.7	0.137	26	0
CBDDTY010004809.1	1	1000	16	722	72.2	3.677	28.8	15
CBDDTY010004810.1	1	1000	3	135	13.5	0.343	33.7	13
CBDDTY010004811.1	1	1000	4	467	46.7	0.661	24.4	56.5
CBDDTY010004812.1	1	1000	1	124	12.4	0.124	25	10
CBDDTY010004814.1	1	1000	3	360	36	0.597	33.3	30
CBDDTY010004815.1	1	1000	1	86	8.6	0.086	33.5	15
CBDDTY010004818.1	1	1000	1	166	16.6	0.166	41.9	60
CBDDTY010004819.1	1	1000	3	635	63.5	0.658	27.6	29
CBDDTY010004820.1	1	1000	1	120	12	0.12	37.6	1
CBDDTY010004821.1	1	1000	5	555	55.5	0.763	26.3	2.6
CBDDTY010004822.1	1	1000	1	66	6.6	0.066	34.4	0
CBDDTY010004823.1	1	1000	7	686	68.6	1.87	27.7	12.1
CBDDTY010004824.1	1	1000	1	230	23	0.23	30.4	5
CBDDTY010004825.1	1	1000	8	903	90.3	1.614	32.4	23
CBDDTY010004826.1	1	1000	6	685	68.5	1.335	28.4	47.2
CBDDTY010004827.1	1	1000	3	206	20.6	0.368	32.4	40.7
CBDDTY010004829.1	1	1000	1	189	18.9	0.189	35.2	1
CBDDTY010004830.1	1	1000	1	206	20.6	0.206	19.1	0
CBDDTY010004832.1	1	1000	1	577	57.7	0.577	35.9	60
CBDDTY010004833.1	1	1000	6	760	76	1.261	28.5	44.7
CBDDTY010004834.1	1	1000	1	105	10.5	0.105	28.1	36
CBDDTY010004835.1	1	1000	2	463	46.3	0.463	34.1	33.5
CBDDTY010004838.1	1	1000	8	545	54.5	1.68	31.5	26.4
CBDDTY010004839.1	1	1000	2	263	26.3	0.389	31.1	52
CBDDTY010004840.1	1	1000	3	348	34.8	0.615	31.2	35
CBDDTY010004841.1	1	1000	4	592	59.2	0.795	30.9	32.5
CBDDTY010004842.1	1	1000	1	223	22.3	0.223	36.8	60
CBDDTY010004843.1	1	1000	6	809	80.9	1.4	25.2	9.17
CBDDTY010004844.1	1	1000	1	205	20.5	0.205	21.7	3
CBDDTY010004847.1	1	1000	15	966	96.6	3.363	28.5	11.5
CBDDTY010004848.1	1	1000	3	375	37.5	0.56	27.4	36.7
CBDDTY010004850.1	1	1000	4	297	29.7	0.643	29.2	12.8
CBDDTY010004851.1	1	1000	1	675	67.5	0.675	31.7	57
CBDDTY010004854.1	1	1000	4	269	26.9	0.511	28.6	3
CBDDTY010004859.1	1	1000	2	457	45.7	0.457	26.8	30.5
CBDDTY010004863.1	1	1000	4	755	75.5	0.875	30.1	45.2
CBDDTY010004864.1	1	1000	1	203	20.3	0.203	34.7	1
CBDDTY010004865.1	1	1000	2	483	48.3	0.483	26.8	7.5
CBDDTY010004866.1	1	1000	9	711	71.1	1.331	33.6	36.6
CBDDTY010004867.1	1	1000	4	428	42.8	0.782	33.2	34.8
CBDDTY010004868.1	1	1000	1	351	35.1	0.351	28.5	1
CBDDTY010004873.1	1	1000	4	564	56.4	0.818	37.4	60
CBDDTY010004874.1	1	1000	3	527	52.7	0.622	34.4	27
CBDDTY010004875.1	1	1000	3	685	68.5	1.124	25	49.7
CBDDTY010004876.1	1	1000	6	660	66	1.127	30.6	6.5
CBDDTY010004877.1	1	1000	1	235	23.5	0.235	21.2	33
CBDDTY010004878.1	1	1000	4	669	66.9	0.772	31.2	46.2
CBDDTY010004879.1	1	1000	1	106	10.6	0.106	39.8	1
CBDDTY010004881.1	1	1000	1	193	19.3	0.193	32.2	60
CBDDTY010004882.1	1	1000	1	186	18.6	0.186	31.2	38
CBDDTY010004883.1	1	1000	1	301	30.1	0.301	36.7	1
CBDDTY010004884.1	1	1000	7	699	69.9	1.803	31.9	25.6
CBDDTY010004886.1	1	1000	6	762	76.2	1.573	26.5	60
CBDDTY010004887.1	1	1000	1	100	10	0.1	31.3	19
CBDDTY010004888.1	1	1000	1	94	9.4	0.094	26.7	9
CBDDTY010004889.1	1	1000	1	96	9.6	0.096	44.9	15
CBDDTY010004891.1	1	1000	3	295	29.5	0.515	34	7.33
CBDDTY010004893.1	1	1000	1	226	22.6	0.226	23.9	19
CBDDTY010004894.1	1	1000	1	127	12.7	0.127	22.6	1
CBDDTY010004896.1	1	1000	2	244	24.4	0.337	29.1	21.5
CBDDTY010004897.1	1	1000	1	117	11.7	0.117	19.2	1
CBDDTY010004898.1	1	1000	6	621	62.1	1.338	29.7	51
CBDDTY010004899.1	1	1000	2	335	33.5	0.52	24.5	60
CBDDTY010004900.1	1	1000	29	826	82.6	6.758	27.9	5.9
CBDDTY010004901.1	1	1000	1	240	24	0.24	36.3	60
CBDDTY010004902.1	1	1000	1	336	33.6	0.336	33.9	60
CBDDTY010004903.1	1	1000	30	973	97.3	6.59	31.1	35.8
CBDDTY010004904.1	1	1000	1	80	8	0.08	36	11
CBDDTY010004906.1	1	1000	3	661	66.1	0.937	25	0.667
CBDDTY010004907.1	1	1000	2	254	25.4	0.477	31.9	60
CBDDTY010004910.1	1	1000	1	241	24.1	0.241	23.9	1
CBDDTY010004911.1	1	1000	3	560	56	0.71	25	1.33
CBDDTY010004915.1	1	1000	3	348	34.8	0.447	37	13.7
CBDDTY010004916.1	1	1000	6	521	52.1	1.555	30.2	29
CBDDTY010004917.1	1	1000	2	414	41.4	0.624	31.8	30
CBDDTY010004921.1	1	1000	8	948	94.8	1.673	28.2	41.2
CBDDTY010004922.1	1	1000	1	120	12	0.12	29.3	31
CBDDTY010004923.1	1	1000	6	411	41.1	1.245	32	16.7
CBDDTY010004926.1	1	1000	1	96	9.6	0.096	31.7	33
CBDDTY010004927.1	1	1000	1	358	35.8	0.358	31.3	51
CBDDTY010004928.1	1	1000	1	87	8.7	0.087	37.7	19
CBDDTY010004929.1	1	1000	1	177	17.7	0.177	21.1	1
CBDDTY010004930.1	1	1000	1	138	13.8	0.138	35.6	1
CBDDTY010004931.1	1	1000	1	133	13.3	0.133	33.7	60
CBDDTY010004932.1	1	1000	1	490	49	0.49	24.2	9
CBDDTY010004933.1	1	1000	4	551	55.1	0.751	29.6	2.75
CBDDTY010004934.1	1	1000	9	865	86.5	1.673	27.8	7.33
CBDDTY010004936.1	1	1000	1	240	24	0.24	33.2	60
CBDDTY010004937.1	1	1000	2	562	56.2	0.562	33	60
CBDDTY010004939.1	1	1000	7	517	51.7	1.358	29.1	50.1
CBDDTY010004940.1	1	1000	2	194	19.4	0.264	26.7	32.5
CBDDTY010004941.1	1	1000	2	592	59.2	0.592	33.7	30
CBDDTY010004942.1	1	1000	3	267	26.7	0.407	27.9	5.33
CBDDTY010004943.1	1	1000	6	531	53.1	1.217	29.6	2.33
CBDDTY010004944.1	1	1000	5	696	69.6	0.986	33.3	34.6
CBDDTY010004945.1	1	1000	2	304	30.4	0.418	37.6	55.5
CBDDTY010004947.1	1	1000	3	369	36.9	0.421	33.5	41
CBDDTY010004948.1	1	1000	2	570	57	0.57	32.3	33.5
CBDDTY010004949.1	1	1000	1	129	12.9	0.129	34.1	14
CBDDTY010004950.1	1	1000	1	148	14.8	0.148	35.7	46
CBDDTY010004952.1	1	1000	4	653	65.3	0.926	30.6	49
CBDDTY010004953.1	1	1000	1	248	24.8	0.248	26.9	21
CBDDTY010004955.1	1	1000	2	569	56.9	0.758	28.9	60
CBDDTY010004957.1	1	1000	8	994	99.4	2.265	29.1	49.9
CBDDTY010004960.1	1	1000	1	278	27.8	0.278	26	0
CBDDTY010004962.1	1	1000	7	663	66.3	1.658	31	43.4
CBDDTY010004963.1	1	1000	1	77	7.7	0.077	36.4	0
CBDDTY010004965.1	1	1000	2	382	38.2	0.382	27.7	17
CBDDTY010004966.1	1	1000	4	868	86.8	1.114	33.2	30.5
CBDDTY010004967.1	1	1000	3	596	59.6	0.596	28.7	41.7
CBDDTY010004968.1	1	1000	3	483	48.3	0.643	35	15.7
CBDDTY010004969.1	1	1000	4	263	26.3	0.456	34.3	31.5
CBDDTY010004970.1	1	1000	5	401	40.1	0.802	33.4	15.2
CBDDTY010004971.1	1	1000	2	217	21.7	0.362	27	34
CBDDTY010004972.1	1	1000	3	405	40.5	0.417	35.9	22.7
CBDDTY010004973.1	1	1000	5	767	76.7	1.193	31.5	40.6
CBDDTY010004974.1	1	1000	1	319	31.9	0.319	29.6	60
CBDDTY010004975.1	1	1000	3	559	55.9	0.57	32.8	13
CBDDTY010004976.1	1	1000	4	276	27.6	0.629	31.9	4
CBDDTY010004978.1	1	1000	3	311	31.1	0.398	27.6	0.333
CBDDTY010004979.1	1	1000	3	725	72.5	0.985	27.2	1
CBDDTY010004980.1	1	1000	11	456	45.6	1.85	30	12.8
CBDDTY010004981.1	1	1000	3	415	41.5	0.556	30.4	19.7
CBDDTY010004982.1	1	1000	1	277	27.7	0.277	32.8	60
CBDDTY010004983.1	1	1000	1	81	8.1	0.081	38.8	12
CBDDTY010004984.1	1	1000	1	163	16.3	0.163	21.2	1
CBDDTY010004985.1	1	1000	4	569	56.9	0.97	31.6	25.2
CBDDTY010004986.1	1	1000	4	495	49.5	0.778	36	4.75
CBDDTY010004989.1	1	1000	1	172	17.2	0.172	32	14
CBDDTY010004990.1	1	1000	5	694	69.4	1.23	31.7	58.2
CBDDTY010004993.1	1	1000	3	427	42.7	0.488	35.8	53.3
CBDDTY010004995.1	1	1000	4	520	52	0.807	32.2	30
CBDDTY010004996.1	1	1000	3	186	18.6	0.448	32.7	5.33
CBDDTY010004997.1	1	1000	2	440	44	0.45	37.4	30.5
CBDDTY010004999.1	1	1000	3	769	76.9	0.769	34.1	11
CBDDTY010005000.1	1	1000	1	140	14	0.14	32.6	60
CBDDTY010005001.1	1	1000	1	143	14.3	0.143	24.3	60
CBDDTY010005002.1	1	1000	2	292	29.2	0.292	34	44
CBDDTY010005003.1	1	1000	5	512	51.2	1.334	32.1	41.2
CBDDTY010005004.1	1	1000	2	305	30.5	0.305	33.3	9
CBDDTY010005005.1	1	1000	2	147	14.7	0.147	38.9	4
CBDDTY010005006.1	1	1000	2	124	12.4	0.124	31	2
CBDDTY010005007.1	1	1000	3	406	40.6	0.79	33	10.3
CBDDTY010005008.1	1	1000	4	426	42.6	1.019	26.8	2.75
CBDDTY010005012.1	1	1000	2	516	51.6	0.821	35	60
CBDDTY010005013.1	1	1000	1	128	12.8	0.128	21.6	1
CBDDTY010005017.1	1	1000	2	297	29.7	0.297	36.8	30.5
CBDDTY010005019.1	1	1000	1	114	11.4	0.114	38.4	1
CBDDTY010005020.1	1	1000	1	304	30.4	0.304	30.5	19
CBDDTY010005021.1	1	1000	2	192	19.2	0.192	36.1	11.5
CBDDTY010005022.1	1	1000	1	195	19.5	0.195	22	1
CBDDTY010005023.1	1	1000	2	490	49	0.531	37.7	42.5
CBDDTY010005025.1	1	1000	2	221	22.1	0.349	30.4	46.5
CBDDTY010005026.1	1	1000	5	624	62.4	1.115	31.5	44
CBDDTY010005027.1	1	1000	4	440	44	0.83	27.1	17.2
CBDDTY010005029.1	1	1000	1	226	22.6	0.226	34.2	60
CBDDTY010005031.1	1	1000	1	150	15	0.15	32.7	9
CBDDTY010005032.1	1	1000	2	455	45.5	0.908	34.1	60
CBDDTY010005033.1	1	1000	3	341	34.1	0.547	29.8	4.67
CBDDTY010005035.1	1	1000	2	424	42.4	0.493	32.1	30
CBDDTY010005036.1	1	1000	2	376	37.6	0.533	35.7	60
CBDDTY010005037.1	1	1000	2	424	42.4	0.424	28.5	52.5
CBDDTY010005038.1	1	1000	3	523	52.3	0.6	28.9	35.7
CBDDTY010005039.1	1	1000	1	100	10	0.1	25	0
CBDDTY010005041.1	1	1000	1	170	17	0.17	23.6	0
CBDDTY010005043.1	1	1000	2	292	29.2	0.292	32.2	2
CBDDTY010005045.1	1	1000	18	505	50.5	3.344	32.7	10.8
CBDDTY010005046.1	1	1000	2	528	52.8	0.583	35.1	30.5
CBDDTY010005047.1	1	1000	1	216	21.6	0.216	20.2	60
CBDDTY010005048.1	1	1000	1	140	14	0.14	36.5	0
CBDDTY010005049.1	1	1000	1	390	39	0.39	22	3
CBDDTY010005050.1	1	1000	1	76	7.6	0.076	18.3	13
CBDDTY010005051.1	1	1000	6	753	75.3	1.291	26	2.33
CBDDTY010005054.1	1	1000	3	764	76.4	0.965	26.7	43.7
CBDDTY010005056.1	1	1000	5	709	70.9	1.031	30.6	51.2
CBDDTY010005058.1	1	1000	7	706	70.6	1.825	26.5	14.9
CBDDTY010005060.1	1	1000	1	347	34.7	0.347	19.8	60
CBDDTY010005061.1	1	1000	1	101	10.1	0.101	42.8	23
CBDDTY010005063.1	1	1000	4	442	44.2	0.523	30.4	52.8
CBDDTY010005065.1	1	1000	2	274	27.4	0.436	37.2	0.5
CBDDTY010005066.1	1	1000	4	415	41.5	0.789	22.7	30.8
CBDDTY010005067.1	1	1000	3	168	16.8	0.425	23.6	10
CBDDTY010005069.1	1	1000	1	189	18.9	0.189	34.5	60
CBDDTY010005070.1	1	1000	6	859	85.9	1.589	29.4	7.67
CBDDTY010005071.1	1	1000	1	92	9.2	0.092	32.9	22
CBDDTY010005072.1	1	1000	2	143	14.3	0.272	22.8	6
CBDDTY010005073.1	1	1000	1	214	21.4	0.214	35.8	60
CBDDTY010005074.1	1	1000	2	163	16.3	0.163	36.6	8
CBDDTY010005075.1	1	1000	5	315	31.5	0.716	30.7	26
CBDDTY010005076.1	1	1000	2	477	47.7	0.477	30.2	42.5
CBDDTY010005078.1	1	1000	2	186	18.6	0.186	29.7	0
CBDDTY010005080.1	1	1000	2	443	44.3	0.443	28.2	30.5
CBDDTY010005081.1	1	1000	1	84	8.4	0.084	39.4	0
CBDDTY010005082.1	1	1000	4	627	62.7	1.003	31.2	50.2
CBDDTY010005083.1	1	1000	1	68	6.8	0.068	38.2	1
CBDDTY010005085.1	1	1000	3	557	55.7	0.72	27.2	58
CBDDTY010005086.1	1	1000	1	201	20.1	0.201	29.6	60
CBDDTY010005087.1	1	1000	1	191	19.1	0.191	27.2	39
CBDDTY010005088.1	1	1000	2	218	21.8	0.323	22.4	7.5
CBDDTY010005090.1	1	1000	1	183	18.3	0.183	21.5	60
CBDDTY010005093.1	1	1000	2	167	16.7	0.204	24.3	1.5
CBDDTY010005095.1	1	1000	2	287	28.7	0.287	33.4	22
CBDDTY010005097.1	1	1000	3	406	40.6	0.827	32.2	1.33
CBDDTY010005098.1	1	1000	2	400	40	0.4	30	30.5
CBDDTY010005099.1	1	1000	3	488	48.8	0.877	25.7	20
CBDDTY010005101.1	1	1000	4	357	35.7	0.673	26.4	3.25
CBDDTY010005103.1	1	1000	2	299	29.9	0.379	30.3	0.5
CBDDTY010005105.1	1	1000	2	316	31.6	0.322	36.9	0
CBDDTY010005106.1	1	1000	4	344	34.4	0.723	28.2	23.2
CBDDTY010005108.1	1	1000	14	937	93.7	2.868	32	33.1
CBDDTY010005109.1	1	1000	3	488	48.8	0.773	26.2	60
CBDDTY010005110.1	1	1000	3	393	39.3	0.52	25.5	40.3
CBDDTY010005111.1	1	1000	3	586	58.6	0.738	28.6	35.7
CBDDTY010005112.1	1	1000	2	475	47.5	0.475	35.2	33
CBDDTY010005113.1	1	1000	8	685	68.5	2.422	28.6	14.6
CBDDTY010005115.1	1	1000	1	143	14.3	0.143	28.6	1
CBDDTY010005116.1	1	1000	11	656	65.6	2.631	29.9	13.6
CBDDTY010005117.1	1	1000	1	398	39.8	0.398	37.8	36
CBDDTY010005118.1	1	1000	5	903	90.3	1.199	34.3	51.8
CBDDTY010005121.1	1	1000	8	507	50.7	1.679	32.1	8.25
CBDDTY010005124.1	1	1000	4	611	61.1	0.663	32.8	29.5
CBDDTY010005125.1	1	1000	1	124	12.4	0.124	18.7	7
CBDDTY010005126.1	1	1000	2	200	20	0.289	35.8	12
CBDDTY010005127.1	1	1000	3	345	34.5	0.573	30.9	3.67
CBDDTY010005128.1	1	1000	3	404	40.4	0.677	29.3	2.67
CBDDTY010005129.1	1	1000	5	381	38.1	1.247	32.2	1.6
CBDDTY010005131.1	1	1000	1	139	13.9	0.139	26.7	1
CBDDTY010005132.1	1	1000	4	538	53.8	0.673	30.5	0
CBDDTY010005133.1	1	1000	3	387	38.7	0.543	30.1	35.3
CBDDTY010005134.1	1	1000	1	240	24	0.24	35	2
CBDDTY010005136.1	1	1000	4	605	60.5	0.898	33.5	3.25
CBDDTY010005137.1	1	1000	2	313	31.3	0.313	31.9	42
CBDDTY010005138.1	1	1000	3	631	63.1	0.738	31.7	0.667
CBDDTY010005139.1	1	1000	1	317	31.7	0.317	27.3	1
CBDDTY010005142.1	1	1000	2	470	47	0.511	31.5	37.5
CBDDTY010005143.1	1	1000	1	309	30.9	0.309	29.5	60
CBDDTY010005146.1	1	1000	3	459	45.9	0.641	30.1	40.3
CBDDTY010005147.1	1	1000	5	422	42.2	1.016	32	0.2
CBDDTY010005148.1	1	1000	6	496	49.6	0.899	28.9	6.5
CBDDTY010005150.1	1	1000	2	238	23.8	0.238	40.4	1
CBDDTY010005151.1	1	1000	17	592	59.2	3.067	31.2	19.6
CBDDTY010005153.1	1	1000	1	175	17.5	0.175	37.2	45
CBDDTY010005154.1	1	1000	1	147	14.7	0.147	35.9	0
CBDDTY010005156.1	1	1000	2	121	12.1	0.231	30.9	13
CBDDTY010005157.1	1	1000	5	803	80.3	0.979	28.6	40.4
CBDDTY010005158.1	1	1000	4	769	76.9	1.217	33	39
CBDDTY010005162.1	1	1000	6	720	72	1.634	33.8	11.2
CBDDTY010005164.1	1	1000	1	99	9.9	0.099	34.1	0
CBDDTY010005166.1	1	1000	2	442	44.2	0.621	31	60
CBDDTY010005167.1	1	600	1	161	26.8333	0.268333	28.7	60
CBDDTY010005168.1	1	1000	4	664	66.4	0.949	33	3.75
CBDDTY010005169.1	1	1000	1	145	14.5	0.145	31.6	8
CBDDTY010005170.1	1	1000	4	511	51.1	1.198	31.8	60
CBDDTY010005171.1	1	1000	3	449	44.9	0.625	28.7	0.667
CBDDTY010005172.1	1	1000	3	356	35.6	0.558	29.1	60
CBDDTY010005173.1	1	1000	1	201	20.1	0.201	28.7	60
CBDDTY010005174.1	1	1000	2	237	23.7	0.36	30.1	5.5
CBDDTY010005177.1	1	1000	3	517	51.7	0.706	28.3	16.3
CBDDTY010005181.1	1	1000	4	731	73.1	0.888	26.4	31.5
CBDDTY010005182.1	1	1000	1	117	11.7	0.117	37.5	0
CBDDTY010005183.1	1	1000	2	215	21.5	0.215	30.7	0.5
CBDDTY010005187.1	1	1000	2	386	38.6	0.542	34.9	60
CBDDTY010005188.1	1	1000	4	632	63.2	1.088	29.3	36.8
CBDDTY010005189.1	1	1000	2	296	29.6	0.296	30.6	30
CBDDTY010005191.1	1	1000	1	114	11.4	0.114	37.2	21
CBDDTY010005192.1	1	1000	5	800	80	1.117	27.8	52
CBDDTY010005193.1	1	1000	1	234	23.4	0.234	23.3	60
CBDDTY010005194.1	1	1000	3	315	31.5	0.728	28	51.3
CBDDTY010005195.1	1	1000	3	263	26.3	0.627	25	0.333
CBDDTY010005197.1	1	1000	1	234	23.4	0.234	31.2	60
CBDDTY010005198.1	1	1000	2	363	36.3	0.363	26.2	58
CBDDTY010005199.1	1	1000	1	292	29.2	0.292	30.9	47
CBDDTY010005200.1	1	1000	1	287	28.7	0.287	25	60
CBDDTY010005201.1	1	1000	7	565	56.5	1.094	27.7	18.9
CBDDTY010005203.1	1	1000	1	230	23	0.23	23.5	26
CBDDTY010005207.1	1	1000	3	518	51.8	0.779	31.4	31.7
CBDDTY010005208.1	1	1000	1	190	19	0.19	32.8	8
CBDDTY010005209.1	1	1000	2	440	44	0.44	29.3	13
CBDDTY010005211.1	1	1000	1	129	12.9	0.129	31.4	55
CBDDTY010005212.1	1	1000	8	402	40.2	1.354	31.3	20.2
CBDDTY010005213.1	1	1000	4	822	82.2	1.215	29.3	37
CBDDTY010005214.1	1	1000	1	113	11.3	0.113	38.9	11
CBDDTY010005215.1	1	1000	1	365	36.5	0.365	38.6	0
CBDDTY010005218.1	1	1000	2	384	38.4	0.397	29.2	30
CBDDTY010005219.1	1	1000	2	177	17.7	0.261	28.8	40.5
CBDDTY010005221.1	1	1000	4	672	67.2	0.92	29.8	42.8
CBDDTY010005223.1	1	1000	4	740	74	0.98	24.9	46.2
CBDDTY010005225.1	1	1000	4	457	45.7	0.736	28.4	22
CBDDTY010005226.1	1	1000	3	496	49.6	1.013	32.9	60
CBDDTY010005227.1	1	1000	1	108	10.8	0.108	22.4	3
CBDDTY010005228.1	1	1000	4	455	45.5	1.379	31.4	37.8
CBDDTY010005229.1	1	1000	2	369	36.9	0.369	30.1	30.5
CBDDTY010005230.1	1	1000	1	169	16.9	0.169	36.3	8
CBDDTY010005231.1	1	1000	1	193	19.3	0.193	35.6	60
CBDDTY010005232.1	1	1000	3	195	19.5	0.32	37.1	9.33
CBDDTY010005234.1	1	1000	3	411	41.1	0.961	30.1	60
CBDDTY010005235.1	1	1000	1	223	22.3	0.223	41	60
CBDDTY010005236.1	1	1000	2	212	21.2	0.367	34.7	15
CBDDTY010005238.1	1	1000	1	192	19.2	0.192	35.5	48
CBDDTY010005239.1	1	1000	4	569	56.9	0.904	27.3	22.5
CBDDTY010005241.1	1	1000	2	427	42.7	0.636	35.1	60
CBDDTY010005242.1	1	1000	4	346	34.6	0.591	33.8	20.8
CBDDTY010005243.1	1	1000	5	711	71.1	1.102	29.7	21
CBDDTY010005248.1	1	1000	1	115	11.5	0.115	34.4	1
CBDDTY010005251.1	1	1000	2	244	24.4	0.244	35.8	14
CBDDTY010005252.1	1	1000	3	328	32.8	0.519	30.5	1
CBDDTY010005253.1	1	1000	1	117	11.7	0.117	24.7	16
CBDDTY010005255.1	1	1000	3	312	31.2	0.435	34.1	43.3
CBDDTY010005260.1	1	1000	1	294	29.4	0.294	20	60
CBDDTY010005261.1	1	1000	5	594	59.4	1.073	29.7	26
CBDDTY010005262.1	1	1000	8	688	68.8	1.914	27.7	31.2
CBDDTY010005263.1	1	1000	6	569	56.9	1.145	31.3	26.3
CBDDTY010005264.1	1	1000	3	257	25.7	0.6	34.9	60
CBDDTY010005265.1	1	1000	6	467	46.7	1.452	33.8	2.5
CBDDTY010005266.1	1	1000	15	940	94	2.654	29.4	40.9
CBDDTY010005267.1	1	1000	8	675	67.5	1.365	28	1.75
CBDDTY010005268.1	1	1000	1	357	35.7	0.357	29.3	60
CBDDTY010005269.1	1	1000	1	184	18.4	0.184	29.1	54
CBDDTY010005270.1	1	1000	1	160	16	0.16	33	60
CBDDTY010005272.1	1	1000	3	648	64.8	0.653	30.7	47
CBDDTY010005273.1	1	1000	1	104	10.4	0.104	32.2	15
CBDDTY010005275.1	1	1000	1	208	20.8	0.208	27.6	60
CBDDTY010005276.1	1	1000	1	290	29	0.29	31	60
CBDDTY010005277.1	1	1000	7	709	70.9	1.969	27.7	2.14
CBDDTY010005278.1	1	1000	7	658	65.8	1.236	36.1	47.9
CBDDTY010005279.1	1	1000	3	875	87.5	1.262	30.6	53.7
CBDDTY010005280.1	1	1000	4	483	48.3	0.854	33.5	60
CBDDTY010005281.1	1	1000	3	432	43.2	1.021	36.1	25
CBDDTY010005285.1	1	1000	1	224	22.4	0.224	28.2	60
CBDDTY010005286.1	1	1000	3	787	78.7	0.828	34	51.7
CBDDTY010005287.1	1	1000	3	510	51	0.699	40	9
CBDDTY010005288.1	1	1000	3	766	76.6	1.368	30.8	60
CBDDTY010005291.1	1	1000	1	76	7.6	0.076	31.9	1
CBDDTY010005292.1	1	1000	2	278	27.8	0.278	29.5	0.5
CBDDTY010005294.1	1	1000	2	290	29	0.29	29.4	21
CBDDTY010005295.1	1	1000	1	257	25.7	0.257	37.2	60
CBDDTY010005297.1	1	1000	1	204	20.4	0.204	30	1
CBDDTY010005298.1	1	1000	13	891	89.1	2.774	28	33.6
CBDDTY010005299.1	1	1000	5	506	50.6	0.844	27.9	3.2
CBDDTY010005300.1	1	1000	1	135	13.5	0.135	31.5	60
CBDDTY010005301.1	1	1000	1	329	32.9	0.329	28.8	60
CBDDTY010005303.1	1	1000	3	797	79.7	1.159	28	60
CBDDTY010005305.1	1	1000	1	148	14.8	0.148	39	13
CBDDTY010005309.1	1	1000	3	222	22.2	0.405	29.4	1
CBDDTY010005310.1	1	1000	3	411	41.1	0.791	27.7	50
CBDDTY010005312.1	1	1000	3	378	37.8	0.936	32.1	60
CBDDTY010005313.1	1	1000	1	236	23.6	0.236	22.4	60
CBDDTY010005314.1	1	1000	1	213	21.3	0.213	25.4	1
CBDDTY010005316.1	1	1000	5	499	49.9	0.674	31.3	53.6
CBDDTY010005318.1	1	1000	38	1000	100	7.917	29.9	43
CBDDTY010005319.1	1	1000	1	161	16.1	0.161	35.3	0
CBDDTY010005320.1	1	1000	2	260	26	0.26	29.3	5
CBDDTY010005321.1	1	1000	4	671	67.1	0.781	32.7	49.5
CBDDTY010005326.1	1	1000	1	306	30.6	0.306	28.7	60
CBDDTY010005327.1	1	1000	5	542	54.2	0.848	33	46.4
CBDDTY010005329.1	1	1000	3	448	44.8	0.865	29.1	59.3
CBDDTY010005331.1	1	1000	1	532	53.2	0.532	37.3	60
CBDDTY010005332.1	1	1000	2	276	27.6	0.378	21.9	30
CBDDTY010005333.1	1	1000	6	690	69	1.577	31.6	32.8
CBDDTY010005334.1	1	1000	2	176	17.6	0.199	36.2	0
CBDDTY010005336.1	1	1000	5	496	49.6	0.729	31.3	32.8
CBDDTY010005339.1	1	1000	1	133	13.3	0.133	22.5	6
CBDDTY010005341.1	1	1000	2	310	31	0.31	30.5	35.5
CBDDTY010005342.1	1	1000	4	494	49.4	0.802	27.2	45.2
CBDDTY010005343.1	1	1000	7	811	81.1	1.583	26.8	20
CBDDTY010005344.1	1	1000	4	640	64	0.787	31.7	16.5
CBDDTY010005345.1	1	1000	16	647	64.7	3.431	29.2	13.9
CBDDTY010005346.1	1	1000	2	465	46.5	0.465	27.9	40.5
CBDDTY010005347.1	1	1000	1	125	12.5	0.125	25.5	1
CBDDTY010005348.1	1	1000	5	751	75.1	1.311	26.5	53
CBDDTY010005349.1	1	1000	2	243	24.3	0.243	30.1	1
CBDDTY010005350.1	1	1000	2	317	31.7	0.317	28.7	1
CBDDTY010005352.1	1	1000	2	282	28.2	0.441	34.4	1
CBDDTY010005353.1	1	1000	2	228	22.8	0.229	34.1	17
CBDDTY010005354.1	1	815	1	187	22.9448	0.229448	27	60
CBDDTY010005355.1	1	1000	2	356	35.6	0.356	31	21.5
CBDDTY010005356.1	1	1000	2	222	22.2	0.308	34.2	14
CBDDTY010005357.1	1	1000	4	452	45.2	0.909	28.1	3.5
CBDDTY010005358.1	1	1000	6	854	85.4	1.559	30.5	35
CBDDTY010005359.1	1	1000	5	579	57.9	0.953	28.7	4
CBDDTY010005360.1	1	1000	1	291	29.1	0.291	22.3	24
CBDDTY010005361.1	1	1000	5	474	47.4	1.023	29.8	2.8
CBDDTY010005362.1	1	1000	3	560	56	0.752	29.8	14.7
CBDDTY010005363.1	1	1000	2	435	43.5	0.435	27.6	60
CBDDTY010005364.1	1	1000	2	276	27.6	0.513	36.1	17
CBDDTY010005365.1	1	1000	6	674	67.4	1.078	31.2	18
CBDDTY010005366.1	1	1000	2	322	32.2	0.322	28.1	41
CBDDTY010005369.1	1	1000	4	632	63.2	1.224	32.3	28.8
CBDDTY010005370.1	1	1000	1	149	14.9	0.149	32.7	1
CBDDTY010005371.1	1	1000	2	580	58	0.58	31.9	1
CBDDTY010005372.1	1	1000	1	249	24.9	0.249	40.7	44
CBDDTY010005374.1	1	1000	1	245	24.5	0.245	26.8	1
CBDDTY010005375.1	1	1000	1	139	13.9	0.139	19.3	1
CBDDTY010005376.1	1	1000	5	552	55.2	1.06	32.4	34.8
CBDDTY010005377.1	1	1000	3	518	51.8	0.652	32.1	12
CBDDTY010005378.1	1	1000	1	288	28.8	0.288	26.8	7
CBDDTY010005379.1	1	1000	1	121	12.1	0.121	28.3	5
CBDDTY010005381.1	1	1000	1	107	10.7	0.107	23.7	0
CBDDTY010005382.1	1	1000	6	974	97.4	1.6	27.7	44.8
CBDDTY010005384.1	1	1000	3	700	70	0.952	27.8	11.7
CBDDTY010005385.1	1	1000	20	1000	100	4.926	30.3	36.2
CBDDTY010005387.1	1	1000	1	128	12.8	0.128	24.5	11
CBDDTY010005389.1	1	1000	6	378	37.8	1.27	34.2	0.667
CBDDTY010005390.1	1	1000	3	671	67.1	0.989	30.9	30.3
CBDDTY010005391.1	1	1000	4	628	62.8	1.018	29	0.25
CBDDTY010005392.1	1	1000	1	120	12	0.12	38.5	20
CBDDTY010005393.1	1	1000	5	333	33.3	0.735	29.1	7.8
CBDDTY010005394.1	1	1000	3	419	41.9	0.419	31	58.7
CBDDTY010005400.1	1	1000	11	749	74.9	3.24	30.5	21.9
CBDDTY010005402.1	1	1000	2	190	19	0.318	21.1	0
CBDDTY010005404.1	1	1000	2	454	45.4	0.454	30	1
CBDDTY010005405.1	1	1000	3	451	45.1	0.484	32.7	7.33
CBDDTY010005408.1	1	1000	1	285	28.5	0.285	33.8	60
CBDDTY010005409.1	1	1000	2	330	33	0.33	22.9	2.5
CBDDTY010005411.1	1	1000	5	729	72.9	0.979	31.8	45.4
CBDDTY010005415.1	1	1000	4	644	64.4	0.971	33.9	57.5
CBDDTY010005416.1	1	1000	2	518	51.8	0.518	30	47.5
CBDDTY010005417.1	1	1000	1	354	35.4	0.354	25	0
CBDDTY010005418.1	1	1000	3	591	59.1	0.6	33.5	37
CBDDTY010005419.1	1	1000	13	949	94.9	4.087	31.7	18.5
CBDDTY010005420.1	1	1000	1	129	12.9	0.129	33.3	10
CBDDTY010005422.1	1	1000	3	499	49.9	0.598	31.5	31
CBDDTY010005423.1	1	1000	1	191	19.1	0.191	28.7	1
CBDDTY010005425.1	1	1000	2	357	35.7	0.357	33.4	31
CBDDTY010005426.1	1	1000	13	728	72.8	2.796	29.4	51.5
CBDDTY010005427.1	1	1000	3	411	41.1	0.688	37.6	40.7
CBDDTY010005428.1	1	1000	1	70	7	0.07	36.5	13
CBDDTY010005432.1	1	1000	1	135	13.5	0.135	33.7	15
CBDDTY010005433.1	1	1000	1	291	29.1	0.291	26.7	60
CBDDTY010005435.1	1	1000	2	385	38.5	0.39	35.9	30
CBDDTY010005436.1	1	1000	1	168	16.8	0.168	33	1
CBDDTY010005437.1	1	1000	9	657	65.7	1.459	30	2.33
CBDDTY010005440.1	1	1000	1	158	15.8	0.158	27.3	15
CBDDTY010005441.1	1	1000	2	416	41.6	0.537	26.9	2.5
CBDDTY010005442.1	1	1000	2	314	31.4	0.405	26.5	60
CBDDTY010005443.1	1	1000	4	470	47	0.575	30.2	27.2
CBDDTY010005444.1	1	1000	1	63	6.3	0.063	34.7	1
CBDDTY010005445.1	1	1000	9	713	71.3	2.075	32.1	6.89
CBDDTY010005448.1	1	1000	3	504	50.4	0.569	27.5	0.333
CBDDTY010005449.1	1	1000	1	80	8	0.08	29.9	0
CBDDTY010005450.1	1	1000	2	521	52.1	0.559	33.6	51.5
CBDDTY010005451.1	1	1000	3	461	46.1	0.693	31	47.3
CBDDTY010005453.1	1	1000	3	525	52.5	0.602	28.3	35
CBDDTY010005454.1	1	1000	5	596	59.6	0.917	26.4	38.2
CBDDTY010005456.1	1	1000	3	248	24.8	0.36	30.5	30.3
CBDDTY010005457.1	1	1000	1	137	13.7	0.137	34.8	9
CBDDTY010005458.1	1	1000	2	608	60.8	0.608	38	60
CBDDTY010005459.1	1	1000	1	412	41.2	0.412	36.3	60
CBDDTY010005460.1	1	1000	4	291	29.1	0.625	27.9	39
CBDDTY010005461.1	1	1000	2	217	21.7	0.368	39	54.5
CBDDTY010005462.1	1	1000	1	214	21.4	0.214	29	36
CBDDTY010005463.1	1	1000	1	92	9.2	0.092	34.5	1
CBDDTY010005464.1	1	1000	1	229	22.9	0.229	34.5	52
CBDDTY010005465.1	1	1000	1	98	9.8	0.098	37.9	1
CBDDTY010005468.1	1	1000	2	254	25.4	0.379	33.1	0.5
CBDDTY010005471.1	1	1000	5	771	77.1	1.234	32.9	35.4
CBDDTY010005472.1	1	1000	11	542	54.2	2.462	29.7	1
CBDDTY010005474.1	1	1000	1	154	15.4	0.154	31.5	47
CBDDTY010005475.1	1	1000	4	714	71.4	0.714	34.1	18.2
CBDDTY010005476.1	1	1000	21	964	96.4	4.325	30.8	46.6
CBDDTY010005477.1	1	1000	10	889	88.9	2.193	31	20.5
CBDDTY010005478.1	1	1000	3	314	31.4	0.456	26.7	40
CBDDTY010005479.1	1	1000	6	764	76.4	1.131	30.2	42.2
CBDDTY010005480.1	1	1000	2	381	38.1	0.381	30.7	24.5
CBDDTY010005481.1	1	1000	2	168	16.8	0.276	28	43
CBDDTY010005484.1	1	1000	1	99	9.9	0.099	34.2	18
CBDDTY010005488.1	1	1000	6	656	65.6	1.426	30.5	56.7
CBDDTY010005491.1	1	1000	6	373	37.3	0.811	32.2	44.8
CBDDTY010005492.1	1	1000	4	226	22.6	0.538	26.9	26.2
CBDDTY010005493.1	1	1000	1	128	12.8	0.128	19.9	0
CBDDTY010005494.1	1	1000	2	567	56.7	0.567	34.6	60
CBDDTY010005495.1	1	1000	3	503	50.3	1.078	26.9	60
CBDDTY010005496.1	1	1000	4	409	40.9	0.916	32.5	60
CBDDTY010005498.1	1	1000	1	155	15.5	0.155	39.5	1
CBDDTY010005499.1	1	1000	2	205	20.5	0.294	35.7	10.5
CBDDTY010005500.1	1	1000	3	631	63.1	0.815	28.3	20.3
CBDDTY010005501.1	1	1000	2	509	50.9	0.509	31	31
CBDDTY010005502.1	1	1000	2	381	38.1	0.381	38.7	22
CBDDTY010005503.1	1	1000	2	259	25.9	0.259	34	0
CBDDTY010005505.1	1	1000	1	215	21.5	0.215	24	1
CBDDTY010005506.1	1	1000	1	107	10.7	0.107	25.6	1
CBDDTY010005509.1	1	1000	3	308	30.8	0.39	26	43.3
CBDDTY010005510.1	1	1000	1	165	16.5	0.165	35.5	60
CBDDTY010005511.1	1	1000	2	165	16.5	0.315	34.8	40.5
CBDDTY010005512.1	1	1000	1	313	31.3	0.313	32.9	1
CBDDTY010005514.1	1	1000	7	521	52.1	0.905	31.8	24.6
CBDDTY010005515.1	1	1000	2	421	42.1	0.421	36.1	11.5
CBDDTY010005517.1	1	1000	3	274	27.4	0.512	29	18.3
CBDDTY010005518.1	1	1000	1	172	17.2	0.172	40.8	32
CBDDTY010005519.1	1	1000	1	69	6.9	0.069	41.3	9
CBDDTY010005520.1	1	1000	2	412	41.2	0.526	34.2	46.5
CBDDTY010005521.1	1	1000	1	317	31.7	0.317	32.6	11
CBDDTY010005522.1	1	1000	1	240	24	0.24	31.1	32
CBDDTY010005524.1	1	1000	3	513	51.3	0.513	28.5	33
CBDDTY010005525.1	1	1000	1	281	28.1	0.281	29.8	60
CBDDTY010005526.1	1	1000	1	139	13.9	0.139	26.1	60
CBDDTY010005529.1	1	1000	2	318	31.8	0.479	37.4	60
CBDDTY010005531.1	1	1000	2	134	13.4	0.24	31.6	1
CBDDTY010005532.1	1	1000	3	428	42.8	0.55	32.9	24.7
CBDDTY010005533.1	1	1000	1	73	7.3	0.073	25.9	1
CBDDTY010005534.1	1	1000	2	261	26.1	0.37	24.4	1
CBDDTY010005536.1	1	1000	3	415	41.5	0.743	35.7	40.3
CBDDTY010005539.1	1	1000	1	120	12	0.12	29.8	6
CBDDTY010005540.1	1	1000	1	201	20.1	0.201	29.4	60
CBDDTY010005541.1	1	1000	4	243	24.3	0.683	30.3	0.25
CBDDTY010005543.1	1	1000	3	432	43.2	0.631	29.3	44.7
CBDDTY010005544.1	1	1000	4	593	59.3	0.663	33.2	37
CBDDTY010005545.1	1	1000	1	170	17	0.17	25.8	1
CBDDTY010005546.1	1	1000	1	231	23.1	0.231	33.9	60
CBDDTY010005548.1	1	1000	10	947	94.7	2.398	31.4	37
CBDDTY010005549.1	1	1000	2	462	46.2	0.462	24.1	60
CBDDTY010005550.1	1	1000	3	454	45.4	0.804	30.7	42
CBDDTY010005551.1	1	1000	2	411	41.1	0.606	28.4	30.5
CBDDTY010005553.1	1	1000	2	114	11.4	0.213	32.3	39.5
CBDDTY010005554.1	1	1000	1	74	7.4	0.074	28.6	1
CBDDTY010005555.1	1	1000	3	405	40.5	0.463	29.3	24.7
CBDDTY010005557.1	1	1000	4	561	56.1	0.852	33.7	46.5
CBDDTY010005558.1	1	1000	1	165	16.5	0.165	27.8	1
CBDDTY010005559.1	1	1000	3	593	59.3	0.716	29.4	34.7
CBDDTY010005561.1	1	1000	3	426	42.6	0.603	34	48
CBDDTY010005563.1	1	1000	1	194	19.4	0.194	29.7	1
CBDDTY010005564.1	1	1000	3	522	52.2	0.716	34.2	59
CBDDTY010005565.1	1	1000	1	68	6.8	0.068	36.5	1
OZ247669.1	1	18777	3760	18777	100	50.9761	29.8	54.5
CBDDTY010000017.1	1	800	0	0	0	0	0	0
CBDDTY010000021.1	1	514	0	0	0	0	0	0
CBDDTY010000024.1	1	1667	0	0	0	0	0	0
CBDDTY010000069.1	1	219	0	0	0	0	0	0
CBDDTY010000083.1	1	103000	0	0	0	0	0	0
CBDDTY010000157.1	1	61000	0	0	0	0	0	0
CBDDTY010000173.1	1	52000	0	0	0	0	0	0
CBDDTY010000932.1	1	32000	0	0	0	0	0	0
CBDDTY010001325.1	1	28786	0	0	0	0	0	0
CBDDTY010001726.1	1	25564	0	0	0	0	0	0
CBDDTY010001817.1	1	24959	0	0	0	0	0	0
CBDDTY010001910.1	1	24000	0	0	0	0	0	0
CBDDTY010002047.1	1	23000	0	0	0	0	0	0
CBDDTY010002196.1	1	22000	0	0	0	0	0	0
CBDDTY010002205.1	1	22000	0	0	0	0	0	0
CBDDTY010002278.1	1	21359	0	0	0	0	0	0
CBDDTY010002322.1	1	21000	0	0	0	0	0	0
CBDDTY010002457.1	1	19600	0	0	0	0	0	0
CBDDTY010002601.1	1	19000	0	0	0	0	0	0
CBDDTY010002609.1	1	19000	0	0	0	0	0	0
CBDDTY010002623.1	1	19000	0	0	0	0	0	0
CBDDTY010002642.1	1	18752	0	0	0	0	0	0
CBDDTY010002673.1	1	18426	0	0	0	0	0	0
CBDDTY010002698.1	1	18157	0	0	0	0	0	0
CBDDTY010002730.1	1	18000	0	0	0	0	0	0
CBDDTY010002840.1	1	17000	0	0	0	0	0	0
CBDDTY010002969.1	1	16000	0	0	0	0	0	0
CBDDTY010003038.1	1	15524	0	0	0	0	0	0
CBDDTY010003062.1	1	15357	0	0	0	0	0	0
CBDDTY010003117.1	1	15000	0	0	0	0	0	0
CBDDTY010003329.1	1	13000	0	0	0	0	0	0
CBDDTY010003331.1	1	13000	0	0	0	0	0	0
CBDDTY010003487.1	1	10881	0	0	0	0	0	0
CBDDTY010003510.1	1	9000	0	0	0	0	0	0
CBDDTY010003590.1	1	7000	0	0	0	0	0	0
CBDDTY010003609.1	1	6000	0	0	0	0	0	0
CBDDTY010003624.1	1	6000	0	0	0	0	0	0
CBDDTY010003644.1	1	6000	0	0	0	0	0	0
CBDDTY010003655.1	1	6000	0	0	0	0	0	0
CBDDTY010003676.1	1	5000	0	0	0	0	0	0
CBDDTY010003707.1	1	5000	0	0	0	0	0	0
CBDDTY010003727.1	1	5000	0	0	0	0	0	0
CBDDTY010003743.1	1	4000	0	0	0	0	0	0
CBDDTY010003744.1	1	4000	0	0	0	0	0	0
CBDDTY010003806.1	1	4000	0	0	0	0	0	0
CBDDTY010003809.1	1	4000	0	0	0	0	0	0
CBDDTY010003882.1	1	3000	0	0	0	0	0	0
CBDDTY010003899.1	1	3000	0	0	0	0	0	0
CBDDTY010003915.1	1	3000	0	0	0	0	0	0
CBDDTY010003930.1	1	3000	0	0	0	0	0	0
CBDDTY010003931.1	1	3000	0	0	0	0	0	0
CBDDTY010003956.1	1	3000	0	0	0	0	0	0
CBDDTY010003957.1	1	3000	0	0	0	0	0	0
CBDDTY010003996.1	1	3000	0	0	0	0	0	0
CBDDTY010004005.1	1	3000	0	0	0	0	0	0
CBDDTY010004012.1	1	3000	0	0	0	0	0	0
CBDDTY010004022.1	1	3000	0	0	0	0	0	0
CBDDTY010004055.1	1	3000	0	0	0	0	0	0
CBDDTY010004058.1	1	3000	0	0	0	0	0	0
CBDDTY010004121.1	1	2000	0	0	0	0	0	0
CBDDTY010004137.1	1	2000	0	0	0	0	0	0
CBDDTY010004138.1	1	2000	0	0	0	0	0	0
CBDDTY010004152.1	1	2000	0	0	0	0	0	0
CBDDTY010004170.1	1	2000	0	0	0	0	0	0
CBDDTY010004174.1	1	2000	0	0	0	0	0	0
CBDDTY010004185.1	1	2000	0	0	0	0	0	0
CBDDTY010004187.1	1	2000	0	0	0	0	0	0
CBDDTY010004188.1	1	2000	0	0	0	0	0	0
CBDDTY010004194.1	1	2000	0	0	0	0	0	0
CBDDTY010004199.1	1	2000	0	0	0	0	0	0
CBDDTY010004205.1	1	2000	0	0	0	0	0	0
CBDDTY010004211.1	1	2000	0	0	0	0	0	0
CBDDTY010004214.1	1	2000	0	0	0	0	0	0
CBDDTY010004216.1	1	2000	0	0	0	0	0	0
CBDDTY010004219.1	1	2000	0	0	0	0	0	0
CBDDTY010004222.1	1	2000	0	0	0	0	0	0
CBDDTY010004238.1	1	2000	0	0	0	0	0	0
CBDDTY010004240.1	1	2000	0	0	0	0	0	0
CBDDTY010004252.1	1	2000	0	0	0	0	0	0
CBDDTY010004261.1	1	2000	0	0	0	0	0	0
CBDDTY010004268.1	1	2000	0	0	0	0	0	0
CBDDTY010004279.1	1	2000	0	0	0	0	0	0
CBDDTY010004282.1	1	2000	0	0	0	0	0	0
CBDDTY010004284.1	1	2000	0	0	0	0	0	0
CBDDTY010004292.1	1	2000	0	0	0	0	0	0
CBDDTY010004295.1	1	2000	0	0	0	0	0	0
CBDDTY010004296.1	1	2000	0	0	0	0	0	0
CBDDTY010004299.1	1	2000	0	0	0	0	0	0
CBDDTY010004300.1	1	2000	0	0	0	0	0	0
CBDDTY010004308.1	1	2000	0	0	0	0	0	0
CBDDTY010004319.1	1	2000	0	0	0	0	0	0
CBDDTY010004321.1	1	2000	0	0	0	0	0	0
CBDDTY010004341.1	1	2000	0	0	0	0	0	0
CBDDTY010004347.1	1	2000	0	0	0	0	0	0
CBDDTY010004355.1	1	2000	0	0	0	0	0	0
CBDDTY010004362.1	1	2000	0	0	0	0	0	0
CBDDTY010004370.1	1	2000	0	0	0	0	0	0
CBDDTY010004379.1	1	2000	0	0	0	0	0	0
CBDDTY010004381.1	1	2000	0	0	0	0	0	0
CBDDTY010004384.1	1	2000	0	0	0	0	0	0
CBDDTY010004386.1	1	2000	0	0	0	0	0	0
CBDDTY010004398.1	1	2000	0	0	0	0	0	0
CBDDTY010004399.1	1	2000	0	0	0	0	0	0
CBDDTY010004416.1	1	2000	0	0	0	0	0	0
CBDDTY010004419.1	1	2000	0	0	0	0	0	0
CBDDTY010004421.1	1	2000	0	0	0	0	0	0
CBDDTY010004430.1	1	2000	0	0	0	0	0	0
CBDDTY010004450.1	1	2000	0	0	0	0	0	0
CBDDTY010004458.1	1	2000	0	0	0	0	0	0
CBDDTY010004463.1	1	2000	0	0	0	0	0	0
CBDDTY010004464.1	1	2000	0	0	0	0	0	0
CBDDTY010004471.1	1	2000	0	0	0	0	0	0
CBDDTY010004478.1	1	2000	0	0	0	0	0	0
CBDDTY010004484.1	1	2000	0	0	0	0	0	0
CBDDTY010004490.1	1	2000	0	0	0	0	0	0
CBDDTY010004491.1	1	2000	0	0	0	0	0	0
CBDDTY010004498.1	1	2000	0	0	0	0	0	0
CBDDTY010004515.1	1	2000	0	0	0	0	0	0
CBDDTY010004522.1	1	2000	0	0	0	0	0	0
CBDDTY010004536.1	1	2000	0	0	0	0	0	0
CBDDTY010004542.1	1	2000	0	0	0	0	0	0
CBDDTY010004565.1	1	2000	0	0	0	0	0	0
CBDDTY010004582.1	1	2000	0	0	0	0	0	0
CBDDTY010004587.1	1	2000	0	0	0	0	0	0
CBDDTY010004591.1	1	2000	0	0	0	0	0	0
CBDDTY010004604.1	1	1000	0	0	0	0	0	0
CBDDTY010004607.1	1	1000	0	0	0	0	0	0
CBDDTY010004610.1	1	1000	0	0	0	0	0	0
CBDDTY010004614.1	1	1000	0	0	0	0	0	0
CBDDTY010004620.1	1	1000	0	0	0	0	0	0
CBDDTY010004622.1	1	1000	0	0	0	0	0	0
CBDDTY010004623.1	1	1000	0	0	0	0	0	0
CBDDTY010004630.1	1	1000	0	0	0	0	0	0
CBDDTY010004633.1	1	1000	0	0	0	0	0	0
CBDDTY010004634.1	1	1000	0	0	0	0	0	0
CBDDTY010004637.1	1	1000	0	0	0	0	0	0
CBDDTY010004654.1	1	1000	0	0	0	0	0	0
CBDDTY010004661.1	1	1000	0	0	0	0	0	0
CBDDTY010004673.1	1	1000	0	0	0	0	0	0
CBDDTY010004675.1	1	1000	0	0	0	0	0	0
CBDDTY010004678.1	1	1000	0	0	0	0	0	0
CBDDTY010004683.1	1	1000	0	0	0	0	0	0
CBDDTY010004684.1	1	1000	0	0	0	0	0	0
CBDDTY010004687.1	1	1000	0	0	0	0	0	0
CBDDTY010004692.1	1	1000	0	0	0	0	0	0
CBDDTY010004694.1	1	1000	0	0	0	0	0	0
CBDDTY010004706.1	1	1000	0	0	0	0	0	0
CBDDTY010004710.1	1	1000	0	0	0	0	0	0
CBDDTY010004715.1	1	1000	0	0	0	0	0	0
CBDDTY010004717.1	1	1000	0	0	0	0	0	0
CBDDTY010004727.1	1	1000	0	0	0	0	0	0
CBDDTY010004731.1	1	1000	0	0	0	0	0	0
CBDDTY010004733.1	1	1000	0	0	0	0	0	0
CBDDTY010004735.1	1	1000	0	0	0	0	0	0
CBDDTY010004736.1	1	1000	0	0	0	0	0	0
CBDDTY010004739.1	1	1000	0	0	0	0	0	0
CBDDTY010004742.1	1	1000	0	0	0	0	0	0
CBDDTY010004748.1	1	1000	0	0	0	0	0	0
CBDDTY010004751.1	1	1000	0	0	0	0	0	0
CBDDTY010004759.1	1	1000	0	0	0	0	0	0
CBDDTY010004762.1	1	1000	0	0	0	0	0	0
CBDDTY010004768.1	1	1000	0	0	0	0	0	0
CBDDTY010004769.1	1	1000	0	0	0	0	0	0
CBDDTY010004771.1	1	1000	0	0	0	0	0	0
CBDDTY010004772.1	1	1000	0	0	0	0	0	0
CBDDTY010004773.1	1	1000	0	0	0	0	0	0
CBDDTY010004776.1	1	1000	0	0	0	0	0	0
CBDDTY010004780.1	1	1000	0	0	0	0	0	0
CBDDTY010004781.1	1	1000	0	0	0	0	0	0
CBDDTY010004782.1	1	1000	0	0	0	0	0	0
CBDDTY010004787.1	1	1000	0	0	0	0	0	0
CBDDTY010004788.1	1	1000	0	0	0	0	0	0
CBDDTY010004789.1	1	1000	0	0	0	0	0	0
CBDDTY010004791.1	1	1000	0	0	0	0	0	0
CBDDTY010004796.1	1	1000	0	0	0	0	0	0
CBDDTY010004799.1	1	1000	0	0	0	0	0	0
CBDDTY010004800.1	1	1000	0	0	0	0	0	0
CBDDTY010004802.1	1	1000	0	0	0	0	0	0
CBDDTY010004803.1	1	1000	0	0	0	0	0	0
CBDDTY010004806.1	1	1000	0	0	0	0	0	0
CBDDTY010004807.1	1	1000	0	0	0	0	0	0
CBDDTY010004813.1	1	1000	0	0	0	0	0	0
CBDDTY010004816.1	1	1000	0	0	0	0	0	0
CBDDTY010004817.1	1	1000	0	0	0	0	0	0
CBDDTY010004828.1	1	1000	0	0	0	0	0	0
CBDDTY010004831.1	1	1000	0	0	0	0	0	0
CBDDTY010004836.1	1	1000	0	0	0	0	0	0
CBDDTY010004837.1	1	1000	0	0	0	0	0	0
CBDDTY010004845.1	1	1000	0	0	0	0	0	0
CBDDTY010004846.1	1	1000	0	0	0	0	0	0
CBDDTY010004849.1	1	1000	0	0	0	0	0	0
CBDDTY010004852.1	1	1000	0	0	0	0	0	0
CBDDTY010004853.1	1	1000	0	0	0	0	0	0
CBDDTY010004855.1	1	1000	0	0	0	0	0	0
CBDDTY010004856.1	1	1000	0	0	0	0	0	0
CBDDTY010004857.1	1	1000	0	0	0	0	0	0
CBDDTY010004858.1	1	1000	0	0	0	0	0	0
CBDDTY010004860.1	1	1000	0	0	0	0	0	0
CBDDTY010004861.1	1	1000	0	0	0	0	0	0
CBDDTY010004862.1	1	1000	0	0	0	0	0	0
CBDDTY010004869.1	1	1000	0	0	0	0	0	0
CBDDTY010004870.1	1	1000	0	0	0	0	0	0
CBDDTY010004871.1	1	1000	0	0	0	0	0	0
CBDDTY010004872.1	1	1000	0	0	0	0	0	0
CBDDTY010004880.1	1	1000	0	0	0	0	0	0
CBDDTY010004885.1	1	1000	0	0	0	0	0	0
CBDDTY010004890.1	1	1000	0	0	0	0	0	0
CBDDTY010004892.1	1	1000	0	0	0	0	0	0
CBDDTY010004895.1	1	1000	0	0	0	0	0	0
CBDDTY010004905.1	1	1000	0	0	0	0	0	0
CBDDTY010004908.1	1	1000	0	0	0	0	0	0
CBDDTY010004909.1	1	1000	0	0	0	0	0	0
CBDDTY010004912.1	1	1000	0	0	0	0	0	0
CBDDTY010004913.1	1	1000	0	0	0	0	0	0
CBDDTY010004914.1	1	1000	0	0	0	0	0	0
CBDDTY010004918.1	1	1000	0	0	0	0	0	0
CBDDTY010004919.1	1	1000	0	0	0	0	0	0
CBDDTY010004920.1	1	1000	0	0	0	0	0	0
CBDDTY010004924.1	1	1000	0	0	0	0	0	0
CBDDTY010004925.1	1	1000	0	0	0	0	0	0
CBDDTY010004935.1	1	1000	0	0	0	0	0	0
CBDDTY010004938.1	1	1000	0	0	0	0	0	0
CBDDTY010004946.1	1	1000	0	0	0	0	0	0
CBDDTY010004951.1	1	1000	0	0	0	0	0	0
CBDDTY010004954.1	1	1000	0	0	0	0	0	0
CBDDTY010004956.1	1	1000	0	0	0	0	0	0
CBDDTY010004958.1	1	1000	0	0	0	0	0	0
CBDDTY010004959.1	1	1000	0	0	0	0	0	0
CBDDTY010004961.1	1	1000	0	0	0	0	0	0
CBDDTY010004964.1	1	1000	0	0	0	0	0	0
CBDDTY010004977.1	1	1000	0	0	0	0	0	0
CBDDTY010004987.1	1	1000	0	0	0	0	0	0
CBDDTY010004988.1	1	1000	0	0	0	0	0	0
CBDDTY010004991.1	1	1000	0	0	0	0	0	0
CBDDTY010004992.1	1	1000	0	0	0	0	0	0
CBDDTY010004994.1	1	1000	0	0	0	0	0	0
CBDDTY010004998.1	1	1000	0	0	0	0	0	0
CBDDTY010005009.1	1	1000	0	0	0	0	0	0
CBDDTY010005010.1	1	1000	0	0	0	0	0	0
CBDDTY010005011.1	1	1000	0	0	0	0	0	0
CBDDTY010005014.1	1	1000	0	0	0	0	0	0
CBDDTY010005015.1	1	1000	0	0	0	0	0	0
CBDDTY010005016.1	1	1000	0	0	0	0	0	0
CBDDTY010005018.1	1	1000	0	0	0	0	0	0
CBDDTY010005024.1	1	1000	0	0	0	0	0	0
CBDDTY010005028.1	1	1000	0	0	0	0	0	0
CBDDTY010005030.1	1	1000	0	0	0	0	0	0
CBDDTY010005034.1	1	1000	0	0	0	0	0	0
CBDDTY010005040.1	1	1000	0	0	0	0	0	0
CBDDTY010005042.1	1	1000	0	0	0	0	0	0
CBDDTY010005044.1	1	1000	0	0	0	0	0	0
CBDDTY010005052.1	1	1000	0	0	0	0	0	0
CBDDTY010005053.1	1	1000	0	0	0	0	0	0
CBDDTY010005055.1	1	1000	0	0	0	0	0	0
CBDDTY010005057.1	1	1000	0	0	0	0	0	0
CBDDTY010005059.1	1	1000	0	0	0	0	0	0
CBDDTY010005062.1	1	1000	0	0	0	0	0	0
CBDDTY010005064.1	1	1000	0	0	0	0	0	0
CBDDTY010005068.1	1	1000	0	0	0	0	0	0
CBDDTY010005077.1	1	1000	0	0	0	0	0	0
CBDDTY010005079.1	1	1000	0	0	0	0	0	0
CBDDTY010005084.1	1	1000	0	0	0	0	0	0
CBDDTY010005089.1	1	1000	0	0	0	0	0	0
CBDDTY010005091.1	1	1000	0	0	0	0	0	0
CBDDTY010005092.1	1	1000	0	0	0	0	0	0
CBDDTY010005094.1	1	1000	0	0	0	0	0	0
CBDDTY010005096.1	1	1000	0	0	0	0	0	0
CBDDTY010005100.1	1	1000	0	0	0	0	0	0
CBDDTY010005102.1	1	1000	0	0	0	0	0	0
CBDDTY010005104.1	1	1000	0	0	0	0	0	0
CBDDTY010005107.1	1	1000	0	0	0	0	0	0
CBDDTY010005114.1	1	1000	0	0	0	0	0	0
CBDDTY010005119.1	1	1000	0	0	0	0	0	0
CBDDTY010005120.1	1	1000	0	0	0	0	0	0
CBDDTY010005122.1	1	1000	0	0	0	0	0	0
CBDDTY010005123.1	1	1000	0	0	0	0	0	0
CBDDTY010005130.1	1	1000	0	0	0	0	0	0
CBDDTY010005135.1	1	1000	0	0	0	0	0	0
CBDDTY010005140.1	1	1000	0	0	0	0	0	0
CBDDTY010005141.1	1	1000	0	0	0	0	0	0
CBDDTY010005144.1	1	1000	0	0	0	0	0	0
CBDDTY010005145.1	1	1000	0	0	0	0	0	0
CBDDTY010005149.1	1	1000	0	0	0	0	0	0
CBDDTY010005152.1	1	1000	0	0	0	0	0	0
CBDDTY010005155.1	1	1000	0	0	0	0	0	0
CBDDTY010005159.1	1	1000	0	0	0	0	0	0
CBDDTY010005160.1	1	1000	0	0	0	0	0	0
CBDDTY010005161.1	1	1000	0	0	0	0	0	0
CBDDTY010005163.1	1	1000	0	0	0	0	0	0
CBDDTY010005165.1	1	1000	0	0	0	0	0	0
CBDDTY010005175.1	1	1000	0	0	0	0	0	0
CBDDTY010005176.1	1	1000	0	0	0	0	0	0
CBDDTY010005178.1	1	1000	0	0	0	0	0	0
CBDDTY010005179.1	1	1000	0	0	0	0	0	0
CBDDTY010005180.1	1	1000	0	0	0	0	0	0
CBDDTY010005184.1	1	1000	0	0	0	0	0	0
CBDDTY010005185.1	1	1000	0	0	0	0	0	0
CBDDTY010005186.1	1	1000	0	0	0	0	0	0
CBDDTY010005190.1	1	1000	0	0	0	0	0	0
CBDDTY010005196.1	1	1000	0	0	0	0	0	0
CBDDTY010005202.1	1	1000	0	0	0	0	0	0
CBDDTY010005204.1	1	1000	0	0	0	0	0	0
CBDDTY010005205.1	1	1000	0	0	0	0	0	0
CBDDTY010005206.1	1	1000	0	0	0	0	0	0
CBDDTY010005210.1	1	1000	0	0	0	0	0	0
CBDDTY010005216.1	1	1000	0	0	0	0	0	0
CBDDTY010005217.1	1	1000	0	0	0	0	0	0
CBDDTY010005220.1	1	1000	0	0	0	0	0	0
CBDDTY010005222.1	1	1000	0	0	0	0	0	0
CBDDTY010005224.1	1	1000	0	0	0	0	0	0
CBDDTY010005233.1	1	1000	0	0	0	0	0	0
CBDDTY010005237.1	1	1000	0	0	0	0	0	0
CBDDTY010005240.1	1	1000	0	0	0	0	0	0
CBDDTY010005244.1	1	1000	0	0	0	0	0	0
CBDDTY010005245.1	1	1000	0	0	0	0	0	0
CBDDTY010005246.1	1	1000	0	0	0	0	0	0
CBDDTY010005247.1	1	1000	0	0	0	0	0	0
CBDDTY010005249.1	1	1000	0	0	0	0	0	0
CBDDTY010005250.1	1	1000	0	0	0	0	0	0
CBDDTY010005254.1	1	1000	0	0	0	0	0	0
CBDDTY010005256.1	1	998	0	0	0	0	0	0
CBDDTY010005257.1	1	1000	0	0	0	0	0	0
CBDDTY010005258.1	1	1000	0	0	0	0	0	0
CBDDTY010005259.1	1	1000	0	0	0	0	0	0
CBDDTY010005271.1	1	1000	0	0	0	0	0	0
CBDDTY010005274.1	1	1000	0	0	0	0	0	0
CBDDTY010005282.1	1	800	0	0	0	0	0	0
CBDDTY010005283.1	1	1000	0	0	0	0	0	0
CBDDTY010005284.1	1	1000	0	0	0	0	0	0
CBDDTY010005289.1	1	1000	0	0	0	0	0	0
CBDDTY010005290.1	1	1000	0	0	0	0	0	0
CBDDTY010005293.1	1	1000	0	0	0	0	0	0
CBDDTY010005296.1	1	1000	0	0	0	0	0	0
CBDDTY010005302.1	1	1000	0	0	0	0	0	0
CBDDTY010005304.1	1	1000	0	0	0	0	0	0
CBDDTY010005306.1	1	1000	0	0	0	0	0	0
CBDDTY010005307.1	1	1000	0	0	0	0	0	0
CBDDTY010005308.1	1	1000	0	0	0	0	0	0
CBDDTY010005311.1	1	1000	0	0	0	0	0	0
CBDDTY010005315.1	1	1000	0	0	0	0	0	0
CBDDTY010005317.1	1	1000	0	0	0	0	0	0
CBDDTY010005322.1	1	1000	0	0	0	0	0	0
CBDDTY010005323.1	1	1000	0	0	0	0	0	0
CBDDTY010005324.1	1	1000	0	0	0	0	0	0
CBDDTY010005325.1	1	1000	0	0	0	0	0	0
CBDDTY010005328.1	1	1000	0	0	0	0	0	0
CBDDTY010005330.1	1	1000	0	0	0	0	0	0
CBDDTY010005335.1	1	1000	0	0	0	0	0	0
CBDDTY010005337.1	1	1000	0	0	0	0	0	0
CBDDTY010005338.1	1	1000	0	0	0	0	0	0
CBDDTY010005340.1	1	1000	0	0	0	0	0	0
CBDDTY010005351.1	1	1000	0	0	0	0	0	0
CBDDTY010005367.1	1	1000	0	0	0	0	0	0
CBDDTY010005368.1	1	1000	0	0	0	0	0	0
CBDDTY010005373.1	1	1000	0	0	0	0	0	0
CBDDTY010005380.1	1	1000	0	0	0	0	0	0
CBDDTY010005383.1	1	1000	0	0	0	0	0	0
CBDDTY010005386.1	1	1000	0	0	0	0	0	0
CBDDTY010005388.1	1	1000	0	0	0	0	0	0
CBDDTY010005395.1	1	1000	0	0	0	0	0	0
CBDDTY010005396.1	1	1000	0	0	0	0	0	0
CBDDTY010005397.1	1	1000	0	0	0	0	0	0
CBDDTY010005398.1	1	1000	0	0	0	0	0	0
CBDDTY010005399.1	1	1000	0	0	0	0	0	0
CBDDTY010005401.1	1	1000	0	0	0	0	0	0
CBDDTY010005403.1	1	1000	0	0	0	0	0	0
CBDDTY010005406.1	1	1000	0	0	0	0	0	0
CBDDTY010005407.1	1	1000	0	0	0	0	0	0
CBDDTY010005410.1	1	1000	0	0	0	0	0	0
CBDDTY010005412.1	1	1000	0	0	0	0	0	0
CBDDTY010005413.1	1	1000	0	0	0	0	0	0
CBDDTY010005414.1	1	1000	0	0	0	0	0	0
CBDDTY010005421.1	1	1000	0	0	0	0	0	0
CBDDTY010005424.1	1	1000	0	0	0	0	0	0
CBDDTY010005429.1	1	1000	0	0	0	0	0	0
CBDDTY010005430.1	1	1000	0	0	0	0	0	0
CBDDTY010005431.1	1	1000	0	0	0	0	0	0
CBDDTY010005434.1	1	1000	0	0	0	0	0	0
CBDDTY010005438.1	1	1000	0	0	0	0	0	0
CBDDTY010005439.1	1	1000	0	0	0	0	0	0
CBDDTY010005446.1	1	1000	0	0	0	0	0	0
CBDDTY010005447.1	1	1000	0	0	0	0	0	0
CBDDTY010005452.1	1	1000	0	0	0	0	0	0
CBDDTY010005455.1	1	1000	0	0	0	0	0	0
CBDDTY010005466.1	1	1000	0	0	0	0	0	0
CBDDTY010005467.1	1	1000	0	0	0	0	0	0
CBDDTY010005469.1	1	1000	0	0	0	0	0	0
CBDDTY010005470.1	1	1000	0	0	0	0	0	0
CBDDTY010005473.1	1	1000	0	0	0	0	0	0
CBDDTY010005482.1	1	1000	0	0	0	0	0	0
CBDDTY010005483.1	1	1000	0	0	0	0	0	0
CBDDTY010005485.1	1	1000	0	0	0	0	0	0
CBDDTY010005486.1	1	1000	0	0	0	0	0	0
CBDDTY010005487.1	1	1000	0	0	0	0	0	0
CBDDTY010005489.1	1	1000	0	0	0	0	0	0
CBDDTY010005490.1	1	1000	0	0	0	0	0	0
CBDDTY010005497.1	1	1000	0	0	0	0	0	0
CBDDTY010005504.1	1	1000	0	0	0	0	0	0
CBDDTY010005507.1	1	1000	0	0	0	0	0	0
CBDDTY010005508.1	1	1000	0	0	0	0	0	0
CBDDTY010005513.1	1	1000	0	0	0	0	0	0
CBDDTY010005516.1	1	1000	0	0	0	0	0	0
CBDDTY010005523.1	1	1000	0	0	0	0	0	0
CBDDTY010005527.1	1	1000	0	0	0	0	0	0
CBDDTY010005528.1	1	1000	0	0	0	0	0	0
CBDDTY010005530.1	1	1000	0	0	0	0	0	0
CBDDTY010005535.1	1	1000	0	0	0	0	0	0
CBDDTY010005537.1	1	1000	0	0	0	0	0	0
CBDDTY010005538.1	1	1000	0	0	0	0	0	0
CBDDTY010005542.1	1	1000	0	0	0	0	0	0
CBDDTY010005547.1	1	1000	0	0	0	0	0	0
CBDDTY010005552.1	1	1000	0	0	0	0	0	0
CBDDTY010005556.1	1	1000	0	0	0	0	0	0
CBDDTY010005560.1	1	1000	0	0	0	0	0	0
CBDDTY010005562.1	1	1000	0	0	0	0	0	0
CBDDTY010005566.1	1	1000	0	0	0	0	0	0
