#rname	startpos	endpos	numreads	covbases	coverage	meandepth	meanbaseq	meanmapq
OZ247652.1	1	90891126	38830	5069491	5.57754	0.0677968	30.6	15.7
CBDDTY010000001.1	1	2201400	512	67714	3.07595	0.0364795	30.6	14.3
CBDDTY010000002.1	1	375200	108	14452	3.85181	0.051895	30.8	2.62
OZ247653.1	1	59305165	30373	4264441	7.19067	0.0816346	30.7	21
CBDDTY010000003.1	1	159000	5	843	0.530189	0.00530189	31.7	0.2
CBDDTY010000004.1	1	132000	14	2667	2.02045	0.0234318	29.2	1.79
CBDDTY010000005.1	1	112000	12	2285	2.04018	0.0204018	33.3	0.5
OZ247654.1	1	55603820	29664	4024262	7.23738	0.0847373	30.3	19.9
CBDDTY010000006.1	1	237387	86	10770	4.5369	0.0556728	29.7	19
CBDDTY010000007.1	1	212000	9	1476	0.696226	0.00696226	33.7	2.33
OZ247655.1	1	27535131	14994	1907776	6.92852	0.0874243	30.7	17.2
OZ247656.1	1	25493044	16352	2272516	8.91426	0.102321	30.6	23.2
OZ247657.1	1	20427586	11859	1702763	8.33561	0.0940913	30.8	24.2
CBDDTY010000008.1	1	1510391	21	3772	0.249737	0.00273373	29.1	1.24
CBDDTY010000009.1	1	203586	12	1933	0.949476	0.00949476	35.2	0.917
OZ247658.1	1	19570859	10856	1546036	7.89968	0.0894326	30.7	22.2
OZ247659.1	1	15043846	8729	1106164	7.35293	0.0867457	30	18.9
CBDDTY010000010.1	1	3154400	760	101154	3.20676	0.037519	30.6	11.7
CBDDTY010000011.1	1	372599	359	44226	11.8696	0.165411	29.6	3.71
OZ247660.1	1	18558849	8847	1251190	6.74174	0.0770629	30.6	21
OZ247661.1	1	18228942	12818	1641194	9.00323	0.112979	30.5	17.1
OZ247662.1	1	18164600	9867	1379525	7.59458	0.0863319	30.7	21.8
OZ247663.1	1	17898725	9770	1320542	7.37786	0.08964	30.3	19.5
OZ247664.1	1	16834196	9111	1298869	7.71566	0.0871304	30.8	22.1
OZ247665.1	1	16704832	9694	1355334	8.11342	0.0928036	30.7	21.2
OZ247666.1	1	16645368	9050	1255860	7.5448	0.0864904	30.7	21.1
OZ247667.1	1	14847524	7543	1087241	7.32271	0.082412	30.7	24.5
OZ247668.1	1	14820029	8009	1125628	7.59532	0.0868029	30.7	21.2
CBDDTY010000012.1	1	6743	2	220	3.26264	0.0326264	32.5	25
CBDDTY010000014.1	1	74823	80	11589	15.4886	0.176376	31.2	24.1
CBDDTY010000015.1	1	513578	284	38377	7.47248	0.0881658	30.8	13.5
CBDDTY010000016.1	1	15272	9	1318	8.63017	0.103326	29.9	21.8
CBDDTY010000018.1	1	1808000	710	102559	5.67251	0.0658025	30.4	11.9
CBDDTY010000019.1	1	1397391	526	79096	5.66026	0.0644837	30.6	0.74
CBDDTY010000020.1	1	1374880	463	62340	4.53421	0.0520176	30.3	14.3
CBDDTY010000022.1	1	792527	421	55233	6.96923	0.0800238	31	11.9
CBDDTY010000023.1	1	1139680	565	51242	4.49617	0.0947898	30.4	8.73
CBDDTY010000024.1	1	1667	2	271	16.2567	0.162567	34.3	0
CBDDTY010000025.1	1	1026420	445	58799	5.72855	0.0683063	30.2	14.3
CBDDTY010000026.1	1	1012600	159	21367	2.11011	0.0250237	30.9	10.9
CBDDTY010000027.1	1	968581	219	30379	3.13644	0.0348334	30.2	13.6
CBDDTY010000028.1	1	555299	317	37733	6.79508	0.09917	31	4.01
CBDDTY010000029.1	1	799000	577	61303	7.67247	0.122686	30.8	14.3
CBDDTY010000030.1	1	749000	14	2172	0.289987	0.00304673	29.7	0.786
CBDDTY010000031.1	1	715217	263	34117	4.77016	0.058785	30.8	16.1
CBDDTY010000032.1	1	699400	145	22248	3.18101	0.0343452	31	8.46
CBDDTY010000033.1	1	662224	9	1592	0.240402	0.00273019	28.1	0.444
CBDDTY010000034.1	1	657600	254	27510	4.18339	0.0673966	31.1	10.7
CBDDTY010000035.1	1	604775	267	37595	6.21636	0.0711835	31	16.6
CBDDTY010000036.1	1	577475	317	42158	7.3004	0.0857578	30.5	16.9
CBDDTY010000037.1	1	364000	5	858	0.235714	0.00235714	29.6	5.4
CBDDTY010000038.1	1	353843	96	14149	3.99867	0.043443	31.4	10.6
CBDDTY010000039.1	1	347000	151	21210	6.11239	0.0690432	30.7	12.2
CBDDTY010000040.1	1	340000	33	5126	1.50765	0.0168824	30.7	12.8
CBDDTY010000041.1	1	335200	84	10489	3.12918	0.0342243	29.6	10.1
CBDDTY010000042.1	1	294000	194	27812	9.45986	0.107187	30.7	13.5
CBDDTY010000043.1	1	288000	96	12094	4.19931	0.0538993	30.3	9.07
CBDDTY010000044.1	1	285552	98	13352	4.67586	0.0535419	30	8.9
CBDDTY010000045.1	1	284000	108	14304	5.03662	0.0605176	30.9	13
CBDDTY010000046.1	1	267800	179	23252	8.6826	0.110523	31	13.3
CBDDTY010000047.1	1	254316	13	1438	0.565438	0.00789569	32.6	3.23
CBDDTY010000048.1	1	240800	122	17355	7.20723	0.0807309	31.8	10.5
CBDDTY010000049.1	1	221200	81	12606	5.69892	0.0656691	32	4.4
CBDDTY010000050.1	1	211042	75	11011	5.21744	0.0583723	31.1	16
CBDDTY010000051.1	1	205000	95	12949	6.31659	0.0730829	30.3	13.6
CBDDTY010000052.1	1	195200	51	6885	3.52715	0.0421619	30.8	11.9
CBDDTY010000053.1	1	195000	94	13210	6.77436	0.0734103	30.5	26.1
CBDDTY010000054.1	1	194200	54	7296	3.75695	0.0539547	30.4	2.22
CBDDTY010000055.1	1	193800	143	18026	9.30134	0.121976	31.1	18.7
CBDDTY010000056.1	1	190600	130	15354	8.05561	0.103704	30.8	11.6
CBDDTY010000057.1	1	180000	20	2684	1.49111	0.0197	32.7	2.65
CBDDTY010000058.1	1	178701	35	4218	2.36037	0.0275712	31.6	9.23
CBDDTY010000059.1	1	175000	44	6435	3.67714	0.0396343	30.8	2.3
CBDDTY010000060.1	1	169926	85	12782	7.5221	0.0867554	30.2	5.52
CBDDTY010000061.1	1	165200	46	5616	3.39952	0.0403814	29.6	7.52
CBDDTY010000062.1	1	162000	82	10929	6.7463	0.0883395	30	9.85
CBDDTY010000063.1	1	161000	66	9701	6.02547	0.0760807	30	1.5
CBDDTY010000064.1	1	4986	3	387	7.76173	0.0776173	27.9	17.7
CBDDTY010000066.1	1	155400	3	522	0.335907	0.00335907	30.8	0.667
CBDDTY010000067.1	1	153036	80	10948	7.15387	0.0799746	30.9	5.25
CBDDTY010000068.1	1	153000	75	8001	5.22941	0.0684771	30.4	8.72
CBDDTY010000070.1	1	150357	75	11291	7.50946	0.0814927	30.8	6.52
CBDDTY010000071.1	1	142400	1	260	0.182584	0.00182584	31.6	1
CBDDTY010000072.1	1	140603	88	11453	8.14563	0.0946566	30.3	6.69
CBDDTY010000073.1	1	134000	1	244	0.18209	0.0018209	31.9	0
CBDDTY010000074.1	1	127396	6	1117	0.876794	0.00876794	30.3	1.83
CBDDTY010000075.1	1	126000	28	4446	3.52857	0.0403651	30.9	0.286
CBDDTY010000076.1	1	122094	86	11982	9.81375	0.114846	30.3	4.77
CBDDTY010000077.1	1	118000	26	4153	3.51949	0.0402627	32.2	0.577
CBDDTY010000078.1	1	113200	70	9021	7.96908	0.0883216	30.9	0.0429
CBDDTY010000079.1	1	110600	89	10018	9.05787	0.137667	30.9	12.8
CBDDTY010000081.1	1	106000	2	206	0.19434	0.0019434	35.4	0.5
CBDDTY010000082.1	1	105000	50	6861	6.53429	0.0738	31.8	14.6
CBDDTY010000083.1	1	103000	1	82	0.0796117	0.000796117	38.2	0
CBDDTY010000084.1	1	101400	1	298	0.293886	0.00293886	28.1	0
CBDDTY010000085.1	1	101000	27	3722	3.68515	0.0409802	30.2	0.037
CBDDTY010000086.1	1	99160	51	6465	6.51977	0.0845704	29.5	15.6
CBDDTY010000087.1	1	98000	16	2131	2.17449	0.025449	32.1	0.125
CBDDTY010000088.1	1	94000	18	3171	3.3734	0.0353511	33.8	1.72
CBDDTY010000089.1	1	93200	14	1885	2.02253	0.0208155	30.8	0
CBDDTY010000090.1	1	93200	52	6864	7.36481	0.0906438	30.5	23.6
CBDDTY010000092.1	1	91000	4	400	0.43956	0.00535165	32.5	0
CBDDTY010000093.1	1	89742	67	9046	10.08	0.115141	30	1.25
CBDDTY010000094.1	1	89082	29	4851	5.44554	0.0575874	30.1	6.97
CBDDTY010000095.1	1	89000	17	2520	2.83146	0.0307191	32.3	7.18
CBDDTY010000096.1	1	89000	4	557	0.625843	0.00625843	32.1	0.5
CBDDTY010000097.1	1	88400	38	3712	4.1991	0.0656222	29.8	4.11
CBDDTY010000098.1	1	88187	11	1861	2.11029	0.0211029	31.7	0
CBDDTY010000099.1	1	88000	84	11037	12.542	0.149807	29.7	12.9
CBDDTY010000100.1	1	85432	79	11533	13.4996	0.150482	30.8	3.49
CBDDTY010000101.1	1	84721	27	4780	5.64205	0.0567982	30.5	4.22
CBDDTY010000102.1	1	84000	45	6077	7.23452	0.0754167	31	10.5
CBDDTY010000103.1	1	82593	2	275	0.332958	0.00332958	25.3	0.5
CBDDTY010000104.1	1	82000	17	2793	3.4061	0.0388659	31.1	0.0588
CBDDTY010000105.1	1	81000	3	427	0.52716	0.0052716	29.8	0.333
CBDDTY010000106.1	1	79800	27	3191	3.99875	0.0449373	30	4.22
CBDDTY010000108.1	1	80000	20	2445	3.05625	0.03815	32.2	7.8
CBDDTY010000109.1	1	79658	26	3500	4.39378	0.0533405	31.2	18
CBDDTY010000110.1	1	78800	45	5804	7.36548	0.0897081	30.6	18.3
CBDDTY010000111.1	1	79000	49	8350	10.5696	0.112139	30.1	1.41
CBDDTY010000112.1	1	78378	31	3956	5.04733	0.0597362	31.1	5.97
CBDDTY010000113.1	1	78200	27	4701	6.01151	0.0639386	29.5	1.19
CBDDTY010000114.1	1	77000	36	4720	6.12987	0.0637792	29.9	23.3
CBDDTY010000115.1	1	76454	31	3874	5.0671	0.0566223	30.3	0.871
CBDDTY010000116.1	1	75599	805	33128	43.8207	1.67943	28.7	0.0509
CBDDTY010000117.1	1	75000	60	7908	10.544	0.12416	30	2.57
CBDDTY010000118.1	1	74641	36	4957	6.64112	0.078978	30.5	26.8
CBDDTY010000119.1	1	74000	34	5062	6.84054	0.0771622	30.8	28.5
CBDDTY010000120.1	1	74000	79	9154	12.3703	0.162473	30.6	0.595
CBDDTY010000121.1	1	74000	2	255	0.344595	0.00344595	29.8	0.5
CBDDTY010000123.1	1	72678	33	5071	6.97735	0.0838768	29.7	17
CBDDTY010000124.1	1	72011	21	2858	3.96884	0.0417714	31.6	6.29
CBDDTY010000125.1	1	71823	26	3113	4.33427	0.0451944	32.3	8.5
CBDDTY010000126.1	1	72000	51	6536	9.07778	0.103153	32.1	2.47
CBDDTY010000127.1	1	72000	4	391	0.543056	0.00769444	31.8	4.5
CBDDTY010000128.1	1	72000	38	4873	6.76806	0.0819444	29.8	14.9
CBDDTY010000129.1	1	71000	24	3218	4.53239	0.0538592	32	3.58
CBDDTY010000130.1	1	70000	26	3214	4.59143	0.0494429	31	1.58
CBDDTY010000131.1	1	69800	44	6154	8.81662	0.103424	29.5	8.18
CBDDTY010000132.1	1	69600	9	1566	2.25	0.0241954	32.2	15.3
CBDDTY010000133.1	1	68800	48	6460	9.38953	0.10625	31.6	8.29
CBDDTY010000134.1	1	69000	48	7102	10.2928	0.113928	29.5	1.96
CBDDTY010000135.1	1	68847	37	4079	5.92473	0.0729444	29.8	2.57
CBDDTY010000136.1	1	68000	8	1248	1.83529	0.0183529	30.1	17.5
CBDDTY010000137.1	1	68000	12	1836	2.7	0.027	31.9	0
CBDDTY010000138.1	1	66000	64	5406	8.19091	0.163288	30.6	7.31
CBDDTY010000139.1	1	65676	10	1705	2.59608	0.0278488	31.7	0
CBDDTY010000140.1	1	65517	19	2900	4.42633	0.0457133	32.1	28.9
CBDDTY010000141.1	1	65000	248	8027	12.3492	0.623785	29.6	6.92
CBDDTY010000142.1	1	64675	12	1781	2.75377	0.0315578	30.3	0.0833
CBDDTY010000143.1	1	64000	31	3797	5.93281	0.073	32.4	1.26
CBDDTY010000144.1	1	64000	6	715	1.11719	0.0111719	33	0
CBDDTY010000145.1	1	64000	39	4984	7.7875	0.0915	31.1	8.18
CBDDTY010000146.1	1	63800	18	2270	3.55799	0.0414734	31.3	2.61
CBDDTY010000147.1	1	64000	4	483	0.754687	0.00754687	30.8	0
CBDDTY010000148.1	1	63205	31	4578	7.2431	0.0785697	29.6	4.45
CBDDTY010000149.1	1	63000	20	2827	4.4873	0.044873	33	0
CBDDTY010000150.1	1	63000	6	841	1.33492	0.0133492	27.1	0
CBDDTY010000151.1	1	62400	25	2752	4.41026	0.0660256	29.5	3.28
CBDDTY010000152.1	1	61800	25	3396	5.49515	0.0617314	29.3	10.4
CBDDTY010000153.1	1	62000	14	1934	3.11935	0.0330645	31.4	3.57
CBDDTY010000154.1	1	61792	12	1197	1.93714	0.0317679	30.1	21.7
CBDDTY010000155.1	1	61130	11	1251	2.04646	0.0254049	28.9	10.4
CBDDTY010000156.1	1	61000	2	457	0.74918	0.0130984	22.6	1.5
CBDDTY010000158.1	1	59400	12	1391	2.34175	0.0263973	29.8	0.0833
CBDDTY010000159.1	1	60000	1	188	0.313333	0.00313333	37	0
CBDDTY010000160.1	1	58000	9	1586	2.73448	0.0273448	31.4	5.89
CBDDTY010000161.1	1	57000	4	886	1.55439	0.0155439	24.1	0.75
CBDDTY010000162.1	1	56000	66	9053	16.1661	0.214714	30.9	0.621
CBDDTY010000163.1	1	55600	16	2350	4.22662	0.0422662	26.7	0.0625
CBDDTY010000164.1	1	54600	16	2365	4.3315	0.0471978	29.7	13.6
CBDDTY010000165.1	1	54285	25	3338	6.14903	0.0663903	32	0
CBDDTY010000166.1	1	54000	38	5722	10.5963	0.124296	30.8	36.3
CBDDTY010000167.1	1	53357	2	456	0.854621	0.00854621	36.9	0.5
CBDDTY010000168.1	1	53000	6	944	1.78113	0.0178113	30.4	0.5
CBDDTY010000169.1	1	53000	2	389	0.733962	0.00733962	28.9	7.5
CBDDTY010000170.1	1	53000	15	2358	4.44906	0.0476604	34.2	3.07
CBDDTY010000172.1	1	52000	1	247	0.475	0.00475	34.1	2
CBDDTY010000174.1	1	52000	62	8757	16.8404	0.205019	32.1	0.242
CBDDTY010000176.1	1	51767	13	1937	3.74177	0.0436185	31.3	2.54
CBDDTY010000177.1	1	51000	39	4482	8.78824	0.122255	30.9	4.79
CBDDTY010000178.1	1	51000	14	2080	4.07843	0.0457647	32	1.14
CBDDTY010000179.1	1	50278	79	7876	15.6649	0.274335	32.5	0.215
CBDDTY010000180.1	1	50000	2	282	0.564	0.00564	28.9	0
CBDDTY010000181.1	1	49343	70	9194	18.6328	0.254342	30.7	4.3
CBDDTY010000182.1	1	43800	24	3391	7.74201	0.089726	30.3	4.58
CBDDTY010000183.1	1	43018	4	673	1.56446	0.0156446	30.8	0
CBDDTY010000184.1	1	42800	18	2101	4.90888	0.0579206	30.3	7.89
CBDDTY010000185.1	1	39997	20	3003	7.50806	0.0978823	31.5	41.8
CBDDTY010000186.1	1	39979	30	3845	9.61755	0.110733	29.7	10.8
CBDDTY010000187.1	1	39930	16	2672	6.69171	0.0736289	29.2	24.8
CBDDTY010000188.1	1	39923	25	3598	9.01235	0.0964607	31.2	22
CBDDTY010000189.1	1	39907	22	2587	6.48257	0.0781066	33.3	24
CBDDTY010000190.1	1	39885	28	4035	10.1166	0.110969	30.4	33.4
CBDDTY010000191.1	1	39852	30	4214	10.5741	0.1149	31.3	23.1
CBDDTY010000192.1	1	39835	22	2825	7.09175	0.0801054	29.8	35.6
CBDDTY010000193.1	1	39826	30	3524	8.84849	0.107091	32.9	29.2
CBDDTY010000194.1	1	39777	19	2048	5.1487	0.0639566	30.8	12.1
CBDDTY010000195.1	1	39752	16	2244	5.645	0.0592171	28.3	29.9
CBDDTY010000196.1	1	39747	27	3508	8.82582	0.106021	30	30.2
CBDDTY010000197.1	1	39727	7	1085	2.73114	0.0293755	31.2	17.1
CBDDTY010000198.1	1	39726	23	3263	8.21376	0.0903942	29.4	11.1
CBDDTY010000199.1	1	39701	4	665	1.67502	0.0167502	30.4	0.5
CBDDTY010000200.1	1	39691	26	3401	8.56869	0.0972261	30.2	11.2
CBDDTY010000201.1	1	39675	7	1201	3.0271	0.030271	34.2	28.6
CBDDTY010000202.1	1	39636	75	6102	15.3951	0.323418	29.4	23.4
CBDDTY010000203.1	1	39634	13	1763	4.4482	0.0469546	33.3	8.85
CBDDTY010000204.1	1	39633	11	1272	3.20945	0.0320945	36.4	8.73
CBDDTY010000205.1	1	39628	24	3347	8.44605	0.0874634	30	20.6
CBDDTY010000206.1	1	39601	30	4277	10.8002	0.149466	31.1	27.1
CBDDTY010000207.1	1	39600	24	2877	7.26515	0.0832828	30.9	17.7
CBDDTY010000208.1	1	39595	16	2138	5.39967	0.0680136	29.4	4.38
CBDDTY010000209.1	1	39385	10	1133	2.87673	0.0368922	30.4	5
CBDDTY010000210.1	1	39584	7	1207	3.04921	0.0304921	29.3	26
CBDDTY010000211.1	1	39576	16	1876	4.74025	0.0575349	27.8	18.1
CBDDTY010000212.1	1	39569	9	1269	3.20706	0.0330309	29.3	7.89
CBDDTY010000213.1	1	39567	27	3377	8.53489	0.114439	31.1	3.48
CBDDTY010000214.1	1	39564	41	5909	14.9353	0.179582	29.9	33.8
CBDDTY010000215.1	1	39559	24	4140	10.4654	0.109457	31.2	23
CBDDTY010000216.1	1	39546	23	2196	5.55303	0.0732565	30.2	4.43
CBDDTY010000217.1	1	39539	32	4037	10.2102	0.130529	31.2	15
CBDDTY010000218.1	1	39539	21	3575	9.04171	0.0904171	29.8	32.2
CBDDTY010000219.1	1	39529	56	5961	15.0801	0.220724	31.7	7.7
CBDDTY010000220.1	1	39525	24	3635	9.19671	0.095661	30.6	23.7
CBDDTY010000221.1	1	39512	29	4166	10.5436	0.12667	31.3	16.8
CBDDTY010000222.1	1	39446	16	2156	5.4657	0.0627694	31.1	25.1
CBDDTY010000223.1	1	39434	21	2813	7.13344	0.0927372	31.6	23.6
CBDDTY010000224.1	1	39425	20	3121	7.9163	0.0859353	28.5	38.5
CBDDTY010000225.1	1	39419	62	7632	19.3612	0.243563	29.5	22.3
CBDDTY010000226.1	1	39410	16	2025	5.13829	0.0606191	32.9	11.1
CBDDTY010000227.1	1	39362	47	6142	15.6039	0.180301	30.8	27.8
CBDDTY010000228.1	1	39355	10	1071	2.72138	0.0272138	26.8	16.5
CBDDTY010000229.1	1	39340	17	1970	5.00763	0.0737672	33	10.8
CBDDTY010000230.1	1	39328	10	1191	3.02838	0.0330299	32.6	5.3
CBDDTY010000231.1	1	39324	32	4362	11.0925	0.127251	32.2	18.6
CBDDTY010000232.1	1	39317	13	2023	5.14536	0.055752	33.2	10.1
CBDDTY010000233.1	1	39277	20	3361	8.55717	0.0888052	30.3	41.4
CBDDTY010000234.1	1	39272	37	5045	12.8463	0.14672	31.2	15.7
CBDDTY010000235.1	1	39248	12	1586	4.04097	0.0476712	29.3	0.417
CBDDTY010000236.1	1	39207	18	2269	5.78723	0.0706506	32.5	14.4
CBDDTY010000237.1	1	39200	20	2959	7.54847	0.096148	31.3	13.9
CBDDTY010000238.1	1	39153	23	3952	10.0937	0.108191	29.7	22.2
CBDDTY010000239.1	1	39125	24	3400	8.6901	0.0873355	31.2	35.9
CBDDTY010000240.1	1	39102	20	2694	6.88967	0.0774896	31.8	29.3
CBDDTY010000241.1	1	39098	3	253	0.647092	0.00647092	38.3	7.33
CBDDTY010000242.1	1	39086	53	5925	15.1589	0.240112	29.1	1.81
CBDDTY010000243.1	1	39070	5	928	2.37522	0.0237522	31	39.6
CBDDTY010000244.1	1	39068	39	5125	13.1182	0.158211	30.9	17.2
CBDDTY010000245.1	1	39057	23	3202	8.19827	0.087718	30.5	20.9
CBDDTY010000246.1	1	39044	15	2597	6.65147	0.0698699	30.7	10.4
CBDDTY010000247.1	1	39044	27	3394	8.69276	0.0945088	32.8	11.6
CBDDTY010000248.1	1	39041	25	3779	9.67957	0.106094	29.1	20.7
CBDDTY010000249.1	1	39022	21	3030	7.76485	0.0824919	30.4	19.4
CBDDTY010000250.1	1	39001	13	1720	4.41014	0.0520243	31.2	26.9
CBDDTY010000251.1	1	38800	44	5991	15.4407	0.178582	30.6	5.43
CBDDTY010000252.1	1	39000	5	579	1.48462	0.0148462	31.5	0.4
CBDDTY010000253.1	1	39000	42	5747	14.7359	0.174205	29.2	10
CBDDTY010000254.1	1	39000	10	1233	3.16154	0.0344359	32.6	15.6
CBDDTY010000255.1	1	39000	12	1380	3.53846	0.0386667	32.9	8.83
CBDDTY010000256.1	1	38800	7	1045	2.6933	0.0270619	27.3	5.29
CBDDTY010000257.1	1	39000	22	3501	8.97692	0.101026	33.3	4.32
CBDDTY010000258.1	1	39000	29	4385	11.2436	0.120769	30.2	33.2
CBDDTY010000259.1	1	39000	9	1168	2.99487	0.0321538	27.7	4.78
CBDDTY010000260.1	1	39000	9	1019	2.61282	0.0286154	29.5	1
CBDDTY010000261.1	1	39000	69	5616	14.4	0.257308	31.1	13.7
CBDDTY010000262.1	1	39000	23	3084	7.90769	0.0852564	32.7	29.1
CBDDTY010000263.1	1	39000	7	911	2.3359	0.023359	33.2	18
CBDDTY010000264.1	1	39000	9	1463	3.75128	0.0375128	27.8	26.4
CBDDTY010000265.1	1	38800	30	4663	12.018	0.138479	29.8	32.9
CBDDTY010000266.1	1	39000	18	2653	6.80256	0.0681795	30	29.8
CBDDTY010000267.1	1	39000	37	4554	11.6769	0.153615	30.2	4.73
CBDDTY010000268.1	1	39000	33	4102	10.5179	0.13259	32.5	19.5
CBDDTY010000269.1	1	39000	48	5789	14.8436	0.185513	31.1	1.83
CBDDTY010000270.1	1	38982	27	2504	6.42348	0.0908624	31.1	4.3
CBDDTY010000271.1	1	38976	21	2999	7.69448	0.080819	30.5	13.8
CBDDTY010000272.1	1	38962	6	754	1.93522	0.0227144	33.5	15.3
CBDDTY010000273.1	1	38953	14	2013	5.16777	0.0573768	30.4	25
CBDDTY010000274.1	1	38909	32	4321	11.1054	0.133054	30.6	12.5
CBDDTY010000275.1	1	38882	3	413	1.06219	0.0106219	33	4.33
CBDDTY010000276.1	1	38878	13	1837	4.72504	0.0472504	30.7	1
CBDDTY010000277.1	1	38878	27	3388	8.71444	0.10659	31.2	8
CBDDTY010000278.1	1	38865	40	5644	14.5221	0.172932	30.2	0.5
CBDDTY010000279.1	1	38853	17	2361	6.07675	0.0619257	28.1	27.4
CBDDTY010000280.1	1	38850	22	3439	8.85199	0.0939511	30.6	10.4
CBDDTY010000281.1	1	38832	26	3375	8.69129	0.0921148	28.9	6.23
CBDDTY010000282.1	1	38810	16	2465	6.35146	0.0722494	30.8	18.3
CBDDTY010000283.1	1	38771	5	695	1.79258	0.0179258	28.9	17
CBDDTY010000284.1	1	38770	13	1866	4.813	0.0516379	33.5	31.5
CBDDTY010000285.1	1	38755	17	3025	7.80544	0.0789834	30.1	22.8
CBDDTY010000286.1	1	38738	13	1903	4.91249	0.0590635	31.7	15.2
CBDDTY010000287.1	1	38720	47	6022	15.5527	0.19109	30.1	7.68
CBDDTY010000288.1	1	38713	21	3474	8.97373	0.0916488	31.5	33.6
CBDDTY010000289.1	1	38712	5	499	1.28901	0.0142333	34.2	3.4
CBDDTY010000290.1	1	38709	28	4383	11.3229	0.12302	29.6	18.8
CBDDTY010000291.1	1	38702	23	3300	8.52669	0.0852669	29.9	8.17
CBDDTY010000292.1	1	38701	25	4010	10.3615	0.112116	32.3	33.4
CBDDTY010000293.1	1	38680	25	2656	6.8666	0.104731	29.3	10.9
CBDDTY010000294.1	1	38634	34	4048	10.4778	0.122509	33.3	28.1
CBDDTY010000295.1	1	38608	18	2547	6.59708	0.0744405	30.7	5.22
CBDDTY010000296.1	1	38606	17	2562	6.63627	0.0698337	30.2	32.4
CBDDTY010000297.1	1	38601	23	3083	7.98684	0.0875625	32	15.3
CBDDTY010000298.1	1	38590	36	4481	11.6118	0.138715	30.7	14.8
CBDDTY010000299.1	1	38564	27	3498	9.07064	0.109351	31.6	17
CBDDTY010000300.1	1	38531	30	4423	11.4791	0.13275	30.9	32.1
CBDDTY010000301.1	1	38525	20	3140	8.15055	0.0855289	30.6	14.1
CBDDTY010000302.1	1	38520	50	6080	15.784	0.193795	29.8	26.1
CBDDTY010000303.1	1	38510	23	3178	8.2524	0.0880031	29.7	6.52
CBDDTY010000304.1	1	38509	31	5156	13.3891	0.1395	32.3	44.1
CBDDTY010000305.1	1	38500	29	3933	10.2156	0.116208	32.7	25.5
CBDDTY010000306.1	1	38496	23	3909	10.1543	0.117077	30	27.5
CBDDTY010000307.1	1	38496	14	1866	4.84726	0.0574345	30.7	7.21
CBDDTY010000308.1	1	38488	30	4423	11.4919	0.119336	32	31.5
CBDDTY010000309.1	1	38475	26	4004	10.4068	0.112255	30.7	18.4
CBDDTY010000310.1	1	38475	47	5879	15.2801	0.200494	31.9	10.9
CBDDTY010000311.1	1	38461	40	4331	11.2608	0.168534	30.6	4.75
CBDDTY010000312.1	1	38440	25	3455	8.98803	0.0994277	31.6	17.2
CBDDTY010000313.1	1	38421	3	335	0.871919	0.00871919	31.3	0.333
CBDDTY010000314.1	1	38411	33	4956	12.9026	0.141834	32.2	29.2
CBDDTY010000315.1	1	38407	28	4500	11.7166	0.140756	30	6.61
CBDDTY010000316.1	1	38391	29	3456	9.00211	0.122112	30.8	28.7
CBDDTY010000317.1	1	38384	20	2771	7.21915	0.0908972	30.6	2.75
CBDDTY010000318.1	1	38383	20	3160	8.23281	0.0891019	32.5	20.9
CBDDTY010000319.1	1	38375	44	5143	13.402	0.176625	31	3.8
CBDDTY010000320.1	1	38368	19	2825	7.36291	0.0825688	28.1	1.47
CBDDTY010000321.1	1	38356	21	3214	8.37939	0.0837939	30.1	36.2
CBDDTY010000322.1	1	38340	20	2286	5.96244	0.0947835	28.7	7.1
CBDDTY010000323.1	1	38335	16	2337	6.09626	0.0662841	34.3	28.2
CBDDTY010000324.1	1	38317	4	635	1.65723	0.0165723	23.5	6.75
CBDDTY010000325.1	1	38299	21	3841	10.029	0.103763	30.1	38.5
CBDDTY010000326.1	1	38273	27	4562	11.9196	0.137643	30.9	33.7
CBDDTY010000327.1	1	38259	27	4028	10.5282	0.113437	32.8	5.93
CBDDTY010000328.1	1	38219	19	3387	8.86208	0.0943248	28.5	12.1
CBDDTY010000329.1	1	38211	18	2719	7.11575	0.0711575	29.3	29.2
CBDDTY010000330.1	1	38211	29	3437	8.99479	0.105415	29.4	13
CBDDTY010000331.1	1	38209	13	2052	5.37046	0.0544898	31.9	27.3
CBDDTY010000332.1	1	38200	15	2068	5.41361	0.0598168	29.9	5.67
CBDDTY010000333.1	1	38155	17	2029	5.31778	0.0660726	31	9.35
CBDDTY010000334.1	1	38145	17	2781	7.2906	0.073273	29.9	10.7
CBDDTY010000335.1	1	38142	29	3604	9.4489	0.106549	31	5.59
CBDDTY010000336.1	1	38087	25	3047	8.00011	0.0911597	29.6	17.1
CBDDTY010000337.1	1	38074	12	1548	4.06577	0.0406577	31	0.417
CBDDTY010000338.1	1	38035	19	2336	6.14171	0.0662811	30.9	7.42
CBDDTY010000339.1	1	38023	14	1993	5.24156	0.0550456	30.6	11.8
CBDDTY010000340.1	1	38010	11	1418	3.7306	0.039779	31	11.5
CBDDTY010000341.1	1	38009	30	3793	9.97922	0.109106	33.9	34.7
CBDDTY010000342.1	1	38000	28	3107	8.17632	0.103237	33	23
CBDDTY010000343.1	1	37800	19	2391	6.3254	0.0672222	32.4	6.89
CBDDTY010000345.1	1	38000	4	541	1.42368	0.0142368	27.9	0.25
CBDDTY010000346.1	1	38000	7	1275	3.35526	0.0335526	32.7	19.3
CBDDTY010000347.1	1	38000	21	2939	7.73421	0.0832105	30.6	22
CBDDTY010000348.1	1	38000	15	2371	6.23947	0.0662368	28.8	11.1
CBDDTY010000349.1	1	38000	65	8396	22.0947	0.283237	31.5	31.7
CBDDTY010000350.1	1	38000	17	2181	5.73947	0.0671842	31.6	11.6
CBDDTY010000351.1	1	38000	26	3689	9.70789	0.111737	29.5	9.23
CBDDTY010000352.1	1	38000	3	48	0.126316	0.00342105	3.02	1
CBDDTY010000353.1	1	38000	14	1736	4.56842	0.0581842	31.2	24.4
CBDDTY010000354.1	1	38000	43	4949	13.0237	0.182263	30.4	18.8
CBDDTY010000355.1	1	37800	17	1926	5.09524	0.0653704	32.4	29.4
CBDDTY010000356.1	1	38000	27	3300	8.68421	0.114684	28.2	13.2
CBDDTY010000357.1	1	38000	32	4147	10.9132	0.143974	30.5	20.4
CBDDTY010000358.1	1	38000	25	3557	9.36053	0.100553	31.1	20.1
CBDDTY010000359.1	1	38000	18	2089	5.49737	0.0603421	32.9	10.4
CBDDTY010000360.1	1	37800	15	2058	5.44444	0.0630423	32.7	22.2
CBDDTY010000361.1	1	37981	90	5237	13.7885	0.361418	32.1	7.4
CBDDTY010000362.1	1	37963	22	3085	8.12633	0.0891394	30.3	13.7
CBDDTY010000363.1	1	37945	21	2830	7.45816	0.0870734	30.5	20
CBDDTY010000364.1	1	37938	27	4282	11.2868	0.126628	29.5	32.8
CBDDTY010000365.1	1	37936	24	3222	8.49325	0.125	29.5	13.7
CBDDTY010000366.1	1	37933	18	3329	8.776	0.0971713	32.3	36.9
CBDDTY010000367.1	1	37907	20	3243	8.55515	0.0855515	32.9	3.1
CBDDTY010000368.1	1	37899	14	2008	5.29829	0.0563867	28.6	14.6
CBDDTY010000369.1	1	37885	30	4053	10.6982	0.13219	30.8	23
CBDDTY010000370.1	1	37879	29	4747	12.532	0.13617	30.8	34
CBDDTY010000371.1	1	37870	17	2810	7.42012	0.0811988	28	20.9
CBDDTY010000372.1	1	37842	6	499	1.31864	0.0157761	30.1	0.167
CBDDTY010000373.1	1	37831	19	2418	6.39158	0.0696783	31.7	38.2
CBDDTY010000374.1	1	37830	19	3128	8.26857	0.0874438	32.2	31.1
CBDDTY010000375.1	1	37814	21	3192	8.44132	0.0962871	30.3	14.5
CBDDTY010000376.1	1	37795	13	1893	5.0086	0.0548485	32.1	34.7
CBDDTY010000377.1	1	37771	33	4708	12.4646	0.156946	31.4	21.7
CBDDTY010000378.1	1	37750	1	218	0.577483	0.00577483	25.1	2
CBDDTY010000379.1	1	37725	10	1262	3.34526	0.0345924	30.8	4.9
CBDDTY010000380.1	1	37697	11	1900	5.04019	0.0504019	29.2	35.5
CBDDTY010000381.1	1	37692	15	2133	5.65903	0.0585801	30.2	14.8
CBDDTY010000382.1	1	37682	24	2359	6.26028	0.0928029	29.4	4.92
CBDDTY010000383.1	1	37667	23	3056	8.1132	0.0915125	29.1	22.1
CBDDTY010000384.1	1	37660	22	3072	8.1572	0.088821	30.7	11.2
CBDDTY010000385.1	1	37657	40	4879	12.9564	0.167884	29.2	3.12
CBDDTY010000386.1	1	37656	15	2426	6.44253	0.0653017	31.3	35.9
CBDDTY010000387.1	1	37650	21	3131	8.31607	0.0901461	30.3	8.29
CBDDTY010000388.1	1	37648	24	3244	8.61666	0.0925946	31	11.5
CBDDTY010000389.1	1	37620	12	1546	4.10952	0.0525784	28.3	1.17
CBDDTY010000390.1	1	37599	25	3445	9.16248	0.0988856	29.9	20.4
CBDDTY010000391.1	1	37587	19	2996	7.97084	0.0802139	31.1	36.2
CBDDTY010000392.1	1	37579	23	2812	7.4829	0.10293	30.9	11.9
CBDDTY010000393.1	1	37565	20	2902	7.72528	0.101957	29	20.5
CBDDTY010000394.1	1	37561	5	751	1.99941	0.0199941	30.4	9
CBDDTY010000395.1	1	37552	36	4206	11.2005	0.157142	30.5	19.7
CBDDTY010000396.1	1	37526	6	811	2.16117	0.0216117	30	1.67
CBDDTY010000397.1	1	37511	7	891	2.3753	0.023753	31.7	21.4
CBDDTY010000398.1	1	37500	25	3281	8.74933	0.0936	29.4	19.8
CBDDTY010000399.1	1	37488	16	2171	5.79119	0.0694889	29.8	12.8
CBDDTY010000400.1	1	37486	19	2873	7.66419	0.0824575	28.6	5.16
CBDDTY010000401.1	1	37468	25	3238	8.64204	0.103582	30.3	15
CBDDTY010000402.1	1	37458	15	2250	6.00673	0.0632976	31.9	9.87
CBDDTY010000403.1	1	37449	9	1437	3.83722	0.0432855	31.9	4.33
CBDDTY010000404.1	1	37432	27	2882	7.69929	0.0975903	29.2	9.41
CBDDTY010000405.1	1	37422	24	3661	9.78302	0.111165	30.3	16
CBDDTY010000406.1	1	37413	27	3277	8.75899	0.0980675	31.1	11.7
CBDDTY010000407.1	1	37403	29	3549	9.48854	0.120311	31.5	11.2
CBDDTY010000408.1	1	37401	12	1500	4.01059	0.044063	29.1	7.67
CBDDTY010000409.1	1	37392	23	3533	9.44855	0.0946727	30.9	30.3
CBDDTY010000410.1	1	37375	46	5569	14.9003	0.189993	31.5	32.7
CBDDTY010000411.1	1	37372	13	1259	3.36883	0.0431339	31.1	10.4
CBDDTY010000412.1	1	37362	12	1516	4.0576	0.0435737	32.1	18.3
CBDDTY010000413.1	1	37357	10	1174	3.14265	0.0479428	32.7	9.6
CBDDTY010000414.1	1	37356	19	2470	6.61206	0.0855284	30.6	8.47
CBDDTY010000415.1	1	37351	8	1264	3.38411	0.0378839	30.7	8.5
CBDDTY010000416.1	1	37340	22	3465	9.27959	0.0927959	31.2	10.3
CBDDTY010000417.1	1	37339	19	2827	7.57117	0.081202	31.9	30.3
CBDDTY010000418.1	1	37333	27	3948	10.5751	0.11068	31	30.1
CBDDTY010000419.1	1	37330	24	3102	8.30967	0.100991	32.3	22.7
CBDDTY010000420.1	1	37320	17	2632	7.05252	0.0708467	30.3	39.8
CBDDTY010000421.1	1	37314	27	2958	7.92732	0.110736	32.6	24.1
CBDDTY010000422.1	1	37303	17	2332	6.25151	0.0677425	26.9	17.2
CBDDTY010000423.1	1	37294	21	3401	9.11943	0.0974419	28.9	33.1
CBDDTY010000424.1	1	37288	22	3641	9.76454	0.0980744	31.7	15.2
CBDDTY010000425.1	1	37287	9	1371	3.67688	0.0367688	32.7	24.9
CBDDTY010000426.1	1	37269	18	2181	5.85205	0.0733586	29.1	6.61
CBDDTY010000427.1	1	37260	4	497	1.33387	0.0166935	33.2	0.5
CBDDTY010000428.1	1	37255	24	3705	9.94497	0.111314	30.4	25
CBDDTY010000429.1	1	37239	22	3287	8.82677	0.0905771	31.1	23.7
CBDDTY010000430.1	1	37224	23	3776	10.144	0.109338	30.6	33
CBDDTY010000431.1	1	37219	24	3819	10.2609	0.109299	32	30.7
CBDDTY010000432.1	1	37210	14	2512	6.75087	0.0675894	30.7	11.6
CBDDTY010000433.1	1	37180	60	8315	22.3642	0.26646	31	12.7
CBDDTY010000434.1	1	37176	17	2151	5.78599	0.0654723	35.3	20
CBDDTY010000435.1	1	37173	46	5921	15.9282	0.208969	30.7	32.9
CBDDTY010000436.1	1	37171	26	3728	10.0293	0.115655	31.1	47.6
CBDDTY010000437.1	1	37161	13	2199	5.91749	0.0591749	31	29.8
CBDDTY010000438.1	1	37150	18	2656	7.14939	0.0773351	32.1	35.2
CBDDTY010000439.1	1	37148	32	5312	14.2996	0.157236	31.3	25.6
CBDDTY010000440.1	1	37139	14	2360	6.35451	0.0636258	31.1	12.9
CBDDTY010000441.1	1	37137	11	1693	4.5588	0.0569244	32.8	18.9
CBDDTY010000442.1	1	37117	51	4964	13.3739	0.20659	30.3	22.3
CBDDTY010000443.1	1	37073	26	4156	11.2103	0.118388	29.8	22.4
CBDDTY010000444.1	1	37063	9	1281	3.45628	0.0397971	32.2	1.56
CBDDTY010000445.1	1	37063	16	1895	5.11292	0.0536924	31.8	7.19
CBDDTY010000446.1	1	37027	16	1803	4.86942	0.0578497	31.2	14.6
CBDDTY010000447.1	1	37021	42	5573	15.0536	0.183896	28.7	13.5
CBDDTY010000448.1	1	37009	10	1398	3.77746	0.0439082	30.1	7.3
CBDDTY010000449.1	1	37009	12	1558	4.20979	0.0433948	31	31
CBDDTY010000450.1	1	37003	41	4272	11.545	0.164527	29	13.3
CBDDTY010000451.1	1	37000	9	1347	3.64054	0.0382973	28.2	3.33
CBDDTY010000452.1	1	37000	12	1637	4.42432	0.0535676	31.4	16.5
CBDDTY010000453.1	1	37000	29	3573	9.65676	0.140108	33.3	6.31
CBDDTY010000454.1	1	37000	31	4089	11.0514	0.129027	30.4	14.9
CBDDTY010000455.1	1	37000	24	3028	8.18378	0.101162	30.8	11.1
CBDDTY010000456.1	1	37000	12	1952	5.27568	0.0557838	33.3	11.1
CBDDTY010000457.1	1	37000	2	305	0.824324	0.00824324	35.9	30.5
CBDDTY010000458.1	1	37000	18	2257	6.1	0.0648378	31.5	2.78
CBDDTY010000459.1	1	37000	22	3174	8.57838	0.0893784	30.5	0.818
CBDDTY010000460.1	1	37000	5	723	1.95405	0.0195405	27.4	16.6
CBDDTY010000461.1	1	37000	11	6029	16.2946	0.175189	12.3	21.2
CBDDTY010000462.1	1	36600	9	1284	3.5082	0.0413661	30.8	5
CBDDTY010000463.1	1	37000	16	2102	5.68108	0.0663514	31.4	28.1
CBDDTY010000464.1	1	37000	50	5671	15.327	0.215135	29.2	11.7
CBDDTY010000465.1	1	37000	3	420	1.13514	0.0113514	28.8	2
CBDDTY010000466.1	1	37000	26	3035	8.2027	0.0984324	29.3	11.7
CBDDTY010000467.1	1	36974	19	2391	6.46671	0.0688592	28.3	6.95
CBDDTY010000468.1	1	36968	24	2766	7.48215	0.101006	30.4	8.71
CBDDTY010000469.1	1	36961	14	2049	5.54368	0.0580341	32	24.8
CBDDTY010000470.1	1	36960	21	3670	9.92965	0.105222	32	28.7
CBDDTY010000471.1	1	36951	17	2192	5.93218	0.0690915	30.5	3.29
CBDDTY010000472.1	1	36947	24	3518	9.52175	0.100955	31.5	22.8
CBDDTY010000473.1	1	36947	17	3492	9.45138	0.0984383	29.4	43.8
CBDDTY010000474.1	1	36939	23	3362	9.10149	0.10853	30.9	24.6
CBDDTY010000475.1	1	36891	44	5545	15.0308	0.178634	31.5	19.2
CBDDTY010000476.1	1	36876	19	2768	7.50624	0.082574	31	22.8
CBDDTY010000477.1	1	36867	27	4170	11.3109	0.118344	29.9	33.4
CBDDTY010000478.1	1	36850	23	3704	10.0516	0.104803	31.4	30.4
CBDDTY010000479.1	1	36847	12	1611	4.37213	0.0543056	33.1	13.4
CBDDTY010000480.1	1	36827	16	2259	6.13409	0.0622641	31.8	22.5
CBDDTY010000481.1	1	36803	19	3158	8.58082	0.0932261	27.9	19.8
CBDDTY010000482.1	1	36768	12	1435	3.90285	0.0390285	32.3	8.83
CBDDTY010000483.1	1	36764	41	4737	12.8849	0.166549	32.1	18.9
CBDDTY010000484.1	1	36752	9	1214	3.30322	0.0330322	28.3	12.2
CBDDTY010000485.1	1	36750	25	3333	9.06939	0.0974966	31.9	6.88
CBDDTY010000486.1	1	36725	25	3178	8.65351	0.0970456	31.6	27.7
CBDDTY010000487.1	1	36704	31	4091	11.1459	0.118734	30.8	36.1
CBDDTY010000488.1	1	36703	12	2144	5.84148	0.0584148	29.8	23.1
CBDDTY010000489.1	1	36700	8	1664	4.53406	0.0453406	34.1	8.5
CBDDTY010000490.1	1	36697	17	2436	6.63814	0.0832221	29.4	20.5
CBDDTY010000491.1	1	36695	25	3670	10.0014	0.111296	32.8	30.7
CBDDTY010000492.1	1	36693	14	1959	5.33889	0.0551059	31.7	24.1
CBDDTY010000493.1	1	36680	14	2106	5.74155	0.0574155	30.9	22.4
CBDDTY010000494.1	1	36660	17	2541	6.93126	0.0693126	32.2	33
CBDDTY010000495.1	1	36651	34	4748	12.9546	0.145262	29.3	25.4
CBDDTY010000496.1	1	36643	22	3382	9.22959	0.0939606	32.3	17.1
CBDDTY010000497.1	1	36635	22	2787	7.60748	0.105173	29.9	7.14
CBDDTY010000498.1	1	36632	21	2621	7.15495	0.081295	31.9	6.71
CBDDTY010000499.1	1	36626	45	6146	16.7804	0.206848	30.1	24.4
CBDDTY010000500.1	1	36604	15	2251	6.1496	0.0653207	30	39.3
CBDDTY010000501.1	1	36576	19	2948	8.05993	0.0932032	31.4	25.1
CBDDTY010000502.1	1	36569	3	299	0.817632	0.00817632	32.9	0
CBDDTY010000503.1	1	36544	26	2018	5.52211	0.120266	31.7	3.54
CBDDTY010000504.1	1	36537	13	1870	5.1181	0.0541916	31.2	14.1
CBDDTY010000505.1	1	36535	30	4205	11.5095	0.128945	30.3	5.3
CBDDTY010000506.1	1	36522	16	2094	5.73353	0.0594984	31.1	20.7
CBDDTY010000507.1	1	36517	11	1509	4.13232	0.0413232	31.2	13.2
CBDDTY010000508.1	1	36508	12	1817	4.97699	0.0521256	31.1	13.8
CBDDTY010000509.1	1	36479	22	2955	8.10055	0.0897503	30.5	20.4
CBDDTY010000510.1	1	36479	18	2440	6.68878	0.0671619	32.4	14.8
CBDDTY010000511.1	1	36464	13	1698	4.65665	0.0514754	32.7	22.7
CBDDTY010000512.1	1	36411	26	3118	8.56335	0.107797	31.7	27.2
CBDDTY010000513.1	1	36383	12	1499	4.12006	0.0423275	33.8	23
CBDDTY010000514.1	1	36369	5	886	2.43614	0.0243614	32.1	22.6
CBDDTY010000515.1	1	36361	12	1624	4.46632	0.048871	29.9	14.1
CBDDTY010000516.1	1	36346	28	3845	10.5789	0.114841	30.6	17.4
CBDDTY010000517.1	1	36321	12	1874	5.15955	0.0572671	31.7	28.5
CBDDTY010000518.1	1	36316	19	2730	7.51735	0.0838749	30	7.74
CBDDTY010000519.1	1	36300	22	2457	6.7686	0.0909917	28.7	4.82
CBDDTY010000520.1	1	36292	11	1648	4.54095	0.049515	26.1	7.36
CBDDTY010000521.1	1	36254	28	2989	8.24461	0.124897	31.5	8.5
CBDDTY010000522.1	1	36241	14	1208	3.33324	0.0566485	31.5	3.79
CBDDTY010000523.1	1	36224	26	3727	10.2888	0.125828	31.6	23.6
CBDDTY010000524.1	1	36203	17	2375	6.56023	0.0712096	32	9.65
CBDDTY010000525.1	1	36196	25	3815	10.5398	0.117748	30.4	9.56
CBDDTY010000526.1	1	36191	17	2722	7.52121	0.0816778	32.1	34.2
CBDDTY010000527.1	1	36185	17	2540	7.01948	0.0818571	29.5	1.47
CBDDTY010000528.1	1	36177	33	3009	8.31744	0.144954	30.3	5.27
CBDDTY010000529.1	1	36170	27	3151	8.71164	0.127896	28.6	12
CBDDTY010000530.1	1	36068	26	4238	11.75	0.120744	28.6	22.7
CBDDTY010000531.1	1	36067	24	3730	10.3419	0.107106	32.2	39
CBDDTY010000532.1	1	36042	46	4745	13.1652	0.203929	33	7.78
CBDDTY010000533.1	1	36041	18	2749	7.62742	0.0860686	30.8	29.3
CBDDTY010000534.1	1	36038	23	3424	9.50108	0.103363	33.3	32.4
CBDDTY010000535.1	1	36037	16	2817	7.81697	0.0895746	31.4	4.94
CBDDTY010000536.1	1	36027	22	2665	7.39723	0.0786077	30.2	20.4
CBDDTY010000537.1	1	36021	28	3605	10.0081	0.109492	29.4	24.2
CBDDTY010000538.1	1	36013	6	906	2.51576	0.0251576	33	7.5
CBDDTY010000539.1	1	36009	8	1235	3.4297	0.0380738	33.2	1.25
CBDDTY010000540.1	1	36007	11	1456	4.04366	0.0426306	33	12.1
CBDDTY010000541.1	1	36000	12	1437	3.99167	0.04575	33.1	3.25
CBDDTY010000542.1	1	36000	9	1216	3.37778	0.0371667	28.1	3.56
CBDDTY010000543.1	1	36000	6	840	2.33333	0.0259167	34.4	0.5
CBDDTY010000545.1	1	36000	2	514	1.42778	0.0142778	28.9	0.5
CBDDTY010000546.1	1	36000	57	5286	14.6833	0.220028	31.6	15.5
CBDDTY010000547.1	1	36000	13	1758	4.88333	0.0575556	28.6	16.2
CBDDTY010000548.1	1	36000	3	310	0.861111	0.0104722	34.5	8
CBDDTY010000549.1	1	36000	11	1506	4.18333	0.0438889	30	12.2
CBDDTY010000550.1	1	36000	14	1781	4.94722	0.0535278	31.2	33.7
CBDDTY010000551.1	1	36000	13	1910	5.30556	0.06125	33	12.5
CBDDTY010000552.1	1	36000	11	1650	4.58333	0.0505556	31.5	8.27
CBDDTY010000553.1	1	36000	7	1012	2.81111	0.0297778	31.4	6.14
CBDDTY010000554.1	1	36000	29	3979	11.0528	0.137222	31.2	2.66
CBDDTY010000555.1	1	36000	17	2404	6.67778	0.0695556	30.4	1
CBDDTY010000556.1	1	36000	37	4099	11.3861	0.156472	31	4.57
CBDDTY010000557.1	1	36000	11	1559	4.33056	0.0437778	31.3	5.82
CBDDTY010000558.1	1	36000	14	1903	5.28611	0.0598056	30.8	2.64
CBDDTY010000559.1	1	36000	14	1726	4.79444	0.0493333	30	3.43
CBDDTY010000560.1	1	36000	20	3409	9.46944	0.107833	31	15.9
CBDDTY010000561.1	1	36000	17	1588	4.41111	0.0718056	29.2	10.5
CBDDTY010000562.1	1	35996	10	1444	4.01156	0.0432826	34.3	12.1
CBDDTY010000563.1	1	35994	12	1768	4.91193	0.0580652	33.8	9.67
CBDDTY010000564.1	1	35993	21	3426	9.51852	0.109632	29.1	39.3
CBDDTY010000565.1	1	35974	19	2530	7.03286	0.0782788	32.2	10.8
CBDDTY010000566.1	1	35951	27	4355	12.1137	0.131012	30.5	21
CBDDTY010000567.1	1	35932	21	3146	8.75543	0.0972949	30.5	23.2
CBDDTY010000568.1	1	35907	9	1348	3.75414	0.0406049	30.5	33.1
CBDDTY010000569.1	1	35901	17	2718	7.57082	0.0773516	33.2	24.2
CBDDTY010000570.1	1	35881	19	2500	6.96748	0.0804604	29.7	27.3
CBDDTY010000571.1	1	35878	20	3274	9.12537	0.0988628	32.6	17.4
CBDDTY010000572.1	1	35869	18	2858	7.96788	0.0796788	28.4	21
CBDDTY010000573.1	1	35838	14	2101	5.86249	0.06814	29.4	19.1
CBDDTY010000574.1	1	35809	27	3183	8.88883	0.114385	32	16.9
CBDDTY010000575.1	1	35804	25	3117	8.70573	0.102335	32.8	13
CBDDTY010000576.1	1	35783	39	5003	13.9815	0.156415	30.8	12.2
CBDDTY010000577.1	1	35774	15	1877	5.24683	0.0653547	28.5	15
CBDDTY010000578.1	1	35767	15	2386	6.67095	0.0711829	29.7	29
CBDDTY010000579.1	1	35746	32	3921	10.9691	0.169529	30.9	7.81
CBDDTY010000580.1	1	35706	26	3842	10.7601	0.119392	32.5	28.8
CBDDTY010000581.1	1	35701	5	492	1.37811	0.0207277	28.6	0.2
CBDDTY010000582.1	1	35667	30	3931	11.0214	0.129279	31.1	14
CBDDTY010000583.1	1	35664	46	6021	16.8826	0.213661	31.1	22.7
CBDDTY010000584.1	1	35663	11	1101	3.08723	0.0418641	32	0.273
CBDDTY010000585.1	1	35659	41	6006	16.8429	0.20152	28.9	28.8
CBDDTY010000586.1	1	35653	9	1108	3.10773	0.0365187	31.8	5.67
CBDDTY010000587.1	1	35632	18	2925	8.20891	0.0900876	33.2	33.4
CBDDTY010000588.1	1	35623	19	2217	6.22351	0.0787693	28.9	14.8
CBDDTY010000589.1	1	35617	26	2932	8.23202	0.101833	29.8	8.54
CBDDTY010000590.1	1	35611	7	841	2.36163	0.0236163	29.4	4.43
CBDDTY010000591.1	1	35600	12	1816	5.10112	0.0510112	28.9	20.9
CBDDTY010000592.1	1	35580	27	3841	10.7954	0.122063	27.5	31.5
CBDDTY010000593.1	1	35579	15	2429	6.82706	0.0742011	31.5	26.1
CBDDTY010000594.1	1	35553	28	3915	11.0117	0.115996	30.4	10.4
CBDDTY010000595.1	1	35548	6	848	2.38551	0.0238551	30.1	22.3
CBDDTY010000596.1	1	35530	16	1860	5.23501	0.0584576	30.7	1.75
CBDDTY010000597.1	1	35530	20	3071	8.6434	0.0911905	29.6	15.3
CBDDTY010000598.1	1	35528	3	486	1.36794	0.0136794	36.8	60
CBDDTY010000599.1	1	35493	11	1240	3.49365	0.0405996	32.9	15.5
CBDDTY010000600.1	1	35492	26	3671	10.3432	0.105996	30.6	31.5
CBDDTY010000601.1	1	35485	7	1023	2.88291	0.0288291	29.2	21.1
CBDDTY010000602.1	1	35471	20	2755	7.76691	0.0812213	31.4	25.6
CBDDTY010000603.1	1	35451	23	2872	8.10132	0.0876139	28.1	13.8
CBDDTY010000604.1	1	35446	26	3303	9.3184	0.107375	31.7	20.6
CBDDTY010000605.1	1	35444	19	2464	6.95181	0.0840481	30.3	21.2
CBDDTY010000606.1	1	35436	11	2082	5.87538	0.0587538	30.6	35.4
CBDDTY010000607.1	1	35427	15	1899	5.36032	0.062156	32.5	17.1
CBDDTY010000608.1	1	35411	19	2405	6.79167	0.0787326	29.2	13.1
CBDDTY010000609.1	1	35406	25	3283	9.27244	0.115489	29.6	10.5
CBDDTY010000610.1	1	35405	19	2666	7.53001	0.0836323	28.8	14.8
CBDDTY010000611.1	1	35394	19	3152	8.90546	0.100271	32.4	24.5
CBDDTY010000612.1	1	35391	30	3978	11.2401	0.131389	31.1	27.8
CBDDTY010000613.1	1	35375	17	2277	6.43675	0.0643675	30.6	23.3
CBDDTY010000614.1	1	35360	8	1046	2.95814	0.031957	28.7	11.8
CBDDTY010000615.1	1	35356	23	3747	10.5979	0.109769	32.2	28.5
CBDDTY010000616.1	1	35353	25	3982	11.2635	0.127316	29.9	10
CBDDTY010000617.1	1	35339	23	2997	8.48072	0.101729	32.1	26.6
CBDDTY010000618.1	1	35335	40	5768	16.3238	0.193689	29.4	29.7
CBDDTY010000619.1	1	35317	23	3016	8.5398	0.0992723	29.6	18.2
CBDDTY010000620.1	1	35312	12	2087	5.91017	0.0605743	32.1	36.5
CBDDTY010000621.1	1	35302	11	1722	4.87791	0.052405	34.2	7.64
CBDDTY010000622.1	1	35301	13	2142	6.06782	0.0610464	31.9	29.2
CBDDTY010000623.1	1	35276	23	3782	10.7212	0.108062	31.6	37.9
CBDDTY010000624.1	1	35275	17	2003	5.67824	0.0604394	33.6	30.4
CBDDTY010000625.1	1	35268	15	2210	6.2663	0.0661223	32.7	15.7
CBDDTY010000626.1	1	35244	22	3776	10.7139	0.115991	30.7	27.8
CBDDTY010000627.1	1	35237	19	2932	8.3208	0.083208	33	27.6
CBDDTY010000628.1	1	35226	8	1170	3.32141	0.0332141	28.9	5.75
CBDDTY010000629.1	1	35215	21	3452	9.80264	0.0985092	32.3	19.7
CBDDTY010000630.1	1	35189	29	3826	10.8727	0.139248	31	1.17
CBDDTY010000631.1	1	35182	15	2334	6.63407	0.0663407	33.8	31
CBDDTY010000632.1	1	35142	14	2236	6.36276	0.0672699	31.3	33.5
CBDDTY010000633.1	1	35132	7	1007	2.86633	0.0371172	32.2	35.9
CBDDTY010000634.1	1	35126	27	3590	10.2203	0.124665	30.8	20.2
CBDDTY010000635.1	1	35121	20	2915	8.29988	0.0847641	31	18.6
CBDDTY010000636.1	1	35089	25	4237	12.075	0.135513	32.2	20
CBDDTY010000637.1	1	35077	34	4523	12.8945	0.156912	30	14.9
CBDDTY010000638.1	1	35069	10	1758	5.01297	0.0602526	29.1	13
CBDDTY010000639.1	1	35053	24	3294	9.3972	0.10487	32.2	11.1
CBDDTY010000640.1	1	35042	18	2395	6.83466	0.0702585	32.3	15.5
CBDDTY010000641.1	1	35041	9	1450	4.13801	0.0413801	32.7	35.8
CBDDTY010000642.1	1	35040	14	2195	6.26427	0.067637	28.1	21.8
CBDDTY010000643.1	1	35019	13	2243	6.40509	0.0715326	32.9	27.8
CBDDTY010000644.1	1	35016	9	1269	3.62406	0.0366404	27.1	33.9
CBDDTY010000645.1	1	35010	10	1557	4.4473	0.044473	31.6	20.1
CBDDTY010000646.1	1	35000	3	733	2.09429	0.0209429	32.4	34
CBDDTY010000647.1	1	35000	22	2923	8.35143	0.0971429	31.7	1.45
CBDDTY010000648.1	1	35000	20	2717	7.76286	0.0900286	31.2	16.1
CBDDTY010000649.1	1	35000	13	1567	4.47714	0.0474286	29	1.69
CBDDTY010000650.1	1	35000	25	2712	7.74857	0.0977143	31.3	7.44
CBDDTY010000651.1	1	35000	8	1390	3.97143	0.0397143	31	17.8
CBDDTY010000652.1	1	35000	54	6525	18.6429	0.247229	30.3	8.63
CBDDTY010000653.1	1	35000	18	2081	5.94571	0.0727143	31.5	26.1
CBDDTY010000654.1	1	35000	17	2024	5.78286	0.0705143	28.8	1.06
CBDDTY010000655.1	1	35000	16	2234	6.38286	0.0677429	32	0.75
CBDDTY010000656.1	1	35000	28	3464	9.89714	0.124057	32.4	8.57
CBDDTY010000657.1	1	34800	15	2071	5.95115	0.0623851	29.5	6.6
CBDDTY010000658.1	1	35000	16	2061	5.88857	0.0650857	29.6	18.1
CBDDTY010000659.1	1	35000	36	4563	13.0371	0.161857	32.3	21
CBDDTY010000660.1	1	35000	11	1438	4.10857	0.0437714	26.4	3
CBDDTY010000661.1	1	35000	20	2487	7.10571	0.104743	31.9	13.3
CBDDTY010000662.1	1	35000	28	3292	9.40571	0.114314	30.7	6.14
CBDDTY010000663.1	1	35000	20	2533	7.23714	0.0749429	33	4.25
CBDDTY010000664.1	1	34987	7	1122	3.20691	0.0320691	29.8	0.857
CBDDTY010000665.1	1	34986	14	2100	6.0024	0.0695993	31.1	17
CBDDTY010000666.1	1	34983	10	2183	6.24017	0.0637738	30.8	29.1
CBDDTY010000667.1	1	34982	11	1367	3.90772	0.0409353	32.9	12.5
CBDDTY010000668.1	1	34972	11	1584	4.52934	0.0452934	32.7	5.27
CBDDTY010000669.1	1	34950	24	3009	8.60944	0.101431	30.8	19.1
CBDDTY010000670.1	1	34942	47	6275	17.9583	0.213668	31.3	31.2
CBDDTY010000671.1	1	34934	21	2851	8.1611	0.0978989	29.4	12.2
CBDDTY010000672.1	1	34925	6	967	2.76879	0.0310379	26.6	3.17
CBDDTY010000673.1	1	34922	11	1242	3.5565	0.0383426	30.4	0.727
CBDDTY010000674.1	1	34918	5	730	2.09061	0.0209061	26.2	21.2
CBDDTY010000675.1	1	34907	28	3525	10.0983	0.12032	32.7	17.9
CBDDTY010000676.1	1	34893	22	2749	7.87837	0.0997908	30.3	7.18
CBDDTY010000677.1	1	34876	17	2592	7.43204	0.0751806	29	18.7
CBDDTY010000678.1	1	34863	15	1841	5.28067	0.0588016	31.4	6.6
CBDDTY010000679.1	1	34854	27	3762	10.7936	0.119498	29.2	25.7
CBDDTY010000680.1	1	34847	20	2826	8.10974	0.0882429	28.1	24.1
CBDDTY010000681.1	1	34839	12	1725	4.95135	0.0503172	29.2	6.75
CBDDTY010000682.1	1	34824	27	4417	12.6838	0.148863	29.4	11.5
CBDDTY010000683.1	1	34791	16	2259	6.49306	0.07775	31.6	5.75
CBDDTY010000684.1	1	34774	21	2938	8.44884	0.0952723	29.4	39.6
CBDDTY010000685.1	1	34677	49	6027	17.3804	0.257519	29.8	20.5
CBDDTY010000686.1	1	34671	20	2550	7.35485	0.0813071	30.9	18.6
CBDDTY010000687.1	1	34617	25	3400	9.82176	0.105006	29.7	20.9
CBDDTY010000688.1	1	34609	9	1351	3.90361	0.0424456	31.7	24.2
CBDDTY010000689.1	1	34607	26	3486	10.0731	0.102263	30.4	20.5
CBDDTY010000690.1	1	34599	10	1009	2.91627	0.0458684	32.3	7.5
CBDDTY010000691.1	1	34599	25	3448	9.96561	0.13142	29.5	9.56
CBDDTY010000692.1	1	34584	13	1831	5.29436	0.0698011	28.8	24.7
CBDDTY010000693.1	1	34578	7	921	2.66354	0.0301058	31.5	3.43
CBDDTY010000694.1	1	34559	16	2374	6.86941	0.0790532	28.6	32.2
CBDDTY010000695.1	1	34533	34	3774	10.9287	0.134914	32.1	15.1
CBDDTY010000696.1	1	34476	24	3549	10.2941	0.11524	27.8	21.5
CBDDTY010000697.1	1	34476	10	1463	4.24353	0.0480334	31.9	17.6
CBDDTY010000698.1	1	34464	16	2107	6.11363	0.0670555	29.9	14.1
CBDDTY010000699.1	1	34461	20	3121	9.05661	0.102667	29.6	11.2
CBDDTY010000700.1	1	34459	18	2468	7.16213	0.0910938	31	11.3
CBDDTY010000701.1	1	34436	6	928	2.69485	0.0292427	32.1	1
CBDDTY010000702.1	1	34429	15	2685	7.79866	0.0784804	28.9	15.5
CBDDTY010000703.1	1	34426	20	3308	9.60902	0.0968745	32	19.1
CBDDTY010000704.1	1	34379	27	3464	10.0759	0.130865	32.1	19.7
CBDDTY010000705.1	1	34351	30	4543	13.2252	0.13854	31.7	28.7
CBDDTY010000706.1	1	34304	16	2070	6.03428	0.0623251	30.4	4.44
CBDDTY010000707.1	1	34288	21	2814	8.20695	0.106597	30.4	18.8
CBDDTY010000708.1	1	34277	15	2090	6.09738	0.0621116	33.9	23.4
CBDDTY010000709.1	1	34223	30	3928	11.4777	0.147649	30.1	28.5
CBDDTY010000710.1	1	34219	51	5378	15.7164	0.23107	30.8	3.37
CBDDTY010000711.1	1	34211	12	2307	6.74345	0.0674345	33.7	30.2
CBDDTY010000712.1	1	34207	18	2418	7.06873	0.079399	31.2	31.5
CBDDTY010000713.1	1	34200	18	2503	7.31871	0.0878655	32.8	34.8
CBDDTY010000714.1	1	34198	23	3596	10.5152	0.111352	30.3	36
CBDDTY010000715.1	1	34194	29	3611	10.5603	0.118354	31.5	33.5
CBDDTY010000716.1	1	34185	45	5179	15.1499	0.202516	30.6	15.7
CBDDTY010000717.1	1	34155	22	2868	8.39701	0.0876885	32.1	29.7
CBDDTY010000718.1	1	34148	20	2993	8.76479	0.104399	31.5	20.8
CBDDTY010000719.1	1	34147	16	2475	7.24807	0.0754971	32.4	30.9
CBDDTY010000720.1	1	34139	23	3182	9.32072	0.100647	28.8	9.17
CBDDTY010000721.1	1	34138	22	3302	9.67251	0.115092	30.1	29
CBDDTY010000722.1	1	34137	24	2670	7.82143	0.103495	29.8	7.42
CBDDTY010000723.1	1	34130	18	2462	7.2136	0.093056	31	24.8
CBDDTY010000724.1	1	34124	24	2362	6.92181	0.10116	30.1	18.7
CBDDTY010000725.1	1	34122	30	3733	10.9402	0.135279	30.8	4.37
CBDDTY010000726.1	1	34090	27	2748	8.06101	0.115195	30.1	3.85
CBDDTY010000727.1	1	34087	17	2610	7.65688	0.0812333	31.7	22.3
CBDDTY010000728.1	1	34078	6	703	2.06291	0.0206291	31.1	5.83
CBDDTY010000729.1	1	34053	10	1611	4.73086	0.0486007	32.8	15.3
CBDDTY010000730.1	1	34026	38	4662	13.7013	0.172221	29.7	10.8
CBDDTY010000731.1	1	34006	12	1485	4.36688	0.0495501	34.4	6.5
CBDDTY010000732.1	1	34000	8	1277	3.75588	0.0375588	29.7	2
CBDDTY010000733.1	1	34000	10	1522	4.47647	0.0483824	32.9	7.5
CBDDTY010000734.1	1	34000	18	2208	6.49412	0.0825	32.8	11.9
CBDDTY010000735.1	1	34000	35	2494	7.33529	0.155206	32	7.49
CBDDTY010000736.1	1	34000	9	995	2.92647	0.0371765	32.6	25.2
CBDDTY010000737.1	1	34000	11	1314	3.86471	0.0421471	31.3	3.73
CBDDTY010000738.1	1	34000	6	920	2.70588	0.0270588	28.8	31.7
CBDDTY010000739.1	1	34000	17	1975	5.80882	0.0683235	31.5	4.41
CBDDTY010000740.1	1	34000	30	3147	9.25588	0.154441	32.8	8.57
CBDDTY010000741.1	1	34000	30	3243	9.53824	0.141647	29.2	2.27
CBDDTY010000742.1	1	33800	41	4942	14.6213	0.195533	30.6	32.1
CBDDTY010000743.1	1	34000	6	716	2.10588	0.0251471	27.5	8.33
CBDDTY010000744.1	1	34000	14	1398	4.11176	0.0455588	33.2	5.43
CBDDTY010000745.1	1	34000	21	2227	6.55	0.0922353	32.7	11
CBDDTY010000746.1	1	34000	20	2581	7.59118	0.0946765	31.7	8.1
CBDDTY010000747.1	1	34000	40	4473	13.1559	0.198912	29.4	5.25
CBDDTY010000748.1	1	34000	15	2058	6.05294	0.0620588	31.3	4.07
CBDDTY010000749.1	1	34000	5	860	2.52941	0.0252941	34.8	12.2
CBDDTY010000750.1	1	33800	22	2794	8.26627	0.0846154	31	8.27
CBDDTY010000751.1	1	34000	8	1313	3.86176	0.0386176	30.3	12
CBDDTY010000752.1	1	34000	26	3742	11.0059	0.117118	27.3	27.6
CBDDTY010000753.1	1	34000	15	2397	7.05	0.0705	31.5	27.2
CBDDTY010000754.1	1	33612	9	1505	4.47757	0.0448947	32.9	27.7
CBDDTY010000755.1	1	33992	21	2999	8.82266	0.103083	30.6	18
CBDDTY010000756.1	1	33985	31	4454	13.1058	0.145358	32.4	36.3
CBDDTY010000757.1	1	33983	17	2705	7.95986	0.0831298	29.8	27
CBDDTY010000758.1	1	33983	21	2225	6.54739	0.0863373	33	12.2
CBDDTY010000759.1	1	33929	6	596	1.75661	0.0175661	35	0.167
CBDDTY010000760.1	1	33925	15	1783	5.25571	0.0552985	32.4	8.73
CBDDTY010000761.1	1	33923	24	3476	10.2467	0.111105	31.7	31
CBDDTY010000762.1	1	33914	11	1836	5.41369	0.0559946	28.6	23.1
CBDDTY010000763.1	1	33898	13	2092	6.17146	0.0647531	26.9	23.5
CBDDTY010000764.1	1	33890	9	1565	4.61788	0.0462673	28.2	16.6
CBDDTY010000765.1	1	33888	15	2472	7.29462	0.0742741	29.8	15.1
CBDDTY010000766.1	1	33673	25	2857	8.48454	0.101001	31.1	3.8
CBDDTY010000767.1	1	33858	17	3046	8.9964	0.0928289	31.8	37.8
CBDDTY010000768.1	1	33839	14	2068	6.11129	0.0641567	31.7	25.8
CBDDTY010000769.1	1	33835	28	3266	9.65273	0.112605	29.2	20.4
CBDDTY010000770.1	1	33831	16	2098	6.20141	0.0650291	31.7	24.5
CBDDTY010000771.1	1	33828	17	2176	6.43254	0.0643254	30.1	24.5
CBDDTY010000772.1	1	33826	24	3501	10.35	0.104151	29.3	31.9
CBDDTY010000773.1	1	33818	25	3522	10.4146	0.116033	29.8	13.4
CBDDTY010000774.1	1	33817	24	3515	10.3942	0.115179	33.8	13
CBDDTY010000775.1	1	33801	28	3640	10.7689	0.119789	29.2	19.4
CBDDTY010000776.1	1	33789	19	2888	8.54716	0.100121	32.2	20.4
CBDDTY010000777.1	1	33769	18	2446	7.24333	0.0787409	30.4	36.2
CBDDTY010000778.1	1	33768	22	1873	5.54667	0.0940832	30.8	9.18
CBDDTY010000779.1	1	33766	27	3442	10.1937	0.111651	30.2	14.9
CBDDTY010000780.1	1	33762	16	2396	7.09674	0.0826965	29.4	13.3
CBDDTY010000781.1	1	33751	3	506	1.49921	0.0149921	31	15.7
CBDDTY010000782.1	1	33746	15	1585	4.69685	0.0516506	31.4	9.87
CBDDTY010000783.1	1	33732	19	3184	9.43911	0.100972	30.8	33.1
CBDDTY010000784.1	1	33722	55	5617	16.6568	0.236404	31.2	6.07
CBDDTY010000785.1	1	33708	27	3240	9.61196	0.107897	30.5	16.9
CBDDTY010000786.1	1	33702	22	3103	9.20717	0.102101	30.8	13.3
CBDDTY010000787.1	1	33661	13	1765	5.24346	0.0555836	31.6	9.77
CBDDTY010000788.1	1	33654	12	1652	4.90878	0.0495632	30.9	15.2
CBDDTY010000789.1	1	33644	19	2767	8.22435	0.0948758	31.3	27.9
CBDDTY010000790.1	1	33638	18	2929	8.70741	0.0915631	31.9	7.61
CBDDTY010000791.1	1	33637	17	2485	7.3877	0.0812201	31.7	24.6
CBDDTY010000792.1	1	33637	14	1902	5.65449	0.0599043	29	12.5
CBDDTY010000793.1	1	33634	14	2061	6.12773	0.0612773	31.9	11.2
CBDDTY010000794.1	1	33629	11	1455	4.32662	0.0432662	30.7	7.45
CBDDTY010000795.1	1	33617	21	2972	8.84077	0.0955469	30.3	19.7
CBDDTY010000796.1	1	33612	23	3405	10.1303	0.108146	30.5	28.3
CBDDTY010000797.1	1	33606	70	5904	17.5683	0.34479	31.3	9.61
CBDDTY010000798.1	1	33591	13	625	1.86062	0.032598	30.5	3.54
CBDDTY010000799.1	1	33579	12	2211	6.58447	0.0699247	31.7	12.1
CBDDTY010000800.1	1	33572	19	2683	7.99178	0.0842369	32.6	37.2
CBDDTY010000801.1	1	33566	13	1591	4.73992	0.0741822	29.8	14.4
CBDDTY010000802.1	1	33558	4	604	1.79987	0.0210382	27.9	8.75
CBDDTY010000803.1	1	33558	17	2260	6.73461	0.0733655	29.4	16.3
CBDDTY010000804.1	1	33534	7	824	2.45721	0.0281505	32.5	21.9
CBDDTY010000805.1	1	33515	24	2968	8.85574	0.108548	31.4	14.8
CBDDTY010000806.1	1	33512	16	2318	6.91693	0.0725113	33.7	15.9
CBDDTY010000807.1	1	33506	24	4091	12.2098	0.135379	28.5	34.8
CBDDTY010000808.1	1	33489	25	2821	8.42366	0.118636	31.4	9.04
CBDDTY010000809.1	1	33465	23	4203	12.5594	0.135276	29.6	25.1
CBDDTY010000810.1	1	33458	13	1609	4.80901	0.0480901	29.4	0.0769
CBDDTY010000811.1	1	33457	10	1540	4.60292	0.0488986	31.5	3.5
CBDDTY010000812.1	1	33457	3	535	1.59907	0.0159907	30.6	38.7
CBDDTY010000813.1	1	33431	11	1703	5.09407	0.0509407	31.9	17.6
CBDDTY010000814.1	1	33402	26	3342	10.0054	0.112688	31.5	27.8
CBDDTY010000815.1	1	33384	62	6521	19.5333	0.282441	30.8	19.4
CBDDTY010000816.1	1	33379	12	1538	4.60769	0.0486833	29.8	5.25
CBDDTY010000817.1	1	33356	20	2282	6.84135	0.0967442	28.6	11.3
CBDDTY010000818.1	1	33356	13	2316	6.94328	0.0694328	28.2	27.2
CBDDTY010000819.1	1	33350	10	1523	4.56672	0.0497451	31	3.4
CBDDTY010000820.1	1	33349	41	4331	12.9869	0.181505	30.5	8.59
CBDDTY010000821.1	1	33284	20	3512	10.5516	0.108461	31.2	28.6
CBDDTY010000822.1	1	33274	25	3249	9.76438	0.115736	29.8	22.3
CBDDTY010000823.1	1	33274	36	4330	13.0132	0.189908	31.3	27.1
CBDDTY010000824.1	1	33255	22	2948	8.86483	0.0995339	30.6	17.4
CBDDTY010000825.1	1	33215	11	1872	5.63601	0.0563601	30.5	22.5
CBDDTY010000826.1	1	33147	13	1690	5.0985	0.0568981	31	11.3
CBDDTY010000827.1	1	33145	20	3130	9.44335	0.0956102	31.8	31.8
CBDDTY010000828.1	1	33130	12	2282	6.88802	0.0693329	29.1	35
CBDDTY010000829.1	1	33113	29	3958	11.953	0.150364	31.3	9.69
CBDDTY010000830.1	1	33105	13	2595	7.8387	0.078387	29.7	10.2
CBDDTY010000831.1	1	33092	25	3517	10.6279	0.120845	31.9	24.6
CBDDTY010000832.1	1	33090	10	1509	4.56029	0.0456029	30.8	14.5
CBDDTY010000833.1	1	33069	17	2835	8.57298	0.0941667	28.8	12.5
CBDDTY010000834.1	1	33053	22	3000	9.07633	0.0938493	27.4	17.8
CBDDTY010000835.1	1	33051	4	447	1.35246	0.0139784	31.3	23
CBDDTY010000836.1	1	33016	14	1980	5.99709	0.0622728	29.1	21.9
CBDDTY010000837.1	1	33006	23	3249	9.84366	0.108617	31.9	21.5
CBDDTY010000838.1	1	33000	13	2561	7.76061	0.0776061	27.9	18.5
CBDDTY010000839.1	1	33000	8	1080	3.27273	0.0376667	30.4	16.6
CBDDTY010000840.1	1	33000	8	967	2.9303	0.0301515	33.1	7.75
CBDDTY010000841.1	1	33000	23	3385	10.2576	0.111606	31.6	1.39
CBDDTY010000842.1	1	33000	17	2012	6.09697	0.0675152	32.9	24.6
CBDDTY010000843.1	1	33000	46	6205	18.803	0.214545	29.7	14.3
CBDDTY010000844.1	1	33000	24	3180	9.63636	0.111424	31.2	29.3
CBDDTY010000845.1	1	32800	73	8363	25.497	0.371677	31.1	3.55
CBDDTY010000846.1	1	33000	26	3668	11.1152	0.132727	31.4	23.3
CBDDTY010000847.1	1	33000	19	2985	9.04545	0.0904545	29.6	11.9
CBDDTY010000848.1	1	33000	1	251	0.760606	0.00760606	35.4	0
CBDDTY010000849.1	1	33000	9	1286	3.89697	0.041697	32.8	0.889
CBDDTY010000850.1	1	33000	8	741	2.24545	0.0288788	34.1	4.12
CBDDTY010000851.1	1	33000	12	1778	5.38788	0.0580303	28.4	33.1
CBDDTY010000852.1	1	33000	28	3566	10.8061	0.132424	31.8	30.6
CBDDTY010000853.1	1	33000	8	1225	3.71212	0.0424242	30.1	18.9
CBDDTY010000854.1	1	33000	29	4345	13.1667	0.143758	28.9	5.03
CBDDTY010000855.1	1	33000	2	432	1.30909	0.0130909	25.3	35.5
CBDDTY010000856.1	1	33000	27	3152	9.55152	0.111394	31.2	16
CBDDTY010000857.1	1	32600	27	3509	10.7638	0.138466	27.2	14.6
CBDDTY010000858.1	1	32995	48	4494	13.6202	0.253735	19.2	25.1
CBDDTY010000859.1	1	32982	10	1454	4.40847	0.0440847	30.2	15.1
CBDDTY010000860.1	1	32981	6	1156	3.50505	0.037082	33.4	10.3
CBDDTY010000861.1	1	32973	1	147	0.445819	0.00445819	25.8	60
CBDDTY010000862.1	1	32972	9	1445	4.38251	0.0438251	32.5	34.1
CBDDTY010000863.1	1	32968	23	3169	9.61235	0.102675	29.3	23.4
CBDDTY010000864.1	1	32945	25	3701	11.2339	0.11932	29.3	23.1
CBDDTY010000865.1	1	32929	23	2959	8.986	0.104194	30.7	38.8
CBDDTY010000866.1	1	32909	6	954	2.8989	0.028989	31.4	0.333
CBDDTY010000867.1	1	32895	12	1624	4.93692	0.0590363	28.2	13.8
CBDDTY010000868.1	1	32880	9	1202	3.65572	0.0389903	34.2	10
CBDDTY010000869.1	1	32860	39	5050	15.3682	0.176902	31.2	25.9
CBDDTY010000870.1	1	32845	11	1186	3.6109	0.0402497	31.1	0.818
CBDDTY010000871.1	1	32844	14	2089	6.36037	0.064852	33	27.5
CBDDTY010000872.1	1	32844	17	2638	8.03191	0.0823895	29.6	14.1
CBDDTY010000873.1	1	32842	14	1957	5.95883	0.0773095	29.8	13.9
CBDDTY010000874.1	1	32811	16	1834	5.58959	0.0700984	33.2	5.81
CBDDTY010000875.1	1	32802	17	2569	7.83184	0.0783184	31.8	34.8
CBDDTY010000876.1	1	32800	2	329	1.00305	0.0100305	32.3	7
CBDDTY010000877.1	1	32799	16	2534	7.72585	0.079789	28.4	35.1
CBDDTY010000878.1	1	32787	14	1925	5.87123	0.0639583	29.2	5.93
CBDDTY010000879.1	1	32758	12	2019	6.16338	0.0659686	29.5	21.1
CBDDTY010000880.1	1	32752	11	1353	4.13105	0.0481192	27.2	21.8
CBDDTY010000882.1	1	32721	7	717	2.19125	0.0290639	27.3	0.857
CBDDTY010000883.1	1	32713	35	3318	10.1428	0.15957	31.7	23.8
CBDDTY010000884.1	1	32695	20	3227	9.87001	0.0992506	30.4	30.2
CBDDTY010000885.1	1	32654	18	2325	7.12011	0.0777546	32	19.1
CBDDTY010000886.1	1	32652	15	2455	7.51868	0.0751868	31.2	27.1
CBDDTY010000887.1	1	32652	10	1165	3.56793	0.0385888	30.6	4.9
CBDDTY010000888.1	1	32650	19	2804	8.58806	0.089464	32.5	24.6
CBDDTY010000889.1	1	32631	21	2842	8.70951	0.0947259	27.6	17.1
CBDDTY010000890.1	1	32628	5	874	2.67868	0.0267868	32.5	3.4
CBDDTY010000891.1	1	32627	29	4104	12.5785	0.139976	31.5	19.5
CBDDTY010000892.1	1	32626	21	2887	8.84877	0.0976215	29.7	24.6
CBDDTY010000893.1	1	32599	14	1883	5.77625	0.0648793	29.3	3.14
CBDDTY010000894.1	1	32560	16	2257	6.93182	0.0785627	29.6	11.7
CBDDTY010000895.1	1	32545	19	2777	8.5328	0.0950684	29.2	12.5
CBDDTY010000896.1	1	32521	13	2027	6.2329	0.062329	30.1	17.5
CBDDTY010000897.1	1	32477	18	2507	7.71931	0.0851372	30.1	10.8
CBDDTY010000898.1	1	32385	18	2822	8.71391	0.0905975	31.2	27.4
CBDDTY010000899.1	1	32338	9	1494	4.61995	0.0510854	28.9	15.2
CBDDTY010000900.1	1	32332	49	5683	17.577	0.275114	30.4	16.7
CBDDTY010000901.1	1	32328	17	2254	6.97228	0.0743937	33.1	16.1
CBDDTY010000902.1	1	32322	27	3616	11.1874	0.120104	31.2	3.52
CBDDTY010000903.1	1	32321	18	2920	9.03437	0.0916432	28.5	13.7
CBDDTY010000904.1	1	32315	32	4727	14.6279	0.160792	30.6	20.8
CBDDTY010000905.1	1	32285	18	1447	4.48196	0.0765371	31.8	10.3
CBDDTY010000906.1	1	32274	15	2245	6.95606	0.0716986	31	24.5
CBDDTY010000907.1	1	32264	9	757	2.34627	0.0444768	33.7	7.33
CBDDTY010000908.1	1	32248	11	1458	4.52121	0.048034	28.1	1.82
CBDDTY010000909.1	1	32245	27	4330	13.4284	0.151869	31.1	11
CBDDTY010000910.1	1	32244	12	1802	5.58864	0.0601662	32	2.33
CBDDTY010000911.1	1	32240	11	1335	4.14082	0.0477047	31.8	12.5
CBDDTY010000912.1	1	32228	11	1622	5.03289	0.0569691	31.3	18
CBDDTY010000913.1	1	32224	24	3349	10.3929	0.126303	30.5	24.4
CBDDTY010000914.1	1	32221	1	165	0.512088	0.00512088	30.9	1
CBDDTY010000915.1	1	32207	32	4224	13.1152	0.140311	30.8	12.7
CBDDTY010000916.1	1	32207	9	1335	4.14506	0.0414506	34.4	23.9
CBDDTY010000917.1	1	32206	5	569	1.76675	0.0176675	29.3	6.2
CBDDTY010000918.1	1	32199	4	659	2.04665	0.0204665	34.6	27.5
CBDDTY010000919.1	1	32185	20	2851	8.85816	0.0987106	30.6	17
CBDDTY010000920.1	1	32174	20	2265	7.03985	0.0862498	30.5	5.95
CBDDTY010000921.1	1	32164	22	3288	10.2226	0.108382	30.8	37.9
CBDDTY010000922.1	1	32159	37	3612	11.2317	0.166392	30.2	11.9
CBDDTY010000923.1	1	32157	18	3190	9.92008	0.104176	32	36.3
CBDDTY010000924.1	1	32156	27	3487	10.844	0.128125	32.7	26
CBDDTY010000925.1	1	32151	37	2095	6.51613	0.178719	32.2	7.14
CBDDTY010000926.1	1	32149	14	1671	5.19767	0.0636723	35.4	8.57
CBDDTY010000927.1	1	32123	9	1144	3.56131	0.0373875	30.8	20.4
CBDDTY010000928.1	1	32074	12	1727	5.38442	0.0538442	32.8	20.1
CBDDTY010000929.1	1	32048	3	407	1.26997	0.0126997	30.9	29.3
CBDDTY010000930.1	1	32000	41	5632	17.6	0.203063	31.4	28.5
CBDDTY010000931.1	1	31800	7	1182	3.71698	0.0371698	27.5	8.14
CBDDTY010000932.1	1	32000	1	212	0.6625	0.006625	37.1	0
CBDDTY010000933.1	1	32000	72	7432	23.225	0.350031	30	8.46
CBDDTY010000934.1	1	32000	9	1230	3.84375	0.043125	30.3	13.9
CBDDTY010000935.1	1	32000	38	5416	16.925	0.192562	28.3	26.5
CBDDTY010000937.1	1	32000	14	1699	5.30938	0.0533438	33	8.64
CBDDTY010000938.1	1	32000	12	2167	6.77187	0.083625	33	7.25
CBDDTY010000939.1	1	32000	15	2174	6.79375	0.0755	30.5	4.87
CBDDTY010000940.1	1	32000	17	2170	6.78125	0.0778125	33.7	8.82
CBDDTY010000941.1	1	32000	16	2533	7.91563	0.0885625	30	5
CBDDTY010000942.1	1	32000	2	231	0.721875	0.00721875	35.4	1
CBDDTY010000943.1	1	32000	18	2991	9.34688	0.095375	31.5	32
CBDDTY010000944.1	1	32000	23	2960	9.25	0.103313	29.8	11.7
CBDDTY010000945.1	1	32000	13	2491	7.78437	0.0804688	30	26.2
CBDDTY010000946.1	1	32000	10	1294	4.04375	0.050625	32.9	7.8
CBDDTY010000947.1	1	32000	11	1527	4.77187	0.052125	29.6	37.8
CBDDTY010000948.1	1	32000	27	3102	9.69375	0.133344	30.1	7.52
CBDDTY010000949.1	1	32000	9	1035	3.23438	0.0451563	33.3	5.22
CBDDTY010000950.1	1	32000	30	4215	13.1719	0.145687	30.1	29.1
CBDDTY010000951.1	1	32000	40	5599	17.4969	0.215125	31.3	10.7
CBDDTY010000952.1	1	32000	2	414	1.29375	0.0129375	34.4	1
CBDDTY010000953.1	1	31999	17	2523	7.88462	0.08019	30.9	16.6
CBDDTY010000954.1	1	31996	13	1506	4.70684	0.0548194	30.6	9.92
CBDDTY010000955.1	1	31979	7	1140	3.56484	0.0356484	28.1	18.9
CBDDTY010000956.1	1	31977	21	3133	9.79767	0.106764	30.9	22.4
CBDDTY010000958.1	1	31917	32	4730	14.8197	0.162296	31.3	20.8
CBDDTY010000959.1	1	31914	11	2043	6.40158	0.0640158	31.5	23
CBDDTY010000960.1	1	31910	18	2508	7.85961	0.0922595	31.5	15.2
CBDDTY010000961.1	1	31898	16	2044	6.40793	0.0675591	30.6	10
CBDDTY010000962.1	1	31883	19	2216	6.95041	0.0816423	29.9	10.5
CBDDTY010000963.1	1	31877	10	1183	3.71114	0.0419425	30.8	12
CBDDTY010000965.1	1	31863	36	4992	15.6671	0.179738	28.8	16.7
CBDDTY010000966.1	1	31845	5	871	2.73512	0.0273512	30.9	7
CBDDTY010000967.1	1	31840	23	3616	11.3568	0.1163	30.2	30.2
CBDDTY010000968.1	1	31838	5	818	2.56926	0.0256926	33.1	0.4
CBDDTY010000969.1	1	31822	11	1694	5.32336	0.058073	29.7	35
CBDDTY010000970.1	1	31815	17	2076	6.52522	0.079868	31.8	18.4
CBDDTY010000971.1	1	31800	49	6298	19.805	0.254654	30.5	21.1
CBDDTY010000972.1	1	31799	11	1593	5.00959	0.0500959	30.9	13.8
CBDDTY010000973.1	1	31794	19	2661	8.3695	0.083695	31	22.2
CBDDTY010000974.1	1	31778	26	4125	12.9807	0.141419	31.8	22.4
CBDDTY010000975.1	1	31769	30	3502	11.0233	0.141994	33.8	5.53
CBDDTY010000976.1	1	31747	17	2415	7.60702	0.0783696	30.7	14.8
CBDDTY010000977.1	1	31746	54	6324	19.9206	0.263372	31.9	4.63
CBDDTY010000978.1	1	31735	20	2493	7.85568	0.107578	30	23.1
CBDDTY010000979.1	1	31693	14	2208	6.96684	0.0735809	31.1	4.36
CBDDTY010000980.1	1	31667	41	5313	16.7777	0.204819	30.3	6.71
CBDDTY010000981.1	1	31665	17	2509	7.92357	0.0827412	32	33.4
CBDDTY010000982.1	1	31646	10	1397	4.41446	0.0444606	30.2	6.6
CBDDTY010000983.1	1	31631	25	3555	11.239	0.131137	31.8	18.5
CBDDTY010000984.1	1	31630	23	3511	11.1002	0.124976	31.2	42.4
CBDDTY010000985.1	1	31626	23	3084	9.75147	0.109973	31.7	11.7
CBDDTY010000986.1	1	31622	12	1270	4.01619	0.0522105	31.8	4.67
CBDDTY010000987.1	1	31606	1	194	0.613808	0.00613808	34.7	7
CBDDTY010000988.1	1	31590	41	4490	14.2134	0.215733	30.1	22.2
CBDDTY010000989.1	1	31588	48	5669	17.9467	0.236292	31.8	21.2
CBDDTY010000990.1	1	31579	29	4846	15.3456	0.158745	31.4	31.8
CBDDTY010000991.1	1	31573	21	3130	9.91353	0.110728	33.7	22.6
CBDDTY010000992.1	1	31554	19	2736	8.67085	0.0908284	32.6	37.1
CBDDTY010000993.1	1	31531	18	2975	9.43516	0.102724	33.2	12.6
CBDDTY010000994.1	1	31506	14	2055	6.52257	0.0652257	27.9	1.29
CBDDTY010000995.1	1	31504	43	6231	19.7784	0.235589	30	23
CBDDTY010000996.1	1	31489	5	1030	3.27098	0.0350599	30.6	15.6
CBDDTY010000997.1	1	31488	13	1963	6.23412	0.0672002	32.1	17.5
CBDDTY010000998.1	1	31472	7	1176	3.73665	0.0394001	27.8	1.14
CBDDTY010000999.1	1	31468	8	916	2.91089	0.0307296	34.4	12.6
CBDDTY010001000.1	1	31466	18	2737	8.69828	0.0927986	31.3	38.5
CBDDTY010001001.1	1	31458	19	2594	8.24592	0.087895	29.9	5.05
CBDDTY010001002.1	1	31438	5	570	1.81309	0.020771	34.9	1
CBDDTY010001003.1	1	31438	22	3784	12.0364	0.125262	31.8	37.8
CBDDTY010001004.1	1	31429	10	1595	5.07493	0.0540265	30.5	20.7
CBDDTY010001005.1	1	31426	7	722	2.29746	0.0270477	33.9	5
CBDDTY010001006.1	1	31423	6	689	2.19266	0.0254909	36.7	13
CBDDTY010001007.1	1	31421	15	2054	6.53703	0.0743452	30.4	23.9
CBDDTY010001008.1	1	31411	13	1726	5.49489	0.0573684	31.1	7.69
CBDDTY010001009.1	1	31401	17	1906	6.06987	0.0780548	30.3	5.06
CBDDTY010001010.1	1	31393	25	3909	12.4518	0.144236	30.5	5
CBDDTY010001011.1	1	31393	36	4874	15.5258	0.187112	29.1	24.4
CBDDTY010001012.1	1	31353	16	2260	7.20824	0.0724333	30.5	13.8
CBDDTY010001013.1	1	31349	15	2047	6.52971	0.0753453	31.4	21.7
CBDDTY010001014.1	1	31330	19	2808	8.96266	0.0993936	30.3	32.2
CBDDTY010001015.1	1	31314	12	1835	5.86	0.0673181	28.8	10.2
CBDDTY010001016.1	1	31312	19	2535	8.09594	0.0906362	31.2	17.1
CBDDTY010001017.1	1	31302	22	3577	11.4274	0.117405	29.9	28
CBDDTY010001018.1	1	31290	26	2724	8.70566	0.123969	29	9.42
CBDDTY010001019.1	1	31275	19	2715	8.68106	0.0910631	31.7	27.4
CBDDTY010001020.1	1	31270	6	690	2.20659	0.0220659	31.7	3.67
CBDDTY010001021.1	1	31266	16	2508	8.02149	0.0845967	29.8	24.7
CBDDTY010001022.1	1	31232	41	4862	15.5674	0.199187	30.9	30
CBDDTY010001023.1	1	31224	24	3202	10.2549	0.119555	31.9	7.04
CBDDTY010001024.1	1	31216	20	2584	8.27781	0.0941825	29.7	6.3
CBDDTY010001025.1	1	31211	11	1869	5.98827	0.0598827	30.8	17.5
CBDDTY010001026.1	1	31195	14	1863	5.97211	0.0746594	30.3	7.64
CBDDTY010001027.1	1	31190	7	918	2.94325	0.0313883	33.2	8.14
CBDDTY010001028.1	1	31144	29	4023	12.9174	0.144008	31.4	5.52
CBDDTY010001029.1	1	31142	13	1700	5.45887	0.0674652	30.3	12.3
CBDDTY010001030.1	1	31136	14	2628	8.44039	0.0879689	29.3	38.6
CBDDTY010001031.1	1	31121	10	1268	4.07442	0.0430256	32.9	19.9
CBDDTY010001032.1	1	31112	9	1716	5.51556	0.0551556	29.2	14.1
CBDDTY010001033.1	1	31102	21	2761	8.87724	0.099672	28	8.43
CBDDTY010001034.1	1	31078	15	2123	6.8312	0.069953	32.7	10.6
CBDDTY010001035.1	1	31072	33	4892	15.7441	0.171569	30	23.7
CBDDTY010001036.1	1	31066	12	1450	4.66748	0.0489925	28.7	32.9
CBDDTY010001037.1	1	31052	12	1573	5.0657	0.0556486	32.6	3
CBDDTY010001038.1	1	31045	10	1353	4.35819	0.0466742	30	30.6
CBDDTY010001039.1	1	31039	1	61	0.196527	0.00196527	31.6	0
CBDDTY010001040.1	1	31027	17	2285	7.36455	0.0840236	29.4	9.06
CBDDTY010001041.1	1	31024	14	2198	7.08484	0.0922189	32.6	19.6
CBDDTY010001042.1	1	31007	19	3010	9.70749	0.108395	30.9	20.7
CBDDTY010001043.1	1	31005	25	2868	9.25012	0.10666	33.4	16.1
CBDDTY010001044.1	1	30800	38	5091	16.5292	0.18474	30.9	6.29
CBDDTY010001045.1	1	30800	44	3893	12.6396	0.225227	30.1	12.6
CBDDTY010001046.1	1	31000	12	1380	4.45161	0.0476129	31.5	12.2
CBDDTY010001047.1	1	31000	13	1991	6.42258	0.0946774	30.4	18.8
CBDDTY010001048.1	1	31000	7	1378	4.44516	0.0444516	29.5	13.1
CBDDTY010001049.1	1	31000	44	5399	17.4161	0.246548	30.2	13.3
CBDDTY010001050.1	1	31000	26	3659	11.8032	0.123806	30.2	24.6
CBDDTY010001051.1	1	30800	17	2850	9.25325	0.0945455	28.6	38.8
CBDDTY010001052.1	1	31000	6	872	2.8129	0.028129	29.5	19.3
CBDDTY010001053.1	1	30800	13	2098	6.81169	0.0698052	30.6	22.8
CBDDTY010001054.1	1	31000	13	2025	6.53226	0.072	33.1	23.5
CBDDTY010001055.1	1	31000	17	2252	7.26452	0.0759032	31.2	16.6
CBDDTY010001056.1	1	31000	18	2923	9.42903	0.0962581	31.3	21.7
CBDDTY010001057.1	1	31000	17	2603	8.39677	0.101194	30.5	14.4
CBDDTY010001058.1	1	30400	51	3526	11.5987	0.240362	31	19.9
CBDDTY010001059.1	1	31000	16	2556	8.24516	0.0854839	29.8	13.6
CBDDTY010001060.1	1	31000	13	1823	5.88065	0.0588065	30.6	5.31
CBDDTY010001061.1	1	30600	8	1070	3.49673	0.0349673	36.6	4.75
CBDDTY010001062.1	1	31000	27	3969	12.8032	0.136581	30.4	28.6
CBDDTY010001063.1	1	30727	26	3752	12.2108	0.125297	31	4.12
CBDDTY010001064.1	1	30954	10	1467	4.73929	0.0593461	29.7	2.4
CBDDTY010001065.1	1	30937	18	2476	8.00336	0.0800336	33.3	35.1
CBDDTY010001066.1	1	30921	25	2954	9.55338	0.115585	31.8	35.2
CBDDTY010001067.1	1	30906	11	1833	5.93089	0.0593089	31.2	38.7
CBDDTY010001068.1	1	30905	23	2582	8.35464	0.0976541	31.9	12
CBDDTY010001069.1	1	30888	4	526	1.70293	0.0180976	29.7	15.2
CBDDTY010001070.1	1	30873	43	4991	16.1662	0.191818	30.8	2.77
CBDDTY010001071.1	1	30868	28	2759	8.93806	0.108851	30.5	2.46
CBDDTY010001072.1	1	30865	17	1833	5.93877	0.0868297	28.1	7.65
CBDDTY010001073.1	1	30863	23	3360	10.8868	0.128925	28.6	11
CBDDTY010001074.1	1	30860	8	1262	4.08944	0.0444913	33.7	3.5
CBDDTY010001075.1	1	30852	27	3050	9.88591	0.133055	30.2	17.6
CBDDTY010001076.1	1	30848	19	3054	9.90016	0.114173	29.3	31.7
CBDDTY010001077.1	1	30839	28	3745	12.1437	0.138558	30.1	25.2
CBDDTY010001078.1	1	30834	27	3712	12.0387	0.130894	29.7	25.9
CBDDTY010001079.1	1	30819	26	3686	11.9602	0.138129	33.3	19.4
CBDDTY010001080.1	1	30815	18	2795	9.07026	0.094467	31.3	37.1
CBDDTY010001081.1	1	30792	7	1432	4.65056	0.048032	28.5	37.3
CBDDTY010001082.1	1	30792	14	1538	4.9948	0.0679397	31.5	15.7
CBDDTY010001083.1	1	30759	40	4043	13.1441	0.204103	30.2	9.9
CBDDTY010001084.1	1	30754	15	1682	5.46921	0.0758601	32.9	4.07
CBDDTY010001085.1	1	30751	10	1399	4.54945	0.0488114	31.4	13.7
CBDDTY010001086.1	1	30705	2	368	1.1985	0.011985	21.1	0.5
CBDDTY010001087.1	1	30698	23	4033	13.1377	0.131865	32.2	40.2
CBDDTY010001088.1	1	30694	17	2259	7.35974	0.097348	29.2	3.06
CBDDTY010001089.1	1	30667	14	1711	5.57929	0.0577168	33.7	12.6
CBDDTY010001090.1	1	30665	12	1779	5.8014	0.059188	30.2	16.8
CBDDTY010001091.1	1	30654	15	2243	7.31715	0.0762054	31.9	36.9
CBDDTY010001092.1	1	30651	19	3412	11.1318	0.112558	32	28.4
CBDDTY010001093.1	1	30631	32	3265	10.6591	0.166008	29.3	9.75
CBDDTY010001094.1	1	30630	10	1233	4.02547	0.0420829	30.2	17.7
CBDDTY010001095.1	1	30608	13	1536	5.0183	0.0677274	29.2	19.7
CBDDTY010001096.1	1	30608	19	3310	10.8142	0.110265	30.5	14.6
CBDDTY010001097.1	1	30400	21	3627	11.9309	0.119572	30.6	14.7
CBDDTY010001098.1	1	30599	16	2430	7.94144	0.083957	31.9	28.9
CBDDTY010001099.1	1	30591	17	2779	9.08437	0.0908437	33	31.9
CBDDTY010001100.1	1	30568	11	1790	5.8558	0.058558	31.5	34.5
CBDDTY010001101.1	1	30565	6	883	2.88893	0.0288893	28.4	20.7
CBDDTY010001102.1	1	30549	10	1407	4.60572	0.0460572	32.2	12.6
CBDDTY010001103.1	1	30539	6	665	2.17754	0.0217754	33.4	12.8
CBDDTY010001104.1	1	30535	10	1544	5.05649	0.0548878	30.8	12
CBDDTY010001105.1	1	30531	18	2430	7.95912	0.0850283	31.2	18.3
CBDDTY010001106.1	1	30523	14	2516	8.24296	0.0846902	30.1	21.4
CBDDTY010001107.1	1	30519	16	2002	6.55985	0.068056	31.3	9.62
CBDDTY010001108.1	1	30513	7	974	3.19208	0.0319208	27.7	1.29
CBDDTY010001109.1	1	30489	20	2431	7.97337	0.0901637	30.8	27.5
CBDDTY010001110.1	1	30474	23	3211	10.5369	0.109077	29.5	23
CBDDTY010001111.1	1	30470	18	2394	7.85691	0.0855924	28.9	38.9
CBDDTY010001112.1	1	30466	15	1982	6.50561	0.0752971	32.2	10.3
CBDDTY010001113.1	1	30460	25	4480	14.7078	0.153053	28.1	36.3
CBDDTY010001114.1	1	30440	6	771	2.53285	0.0253285	31.6	11.3
CBDDTY010001115.1	1	30432	7	1064	3.49632	0.0349632	30.5	28.4
CBDDTY010001116.1	1	30415	18	2539	8.34785	0.0900214	29.4	10.1
CBDDTY010001117.1	1	30410	10	1140	3.74877	0.049293	31.2	0.9
CBDDTY010001118.1	1	30405	9	1146	3.76912	0.0577865	28.8	21
CBDDTY010001119.1	1	30396	26	3922	12.903	0.148243	30.7	13.5
CBDDTY010001120.1	1	30386	15	2787	9.17199	0.0917199	25.6	0.733
CBDDTY010001121.1	1	30370	23	3231	10.6388	0.113467	31.7	24.8
CBDDTY010001122.1	1	30365	30	3393	11.174	0.156134	30.3	3.57
CBDDTY010001123.1	1	30347	32	4600	15.158	0.182028	30.2	25.2
CBDDTY010001124.1	1	30341	33	2819	9.29106	0.157411	31.4	20.6
CBDDTY010001125.1	1	30326	81	7610	25.094	0.45832	31.6	9.8
CBDDTY010001126.1	1	30320	12	2386	7.86939	0.0812665	28.4	14.2
CBDDTY010001127.1	1	30312	28	3982	13.1367	0.159805	30	19.1
CBDDTY010001128.1	1	30295	11	1460	4.81928	0.056511	32.6	11.2
CBDDTY010001129.1	1	30290	16	2429	8.01915	0.0876527	31.8	10.4
CBDDTY010001130.1	1	30268	19	2768	9.14497	0.10341	30.1	10.5
CBDDTY010001131.1	1	30261	16	1692	5.59136	0.0772612	31.9	9.19
CBDDTY010001132.1	1	30260	18	2619	8.65499	0.0927297	30.9	3.61
CBDDTY010001133.1	1	30259	21	2942	9.72273	0.113817	31.9	30.6
CBDDTY010001134.1	1	30212	33	4279	14.1632	0.182444	31.1	15.6
CBDDTY010001135.1	1	30206	41	4791	15.8611	0.226578	29.3	5.05
CBDDTY010001136.1	1	30205	31	4437	14.6896	0.176527	28.5	26.5
CBDDTY010001137.1	1	30200	3	416	1.37748	0.0137748	30.3	9.67
CBDDTY010001138.1	1	30189	12	1698	5.62457	0.0562457	30.4	15.1
CBDDTY010001139.1	1	30186	25	3751	12.4263	0.12847	29.9	33.5
CBDDTY010001140.1	1	30174	11	1588	5.26281	0.063399	31	24.3
CBDDTY010001141.1	1	30172	23	2941	9.74745	0.106224	29.5	12.9
CBDDTY010001142.1	1	30165	13	2133	7.07111	0.0707111	29.6	9.92
CBDDTY010001143.1	1	30145	13	1883	6.24648	0.0703599	31.2	11.2
CBDDTY010001144.1	1	30139	13	2191	7.26965	0.0738578	30.9	23.4
CBDDTY010001145.1	1	30127	34	4568	15.1625	0.173267	30.2	6.09
CBDDTY010001146.1	1	30106	40	4736	15.7311	0.200492	31	8.22
CBDDTY010001147.1	1	30089	9	1013	3.36668	0.0394829	30.5	8.22
CBDDTY010001148.1	1	30076	20	3439	11.4344	0.120063	31.4	17.9
CBDDTY010001149.1	1	30071	13	1804	5.99914	0.0659439	31.1	1.69
CBDDTY010001150.1	1	30043	9	1288	4.28719	0.0435709	32.3	10.2
CBDDTY010001151.1	1	30030	7	1143	3.80619	0.0380619	27.9	1.14
CBDDTY010001152.1	1	30013	17	2671	8.89948	0.0982907	31.3	30.9
CBDDTY010001153.1	1	30000	9	1281	4.27	0.0531667	28.6	0.111
CBDDTY010001154.1	1	30000	5	853	2.84333	0.0284333	27.9	12
CBDDTY010001155.1	1	30000	6	760	2.53333	0.0253333	32.8	8.33
CBDDTY010001156.1	1	30000	12	1797	5.99	0.0599	29.8	14.3
CBDDTY010001157.1	1	29800	10	1534	5.14765	0.0586242	28.7	5.4
CBDDTY010001158.1	1	30000	28	3725	12.4167	0.162433	31.5	15.4
CBDDTY010001159.1	1	30000	20	2696	8.98667	0.120133	30.8	22.4
CBDDTY010001160.1	1	30000	19	1724	5.74667	0.1009	30	4.21
CBDDTY010001161.1	1	29800	10	1332	4.4698	0.0842617	25.7	2.5
CBDDTY010001162.1	1	30000	21	3109	10.3633	0.124867	30.6	2.57
CBDDTY010001163.1	1	30000	12	1579	5.26333	0.0545	31.7	7.42
CBDDTY010001164.1	1	30000	23	2834	9.44667	0.112367	33.6	6.74
CBDDTY010001165.1	1	30000	11	1021	3.40333	0.0649333	31.2	4.55
CBDDTY010001166.1	1	29800	45	3526	11.8322	0.290671	32	3.22
CBDDTY010001167.1	1	30000	28	2923	9.74333	0.172933	30	5.68
CBDDTY010001168.1	1	30000	15	1815	6.05	0.0740333	28.5	10.1
CBDDTY010001169.1	1	29800	5	993	3.33221	0.0333221	32.4	13
CBDDTY010001170.1	1	29800	31	2691	9.0302	0.148154	32.6	8.13
CBDDTY010001171.1	1	30000	15	2261	7.53667	0.0816667	29.6	26.3
CBDDTY010001172.1	1	30000	30	4164	13.88	0.167733	30	14.6
CBDDTY010001173.1	1	30000	27	3365	11.2167	0.132233	32.3	8.22
CBDDTY010001174.1	1	29996	24	2826	9.42126	0.110448	29.1	8.42
CBDDTY010001175.1	1	29990	4	664	2.21407	0.0221407	32.5	17.8
CBDDTY010001176.1	1	29990	14	1739	5.7986	0.0718906	31.4	14.1
CBDDTY010001177.1	1	29989	10	1787	5.95885	0.0640902	31.2	9
CBDDTY010001178.1	1	29984	13	1549	5.16609	0.0716382	34.1	3.38
CBDDTY010001179.1	1	29983	23	3476	11.5932	0.130507	32.4	30.8
CBDDTY010001180.1	1	29981	31	3417	11.3972	0.152096	31.6	18.6
CBDDTY010001181.1	1	29979	23	2569	8.56933	0.111611	30.7	19.2
CBDDTY010001182.1	1	29971	12	2056	6.85996	0.0784759	30	24.1
CBDDTY010001183.1	1	29963	20	2843	9.48837	0.103995	28.7	11.6
CBDDTY010001184.1	1	29951	19	3080	10.2835	0.114754	32.5	36.8
CBDDTY010001185.1	1	29923	5	573	1.91491	0.0191491	28.9	9.4
CBDDTY010001186.1	1	29895	3	326	1.09048	0.0109048	28.9	38
CBDDTY010001187.1	1	29894	13	1407	4.70663	0.0649629	30.3	15.6
CBDDTY010001188.1	1	29873	6	942	3.15335	0.0315335	33	26.7
CBDDTY010001189.1	1	29872	9	1555	5.20554	0.0520554	32.3	10.7
CBDDTY010001190.1	1	29872	3	552	1.84788	0.0184788	25.3	2.33
CBDDTY010001191.1	1	29854	8	1412	4.72968	0.0500435	26.9	20.5
CBDDTY010001192.1	1	29843	20	3359	11.2556	0.120531	29.8	33.2
CBDDTY010001193.1	1	29840	17	2553	8.55563	0.0855563	29.6	32.7
CBDDTY010001194.1	1	29838	20	1741	5.83484	0.0919298	32	2.7
CBDDTY010001195.1	1	29803	25	3651	12.2504	0.12945	33.6	16.6
CBDDTY010001196.1	1	29797	28	3869	12.9845	0.154042	30.1	13.5
CBDDTY010001197.1	1	29795	13	1930	6.4776	0.068535	31.5	31.8
CBDDTY010001198.1	1	29792	26	4466	14.9906	0.160446	30.7	36.9
CBDDTY010001199.1	1	29787	14	1381	4.63625	0.0611676	32.9	12
CBDDTY010001200.1	1	29770	12	2155	7.23883	0.0747733	31.7	15.9
CBDDTY010001201.1	1	29747	14	1462	4.91478	0.0752009	28.9	4
CBDDTY010001202.1	1	29735	13	2021	6.7967	0.0717	32.2	9.23
CBDDTY010001203.1	1	29729	8	1301	4.3762	0.043762	28	17.9
CBDDTY010001204.1	1	29728	8	1080	3.63294	0.0412069	34	2.5
CBDDTY010001205.1	1	29726	22	3259	10.9635	0.118886	28.5	19.8
CBDDTY010001206.1	1	29724	10	1411	4.74701	0.0474701	31.8	22.8
CBDDTY010001207.1	1	29699	7	1246	4.19543	0.0419543	31	33.9
CBDDTY010001208.1	1	29686	28	3701	12.4672	0.14906	32.1	13.7
CBDDTY010001209.1	1	29684	8	1164	3.9213	0.039213	32.2	8.62
CBDDTY010001210.1	1	29665	7	1179	3.97438	0.0434519	31.1	5.14
CBDDTY010001211.1	1	29664	14	2995	10.0964	0.105043	30.9	46.4
CBDDTY010001212.1	1	29660	21	3524	11.8813	0.118813	30	31.5
CBDDTY010001213.1	1	29651	10	1133	3.82112	0.0446528	32.1	9.8
CBDDTY010001214.1	1	29634	19	3443	11.6184	0.119491	31.8	32
CBDDTY010001215.1	1	29632	6	888	2.99676	0.0319924	31.4	3.17
CBDDTY010001216.1	1	29631	17	2423	8.17725	0.0836961	31.7	36.1
CBDDTY010001217.1	1	29627	26	4022	13.5755	0.144699	30.9	31.1
CBDDTY010001218.1	1	29601	9	1340	4.52687	0.0495929	30.9	11.8
CBDDTY010001219.1	1	29587	19	2949	9.96722	0.106026	31.9	22
CBDDTY010001220.1	1	29578	26	3496	11.8196	0.132058	30.6	7.58
CBDDTY010001221.1	1	29576	17	2321	7.84758	0.0868272	28.9	13.9
CBDDTY010001222.1	1	29518	13	1835	6.21655	0.0732434	29.3	24.2
CBDDTY010001223.1	1	29488	26	4070	13.8022	0.157929	31	23
CBDDTY010001224.1	1	29485	3	434	1.47193	0.0147193	28.8	4.67
CBDDTY010001225.1	1	29467	21	3396	11.5248	0.127532	29.6	16.4
CBDDTY010001226.1	1	29452	9	1185	4.0235	0.0428833	32.1	2
CBDDTY010001227.1	1	29448	16	1990	6.75767	0.0754211	30.2	9.69
CBDDTY010001228.1	1	29447	11	1526	5.18219	0.055965	34	13.8
CBDDTY010001229.1	1	29446	11	1711	5.81064	0.0581064	34	26
CBDDTY010001230.1	1	29418	21	2866	9.74233	0.106533	30.4	8.95
CBDDTY010001231.1	1	29409	4	793	2.69645	0.0269645	32.9	3.5
CBDDTY010001232.1	1	29384	10	1360	4.62837	0.0532943	31.3	11.9
CBDDTY010001233.1	1	29384	31	4098	13.9464	0.160496	30.5	32.2
CBDDTY010001234.1	1	29374	12	1665	5.66828	0.0613808	30.5	10.9
CBDDTY010001235.1	1	29357	14	1759	5.99176	0.063903	31.3	2.21
CBDDTY010001236.1	1	29356	20	2731	9.30304	0.103454	30.2	26.3
CBDDTY010001237.1	1	29350	22	3181	10.8382	0.136116	32.5	10.6
CBDDTY010001238.1	1	29339	8	1155	3.93674	0.0445823	32.6	12.2
CBDDTY010001239.1	1	29335	36	5718	19.4921	0.203954	30.2	26.5
CBDDTY010001240.1	1	29335	16	1995	6.80075	0.0795296	28.2	33.5
CBDDTY010001241.1	1	29273	61	6940	23.7079	0.339289	30.3	13.5
CBDDTY010001242.1	1	29269	10	1521	5.19662	0.0519662	35.4	27.5
CBDDTY010001243.1	1	29258	23	3336	11.402	0.134186	29.7	5.39
CBDDTY010001244.1	1	29253	5	764	2.6117	0.026117	31.2	6.8
CBDDTY010001245.1	1	29243	9	1324	4.52758	0.048798	28.3	22.4
CBDDTY010001246.1	1	29241	16	2638	9.02158	0.0902158	32.6	35.7
CBDDTY010001247.1	1	29229	30	4576	15.6557	0.188854	30.2	23.9
CBDDTY010001248.1	1	29218	8	811	2.77569	0.030666	28.9	6.5
CBDDTY010001249.1	1	29200	27	3139	10.75	0.151849	32.8	6.44
CBDDTY010001250.1	1	29183	10	1488	5.09886	0.0549635	33.4	33.6
CBDDTY010001251.1	1	29182	26	2270	7.77877	0.111267	31.5	2.08
CBDDTY010001252.1	1	29177	16	2707	9.27786	0.106625	30.9	25.1
CBDDTY010001253.1	1	29173	20	2992	10.2561	0.112467	33.5	29.9
CBDDTY010001254.1	1	29171	11	1547	5.30321	0.0558774	33.2	5
CBDDTY010001255.1	1	29169	7	707	2.42381	0.0290377	30.9	0.429
CBDDTY010001256.1	1	29144	18	2395	8.21781	0.0978932	27.4	20.2
CBDDTY010001257.1	1	29144	16	2914	9.99863	0.104824	32.5	26.1
CBDDTY010001258.1	1	29139	24	3212	11.023	0.127561	29.1	9.79
CBDDTY010001259.1	1	29134	7	771	2.64639	0.0329855	33.4	20.6
CBDDTY010001260.1	1	29133	16	2786	9.56304	0.0999554	31.3	28.1
CBDDTY010001261.1	1	29122	14	1898	6.51741	0.0668223	32.7	22.6
CBDDTY010001262.1	1	29112	23	2862	9.831	0.12524	31.8	14.6
CBDDTY010001263.1	1	29095	18	1431	4.91837	0.0852724	32.6	5.61
CBDDTY010001264.1	1	29087	17	2139	7.3538	0.0811703	32	6.06
CBDDTY010001265.1	1	29061	13	1824	6.27645	0.0724338	33.3	3.92
CBDDTY010001266.1	1	29055	13	1667	5.73739	0.0625022	34.8	24.3
CBDDTY010001267.1	1	29055	9	1177	4.05094	0.0457408	27.4	4.44
CBDDTY010001268.1	1	29041	15	2063	7.10375	0.077029	30	24.7
CBDDTY010001269.1	1	29040	6	730	2.51377	0.0251377	32.5	6.83
CBDDTY010001270.1	1	29028	11	1753	6.039	0.06039	31.5	22
CBDDTY010001271.1	1	29011	11	1675	5.77367	0.0585985	31.6	40.8
CBDDTY010001272.1	1	29000	19	2633	9.07931	0.0982069	30.2	24.8
CBDDTY010001273.1	1	29000	11	1292	4.45517	0.0554828	26.7	16.4
CBDDTY010001274.1	1	29000	22	3578	12.3379	0.136655	29.2	10.5
CBDDTY010001275.1	1	28800	4	626	2.17361	0.0217361	28.4	0.5
CBDDTY010001276.1	1	29000	18	2681	9.24483	0.102241	29.6	23.6
CBDDTY010001277.1	1	28800	9	1063	3.69097	0.0408681	31.8	14.8
CBDDTY010001278.1	1	29000	43	4930	17	0.249966	30.4	11.8
CBDDTY010001280.1	1	29000	7	1010	3.48276	0.0395862	27.8	11.3
CBDDTY010001281.1	1	29000	23	3820	13.1724	0.136345	31.6	28.3
CBDDTY010001282.1	1	29000	35	4634	15.9793	0.19	30.5	21.9
CBDDTY010001283.1	1	29000	14	1686	5.81379	0.0703103	31.4	12.2
CBDDTY010001284.1	1	29000	20	2930	10.1034	0.117241	31.2	6.4
CBDDTY010001285.1	1	29000	2	400	1.37931	0.0137931	36.4	1.5
CBDDTY010001286.1	1	29000	26	3347	11.5414	0.157793	32.1	24.4
CBDDTY010001287.1	1	29000	5	660	2.27586	0.0254828	32.8	0.8
CBDDTY010001288.1	1	29000	17	2835	9.77586	0.0999655	30.6	29.5
CBDDTY010001289.1	1	28800	14	2080	7.22222	0.0895139	30.8	13
CBDDTY010001290.1	1	29000	1	130	0.448276	0.00448276	28.2	1
CBDDTY010001291.1	1	29000	6	1047	3.61034	0.0448276	31.2	34.3
CBDDTY010001292.1	1	29000	4	606	2.08966	0.0208966	32.1	2.75
CBDDTY010001293.1	1	29000	2	467	1.61034	0.0161034	30	54
CBDDTY010001294.1	1	29000	33	4232	14.5931	0.178552	31.1	14.8
CBDDTY010001295.1	1	28996	19	2665	9.19092	0.0983239	33	32.3
CBDDTY010001296.1	1	28995	4	527	1.81755	0.0181755	25.8	0.25
CBDDTY010001297.1	1	28980	16	2828	9.75845	0.103554	28.6	28.8
CBDDTY010001298.1	1	28957	28	3440	11.8797	0.134268	29.8	21.6
CBDDTY010001299.1	1	28951	11	1240	4.2831	0.0517081	30.5	5.91
CBDDTY010001300.1	1	28947	11	1328	4.58769	0.0482952	31.2	31.1
CBDDTY010001301.1	1	28940	7	1230	4.25017	0.0491016	28.2	17.9
CBDDTY010001302.1	1	28923	30	3880	13.4149	0.154375	31.6	36.5
CBDDTY010001303.1	1	28920	16	2733	9.45021	0.106017	31.8	32.1
CBDDTY010001304.1	1	28915	20	2877	9.94985	0.110738	29.4	23.6
CBDDTY010001305.1	1	28915	33	3737	12.9241	0.197164	30	8.73
CBDDTY010001306.1	1	28912	4	525	1.81586	0.0181586	36.2	18.5
CBDDTY010001307.1	1	28905	13	1900	6.57326	0.0657326	32	18.2
CBDDTY010001308.1	1	28900	28	3967	13.7266	0.158062	29.6	40.2
CBDDTY010001309.1	1	28880	22	2284	7.90859	0.106302	29	6.14
CBDDTY010001310.1	1	28870	40	4978	17.2428	0.224212	30.9	33.9
CBDDTY010001311.1	1	28868	14	1460	5.0575	0.0690037	31.8	6.5
CBDDTY010001312.1	1	28867	16	2332	8.07843	0.0941906	30.4	5.5
CBDDTY010001313.1	1	28861	12	1651	5.72052	0.0618828	30.8	20.1
CBDDTY010001314.1	1	28849	13	1496	5.18562	0.0630871	29.4	8.15
CBDDTY010001315.1	1	28845	14	2156	7.47443	0.0808112	32.2	27.1
CBDDTY010001316.1	1	28845	11	1708	5.9213	0.06684	32.4	37.2
CBDDTY010001317.1	1	28844	7	940	3.25891	0.0325891	33.9	16.3
CBDDTY010001318.1	1	28828	11	1811	6.28209	0.0683363	34.8	7.27
CBDDTY010001319.1	1	28812	9	1257	4.36277	0.0460572	28	16.4
CBDDTY010001320.1	1	28802	2	297	1.03118	0.0103118	30	3
CBDDTY010001321.1	1	28802	14	2323	8.06541	0.0881883	29.4	33.9
CBDDTY010001322.1	1	28799	9	1650	5.72937	0.0572937	30.6	4.67
CBDDTY010001323.1	1	28796	18	2256	7.83442	0.0990415	29.6	11.7
CBDDTY010001324.1	1	28796	12	1688	5.86193	0.0590013	30.1	30.6
CBDDTY010001326.1	1	28783	22	3535	12.2816	0.132926	28.7	21.6
CBDDTY010001327.1	1	28777	16	2420	8.40949	0.0914272	29	26.9
CBDDTY010001328.1	1	28750	16	2720	9.46087	0.0985043	28.4	35.1
CBDDTY010001329.1	1	28741	8	1091	3.79597	0.0423089	30.5	2.12
CBDDTY010001330.1	1	28735	25	3033	10.5551	0.121698	31.1	30.8
CBDDTY010001331.1	1	28699	19	2373	8.26858	0.0854037	30.8	7.32
CBDDTY010001332.1	1	28679	38	4251	14.8227	0.198612	29.3	4.21
CBDDTY010001333.1	1	28671	7	574	2.00202	0.0390639	27.8	5.57
CBDDTY010001334.1	1	28623	6	647	2.26042	0.0226042	28.6	9.83
CBDDTY010001335.1	1	28612	12	1802	6.29806	0.073955	30.5	8.33
CBDDTY010001336.1	1	28607	15	2183	7.631	0.0860629	29.8	23.2
CBDDTY010001338.1	1	28570	22	3111	10.889	0.119811	32.1	34.5
CBDDTY010001339.1	1	28555	21	3111	10.8948	0.12166	31	20.7
CBDDTY010001340.1	1	28543	15	2261	7.92138	0.0812108	29.9	31.5
CBDDTY010001341.1	1	28534	21	3411	11.9542	0.141305	31.9	32.7
CBDDTY010001342.1	1	28517	31	3541	12.4172	0.153312	30.9	10.4
CBDDTY010001343.1	1	28505	18	2324	8.15296	0.107209	28.4	24.1
CBDDTY010001344.1	1	28499	5	442	1.55093	0.0237903	29.2	1.4
CBDDTY010001345.1	1	28498	15	2318	8.1339	0.0927784	33.5	24.7
CBDDTY010001346.1	1	28492	24	2705	9.49389	0.110979	29.7	3.5
CBDDTY010001347.1	1	28481	3	279	0.9796	0.009796	32	20
CBDDTY010001348.1	1	28480	40	4123	14.4768	0.198209	30.5	16
CBDDTY010001349.1	1	28473	29	3863	13.5672	0.154532	28.8	16.1
CBDDTY010001350.1	1	28461	36	4344	15.263	0.183339	29.9	22.9
CBDDTY010001351.1	1	28445	11	1403	4.93233	0.0493233	31.7	4.64
CBDDTY010001352.1	1	28444	10	1491	5.24188	0.0524188	32.3	29.1
CBDDTY010001353.1	1	28443	55	6121	21.5202	0.328271	30.9	14
CBDDTY010001354.1	1	28420	14	1999	7.03378	0.0705137	29.8	18.6
CBDDTY010001355.1	1	28419	17	3047	10.7217	0.122559	30.2	23.5
CBDDTY010001356.1	1	28417	18	2867	10.089	0.109266	30.4	33.8
CBDDTY010001357.1	1	28392	9	1347	4.74429	0.0531488	27.9	18.2
CBDDTY010001358.1	1	28385	32	4352	15.332	0.168645	29.4	23.4
CBDDTY010001359.1	1	28371	19	2207	7.77907	0.0991858	29.3	22.6
CBDDTY010001360.1	1	28338	11	1676	5.91432	0.0602724	29.1	1.09
CBDDTY010001361.1	1	28331	23	3407	12.0257	0.129928	29.9	15.1
CBDDTY010001362.1	1	28311	14	2361	8.33951	0.0892586	28.4	19.6
CBDDTY010001363.1	1	28310	21	2797	9.8799	0.127093	28.9	9.62
CBDDTY010001364.1	1	28310	15	2114	7.46733	0.0847757	29.3	47.4
CBDDTY010001365.1	1	28295	6	1075	3.79926	0.0379926	38.1	22.5
CBDDTY010001366.1	1	28295	21	2520	8.90617	0.0996289	28.8	13
CBDDTY010001367.1	1	28291	36	4000	14.1388	0.204482	31.8	8.06
CBDDTY010001368.1	1	28289	27	3395	12.0011	0.140761	32	3.78
CBDDTY010001369.1	1	28287	14	1818	6.42698	0.0677696	31.1	33.1
CBDDTY010001370.1	1	28278	21	2849	10.075	0.109414	32.6	28.8
CBDDTY010001371.1	1	28239	11	1679	5.94568	0.0594568	31.4	16.2
CBDDTY010001372.1	1	28236	28	2975	10.5362	0.163833	32.5	6.36
CBDDTY010001373.1	1	28224	20	2996	10.6151	0.130952	30.4	16.2
CBDDTY010001374.1	1	28218	42	5230	18.5343	0.231306	30.1	13.8
CBDDTY010001375.1	1	28212	5	1221	4.32795	0.0432795	30.1	45.2
CBDDTY010001376.1	1	28210	24	3186	11.2939	0.132932	31.8	32.8
CBDDTY010001377.1	1	28207	15	2069	7.33506	0.0761159	30	28.5
CBDDTY010001378.1	1	28204	23	3503	12.4202	0.13725	30.6	25.3
CBDDTY010001379.1	1	28203	17	2450	8.68702	0.094529	29.5	26.9
CBDDTY010001380.1	1	28193	18	2601	9.22569	0.101444	29.4	38.3
CBDDTY010001381.1	1	28176	26	3524	12.5071	0.14161	31	33.9
CBDDTY010001382.1	1	28176	6	1206	4.28024	0.0428024	27.2	25.7
CBDDTY010001383.1	1	28155	19	2588	9.19197	0.110353	31.7	27.6
CBDDTY010001384.1	1	28153	13	2471	8.77704	0.0877704	31.9	22.2
CBDDTY010001385.1	1	28152	10	1089	3.86829	0.0605286	32.5	14.1
CBDDTY010001386.1	1	28149	21	2821	10.0217	0.115315	30.4	12.7
CBDDTY010001387.1	1	28144	11	1492	5.30131	0.0582717	31.4	36.6
CBDDTY010001388.1	1	28121	7	1784	6.34401	0.0634401	31.2	38.9
CBDDTY010001389.1	1	28117	5	877	3.11911	0.0311911	30.5	10.8
CBDDTY010001390.1	1	28114	17	1827	6.49854	0.0809205	32.2	24.2
CBDDTY010001391.1	1	28091	10	1181	4.20419	0.0466698	32.7	17.1
CBDDTY010001392.1	1	28081	12	1979	7.04747	0.0704747	32.6	12.2
CBDDTY010001393.1	1	28080	23	3244	11.5527	0.139352	30.7	3.3
CBDDTY010001394.1	1	28069	15	2293	8.16915	0.0816915	31	32
CBDDTY010001395.1	1	28060	33	4897	17.4519	0.199216	30.4	23.5
CBDDTY010001396.1	1	28014	15	1981	7.07146	0.0773185	30.8	16.5
CBDDTY010001397.1	1	28014	2	275	0.981652	0.00981652	34.1	30.5
CBDDTY010001398.1	1	28000	17	2179	7.78214	0.110214	29.1	5.76
CBDDTY010001399.1	1	28000	8	915	3.26786	0.0353214	29.9	3
CBDDTY010001400.1	1	28000	14	1984	7.08571	0.079	31.1	26.9
CBDDTY010001401.1	1	28000	6	332	1.18571	0.0202857	34.8	7.67
CBDDTY010001402.1	1	28000	11	1811	6.46786	0.0737857	30.9	34.8
CBDDTY010001403.1	1	28000	21	2690	9.60714	0.118786	29.7	27.4
CBDDTY010001404.1	1	28000	6	760	2.71429	0.03325	30.9	1.83
CBDDTY010001405.1	1	27800	9	1131	4.06835	0.0463309	32.1	7.78
CBDDTY010001406.1	1	28000	7	664	2.37143	0.0336786	28.8	0.714
CBDDTY010001407.1	1	28000	12	1670	5.96429	0.0612143	33.2	5.67
CBDDTY010001408.1	1	28000	20	2442	8.72143	0.1055	33.3	26.1
CBDDTY010001409.1	1	28000	18	2137	7.63214	0.0922143	30.5	14.2
CBDDTY010001410.1	1	28000	23	2726	9.73571	0.122679	31	16.7
CBDDTY010001411.1	1	27800	16	2368	8.51799	0.0914029	30.7	19.2
CBDDTY010001412.1	1	27800	1	164	0.589928	0.00589928	28.7	1
CBDDTY010001413.1	1	28000	12	2207	7.88214	0.0788214	31.2	5.17
CBDDTY010001414.1	1	28000	40	4816	17.2	0.206714	30.5	10.4
CBDDTY010001415.1	1	28000	34	3367	12.025	0.170643	30	14.5
CBDDTY010001416.1	1	28000	19	2442	8.72143	0.103643	31.8	12.1
CBDDTY010001417.1	1	27600	20	2392	8.66667	0.12192	29.8	3.3
CBDDTY010001418.1	1	28000	13	1782	6.36429	0.07425	32	15.8
CBDDTY010001419.1	1	28000	52	5794	20.6929	0.251393	30.3	34.8
CBDDTY010001420.1	1	28000	14	2090	7.46429	0.0822143	32.3	25.1
CBDDTY010001421.1	1	28000	6	864	3.08571	0.0308571	28.7	1.5
CBDDTY010001422.1	1	28000	7	940	3.35714	0.0335714	32.2	19.1
CBDDTY010001423.1	1	28000	9	892	3.18571	0.0431429	32	13.7
CBDDTY010001424.1	1	28000	14	1849	6.60357	0.0745357	29.8	16.4
CBDDTY010001425.1	1	27984	20	2614	9.34105	0.109277	31.5	39.9
CBDDTY010001426.1	1	27978	23	3302	11.8021	0.141004	30.2	16.6
CBDDTY010001427.1	1	27978	9	1593	5.69376	0.0569376	33.8	17.7
CBDDTY010001428.1	1	27952	4	718	2.56869	0.0256869	29.7	21.2
CBDDTY010001429.1	1	27946	14	2086	7.4644	0.0780076	27.1	22.6
CBDDTY010001430.1	1	27942	17	2127	7.6122	0.0821344	31.5	24.6
CBDDTY010001431.1	1	27932	15	2410	8.6281	0.086281	30.6	37.6
CBDDTY010001432.1	1	27929	5	753	2.69612	0.0269612	30.4	0
CBDDTY010001433.1	1	27927	8	1597	5.71848	0.0571848	29.4	26.4
CBDDTY010001434.1	1	27910	16	2119	7.59226	0.106413	30.5	24.7
CBDDTY010001435.1	1	27906	9	1521	5.45044	0.0545044	31.2	28.8
CBDDTY010001436.1	1	27892	13	1809	6.48573	0.0745016	32.7	34
CBDDTY010001437.1	1	27888	5	490	1.75703	0.0175703	38	2.4
CBDDTY010001438.1	1	27886	21	1861	6.6736	0.0984724	30.7	2.14
CBDDTY010001439.1	1	27883	32	4097	14.6935	0.173331	30.3	2.53
CBDDTY010001440.1	1	27872	14	2100	7.53444	0.0753444	31.1	31
CBDDTY010001441.1	1	27863	15	2089	7.4974	0.0874278	30.6	7
CBDDTY010001442.1	1	27853	22	2632	9.44961	0.106559	31.8	17.6
CBDDTY010001443.1	1	27853	41	4660	16.7307	0.217427	30.5	36.2
CBDDTY010001444.1	1	27844	8	1246	4.47493	0.0479098	33.6	20.6
CBDDTY010001445.1	1	27843	22	2872	10.315	0.116367	30.3	27.6
CBDDTY010001446.1	1	27836	13	2105	7.56215	0.0828064	29	26.5
CBDDTY010001447.1	1	27832	21	3106	11.1598	0.133408	30.4	16.7
CBDDTY010001448.1	1	27831	14	2340	8.40789	0.0844741	32.1	28.9
CBDDTY010001449.1	1	27805	18	2894	10.4082	0.111491	30.9	5.56
CBDDTY010001450.1	1	27801	16	1689	6.07532	0.0900327	31.4	9.94
CBDDTY010001451.1	1	27734	15	1638	5.90611	0.0752506	29.2	5.07
CBDDTY010001452.1	1	27682	14	2039	7.3658	0.08063	29.5	14.2
CBDDTY010001453.1	1	27674	31	4263	15.4044	0.173773	32.5	29.7
CBDDTY010001454.1	1	27673	14	2480	8.9618	0.0996639	29.5	14
CBDDTY010001455.1	1	27653	13	2228	8.05699	0.103714	32.1	1.15
CBDDTY010001456.1	1	27647	12	1917	6.93384	0.0708576	31.3	40.8
CBDDTY010001457.1	1	27638	7	955	3.45539	0.0345539	34	16.4
CBDDTY010001458.1	1	27634	15	2113	7.64638	0.0841717	32.5	21.1
CBDDTY010001459.1	1	27616	14	2350	8.50956	0.0904548	32.5	34.3
CBDDTY010001460.1	1	27612	22	3587	12.9907	0.132949	29.4	9.95
CBDDTY010001461.1	1	27603	9	951	3.44528	0.0440894	30.7	1
CBDDTY010001462.1	1	27602	40	5490	19.8899	0.244149	30.3	14.6
CBDDTY010001463.1	1	27599	19	1841	6.67053	0.106381	29.9	8.47
CBDDTY010001464.1	1	27594	41	5157	18.6888	0.220519	30.8	3.59
CBDDTY010001465.1	1	27590	11	1463	5.30265	0.0623052	30.7	27.2
CBDDTY010001466.1	1	27590	5	562	2.03697	0.0215658	30.6	0.4
CBDDTY010001467.1	1	27588	16	2454	8.89517	0.0911628	31	38.9
CBDDTY010001468.1	1	27580	10	1158	4.19869	0.0540609	29.7	14.5
CBDDTY010001469.1	1	27576	18	2589	9.3886	0.110894	30.4	6.22
CBDDTY010001470.1	1	27559	28	4000	14.5143	0.16891	27.9	30.9
CBDDTY010001471.1	1	27553	16	2430	8.81937	0.100824	28.8	5
CBDDTY010001472.1	1	27552	16	2074	7.52758	0.0752758	29.9	19.8
CBDDTY010001473.1	1	27538	2	310	1.12572	0.0112572	26.9	4
CBDDTY010001474.1	1	27537	15	2094	7.60431	0.0866471	30.9	24.8
CBDDTY010001475.1	1	27537	19	2461	8.93707	0.0952537	32.2	38.1
CBDDTY010001476.1	1	27527	10	1364	4.95513	0.0495513	30.7	1.6
CBDDTY010001477.1	1	27522	5	511	1.8567	0.0207834	31.4	7.4
CBDDTY010001478.1	1	27520	14	2049	7.44549	0.0800872	31.5	9.71
CBDDTY010001479.1	1	27500	10	1785	6.49091	0.0654545	27.3	32.9
CBDDTY010001480.1	1	27499	11	2117	7.69846	0.0796393	31.4	28.7
CBDDTY010001481.1	1	27495	10	1507	5.481	0.0568103	28	2.5
CBDDTY010001482.1	1	27487	16	2210	8.04016	0.0832393	31.2	26.1
CBDDTY010001483.1	1	27460	10	2212	8.05535	0.0822651	30.1	24.7
CBDDTY010001484.1	1	27451	15	2719	9.90492	0.102218	29.8	28.5
CBDDTY010001485.1	1	27434	9	998	3.63782	0.0420646	34.6	12.9
CBDDTY010001486.1	1	27428	9	1442	5.2574	0.052574	30.9	34
CBDDTY010001487.1	1	27427	14	1829	6.66861	0.0703322	32	34.5
CBDDTY010001488.1	1	27420	7	717	2.61488	0.0309628	33.2	12.4
CBDDTY010001489.1	1	27398	16	1846	6.73772	0.0736185	32	9.31
CBDDTY010001490.1	1	27395	6	1312	4.7892	0.047892	30.5	28.3
CBDDTY010001491.1	1	27382	8	1224	4.47009	0.0447009	31.8	35.9
CBDDTY010001492.1	1	27380	12	2065	7.542	0.07542	28.7	20.2
CBDDTY010001493.1	1	27372	13	1801	6.57972	0.0701081	31.9	39.2
CBDDTY010001494.1	1	27371	10	1331	4.86281	0.0545468	27.7	2.7
CBDDTY010001495.1	1	27358	3	482	1.76182	0.0176182	35.6	35.3
CBDDTY010001496.1	1	27350	23	2782	10.1718	0.129689	30.6	26.3
CBDDTY010001497.1	1	27350	13	2048	7.48812	0.0786106	29.5	16.7
CBDDTY010001498.1	1	27346	14	2066	7.55504	0.0832663	29.9	20.7
CBDDTY010001499.1	1	27321	16	2240	8.19882	0.100362	31.7	20.4
CBDDTY010001500.1	1	27318	5	826	3.02365	0.0302365	24.3	3.8
CBDDTY010001501.1	1	27305	9	1375	5.03571	0.0503571	31.7	22.8
CBDDTY010001502.1	1	27300	13	2075	7.60073	0.0810256	29.2	20.5
CBDDTY010001503.1	1	27272	12	1697	6.2225	0.0720519	29.5	27.4
CBDDTY010001504.1	1	27271	9	1586	5.8157	0.058157	32.6	25.7
CBDDTY010001505.1	1	27270	27	3789	13.8944	0.149615	32.1	25.4
CBDDTY010001506.1	1	27268	20	2890	10.5985	0.11783	29.1	20.6
CBDDTY010001507.1	1	27261	7	1211	4.44224	0.0444224	29.3	12.3
CBDDTY010001508.1	1	27252	16	2358	8.65258	0.0865258	32.7	21
CBDDTY010001509.1	1	27230	18	2794	10.2607	0.102607	33	30.9
CBDDTY010001510.1	1	27210	21	2865	10.5292	0.105292	30.4	20.5
CBDDTY010001511.1	1	27168	18	2292	8.4364	0.108105	33.8	33.3
CBDDTY010001512.1	1	27161	9	1220	4.49173	0.0494459	31.7	25.6
CBDDTY010001513.1	1	27155	10	1186	4.36752	0.0505616	27.9	20.3
CBDDTY010001514.1	1	27141	11	1248	4.59821	0.0684942	29.1	4
CBDDTY010001515.1	1	27138	2	389	1.43341	0.0143341	32.8	5.5
CBDDTY010001516.1	1	27118	23	3119	11.5016	0.122133	28.6	11.3
CBDDTY010001517.1	1	27113	19	2649	9.77022	0.108951	30.7	17.9
CBDDTY010001518.1	1	27065	24	3005	11.1029	0.123222	29.7	6.96
CBDDTY010001519.1	1	27046	10	1684	6.22643	0.0622643	32.2	7.3
CBDDTY010001520.1	1	27027	37	3727	13.7899	0.232619	29.2	14.1
CBDDTY010001521.1	1	27027	19	2984	11.0408	0.119584	31.9	13.5
CBDDTY010001522.1	1	27013	4	549	2.03235	0.0203235	29.1	0.5
CBDDTY010001523.1	1	27007	13	1956	7.24257	0.0783871	30.1	4.15
CBDDTY010001524.1	1	27001	9	832	3.08137	0.0494796	28.4	12
CBDDTY010001525.1	1	27000	4	747	2.76667	0.032037	27.1	3
CBDDTY010001526.1	1	27000	25	3083	11.4185	0.153852	30.4	18.3
CBDDTY010001527.1	1	27000	14	1563	5.78889	0.0756296	31.5	2.21
CBDDTY010001528.1	1	27000	12	1565	5.7963	0.0591111	30.1	15.9
CBDDTY010001529.1	1	27000	4	520	1.92593	0.023963	26.6	0.75
CBDDTY010001530.1	1	27000	10	1294	4.79259	0.0586296	30.7	5.2
CBDDTY010001531.1	1	27000	16	2261	8.37407	0.113815	31.2	17.2
CBDDTY010001532.1	1	27000	13	1626	6.02222	0.0802593	32.4	8.31
CBDDTY010001533.1	1	27000	11	1495	5.53704	0.0668889	31.2	22.7
CBDDTY010001534.1	1	27000	40	4955	18.3519	0.234111	31.3	5.88
CBDDTY010001535.1	1	27000	12	1371	5.07778	0.0536296	28.9	5.92
CBDDTY010001536.1	1	27000	24	2890	10.7037	0.156444	28.4	26.5
CBDDTY010001537.1	1	27000	8	1061	3.92963	0.044	29.6	17
CBDDTY010001538.1	1	27000	10	1098	4.06667	0.0457037	30.3	0.4
CBDDTY010001539.1	1	27000	17	2275	8.42593	0.0954074	31.5	7.18
CBDDTY010001540.1	1	27000	2	315	1.16667	0.0116667	29.9	7.5
CBDDTY010001541.1	1	27000	20	2546	9.42963	0.104741	29.2	4.1
CBDDTY010001542.1	1	27000	14	1877	6.95185	0.076037	31.1	4.36
CBDDTY010001543.1	1	26800	12	2121	7.91418	0.0791418	26.5	28.1
CBDDTY010001544.1	1	27000	6	810	3	0.03	31.6	13
CBDDTY010001545.1	1	27000	17	2097	7.76667	0.0983333	28.3	4.47
CBDDTY010001546.1	1	27000	13	2174	8.05185	0.0805185	30.1	25.8
CBDDTY010001547.1	1	27000	25	3629	13.4407	0.14637	30.4	13.8
CBDDTY010001548.1	1	27000	12	1707	6.32222	0.0695556	31.1	24.1
CBDDTY010001549.1	1	27000	8	985	3.64815	0.0364815	35.1	6
CBDDTY010001550.1	1	26987	10	989	3.66473	0.0429095	30.6	0.3
CBDDTY010001551.1	1	26984	7	908	3.36496	0.0389119	31.2	9.57
CBDDTY010001552.1	1	26955	7	1227	4.55203	0.0461139	32	13.6
CBDDTY010001553.1	1	26953	10	1671	6.19968	0.0683412	32.7	36.6
CBDDTY010001554.1	1	26910	18	2472	9.18618	0.0960238	30.6	25.9
CBDDTY010001555.1	1	26882	18	2740	10.1927	0.110557	29	9.11
CBDDTY010001556.1	1	26849	11	1214	4.52158	0.0482327	31	14.9
CBDDTY010001557.1	1	26840	15	2059	7.67139	0.101267	32.8	9.2
CBDDTY010001558.1	1	26835	38	4882	18.1927	0.21908	32.9	30.3
CBDDTY010001559.1	1	26825	13	2297	8.56291	0.0914445	30.7	21.1
CBDDTY010001560.1	1	26816	16	2532	9.44212	0.099642	29.4	25.9
CBDDTY010001561.1	1	26809	28	3968	14.801	0.170689	31.4	33.5
CBDDTY010001562.1	1	26805	16	2402	8.96101	0.091662	30.5	26
CBDDTY010001563.1	1	26796	25	2506	9.35214	0.143118	31.2	10.3
CBDDTY010001564.1	1	26788	10	1302	4.86039	0.0486039	31.5	26.3
CBDDTY010001565.1	1	26779	10	1550	5.78812	0.0578812	30.7	24.1
CBDDTY010001566.1	1	26762	10	1414	5.28361	0.0528361	28.4	15.1
CBDDTY010001567.1	1	26758	21	2167	8.09851	0.107332	33	20.9
CBDDTY010001568.1	1	26746	17	2120	7.92642	0.100987	28.7	5.18
CBDDTY010001569.1	1	26737	6	699	2.61435	0.0261435	31.8	9
CBDDTY010001570.1	1	26732	11	1370	5.12494	0.0629957	28.1	0.636
CBDDTY010001571.1	1	26721	8	1268	4.74533	0.0474533	30.8	20.8
CBDDTY010001572.1	1	26717	21	3318	12.4191	0.142269	31.7	32.5
CBDDTY010001573.1	1	26697	20	3003	11.2485	0.121624	29.3	18.1
CBDDTY010001574.1	1	26673	12	1354	5.07629	0.0507629	29.6	5.25
CBDDTY010001575.1	1	26667	10	1313	4.92369	0.0496869	28.9	9.2
CBDDTY010001576.1	1	26660	17	2205	8.27082	0.0908477	30.1	29.5
CBDDTY010001577.1	1	26657	13	1884	7.06756	0.0766028	32.2	40.6
CBDDTY010001578.1	1	26651	18	3279	12.3035	0.128288	31.4	26.4
CBDDTY010001579.1	1	26640	8	1331	4.99625	0.0499625	37.6	29.2
CBDDTY010001580.1	1	26629	15	1955	7.34162	0.0781854	31.1	24.4
CBDDTY010001581.1	1	26623	11	1745	6.55448	0.0655448	31.2	41.3
CBDDTY010001582.1	1	26616	17	2242	8.4235	0.102269	31.5	10.2
CBDDTY010001583.1	1	26597	9	1716	6.45186	0.0645186	29.9	39.3
CBDDTY010001584.1	1	26597	7	1103	4.14708	0.0414708	30.9	19.1
CBDDTY010001585.1	1	26592	13	1890	7.1074	0.0740448	32.8	24.5
CBDDTY010001586.1	1	26586	29	3673	13.8155	0.217295	31	8.72
CBDDTY010001587.1	1	26577	43	3314	12.4694	0.258795	31.8	14.2
CBDDTY010001588.1	1	26574	12	1417	5.33228	0.0533228	32.4	8.42
CBDDTY010001589.1	1	26566	15	2011	7.56983	0.088346	33	35.8
CBDDTY010001591.1	1	26548	9	1284	4.83652	0.0485159	32.6	19.2
CBDDTY010001592.1	1	26535	7	920	3.46712	0.0346712	29.5	11.1
CBDDTY010001593.1	1	26529	14	1788	6.73979	0.0704135	32	1.86
CBDDTY010001594.1	1	26514	11	1578	5.95157	0.0689447	31.3	35.9
CBDDTY010001595.1	1	26508	12	1781	6.71873	0.0671873	32.7	9.67
CBDDTY010001596.1	1	26506	12	1542	5.81755	0.0623632	31.6	21.7
CBDDTY010001597.1	1	26467	2	295	1.1146	0.011146	30.3	9
CBDDTY010001598.1	1	26464	16	2326	8.7893	0.090727	29.4	10.6
CBDDTY010001599.1	1	26458	7	1069	4.04037	0.0439565	28.3	4.57
CBDDTY010001600.1	1	26455	12	1890	7.14421	0.0784351	29.6	45.4
CBDDTY010001601.1	1	26448	30	3867	14.6211	0.174758	30.5	18.3
CBDDTY010001602.1	1	26444	3	673	2.545	0.02545	29.9	6.33
CBDDTY010001603.1	1	26436	17	2340	8.85157	0.0907853	32	17.6
CBDDTY010001604.1	1	26428	10	1533	5.80067	0.0608067	30.8	34.2
CBDDTY010001605.1	1	26427	13	2180	8.24914	0.0824914	30.1	21.1
CBDDTY010001606.1	1	26409	8	1033	3.91155	0.0470673	32.7	3
CBDDTY010001607.1	1	26407	12	1135	4.2981	0.057712	29.8	24.2
CBDDTY010001608.1	1	26403	7	947	3.58671	0.0414347	30.7	16.1
CBDDTY010001609.1	1	26392	18	2995	11.3481	0.123105	28.6	15.4
CBDDTY010001610.1	1	26372	46	5115	19.3956	0.250038	30.7	9.76
CBDDTY010001611.1	1	26370	13	1949	7.39097	0.081077	26.9	24.6
CBDDTY010001612.1	1	26369	21	1778	6.74277	0.100573	33.5	13.3
CBDDTY010001613.1	1	26368	30	2696	10.2245	0.18257	31	19
CBDDTY010001614.1	1	26365	12	1959	7.43031	0.0840508	30.4	35.5
CBDDTY010001615.1	1	26352	14	1754	6.65604	0.0874317	30.8	10.1
CBDDTY010001616.1	1	26332	17	2937	11.1537	0.115449	28.9	22.8
CBDDTY010001617.1	1	26328	11	1660	6.30507	0.0630507	31.8	30.3
CBDDTY010001618.1	1	26313	23	2786	10.5879	0.128796	32	25.1
CBDDTY010001619.1	1	26311	13	2022	7.685	0.0811448	29.8	22.9
CBDDTY010001620.1	1	26310	35	4719	17.9361	0.224591	30.7	7.69
CBDDTY010001621.1	1	26301	8	1080	4.10631	0.0410631	31.1	5.38
CBDDTY010001622.1	1	26287	20	2311	8.79142	0.101761	31.2	10.2
CBDDTY010001623.1	1	26286	7	1101	4.18854	0.0418854	31.4	8.86
CBDDTY010001624.1	1	26276	20	2591	9.86071	0.117636	28.9	13.8
CBDDTY010001625.1	1	26251	27	2607	9.93105	0.158584	31	6.19
CBDDTY010001626.1	1	26251	2	218	0.830445	0.00830445	29.2	0
CBDDTY010001627.1	1	26244	13	1946	7.41503	0.0805136	30.6	27
CBDDTY010001628.1	1	26228	17	2102	8.01434	0.096233	28.4	6.47
CBDDTY010001629.1	1	26225	24	3191	12.1678	0.154623	32.4	15.4
CBDDTY010001630.1	1	26212	13	1820	6.94338	0.0792385	28.5	19.6
CBDDTY010001631.1	1	26198	11	1289	4.92022	0.0524468	30.4	8
CBDDTY010001632.1	1	26180	12	2109	8.05577	0.0805577	27.6	25.3
CBDDTY010001633.1	1	26178	17	1914	7.31148	0.102032	32	16.8
CBDDTY010001634.1	1	26173	12	2342	8.94815	0.0894815	29.9	48.8
CBDDTY010001635.1	1	26162	10	1348	5.15251	0.0554239	33.2	32.3
CBDDTY010001636.1	1	26154	32	3353	12.8202	0.186817	31.1	3.19
CBDDTY010001637.1	1	26152	33	3377	12.913	0.193905	31	12
CBDDTY010001638.1	1	26140	30	3739	14.3037	0.156159	30.6	25.3
CBDDTY010001639.1	1	26137	11	1334	5.10388	0.0601446	30	15.5
CBDDTY010001640.1	1	26135	15	2301	8.80429	0.0915248	30	1.33
CBDDTY010001641.1	1	26131	21	2906	11.1209	0.132065	31.5	4.14
CBDDTY010001642.1	1	26109	7	789	3.02195	0.0376499	34.6	2.57
CBDDTY010001643.1	1	26097	11	1378	5.2803	0.0629957	29.1	9.82
CBDDTY010001644.1	1	26088	22	2536	9.72094	0.142019	31	19.5
CBDDTY010001645.1	1	26085	12	1114	4.27065	0.0611079	29.8	1.17
CBDDTY010001646.1	1	26069	11	1680	6.44444	0.0720779	29.6	23.1
CBDDTY010001647.1	1	26065	6	783	3.00403	0.0350662	27.9	0.667
CBDDTY010001648.1	1	26061	11	1450	5.56387	0.0603968	28.7	15.2
CBDDTY010001649.1	1	26061	3	345	1.32382	0.0132382	30.6	2
CBDDTY010001650.1	1	26040	4	853	3.27573	0.0327573	34	18
CBDDTY010001651.1	1	26018	12	1896	7.28726	0.0728726	28.9	21.1
CBDDTY010001652.1	1	26000	20	2189	8.41923	0.111808	31.5	5.75
CBDDTY010001653.1	1	26000	17	2529	9.72692	0.100769	30.1	39.2
CBDDTY010001654.1	1	26000	5	415	1.59615	0.0258846	35.2	1.6
CBDDTY010001655.1	1	26000	17	1879	7.22692	0.0768077	31.9	23.7
CBDDTY010001656.1	1	26000	26	2217	8.52692	0.188885	31.1	14.5
CBDDTY010001657.1	1	26000	21	2705	10.4038	0.127154	31.8	9.29
CBDDTY010001658.1	1	26000	13	1589	6.11154	0.0832308	32.2	3.69
CBDDTY010001659.1	1	26000	27	3386	13.0231	0.137423	32.2	25.2
CBDDTY010001660.1	1	26000	19	2422	9.31538	0.106577	29.5	14.8
CBDDTY010001661.1	1	25600	16	2511	9.80859	0.124727	26.8	20.6
CBDDTY010001662.1	1	26000	14	1729	6.65	0.0886154	29.1	3.5
CBDDTY010001663.1	1	26000	1	125	0.480769	0.00480769	28.6	0
CBDDTY010001664.1	1	26000	3	385	1.48077	0.0233462	35.4	40.3
CBDDTY010001665.1	1	26000	26	3663	14.0885	0.161885	30	15.8
CBDDTY010001666.1	1	26000	6	906	3.48462	0.0348462	33.7	17.2
CBDDTY010001667.1	1	26000	17	2220	8.53846	0.103346	31.2	13.8
CBDDTY010001668.1	1	26000	15	2260	8.69231	0.113538	30.3	5.6
CBDDTY010001669.1	1	26000	11	1573	6.05	0.0643077	32.8	13.4
CBDDTY010001670.1	1	26000	8	847	3.25769	0.0353846	28.4	2.5
CBDDTY010001671.1	1	25800	19	2856	11.0698	0.133876	28.4	8.89
CBDDTY010001672.1	1	25800	18	1723	6.67829	0.0857752	30.3	10.5
CBDDTY010001673.1	1	26000	8	1342	5.16154	0.0564615	31.1	0.25
CBDDTY010001674.1	1	26000	5	648	2.49231	0.0249231	37.7	25.8
CBDDTY010001675.1	1	26000	15	2125	8.17308	0.0855385	33.4	32.3
CBDDTY010001676.1	1	26000	4	816	3.13846	0.0313846	33.4	55.8
CBDDTY010001677.1	1	25800	12	1825	7.07364	0.0707364	31.5	0.5
CBDDTY010001678.1	1	26000	7	1171	4.50385	0.0450385	30.3	32.4
CBDDTY010001679.1	1	26000	8	1693	6.51154	0.0651154	29.8	9
CBDDTY010001680.1	1	25585	10	1065	4.1626	0.0490522	31.7	0.2
CBDDTY010001681.1	1	25995	15	1912	7.35526	0.0840546	29.3	11.3
CBDDTY010001682.1	1	25994	13	1835	7.05932	0.0809802	30	16.6
CBDDTY010001683.1	1	25988	12	2123	8.16915	0.0816915	31.9	11.7
CBDDTY010001684.1	1	25985	13	2221	8.54724	0.0873581	30.5	25.3
CBDDTY010001685.1	1	25983	12	1390	5.34965	0.060809	32.8	11.4
CBDDTY010001686.1	1	25976	12	1698	6.5368	0.065368	31.6	28.2
CBDDTY010001687.1	1	25960	20	2855	10.9977	0.12943	30.3	25.6
CBDDTY010001688.1	1	25959	5	539	2.07635	0.0298548	33	0.6
CBDDTY010001689.1	1	25959	11	1687	6.49871	0.0690705	30.5	54.6
CBDDTY010001690.1	1	25947	2	287	1.1061	0.011061	37.2	16
CBDDTY010001691.1	1	25495	7	782	3.06727	0.0343597	32.7	2.29
CBDDTY010001692.1	1	25882	33	3381	13.0631	0.259215	29.7	1.48
CBDDTY010001693.1	1	25878	9	1220	4.71443	0.0471443	31.9	19.2
CBDDTY010001694.1	1	25876	7	883	3.41243	0.0359793	30.3	8.43
CBDDTY010001695.1	1	25826	130	1707	6.60962	2.84883	24	13.5
CBDDTY010001696.1	1	25802	9	1436	5.56546	0.0557321	30.4	33
CBDDTY010001697.1	1	25798	15	1841	7.13621	0.0885728	32.3	32.5
CBDDTY010001698.1	1	25797	7	698	2.70574	0.0347715	29.8	0.429
CBDDTY010001699.1	1	25796	21	2826	10.9552	0.132114	30.3	1.81
CBDDTY010001700.1	1	25792	22	2332	9.04156	0.116044	29.3	0.682
CBDDTY010001701.1	1	25770	4	503	1.95188	0.0195188	34.4	2.5
CBDDTY010001702.1	1	25755	15	2497	9.6952	0.104252	31.2	18.8
CBDDTY010001703.1	1	25750	20	3016	11.7126	0.125359	30	23.4
CBDDTY010001704.1	1	25743	6	1109	4.30797	0.0430797	33.6	43.3
CBDDTY010001705.1	1	25732	20	2626	10.2052	0.123076	30.3	33
CBDDTY010001706.1	1	25731	19	2345	9.11352	0.119622	32.5	4.68
CBDDTY010001707.1	1	25729	25	3422	13.3002	0.14987	30.6	31.9
CBDDTY010001708.1	1	25722	19	2057	7.99705	0.126118	32.8	9.95
CBDDTY010001709.1	1	25714	11	1881	7.31508	0.0731508	28.2	26.5
CBDDTY010001710.1	1	25711	24	3067	11.9287	0.134612	28.6	22.3
CBDDTY010001711.1	1	25696	11	1109	4.31585	0.0446373	29.9	6.64
CBDDTY010001712.1	1	25672	12	2160	8.41384	0.0918121	35.1	7.75
CBDDTY010001713.1	1	25650	14	1906	7.4308	0.0888889	31	22.7
CBDDTY010001714.1	1	25650	19	2512	9.79337	0.100858	30.8	16.8
CBDDTY010001715.1	1	25637	10	1393	5.43355	0.06358	33.2	7.9
CBDDTY010001716.1	1	25634	14	1970	7.68511	0.0994382	29.5	3.93
CBDDTY010001717.1	1	25627	26	1726	6.73508	0.161002	28.8	4
CBDDTY010001718.1	1	25623	23	3129	12.2117	0.143777	29	14
CBDDTY010001719.1	1	25616	14	2039	7.95987	0.0795987	31.5	32.2
CBDDTY010001720.1	1	25611	10	1613	6.29808	0.0629808	29.6	3.1
CBDDTY010001721.1	1	25601	19	2369	9.25354	0.103512	31.8	27.6
CBDDTY010001722.1	1	25589	24	3633	14.1975	0.15577	31.1	40
CBDDTY010001723.1	1	25584	9	962	3.76016	0.0586695	32.9	19.3
CBDDTY010001724.1	1	25581	22	3249	12.7008	0.140182	29	10
CBDDTY010001725.1	1	25571	8	1217	4.7593	0.0686324	31.8	23.8
CBDDTY010001727.1	1	25560	14	2245	8.78326	0.0950704	33.7	41.1
CBDDTY010001728.1	1	25557	11	1106	4.32758	0.0469539	29.4	5.36
CBDDTY010001729.1	1	25554	15	2000	7.82656	0.0941927	29.7	1.93
CBDDTY010001730.1	1	25549	27	3406	13.3312	0.195702	29.1	11.6
CBDDTY010001731.1	1	25542	12	1824	7.14118	0.0727038	31.5	17.3
CBDDTY010001732.1	1	25502	33	4061	15.9242	0.207317	31.3	2.76
CBDDTY010001733.1	1	25493	12	1783	6.99408	0.0746872	31.6	16.1
CBDDTY010001734.1	1	25488	13	1674	6.5678	0.0689736	30.7	25.6
CBDDTY010001735.1	1	25484	13	2399	9.41375	0.0941375	31	37.8
CBDDTY010001736.1	1	25479	5	519	2.03697	0.0203697	31.7	0.4
CBDDTY010001737.1	1	25476	26	3732	14.6491	0.168315	31.5	32.7
CBDDTY010001738.1	1	25458	13	2110	8.28816	0.0828816	33.8	36.2
CBDDTY010001739.1	1	25428	17	2122	8.34513	0.108935	33.7	3.76
CBDDTY010001740.1	1	25390	6	1026	4.04096	0.0404096	31.8	15.7
CBDDTY010001741.1	1	25385	33	4325	17.0376	0.212173	30.8	11.4
CBDDTY010001742.1	1	25379	8	762	3.00248	0.0440522	31.7	4.5
CBDDTY010001743.1	1	25323	17	2369	9.35513	0.0976977	31.3	31.1
CBDDTY010001744.1	1	25319	45	5157	20.3681	0.282792	30.6	9.67
CBDDTY010001745.1	1	25313	5	593	2.34267	0.0234267	25.6	4.8
CBDDTY010001746.1	1	25310	11	1361	5.37732	0.0696958	30.1	16.8
CBDDTY010001747.1	1	25305	11	1439	5.68662	0.0588816	28.2	5.45
CBDDTY010001748.1	1	25292	14	2277	9.00285	0.0900285	30.5	48.4
CBDDTY010001749.1	1	25285	9	1100	4.35041	0.0508997	32.1	0.333
CBDDTY010001750.1	1	25282	18	2870	11.352	0.119453	31.1	22.7
CBDDTY010001751.1	1	25269	5	696	2.75436	0.0321342	33.4	15.6
CBDDTY010001752.1	1	25269	14	2181	8.63113	0.0892002	31.1	43.9
CBDDTY010001753.1	1	25256	7	1149	4.54941	0.0454941	30.1	24.7
CBDDTY010001754.1	1	25239	20	2813	11.1454	0.112881	31.7	26.3
CBDDTY010001755.1	1	25231	13	1591	6.30574	0.0669415	32.1	15.8
CBDDTY010001756.1	1	25227	2	220	0.872081	0.00872081	28.3	16.5
CBDDTY010001757.1	1	25219	14	2240	8.88219	0.0977834	29.2	0.357
CBDDTY010001758.1	1	25211	19	2550	10.1146	0.110507	32	12
CBDDTY010001759.1	1	25199	13	1886	7.48442	0.0856383	33.3	20.4
CBDDTY010001760.1	1	25198	9	1460	5.79411	0.0579411	30.2	2.56
CBDDTY010001761.1	1	25187	16	1313	5.21301	0.0893318	31.8	0.375
CBDDTY010001762.1	1	25183	25	3572	14.1842	0.165469	30.3	32.2
CBDDTY010001764.1	1	25164	18	2222	8.83007	0.117748	34.5	29.1
CBDDTY010001765.1	1	25150	15	2260	8.98608	0.0920875	29.6	11.5
CBDDTY010001766.1	1	25141	23	2875	11.4355	0.136987	29.6	5.13
CBDDTY010001767.1	1	25138	10	1467	5.83579	0.0614607	30.3	11.4
CBDDTY010001768.1	1	25125	28	3784	15.0607	0.165652	28.3	16.1
CBDDTY010001769.1	1	25122	20	2895	11.5238	0.147719	29.2	7
CBDDTY010001770.1	1	25120	15	1982	7.89013	0.0955414	29.1	1.33
CBDDTY010001771.1	1	25102	23	3080	12.2699	0.14453	29.4	15.7
CBDDTY010001772.1	1	25098	17	2182	8.69392	0.104829	31	5.82
CBDDTY010001773.1	1	25083	13	1498	5.97217	0.0682933	28.7	37.5
CBDDTY010001774.1	1	25071	16	2279	9.09018	0.101432	29.8	5.19
CBDDTY010001775.1	1	25065	7	983	3.9218	0.039218	32.5	9.86
CBDDTY010001776.1	1	25055	6	1093	4.3624	0.0494113	29.4	10
CBDDTY010001777.1	1	25044	9	1300	5.19086	0.066483	29.2	18.8
CBDDTY010001778.1	1	25040	2	264	1.05431	0.0105431	24	42
CBDDTY010001779.1	1	25024	22	3419	13.6629	0.149576	29.6	37
CBDDTY010001780.1	1	25013	8	923	3.69008	0.0407388	29.8	16.8
CBDDTY010001781.1	1	25011	11	1806	7.22082	0.0809644	28.7	33.7
CBDDTY010001782.1	1	25008	16	2223	8.88916	0.0912908	29.3	22.4
CBDDTY010001783.1	1	25000	2	540	2.16	0.0216	30.4	1
CBDDTY010001784.1	1	25000	3	214	0.856	0.01208	32.2	1.33
CBDDTY010001785.1	1	25000	2	251	1.004	0.01004	20.7	0.5
CBDDTY010001786.1	1	25000	16	2203	8.812	0.09352	32.6	19.2
CBDDTY010001787.1	1	24800	27	3137	12.6492	0.169556	30.6	8.26
CBDDTY010001788.1	1	25000	11	1731	6.924	0.08	30.9	16.5
CBDDTY010001790.1	1	24200	10	1121	4.63223	0.0508264	34.1	21
CBDDTY010001791.1	1	25000	8	1017	4.068	0.04288	33.9	29.2
CBDDTY010001792.1	1	25000	29	3985	15.94	0.20064	31.9	37.9
CBDDTY010001793.1	1	25000	50	6004	24.016	0.32364	29.1	3.08
CBDDTY010001795.1	1	25000	23	612	2.448	0.16472	29.2	4.83
CBDDTY010001796.1	1	25000	17	2389	9.556	0.09748	32.1	13
CBDDTY010001797.1	1	25000	14	1984	7.936	0.0836	29.5	13.5
CBDDTY010001798.1	1	25000	10	1218	4.872	0.05536	31.7	30.1
CBDDTY010001799.1	1	25000	7	940	3.76	0.03868	30.4	7.71
CBDDTY010001801.1	1	25000	13	2369	9.476	0.0968	33.1	19.4
CBDDTY010001802.1	1	25000	70	8901	35.604	0.46152	31.6	38.8
CBDDTY010001803.1	1	25000	3	424	1.696	0.01696	30	0.667
CBDDTY010001804.1	1	25000	10	1362	5.448	0.05912	32.2	20.7
CBDDTY010001805.1	1	25000	43	6245	24.98	0.28456	30.1	38.4
CBDDTY010001806.1	1	25000	15	2449	9.796	0.09796	32.7	12.4
CBDDTY010001807.1	1	25000	4	542	2.168	0.02168	36	6.75
CBDDTY010001808.1	1	25000	22	2925	11.7	0.12972	31.5	18.1
CBDDTY010001809.1	1	25000	621	19946	79.784	3.7164	26.4	0.892
CBDDTY010001810.1	1	25000	11	1696	6.784	0.07188	29	35.4
CBDDTY010001811.1	1	25000	12	1700	6.8	0.06816	30	13.9
CBDDTY010001812.1	1	24994	9	1092	4.36905	0.045891	30.7	14.7
CBDDTY010001813.1	1	24991	11	1464	5.85811	0.0643832	29.9	41
CBDDTY010001814.1	1	24986	16	2310	9.24518	0.104539	30.1	25.9
CBDDTY010001815.1	1	24986	4	581	2.3253	0.023253	29	1
CBDDTY010001816.1	1	24983	13	1453	5.81595	0.0847376	31.1	13.6
CBDDTY010001818.1	1	24948	5	959	3.844	0.03844	27.9	32.8
CBDDTY010001819.1	1	24935	14	1981	7.94466	0.0827752	31.1	19.1
CBDDTY010001820.1	1	24928	4	719	2.88431	0.0327744	27.6	16.2
CBDDTY010001821.1	1	24923	16	2172	8.71484	0.106448	30.6	0.75
CBDDTY010001822.1	1	24881	22	2604	10.4658	0.136289	32.7	15.9
CBDDTY010001823.1	1	24878	9	1767	7.10266	0.0866629	35.7	24.3
CBDDTY010001824.1	1	24843	2	249	1.00229	0.0100229	29.2	0
CBDDTY010001825.1	1	24835	3	548	2.20656	0.0220656	24.2	5
CBDDTY010001826.1	1	24814	5	824	3.32071	0.0332071	30.4	31.8
CBDDTY010001827.1	1	24799	5	923	3.72192	0.0372192	32.6	47
CBDDTY010001828.1	1	24799	19	2561	10.327	0.11936	30.7	18.1
CBDDTY010001829.1	1	24788	14	2152	8.68162	0.0902856	30.2	18.9
CBDDTY010001830.1	1	24787	20	3252	13.1198	0.139952	29.3	5
CBDDTY010001831.1	1	24758	61	6778	27.377	0.371759	32.6	12.9
CBDDTY010001832.1	1	24752	30	3585	14.4837	0.188146	30	13.5
CBDDTY010001833.1	1	24750	1	185	0.747475	0.00747475	22.9	0
CBDDTY010001834.1	1	24726	19	1630	6.59225	0.112109	30.1	0.684
CBDDTY010001835.1	1	24720	10	953	3.85518	0.0508091	30	0.2
CBDDTY010001836.1	1	24708	17	2468	9.98867	0.113769	33.1	29.5
CBDDTY010001838.1	1	24698	12	1882	7.62005	0.078144	28.5	28.1
CBDDTY010001839.1	1	24689	4	669	2.70971	0.0283932	32.7	8.5
CBDDTY010001840.1	1	24683	11	1332	5.39643	0.0617024	28.6	20.8
CBDDTY010001841.1	1	24665	6	699	2.83398	0.0315832	31.4	6
CBDDTY010001842.1	1	24661	13	2271	9.20887	0.0936702	30.4	12.8
CBDDTY010001843.1	1	24655	2	194	0.786859	0.00786859	32.6	5
CBDDTY010001844.1	1	24630	12	2229	9.04994	0.102761	29.1	32
CBDDTY010001845.1	1	24629	18	2059	8.36006	0.0991108	31.8	29.1
CBDDTY010001846.1	1	24627	14	2330	9.46116	0.0946116	31.1	0.929
CBDDTY010001847.1	1	24626	9	1163	4.72265	0.055145	29.7	2.44
CBDDTY010001848.1	1	24618	28	3521	14.3025	0.208831	31.4	3.68
CBDDTY010001849.1	1	24613	10	1414	5.74493	0.0595214	31.2	7.9
CBDDTY010001850.1	1	24611	32	3458	14.0506	0.198163	31	8.22
CBDDTY010001851.1	1	24610	12	1389	5.64405	0.0601788	28.9	2.58
CBDDTY010001852.1	1	24598	7	1056	4.29303	0.0456541	32.6	23
CBDDTY010001853.1	1	24590	15	1951	7.93412	0.114925	29.2	2.13
CBDDTY010001854.1	1	24585	17	2156	8.76957	0.117877	28.5	16.6
CBDDTY010001855.1	1	24584	10	1478	6.01204	0.0601204	31.6	21.3
CBDDTY010001856.1	1	24576	5	865	3.51969	0.0351969	26.5	35
CBDDTY010001857.1	1	24573	13	1961	7.9803	0.0800879	31.2	36.6
CBDDTY010001858.1	1	24570	16	2402	9.77615	0.108303	32.2	20.2
CBDDTY010001859.1	1	24563	13	1566	6.37544	0.083866	33.6	10
CBDDTY010001860.1	1	24551	17	2487	10.1299	0.116574	29.2	0.647
CBDDTY010001861.1	1	24534	3	942	3.83957	0.0383957	32.4	1.33
CBDDTY010001862.1	1	24531	12	1741	7.09714	0.0728058	31.6	5.67
CBDDTY010001863.1	1	24512	11	1270	5.18114	0.0593587	29	13.1
CBDDTY010001864.1	1	24503	3	440	1.7957	0.017957	34.9	2
CBDDTY010001865.1	1	24470	5	986	4.02942	0.0463016	28.1	1.2
CBDDTY010001866.1	1	24453	4	352	1.4395	0.0243733	33.2	12
CBDDTY010001867.1	1	24447	7	947	3.87369	0.0478995	29.9	6.43
CBDDTY010001868.1	1	24442	22	3123	12.7772	0.144096	31.6	4.36
CBDDTY010001869.1	1	24436	70	6641	27.1771	0.464438	30.5	24.7
CBDDTY010001870.1	1	24428	17	2216	9.07156	0.10881	30.6	30.9
CBDDTY010001871.1	1	24406	15	1967	8.05949	0.101041	32.1	12.5
CBDDTY010001872.1	1	24400	9	1745	7.15164	0.0732787	25.2	21.9
CBDDTY010001873.1	1	24390	20	2670	10.9471	0.131652	32.3	6.35
CBDDTY010001874.1	1	24334	31	4121	16.9352	0.213446	30.6	9.42
CBDDTY010001875.1	1	24315	18	2298	9.45096	0.104339	32.4	25
CBDDTY010001876.1	1	24307	13	1468	6.03941	0.0707204	32.3	24.3
CBDDTY010001877.1	1	24296	3	555	2.28433	0.0228433	27.4	4.33
CBDDTY010001878.1	1	24289	1	176	0.724608	0.00724608	19.6	1
CBDDTY010001879.1	1	24277	12	1849	7.61626	0.0793343	32	19.9
CBDDTY010001880.1	1	24252	11	1403	5.78509	0.064036	32	16.8
CBDDTY010001881.1	1	24235	15	2468	10.1836	0.114916	29.5	32.8
CBDDTY010001882.1	1	24225	17	2541	10.4892	0.117895	29.3	21.2
CBDDTY010001883.1	1	24219	15	1854	7.65515	0.0860894	30.7	23.8
CBDDTY010001884.1	1	24201	7	1256	5.18987	0.0573943	30.1	10.1
CBDDTY010001885.1	1	24000	12	2027	8.44583	0.09125	31.1	39
CBDDTY010001886.1	1	24192	19	2583	10.6771	0.114914	31.8	32.8
CBDDTY010001887.1	1	24189	12	1819	7.51995	0.0792096	27.7	2.33
CBDDTY010001888.1	1	24184	13	1532	6.33477	0.0814588	28.6	17.5
CBDDTY010001889.1	1	24176	15	2139	8.84762	0.0943498	31.6	26.7
CBDDTY010001890.1	1	24155	17	2802	11.6001	0.116001	28.5	26.7
CBDDTY010001891.1	1	24153	1	292	1.20896	0.0120896	31.1	23
CBDDTY010001892.1	1	24148	34	3550	14.701	0.212813	31.7	12.9
CBDDTY010001893.1	1	24145	7	765	3.16836	0.0349141	30.9	0.857
CBDDTY010001894.1	1	24123	13	1780	7.37885	0.0844422	32.1	10.2
CBDDTY010001895.1	1	24121	4	663	2.74864	0.0274864	30.7	9.75
CBDDTY010001896.1	1	24112	21	2824	11.712	0.130143	29.3	28
CBDDTY010001897.1	1	24100	10	1581	6.56017	0.0703734	28.3	13.4
CBDDTY010001898.1	1	24079	13	1877	7.79517	0.0823539	30.1	23.7
CBDDTY010001899.1	1	24075	3	648	2.69159	0.0269159	31.8	0.667
CBDDTY010001900.1	1	24070	21	2728	11.3336	0.133403	29.9	5
CBDDTY010001901.1	1	24032	49	6331	26.344	0.349159	30.4	27.9
CBDDTY010001902.1	1	24022	9	1379	5.74057	0.0574057	32	23.2
CBDDTY010001903.1	1	24020	3	318	1.3239	0.013239	36.3	0.333
CBDDTY010001904.1	1	24013	6	923	3.84375	0.0384375	32	5.33
CBDDTY010001905.1	1	24011	34	4776	19.8909	0.243347	29.2	19.1
CBDDTY010001906.1	1	24002	8	899	3.74552	0.0615782	31.4	0.5
CBDDTY010001907.1	1	24000	11	1989	8.2875	0.0889583	29.6	39.7
CBDDTY010001908.1	1	24000	10	1467	6.1125	0.0662917	29.5	7.9
CBDDTY010001909.1	1	24000	1	65	0.270833	0.00270833	35.2	0
CBDDTY010001911.1	1	24000	11	1861	7.75417	0.0775417	30.3	19.9
CBDDTY010001912.1	1	24000	10	1359	5.6625	0.0585	34.7	7.3
CBDDTY010001913.1	1	24000	5	883	3.67917	0.0367917	25.2	19
CBDDTY010001914.1	1	24000	17	2458	10.2417	0.112417	30.8	5.06
CBDDTY010001915.1	1	24000	1	232	0.966667	0.00966667	32.1	33
CBDDTY010001916.1	1	24000	9	883	3.67917	0.0404583	30.1	1.56
CBDDTY010001917.1	1	24000	17	2197	9.15417	0.10225	29.5	33.2
CBDDTY010001919.1	1	24000	16	2830	11.7917	0.129167	31.3	34.8
CBDDTY010001920.1	1	23800	1	113	0.47479	0.0047479	23.4	1
CBDDTY010001921.1	1	24000	2	447	1.8625	0.018625	30.8	0
CBDDTY010001922.1	1	24000	13	2194	9.14167	0.0955	31.7	10.4
CBDDTY010001923.1	1	24000	6	810	3.375	0.0382917	30	25.3
CBDDTY010001924.1	1	24000	12	1571	6.54583	0.0735833	29.5	12.2
CBDDTY010001925.1	1	23669	4	562	2.37441	0.0257721	24.4	4.75
CBDDTY010001926.1	1	24000	11	1280	5.33333	0.0675417	29.7	15.7
CBDDTY010001927.1	1	24000	7	1097	4.57083	0.0502917	28.7	30
CBDDTY010001928.1	1	24000	13	1624	6.76667	0.0818333	29.6	6.54
CBDDTY010001929.1	1	24000	13	1194	4.975	0.0665	29.3	18.5
CBDDTY010001930.1	1	24000	10	1824	7.6	0.0827917	34.4	13.8
CBDDTY010001931.1	1	24000	20	3424	14.2667	0.150292	30.6	31.1
CBDDTY010001932.1	1	23998	10	1619	6.7464	0.067464	29.3	25.7
CBDDTY010001933.1	1	23998	11	1751	7.29644	0.0737145	29.4	0.0909
CBDDTY010001934.1	1	23965	16	2135	8.90883	0.109326	32	16.1
CBDDTY010001935.1	1	23964	53	4453	18.582	0.393799	32.2	12.1
CBDDTY010001936.1	1	23963	9	1079	4.50278	0.0507866	33.7	9.33
CBDDTY010001937.1	1	23959	11	1147	4.78735	0.0508786	29.4	3
CBDDTY010001938.1	1	23959	18	3200	13.3562	0.136066	30.5	13.7
CBDDTY010001939.1	1	23957	9	1236	5.15924	0.0515924	34.4	7
CBDDTY010001940.1	1	23947	17	2383	9.95114	0.113501	32.7	25.1
CBDDTY010001941.1	1	23938	22	2792	11.6635	0.1224	30.9	4.18
CBDDTY010001942.1	1	23938	28	4357	18.2012	0.221739	30	46.4
CBDDTY010001943.1	1	23936	26	3408	14.238	0.151947	31	16.5
CBDDTY010001944.1	1	23919	11	1316	5.5019	0.0629207	30.6	1.27
CBDDTY010001945.1	1	23918	1	198	0.827828	0.00827828	31.2	1
CBDDTY010001946.1	1	23911	13	1839	7.69102	0.083769	29.4	9.92
CBDDTY010001947.1	1	23906	10	984	4.11612	0.0659667	31	7.7
CBDDTY010001948.1	1	23897	5	584	2.44382	0.0244382	32.3	5.4
CBDDTY010001949.1	1	23882	17	2352	9.84842	0.119044	30.1	29.8
CBDDTY010001950.1	1	23879	29	3482	14.5819	0.182922	30.9	15.1
CBDDTY010001951.1	1	23865	12	1766	7.39996	0.0739996	32.5	41.2
CBDDTY010001952.1	1	23847	16	2048	8.58808	0.0902	27.5	2.25
CBDDTY010001953.1	1	23843	11	1747	7.3271	0.0754519	31.3	23.7
CBDDTY010001954.1	1	23819	8	970	4.07238	0.0529409	30.5	10.8
CBDDTY010001955.1	1	23814	2	286	1.20097	0.0120097	27.5	0.5
CBDDTY010001956.1	1	23806	8	1406	5.90607	0.0590607	31.1	14
CBDDTY010001957.1	1	23791	21	2747	11.5464	0.137405	29	0.952
CBDDTY010001958.1	1	23783	9	932	3.91877	0.0431401	33.1	0.556
CBDDTY010001959.1	1	23771	2	301	1.26625	0.0126625	26.6	3
CBDDTY010001960.1	1	23770	14	1979	8.32562	0.0848549	32.1	25.3
CBDDTY010001961.1	1	23763	13	2292	9.64525	0.0990195	29.4	26.2
CBDDTY010001962.1	1	23751	14	2217	9.33434	0.0959118	30.4	7.86
CBDDTY010001963.1	1	23735	13	1936	8.15673	0.0901201	32.2	20.5
CBDDTY010001964.1	1	23713	9	1257	5.30089	0.0631299	30.7	7.56
CBDDTY010001965.1	1	23712	1	109	0.459683	0.00459683	35.3	1
CBDDTY010001966.1	1	23705	9	1461	6.16326	0.0659776	31.6	19.8
CBDDTY010001967.1	1	23685	27	2731	11.5305	0.185434	28.8	9.33
CBDDTY010001968.1	1	23679	20	2170	9.16424	0.125808	32.2	12.2
CBDDTY010001969.1	1	23678	20	2729	11.5255	0.12556	29.9	17.1
CBDDTY010001970.1	1	23661	11	1718	7.26089	0.0822873	29.1	13.3
CBDDTY010001971.1	1	23597	2	337	1.42815	0.0142815	30.3	14
CBDDTY010001972.1	1	23589	28	3116	13.2095	0.191403	31.3	2.54
CBDDTY010001973.1	1	23585	11	1818	7.70829	0.0815349	31.2	47.4
CBDDTY010001974.1	1	23567	7	1107	4.69725	0.0469725	31.4	5.71
CBDDTY010001975.1	1	23562	9	1279	5.42823	0.0542823	29.8	23.7
CBDDTY010001976.1	1	23549	19	1950	8.28061	0.120727	31	11.6
CBDDTY010001977.1	1	23542	6	790	3.3557	0.0421799	33.9	0.333
CBDDTY010001978.1	1	23527	8	1226	5.21103	0.0581885	31.8	19.8
CBDDTY010001979.1	1	23525	8	950	4.03826	0.0403826	29.1	3.12
CBDDTY010001980.1	1	23513	9	1275	5.42253	0.0542253	27.4	19.9
CBDDTY010001981.1	1	23503	31	4227	17.9849	0.223291	30.6	30
CBDDTY010001982.1	1	23490	31	4128	17.5734	0.209834	29.2	30.7
CBDDTY010001983.1	1	23478	14	2013	8.57398	0.093151	32.5	37.9
CBDDTY010001984.1	1	23477	2	151	0.643183	0.00975423	31.8	1
CBDDTY010001985.1	1	23461	7	1039	4.42863	0.0442863	27.9	2.86
CBDDTY010001986.1	1	23459	11	1430	6.09574	0.0679483	28.3	26.1
CBDDTY010001987.1	1	23456	20	2634	11.2295	0.12807	28.9	15.7
CBDDTY010001988.1	1	23436	11	1291	5.50862	0.0656682	32.8	6.64
CBDDTY010001989.1	1	23431	14	1654	7.05902	0.0867227	30.3	17.9
CBDDTY010001990.1	1	23427	22	3129	13.3564	0.149528	30.6	27.8
CBDDTY010001991.1	1	23426	8	748	3.19303	0.0383335	33.1	2
CBDDTY010001992.1	1	23426	16	2202	9.39981	0.105353	29.2	9.19
CBDDTY010001993.1	1	23424	18	2337	9.97695	0.107369	32.6	17.5
CBDDTY010001994.1	1	23424	4	781	3.33419	0.0333419	31.7	15.5
CBDDTY010001995.1	1	23406	15	2620	11.1937	0.115141	29.3	33.7
CBDDTY010001996.1	1	23396	12	1313	5.61207	0.0783895	31.9	3.33
CBDDTY010001997.1	1	23395	20	2196	9.38662	0.152597	33.1	9.75
CBDDTY010001998.1	1	23386	22	2364	10.1086	0.134012	30.9	2.68
CBDDTY010001999.1	1	23384	21	2747	11.7473	0.171143	29.6	29.6
CBDDTY010002000.1	1	23381	19	3978	17.0138	0.183653	29.7	22
CBDDTY010002001.1	1	23364	5	652	2.79062	0.0306882	29.7	24.2
CBDDTY010002002.1	1	23327	19	2364	10.1342	0.129764	30.3	10.5
CBDDTY010002003.1	1	23326	8	910	3.90123	0.0451856	27.9	3.62
CBDDTY010002004.1	1	23324	9	1336	5.72801	0.0752444	29.6	1.33
CBDDTY010002005.1	1	23306	8	1105	4.74127	0.0474127	28	3.62
CBDDTY010002006.1	1	23304	9	1467	6.29506	0.0629506	27.5	13.4
CBDDTY010002007.1	1	23298	8	891	3.82436	0.0410336	30.5	2
CBDDTY010002008.1	1	23285	22	3286	14.1121	0.145544	30.8	25.1
CBDDTY010002009.1	1	23270	5	475	2.04125	0.0204125	35.2	20.8
CBDDTY010002010.1	1	23268	8	849	3.64879	0.0429775	31.7	39.6
CBDDTY010002011.1	1	23246	5	817	3.51458	0.0351458	27.5	12.8
CBDDTY010002012.1	1	23243	14	1987	8.54881	0.10416	32.8	17.5
CBDDTY010002013.1	1	23241	10	1620	6.97044	0.0697044	31.1	40.9
CBDDTY010002014.1	1	23226	8	1158	4.98579	0.0544648	27.8	15.2
CBDDTY010002015.1	1	23220	7	1083	4.66408	0.0533592	32.5	10.1
CBDDTY010002016.1	1	23210	6	1088	4.68763	0.0468763	28.1	11.8
CBDDTY010002017.1	1	23200	11	1756	7.56897	0.0756897	32.1	39.4
CBDDTY010002018.1	1	23200	15	2482	10.6983	0.107069	32.9	21.8
CBDDTY010002019.1	1	23194	15	1807	7.79081	0.0986031	31.6	7.6
CBDDTY010002020.1	1	23187	9	1087	4.68797	0.0498555	30.3	22
CBDDTY010002021.1	1	23187	32	4540	19.5799	0.25303	29.6	19.7
CBDDTY010002022.1	1	23184	12	1668	7.19462	0.0775535	28.4	17.8
CBDDTY010002023.1	1	23179	19	3116	13.4432	0.145002	28.9	30.3
CBDDTY010002024.1	1	23166	11	1701	7.34266	0.0734266	33.1	29.4
CBDDTY010002025.1	1	23160	10	1436	6.20035	0.0651123	29	32.8
CBDDTY010002026.1	1	23133	15	2101	9.08226	0.0951887	29.8	28.1
CBDDTY010002027.1	1	23128	6	874	3.77897	0.0377897	33.6	6.33
CBDDTY010002028.1	1	23127	11	1574	6.8059	0.07221	32.9	17.9
CBDDTY010002029.1	1	23116	10	1712	7.40613	0.0759647	29.8	31.1
CBDDTY010002030.1	1	23114	23	3089	13.3642	0.164359	30.1	25.8
CBDDTY010002031.1	1	23099	7	1113	4.81839	0.0481839	29.2	45.6
CBDDTY010002032.1	1	23090	17	2292	9.92638	0.110481	30.3	23.9
CBDDTY010002033.1	1	23074	15	1797	7.78799	0.0968189	29.7	17.1
CBDDTY010002034.1	1	23068	18	1742	7.55159	0.114964	32.5	20.3
CBDDTY010002035.1	1	23061	14	2493	10.8105	0.109275	31.6	25.6
CBDDTY010002036.1	1	23032	27	4163	18.0749	0.219955	33.4	25
CBDDTY010002037.1	1	23027	12	1980	8.5986	0.0892431	30.4	14
CBDDTY010002038.1	1	23009	12	1768	7.68395	0.0801426	32.2	20.8
CBDDTY010002039.1	1	22800	3	415	1.82018	0.0182018	34.1	13.3
CBDDTY010002040.1	1	23000	17	2279	9.9087	0.122478	29.2	2.35
CBDDTY010002041.1	1	23000	6	822	3.57391	0.0357391	30.9	14
CBDDTY010002042.1	1	23000	4	357	1.55217	0.0174348	30.7	0.25
CBDDTY010002043.1	1	23000	4	563	2.44783	0.0244783	34.8	34.8
CBDDTY010002044.1	1	23000	15	2001	8.7	0.104174	28.5	18.9
CBDDTY010002045.1	1	23000	18	2443	10.6217	0.123043	30.2	10.4
CBDDTY010002046.1	1	23000	16	1666	7.24348	0.083	32.3	2.44
CBDDTY010002048.1	1	23000	1	200	0.869565	0.00869565	30.7	12
CBDDTY010002049.1	1	22393	11	1566	6.99326	0.0770777	32.1	36
CBDDTY010002050.1	1	23000	21	2348	10.2087	0.131087	29.2	2.14
CBDDTY010002051.1	1	23000	9	1536	6.67826	0.0791739	33.5	9.44
CBDDTY010002052.1	1	23000	12	1637	7.11739	0.0853913	33.6	5.42
CBDDTY010002053.1	1	23000	5	570	2.47826	0.0247826	28.8	1.4
CBDDTY010002054.1	1	23000	10	1703	7.40435	0.0907826	30.6	36.2
CBDDTY010002055.1	1	23000	7	1022	4.44348	0.0444348	34.7	16.3
CBDDTY010002056.1	1	23000	3	499	2.16957	0.0216957	30	34
CBDDTY010002057.1	1	23000	2	218	0.947826	0.00947826	37	0
CBDDTY010002058.1	1	23000	15	2083	9.05652	0.100565	28.3	15.2
CBDDTY010002059.1	1	23000	2	324	1.4087	0.014087	31.4	30
CBDDTY010002060.1	1	23000	18	2046	8.89565	0.130043	31	7.83
CBDDTY010002061.1	1	23000	31	3603	15.6652	0.197391	31.8	10.4
CBDDTY010002062.1	1	23000	9	1561	6.78696	0.0719565	32	6.89
CBDDTY010002063.1	1	22800	3	376	1.64912	0.020307	33.6	17
CBDDTY010002064.1	1	23000	4	931	4.04783	0.0404783	27.1	12.5
CBDDTY010002065.1	1	23000	14	1622	7.05217	0.0983913	30.9	5.5
CBDDTY010002066.1	1	23000	17	2043	8.88261	0.097	31.7	27.1
CBDDTY010002067.1	1	23000	16	1677	7.2913	0.0932174	28.2	6.19
CBDDTY010002068.1	1	23000	25	1857	8.07391	0.150304	29.2	14.8
CBDDTY010002069.1	1	23000	11	1623	7.05652	0.0781739	31.7	1.09
CBDDTY010002070.1	1	23000	14	1983	8.62174	0.0908696	28.9	1.14
CBDDTY010002071.1	1	22999	11	1475	6.41332	0.0673942	32.2	19.7
CBDDTY010002072.1	1	22989	14	1913	8.32137	0.0986994	29.9	25.9
CBDDTY010002073.1	1	22978	1	250	1.088	0.01088	33.2	0
CBDDTY010002074.1	1	22953	4	467	2.03459	0.0203459	35.6	15.2
CBDDTY010002075.1	1	22931	10	1447	6.31024	0.0761851	30.5	41.5
CBDDTY010002076.1	1	22927	19	3147	13.7262	0.144633	29.6	36.5
CBDDTY010002077.1	1	22927	8	1292	5.63528	0.0605836	30.5	4.62
CBDDTY010002078.1	1	22926	6	1008	4.39675	0.0439675	28.3	23
CBDDTY010002079.1	1	22926	3	371	1.61825	0.0161825	29.4	14.7
CBDDTY010002080.1	1	22898	9	1243	5.42842	0.0599179	33.1	9.22
CBDDTY010002081.1	1	22893	2	256	1.11825	0.0111825	30.7	0
CBDDTY010002082.1	1	22893	7	862	3.76534	0.0462587	37.8	13.9
CBDDTY010002083.1	1	22852	13	1816	7.94679	0.0794679	31.3	29.2
CBDDTY010002084.1	1	22852	9	1607	7.03221	0.0703221	29.4	10.8
CBDDTY010002085.1	1	22834	8	1632	7.14724	0.0714724	24.6	12.8
CBDDTY010002086.1	1	22820	29	3440	15.0745	0.186065	31.7	14.1
CBDDTY010002087.1	1	22816	7	1312	5.75035	0.0575035	30	24.4
CBDDTY010002088.1	1	22803	16	2091	9.16985	0.106784	28.6	3
CBDDTY010002089.1	1	22791	18	2727	11.9652	0.132157	30.8	34.4
CBDDTY010002090.1	1	22791	13	1823	7.99877	0.089509	31.9	25.3
CBDDTY010002091.1	1	22776	17	2439	10.7086	0.129039	30.6	15.4
CBDDTY010002092.1	1	22776	14	2073	9.10169	0.104803	29.1	0.714
CBDDTY010002093.1	1	22775	8	1125	4.93963	0.0554995	28.4	6.38
CBDDTY010002094.1	1	22773	4	644	2.82791	0.0282791	36.7	40.8
CBDDTY010002095.1	1	22760	14	2150	9.4464	0.106195	30.5	36.8
CBDDTY010002096.1	1	22756	12	1981	8.7054	0.0932062	29.3	25.6
CBDDTY010002097.1	1	22751	20	2784	12.2368	0.131555	28.8	19.9
CBDDTY010002098.1	1	22751	22	3068	13.4851	0.145664	31.9	18.8
CBDDTY010002099.1	1	22729	16	2030	8.93132	0.092701	30.7	17.2
CBDDTY010002100.1	1	22725	5	768	3.37954	0.0337954	27.6	16.4
CBDDTY010002101.1	1	22723	25	3254	14.3203	0.167319	29.8	13.3
CBDDTY010002102.1	1	22715	21	3182	14.0084	0.169448	29.8	13.7
CBDDTY010002103.1	1	22687	9	1219	5.37312	0.0585357	29.8	2.56
CBDDTY010002104.1	1	22674	14	1255	5.53497	0.101702	33.1	10.3
CBDDTY010002105.1	1	22644	9	1529	6.75234	0.0724695	28.9	7.22
CBDDTY010002106.1	1	22639	7	829	3.66182	0.0405937	31.4	7.14
CBDDTY010002107.1	1	22634	8	862	3.80843	0.054343	32.7	21.9
CBDDTY010002108.1	1	22618	16	2075	9.17411	0.122646	30.5	5.06
CBDDTY010002109.1	1	22610	3	299	1.32242	0.0132242	35.2	14
CBDDTY010002110.1	1	22592	10	1908	8.44547	0.0897663	29.1	27.4
CBDDTY010002111.1	1	22590	7	1258	5.56884	0.0556884	29.1	10.3
CBDDTY010002112.1	1	22586	22	2824	12.5033	0.14872	30.5	18.5
CBDDTY010002113.1	1	22578	5	636	2.8169	0.0349012	29.9	6.2
CBDDTY010002114.1	1	22575	18	2020	8.94795	0.121152	29.1	1.22
CBDDTY010002115.1	1	22573	17	1899	8.41271	0.118194	32.8	8.35
CBDDTY010002116.1	1	22573	11	1155	5.11673	0.110087	30.2	5.09
CBDDTY010002117.1	1	22558	20	2278	10.0984	0.120489	30	15.7
CBDDTY010002118.1	1	22533	6	784	3.47934	0.0347934	32.9	19
CBDDTY010002119.1	1	22533	4	611	2.71158	0.0271158	30.3	25
CBDDTY010002120.1	1	22524	15	2396	10.6375	0.110549	31	29.1
CBDDTY010002121.1	1	22510	8	1485	6.59707	0.0659707	33	0.25
CBDDTY010002122.1	1	22498	31	4333	19.2595	0.239577	30.5	19
CBDDTY010002123.1	1	22494	7	603	2.68071	0.0378768	30.5	26
CBDDTY010002124.1	1	22472	10	1674	7.44927	0.0797437	30.4	6.7
CBDDTY010002125.1	1	22451	14	2339	10.4182	0.109616	30.8	10.9
CBDDTY010002126.1	1	22448	14	2232	9.94298	0.110567	34.2	14.9
CBDDTY010002127.1	1	22447	16	2191	9.76077	0.108656	30.8	0.5
CBDDTY010002128.1	1	22446	21	2408	10.728	0.135035	32.6	28.9
CBDDTY010002129.1	1	22444	12	1657	7.38282	0.0754767	33.1	30.9
CBDDTY010002130.1	1	22442	12	1939	8.64005	0.0869352	30	18.3
CBDDTY010002131.1	1	22416	9	1059	4.7243	0.0620539	32.2	2
CBDDTY010002132.1	1	22402	12	474	2.11588	0.0774931	32.4	7.25
CBDDTY010002133.1	1	22394	27	2775	12.3917	0.185362	31.4	6.22
CBDDTY010002134.1	1	22384	10	1631	7.28645	0.0733113	29.6	18.5
CBDDTY010002135.1	1	22352	33	4528	20.2577	0.250268	30.8	30.8
CBDDTY010002136.1	1	22314	12	2012	9.01676	0.0952317	30.2	33.2
CBDDTY010002137.1	1	22310	25	3294	14.7647	0.197759	29.3	9.84
CBDDTY010002138.1	1	22307	5	969	4.34393	0.0434393	26.2	7.6
CBDDTY010002139.1	1	22307	16	2346	10.5169	0.111669	32.5	26.5
CBDDTY010002140.1	1	22305	23	2585	11.5893	0.154539	29.4	5.96
CBDDTY010002141.1	1	22298	21	2779	12.463	0.146112	32	34
CBDDTY010002142.1	1	22296	12	1567	7.02817	0.088267	30.7	10.5
CBDDTY010002143.1	1	22295	2	503	2.25611	0.0225611	28	0
CBDDTY010002144.1	1	22294	14	2091	9.37921	0.103032	30.2	37.4
CBDDTY010002145.1	1	22292	27	2981	13.3725	0.210031	27.1	5.89
CBDDTY010002146.1	1	22285	10	1135	5.09311	0.0530402	31.5	4.2
CBDDTY010002147.1	1	22282	5	623	2.79598	0.0279598	29.9	20.2
CBDDTY010002148.1	1	22276	8	1087	4.87969	0.0487969	35.4	30.5
CBDDTY010002149.1	1	22256	7	687	3.08681	0.0308681	27.6	6.71
CBDDTY010002150.1	1	22249	7	1256	5.6452	0.056452	31.8	29.4
CBDDTY010002151.1	1	22234	10	1226	5.51408	0.0551408	28.9	26
CBDDTY010002152.1	1	22231	14	2107	9.47776	0.111376	31.1	9
CBDDTY010002153.1	1	22216	5	769	3.46147	0.0379456	34.7	24.6
CBDDTY010002154.1	1	22216	10	1322	5.95067	0.0595067	29.6	21.5
CBDDTY010002155.1	1	22211	11	1440	6.48327	0.0648327	34.4	26.9
CBDDTY010002156.1	1	22198	12	1675	7.54572	0.0912244	31.4	5.08
CBDDTY010002157.1	1	22183	3	456	2.05563	0.0205563	26.1	11
CBDDTY010002158.1	1	22166	5	568	2.56248	0.0284219	26.8	1.8
CBDDTY010002159.1	1	22154	7	870	3.92706	0.0472601	30.8	14.9
CBDDTY010002160.1	1	22139	21	2226	10.0547	0.139257	31.1	12.5
CBDDTY010002161.1	1	22136	9	1129	5.10029	0.0547976	31	22.6
CBDDTY010002162.1	1	22099	15	2374	10.7426	0.1353	32.5	31.6
CBDDTY010002163.1	1	22095	21	2322	10.5092	0.16945	28.9	32.5
CBDDTY010002164.1	1	22059	7	1089	4.93676	0.0499569	32	0.429
CBDDTY010002165.1	1	22055	12	1839	8.33825	0.0930855	29.4	4.67
CBDDTY010002166.1	1	22052	15	2617	11.8674	0.123572	31.7	15.3
CBDDTY010002167.1	1	22046	18	2376	10.7775	0.115758	30.1	2.28
CBDDTY010002168.1	1	22044	14	1178	5.34386	0.0694974	33.1	13.6
CBDDTY010002169.1	1	22035	12	1392	6.31722	0.0739278	30.9	9
CBDDTY010002170.1	1	22011	7	1079	4.90209	0.0490209	31.4	2.43
CBDDTY010002171.1	1	22004	8	1363	6.19433	0.0619433	29.3	15.8
CBDDTY010002172.1	1	22003	15	1563	7.10358	0.0935327	30	12.7
CBDDTY010002173.1	1	22000	11	1549	7.04091	0.0704091	29.3	12.5
CBDDTY010002174.1	1	22000	7	1027	4.66818	0.0520455	29.7	0.714
CBDDTY010002175.1	1	22000	7	1109	5.04091	0.0537273	29.8	11.9
CBDDTY010002176.1	1	22000	9	1073	4.87727	0.0614091	30.5	4.11
CBDDTY010002177.1	1	22000	6	1050	4.77273	0.0480909	30.2	9.5
CBDDTY010002178.1	1	22000	10	1273	5.78636	0.0578636	33.8	8.9
CBDDTY010002179.1	1	22000	79	9969	45.3136	0.575818	29.3	35.1
CBDDTY010002180.1	1	22000	14	1547	7.03182	0.0905455	29.8	5.93
CBDDTY010002181.1	1	22000	2	717	3.25909	0.0385909	10.3	1
CBDDTY010002182.1	1	21777	2	328	1.50618	0.0150618	36.1	0.5
CBDDTY010002184.1	1	22000	26	3222	14.6455	0.201273	30.6	15.3
CBDDTY010002185.1	1	22000	15	1863	8.46818	0.0978636	30	5.6
CBDDTY010002186.1	1	22000	18	2624	11.9273	0.137545	32.4	21.1
CBDDTY010002187.1	1	22000	3	431	1.95909	0.0195909	29.2	1.67
CBDDTY010002188.1	1	22000	19	3034	13.7909	0.156636	29.3	30.1
CBDDTY010002189.1	1	22000	7	1215	5.52273	0.0552273	29.6	30.4
CBDDTY010002190.1	1	22000	13	1526	6.93636	0.0789545	30.8	8
CBDDTY010002191.1	1	22000	25	2499	11.3591	0.1625	29.8	11
CBDDTY010002192.1	1	22000	24	3585	16.2955	0.187136	29.8	27.5
CBDDTY010002193.1	1	22000	13	1841	8.36818	0.0933636	33	13.2
CBDDTY010002194.1	1	22000	16	2122	9.64545	0.100409	33.4	10.7
CBDDTY010002195.1	1	22000	4	562	2.55455	0.0295455	29	16.2
CBDDTY010002197.1	1	22000	17	2571	11.6864	0.122591	31.6	19.9
CBDDTY010002198.1	1	22000	18	2429	11.0409	0.129955	30.4	15.6
CBDDTY010002199.1	1	22000	4	978	4.44545	0.0444545	31.3	60
CBDDTY010002200.1	1	21800	9	1361	6.24312	0.0705963	26.9	8.67
CBDDTY010002201.1	1	22000	9	1364	6.2	0.062	33	7
CBDDTY010002202.1	1	22000	14	2213	10.0591	0.107	28.1	4.5
CBDDTY010002203.1	1	22000	14	1766	8.02727	0.0925909	29.7	23.4
CBDDTY010002204.1	1	22000	5	892	4.05455	0.0405455	35.2	12.6
CBDDTY010002206.1	1	22000	15	1834	8.33636	0.0972273	28.6	7.47
CBDDTY010002207.1	1	21998	5	764	3.47304	0.0347304	27.6	9.8
CBDDTY010002208.1	1	21996	11	1584	7.20131	0.0777869	30	10.1
CBDDTY010002209.1	1	21994	16	1896	8.62053	0.102892	31.1	7
CBDDTY010002210.1	1	21960	15	2179	9.92259	0.102914	32.3	12.9
CBDDTY010002211.1	1	21951	20	2500	11.389	0.172156	30.1	2.45
CBDDTY010002212.1	1	21950	18	2120	9.65831	0.121185	31.3	14.4
CBDDTY010002213.1	1	21946	11	1405	6.40208	0.0673471	30.6	7.55
CBDDTY010002214.1	1	21917	13	1508	6.8805	0.0831318	30.9	5.08
CBDDTY010002215.1	1	21885	11	1642	7.50286	0.0822938	31.4	18.1
CBDDTY010002216.1	1	21851	13	1877	8.59	0.0916663	30	21.9
CBDDTY010002217.1	1	21847	7	920	4.2111	0.042111	30.3	0.429
CBDDTY010002218.1	1	21840	13	1638	7.5	0.0854853	32.4	20.2
CBDDTY010002219.1	1	21830	20	2492	11.4155	0.144572	31.6	14.7
CBDDTY010002220.1	1	21805	14	1761	8.07613	0.109745	33.4	21.4
CBDDTY010002221.1	1	21805	6	600	2.75166	0.0330199	28	7.83
CBDDTY010002222.1	1	21795	15	2920	13.3976	0.133976	30.1	21.1
CBDDTY010002223.1	1	21791	5	722	3.31329	0.0331329	34	12
CBDDTY010002224.1	1	21782	9	957	4.39354	0.0515104	24.3	2.89
CBDDTY010002225.1	1	21777	15	2034	9.34013	0.104192	27.8	0.8
CBDDTY010002226.1	1	21771	21	2484	11.4097	0.135455	31.7	22.1
CBDDTY010002227.1	1	21764	2	234	1.07517	0.0107517	28	1
CBDDTY010002228.1	1	21750	16	2522	11.5954	0.117149	30.9	33.6
CBDDTY010002229.1	1	21748	10	1528	7.02593	0.071133	29	7.7
CBDDTY010002230.1	1	21738	39	4643	21.3589	0.306836	30.7	10.1
CBDDTY010002231.1	1	21719	19	2571	11.8376	0.134352	29.9	34.7
CBDDTY010002232.1	1	21702	15	1906	8.7826	0.0923417	30.5	25.6
CBDDTY010002233.1	1	21699	17	2426	11.1802	0.120973	30.9	6.53
CBDDTY010002234.1	1	21693	13	1846	8.50966	0.100632	31.2	10.3
CBDDTY010002235.1	1	21691	17	2589	11.9358	0.12549	30.1	35.9
CBDDTY010002236.1	1	21686	15	2340	10.7904	0.121415	31.7	26.4
CBDDTY010002237.1	1	21662	11	1590	7.34004	0.0770012	31.8	15.8
CBDDTY010002238.1	1	21661	13	1824	8.42066	0.0921472	30.6	5
CBDDTY010002239.1	1	21659	5	685	3.16266	0.0316266	31.7	28.6
CBDDTY010002240.1	1	21644	5	400	1.84809	0.0261042	29.3	6.2
CBDDTY010002241.1	1	21634	11	1605	7.41888	0.080845	32	22.6
CBDDTY010002242.1	1	21633	3	572	2.64411	0.0264411	28.7	0.333
CBDDTY010002243.1	1	21633	11	1569	7.25281	0.0725281	29.2	38.1
CBDDTY010002244.1	1	21632	10	1403	6.48576	0.0648576	30	22.1
CBDDTY010002245.1	1	21620	11	1344	6.21647	0.0679926	30.2	10.5
CBDDTY010002246.1	1	21613	7	832	3.84954	0.0384954	34.3	23.4
CBDDTY010002247.1	1	21604	16	2343	10.8452	0.114979	29.1	13.6
CBDDTY010002248.1	1	21604	19	2601	12.0394	0.130115	32.1	20.1
CBDDTY010002249.1	1	21601	10	1533	7.09689	0.0766168	30.4	25.4
CBDDTY010002250.1	1	21597	20	2723	12.6082	0.162476	30.3	25.5
CBDDTY010002251.1	1	21580	10	1664	7.71084	0.0771084	29.1	19.1
CBDDTY010002252.1	1	21567	18	2759	12.7927	0.127927	30.2	37.6
CBDDTY010002253.1	1	21557	11	1566	7.26446	0.0868859	32.2	43.9
CBDDTY010002254.1	1	21532	8	1135	5.27122	0.0577745	28.1	2.5
CBDDTY010002255.1	1	21529	8	1293	6.00585	0.0600585	27.7	21
CBDDTY010002256.1	1	21501	15	2062	9.59025	0.0997628	32.2	16.3
CBDDTY010002257.1	1	21499	5	784	3.64668	0.0367459	28.5	1
CBDDTY010002258.1	1	21490	35	3615	16.8218	0.277059	30.9	12.9
CBDDTY010002259.1	1	21488	17	2965	13.7984	0.155854	28.3	16.4
CBDDTY010002260.1	1	21487	6	630	2.93201	0.0335086	31	20.5
CBDDTY010002261.1	1	21483	5	935	4.35228	0.0494344	31.8	46.8
CBDDTY010002262.1	1	21474	29	4088	19.037	0.221896	28.5	31.7
CBDDTY010002263.1	1	21468	9	1207	5.62232	0.0715949	31.9	10.7
CBDDTY010002264.1	1	21462	13	1742	8.11667	0.081819	28.9	11.8
CBDDTY010002265.1	1	21458	4	500	2.33013	0.0233013	28.1	0.25
CBDDTY010002266.1	1	21451	9	1385	6.45658	0.0645658	32.4	37.9
CBDDTY010002267.1	1	21449	19	2709	12.63	0.144203	30.4	8.95
CBDDTY010002268.1	1	21448	23	3056	14.2484	0.159968	31.9	21.6
CBDDTY010002269.1	1	21443	10	1642	7.65751	0.0765751	33.2	35
CBDDTY010002270.1	1	21427	19	2262	10.5568	0.125683	31	20.8
CBDDTY010002271.1	1	21418	13	2084	9.73013	0.10197	29.3	37.2
CBDDTY010002272.1	1	21418	17	2345	10.9487	0.118825	31.6	11.5
CBDDTY010002273.1	1	21409	5	1059	4.94652	0.0494652	37.4	7.4
CBDDTY010002274.1	1	21385	9	1636	7.65022	0.0787	31.6	12.4
CBDDTY010002275.1	1	21373	7	1018	4.76302	0.0476302	29.9	40.4
CBDDTY010002276.1	1	21364	13	2018	9.4458	0.0978281	33	28.4
CBDDTY010002277.1	1	21361	6	826	3.86686	0.0473292	29.5	16
CBDDTY010002278.1	1	21359	1	65	0.304321	0.00304321	34.1	13
CBDDTY010002279.1	1	21341	16	1895	8.87962	0.0989644	31.4	19.6
CBDDTY010002280.1	1	21332	11	2078	9.74123	0.0994281	27.6	32.2
CBDDTY010002281.1	1	21322	15	2032	9.53006	0.103508	31.2	33.5
CBDDTY010002282.1	1	21317	14	2052	9.62612	0.108223	30.7	5.21
CBDDTY010002283.1	1	21315	9	1048	4.91673	0.0547033	30.7	3.44
CBDDTY010002284.1	1	21284	3	392	1.84176	0.0184176	32.7	0.667
CBDDTY010002285.1	1	21269	8	1184	5.56679	0.061592	27.8	9
CBDDTY010002286.1	1	21265	13	2101	9.88008	0.103315	29	32.5
CBDDTY010002287.1	1	21253	12	1850	8.70465	0.0881758	29.5	16.2
CBDDTY010002288.1	1	21251	6	713	3.35514	0.035716	32.3	7.33
CBDDTY010002289.1	1	21219	2	258	1.21589	0.0121589	31.9	0.5
CBDDTY010002290.1	1	21214	12	1921	9.05534	0.0935703	28.3	43
CBDDTY010002291.1	1	21200	16	2536	11.9623	0.120613	32.7	18.8
CBDDTY010002292.1	1	21175	11	1445	6.82409	0.0710272	26.1	12.3
CBDDTY010002293.1	1	21159	5	744	3.51623	0.0351623	28.9	3.2
CBDDTY010002294.1	1	21158	17	2541	12.0096	0.123169	31.6	16.1
CBDDTY010002295.1	1	21144	15	1879	8.88668	0.107264	26.8	10.9
CBDDTY010002296.1	1	21142	2	235	1.11153	0.0111153	31.3	0.5
CBDDTY010002297.1	1	21134	5	649	3.07088	0.0307088	28.6	0.2
CBDDTY010002298.1	1	21132	2	201	0.951164	0.00951164	35	0
CBDDTY010002299.1	1	21131	10	1533	7.25474	0.0725474	31.8	24.6
CBDDTY010002300.1	1	21122	24	2604	12.3284	0.210918	31.2	9.92
CBDDTY010002301.1	1	21119	14	2055	9.73057	0.112789	30.8	14.7
CBDDTY010002302.1	1	21116	9	1297	6.14226	0.0614226	30.1	16.3
CBDDTY010002303.1	1	21078	16	2041	9.68308	0.123162	28.8	23.5
CBDDTY010002304.1	1	21073	7	1032	4.89726	0.0489726	34	8.86
CBDDTY010002305.1	1	21070	17	2070	9.82439	0.114476	31.2	28.5
CBDDTY010002306.1	1	21061	13	2157	10.2417	0.106643	27.5	7.15
CBDDTY010002307.1	1	21061	3	396	1.88025	0.0188025	30.8	1.67
CBDDTY010002308.1	1	21044	16	2648	12.5832	0.166128	31.2	34.6
CBDDTY010002309.1	1	21043	18	2873	13.653	0.142945	29.9	30.9
CBDDTY010002310.1	1	21040	13	1804	8.57414	0.0914449	31	13.9
CBDDTY010002311.1	1	21039	8	1196	5.68468	0.0952992	29	12.6
CBDDTY010002312.1	1	21029	19	3250	15.4548	0.16734	30.8	35.6
CBDDTY010002313.1	1	21019	40	5089	24.2114	0.322613	30.9	25.9
CBDDTY010002314.1	1	21002	22	2027	9.65146	0.160032	29.7	10.4
CBDDTY010002315.1	1	21000	13	1727	8.22381	0.0822381	28.3	3.15
CBDDTY010002316.1	1	21000	3	492	2.34286	0.0234286	34.3	14.3
CBDDTY010002317.1	1	21000	19	2659	12.6619	0.137476	31.7	15.8
CBDDTY010002318.1	1	21000	41	5261	25.0524	0.34981	32.1	3.34
CBDDTY010002319.1	1	21000	12	1662	7.91429	0.0899524	30.4	5.5
CBDDTY010002320.1	1	20800	7	855	4.11058	0.0495673	28	19.4
CBDDTY010002321.1	1	21000	2	288	1.37143	0.0137143	32.2	1
CBDDTY010002323.1	1	20873	14	1769	8.47506	0.101519	31.4	4.86
CBDDTY010002324.1	1	21000	10	1719	8.18571	0.0912381	31.7	13
CBDDTY010002325.1	1	21000	21	2398	11.419	0.151	33.6	14.3
CBDDTY010002326.1	1	21000	7	450	2.14286	0.0357143	29.4	6.71
CBDDTY010002327.1	1	21000	22	2717	12.9381	0.156333	32	26.9
CBDDTY010002328.1	1	21000	11	1785	8.5	0.0918095	30.3	27.8
CBDDTY010002329.1	1	21000	2	251	1.19524	0.0119524	26.3	32.5
CBDDTY010002330.1	1	21000	16	2418	11.5143	0.137905	33.2	8.5
CBDDTY010002331.1	1	20800	13	1738	8.35577	0.0914904	31.9	3.54
CBDDTY010002333.1	1	21000	24	2898	13.8	0.173238	30.8	26
CBDDTY010002335.1	1	20800	4	575	2.76442	0.0276442	35	4
CBDDTY010002337.1	1	21000	8	1038	4.94286	0.0494286	27.9	29.6
CBDDTY010002338.1	1	20800	2	238	1.14423	0.0114423	32.8	1
CBDDTY010002339.1	1	21000	9	1334	6.35238	0.066619	29	3.22
CBDDTY010002341.1	1	21000	21	1738	8.27619	0.177143	31.5	3.62
CBDDTY010002342.1	1	21000	2	416	1.98095	0.0198095	29.3	25.5
CBDDTY010002343.1	1	21000	21	2609	12.4238	0.134524	31.7	9.33
CBDDTY010002344.1	1	21000	1	198	0.942857	0.00942857	20.4	1
CBDDTY010002345.1	1	21000	7	1003	4.77619	0.0562857	32	6
CBDDTY010002346.1	1	21000	22	2580	12.2857	0.158095	32.7	24.2
CBDDTY010002347.1	1	21000	16	2208	10.5143	0.105143	32.3	33.2
CBDDTY010002348.1	1	21000	8	1095	5.21429	0.0641429	27.9	4.88
CBDDTY010002349.1	1	21000	14	2186	10.4095	0.104095	30.5	8.93
CBDDTY010002350.1	1	20993	13	1913	9.11256	0.0956986	32.5	40.9
CBDDTY010002351.1	1	20943	10	1691	8.0743	0.0820799	32.1	27.4
CBDDTY010002352.1	1	20914	17	2084	9.96462	0.122932	30.6	9.24
CBDDTY010002353.1	1	20909	8	1465	7.00655	0.0716438	28.5	8
CBDDTY010002354.1	1	20897	21	3215	15.385	0.164138	29.4	23.6
CBDDTY010002355.1	1	20896	11	1829	8.75287	0.0909265	32.8	34.5
CBDDTY010002356.1	1	20893	13	2125	10.1709	0.111856	29.6	30.1
CBDDTY010002357.1	1	20879	31	4270	20.4512	0.241247	32.4	2.39
CBDDTY010002358.1	1	20874	17	2543	12.1826	0.121826	30.3	30.9
CBDDTY010002359.1	1	20838	14	1912	9.17554	0.0945388	29.9	9.36
CBDDTY010002360.1	1	20831	16	2650	12.7214	0.138736	29.5	28.2
CBDDTY010002361.1	1	20829	6	679	3.25988	0.0394162	30.2	12.3
CBDDTY010002362.1	1	20824	8	1183	5.68095	0.0568095	27.6	23.8
CBDDTY010002363.1	1	20824	17	2767	13.2876	0.136285	31.6	17.8
CBDDTY010002364.1	1	20807	17	2578	12.3901	0.127409	31.5	14.9
CBDDTY010002365.1	1	20787	5	663	3.18949	0.0318949	29.1	0.6
CBDDTY010002366.1	1	20785	1	83	0.399326	0.00399326	29.6	2
CBDDTY010002367.1	1	20773	15	2081	10.0178	0.12834	29.6	11.8
CBDDTY010002368.1	1	20758	12	1519	7.31766	0.104345	29.4	1.58
CBDDTY010002369.1	1	20733	14	2322	11.1995	0.119905	30.8	11.9
CBDDTY010002370.1	1	20732	29	3743	18.0542	0.247251	30.6	35.3
CBDDTY010002371.1	1	20730	6	996	4.80463	0.0543657	33.7	8.67
CBDDTY010002372.1	1	20712	17	2039	9.84453	0.112447	31.7	16.1
CBDDTY010002373.1	1	20697	8	1090	5.26646	0.0570131	31.4	17.4
CBDDTY010002374.1	1	20695	8	1307	6.31554	0.0654264	30.7	0.875
CBDDTY010002375.1	1	20671	12	1782	8.62077	0.087659	30.3	9.5
CBDDTY010002376.1	1	20664	13	1959	9.48026	0.104578	31.7	29.5
CBDDTY010002377.1	1	20658	4	557	2.69629	0.0269629	29.5	0
CBDDTY010002378.1	1	20655	12	1739	8.41927	0.089131	30.5	25.7
CBDDTY010002379.1	1	20654	9	1198	5.80033	0.060182	31.8	22.6
CBDDTY010002380.1	1	20628	14	2399	11.6298	0.122988	29.2	18.4
CBDDTY010002381.1	1	20624	2	358	1.73584	0.0173584	32.4	9
CBDDTY010002382.1	1	20623	15	2074	10.0567	0.109829	33.2	36.6
CBDDTY010002383.1	1	20605	15	2032	9.86168	0.101286	30.5	17.5
CBDDTY010002384.1	1	20604	9	1479	7.17822	0.0717822	30.5	29.9
CBDDTY010002385.1	1	20597	11	1398	6.7874	0.0837015	29.1	5.73
CBDDTY010002386.1	1	20596	22	2923	14.1921	0.170761	29.4	13.1
CBDDTY010002387.1	1	20586	5	1082	5.256	0.05256	29.6	8.2
CBDDTY010002388.1	1	20582	14	1485	7.21504	0.0918764	29.5	11.1
CBDDTY010002389.1	1	20582	6	870	4.22699	0.0480517	30.4	0.5
CBDDTY010002390.1	1	20574	9	1308	6.35754	0.074949	30	12.7
CBDDTY010002391.1	1	20573	11	1642	7.98133	0.0916249	28.5	36.7
CBDDTY010002392.1	1	20569	6	789	3.83587	0.0383587	31.5	11.3
CBDDTY010002393.1	1	20567	6	1024	4.97885	0.0497885	29.8	50
CBDDTY010002394.1	1	20565	10	1124	5.4656	0.0668612	30.5	11.3
CBDDTY010002395.1	1	20557	13	1430	6.95627	0.102301	29.5	0.769
CBDDTY010002396.1	1	20551	5	809	3.93655	0.0393655	34.4	17.6
CBDDTY010002397.1	1	20550	16	2423	11.7908	0.129343	30.9	4.25
CBDDTY010002398.1	1	20537	6	918	4.46998	0.0446998	30	18.5
CBDDTY010002399.1	1	20525	15	2419	11.7856	0.12687	28.8	15.6
CBDDTY010002400.1	1	20504	18	2923	14.2558	0.175283	31.1	37.2
CBDDTY010002401.1	1	20472	12	1524	7.44431	0.0998925	29.8	2.08
CBDDTY010002402.1	1	20464	16	2275	11.1171	0.123143	27.8	6.56
CBDDTY010002403.1	1	20455	40	5028	24.5808	0.302322	30.8	12.6
CBDDTY010002404.1	1	20447	39	2791	13.6499	0.29442	30.3	9.36
CBDDTY010002405.1	1	20439	9	1127	5.51397	0.0563139	33.2	29.8
CBDDTY010002406.1	1	20428	11	1538	7.52888	0.0760231	30.4	11.8
CBDDTY010002407.1	1	20416	8	1298	6.35776	0.0655368	30.5	45
CBDDTY010002408.1	1	20416	1	84	0.411442	0.00411442	34.1	0
CBDDTY010002409.1	1	20410	7	798	3.90985	0.0434591	30.9	7.43
CBDDTY010002410.1	1	20373	16	2212	10.8575	0.117214	32.6	24.9
CBDDTY010002411.1	1	20371	8	891	4.37386	0.0480585	29.6	13.9
CBDDTY010002412.1	1	20366	9	1099	5.39625	0.0539625	28.9	25
CBDDTY010002413.1	1	20357	15	2001	9.82954	0.123643	30.1	8
CBDDTY010002414.1	1	20356	7	1348	6.62213	0.0710847	31.8	25.9
CBDDTY010002415.1	1	20332	4	510	2.50836	0.0250836	34.4	10.2
CBDDTY010002416.1	1	20326	13	2001	9.84453	0.121962	30.4	1.92
CBDDTY010002417.1	1	20321	12	1550	7.62758	0.0810492	31.2	21.4
CBDDTY010002418.1	1	20308	24	3027	14.9055	0.190221	32.1	19.6
CBDDTY010002419.1	1	20294	15	2126	10.476	0.113038	29.7	30.3
CBDDTY010002420.1	1	20292	7	1325	6.52967	0.0710625	32.7	13.7
CBDDTY010002421.1	1	20285	20	2912	14.3554	0.149914	31.2	22.8
CBDDTY010002422.1	1	20277	10	1668	8.22607	0.0920748	29.7	41.2
CBDDTY010002423.1	1	20248	6	550	2.71632	0.0303734	33.6	2.17
CBDDTY010002424.1	1	20247	9	1293	6.38613	0.0638613	30.7	15.9
CBDDTY010002425.1	1	20243	9	1369	6.76283	0.0750383	30	13.6
CBDDTY010002426.1	1	20241	33	3885	19.1937	0.254088	28.6	22.9
CBDDTY010002427.1	1	20240	14	1951	9.63933	0.101136	31.1	27.2
CBDDTY010002428.1	1	20232	6	1345	6.64788	0.0664788	22.5	28
CBDDTY010002429.1	1	20226	14	2401	11.8709	0.124197	31.4	42.9
CBDDTY010002430.1	1	20223	9	1120	5.53825	0.0642832	32.8	7.11
CBDDTY010002431.1	1	20200	15	1923	9.5198	0.115297	31.2	27
CBDDTY010002432.1	1	20196	12	1662	8.22935	0.0894236	31.6	10.5
CBDDTY010002433.1	1	20188	5	961	4.76025	0.0476025	31	2.6
CBDDTY010002434.1	1	20172	22	3014	14.9415	0.196262	30.3	29.6
CBDDTY010002435.1	1	20160	7	958	4.75198	0.0475198	30.9	10.7
CBDDTY010002436.1	1	20157	4	580	2.87741	0.0287741	30.8	41
CBDDTY010002437.1	1	20151	13	1587	7.87554	0.0973649	30.8	18.5
CBDDTY010002438.1	1	20149	13	1653	8.20388	0.0853144	30.8	26.1
CBDDTY010002439.1	1	20148	10	1365	6.77487	0.0774767	32.7	5.2
CBDDTY010002440.1	1	20147	13	1827	9.06835	0.0992207	33.2	29.7
CBDDTY010002441.1	1	20144	7	706	3.50477	0.0350477	36.7	16
CBDDTY010002442.1	1	20129	12	2067	10.2688	0.102688	30.3	25.5
CBDDTY010002443.1	1	20129	6	922	4.58046	0.0481892	29.6	0.5
CBDDTY010002444.1	1	20125	13	1342	6.66832	0.0781615	30.6	10.9
CBDDTY010002445.1	1	20109	13	1750	8.70257	0.0876225	32.1	26.4
CBDDTY010002446.1	1	20103	1	96	0.477541	0.00477541	23.1	1
CBDDTY010002447.1	1	20082	10	1147	5.71158	0.0669754	30.5	38.8
CBDDTY010002448.1	1	20080	5	845	4.20817	0.0420817	28.8	0.2
CBDDTY010002449.1	1	20070	9	1531	7.6283	0.0805182	31.5	16.1
CBDDTY010002450.1	1	20060	28	3758	18.7338	0.215204	29.7	30.1
CBDDTY010002451.1	1	20044	12	1664	8.30174	0.101477	32.6	37.9
CBDDTY010002452.1	1	20034	5	746	3.72367	0.0372367	31.7	44.4
CBDDTY010002453.1	1	20019	8	1403	7.00834	0.074729	33.3	36.8
CBDDTY010002454.1	1	20000	4	734	3.67	0.0367	31.5	1
CBDDTY010002455.1	1	20000	1	188	0.94	0.0094	36.9	1
CBDDTY010002456.1	1	19800	6	798	4.0303	0.040303	29.2	13.3
CBDDTY010002458.1	1	20000	1	124	0.62	0.0062	27.1	0
CBDDTY010002459.1	1	20000	25	1913	9.565	0.21825	31.1	2.8
CBDDTY010002460.1	1	20000	10	1328	6.64	0.08275	28.5	19.8
CBDDTY010002461.1	1	20000	14	2095	10.475	0.106	33	28.9
CBDDTY010002462.1	1	20000	18	3248	16.24	0.17985	30.5	16.8
CBDDTY010002463.1	1	20000	8	1013	5.065	0.0523	33.1	17.2
CBDDTY010002464.1	1	20000	8	738	3.69	0.05105	30.3	1.88
CBDDTY010002465.1	1	20000	5	686	3.43	0.0343	31.5	18.8
CBDDTY010002466.1	1	20000	11	1733	8.665	0.10265	28	42.2
CBDDTY010002467.1	1	20000	11	1016	5.08	0.07605	29.4	7.18
CBDDTY010002468.1	1	20000	2	340	1.7	0.01905	27.5	0.5
CBDDTY010002469.1	1	20000	17	2461	12.305	0.13815	31.3	13.2
CBDDTY010002470.1	1	20000	9	1297	6.485	0.07235	30.1	45.8
CBDDTY010002472.1	1	20000	2	258	1.29	0.01865	27.4	31
CBDDTY010002473.1	1	20000	7	788	3.94	0.0474	31.7	10.9
CBDDTY010002474.1	1	20000	8	1184	5.92	0.0648	29.9	27.2
CBDDTY010002475.1	1	19800	8	1067	5.38889	0.060202	32.6	9.25
CBDDTY010002476.1	1	20000	11	1364	6.82	0.06965	30.2	1.55
CBDDTY010002477.1	1	20000	10	1670	8.35	0.09555	28.1	23.6
CBDDTY010002478.1	1	20000	25	2957	14.785	0.2007	32	5.76
CBDDTY010002479.1	1	19800	6	734	3.70707	0.0385354	38.2	12.3
CBDDTY010002480.1	1	20000	25	2578	12.89	0.19415	31.1	15
CBDDTY010002481.1	1	20000	20	2709	13.545	0.17815	28.6	17.2
CBDDTY010002482.1	1	19979	15	2157	10.7963	0.11452	28.2	8.07
CBDDTY010002483.1	1	19975	5	730	3.65457	0.0406008	34.7	26.2
CBDDTY010002484.1	1	19967	10	1304	6.53078	0.0653078	29.3	21.4
CBDDTY010002485.1	1	19967	13	1998	10.0065	0.100065	30.4	17.2
CBDDTY010002486.1	1	19963	13	1303	6.52708	0.0895657	29.1	11.4
CBDDTY010002487.1	1	19950	12	1543	7.73434	0.0958396	33.7	16.2
CBDDTY010002488.1	1	19948	10	818	4.10066	0.0514839	33	16.2
CBDDTY010002489.1	1	19947	7	871	4.36657	0.0436657	30	4.86
CBDDTY010002490.1	1	19945	9	1146	5.7458	0.0609677	31.7	0.333
CBDDTY010002491.1	1	19925	12	1628	8.17064	0.0972647	32.2	2.25
CBDDTY010002492.1	1	19924	24	2852	14.3144	0.19725	29.8	12.1
CBDDTY010002493.1	1	19914	11	1748	8.77774	0.0879281	29.3	19.9
CBDDTY010002494.1	1	19912	40	2800	14.0619	0.297007	32	12.4
CBDDTY010002495.1	1	19908	10	1452	7.29355	0.0812236	32.5	1.8
CBDDTY010002496.1	1	19895	5	704	3.53858	0.0353858	31.8	23.6
CBDDTY010002497.1	1	19889	13	2030	10.2066	0.102066	31.8	8.85
CBDDTY010002498.1	1	19885	19	2351	11.823	0.1305	29.6	2.05
CBDDTY010002499.1	1	19885	16	2354	11.8381	0.126176	31.4	35.9
CBDDTY010002500.1	1	19884	20	2351	11.8236	0.164957	28.4	22.6
CBDDTY010002501.1	1	19881	11	1604	8.068	0.0866657	28.6	2.45
CBDDTY010002502.1	1	19869	9	1721	8.66173	0.0866173	29.3	29.7
CBDDTY010002503.1	1	19860	16	2387	12.0191	0.122759	28.2	28.9
CBDDTY010002504.1	1	19858	7	1497	7.53852	0.0816799	30	1.43
CBDDTY010002505.1	1	19858	11	1475	7.42774	0.0872193	31.2	0.364
CBDDTY010002506.1	1	19852	9	1316	6.62906	0.0662906	32.5	15
CBDDTY010002507.1	1	19850	4	423	2.13098	0.0213098	30.7	8
CBDDTY010002508.1	1	19848	18	2400	12.0919	0.145506	32.7	19.4
CBDDTY010002509.1	1	19846	6	976	4.91787	0.0491787	25.4	16.8
CBDDTY010002510.1	1	19844	22	2654	13.3743	0.161459	33.5	6.82
CBDDTY010002511.1	1	19839	8	1501	7.56591	0.0829175	28.4	10.9
CBDDTY010002512.1	1	19832	9	1063	5.36002	0.06071	31.4	1.33
CBDDTY010002513.1	1	19830	16	2135	10.7665	0.1177	30.8	7.81
CBDDTY010002514.1	1	19815	1	122	0.615695	0.00615695	24.2	1
CBDDTY010002515.1	1	19809	18	2710	13.6807	0.139179	31.3	24.6
CBDDTY010002516.1	1	19801	5	704	3.55538	0.0355538	34	24
CBDDTY010002517.1	1	19794	7	865	4.37001	0.0476912	29.6	25.1
CBDDTY010002518.1	1	19783	12	2058	10.4029	0.110853	33.3	16.8
CBDDTY010002519.1	1	19783	7	914	4.62013	0.0573725	34.3	5.86
CBDDTY010002520.1	1	19771	12	1603	8.10783	0.0879571	31	10
CBDDTY010002521.1	1	19756	17	2506	12.6848	0.12948	29.5	35.2
CBDDTY010002522.1	1	19729	8	1377	6.97957	0.0697957	30	8.5
CBDDTY010002523.1	1	19726	1	54	0.27375	0.0027375	31.2	3
CBDDTY010002524.1	1	19720	14	1957	9.92394	0.106694	30.1	33.9
CBDDTY010002525.1	1	19715	21	2508	12.7213	0.165711	31.4	3.95
CBDDTY010002526.1	1	19714	11	1947	9.87623	0.0987623	29.5	6.64
CBDDTY010002527.1	1	19697	4	419	2.12723	0.0212723	29.4	3.5
CBDDTY010002528.1	1	19688	13	1715	8.71089	0.0907659	29.6	17.5
CBDDTY010002529.1	1	19677	11	1512	7.6841	0.0805509	30.3	30.3
CBDDTY010002530.1	1	19673	9	1538	7.81782	0.0781782	28.8	32.2
CBDDTY010002531.1	1	19663	10	1199	6.09775	0.0626049	30.7	31.4
CBDDTY010002532.1	1	19661	10	1461	7.43095	0.0743095	30.6	31.5
CBDDTY010002533.1	1	19654	19	1669	8.49191	0.148265	28.5	2.11
CBDDTY010002534.1	1	19650	16	1768	8.99746	0.117659	31.1	13.6
CBDDTY010002535.1	1	19646	18	2533	12.8932	0.158353	30.8	21.1
CBDDTY010002536.1	1	19606	11	1323	6.74793	0.0791084	29.6	13.9
CBDDTY010002538.1	1	19597	17	2238	11.4201	0.118079	30.9	23.9
CBDDTY010002539.1	1	19589	6	816	4.1656	0.0479351	33.5	10.8
CBDDTY010002540.1	1	19578	4	877	4.47952	0.0447952	27.5	4.5
CBDDTY010002541.1	1	19577	7	857	4.37759	0.0513868	26.7	0.143
CBDDTY010002542.1	1	19568	8	1143	5.84117	0.0652085	30.4	1.38
CBDDTY010002543.1	1	19562	58	6364	32.5325	0.45067	31.4	31.4
CBDDTY010002544.1	1	19553	12	1648	8.42837	0.0893469	30.2	15.2
CBDDTY010002545.1	1	19544	8	949	4.85571	0.0553623	35	40.8
CBDDTY010002546.1	1	19539	5	930	4.75971	0.0475971	29	14.8
CBDDTY010002547.1	1	19538	27	2492	12.7546	0.231651	29.8	13.2
CBDDTY010002548.1	1	19525	25	3063	15.6876	0.190064	31	16.4
CBDDTY010002549.1	1	19500	12	1434	7.35385	0.0895385	33.7	38.5
CBDDTY010002550.1	1	19457	11	1621	8.33119	0.0988847	33.3	24.7
CBDDTY010002551.1	1	19433	2	314	1.61581	0.0161581	35.4	5
CBDDTY010002552.1	1	19431	8	1029	5.29566	0.0609336	26.7	6.12
CBDDTY010002553.1	1	19425	11	1618	8.32947	0.0832947	33.7	37.5
CBDDTY010002554.1	1	19403	12	1386	7.14323	0.0839561	29.5	14.9
CBDDTY010002555.1	1	19401	9	1153	5.94299	0.063605	32.3	18.2
CBDDTY010002556.1	1	19392	7	1341	6.91522	0.0691522	32.2	24
CBDDTY010002557.1	1	19380	18	2493	12.8638	0.143395	29.8	26.9
CBDDTY010002558.1	1	19370	4	754	3.89262	0.0389262	31.4	22.5
CBDDTY010002559.1	1	19363	10	1659	8.56789	0.0899654	29.1	17.2
CBDDTY010002560.1	1	19342	1	134	0.692793	0.00692793	17.2	23
CBDDTY010002561.1	1	19330	12	1755	9.07915	0.0935334	31.4	9.25
CBDDTY010002562.1	1	19300	15	2362	12.2383	0.130777	30.7	20.9
CBDDTY010002563.1	1	19296	19	2896	15.0083	0.169517	32	28.8
CBDDTY010002564.1	1	19290	12	1686	8.74028	0.106687	30.8	19.5
CBDDTY010002565.1	1	19255	4	552	2.86679	0.0286679	33.6	1
CBDDTY010002566.1	1	19253	14	1717	8.91809	0.112866	31.1	34.1
CBDDTY010002567.1	1	19247	13	1110	5.76713	0.0827142	28.1	8.46
CBDDTY010002568.1	1	19245	27	2864	14.8818	0.225721	29	15.2
CBDDTY010002569.1	1	19237	7	980	5.09435	0.0509435	28	29.4
CBDDTY010002570.1	1	19228	21	2141	11.1348	0.168192	31.3	5.29
CBDDTY010002571.1	1	19225	7	1340	6.97009	0.0697009	32.6	30.7
CBDDTY010002572.1	1	19209	18	2499	13.0095	0.133844	30.1	9.44
CBDDTY010002573.1	1	19206	18	2534	13.1938	0.149693	29.4	20.6
CBDDTY010002574.1	1	19201	55	4852	25.2695	0.437477	29.9	13.9
CBDDTY010002575.1	1	19192	21	2063	10.7493	0.16163	30.1	2.48
CBDDTY010002576.1	1	19184	8	1323	6.89637	0.0689637	28.9	27.6
CBDDTY010002577.1	1	19166	10	1551	8.09246	0.082542	30.2	23.5
CBDDTY010002578.1	1	19151	16	2240	11.6965	0.130646	28.8	19.7
CBDDTY010002579.1	1	19151	14	2048	10.694	0.127408	29.3	28.9
CBDDTY010002581.1	1	19126	14	2021	10.5668	0.132804	30.9	9.07
CBDDTY010002582.1	1	19124	10	1135	5.93495	0.0631144	32	13.7
CBDDTY010002583.1	1	19123	12	1957	10.2337	0.11175	33.1	33.7
CBDDTY010002584.1	1	19109	14	2227	11.6542	0.116542	32.2	36.4
CBDDTY010002585.1	1	19103	2	218	1.14118	0.0114118	29.4	26.5
CBDDTY010002586.1	1	19097	5	692	3.62361	0.0362361	32.5	0.4
CBDDTY010002587.1	1	19091	5	715	3.74522	0.0374522	26.8	31
CBDDTY010002588.1	1	19083	15	1592	8.3425	0.0966305	31.1	13.3
CBDDTY010002589.1	1	19076	16	1725	9.04278	0.113546	29.3	2.88
CBDDTY010002590.1	1	19041	19	2481	13.0298	0.16454	31.5	24.7
CBDDTY010002591.1	1	19040	22	2795	14.6796	0.174002	27.9	32.8
CBDDTY010002592.1	1	19009	10	1633	8.59067	0.0881162	26.1	31.8
CBDDTY010002593.1	1	19008	6	876	4.60859	0.0460859	34.4	11.8
CBDDTY010002594.1	1	19003	3	475	2.49961	0.0249961	30.5	28
CBDDTY010002595.1	1	19000	6	777	4.08947	0.0408947	31.7	12
CBDDTY010002596.1	1	19000	9	1475	7.76316	0.0809474	29	12.6
CBDDTY010002597.1	1	19000	7	1108	5.83158	0.0668421	25.7	11.6
CBDDTY010002598.1	1	19000	9	1557	8.19474	0.0842105	31.5	8.56
CBDDTY010002599.1	1	19000	16	2008	10.5684	0.126947	30.8	24.4
CBDDTY010002600.1	1	19000	9	1421	7.47895	0.0747895	31.1	28.6
CBDDTY010002602.1	1	19000	8	1175	6.18421	0.0651053	28.7	8.62
CBDDTY010002603.1	1	19000	6	760	4	0.0482632	31	16
CBDDTY010002604.1	1	19000	19	2192	11.5368	0.136684	30.9	20.4
CBDDTY010002605.1	1	19000	5	673	3.54211	0.0354211	33.3	0.2
CBDDTY010002606.1	1	19000	4	565	2.97368	0.0297368	25.2	3.25
CBDDTY010002607.1	1	19000	7	913	4.80526	0.0622632	30.1	3.14
CBDDTY010002608.1	1	19000	26	2392	12.5895	0.198842	33.1	24.8
CBDDTY010002610.1	1	19000	19	1806	9.50526	0.151842	30.7	10.1
CBDDTY010002611.1	1	19000	19	1122	5.90526	0.151474	33.7	2.89
CBDDTY010002612.1	1	19000	10	1700	8.94737	0.0963158	26.2	15.7
CBDDTY010002613.1	1	19000	22	1764	9.28421	0.180053	27.5	14.9
CBDDTY010002614.1	1	19000	1	126	0.663158	0.00663158	38.6	1
CBDDTY010002615.1	1	19000	15	1586	8.34737	0.140895	28.1	16
CBDDTY010002616.1	1	19000	15	2458	12.9368	0.143737	29	15.7
CBDDTY010002619.1	1	19000	8	1121	5.9	0.0633684	30.5	2
CBDDTY010002620.1	1	19000	11	1428	7.51579	0.0807368	28.6	6.36
CBDDTY010002621.1	1	19000	1	154	0.810526	0.00810526	38.9	1
CBDDTY010002622.1	1	19000	18	2355	12.3947	0.134526	31.3	1.33
CBDDTY010002624.1	1	18999	5	440	2.31591	0.0231591	28.9	3.2
CBDDTY010002625.1	1	18975	6	978	5.15415	0.0598682	29.7	2.83
CBDDTY010002626.1	1	18966	8	1166	6.14784	0.068491	30.8	30
CBDDTY010002627.1	1	18957	14	2208	11.6474	0.153716	32.9	21.1
CBDDTY010002628.1	1	18939	1	188	0.992661	0.00992661	31.5	10
CBDDTY010002629.1	1	18920	14	2113	11.1681	0.121723	29.4	33.7
CBDDTY010002630.1	1	18914	11	1668	8.81886	0.0881886	28.7	4.91
CBDDTY010002631.1	1	18890	8	1212	6.41609	0.0731604	31.7	0.25
CBDDTY010002632.1	1	18857	15	2019	10.7069	0.115713	32.8	16.2
CBDDTY010002633.1	1	18857	21	2950	15.6441	0.172297	30.1	29.9
CBDDTY010002634.1	1	18806	59	4749	25.2526	0.510156	30.4	6.83
CBDDTY010002635.1	1	18804	8	886	4.71176	0.0595086	32.6	9.75
CBDDTY010002636.1	1	18798	4	366	1.94702	0.0260666	32.5	23.2
CBDDTY010002637.1	1	18780	3	322	1.71459	0.0171459	31	19.3
CBDDTY010002638.1	1	18772	12	1250	6.65885	0.0846473	32.4	3.17
CBDDTY010002639.1	1	18769	2	316	1.68363	0.0168363	26.4	17.5
CBDDTY010002640.1	1	18758	13	1642	8.7536	0.0961723	30.9	20.4
CBDDTY010002641.1	1	18754	24	3044	16.2312	0.217607	30.4	19.1
CBDDTY010002644.1	1	18675	8	1260	6.74699	0.0674699	32.9	21.4
CBDDTY010002645.1	1	18674	19	2040	10.9243	0.158456	34.6	10.7
CBDDTY010002646.1	1	18671	14	2222	11.9008	0.128917	32.6	33.6
CBDDTY010002647.1	1	18669	6	599	3.20853	0.0395308	27.9	3
CBDDTY010002648.1	1	18643	9	1309	7.0214	0.080781	31.1	28.9
CBDDTY010002649.1	1	18638	9	1359	7.29155	0.0776371	30.6	41.7
CBDDTY010002650.1	1	18631	25	2777	14.9053	0.179003	31	18.1
CBDDTY010002651.1	1	18620	3	310	1.66488	0.0166488	26.7	12.3
CBDDTY010002652.1	1	18588	13	2152	11.5774	0.125403	29.4	5.92
CBDDTY010002653.1	1	18586	12	1764	9.49101	0.100936	29.6	21.8
CBDDTY010002654.1	1	18583	7	988	5.31669	0.0538664	31.2	8.86
CBDDTY010002655.1	1	18542	10	1715	9.24927	0.100151	29.1	26
CBDDTY010002656.1	1	18541	5	560	3.02033	0.0345181	28.7	0.2
CBDDTY010002657.1	1	18538	6	652	3.5171	0.0397022	31.6	1.17
CBDDTY010002658.1	1	18535	6	817	4.40788	0.0503912	21	5.83
CBDDTY010002659.1	1	18524	9	1192	6.4349	0.0683978	30.8	7.22
CBDDTY010002660.1	1	18515	10	1395	7.53443	0.0753443	34.1	27.7
CBDDTY010002661.1	1	18510	7	986	5.32685	0.0687736	30.7	2.86
CBDDTY010002662.1	1	18509	16	2065	11.1567	0.112702	32.4	21.8
CBDDTY010002663.1	1	18508	4	713	3.85239	0.0386319	29.2	22
CBDDTY010002664.1	1	18502	26	3465	18.7277	0.226192	32.8	6.04
CBDDTY010002665.1	1	18498	12	1827	9.87674	0.108877	29	32.3
CBDDTY010002666.1	1	18497	5	823	4.44937	0.0444937	28.4	33.4
CBDDTY010002667.1	1	18494	11	1237	6.68866	0.073267	32.8	17.5
CBDDTY010002668.1	1	18480	3	530	2.86797	0.0286797	31.4	20.3
CBDDTY010002669.1	1	18467	11	2070	11.2092	0.112092	33.1	2.27
CBDDTY010002670.1	1	18436	3	364	1.9744	0.019744	36.9	3.67
CBDDTY010002671.1	1	18435	17	2177	11.8091	0.163439	33.5	3.24
CBDDTY010002672.1	1	18434	12	2185	11.8531	0.123088	28.2	16.4
CBDDTY010002674.1	1	18422	37	3113	16.8983	0.319998	30.9	4.78
CBDDTY010002675.1	1	18420	5	851	4.61998	0.0461998	31.3	15.8
CBDDTY010002676.1	1	18417	2	271	1.47147	0.0147147	28.1	10
CBDDTY010002677.1	1	18410	11	1381	7.50136	0.0804454	31.1	14.3
CBDDTY010002678.1	1	18395	8	1131	6.14841	0.0663767	32.3	34.2
CBDDTY010002679.1	1	18386	10	1150	6.25476	0.063581	31	21.9
CBDDTY010002680.1	1	18365	15	2331	12.6926	0.134658	29.8	17.8
CBDDTY010002681.1	1	18355	25	3653	19.9019	0.248216	28.8	9.72
CBDDTY010002682.1	1	18343	8	776	4.2305	0.0535899	28.7	9.88
CBDDTY010002683.1	1	18318	7	838	4.57474	0.0457474	28.2	17.9
CBDDTY010002684.1	1	18310	5	824	4.50027	0.0450027	33.5	18.6
CBDDTY010002685.1	1	18300	19	1850	10.1093	0.134098	30.7	8.58
CBDDTY010002686.1	1	18295	9	1405	7.67969	0.0767969	29	33.9
CBDDTY010002687.1	1	18294	15	2123	11.6049	0.116049	30.8	4.73
CBDDTY010002688.1	1	18267	21	2759	15.1037	0.175015	28.6	15.3
CBDDTY010002689.1	1	18263	13	1955	10.7047	0.113727	32.5	41.8
CBDDTY010002690.1	1	18237	11	2028	11.1203	0.111203	29.5	32.9
CBDDTY010002691.1	1	18228	22	3157	17.3195	0.202655	30.5	32.5
CBDDTY010002692.1	1	18222	8	1033	5.66897	0.0630556	29	10.8
CBDDTY010002693.1	1	18206	15	2128	11.6885	0.117708	31.4	25.7
CBDDTY010002694.1	1	18201	9	1448	7.95561	0.0795561	28.6	20
CBDDTY010002695.1	1	18192	13	2255	12.3956	0.134125	28.4	36.9
CBDDTY010002696.1	1	18184	9	1440	7.91905	0.0791905	33.4	9.56
CBDDTY010002697.1	1	18181	23	2945	16.1982	0.193114	31.2	34.1
CBDDTY010002699.1	1	18155	7	779	4.29083	0.0480308	28.9	0.714
CBDDTY010002700.1	1	18148	9	836	4.60657	0.0695944	33.6	21.2
CBDDTY010002701.1	1	18121	12	1894	10.452	0.11208	29.6	34.2
CBDDTY010002702.1	1	18107	8	1012	5.589	0.0611918	33.4	16.5
CBDDTY010002703.1	1	18105	14	2084	11.5106	0.121182	30.5	33.7
CBDDTY010002704.1	1	18087	8	1186	6.5572	0.065572	29.3	35.8
CBDDTY010002705.1	1	18081	5	785	4.34157	0.0434157	28.6	29.2
CBDDTY010002706.1	1	18077	15	2564	14.1838	0.149472	27.4	5
CBDDTY010002707.1	1	18073	3	318	1.75953	0.0175953	31.2	1
CBDDTY010002708.1	1	18068	21	2365	13.0894	0.17174	31.4	6.29
CBDDTY010002709.1	1	18054	18	2212	12.2521	0.162402	29.3	37.6
CBDDTY010002710.1	1	18032	10	1838	10.193	0.10193	33.3	32.3
CBDDTY010002711.1	1	18004	7	1084	6.02088	0.0602088	30.2	0.286
CBDDTY010002712.1	1	18002	14	2235	12.4153	0.142762	30.8	25
CBDDTY010002713.1	1	18000	4	418	2.32222	0.0232222	36.1	1.25
CBDDTY010002714.1	1	18000	5	679	3.77222	0.0377222	33.6	3
CBDDTY010002715.1	1	18000	23	2714	15.0778	0.172278	31.8	22.3
CBDDTY010002716.1	1	18000	8	1255	6.97222	0.0697222	28.3	5.62
CBDDTY010002717.1	1	18000	19	2290	12.7222	0.167333	28.9	3.16
CBDDTY010002718.1	1	18000	3	448	2.48889	0.0248889	31.4	20
CBDDTY010002719.1	1	18000	1	194	1.07778	0.0107778	36.8	60
CBDDTY010002720.1	1	18000	10	1244	6.91111	0.0707778	33	4.8
CBDDTY010002721.1	1	18000	8	1236	6.86667	0.0686667	28.9	23.6
CBDDTY010002722.1	1	18000	16	2009	11.1611	0.129278	29.7	23.2
CBDDTY010002723.1	1	18000	14	2447	13.5944	0.151	32.2	25.6
CBDDTY010002724.1	1	18000	20	2706	15.0333	0.186889	31.1	11.8
CBDDTY010002725.1	1	18000	3	437	2.42778	0.0242778	32.9	0.333
CBDDTY010002726.1	1	18000	17	2030	11.2778	0.155333	31.2	35.5
CBDDTY010002727.1	1	18000	8	1034	5.74444	0.0657778	31.6	21.6
CBDDTY010002728.1	1	18000	7	1113	6.18333	0.0618333	35	1
CBDDTY010002729.1	1	18000	218	721	4.00556	0.555722	4.36	1.2
CBDDTY010002731.1	1	18000	8	1368	7.6	0.0815	34.8	14.8
CBDDTY010002732.1	1	18000	10	1647	9.15	0.0943889	29.7	40.3
CBDDTY010002733.1	1	18000	5	647	3.59444	0.0442222	30.8	25
CBDDTY010002734.1	1	17999	4	575	3.19462	0.0319462	27.6	15.5
CBDDTY010002735.1	1	17990	7	1121	6.23124	0.0754864	31.1	24.3
CBDDTY010002736.1	1	17988	10	1454	8.08317	0.0861686	29.5	20.4
CBDDTY010002737.1	1	17986	16	2398	13.3326	0.159402	30.5	13.9
CBDDTY010002738.1	1	17970	3	564	3.13856	0.0313856	27.8	0.667
CBDDTY010002739.1	1	17965	3	431	2.39911	0.0239911	30.1	0.667
CBDDTY010002740.1	1	17936	8	1107	6.17194	0.0617194	33	7.25
CBDDTY010002741.1	1	17922	12	1725	9.62504	0.0999888	27.3	18.8
CBDDTY010002742.1	1	17917	8	1324	7.38963	0.079366	29.7	23.5
CBDDTY010002743.1	1	17901	14	1246	6.9605	0.10586	31	0.714
CBDDTY010002744.1	1	17899	12	1911	10.6766	0.111235	30.5	23.1
CBDDTY010002745.1	1	17886	8	720	4.02549	0.0779381	25.8	8.38
CBDDTY010002746.1	1	17865	22	2585	14.4696	0.195522	30.2	21.9
CBDDTY010002747.1	1	17861	34	3812	21.3426	0.291753	29.3	9.18
CBDDTY010002748.1	1	17815	15	1986	11.1479	0.118159	30.4	25.1
CBDDTY010002749.1	1	17811	16	2528	14.1935	0.170681	32.3	24.1
CBDDTY010002750.1	1	17801	25	3628	20.3809	0.262738	31.2	28
CBDDTY010002751.1	1	17800	17	2171	12.1966	0.156629	30.6	20.4
CBDDTY010002752.1	1	17783	7	935	5.25783	0.0619131	31.7	31.6
CBDDTY010002753.1	1	17782	12	1631	9.1722	0.0997638	30.3	22.8
CBDDTY010002754.1	1	17780	28	3394	19.0889	0.26766	31.4	17.5
CBDDTY010002755.1	1	17761	15	2086	11.7448	0.132143	30.1	23.4
CBDDTY010002756.1	1	17759	7	833	4.69058	0.062222	30.4	2.29
CBDDTY010002757.1	1	17755	11	1572	8.85384	0.111405	29.5	36.9
CBDDTY010002758.1	1	17747	5	725	4.0852	0.040852	33	35.6
CBDDTY010002759.1	1	17745	10	1381	7.78247	0.0857143	31.2	39.1
CBDDTY010002760.1	1	17736	7	910	5.13081	0.0611186	33.6	17.1
CBDDTY010002761.1	1	17729	3	288	1.62446	0.0162446	26.8	3
CBDDTY010002762.1	1	17723	5	611	3.4475	0.034475	32.5	4.8
CBDDTY010002763.1	1	17717	1	251	1.41672	0.0141672	41.8	6
CBDDTY010002764.1	1	17710	3	576	3.2524	0.032524	36.2	0
CBDDTY010002765.1	1	17705	16	1852	10.4603	0.116803	30.9	18.8
CBDDTY010002766.1	1	17700	12	1747	9.87006	0.113559	30.8	13.2
CBDDTY010002767.1	1	17700	19	2867	16.1977	0.175085	32.1	40.4
CBDDTY010002768.1	1	17675	6	815	4.61103	0.0461103	31.3	1.83
CBDDTY010002769.1	1	17665	7	629	3.56071	0.0750071	28.3	3.86
CBDDTY010002770.1	1	17648	5	893	5.06006	0.0506006	28.4	10
CBDDTY010002771.1	1	17627	13	1904	10.8016	0.138594	25.8	17.8
CBDDTY010002772.1	1	17607	8	1225	6.95746	0.0746862	27.4	20
CBDDTY010002773.1	1	17604	9	1148	6.52125	0.0900364	32.1	17.2
CBDDTY010002774.1	1	17584	1	99	0.563012	0.00563012	25.7	1
CBDDTY010002775.1	1	17580	4	468	2.66212	0.0266212	34.7	2.75
CBDDTY010002776.1	1	17551	10	1709	9.73734	0.104552	30.3	27.9
CBDDTY010002777.1	1	17535	11	1620	9.23867	0.109096	31.2	14
CBDDTY010002778.1	1	17514	16	1984	11.3281	0.131495	29.8	2.81
CBDDTY010002779.1	1	17507	12	1271	7.25995	0.0829954	34.5	9.58
CBDDTY010002780.1	1	17506	29	3350	19.1363	0.255627	31.7	28.2
CBDDTY010002781.1	1	17498	4	459	2.62316	0.0262316	29.8	15.5
CBDDTY010002782.1	1	17464	12	1689	9.67132	0.12918	31.8	13.1
CBDDTY010002783.1	1	17454	3	355	2.03392	0.0209121	27.3	25.7
CBDDTY010002784.1	1	17451	7	1126	6.45235	0.0645235	31.8	20.9
CBDDTY010002785.1	1	17448	11	1548	8.87208	0.0924461	33.3	22
CBDDTY010002786.1	1	17447	6	934	5.35336	0.0535336	30	6.67
CBDDTY010002787.1	1	17436	11	1232	7.06584	0.0755334	32.6	5.55
CBDDTY010002788.1	1	17426	7	923	5.29668	0.0587628	32.2	26.1
CBDDTY010002789.1	1	17422	14	1779	10.2112	0.129951	30.6	12.5
CBDDTY010002790.1	1	17410	17	2107	12.1022	0.135152	27.3	17.8
CBDDTY010002791.1	1	17363	11	1676	9.65271	0.111041	31.3	29
CBDDTY010002792.1	1	17358	10	1022	5.88778	0.0667704	28.9	6.3
CBDDTY010002793.1	1	17350	5	973	5.60807	0.0560807	31	43.2
CBDDTY010002794.1	1	17346	2	371	2.13882	0.0213882	32.2	13
CBDDTY010002795.1	1	17345	11	1359	7.83511	0.0815221	27.2	25.4
CBDDTY010002796.1	1	17326	6	713	4.1152	0.041152	32.3	2
CBDDTY010002797.1	1	17325	7	924	5.33333	0.0637807	31.6	8.86
CBDDTY010002798.1	1	17303	18	2496	14.4252	0.196671	32	16.8
CBDDTY010002799.1	1	17280	3	716	4.14352	0.0414352	29.2	54
CBDDTY010002800.1	1	17280	16	1948	11.2731	0.14375	30.8	3.88
CBDDTY010002801.1	1	17256	14	1449	8.39708	0.128245	30.2	16.1
CBDDTY010002802.1	1	17247	6	706	4.09347	0.0480663	30.6	6.33
CBDDTY010002803.1	1	17240	4	363	2.10557	0.0266821	38.6	0
CBDDTY010002804.1	1	17229	8	1018	5.90864	0.0590864	34.2	14.6
CBDDTY010002805.1	1	17221	3	461	2.67696	0.0267696	27.9	8.33
CBDDTY010002806.1	1	17219	3	360	2.09071	0.0209071	30.9	3
CBDDTY010002807.1	1	17213	8	1098	6.3789	0.063789	25.9	2.12
CBDDTY010002808.1	1	17207	12	1172	6.81118	0.0779915	28.7	9.08
CBDDTY010002809.1	1	17178	10	1370	7.97532	0.0797532	33.8	0.7
CBDDTY010002810.1	1	17177	8	808	4.70396	0.0524539	33.7	8
CBDDTY010002811.1	1	17172	13	2407	14.017	0.151759	30.3	36
CBDDTY010002812.1	1	17171	9	1295	7.54179	0.0897443	28.9	24.1
CBDDTY010002813.1	1	17159	8	1123	6.54467	0.0752375	31.6	2
CBDDTY010002814.1	1	17147	7	984	5.73861	0.0655508	29.2	13.9
CBDDTY010002815.1	1	17141	17	2541	14.8241	0.193338	32.2	7.24
CBDDTY010002816.1	1	17137	8	1067	6.22629	0.0659392	28.2	45
CBDDTY010002817.1	1	17132	6	1267	7.39552	0.0739552	33.3	5
CBDDTY010002818.1	1	17125	2	377	2.20146	0.0220146	32.5	1
CBDDTY010002819.1	1	17122	6	900	5.2564	0.052564	34	32.3
CBDDTY010002820.1	1	17118	3	489	2.85664	0.0285664	30.3	35.3
CBDDTY010002821.1	1	17112	14	1936	11.3137	0.119916	32.1	6.43
CBDDTY010002822.1	1	17109	12	1710	9.99474	0.121924	28.2	32.7
CBDDTY010002823.1	1	17101	8	592	3.46179	0.0546167	32.1	2
CBDDTY010002824.1	1	17086	18	2129	12.4605	0.165633	29.7	24.9
CBDDTY010002825.1	1	17083	24	3317	19.417	0.251361	31.1	21.7
CBDDTY010002826.1	1	17072	8	891	5.21907	0.0657802	30.9	1
CBDDTY010002827.1	1	17052	44	4764	27.9381	0.42605	32.3	28.5
CBDDTY010002828.1	1	17051	3	417	2.4456	0.024456	32.4	20.3
CBDDTY010002829.1	1	17033	10	1578	9.26437	0.0946985	32.1	35.6
CBDDTY010002830.1	1	17027	11	1234	7.24731	0.0860398	29.1	29.1
CBDDTY010002831.1	1	17023	11	1624	9.54003	0.11555	28.6	15.4
CBDDTY010002832.1	1	17021	8	1501	8.81852	0.10393	28.8	47
CBDDTY010002833.1	1	17019	26	3327	19.5487	0.25924	30.3	15.4
CBDDTY010002834.1	1	17002	6	977	5.74638	0.0594636	29.8	7.83
CBDDTY010002835.1	1	17000	3	527	3.1	0.031	30.4	14.7
CBDDTY010002836.1	1	17000	86	8029	47.2294	0.809882	30.4	27.5
CBDDTY010002837.1	1	17000	1	85	0.5	0.005	39.9	13
CBDDTY010002838.1	1	17000	7	596	3.50588	0.0425882	29.3	2.29
CBDDTY010002839.1	1	17000	11	1764	10.3765	0.111118	29.6	0.727
CBDDTY010002841.1	1	17000	7	964	5.67059	0.0684118	30	4.71
CBDDTY010002842.1	1	17000	12	1944	11.4353	0.114353	31.3	19.9
CBDDTY010002843.1	1	17000	11	1695	9.97059	0.104706	31.7	10
CBDDTY010002844.1	1	17000	11	1608	9.45882	0.0985294	33.4	9.82
CBDDTY010002845.1	1	17000	1	154	0.905882	0.00905882	41.8	38
CBDDTY010002846.1	1	17000	1	106	0.623529	0.00623529	32.5	0
CBDDTY010002847.1	1	17000	6	673	3.95882	0.0459412	33.5	11
CBDDTY010002848.1	1	17000	7	830	4.88235	0.0488235	33.4	17.9
CBDDTY010002849.1	1	17000	8	954	5.61176	0.0561176	30.1	8.75
CBDDTY010002850.1	1	17000	10	2107	12.3941	0.125941	33.3	16.8
CBDDTY010002851.1	1	16800	3	389	2.31548	0.0231548	25.5	0.667
CBDDTY010002852.1	1	17000	16	2043	12.0176	0.136941	33.3	24.4
CBDDTY010002853.1	1	17000	5	854	5.02353	0.0502353	30.9	34
CBDDTY010002854.1	1	17000	30	3114	18.3176	0.286824	30.8	4.1
CBDDTY010002855.1	1	17000	8	1035	6.08824	0.0628235	32.4	33.8
CBDDTY010002856.1	1	17000	1	200	1.17647	0.0117647	28	1
CBDDTY010002857.1	1	17000	22	3336	19.6235	0.225353	29.9	26.6
CBDDTY010002858.1	1	17000	6	224	1.31765	0.0511176	33.2	7.5
CBDDTY010002859.1	1	17000	2	298	1.75294	0.0175294	22.4	40
CBDDTY010002860.1	1	17000	8	1396	8.21176	0.0896471	32.8	13.4
CBDDTY010002861.1	1	17000	8	2478	14.5765	0.175529	14.8	10.6
CBDDTY010002862.1	1	17000	8	965	5.67647	0.0729412	31.8	9.75
CBDDTY010002863.1	1	17000	2	470	2.76471	0.0276471	27.1	1
CBDDTY010002864.1	1	17000	5	499	2.93529	0.0371765	26.2	17.4
CBDDTY010002865.1	1	16991	23	2616	15.3964	0.193926	29.5	23.1
CBDDTY010002866.1	1	16987	7	1250	7.35857	0.0735857	32.3	18.9
CBDDTY010002867.1	1	16968	8	1055	6.21759	0.0653583	31.9	23.8
CBDDTY010002868.1	1	16958	4	707	4.16912	0.0416912	29.7	16.5
CBDDTY010002869.1	1	16948	13	1880	11.0928	0.12497	32.3	36.6
CBDDTY010002870.1	1	16942	14	2079	12.2713	0.1344	28.2	19.6
CBDDTY010002872.1	1	16904	9	1375	8.13417	0.0865476	33.5	35.1
CBDDTY010002873.1	1	16897	10	1563	9.25016	0.103628	30.8	3
CBDDTY010002874.1	1	16883	3	334	1.97832	0.0197832	31.5	0
CBDDTY010002875.1	1	16866	3	387	2.29456	0.0229456	30.9	33
CBDDTY010002876.1	1	16862	8	1035	6.13806	0.0761476	29.4	10
CBDDTY010002877.1	1	16850	3	280	1.66172	0.0166172	24.7	5.33
CBDDTY010002878.1	1	16849	17	2032	12.0601	0.147427	31.7	7.41
CBDDTY010002879.1	1	16832	5	977	5.80442	0.0580442	30.8	14.4
CBDDTY010002880.1	1	16821	4	394	2.34231	0.037691	31.9	7.5
CBDDTY010002881.1	1	16812	11	2091	12.4375	0.127468	29.6	26.7
CBDDTY010002882.1	1	16795	5	750	4.46561	0.0446561	29.7	24.4
CBDDTY010002883.1	1	16786	12	1911	11.3845	0.140653	30.4	30.4
CBDDTY010002884.1	1	16782	10	1244	7.4127	0.091765	28.8	19.3
CBDDTY010002885.1	1	16764	11	992	5.91744	0.101706	30.8	36
CBDDTY010002886.1	1	16760	4	591	3.52625	0.0399761	27.7	3.5
CBDDTY010002887.1	1	16730	10	1621	9.68918	0.11046	29.9	43
CBDDTY010002888.1	1	16724	14	1695	10.1351	0.103803	31.1	24
CBDDTY010002889.1	1	16707	12	1952	11.6837	0.117077	30.9	46.8
CBDDTY010002890.1	1	16705	5	656	3.92697	0.0392697	28.9	16
CBDDTY010002891.1	1	16699	13	2087	12.4978	0.145937	32.1	18.5
CBDDTY010002892.1	1	16683	12	1292	7.74441	0.0945873	33.1	17.3
CBDDTY010002893.1	1	16666	12	1757	10.5424	0.108964	29.3	38.3
CBDDTY010002894.1	1	16658	7	1145	6.87357	0.0843439	31.3	26.3
CBDDTY010002895.1	1	16650	16	1999	12.006	0.124625	32.8	4.75
CBDDTY010002896.1	1	16650	12	1730	10.3904	0.106727	30.8	27.2
CBDDTY010002897.1	1	16647	2	271	1.62792	0.0162792	34.2	0
CBDDTY010002898.1	1	16635	10	2159	12.9787	0.135077	28.6	31.3
CBDDTY010002899.1	1	16623	3	311	1.8709	0.018709	28.4	5
CBDDTY010002900.1	1	16608	15	2512	15.1252	0.174133	27.7	14.9
CBDDTY010002901.1	1	16601	11	1767	10.6439	0.109933	31.6	28.7
CBDDTY010002902.1	1	16595	6	838	5.04971	0.0608617	33.9	6.67
CBDDTY010002903.1	1	16587	23	2650	15.9764	0.186532	29.4	18.9
CBDDTY010002904.1	1	16574	10	1577	9.5149	0.105527	30	28.1
CBDDTY010002905.1	1	16545	11	2373	14.3427	0.149169	31.8	33.8
CBDDTY010002906.1	1	16542	16	1460	8.82602	0.111232	33.1	2.19
CBDDTY010002907.1	1	16538	10	1167	7.05648	0.0809651	27.7	9
CBDDTY010002908.1	1	16532	3	376	2.27438	0.0227438	33.7	21.7
CBDDTY010002909.1	1	16522	7	988	5.97991	0.0618569	25.9	27
CBDDTY010002910.1	1	16519	18	2764	16.7322	0.186331	33.2	17
CBDDTY010002911.1	1	16513	35	4601	27.8629	0.329316	31.3	19.6
CBDDTY010002912.1	1	16506	4	828	5.01636	0.0501636	30.8	24
CBDDTY010002913.1	1	16469	7	1145	6.95246	0.0728034	27.2	13.6
CBDDTY010002914.1	1	16468	14	2015	12.2359	0.13001	30.1	0.643
CBDDTY010002915.1	1	16459	10	1228	7.46096	0.106872	29.9	3.9
CBDDTY010002916.1	1	16453	3	466	2.83231	0.0283231	32.3	0.667
CBDDTY010002917.1	1	16451	9	1092	6.63789	0.0663789	31.1	7.33
CBDDTY010002918.1	1	16435	8	1813	11.0313	0.113295	30.1	18.2
CBDDTY010002919.1	1	16414	10	1148	6.99403	0.0793835	30.1	31.7
CBDDTY010002920.1	1	16408	15	1491	9.08703	0.118601	29.6	3.73
CBDDTY010002921.1	1	16407	13	1651	10.0628	0.10849	25.5	2.92
CBDDTY010002922.1	1	16395	10	1283	7.82556	0.08405	32	32.9
CBDDTY010002923.1	1	16391	5	693	4.22793	0.0474651	34.7	16
CBDDTY010002924.1	1	16384	6	630	3.84521	0.0422363	34.1	13
CBDDTY010002925.1	1	16383	6	773	4.71831	0.0471831	28.8	13.2
CBDDTY010002926.1	1	16380	11	1248	7.61905	0.0870574	32.8	13.9
CBDDTY010002927.1	1	16377	5	976	5.95958	0.0675948	31.4	54.4
CBDDTY010002928.1	1	16360	7	856	5.23227	0.0523227	29.2	2.29
CBDDTY010002929.1	1	16359	9	1477	9.02867	0.0945046	29.1	17.4
CBDDTY010002930.1	1	16358	20	2979	18.2113	0.187431	30.2	23.8
CBDDTY010002931.1	1	16353	6	1202	7.35033	0.0735033	32.7	42
CBDDTY010002932.1	1	16353	23	3216	19.6661	0.238733	31.9	14
CBDDTY010002933.1	1	16342	1	81	0.495655	0.00495655	30.3	11
CBDDTY010002934.1	1	16341	6	1111	6.79885	0.0679885	29.6	39.2
CBDDTY010002935.1	1	16339	15	2038	12.4732	0.143828	27.1	19.2
CBDDTY010002936.1	1	16329	11	1632	9.99449	0.102762	32.9	7.18
CBDDTY010002937.1	1	16318	15	2234	13.6904	0.157617	29.5	42
CBDDTY010002938.1	1	16315	17	1924	11.7928	0.142691	30.2	37.5
CBDDTY010002939.1	1	16304	4	601	3.68621	0.0368621	29.8	16.8
CBDDTY010002940.1	1	16296	13	1328	8.14924	0.108247	32.8	10.8
CBDDTY010002942.1	1	16279	12	1760	10.8115	0.1118	29.9	28.7
CBDDTY010002943.1	1	16248	5	847	5.21295	0.0619153	32.2	46.6
CBDDTY010002944.1	1	16245	13	1913	11.7759	0.127793	26.2	6.08
CBDDTY010002945.1	1	16243	8	1306	8.04039	0.0940097	30	15.6
CBDDTY010002946.1	1	16243	17	1843	11.3464	0.145847	29.2	4.94
CBDDTY010002947.1	1	16230	30	3858	23.7708	0.341035	29.6	6.73
CBDDTY010002948.1	1	16221	9	1081	6.6642	0.072437	28.3	23.3
CBDDTY010002949.1	1	16201	9	1315	8.11678	0.08876	32.6	41
CBDDTY010002950.1	1	16199	16	2326	14.3589	0.154084	31.3	21.8
CBDDTY010002951.1	1	16177	22	2528	15.6271	0.193979	28.5	26.2
CBDDTY010002952.1	1	16176	6	695	4.29649	0.0471068	31.6	6.17
CBDDTY010002953.1	1	16160	6	811	5.01856	0.0543317	31.8	17.2
CBDDTY010002954.1	1	16148	6	754	4.66931	0.0490463	26.1	22.8
CBDDTY010002955.1	1	16119	4	474	2.94063	0.033749	26.2	21.2
CBDDTY010002956.1	1	16086	4	564	3.50615	0.0424593	27.1	5.25
CBDDTY010002957.1	1	16084	8	1251	7.77792	0.0854887	32	48.6
CBDDTY010002958.1	1	16078	3	492	3.06008	0.0306008	23	30.7
CBDDTY010002959.1	1	16074	10	1164	7.24151	0.104206	31.1	5.3
CBDDTY010002960.1	1	16069	12	1457	9.06715	0.100504	31	1.5
CBDDTY010002961.1	1	16061	11	1502	9.35185	0.0998692	32.9	22.3
CBDDTY010002962.1	1	16057	6	872	5.43065	0.0543065	31.3	6.83
CBDDTY010002963.1	1	16046	7	769	4.79247	0.0568366	34.6	9.14
CBDDTY010002964.1	1	16040	17	2372	14.788	0.181297	31.9	16.6
CBDDTY010002965.1	1	16012	8	1270	7.93155	0.0793155	31.5	38.2
CBDDTY010002966.1	1	16011	9	1351	8.43795	0.0911249	31.3	7.78
CBDDTY010002967.1	1	16000	1	108	0.675	0.00675	36.4	17
CBDDTY010002968.1	1	16000	12	1526	9.5375	0.131062	25.1	10.2
CBDDTY010002970.1	1	16000	9	1066	6.6625	0.075125	34.1	32.7
CBDDTY010002971.1	1	16000	4	793	4.95625	0.0495625	30.6	43.5
CBDDTY010002972.1	1	16000	9	1275	7.96875	0.0859375	28.6	14.2
CBDDTY010002973.1	1	16000	2	289	1.80625	0.0180625	28.8	9.5
CBDDTY010002974.1	1	16000	11	1333	8.33125	0.093375	34.2	10.7
CBDDTY010002975.1	1	16000	2	313	1.95625	0.0195625	22.4	16
CBDDTY010002976.1	1	16000	15	2043	12.7688	0.127688	32.6	31.2
CBDDTY010002977.1	1	16000	4	877	5.48125	0.0548125	25.9	12.5
CBDDTY010002978.1	1	16000	2	373	2.33125	0.0233125	26.8	2
CBDDTY010002979.1	1	16000	14	1712	10.7	0.144313	34	2.79
CBDDTY010002980.1	1	16000	6	1060	6.625	0.0683125	32	1
CBDDTY010002981.1	1	16000	2	254	1.5875	0.015875	31.3	1
CBDDTY010002982.1	1	16000	7	944	5.9	0.059	28.3	10.6
CBDDTY010002983.1	1	16000	1	86	0.5375	0.005375	28.9	0
CBDDTY010002984.1	1	16000	7	1249	7.80625	0.0831875	31.9	25.6
CBDDTY010002985.1	1	16000	3	537	3.35625	0.0335625	33.4	35.3
CBDDTY010002986.1	1	16000	5	743	4.64375	0.054125	29.2	0.6
CBDDTY010002987.1	1	16000	10	1634	10.2125	0.106313	30.4	22.3
CBDDTY010002988.1	1	16000	14	2487	15.5437	0.164813	31.6	23.5
CBDDTY010002989.1	1	16000	7	775	4.84375	0.0565625	33.5	12
CBDDTY010002990.1	1	16000	5	1071	6.69375	0.0669375	25.1	21.6
CBDDTY010002991.1	1	16000	3	555	3.46875	0.0346875	30.6	27.7
CBDDTY010002992.1	1	16000	3	625	3.90625	0.0390625	35.3	24
CBDDTY010002993.1	1	15997	9	1312	8.20154	0.0939551	31.8	7
CBDDTY010002994.1	1	15974	7	992	6.21009	0.0621009	35.8	36
CBDDTY010002995.1	1	15969	9	2184	13.6765	0.148287	31.9	40.7
CBDDTY010002996.1	1	15967	9	1278	8.00401	0.0909376	32.7	20.3
CBDDTY010002997.1	1	15962	2	319	1.9985	0.019985	31.6	45
CBDDTY010002998.1	1	15957	6	888	5.56496	0.0556496	33.6	10.2
CBDDTY010002999.1	1	15952	2	323	2.02482	0.0202482	38.8	1
CBDDTY010003000.1	1	15948	7	1138	7.13569	0.0713569	26.9	33.3
CBDDTY010003001.1	1	15947	11	1549	9.71343	0.0971343	32	32.6
CBDDTY010003002.1	1	15902	14	2239	14.08	0.162495	29.5	26.6
CBDDTY010003003.1	1	15897	12	1533	9.64333	0.120023	32.1	22.3
CBDDTY010003004.1	1	15886	17	1969	12.3946	0.152209	28.5	21.7
CBDDTY010003005.1	1	15878	3	549	3.45761	0.0345761	34.5	29
CBDDTY010003006.1	1	15875	24	3607	22.7213	0.28315	29.5	23.3
CBDDTY010003007.1	1	15867	4	362	2.28146	0.0292431	32.2	6
CBDDTY010003008.1	1	15849	7	1297	8.18348	0.0818348	32.2	0.143
CBDDTY010003009.1	1	15847	10	1296	8.1782	0.101597	29.2	10.9
CBDDTY010003010.1	1	15834	9	1171	7.39548	0.0739548	30.2	0.333
CBDDTY010003011.1	1	15826	10	1572	9.93302	0.124036	33.9	46.7
CBDDTY010003012.1	1	15825	11	1781	11.2543	0.11722	32.7	31.3
CBDDTY010003013.1	1	15823	7	872	5.51097	0.0689503	29.7	15.3
CBDDTY010003014.1	1	15795	8	1229	7.78094	0.0778094	29.2	29.4
CBDDTY010003015.1	1	15786	17	1488	9.42607	0.141201	31.3	14.7
CBDDTY010003016.1	1	15734	3	395	2.51049	0.0251049	40.5	11.3
CBDDTY010003017.1	1	15720	3	457	2.90712	0.0290712	27.3	13.3
CBDDTY010003018.1	1	15717	9	1148	7.30419	0.0990011	33.7	15.3
CBDDTY010003019.1	1	15715	9	1489	9.47502	0.106141	32.2	32.7
CBDDTY010003020.1	1	15703	17	2389	15.2137	0.163599	32.2	22.7
CBDDTY010003021.1	1	15694	13	2019	12.8648	0.141264	29.2	24.2
CBDDTY010003022.1	1	15682	9	1339	8.53845	0.0905497	31.5	45.7
CBDDTY010003023.1	1	15681	7	1009	6.43454	0.0735285	29.6	30.6
CBDDTY010003024.1	1	15664	14	2010	12.832	0.1732	31.2	4.71
CBDDTY010003025.1	1	15644	6	760	4.85809	0.0485809	33.2	10.5
CBDDTY010003026.1	1	15642	4	773	4.94182	0.0494182	28.4	6.5
CBDDTY010003027.1	1	15634	14	2528	16.1699	0.175003	31.9	32.5
CBDDTY010003028.1	1	15631	8	1043	6.67264	0.0735717	29.9	26.6
CBDDTY010003029.1	1	15601	13	1967	12.6082	0.138901	31.9	7.08
CBDDTY010003030.1	1	15597	9	1266	8.11695	0.0811695	28.1	35.2
CBDDTY010003031.1	1	15594	10	1055	6.76542	0.0740028	34	12.2
CBDDTY010003032.1	1	15574	9	1412	9.06639	0.0906639	32.9	28
CBDDTY010003033.1	1	15555	8	1081	6.94953	0.0745741	32	3.38
CBDDTY010003034.1	1	15554	18	2286	14.6972	0.202456	30.6	25.5
CBDDTY010003035.1	1	15553	7	1065	6.84755	0.0684755	30.1	2
CBDDTY010003036.1	1	15532	10	1216	7.829	0.0988926	28.8	22.7
CBDDTY010003037.1	1	15530	7	1203	7.7463	0.0816484	32.5	37
CBDDTY010003039.1	1	15523	22	3223	20.7627	0.247955	31.4	19
CBDDTY010003040.1	1	15522	10	1236	7.96289	0.0849117	30	12.6
CBDDTY010003041.1	1	15520	6	953	6.14046	0.0663015	27.4	10.5
CBDDTY010003043.1	1	15507	6	732	4.72045	0.0472045	31.7	16.8
CBDDTY010003044.1	1	15503	7	594	3.83152	0.0479907	33.6	3
CBDDTY010003045.1	1	15494	12	1728	11.1527	0.124113	28.5	5.17
CBDDTY010003046.1	1	15493	7	990	6.38998	0.0699671	28.9	6.43
CBDDTY010003047.1	1	15488	20	2928	18.905	0.214424	28.4	9.25
CBDDTY010003048.1	1	15450	12	1904	12.3236	0.140777	28.8	40.8
CBDDTY010003049.1	1	15445	10	1300	8.41696	0.0999676	32.6	6
CBDDTY010003050.1	1	15445	3	470	3.04306	0.0304306	34.2	3.33
CBDDTY010003051.1	1	15444	9	999	6.46853	0.0764698	33.6	1
CBDDTY010003052.1	1	15438	15	2345	15.1898	0.173533	33.2	27.1
CBDDTY010003053.1	1	15412	12	1507	9.77809	0.116857	32.6	27.8
CBDDTY010003054.1	1	15411	1	205	1.33022	0.0133022	34.6	1
CBDDTY010003055.1	1	15409	9	1566	10.1629	0.120319	32.9	33.2
CBDDTY010003056.1	1	15407	8	1128	7.32135	0.0787304	28.1	22.6
CBDDTY010003057.1	1	15404	20	2681	17.4046	0.21819	29	22
CBDDTY010003058.1	1	15401	5	575	3.73352	0.0435037	33	23
CBDDTY010003059.1	1	15388	20	3088	20.0676	0.231609	31.9	11.2
CBDDTY010003060.1	1	15365	8	1016	6.61243	0.0661243	30.6	4.62
CBDDTY010003061.1	1	15359	9	1197	7.79348	0.0981835	31.1	19
CBDDTY010003063.1	1	15353	3	382	2.48811	0.0248811	29.7	0.667
CBDDTY010003064.1	1	15347	26	3161	20.5969	0.277318	32.5	16.3
CBDDTY010003065.1	1	15343	6	980	6.38728	0.0638728	31.4	43
CBDDTY010003066.1	1	15343	7	1068	6.96083	0.0696083	31.2	32.4
CBDDTY010003067.1	1	15337	17	2168	14.1358	0.167308	31.1	29.3
CBDDTY010003068.1	1	15331	8	1025	6.6858	0.066858	32.5	4
CBDDTY010003069.1	1	15324	14	1788	11.668	0.118181	29.5	7.71
CBDDTY010003070.1	1	15324	15	1855	12.1052	0.126403	34.4	22.3
CBDDTY010003071.1	1	15312	4	465	3.03683	0.0303683	37.6	13.5
CBDDTY010003072.1	1	15306	13	1861	12.1586	0.127924	31.1	24.9
CBDDTY010003073.1	1	15290	10	1517	9.92152	0.104055	27.6	10.5
CBDDTY010003074.1	1	15284	1	231	1.51138	0.0151138	35.3	3
CBDDTY010003075.1	1	15250	10	1302	8.5377	0.0872131	31.2	22.2
CBDDTY010003076.1	1	15235	2	184	1.20775	0.0172629	33.9	0.5
CBDDTY010003077.1	1	15231	11	1766	11.5948	0.115948	30.8	26.4
CBDDTY010003078.1	1	15225	1	116	0.761905	0.00761905	41.2	0
CBDDTY010003079.1	1	15223	30	3601	23.655	0.323524	29.3	24.8
CBDDTY010003080.1	1	15212	8	1056	6.94189	0.0817775	29.5	25.1
CBDDTY010003081.1	1	15211	6	927	6.09427	0.0609427	32.6	24.8
CBDDTY010003082.1	1	15208	7	773	5.08285	0.0593766	30.4	14.9
CBDDTY010003083.1	1	15207	2	243	1.59795	0.0159795	25.2	9
CBDDTY010003084.1	1	15206	19	2630	17.2958	0.195449	29.9	19.5
CBDDTY010003085.1	1	15206	8	798	5.24793	0.0610285	29	6.62
CBDDTY010003086.1	1	15194	7	897	5.90365	0.0590365	34.2	16.7
CBDDTY010003087.1	1	15181	11	1924	12.6737	0.141756	31	18.8
CBDDTY010003088.1	1	15137	6	577	3.81185	0.0704895	29	0.833
CBDDTY010003089.1	1	15136	16	2412	15.9355	0.178383	31.4	15.9
CBDDTY010003090.1	1	15132	16	1872	12.3711	0.14096	29.5	27.2
CBDDTY010003091.1	1	15116	9	1699	11.2397	0.112397	32.1	4.11
CBDDTY010003092.1	1	15062	21	2806	18.6297	0.212322	30.5	18.2
CBDDTY010003093.1	1	15041	13	2034	13.523	0.155109	32.3	0.231
CBDDTY010003094.1	1	15039	5	912	6.06423	0.0710819	28.4	52.8
CBDDTY010003095.1	1	15037	12	1677	11.1525	0.137993	29.6	24.1
CBDDTY010003096.1	1	15022	4	539	3.58807	0.0358807	28.2	26
CBDDTY010003097.1	1	15016	15	1723	11.4744	0.129329	30.9	0.2
CBDDTY010003098.1	1	15014	6	833	5.54816	0.0622752	32	10.5
CBDDTY010003099.1	1	15000	3	483	3.22	0.0322	29.7	7.33
CBDDTY010003100.1	1	15000	6	712	4.74667	0.057	32.8	2.67
CBDDTY010003101.1	1	15000	10	1132	7.54667	0.09	28.7	8.5
CBDDTY010003103.1	1	15000	4	662	4.41333	0.0550667	28.5	0.75
CBDDTY010003104.1	1	15000	1	159	1.06	0.0106	18.3	1
CBDDTY010003105.1	1	15000	8	1082	7.21333	0.0824667	30.5	1.62
CBDDTY010003106.1	1	15000	12	1831	12.2067	0.122067	29.4	16.8
CBDDTY010003107.1	1	15000	12	2154	14.36	0.1436	31.8	32
CBDDTY010003108.1	1	14800	8	1083	7.31757	0.0952703	30.8	8.12
CBDDTY010003109.1	1	15000	2	262	1.74667	0.0174667	25.6	19
CBDDTY010003110.1	1	15000	5	947	6.31333	0.0752667	36.2	12.4
CBDDTY010003111.1	1	15000	2	323	2.15333	0.0215333	25.5	0
CBDDTY010003112.1	1	15000	6	776	5.17333	0.0592	27.4	35
CBDDTY010003113.1	1	15000	9	1064	7.09333	0.0873333	31.6	15.4
CBDDTY010003115.1	1	15000	7	835	5.56667	0.057	31.7	0.286
CBDDTY010003116.1	1	15000	8	1277	8.51333	0.0911333	30.2	13.6
CBDDTY010003118.1	1	15000	5	805	5.36667	0.0536667	32.7	20.4
CBDDTY010003119.1	1	15000	7	837	5.58	0.103467	33.7	3.29
CBDDTY010003120.1	1	15000	7	1007	6.71333	0.0671333	31.7	36.4
CBDDTY010003121.1	1	15000	3	471	3.14	0.0314	34	20.7
CBDDTY010003122.1	1	14987	10	1396	9.31474	0.101154	32.3	37.6
CBDDTY010003123.1	1	14980	4	627	4.18558	0.0490654	29.1	33
CBDDTY010003124.1	1	14957	8	1284	8.58461	0.0962091	28.2	23.9
CBDDTY010003125.1	1	14953	8	1169	7.81783	0.098308	31.5	37.4
CBDDTY010003126.1	1	14940	14	1323	8.85542	0.159237	31.9	22
CBDDTY010003127.1	1	14912	7	930	6.23659	0.0757108	30.4	4.14
CBDDTY010003128.1	1	14898	7	903	6.06122	0.080145	28.4	0.286
CBDDTY010003129.1	1	14895	7	760	5.10238	0.0560591	30.2	10.7
CBDDTY010003130.1	1	14890	13	1929	12.955	0.140766	30.4	28.5
CBDDTY010003131.1	1	14887	53	5468	36.73	0.512931	31.5	25.8
CBDDTY010003132.1	1	14882	8	1234	8.2919	0.082919	29.2	32.6
CBDDTY010003133.1	1	14871	8	985	6.62363	0.0662363	34.1	2.38
CBDDTY010003134.1	1	14870	13	1613	10.8473	0.125353	31.9	28.3
CBDDTY010003135.1	1	14853	23	3348	22.5409	0.26567	33	39.5
CBDDTY010003136.1	1	14844	3	446	3.00458	0.0300458	35.4	20.3
CBDDTY010003137.1	1	14837	10	1174	7.91265	0.0940217	31.5	27.8
CBDDTY010003138.1	1	14833	8	1302	8.77773	0.0877773	30.6	25.4
CBDDTY010003139.1	1	14830	9	1439	9.7033	0.111531	32.2	14.8
CBDDTY010003140.1	1	14798	10	1202	8.12272	0.100892	29.1	12.4
CBDDTY010003141.1	1	14795	9	1892	12.7881	0.134843	30.5	36.8
CBDDTY010003142.1	1	14794	12	2750	18.5886	0.185886	31.6	24.9
CBDDTY010003143.1	1	14780	12	2139	14.4723	0.153045	30.3	24.5
CBDDTY010003144.1	1	14777	20	1236	8.36435	0.24396	30.1	3.15
CBDDTY010003145.1	1	14776	4	758	5.12994	0.0512994	32.9	16.2
CBDDTY010003146.1	1	14758	3	396	2.68329	0.0268329	32.9	6.67
CBDDTY010003147.1	1	14753	7	910	6.16824	0.0616824	34.2	20.7
CBDDTY010003148.1	1	14744	8	1363	9.24444	0.0931226	31.4	17
CBDDTY010003149.1	1	14715	5	951	6.46279	0.0646279	31.3	48
CBDDTY010003150.1	1	14705	26	2566	17.4498	0.288745	31.4	12.6
CBDDTY010003152.1	1	14691	4	284	1.93316	0.0379144	31.9	3.25
CBDDTY010003153.1	1	14690	4	604	4.11164	0.0411164	25.5	24.2
CBDDTY010003154.1	1	14668	9	1243	8.47423	0.092378	32.7	49.8
CBDDTY010003155.1	1	14656	4	520	3.54803	0.0410753	30.6	36.5
CBDDTY010003156.1	1	14647	10	1504	10.2683	0.121595	33.1	27.6
CBDDTY010003157.1	1	14637	5	826	5.64323	0.0564323	30.9	29
CBDDTY010003158.1	1	14622	6	1089	7.44768	0.0744768	32.7	49.3
CBDDTY010003159.1	1	14620	4	467	3.19425	0.0319425	31.2	0.75
CBDDTY010003160.1	1	14620	7	970	6.63475	0.0740082	29.3	15
CBDDTY010003161.1	1	14619	2	305	2.08633	0.0208633	33.3	2.5
CBDDTY010003162.1	1	14614	13	2000	13.6855	0.138087	28.4	21.5
CBDDTY010003163.1	1	14600	10	1728	11.8356	0.119452	31	27.1
CBDDTY010003164.1	1	14594	12	1612	11.0456	0.135535	30	31.4
CBDDTY010003165.1	1	14591	5	884	6.05853	0.0605853	28	34.4
CBDDTY010003166.1	1	14587	1	183	1.25454	0.0125454	30.4	47
CBDDTY010003167.1	1	14585	7	855	5.86219	0.0682893	33.7	36.3
CBDDTY010003168.1	1	14585	22	2785	19.095	0.245389	30.9	26.9
CBDDTY010003169.1	1	14578	2	233	1.5983	0.015983	30.8	6
CBDDTY010003170.1	1	14578	7	1162	7.97092	0.087392	28.5	6.57
CBDDTY010003171.1	1	14571	5	533	3.65795	0.0365795	30.2	1.4
CBDDTY010003172.1	1	14562	8	1324	9.09216	0.0949045	27.9	34.1
CBDDTY010003173.1	1	14557	10	1601	10.9981	0.117675	31.5	30.1
CBDDTY010003174.1	1	14550	5	818	5.62199	0.0562199	30.5	11.2
CBDDTY010003175.1	1	14548	6	929	6.38576	0.065851	28.1	8
CBDDTY010003176.1	1	14541	12	1550	10.6595	0.115192	28.7	0.25
CBDDTY010003177.1	1	14528	26	2591	17.8345	0.277327	30.3	6.42
CBDDTY010003178.1	1	14506	13	1386	9.55467	0.150214	32.1	21.6
CBDDTY010003179.1	1	14470	3	377	2.60539	0.0260539	24.3	0.667
CBDDTY010003180.1	1	14455	9	1481	10.2456	0.103217	31.9	16.1
CBDDTY010003181.1	1	14452	2	236	1.63299	0.0163299	26.1	0
CBDDTY010003182.1	1	14450	15	2190	15.1557	0.153218	30.3	21.1
CBDDTY010003183.1	1	14450	7	733	5.07266	0.0642215	28.3	1.29
CBDDTY010003184.1	1	14437	6	1042	7.21757	0.0721757	29.7	36.5
CBDDTY010003185.1	1	14415	12	1689	11.717	0.146028	29.9	39.4
CBDDTY010003186.1	1	14370	7	980	6.81976	0.0681976	29.4	16
CBDDTY010003187.1	1	14351	1	62	0.432026	0.00432026	26.2	0
CBDDTY010003188.1	1	14350	1	271	1.8885	0.018885	26.3	0
CBDDTY010003189.1	1	14346	3	511	3.56197	0.0356197	30.6	0
CBDDTY010003190.1	1	14343	5	799	5.57066	0.0557066	31.8	17.2
CBDDTY010003191.1	1	14302	9	1005	7.02699	0.091246	28.9	9.56
CBDDTY010003192.1	1	14287	6	1037	7.25835	0.0838525	28.8	22.7
CBDDTY010003193.1	1	14272	5	771	5.40219	0.0540219	27.7	2.8
CBDDTY010003194.1	1	14271	11	1953	13.6851	0.16481	30.6	43.3
CBDDTY010003195.1	1	14266	2	257	1.80149	0.0180149	29.9	1
CBDDTY010003196.1	1	14261	7	1335	9.36119	0.122011	32.8	41.1
CBDDTY010003197.1	1	14242	16	1705	11.9716	0.203623	36.2	0.312
CBDDTY010003198.1	1	14230	14	1545	10.8573	0.158679	31.1	6.14
CBDDTY010003199.1	1	14221	1	111	0.780536	0.00780536	31.7	46
CBDDTY010003200.1	1	14164	2	416	2.93702	0.0293702	33.6	30
CBDDTY010003201.1	1	14142	11	1469	10.3875	0.114623	31.7	3.18
CBDDTY010003202.1	1	14129	9	1254	8.87536	0.0954774	33.4	3.56
CBDDTY010003203.1	1	14119	12	2021	14.314	0.150648	33.1	33.3
CBDDTY010003204.1	1	14115	8	1013	7.17676	0.0717676	32.3	1.88
CBDDTY010003205.1	1	14072	2	227	1.61313	0.0161313	28.2	27.5
CBDDTY010003206.1	1	14036	11	1501	10.6939	0.120048	32.4	39.7
CBDDTY010003207.1	1	14035	12	1792	12.7681	0.129248	31	32.7
CBDDTY010003208.1	1	14030	7	933	6.65004	0.0819672	36.1	12.4
CBDDTY010003209.1	1	14024	4	452	3.22305	0.0322305	30.2	6.5
CBDDTY010003210.1	1	14000	11	1615	11.5357	0.115357	26.2	3.73
CBDDTY010003211.1	1	14000	10	1397	9.97857	0.119714	28.8	6.8
CBDDTY010003212.1	1	14000	6	870	6.21429	0.0645	31.1	1
CBDDTY010003213.1	1	14000	6	905	6.46429	0.076	34.2	1
CBDDTY010003214.1	1	14000	36	3768	26.9143	0.414857	30.3	8.19
CBDDTY010003215.1	1	14000	1	164	1.17143	0.0117143	29.7	1
CBDDTY010003216.1	1	14000	5	779	5.56429	0.0556429	29	25.6
CBDDTY010003217.1	1	14000	6	577	4.12143	0.055	28.9	0.833
CBDDTY010003218.1	1	14000	11	1400	10	0.1	29.6	1.64
CBDDTY010003219.1	1	14000	7	981	7.00714	0.0834286	28.4	10.9
CBDDTY010003220.1	1	14000	11	1284	9.17143	0.122357	30.7	1.36
CBDDTY010003221.1	1	14000	8	1302	9.3	0.104143	31.1	9.12
CBDDTY010003222.1	1	14000	28	2559	18.2786	0.316429	29.2	27
CBDDTY010003223.1	1	14000	7	939	6.70714	0.0670714	34.1	14.4
CBDDTY010003224.1	1	14000	5	1086	7.75714	0.0775714	27.9	44.2
CBDDTY010003225.1	1	14000	5	859	6.13571	0.0613571	28.6	6.4
CBDDTY010003226.1	1	14000	7	743	5.30714	0.0530714	28.4	5.43
CBDDTY010003227.1	1	14000	28	3472	24.8	0.307786	30.5	6.21
CBDDTY010003228.1	1	14000	6	462	3.3	0.0472857	34.6	9
CBDDTY010003229.1	1	14000	10	1197	8.55	0.101643	31.6	23.5
CBDDTY010003230.1	1	14000	6	557	3.97857	0.0929286	30.5	13.7
CBDDTY010003231.1	1	14000	7	1139	8.13571	0.0887143	30.6	29.3
CBDDTY010003232.1	1	14000	14	575	4.10714	0.106571	33.7	20.1
CBDDTY010003233.1	1	14000	4	684	4.88571	0.0488571	24.8	4.5
CBDDTY010003234.1	1	13998	13	1998	14.2735	0.156737	32.3	21.6
CBDDTY010003235.1	1	13987	15	1454	10.3954	0.151927	33.1	7
CBDDTY010003236.1	1	13986	7	1199	8.57286	0.0857286	29.4	25.7
CBDDTY010003237.1	1	13979	8	1073	7.6758	0.08384	31.6	51.6
CBDDTY010003238.1	1	13970	4	454	3.24982	0.0324982	39.4	18
CBDDTY010003239.1	1	13967	16	1793	12.8374	0.187012	30.6	18.1
CBDDTY010003240.1	1	13962	14	1656	11.8608	0.143174	30.6	11.4
CBDDTY010003241.1	1	13931	8	1256	9.01586	0.0901586	31.8	27.8
CBDDTY010003242.1	1	13930	8	916	6.57574	0.0739411	29.6	11.8
CBDDTY010003243.1	1	13924	5	782	5.6162	0.056162	31.9	24.4
CBDDTY010003244.1	1	13913	4	619	4.44908	0.0444908	29.8	30.8
CBDDTY010003245.1	1	13897	5	726	5.22415	0.0583579	31.4	24.2
CBDDTY010003246.1	1	13896	10	1346	9.68624	0.106721	30.9	43.3
CBDDTY010003247.1	1	13861	30	3496	25.2218	0.345646	29.1	7.83
CBDDTY010003248.1	1	13842	2	527	3.80725	0.0380725	30.9	21.5
CBDDTY010003249.1	1	13836	2	221	1.59728	0.0159728	30.1	19.5
CBDDTY010003250.1	1	13828	3	490	3.54353	0.0354353	34.5	0.333
CBDDTY010003251.1	1	13817	8	1210	8.75733	0.0875733	29.3	22
CBDDTY010003252.1	1	13814	5	942	6.81917	0.0681917	23.6	0.6
CBDDTY010003253.1	1	13795	6	1200	8.6988	0.0874955	32.8	45.8
CBDDTY010003254.1	1	13791	13	1497	10.8549	0.143862	29.3	30.6
CBDDTY010003255.1	1	13781	9	844	6.12437	0.0938974	31	0.889
CBDDTY010003256.1	1	13755	6	770	5.59796	0.0689931	25.5	1.83
CBDDTY010003257.1	1	13741	7	1260	9.16964	0.122044	33.1	9.43
CBDDTY010003258.1	1	13738	1	215	1.565	0.01565	21.6	0
CBDDTY010003259.1	1	13738	14	1785	12.9932	0.169311	33.1	13.8
CBDDTY010003260.1	1	13703	5	796	5.80895	0.0580895	31.4	33.4
CBDDTY010003261.1	1	13683	7	805	5.88321	0.0661405	30.7	13
CBDDTY010003262.1	1	13672	4	435	3.18169	0.0318169	37	0
CBDDTY010003263.1	1	13665	6	986	7.21551	0.0721551	28.9	24.2
CBDDTY010003264.1	1	13641	13	1399	10.2558	0.128656	31.9	5.54
CBDDTY010003265.1	1	13631	6	797	5.84697	0.0584697	31.3	23
CBDDTY010003266.1	1	13622	14	1414	10.3803	0.123917	31.7	2.57
CBDDTY010003267.1	1	13600	6	748	5.5	0.0553676	30.3	2.33
CBDDTY010003268.1	1	13597	11	1678	12.341	0.139001	30.5	24.9
CBDDTY010003269.1	1	13596	5	539	3.9644	0.039644	32.4	2.2
CBDDTY010003270.1	1	13587	6	775	5.70398	0.0655038	30.3	8.5
CBDDTY010003271.1	1	13574	16	1494	11.0063	0.169515	29.1	7.56
CBDDTY010003272.1	1	13569	8	942	6.94229	0.0757609	29.7	19.6
CBDDTY010003273.1	1	13555	5	806	5.94615	0.0594615	29.3	0.2
CBDDTY010003274.1	1	13533	7	1027	7.58886	0.0758886	29.2	17.9
CBDDTY010003275.1	1	13524	27	3508	25.9391	0.329562	29.4	10.7
CBDDTY010003276.1	1	13513	10	1005	7.43728	0.106934	28.6	4.3
CBDDTY010003277.1	1	13511	7	1019	7.542	0.07542	35.3	9.71
CBDDTY010003278.1	1	13507	4	524	3.87947	0.0387947	35.8	17
CBDDTY010003279.1	1	13494	7	1343	9.95257	0.0995257	32.1	13.1
CBDDTY010003280.1	1	13492	4	584	4.32849	0.0432849	28.5	3
CBDDTY010003281.1	1	13479	12	1139	8.45018	0.0956302	31.9	6.17
CBDDTY010003282.1	1	13457	5	475	3.52976	0.0422085	32.7	11.2
CBDDTY010003283.1	1	13448	8	1027	7.63682	0.0985277	31.9	23.9
CBDDTY010003284.1	1	13439	3	600	4.46462	0.0446462	32.6	2.33
CBDDTY010003285.1	1	13418	3	481	3.58474	0.0358474	32.1	22.3
CBDDTY010003286.1	1	13417	6	1006	7.49795	0.0749795	33.6	45
CBDDTY010003287.1	1	13416	12	1392	10.3757	0.121795	28.1	19.1
CBDDTY010003288.1	1	13414	7	1154	8.60295	0.0983301	32.2	27.9
CBDDTY010003289.1	1	13408	8	1003	7.48061	0.0841289	26.5	11.2
CBDDTY010003290.1	1	13376	7	766	5.72667	0.0872458	32.5	50
CBDDTY010003291.1	1	13362	2	375	2.80647	0.0280647	33	4.5
CBDDTY010003292.1	1	13360	7	1470	11.003	0.11003	30.3	32.6
CBDDTY010003293.1	1	13360	2	343	2.56737	0.0256737	27.9	41
CBDDTY010003294.1	1	13357	1	235	1.75938	0.0175938	32.3	1
CBDDTY010003295.1	1	13354	15	2174	16.2798	0.186536	31.5	44.1
CBDDTY010003296.1	1	13320	3	749	5.62312	0.0562312	25.5	11.7
CBDDTY010003297.1	1	13310	15	1622	12.1863	0.154545	31.4	9.87
CBDDTY010003298.1	1	13304	6	1183	8.89206	0.0980908	27.3	0.833
CBDDTY010003299.1	1	13302	87	3960	29.77	1.04571	29.8	1.25
CBDDTY010003300.1	1	13293	3	358	2.69315	0.0269315	33.7	18
CBDDTY010003301.1	1	13273	19	2579	19.4304	0.21879	30.6	27.2
CBDDTY010003302.1	1	13271	7	960	7.23382	0.0723382	32.2	36
CBDDTY010003303.1	1	13257	27	2829	21.3397	0.351588	31.7	6.63
CBDDTY010003304.1	1	13210	20	2290	17.3354	0.222407	30.4	12.4
CBDDTY010003305.1	1	13207	5	522	3.95245	0.0395245	30.3	4.4
CBDDTY010003306.1	1	13199	6	1177	8.91734	0.0891734	31.3	33
CBDDTY010003307.1	1	13153	5	927	7.04782	0.0704782	27.3	19.8
CBDDTY010003308.1	1	13143	6	834	6.34558	0.0634558	33	18.5
CBDDTY010003309.1	1	13133	6	1113	8.47483	0.0847483	29.7	23.8
CBDDTY010003310.1	1	13100	2	174	1.32824	0.0148855	32.7	0
CBDDTY010003311.1	1	13099	3	541	4.13009	0.0475609	29.5	27
CBDDTY010003312.1	1	13057	7	880	6.73968	0.0857012	29.4	3.43
CBDDTY010003313.1	1	13038	30	2858	21.9205	0.350744	32.5	23.4
CBDDTY010003314.1	1	13028	8	1372	10.5312	0.126113	30.8	34
CBDDTY010003315.1	1	13010	1	107	0.822444	0.00822444	36.9	1
CBDDTY010003316.1	1	13000	17	2326	17.8923	0.195538	29.7	3.76
CBDDTY010003317.1	1	13000	1	118	0.907692	0.00907692	30.5	18
CBDDTY010003318.1	1	13000	9	1215	9.34615	0.103154	28.5	17.3
CBDDTY010003319.1	1	13000	14	761	5.85385	0.139615	33	8.79
CBDDTY010003320.1	1	13000	4	726	5.58462	0.0558462	33.7	36
CBDDTY010003321.1	1	13000	4	523	4.02308	0.0495385	28	15
CBDDTY010003322.1	1	13000	10	880	6.76923	0.0842308	32	0.4
CBDDTY010003323.1	1	13000	7	877	6.74615	0.0793077	30.7	14.7
CBDDTY010003324.1	1	13000	2	471	3.62308	0.0362308	22.9	3.5
CBDDTY010003325.1	1	13000	5	735	5.65385	0.0565385	30.9	15.4
CBDDTY010003326.1	1	13000	4	823	6.33077	0.0672308	30.7	36
CBDDTY010003327.1	1	13000	10	1613	12.4077	0.126231	28.4	6.6
CBDDTY010003328.1	1	13000	11	1187	9.13077	0.127308	32.1	1.09
CBDDTY010003330.1	1	13000	14	2355	18.1154	0.229385	29.5	19
CBDDTY010003331.1	1	13000	1	106	0.815385	0.00815385	29.9	35
CBDDTY010003332.1	1	13000	2	176	1.35385	0.0203077	31.7	1
CBDDTY010003333.1	1	13000	4	628	4.83077	0.0596923	31.4	22.8
CBDDTY010003335.1	1	13000	4	453	3.48462	0.0434615	33.2	7
CBDDTY010003336.1	1	13000	10	1308	10.0615	0.109	32.3	31.5
CBDDTY010003337.1	1	13000	2	229	1.76154	0.0176154	30.1	16
CBDDTY010003338.1	1	13000	4	684	5.26154	0.0564615	32.8	18.2
CBDDTY010003339.1	1	13000	5	548	4.21538	0.0534615	31.2	0.4
CBDDTY010003340.1	1	13000	13	2222	17.0923	0.175154	29.4	37.5
CBDDTY010003341.1	1	13000	4	714	5.49231	0.0599231	28	36.8
CBDDTY010003342.1	1	13000	2	258	1.98462	0.0198462	34.1	19
CBDDTY010003343.1	1	13000	53	3917	30.1308	0.737154	30.5	18.8
CBDDTY010003344.1	1	13000	11	1758	13.5231	0.136077	30.2	36.4
CBDDTY010003345.1	1	13000	3	387	2.97692	0.051	30.2	0
CBDDTY010003346.1	1	13000	1	180	1.38462	0.0138462	31.7	60
CBDDTY010003347.1	1	13000	5	618	4.75385	0.0528462	26.3	26.2
CBDDTY010003348.1	1	13000	3	416	3.2	0.0427692	30.8	17.3
CBDDTY010003349.1	1	13000	11	1441	11.0846	0.123692	28.4	21.3
CBDDTY010003350.1	1	13000	4	664	5.10769	0.0510769	25.5	0.25
CBDDTY010003351.1	1	13000	1	125	0.961538	0.00961538	37.8	0
CBDDTY010003352.1	1	13000	6	1144	8.8	0.0952308	28.2	9
CBDDTY010003353.1	1	12996	7	978	7.52539	0.0752539	33.9	34.9
CBDDTY010003354.1	1	12987	9	1229	9.46331	0.0951721	31.1	26.1
CBDDTY010003355.1	1	12927	7	781	6.04162	0.0635105	32.1	26.6
CBDDTY010003356.1	1	12912	8	1204	9.32466	0.112144	31.5	16.4
CBDDTY010003357.1	1	12876	8	937	7.2771	0.0775085	30	7.62
CBDDTY010003358.1	1	12869	4	617	4.79447	0.0479447	32.7	8.25
CBDDTY010003359.1	1	12850	9	1169	9.09728	0.0989105	32	30.9
CBDDTY010003360.1	1	12846	13	1285	10.0031	0.130702	32	4.77
CBDDTY010003361.1	1	12845	12	1795	13.9743	0.170261	32.8	30.7
CBDDTY010003362.1	1	12831	3	478	3.72535	0.0372535	31.8	0.667
CBDDTY010003363.1	1	12826	10	1447	11.2818	0.119679	29.2	1.8
CBDDTY010003364.1	1	12808	14	1797	14.0303	0.201359	29.5	2.36
CBDDTY010003365.1	1	12798	11	1919	14.9945	0.157915	30	22.7
CBDDTY010003366.1	1	12741	10	1382	10.8469	0.114591	31.4	17.9
CBDDTY010003367.1	1	12675	32	2984	23.5424	0.391243	31.4	17.1
CBDDTY010003368.1	1	12660	4	502	3.96524	0.0477093	27.4	2.5
CBDDTY010003369.1	1	12650	5	545	4.3083	0.0664032	34.2	5.4
CBDDTY010003370.1	1	12644	20	1713	13.5479	0.200965	31.3	28.4
CBDDTY010003371.1	1	12631	2	263	2.08218	0.0302431	26.5	1
CBDDTY010003372.1	1	12581	7	723	5.74676	0.0762261	29.1	6.57
CBDDTY010003373.1	1	12555	9	1706	13.5882	0.137077	29	43.1
CBDDTY010003374.1	1	12554	7	918	7.31241	0.0740003	34.4	23.7
CBDDTY010003375.1	1	12550	4	742	5.91235	0.0591235	28.9	15.8
CBDDTY010003376.1	1	12522	12	1310	10.4616	0.113241	30.6	6
CBDDTY010003377.1	1	12522	4	647	5.16691	0.0516691	30.9	0.75
CBDDTY010003378.1	1	12449	17	2301	18.4834	0.201623	32.7	26.8
CBDDTY010003379.1	1	12445	10	1233	9.90759	0.109281	33	4.8
CBDDTY010003380.1	1	12437	5	1116	8.97323	0.0897323	26	27.2
CBDDTY010003381.1	1	12423	5	717	5.77155	0.0598084	32.4	50.6
CBDDTY010003382.1	1	12404	18	2308	18.6069	0.22783	30.8	40.3
CBDDTY010003383.1	1	12356	14	1888	15.28	0.172143	32.1	24.6
CBDDTY010003384.1	1	12254	6	962	7.8505	0.078505	33.2	13.2
CBDDTY010003385.1	1	12235	9	1114	9.10503	0.12783	31.4	28.4
CBDDTY010003386.1	1	12228	9	1161	9.4946	0.111874	31.4	14.8
CBDDTY010003387.1	1	12221	1	180	1.47287	0.0147287	31	5
CBDDTY010003388.1	1	12216	2	183	1.49804	0.0149804	32.9	3.5
CBDDTY010003389.1	1	12192	7	1156	9.48163	0.102034	31.4	27.6
CBDDTY010003390.1	1	12181	4	514	4.21969	0.0421969	31.6	28.8
CBDDTY010003391.1	1	12163	11	1761	14.4783	0.156294	32	44.4
CBDDTY010003392.1	1	12160	3	393	3.23191	0.0323191	27.9	21
CBDDTY010003393.1	1	12114	10	1357	11.2019	0.131583	34.2	19.6
CBDDTY010003394.1	1	12084	2	363	3.00397	0.0300397	26.2	18
CBDDTY010003395.1	1	12077	16	1868	15.4674	0.180591	31.2	1.12
CBDDTY010003396.1	1	12074	12	2107	17.4507	0.200348	33.1	30.9
CBDDTY010003397.1	1	12049	5	628	5.21205	0.0684704	30.6	22.6
CBDDTY010003398.1	1	12021	8	1370	11.3967	0.113967	28.9	36.6
CBDDTY010003399.1	1	12011	7	895	7.4515	0.0859212	28.7	10.1
CBDDTY010003400.1	1	12000	24	3231	26.925	0.346667	32.9	17.9
CBDDTY010003401.1	1	12000	5	874	7.28333	0.0900833	28.3	6
CBDDTY010003402.1	1	12000	15	1815	15.125	0.208083	33.4	9.33
CBDDTY010003403.1	1	12000	8	982	8.18333	0.0825833	32.4	2.5
CBDDTY010003404.1	1	12000	20	2693	22.4417	0.262	28.4	31.5
CBDDTY010003405.1	1	12000	5	534	4.45	0.05125	32.9	15.4
CBDDTY010003406.1	1	12000	3	363	3.025	0.03025	30.2	21.3
CBDDTY010003407.1	1	12000	9	1225	10.2083	0.102083	32.1	26.3
CBDDTY010003408.1	1	12000	3	452	3.76667	0.0376667	35.7	21.3
CBDDTY010003409.1	1	12000	2	298	2.48333	0.0248333	35.9	27.5
CBDDTY010003410.1	1	12000	1	179	1.49167	0.0149167	34.6	8
CBDDTY010003412.1	1	12000	9	976	8.13333	0.08575	30.6	2.89
CBDDTY010003413.1	1	12000	10	1462	12.1833	0.126	30.1	4.4
CBDDTY010003414.1	1	12000	6	658	5.48333	0.0614167	26.8	0.333
CBDDTY010003415.1	1	12000	11	1035	8.625	0.129	32.4	9.27
CBDDTY010003416.1	1	12000	8	918	7.65	0.0904167	30.6	1.75
CBDDTY010003417.1	1	12000	3	372	3.1	0.031	29.5	0.333
CBDDTY010003418.1	1	12000	3	436	3.63333	0.0363333	28.5	12.3
CBDDTY010003419.1	1	12000	13	1513	12.6083	0.171	30.6	2.15
CBDDTY010003420.1	1	12000	4	402	3.35	0.045	30.1	27
CBDDTY010003421.1	1	12000	3	374	3.11667	0.0311667	35.5	31
CBDDTY010003422.1	1	12000	9	984	8.2	0.0999167	32.4	20.1
CBDDTY010003423.1	1	12000	6	933	7.775	0.0949167	31.8	35.5
CBDDTY010003424.1	1	12000	5	516	4.3	0.0550833	33.1	3.2
CBDDTY010003425.1	1	12000	2	379	3.15833	0.0315833	23.7	12.5
CBDDTY010003426.1	1	12000	9	895	7.45833	0.087	30.4	7.33
CBDDTY010003427.1	1	11972	5	728	6.08086	0.073839	29.9	18
CBDDTY010003428.1	1	11969	1	83	0.693458	0.00693458	42.2	12
CBDDTY010003429.1	1	11949	5	622	5.20546	0.0587497	31.4	17.2
CBDDTY010003430.1	1	11948	3	491	4.10947	0.0410947	29.2	38.3
CBDDTY010003431.1	1	11920	12	1427	11.9715	0.199161	33	18.1
CBDDTY010003432.1	1	11908	3	450	3.77897	0.0377897	31	33
CBDDTY010003433.1	1	11906	44	3396	28.5234	0.633966	31.2	10.7
CBDDTY010003434.1	1	11850	7	924	7.79747	0.0937553	32.1	40
CBDDTY010003435.1	1	11830	1	99	0.836855	0.00836855	29.5	3
CBDDTY010003436.1	1	11819	19	2035	17.218	0.231069	32.1	9.89
CBDDTY010003437.1	1	11812	17	1797	15.2133	0.225364	30.4	5.94
CBDDTY010003438.1	1	11777	3	451	3.8295	0.038295	28.3	0
CBDDTY010003439.1	1	11758	7	997	8.47933	0.0889607	31.2	31.9
CBDDTY010003440.1	1	11712	4	863	7.36851	0.0736851	27.6	43
CBDDTY010003441.1	1	11691	5	959	8.20289	0.0820289	30.3	22.6
CBDDTY010003442.1	1	11671	7	1020	8.73961	0.0873961	29.1	22.4
CBDDTY010003444.1	1	11610	5	630	5.42636	0.0542636	36.5	23.6
CBDDTY010003445.1	1	11603	9	1652	14.2377	0.152719	28	15.2
CBDDTY010003446.1	1	11576	7	1469	12.69	0.1269	29.8	42.9
CBDDTY010003447.1	1	11553	8	1351	11.6939	0.156842	29.9	25.2
CBDDTY010003448.1	1	11552	6	1031	8.92486	0.0892486	30.8	16.8
CBDDTY010003449.1	1	11502	3	650	5.65119	0.0565119	33.6	5
CBDDTY010003450.1	1	11471	11	1740	15.1687	0.151687	30.2	32.3
CBDDTY010003451.1	1	11420	2	254	2.22417	0.0222417	28.2	1
CBDDTY010003452.1	1	11332	5	732	6.45958	0.0645958	28.8	2.2
CBDDTY010003454.1	1	11270	8	902	8.00355	0.0867791	29.3	38.5
CBDDTY010003455.1	1	11221	5	769	6.85322	0.072899	28.2	56.4
CBDDTY010003456.1	1	11168	7	799	7.15437	0.121239	29.4	45.9
CBDDTY010003457.1	1	11122	5	831	7.47168	0.0747168	34.9	40.6
CBDDTY010003458.1	1	11099	5	548	4.93738	0.0493738	31.7	16
CBDDTY010003459.1	1	11000	6	891	8.1	0.089	31.2	25.8
CBDDTY010003460.1	1	11000	9	1274	11.5818	0.124636	30.1	27
CBDDTY010003461.1	1	11000	14	2101	19.1	0.213	31.3	24.8
CBDDTY010003462.1	1	11000	3	472	4.29091	0.0429091	30.7	32.3
CBDDTY010003463.1	1	11000	3	612	5.56364	0.0556364	30.8	46
CBDDTY010003465.1	1	11000	18	2234	20.3091	0.285091	28.8	18.1
CBDDTY010003466.1	1	11000	7	922	8.38182	0.0838182	27.4	5
CBDDTY010003467.1	1	11000	8	809	7.35455	0.0819091	31.8	1.12
CBDDTY010003468.1	1	11000	6	838	7.61818	0.0828182	31	24.2
CBDDTY010003470.1	1	11000	1	45	0.409091	0.00409091	24.7	0
CBDDTY010003471.1	1	11000	6	1038	9.43636	0.100727	30	4
CBDDTY010003472.1	1	11000	3	501	4.55455	0.0455455	34.7	0
CBDDTY010003473.1	1	11000	2	260	2.36364	0.0236364	32.7	0.5
CBDDTY010003474.1	1	11000	5	893	8.11818	0.0912727	34.2	36.4
CBDDTY010003475.1	1	11000	6	950	8.63636	0.0863636	31.1	0.167
CBDDTY010003476.1	1	11000	22	1696	15.4182	0.321	30.3	16.8
CBDDTY010003477.1	1	11000	7	877	7.97273	0.087	29.1	26.7
CBDDTY010003478.1	1	11000	4	692	6.29091	0.0629091	24.5	33.2
CBDDTY010003479.1	1	11000	1	322	2.92727	0.0292727	36	1
CBDDTY010003480.1	1	11000	7	823	7.48182	0.111909	27.4	20.1
CBDDTY010003481.1	1	11000	6	1058	9.61818	0.0961818	30.3	22
CBDDTY010003482.1	1	11000	1	67	0.609091	0.00609091	41.6	0
CBDDTY010003484.1	1	11000	6	963	8.75455	0.09	31.6	20.3
CBDDTY010003485.1	1	11000	6	602	5.47273	0.0639091	30.9	21
CBDDTY010003486.1	1	10894	7	1080	9.91371	0.0991371	33.3	36
CBDDTY010003487.1	1	10881	3	445	4.0897	0.040897	27.8	0.333
CBDDTY010003488.1	1	10877	3	603	5.54381	0.0554381	32.4	40.3
CBDDTY010003489.1	1	10760	5	497	4.61896	0.0461896	33	20.6
CBDDTY010003490.1	1	10741	7	943	8.77944	0.0877944	26.6	38.9
CBDDTY010003491.1	1	10657	6	858	8.05105	0.0876419	30.8	10.3
CBDDTY010003492.1	1	10327	3	286	2.76944	0.0276944	32.6	10.7
CBDDTY010003493.1	1	10000	7	1063	10.63	0.1155	31.3	2.57
CBDDTY010003494.1	1	10000	8	935	9.35	0.1102	31.8	30.5
CBDDTY010003495.1	1	10000	4	508	5.08	0.0508	27.1	0.25
CBDDTY010003496.1	1	10000	7	803	8.03	0.0803	30.3	26.1
CBDDTY010003497.1	1	10000	7	977	9.77	0.0977	30.4	18
CBDDTY010003498.1	1	10000	3	404	4.04	0.0404	31.6	16.7
CBDDTY010003499.1	1	10000	8	948	9.48	0.1245	30.5	22.9
CBDDTY010003500.1	1	10000	7	1086	10.86	0.1185	35	27.1
CBDDTY010003501.1	1	10000	2	371	3.71	0.0371	32.7	48
CBDDTY010003502.1	1	10000	3	353	3.53	0.0353	32.8	42.3
CBDDTY010003504.1	1	9000	12	1741	19.3444	0.218222	31	6
CBDDTY010003505.1	1	9000	4	408	4.53333	0.0453333	34.5	0.25
CBDDTY010003506.1	1	9000	6	651	7.23333	0.105222	29.6	38
CBDDTY010003508.1	1	9000	1	205	2.27778	0.0227778	25.2	1
CBDDTY010003509.1	1	9000	6	896	9.95556	0.112111	34.2	23.3
CBDDTY010003511.1	1	9000	2	343	3.81111	0.0381111	30.4	0.5
CBDDTY010003512.1	1	9000	27	1822	20.2444	0.395111	31.8	22.5
CBDDTY010003514.1	1	9000	3	417	4.63333	0.0463333	26.2	21
CBDDTY010003515.1	1	9000	1	195	2.16667	0.0216667	32	21
CBDDTY010003516.1	1	9000	3	201	2.23333	0.0223333	37.5	2
CBDDTY010003517.1	1	9000	2	245	2.72222	0.0272222	33.7	5.5
CBDDTY010003518.1	1	9000	1	169	1.87778	0.0187778	39.6	32
CBDDTY010003519.1	1	9000	5	855	9.5	0.095	32.8	5.4
CBDDTY010003520.1	1	9000	5	787	8.74444	0.101778	32.3	22
CBDDTY010003521.1	1	9000	7	1112	12.3556	0.137333	31.9	42.1
CBDDTY010003522.1	1	9000	4	529	5.87778	0.0652222	28.8	21.5
CBDDTY010003523.1	1	9000	3	554	6.15556	0.0615556	29.8	31.3
CBDDTY010003524.1	1	9000	3	336	3.73333	0.0373333	29.3	6.33
CBDDTY010003525.1	1	9000	10	1392	15.4667	0.163	31.8	11.2
CBDDTY010003526.1	1	9000	4	369	4.1	0.0437778	29.4	7.25
CBDDTY010003527.1	1	9000	3	507	5.63333	0.0563333	31	55.3
CBDDTY010003528.1	1	9000	7	905	10.0556	0.118222	31.1	4
CBDDTY010003529.1	1	9000	6	974	10.8222	0.119889	30.3	44.8
CBDDTY010003530.1	1	9000	8	766	8.51111	0.160333	30.2	24.1
CBDDTY010003531.1	1	8000	6	760	9.5	0.099125	33.3	9.33
CBDDTY010003532.1	1	8000	7	1006	12.575	0.12875	27.8	20.1
CBDDTY010003533.1	1	8000	3	236	2.95	0.0295	34.7	1.33
CBDDTY010003534.1	1	8000	2	197	2.4625	0.024625	29.9	5.5
CBDDTY010003535.1	1	8000	1	197	2.4625	0.024625	23.3	0
CBDDTY010003536.1	1	8000	19	2324	29.05	0.383375	31.4	18.4
CBDDTY010003537.1	1	8000	2	443	5.5375	0.055375	31.1	34
CBDDTY010003538.1	1	8000	5	610	7.625	0.07625	28.3	0
CBDDTY010003539.1	1	8000	4	648	8.1	0.081	30.8	2.25
CBDDTY010003540.1	1	8000	4	600	7.5	0.075	28.2	48.2
CBDDTY010003541.1	1	8000	1	133	1.6625	0.016625	31.1	0
CBDDTY010003542.1	1	8000	2	203	2.5375	0.025375	27.6	29.5
CBDDTY010003543.1	1	8000	13	1053	13.1625	0.223875	28.2	11.1
CBDDTY010003544.1	1	8000	1	180	2.25	0.0225	26.4	0
CBDDTY010003545.1	1	8000	2	385	4.8125	0.051625	33.7	21.5
CBDDTY010003546.1	1	8000	4	564	7.05	0.081875	33	19.2
CBDDTY010003547.1	1	8000	2	240	3	0.049	30	1
CBDDTY010003548.1	1	8000	3	487	6.0875	0.060875	27.1	0
CBDDTY010003549.1	1	8000	15	1369	17.1125	0.2595	28.1	24.8
CBDDTY010003550.1	1	8000	8	820	10.25	0.13975	30.7	3.5
CBDDTY010003551.1	1	8000	6	858	10.725	0.14475	28.2	8.5
CBDDTY010003552.1	1	8000	8	1247	15.5875	0.24525	27.3	1.38
CBDDTY010003553.1	1	8000	5	705	8.8125	0.110375	30.6	38
CBDDTY010003554.1	1	8000	3	327	4.0875	0.040875	29.7	21
CBDDTY010003555.1	1	8000	11	1123	14.0375	0.78375	23.3	11.1
CBDDTY010003556.1	1	8000	9	1018	12.725	0.146875	29.7	0.444
CBDDTY010003558.1	1	8000	2	209	2.6125	0.04575	29.4	54
CBDDTY010003560.1	1	8000	6	1032	12.9	0.129	34	43.3
CBDDTY010003561.1	1	8000	8	1217	15.2125	0.165125	30.8	2
CBDDTY010003562.1	1	8000	5	915	11.4375	0.114375	31.8	37.6
CBDDTY010003563.1	1	7000	5	830	11.8571	0.118571	29.4	19
CBDDTY010003565.1	1	7000	7	1387	19.8143	0.198143	28.4	37.1
CBDDTY010003566.1	1	7000	8	993	14.1857	0.182429	29.7	11.4
CBDDTY010003567.1	1	7000	1	97	1.38571	0.0138571	33.7	30
CBDDTY010003569.1	1	7000	4	616	8.8	0.088	27.1	18.8
CBDDTY010003570.1	1	7000	6	560	8	0.0938571	30.7	1.17
CBDDTY010003571.1	1	7000	3	214	3.05714	0.0608571	33.3	31
CBDDTY010003572.1	1	7000	3	534	7.62857	0.0762857	28.8	15
CBDDTY010003573.1	1	7000	5	867	12.3857	0.123857	35.5	6
CBDDTY010003574.1	1	7000	4	543	7.75714	0.0775714	31.1	16.8
CBDDTY010003576.1	1	7000	7	1061	15.1571	0.188286	33.3	14.7
CBDDTY010003577.1	1	7000	5	817	11.6714	0.116714	29.1	37.6
CBDDTY010003578.1	1	7000	3	482	6.88571	0.0688571	32.1	31
CBDDTY010003579.1	1	7000	2	392	5.6	0.056	27.6	6.5
CBDDTY010003580.1	1	7000	1	114	1.62857	0.0162857	19.8	25
CBDDTY010003581.1	1	7000	6	623	8.9	0.104286	29.5	1.83
CBDDTY010003582.1	1	7000	2	252	3.6	0.0367143	31.7	0
CBDDTY010003583.1	1	7000	3	309	4.41429	0.0561429	30.8	21
CBDDTY010003584.1	1	7000	1	92	1.31429	0.0131429	31.1	7
CBDDTY010003585.1	1	7000	4	478	6.82857	0.0702857	32.8	0.25
CBDDTY010003586.1	1	7000	18	1742	24.8857	0.360714	31.4	0.444
CBDDTY010003587.1	1	7000	3	510	7.28571	0.0728571	34	44
CBDDTY010003588.1	1	7000	13	1947	27.8143	0.325571	29.5	20.7
CBDDTY010003589.1	1	7000	4	444	6.34286	0.078	32.1	0.5
CBDDTY010003591.1	1	7000	2	255	3.64286	0.0364286	29.4	19
CBDDTY010003592.1	1	7000	5	569	8.12857	0.102429	30.3	4.2
CBDDTY010003593.1	1	7000	3	416	5.94286	0.0594286	29.7	3.67
CBDDTY010003594.1	1	7000	2	266	3.8	0.038	27.4	4
CBDDTY010003595.1	1	7000	4	594	8.48571	0.0848571	25.4	16
CBDDTY010003596.1	1	7000	6	702	10.0286	0.108857	35.4	25.5
CBDDTY010003597.1	1	7000	10	1135	16.2143	0.213714	32.7	0.7
CBDDTY010003598.1	1	7000	2	226	3.22857	0.0322857	25.7	0.5
CBDDTY010003599.1	1	7000	7	830	11.8571	0.138	31.2	1.57
CBDDTY010003600.1	1	7000	5	569	8.12857	0.111286	33.6	39.6
CBDDTY010003601.1	1	7000	6	600	8.57143	0.116286	31.8	9.33
CBDDTY010003602.1	1	6000	2	303	5.05	0.0505	30	30.5
CBDDTY010003603.1	1	6000	14	930	15.5	0.406	30.8	5.79
CBDDTY010003604.1	1	6000	1	233	3.88333	0.0388333	30.3	1
CBDDTY010003606.1	1	6000	1	138	2.3	0.023	24.6	1
CBDDTY010003607.1	1	6000	5	684	11.4	0.137333	33.9	19
CBDDTY010003608.1	1	6000	6	800	13.3333	0.134	31	32.8
CBDDTY010003610.1	1	6000	1	137	2.28333	0.0228333	32.2	1
CBDDTY010003611.1	1	6000	6	688	11.4667	0.169333	34	19.8
CBDDTY010003612.1	1	6000	1	121	2.01667	0.0201667	24.9	15
CBDDTY010003613.1	1	6000	2	348	5.8	0.058	31.2	30.5
CBDDTY010003614.1	1	6000	2	358	5.96667	0.0596667	32.3	23
CBDDTY010003615.1	1	6000	3	446	7.43333	0.0743333	37.4	6
CBDDTY010003616.1	1	6000	3	358	5.96667	0.082	28.9	0.667
CBDDTY010003618.1	1	6000	11	1231	20.5167	0.222	31.6	31.5
CBDDTY010003619.1	1	6000	2	276	4.6	0.046	20.4	11
CBDDTY010003620.1	1	6000	2	268	4.46667	0.0446667	36.6	34.5
CBDDTY010003621.1	1	6000	4	481	8.01667	0.0986667	31.7	31.5
CBDDTY010003625.1	1	6000	3	468	7.8	0.092	26.5	10.3
CBDDTY010003626.1	1	6000	1	198	3.3	0.033	27.6	1
CBDDTY010003627.1	1	6000	3	511	8.51667	0.0851667	30.8	44
CBDDTY010003628.1	1	6000	7	1188	19.8	0.258167	27.2	43.1
CBDDTY010003629.1	1	6000	1	238	3.96667	0.0396667	35.9	60
CBDDTY010003630.1	1	6000	1	143	2.38333	0.0238333	24.8	1
CBDDTY010003631.1	1	6000	1	242	4.03333	0.0403333	35.6	36
CBDDTY010003632.1	1	6000	3	678	11.3	0.113	34.2	60
CBDDTY010003633.1	1	6000	1	181	3.01667	0.0301667	38.9	46
CBDDTY010003634.1	1	6000	4	710	11.8333	0.118333	29.3	37.8
CBDDTY010003636.1	1	6000	3	389	6.48333	0.0648333	30.6	39.7
CBDDTY010003637.1	1	6000	2	249	4.15	0.0415	34.3	0
CBDDTY010003638.1	1	6000	12	1053	17.55	0.341333	30.7	11.8
CBDDTY010003639.1	1	6000	3	385	6.41667	0.0641667	32.2	12
CBDDTY010003640.1	1	6000	3	399	6.65	0.0763333	33.3	3
CBDDTY010003641.1	1	6000	3	376	6.26667	0.0626667	29.1	0.333
CBDDTY010003642.1	1	6000	1	192	3.2	0.032	31.6	60
CBDDTY010003643.1	1	6000	7	842	14.0333	0.2105	30.6	0.857
CBDDTY010003645.1	1	6000	2	428	7.13333	0.0713333	26.8	30
CBDDTY010003646.1	1	6000	2	216	3.6	0.0535	31.6	0
CBDDTY010003647.1	1	6000	4	544	9.06667	0.113333	32.2	5.5
CBDDTY010003648.1	1	6000	1	92	1.53333	0.0153333	40.4	12
CBDDTY010003649.1	1	6000	3	352	5.86667	0.0756667	33.7	43
CBDDTY010003650.1	1	6000	9	921	15.35	0.207	27.8	22.4
CBDDTY010003651.1	1	6000	1	92	1.53333	0.0153333	17.2	1
CBDDTY010003652.1	1	6000	11	1184	19.7333	0.265667	32	33.5
CBDDTY010003653.1	1	6000	3	441	7.35	0.0735	25.5	17.7
CBDDTY010003654.1	1	6000	3	391	6.51667	0.0651667	28.4	3.33
CBDDTY010003656.1	1	6000	9	1062	17.7	0.202333	35.7	19.4
CBDDTY010003657.1	1	6000	6	925	15.4167	0.154167	35	33.3
CBDDTY010003658.1	1	6000	3	447	7.45	0.0918333	33.2	28
CBDDTY010003659.1	1	5000	3	484	9.68	0.0968	31.3	9
CBDDTY010003660.1	1	5000	4	722	14.44	0.1444	30	23.2
CBDDTY010003661.1	1	5000	5	742	14.84	0.1484	29	23
CBDDTY010003663.1	1	5000	1	156	3.12	0.0312	33	60
CBDDTY010003664.1	1	5000	2	175	3.5	0.035	26.5	5
CBDDTY010003665.1	1	5000	7	700	14	0.1674	36.4	18.4
CBDDTY010003666.1	1	5000	2	250	5	0.05	36.4	50.5
CBDDTY010003667.1	1	5000	2	270	5.4	0.054	29.4	0.5
CBDDTY010003668.1	1	5000	4	746	14.92	0.157	28.2	30.2
CBDDTY010003669.1	1	5000	4	648	12.96	0.1764	34.5	0.5
CBDDTY010003670.1	1	5000	9	1338	26.76	0.32	32.5	16.9
CBDDTY010003671.1	1	5000	1	167	3.34	0.0334	28.9	1
CBDDTY010003672.1	1	5000	1	207	4.14	0.0414	27	9
CBDDTY010003673.1	1	5000	2	344	6.88	0.0688	30.2	40.5
CBDDTY010003674.1	1	5000	4	456	9.12	0.1188	29	10
CBDDTY010003675.1	1	5000	2	288	5.76	0.0576	36.9	60
CBDDTY010003676.1	1	5000	1	255	5.1	0.051	28.4	37
CBDDTY010003678.1	1	5000	1	128	2.56	0.0256	36.2	60
CBDDTY010003679.1	1	5000	3	258	5.16	0.065	39.2	17.7
CBDDTY010003680.1	1	5000	1	112	2.24	0.0224	27.1	1
CBDDTY010003681.1	1	5000	2	221	4.42	0.0442	32.9	7.5
CBDDTY010003682.1	1	5000	2	302	6.04	0.0604	25.4	23
CBDDTY010003683.1	1	5000	3	270	5.4	0.054	30.3	8.33
CBDDTY010003684.1	1	5000	3	444	8.88	0.0888	27.5	3.67
CBDDTY010003685.1	1	5000	1	151	3.02	0.0302	36	1
CBDDTY010003686.1	1	5000	3	247	4.94	0.0494	33	6.67
CBDDTY010003688.1	1	5000	2	368	7.36	0.0736	26.6	0
CBDDTY010003689.1	1	5000	2	253	5.06	0.0506	31.9	8
CBDDTY010003690.1	1	5000	3	300	6	0.06	34.4	7.33
CBDDTY010003691.1	1	5000	1	188	3.76	0.0376	33.1	60
CBDDTY010003692.1	1	5000	7	1016	20.32	0.2052	30.6	43
CBDDTY010003694.1	1	5000	1	147	2.94	0.0294	26.8	1
CBDDTY010003695.1	1	5000	3	349	6.98	0.0698	32.1	21.7
CBDDTY010003696.1	1	5000	1	149	2.98	0.0298	27.1	0
CBDDTY010003697.1	1	5000	3	305	6.1	0.061	28.7	1.33
CBDDTY010003698.1	1	5000	5	522	10.44	0.1444	26.6	23.8
CBDDTY010003699.1	1	4200	1	134	3.19048	0.0319048	30.6	60
CBDDTY010003700.1	1	5000	1	193	3.86	0.0386	39.7	60
CBDDTY010003702.1	1	5000	3	427	8.54	0.0854	27.9	0.333
CBDDTY010003703.1	1	5000	5	860	17.2	0.172	35.6	42.6
CBDDTY010003704.1	1	5000	2	418	8.36	0.097	29.1	60
CBDDTY010003705.1	1	5000	4	503	10.06	0.1006	27.7	11.5
CBDDTY010003709.1	1	5000	1	144	2.88	0.0288	21.7	10
CBDDTY010003710.1	1	5000	6	887	17.74	0.227	32.6	27.8
CBDDTY010003711.1	1	5000	2	231	4.62	0.0764	34.7	1
CBDDTY010003712.1	1	5000	3	347	6.94	0.0804	31.6	11.3
CBDDTY010003713.1	1	5000	5	722	14.44	0.1522	33.4	29
CBDDTY010003714.1	1	5000	10	1430	28.6	0.318	27.5	22.1
CBDDTY010003715.1	1	5000	3	327	6.54	0.084	25.1	0.333
CBDDTY010003716.1	1	5000	2	233	4.66	0.0466	40.3	7.5
CBDDTY010003717.1	1	5000	3	416	8.32	0.1032	31.5	20
CBDDTY010003718.1	1	5000	2	176	3.52	0.0434	25.4	1
CBDDTY010003719.1	1	5000	5	752	15.04	0.1574	36.9	40.4
CBDDTY010003720.1	1	5000	1	139	2.78	0.0278	18.7	13
CBDDTY010003721.1	1	5000	13	2116	42.32	0.4934	28.1	36.2
CBDDTY010003722.1	1	5000	2	150	3	0.0568	32.6	0.5
CBDDTY010003723.1	1	5000	11	1841	36.82	0.4376	29.8	56
CBDDTY010003724.1	1	5000	3	462	9.24	0.0924	29.9	23.3
CBDDTY010003725.1	1	5000	7	1026	20.52	0.221	32.6	34.7
CBDDTY010003727.1	1	5000	6	795	15.9	0.1786	32.1	41
CBDDTY010003728.1	1	5000	1	182	3.64	0.0364	28.8	1
CBDDTY010003729.1	1	5000	6	759	15.18	0.2418	33.2	52.3
CBDDTY010003730.1	1	5000	1	226	4.52	0.0452	30.9	60
CBDDTY010003731.1	1	5000	1	320	6.4	0.064	26.3	60
CBDDTY010003732.1	1	5000	8	822	16.44	0.207	31.7	9.38
CBDDTY010003733.1	1	5000	1	158	3.16	0.0316	29	22
CBDDTY010003736.1	1	5000	2	248	4.96	0.0496	30.7	16.5
CBDDTY010003738.1	1	4000	2	298	7.45	0.0745	30.2	30.5
CBDDTY010003739.1	1	4000	2	225	5.625	0.05625	33.9	30
CBDDTY010003740.1	1	4000	2	270	6.75	0.0675	37	35.5
CBDDTY010003741.1	1	4000	3	484	12.1	0.121	31.9	42.7
CBDDTY010003742.1	1	4000	4	802	20.05	0.2445	31.6	58.5
CBDDTY010003744.1	1	4000	3	281	7.025	0.0835	24.1	12.3
CBDDTY010003745.1	1	4000	3	394	9.85	0.1045	21.6	30.3
CBDDTY010003746.1	1	4000	4	766	19.15	0.1915	24.9	31
CBDDTY010003747.1	1	4000	3	377	9.425	0.09425	37.1	0.667
CBDDTY010003748.1	1	4000	3	444	11.1	0.111	29.1	5.33
CBDDTY010003749.1	1	4000	4	389	9.725	0.169	31.8	36.5
CBDDTY010003751.1	1	4000	2	334	8.35	0.0835	36.1	15.5
CBDDTY010003752.1	1	4000	1	119	2.975	0.02975	38.6	1
CBDDTY010003753.1	1	4000	2	254	6.35	0.0635	38.1	31
CBDDTY010003754.1	1	4000	20	1238	30.95	0.9465	33.4	18.1
CBDDTY010003755.1	1	4000	12	1134	28.35	0.5125	31.2	18.4
CBDDTY010003756.1	1	4000	3	372	9.3	0.12475	35.3	8.67
CBDDTY010003757.1	1	4000	3	337	8.425	0.08425	34.3	1.33
CBDDTY010003758.1	1	4000	2	294	7.35	0.0735	34.7	60
CBDDTY010003759.1	1	4000	4	724	18.1	0.193	31.7	27.2
CBDDTY010003760.1	1	4000	1	117	2.925	0.02925	36.8	0
CBDDTY010003761.1	1	4000	1	123	3.075	0.03075	25	32
CBDDTY010003762.1	1	4000	2	349	8.725	0.08725	37.3	9.5
CBDDTY010003764.1	1	4000	4	404	10.1	0.132	29	1
CBDDTY010003765.1	1	4000	1	148	3.7	0.037	27	60
CBDDTY010003766.1	1	4000	3	293	7.325	0.07325	32.3	12.7
CBDDTY010003767.1	1	4000	2	399	9.975	0.09975	24.2	30
CBDDTY010003768.1	1	4000	2	212	5.3	0.0915	33.8	8.5
CBDDTY010003769.1	1	4000	2	220	5.5	0.055	31.7	6
CBDDTY010003770.1	1	4000	2	342	8.55	0.0855	30.2	16.5
CBDDTY010003771.1	1	4000	1	113	2.825	0.02825	28	1
CBDDTY010003772.1	1	4000	2	201	5.025	0.05025	28.2	19.5
CBDDTY010003773.1	1	4000	7	997	24.925	0.33525	27.8	40.6
CBDDTY010003774.1	1	4000	2	273	6.825	0.06825	31.7	16
CBDDTY010003775.1	1	4000	1	86	2.15	0.0215	39.4	0
CBDDTY010003778.1	1	4000	2	235	5.875	0.05875	25.5	29
CBDDTY010003781.1	1	4000	8	677	16.925	0.362	29.7	14.2
CBDDTY010003782.1	1	4000	2	147	3.675	0.03675	35.4	0.5
CBDDTY010003783.1	1	4000	5	859	21.475	0.21475	30.8	30
CBDDTY010003784.1	1	4000	1	180	4.5	0.045	36.4	1
CBDDTY010003785.1	1	4000	4	489	12.225	0.12225	31.3	34.5
CBDDTY010003786.1	1	4000	1	115	2.875	0.02875	30.1	60
CBDDTY010003787.1	1	4000	7	722	18.05	0.232	32.5	5.14
CBDDTY010003788.1	1	4000	5	760	19	0.2025	31.7	43.8
CBDDTY010003789.1	1	4000	1	197	4.925	0.04925	33.1	1
CBDDTY010003790.1	1	4000	5	606	15.15	0.19975	29.1	38
CBDDTY010003792.1	1	4000	6	564	14.1	0.19425	27.9	2.5
CBDDTY010003794.1	1	4000	1	138	3.45	0.0345	37.5	1
CBDDTY010003796.1	1	4000	6	1060	26.5	0.2815	32.7	10.8
CBDDTY010003797.1	1	4000	4	488	12.2	0.122	31.8	9.25
CBDDTY010003798.1	1	4000	5	502	12.55	0.168	34.4	20.8
CBDDTY010003799.1	1	4000	2	192	4.8	0.087	31.8	14.5
CBDDTY010003800.1	1	4000	5	618	15.45	0.17475	29.1	24.6
CBDDTY010003801.1	1	4000	3	357	8.925	0.08925	31.5	25.7
CBDDTY010003802.1	1	4000	1	115	2.875	0.02875	38.4	52
CBDDTY010003803.1	1	4000	1	92	2.3	0.023	19.7	2
CBDDTY010003804.1	1	4000	2	287	7.175	0.1265	32.3	33.5
CBDDTY010003805.1	1	4000	5	836	20.9	0.22475	29.9	34.6
CBDDTY010003806.1	1	4000	2	407	10.175	0.10175	26.5	18
CBDDTY010003810.1	1	4000	1	173	4.325	0.04325	30.9	52
CBDDTY010003811.1	1	4000	4	505	12.625	0.17175	31.7	59.5
CBDDTY010003812.1	1	4000	1	207	5.175	0.05175	25.1	12
CBDDTY010003814.1	1	4000	4	452	11.3	0.1575	35.9	39.2
CBDDTY010003815.1	1	4000	13	1367	34.175	0.63475	30.8	31.3
CBDDTY010003818.1	1	4000	1	336	8.4	0.084	26.2	60
CBDDTY010003819.1	1	4000	4	254	6.35	0.10925	33	2
CBDDTY010003820.1	1	4000	2	299	7.475	0.10725	27.2	33.5
CBDDTY010003823.1	1	4000	3	264	6.6	0.09675	31.7	8.67
CBDDTY010003824.1	1	4000	2	435	10.875	0.10875	33.2	30.5
CBDDTY010003825.1	1	4000	3	496	12.4	0.124	24.9	28.7
CBDDTY010003826.1	1	4000	2	135	3.375	0.052	25.9	7.5
CBDDTY010003827.1	1	4000	2	371	9.275	0.09275	33	10.5
CBDDTY010003828.1	1	4000	5	660	16.5	0.1995	39.7	33.4
CBDDTY010003829.1	1	4000	4	291	7.275	0.09025	35.9	12
CBDDTY010003830.1	1	4000	1	116	2.9	0.029	30.9	2
CBDDTY010003832.1	1	4000	8	796	19.9	0.25025	27	1.25
CBDDTY010003833.1	1	4000	1	131	3.275	0.03275	33.7	28
CBDDTY010003834.1	1	4000	1	119	2.975	0.02975	32.3	8
CBDDTY010003835.1	1	4000	1	89	2.225	0.02225	37.2	0
CBDDTY010003836.1	1	4000	3	545	13.625	0.13625	32.1	20.7
CBDDTY010003837.1	1	4000	1	194	4.85	0.0485	29.3	1
CBDDTY010003838.1	1	4000	6	725	18.125	0.218	28.9	3.5
CBDDTY010003839.1	1	4000	2	426	10.65	0.1065	32.2	60
CBDDTY010003840.1	1	4000	2	376	9.4	0.094	23.4	20
CBDDTY010003841.1	1	4000	3	345	8.625	0.109	27	6.67
CBDDTY010003842.1	1	4000	7	988	24.7	0.25625	29.9	40
CBDDTY010003843.1	1	4000	8	1110	27.75	0.3405	30.6	5.62
CBDDTY010003845.1	1	4000	8	712	17.8	0.29225	29.3	6
CBDDTY010003846.1	1	4000	13	1465	36.625	0.5245	29.5	11.9
CBDDTY010003847.1	1	4000	3	407	10.175	0.10175	30.8	21.3
CBDDTY010003849.1	1	4000	3	344	8.6	0.11025	27.2	4.67
CBDDTY010003850.1	1	4000	5	1147	28.675	0.30125	28.7	49.6
CBDDTY010003851.1	1	4000	3	392	9.8	0.098	33.7	3
CBDDTY010003853.1	1	4000	4	623	15.575	0.15575	33.3	34.5
CBDDTY010003854.1	1	4000	4	304	7.6	0.14825	27.8	0.5
CBDDTY010003855.1	1	4000	2	342	8.55	0.0855	30	56
CBDDTY010003856.1	1	4000	1	64	1.6	0.016	31.4	7
CBDDTY010003857.1	1	4000	7	1075	26.875	0.29025	31.9	38.1
CBDDTY010003858.1	1	4000	5	614	15.35	0.16825	30.4	31
CBDDTY010003859.1	1	4000	2	199	4.975	0.04975	27.9	7
CBDDTY010003860.1	1	4000	11	1362	34.05	0.447	31.5	35.8
CBDDTY010003861.1	1	4000	3	563	14.075	0.14075	30.8	29.3
CBDDTY010003862.1	1	4000	1	82	2.05	0.0205	32.8	6
CBDDTY010003863.1	1	4000	1	138	3.45	0.0345	35.2	1
CBDDTY010003864.1	1	4000	3	400	10	0.1	28.7	20
CBDDTY010003865.1	1	4000	6	945	23.625	0.2605	25.6	35.8
CBDDTY010003866.1	1	4000	1	133	3.325	0.03325	37.6	11
CBDDTY010003867.1	1	4000	1	57	1.425	0.01425	31.5	11
CBDDTY010003868.1	1	4000	11	864	21.6	0.40625	30.3	1.27
CBDDTY010003869.1	1	4000	2	315	7.875	0.07875	35	16.5
CBDDTY010003870.1	1	4000	6	787	19.675	0.21475	30.5	2.67
CBDDTY010003871.1	1	4000	1	66	1.65	0.0165	43.2	3
CBDDTY010003872.1	1	4000	14	522	13.05	0.636	33.6	6.36
CBDDTY010003874.1	1	3000	6	976	32.5333	0.335667	30.6	42.2
CBDDTY010003875.1	1	3000	2	188	6.26667	0.0736667	32.6	0.5
CBDDTY010003876.1	1	3000	2	303	10.1	0.101	27.3	58
CBDDTY010003877.1	1	3000	8	1073	35.7667	0.555	30.3	22.2
CBDDTY010003879.1	1	3000	2	207	6.9	0.069	28.1	7
CBDDTY010003881.1	1	3000	3	514	17.1333	0.171333	35.1	42.7
CBDDTY010003883.1	1	3000	1	199	6.63333	0.0663333	23.3	13
CBDDTY010003884.1	1	3000	1	208	6.93333	0.0693333	23.5	48
CBDDTY010003885.1	1	3000	1	115	3.83333	0.0383333	33.2	1
CBDDTY010003886.1	1	3000	3	498	16.6	0.166	35.8	19
CBDDTY010003889.1	1	3000	3	535	17.8333	0.178333	33.1	34.7
CBDDTY010003890.1	1	3000	2	245	8.16667	0.113333	37.9	0.5
CBDDTY010003893.1	1	3000	1	208	6.93333	0.0693333	37.5	60
CBDDTY010003894.1	1	3000	6	779	25.9667	0.326667	27.9	28.8
CBDDTY010003895.1	1	3000	1	115	3.83333	0.0383333	39.2	7
CBDDTY010003898.1	1	3000	1	240	8	0.08	25.7	1
CBDDTY010003899.1	1	3000	1	170	5.66667	0.0566667	35.8	1
CBDDTY010003900.1	1	3000	2	308	10.2667	0.102667	29.9	2.5
CBDDTY010003902.1	1	3000	3	356	11.8667	0.136333	27.9	25.3
CBDDTY010003904.1	1	3000	6	605	20.1667	0.291667	34.8	33.3
CBDDTY010003905.1	1	3000	3	379	12.6333	0.126333	32.8	12.7
CBDDTY010003909.1	1	3000	2	190	6.33333	0.0633333	26.3	34
CBDDTY010003911.1	1	3000	1	124	4.13333	0.0413333	29.6	9
CBDDTY010003912.1	1	3000	4	581	19.3667	0.193667	32.3	36
CBDDTY010003914.1	1	3000	2	551	18.3667	0.183667	31.6	30.5
CBDDTY010003916.1	1	3000	1	123	4.1	0.041	36.3	5
CBDDTY010003918.1	1	3000	2	218	7.26667	0.0726667	37.3	0
CBDDTY010003919.1	1	3000	2	249	8.3	0.083	32.8	23
CBDDTY010003920.1	1	3000	4	404	13.4667	0.19	29.9	18
CBDDTY010003921.1	1	3000	4	654	21.8	0.252667	30	0.5
CBDDTY010003922.1	1	3000	1	150	5	0.05	31.2	60
CBDDTY010003924.1	1	3000	1	103	3.43333	0.0343333	38.1	30
CBDDTY010003926.1	1	3000	1	83	2.76667	0.0276667	37	2
CBDDTY010003927.1	1	3000	2	296	9.86667	0.0986667	28.6	12.5
CBDDTY010003928.1	1	3000	5	511	17.0333	0.213667	35.6	2.2
CBDDTY010003929.1	1	3000	1	101	3.36667	0.0336667	31.9	14
CBDDTY010003930.1	1	3000	1	109	3.63333	0.0363333	25	1
CBDDTY010003931.1	1	3000	2	359	11.9667	0.119667	31.6	36
CBDDTY010003932.1	1	3000	1	80	2.66667	0.0266667	30	0
CBDDTY010003933.1	1	3000	3	425	14.1667	0.170333	29.4	4.67
CBDDTY010003934.1	1	3000	1	118	3.93333	0.0393333	27.2	5
CBDDTY010003935.1	1	3000	11	939	31.3	0.656667	28.9	0.455
CBDDTY010003936.1	1	3000	5	832	27.7333	0.277333	32.3	14.8
CBDDTY010003937.1	1	3000	5	424	14.1333	0.172333	30.4	34
CBDDTY010003938.1	1	3000	1	140	4.66667	0.0466667	27.6	12
CBDDTY010003939.1	1	3000	2	325	10.8333	0.108333	33.1	13
CBDDTY010003940.1	1	3000	1	77	2.56667	0.0256667	34.4	4
CBDDTY010003942.1	1	3000	6	873	29.1	0.349333	35.5	50.2
CBDDTY010003943.1	1	3000	1	236	7.86667	0.0786667	17.9	0
CBDDTY010003944.1	1	3000	2	213	7.1	0.071	35.5	23.5
CBDDTY010003947.1	1	3000	3	470	15.6667	0.156667	28.1	14.3
CBDDTY010003948.1	1	3000	3	279	9.3	0.127333	27	1
CBDDTY010003949.1	1	3000	1	250	8.33333	0.0833333	26.4	13
CBDDTY010003950.1	1	3000	1	122	4.06667	0.0406667	44.5	60
CBDDTY010003951.1	1	3000	1	110	3.66667	0.0366667	20.6	43
CBDDTY010003953.1	1	3000	1	173	5.76667	0.0576667	36.4	1
CBDDTY010003955.1	1	3000	2	289	9.63333	0.0963333	31.3	0.5
CBDDTY010003958.1	1	3000	3	429	14.3	0.211667	26.6	47.3
CBDDTY010003959.1	1	3000	2	255	8.5	0.085	26.6	10.5
CBDDTY010003960.1	1	3000	4	377	12.5667	0.19	36.4	29.2
CBDDTY010003961.1	1	3000	2	415	13.8333	0.138333	34.2	60
CBDDTY010003962.1	1	3000	3	472	15.7333	0.157333	31.2	30.3
CBDDTY010003963.1	1	3000	1	73	2.43333	0.0243333	36.1	0
CBDDTY010003964.1	1	3000	2	284	9.46667	0.0946667	39.5	56
CBDDTY010003965.1	1	3000	12	712	23.7333	0.458667	31	15.5
CBDDTY010003968.1	1	3000	6	596	19.8667	0.274333	31.1	31.5
CBDDTY010003969.1	1	3000	1	96	3.2	0.032	17	5
CBDDTY010003970.1	1	3000	2	307	10.2333	0.102333	32.9	30
CBDDTY010003971.1	1	3000	1	169	5.63333	0.0563333	29.4	1
CBDDTY010003972.1	1	3000	3	350	11.6667	0.139	30.5	0.667
CBDDTY010003974.1	1	3000	1	157	5.23333	0.0523333	22.6	1
CBDDTY010003975.1	1	3000	1	70	2.33333	0.0233333	40.9	1
CBDDTY010003976.1	1	3000	3	647	21.5667	0.215667	32.5	49.3
CBDDTY010003978.1	1	3000	7	511	17.0333	0.301	34.2	0.143
CBDDTY010003979.1	1	3000	1	154	5.13333	0.0513333	39.1	60
CBDDTY010003980.1	1	3000	1	176	5.86667	0.0586667	37.2	60
CBDDTY010003981.1	1	3000	3	424	14.1333	0.141333	33.2	0.667
CBDDTY010003983.1	1	3000	1	112	3.73333	0.0373333	31.1	0
CBDDTY010003984.1	1	3000	1	118	3.93333	0.0393333	35.7	1
CBDDTY010003985.1	1	3000	1	133	4.43333	0.0443333	35.6	52
CBDDTY010003986.1	1	3000	1	156	5.2	0.052	29	20
CBDDTY010003987.1	1	3000	3	487	16.2333	0.162333	28.5	60
CBDDTY010003988.1	1	3000	7	773	25.7667	0.308333	29.9	13.7
CBDDTY010003989.1	1	3000	2	196	6.53333	0.0653333	38.4	5.5
CBDDTY010003990.1	1	3000	4	745	24.8333	0.248333	28.5	28.2
CBDDTY010003991.1	1	3000	3	548	18.2667	0.182667	37.3	57
CBDDTY010003994.1	1	3000	1	117	3.9	0.039	33.9	60
CBDDTY010003998.1	1	3000	3	486	16.2	0.162	29.4	20
CBDDTY010003999.1	1	3000	1	127	4.23333	0.0423333	30.6	39
CBDDTY010004000.1	1	3000	3	312	10.4	0.215333	28.7	52.7
CBDDTY010004001.1	1	3000	10	1291	43.0333	0.462667	30.2	44.5
CBDDTY010004002.1	1	3000	17	1832	61.0667	0.880333	29	38
CBDDTY010004004.1	1	3000	2	622	20.7333	0.207333	31.9	1
CBDDTY010004007.1	1	3000	3	298	9.93333	0.163	34.3	20.3
CBDDTY010004009.1	1	3000	3	446	14.8667	0.148667	34.4	42
CBDDTY010004010.1	1	3000	1	124	4.13333	0.0413333	41	4
CBDDTY010004011.1	1	3000	2	205	6.83333	0.092	38.1	5.5
CBDDTY010004014.1	1	3000	1	160	5.33333	0.0533333	30.8	1
CBDDTY010004015.1	1	3000	1	128	4.26667	0.0426667	29.3	7
CBDDTY010004016.1	1	3000	3	256	8.53333	0.114667	31.9	4
CBDDTY010004017.1	1	3000	1	125	4.16667	0.0416667	32.7	52
CBDDTY010004018.1	1	3000	10	1158	38.6	0.629333	32.6	14.9
CBDDTY010004020.1	1	3000	2	366	12.2	0.133667	25.3	45.5
CBDDTY010004021.1	1	3000	5	473	15.7667	0.219667	31.6	3.6
CBDDTY010004023.1	1	3000	1	122	4.06667	0.0406667	19	7
CBDDTY010004026.1	1	3000	4	701	23.3667	0.233667	28.2	47.2
CBDDTY010004029.1	1	3000	2	186	6.2	0.0743333	33.6	1.5
CBDDTY010004030.1	1	3000	1	197	6.56667	0.0656667	26.1	0
CBDDTY010004031.1	1	3000	4	369	12.3	0.123	30.4	19.8
CBDDTY010004032.1	1	3000	1	111	3.7	0.037	34.6	60
CBDDTY010004033.1	1	3000	2	490	16.3333	0.163333	32.9	35
CBDDTY010004034.1	1	3000	6	674	22.4667	0.300333	28.6	8.83
CBDDTY010004036.1	1	3000	2	456	15.2	0.152	27.1	30.5
CBDDTY010004037.1	1	3000	1	146	4.86667	0.0486667	21.3	1
CBDDTY010004038.1	1	3000	2	266	8.86667	0.0886667	35.9	30.5
CBDDTY010004039.1	1	3000	3	267	8.9	0.089	30	3.33
CBDDTY010004040.1	1	3000	1	104	3.46667	0.0346667	27.4	1
CBDDTY010004041.1	1	3000	4	338	11.2667	0.178	36.2	31.8
CBDDTY010004044.1	1	3000	1	283	9.43333	0.0943333	27.6	14
CBDDTY010004046.1	1	3000	1	121	4.03333	0.0403333	25.2	32
CBDDTY010004047.1	1	3000	1	139	4.63333	0.0463333	30	34
CBDDTY010004049.1	1	3000	16	624	20.8	0.798333	28.7	6.06
CBDDTY010004050.1	1	3000	3	763	25.4333	0.305333	23.4	59.7
CBDDTY010004051.1	1	3000	2	237	7.9	0.079	29.5	8
CBDDTY010004052.1	1	3000	2	385	12.8333	0.128333	30.4	12
CBDDTY010004053.1	1	3000	2	220	7.33333	0.113667	31.9	34.5
CBDDTY010004057.1	1	3000	3	363	12.1	0.121	30.1	32.7
CBDDTY010004059.1	1	3000	3	461	15.3667	0.191	33.5	52
CBDDTY010004060.1	1	3000	1	122	4.06667	0.0406667	21	26
CBDDTY010004061.1	1	3000	1	177	5.9	0.059	24.4	46
CBDDTY010004062.1	1	3000	5	720	24	0.24	33.6	38.8
CBDDTY010004063.1	1	3000	3	379	12.6333	0.126333	32.3	0.333
CBDDTY010004064.1	1	3000	16	1712	57.0667	0.872	28.8	34.2
CBDDTY010004065.1	1	3000	4	467	15.5667	0.190333	36.7	2.5
CBDDTY010004066.1	1	3000	2	158	5.26667	0.0526667	30.2	4
CBDDTY010004068.1	1	3000	2	286	9.53333	0.0953333	40.4	51
CBDDTY010004070.1	1	3000	5	826	27.5333	0.293333	27.6	25.8
CBDDTY010004071.1	1	3000	9	1063	35.4333	0.453667	30.8	20.8
CBDDTY010004072.1	1	3000	1	71	2.36667	0.0236667	30.6	20
CBDDTY010004073.1	1	3000	3	412	13.7333	0.176667	26.9	40.7
CBDDTY010004075.1	1	3000	8	660	22	0.394333	31.2	19.8
CBDDTY010004076.1	1	3000	1	219	7.3	0.073	29.7	27
CBDDTY010004077.1	1	3000	2	216	7.2	0.072	31	0
CBDDTY010004079.1	1	3000	1	106	3.53333	0.0353333	17.9	0
CBDDTY010004080.1	1	3000	1	113	3.76667	0.0376667	33.8	1
CBDDTY010004082.1	1	3000	1	131	4.36667	0.0436667	26.2	1
CBDDTY010004083.1	1	3000	3	358	11.9333	0.119333	29	4.67
CBDDTY010004085.1	1	3000	7	741	24.7	0.334667	36.1	11.3
CBDDTY010004086.1	1	3000	1	162	5.4	0.054	27.3	1
CBDDTY010004087.1	1	3000	1	111	3.7	0.037	27.6	12
CBDDTY010004088.1	1	3000	2	201	6.7	0.067	40.6	0
CBDDTY010004089.1	1	3000	3	454	15.1333	0.172333	30.1	12.3
CBDDTY010004090.1	1	3000	2	340	11.3333	0.113333	36.8	44.5
CBDDTY010004092.1	1	3000	7	744	24.8	0.347333	30.8	30.9
CBDDTY010004093.1	1	3000	4	676	22.5333	0.301333	36.7	22.2
CBDDTY010004094.1	1	3000	2	234	7.8	0.078	24	1
CBDDTY010004096.1	1	3000	2	410	13.6667	0.136667	28.9	56
CBDDTY010004098.1	1	3000	2	118	3.93333	0.0636667	31.1	2.5
CBDDTY010004100.1	1	3000	17	1662	55.4	0.965667	30.4	33.4
CBDDTY010004101.1	1	3000	1	100	3.33333	0.0333333	27.8	39
CBDDTY010004103.1	1	3000	3	526	17.5333	0.182	28.4	42.3
CBDDTY010004104.1	1	3000	1	124	4.13333	0.0413333	26.2	0
CBDDTY010004105.1	1	3000	3	352	11.7333	0.117333	33	27
CBDDTY010004111.1	1	2000	2	228	11.4	0.166	30.4	3
CBDDTY010004113.1	1	2000	1	119	5.95	0.0595	38.1	24
CBDDTY010004117.1	1	2000	1	153	7.65	0.0765	31.5	0
CBDDTY010004118.1	1	2000	2	213	10.65	0.1065	34.8	19
CBDDTY010004119.1	1	2000	3	217	10.85	0.25	30.7	1
CBDDTY010004124.1	1	2000	1	319	15.95	0.1595	26.2	41
CBDDTY010004125.1	1	2000	1	148	7.4	0.074	36.8	60
CBDDTY010004127.1	1	2000	1	143	7.15	0.0715	40.2	16
CBDDTY010004129.1	1	2000	1	92	4.6	0.046	31.3	2
CBDDTY010004130.1	1	2000	4	385	19.25	0.2855	28.1	9.25
CBDDTY010004132.1	1	2000	1	85	4.25	0.0425	32.6	18
CBDDTY010004133.1	1	2000	1	155	7.75	0.0775	30.4	22
CBDDTY010004140.1	1	2000	2	378	18.9	0.189	32.4	35.5
CBDDTY010004141.1	1	2000	1	126	6.3	0.063	19	1
CBDDTY010004142.1	1	2000	2	346	17.3	0.21	31.8	0.5
CBDDTY010004143.1	1	2000	2	154	7.7	0.1435	37.7	54.5
CBDDTY010004145.1	1	2000	2	144	7.2	0.12	27.9	18.5
CBDDTY010004147.1	1	2000	6	1009	50.45	0.604	36	44
CBDDTY010004148.1	1	2000	1	143	7.15	0.0715	27.4	1
CBDDTY010004149.1	1	2000	1	122	6.1	0.061	28.1	9
CBDDTY010004150.1	1	2000	3	425	21.25	0.2125	25.9	27.7
CBDDTY010004151.1	1	2000	2	273	13.65	0.248	30	3.5
CBDDTY010004154.1	1	2000	1	77	3.85	0.0385	36.6	8
CBDDTY010004155.1	1	2000	2	288	14.4	0.144	31.9	51
CBDDTY010004156.1	1	2000	2	220	11	0.1885	28.7	8
CBDDTY010004157.1	1	2000	12	889	44.45	0.9105	35.2	30.1
CBDDTY010004158.1	1	2000	7	897	44.85	0.5225	30.6	9.57
CBDDTY010004159.1	1	2000	1	109	5.45	0.0545	37.8	19
CBDDTY010004160.1	1	2000	1	184	9.2	0.092	43	9
CBDDTY010004161.1	1	2000	3	329	16.45	0.232	24.5	4.67
CBDDTY010004163.1	1	2000	1	236	11.8	0.118	22.7	1
CBDDTY010004169.1	1	2000	1	217	10.85	0.1085	27.3	1
CBDDTY010004170.1	1	2000	1	69	3.45	0.0345	24.2	7
CBDDTY010004171.1	1	2000	1	59	2.95	0.0295	28	1
CBDDTY010004172.1	1	2000	1	228	11.4	0.114	26.2	47
CBDDTY010004173.1	1	2000	1	205	10.25	0.1025	22.5	1
CBDDTY010004178.1	1	2000	5	532	26.6	0.32	29.5	27.2
CBDDTY010004179.1	1	2000	10	1264	63.2	0.7695	31.4	10.6
CBDDTY010004180.1	1	2000	2	187	9.35	0.145	33.8	0.5
CBDDTY010004182.1	1	2000	1	78	3.9	0.039	41.5	2
CBDDTY010004184.1	1	2000	1	156	7.8	0.078	21.9	1
CBDDTY010004186.1	1	2000	1	352	17.6	0.176	35.7	60
CBDDTY010004189.1	1	2000	1	77	3.85	0.0385	35	0
CBDDTY010004192.1	1	2000	1	58	2.9	0.029	39	1
CBDDTY010004193.1	1	2000	1	90	4.5	0.045	38.8	1
CBDDTY010004198.1	1	2000	2	436	21.8	0.218	37.1	60
CBDDTY010004200.1	1	2000	1	142	7.1	0.071	37.1	60
CBDDTY010004201.1	1	2000	7	681	34.05	0.4415	29.8	19.6
CBDDTY010004203.1	1	2000	6	437	21.85	0.429	30.9	9.5
CBDDTY010004204.1	1	2000	5	728	36.4	0.461	27	37.8
CBDDTY010004206.1	1	2000	1	165	8.25	0.0825	26.3	1
CBDDTY010004209.1	1	2000	1	100	5	0.05	18.3	5
CBDDTY010004213.1	1	2000	2	317	15.85	0.1585	31.4	34
CBDDTY010004215.1	1	2000	4	529	26.45	0.3835	34.4	30.2
CBDDTY010004217.1	1	2000	1	142	7.1	0.071	26.2	1
CBDDTY010004221.1	1	2000	1	129	6.45	0.0645	31.1	4
CBDDTY010004223.1	1	2000	1	215	10.75	0.1075	23.5	60
CBDDTY010004224.1	1	2000	2	220	11	0.11	30.3	1.5
CBDDTY010004225.1	1	2000	2	223	11.15	0.147	34.3	18.5
CBDDTY010004227.1	1	2000	53	1578	78.9	3.8765	31.4	41.1
CBDDTY010004228.1	1	2000	2	223	11.15	0.1115	29	11.5
CBDDTY010004229.1	1	1983	1	122	6.15229	0.0615229	31.2	0
CBDDTY010004231.1	1	2000	1	147	7.35	0.0735	33.7	60
CBDDTY010004234.1	1	2000	1	252	12.6	0.126	21.1	1
CBDDTY010004236.1	1	2000	1	130	6.5	0.065	30.6	55
CBDDTY010004239.1	1	2000	1	116	5.8	0.058	33.9	33
CBDDTY010004241.1	1	2000	6	520	26	0.433	33.8	3.33
CBDDTY010004243.1	1	2000	1	128	6.4	0.064	30	56
CBDDTY010004246.1	1	2000	1	102	5.1	0.051	24.5	11
CBDDTY010004247.1	1	2000	1	359	17.95	0.1795	32.1	60
CBDDTY010004248.1	1	2000	1	86	4.3	0.043	36.1	45
CBDDTY010004249.1	1	2000	1	112	5.6	0.056	30.7	14
CBDDTY010004250.1	1	2000	2	310	15.5	0.155	25.8	20.5
CBDDTY010004251.1	1	2000	1	84	4.2	0.042	30.6	37
CBDDTY010004254.1	1	2000	3	429	21.45	0.2515	30.8	16
CBDDTY010004255.1	1	2000	1	171	8.55	0.0855	17.8	1
CBDDTY010004256.1	1	2000	2	220	11	0.11	30.3	34.5
CBDDTY010004257.1	1	2000	6	719	35.95	0.3595	31.2	10.7
CBDDTY010004258.1	1	2000	1	170	8.5	0.085	39.6	34
CBDDTY010004259.1	1	2000	2	232	11.6	0.116	25.1	25.5
CBDDTY010004260.1	1	2000	2	322	16.1	0.161	31.7	0
CBDDTY010004262.1	1	2000	1	187	9.35	0.0935	26.7	60
CBDDTY010004263.1	1	2000	1	77	3.85	0.0385	29.8	19
CBDDTY010004265.1	1	2000	1	80	4	0.04	42.2	4
CBDDTY010004267.1	1	2000	2	183	9.15	0.148	38.2	0
CBDDTY010004268.1	1	2000	1	155	7.75	0.0775	31.6	60
CBDDTY010004271.1	1	2000	1	165	8.25	0.0825	18.6	1
CBDDTY010004273.1	1	2000	1	169	8.45	0.0845	30.4	1
CBDDTY010004274.1	1	2000	2	226	11.3	0.113	32.1	12.5
CBDDTY010004275.1	1	2000	8	751	37.55	0.5495	28.6	11.6
CBDDTY010004276.1	1	2000	1	99	4.95	0.0495	42.1	1
CBDDTY010004281.1	1	2000	2	277	13.85	0.167	27.1	3.5
CBDDTY010004283.1	1	2000	2	321	16.05	0.1605	26.8	20
CBDDTY010004286.1	1	2000	1	127	6.35	0.0635	39.9	0
CBDDTY010004288.1	1	2000	3	429	21.45	0.3115	23.9	22.3
CBDDTY010004290.1	1	2000	2	304	15.2	0.152	33.4	39
CBDDTY010004294.1	1	2000	5	655	32.75	0.3445	28.8	14.4
CBDDTY010004295.1	1	2000	1	174	8.7	0.087	28	14
CBDDTY010004300.1	1	2000	1	101	5.05	0.0505	25.9	20
CBDDTY010004301.1	1	2000	1	150	7.5	0.075	20.6	1
CBDDTY010004303.1	1	2000	1	175	8.75	0.0875	30.7	1
CBDDTY010004304.1	1	2000	1	95	4.75	0.0475	32.4	11
CBDDTY010004307.1	1	2000	1	279	13.95	0.1395	42.7	60
CBDDTY010004309.1	1	2000	3	340	17	0.231	36.9	20.7
CBDDTY010004311.1	1	2000	1	58	2.9	0.029	25.1	0
CBDDTY010004314.1	1	2000	4	349	17.45	0.2135	34.5	17.2
CBDDTY010004315.1	1	2000	3	366	18.3	0.1905	29.9	22.7
CBDDTY010004317.1	1	2000	2	339	16.95	0.1695	22.3	4.5
CBDDTY010004320.1	1	2000	4	371	18.55	0.233	32.9	1.5
CBDDTY010004324.1	1	2000	2	357	17.85	0.1785	28.7	0.5
CBDDTY010004327.1	1	2000	2	319	15.95	0.1595	35.2	60
CBDDTY010004328.1	1	2000	1	161	8.05	0.0805	33.2	1
CBDDTY010004329.1	1	2000	8	1103	55.15	0.682	28.5	16.4
CBDDTY010004330.1	1	2000	4	445	22.25	0.2915	32.7	54.5
CBDDTY010004331.1	1	2000	1	104	5.2	0.052	37.3	0
CBDDTY010004334.1	1	2000	2	351	17.55	0.1755	30.4	0.5
CBDDTY010004335.1	1	2000	1	107	5.35	0.0535	18.5	0
CBDDTY010004336.1	1	2000	2	187	9.35	0.1265	27.7	27
CBDDTY010004338.1	1	2000	1	137	6.85	0.0685	36.5	22
CBDDTY010004339.1	1	2000	1	94	4.7	0.047	31.1	7
CBDDTY010004340.1	1	2000	1	155	7.75	0.0775	33.7	60
CBDDTY010004343.1	1	2000	2	154	7.7	0.077	30.1	0.5
CBDDTY010004344.1	1	2000	1	113	5.65	0.0565	23.1	1
CBDDTY010004345.1	1	2000	1	93	4.65	0.0465	35.5	0
CBDDTY010004346.1	1	2000	1	204	10.2	0.102	42	60
CBDDTY010004350.1	1	2000	2	151	7.55	0.0755	38.4	1.5
CBDDTY010004353.1	1	2000	1	78	3.9	0.039	42.1	0
CBDDTY010004354.1	1	2000	1	75	3.75	0.0375	35.7	11
CBDDTY010004358.1	1	2000	1	102	5.1	0.051	27.3	22
CBDDTY010004360.1	1	2000	1	140	7	0.07	36.8	33
CBDDTY010004363.1	1	2000	2	203	10.15	0.1015	37.8	6
CBDDTY010004364.1	1	2000	2	169	8.45	0.0845	31.5	7.5
CBDDTY010004366.1	1	2000	3	565	28.25	0.2825	36.8	57.7
CBDDTY010004368.1	1	2000	1	387	19.35	0.1935	30.3	16
CBDDTY010004369.1	1	2000	1	131	6.55	0.0655	22.5	11
CBDDTY010004370.1	1	2000	1	122	6.1	0.061	39.1	27
CBDDTY010004371.1	1	2000	2	138	6.9	0.1095	32.4	6.5
CBDDTY010004374.1	1	2000	1	129	6.45	0.0645	35.2	0
CBDDTY010004376.1	1	2000	4	535	26.75	0.3345	29.5	36.2
CBDDTY010004377.1	1	2000	1	187	9.35	0.0935	40.9	60
CBDDTY010004378.1	1	2000	3	559	27.95	0.2795	34	0.333
CBDDTY010004380.1	1	2000	2	347	17.35	0.2595	37.2	60
CBDDTY010004383.1	1	2000	5	479	23.95	0.277	31.5	39
CBDDTY010004385.1	1	2000	1	104	5.2	0.052	33.9	15
CBDDTY010004387.1	1	2000	2	291	14.55	0.1455	33.1	34.5
CBDDTY010004388.1	1	2000	2	322	16.1	0.161	33.2	30.5
CBDDTY010004389.1	1	2000	1	116	5.8	0.058	34.2	53
CBDDTY010004390.1	1	2000	1	147	7.35	0.0735	36.5	24
CBDDTY010004394.1	1	2000	1	236	11.8	0.118	31.3	0
CBDDTY010004395.1	1	2000	3	487	24.35	0.2435	23.8	0.667
CBDDTY010004397.1	1	2000	1	192	9.6	0.096	22.5	6
CBDDTY010004398.1	1	2000	1	53	2.65	0.0265	29.2	0
CBDDTY010004400.1	1	2000	8	636	31.8	0.52	30.6	13.8
CBDDTY010004401.1	1	2000	2	397	19.85	0.1985	25.1	43
CBDDTY010004403.1	1	2000	1	305	15.25	0.1525	24.4	60
CBDDTY010004406.1	1	2000	1	219	10.95	0.1095	32.3	27
CBDDTY010004407.1	1	2000	2	434	21.7	0.288	25.7	1
CBDDTY010004408.1	1	2000	3	397	19.85	0.251	31.9	37.7
CBDDTY010004410.1	1	2000	1	74	3.7	0.037	37.8	13
CBDDTY010004411.1	1	2000	1	131	6.55	0.0655	31.7	0
CBDDTY010004414.1	1	2000	5	499	24.95	0.4545	32.9	28.4
CBDDTY010004415.1	1	2000	2	374	18.7	0.1975	30.2	27.5
CBDDTY010004417.1	1	2000	4	321	16.05	0.212	34.8	19.2
CBDDTY010004422.1	1	2000	3	380	19	0.19	33.2	35.3
CBDDTY010004425.1	1	2000	3	307	15.35	0.1745	38.5	0.667
CBDDTY010004431.1	1	2000	1	202	10.1	0.101	28.2	43
CBDDTY010004434.1	1	2000	8	667	33.35	0.6815	28.9	25.6
CBDDTY010004435.1	1	2000	1	189	9.45	0.0945	29.4	60
CBDDTY010004436.1	1	2000	1	150	7.5	0.075	37.2	0
CBDDTY010004437.1	1	2000	2	170	8.5	0.085	35.5	6.5
CBDDTY010004438.1	1	2000	1	76	3.8	0.038	34.4	0
CBDDTY010004440.1	1	2000	1	162	8.1	0.081	24.4	21
CBDDTY010004441.1	1	2000	1	139	6.95	0.0695	31.1	1
CBDDTY010004443.1	1	2000	1	157	7.85	0.0785	35.1	1
CBDDTY010004444.1	1	2000	1	167	8.35	0.0835	28.1	60
CBDDTY010004446.1	1	2000	2	259	12.95	0.1295	26.5	25.5
CBDDTY010004451.1	1	2000	3	303	15.15	0.2035	32.5	12.3
CBDDTY010004452.1	1	2000	4	406	20.3	0.2385	32.7	6.75
CBDDTY010004453.1	1	2000	1	175	8.75	0.0875	22.9	1
CBDDTY010004457.1	1	2000	1	92	4.6	0.046	29.9	9
CBDDTY010004460.1	1	2000	1	81	4.05	0.0405	39.4	21
CBDDTY010004462.1	1	2000	1	172	8.6	0.086	30.6	60
CBDDTY010004463.1	1	2000	1	100	5	0.05	37.8	21
CBDDTY010004465.1	1	2000	1	131	6.55	0.0655	31	34
CBDDTY010004466.1	1	2000	5	798	39.9	0.483	27.5	53.8
CBDDTY010004468.1	1	2000	3	291	14.55	0.188	35.1	17.7
CBDDTY010004469.1	1	2000	2	271	13.55	0.1355	37.8	7
CBDDTY010004470.1	1	2000	1	100	5	0.05	19.8	1
CBDDTY010004472.1	1	2000	1	209	10.45	0.1045	28.5	60
CBDDTY010004474.1	1	2000	3	365	18.25	0.1825	29.4	17
CBDDTY010004475.1	1	2000	4	638	31.9	0.358	26	32.2
CBDDTY010004477.1	1	2000	1	202	10.1	0.101	31.4	60
CBDDTY010004479.1	1	2000	1	260	13	0.13	28.6	25
CBDDTY010004480.1	1	2000	1	352	17.6	0.176	27.1	8
CBDDTY010004482.1	1	2000	7	599	29.95	0.4485	31.6	32.9
CBDDTY010004485.1	1	2000	3	183	9.15	0.1535	26.7	10
CBDDTY010004486.1	1	2000	2	160	8	0.0965	26.9	5
CBDDTY010004487.1	1	2000	1	236	11.8	0.118	31.7	60
CBDDTY010004488.1	1	2000	2	369	18.45	0.1845	29	25.5
CBDDTY010004490.1	1	2000	1	211	10.55	0.1055	21.4	16
CBDDTY010004492.1	1	2000	1	169	8.45	0.0845	15.2	34
CBDDTY010004493.1	1	2000	1	149	7.45	0.0745	39.5	21
CBDDTY010004495.1	1	2000	1	205	10.25	0.1025	30.5	1
CBDDTY010004496.1	1	2000	1	147	7.35	0.0735	38.5	48
CBDDTY010004497.1	1	2000	1	152	7.6	0.076	25.9	60
CBDDTY010004500.1	1	2000	2	352	17.6	0.176	34.7	49
CBDDTY010004501.1	1	2000	1	98	4.9	0.049	23.9	3
CBDDTY010004503.1	1	2000	1	128	6.4	0.064	32.6	8
CBDDTY010004504.1	1	2000	2	490	24.5	0.245	36.2	60
CBDDTY010004505.1	1	2000	1	64	3.2	0.032	33.5	1
CBDDTY010004506.1	1	2000	2	267	13.35	0.19	36.3	8.5
CBDDTY010004508.1	1	2000	8	829	41.45	0.529	30.3	29.9
CBDDTY010004509.1	1	2000	1	136	6.8	0.068	31.9	60
CBDDTY010004510.1	1	2000	1	274	13.7	0.137	24	60
CBDDTY010004511.1	1	2000	3	831	41.55	0.4155	27.5	60
CBDDTY010004512.1	1	2000	2	242	12.1	0.121	41.7	0.5
CBDDTY010004513.1	1	2000	1	86	4.3	0.043	28.1	0
CBDDTY010004515.1	1	2000	1	196	9.8	0.098	22.2	40
CBDDTY010004520.1	1	2000	1	230	11.5	0.115	27.7	60
CBDDTY010004521.1	1	2000	2	263	13.15	0.1865	31.7	3
CBDDTY010004526.1	1	2000	1	127	6.35	0.0635	26.7	47
CBDDTY010004527.1	1	2000	2	390	19.5	0.195	23.1	30.5
CBDDTY010004528.1	1	2000	1	158	7.9	0.079	31.5	60
CBDDTY010004529.1	1	2000	1	153	7.65	0.0765	31.8	21
CBDDTY010004531.1	1	2000	5	542	27.1	0.401	30.9	3.6
CBDDTY010004532.1	1	2000	7	783	39.15	0.565	26.7	1
CBDDTY010004533.1	1	2000	6	733	36.65	0.5235	34.7	29.3
CBDDTY010004534.1	1	2000	1	416	20.8	0.208	29	60
CBDDTY010004535.1	1	2000	2	418	20.9	0.209	26.9	18
CBDDTY010004536.1	1	2000	1	156	7.8	0.078	32.3	60
CBDDTY010004538.1	1	2000	1	81	4.05	0.0405	30.4	10
CBDDTY010004539.1	1	2000	1	143	7.15	0.0715	29.1	33
CBDDTY010004541.1	1	2000	2	349	17.45	0.1745	33.7	56.5
CBDDTY010004544.1	1	2000	1	146	7.3	0.073	31.7	1
CBDDTY010004545.1	1	2000	2	342	17.1	0.171	29	60
CBDDTY010004547.1	1	2000	4	578	28.9	0.3255	28.5	0.5
CBDDTY010004548.1	1	2000	4	679	33.95	0.348	31.2	28.5
CBDDTY010004550.1	1	2000	3	447	22.35	0.237	30.2	22.7
CBDDTY010004552.1	1	2000	1	186	9.3	0.093	30.5	60
CBDDTY010004553.1	1	2000	3	278	13.9	0.139	33.8	3
CBDDTY010004555.1	1	2000	2	322	16.1	0.161	32.8	52.5
CBDDTY010004556.1	1	2000	2	289	14.45	0.1445	37.2	38
CBDDTY010004557.1	1	2000	1	397	19.85	0.1985	33.8	60
CBDDTY010004558.1	1	2000	3	363	18.15	0.2375	29.7	43.3
CBDDTY010004559.1	1	2000	3	466	23.3	0.233	30.4	45
CBDDTY010004561.1	1	2000	4	344	17.2	0.2185	26.3	6.25
CBDDTY010004562.1	1	2000	7	721	36.05	0.535	30.1	43
CBDDTY010004563.1	1	2000	1	59	2.95	0.0295	34.8	0
CBDDTY010004566.1	1	2000	3	346	17.3	0.182	29.7	39.7
CBDDTY010004567.1	1	2000	2	347	17.35	0.1735	32.3	20
CBDDTY010004571.1	1	2000	2	311	15.55	0.1555	38.3	60
CBDDTY010004573.1	1	2000	1	199	9.95	0.0995	26.3	1
CBDDTY010004574.1	1	2000	1	104	5.2	0.052	24.2	23
CBDDTY010004577.1	1	2000	1	122	6.1	0.061	36.8	60
CBDDTY010004580.1	1	2000	3	493	24.65	0.3155	28.6	52.3
CBDDTY010004581.1	1	2000	2	306	15.3	0.153	37.4	16.5
CBDDTY010004583.1	1	2000	1	208	10.4	0.104	32.7	38
CBDDTY010004585.1	1	2000	1	123	6.15	0.0615	43	31
CBDDTY010004586.1	1	2000	4	357	17.85	0.2145	28.6	12
CBDDTY010004590.1	1	2000	1	129	6.45	0.0645	33.7	4
CBDDTY010004592.1	1	2000	1	132	6.6	0.066	41.3	60
CBDDTY010004593.1	1	2000	6	1311	65.55	0.702	30.2	49
CBDDTY010004594.1	1	2000	1	167	8.35	0.0835	36.9	60
CBDDTY010004595.1	1	2000	1	167	8.35	0.0835	37.5	0
CBDDTY010004598.1	1	2000	3	274	13.7	0.265	31.6	2
CBDDTY010004599.1	1	2000	2	386	19.3	0.195	25.1	51
CBDDTY010004600.1	1	2000	3	589	29.45	0.2945	35.3	24.7
CBDDTY010004602.1	1	2000	1	295	14.75	0.1475	29.5	60
CBDDTY010004603.1	1	1000	1	62	6.2	0.062	35.3	1
CBDDTY010004609.1	1	1000	1	108	10.8	0.108	21	0
CBDDTY010004612.1	1	1000	1	142	14.2	0.142	37.3	46
CBDDTY010004615.1	1	1000	1	191	19.1	0.191	32.7	1
CBDDTY010004616.1	1	1000	1	183	18.3	0.183	30.1	52
CBDDTY010004619.1	1	1000	1	181	18.1	0.181	36.5	34
CBDDTY010004621.1	1	1000	3	302	30.2	0.373	32.7	43.3
CBDDTY010004627.1	1	1000	2	213	21.3	0.323	33.8	0.5
CBDDTY010004628.1	1	1000	1	134	13.4	0.134	23	17
CBDDTY010004629.1	1	1000	7	685	68.5	1.069	28	21
CBDDTY010004632.1	1	1000	2	443	44.3	0.495	35.7	50
CBDDTY010004642.1	1	1000	1	83	8.3	0.083	34.4	1
CBDDTY010004643.1	1	1000	1	231	23.1	0.231	33.2	28
CBDDTY010004644.1	1	1000	1	160	16	0.16	35.5	47
CBDDTY010004646.1	1	1000	1	156	15.6	0.156	24.5	43
CBDDTY010004647.1	1	1000	2	250	25	0.25	29.7	14
CBDDTY010004649.1	1	1000	1	148	14.8	0.148	27.8	0
CBDDTY010004651.1	1	1000	1	349	34.9	0.349	35	60
CBDDTY010004652.1	1	1000	2	339	33.9	0.339	32.9	16.5
CBDDTY010004654.1	1	1000	1	111	11.1	0.111	36	7
CBDDTY010004657.1	1	1000	2	171	17.1	0.294	26.4	5
CBDDTY010004658.1	1	1000	2	406	40.6	0.406	35.5	60
CBDDTY010004660.1	1	1000	4	395	39.5	0.505	32	14.2
CBDDTY010004662.1	1	1000	1	109	10.9	0.109	30.3	4
CBDDTY010004664.1	1	1000	1	179	17.9	0.179	31.5	39
CBDDTY010004668.1	1	1000	1	98	9.8	0.098	36	10
CBDDTY010004672.1	1	1000	3	475	47.5	0.591	31.5	8.67
CBDDTY010004674.1	1	1000	1	151	15.1	0.151	37.7	46
CBDDTY010004676.1	1	1000	2	453	45.3	0.453	24.7	60
CBDDTY010004677.1	1	1000	1	112	11.2	0.112	25.7	11
CBDDTY010004678.1	1	1000	1	61	6.1	0.061	31.5	1
CBDDTY010004680.1	1	1000	6	601	60.1	1.051	29.5	36.5
CBDDTY010004684.1	1	1000	1	83	8.3	0.083	34	10
CBDDTY010004685.1	1	1000	4	452	45.2	0.821	28.5	36
CBDDTY010004688.1	1	1000	2	178	17.8	0.178	32.3	25.5
CBDDTY010004689.1	1	1000	2	323	32.3	0.433	31.7	0.5
CBDDTY010004690.1	1	1000	1	106	10.6	0.106	41.6	1
CBDDTY010004691.1	1	1000	3	384	38.4	0.515	32.8	21.7
CBDDTY010004696.1	1	1000	1	83	8.3	0.083	33.2	1
CBDDTY010004697.1	1	1000	1	326	32.6	0.326	24.9	1
CBDDTY010004700.1	1	1000	2	297	29.7	0.439	24.8	26.5
CBDDTY010004702.1	1	1000	1	110	11	0.11	38.4	1
CBDDTY010004705.1	1	1000	1	229	22.9	0.229	25.7	15
CBDDTY010004708.1	1	1000	1	209	20.9	0.209	24.9	33
CBDDTY010004709.1	1	1000	1	173	17.3	0.173	28.8	60
CBDDTY010004710.1	1	1000	1	231	23.1	0.231	29	60
CBDDTY010004711.1	1	1000	1	124	12.4	0.124	24	1
CBDDTY010004720.1	1	1000	1	124	12.4	0.124	31.5	44
CBDDTY010004726.1	1	1000	1	139	13.9	0.139	26.2	0
CBDDTY010004727.1	1	1000	1	56	5.6	0.056	35.8	1
CBDDTY010004730.1	1	1000	1	86	8.6	0.086	35.6	26
CBDDTY010004732.1	1	1000	1	134	13.4	0.134	22.5	1
CBDDTY010004734.1	1	1000	7	658	65.8	0.879	27	27.9
CBDDTY010004735.1	1	1000	1	133	13.3	0.133	29.3	15
CBDDTY010004737.1	1	1000	3	319	31.9	0.337	33	40
CBDDTY010004740.1	1	1000	1	223	22.3	0.223	29.5	60
CBDDTY010004743.1	1	1000	1	314	31.4	0.314	24.2	51
CBDDTY010004744.1	1	1000	1	206	20.6	0.206	30.1	60
CBDDTY010004745.1	1	1000	5	356	35.6	0.826	32.5	44.2
CBDDTY010004748.1	1	1000	1	112	11.2	0.112	23.9	13
CBDDTY010004749.1	1	1000	1	196	19.6	0.196	34.4	56
CBDDTY010004751.1	1	1000	1	190	19	0.19	30.8	1
CBDDTY010004753.1	1	1000	1	179	17.9	0.179	40.1	0
CBDDTY010004755.1	1	1000	2	160	16	0.261	31.3	34.5
CBDDTY010004763.1	1	1000	1	88	8.8	0.088	36.5	0
CBDDTY010004766.1	1	1000	1	140	14	0.14	25.9	0
CBDDTY010004767.1	1	1000	1	211	21.1	0.211	23.9	60
CBDDTY010004770.1	1	1000	1	203	20.3	0.203	31.3	0
CBDDTY010004772.1	1	1000	1	110	11	0.11	27.4	8
CBDDTY010004773.1	1	1000	1	131	13.1	0.131	30	14
CBDDTY010004786.1	1	1000	10	534	53.4	1.43	28.2	9.4
CBDDTY010004790.1	1	1000	1	178	17.8	0.178	28.3	0
CBDDTY010004791.1	1	1000	1	126	12.6	0.126	39.9	10
CBDDTY010004794.1	1	1000	1	138	13.8	0.138	29.8	13
CBDDTY010004797.1	1	1000	1	150	15	0.15	30.4	1
CBDDTY010004798.1	1	1000	2	249	24.9	0.249	32.2	30
CBDDTY010004805.1	1	1000	1	93	9.3	0.093	26.1	1
CBDDTY010004806.1	1	1000	1	69	6.9	0.069	32.6	17
CBDDTY010004809.1	1	1000	2	293	29.3	0.49	24.9	1
CBDDTY010004810.1	1	1000	1	162	16.2	0.162	31.7	1
CBDDTY010004811.1	1	1000	1	75	7.5	0.075	33.5	30
CBDDTY010004812.1	1	1000	2	285	28.5	0.302	28.6	5.5
CBDDTY010004814.1	1	1000	1	97	9.7	0.097	35.9	40
CBDDTY010004818.1	1	1000	1	99	9.9	0.099	27	1
CBDDTY010004820.1	1	1000	3	221	22.1	0.386	33.5	5
CBDDTY010004822.1	1	1000	1	177	17.7	0.177	25.1	1
CBDDTY010004823.1	1	1000	3	433	43.3	0.434	28.9	14.7
CBDDTY010004825.1	1	1000	5	306	30.6	0.654	31.9	0.4
CBDDTY010004835.1	1	1000	1	127	12.7	0.127	32.2	13
CBDDTY010004838.1	1	1000	2	343	34.3	0.494	22	36.5
CBDDTY010004840.1	1	1000	1	141	14.1	0.141	24	45
CBDDTY010004847.1	1	1000	2	379	37.9	0.379	27.6	23
CBDDTY010004848.1	1	1000	1	110	11	0.11	31.3	34
CBDDTY010004849.1	1	1000	2	230	23	0.297	35.8	17
CBDDTY010004850.1	1	1000	2	230	23	0.234	24.1	3
CBDDTY010004851.1	1	1000	3	370	37	0.395	27.9	1.67
CBDDTY010004857.1	1	1000	1	212	21.2	0.212	27.6	38
CBDDTY010004863.1	1	1000	4	383	38.3	0.758	37.4	48
CBDDTY010004866.1	1	1000	4	386	38.6	0.534	26.8	39.5
CBDDTY010004870.1	1	1000	1	129	12.9	0.129	30.5	23
CBDDTY010004873.1	1	1000	1	155	15.5	0.155	36.8	39
CBDDTY010004877.1	1	1000	1	186	18.6	0.186	20	60
CBDDTY010004878.1	1	1000	1	100	10	0.1	39.6	36
CBDDTY010004879.1	1	1000	2	230	23	0.23	34.3	0.5
CBDDTY010004887.1	1	1000	1	47	4.7	0.047	41.3	2
CBDDTY010004893.1	1	1000	1	109	10.9	0.109	37.2	31
CBDDTY010004894.1	1	1000	1	96	9.6	0.096	29.6	3
CBDDTY010004896.1	1	1000	1	126	12.6	0.126	23.7	10
CBDDTY010004900.1	1	1000	2	304	30.4	0.474	24.6	0.5
CBDDTY010004903.1	1	1000	8	839	83.9	1.233	30.1	25.9
CBDDTY010004904.1	1	1000	1	193	19.3	0.193	24.9	5
CBDDTY010004906.1	1	1000	2	478	47.8	0.595	31.8	0
CBDDTY010004907.1	1	1000	2	465	46.5	0.465	32.5	60
CBDDTY010004908.1	1	1000	1	80	8	0.08	33.9	5
CBDDTY010004911.1	1	1000	1	141	14.1	0.141	35	16
CBDDTY010004912.1	1	1000	2	147	14.7	0.147	34.4	17
CBDDTY010004916.1	1	1000	4	528	52.8	0.82	31.1	34.5
CBDDTY010004917.1	1	1000	1	159	15.9	0.159	21.1	60
CBDDTY010004919.1	1	1000	1	141	14.1	0.141	27.8	11
CBDDTY010004920.1	1	1000	2	193	19.3	0.193	38.7	1.5
CBDDTY010004921.1	1	1000	1	163	16.3	0.163	30.5	28
CBDDTY010004924.1	1	1000	1	251	25.1	0.251	26.4	24
CBDDTY010004929.1	1	1000	1	86	8.6	0.086	32.1	0
CBDDTY010004935.1	1	1000	1	150	15	0.15	33.6	5
CBDDTY010004938.1	1	1000	1	115	11.5	0.115	22.7	1
CBDDTY010004939.1	1	1000	1	190	19	0.19	33.3	32
CBDDTY010004941.1	1	1000	2	135	13.5	0.147	35.8	17
CBDDTY010004945.1	1	1000	2	357	35.7	0.527	34.1	52.5
CBDDTY010004946.1	1	1000	2	203	20.3	0.203	38.4	0.5
CBDDTY010004951.1	1	1000	1	152	15.2	0.152	24.1	15
CBDDTY010004952.1	1	1000	2	224	22.4	0.224	27.2	13.5
CBDDTY010004957.1	1	1000	2	266	26.6	0.266	33.3	36.5
CBDDTY010004960.1	1	1000	1	109	10.9	0.109	34.2	21
CBDDTY010004962.1	1	1000	1	141	14.1	0.141	27.4	60
CBDDTY010004964.1	1	1000	2	201	20.1	0.201	32.2	8
CBDDTY010004966.1	1	1000	3	335	33.5	0.434	30.6	25.7
CBDDTY010004968.1	1	1000	1	181	18.1	0.181	27	0
CBDDTY010004973.1	1	1000	1	151	15.1	0.151	29.7	13
CBDDTY010004978.1	1	1000	1	85	8.5	0.085	34.1	0
CBDDTY010004980.1	1	1000	3	272	27.2	0.323	35.6	0.333
CBDDTY010004982.1	1	1000	1	142	14.2	0.142	32.7	60
CBDDTY010004985.1	1	1000	1	226	22.6	0.226	34.3	19
CBDDTY010004994.1	1	1000	2	468	46.8	0.496	35.5	27.5
CBDDTY010004995.1	1	1000	1	130	13	0.13	36.8	16
CBDDTY010004996.1	1	1000	1	111	11.1	0.111	31.1	9
CBDDTY010004997.1	1	1000	1	168	16.8	0.168	33.1	0
CBDDTY010004999.1	1	1000	4	391	39.1	0.638	27.3	28.5
CBDDTY010005000.1	1	1000	1	138	13.8	0.138	31.3	27
CBDDTY010005004.1	1	1000	2	219	21.9	0.296	34.3	13.5
CBDDTY010005008.1	1	1000	5	326	32.6	0.78	30.8	1.6
CBDDTY010005009.1	1	1000	1	87	8.7	0.087	32.5	1
CBDDTY010005011.1	1	1000	1	88	8.8	0.088	36.4	1
CBDDTY010005014.1	1	1000	1	164	16.4	0.164	26.7	6
CBDDTY010005024.1	1	1000	1	132	13.2	0.132	31.2	48
CBDDTY010005026.1	1	1000	1	143	14.3	0.143	27.8	13
CBDDTY010005028.1	1	1000	2	392	39.2	0.402	35.3	36
CBDDTY010005036.1	1	1000	3	365	36.5	0.662	30.3	41.3
CBDDTY010005037.1	1	1000	2	187	18.7	0.187	34.2	14.5
CBDDTY010005041.1	1	1000	2	142	14.2	0.183	33.8	0.5
CBDDTY010005045.1	1	1000	3	233	23.3	0.486	32.9	11
CBDDTY010005047.1	1	1000	1	85	8.5	0.085	20.6	11
CBDDTY010005054.1	1	1000	2	257	25.7	0.415	27.8	33
CBDDTY010005058.1	1	1000	4	496	49.6	0.594	30.1	5.5
CBDDTY010005060.1	1	1000	1	109	10.9	0.109	32.3	48
CBDDTY010005073.1	1	1000	2	260	26	0.26	26.5	17.5
CBDDTY010005075.1	1	1000	3	436	43.6	0.517	27.9	0.667
CBDDTY010005078.1	1	1000	2	214	21.4	0.214	32.6	1
CBDDTY010005079.1	1	1000	1	401	40.1	0.401	35.8	1
CBDDTY010005081.1	1	1000	1	76	7.6	0.076	33.3	0
CBDDTY010005082.1	1	1000	2	360	36	0.413	29.2	15
CBDDTY010005088.1	1	1000	1	151	15.1	0.151	31.6	0
CBDDTY010005089.1	1	1000	2	230	23	0.437	38.2	46
CBDDTY010005090.1	1	1000	1	94	9.4	0.094	37.9	2
CBDDTY010005093.1	1	1000	1	164	16.4	0.164	26.1	60
CBDDTY010005099.1	1	1000	3	355	35.5	0.447	29.3	30.7
CBDDTY010005101.1	1	1000	1	116	11.6	0.116	32.8	0
CBDDTY010005103.1	1	1000	3	504	50.4	0.616	24.8	1
CBDDTY010005105.1	1	1000	2	330	33	0.33	30.7	0
CBDDTY010005106.1	1	1000	2	331	33.1	0.331	28.6	3
CBDDTY010005107.1	1	1000	2	359	35.9	0.359	30.9	30.5
CBDDTY010005108.1	1	1000	4	527	52.7	0.697	31.6	4.25
CBDDTY010005110.1	1	1000	1	89	8.9	0.089	34.7	3
CBDDTY010005111.1	1	1000	1	122	12.2	0.122	39.4	1
CBDDTY010005113.1	1	1000	1	169	16.9	0.169	25	6
CBDDTY010005115.1	1	1000	1	115	11.5	0.115	31.7	1
CBDDTY010005116.1	1	1000	3	447	44.7	0.511	29	5.67
CBDDTY010005121.1	1	1000	4	376	37.6	0.711	37.1	3.25
CBDDTY010005122.1	1	1000	1	89	8.9	0.089	27.8	1
CBDDTY010005124.1	1	1000	1	104	10.4	0.104	36.7	0
CBDDTY010005128.1	1	1000	1	259	25.9	0.259	32.1	43
CBDDTY010005132.1	1	1000	3	320	32	0.432	34.8	0
CBDDTY010005133.1	1	1000	2	298	29.8	0.395	32	47
CBDDTY010005136.1	1	1000	5	385	38.5	0.942	27.6	16.2
CBDDTY010005138.1	1	1000	3	314	31.4	0.314	33.4	0
CBDDTY010005146.1	1	1000	1	123	12.3	0.123	28.3	60
CBDDTY010005147.1	1	1000	1	207	20.7	0.207	34.9	0
CBDDTY010005148.1	1	1000	3	508	50.8	0.812	26.6	40.3
CBDDTY010005151.1	1	1000	5	345	34.5	0.892	28.4	20.4
CBDDTY010005152.1	1	1000	1	102	10.2	0.102	42.6	30
CBDDTY010005154.1	1	1000	3	469	46.9	0.561	27.6	32.7
CBDDTY010005158.1	1	1000	1	207	20.7	0.207	28.7	25
CBDDTY010005163.1	1	1000	1	116	11.6	0.116	23	1
CBDDTY010005167.1	1	600	1	140	23.3333	0.233333	20.3	2
CBDDTY010005168.1	1	1000	2	275	27.5	0.318	30.8	2.5
CBDDTY010005175.1	1	1000	2	254	25.4	0.254	22.7	0.5
CBDDTY010005181.1	1	1000	1	252	25.2	0.252	27.6	19
CBDDTY010005183.1	1	1000	3	285	28.5	0.457	31.5	1
CBDDTY010005186.1	1	1000	1	167	16.7	0.167	31.1	1
CBDDTY010005193.1	1	1000	4	407	40.7	0.674	28.3	44.2
CBDDTY010005197.1	1	1000	1	199	19.9	0.199	33.9	58
CBDDTY010005200.1	1	1000	2	222	22.2	0.222	37.5	31
CBDDTY010005201.1	1	1000	3	540	54	0.643	25.1	20.7
CBDDTY010005208.1	1	1000	2	198	19.8	0.273	32.6	0.5
CBDDTY010005209.1	1	1000	1	52	5.2	0.052	33.7	0
CBDDTY010005211.1	1	1000	1	163	16.3	0.163	34.9	42
CBDDTY010005212.1	1	1000	2	180	18	0.275	40.8	1
CBDDTY010005213.1	1	1000	1	158	15.8	0.158	36.6	3
CBDDTY010005218.1	1	1000	1	286	28.6	0.286	27.8	60
CBDDTY010005219.1	1	1000	1	187	18.7	0.187	34	60
CBDDTY010005221.1	1	1000	1	149	14.9	0.149	27.7	60
CBDDTY010005223.1	1	1000	1	124	12.4	0.124	26.5	11
CBDDTY010005224.1	1	1000	1	257	25.7	0.257	30.4	1
CBDDTY010005225.1	1	1000	2	160	16	0.281	25.5	13.5
CBDDTY010005231.1	1	1000	1	189	18.9	0.189	31.7	60
CBDDTY010005233.1	1	1000	1	71	7.1	0.071	38.9	1
CBDDTY010005236.1	1	1000	1	97	9.7	0.097	32.2	1
CBDDTY010005241.1	1	1000	1	124	12.4	0.124	25.1	29
CBDDTY010005242.1	1	1000	1	69	6.9	0.069	33.6	0
CBDDTY010005243.1	1	1000	1	87	8.7	0.087	33	14
CBDDTY010005247.1	1	1000	1	127	12.7	0.127	34.8	2
CBDDTY010005254.1	1	1000	1	155	15.5	0.155	24.6	1
CBDDTY010005262.1	1	1000	1	215	21.5	0.215	31.6	1
CBDDTY010005265.1	1	1000	3	421	42.1	0.421	25.2	4
CBDDTY010005266.1	1	1000	1	293	29.3	0.293	34.1	60
CBDDTY010005270.1	1	1000	1	142	14.2	0.142	33.3	60
CBDDTY010005277.1	1	1000	2	344	34.4	0.344	32.5	5
CBDDTY010005278.1	1	1000	1	166	16.6	0.166	27.5	60
CBDDTY010005284.1	1	1000	1	125	12.5	0.125	33.5	25
CBDDTY010005288.1	1	1000	1	108	10.8	0.108	30.8	1
CBDDTY010005292.1	1	1000	1	71	7.1	0.071	36.5	0
CBDDTY010005293.1	1	1000	2	358	35.8	0.358	31.6	18.5
CBDDTY010005295.1	1	1000	1	136	13.6	0.136	41.9	60
CBDDTY010005296.1	1	1000	2	249	24.9	0.249	33.6	1
CBDDTY010005298.1	1	1000	1	107	10.7	0.107	34.8	49
CBDDTY010005299.1	1	1000	2	254	25.4	0.254	34.1	0
CBDDTY010005305.1	1	1000	1	194	19.4	0.194	23.3	2
CBDDTY010005306.1	1	1000	1	263	26.3	0.263	29.4	1
CBDDTY010005310.1	1	1000	1	104	10.4	0.104	18.4	9
CBDDTY010005312.1	1	1000	1	79	7.9	0.079	38.1	38
CBDDTY010005313.1	1	1000	2	76	7.6	0.135	35.4	4
CBDDTY010005318.1	1	1000	9	510	51	1.524	31	46.7
CBDDTY010005321.1	1	1000	1	113	11.3	0.113	30.7	1
CBDDTY010005322.1	1	1000	2	196	19.6	0.292	33.6	4
CBDDTY010005326.1	1	1000	1	70	7	0.07	39.1	19
CBDDTY010005327.1	1	1000	2	198	19.8	0.34	32.7	15
CBDDTY010005328.1	1	1000	1	77	7.7	0.077	38.4	1
CBDDTY010005329.1	1	1000	5	576	57.6	1.115	28	47.6
CBDDTY010005331.1	1	1000	1	252	25.2	0.252	34.1	29
CBDDTY010005332.1	1	1000	2	323	32.3	0.549	27.5	51
CBDDTY010005334.1	1	1000	1	174	17.4	0.174	29	0
CBDDTY010005336.1	1	1000	1	444	44.4	0.444	30.7	60
CBDDTY010005342.1	1	1000	1	144	14.4	0.144	19.1	42
CBDDTY010005343.1	1	1000	1	123	12.3	0.123	33	1
CBDDTY010005345.1	1	1000	6	387	38.7	0.987	35.3	18.7
CBDDTY010005347.1	1	1000	1	98	9.8	0.098	29	1
CBDDTY010005353.1	1	1000	1	249	24.9	0.249	29.9	8
CBDDTY010005355.1	1	1000	3	384	38.4	0.488	32.9	39.3
CBDDTY010005357.1	1	1000	2	208	20.8	0.352	30.3	1
CBDDTY010005359.1	1	1000	2	246	24.6	0.246	28.4	0.5
CBDDTY010005361.1	1	1000	2	132	13.2	0.261	30.2	2.5
CBDDTY010005362.1	1	1000	1	113	11.3	0.113	26.8	21
CBDDTY010005365.1	1	1000	1	186	18.6	0.186	30.2	7
CBDDTY010005370.1	1	1000	2	285	28.5	0.285	28.7	1
CBDDTY010005373.1	1	1000	1	100	10	0.1	17.4	1
CBDDTY010005375.1	1	1000	2	282	28.2	0.47	36.4	15.5
CBDDTY010005379.1	1	1000	1	64	6.4	0.064	35.5	2
CBDDTY010005381.1	1	1000	1	92	9.2	0.092	31.4	0
CBDDTY010005382.1	1	1000	2	388	38.8	0.541	31	60
CBDDTY010005385.1	1	1000	6	607	60.7	0.854	27.1	5.83
CBDDTY010005388.1	1	1000	1	120	12	0.12	24.7	1
CBDDTY010005389.1	1	1000	1	57	5.7	0.057	21.1	0
CBDDTY010005391.1	1	1000	2	142	14.2	0.216	27.9	0
CBDDTY010005392.1	1	1000	1	175	17.5	0.175	25.1	17
CBDDTY010005393.1	1	1000	2	121	12.1	0.211	33.2	1
CBDDTY010005400.1	1	1000	7	573	57.3	1.22	30.2	5.14
CBDDTY010005409.1	1	1000	1	263	26.3	0.263	34.9	3
CBDDTY010005410.1	1	1000	2	165	16.5	0.173	29.4	9.5
CBDDTY010005411.1	1	1000	1	180	18	0.18	26.3	60
CBDDTY010005412.1	1	1000	2	322	32.2	0.322	32.7	60
CBDDTY010005414.1	1	1000	1	140	14	0.14	29	60
CBDDTY010005416.1	1	1000	1	94	9.4	0.094	37.2	25
CBDDTY010005419.1	1	1000	3	405	40.5	0.405	25.4	37.3
CBDDTY010005422.1	1	1000	1	132	13.2	0.132	32.6	47
CBDDTY010005426.1	1	1000	5	634	63.4	1.024	31	46.2
CBDDTY010005429.1	1	1000	1	163	16.3	0.163	43.7	60
CBDDTY010005431.1	1	1000	1	104	10.4	0.104	28.4	1
CBDDTY010005435.1	1	1000	1	131	13.1	0.131	42.3	0
CBDDTY010005439.1	1	1000	1	235	23.5	0.235	27.3	28
CBDDTY010005443.1	1	1000	3	373	37.3	0.373	32.8	18
CBDDTY010005448.1	1	1000	1	163	16.3	0.163	31.8	1
CBDDTY010005450.1	1	1000	2	325	32.5	0.325	22.4	10.5
CBDDTY010005453.1	1	1000	1	206	20.6	0.206	23.3	60
CBDDTY010005454.1	1	1000	1	278	27.8	0.278	27.2	60
CBDDTY010005459.1	1	1000	1	119	11.9	0.119	35.7	14
CBDDTY010005463.1	1	1000	1	168	16.8	0.168	29.6	23
CBDDTY010005472.1	1	1000	4	334	33.4	0.588	27.8	2.5
CBDDTY010005474.1	1	1000	1	109	10.9	0.109	41.9	1
CBDDTY010005475.1	1	1000	2	287	28.7	0.287	36.6	34
CBDDTY010005476.1	1	1000	4	543	54.3	0.678	29.5	57.5
CBDDTY010005477.1	1	1000	1	311	31.1	0.311	28.5	1
CBDDTY010005481.1	1	1000	1	135	13.5	0.135	38.7	20
CBDDTY010005484.1	1	1000	1	122	12.2	0.122	37.3	60
CBDDTY010005486.1	1	1000	1	153	15.3	0.153	35.9	51
CBDDTY010005488.1	1	1000	1	231	23.1	0.231	32.9	60
CBDDTY010005490.1	1	1000	1	138	13.8	0.138	33.3	0
CBDDTY010005494.1	1	1000	1	324	32.4	0.324	32.8	60
CBDDTY010005498.1	1	1000	1	147	14.7	0.147	34.1	0
CBDDTY010005500.1	1	1000	1	108	10.8	0.108	34.4	0
CBDDTY010005504.1	1	1000	1	176	17.6	0.176	30.8	3
CBDDTY010005507.1	1	1000	2	372	37.2	0.499	33.3	30.5
CBDDTY010005509.1	1	1000	2	260	26	0.322	33.3	60
CBDDTY010005518.1	1	1000	2	202	20.2	0.202	37.5	1
CBDDTY010005526.1	1	1000	1	141	14.1	0.141	33.7	25
CBDDTY010005528.1	1	1000	1	175	17.5	0.175	25.7	60
CBDDTY010005534.1	1	1000	1	75	7.5	0.075	30	3
CBDDTY010005536.1	1	1000	1	92	9.2	0.092	40.8	25
CBDDTY010005541.1	1	1000	2	305	30.5	0.375	25.8	35.5
CBDDTY010005543.1	1	1000	3	404	40.4	0.558	35.8	35.3
CBDDTY010005548.1	1	1000	2	399	39.9	0.399	25.2	16
CBDDTY010005552.1	1	1000	1	192	19.2	0.192	28.1	60
CBDDTY010005553.1	1	1000	1	82	8.2	0.082	29.1	12
CBDDTY010005554.1	1	1000	1	176	17.6	0.176	37.7	16
CBDDTY010005555.1	1	1000	1	73	7.3	0.073	39.6	13
CBDDTY010005556.1	1	1000	1	155	15.5	0.155	33.5	60
CBDDTY010005564.1	1	1000	1	148	14.8	0.148	31.9	59
CBDDTY010005565.1	1	1000	2	390	39	0.39	26.4	2
CBDDTY010005566.1	1	1000	1	148	14.8	0.148	32.3	38
OZ247669.1	1	18777	775	18632	99.2278	6.6615	29.9	48
CBDDTY010000013.1	1	37029	0	0	0	0	0	0
CBDDTY010000017.1	1	800	0	0	0	0	0	0
CBDDTY010000021.1	1	514	0	0	0	0	0	0
CBDDTY010000065.1	1	158000	0	0	0	0	0	0
CBDDTY010000069.1	1	219	0	0	0	0	0	0
CBDDTY010000080.1	1	109000	0	0	0	0	0	0
CBDDTY010000091.1	1	91592	0	0	0	0	0	0
CBDDTY010000107.1	1	80000	0	0	0	0	0	0
CBDDTY010000122.1	1	74000	0	0	0	0	0	0
CBDDTY010000157.1	1	61000	0	0	0	0	0	0
CBDDTY010000171.1	1	53000	0	0	0	0	0	0
CBDDTY010000173.1	1	52000	0	0	0	0	0	0
CBDDTY010000175.1	1	52000	0	0	0	0	0	0
CBDDTY010000344.1	1	37800	0	0	0	0	0	0
CBDDTY010000544.1	1	35600	0	0	0	0	0	0
CBDDTY010000881.1	1	32736	0	0	0	0	0	0
CBDDTY010000936.1	1	32000	0	0	0	0	0	0
CBDDTY010000957.1	1	31943	0	0	0	0	0	0
CBDDTY010000964.1	1	31877	0	0	0	0	0	0
CBDDTY010001279.1	1	29000	0	0	0	0	0	0
CBDDTY010001325.1	1	28786	0	0	0	0	0	0
CBDDTY010001337.1	1	28589	0	0	0	0	0	0
CBDDTY010001590.1	1	26564	0	0	0	0	0	0
CBDDTY010001726.1	1	25564	0	0	0	0	0	0
CBDDTY010001763.1	1	25181	0	0	0	0	0	0
CBDDTY010001789.1	1	25000	0	0	0	0	0	0
CBDDTY010001794.1	1	25000	0	0	0	0	0	0
CBDDTY010001800.1	1	25000	0	0	0	0	0	0
CBDDTY010001817.1	1	24959	0	0	0	0	0	0
CBDDTY010001837.1	1	24707	0	0	0	0	0	0
CBDDTY010001910.1	1	24000	0	0	0	0	0	0
CBDDTY010001918.1	1	24000	0	0	0	0	0	0
CBDDTY010002047.1	1	23000	0	0	0	0	0	0
CBDDTY010002183.1	1	22000	0	0	0	0	0	0
CBDDTY010002196.1	1	22000	0	0	0	0	0	0
CBDDTY010002205.1	1	22000	0	0	0	0	0	0
CBDDTY010002322.1	1	21000	0	0	0	0	0	0
CBDDTY010002332.1	1	21000	0	0	0	0	0	0
CBDDTY010002334.1	1	21000	0	0	0	0	0	0
CBDDTY010002336.1	1	21000	0	0	0	0	0	0
CBDDTY010002340.1	1	21000	0	0	0	0	0	0
CBDDTY010002457.1	1	19600	0	0	0	0	0	0
CBDDTY010002471.1	1	20000	0	0	0	0	0	0
CBDDTY010002537.1	1	19603	0	0	0	0	0	0
CBDDTY010002580.1	1	19140	0	0	0	0	0	0
CBDDTY010002601.1	1	19000	0	0	0	0	0	0
CBDDTY010002609.1	1	19000	0	0	0	0	0	0
CBDDTY010002617.1	1	19000	0	0	0	0	0	0
CBDDTY010002618.1	1	19000	0	0	0	0	0	0
CBDDTY010002623.1	1	19000	0	0	0	0	0	0
CBDDTY010002642.1	1	18752	0	0	0	0	0	0
CBDDTY010002643.1	1	18720	0	0	0	0	0	0
CBDDTY010002673.1	1	18426	0	0	0	0	0	0
CBDDTY010002698.1	1	18157	0	0	0	0	0	0
CBDDTY010002730.1	1	18000	0	0	0	0	0	0
CBDDTY010002840.1	1	17000	0	0	0	0	0	0
CBDDTY010002871.1	1	16938	0	0	0	0	0	0
CBDDTY010002941.1	1	16282	0	0	0	0	0	0
CBDDTY010002969.1	1	16000	0	0	0	0	0	0
CBDDTY010003038.1	1	15524	0	0	0	0	0	0
CBDDTY010003042.1	1	15507	0	0	0	0	0	0
CBDDTY010003062.1	1	15357	0	0	0	0	0	0
CBDDTY010003102.1	1	15000	0	0	0	0	0	0
CBDDTY010003114.1	1	15000	0	0	0	0	0	0
CBDDTY010003117.1	1	15000	0	0	0	0	0	0
CBDDTY010003151.1	1	14695	0	0	0	0	0	0
CBDDTY010003329.1	1	13000	0	0	0	0	0	0
CBDDTY010003334.1	1	13000	0	0	0	0	0	0
CBDDTY010003411.1	1	12000	0	0	0	0	0	0
CBDDTY010003443.1	1	11620	0	0	0	0	0	0
CBDDTY010003453.1	1	11309	0	0	0	0	0	0
CBDDTY010003464.1	1	11000	0	0	0	0	0	0
CBDDTY010003469.1	1	11000	0	0	0	0	0	0
CBDDTY010003483.1	1	11000	0	0	0	0	0	0
CBDDTY010003503.1	1	9000	0	0	0	0	0	0
CBDDTY010003507.1	1	9000	0	0	0	0	0	0
CBDDTY010003510.1	1	9000	0	0	0	0	0	0
CBDDTY010003513.1	1	9000	0	0	0	0	0	0
CBDDTY010003557.1	1	8000	0	0	0	0	0	0
CBDDTY010003559.1	1	8000	0	0	0	0	0	0
CBDDTY010003564.1	1	7000	0	0	0	0	0	0
CBDDTY010003568.1	1	7000	0	0	0	0	0	0
CBDDTY010003575.1	1	7000	0	0	0	0	0	0
CBDDTY010003590.1	1	7000	0	0	0	0	0	0
CBDDTY010003605.1	1	6000	0	0	0	0	0	0
CBDDTY010003609.1	1	6000	0	0	0	0	0	0
CBDDTY010003617.1	1	6000	0	0	0	0	0	0
CBDDTY010003622.1	1	6000	0	0	0	0	0	0
CBDDTY010003623.1	1	6000	0	0	0	0	0	0
CBDDTY010003624.1	1	6000	0	0	0	0	0	0
CBDDTY010003635.1	1	6000	0	0	0	0	0	0
CBDDTY010003644.1	1	6000	0	0	0	0	0	0
CBDDTY010003655.1	1	6000	0	0	0	0	0	0
CBDDTY010003662.1	1	5000	0	0	0	0	0	0
CBDDTY010003677.1	1	5000	0	0	0	0	0	0
CBDDTY010003687.1	1	5000	0	0	0	0	0	0
CBDDTY010003693.1	1	5000	0	0	0	0	0	0
CBDDTY010003701.1	1	5000	0	0	0	0	0	0
CBDDTY010003706.1	1	5000	0	0	0	0	0	0
CBDDTY010003707.1	1	5000	0	0	0	0	0	0
CBDDTY010003708.1	1	5000	0	0	0	0	0	0
CBDDTY010003726.1	1	5000	0	0	0	0	0	0
CBDDTY010003734.1	1	5000	0	0	0	0	0	0
CBDDTY010003735.1	1	5000	0	0	0	0	0	0
CBDDTY010003737.1	1	4000	0	0	0	0	0	0
CBDDTY010003743.1	1	4000	0	0	0	0	0	0
CBDDTY010003750.1	1	4000	0	0	0	0	0	0
CBDDTY010003763.1	1	4000	0	0	0	0	0	0
CBDDTY010003776.1	1	4000	0	0	0	0	0	0
CBDDTY010003777.1	1	4000	0	0	0	0	0	0
CBDDTY010003779.1	1	4000	0	0	0	0	0	0
CBDDTY010003780.1	1	4000	0	0	0	0	0	0
CBDDTY010003791.1	1	4000	0	0	0	0	0	0
CBDDTY010003793.1	1	4000	0	0	0	0	0	0
CBDDTY010003795.1	1	4000	0	0	0	0	0	0
CBDDTY010003807.1	1	4000	0	0	0	0	0	0
CBDDTY010003808.1	1	4000	0	0	0	0	0	0
CBDDTY010003809.1	1	4000	0	0	0	0	0	0
CBDDTY010003813.1	1	4000	0	0	0	0	0	0
CBDDTY010003816.1	1	4000	0	0	0	0	0	0
CBDDTY010003817.1	1	4000	0	0	0	0	0	0
CBDDTY010003821.1	1	4000	0	0	0	0	0	0
CBDDTY010003822.1	1	4000	0	0	0	0	0	0
CBDDTY010003831.1	1	4000	0	0	0	0	0	0
CBDDTY010003844.1	1	4000	0	0	0	0	0	0
CBDDTY010003848.1	1	4000	0	0	0	0	0	0
CBDDTY010003852.1	1	4000	0	0	0	0	0	0
CBDDTY010003873.1	1	3000	0	0	0	0	0	0
CBDDTY010003878.1	1	3000	0	0	0	0	0	0
CBDDTY010003880.1	1	3000	0	0	0	0	0	0
CBDDTY010003882.1	1	3000	0	0	0	0	0	0
CBDDTY010003887.1	1	3000	0	0	0	0	0	0
CBDDTY010003888.1	1	3000	0	0	0	0	0	0
CBDDTY010003891.1	1	3000	0	0	0	0	0	0
CBDDTY010003892.1	1	3000	0	0	0	0	0	0
CBDDTY010003896.1	1	3000	0	0	0	0	0	0
CBDDTY010003897.1	1	3000	0	0	0	0	0	0
CBDDTY010003901.1	1	3000	0	0	0	0	0	0
CBDDTY010003903.1	1	3000	0	0	0	0	0	0
CBDDTY010003906.1	1	3000	0	0	0	0	0	0
CBDDTY010003907.1	1	3000	0	0	0	0	0	0
CBDDTY010003908.1	1	3000	0	0	0	0	0	0
CBDDTY010003910.1	1	3000	0	0	0	0	0	0
CBDDTY010003913.1	1	3000	0	0	0	0	0	0
CBDDTY010003915.1	1	3000	0	0	0	0	0	0
CBDDTY010003917.1	1	3000	0	0	0	0	0	0
CBDDTY010003923.1	1	3000	0	0	0	0	0	0
CBDDTY010003925.1	1	3000	0	0	0	0	0	0
CBDDTY010003941.1	1	3000	0	0	0	0	0	0
CBDDTY010003945.1	1	3000	0	0	0	0	0	0
CBDDTY010003946.1	1	3000	0	0	0	0	0	0
CBDDTY010003952.1	1	3000	0	0	0	0	0	0
CBDDTY010003954.1	1	3000	0	0	0	0	0	0
CBDDTY010003956.1	1	3000	0	0	0	0	0	0
CBDDTY010003957.1	1	3000	0	0	0	0	0	0
CBDDTY010003966.1	1	3000	0	0	0	0	0	0
CBDDTY010003967.1	1	3000	0	0	0	0	0	0
CBDDTY010003973.1	1	3000	0	0	0	0	0	0
CBDDTY010003977.1	1	3000	0	0	0	0	0	0
CBDDTY010003982.1	1	3000	0	0	0	0	0	0
CBDDTY010003992.1	1	3000	0	0	0	0	0	0
CBDDTY010003993.1	1	3000	0	0	0	0	0	0
CBDDTY010003995.1	1	3000	0	0	0	0	0	0
CBDDTY010003996.1	1	3000	0	0	0	0	0	0
CBDDTY010003997.1	1	3000	0	0	0	0	0	0
CBDDTY010004003.1	1	3000	0	0	0	0	0	0
CBDDTY010004005.1	1	3000	0	0	0	0	0	0
CBDDTY010004006.1	1	3000	0	0	0	0	0	0
CBDDTY010004008.1	1	3000	0	0	0	0	0	0
CBDDTY010004012.1	1	3000	0	0	0	0	0	0
CBDDTY010004013.1	1	3000	0	0	0	0	0	0
CBDDTY010004019.1	1	3000	0	0	0	0	0	0
CBDDTY010004022.1	1	3000	0	0	0	0	0	0
CBDDTY010004024.1	1	3000	0	0	0	0	0	0
CBDDTY010004025.1	1	3000	0	0	0	0	0	0
CBDDTY010004027.1	1	3000	0	0	0	0	0	0
CBDDTY010004028.1	1	3000	0	0	0	0	0	0
CBDDTY010004035.1	1	3000	0	0	0	0	0	0
CBDDTY010004042.1	1	3000	0	0	0	0	0	0
CBDDTY010004043.1	1	3000	0	0	0	0	0	0
CBDDTY010004045.1	1	3000	0	0	0	0	0	0
CBDDTY010004048.1	1	3000	0	0	0	0	0	0
CBDDTY010004054.1	1	3000	0	0	0	0	0	0
CBDDTY010004055.1	1	3000	0	0	0	0	0	0
CBDDTY010004056.1	1	3000	0	0	0	0	0	0
CBDDTY010004058.1	1	3000	0	0	0	0	0	0
CBDDTY010004067.1	1	3000	0	0	0	0	0	0
CBDDTY010004069.1	1	3000	0	0	0	0	0	0
CBDDTY010004074.1	1	3000	0	0	0	0	0	0
CBDDTY010004078.1	1	3000	0	0	0	0	0	0
CBDDTY010004081.1	1	3000	0	0	0	0	0	0
CBDDTY010004084.1	1	3000	0	0	0	0	0	0
CBDDTY010004091.1	1	3000	0	0	0	0	0	0
CBDDTY010004095.1	1	3000	0	0	0	0	0	0
CBDDTY010004097.1	1	3000	0	0	0	0	0	0
CBDDTY010004099.1	1	3000	0	0	0	0	0	0
CBDDTY010004102.1	1	3000	0	0	0	0	0	0
CBDDTY010004106.1	1	3000	0	0	0	0	0	0
CBDDTY010004107.1	1	3000	0	0	0	0	0	0
CBDDTY010004108.1	1	3000	0	0	0	0	0	0
CBDDTY010004109.1	1	3000	0	0	0	0	0	0
CBDDTY010004110.1	1	3000	0	0	0	0	0	0
CBDDTY010004112.1	1	2000	0	0	0	0	0	0
CBDDTY010004114.1	1	2000	0	0	0	0	0	0
CBDDTY010004115.1	1	2000	0	0	0	0	0	0
CBDDTY010004116.1	1	2000	0	0	0	0	0	0
CBDDTY010004120.1	1	2000	0	0	0	0	0	0
CBDDTY010004121.1	1	2000	0	0	0	0	0	0
CBDDTY010004122.1	1	2000	0	0	0	0	0	0
CBDDTY010004123.1	1	2000	0	0	0	0	0	0
CBDDTY010004126.1	1	2000	0	0	0	0	0	0
CBDDTY010004128.1	1	2000	0	0	0	0	0	0
CBDDTY010004131.1	1	2000	0	0	0	0	0	0
CBDDTY010004134.1	1	2000	0	0	0	0	0	0
CBDDTY010004135.1	1	2000	0	0	0	0	0	0
CBDDTY010004136.1	1	2000	0	0	0	0	0	0
CBDDTY010004137.1	1	2000	0	0	0	0	0	0
CBDDTY010004138.1	1	2000	0	0	0	0	0	0
CBDDTY010004139.1	1	2000	0	0	0	0	0	0
CBDDTY010004144.1	1	2000	0	0	0	0	0	0
CBDDTY010004146.1	1	2000	0	0	0	0	0	0
CBDDTY010004152.1	1	2000	0	0	0	0	0	0
CBDDTY010004153.1	1	2000	0	0	0	0	0	0
CBDDTY010004162.1	1	2000	0	0	0	0	0	0
CBDDTY010004164.1	1	2000	0	0	0	0	0	0
CBDDTY010004165.1	1	2000	0	0	0	0	0	0
CBDDTY010004166.1	1	2000	0	0	0	0	0	0
CBDDTY010004167.1	1	2000	0	0	0	0	0	0
CBDDTY010004168.1	1	2000	0	0	0	0	0	0
CBDDTY010004174.1	1	2000	0	0	0	0	0	0
CBDDTY010004175.1	1	2000	0	0	0	0	0	0
CBDDTY010004176.1	1	2000	0	0	0	0	0	0
CBDDTY010004177.1	1	2000	0	0	0	0	0	0
CBDDTY010004181.1	1	2000	0	0	0	0	0	0
CBDDTY010004183.1	1	2000	0	0	0	0	0	0
CBDDTY010004185.1	1	2000	0	0	0	0	0	0
CBDDTY010004187.1	1	2000	0	0	0	0	0	0
CBDDTY010004188.1	1	2000	0	0	0	0	0	0
CBDDTY010004190.1	1	2000	0	0	0	0	0	0
CBDDTY010004191.1	1	2000	0	0	0	0	0	0
CBDDTY010004194.1	1	2000	0	0	0	0	0	0
CBDDTY010004195.1	1	2000	0	0	0	0	0	0
CBDDTY010004196.1	1	2000	0	0	0	0	0	0
CBDDTY010004197.1	1	2000	0	0	0	0	0	0
CBDDTY010004199.1	1	2000	0	0	0	0	0	0
CBDDTY010004202.1	1	2000	0	0	0	0	0	0
CBDDTY010004205.1	1	2000	0	0	0	0	0	0
CBDDTY010004207.1	1	2000	0	0	0	0	0	0
CBDDTY010004208.1	1	2000	0	0	0	0	0	0
CBDDTY010004210.1	1	2000	0	0	0	0	0	0
CBDDTY010004211.1	1	2000	0	0	0	0	0	0
CBDDTY010004212.1	1	2000	0	0	0	0	0	0
CBDDTY010004214.1	1	2000	0	0	0	0	0	0
CBDDTY010004216.1	1	2000	0	0	0	0	0	0
CBDDTY010004218.1	1	2000	0	0	0	0	0	0
CBDDTY010004219.1	1	2000	0	0	0	0	0	0
CBDDTY010004220.1	1	2000	0	0	0	0	0	0
CBDDTY010004222.1	1	2000	0	0	0	0	0	0
CBDDTY010004226.1	1	2000	0	0	0	0	0	0
CBDDTY010004230.1	1	2000	0	0	0	0	0	0
CBDDTY010004232.1	1	2000	0	0	0	0	0	0
CBDDTY010004233.1	1	2000	0	0	0	0	0	0
CBDDTY010004235.1	1	2000	0	0	0	0	0	0
CBDDTY010004237.1	1	2000	0	0	0	0	0	0
CBDDTY010004238.1	1	2000	0	0	0	0	0	0
CBDDTY010004240.1	1	2000	0	0	0	0	0	0
CBDDTY010004242.1	1	2000	0	0	0	0	0	0
CBDDTY010004244.1	1	2000	0	0	0	0	0	0
CBDDTY010004245.1	1	2000	0	0	0	0	0	0
CBDDTY010004252.1	1	2000	0	0	0	0	0	0
CBDDTY010004253.1	1	2000	0	0	0	0	0	0
CBDDTY010004261.1	1	2000	0	0	0	0	0	0
CBDDTY010004264.1	1	2000	0	0	0	0	0	0
CBDDTY010004266.1	1	2000	0	0	0	0	0	0
CBDDTY010004269.1	1	2000	0	0	0	0	0	0
CBDDTY010004270.1	1	2000	0	0	0	0	0	0
CBDDTY010004272.1	1	2000	0	0	0	0	0	0
CBDDTY010004277.1	1	2000	0	0	0	0	0	0
CBDDTY010004278.1	1	2000	0	0	0	0	0	0
CBDDTY010004279.1	1	2000	0	0	0	0	0	0
CBDDTY010004280.1	1	2000	0	0	0	0	0	0
CBDDTY010004282.1	1	2000	0	0	0	0	0	0
CBDDTY010004284.1	1	2000	0	0	0	0	0	0
CBDDTY010004285.1	1	2000	0	0	0	0	0	0
CBDDTY010004287.1	1	2000	0	0	0	0	0	0
CBDDTY010004289.1	1	2000	0	0	0	0	0	0
CBDDTY010004291.1	1	2000	0	0	0	0	0	0
CBDDTY010004292.1	1	2000	0	0	0	0	0	0
CBDDTY010004293.1	1	2000	0	0	0	0	0	0
CBDDTY010004296.1	1	2000	0	0	0	0	0	0
CBDDTY010004297.1	1	2000	0	0	0	0	0	0
CBDDTY010004298.1	1	2000	0	0	0	0	0	0
CBDDTY010004299.1	1	2000	0	0	0	0	0	0
CBDDTY010004302.1	1	2000	0	0	0	0	0	0
CBDDTY010004305.1	1	2000	0	0	0	0	0	0
CBDDTY010004306.1	1	2000	0	0	0	0	0	0
CBDDTY010004308.1	1	2000	0	0	0	0	0	0
CBDDTY010004310.1	1	2000	0	0	0	0	0	0
CBDDTY010004312.1	1	2000	0	0	0	0	0	0
CBDDTY010004313.1	1	2000	0	0	0	0	0	0
CBDDTY010004316.1	1	2000	0	0	0	0	0	0
CBDDTY010004318.1	1	2000	0	0	0	0	0	0
CBDDTY010004319.1	1	2000	0	0	0	0	0	0
CBDDTY010004321.1	1	2000	0	0	0	0	0	0
CBDDTY010004322.1	1	2000	0	0	0	0	0	0
CBDDTY010004323.1	1	2000	0	0	0	0	0	0
CBDDTY010004325.1	1	2000	0	0	0	0	0	0
CBDDTY010004326.1	1	2000	0	0	0	0	0	0
CBDDTY010004332.1	1	2000	0	0	0	0	0	0
CBDDTY010004333.1	1	2000	0	0	0	0	0	0
CBDDTY010004337.1	1	2000	0	0	0	0	0	0
CBDDTY010004341.1	1	2000	0	0	0	0	0	0
CBDDTY010004342.1	1	2000	0	0	0	0	0	0
CBDDTY010004347.1	1	2000	0	0	0	0	0	0
CBDDTY010004348.1	1	2000	0	0	0	0	0	0
CBDDTY010004349.1	1	2000	0	0	0	0	0	0
CBDDTY010004351.1	1	2000	0	0	0	0	0	0
CBDDTY010004352.1	1	2000	0	0	0	0	0	0
CBDDTY010004355.1	1	2000	0	0	0	0	0	0
CBDDTY010004356.1	1	2000	0	0	0	0	0	0
CBDDTY010004357.1	1	2000	0	0	0	0	0	0
CBDDTY010004359.1	1	2000	0	0	0	0	0	0
CBDDTY010004361.1	1	2000	0	0	0	0	0	0
CBDDTY010004362.1	1	2000	0	0	0	0	0	0
CBDDTY010004365.1	1	2000	0	0	0	0	0	0
CBDDTY010004367.1	1	2000	0	0	0	0	0	0
CBDDTY010004372.1	1	2000	0	0	0	0	0	0
CBDDTY010004373.1	1	2000	0	0	0	0	0	0
CBDDTY010004375.1	1	2000	0	0	0	0	0	0
CBDDTY010004379.1	1	2000	0	0	0	0	0	0
CBDDTY010004381.1	1	2000	0	0	0	0	0	0
CBDDTY010004382.1	1	2000	0	0	0	0	0	0
CBDDTY010004384.1	1	2000	0	0	0	0	0	0
CBDDTY010004386.1	1	2000	0	0	0	0	0	0
CBDDTY010004391.1	1	2000	0	0	0	0	0	0
CBDDTY010004392.1	1	2000	0	0	0	0	0	0
CBDDTY010004393.1	1	2000	0	0	0	0	0	0
CBDDTY010004396.1	1	2000	0	0	0	0	0	0
CBDDTY010004399.1	1	2000	0	0	0	0	0	0
CBDDTY010004402.1	1	2000	0	0	0	0	0	0
CBDDTY010004404.1	1	2000	0	0	0	0	0	0
CBDDTY010004405.1	1	2000	0	0	0	0	0	0
CBDDTY010004409.1	1	2000	0	0	0	0	0	0
CBDDTY010004412.1	1	2000	0	0	0	0	0	0
CBDDTY010004413.1	1	2000	0	0	0	0	0	0
CBDDTY010004416.1	1	2000	0	0	0	0	0	0
CBDDTY010004418.1	1	2000	0	0	0	0	0	0
CBDDTY010004419.1	1	2000	0	0	0	0	0	0
CBDDTY010004420.1	1	2000	0	0	0	0	0	0
CBDDTY010004421.1	1	2000	0	0	0	0	0	0
CBDDTY010004423.1	1	2000	0	0	0	0	0	0
CBDDTY010004424.1	1	2000	0	0	0	0	0	0
CBDDTY010004426.1	1	2000	0	0	0	0	0	0
CBDDTY010004427.1	1	2000	0	0	0	0	0	0
CBDDTY010004428.1	1	2000	0	0	0	0	0	0
CBDDTY010004429.1	1	2000	0	0	0	0	0	0
CBDDTY010004430.1	1	2000	0	0	0	0	0	0
CBDDTY010004432.1	1	2000	0	0	0	0	0	0
CBDDTY010004433.1	1	2000	0	0	0	0	0	0
CBDDTY010004439.1	1	2000	0	0	0	0	0	0
CBDDTY010004442.1	1	2000	0	0	0	0	0	0
CBDDTY010004445.1	1	2000	0	0	0	0	0	0
CBDDTY010004447.1	1	2000	0	0	0	0	0	0
CBDDTY010004448.1	1	2000	0	0	0	0	0	0
CBDDTY010004449.1	1	2000	0	0	0	0	0	0
CBDDTY010004450.1	1	2000	0	0	0	0	0	0
CBDDTY010004454.1	1	2000	0	0	0	0	0	0
CBDDTY010004455.1	1	2000	0	0	0	0	0	0
CBDDTY010004456.1	1	2000	0	0	0	0	0	0
CBDDTY010004458.1	1	2000	0	0	0	0	0	0
CBDDTY010004459.1	1	2000	0	0	0	0	0	0
CBDDTY010004461.1	1	2000	0	0	0	0	0	0
CBDDTY010004464.1	1	2000	0	0	0	0	0	0
CBDDTY010004467.1	1	2000	0	0	0	0	0	0
CBDDTY010004471.1	1	2000	0	0	0	0	0	0
CBDDTY010004473.1	1	2000	0	0	0	0	0	0
CBDDTY010004476.1	1	2000	0	0	0	0	0	0
CBDDTY010004478.1	1	2000	0	0	0	0	0	0
CBDDTY010004481.1	1	2000	0	0	0	0	0	0
CBDDTY010004483.1	1	2000	0	0	0	0	0	0
CBDDTY010004484.1	1	2000	0	0	0	0	0	0
CBDDTY010004489.1	1	2000	0	0	0	0	0	0
CBDDTY010004491.1	1	2000	0	0	0	0	0	0
CBDDTY010004494.1	1	2000	0	0	0	0	0	0
CBDDTY010004498.1	1	2000	0	0	0	0	0	0
CBDDTY010004499.1	1	2000	0	0	0	0	0	0
CBDDTY010004502.1	1	2000	0	0	0	0	0	0
CBDDTY010004507.1	1	2000	0	0	0	0	0	0
CBDDTY010004514.1	1	2000	0	0	0	0	0	0
CBDDTY010004516.1	1	2000	0	0	0	0	0	0
CBDDTY010004517.1	1	2000	0	0	0	0	0	0
CBDDTY010004518.1	1	2000	0	0	0	0	0	0
CBDDTY010004519.1	1	2000	0	0	0	0	0	0
CBDDTY010004522.1	1	2000	0	0	0	0	0	0
CBDDTY010004523.1	1	2000	0	0	0	0	0	0
CBDDTY010004524.1	1	2000	0	0	0	0	0	0
CBDDTY010004525.1	1	2000	0	0	0	0	0	0
CBDDTY010004530.1	1	2000	0	0	0	0	0	0
CBDDTY010004537.1	1	2000	0	0	0	0	0	0
CBDDTY010004540.1	1	2000	0	0	0	0	0	0
CBDDTY010004542.1	1	2000	0	0	0	0	0	0
CBDDTY010004543.1	1	2000	0	0	0	0	0	0
CBDDTY010004546.1	1	2000	0	0	0	0	0	0
CBDDTY010004549.1	1	2000	0	0	0	0	0	0
CBDDTY010004551.1	1	2000	0	0	0	0	0	0
CBDDTY010004554.1	1	2000	0	0	0	0	0	0
CBDDTY010004560.1	1	2000	0	0	0	0	0	0
CBDDTY010004564.1	1	2000	0	0	0	0	0	0
CBDDTY010004565.1	1	2000	0	0	0	0	0	0
CBDDTY010004568.1	1	2000	0	0	0	0	0	0
CBDDTY010004569.1	1	2000	0	0	0	0	0	0
CBDDTY010004570.1	1	2000	0	0	0	0	0	0
CBDDTY010004572.1	1	2000	0	0	0	0	0	0
CBDDTY010004575.1	1	2000	0	0	0	0	0	0
CBDDTY010004576.1	1	2000	0	0	0	0	0	0
CBDDTY010004578.1	1	2000	0	0	0	0	0	0
CBDDTY010004579.1	1	2000	0	0	0	0	0	0
CBDDTY010004582.1	1	2000	0	0	0	0	0	0
CBDDTY010004584.1	1	2000	0	0	0	0	0	0
CBDDTY010004587.1	1	2000	0	0	0	0	0	0
CBDDTY010004588.1	1	2000	0	0	0	0	0	0
CBDDTY010004589.1	1	2000	0	0	0	0	0	0
CBDDTY010004591.1	1	2000	0	0	0	0	0	0
CBDDTY010004596.1	1	2000	0	0	0	0	0	0
CBDDTY010004597.1	1	2000	0	0	0	0	0	0
CBDDTY010004601.1	1	2000	0	0	0	0	0	0
CBDDTY010004604.1	1	1000	0	0	0	0	0	0
CBDDTY010004605.1	1	1000	0	0	0	0	0	0
CBDDTY010004606.1	1	1000	0	0	0	0	0	0
CBDDTY010004607.1	1	1000	0	0	0	0	0	0
CBDDTY010004608.1	1	1000	0	0	0	0	0	0
CBDDTY010004610.1	1	1000	0	0	0	0	0	0
CBDDTY010004611.1	1	1000	0	0	0	0	0	0
CBDDTY010004613.1	1	1000	0	0	0	0	0	0
CBDDTY010004614.1	1	1000	0	0	0	0	0	0
CBDDTY010004617.1	1	1000	0	0	0	0	0	0
CBDDTY010004618.1	1	1000	0	0	0	0	0	0
CBDDTY010004620.1	1	1000	0	0	0	0	0	0
CBDDTY010004622.1	1	1000	0	0	0	0	0	0
CBDDTY010004623.1	1	1000	0	0	0	0	0	0
CBDDTY010004624.1	1	1000	0	0	0	0	0	0
CBDDTY010004625.1	1	1000	0	0	0	0	0	0
CBDDTY010004626.1	1	1000	0	0	0	0	0	0
CBDDTY010004630.1	1	1000	0	0	0	0	0	0
CBDDTY010004631.1	1	1000	0	0	0	0	0	0
CBDDTY010004633.1	1	1000	0	0	0	0	0	0
CBDDTY010004634.1	1	1000	0	0	0	0	0	0
CBDDTY010004635.1	1	1000	0	0	0	0	0	0
CBDDTY010004636.1	1	1000	0	0	0	0	0	0
CBDDTY010004637.1	1	1000	0	0	0	0	0	0
CBDDTY010004638.1	1	1000	0	0	0	0	0	0
CBDDTY010004639.1	1	1000	0	0	0	0	0	0
CBDDTY010004640.1	1	1000	0	0	0	0	0	0
CBDDTY010004641.1	1	1000	0	0	0	0	0	0
CBDDTY010004645.1	1	1000	0	0	0	0	0	0
CBDDTY010004648.1	1	1000	0	0	0	0	0	0
CBDDTY010004650.1	1	1000	0	0	0	0	0	0
CBDDTY010004653.1	1	1000	0	0	0	0	0	0
CBDDTY010004655.1	1	1000	0	0	0	0	0	0
CBDDTY010004656.1	1	1000	0	0	0	0	0	0
CBDDTY010004659.1	1	1000	0	0	0	0	0	0
CBDDTY010004661.1	1	1000	0	0	0	0	0	0
CBDDTY010004663.1	1	1000	0	0	0	0	0	0
CBDDTY010004665.1	1	1000	0	0	0	0	0	0
CBDDTY010004666.1	1	1000	0	0	0	0	0	0
CBDDTY010004667.1	1	1000	0	0	0	0	0	0
CBDDTY010004669.1	1	1000	0	0	0	0	0	0
CBDDTY010004670.1	1	1000	0	0	0	0	0	0
CBDDTY010004671.1	1	1000	0	0	0	0	0	0
CBDDTY010004673.1	1	1000	0	0	0	0	0	0
CBDDTY010004675.1	1	1000	0	0	0	0	0	0
CBDDTY010004679.1	1	1000	0	0	0	0	0	0
CBDDTY010004681.1	1	1000	0	0	0	0	0	0
CBDDTY010004682.1	1	1000	0	0	0	0	0	0
CBDDTY010004683.1	1	1000	0	0	0	0	0	0
CBDDTY010004686.1	1	1000	0	0	0	0	0	0
CBDDTY010004687.1	1	1000	0	0	0	0	0	0
CBDDTY010004692.1	1	1000	0	0	0	0	0	0
CBDDTY010004693.1	1	1000	0	0	0	0	0	0
CBDDTY010004694.1	1	1000	0	0	0	0	0	0
CBDDTY010004695.1	1	1000	0	0	0	0	0	0
CBDDTY010004698.1	1	1000	0	0	0	0	0	0
CBDDTY010004699.1	1	1000	0	0	0	0	0	0
CBDDTY010004701.1	1	1000	0	0	0	0	0	0
CBDDTY010004703.1	1	1000	0	0	0	0	0	0
CBDDTY010004704.1	1	1000	0	0	0	0	0	0
CBDDTY010004706.1	1	1000	0	0	0	0	0	0
CBDDTY010004707.1	1	1000	0	0	0	0	0	0
CBDDTY010004712.1	1	1000	0	0	0	0	0	0
CBDDTY010004713.1	1	1000	0	0	0	0	0	0
CBDDTY010004714.1	1	1000	0	0	0	0	0	0
CBDDTY010004715.1	1	1000	0	0	0	0	0	0
CBDDTY010004716.1	1	1000	0	0	0	0	0	0
CBDDTY010004717.1	1	1000	0	0	0	0	0	0
CBDDTY010004718.1	1	1000	0	0	0	0	0	0
CBDDTY010004719.1	1	1000	0	0	0	0	0	0
CBDDTY010004721.1	1	1000	0	0	0	0	0	0
CBDDTY010004722.1	1	1000	0	0	0	0	0	0
CBDDTY010004723.1	1	1000	0	0	0	0	0	0
CBDDTY010004724.1	1	1000	0	0	0	0	0	0
CBDDTY010004725.1	1	1000	0	0	0	0	0	0
CBDDTY010004728.1	1	1000	0	0	0	0	0	0
CBDDTY010004729.1	1	1000	0	0	0	0	0	0
CBDDTY010004731.1	1	1000	0	0	0	0	0	0
CBDDTY010004733.1	1	1000	0	0	0	0	0	0
CBDDTY010004736.1	1	1000	0	0	0	0	0	0
CBDDTY010004738.1	1	1000	0	0	0	0	0	0
CBDDTY010004739.1	1	1000	0	0	0	0	0	0
CBDDTY010004741.1	1	1000	0	0	0	0	0	0
CBDDTY010004742.1	1	1000	0	0	0	0	0	0
CBDDTY010004746.1	1	1000	0	0	0	0	0	0
CBDDTY010004747.1	1	1000	0	0	0	0	0	0
CBDDTY010004750.1	1	1000	0	0	0	0	0	0
CBDDTY010004752.1	1	1000	0	0	0	0	0	0
CBDDTY010004754.1	1	1000	0	0	0	0	0	0
CBDDTY010004756.1	1	1000	0	0	0	0	0	0
CBDDTY010004757.1	1	1000	0	0	0	0	0	0
CBDDTY010004758.1	1	1000	0	0	0	0	0	0
CBDDTY010004759.1	1	1000	0	0	0	0	0	0
CBDDTY010004760.1	1	1000	0	0	0	0	0	0
CBDDTY010004761.1	1	1000	0	0	0	0	0	0
CBDDTY010004762.1	1	1000	0	0	0	0	0	0
CBDDTY010004764.1	1	1000	0	0	0	0	0	0
CBDDTY010004765.1	1	1000	0	0	0	0	0	0
CBDDTY010004768.1	1	1000	0	0	0	0	0	0
CBDDTY010004769.1	1	1000	0	0	0	0	0	0
CBDDTY010004771.1	1	1000	0	0	0	0	0	0
CBDDTY010004774.1	1	1000	0	0	0	0	0	0
CBDDTY010004775.1	1	1000	0	0	0	0	0	0
CBDDTY010004776.1	1	1000	0	0	0	0	0	0
CBDDTY010004777.1	1	1000	0	0	0	0	0	0
CBDDTY010004778.1	1	1000	0	0	0	0	0	0
CBDDTY010004779.1	1	1000	0	0	0	0	0	0
CBDDTY010004780.1	1	1000	0	0	0	0	0	0
CBDDTY010004781.1	1	1000	0	0	0	0	0	0
CBDDTY010004782.1	1	1000	0	0	0	0	0	0
CBDDTY010004783.1	1	1000	0	0	0	0	0	0
CBDDTY010004784.1	1	1000	0	0	0	0	0	0
CBDDTY010004785.1	1	1000	0	0	0	0	0	0
CBDDTY010004787.1	1	1000	0	0	0	0	0	0
CBDDTY010004788.1	1	1000	0	0	0	0	0	0
CBDDTY010004789.1	1	1000	0	0	0	0	0	0
CBDDTY010004792.1	1	1000	0	0	0	0	0	0
CBDDTY010004793.1	1	1000	0	0	0	0	0	0
CBDDTY010004795.1	1	1000	0	0	0	0	0	0
CBDDTY010004796.1	1	1000	0	0	0	0	0	0
CBDDTY010004799.1	1	1000	0	0	0	0	0	0
CBDDTY010004800.1	1	1000	0	0	0	0	0	0
CBDDTY010004801.1	1	1000	0	0	0	0	0	0
CBDDTY010004802.1	1	1000	0	0	0	0	0	0
CBDDTY010004803.1	1	1000	0	0	0	0	0	0
CBDDTY010004804.1	1	1000	0	0	0	0	0	0
CBDDTY010004807.1	1	1000	0	0	0	0	0	0
CBDDTY010004808.1	1	1000	0	0	0	0	0	0
CBDDTY010004813.1	1	1000	0	0	0	0	0	0
CBDDTY010004815.1	1	1000	0	0	0	0	0	0
CBDDTY010004816.1	1	1000	0	0	0	0	0	0
CBDDTY010004817.1	1	1000	0	0	0	0	0	0
CBDDTY010004819.1	1	1000	0	0	0	0	0	0
CBDDTY010004821.1	1	1000	0	0	0	0	0	0
CBDDTY010004824.1	1	1000	0	0	0	0	0	0
CBDDTY010004826.1	1	1000	0	0	0	0	0	0
CBDDTY010004827.1	1	1000	0	0	0	0	0	0
CBDDTY010004828.1	1	1000	0	0	0	0	0	0
CBDDTY010004829.1	1	1000	0	0	0	0	0	0
CBDDTY010004830.1	1	1000	0	0	0	0	0	0
CBDDTY010004831.1	1	1000	0	0	0	0	0	0
CBDDTY010004832.1	1	1000	0	0	0	0	0	0
CBDDTY010004833.1	1	1000	0	0	0	0	0	0
CBDDTY010004834.1	1	1000	0	0	0	0	0	0
CBDDTY010004836.1	1	1000	0	0	0	0	0	0
CBDDTY010004837.1	1	1000	0	0	0	0	0	0
CBDDTY010004839.1	1	1000	0	0	0	0	0	0
CBDDTY010004841.1	1	1000	0	0	0	0	0	0
CBDDTY010004842.1	1	1000	0	0	0	0	0	0
CBDDTY010004843.1	1	1000	0	0	0	0	0	0
CBDDTY010004844.1	1	1000	0	0	0	0	0	0
CBDDTY010004845.1	1	1000	0	0	0	0	0	0
CBDDTY010004846.1	1	1000	0	0	0	0	0	0
CBDDTY010004852.1	1	1000	0	0	0	0	0	0
CBDDTY010004853.1	1	1000	0	0	0	0	0	0
CBDDTY010004854.1	1	1000	0	0	0	0	0	0
CBDDTY010004855.1	1	1000	0	0	0	0	0	0
CBDDTY010004856.1	1	1000	0	0	0	0	0	0
CBDDTY010004858.1	1	1000	0	0	0	0	0	0
CBDDTY010004859.1	1	1000	0	0	0	0	0	0
CBDDTY010004860.1	1	1000	0	0	0	0	0	0
CBDDTY010004861.1	1	1000	0	0	0	0	0	0
CBDDTY010004862.1	1	1000	0	0	0	0	0	0
CBDDTY010004864.1	1	1000	0	0	0	0	0	0
CBDDTY010004865.1	1	1000	0	0	0	0	0	0
CBDDTY010004867.1	1	1000	0	0	0	0	0	0
CBDDTY010004868.1	1	1000	0	0	0	0	0	0
CBDDTY010004869.1	1	1000	0	0	0	0	0	0
CBDDTY010004871.1	1	1000	0	0	0	0	0	0
CBDDTY010004872.1	1	1000	0	0	0	0	0	0
CBDDTY010004874.1	1	1000	0	0	0	0	0	0
CBDDTY010004875.1	1	1000	0	0	0	0	0	0
CBDDTY010004876.1	1	1000	0	0	0	0	0	0
CBDDTY010004880.1	1	1000	0	0	0	0	0	0
CBDDTY010004881.1	1	1000	0	0	0	0	0	0
CBDDTY010004882.1	1	1000	0	0	0	0	0	0
CBDDTY010004883.1	1	1000	0	0	0	0	0	0
CBDDTY010004884.1	1	1000	0	0	0	0	0	0
CBDDTY010004885.1	1	1000	0	0	0	0	0	0
CBDDTY010004886.1	1	1000	0	0	0	0	0	0
CBDDTY010004888.1	1	1000	0	0	0	0	0	0
CBDDTY010004889.1	1	1000	0	0	0	0	0	0
CBDDTY010004890.1	1	1000	0	0	0	0	0	0
CBDDTY010004891.1	1	1000	0	0	0	0	0	0
CBDDTY010004892.1	1	1000	0	0	0	0	0	0
CBDDTY010004895.1	1	1000	0	0	0	0	0	0
CBDDTY010004897.1	1	1000	0	0	0	0	0	0
CBDDTY010004898.1	1	1000	0	0	0	0	0	0
CBDDTY010004899.1	1	1000	0	0	0	0	0	0
CBDDTY010004901.1	1	1000	0	0	0	0	0	0
CBDDTY010004902.1	1	1000	0	0	0	0	0	0
CBDDTY010004905.1	1	1000	0	0	0	0	0	0
CBDDTY010004909.1	1	1000	0	0	0	0	0	0
CBDDTY010004910.1	1	1000	0	0	0	0	0	0
CBDDTY010004913.1	1	1000	0	0	0	0	0	0
CBDDTY010004914.1	1	1000	0	0	0	0	0	0
CBDDTY010004915.1	1	1000	0	0	0	0	0	0
CBDDTY010004918.1	1	1000	0	0	0	0	0	0
CBDDTY010004922.1	1	1000	0	0	0	0	0	0
CBDDTY010004923.1	1	1000	0	0	0	0	0	0
CBDDTY010004925.1	1	1000	0	0	0	0	0	0
CBDDTY010004926.1	1	1000	0	0	0	0	0	0
CBDDTY010004927.1	1	1000	0	0	0	0	0	0
CBDDTY010004928.1	1	1000	0	0	0	0	0	0
CBDDTY010004930.1	1	1000	0	0	0	0	0	0
CBDDTY010004931.1	1	1000	0	0	0	0	0	0
CBDDTY010004932.1	1	1000	0	0	0	0	0	0
CBDDTY010004933.1	1	1000	0	0	0	0	0	0
CBDDTY010004934.1	1	1000	0	0	0	0	0	0
CBDDTY010004936.1	1	1000	0	0	0	0	0	0
CBDDTY010004937.1	1	1000	0	0	0	0	0	0
CBDDTY010004940.1	1	1000	0	0	0	0	0	0
CBDDTY010004942.1	1	1000	0	0	0	0	0	0
CBDDTY010004943.1	1	1000	0	0	0	0	0	0
CBDDTY010004944.1	1	1000	0	0	0	0	0	0
CBDDTY010004947.1	1	1000	0	0	0	0	0	0
CBDDTY010004948.1	1	1000	0	0	0	0	0	0
CBDDTY010004949.1	1	1000	0	0	0	0	0	0
CBDDTY010004950.1	1	1000	0	0	0	0	0	0
CBDDTY010004953.1	1	1000	0	0	0	0	0	0
CBDDTY010004954.1	1	1000	0	0	0	0	0	0
CBDDTY010004955.1	1	1000	0	0	0	0	0	0
CBDDTY010004956.1	1	1000	0	0	0	0	0	0
CBDDTY010004958.1	1	1000	0	0	0	0	0	0
CBDDTY010004959.1	1	1000	0	0	0	0	0	0
CBDDTY010004961.1	1	1000	0	0	0	0	0	0
CBDDTY010004963.1	1	1000	0	0	0	0	0	0
CBDDTY010004965.1	1	1000	0	0	0	0	0	0
CBDDTY010004967.1	1	1000	0	0	0	0	0	0
CBDDTY010004969.1	1	1000	0	0	0	0	0	0
CBDDTY010004970.1	1	1000	0	0	0	0	0	0
CBDDTY010004971.1	1	1000	0	0	0	0	0	0
CBDDTY010004972.1	1	1000	0	0	0	0	0	0
CBDDTY010004974.1	1	1000	0	0	0	0	0	0
CBDDTY010004975.1	1	1000	0	0	0	0	0	0
CBDDTY010004976.1	1	1000	0	0	0	0	0	0
CBDDTY010004977.1	1	1000	0	0	0	0	0	0
CBDDTY010004979.1	1	1000	0	0	0	0	0	0
CBDDTY010004981.1	1	1000	0	0	0	0	0	0
CBDDTY010004983.1	1	1000	0	0	0	0	0	0
CBDDTY010004984.1	1	1000	0	0	0	0	0	0
CBDDTY010004986.1	1	1000	0	0	0	0	0	0
CBDDTY010004987.1	1	1000	0	0	0	0	0	0
CBDDTY010004988.1	1	1000	0	0	0	0	0	0
CBDDTY010004989.1	1	1000	0	0	0	0	0	0
CBDDTY010004990.1	1	1000	0	0	0	0	0	0
CBDDTY010004991.1	1	1000	0	0	0	0	0	0
CBDDTY010004992.1	1	1000	0	0	0	0	0	0
CBDDTY010004993.1	1	1000	0	0	0	0	0	0
CBDDTY010004998.1	1	1000	0	0	0	0	0	0
CBDDTY010005001.1	1	1000	0	0	0	0	0	0
CBDDTY010005002.1	1	1000	0	0	0	0	0	0
CBDDTY010005003.1	1	1000	0	0	0	0	0	0
CBDDTY010005005.1	1	1000	0	0	0	0	0	0
CBDDTY010005006.1	1	1000	0	0	0	0	0	0
CBDDTY010005007.1	1	1000	0	0	0	0	0	0
CBDDTY010005010.1	1	1000	0	0	0	0	0	0
CBDDTY010005012.1	1	1000	0	0	0	0	0	0
CBDDTY010005013.1	1	1000	0	0	0	0	0	0
CBDDTY010005015.1	1	1000	0	0	0	0	0	0
CBDDTY010005016.1	1	1000	0	0	0	0	0	0
CBDDTY010005017.1	1	1000	0	0	0	0	0	0
CBDDTY010005018.1	1	1000	0	0	0	0	0	0
CBDDTY010005019.1	1	1000	0	0	0	0	0	0
CBDDTY010005020.1	1	1000	0	0	0	0	0	0
CBDDTY010005021.1	1	1000	0	0	0	0	0	0
CBDDTY010005022.1	1	1000	0	0	0	0	0	0
CBDDTY010005023.1	1	1000	0	0	0	0	0	0
CBDDTY010005025.1	1	1000	0	0	0	0	0	0
CBDDTY010005027.1	1	1000	0	0	0	0	0	0
CBDDTY010005029.1	1	1000	0	0	0	0	0	0
CBDDTY010005030.1	1	1000	0	0	0	0	0	0
CBDDTY010005031.1	1	1000	0	0	0	0	0	0
CBDDTY010005032.1	1	1000	0	0	0	0	0	0
CBDDTY010005033.1	1	1000	0	0	0	0	0	0
CBDDTY010005034.1	1	1000	0	0	0	0	0	0
CBDDTY010005035.1	1	1000	0	0	0	0	0	0
CBDDTY010005038.1	1	1000	0	0	0	0	0	0
CBDDTY010005039.1	1	1000	0	0	0	0	0	0
CBDDTY010005040.1	1	1000	0	0	0	0	0	0
CBDDTY010005042.1	1	1000	0	0	0	0	0	0
CBDDTY010005043.1	1	1000	0	0	0	0	0	0
CBDDTY010005044.1	1	1000	0	0	0	0	0	0
CBDDTY010005046.1	1	1000	0	0	0	0	0	0
CBDDTY010005048.1	1	1000	0	0	0	0	0	0
CBDDTY010005049.1	1	1000	0	0	0	0	0	0
CBDDTY010005050.1	1	1000	0	0	0	0	0	0
CBDDTY010005051.1	1	1000	0	0	0	0	0	0
CBDDTY010005052.1	1	1000	0	0	0	0	0	0
CBDDTY010005053.1	1	1000	0	0	0	0	0	0
CBDDTY010005055.1	1	1000	0	0	0	0	0	0
CBDDTY010005056.1	1	1000	0	0	0	0	0	0
CBDDTY010005057.1	1	1000	0	0	0	0	0	0
CBDDTY010005059.1	1	1000	0	0	0	0	0	0
CBDDTY010005061.1	1	1000	0	0	0	0	0	0
CBDDTY010005062.1	1	1000	0	0	0	0	0	0
CBDDTY010005063.1	1	1000	0	0	0	0	0	0
CBDDTY010005064.1	1	1000	0	0	0	0	0	0
CBDDTY010005065.1	1	1000	0	0	0	0	0	0
CBDDTY010005066.1	1	1000	0	0	0	0	0	0
CBDDTY010005067.1	1	1000	0	0	0	0	0	0
CBDDTY010005068.1	1	1000	0	0	0	0	0	0
CBDDTY010005069.1	1	1000	0	0	0	0	0	0
CBDDTY010005070.1	1	1000	0	0	0	0	0	0
CBDDTY010005071.1	1	1000	0	0	0	0	0	0
CBDDTY010005072.1	1	1000	0	0	0	0	0	0
CBDDTY010005074.1	1	1000	0	0	0	0	0	0
CBDDTY010005076.1	1	1000	0	0	0	0	0	0
CBDDTY010005077.1	1	1000	0	0	0	0	0	0
CBDDTY010005080.1	1	1000	0	0	0	0	0	0
CBDDTY010005083.1	1	1000	0	0	0	0	0	0
CBDDTY010005084.1	1	1000	0	0	0	0	0	0
CBDDTY010005085.1	1	1000	0	0	0	0	0	0
CBDDTY010005086.1	1	1000	0	0	0	0	0	0
CBDDTY010005087.1	1	1000	0	0	0	0	0	0
CBDDTY010005091.1	1	1000	0	0	0	0	0	0
CBDDTY010005092.1	1	1000	0	0	0	0	0	0
CBDDTY010005094.1	1	1000	0	0	0	0	0	0
CBDDTY010005095.1	1	1000	0	0	0	0	0	0
CBDDTY010005096.1	1	1000	0	0	0	0	0	0
CBDDTY010005097.1	1	1000	0	0	0	0	0	0
CBDDTY010005098.1	1	1000	0	0	0	0	0	0
CBDDTY010005100.1	1	1000	0	0	0	0	0	0
CBDDTY010005102.1	1	1000	0	0	0	0	0	0
CBDDTY010005104.1	1	1000	0	0	0	0	0	0
CBDDTY010005109.1	1	1000	0	0	0	0	0	0
CBDDTY010005112.1	1	1000	0	0	0	0	0	0
CBDDTY010005114.1	1	1000	0	0	0	0	0	0
CBDDTY010005117.1	1	1000	0	0	0	0	0	0
CBDDTY010005118.1	1	1000	0	0	0	0	0	0
CBDDTY010005119.1	1	1000	0	0	0	0	0	0
CBDDTY010005120.1	1	1000	0	0	0	0	0	0
CBDDTY010005123.1	1	1000	0	0	0	0	0	0
CBDDTY010005125.1	1	1000	0	0	0	0	0	0
CBDDTY010005126.1	1	1000	0	0	0	0	0	0
CBDDTY010005127.1	1	1000	0	0	0	0	0	0
CBDDTY010005129.1	1	1000	0	0	0	0	0	0
CBDDTY010005130.1	1	1000	0	0	0	0	0	0
CBDDTY010005131.1	1	1000	0	0	0	0	0	0
CBDDTY010005134.1	1	1000	0	0	0	0	0	0
CBDDTY010005135.1	1	1000	0	0	0	0	0	0
CBDDTY010005137.1	1	1000	0	0	0	0	0	0
CBDDTY010005139.1	1	1000	0	0	0	0	0	0
CBDDTY010005140.1	1	1000	0	0	0	0	0	0
CBDDTY010005141.1	1	1000	0	0	0	0	0	0
CBDDTY010005142.1	1	1000	0	0	0	0	0	0
CBDDTY010005143.1	1	1000	0	0	0	0	0	0
CBDDTY010005144.1	1	1000	0	0	0	0	0	0
CBDDTY010005145.1	1	1000	0	0	0	0	0	0
CBDDTY010005149.1	1	1000	0	0	0	0	0	0
CBDDTY010005150.1	1	1000	0	0	0	0	0	0
CBDDTY010005153.1	1	1000	0	0	0	0	0	0
CBDDTY010005155.1	1	1000	0	0	0	0	0	0
CBDDTY010005156.1	1	1000	0	0	0	0	0	0
CBDDTY010005157.1	1	1000	0	0	0	0	0	0
CBDDTY010005159.1	1	1000	0	0	0	0	0	0
CBDDTY010005160.1	1	1000	0	0	0	0	0	0
CBDDTY010005161.1	1	1000	0	0	0	0	0	0
CBDDTY010005162.1	1	1000	0	0	0	0	0	0
CBDDTY010005164.1	1	1000	0	0	0	0	0	0
CBDDTY010005165.1	1	1000	0	0	0	0	0	0
CBDDTY010005166.1	1	1000	0	0	0	0	0	0
CBDDTY010005169.1	1	1000	0	0	0	0	0	0
CBDDTY010005170.1	1	1000	0	0	0	0	0	0
CBDDTY010005171.1	1	1000	0	0	0	0	0	0
CBDDTY010005172.1	1	1000	0	0	0	0	0	0
CBDDTY010005173.1	1	1000	0	0	0	0	0	0
CBDDTY010005174.1	1	1000	0	0	0	0	0	0
CBDDTY010005176.1	1	1000	0	0	0	0	0	0
CBDDTY010005177.1	1	1000	0	0	0	0	0	0
CBDDTY010005178.1	1	1000	0	0	0	0	0	0
CBDDTY010005179.1	1	1000	0	0	0	0	0	0
CBDDTY010005180.1	1	1000	0	0	0	0	0	0
CBDDTY010005182.1	1	1000	0	0	0	0	0	0
CBDDTY010005184.1	1	1000	0	0	0	0	0	0
CBDDTY010005185.1	1	1000	0	0	0	0	0	0
CBDDTY010005187.1	1	1000	0	0	0	0	0	0
CBDDTY010005188.1	1	1000	0	0	0	0	0	0
CBDDTY010005189.1	1	1000	0	0	0	0	0	0
CBDDTY010005190.1	1	1000	0	0	0	0	0	0
CBDDTY010005191.1	1	1000	0	0	0	0	0	0
CBDDTY010005192.1	1	1000	0	0	0	0	0	0
CBDDTY010005194.1	1	1000	0	0	0	0	0	0
CBDDTY010005195.1	1	1000	0	0	0	0	0	0
CBDDTY010005196.1	1	1000	0	0	0	0	0	0
CBDDTY010005198.1	1	1000	0	0	0	0	0	0
CBDDTY010005199.1	1	1000	0	0	0	0	0	0
CBDDTY010005202.1	1	1000	0	0	0	0	0	0
CBDDTY010005203.1	1	1000	0	0	0	0	0	0
CBDDTY010005204.1	1	1000	0	0	0	0	0	0
CBDDTY010005205.1	1	1000	0	0	0	0	0	0
CBDDTY010005206.1	1	1000	0	0	0	0	0	0
CBDDTY010005207.1	1	1000	0	0	0	0	0	0
CBDDTY010005210.1	1	1000	0	0	0	0	0	0
CBDDTY010005214.1	1	1000	0	0	0	0	0	0
CBDDTY010005215.1	1	1000	0	0	0	0	0	0
CBDDTY010005216.1	1	1000	0	0	0	0	0	0
CBDDTY010005217.1	1	1000	0	0	0	0	0	0
CBDDTY010005220.1	1	1000	0	0	0	0	0	0
CBDDTY010005222.1	1	1000	0	0	0	0	0	0
CBDDTY010005226.1	1	1000	0	0	0	0	0	0
CBDDTY010005227.1	1	1000	0	0	0	0	0	0
CBDDTY010005228.1	1	1000	0	0	0	0	0	0
CBDDTY010005229.1	1	1000	0	0	0	0	0	0
CBDDTY010005230.1	1	1000	0	0	0	0	0	0
CBDDTY010005232.1	1	1000	0	0	0	0	0	0
CBDDTY010005234.1	1	1000	0	0	0	0	0	0
CBDDTY010005235.1	1	1000	0	0	0	0	0	0
CBDDTY010005237.1	1	1000	0	0	0	0	0	0
CBDDTY010005238.1	1	1000	0	0	0	0	0	0
CBDDTY010005239.1	1	1000	0	0	0	0	0	0
CBDDTY010005240.1	1	1000	0	0	0	0	0	0
CBDDTY010005244.1	1	1000	0	0	0	0	0	0
CBDDTY010005245.1	1	1000	0	0	0	0	0	0
CBDDTY010005246.1	1	1000	0	0	0	0	0	0
CBDDTY010005248.1	1	1000	0	0	0	0	0	0
CBDDTY010005249.1	1	1000	0	0	0	0	0	0
CBDDTY010005250.1	1	1000	0	0	0	0	0	0
CBDDTY010005251.1	1	1000	0	0	0	0	0	0
CBDDTY010005252.1	1	1000	0	0	0	0	0	0
CBDDTY010005253.1	1	1000	0	0	0	0	0	0
CBDDTY010005255.1	1	1000	0	0	0	0	0	0
CBDDTY010005256.1	1	998	0	0	0	0	0	0
CBDDTY010005257.1	1	1000	0	0	0	0	0	0
CBDDTY010005258.1	1	1000	0	0	0	0	0	0
CBDDTY010005259.1	1	1000	0	0	0	0	0	0
CBDDTY010005260.1	1	1000	0	0	0	0	0	0
CBDDTY010005261.1	1	1000	0	0	0	0	0	0
CBDDTY010005263.1	1	1000	0	0	0	0	0	0
CBDDTY010005264.1	1	1000	0	0	0	0	0	0
CBDDTY010005267.1	1	1000	0	0	0	0	0	0
CBDDTY010005268.1	1	1000	0	0	0	0	0	0
CBDDTY010005269.1	1	1000	0	0	0	0	0	0
CBDDTY010005271.1	1	1000	0	0	0	0	0	0
CBDDTY010005272.1	1	1000	0	0	0	0	0	0
CBDDTY010005273.1	1	1000	0	0	0	0	0	0
CBDDTY010005274.1	1	1000	0	0	0	0	0	0
CBDDTY010005275.1	1	1000	0	0	0	0	0	0
CBDDTY010005276.1	1	1000	0	0	0	0	0	0
CBDDTY010005279.1	1	1000	0	0	0	0	0	0
CBDDTY010005280.1	1	1000	0	0	0	0	0	0
CBDDTY010005281.1	1	1000	0	0	0	0	0	0
CBDDTY010005282.1	1	800	0	0	0	0	0	0
CBDDTY010005283.1	1	1000	0	0	0	0	0	0
CBDDTY010005285.1	1	1000	0	0	0	0	0	0
CBDDTY010005286.1	1	1000	0	0	0	0	0	0
CBDDTY010005287.1	1	1000	0	0	0	0	0	0
CBDDTY010005289.1	1	1000	0	0	0	0	0	0
CBDDTY010005290.1	1	1000	0	0	0	0	0	0
CBDDTY010005291.1	1	1000	0	0	0	0	0	0
CBDDTY010005294.1	1	1000	0	0	0	0	0	0
CBDDTY010005297.1	1	1000	0	0	0	0	0	0
CBDDTY010005300.1	1	1000	0	0	0	0	0	0
CBDDTY010005301.1	1	1000	0	0	0	0	0	0
CBDDTY010005302.1	1	1000	0	0	0	0	0	0
CBDDTY010005303.1	1	1000	0	0	0	0	0	0
CBDDTY010005304.1	1	1000	0	0	0	0	0	0
CBDDTY010005307.1	1	1000	0	0	0	0	0	0
CBDDTY010005308.1	1	1000	0	0	0	0	0	0
CBDDTY010005309.1	1	1000	0	0	0	0	0	0
CBDDTY010005311.1	1	1000	0	0	0	0	0	0
CBDDTY010005314.1	1	1000	0	0	0	0	0	0
CBDDTY010005315.1	1	1000	0	0	0	0	0	0
CBDDTY010005316.1	1	1000	0	0	0	0	0	0
CBDDTY010005317.1	1	1000	0	0	0	0	0	0
CBDDTY010005319.1	1	1000	0	0	0	0	0	0
CBDDTY010005320.1	1	1000	0	0	0	0	0	0
CBDDTY010005323.1	1	1000	0	0	0	0	0	0
CBDDTY010005324.1	1	1000	0	0	0	0	0	0
CBDDTY010005325.1	1	1000	0	0	0	0	0	0
CBDDTY010005330.1	1	1000	0	0	0	0	0	0
CBDDTY010005333.1	1	1000	0	0	0	0	0	0
CBDDTY010005335.1	1	1000	0	0	0	0	0	0
CBDDTY010005337.1	1	1000	0	0	0	0	0	0
CBDDTY010005338.1	1	1000	0	0	0	0	0	0
CBDDTY010005339.1	1	1000	0	0	0	0	0	0
CBDDTY010005340.1	1	1000	0	0	0	0	0	0
CBDDTY010005341.1	1	1000	0	0	0	0	0	0
CBDDTY010005344.1	1	1000	0	0	0	0	0	0
CBDDTY010005346.1	1	1000	0	0	0	0	0	0
CBDDTY010005348.1	1	1000	0	0	0	0	0	0
CBDDTY010005349.1	1	1000	0	0	0	0	0	0
CBDDTY010005350.1	1	1000	0	0	0	0	0	0
CBDDTY010005351.1	1	1000	0	0	0	0	0	0
CBDDTY010005352.1	1	1000	0	0	0	0	0	0
CBDDTY010005354.1	1	815	0	0	0	0	0	0
CBDDTY010005356.1	1	1000	0	0	0	0	0	0
CBDDTY010005358.1	1	1000	0	0	0	0	0	0
CBDDTY010005360.1	1	1000	0	0	0	0	0	0
CBDDTY010005363.1	1	1000	0	0	0	0	0	0
CBDDTY010005364.1	1	1000	0	0	0	0	0	0
CBDDTY010005366.1	1	1000	0	0	0	0	0	0
CBDDTY010005367.1	1	1000	0	0	0	0	0	0
CBDDTY010005368.1	1	1000	0	0	0	0	0	0
CBDDTY010005369.1	1	1000	0	0	0	0	0	0
CBDDTY010005371.1	1	1000	0	0	0	0	0	0
CBDDTY010005372.1	1	1000	0	0	0	0	0	0
CBDDTY010005374.1	1	1000	0	0	0	0	0	0
CBDDTY010005376.1	1	1000	0	0	0	0	0	0
CBDDTY010005377.1	1	1000	0	0	0	0	0	0
CBDDTY010005378.1	1	1000	0	0	0	0	0	0
CBDDTY010005380.1	1	1000	0	0	0	0	0	0
CBDDTY010005383.1	1	1000	0	0	0	0	0	0
CBDDTY010005384.1	1	1000	0	0	0	0	0	0
CBDDTY010005386.1	1	1000	0	0	0	0	0	0
CBDDTY010005387.1	1	1000	0	0	0	0	0	0
CBDDTY010005390.1	1	1000	0	0	0	0	0	0
CBDDTY010005394.1	1	1000	0	0	0	0	0	0
CBDDTY010005395.1	1	1000	0	0	0	0	0	0
CBDDTY010005396.1	1	1000	0	0	0	0	0	0
CBDDTY010005397.1	1	1000	0	0	0	0	0	0
CBDDTY010005398.1	1	1000	0	0	0	0	0	0
CBDDTY010005399.1	1	1000	0	0	0	0	0	0
CBDDTY010005401.1	1	1000	0	0	0	0	0	0
CBDDTY010005402.1	1	1000	0	0	0	0	0	0
CBDDTY010005403.1	1	1000	0	0	0	0	0	0
CBDDTY010005404.1	1	1000	0	0	0	0	0	0
CBDDTY010005405.1	1	1000	0	0	0	0	0	0
CBDDTY010005406.1	1	1000	0	0	0	0	0	0
CBDDTY010005407.1	1	1000	0	0	0	0	0	0
CBDDTY010005408.1	1	1000	0	0	0	0	0	0
CBDDTY010005413.1	1	1000	0	0	0	0	0	0
CBDDTY010005415.1	1	1000	0	0	0	0	0	0
CBDDTY010005417.1	1	1000	0	0	0	0	0	0
CBDDTY010005418.1	1	1000	0	0	0	0	0	0
CBDDTY010005420.1	1	1000	0	0	0	0	0	0
CBDDTY010005421.1	1	1000	0	0	0	0	0	0
CBDDTY010005423.1	1	1000	0	0	0	0	0	0
CBDDTY010005424.1	1	1000	0	0	0	0	0	0
CBDDTY010005425.1	1	1000	0	0	0	0	0	0
CBDDTY010005427.1	1	1000	0	0	0	0	0	0
CBDDTY010005428.1	1	1000	0	0	0	0	0	0
CBDDTY010005430.1	1	1000	0	0	0	0	0	0
CBDDTY010005432.1	1	1000	0	0	0	0	0	0
CBDDTY010005433.1	1	1000	0	0	0	0	0	0
CBDDTY010005434.1	1	1000	0	0	0	0	0	0
CBDDTY010005436.1	1	1000	0	0	0	0	0	0
CBDDTY010005437.1	1	1000	0	0	0	0	0	0
CBDDTY010005438.1	1	1000	0	0	0	0	0	0
CBDDTY010005440.1	1	1000	0	0	0	0	0	0
CBDDTY010005441.1	1	1000	0	0	0	0	0	0
CBDDTY010005442.1	1	1000	0	0	0	0	0	0
CBDDTY010005444.1	1	1000	0	0	0	0	0	0
CBDDTY010005445.1	1	1000	0	0	0	0	0	0
CBDDTY010005446.1	1	1000	0	0	0	0	0	0
CBDDTY010005447.1	1	1000	0	0	0	0	0	0
CBDDTY010005449.1	1	1000	0	0	0	0	0	0
CBDDTY010005451.1	1	1000	0	0	0	0	0	0
CBDDTY010005452.1	1	1000	0	0	0	0	0	0
CBDDTY010005455.1	1	1000	0	0	0	0	0	0
CBDDTY010005456.1	1	1000	0	0	0	0	0	0
CBDDTY010005457.1	1	1000	0	0	0	0	0	0
CBDDTY010005458.1	1	1000	0	0	0	0	0	0
CBDDTY010005460.1	1	1000	0	0	0	0	0	0
CBDDTY010005461.1	1	1000	0	0	0	0	0	0
CBDDTY010005462.1	1	1000	0	0	0	0	0	0
CBDDTY010005464.1	1	1000	0	0	0	0	0	0
CBDDTY010005465.1	1	1000	0	0	0	0	0	0
CBDDTY010005466.1	1	1000	0	0	0	0	0	0
CBDDTY010005467.1	1	1000	0	0	0	0	0	0
CBDDTY010005468.1	1	1000	0	0	0	0	0	0
CBDDTY010005469.1	1	1000	0	0	0	0	0	0
CBDDTY010005470.1	1	1000	0	0	0	0	0	0
CBDDTY010005471.1	1	1000	0	0	0	0	0	0
CBDDTY010005473.1	1	1000	0	0	0	0	0	0
CBDDTY010005478.1	1	1000	0	0	0	0	0	0
CBDDTY010005479.1	1	1000	0	0	0	0	0	0
CBDDTY010005480.1	1	1000	0	0	0	0	0	0
CBDDTY010005482.1	1	1000	0	0	0	0	0	0
CBDDTY010005483.1	1	1000	0	0	0	0	0	0
CBDDTY010005485.1	1	1000	0	0	0	0	0	0
CBDDTY010005487.1	1	1000	0	0	0	0	0	0
CBDDTY010005489.1	1	1000	0	0	0	0	0	0
CBDDTY010005491.1	1	1000	0	0	0	0	0	0
CBDDTY010005492.1	1	1000	0	0	0	0	0	0
CBDDTY010005493.1	1	1000	0	0	0	0	0	0
CBDDTY010005495.1	1	1000	0	0	0	0	0	0
CBDDTY010005496.1	1	1000	0	0	0	0	0	0
CBDDTY010005497.1	1	1000	0	0	0	0	0	0
CBDDTY010005499.1	1	1000	0	0	0	0	0	0
CBDDTY010005501.1	1	1000	0	0	0	0	0	0
CBDDTY010005502.1	1	1000	0	0	0	0	0	0
CBDDTY010005503.1	1	1000	0	0	0	0	0	0
CBDDTY010005505.1	1	1000	0	0	0	0	0	0
CBDDTY010005506.1	1	1000	0	0	0	0	0	0
CBDDTY010005508.1	1	1000	0	0	0	0	0	0
CBDDTY010005510.1	1	1000	0	0	0	0	0	0
CBDDTY010005511.1	1	1000	0	0	0	0	0	0
CBDDTY010005512.1	1	1000	0	0	0	0	0	0
CBDDTY010005513.1	1	1000	0	0	0	0	0	0
CBDDTY010005514.1	1	1000	0	0	0	0	0	0
CBDDTY010005515.1	1	1000	0	0	0	0	0	0
CBDDTY010005516.1	1	1000	0	0	0	0	0	0
CBDDTY010005517.1	1	1000	0	0	0	0	0	0
CBDDTY010005519.1	1	1000	0	0	0	0	0	0
CBDDTY010005520.1	1	1000	0	0	0	0	0	0
CBDDTY010005521.1	1	1000	0	0	0	0	0	0
CBDDTY010005522.1	1	1000	0	0	0	0	0	0
CBDDTY010005523.1	1	1000	0	0	0	0	0	0
CBDDTY010005524.1	1	1000	0	0	0	0	0	0
CBDDTY010005525.1	1	1000	0	0	0	0	0	0
CBDDTY010005527.1	1	1000	0	0	0	0	0	0
CBDDTY010005529.1	1	1000	0	0	0	0	0	0
CBDDTY010005530.1	1	1000	0	0	0	0	0	0
CBDDTY010005531.1	1	1000	0	0	0	0	0	0
CBDDTY010005532.1	1	1000	0	0	0	0	0	0
CBDDTY010005533.1	1	1000	0	0	0	0	0	0
CBDDTY010005535.1	1	1000	0	0	0	0	0	0
CBDDTY010005537.1	1	1000	0	0	0	0	0	0
CBDDTY010005538.1	1	1000	0	0	0	0	0	0
CBDDTY010005539.1	1	1000	0	0	0	0	0	0
CBDDTY010005540.1	1	1000	0	0	0	0	0	0
CBDDTY010005542.1	1	1000	0	0	0	0	0	0
CBDDTY010005544.1	1	1000	0	0	0	0	0	0
CBDDTY010005545.1	1	1000	0	0	0	0	0	0
CBDDTY010005546.1	1	1000	0	0	0	0	0	0
CBDDTY010005547.1	1	1000	0	0	0	0	0	0
CBDDTY010005549.1	1	1000	0	0	0	0	0	0
CBDDTY010005550.1	1	1000	0	0	0	0	0	0
CBDDTY010005551.1	1	1000	0	0	0	0	0	0
CBDDTY010005557.1	1	1000	0	0	0	0	0	0
CBDDTY010005558.1	1	1000	0	0	0	0	0	0
CBDDTY010005559.1	1	1000	0	0	0	0	0	0
CBDDTY010005560.1	1	1000	0	0	0	0	0	0
CBDDTY010005561.1	1	1000	0	0	0	0	0	0
CBDDTY010005562.1	1	1000	0	0	0	0	0	0
CBDDTY010005563.1	1	1000	0	0	0	0	0	0
