#rname	startpos	endpos	numreads	covbases	coverage	meandepth	meanbaseq	meanmapq
OZ247652.1	1	90891126	192414	29202553	32.1292	0.832149	30.7	28.2
CBDDTY010000001.1	1	2201400	2362	401159	18.2229	0.404604	30.7	26
CBDDTY010000002.1	1	375200	1081	97657	26.028	1.33013	30.9	2.9
OZ247653.1	1	59305165	152537	27148951	45.7784	1.01903	30.7	32.9
CBDDTY010000003.1	1	159000	30	12279	7.72264	0.0970566	30.4	0.9
CBDDTY010000004.1	1	132000	94	15360	11.6364	0.31678	31.1	11.4
CBDDTY010000005.1	1	112000	151	30636	27.3536	0.661929	32.1	0.43
OZ247654.1	1	55603820	149909	25768272	46.3426	1.07277	30.7	31.8
CBDDTY010000006.1	1	237387	416	65913	27.7661	0.679945	30.7	31.3
CBDDTY010000007.1	1	212000	113	34234	16.1481	0.29142	32	1.64
OZ247655.1	1	27535131	83517	10967916	39.8324	1.26267	30.8	29.8
OZ247656.1	1	25493044	78994	13841576	54.2955	1.25842	30.7	36.2
OZ247657.1	1	20427586	58510	10734475	52.5489	1.15193	30.7	37
CBDDTY010000008.1	1	1510391	211	115762	7.66437	0.0969663	32.1	1.81
CBDDTY010000009.1	1	203586	183	35244	17.3116	0.377354	31.4	1.2
OZ247658.1	1	19570859	52673	9426811	48.1676	1.0944	30.8	34.8
OZ247659.1	1	15043846	42441	7337829	48.7763	1.13178	30.7	33.6
CBDDTY010000010.1	1	3154400	5457	878381	27.8462	0.722564	30.8	28.5
CBDDTY010000011.1	1	372599	1473	184236	49.4462	1.89212	30.8	8.78
OZ247660.1	1	18558849	46517	8291992	44.6795	1.01265	30.7	33.1
OZ247661.1	1	18228942	64842	8543113	46.8657	1.46629	30.6	27.6
OZ247662.1	1	18164600	50738	9003048	49.5637	1.12796	30.7	34.7
OZ247663.1	1	17898725	51268	8486307	47.4129	1.17126	30.7	31.7
OZ247664.1	1	16834196	48583	8597850	51.0737	1.16287	30.7	34.8
OZ247665.1	1	16704832	48354	8341801	49.9365	1.16842	30.8	34.4
OZ247666.1	1	16645368	45835	8185672	49.1769	1.10515	30.7	34.9
OZ247667.1	1	14847524	38598	7313231	49.2556	1.08288	30.9	36
OZ247668.1	1	14820029	40010	7311547	49.3356	1.09743	30.9	34.2
CBDDTY010000012.1	1	6743	5	1316	19.5165	0.196797	30.3	38.6
CBDDTY010000013.1	1	37029	8	3353	9.05506	0.115531	32.9	0.75
CBDDTY010000014.1	1	74823	347	53057	70.91	2.05031	31	40.9
CBDDTY010000015.1	1	513578	1386	187348	36.479	1.07303	30.6	22.6
CBDDTY010000016.1	1	15272	66	6736	44.1069	1.56149	30.1	34.6
CBDDTY010000018.1	1	1808000	4287	647151	35.7938	1.01251	30.7	16.2
CBDDTY010000019.1	1	1397391	3949	553194	39.5876	1.27103	30.9	2.01
CBDDTY010000020.1	1	1374880	2085	338429	24.6152	0.559448	30.7	26
CBDDTY010000022.1	1	792527	2189	310057	39.1226	1.07608	30.4	23.7
CBDDTY010000023.1	1	1139680	5214	315143	27.6519	2.65316	31.1	9.08
CBDDTY010000024.1	1	1667	6	853	51.1698	1.30594	30.7	6.33
CBDDTY010000025.1	1	1026420	2130	350804	34.1774	0.799543	30.3	30.3
CBDDTY010000026.1	1	1012600	799	138748	13.7022	0.326243	30.8	20.7
CBDDTY010000027.1	1	968581	1196	220259	22.7404	0.534352	30.9	24.4
CBDDTY010000028.1	1	555299	1872	190950	34.3869	1.45345	31.2	8.2
CBDDTY010000029.1	1	799000	3478	253486	31.7254	1.93215	31	22.5
CBDDTY010000030.1	1	749000	78	31685	4.23031	0.0607623	31.6	0.577
CBDDTY010000031.1	1	715217	1204	184542	25.8022	0.636182	30.1	26.9
CBDDTY010000032.1	1	699400	786	118159	16.8943	0.457722	30.7	13.6
CBDDTY010000033.1	1	662224	110	46696	7.05139	0.104752	31.7	1.35
CBDDTY010000034.1	1	657600	1983	135137	20.55	1.43333	31.2	14.4
CBDDTY010000035.1	1	604775	1362	204674	33.843	0.868589	30.4	26.1
CBDDTY010000036.1	1	577475	1200	204593	35.4289	0.773568	30.6	26.6
CBDDTY010000037.1	1	364000	49	17709	4.86511	0.0984038	31	1.04
CBDDTY010000038.1	1	353843	517	78185	22.096	0.595518	30.4	27.4
CBDDTY010000039.1	1	347000	612	118566	34.1689	0.691452	31.1	18.5
CBDDTY010000040.1	1	340000	297	42079	12.3762	0.339765	30.8	24.8
CBDDTY010000041.1	1	335200	484	91133	27.1876	0.629314	30.8	19.1
CBDDTY010000042.1	1	294000	1022	136272	46.351	1.33251	30.4	24.7
CBDDTY010000043.1	1	288000	549	84230	29.2465	0.711736	30.7	14.7
CBDDTY010000044.1	1	285552	471	71499	25.0389	0.683371	30.5	17
CBDDTY010000045.1	1	284000	592	87026	30.643	0.858137	30.8	15.9
CBDDTY010000046.1	1	267800	783	103430	38.6221	1.12263	30.7	21.8
CBDDTY010000047.1	1	254316	35	10401	4.08979	0.0618247	30	2.37
CBDDTY010000048.1	1	240800	638	101094	41.9826	1.01191	30.5	22.3
CBDDTY010000049.1	1	221200	671	95686	43.2577	1.46331	31.1	5.48
CBDDTY010000050.1	1	211042	349	64748	30.6801	0.656945	30.6	25.9
CBDDTY010000051.1	1	205000	423	58801	28.6834	0.839663	30.7	21.7
CBDDTY010000052.1	1	195200	259	41031	21.02	0.537285	29.4	15.6
CBDDTY010000053.1	1	195000	478	105103	53.899	0.950692	30.6	44
CBDDTY010000054.1	1	194200	358	55578	28.6189	0.955808	31.1	2.28
CBDDTY010000055.1	1	193800	665	79676	41.1125	1.47605	30.7	27.3
CBDDTY010000056.1	1	190600	544	83635	43.8799	1.03205	30.6	22.6
CBDDTY010000057.1	1	180000	163	18766	10.4256	0.420472	30.7	6.24
CBDDTY010000058.1	1	178701	166	28452	15.9216	0.34706	30.7	15.2
CBDDTY010000059.1	1	175000	107	24661	14.092	0.198389	30.8	3.53
CBDDTY010000060.1	1	169926	541	62557	36.8143	1.32598	30	11.1
CBDDTY010000061.1	1	165200	187	27162	16.4419	0.372972	30.5	10.3
CBDDTY010000062.1	1	162000	392	62680	38.6914	1.02136	30.8	16.6
CBDDTY010000063.1	1	161000	521	60369	37.4963	1.21486	30.8	2.12
CBDDTY010000064.1	1	4986	11	3294	66.065	0.911352	30.5	47.5
CBDDTY010000066.1	1	155400	29	8712	5.60618	0.077677	32.5	6.72
CBDDTY010000067.1	1	153036	299	48111	31.4377	0.787553	30.1	12.3
CBDDTY010000068.1	1	153000	294	36532	23.8771	0.692353	30.5	14.4
CBDDTY010000069.1	1	219	1	136	62.1005	0.621005	31.2	1
CBDDTY010000070.1	1	150357	365	65780	43.7492	0.947086	30.5	16.1
CBDDTY010000071.1	1	142400	166	30246	21.2402	0.814087	29.7	3.13
CBDDTY010000072.1	1	140603	490	68795	48.9285	1.42644	30.8	23.1
CBDDTY010000073.1	1	134000	413	68880	51.403	2.43972	32.4	0.685
CBDDTY010000074.1	1	127396	82	18709	14.6857	0.23036	29.7	2.7
CBDDTY010000075.1	1	126000	136	26448	20.9905	0.396397	30	3.63
CBDDTY010000076.1	1	122094	485	60587	49.6232	1.72688	30.1	13.9
CBDDTY010000077.1	1	118000	119	36216	30.6915	0.508271	30.7	2.13
CBDDTY010000078.1	1	113200	167	33723	29.7906	0.483313	30.4	0.305
CBDDTY010000079.1	1	110600	672	57486	51.9765	2.79485	29.2	22.5
CBDDTY010000080.1	1	109000	6	1091	1.00092	0.0153486	29.4	0
CBDDTY010000081.1	1	106000	71	21238	20.0358	0.304566	29.4	1.76
CBDDTY010000082.1	1	105000	175	35834	34.1276	0.62001	30.7	23
CBDDTY010000083.1	1	103000	10	6787	6.58932	0.0848641	31.8	0.8
CBDDTY010000084.1	1	101400	2	192	0.189349	0.00189349	30.4	0
CBDDTY010000085.1	1	101000	50	10459	10.3554	0.140713	30.6	3.76
CBDDTY010000086.1	1	99160	260	33902	34.1892	0.951482	30.3	25.9
CBDDTY010000087.1	1	98000	86	15829	16.152	0.322561	30.6	0.256
CBDDTY010000088.1	1	94000	74	15621	16.6181	0.302032	30.6	4.54
CBDDTY010000089.1	1	93200	37	9911	10.6341	0.129624	32.2	1.76
CBDDTY010000090.1	1	93200	239	29530	31.6845	1.10266	30.7	31.1
CBDDTY010000091.1	1	91592	4	2416	2.63778	0.0354398	32	0.75
CBDDTY010000092.1	1	91000	33	13966	15.3473	0.187989	31.5	1.33
CBDDTY010000093.1	1	89742	249	43049	47.9697	1.06134	30.8	1.93
CBDDTY010000094.1	1	89082	173	25140	28.2212	0.732112	30.1	18.7
CBDDTY010000095.1	1	89000	53	10040	11.2809	0.207742	31.7	19.3
CBDDTY010000096.1	1	89000	15	6368	7.15506	0.102933	32.9	1.13
CBDDTY010000097.1	1	88400	92	11619	13.1437	0.300973	29.4	10.1
CBDDTY010000098.1	1	88187	75	12058	13.6732	0.331931	31.5	4.03
CBDDTY010000099.1	1	88000	319	39386	44.7568	1.45222	30.3	19.6
CBDDTY010000100.1	1	85432	359	48915	57.2561	1.57501	30.5	5.95
CBDDTY010000101.1	1	84721	157	33393	39.4153	0.681744	31.1	12.2
CBDDTY010000102.1	1	84000	259	40231	47.894	1.25258	31.1	25.6
CBDDTY010000103.1	1	82593	10	3762	4.55487	0.0487935	28.9	1.2
CBDDTY010000104.1	1	82000	150	18476	22.5317	0.864268	31.1	0.42
CBDDTY010000105.1	1	81000	2	1116	1.37778	0.0137778	29.2	1
CBDDTY010000106.1	1	79800	102	18440	23.1078	0.473609	30.6	23.3
CBDDTY010000107.1	1	80000	6	3855	4.81875	0.0555375	32.9	1.5
CBDDTY010000108.1	1	80000	128	20318	25.3975	0.714662	30.7	9.74
CBDDTY010000109.1	1	79658	116	17827	22.3794	0.559366	30.4	19.7
CBDDTY010000110.1	1	78800	277	36729	46.6104	1.3909	29.9	24.8
CBDDTY010000111.1	1	79000	392	47574	60.2203	2.13743	30.8	3.98
CBDDTY010000112.1	1	78378	167	21253	27.116	0.712458	30.5	17.9
CBDDTY010000113.1	1	78200	429	43456	55.5703	3.04133	31.9	4.11
CBDDTY010000114.1	1	77000	77	12752	16.561	0.327844	29.8	21.9
CBDDTY010000115.1	1	76454	116	22447	29.3601	0.507325	30.6	0.259
CBDDTY010000116.1	1	75599	3360	41119	54.3909	18.9472	30	0.243
CBDDTY010000117.1	1	75000	274	32039	42.7187	1.54965	30.1	12.6
CBDDTY010000118.1	1	74641	167	37119	49.73	0.91782	30.2	42.4
CBDDTY010000119.1	1	74000	194	36772	49.6919	1.00361	30.5	32.4
CBDDTY010000120.1	1	74000	109	21649	29.2554	0.538149	31.1	4.12
CBDDTY010000121.1	1	74000	52	13138	17.7541	0.345149	31	2.35
CBDDTY010000122.1	1	74000	3	758	1.02432	0.0102432	31.1	0
CBDDTY010000123.1	1	72678	128	14705	20.2331	0.658934	31.3	28
CBDDTY010000124.1	1	72011	154	27314	37.9303	0.94455	31.2	17.9
CBDDTY010000125.1	1	71823	176	27567	38.3819	0.931986	30.8	24.9
CBDDTY010000126.1	1	72000	285	30435	42.2708	1.60079	30.1	9.35
CBDDTY010000127.1	1	72000	8	1644	2.28333	0.0349306	30.3	17.6
CBDDTY010000128.1	1	72000	183	21321	29.6125	0.931972	30.4	17.7
CBDDTY010000129.1	1	71000	118	10458	14.7296	0.674169	31	12.3
CBDDTY010000130.1	1	70000	80	17193	24.5614	0.376329	31.3	0.787
CBDDTY010000131.1	1	69800	160	21828	31.2722	0.759355	30.5	19.8
CBDDTY010000132.1	1	69600	29	8486	12.1925	0.160603	30.4	6.03
CBDDTY010000133.1	1	68800	190	31379	45.609	1.15022	31.6	16
CBDDTY010000134.1	1	69000	240	38232	55.4087	1.50783	30.4	5.01
CBDDTY010000135.1	1	68847	155	22564	32.7741	0.737243	30.8	9.75
CBDDTY010000136.1	1	68000	66	10858	15.9676	0.32875	29.7	26.2
CBDDTY010000137.1	1	68000	23	7863	11.5632	0.117368	30.6	0.826
CBDDTY010000138.1	1	66000	295	24009	36.3773	1.76305	31.7	21.9
CBDDTY010000139.1	1	65676	56	16268	24.7701	0.344768	31.8	4.18
CBDDTY010000140.1	1	65517	132	24180	36.9065	0.776516	30.9	33.7
CBDDTY010000141.1	1	65000	891	30296	46.6092	6.03437	30.7	22.5
CBDDTY010000142.1	1	64675	57	14683	22.7027	0.376699	30.5	2.05
CBDDTY010000143.1	1	64000	150	24129	37.7016	0.940438	30.3	9.29
CBDDTY010000144.1	1	64000	68	19353	30.2391	0.624094	31.9	2.72
CBDDTY010000145.1	1	64000	99	17950	28.0469	0.580484	30.5	17.9
CBDDTY010000146.1	1	63800	64	12230	19.1693	0.444969	30.5	9.22
CBDDTY010000147.1	1	64000	43	11838	18.4969	0.307578	31.6	3.42
CBDDTY010000148.1	1	63205	126	25006	39.5633	0.759149	30.1	12
CBDDTY010000149.1	1	63000	92	23417	37.1698	0.576365	30.8	5
CBDDTY010000150.1	1	63000	45	14641	23.2397	0.258143	31.3	0.622
CBDDTY010000151.1	1	62400	173	16473	26.399	0.934984	30.7	16.3
CBDDTY010000152.1	1	61800	136	26273	42.5129	0.932864	30.9	16.4
CBDDTY010000153.1	1	62000	80	17274	27.8613	0.467355	30.4	3.2
CBDDTY010000154.1	1	61792	26	5253	8.5011	0.120873	30.6	24.7
CBDDTY010000155.1	1	61130	120	20541	33.6022	0.764109	30.1	19.2
CBDDTY010000156.1	1	61000	19	3975	6.51639	0.158705	32.2	1.32
CBDDTY010000157.1	1	61000	1	230	0.377049	0.00377049	28.9	0
CBDDTY010000158.1	1	59400	63	11638	19.5926	0.375337	30.6	2.29
CBDDTY010000159.1	1	60000	52	17501	29.1683	0.373	30.4	1.38
CBDDTY010000160.1	1	58000	50	13123	22.6259	0.299862	30.2	2.28
CBDDTY010000161.1	1	57000	43	11206	19.6596	0.336158	29	4.26
CBDDTY010000162.1	1	56000	470	28771	51.3768	4.0273	31.3	0.806
CBDDTY010000163.1	1	55600	81	17345	31.196	0.54536	31.2	1.6
CBDDTY010000164.1	1	54600	83	14673	26.8736	0.55815	31.5	21.4
CBDDTY010000165.1	1	54285	71	20512	37.7858	0.600571	31.6	1.01
CBDDTY010000166.1	1	54000	292	33938	62.8481	1.98874	30	44.1
CBDDTY010000168.1	1	53000	46	9470	17.8679	0.387698	31	7.28
CBDDTY010000169.1	1	53000	12	3251	6.13396	0.0909623	29.3	3.58
CBDDTY010000170.1	1	53000	67	17748	33.4868	0.629075	32.1	0.985
CBDDTY010000171.1	1	53000	2	467	0.881132	0.00881132	31.5	39
CBDDTY010000172.1	1	52000	10	3664	7.04615	0.0888654	32.2	3
CBDDTY010000174.1	1	52000	433	31153	59.9096	3.58883	31	0.554
CBDDTY010000175.1	1	52000	4	2722	5.23462	0.0693269	32.6	1
CBDDTY010000176.1	1	51767	71	10423	20.1344	0.535901	31.2	19.6
CBDDTY010000177.1	1	51000	128	10594	20.7725	0.81049	31.3	12.8
CBDDTY010000178.1	1	51000	30	7863	15.4176	0.316176	31.1	3.87
CBDDTY010000179.1	1	50278	521	27646	54.9863	4.02327	30.7	1.11
CBDDTY010000180.1	1	50000	15	3978	7.956	0.11304	30	0.467
CBDDTY010000181.1	1	49343	401	33869	68.6399	4.11568	31.6	8.7
CBDDTY010000182.1	1	43800	82	14469	33.0342	0.807831	29.7	21.6
CBDDTY010000183.1	1	43018	25	7316	17.0068	0.223534	30.7	0.2
CBDDTY010000184.1	1	42800	109	16741	39.1145	0.922827	30.5	11.2
CBDDTY010000185.1	1	39997	108	13342	33.3575	1.07188	30.8	47.3
CBDDTY010000186.1	1	39979	163	26258	65.6795	1.70337	31.2	38.8
CBDDTY010000187.1	1	39930	129	21582	54.0496	1.3724	30.7	37.8
CBDDTY010000188.1	1	39923	101	17667	44.2527	0.899006	29.6	35.9
CBDDTY010000189.1	1	39907	146	26319	65.9508	1.39499	30	39.4
CBDDTY010000190.1	1	39885	108	24898	62.4245	1.05772	30.8	46.1
CBDDTY010000191.1	1	39852	205	22279	55.9043	1.90136	30.9	41.7
CBDDTY010000192.1	1	39835	81	17605	44.1948	0.710707	30.9	32.5
CBDDTY010000193.1	1	39826	96	19463	48.8701	1.03839	30.7	41.6
CBDDTY010000194.1	1	39777	76	10501	26.3997	0.695603	30.8	6.86
CBDDTY010000195.1	1	39752	119	30403	76.4817	1.36504	30.2	41.6
CBDDTY010000196.1	1	39747	132	24502	61.6449	1.17257	30.1	45.2
CBDDTY010000197.1	1	39727	123	22840	57.4924	1.41677	30.7	28.2
CBDDTY010000198.1	1	39726	91	19843	49.9497	0.902029	30.2	48.4
CBDDTY010000199.1	1	39701	15	2580	6.49858	0.096723	31.2	6.27
CBDDTY010000200.1	1	39691	160	22570	56.8643	1.62299	30.5	28.6
CBDDTY010000201.1	1	39675	68	14756	37.1922	0.591556	30.7	35.1
CBDDTY010000202.1	1	39636	279	25022	63.1295	2.81007	30.3	43.9
CBDDTY010000203.1	1	39634	77	15219	38.3988	0.675052	31.6	23.9
CBDDTY010000204.1	1	39633	66	14170	35.753	0.692832	29.8	20.4
CBDDTY010000205.1	1	39628	125	23018	58.0852	1.19945	30.1	35.8
CBDDTY010000206.1	1	39601	126	24049	60.7283	1.16934	30.5	31.9
CBDDTY010000207.1	1	39600	76	18862	47.6313	0.871263	30.6	34.4
CBDDTY010000208.1	1	39595	121	18156	45.8543	1.18141	31.3	24.1
CBDDTY010000209.1	1	39385	26	6665	16.9227	0.245703	31.2	21
CBDDTY010000210.1	1	39584	28	5848	14.7736	0.260383	30.4	33.7
CBDDTY010000211.1	1	39576	92	16917	42.7456	0.87313	31.2	30.1
CBDDTY010000212.1	1	39569	32	8908	22.5126	0.297632	29.9	12.4
CBDDTY010000213.1	1	39567	144	21030	53.1504	1.57394	30	15.3
CBDDTY010000214.1	1	39564	155	22625	57.1858	1.54509	31	34.3
CBDDTY010000215.1	1	39559	157	23288	58.869	1.63712	30.5	39.2
CBDDTY010000216.1	1	39546	55	11091	28.0458	0.473777	30.2	10.7
CBDDTY010000217.1	1	39539	160	19563	49.4777	1.67463	30.8	33.8
CBDDTY010000218.1	1	39539	113	26048	65.8793	1.30916	30.3	42.8
CBDDTY010000219.1	1	39529	213	27699	70.0726	2.42769	30.2	29.3
CBDDTY010000220.1	1	39525	110	22959	58.0873	1.00324	30.1	41.5
CBDDTY010000221.1	1	39512	132	23349	59.0934	1.38571	31.2	27.7
CBDDTY010000222.1	1	39446	105	17801	45.1275	1.07709	30.7	31
CBDDTY010000223.1	1	39434	98	18478	46.858	0.980093	31.5	36
CBDDTY010000224.1	1	39425	150	26283	66.6658	1.47399	30.7	45.2
CBDDTY010000225.1	1	39419	433	34351	87.1433	4.43423	30.2	38.8
CBDDTY010000226.1	1	39410	86	16001	40.6014	0.911824	30.5	24.6
CBDDTY010000227.1	1	39362	99	14364	36.492	0.945404	30.4	35.9
CBDDTY010000228.1	1	39355	60	12795	32.5118	0.737365	30.5	31.6
CBDDTY010000229.1	1	39340	123	15758	40.0559	1.22326	31.3	16.2
CBDDTY010000230.1	1	39328	187	30815	78.3538	1.9258	30	43.1
CBDDTY010000231.1	1	39324	133	27225	69.2325	1.55027	32.1	38.7
CBDDTY010000232.1	1	39317	59	12235	31.1189	0.566396	31.6	24.3
CBDDTY010000233.1	1	39277	151	25442	64.7758	1.42799	30.5	54.3
CBDDTY010000234.1	1	39272	160	22086	56.2385	1.73134	29.8	27.6
CBDDTY010000235.1	1	39248	67	12573	32.0348	0.628975	31.3	16.7
CBDDTY010000236.1	1	39207	44	10481	26.7325	0.486673	30.3	20.4
CBDDTY010000237.1	1	39200	79	17896	45.6531	0.781862	30.9	26.1
CBDDTY010000238.1	1	39153	93	17696	45.197	0.910224	31	23.2
CBDDTY010000239.1	1	39125	100	24700	63.131	0.976486	30.8	49.1
CBDDTY010000240.1	1	39102	78	17903	45.7854	0.754795	31.2	45.4
CBDDTY010000241.1	1	39098	24	4350	11.1259	0.17607	29.5	15
CBDDTY010000242.1	1	39086	213	17933	45.8809	2.46664	30.6	2.23
CBDDTY010000243.1	1	39070	67	16267	41.6355	0.687868	31	48.3
CBDDTY010000244.1	1	39068	193	21268	54.4384	1.85858	30.3	22.2
CBDDTY010000245.1	1	39057	112	19421	49.7248	1.01641	29.8	35.1
CBDDTY010000246.1	1	39044	99	16663	42.6775	0.945011	29.8	16.9
CBDDTY010000247.1	1	39044	95	17528	44.8929	0.875602	30.3	19.6
CBDDTY010000248.1	1	39041	96	20146	51.6022	1.00561	29.8	30.4
CBDDTY010000249.1	1	39022	100	17421	44.644	0.877197	30.8	36.7
CBDDTY010000250.1	1	39001	115	26219	67.2265	1.28174	30.4	48.9
CBDDTY010000251.1	1	38800	202	24781	63.8686	2.07088	30	18.5
CBDDTY010000252.1	1	39000	6	1233	3.16154	0.0419231	27.7	4.67
CBDDTY010000253.1	1	39000	210	22951	58.8487	2.50769	30.6	20.7
CBDDTY010000254.1	1	39000	141	27225	69.8077	1.33967	31.1	36.2
CBDDTY010000255.1	1	39000	41	7325	18.7821	0.370795	30.1	28.3
CBDDTY010000256.1	1	38800	11	2014	5.19072	0.0631186	29.9	10.7
CBDDTY010000257.1	1	39000	92	11400	29.2308	0.90241	29.7	13.7
CBDDTY010000258.1	1	39000	206	20381	52.259	2.24387	30.2	53.3
CBDDTY010000259.1	1	39000	22	6137	15.7359	0.196513	30.9	29.9
CBDDTY010000260.1	1	39000	42	9356	23.9897	0.340179	30.2	7
CBDDTY010000261.1	1	39000	320	26043	66.7769	3.27069	30.7	33.6
CBDDTY010000262.1	1	39000	118	24264	62.2154	1.15141	30.1	45.1
CBDDTY010000263.1	1	39000	35	7227	18.5308	0.342744	31.6	29.9
CBDDTY010000264.1	1	39000	121	24658	63.2256	1.27264	31.2	39.1
CBDDTY010000265.1	1	38800	129	28027	72.2345	1.31003	30.9	51.3
CBDDTY010000266.1	1	39000	99	24393	62.5462	1.06364	30.3	48.6
CBDDTY010000267.1	1	39000	114	15628	40.0718	1.21654	30.1	8.13
CBDDTY010000268.1	1	39000	164	19973	51.2128	1.58328	31.1	36.9
CBDDTY010000269.1	1	39000	218	15283	39.1872	2.17164	31.1	5.51
CBDDTY010000270.1	1	38982	124	12340	31.6556	1.09822	29.9	12.2
CBDDTY010000271.1	1	38976	122	22982	58.9645	1.21287	31	29.1
CBDDTY010000272.1	1	38962	80	13533	34.7338	0.735614	29.8	32.3
CBDDTY010000273.1	1	38953	41	9656	24.7888	0.42464	31	43.8
CBDDTY010000274.1	1	38909	132	19372	49.788	1.30533	30.2	24.5
CBDDTY010000275.1	1	38882	57	14331	36.8577	0.578803	30.4	45.2
CBDDTY010000276.1	1	38878	77	16456	42.3273	0.768584	30.9	16.3
CBDDTY010000277.1	1	38878	141	16508	42.461	1.25302	30.7	18.8
CBDDTY010000278.1	1	38865	194	18224	46.8905	1.94242	30.5	9.78
CBDDTY010000279.1	1	38853	91	19664	50.6113	0.835791	32	45.2
CBDDTY010000280.1	1	38850	100	19235	49.5109	1.07704	30.5	30.6
CBDDTY010000281.1	1	38832	96	16252	41.8521	1.01012	30.4	18.3
CBDDTY010000282.1	1	38810	96	19286	49.6934	1.3067	31.4	33.2
CBDDTY010000283.1	1	38771	65	10839	27.9565	0.67094	30.5	21.7
CBDDTY010000284.1	1	38770	100	19202	49.528	1.0286	30.4	46.2
CBDDTY010000285.1	1	38755	56	12816	33.0693	0.612695	30.4	34.2
CBDDTY010000286.1	1	38738	84	20129	51.9619	0.826837	30.6	41.2
CBDDTY010000287.1	1	38720	168	19388	50.0723	1.67565	30.9	17.9
CBDDTY010000288.1	1	38713	131	23138	59.768	1.41593	30.1	43.4
CBDDTY010000289.1	1	38712	35	6551	16.9224	0.388846	30.9	5.4
CBDDTY010000290.1	1	38709	122	16446	42.4862	1.2842	30.2	31.3
CBDDTY010000291.1	1	38702	99	19812	51.1912	1.0939	31.2	23.9
CBDDTY010000292.1	1	38701	100	23525	60.7865	1.05542	30.2	45.6
CBDDTY010000293.1	1	38680	155	17529	45.318	1.28144	30.8	28.6
CBDDTY010000294.1	1	38634	170	22287	57.6875	1.64205	30.7	30.7
CBDDTY010000295.1	1	38608	96	13244	34.3038	1.05709	31.5	18.1
CBDDTY010000296.1	1	38606	133	24948	64.6221	1.46951	30.7	45.9
CBDDTY010000297.1	1	38601	94	17878	46.3149	1.07723	30.1	30.1
CBDDTY010000298.1	1	38590	114	22517	58.3493	1.20985	31.7	27.2
CBDDTY010000299.1	1	38564	99	18851	48.8824	0.996681	30.9	31.5
CBDDTY010000300.1	1	38531	163	25368	65.8379	1.69053	30.5	32.8
CBDDTY010000301.1	1	38525	159	25797	66.9617	1.8652	30.6	32.9
CBDDTY010000302.1	1	38520	167	27407	71.1501	1.86215	30.3	38.1
CBDDTY010000303.1	1	38510	122	19873	51.6048	1.1134	30.4	23.4
CBDDTY010000304.1	1	38509	110	26470	68.7372	1.2628	31.6	56.9
CBDDTY010000305.1	1	38500	129	25562	66.3948	1.38223	31	43.7
CBDDTY010000306.1	1	38496	119	20899	54.2888	1.08276	30.5	42.8
CBDDTY010000307.1	1	38496	63	11432	29.6966	0.496181	30.7	23
CBDDTY010000308.1	1	38488	116	25026	65.0229	1.14342	30.5	48.2
CBDDTY010000309.1	1	38475	127	18708	48.6238	1.21614	30.9	26.6
CBDDTY010000310.1	1	38475	247	23244	60.4133	2.07574	30.8	22.5
CBDDTY010000311.1	1	38461	128	16457	42.7888	1.26268	30.3	10.6
CBDDTY010000312.1	1	38440	129	27014	70.2758	1.38647	31.2	21.1
CBDDTY010000313.1	1	38421	10	2556	6.65261	0.0993207	29.6	18.7
CBDDTY010000314.1	1	38411	213	23708	61.7219	2.30765	31.1	28.8
CBDDTY010000315.1	1	38407	206	23388	60.8951	2.37842	30.7	18.5
CBDDTY010000316.1	1	38391	145	23068	60.087	1.66302	30.5	40.3
CBDDTY010000317.1	1	38384	96	16606	43.2628	0.952558	30.5	20.2
CBDDTY010000318.1	1	38383	86	14465	37.686	0.755152	31.7	29.7
CBDDTY010000319.1	1	38375	131	17053	44.4378	1.1638	30.6	18.9
CBDDTY010000320.1	1	38368	111	14193	36.9918	0.881412	30.5	11.1
CBDDTY010000321.1	1	38356	125	27968	72.9169	1.36187	30.6	49.4
CBDDTY010000322.1	1	38340	108	9435	24.6088	0.941914	31	11
CBDDTY010000323.1	1	38335	67	14260	37.1984	0.679431	30.8	38.4
CBDDTY010000324.1	1	38317	26	4260	11.1178	0.153404	31.5	8.92
CBDDTY010000325.1	1	38299	107	24071	62.8502	1.17499	30.7	50.4
CBDDTY010000326.1	1	38273	120	23265	60.787	1.22737	31.4	47.1
CBDDTY010000327.1	1	38259	135	14310	37.403	1.36052	30.5	16.6
CBDDTY010000328.1	1	38219	114	21058	55.0982	1.22162	30.1	25.8
CBDDTY010000329.1	1	38211	111	24907	65.1828	1.19005	31.1	50.9
CBDDTY010000330.1	1	38211	125	16638	43.5424	1.09903	30.2	18
CBDDTY010000331.1	1	38209	79	18095	47.358	0.799	30.9	27.5
CBDDTY010000332.1	1	38200	170	27449	71.856	1.8711	30.1	28.8
CBDDTY010000333.1	1	38155	49	11999	31.448	0.5458	30.1	12.3
CBDDTY010000334.1	1	38145	95	19361	50.7563	0.85833	30.6	23.7
CBDDTY010000335.1	1	38142	80	12102	31.7288	0.888863	30.8	14.9
CBDDTY010000336.1	1	38087	118	21510	56.476	1.19495	30.5	33.8
CBDDTY010000337.1	1	38074	41	7308	19.1942	0.353102	30.4	6.32
CBDDTY010000338.1	1	38035	107	12743	33.5034	1.05876	31	23.2
CBDDTY010000339.1	1	38023	92	11229	29.5321	0.786945	29.3	20
CBDDTY010000340.1	1	38010	25	5932	15.6064	0.191502	29.9	6.64
CBDDTY010000341.1	1	38009	110	23538	61.9274	1.1577	30.9	51.3
CBDDTY010000342.1	1	38000	147	22204	58.4316	1.61095	30.9	31.6
CBDDTY010000343.1	1	37800	82	14487	38.3254	0.908148	31.1	35.4
CBDDTY010000344.1	1	37800	5	1046	2.7672	0.0505556	32.9	0
CBDDTY010000345.1	1	38000	83	15422	40.5842	0.761263	30.6	40.6
CBDDTY010000346.1	1	38000	21	5350	14.0789	0.206105	28	25.2
CBDDTY010000347.1	1	38000	99	23300	61.3158	1.13534	30	37.8
CBDDTY010000348.1	1	38000	55	8053	21.1921	0.485632	29.4	23.8
CBDDTY010000349.1	1	38000	372	34283	90.2184	4.40116	31.1	46.9
CBDDTY010000350.1	1	38000	86	18537	48.7816	0.849842	31.1	19.6
CBDDTY010000351.1	1	38000	126	20917	55.0447	1.31371	30.8	24.7
CBDDTY010000352.1	1	38000	17	2973	7.82368	0.111553	31.1	14.8
CBDDTY010000353.1	1	38000	176	11027	29.0184	2.16487	30.9	27.2
CBDDTY010000354.1	1	38000	146	19879	52.3132	1.58734	30.1	33.5
CBDDTY010000355.1	1	37800	97	21624	57.2063	1.0187	30.1	49.7
CBDDTY010000356.1	1	38000	101	14514	38.1947	1.03947	30.1	24.1
CBDDTY010000357.1	1	38000	188	13042	34.3211	2.119	30.4	19.9
CBDDTY010000358.1	1	38000	173	23014	60.5632	1.8735	30.9	29.3
CBDDTY010000359.1	1	38000	49	9994	26.3	0.477421	30.6	14
CBDDTY010000360.1	1	37800	86	15049	39.8122	0.834974	30.8	42.2
CBDDTY010000361.1	1	37981	284	18507	48.727	2.98865	31.5	10.3
CBDDTY010000362.1	1	37963	89	18146	47.7992	0.98438	30.1	20.5
CBDDTY010000363.1	1	37945	110	10725	28.2646	0.987693	30.1	13.6
CBDDTY010000364.1	1	37938	157	29795	78.536	1.96568	30.9	47.4
CBDDTY010000365.1	1	37936	164	26125	68.866	1.7553	31	25.4
CBDDTY010000366.1	1	37933	78	15683	41.3439	0.800912	29.9	47.8
CBDDTY010000367.1	1	37907	49	10565	27.8708	0.370143	32.2	9.2
CBDDTY010000368.1	1	37899	43	9062	23.9109	0.424497	30.4	11.7
CBDDTY010000369.1	1	37885	96	15478	40.8552	0.870661	31	21.6
CBDDTY010000370.1	1	37879	88	21459	56.6514	0.952955	30.3	46.2
CBDDTY010000371.1	1	37870	76	17936	47.362	0.780539	31.2	26.4
CBDDTY010000372.1	1	37842	51	7234	19.1163	0.384335	28.5	11.5
CBDDTY010000373.1	1	37831	90	20669	54.6351	0.931802	31.7	46.2
CBDDTY010000374.1	1	37830	114	24873	65.7494	1.21686	30.1	47.2
CBDDTY010000375.1	1	37814	126	16115	42.6165	1.36822	30	10.7
CBDDTY010000376.1	1	37795	103	21665	57.3224	1.11372	30	40
CBDDTY010000377.1	1	37771	145	23450	62.0847	1.37815	30.3	28.1
CBDDTY010000378.1	1	37750	18	3537	9.36954	0.125722	31.9	9.72
CBDDTY010000379.1	1	37725	122	22475	59.5759	1.28737	30.5	38.4
CBDDTY010000380.1	1	37697	119	25551	67.7799	1.34462	29.3	53.6
CBDDTY010000381.1	1	37692	65	14546	38.5917	0.636634	30.4	36.3
CBDDTY010000382.1	1	37682	77	11515	30.5584	0.548246	30.1	21.3
CBDDTY010000383.1	1	37667	122	18832	49.996	1.1821	30	24.4
CBDDTY010000384.1	1	37660	101	18923	50.2469	1.19182	30.4	21.6
CBDDTY010000385.1	1	37657	165	17014	45.1815	1.6952	30.4	13.7
CBDDTY010000386.1	1	37656	120	26881	71.3857	1.43401	30.3	53.5
CBDDTY010000387.1	1	37650	81	15206	40.3878	0.851023	30.8	27.2
CBDDTY010000388.1	1	37648	72	10716	28.4637	0.733213	30.2	20.1
CBDDTY010000389.1	1	37620	57	9617	25.5635	0.511377	30.6	9.77
CBDDTY010000390.1	1	37599	123	19405	51.6104	1.18173	31.2	29.9
CBDDTY010000391.1	1	37587	118	24493	65.1635	1.21366	30.1	40.1
CBDDTY010000392.1	1	37579	107	14632	38.9366	1.07347	30.6	26.2
CBDDTY010000393.1	1	37565	122	17833	47.4724	1.41022	30.4	31.7
CBDDTY010000394.1	1	37561	43	7105	18.9159	0.324006	29.8	8.56
CBDDTY010000395.1	1	37552	119	22909	61.0061	1.16766	31.5	33.2
CBDDTY010000396.1	1	37526	35	8333	22.2059	0.300405	30.5	2.11
CBDDTY010000397.1	1	37511	44	8673	23.1212	0.43238	29.5	39.4
CBDDTY010000398.1	1	37500	86	15760	42.0267	0.816267	30.4	31.9
CBDDTY010000399.1	1	37488	107	12566	33.5201	1.01478	31.5	27.3
CBDDTY010000400.1	1	37486	46	8424	22.4724	0.365496	31	10.3
CBDDTY010000401.1	1	37468	131	24559	65.5466	1.53849	31.2	27.4
CBDDTY010000402.1	1	37458	72	6837	18.2524	0.766005	30.8	18.2
CBDDTY010000403.1	1	37449	46	10804	28.8499	0.498518	31.9	18
CBDDTY010000404.1	1	37432	97	13691	36.5757	1.06422	29.3	24.1
CBDDTY010000405.1	1	37422	126	19674	52.5734	1.24929	29.6	27.6
CBDDTY010000406.1	1	37413	171	17902	47.8497	1.91361	30.8	22.7
CBDDTY010000407.1	1	37403	87	11384	30.4361	0.772291	30.4	13.2
CBDDTY010000408.1	1	37401	77	11555	30.8949	0.718858	32.1	23.9
CBDDTY010000409.1	1	37392	84	19184	51.3051	0.915116	30.8	53.4
CBDDTY010000410.1	1	37375	137	20720	55.4381	1.47904	30.3	36.4
CBDDTY010000411.1	1	37372	64	9144	24.4675	0.664134	29	16
CBDDTY010000412.1	1	37362	89	12508	33.4779	0.830229	29.6	24
CBDDTY010000413.1	1	37357	54	5772	15.4509	0.408973	30.1	9.91
CBDDTY010000414.1	1	37356	63	9264	24.7992	0.645572	32	24.6
CBDDTY010000415.1	1	37351	52	9854	26.3822	0.492678	30.6	9.44
CBDDTY010000416.1	1	37340	228	23439	62.7718	2.62922	30.2	29.2
CBDDTY010000417.1	1	37339	149	26337	70.5348	1.41072	30.2	40.7
CBDDTY010000418.1	1	37333	111	23445	62.7997	1.14647	31.1	38.6
CBDDTY010000419.1	1	37330	116	24115	64.5995	1.27447	30.7	49.4
CBDDTY010000420.1	1	37320	135	29201	78.2449	1.52899	31.3	53.4
CBDDTY010000421.1	1	37314	145	27002	72.3643	1.57941	31	46.4
CBDDTY010000422.1	1	37303	104	24178	64.8152	1.14023	30.8	41.6
CBDDTY010000423.1	1	37294	96	23209	62.2325	1.13466	30.5	51.4
CBDDTY010000424.1	1	37288	78	16227	43.518	0.739997	30.2	22.7
CBDDTY010000425.1	1	37287	47	11936	32.0112	0.452276	30.9	24.5
CBDDTY010000426.1	1	37269	70	9598	25.7533	0.575331	30.8	13.3
CBDDTY010000427.1	1	37260	16	3669	9.84702	0.189989	32.4	2.06
CBDDTY010000428.1	1	37255	114	23226	62.3433	1.21562	30.3	45.6
CBDDTY010000429.1	1	37239	120	21532	57.8211	1.11695	30.5	29.4
CBDDTY010000430.1	1	37224	133	24809	66.6479	1.45524	30.6	48.5
CBDDTY010000431.1	1	37219	119	25481	68.4623	1.38314	30.7	53.1
CBDDTY010000432.1	1	37210	89	16762	45.047	1.16815	30.1	20.5
CBDDTY010000433.1	1	37180	212	26021	69.9866	2.31146	30.7	25.1
CBDDTY010000434.1	1	37176	111	19730	53.0719	1.1448	31	36.4
CBDDTY010000435.1	1	37173	215	26780	72.0415	2.35889	30.6	48.2
CBDDTY010000436.1	1	37171	102	27889	75.0289	1.34285	31.3	57.2
CBDDTY010000437.1	1	37161	77	18898	50.8544	0.87939	30.5	32
CBDDTY010000438.1	1	37150	112	24753	66.6299	1.11758	31.6	49.5
CBDDTY010000439.1	1	37148	134	20782	55.9438	1.4839	30.8	37.7
CBDDTY010000440.1	1	37139	44	9879	26.6001	0.407442	31	21.6
CBDDTY010000441.1	1	37137	66	14416	38.8184	0.581684	31	38.5
CBDDTY010000442.1	1	37117	200	25962	69.9464	2.03519	30.7	34.6
CBDDTY010000443.1	1	37073	126	22419	60.4726	1.28037	30.5	32.9
CBDDTY010000444.1	1	37063	44	8796	23.7326	0.362734	29.3	9.3
CBDDTY010000445.1	1	37063	69	9547	25.7588	0.648787	30.7	9.71
CBDDTY010000446.1	1	37027	51	12726	34.3695	0.578551	30.2	30.7
CBDDTY010000447.1	1	37021	124	19848	53.6128	1.32681	30.6	20
CBDDTY010000448.1	1	37009	61	7388	19.9627	0.638358	31.2	11.1
CBDDTY010000449.1	1	37009	112	21277	57.4914	1.06055	30.2	44.7
CBDDTY010000450.1	1	37003	94	16974	45.872	0.859471	30.7	22.2
CBDDTY010000451.1	1	37000	47	7856	21.2324	0.417081	30.3	15.1
CBDDTY010000452.1	1	37000	68	13302	35.9514	0.634649	30.8	29.7
CBDDTY010000453.1	1	37000	165	16063	43.4135	1.73297	30.3	20.3
CBDDTY010000454.1	1	37000	41	12127	32.7757	0.549946	30.7	21.1
CBDDTY010000455.1	1	37000	114	19053	51.4946	1.14111	31.9	23.3
CBDDTY010000456.1	1	37000	47	11639	31.4568	0.493622	31.9	21.9
CBDDTY010000457.1	1	37000	34	5429	14.673	0.378703	31.3	18.9
CBDDTY010000458.1	1	37000	66	8865	23.9595	0.637838	29.7	17.9
CBDDTY010000459.1	1	37000	108	18745	50.6622	1.28216	30.9	14.9
CBDDTY010000460.1	1	37000	32	8982	24.2757	0.369703	29.3	26.6
CBDDTY010000461.1	1	37000	59	10480	28.3243	0.630622	31	22.4
CBDDTY010000462.1	1	36600	28	7390	20.1913	0.286721	31.9	21.8
CBDDTY010000463.1	1	37000	95	19015	51.3919	0.924405	31.8	40.1
CBDDTY010000464.1	1	37000	259	24836	67.1243	3.00189	30.3	29.3
CBDDTY010000465.1	1	37000	23	5870	15.8649	0.261081	30.7	13.3
CBDDTY010000466.1	1	37000	113	12909	34.8892	1.23924	30.3	26
CBDDTY010000467.1	1	36974	111	19313	52.234	1.07952	30.4	24.4
CBDDTY010000468.1	1	36968	120	16283	44.0462	1.26447	30.9	14.2
CBDDTY010000469.1	1	36961	108	24928	67.4441	1.22673	31.1	53.4
CBDDTY010000470.1	1	36960	98	19986	54.0747	1.12646	31	32.3
CBDDTY010000471.1	1	36951	162	29028	78.5581	1.79262	30.7	34.7
CBDDTY010000472.1	1	36947	129	22570	61.0875	1.35413	30.7	36.2
CBDDTY010000473.1	1	36947	86	17359	46.9835	0.842856	30.9	46.5
CBDDTY010000474.1	1	36939	93	19077	51.6446	0.942798	31.6	37.6
CBDDTY010000475.1	1	36891	158	17891	48.4969	1.54455	30.4	26.6
CBDDTY010000476.1	1	36876	113	17758	48.156	1.09112	30.7	20.4
CBDDTY010000477.1	1	36867	106	26639	72.257	1.34728	30.4	51.8
CBDDTY010000478.1	1	36850	109	22869	62.0597	1.22445	31.4	43.9
CBDDTY010000479.1	1	36847	65	11049	29.9862	0.678726	30.1	15.8
CBDDTY010000480.1	1	36827	75	15061	40.8966	0.765172	31.7	39.2
CBDDTY010000481.1	1	36803	88	18569	50.4551	1.01807	30.6	38.7
CBDDTY010000482.1	1	36768	58	11319	30.7849	0.557169	30.4	36.7
CBDDTY010000483.1	1	36764	199	24069	65.4689	2.30592	31	26.9
CBDDTY010000484.1	1	36752	93	14607	39.7448	0.975512	30.5	17.4
CBDDTY010000485.1	1	36750	108	21198	57.6816	1.29184	30.8	21.6
CBDDTY010000486.1	1	36725	94	21121	57.5112	0.978489	29.7	44.8
CBDDTY010000487.1	1	36704	193	28955	78.8879	1.9472	30.6	44.9
CBDDTY010000488.1	1	36703	93	22060	60.1041	1.00292	29.6	44
CBDDTY010000489.1	1	36700	55	7390	20.1362	0.549946	30.7	27.5
CBDDTY010000490.1	1	36697	130	26539	72.3193	1.55819	30.9	37.1
CBDDTY010000491.1	1	36695	177	24920	67.9112	1.77621	31.3	38.5
CBDDTY010000492.1	1	36693	51	14879	40.55	0.66138	30.5	42.9
CBDDTY010000493.1	1	36680	42	11106	30.2781	0.434624	31.2	32.5
CBDDTY010000494.1	1	36660	88	17341	47.3022	0.848582	30.5	41.9
CBDDTY010000495.1	1	36651	128	26376	71.9653	1.49259	30.3	45.8
CBDDTY010000496.1	1	36643	112	20444	55.7924	1.13812	30.6	37.2
CBDDTY010000497.1	1	36635	66	10642	29.0487	0.665538	30.3	9.52
CBDDTY010000498.1	1	36632	66	8472	23.1273	0.651288	30.9	18
CBDDTY010000499.1	1	36626	158	23174	63.272	1.59264	30.7	41.1
CBDDTY010000500.1	1	36604	102	22645	61.8648	1.15731	30.7	47.1
CBDDTY010000501.1	1	36576	60	14750	40.327	0.748906	31.2	29.4
CBDDTY010000502.1	1	36569	35	8589	23.4871	0.38992	30.7	7.49
CBDDTY010000503.1	1	36544	91	5083	13.9093	1.01524	30.9	17.8
CBDDTY010000504.1	1	36537	81	17638	48.2744	0.91707	30.9	30.5
CBDDTY010000505.1	1	36535	168	18061	49.4348	1.9175	30.4	21.3
CBDDTY010000506.1	1	36522	105	20792	56.9301	0.981874	31	42.2
CBDDTY010000507.1	1	36517	69	9862	27.0066	0.660076	31.5	25.7
CBDDTY010000508.1	1	36508	19	3815	10.4498	0.153966	30.6	22.3
CBDDTY010000509.1	1	36479	91	20666	56.6518	1.08506	31.2	43.2
CBDDTY010000510.1	1	36479	109	22462	61.5752	1.22196	30	41.7
CBDDTY010000511.1	1	36464	97	22711	62.2833	1.00041	32.3	49.9
CBDDTY010000512.1	1	36411	69	9684	26.5964	0.675593	30	34.9
CBDDTY010000513.1	1	36383	80	15395	42.3137	0.902262	30.9	35.3
CBDDTY010000514.1	1	36369	45	10263	28.2191	0.448459	32.4	14
CBDDTY010000515.1	1	36361	81	15433	42.4438	0.834576	31.3	13.5
CBDDTY010000516.1	1	36346	114	21368	58.7905	1.29288	30.2	39.9
CBDDTY010000517.1	1	36321	67	15966	43.958	0.694777	31	41.7
CBDDTY010000518.1	1	36316	41	9513	26.1951	0.404808	28.5	16.2
CBDDTY010000519.1	1	36300	72	15024	41.3884	0.725978	29.4	26.2
CBDDTY010000520.1	1	36292	71	12590	34.6908	0.662322	30.6	7.39
CBDDTY010000521.1	1	36254	151	12028	33.177	1.49459	30.9	17.4
CBDDTY010000522.1	1	36241	67	13118	36.1966	0.689495	30.8	24.9
CBDDTY010000523.1	1	36224	90	17196	47.4713	0.840631	29.9	32.2
CBDDTY010000524.1	1	36203	64	12122	33.4834	0.706986	30.4	22.2
CBDDTY010000525.1	1	36196	127	16629	45.9415	1.23541	30.1	14.2
CBDDTY010000526.1	1	36191	118	26258	72.5539	1.40162	30.8	54.2
CBDDTY010000527.1	1	36185	72	9990	27.6081	0.739036	30.4	22.2
CBDDTY010000528.1	1	36177	126	12260	33.8889	1.39779	31	11.1
CBDDTY010000529.1	1	36170	107	12479	34.501	1.1125	30	27.2
CBDDTY010000530.1	1	36068	165	27681	76.7467	1.72873	30.4	32.5
CBDDTY010000531.1	1	36067	101	20736	57.493	1.06965	30.7	45.5
CBDDTY010000532.1	1	36042	188	19102	52.9993	2.14014	30.8	16.9
CBDDTY010000533.1	1	36041	119	22822	63.3223	1.37776	31.1	42
CBDDTY010000534.1	1	36038	109	22239	61.7099	1.28056	29.3	50.1
CBDDTY010000535.1	1	36037	73	11980	33.2436	0.668008	30.9	11.3
CBDDTY010000536.1	1	36027	100	18128	50.3178	1.05127	30.3	39
CBDDTY010000537.1	1	36021	81	15923	44.2048	0.777796	29.8	35.2
CBDDTY010000538.1	1	36013	62	15455	42.9151	0.677727	31.6	42.6
CBDDTY010000539.1	1	36009	65	10787	29.9564	0.65953	30	17.5
CBDDTY010000540.1	1	36007	62	12044	33.4491	0.681284	30.8	18.2
CBDDTY010000541.1	1	36000	62	10324	28.6778	0.657028	30.3	15.7
CBDDTY010000542.1	1	36000	45	4124	11.4556	0.321972	30.8	16.2
CBDDTY010000543.1	1	36000	105	19504	54.1778	1.21983	31.3	38.5
CBDDTY010000544.1	1	35600	29	7407	20.8062	0.321882	31.3	5.45
CBDDTY010000545.1	1	36000	24	5614	15.5944	0.313417	29.4	0.75
CBDDTY010000546.1	1	36000	358	29865	82.9583	4.00122	30.4	34.5
CBDDTY010000547.1	1	36000	65	16260	45.1667	0.680722	30.4	43
CBDDTY010000548.1	1	36000	17	3448	9.57778	0.131861	30.3	8.65
CBDDTY010000549.1	1	36000	34	6718	18.6611	0.305111	30.5	16.3
CBDDTY010000550.1	1	36000	102	24171	67.1417	1.1715	31.3	53
CBDDTY010000551.1	1	36000	69	10986	30.5167	0.697917	31.7	37.7
CBDDTY010000552.1	1	36000	30	6026	16.7389	0.306694	32	5.87
CBDDTY010000553.1	1	36000	98	12130	33.6944	0.993361	31.2	7.91
CBDDTY010000554.1	1	36000	112	18062	50.1722	1.25183	30.5	15.3
CBDDTY010000555.1	1	36000	51	10191	28.3083	0.495694	31.4	3.55
CBDDTY010000556.1	1	36000	93	16378	45.4944	1.09478	30.2	11.2
CBDDTY010000557.1	1	36000	49	10814	30.0389	0.508722	30.8	23.2
CBDDTY010000558.1	1	36000	59	10798	29.9944	0.628806	29.5	14.1
CBDDTY010000559.1	1	36000	64	10955	30.4306	0.612139	29.8	10.5
CBDDTY010000560.1	1	36000	138	16708	46.4111	1.63872	30.7	22.7
CBDDTY010000561.1	1	36000	112	18104	50.2889	1.14161	30.7	26.7
CBDDTY010000562.1	1	35996	61	11209	31.1396	0.622458	30.8	27.2
CBDDTY010000563.1	1	35994	65	13059	36.281	0.695699	30.1	26.1
CBDDTY010000564.1	1	35993	89	18608	51.6989	0.824021	30.5	43.1
CBDDTY010000565.1	1	35974	82	15621	43.423	0.749263	30.9	21.2
CBDDTY010000566.1	1	35951	157	23028	64.0539	1.67022	30.7	25.7
CBDDTY010000567.1	1	35932	64	10206	28.4037	0.598631	30.1	33.4
CBDDTY010000568.1	1	35907	37	9727	27.0894	0.405826	30.3	41.4
CBDDTY010000569.1	1	35901	89	17324	48.2549	0.900783	31.1	29
CBDDTY010000570.1	1	35881	44	10727	29.896	0.426465	30.6	20.1
CBDDTY010000571.1	1	35878	114	16683	46.4992	1.17448	30.7	30.2
CBDDTY010000572.1	1	35869	71	15350	42.7946	0.667652	30.4	42.8
CBDDTY010000573.1	1	35838	50	9651	26.9295	0.448853	29.8	38.6
CBDDTY010000574.1	1	35809	103	19337	54.0004	1.13639	30.2	24
CBDDTY010000575.1	1	35804	70	13665	38.1661	0.623422	30.4	36.7
CBDDTY010000576.1	1	35783	169	21583	60.3164	1.74795	29.8	27.1
CBDDTY010000577.1	1	35774	69	13570	37.9326	0.682507	31.1	27
CBDDTY010000578.1	1	35767	90	11111	31.0649	0.860989	30.9	32.8
CBDDTY010000579.1	1	35746	146	14496	40.5528	1.97644	29.7	21.9
CBDDTY010000580.1	1	35706	100	23619	66.1485	1.33807	31.1	51.2
CBDDTY010000581.1	1	35701	49	10783	30.2036	0.522254	31.1	6.55
CBDDTY010000582.1	1	35667	174	21542	60.3976	1.81608	31.1	18.4
CBDDTY010000583.1	1	35664	224	20983	58.8352	2.56051	31.4	31.9
CBDDTY010000584.1	1	35663	52	9376	26.2906	0.473544	29.4	10.7
CBDDTY010000585.1	1	35659	379	30191	84.6659	4.65986	30.2	22.9
CBDDTY010000586.1	1	35653	47	7924	22.2253	0.40423	30.3	6.81
CBDDTY010000587.1	1	35632	103	18965	53.2246	1.2205	29.4	44.8
CBDDTY010000588.1	1	35623	98	15094	42.3715	1.0857	29.9	25.5
CBDDTY010000589.1	1	35617	90	15452	43.3838	0.967151	30.3	33.9
CBDDTY010000590.1	1	35611	74	21316	59.8579	0.865098	30.9	39.1
CBDDTY010000591.1	1	35600	98	16190	45.4775	0.893202	30.8	31
CBDDTY010000592.1	1	35580	146	28484	80.0562	1.73797	31.1	47.3
CBDDTY010000593.1	1	35579	66	12891	36.232	0.682172	30.9	38
CBDDTY010000594.1	1	35553	86	19105	53.7367	0.884735	30.5	35.4
CBDDTY010000595.1	1	35548	25	4771	13.4213	0.237425	30.4	39.3
CBDDTY010000596.1	1	35530	57	9302	26.1807	0.550577	31.2	7.84
CBDDTY010000597.1	1	35530	108	18381	51.7337	1.31841	31.2	37
CBDDTY010000598.1	1	35528	18	4449	12.5225	0.232099	31	52.3
CBDDTY010000599.1	1	35493	72	15009	42.2872	0.763784	30.3	23
CBDDTY010000600.1	1	35492	153	27178	76.575	1.80165	30.6	42.7
CBDDTY010000601.1	1	35485	41	11952	33.6818	0.433733	30	39.8
CBDDTY010000602.1	1	35471	109	19227	54.2048	1.07505	30.8	33.6
CBDDTY010000603.1	1	35451	106	14068	39.6829	0.939917	31.2	19.2
CBDDTY010000604.1	1	35446	86	17106	48.2593	0.917678	30.1	25.7
CBDDTY010000605.1	1	35444	125	20702	58.4076	1.2722	30.3	29.3
CBDDTY010000606.1	1	35436	147	25472	71.8817	1.59197	30.4	48.1
CBDDTY010000607.1	1	35427	118	20740	58.5429	1.39874	30.9	27.8
CBDDTY010000608.1	1	35411	106	13549	38.2621	1.13174	31.5	25.3
CBDDTY010000609.1	1	35406	115	13109	37.0248	1.2035	30.7	30.3
CBDDTY010000610.1	1	35405	67	14337	40.4943	0.679932	30.2	21.5
CBDDTY010000611.1	1	35394	119	20192	57.0492	1.343	30	33.6
CBDDTY010000612.1	1	35391	134	20215	57.119	1.57989	30.8	45.6
CBDDTY010000613.1	1	35375	123	23000	65.0177	1.37173	30.2	38.7
CBDDTY010000614.1	1	35360	37	5923	16.7506	0.329977	31.3	16.3
CBDDTY010000615.1	1	35356	118	22005	62.2384	1.19957	31.8	39.1
CBDDTY010000616.1	1	35353	132	22855	64.648	1.49297	30.9	27.3
CBDDTY010000617.1	1	35339	128	25058	70.9075	1.43895	30.4	43.3
CBDDTY010000618.1	1	35335	149	26387	74.6767	1.55251	30.6	36.7
CBDDTY010000619.1	1	35317	125	20294	57.4624	1.44639	30.6	36.1
CBDDTY010000620.1	1	35312	76	18223	51.6057	0.86608	30.6	52.6
CBDDTY010000621.1	1	35302	68	14980	42.4339	0.770098	30.8	12.2
CBDDTY010000622.1	1	35301	64	12622	35.7554	0.786408	31.1	30.7
CBDDTY010000623.1	1	35276	87	20549	58.2521	1.01724	30.6	52.8
CBDDTY010000624.1	1	35275	74	15971	45.2757	0.769639	31.1	44.5
CBDDTY010000625.1	1	35268	88	17451	49.4811	0.86716	31	26.5
CBDDTY010000626.1	1	35244	120	23985	68.0541	1.50806	30.9	33.2
CBDDTY010000627.1	1	35237	107	25009	70.9737	1.29063	30.4	50
CBDDTY010000628.1	1	35226	73	15885	45.0945	0.871856	31.1	20.4
CBDDTY010000629.1	1	35215	100	19577	55.5928	1.09079	31.8	35.8
CBDDTY010000630.1	1	35189	119	21236	60.3484	1.3943	30.3	4.32
CBDDTY010000631.1	1	35182	158	24548	69.7743	1.7993	30.8	49
CBDDTY010000632.1	1	35142	94	20976	59.6893	1.0943	30	34.4
CBDDTY010000633.1	1	35132	18	4497	12.8003	0.159541	29.2	31.7
CBDDTY010000634.1	1	35126	146	19195	54.6461	1.48648	30.5	36.8
CBDDTY010000635.1	1	35121	134	21181	60.3086	1.5786	30.1	34.7
CBDDTY010000636.1	1	35089	99	13368	38.0974	0.982901	30.6	22.2
CBDDTY010000637.1	1	35077	106	16543	47.162	1.21279	29	26.7
CBDDTY010000638.1	1	35069	50	12795	36.4852	0.553195	30	37.8
CBDDTY010000639.1	1	35053	130	18301	52.2095	1.31104	30.7	10.8
CBDDTY010000640.1	1	35042	89	20503	58.5098	1.09514	31.4	44.7
CBDDTY010000641.1	1	35041	82	19711	56.2512	0.940384	31.3	49.3
CBDDTY010000642.1	1	35040	40	8618	24.5947	0.378339	30.4	29.6
CBDDTY010000643.1	1	35019	69	16244	46.3862	0.750792	30.4	40.9
CBDDTY010000644.1	1	35016	73	20740	59.2301	0.918751	31.2	52.9
CBDDTY010000645.1	1	35010	103	21544	61.5367	1.05327	31.1	48.6
CBDDTY010000646.1	1	35000	10	2212	6.32	0.0859429	28	17.5
CBDDTY010000647.1	1	35000	127	15528	44.3657	1.48146	32.1	12.1
CBDDTY010000648.1	1	35000	121	19816	56.6171	1.51194	31.2	35.1
CBDDTY010000649.1	1	35000	32	5347	15.2771	0.269971	29.9	9.25
CBDDTY010000650.1	1	35000	84	13153	37.58	0.832371	30.7	29.2
CBDDTY010000651.1	1	35000	30	11787	33.6771	0.504857	31.5	33.1
CBDDTY010000652.1	1	35000	194	15603	44.58	2.24717	30.8	16.9
CBDDTY010000653.1	1	35000	69	11952	34.1486	0.824571	29.8	25.3
CBDDTY010000654.1	1	35000	73	15477	44.22	0.942371	31.2	7.1
CBDDTY010000655.1	1	35000	33	8159	23.3114	0.3292	30.4	2.76
CBDDTY010000656.1	1	35000	89	13964	39.8971	1.02094	31.3	16.1
CBDDTY010000657.1	1	34800	43	8926	25.6494	0.365891	31.1	16.4
CBDDTY010000658.1	1	35000	140	18184	51.9543	1.64923	31.1	24.2
CBDDTY010000659.1	1	35000	178	20471	58.4886	1.83823	31	40.9
CBDDTY010000660.1	1	35000	37	5636	16.1029	0.393857	29.8	24.2
CBDDTY010000661.1	1	35000	147	16381	46.8029	1.84917	31.1	21
CBDDTY010000662.1	1	35000	128	15154	43.2971	1.41729	29.6	12.5
CBDDTY010000663.1	1	35000	79	8193	23.4086	0.727943	32.4	25.8
CBDDTY010000664.1	1	34987	95	12013	34.3356	0.954555	30.9	16.8
CBDDTY010000665.1	1	34986	72	15172	43.3659	0.783285	30.5	32.8
CBDDTY010000666.1	1	34983	173	24806	70.9087	1.95103	30.4	50.3
CBDDTY010000667.1	1	34982	75	11649	33.3	0.885884	31.8	35.9
CBDDTY010000668.1	1	34972	67	10124	28.9489	0.689094	31	9.39
CBDDTY010000669.1	1	34950	101	20594	58.9242	1.25843	30.5	34.4
CBDDTY010000670.1	1	34942	305	25735	73.6506	3.45956	31.4	44.4
CBDDTY010000671.1	1	34934	110	20004	57.2623	1.1506	30.3	31.7
CBDDTY010000672.1	1	34925	63	13324	38.1503	0.813744	30.2	15.9
CBDDTY010000673.1	1	34922	51	12345	35.3502	0.488345	30.6	12.8
CBDDTY010000674.1	1	34918	50	10487	30.0332	0.476631	30.9	35.3
CBDDTY010000675.1	1	34907	116	20091	57.5558	1.08408	29.6	30.8
CBDDTY010000676.1	1	34893	93	14361	41.1573	1.06718	31	16.4
CBDDTY010000677.1	1	34876	105	23721	68.0153	1.26219	31.2	45.3
CBDDTY010000678.1	1	34863	44	8642	24.7885	0.380604	31	5.55
CBDDTY010000679.1	1	34854	113	16695	47.8998	1.22852	30.8	41.4
CBDDTY010000680.1	1	34847	109	21290	61.0956	1.30944	30.3	33.4
CBDDTY010000681.1	1	34839	43	10225	29.3493	0.402566	30.3	9.67
CBDDTY010000682.1	1	34824	143	22832	65.564	1.6186	30.6	31.8
CBDDTY010000683.1	1	34791	51	10452	30.0423	0.544049	31.3	33.6
CBDDTY010000684.1	1	34774	101	18256	52.499	1.02122	30.5	46.4
CBDDTY010000685.1	1	34677	284	24635	71.0413	3.73074	30	37.2
CBDDTY010000686.1	1	34671	138	21106	60.8751	1.47475	31.1	32.6
CBDDTY010000687.1	1	34617	130	19240	55.5796	1.56221	31.5	45.1
CBDDTY010000688.1	1	34609	64	12964	37.4585	0.792164	29.5	45.2
CBDDTY010000689.1	1	34607	113	20091	58.0547	1.27416	30.1	29.8
CBDDTY010000690.1	1	34599	56	4420	12.7749	0.392092	31	19.3
CBDDTY010000691.1	1	34599	163	17283	49.9523	1.88899	30.8	20
CBDDTY010000692.1	1	34584	80	12245	35.4065	0.824399	30.6	32.7
CBDDTY010000693.1	1	34578	71	14455	41.804	0.744577	31.2	34.2
CBDDTY010000694.1	1	34559	117	23774	68.7925	1.46092	31.7	49.2
CBDDTY010000695.1	1	34533	132	23052	66.7535	1.40804	31.4	31
CBDDTY010000696.1	1	34476	136	22117	64.1519	1.32942	30.4	30.2
CBDDTY010000697.1	1	34476	99	15081	43.7435	1.0143	30.2	26.4
CBDDTY010000698.1	1	34464	64	13600	39.4615	0.760968	30.5	34
CBDDTY010000699.1	1	34461	51	10919	31.6851	0.594875	30.9	22.1
CBDDTY010000700.1	1	34459	141	16990	49.305	1.8022	31.4	24.5
CBDDTY010000701.1	1	34436	33	4386	12.7367	0.291323	33.4	14.1
CBDDTY010000702.1	1	34429	81	19198	55.7611	0.933573	30.4	34.1
CBDDTY010000703.1	1	34426	99	19468	56.5503	1.20211	30.4	22.2
CBDDTY010000704.1	1	34379	176	23018	66.9537	2.03168	30.7	33.5
CBDDTY010000705.1	1	34351	196	24953	72.6413	2.51466	30.8	47.6
CBDDTY010000706.1	1	34304	125	22133	64.5202	1.41537	29.8	27.1
CBDDTY010000707.1	1	34288	136	19252	56.1479	1.437	30.7	29.3
CBDDTY010000708.1	1	34277	70	16088	46.9353	0.718558	31.5	40.3
CBDDTY010000709.1	1	34223	114	21663	63.2995	1.48634	29.8	36.7
CBDDTY010000710.1	1	34219	162	22968	67.1206	1.97741	30.3	9.25
CBDDTY010000711.1	1	34211	71	15499	45.3041	0.86671	31.5	35.9
CBDDTY010000712.1	1	34207	95	18024	52.691	1.09887	31.4	35.1
CBDDTY010000713.1	1	34200	55	8874	25.9474	0.553421	30.8	42.7
CBDDTY010000714.1	1	34198	97	22984	67.2086	1.20744	30.8	45.1
CBDDTY010000715.1	1	34194	89	24578	71.8781	1.2208	30.9	49.6
CBDDTY010000716.1	1	34185	251	23873	69.8347	3.21612	30.4	33.2
CBDDTY010000717.1	1	34155	90	16182	47.3781	0.985156	29.9	42.4
CBDDTY010000718.1	1	34148	128	22313	65.342	1.43836	31.4	33.8
CBDDTY010000719.1	1	34147	99	20178	59.0916	1.20593	30.5	48.7
CBDDTY010000720.1	1	34139	76	14056	41.1729	0.898415	30.3	16.3
CBDDTY010000721.1	1	34138	101	18522	54.2563	1.16483	31.2	45
CBDDTY010000722.1	1	34137	74	11414	33.4359	0.755925	31.3	11.5
CBDDTY010000723.1	1	34130	73	13650	39.9941	0.792118	30.1	30.6
CBDDTY010000724.1	1	34124	77	13062	38.278	0.791847	30	23.5
CBDDTY010000725.1	1	34122	80	11110	32.5596	0.795762	29.6	4.24
CBDDTY010000726.1	1	34090	158	21971	64.45	1.4066	28.8	25.7
CBDDTY010000727.1	1	34087	73	8563	25.121	0.716578	30.2	20.2
CBDDTY010000728.1	1	34078	53	12382	36.3343	0.585451	31.2	9.64
CBDDTY010000729.1	1	34053	32	6169	18.1159	0.291399	31.4	13.8
CBDDTY010000730.1	1	34026	141	15813	46.4733	1.54461	29.9	20.9
CBDDTY010000731.1	1	34006	20	4355	12.8066	0.204111	30.7	24.5
CBDDTY010000732.1	1	34000	65	10245	30.1324	0.671206	31.5	4.35
CBDDTY010000733.1	1	34000	66	13924	40.9529	0.633971	29.8	24.1
CBDDTY010000734.1	1	34000	99	11893	34.9794	1.19009	30.7	27.9
CBDDTY010000735.1	1	34000	184	11055	32.5147	2.05079	30.5	26.2
CBDDTY010000736.1	1	34000	94	16157	47.5206	1.03594	30.4	28.2
CBDDTY010000737.1	1	34000	48	9190	27.0294	0.566235	30.9	18.5
CBDDTY010000738.1	1	34000	92	16675	49.0441	0.947324	30.5	33.2
CBDDTY010000739.1	1	34000	125	12148	35.7294	1.422	29.7	14.9
CBDDTY010000740.1	1	34000	173	19778	58.1706	1.87774	31.6	18.7
CBDDTY010000741.1	1	34000	128	9828	28.9059	1.46682	30.2	8.84
CBDDTY010000742.1	1	33800	222	11680	34.5562	2.39352	30.2	32.5
CBDDTY010000743.1	1	34000	45	7373	21.6853	0.488912	30.8	13.6
CBDDTY010000744.1	1	34000	42	7556	22.2235	0.356029	30.2	9.95
CBDDTY010000745.1	1	34000	91	8261	24.2971	1.03165	30.8	17
CBDDTY010000746.1	1	34000	139	18738	55.1118	1.40529	30	31.7
CBDDTY010000747.1	1	34000	182	14012	41.2118	2.38529	31.4	18.5
CBDDTY010000748.1	1	34000	38	7046	20.7235	0.311294	31.2	12.1
CBDDTY010000749.1	1	34000	79	7815	22.9853	1.02306	28.1	18.9
CBDDTY010000750.1	1	33800	86	15531	45.9497	0.896124	30.7	24.7
CBDDTY010000751.1	1	34000	58	13746	40.4294	0.636353	32.1	21.4
CBDDTY010000752.1	1	34000	143	23636	69.5176	1.80653	30.9	34.8
CBDDTY010000753.1	1	34000	94	20342	59.8294	1.07644	29.9	41.3
CBDDTY010000754.1	1	33612	74	13614	40.5034	0.885398	29.1	30.2
CBDDTY010000755.1	1	33992	99	18046	53.089	1.05857	30.5	39.6
CBDDTY010000756.1	1	33985	164	24416	71.8435	2.19353	30.4	44.9
CBDDTY010000757.1	1	33983	95	19593	57.6553	0.958715	29.8	42.1
CBDDTY010000758.1	1	33983	74	8277	24.3563	0.636554	30.2	17
CBDDTY010000759.1	1	33929	43	10289	30.3251	0.534056	31.2	9.4
CBDDTY010000760.1	1	33925	62	12262	36.1444	0.750744	30.1	16.1
CBDDTY010000761.1	1	33923	85	22110	65.177	1.09914	30.7	53.5
CBDDTY010000762.1	1	33914	97	20006	58.9904	1.05381	30.8	42.7
CBDDTY010000763.1	1	33898	114	19740	58.2335	1.2873	30.7	31.1
CBDDTY010000764.1	1	33890	47	6806	20.0826	0.498702	31.7	39.8
CBDDTY010000765.1	1	33888	68	16365	48.2914	0.799103	31.6	47.1
CBDDTY010000766.1	1	33673	139	18535	55.0441	1.69254	30.4	19.3
CBDDTY010000767.1	1	33858	106	20964	61.9174	1.31606	31.3	46.6
CBDDTY010000768.1	1	33839	29	7359	21.7471	0.312864	31.1	26.5
CBDDTY010000769.1	1	33835	149	21518	63.5969	1.4923	30.6	35.1
CBDDTY010000770.1	1	33831	99	18893	55.8452	1.1091	30.4	44.5
CBDDTY010000771.1	1	33828	72	16297	48.1761	0.77832	29.9	46.8
CBDDTY010000772.1	1	33826	81	18840	55.6968	0.961361	30.7	43.5
CBDDTY010000773.1	1	33818	92	15798	46.7148	1.09758	30.9	31
CBDDTY010000774.1	1	33817	117	17715	52.3849	1.36703	31.7	28.6
CBDDTY010000775.1	1	33801	116	19678	58.2172	1.22079	31	34.2
CBDDTY010000776.1	1	33789	102	11526	34.1117	1.0098	30.7	25.7
CBDDTY010000777.1	1	33769	113	24655	73.0107	1.54227	31.5	55.9
CBDDTY010000778.1	1	33768	73	9479	28.071	0.779614	30.4	17.2
CBDDTY010000779.1	1	33766	149	22432	66.4337	1.75917	31.4	35.9
CBDDTY010000780.1	1	33762	51	10302	30.5136	0.684438	31.5	30.5
CBDDTY010000781.1	1	33751	45	10444	30.9443	0.538799	30.8	35.8
CBDDTY010000782.1	1	33746	29	5690	16.8613	0.298969	30.1	13.5
CBDDTY010000783.1	1	33732	81	17926	53.1424	0.900302	30.8	39
CBDDTY010000784.1	1	33722	204	20900	61.9773	2.49205	30.5	12.8
CBDDTY010000785.1	1	33708	117	20017	59.3835	1.40151	30.4	41.8
CBDDTY010000786.1	1	33702	95	16802	49.8546	1.20126	30.2	26.7
CBDDTY010000787.1	1	33661	59	11905	35.3673	0.68052	30.5	19.8
CBDDTY010000788.1	1	33654	35	7133	21.1951	0.326529	30.1	33.5
CBDDTY010000789.1	1	33644	102	17665	52.5056	1.1792	30.5	43.5
CBDDTY010000790.1	1	33638	94	20152	59.9084	1.10604	31.4	16.7
CBDDTY010000791.1	1	33637	77	16204	48.1731	0.926955	30.3	35.8
CBDDTY010000792.1	1	33637	59	15136	44.9981	0.696346	30.3	23.9
CBDDTY010000793.1	1	33634	65	12037	35.7882	0.657816	28.9	26.1
CBDDTY010000794.1	1	33629	143	21388	63.5999	1.60252	30.5	33.8
CBDDTY010000795.1	1	33617	102	17811	52.9821	1.0769	31.2	38.5
CBDDTY010000796.1	1	33612	81	16700	49.6846	0.942104	31.5	47.2
CBDDTY010000797.1	1	33606	316	17202	51.1873	4.1836	31.3	29.1
CBDDTY010000798.1	1	33591	104	2953	8.79105	0.521866	32.4	2.52
CBDDTY010000799.1	1	33579	47	10585	31.5227	0.550523	30.6	32.8
CBDDTY010000800.1	1	33572	91	22972	68.4261	1.06782	30.9	49.2
CBDDTY010000801.1	1	33566	37	7330	21.8376	0.404189	30.8	39.3
CBDDTY010000802.1	1	33558	15	2772	8.26033	0.124948	30.4	35.7
CBDDTY010000803.1	1	33558	124	12098	36.051	1.39302	30.5	43.4
CBDDTY010000804.1	1	33534	57	12132	36.1782	0.680861	30.2	36.5
CBDDTY010000805.1	1	33515	143	18418	54.9545	1.57735	30.2	20.1
CBDDTY010000806.1	1	33512	82	15467	46.1536	0.892397	30.8	30.8
CBDDTY010000807.1	1	33506	103	22537	67.2626	1.27837	30.8	45.1
CBDDTY010000808.1	1	33489	147	16751	50.0194	1.74356	31.3	22.9
CBDDTY010000809.1	1	33465	81	15096	45.1098	1.00105	30.9	26.4
CBDDTY010000810.1	1	33458	49	12561	37.5426	0.509445	30.7	4.24
CBDDTY010000811.1	1	33457	70	11154	33.3383	0.71964	30.3	17.3
CBDDTY010000812.1	1	33457	33	6240	18.6508	0.300894	30.6	32.9
CBDDTY010000813.1	1	33431	45	8741	26.1464	0.387844	30.5	17.7
CBDDTY010000814.1	1	33402	135	22002	65.8703	1.61685	30.6	37.7
CBDDTY010000815.1	1	33384	310	25836	77.3904	3.81108	30.1	31.6
CBDDTY010000816.1	1	33379	27	5924	17.7477	0.353815	30.5	7.48
CBDDTY010000817.1	1	33356	66	9489	28.4477	0.792991	30.4	13.1
CBDDTY010000818.1	1	33356	88	19962	59.8453	1.00528	31.3	49.8
CBDDTY010000819.1	1	33350	90	16169	48.4828	1.01535	30.9	31.9
CBDDTY010000820.1	1	33349	130	13811	41.4135	1.42325	29.7	20.3
CBDDTY010000821.1	1	33284	93	18048	54.2243	1.04047	29.3	42.5
CBDDTY010000822.1	1	33274	115	15643	47.0127	1.44852	31.3	28.4
CBDDTY010000823.1	1	33274	338	22541	67.7436	4.12607	30.5	44
CBDDTY010000824.1	1	33255	74	15058	45.2804	0.842279	30.1	37.2
CBDDTY010000825.1	1	33215	83	11320	34.081	0.96059	30.5	25.3
CBDDTY010000826.1	1	33147	105	17548	52.9399	1.19317	31.1	28.1
CBDDTY010000827.1	1	33145	95	16701	50.3877	1.31984	29.8	32
CBDDTY010000828.1	1	33130	81	16393	49.4808	0.910957	30	39.3
CBDDTY010000829.1	1	33113	177	12927	39.039	2.42751	30.4	24
CBDDTY010000830.1	1	33105	34	6256	18.8974	0.293521	31.7	11.9
CBDDTY010000831.1	1	33092	104	18154	54.8592	1.27442	30.6	33.2
CBDDTY010000832.1	1	33090	77	17141	51.8011	1.06141	31.1	51.4
CBDDTY010000833.1	1	33069	104	22448	67.8823	1.33224	31.1	24
CBDDTY010000834.1	1	33053	67	10417	31.516	0.786131	31.7	24.3
CBDDTY010000835.1	1	33051	13	2857	8.64422	0.105776	29.3	20.5
CBDDTY010000836.1	1	33016	90	16649	50.4271	1.00051	30.6	33
CBDDTY010000837.1	1	33006	110	16159	48.9578	1.15997	30.5	31.6
CBDDTY010000838.1	1	33000	121	19380	58.7273	1.36164	31.1	26.5
CBDDTY010000839.1	1	33000	35	10130	30.697	0.425606	32.3	35.6
CBDDTY010000840.1	1	33000	44	4495	13.6212	0.354212	30.8	8.95
CBDDTY010000841.1	1	33000	129	20385	61.7727	1.55997	30.5	6.63
CBDDTY010000842.1	1	33000	82	16893	51.1909	0.917879	31.2	33
CBDDTY010000843.1	1	33000	160	24957	75.6273	2.10258	31.4	22.8
CBDDTY010000844.1	1	33000	132	12929	39.1788	1.5783	30.4	42.2
CBDDTY010000845.1	1	32800	344	25620	78.1098	4.78704	30.5	9.71
CBDDTY010000846.1	1	33000	83	11959	36.2394	1.01833	30.4	35.6
CBDDTY010000847.1	1	33000	105	15028	45.5394	1.08952	31.1	22.5
CBDDTY010000848.1	1	33000	27	7263	22.0091	0.339606	30.8	21
CBDDTY010000849.1	1	33000	86	14320	43.3939	0.936424	30.5	27.7
CBDDTY010000850.1	1	33000	50	8351	25.3061	0.673697	31.5	14
CBDDTY010000851.1	1	33000	108	20847	63.1727	1.22782	31.1	45.9
CBDDTY010000852.1	1	33000	39	6037	18.2939	0.315879	29.6	7.97
CBDDTY010000853.1	1	33000	32	4933	14.9485	0.362485	29.6	16.3
CBDDTY010000854.1	1	33000	113	15265	46.2576	1.47197	30.8	13.7
CBDDTY010000855.1	1	33000	46	7321	22.1848	0.441727	30.9	45.8
CBDDTY010000856.1	1	33000	100	13615	41.2576	1.13485	31.8	33.9
CBDDTY010000857.1	1	32600	124	17298	53.0613	1.58055	30.8	26.2
CBDDTY010000858.1	1	32995	102	22437	68.0012	1.25189	30.2	50.6
CBDDTY010000859.1	1	32982	26	5034	15.2629	0.255776	30.2	11.4
CBDDTY010000860.1	1	32981	26	5580	16.9188	0.311058	32	33.2
CBDDTY010000861.1	1	32973	6	1492	4.52491	0.0502229	27.7	13.2
CBDDTY010000862.1	1	32972	64	16171	49.0446	0.763496	31	47
CBDDTY010000863.1	1	32968	93	20207	61.2928	1.14372	30.8	48.9
CBDDTY010000864.1	1	32945	105	18763	56.9525	1.32314	30.2	37.3
CBDDTY010000865.1	1	32929	90	20178	61.2773	1.13481	30.6	48
CBDDTY010000866.1	1	32909	29	5188	15.7647	0.302622	29.9	13.7
CBDDTY010000867.1	1	32895	63	11543	35.0904	0.574951	31.2	31.2
CBDDTY010000868.1	1	32880	131	21492	65.365	1.53306	30.8	39.9
CBDDTY010000869.1	1	32860	200	17024	51.8077	2.48387	30.6	45.4
CBDDTY010000870.1	1	32845	82	13424	40.8708	0.9638	29.8	24.4
CBDDTY010000871.1	1	32844	82	17664	53.7815	1.00603	30.4	41.7
CBDDTY010000872.1	1	32844	78	14912	45.4025	0.917489	31.2	28.1
CBDDTY010000873.1	1	32842	82	10394	31.6485	0.788777	30.8	14.2
CBDDTY010000874.1	1	32811	90	13555	41.3124	1.07933	30.9	24.5
CBDDTY010000875.1	1	32802	96	20332	61.984	1.21636	31.2	38.8
CBDDTY010000876.1	1	32800	16	3536	10.7805	0.119756	29.6	13.8
CBDDTY010000877.1	1	32799	78	18878	57.5566	0.960121	30.6	48.1
CBDDTY010000878.1	1	32787	90	11501	35.0779	1.10956	30.7	21.3
CBDDTY010000879.1	1	32758	64	14546	44.4044	0.771476	30.6	40.2
CBDDTY010000880.1	1	32752	62	16320	49.829	0.747618	31.1	31.6
CBDDTY010000881.1	1	32736	8	2540	7.75904	0.118035	32.1	12.9
CBDDTY010000882.1	1	32721	37	7451	22.7713	0.445188	31	5.92
CBDDTY010000883.1	1	32713	152	21647	66.1725	1.59346	30.1	38.7
CBDDTY010000884.1	1	32695	98	23532	71.9743	1.34369	30.8	48.6
CBDDTY010000885.1	1	32654	126	18312	56.0789	1.47918	30.8	37.6
CBDDTY010000886.1	1	32652	83	14205	43.5042	0.88601	31.1	31.7
CBDDTY010000887.1	1	32652	41	7434	22.7674	0.469527	30.1	16.1
CBDDTY010000888.1	1	32650	78	14290	43.7672	0.930995	31.5	36.2
CBDDTY010000889.1	1	32631	122	17805	54.5647	1.51466	31.6	42.7
CBDDTY010000890.1	1	32628	21	5451	16.7065	0.263516	30.7	23.5
CBDDTY010000891.1	1	32627	214	24396	74.7724	2.91853	30.3	32.6
CBDDTY010000892.1	1	32626	195	23368	71.6239	2.6344	30.4	45.7
CBDDTY010000893.1	1	32599	54	12639	38.7711	0.566306	30.3	14.8
CBDDTY010000894.1	1	32560	58	11823	36.3114	0.638114	30.7	29.9
CBDDTY010000895.1	1	32545	103	18152	55.7751	1.07015	30.5	34.5
CBDDTY010000896.1	1	32521	68	12211	37.548	0.724363	30.5	23.9
CBDDTY010000897.1	1	32477	82	12048	37.097	0.869169	31.2	14.9
CBDDTY010000898.1	1	32385	91	20930	64.6287	1.1212	31.1	48.5
CBDDTY010000899.1	1	32338	126	22187	68.6097	1.4735	30.2	38.8
CBDDTY010000900.1	1	32332	185	21050	65.1058	2.16764	29.7	23.8
CBDDTY010000901.1	1	32328	64	13996	43.2937	0.639662	31.2	20.9
CBDDTY010000902.1	1	32322	72	11219	34.7101	0.729874	30.6	10.7
CBDDTY010000903.1	1	32321	72	11100	34.343	0.867331	31.2	16.7
CBDDTY010000904.1	1	32315	146	23050	71.3291	1.81058	30.4	31.7
CBDDTY010000905.1	1	32285	93	15062	46.6532	1.19058	31.3	32.4
CBDDTY010000906.1	1	32274	106	22560	69.9015	1.31626	31.3	49.4
CBDDTY010000907.1	1	32264	39	6040	18.7206	0.385166	32.5	14.4
CBDDTY010000908.1	1	32248	41	9046	28.0514	0.420212	29.7	27.9
CBDDTY010000909.1	1	32245	158	20210	62.6764	1.73931	30.4	19.8
CBDDTY010000910.1	1	32244	52	8188	25.3939	0.518205	30.5	6.12
CBDDTY010000911.1	1	32240	57	10251	31.7959	0.669014	30.7	13.4
CBDDTY010000912.1	1	32228	63	10560	32.7665	0.745904	30	16.3
CBDDTY010000913.1	1	32224	120	21739	67.4621	1.5099	31.2	37.7
CBDDTY010000914.1	1	32221	21	4021	12.4794	0.23345	30.8	13.7
CBDDTY010000915.1	1	32207	119	20459	63.5235	1.49797	30.4	27.5
CBDDTY010000916.1	1	32207	33	7182	22.2995	0.37939	32.2	27.7
CBDDTY010000917.1	1	32206	35	7434	23.0827	0.306434	30.4	22.9
CBDDTY010000918.1	1	32199	23	4678	14.5284	0.221777	31.8	14.5
CBDDTY010000919.1	1	32185	114	16327	50.7286	1.28122	30.5	19.6
CBDDTY010000920.1	1	32174	64	9026	28.0537	0.532853	31.1	10.6
CBDDTY010000921.1	1	32164	103	18391	57.1788	1.13372	31.3	41.8
CBDDTY010000922.1	1	32159	112	14343	44.6003	1.09453	29.9	16
CBDDTY010000923.1	1	32157	86	18817	58.516	1.09062	30.2	47.3
CBDDTY010000924.1	1	32156	112	16547	51.4585	1.19325	30.5	34.5
CBDDTY010000925.1	1	32151	77	6702	20.8454	0.799602	32.8	22.2
CBDDTY010000926.1	1	32149	52	9219	28.6759	0.565056	30.3	9.71
CBDDTY010000927.1	1	32123	89	21731	67.6493	1.17206	31	49.4
CBDDTY010000928.1	1	32074	78	14447	45.0427	0.866933	30	30.4
CBDDTY010000929.1	1	32048	31	4063	12.6779	0.255679	29.9	25
CBDDTY010000930.1	1	32000	183	25642	80.1312	2.29356	30.5	33.6
CBDDTY010000931.1	1	31800	40	9799	30.8145	0.557767	29.1	14.8
CBDDTY010000933.1	1	32000	332	23669	73.9656	4.04675	30.1	23
CBDDTY010000934.1	1	32000	23	3711	11.5969	0.187125	29.7	16.6
CBDDTY010000935.1	1	32000	101	21311	66.5969	1.30456	30.2	53.6
CBDDTY010000936.1	1	32000	5	1681	5.25312	0.0609688	29.5	4.2
CBDDTY010000937.1	1	32000	40	5513	17.2281	0.366438	31.7	10.1
CBDDTY010000938.1	1	32000	52	8668	27.0875	0.518813	29.7	10.2
CBDDTY010000939.1	1	32000	88	11338	35.4312	0.945406	30.9	8.67
CBDDTY010000940.1	1	32000	66	11507	35.9594	0.843281	30.7	24.3
CBDDTY010000941.1	1	32000	48	7953	24.8531	0.476625	31.2	17.7
CBDDTY010000942.1	1	32000	36	3623	11.3219	0.306906	30.1	20.3
CBDDTY010000943.1	1	32000	102	19663	61.4469	1.31816	31.5	39.1
CBDDTY010000944.1	1	32000	68	8031	25.0969	0.8095	30.1	19.7
CBDDTY010000945.1	1	32000	102	19791	61.8469	1.30203	30.1	30.1
CBDDTY010000946.1	1	32000	20	3138	9.80625	0.179125	28.9	1.85
CBDDTY010000947.1	1	32000	57	13534	42.2938	0.646094	28.6	44.2
CBDDTY010000948.1	1	32000	98	15441	48.2531	1.33547	31	23
CBDDTY010000949.1	1	32000	35	6028	18.8375	0.370906	31.7	16.9
CBDDTY010000950.1	1	32000	129	20239	63.2469	1.45362	29.3	36.8
CBDDTY010000951.1	1	32000	149	19421	60.6906	1.53875	30.6	17.8
CBDDTY010000952.1	1	32000	8	1429	4.46563	0.079875	31.2	1.5
CBDDTY010000953.1	1	31999	93	20373	63.6676	1.17988	30.8	42
CBDDTY010000954.1	1	31996	75	12115	37.8641	0.851981	30.8	10.3
CBDDTY010000955.1	1	31979	32	8010	25.0477	0.389005	32.6	33.5
CBDDTY010000956.1	1	31977	86	14380	44.9698	0.996247	31.2	22.4
CBDDTY010000957.1	1	31943	6	1477	4.62386	0.0550981	31.4	2.5
CBDDTY010000958.1	1	31917	70	12272	38.4497	0.756995	29.6	39
CBDDTY010000959.1	1	31914	73	16079	50.3823	0.826001	31.3	39.3
CBDDTY010000960.1	1	31910	97	16492	51.6829	1.18041	30.5	23.7
CBDDTY010000961.1	1	31898	104	17534	54.969	1.17045	30.9	24.6
CBDDTY010000962.1	1	31883	119	18839	59.0879	1.45551	31.2	29.5
CBDDTY010000963.1	1	31877	60	12135	38.0682	0.643944	30.5	33.9
CBDDTY010000964.1	1	31877	30	5719	17.9408	0.369483	31.7	39.3
CBDDTY010000965.1	1	31863	151	24099	75.6332	1.90287	30	26.1
CBDDTY010000966.1	1	31845	83	7143	22.4305	0.930162	31.1	8.14
CBDDTY010000967.1	1	31840	99	20438	64.1897	1.24215	31.7	51.2
CBDDTY010000968.1	1	31838	16	4714	14.8062	0.154344	30	1.44
CBDDTY010000969.1	1	31822	103	21906	68.8392	1.35931	30	50.7
CBDDTY010000970.1	1	31815	83	16793	52.7833	1.04485	31.3	27.4
CBDDTY010000971.1	1	31800	148	18103	56.9277	1.87673	30.2	24.2
CBDDTY010000972.1	1	31799	96	18274	57.4672	1.19186	31	23.3
CBDDTY010000973.1	1	31794	65	17104	53.7963	0.790401	31.4	33.7
CBDDTY010000974.1	1	31778	95	17550	55.2269	1.2273	30.6	46.8
CBDDTY010000975.1	1	31769	136	12994	40.9015	1.69731	32.4	15.5
CBDDTY010000976.1	1	31747	108	16760	52.7924	1.257	29.9	29.7
CBDDTY010000977.1	1	31746	187	15662	49.3353	2.38317	30.7	15.8
CBDDTY010000978.1	1	31735	75	14730	46.4156	0.846069	30.2	36.5
CBDDTY010000979.1	1	31693	27	8442	26.6368	0.355504	30.9	18.4
CBDDTY010000980.1	1	31667	181	18367	58.0004	2.13348	30.5	10.6
CBDDTY010000981.1	1	31665	118	20872	65.915	1.55493	31.2	41.8
CBDDTY010000982.1	1	31646	32	6686	21.1275	0.405043	31.1	36.8
CBDDTY010000983.1	1	31631	93	16091	50.871	0.980051	30.2	24
CBDDTY010000984.1	1	31630	96	17278	54.6254	1.24957	30.2	39.6
CBDDTY010000985.1	1	31626	78	13674	43.2366	0.825871	30	29
CBDDTY010000986.1	1	31622	37	7235	22.8796	0.494245	31.8	23
CBDDTY010000987.1	1	31606	4	2019	6.38803	0.0638803	31.5	1
CBDDTY010000988.1	1	31590	171	21147	66.9421	2.05616	29.6	32.1
CBDDTY010000989.1	1	31588	197	23969	75.8801	2.54894	30.8	34.2
CBDDTY010000990.1	1	31579	147	26283	83.2294	1.97555	30.7	52.4
CBDDTY010000991.1	1	31573	107	17250	54.6353	1.30773	30.5	30.2
CBDDTY010000992.1	1	31554	95	20809	65.9473	1.33387	30	55.3
CBDDTY010000993.1	1	31531	50	11826	37.5059	0.544512	29.7	36
CBDDTY010000994.1	1	31506	137	12384	39.3068	1.63712	30.7	5.39
CBDDTY010000995.1	1	31504	139	21417	67.9818	1.89636	30.6	34.8
CBDDTY010000996.1	1	31489	46	8805	27.9621	0.638667	30.9	18.1
CBDDTY010000997.1	1	31488	84	10145	32.2186	0.909458	30.9	34.9
CBDDTY010000998.1	1	31472	16	2629	8.35346	0.151881	31.4	6.69
CBDDTY010000999.1	1	31468	21	5916	18.8001	0.327984	31.8	30.2
CBDDTY010001000.1	1	31466	84	22334	70.9782	1.27264	30.5	51.7
CBDDTY010001001.1	1	31458	47	10720	34.0772	0.630714	30.6	13.4
CBDDTY010001002.1	1	31438	8	1962	6.24086	0.0624086	28	6.62
CBDDTY010001003.1	1	31438	103	20555	65.3827	1.27333	31	47.7
CBDDTY010001004.1	1	31429	40	8761	27.8755	0.534156	31.3	20.5
CBDDTY010001005.1	1	31426	35	8686	27.6395	0.59158	30.2	42.7
CBDDTY010001006.1	1	31423	21	3641	11.5871	0.277758	34.1	6.52
CBDDTY010001007.1	1	31421	96	19477	61.9872	1.19799	30.9	41.4
CBDDTY010001008.1	1	31411	62	11452	36.4586	0.67973	29.7	28.5
CBDDTY010001009.1	1	31401	91	12664	40.3299	0.971402	30.2	18.6
CBDDTY010001010.1	1	31393	97	11948	38.0594	1.26267	29.5	6.86
CBDDTY010001011.1	1	31393	207	17576	55.987	2.76571	30.9	32.3
CBDDTY010001012.1	1	31353	77	17646	56.2817	1.04982	31.2	35
CBDDTY010001013.1	1	31349	104	15597	49.7528	1.2386	30.4	39.5
CBDDTY010001014.1	1	31330	93	17854	56.9869	1.23182	30.6	35.6
CBDDTY010001015.1	1	31314	53	13734	43.859	0.597688	31.3	42.1
CBDDTY010001016.1	1	31312	134	18579	59.3351	1.57761	31	24.3
CBDDTY010001017.1	1	31302	120	20650	65.9702	1.41822	31.4	46.4
CBDDTY010001018.1	1	31290	90	10628	33.9661	0.998466	30.3	20.9
CBDDTY010001019.1	1	31275	78	19166	61.2822	1.03325	31	46
CBDDTY010001020.1	1	31270	24	5260	16.8212	0.216374	29.9	7.92
CBDDTY010001021.1	1	31266	110	18910	60.481	1.42148	31.3	47.3
CBDDTY010001022.1	1	31232	118	16272	52.1004	1.62919	29.6	43.7
CBDDTY010001023.1	1	31224	84	12506	40.0525	1.17112	31.4	25.8
CBDDTY010001024.1	1	31216	107	7221	23.1324	1.23206	30.3	14.6
CBDDTY010001025.1	1	31211	47	10009	32.0688	0.461023	29.7	11.8
CBDDTY010001026.1	1	31195	100	14906	47.7833	1.06113	30.3	24.9
CBDDTY010001027.1	1	31190	24	5967	19.1311	0.325265	32.8	2.12
CBDDTY010001028.1	1	31144	74	10770	34.5813	0.937837	30.7	17.3
CBDDTY010001029.1	1	31142	44	6995	22.4616	0.505587	31.1	20.6
CBDDTY010001030.1	1	31136	88	20644	66.3027	1.13223	31.2	51.5
CBDDTY010001031.1	1	31121	119	17950	57.6781	1.47299	31	37.9
CBDDTY010001032.1	1	31112	54	10380	33.3633	0.553163	30.9	23.9
CBDDTY010001033.1	1	31102	121	16325	52.4886	1.42708	30.4	27.1
CBDDTY010001034.1	1	31078	45	7574	24.3709	0.554701	31.7	19.4
CBDDTY010001035.1	1	31072	163	18004	57.9428	1.90548	30.3	43.6
CBDDTY010001036.1	1	31066	72	17297	55.6782	0.981652	29.1	49.2
CBDDTY010001037.1	1	31052	32	5966	19.2129	0.331444	32.1	9.47
CBDDTY010001038.1	1	31045	32	5870	18.908	0.332131	29	29
CBDDTY010001039.1	1	31039	4	1193	3.84355	0.0490029	31.1	19.8
CBDDTY010001040.1	1	31027	73	10158	32.7392	0.930577	30.6	16.9
CBDDTY010001041.1	1	31024	101	17628	56.8205	1.29103	30.5	36.4
CBDDTY010001042.1	1	31007	102	14408	46.4669	1.28394	30.6	34.8
CBDDTY010001043.1	1	31005	81	13404	43.2317	0.898468	30.4	27.5
CBDDTY010001044.1	1	30800	210	19550	63.474	2.64766	29.8	23.1
CBDDTY010001045.1	1	30800	259	19881	64.5487	3.23039	31	28.2
CBDDTY010001046.1	1	31000	56	11002	35.4903	0.577129	30.7	16.6
CBDDTY010001047.1	1	31000	97	10700	34.5161	1.37984	30.5	12.2
CBDDTY010001048.1	1	31000	43	9035	29.1452	0.519419	32.5	28.1
CBDDTY010001049.1	1	31000	207	18970	61.1935	3.06765	30.9	28.3
CBDDTY010001050.1	1	31000	90	16246	52.4065	1.12513	30.4	29.9
CBDDTY010001051.1	1	30800	60	17235	55.9578	0.790552	30.7	48.2
CBDDTY010001052.1	1	31000	70	14774	47.6581	0.898774	30.5	33
CBDDTY010001053.1	1	30800	107	15115	49.0747	1.34782	29.7	28
CBDDTY010001054.1	1	31000	58	12876	41.5355	0.700323	30.6	32.2
CBDDTY010001055.1	1	31000	69	12655	40.8226	0.683226	30.2	22
CBDDTY010001056.1	1	31000	98	14257	45.9903	1.23397	31.2	20.1
CBDDTY010001057.1	1	31000	86	7773	25.0742	1.22161	32	26.3
CBDDTY010001058.1	1	30400	165	11434	37.6118	2.43161	31.3	39.9
CBDDTY010001059.1	1	31000	152	22736	73.3419	2.29852	30.5	31.6
CBDDTY010001060.1	1	31000	70	12228	39.4452	0.909968	30.6	37.8
CBDDTY010001061.1	1	30600	66	11474	37.4967	0.698889	30.9	19
CBDDTY010001062.1	1	31000	76	15056	48.5677	0.888032	32.4	41.4
CBDDTY010001063.1	1	30727	87	9873	32.1314	0.941192	31.3	17.9
CBDDTY010001064.1	1	30954	122	15637	50.5169	1.51018	31	17.3
CBDDTY010001065.1	1	30937	90	19429	62.8018	1.05822	30.3	46.6
CBDDTY010001066.1	1	30921	116	16986	54.9335	1.29475	30.6	37.4
CBDDTY010001067.1	1	30906	87	18842	60.9655	1.09571	30.3	45.6
CBDDTY010001068.1	1	30905	90	16536	53.5059	1.05044	29.7	26.2
CBDDTY010001069.1	1	30888	56	11412	36.9464	0.65812	30.6	34.4
CBDDTY010001070.1	1	30873	219	20081	65.0439	2.96058	30.5	12.2
CBDDTY010001071.1	1	30868	77	12448	40.3266	0.982053	30.8	16.8
CBDDTY010001072.1	1	30865	90	11660	37.7774	1.11618	31.3	21.4
CBDDTY010001073.1	1	30863	58	12929	41.8916	0.810031	30.8	16.3
CBDDTY010001074.1	1	30860	51	10067	32.6215	0.59339	30.7	5.41
CBDDTY010001075.1	1	30852	141	21951	71.1494	2.0057	31.1	37.5
CBDDTY010001076.1	1	30848	86	15064	48.833	0.945961	30.9	41.7
CBDDTY010001077.1	1	30839	122	17635	57.1841	1.57064	30.5	43.7
CBDDTY010001078.1	1	30834	93	18911	61.3316	1.07829	29.9	39.6
CBDDTY010001079.1	1	30819	90	17424	56.5366	1.2663	29.7	37.4
CBDDTY010001080.1	1	30815	106	19190	62.2749	1.29823	30.7	48.6
CBDDTY010001081.1	1	30792	57	12201	39.6239	0.763965	32	42.1
CBDDTY010001082.1	1	30792	64	7446	24.1816	0.811834	30.8	11.1
CBDDTY010001083.1	1	30759	280	12416	40.3654	4.33974	30.2	29.1
CBDDTY010001084.1	1	30754	43	4677	15.2078	0.621903	29.3	7.98
CBDDTY010001085.1	1	30751	49	10864	35.3289	0.633475	31.1	19.6
CBDDTY010001086.1	1	30705	5	724	2.35792	0.0355968	28.3	0.4
CBDDTY010001087.1	1	30698	87	18465	60.1505	1.07815	30.1	49.1
CBDDTY010001088.1	1	30694	124	13041	42.4871	1.637	30.6	16
CBDDTY010001089.1	1	30667	44	8821	28.7638	0.416767	30.6	23.7
CBDDTY010001090.1	1	30665	40	9441	30.7875	0.422306	32.1	35.9
CBDDTY010001091.1	1	30654	79	16112	52.5608	1.01152	30.9	53.2
CBDDTY010001092.1	1	30651	106	19816	64.6504	1.37173	30	42.6
CBDDTY010001093.1	1	30631	109	15956	52.091	1.20091	30.8	14.9
CBDDTY010001094.1	1	30630	88	18882	61.6454	1.21649	31.2	41
CBDDTY010001095.1	1	30608	58	11977	39.1303	0.622909	30.2	17
CBDDTY010001096.1	1	30608	46	8472	27.679	0.491734	30.4	16.8
CBDDTY010001097.1	1	30400	89	17348	57.0658	1.00016	29.9	28.1
CBDDTY010001098.1	1	30599	80	19351	63.2406	1.06235	31.5	48.3
CBDDTY010001099.1	1	30591	94	21778	71.1909	1.43725	30.6	48.3
CBDDTY010001100.1	1	30568	88	22635	74.048	1.33283	31.3	54.3
CBDDTY010001101.1	1	30565	50	9921	32.4587	0.519745	30.6	33.9
CBDDTY010001102.1	1	30549	59	10319	33.7785	0.856951	30.3	11
CBDDTY010001103.1	1	30539	36	4818	15.7765	0.398278	32.4	11.8
CBDDTY010001104.1	1	30535	99	15164	49.661	1.01451	31.7	28
CBDDTY010001105.1	1	30531	58	15040	49.2614	0.73974	30.4	38.3
CBDDTY010001106.1	1	30523	98	21270	69.6852	1.3785	30.1	46.9
CBDDTY010001107.1	1	30519	49	6892	22.5827	0.590943	30.6	9.78
CBDDTY010001108.1	1	30513	10	1880	6.16131	0.0628257	32.1	18.3
CBDDTY010001109.1	1	30489	56	11409	37.4201	0.730755	31	44.9
CBDDTY010001110.1	1	30474	97	18728	61.4557	1.21408	31	42.2
CBDDTY010001111.1	1	30470	88	17118	56.1798	1.04654	31.4	49.7
CBDDTY010001112.1	1	30466	85	10651	34.9603	0.982833	29.9	21.6
CBDDTY010001113.1	1	30460	119	22056	72.4097	1.55831	30.5	45.5
CBDDTY010001114.1	1	30440	38	7182	23.594	0.36406	29.2	13.1
CBDDTY010001115.1	1	30432	73	15607	51.2848	0.906053	31.1	33.4
CBDDTY010001116.1	1	30415	72	13837	45.494	0.864277	30.8	17.9
CBDDTY010001117.1	1	30410	47	6962	22.8938	0.451595	30.5	18.4
CBDDTY010001118.1	1	30405	33	3751	12.3368	0.531196	31.6	18
CBDDTY010001119.1	1	30396	92	17781	58.4978	1.10771	31.3	20.5
CBDDTY010001120.1	1	30386	34	9772	32.1595	0.426216	30.6	11.5
CBDDTY010001121.1	1	30370	166	24877	81.9131	2.16651	30.8	51.9
CBDDTY010001122.1	1	30365	176	13245	43.6193	2.61228	29.7	13.3
CBDDTY010001123.1	1	30347	102	18446	60.7836	1.13771	30.6	38.9
CBDDTY010001124.1	1	30341	173	11512	37.9421	2.17405	31.8	42.6
CBDDTY010001125.1	1	30326	428	20817	68.6441	5.46759	31.3	16.5
CBDDTY010001126.1	1	30320	77	12149	40.0693	1.00208	30.9	33.9
CBDDTY010001127.1	1	30312	110	19710	65.0238	1.46444	30.8	40.8
CBDDTY010001128.1	1	30295	88	16758	55.3161	1.18356	30.3	26.6
CBDDTY010001129.1	1	30290	48	10402	34.3414	0.62618	30	14.6
CBDDTY010001130.1	1	30268	71	12834	42.4012	0.871052	30.2	12.3
CBDDTY010001131.1	1	30261	82	14933	49.3473	1.11959	30.6	27.9
CBDDTY010001132.1	1	30260	77	10777	35.6147	0.945109	30.5	17.2
CBDDTY010001133.1	1	30259	115	21007	69.424	1.51528	30.6	37.8
CBDDTY010001134.1	1	30212	283	21108	69.8663	3.69022	30.9	33.7
CBDDTY010001135.1	1	30206	185	20888	69.1518	2.7143	30.6	22.7
CBDDTY010001136.1	1	30205	107	19898	65.8765	1.32703	30.9	35.8
CBDDTY010001137.1	1	30200	22	3155	10.447	0.18404	27.8	4.09
CBDDTY010001138.1	1	30189	143	19032	63.0428	1.86121	31	36.9
CBDDTY010001139.1	1	30186	106	20333	67.359	1.29394	30.4	40.4
CBDDTY010001140.1	1	30174	96	14271	47.2957	1.25051	31.8	40.4
CBDDTY010001141.1	1	30172	99	12350	40.932	1.26544	31.2	27.1
CBDDTY010001142.1	1	30165	26	8292	27.4888	0.384121	31.4	10.5
CBDDTY010001143.1	1	30145	53	9399	31.1793	0.6275	31.5	31.8
CBDDTY010001144.1	1	30139	101	19393	64.3452	1.16918	29.9	36.2
CBDDTY010001145.1	1	30127	170	18793	62.3793	2.09404	30.6	16.6
CBDDTY010001146.1	1	30106	146	21628	71.8395	1.73245	30.5	18.7
CBDDTY010001147.1	1	30089	30	3524	11.7119	0.543421	30.6	22.2
CBDDTY010001148.1	1	30076	137	20174	67.0767	1.59446	30.6	36
CBDDTY010001149.1	1	30071	54	7766	25.8255	0.585814	29.7	5.56
CBDDTY010001150.1	1	30043	71	13922	46.3402	0.80914	30.7	26.2
CBDDTY010001151.1	1	30030	42	8423	28.0486	0.523909	31.1	14.7
CBDDTY010001152.1	1	30013	100	20587	68.5936	1.30374	31.5	42.8
CBDDTY010001153.1	1	30000	23	3828	12.76	0.3091	30.7	12.3
CBDDTY010001154.1	1	30000	79	10263	34.21	0.834167	30.6	23.5
CBDDTY010001155.1	1	30000	47	9740	32.4667	0.6071	31.5	23.7
CBDDTY010001156.1	1	30000	45	8501	28.3367	0.591333	30.6	28.4
CBDDTY010001157.1	1	29800	56	8876	29.7852	0.745134	30.7	14.2
CBDDTY010001158.1	1	30000	152	19334	64.4467	2.0667	30.8	28
CBDDTY010001159.1	1	30000	104	14802	49.34	1.21463	31	25
CBDDTY010001160.1	1	30000	184	4492	14.9733	3.27173	31.4	17
CBDDTY010001161.1	1	29800	60	4836	16.2282	0.821611	30.9	9.48
CBDDTY010001162.1	1	30000	68	6928	23.0933	0.889433	31.4	9.91
CBDDTY010001163.1	1	30000	56	8632	28.7733	0.721667	30.2	7
CBDDTY010001164.1	1	30000	67	8580	28.6	0.755967	29.6	19.4
CBDDTY010001165.1	1	30000	92	6974	23.2467	1.1273	30.2	7.72
CBDDTY010001166.1	1	29800	264	7616	25.557	3.49279	31.2	10.8
CBDDTY010001167.1	1	30000	133	16995	56.65	1.7935	30.6	17.4
CBDDTY010001168.1	1	30000	42	8230	27.4333	0.442733	30.3	14.6
CBDDTY010001169.1	1	29800	78	17873	59.9765	1.30047	31	36.4
CBDDTY010001170.1	1	29800	91	11382	38.1946	1.19752	31.1	14.9
CBDDTY010001171.1	1	30000	101	19566	65.22	1.3225	32.2	38.7
CBDDTY010001172.1	1	30000	178	20021	66.7367	2.51883	31.5	27.2
CBDDTY010001173.1	1	30000	169	19122	63.74	2.52807	31	41.3
CBDDTY010001174.1	1	29996	104	16615	55.3907	1.42172	30.4	23.5
CBDDTY010001175.1	1	29990	34	6120	20.4068	0.382227	31	17.7
CBDDTY010001176.1	1	29990	72	9705	32.3608	1.17312	30.4	28.1
CBDDTY010001177.1	1	29989	74	17175	57.271	1.02668	30.6	38.4
CBDDTY010001178.1	1	29984	36	5887	19.6338	0.362693	30.5	15.7
CBDDTY010001179.1	1	29983	43	5802	19.351	0.584298	31.3	23.7
CBDDTY010001180.1	1	29981	114	17338	57.83	1.25306	30.8	31.9
CBDDTY010001181.1	1	29979	50	10030	33.4568	0.564762	31.8	36.3
CBDDTY010001182.1	1	29971	87	13413	44.7533	1.02332	29.5	24.2
CBDDTY010001183.1	1	29963	84	14044	46.8711	1.00447	30	24.7
CBDDTY010001184.1	1	29951	96	24278	81.0591	1.4721	31	51.3
CBDDTY010001185.1	1	29923	38	6402	21.3949	0.435685	30.3	5.84
CBDDTY010001186.1	1	29895	109	20622	68.9814	1.51182	30.2	46.3
CBDDTY010001187.1	1	29894	50	12237	40.9346	0.618151	31.3	31.1
CBDDTY010001188.1	1	29873	66	12809	42.8782	0.796371	30.8	37.4
CBDDTY010001189.1	1	29872	32	6083	20.3636	0.360605	30.6	22
CBDDTY010001190.1	1	29872	31	5284	17.6888	0.364321	29.9	20.3
CBDDTY010001191.1	1	29854	53	11915	39.9109	0.587124	30.7	17.9
CBDDTY010001192.1	1	29843	77	15508	51.9653	0.965352	30.4	41.4
CBDDTY010001193.1	1	29840	69	18058	60.5161	0.932004	31.7	52.8
CBDDTY010001194.1	1	29838	72	6532	21.8915	0.932871	31.9	7.46
CBDDTY010001195.1	1	29803	79	17886	60.0141	1.10261	29.6	31.3
CBDDTY010001196.1	1	29797	94	18376	61.6706	1.3546	30.6	22
CBDDTY010001197.1	1	29795	81	15160	50.881	1.08082	30.3	25.6
CBDDTY010001198.1	1	29792	91	17432	58.5124	1.12883	30	46.8
CBDDTY010001199.1	1	29787	63	11900	39.9503	0.758082	30	30.7
CBDDTY010001200.1	1	29770	85	17160	57.6419	1.11696	31.1	38.5
CBDDTY010001201.1	1	29747	83	9205	30.9443	1.1229	30.9	9.27
CBDDTY010001202.1	1	29735	87	17146	57.6627	1.20161	30.2	23.6
CBDDTY010001203.1	1	29729	57	9519	32.0192	0.737092	30.8	30.8
CBDDTY010001204.1	1	29728	33	9002	30.2812	0.418797	30.4	18.5
CBDDTY010001205.1	1	29726	112	18929	63.6783	1.48288	29.8	25.5
CBDDTY010001206.1	1	29724	51	11770	39.5976	0.631073	29.2	30.5
CBDDTY010001207.1	1	29699	62	14089	47.4393	0.777972	30.7	43.8
CBDDTY010001208.1	1	29686	93	14348	48.3325	1.19049	30.7	22.4
CBDDTY010001209.1	1	29684	27	4791	16.14	0.214223	31.1	10.7
CBDDTY010001210.1	1	29665	29	6475	21.8271	0.434991	29.6	21.1
CBDDTY010001211.1	1	29664	90	16020	54.0049	1.20183	29.9	35.5
CBDDTY010001212.1	1	29660	77	20453	68.9582	1.12026	31.4	53.5
CBDDTY010001213.1	1	29651	81	16978	57.2595	1.04782	30.8	48.7
CBDDTY010001214.1	1	29634	79	17651	59.5633	0.985658	29.7	48.9
CBDDTY010001215.1	1	29632	52	12110	40.868	0.754725	30.8	25.7
CBDDTY010001216.1	1	29631	65	14860	50.1502	0.798623	30.8	47.4
CBDDTY010001217.1	1	29627	172	13492	45.5395	2.24258	30.5	38
CBDDTY010001218.1	1	29601	29	6319	21.3473	0.321813	32	20.6
CBDDTY010001219.1	1	29587	104	19929	67.3573	1.47237	30.5	46.8
CBDDTY010001220.1	1	29578	71	13646	46.1356	0.900128	30	14.2
CBDDTY010001221.1	1	29576	78	16561	55.9947	0.99006	31.1	43
CBDDTY010001222.1	1	29518	86	15484	52.4561	1.05204	29.1	33.9
CBDDTY010001223.1	1	29488	66	13116	44.4791	0.861232	30.4	29
CBDDTY010001224.1	1	29485	30	3254	11.0361	0.387587	31	15.7
CBDDTY010001225.1	1	29467	202	21835	74.0998	3.04812	30.8	40.2
CBDDTY010001226.1	1	29452	83	14256	48.4042	1.15999	30.7	17.2
CBDDTY010001227.1	1	29448	53	9291	31.5505	0.604421	30.3	18.8
CBDDTY010001228.1	1	29447	58	14498	49.2342	0.881889	30.4	33.6
CBDDTY010001229.1	1	29446	58	12237	41.5574	0.662976	32	33.8
CBDDTY010001230.1	1	29418	121	17537	59.6132	1.73877	29.9	18.2
CBDDTY010001231.1	1	29409	31	8880	30.1948	0.403788	30.5	14.3
CBDDTY010001232.1	1	29384	60	11610	39.5113	0.771236	28.8	22.5
CBDDTY010001233.1	1	29384	121	16698	56.8268	1.77181	31.6	46.6
CBDDTY010001234.1	1	29374	80	15470	52.6656	1.0911	30.9	34.9
CBDDTY010001235.1	1	29357	54	12881	43.8771	0.70467	30.8	28.9
CBDDTY010001236.1	1	29356	90	17764	60.5123	1.31373	31	42.4
CBDDTY010001237.1	1	29350	79	12130	41.3288	0.882283	30.2	21.6
CBDDTY010001238.1	1	29339	42	10584	36.0748	0.527659	31.5	16.5
CBDDTY010001239.1	1	29335	90	18677	63.668	1.17062	31.1	39.3
CBDDTY010001240.1	1	29335	107	20558	70.0801	1.36758	31.4	50.9
CBDDTY010001241.1	1	29273	234	21717	74.1878	3.29689	30.9	24.3
CBDDTY010001242.1	1	29269	64	15804	53.9957	0.896785	30.8	48
CBDDTY010001243.1	1	29258	119	17853	61.0192	1.60612	30.9	20.3
CBDDTY010001244.1	1	29253	56	8417	28.7731	0.589136	29.8	15.7
CBDDTY010001245.1	1	29243	37	9158	31.3169	0.454228	29.8	42.2
CBDDTY010001246.1	1	29241	92	16869	57.6895	1.16679	31.5	40
CBDDTY010001247.1	1	29229	127	19701	67.4022	1.97612	29.5	23.9
CBDDTY010001248.1	1	29218	26	6089	20.8399	0.338319	30.2	20.8
CBDDTY010001249.1	1	29200	119	12838	43.9658	1.55771	29.8	19
CBDDTY010001250.1	1	29183	74	18291	62.6769	1.06247	29.6	54
CBDDTY010001251.1	1	29182	85	7087	24.2855	1.03516	30.2	9.44
CBDDTY010001252.1	1	29177	72	14535	49.8166	0.968811	29.3	30.8
CBDDTY010001253.1	1	29173	67	15167	51.9899	0.876735	29.9	37.6
CBDDTY010001254.1	1	29171	64	13294	45.5727	0.765178	31.8	23.2
CBDDTY010001255.1	1	29169	25	4889	16.7609	0.329425	32.2	11
CBDDTY010001256.1	1	29144	131	17326	59.4496	1.74533	30.4	29.5
CBDDTY010001257.1	1	29144	130	22419	76.9249	1.77059	30.4	40.5
CBDDTY010001258.1	1	29139	106	16532	56.735	1.49978	29.8	21.6
CBDDTY010001259.1	1	29134	35	7732	26.5394	0.380174	29.5	7.94
CBDDTY010001260.1	1	29133	70	13760	47.2317	0.868259	31.1	27.5
CBDDTY010001261.1	1	29122	130	21121	72.5259	1.78302	31.1	44.2
CBDDTY010001262.1	1	29112	121	13280	45.6169	1.36253	31.2	30.8
CBDDTY010001263.1	1	29095	59	11172	38.3984	0.61093	30.4	26
CBDDTY010001264.1	1	29087	75	12184	41.8881	1.06584	31.4	15
CBDDTY010001265.1	1	29061	44	7766	26.7231	0.476893	31.3	7.89
CBDDTY010001266.1	1	29055	109	21928	75.4707	1.50277	30.4	52
CBDDTY010001267.1	1	29055	75	10021	34.4898	0.937154	31.6	14.5
CBDDTY010001268.1	1	29041	70	16303	56.1379	0.934782	31.5	42.5
CBDDTY010001269.1	1	29040	30	6813	23.4607	0.395076	29	20.2
CBDDTY010001270.1	1	29028	85	16734	57.6478	1.1533	30.7	33.1
CBDDTY010001271.1	1	29011	71	14890	51.3254	0.938851	30.8	41.5
CBDDTY010001272.1	1	29000	112	20467	70.5759	1.54603	31	42.2
CBDDTY010001273.1	1	29000	58	9748	33.6138	0.61931	30.7	21.9
CBDDTY010001274.1	1	29000	190	20977	72.3345	2.7779	30.6	30.6
CBDDTY010001275.1	1	28800	24	4833	16.7812	0.260451	31.6	10.5
CBDDTY010001276.1	1	29000	64	15099	52.0655	0.935724	29.9	39
CBDDTY010001277.1	1	28800	45	9685	33.6285	0.686632	31	31.9
CBDDTY010001278.1	1	29000	184	16914	58.3241	2.84766	29.8	20.4
CBDDTY010001279.1	1	29000	8	3472	11.9724	0.136276	27.8	11
CBDDTY010001280.1	1	29000	71	10680	36.8276	1.05231	30.7	19.1
CBDDTY010001281.1	1	29000	100	20797	71.7138	1.17248	31	40.9
CBDDTY010001282.1	1	29000	162	21627	74.5759	2.14097	30.9	34.8
CBDDTY010001283.1	1	29000	61	9270	31.9655	0.965207	28.9	36.5
CBDDTY010001284.1	1	29000	134	19889	68.5828	2.09634	29.8	31.9
CBDDTY010001285.1	1	29000	19	2239	7.72069	0.255138	31.6	2.16
CBDDTY010001286.1	1	29000	182	19454	67.0828	2.6391	29.9	34.1
CBDDTY010001287.1	1	29000	11	1585	5.46552	0.0874138	30.9	7.45
CBDDTY010001288.1	1	29000	47	8219	28.3414	0.536276	31.4	26.8
CBDDTY010001289.1	1	28800	65	10154	35.2569	0.75	30.5	21.1
CBDDTY010001290.1	1	29000	13	4186	14.4345	0.16169	31.8	17.3
CBDDTY010001291.1	1	29000	43	7526	25.9517	0.484621	30.3	43.2
CBDDTY010001292.1	1	29000	28	6225	21.4655	0.403828	31.4	18.2
CBDDTY010001293.1	1	29000	5	1420	4.89655	0.0489655	30.1	1.4
CBDDTY010001294.1	1	29000	115	15057	51.9207	1.65741	30.2	25.1
CBDDTY010001295.1	1	28996	95	19579	67.5231	1.29825	30.7	45.8
CBDDTY010001296.1	1	28995	31	9374	32.3297	0.579169	32.8	1.52
CBDDTY010001297.1	1	28980	104	19379	66.8703	1.44924	30.7	36
CBDDTY010001298.1	1	28957	45	5987	20.6755	0.48016	30	15
CBDDTY010001299.1	1	28951	65	15308	52.8755	0.927844	31.5	36.8
CBDDTY010001300.1	1	28947	37	8644	29.8615	0.403323	31.5	36
CBDDTY010001301.1	1	28940	86	16259	56.1818	1.16911	30.6	34.2
CBDDTY010001302.1	1	28923	100	20484	70.8225	1.39069	30.1	51.8
CBDDTY010001303.1	1	28920	100	16170	55.9129	1.22811	30.7	39.2
CBDDTY010001304.1	1	28915	81	16256	56.22	1.12485	31.1	36.1
CBDDTY010001305.1	1	28915	145	12702	43.9288	1.53419	31	11
CBDDTY010001306.1	1	28912	42	12370	42.785	0.742287	31.7	37.5
CBDDTY010001307.1	1	28905	83	16965	58.6923	1.14177	29.9	37.8
CBDDTY010001308.1	1	28900	87	20891	72.2872	1.39318	30.5	54.6
CBDDTY010001309.1	1	28880	94	14956	51.7867	1.2144	30.2	29
CBDDTY010001310.1	1	28870	134	19145	66.3145	1.97277	30	45.3
CBDDTY010001311.1	1	28868	72	10896	37.7442	0.930338	30.8	32.4
CBDDTY010001312.1	1	28867	91	11606	40.2051	1.23785	31.3	10.7
CBDDTY010001313.1	1	28861	57	11355	39.3438	0.718201	29.8	41.2
CBDDTY010001314.1	1	28849	44	7165	24.8362	0.430483	31.9	7.55
CBDDTY010001315.1	1	28845	55	14640	50.754	0.804299	31.4	43.7
CBDDTY010001316.1	1	28845	66	15359	53.2467	0.836089	30	48.4
CBDDTY010001317.1	1	28844	14	4951	17.1647	0.196436	30.2	31.6
CBDDTY010001318.1	1	28828	69	14489	50.2602	0.79121	30.6	33.6
CBDDTY010001319.1	1	28812	53	6059	21.0294	0.64664	28.8	29.1
CBDDTY010001320.1	1	28802	3	932	3.23589	0.0391639	34.3	10
CBDDTY010001321.1	1	28802	105	19573	67.9571	1.49983	30.2	46.8
CBDDTY010001322.1	1	28799	48	6565	22.7959	0.539116	32.2	10.6
CBDDTY010001323.1	1	28796	99	14999	52.0871	1.29278	30.7	13
CBDDTY010001324.1	1	28796	78	17976	62.4253	1.23496	30.5	45.6
CBDDTY010001326.1	1	28783	89	16751	58.1975	1.35309	30.4	36.6
CBDDTY010001327.1	1	28777	107	18431	64.0477	1.42979	30.3	40
CBDDTY010001328.1	1	28750	98	16077	55.92	1.2561	31.2	41.2
CBDDTY010001329.1	1	28741	65	11129	38.7217	0.91406	31.5	15.4
CBDDTY010001330.1	1	28735	86	18454	64.2213	1.05457	30.4	43.2
CBDDTY010001331.1	1	28699	123	10774	37.5414	1.49828	31	9.67
CBDDTY010001332.1	1	28679	141	17916	62.4708	2.09875	30.5	20.4
CBDDTY010001333.1	1	28671	21	3298	11.5029	0.167521	28.1	5.1
CBDDTY010001334.1	1	28623	33	4384	15.3164	0.456766	31.1	13.4
CBDDTY010001335.1	1	28612	25	7577	26.4819	0.348665	31.2	6.16
CBDDTY010001336.1	1	28607	89	14720	51.4559	1.3517	30.4	31.5
CBDDTY010001337.1	1	28589	4	1374	4.80604	0.0557207	25.5	16.2
CBDDTY010001338.1	1	28570	73	17249	60.3745	0.982919	30.1	43.9
CBDDTY010001339.1	1	28555	69	13364	46.8009	0.907162	29.9	36.6
CBDDTY010001340.1	1	28543	53	11041	38.682	0.767298	30.2	35
CBDDTY010001341.1	1	28534	101	19574	68.5989	1.38253	30	43.3
CBDDTY010001342.1	1	28517	135	17406	61.0373	1.9245	30.4	29.3
CBDDTY010001343.1	1	28505	80	13130	46.0621	1.0689	31	33
CBDDTY010001344.1	1	28499	27	5041	17.6883	0.280185	29.9	21.8
CBDDTY010001345.1	1	28498	75	14613	51.2773	1.18012	30.5	17.9
CBDDTY010001346.1	1	28492	90	17566	61.6524	1.3766	31.5	25.9
CBDDTY010001347.1	1	28481	14	2243	7.87543	0.180225	31.6	27
CBDDTY010001348.1	1	28480	135	9949	34.9333	1.5539	30.6	35.8
CBDDTY010001349.1	1	28473	160	20797	73.0411	2.28227	30.9	29.8
CBDDTY010001350.1	1	28461	353	21801	76.5996	5.6088	30.8	45.5
CBDDTY010001351.1	1	28445	46	9454	33.2361	0.563684	31.4	24.3
CBDDTY010001352.1	1	28444	83	17840	62.7197	1.00949	30.5	40.1
CBDDTY010001353.1	1	28443	230	18033	63.4005	3.28605	32	24.9
CBDDTY010001354.1	1	28420	41	10620	37.3681	0.529733	31.4	14.3
CBDDTY010001355.1	1	28419	58	10326	36.3348	0.699462	30.8	24.4
CBDDTY010001356.1	1	28417	106	17299	60.8755	1.57645	30.6	39.2
CBDDTY010001357.1	1	28392	48	10187	35.8798	0.647929	29.3	31.2
CBDDTY010001358.1	1	28385	117	17516	61.7086	1.62889	30.7	39
CBDDTY010001359.1	1	28371	92	16468	58.0452	1.31197	30.2	39
CBDDTY010001360.1	1	28338	29	6360	22.4434	0.291658	30.6	9.76
CBDDTY010001361.1	1	28331	119	21576	76.1569	1.7771	30.1	40.3
CBDDTY010001362.1	1	28311	78	14450	51.0402	0.949596	30.8	24.5
CBDDTY010001363.1	1	28310	101	11451	40.4486	1.22194	31	22.3
CBDDTY010001364.1	1	28310	105	23162	81.8156	1.68492	31	54.8
CBDDTY010001365.1	1	28295	50	11472	40.5443	0.593851	31.7	31.6
CBDDTY010001366.1	1	28295	87	12752	45.068	1.02011	30.7	31.6
CBDDTY010001367.1	1	28291	94	17152	60.6271	1.47577	30.2	28.9
CBDDTY010001368.1	1	28289	148	15586	55.0956	2.24702	31.3	12
CBDDTY010001369.1	1	28287	80	17873	63.1845	1.20228	30.8	52.2
CBDDTY010001370.1	1	28278	62	14167	50.099	0.799349	30.3	49.4
CBDDTY010001371.1	1	28239	49	11965	42.3705	0.704203	30.5	34.9
CBDDTY010001372.1	1	28236	93	13130	46.5009	1.49805	30.8	28.8
CBDDTY010001373.1	1	28224	92	14501	51.3783	1.09495	29.9	31.1
CBDDTY010001374.1	1	28218	143	19707	69.8384	1.93125	30.9	15.1
CBDDTY010001375.1	1	28212	70	18059	64.0118	1.26152	31	52.3
CBDDTY010001376.1	1	28210	179	21078	74.7182	2.5916	30.7	47.4
CBDDTY010001377.1	1	28207	81	16867	59.7972	1.10976	31	44.9
CBDDTY010001378.1	1	28204	99	18620	66.019	1.40998	29.9	32.1
CBDDTY010001379.1	1	28203	68	16645	59.0185	0.978229	31.1	44.4
CBDDTY010001380.1	1	28193	99	19438	68.9462	1.35065	30.2	35.5
CBDDTY010001381.1	1	28176	90	19596	69.5486	1.28869	31	45.9
CBDDTY010001382.1	1	28176	79	18731	66.4786	1.26484	29.9	51.1
CBDDTY010001383.1	1	28155	86	19056	67.6825	1.31007	30.4	46.2
CBDDTY010001384.1	1	28153	73	16411	58.2922	1.04305	30.9	43.2
CBDDTY010001385.1	1	28152	38	5466	19.416	0.4632	32	31.3
CBDDTY010001386.1	1	28149	125	16623	59.0536	1.42122	31.3	21
CBDDTY010001387.1	1	28144	56	12993	46.1661	0.867965	31.5	51
CBDDTY010001388.1	1	28121	42	10027	35.6566	0.470965	30.6	34
CBDDTY010001389.1	1	28117	35	7497	26.6636	0.50521	30.5	15.2
CBDDTY010001390.1	1	28114	82	12897	45.8739	1.08067	29.6	36.1
CBDDTY010001391.1	1	28091	76	17704	63.0237	1.29184	31.4	44.5
CBDDTY010001392.1	1	28081	63	7862	27.9976	0.682632	31	16.1
CBDDTY010001393.1	1	28080	166	20811	74.1132	2.34313	31.4	28.6
CBDDTY010001394.1	1	28069	99	17839	63.5541	1.51847	31	38.3
CBDDTY010001395.1	1	28060	153	21246	75.7163	2.16543	30.8	29.5
CBDDTY010001396.1	1	28014	113	15649	55.8614	1.45127	30.3	34
CBDDTY010001397.1	1	28014	49	12134	43.3141	0.713072	31.2	46.2
CBDDTY010001398.1	1	28000	94	10451	37.325	1.31543	30.5	11.6
CBDDTY010001399.1	1	28000	50	7565	27.0179	0.566821	29.2	19.6
CBDDTY010001400.1	1	28000	77	18720	66.8571	1.37568	31.3	46.4
CBDDTY010001401.1	1	28000	27	2931	10.4679	0.343857	30.6	20.1
CBDDTY010001402.1	1	28000	56	7352	26.2571	0.744929	32.3	47.4
CBDDTY010001403.1	1	28000	28	6808	24.3143	0.465393	29.3	13.6
CBDDTY010001404.1	1	28000	33	4573	16.3321	0.368714	32.3	7.88
CBDDTY010001405.1	1	27800	39	5580	20.0719	0.497302	31.4	29.5
CBDDTY010001406.1	1	28000	27	4089	14.6036	0.271643	30.3	23.1
CBDDTY010001407.1	1	28000	55	10684	38.1571	0.688107	30.4	22.2
CBDDTY010001408.1	1	28000	116	20011	71.4679	1.67507	30.7	40.1
CBDDTY010001409.1	1	28000	65	11088	39.6	0.781464	31.1	33.2
CBDDTY010001410.1	1	28000	176	14881	53.1464	2.63743	31.4	30.9
CBDDTY010001411.1	1	27800	72	12030	43.2734	1.05284	30.3	35.2
CBDDTY010001412.1	1	27800	23	4102	14.7554	0.30795	31.3	22.7
CBDDTY010001413.1	1	28000	73	12572	44.9	0.801429	30.9	11
CBDDTY010001414.1	1	28000	245	20428	72.9571	3.89889	29.8	29
CBDDTY010001415.1	1	28000	121	15364	54.8714	1.51246	30.4	29.9
CBDDTY010001416.1	1	28000	73	7250	25.8929	1.17361	30.8	19.5
CBDDTY010001417.1	1	27600	165	10631	38.5181	2.62594	31.7	7.69
CBDDTY010001418.1	1	28000	64	11606	41.45	0.784357	32.6	31.9
CBDDTY010001419.1	1	28000	161	21790	77.8214	2.39739	30.2	48
CBDDTY010001420.1	1	28000	75	12429	44.3893	0.944393	31.1	33.5
CBDDTY010001421.1	1	28000	9	1770	6.32143	0.123464	30.2	17.7
CBDDTY010001422.1	1	28000	82	11475	40.9821	1.10182	31	30.9
CBDDTY010001423.1	1	28000	26	4903	17.5107	0.285964	31.3	15
CBDDTY010001424.1	1	28000	89	14722	52.5786	1.16346	30.1	47
CBDDTY010001425.1	1	27984	80	20846	74.4926	1.32318	29.8	52.9
CBDDTY010001426.1	1	27978	107	17313	61.8808	1.38734	30.1	27.9
CBDDTY010001427.1	1	27978	60	11669	41.7078	0.777718	30.1	36.8
CBDDTY010001428.1	1	27952	41	10715	38.3336	0.647324	32.2	54.1
CBDDTY010001429.1	1	27946	66	16890	60.438	0.996243	30.3	49.1
CBDDTY010001430.1	1	27942	83	16334	58.4568	1.09491	30.9	40.7
CBDDTY010001431.1	1	27932	75	19051	68.2049	1.14428	30.5	49.5
CBDDTY010001432.1	1	27929	40	8015	28.6978	0.507286	29.6	1.38
CBDDTY010001433.1	1	27927	36	6275	22.4693	0.504673	30.5	14
CBDDTY010001434.1	1	27910	93	13126	47.0297	1.33518	30.4	30.4
CBDDTY010001435.1	1	27906	41	10680	38.2713	0.568229	30.9	22
CBDDTY010001436.1	1	27892	78	16933	60.7092	1.02771	30.8	49.5
CBDDTY010001437.1	1	27888	44	9233	33.1074	0.462744	30.2	28.5
CBDDTY010001438.1	1	27886	121	11297	40.5114	1.70605	32	15.1
CBDDTY010001439.1	1	27883	111	13242	47.4913	1.57462	30.4	11.1
CBDDTY010001440.1	1	27872	74	16227	58.2197	1.03362	30.6	44.7
CBDDTY010001441.1	1	27863	56	9180	32.9469	0.604242	30.6	24.5
CBDDTY010001442.1	1	27853	102	18668	67.0233	1.4211	30.4	33.7
CBDDTY010001443.1	1	27853	117	17588	63.1458	1.47876	30	46.9
CBDDTY010001444.1	1	27844	42	6434	23.1073	0.451085	29.7	27.2
CBDDTY010001445.1	1	27843	102	15123	54.3153	1.53845	30.6	38.7
CBDDTY010001446.1	1	27836	69	15626	56.1359	0.914715	31.5	41.7
CBDDTY010001447.1	1	27832	129	19076	68.5398	1.81	30	29.6
CBDDTY010001448.1	1	27831	165	16307	58.5929	2.53713	30.3	41.1
CBDDTY010001449.1	1	27805	98	10272	36.943	1.23129	29.9	15.2
CBDDTY010001450.1	1	27801	70	11499	41.3618	0.894464	30.3	15.6
CBDDTY010001451.1	1	27734	68	13427	48.4135	0.909642	30.9	21.2
CBDDTY010001452.1	1	27682	74	15943	57.5934	0.997255	30.7	35.1
CBDDTY010001453.1	1	27674	211	21898	79.1284	3.08643	30.6	42.3
CBDDTY010001454.1	1	27673	68	11958	43.2118	1.04445	30.1	25.9
CBDDTY010001455.1	1	27653	83	10919	39.4858	1.51969	31.4	4.61
CBDDTY010001456.1	1	27647	57	13540	48.9746	0.835136	31.1	39
CBDDTY010001457.1	1	27638	70	15493	56.0569	0.965265	30.3	38.3
CBDDTY010001458.1	1	27634	79	13285	48.0748	1.12141	30.5	36.3
CBDDTY010001459.1	1	27616	91	17952	65.0058	1.30374	31.3	48.2
CBDDTY010001460.1	1	27612	80	14860	53.8172	1.05317	31.2	18.3
CBDDTY010001461.1	1	27603	71	8484	30.7358	1.10756	30.7	6.2
CBDDTY010001462.1	1	27602	113	18397	66.651	1.66636	30.9	31.2
CBDDTY010001463.1	1	27599	142	12369	44.8168	2.04442	31.6	21.5
CBDDTY010001464.1	1	27594	67	16794	60.8611	0.995361	30.6	24.8
CBDDTY010001465.1	1	27590	54	9920	35.9551	0.758246	29.8	33.2
CBDDTY010001466.1	1	27590	12	2441	8.84741	0.11602	26.3	9.5
CBDDTY010001467.1	1	27588	97	19439	70.4618	1.43635	30.3	53.1
CBDDTY010001468.1	1	27580	34	8446	30.6236	0.463959	29.7	19.9
CBDDTY010001469.1	1	27576	51	9567	34.6932	0.748767	28.5	7.08
CBDDTY010001470.1	1	27559	96	16277	59.0624	1.41467	30.2	32.2
CBDDTY010001471.1	1	27553	80	13246	48.0746	1.4185	31.5	14.8
CBDDTY010001472.1	1	27552	154	18988	68.917	2.65411	30.3	27.3
CBDDTY010001473.1	1	27538	80	16570	60.1714	1.28575	30.2	47.2
CBDDTY010001474.1	1	27537	96	18181	66.0239	1.29785	30.5	39.4
CBDDTY010001475.1	1	27537	80	13800	50.1144	1.14286	31.6	37.2
CBDDTY010001476.1	1	27527	80	11393	41.3885	0.998983	30.7	24.7
CBDDTY010001477.1	1	27522	22	3780	13.7345	0.20718	29.5	11.8
CBDDTY010001478.1	1	27520	42	7891	28.6737	0.647166	31	12.2
CBDDTY010001479.1	1	27500	64	13459	48.9418	0.786727	30.6	43.1
CBDDTY010001480.1	1	27499	75	17410	63.3114	1.12648	31.1	45.3
CBDDTY010001481.1	1	27495	111	12912	46.9613	1.60771	31.6	20.9
CBDDTY010001482.1	1	27487	77	15050	54.7532	1.12955	31.1	41
CBDDTY010001483.1	1	27460	67	13111	47.7458	0.977385	31	27.4
CBDDTY010001484.1	1	27451	70	10986	40.0204	1.01865	29.6	38.9
CBDDTY010001485.1	1	27434	32	7633	27.8231	0.389225	31.4	22.6
CBDDTY010001486.1	1	27428	66	11665	42.5295	0.87057	32.1	38.7
CBDDTY010001487.1	1	27427	68	17019	62.052	1.06548	30.1	50.6
CBDDTY010001488.1	1	27420	56	10794	39.3654	0.650511	30.9	28.9
CBDDTY010001489.1	1	27398	87	14186	51.7775	1.36663	28.9	31.3
CBDDTY010001490.1	1	27395	36	9705	35.4262	0.578427	28.3	21.6
CBDDTY010001491.1	1	27382	61	14271	52.1182	0.891242	31.3	42.7
CBDDTY010001492.1	1	27380	68	13108	47.8744	0.931738	31.6	33.9
CBDDTY010001493.1	1	27372	62	15755	57.5588	0.975267	31.2	59
CBDDTY010001494.1	1	27371	59	11890	43.4401	1.01326	31.6	15.5
CBDDTY010001495.1	1	27358	47	11662	42.6274	0.79516	31.6	45.8
CBDDTY010001496.1	1	27350	86	16340	59.7441	1.20625	30.3	45.3
CBDDTY010001497.1	1	27350	50	12089	44.2011	0.616819	31	34.4
CBDDTY010001498.1	1	27346	46	10906	39.8815	0.653039	31.4	40.8
CBDDTY010001499.1	1	27321	80	16754	61.3228	1.08521	30.8	41.8
CBDDTY010001500.1	1	27318	37	7867	28.7979	0.450436	30.1	19.8
CBDDTY010001501.1	1	27305	60	13012	47.6543	0.753415	29.7	39.5
CBDDTY010001502.1	1	27300	67	11772	43.1209	0.867949	30.7	27.1
CBDDTY010001503.1	1	27272	22	5183	19.0048	0.306395	29.4	34.7
CBDDTY010001504.1	1	27271	70	13426	49.2318	0.871402	31	38.5
CBDDTY010001505.1	1	27270	73	16053	58.8669	1.11122	31.6	32
CBDDTY010001506.1	1	27268	89	16516	60.5692	1.29448	30.2	41.9
CBDDTY010001507.1	1	27261	44	8964	32.8821	0.570779	30.2	15
CBDDTY010001508.1	1	27252	89	17402	63.8559	1.28325	30.9	43.5
CBDDTY010001509.1	1	27230	73	15982	58.6926	0.995813	30.3	41.7
CBDDTY010001510.1	1	27210	112	17847	65.5899	1.58853	31.4	43.5
CBDDTY010001511.1	1	27168	88	10425	38.3723	1.17929	31.1	29
CBDDTY010001512.1	1	27161	46	12024	44.2694	0.63455	30.6	37.3
CBDDTY010001513.1	1	27155	47	9029	33.2499	0.633659	30.9	20.8
CBDDTY010001514.1	1	27141	92	5533	20.3861	1.31922	31.7	18.1
CBDDTY010001515.1	1	27138	23	4481	16.5119	0.342619	31.5	43
CBDDTY010001516.1	1	27118	120	16118	59.4365	1.52541	30.8	29.1
CBDDTY010001517.1	1	27113	47	10443	38.5166	0.654668	30	31.6
CBDDTY010001518.1	1	27065	129	14452	53.3974	2.07741	30.3	27.4
CBDDTY010001519.1	1	27046	46	11029	40.7787	0.620277	31.6	11.8
CBDDTY010001520.1	1	27027	86	7056	26.1072	1.08258	29.9	14
CBDDTY010001521.1	1	27027	45	10586	39.1682	0.753173	30.6	14
CBDDTY010001522.1	1	27013	44	7887	29.1971	0.603968	30.9	14
CBDDTY010001523.1	1	27007	76	10767	39.8674	1.04632	30.7	10.5
CBDDTY010001524.1	1	27001	46	5469	20.2548	0.542535	30.2	16.5
CBDDTY010001525.1	1	27000	14	5335	19.7593	0.454407	32.6	0.929
CBDDTY010001526.1	1	27000	115	14083	52.1593	1.66596	30.6	34.8
CBDDTY010001527.1	1	27000	89	13409	49.663	1.30307	28.8	19.8
CBDDTY010001528.1	1	27000	51	11775	43.6111	0.666296	31.2	40.3
CBDDTY010001529.1	1	27000	23	4764	17.6444	0.209815	29.4	9.87
CBDDTY010001530.1	1	27000	61	6043	22.3815	1.06844	31.3	20.3
CBDDTY010001531.1	1	27000	118	18405	68.1667	1.83089	31.1	28.5
CBDDTY010001532.1	1	27000	57	5471	20.263	0.950704	30.6	22
CBDDTY010001533.1	1	27000	50	10548	39.0667	0.69437	31.2	44.9
CBDDTY010001534.1	1	27000	146	15728	58.2519	2.20289	29.9	12.4
CBDDTY010001535.1	1	27000	108	14845	54.9815	1.60785	29.7	18.6
CBDDTY010001536.1	1	27000	77	9831	36.4111	0.975926	30.2	24.5
CBDDTY010001537.1	1	27000	26	4996	18.5037	0.302444	31.8	11.9
CBDDTY010001538.1	1	27000	42	6817	25.2481	0.697111	32.2	31.4
CBDDTY010001539.1	1	27000	140	15613	57.8259	1.86593	30.3	17
CBDDTY010001540.1	1	27000	52	13324	49.3481	0.830037	30.8	26.9
CBDDTY010001541.1	1	27000	92	12332	45.6741	1.26707	29.8	18
CBDDTY010001542.1	1	27000	49	8977	33.2481	0.663741	29.9	19.4
CBDDTY010001543.1	1	26800	21	4252	15.8657	0.289813	29.9	6.9
CBDDTY010001544.1	1	27000	25	4589	16.9963	0.331	32.6	34.8
CBDDTY010001545.1	1	27000	122	10093	37.3815	1.76437	31.6	34.5
CBDDTY010001546.1	1	27000	89	16775	62.1296	1.47233	29.8	29.1
CBDDTY010001547.1	1	27000	64	11755	43.537	0.849852	31.4	23.1
CBDDTY010001548.1	1	27000	38	12084	44.7556	0.533667	30.7	41.8
CBDDTY010001549.1	1	27000	76	10320	38.2222	1.08611	29.9	23.3
CBDDTY010001550.1	1	26987	98	16092	59.6287	1.50799	31.3	29.2
CBDDTY010001551.1	1	26984	99	18029	66.8137	1.61833	31.3	47.6
CBDDTY010001552.1	1	26955	63	9163	33.9937	0.803673	31.2	28.2
CBDDTY010001553.1	1	26953	73	17671	65.5623	1.2297	31.1	51.9
CBDDTY010001554.1	1	26910	88	17091	63.5117	1.10572	29.9	44
CBDDTY010001555.1	1	26882	66	10821	40.2537	0.955509	30	14.6
CBDDTY010001556.1	1	26849	87	13294	49.5139	1.13952	31.2	26.4
CBDDTY010001557.1	1	26840	59	12435	46.3301	0.814866	30.5	26.9
CBDDTY010001558.1	1	26835	146	18373	68.4666	2.3188	30.3	34
CBDDTY010001559.1	1	26825	83	11306	42.1473	1.14211	30.4	28.5
CBDDTY010001560.1	1	26816	71	13748	51.2679	1.02898	31.2	35.1
CBDDTY010001561.1	1	26809	106	18642	69.5363	1.56802	31.8	33.2
CBDDTY010001562.1	1	26805	72	14794	55.1912	1.09487	32.7	48.1
CBDDTY010001563.1	1	26796	163	18137	67.6855	2.55863	30.2	26
CBDDTY010001564.1	1	26788	48	12915	48.2119	0.710691	29.8	27.3
CBDDTY010001565.1	1	26779	68	16259	60.7155	1.06916	30.1	48.6
CBDDTY010001566.1	1	26762	61	11388	42.5529	0.778156	31.4	29.9
CBDDTY010001567.1	1	26758	99	12666	47.3354	1.20771	30.3	27.1
CBDDTY010001568.1	1	26746	39	8021	29.9895	0.582068	30.3	30.6
CBDDTY010001569.1	1	26737	24	6392	23.9069	0.302166	32.3	28.5
CBDDTY010001570.1	1	26732	64	9275	34.6962	0.93057	30.9	10.7
CBDDTY010001571.1	1	26721	99	12793	47.8762	1.13121	30.6	25.6
CBDDTY010001572.1	1	26717	79	16212	60.6805	1.05551	31.3	45.5
CBDDTY010001573.1	1	26697	60	9719	36.4048	0.760835	31.7	24.4
CBDDTY010001574.1	1	26673	41	8110	30.4053	0.770704	31.3	15.3
CBDDTY010001575.1	1	26667	46	10808	40.5295	0.76364	29.4	30.8
CBDDTY010001576.1	1	26660	109	18929	71.0015	1.54081	30.3	45.2
CBDDTY010001577.1	1	26657	73	12774	47.9199	0.830326	30.3	49.2
CBDDTY010001578.1	1	26651	89	13572	50.9249	1.26389	30.9	26.4
CBDDTY010001579.1	1	26640	54	11555	43.3746	0.799625	29.9	43.6
CBDDTY010001580.1	1	26629	87	15394	57.8092	1.25401	31.6	37.5
CBDDTY010001581.1	1	26623	82	17339	65.1279	1.21376	30.4	50.1
CBDDTY010001582.1	1	26616	71	11816	44.3943	1.00286	30.6	14.1
CBDDTY010001583.1	1	26597	99	19777	74.358	1.56833	30.8	33.8
CBDDTY010001584.1	1	26597	80	9299	34.9626	1.17134	30.3	29.2
CBDDTY010001585.1	1	26592	64	10810	40.6513	0.7321	31.2	30.4
CBDDTY010001586.1	1	26586	220	9331	35.0974	3.83555	28.4	16.4
CBDDTY010001587.1	1	26577	215	15315	57.625	3.13436	30.6	29.5
CBDDTY010001588.1	1	26574	41	10053	37.8302	0.578121	30.8	32.8
CBDDTY010001589.1	1	26566	83	16383	61.6691	1.16145	30.7	45.3
CBDDTY010001590.1	1	26564	6	1424	5.36064	0.0536064	32.9	11
CBDDTY010001591.1	1	26548	73	13651	51.4201	1.2181	30.9	38.2
CBDDTY010001592.1	1	26535	38	9540	35.9525	0.571019	30.6	24.3
CBDDTY010001593.1	1	26529	49	6006	22.6394	0.573033	29.5	16.4
CBDDTY010001594.1	1	26514	64	15770	59.478	0.993815	31.1	55.5
CBDDTY010001595.1	1	26508	55	7185	27.105	0.726196	31.3	20.9
CBDDTY010001596.1	1	26506	67	13085	49.3662	0.902777	29.6	42.1
CBDDTY010001597.1	1	26467	53	14747	55.7184	0.856009	30.2	45.5
CBDDTY010001598.1	1	26464	91	10586	40.0015	1.3224	29.7	30.1
CBDDTY010001599.1	1	26458	31	7253	27.4133	0.497203	30.3	20.6
CBDDTY010001600.1	1	26455	47	10713	40.4952	0.691703	30.9	44.7
CBDDTY010001601.1	1	26448	101	16304	61.6455	1.45958	31.4	25.9
CBDDTY010001602.1	1	26444	8	3933	14.8729	0.148729	30.9	8.5
CBDDTY010001603.1	1	26436	74	14329	54.2026	1.03881	30.2	26.5
CBDDTY010001604.1	1	26428	53	11669	44.1539	0.860565	30.8	46.3
CBDDTY010001605.1	1	26427	78	14138	53.4983	1.01918	30.4	31.9
CBDDTY010001606.1	1	26409	49	11739	44.4508	0.861373	29.7	27
CBDDTY010001607.1	1	26407	59	5165	19.5592	0.893475	30.8	27.7
CBDDTY010001608.1	1	26403	61	12006	45.4721	0.959058	29.6	20.8
CBDDTY010001609.1	1	26392	101	15059	57.059	1.49576	31.5	33.3
CBDDTY010001610.1	1	26372	139	13582	51.5016	2.11979	30.9	19.2
CBDDTY010001611.1	1	26370	62	15471	58.6689	0.929238	31.6	51.8
CBDDTY010001612.1	1	26369	59	8957	33.9679	0.620956	31.4	30.2
CBDDTY010001613.1	1	26368	127	10704	40.5947	1.83029	30.5	15
CBDDTY010001614.1	1	26365	34	9191	34.8606	0.514735	30.4	51.7
CBDDTY010001615.1	1	26352	47	7310	27.7398	0.663707	30.3	19.2
CBDDTY010001616.1	1	26332	102	15947	60.5613	1.51185	29.7	36.5
CBDDTY010001617.1	1	26328	87	17988	68.3227	1.26538	31.6	50.5
CBDDTY010001618.1	1	26313	74	14398	54.7182	1.00262	30.7	38.3
CBDDTY010001619.1	1	26311	60	11776	44.7569	0.736574	30.3	28.5
CBDDTY010001620.1	1	26310	140	15916	60.4941	2.11874	31.1	15.2
CBDDTY010001621.1	1	26301	59	13978	53.1463	0.919243	30	26.9
CBDDTY010001622.1	1	26287	77	9280	35.3026	0.961502	30.3	12.7
CBDDTY010001623.1	1	26286	23	4225	16.0732	0.315111	31.9	4.48
CBDDTY010001624.1	1	26276	123	12027	45.7718	1.62274	30.3	13.3
CBDDTY010001625.1	1	26251	93	13033	49.6476	1.45598	30.6	14.5
CBDDTY010001626.1	1	26251	32	5685	21.6563	0.443831	30.3	5.69
CBDDTY010001627.1	1	26244	71	16747	63.8127	1.17269	30.6	42.9
CBDDTY010001628.1	1	26228	124	12663	48.2805	1.90686	31.7	15.3
CBDDTY010001629.1	1	26225	94	14123	53.8532	1.47359	30.8	26.1
CBDDTY010001630.1	1	26212	93	15649	59.7017	1.37815	29.8	43.7
CBDDTY010001631.1	1	26198	81	13003	49.6336	1.08329	31.4	28.3
CBDDTY010001632.1	1	26180	85	17559	67.0703	1.2246	31	44.7
CBDDTY010001633.1	1	26178	41	7660	29.2612	0.62606	30.6	29.4
CBDDTY010001634.1	1	26173	92	17582	67.1761	1.33321	30.8	51.2
CBDDTY010001635.1	1	26162	61	12490	47.741	0.837054	30.4	44.6
CBDDTY010001636.1	1	26154	103	14136	54.0491	1.33486	30.5	10.2
CBDDTY010001637.1	1	26152	162	11364	43.4537	1.89657	30.7	20.8
CBDDTY010001638.1	1	26140	71	15245	58.3206	1.11435	30.9	37.8
CBDDTY010001639.1	1	26137	50	8733	33.4124	0.560202	28.9	31.5
CBDDTY010001640.1	1	26135	55	7987	30.5606	0.562579	32.3	5.47
CBDDTY010001641.1	1	26131	114	16812	64.3374	2.00103	31.1	27.1
CBDDTY010001642.1	1	26109	55	7766	29.7445	0.629745	31.6	18.7
CBDDTY010001643.1	1	26097	73	14148	54.2131	1.0912	31.3	29.3
CBDDTY010001644.1	1	26088	154	21302	81.6544	2.54075	30.8	42
CBDDTY010001645.1	1	26085	115	12539	48.0698	1.4695	29.1	12.1
CBDDTY010001646.1	1	26069	77	11642	44.6584	1.15873	31.1	39.2
CBDDTY010001647.1	1	26065	21	5031	19.3017	0.301477	28.8	3.48
CBDDTY010001648.1	1	26061	60	12003	46.0573	0.897471	31.3	27.1
CBDDTY010001649.1	1	26061	12	2959	11.3541	0.140939	32.7	24.2
CBDDTY010001650.1	1	26040	45	10148	38.9708	0.649232	29.9	20.6
CBDDTY010001651.1	1	26018	71	12959	49.8078	0.986471	30.9	35.5
CBDDTY010001652.1	1	26000	46	6280	24.1538	0.577923	31.5	8.78
CBDDTY010001653.1	1	26000	132	20271	77.9654	2.35581	30.1	53
CBDDTY010001654.1	1	26000	14	2814	10.8231	0.156577	29.5	8.93
CBDDTY010001655.1	1	26000	56	11081	42.6192	0.796808	31	39
CBDDTY010001656.1	1	26000	99	7872	30.2769	1.2325	31.3	29.9
CBDDTY010001657.1	1	26000	88	11947	45.95	1.26973	30.9	16.8
CBDDTY010001658.1	1	26000	67	9891	38.0423	0.800115	31.2	17.8
CBDDTY010001659.1	1	26000	81	15049	57.8808	1.21188	29.8	41.9
CBDDTY010001660.1	1	26000	89	13209	50.8038	1.13335	29.5	24.6
CBDDTY010001661.1	1	25600	61	8260	32.2656	0.831289	30.2	24.8
CBDDTY010001662.1	1	26000	42	7334	28.2077	0.476692	30.9	20.1
CBDDTY010001663.1	1	26000	22	3887	14.95	0.399654	31	13.4
CBDDTY010001664.1	1	26000	24	5627	21.6423	0.406231	30	19.5
CBDDTY010001665.1	1	26000	106	14835	57.0577	1.48988	30.9	25.3
CBDDTY010001666.1	1	26000	30	8703	33.4731	0.441	31.2	41.4
CBDDTY010001667.1	1	26000	73	12834	49.3615	0.972462	31.3	32.9
CBDDTY010001668.1	1	26000	174	14086	54.1769	3.13008	31.6	7.97
CBDDTY010001669.1	1	26000	87	11329	43.5731	1.13542	31.2	20.1
CBDDTY010001670.1	1	26000	59	7199	27.6885	0.718	30.5	11.4
CBDDTY010001671.1	1	25800	84	9791	37.9496	0.923837	30.4	16.9
CBDDTY010001672.1	1	25800	128	21181	82.0969	2.12992	29.8	38.9
CBDDTY010001673.1	1	26000	53	12483	48.0115	0.848577	29.7	28.1
CBDDTY010001674.1	1	26000	89	15152	58.2769	1.18546	31.3	20.1
CBDDTY010001675.1	1	26000	65	13407	51.5654	0.968654	31.2	45.4
CBDDTY010001676.1	1	26000	63	15346	59.0231	1.09973	31.5	48.8
CBDDTY010001677.1	1	25800	43	6649	25.7713	0.469806	30	8.81
CBDDTY010001678.1	1	26000	65	14425	55.4808	0.938231	30.4	38.1
CBDDTY010001679.1	1	26000	56	11123	42.7808	1.02888	32	35.7
CBDDTY010001680.1	1	25585	34	7618	29.7753	0.493023	32.5	13
CBDDTY010001681.1	1	25995	74	12038	46.3089	1.01066	31.4	21.8
CBDDTY010001682.1	1	25994	72	15543	59.7946	0.956067	31.4	36.6
CBDDTY010001683.1	1	25988	81	11763	45.2632	0.945244	30.2	19.8
CBDDTY010001684.1	1	25985	97	14101	54.2659	1.36359	30.6	26.5
CBDDTY010001685.1	1	25983	58	11903	45.8107	0.879344	30.4	17.6
CBDDTY010001686.1	1	25976	61	13452	51.7863	0.801124	30.9	43.6
CBDDTY010001687.1	1	25960	75	14067	54.1872	1.12072	30.8	38.1
CBDDTY010001688.1	1	25959	24	5059	19.4884	0.277553	30.4	27.8
CBDDTY010001689.1	1	25959	3	2111	8.13205	0.0813205	27.9	60
CBDDTY010001690.1	1	25947	35	6022	23.2088	0.521062	32.2	45.3
CBDDTY010001691.1	1	25495	65	9813	38.4899	1.00208	30.7	9.09
CBDDTY010001692.1	1	25882	161	8970	34.6573	2.99695	29.9	14.1
CBDDTY010001693.1	1	25878	73	14005	54.1193	0.993933	31.4	49.4
CBDDTY010001694.1	1	25876	35	8579	33.1543	0.509236	30	5.26
CBDDTY010001695.1	1	25826	77	6609	25.5905	1.62549	28.9	12.5
CBDDTY010001696.1	1	25802	63	15229	59.0226	0.891171	30.3	50.1
CBDDTY010001697.1	1	25798	56	11140	43.1816	0.983681	30.6	40.4
CBDDTY010001698.1	1	25797	38	4381	16.9826	0.360662	29.8	11.3
CBDDTY010001699.1	1	25796	112	16313	63.2385	1.94774	31.4	16.1
CBDDTY010001700.1	1	25792	83	12889	49.9729	1.39605	31.1	20.6
CBDDTY010001701.1	1	25770	50	9566	37.1207	0.768607	31	30.6
CBDDTY010001702.1	1	25755	86	13772	53.4731	1.26791	29.7	27.7
CBDDTY010001703.1	1	25750	94	17115	66.466	1.4414	31.1	29.1
CBDDTY010001704.1	1	25743	8	1943	7.54768	0.0986676	32.3	0.875
CBDDTY010001705.1	1	25732	72	16803	65.3	1.22287	29.6	46.4
CBDDTY010001706.1	1	25731	97	11440	44.46	1.43504	30.7	21.5
CBDDTY010001707.1	1	25729	84	14329	55.692	1.1325	31	36.5
CBDDTY010001708.1	1	25722	80	6987	27.1635	1.29317	31.2	22.1
CBDDTY010001709.1	1	25714	71	16279	63.3079	1.23046	31	36.4
CBDDTY010001710.1	1	25711	51	7405	28.8009	0.616545	29	18.2
CBDDTY010001711.1	1	25696	50	9735	37.8853	0.630448	31.5	38
CBDDTY010001712.1	1	25672	125	12405	48.3211	1.979	30.5	16.3
CBDDTY010001713.1	1	25650	118	14005	54.6004	1.80187	30.4	40.8
CBDDTY010001714.1	1	25650	109	13267	51.7232	1.86522	30.2	24.8
CBDDTY010001715.1	1	25637	81	12671	49.4247	1.31798	30.8	29.1
CBDDTY010001716.1	1	25634	53	6946	27.0968	0.637396	32.1	16
CBDDTY010001717.1	1	25627	254	12425	48.484	4.53108	32.2	9.03
CBDDTY010001718.1	1	25623	108	15657	61.1053	1.3667	30.8	32.6
CBDDTY010001719.1	1	25616	68	14572	56.8863	0.937773	30.4	50.6
CBDDTY010001720.1	1	25611	33	7736	30.2058	0.526258	29.1	5.85
CBDDTY010001721.1	1	25601	134	15044	58.7633	2.14605	30.3	46.9
CBDDTY010001722.1	1	25589	71	16409	64.1252	1.19278	29.3	48.9
CBDDTY010001723.1	1	25584	65	10571	41.3188	0.815979	30.4	26.2
CBDDTY010001724.1	1	25581	100	15892	62.1242	1.76447	29.9	30.1
CBDDTY010001725.1	1	25571	25	3358	13.1321	0.388526	29.5	35.2
CBDDTY010001727.1	1	25560	38	8956	35.0391	0.674413	29.8	40.4
CBDDTY010001728.1	1	25557	41	5621	21.994	0.597331	30.9	11.4
CBDDTY010001729.1	1	25554	70	6810	26.6494	0.876966	32.4	12
CBDDTY010001730.1	1	25549	191	12434	48.6673	3.00016	30.9	21.1
CBDDTY010001731.1	1	25542	85	15165	59.3728	1.3273	29.8	39.5
CBDDTY010001732.1	1	25502	99	15124	59.3052	1.59356	29.8	16.3
CBDDTY010001733.1	1	25493	54	14062	55.1602	0.841525	30.3	47.5
CBDDTY010001734.1	1	25488	73	13207	51.8165	0.946838	31	42.7
CBDDTY010001735.1	1	25484	58	12404	48.6737	0.782923	30.6	38.5
CBDDTY010001736.1	1	25479	10	3160	12.4024	0.170807	31.6	9.4
CBDDTY010001737.1	1	25476	92	17777	69.7794	1.42252	30.7	37.7
CBDDTY010001738.1	1	25458	70	14803	58.1468	0.971365	30.9	41.6
CBDDTY010001739.1	1	25428	87	13322	52.3911	1.31115	29.9	12.4
CBDDTY010001740.1	1	25390	32	7615	29.9921	0.474202	30.6	19.3
CBDDTY010001741.1	1	25385	142	13867	54.6267	2.23549	31	17.4
CBDDTY010001742.1	1	25379	15	2659	10.4772	0.132984	31.8	9.27
CBDDTY010001743.1	1	25323	80	18018	71.1527	1.49074	31.1	41.5
CBDDTY010001744.1	1	25319	196	14586	57.6089	3.46605	31.4	18.6
CBDDTY010001745.1	1	25313	79	11664	46.0791	1.19267	30.6	31.5
CBDDTY010001746.1	1	25310	103	11626	45.9344	1.4663	31.5	20.4
CBDDTY010001747.1	1	25305	61	8904	35.1867	0.908437	31.3	11.2
CBDDTY010001748.1	1	25292	83	18606	73.5648	1.36917	29.9	55.6
CBDDTY010001749.1	1	25285	31	7889	31.2003	0.439272	31.3	9.26
CBDDTY010001750.1	1	25282	79	13774	54.4814	1.01804	30.9	33.4
CBDDTY010001751.1	1	25269	72	14124	55.8946	1.23238	31.2	35.3
CBDDTY010001752.1	1	25269	86	19841	78.5191	1.45696	32.3	55.2
CBDDTY010001753.1	1	25256	106	19563	77.4588	1.62841	30.3	44.3
CBDDTY010001754.1	1	25239	77	17708	70.1613	1.41523	29.9	51.8
CBDDTY010001755.1	1	25231	77	14928	59.1653	1.11577	30.4	35.1
CBDDTY010001756.1	1	25227	46	8328	33.0122	0.603243	30.5	39.2
CBDDTY010001757.1	1	25219	50	6768	26.8369	0.743804	31.8	5.24
CBDDTY010001758.1	1	25211	67	13151	52.1637	1.03475	30.7	33.1
CBDDTY010001759.1	1	25199	11	3493	13.8617	0.164649	31.2	14.5
CBDDTY010001760.1	1	25198	62	9724	38.5904	0.870307	31.7	15.9
CBDDTY010001761.1	1	25187	62	10104	40.1159	0.871481	29.4	17.1
CBDDTY010001762.1	1	25183	109	15487	61.4978	1.86836	30.2	40.8
CBDDTY010001763.1	1	25181	5	2043	8.11326	0.0882014	25.5	8.6
CBDDTY010001764.1	1	25164	68	17332	68.8762	1.26419	29.6	51.1
CBDDTY010001765.1	1	25150	91	10580	42.0676	1.54891	30.9	12.1
CBDDTY010001766.1	1	25141	93	10925	43.4549	1.65701	30.4	17.4
CBDDTY010001767.1	1	25138	45	8699	34.605	0.857188	29.4	27.7
CBDDTY010001768.1	1	25125	150	15857	63.1124	2.26671	29.3	24.1
CBDDTY010001769.1	1	25122	196	10698	42.5842	3.0748	29.8	27.9
CBDDTY010001770.1	1	25120	80	12793	50.9275	1.12329	30.1	10.2
CBDDTY010001771.1	1	25102	102	10290	40.9927	1.37842	30.5	15.3
CBDDTY010001772.1	1	25098	35	5335	21.2567	0.39537	29.3	10.5
CBDDTY010001773.1	1	25083	68	15201	60.6028	0.914125	30.8	48.1
CBDDTY010001774.1	1	25071	92	12563	50.1097	1.66048	30.6	17.1
CBDDTY010001775.1	1	25065	61	8482	33.84	0.720367	30	9.52
CBDDTY010001776.1	1	25055	111	6828	27.252	1.85676	31	24.4
CBDDTY010001777.1	1	25044	60	10411	41.5708	0.842877	31	13.9
CBDDTY010001778.1	1	25040	48	10257	40.9625	0.766733	31.3	28.4
CBDDTY010001779.1	1	25024	64	12961	51.7943	1.12692	30.8	40.4
CBDDTY010001780.1	1	25013	58	14166	56.6346	0.937752	30.5	42.1
CBDDTY010001781.1	1	25011	78	17227	68.8777	1.40862	29.9	48.7
CBDDTY010001782.1	1	25008	71	12342	49.3522	1.03331	31	38.1
CBDDTY010001783.1	1	25000	9	3372	13.488	0.16124	30.5	32.7
CBDDTY010001784.1	1	25000	7	1542	6.168	0.07172	32.4	22
CBDDTY010001785.1	1	25000	6	1644	6.576	0.0956	27.1	8.67
CBDDTY010001786.1	1	25000	99	17279	69.116	1.77916	29.8	31.5
CBDDTY010001787.1	1	24800	120	10114	40.7823	2.10202	30.2	16.9
CBDDTY010001788.1	1	25000	46	7169	28.676	0.8408	31.2	40
CBDDTY010001789.1	1	25000	3	765	3.06	0.0478	35	3.67
CBDDTY010001790.1	1	24200	35	8028	33.1736	0.607107	31.1	42.4
CBDDTY010001791.1	1	25000	35	4055	16.22	0.45876	29.6	43.3
CBDDTY010001792.1	1	25000	115	15512	62.048	1.52944	30.9	34.3
CBDDTY010001793.1	1	25000	220	16714	66.856	3.78544	29.7	10.7
CBDDTY010001794.1	1	25000	4	1775	7.1	0.09848	28.6	15.5
CBDDTY010001795.1	1	25000	67	3277	13.108	0.86224	29.7	3.36
CBDDTY010001796.1	1	25000	125	16830	67.32	1.98224	30.3	24.3
CBDDTY010001797.1	1	25000	63	10957	43.828	1.04972	30.4	27.8
CBDDTY010001798.1	1	25000	61	10316	41.264	0.81464	31.5	30.4
CBDDTY010001799.1	1	25000	12	4093	16.372	0.19996	31.3	30.1
CBDDTY010001801.1	1	25000	83	11176	44.704	1.13976	31.6	39.4
CBDDTY010001802.1	1	25000	172	23176	92.704	2.91096	31.7	44.4
CBDDTY010001803.1	1	25000	21	2689	10.756	0.22504	30	7.38
CBDDTY010001804.1	1	25000	76	14708	58.832	1.25968	30.9	38.1
CBDDTY010001805.1	1	25000	142	21743	86.972	2.35776	30.6	47.2
CBDDTY010001806.1	1	25000	50	7308	29.232	0.71064	30.9	24.1
CBDDTY010001807.1	1	25000	17	3253	13.012	0.2066	31.1	14.4
CBDDTY010001808.1	1	25000	77	10218	40.872	1.1232	30.1	46.3
CBDDTY010001809.1	1	25000	2565	22239	88.956	39.8263	29.7	2.21
CBDDTY010001810.1	1	25000	68	14829	59.316	1.0738	30.5	52.2
CBDDTY010001811.1	1	25000	62	11997	47.988	0.95804	30.2	32
CBDDTY010001812.1	1	24994	57	9485	37.9491	0.817436	30.6	27.7
CBDDTY010001813.1	1	24991	104	19233	76.9597	1.68061	30.6	46.8
CBDDTY010001814.1	1	24986	89	16987	67.9861	1.48795	30.5	42.6
CBDDTY010001815.1	1	24986	62	10548	42.2156	1.14716	31	33.7
CBDDTY010001816.1	1	24983	53	10643	42.601	0.811672	30.5	32.6
CBDDTY010001818.1	1	24948	67	14366	57.5838	0.984448	31	52
CBDDTY010001819.1	1	24935	103	17645	70.764	1.74678	29.8	47
CBDDTY010001820.1	1	24928	19	3529	14.1568	0.269496	30.6	23.6
CBDDTY010001821.1	1	24923	84	13217	53.0313	1.50415	30.7	15.8
CBDDTY010001822.1	1	24881	115	16800	67.5214	1.74499	31.5	27.8
CBDDTY010001823.1	1	24878	81	13477	54.1724	1.14905	29.1	37.2
CBDDTY010001824.1	1	24843	4	962	3.87232	0.0387232	23.8	0
CBDDTY010001825.1	1	24835	53	10205	41.0912	0.720354	30.5	9.75
CBDDTY010001826.1	1	24814	38	7567	30.4949	0.625856	29.6	16.4
CBDDTY010001827.1	1	24799	46	12315	49.6593	0.698052	30.6	36.8
CBDDTY010001828.1	1	24799	41	7222	29.1221	0.686681	31.7	21.2
CBDDTY010001829.1	1	24788	80	13620	54.9459	1.37797	29.6	15
CBDDTY010001830.1	1	24787	117	11802	47.6137	1.92835	30.2	12.7
CBDDTY010001831.1	1	24758	344	18625	75.2282	6.4853	31	28.7
CBDDTY010001832.1	1	24752	104	13866	56.0197	1.76794	31.1	25.2
CBDDTY010001833.1	1	24750	20	5221	21.0949	0.249131	31	12.2
CBDDTY010001834.1	1	24726	64	10391	42.0246	0.955553	30.6	22.2
CBDDTY010001835.1	1	24720	45	8198	33.1634	0.711772	29.7	17.1
CBDDTY010001836.1	1	24708	60	14875	60.2032	0.987292	31.4	41.8
CBDDTY010001837.1	1	24707	6	1857	7.51609	0.0985551	32.6	30.2
CBDDTY010001838.1	1	24698	46	9127	36.9544	0.792777	30.6	32.3
CBDDTY010001839.1	1	24689	41	5973	24.193	0.524444	30	17.3
CBDDTY010001840.1	1	24683	56	12871	52.1452	0.936758	28.2	30.5
CBDDTY010001841.1	1	24665	51	10128	41.0622	0.79777	30.1	37.4
CBDDTY010001842.1	1	24661	54	7480	30.3313	0.828312	31	20
CBDDTY010001843.1	1	24655	16	4012	16.2726	0.205516	28.8	35.1
CBDDTY010001844.1	1	24630	70	16163	65.6232	1.1136	30.8	46
CBDDTY010001845.1	1	24629	68	13647	55.4103	0.964798	30	32.5
CBDDTY010001846.1	1	24627	42	7956	32.306	0.550209	30.1	5.81
CBDDTY010001847.1	1	24626	19	3993	16.2146	0.257939	32.6	17.2
CBDDTY010001848.1	1	24618	99	9476	38.4922	1.92607	29.7	15.8
CBDDTY010001849.1	1	24613	70	9457	38.4228	1.2211	29.6	15
CBDDTY010001850.1	1	24611	139	14566	59.1849	2.16188	30.9	13.3
CBDDTY010001851.1	1	24610	84	13712	55.7172	1.33698	29.6	22.3
CBDDTY010001852.1	1	24598	99	15000	60.9806	1.63025	30.6	43.2
CBDDTY010001853.1	1	24590	49	9666	39.3087	0.837739	31.1	30.4
CBDDTY010001854.1	1	24585	112	15752	64.0716	1.62038	30.3	34.8
CBDDTY010001855.1	1	24584	59	11425	46.4733	0.958916	30.2	34
CBDDTY010001856.1	1	24576	62	12222	49.7314	0.991211	30.4	40
CBDDTY010001857.1	1	24573	79	15321	62.3489	1.21878	30	47.7
CBDDTY010001858.1	1	24570	51	10999	44.766	0.71221	30.2	27
CBDDTY010001859.1	1	24563	49	9024	36.7382	0.808045	31.2	30.7
CBDDTY010001860.1	1	24551	60	9605	39.1226	0.818582	29.1	14.7
CBDDTY010001861.1	1	24534	122	16894	68.8595	4.04545	31.7	2.8
CBDDTY010001862.1	1	24531	81	12871	52.4683	1.31907	29.8	27.7
CBDDTY010001863.1	1	24512	107	19397	79.1327	1.97821	30.4	36.4
CBDDTY010001864.1	1	24503	29	6199	25.2989	0.370648	31.8	30.7
CBDDTY010001865.1	1	24470	14	4380	17.8995	0.235635	30.1	15.3
CBDDTY010001866.1	1	24453	58	9748	39.8642	1.0577	30.3	26.3
CBDDTY010001867.1	1	24447	83	15092	61.7335	1.22547	31.4	41.4
CBDDTY010001868.1	1	24442	56	10501	42.9629	0.771009	30.6	20.8
CBDDTY010001869.1	1	24436	315	17987	73.6086	4.96481	30.3	25
CBDDTY010001870.1	1	24428	79	16526	67.6519	1.30408	31.1	46.2
CBDDTY010001871.1	1	24406	81	8396	34.4014	1.30742	29.6	17.7
CBDDTY010001872.1	1	24400	78	14607	59.8648	1.33742	30.4	32.2
CBDDTY010001873.1	1	24390	80	11910	48.8315	1.08872	29.4	9.85
CBDDTY010001874.1	1	24334	125	18839	77.4184	1.88543	30.3	19.1
CBDDTY010001875.1	1	24315	55	14077	57.8943	0.885667	30.9	40.3
CBDDTY010001876.1	1	24307	77	14592	60.0321	1.1869	31.1	42.1
CBDDTY010001877.1	1	24296	37	10291	42.3568	0.575856	31.5	37.9
CBDDTY010001878.1	1	24289	8	1539	6.3362	0.098769	30.8	23.8
CBDDTY010001879.1	1	24277	65	10512	43.3002	0.796556	30.4	25.8
CBDDTY010001880.1	1	24252	32	8380	34.5539	0.451757	30.4	31.6
CBDDTY010001881.1	1	24235	59	14689	60.6107	0.955519	31.9	50.8
CBDDTY010001882.1	1	24225	107	13834	57.1063	1.57651	30.4	33.1
CBDDTY010001883.1	1	24219	57	11663	48.1564	0.913704	30.3	47.3
CBDDTY010001884.1	1	24201	8	1191	4.92128	0.0594604	31.2	1
CBDDTY010001885.1	1	24000	27	5638	23.4917	0.349917	29.7	30.4
CBDDTY010001886.1	1	24192	59	15598	64.4759	0.985491	31.7	53.8
CBDDTY010001887.1	1	24189	58	9063	37.4674	0.88933	31.1	13
CBDDTY010001888.1	1	24184	90	12207	50.4755	1.37235	29.6	32.7
CBDDTY010001889.1	1	24176	84	17410	72.0136	1.4538	29.5	37.2
CBDDTY010001890.1	1	24155	90	16650	68.9298	1.40012	30.8	33.8
CBDDTY010001891.1	1	24153	42	9252	38.3058	0.625471	28.6	24.1
CBDDTY010001892.1	1	24148	144	16414	67.9725	2.18991	30.3	24.3
CBDDTY010001893.1	1	24145	62	11348	46.9994	1.09281	29.8	1.81
CBDDTY010001894.1	1	24123	61	12061	49.9979	1.08225	30.6	38.5
CBDDTY010001895.1	1	24121	16	3011	12.4829	0.144438	30.3	10
CBDDTY010001896.1	1	24112	77	16254	67.4104	1.37699	31.2	49.2
CBDDTY010001897.1	1	24100	69	13919	57.7552	1.14614	31.4	35.7
CBDDTY010001898.1	1	24079	56	12300	51.0819	0.814735	30.4	47.4
CBDDTY010001899.1	1	24075	12	2946	12.2368	0.143385	27	12
CBDDTY010001900.1	1	24070	145	14029	58.2842	2.52705	30.1	33.9
CBDDTY010001901.1	1	24032	260	18889	78.5994	4.38524	30.7	35.6
CBDDTY010001902.1	1	24022	63	13436	55.9321	0.988302	31.2	29.2
CBDDTY010001903.1	1	24020	16	3848	16.02	0.200624	31	16.6
CBDDTY010001904.1	1	24013	41	9728	40.5114	0.571607	30.8	5.17
CBDDTY010001905.1	1	24011	144	15908	66.253	2.47416	30.6	27
CBDDTY010001906.1	1	24002	95	7700	32.0807	1.7184	30.2	9.36
CBDDTY010001907.1	1	24000	57	10723	44.6792	0.804375	31.7	43.5
CBDDTY010001908.1	1	24000	64	8565	35.6875	0.977958	31	14
CBDDTY010001909.1	1	24000	18	7302	30.425	0.329792	31.8	30.7
CBDDTY010001910.1	1	24000	1	401	1.67083	0.0167083	30.4	0
CBDDTY010001911.1	1	24000	51	9750	40.625	0.915833	30.7	34.8
CBDDTY010001912.1	1	24000	73	11825	49.2708	1.30692	30	27.7
CBDDTY010001913.1	1	24000	54	9988	41.6167	0.68675	29.3	17.6
CBDDTY010001914.1	1	24000	65	7552	31.4667	1.08192	30.1	16.3
CBDDTY010001915.1	1	24000	6	1405	5.85417	0.0895417	30.3	37.3
CBDDTY010001916.1	1	24000	35	7420	30.9167	0.52975	29.4	24.3
CBDDTY010001917.1	1	24000	136	15630	65.125	2.20321	31.1	51
CBDDTY010001918.1	1	24000	15	3124	13.0167	0.2165	30.8	51.7
CBDDTY010001919.1	1	24000	123	16633	69.3042	2.01317	29.6	41.5
CBDDTY010001920.1	1	23800	34	8161	34.2899	0.538235	29.1	27
CBDDTY010001921.1	1	24000	6	1816	7.56667	0.0756667	31.8	1.17
CBDDTY010001922.1	1	24000	27	6919	28.8292	0.401542	31.3	30
CBDDTY010001923.1	1	24000	79	11672	48.6333	1.16912	30.1	48.4
CBDDTY010001924.1	1	24000	85	11466	47.775	1.38121	30.5	25.8
CBDDTY010001925.1	1	23669	57	9316	39.3595	1.00144	31	20.9
CBDDTY010001926.1	1	24000	23	5126	21.3583	0.287792	31.9	6.57
CBDDTY010001927.1	1	24000	20	3560	14.8333	0.361125	31.1	45.9
CBDDTY010001928.1	1	24000	85	14882	62.0083	1.43013	29.9	22.5
CBDDTY010001929.1	1	24000	35	7397	30.8208	0.488833	30.5	24.7
CBDDTY010001930.1	1	24000	44	11174	46.5583	0.649042	30.8	19.7
CBDDTY010001931.1	1	24000	85	15254	63.5583	1.44925	30.3	42.8
CBDDTY010001932.1	1	23998	48	10321	43.0078	0.750604	30	33.8
CBDDTY010001933.1	1	23998	54	11258	46.9122	0.987957	29.9	0.759
CBDDTY010001934.1	1	23965	60	9284	38.7398	0.807302	30.1	28.1
CBDDTY010001935.1	1	23964	258	15625	65.202	4.44387	31.9	18
CBDDTY010001936.1	1	23963	31	4077	17.0137	0.433502	31.5	12.5
CBDDTY010001937.1	1	23959	38	6530	27.2549	0.499645	28.7	17.9
CBDDTY010001938.1	1	23959	161	18112	75.5958	3.06269	31.1	32.4
CBDDTY010001939.1	1	23957	46	10613	44.3002	0.670869	29	3.83
CBDDTY010001940.1	1	23947	67	13165	54.9756	1.04923	31.2	43.5
CBDDTY010001941.1	1	23938	88	14145	59.0901	1.30132	29.8	22.2
CBDDTY010001942.1	1	23938	119	15823	66.0999	2.20499	30.2	51.7
CBDDTY010001943.1	1	23936	139	19561	81.7221	2.18403	30.7	36.2
CBDDTY010001944.1	1	23919	41	7849	32.8149	0.600945	31	10.1
CBDDTY010001945.1	1	23918	3	465	1.94414	0.0194414	29.7	6.67
CBDDTY010001946.1	1	23911	73	13839	57.8771	1.21492	30.8	29.7
CBDDTY010001947.1	1	23906	77	12159	50.8617	1.13469	30.3	32.4
CBDDTY010001948.1	1	23897	48	11401	47.7089	0.843579	29.5	27.8
CBDDTY010001949.1	1	23882	96	16920	70.8483	1.71577	30.6	44.9
CBDDTY010001950.1	1	23879	134	14578	61.0495	2.17296	31.2	29.1
CBDDTY010001951.1	1	23865	66	13287	55.6757	0.918123	30.1	47.3
CBDDTY010001952.1	1	23847	39	8826	37.0109	0.640332	30.7	25.6
CBDDTY010001953.1	1	23843	56	11540	48.3999	0.766179	31.3	31.1
CBDDTY010001954.1	1	23819	85	14780	62.0513	1.44196	31.5	32.2
CBDDTY010001955.1	1	23814	22	4273	17.9432	0.367683	30.2	15.1
CBDDTY010001956.1	1	23806	54	11746	49.3405	0.802487	29.9	27.8
CBDDTY010001957.1	1	23791	114	13846	58.1985	1.99916	31.3	10.1
CBDDTY010001958.1	1	23783	40	6821	28.6801	0.615566	31.6	13.9
CBDDTY010001959.1	1	23771	25	6703	28.1982	0.407682	31.2	17.9
CBDDTY010001960.1	1	23770	108	17167	72.2213	1.85137	29.9	43.9
CBDDTY010001961.1	1	23763	61	12745	53.6338	0.990658	30.1	38.8
CBDDTY010001962.1	1	23751	65	9871	41.5604	0.905267	30.6	26.5
CBDDTY010001963.1	1	23735	78	13293	56.0059	1.31317	30.1	36.1
CBDDTY010001964.1	1	23713	26	6113	25.7791	0.38831	31.3	16.4
CBDDTY010001965.1	1	23712	10	1309	5.52041	0.145074	33.6	1.1
CBDDTY010001966.1	1	23705	37	9064	38.2367	0.69015	30.8	32.4
CBDDTY010001967.1	1	23685	74	12435	52.5016	1.01056	30.4	27.7
CBDDTY010001968.1	1	23679	134	16456	69.4962	2.21002	31.2	27.5
CBDDTY010001969.1	1	23678	88	14566	61.517	1.41997	30.7	40.4
CBDDTY010001970.1	1	23661	62	13755	58.1336	1.01636	31.5	30
CBDDTY010001971.1	1	23597	54	12239	51.8668	0.968513	30.8	41.3
CBDDTY010001972.1	1	23589	120	12768	54.1269	2.17067	31	8.39
CBDDTY010001973.1	1	23585	93	15931	67.5472	1.68993	30.6	46.4
CBDDTY010001974.1	1	23567	47	9482	40.2342	0.734162	31.8	24.1
CBDDTY010001975.1	1	23562	66	13180	55.9375	1.17176	30.4	35.4
CBDDTY010001976.1	1	23549	126	12028	51.0765	1.82513	30.3	23.9
CBDDTY010001977.1	1	23542	24	5120	21.7484	0.363308	27.6	7.71
CBDDTY010001978.1	1	23527	77	10785	45.8409	1.3547	30.9	20.3
CBDDTY010001979.1	1	23525	22	5283	22.457	0.384612	31.1	19.3
CBDDTY010001980.1	1	23513	36	9236	39.2804	0.551397	31.3	24.5
CBDDTY010001981.1	1	23503	132	16161	68.7614	2.1179	30.3	41.2
CBDDTY010001982.1	1	23490	108	19405	82.6096	2.0484	30.2	51.4
CBDDTY010001983.1	1	23478	52	12882	54.8684	1.00388	31.1	53.6
CBDDTY010001984.1	1	23477	18	3744	15.9475	0.232355	30	20.7
CBDDTY010001985.1	1	23461	33	5752	24.5173	0.524445	31.5	11
CBDDTY010001986.1	1	23459	70	14400	61.3837	1.11544	30.5	34.2
CBDDTY010001987.1	1	23456	117	13914	59.3196	1.98755	29.7	39.8
CBDDTY010001988.1	1	23436	65	10265	43.8001	1.00789	30.5	17
CBDDTY010001989.1	1	23431	68	11001	46.9506	1.11096	31.5	19.2
CBDDTY010001990.1	1	23427	96	14542	62.0737	1.5188	30.8	47.6
CBDDTY010001991.1	1	23426	54	11588	49.4664	0.953684	30.6	28.2
CBDDTY010001992.1	1	23426	53	8469	36.1521	0.898958	29.4	20.2
CBDDTY010001993.1	1	23424	80	13595	58.0388	1.28411	30.5	38.3
CBDDTY010001994.1	1	23424	29	6030	25.7428	0.500854	29.8	36.9
CBDDTY010001995.1	1	23406	71	14887	63.6033	1.16402	30	50.5
CBDDTY010001996.1	1	23396	52	4790	20.4736	0.835698	28.8	22.1
CBDDTY010001997.1	1	23395	65	6553	28.0103	0.841804	31.1	14
CBDDTY010001998.1	1	23386	82	10688	45.7026	1.19871	30	12.5
CBDDTY010001999.1	1	23384	80	16546	70.7578	1.47721	30.5	47
CBDDTY010002000.1	1	23381	92	14887	63.6714	1.53124	30.8	36.9
CBDDTY010002001.1	1	23364	27	3980	17.0348	0.313688	29.9	17.3
CBDDTY010002002.1	1	23327	92	9107	39.0406	1.49321	31.3	10.3
CBDDTY010002003.1	1	23326	25	6185	26.5155	0.414345	31.2	22.2
CBDDTY010002004.1	1	23324	66	9641	41.3351	0.981264	29.5	10.9
CBDDTY010002005.1	1	23306	51	8886	38.1275	0.918519	29.4	11.8
CBDDTY010002006.1	1	23304	41	7195	30.8745	0.494336	30.1	12.2
CBDDTY010002007.1	1	23298	57	7948	34.1145	1.24813	30	11.4
CBDDTY010002008.1	1	23285	99	16784	72.0807	1.60958	30.4	38.1
CBDDTY010002009.1	1	23270	69	13588	58.3928	0.985518	30.1	38.7
CBDDTY010002010.1	1	23268	67	14249	61.2386	1.34644	30.9	51
CBDDTY010002011.1	1	23246	39	8598	36.987	0.522542	29.9	19.6
CBDDTY010002012.1	1	23243	38	7659	32.9519	0.522652	31.9	28.1
CBDDTY010002013.1	1	23241	47	11933	51.3446	0.748677	31	46.8
CBDDTY010002014.1	1	23226	60	11586	49.8838	0.996469	29.9	49.3
CBDDTY010002015.1	1	23220	57	11795	50.7967	1.0969	30.7	33.9
CBDDTY010002016.1	1	23210	29	6947	29.9311	0.454804	29.5	45.3
CBDDTY010002017.1	1	23200	67	14880	64.1379	1.06522	32.1	49.1
CBDDTY010002018.1	1	23200	74	13375	57.6509	1.26293	31	36.1
CBDDTY010002019.1	1	23194	56	8481	36.5655	0.951539	29.6	21.6
CBDDTY010002020.1	1	23187	33	8092	34.8989	0.478889	31.2	24.1
CBDDTY010002021.1	1	23187	315	20282	87.4714	6.66865	30.6	32.1
CBDDTY010002022.1	1	23184	37	4576	19.7378	0.540459	31.8	19.9
CBDDTY010002023.1	1	23179	71	13942	60.1493	1.44726	30	46.4
CBDDTY010002024.1	1	23166	70	15029	64.8752	1.16447	30.7	48.7
CBDDTY010002025.1	1	23160	58	10031	43.3117	0.913774	31.2	24.2
CBDDTY010002026.1	1	23133	62	12494	54.0094	0.982752	30	47.9
CBDDTY010002027.1	1	23128	14	3954	17.0962	0.226479	32.2	24
CBDDTY010002028.1	1	23127	40	6552	28.3305	0.605353	30.8	27.5
CBDDTY010002029.1	1	23116	56	9891	42.7885	0.79352	30.3	33.3
CBDDTY010002030.1	1	23114	84	15092	65.2938	1.26291	31.1	40.3
CBDDTY010002031.1	1	23099	38	8588	37.1791	0.561366	31.9	48.4
CBDDTY010002032.1	1	23090	73	17910	77.566	1.72165	30.2	51.3
CBDDTY010002033.1	1	23074	61	10517	45.5794	0.817284	31.5	28.5
CBDDTY010002034.1	1	23068	68	13397	58.0761	1.26357	29.4	45.9
CBDDTY010002035.1	1	23061	84	12142	52.6517	1.38788	31.4	24
CBDDTY010002036.1	1	23032	118	15927	69.1516	2.14133	29.9	30.8
CBDDTY010002037.1	1	23027	62	10174	44.1829	0.956486	29.9	29.8
CBDDTY010002038.1	1	23009	51	10726	46.6165	0.735321	30.5	29.6
CBDDTY010002039.1	1	22800	26	8927	39.1535	0.590833	31.1	25.2
CBDDTY010002040.1	1	23000	75	9688	42.1217	1.20909	31.4	14.2
CBDDTY010002041.1	1	23000	41	7491	32.5696	0.768043	31.3	13.7
CBDDTY010002042.1	1	23000	9	3731	16.2217	0.230609	32.9	12.9
CBDDTY010002043.1	1	23000	29	6595	28.6739	0.412783	30.8	30.8
CBDDTY010002044.1	1	23000	48	9804	42.6261	0.742565	30.8	28.8
CBDDTY010002045.1	1	23000	65	9696	42.1565	0.847609	30.2	30.8
CBDDTY010002046.1	1	23000	76	11375	49.4565	1.0883	29.8	27.9
CBDDTY010002048.1	1	23000	3	869	3.77826	0.0556957	31.2	60
CBDDTY010002049.1	1	22393	88	15855	70.8034	1.53378	30	45.7
CBDDTY010002050.1	1	23000	63	7600	33.0435	1.00713	29.6	11.2
CBDDTY010002051.1	1	23000	92	12978	56.4261	1.67165	30.7	27.2
CBDDTY010002052.1	1	23000	55	6228	27.0783	0.812	30.5	26.9
CBDDTY010002053.1	1	23000	30	4404	19.1478	0.370565	30.7	10.5
CBDDTY010002054.1	1	23000	62	8215	35.7174	1.06687	29.1	34.4
CBDDTY010002055.1	1	23000	38	10383	45.1435	0.625174	28.6	28.8
CBDDTY010002056.1	1	23000	24	1916	8.33043	0.239696	34.3	11
CBDDTY010002057.1	1	23000	21	5905	25.6739	0.736652	32.3	0.952
CBDDTY010002058.1	1	23000	55	11051	48.0478	0.881913	31.4	41.7
CBDDTY010002059.1	1	23000	9	1044	4.53913	0.133174	30.9	55.7
CBDDTY010002060.1	1	23000	64	5413	23.5348	0.837217	31	4.5
CBDDTY010002061.1	1	23000	208	20121	87.4826	3.35513	31.1	33.6
CBDDTY010002062.1	1	23000	44	10378	45.1217	0.707348	30.8	35.3
CBDDTY010002063.1	1	22800	22	2832	12.4211	0.344167	32.1	9.05
CBDDTY010002064.1	1	23000	45	10070	43.7826	0.829217	32.8	41.1
CBDDTY010002065.1	1	23000	60	6670	29	1.07896	32.2	7.52
CBDDTY010002066.1	1	23000	142	15369	66.8217	2.24396	30.8	34.2
CBDDTY010002067.1	1	23000	51	12563	54.6217	0.868348	30.9	25.4
CBDDTY010002068.1	1	23000	64	5934	25.8	0.894	31.7	9.52
CBDDTY010002069.1	1	23000	36	8042	34.9652	0.651957	31.1	13.8
CBDDTY010002070.1	1	23000	89	9869	42.9087	1.20252	32.1	8.72
CBDDTY010002071.1	1	22999	41	10644	46.2803	0.837341	31.5	43.9
CBDDTY010002072.1	1	22989	53	13098	56.9751	0.86885	30.9	45.8
CBDDTY010002073.1	1	22978	17	1407	6.12325	0.228523	32.2	7.59
CBDDTY010002074.1	1	22953	33	7272	31.6821	0.434061	30.1	28.1
CBDDTY010002075.1	1	22931	37	5929	25.8558	0.501025	31.1	22
CBDDTY010002076.1	1	22927	79	15130	65.9921	1.47472	30.2	38.3
CBDDTY010002077.1	1	22927	69	5401	23.5574	1.3871	29.6	4.59
CBDDTY010002078.1	1	22926	34	6493	28.3216	0.511559	30.6	25.3
CBDDTY010002079.1	1	22926	41	8607	37.5425	0.590378	31.6	29.3
CBDDTY010002080.1	1	22898	63	10104	44.1261	0.948948	32.4	19.9
CBDDTY010002081.1	1	22893	17	5268	23.0114	0.271306	29.3	18.1
CBDDTY010002082.1	1	22893	37	5063	22.1159	0.581269	30.4	24.4
CBDDTY010002083.1	1	22852	33	8822	38.6049	0.59474	30.1	45.9
CBDDTY010002084.1	1	22852	33	7679	33.6032	0.422501	31.3	21.7
CBDDTY010002085.1	1	22834	45	6453	28.2605	0.624595	31.7	23.3
CBDDTY010002086.1	1	22820	161	17279	75.7187	3.20276	29.9	22
CBDDTY010002087.1	1	22816	63	12873	56.4209	0.970109	31.2	37.5
CBDDTY010002088.1	1	22803	76	7454	32.6887	1.25834	29.3	8.14
CBDDTY010002089.1	1	22791	81	17219	75.5518	1.50814	30.4	50.2
CBDDTY010002090.1	1	22791	37	9790	42.9556	0.654864	28.9	41.1
CBDDTY010002091.1	1	22776	53	12031	52.8231	0.903363	30.6	33.8
CBDDTY010002092.1	1	22776	80	10781	47.3349	1.37864	31.1	4.67
CBDDTY010002093.1	1	22775	21	4682	20.5576	0.332119	30.1	20.5
CBDDTY010002094.1	1	22773	16	2283	10.025	0.182453	31.2	22.5
CBDDTY010002095.1	1	22760	54	13125	57.667	0.852153	31.3	45.6
CBDDTY010002096.1	1	22756	47	9643	42.3756	0.710274	31.1	38
CBDDTY010002097.1	1	22751	111	13928	61.2193	1.82519	30.1	31.7
CBDDTY010002098.1	1	22751	117	17253	75.834	2.14144	31.1	41.2
CBDDTY010002099.1	1	22729	78	17388	76.5014	1.49034	30.6	40.1
CBDDTY010002100.1	1	22725	31	6864	30.2046	0.469923	30.4	37.3
CBDDTY010002101.1	1	22723	129	13340	58.707	2.49923	31	18.9
CBDDTY010002102.1	1	22715	72	13428	59.1151	1.29694	30.9	24.6
CBDDTY010002103.1	1	22687	78	10550	46.5024	1.53149	31	15.1
CBDDTY010002104.1	1	22674	60	9203	40.5883	0.919467	32.4	21.5
CBDDTY010002105.1	1	22644	61	10122	44.7006	0.94312	30.1	28.8
CBDDTY010002106.1	1	22639	9	2067	9.13026	0.123283	29.7	30.1
CBDDTY010002107.1	1	22634	50	11172	49.3594	0.84161	30.8	48.9
CBDDTY010002108.1	1	22618	79	7259	32.0939	1.43289	30.5	19.1
CBDDTY010002109.1	1	22610	9	2091	9.24812	0.153737	32.9	25.7
CBDDTY010002110.1	1	22592	46	9529	42.1786	0.823477	29.8	24
CBDDTY010002111.1	1	22590	78	12331	54.5861	1.34816	30.9	25.9
CBDDTY010002112.1	1	22586	40	8869	39.2677	0.659479	30.6	16.6
CBDDTY010002113.1	1	22578	40	6542	28.9751	0.531535	29	30
CBDDTY010002114.1	1	22575	77	9290	41.1517	1.2295	30.3	11.4
CBDDTY010002115.1	1	22573	59	8050	35.6621	0.705002	30.1	17.3
CBDDTY010002116.1	1	22573	51	8856	39.2327	0.87392	31.4	14.2
CBDDTY010002117.1	1	22558	92	11218	49.7296	1.70835	30.6	13.2
CBDDTY010002118.1	1	22533	69	12407	55.0615	1.11503	30.6	41.1
CBDDTY010002119.1	1	22533	34	6602	29.2992	0.515111	31	42.5
CBDDTY010002120.1	1	22524	83	14890	66.1073	1.41516	30.7	46.5
CBDDTY010002121.1	1	22510	119	15312	68.0231	2.11382	31	17.4
CBDDTY010002122.1	1	22498	180	14953	66.4637	3.2702	30.4	25
CBDDTY010002123.1	1	22494	29	5864	26.0692	0.471681	31.4	27.8
CBDDTY010002124.1	1	22472	72	5306	23.6116	1.34674	29.9	22.8
CBDDTY010002125.1	1	22451	122	14222	63.3468	2.13857	31.8	27.1
CBDDTY010002126.1	1	22448	47	11774	52.4501	0.821365	31.7	33.6
CBDDTY010002127.1	1	22447	79	13558	60.4001	1.22025	29	22.6
CBDDTY010002128.1	1	22446	101	16380	72.9751	1.9424	30.4	41.2
CBDDTY010002129.1	1	22444	58	12390	55.2041	1.05774	30.7	46.1
CBDDTY010002130.1	1	22442	68	12096	53.8989	1.10739	30.6	28.8
CBDDTY010002131.1	1	22416	33	5764	25.7138	0.521592	31.7	9.48
CBDDTY010002132.1	1	22402	68	12530	55.9325	1.25065	31.8	38.4
CBDDTY010002133.1	1	22394	267	7346	32.8034	4.86059	31.2	20.3
CBDDTY010002134.1	1	22384	53	10699	47.7975	0.859587	30.9	33.1
CBDDTY010002135.1	1	22352	115	14168	63.3858	1.97146	30.1	22.7
CBDDTY010002136.1	1	22314	60	14912	66.828	1.19427	31.3	48.6
CBDDTY010002137.1	1	22310	111	13217	59.2425	2.2251	29.7	29.8
CBDDTY010002138.1	1	22307	24	5971	26.7674	0.375353	31.9	21.5
CBDDTY010002139.1	1	22307	51	15557	69.7404	1.05774	31.3	50.6
CBDDTY010002140.1	1	22305	149	13837	62.0354	3.11701	31.2	9.56
CBDDTY010002141.1	1	22298	64	13100	58.7497	1.10014	30.6	41.3
CBDDTY010002142.1	1	22296	54	10155	45.5463	1.05952	30.6	33.7
CBDDTY010002143.1	1	22295	18	4982	22.3458	0.296479	32.7	0.333
CBDDTY010002144.1	1	22294	68	15376	68.9692	1.31533	30.3	48.4
CBDDTY010002145.1	1	22292	121	7660	34.3621	1.75579	30.1	9.66
CBDDTY010002146.1	1	22285	57	6843	30.7068	0.924433	30.7	14.7
CBDDTY010002147.1	1	22282	54	12042	54.0436	0.976932	29.6	44.6
CBDDTY010002148.1	1	22276	69	15655	70.2774	1.30876	30.6	50.6
CBDDTY010002149.1	1	22256	23	5867	26.3614	0.487913	32.6	14.3
CBDDTY010002150.1	1	22249	56	16375	73.5988	1.1254	30.6	43.7
CBDDTY010002151.1	1	22234	45	13650	61.3925	0.885446	31.7	41.6
CBDDTY010002152.1	1	22231	47	8122	36.5346	0.715802	29.7	22
CBDDTY010002153.1	1	22216	9	2354	10.596	0.147821	34	38.2
CBDDTY010002154.1	1	22216	56	10109	45.5032	0.895256	30.3	36.4
CBDDTY010002155.1	1	22211	46	11299	50.8712	0.735717	31.5	51.3
CBDDTY010002156.1	1	22198	58	7417	33.4129	0.874403	30	14.3
CBDDTY010002157.1	1	22183	29	5577	25.1409	0.497273	31.4	35.4
CBDDTY010002158.1	1	22166	20	3690	16.6471	0.247	30.1	5.2
CBDDTY010002159.1	1	22154	25	6665	30.0849	0.504288	31	42.1
CBDDTY010002160.1	1	22139	75	9859	44.5323	1.18235	30.1	8.69
CBDDTY010002161.1	1	22136	74	12825	57.9373	1.23984	30.1	42.5
CBDDTY010002162.1	1	22099	46	10391	47.0202	0.735644	30	42.5
CBDDTY010002163.1	1	22095	160	5999	27.1509	3.2019	29.9	47.1
CBDDTY010002164.1	1	22059	40	8468	38.388	0.743914	29.8	18.1
CBDDTY010002165.1	1	22055	58	5734	25.9986	1.09481	29.6	8.17
CBDDTY010002166.1	1	22052	42	10695	48.499	0.696082	30.6	23.3
CBDDTY010002167.1	1	22046	49	9802	44.4616	0.823006	31	6.57
CBDDTY010002168.1	1	22044	69	8220	37.2891	0.972237	31.3	28.9
CBDDTY010002169.1	1	22035	58	11949	54.2274	1.09244	31	29.4
CBDDTY010002170.1	1	22011	13	2336	10.6129	0.191904	31.9	6.62
CBDDTY010002171.1	1	22004	51	8095	36.7888	0.866524	32.1	27.3
CBDDTY010002172.1	1	22003	54	9140	41.5398	1.01941	31.1	29.6
CBDDTY010002173.1	1	22000	32	7461	33.9136	0.5305	29.9	14.7
CBDDTY010002174.1	1	22000	49	8661	39.3682	0.884818	29.4	19.2
CBDDTY010002175.1	1	22000	39	7593	34.5136	0.623455	28.7	18
CBDDTY010002176.1	1	22000	47	9943	45.1955	0.778591	30.6	21
CBDDTY010002177.1	1	22000	31	4202	19.1	0.554591	30	35.6
CBDDTY010002178.1	1	22000	67	12795	58.1591	1.093	30	34.3
CBDDTY010002179.1	1	22000	205	21608	98.2182	3.79086	30.1	47.7
CBDDTY010002180.1	1	22000	78	9765	44.3864	1.21173	30.4	21.4
CBDDTY010002181.1	1	22000	25	4068	18.4909	0.500318	31.4	19.6
CBDDTY010002182.1	1	21777	35	5726	26.2938	0.564127	30.8	14.6
CBDDTY010002183.1	1	22000	10	1025	4.65909	0.190682	32.2	10.4
CBDDTY010002184.1	1	22000	40	6336	28.8	0.635182	29.9	9.45
CBDDTY010002185.1	1	22000	53	6076	27.6182	0.779636	28.1	11.1
CBDDTY010002186.1	1	22000	68	10883	49.4682	1.18223	30.1	32.7
CBDDTY010002187.1	1	22000	30	6313	28.6955	0.493	29.3	9.07
CBDDTY010002188.1	1	22000	117	16593	75.4227	2.04259	30.5	37.9
CBDDTY010002189.1	1	22000	19	4740	21.5455	0.269318	29.5	34.1
CBDDTY010002190.1	1	22000	35	5785	26.2955	0.540182	30.2	14.9
CBDDTY010002191.1	1	22000	76	12509	56.8591	1.49905	29.6	37.5
CBDDTY010002192.1	1	22000	92	15565	70.75	1.6375	30.4	38.2
CBDDTY010002193.1	1	22000	89	13787	62.6682	1.75955	30.5	28.9
CBDDTY010002194.1	1	22000	72	12320	56	1.22736	30.6	20.1
CBDDTY010002195.1	1	22000	11	3166	14.3909	0.171818	29.8	20.4
CBDDTY010002197.1	1	22000	64	8874	40.3364	0.967318	29.7	35.4
CBDDTY010002198.1	1	22000	69	12544	57.0182	1.14764	30.2	36
CBDDTY010002199.1	1	22000	12	1878	8.53636	0.129591	29.2	54.3
CBDDTY010002200.1	1	21800	58	10723	49.1881	1.17188	30.6	9.24
CBDDTY010002201.1	1	22000	13	2729	12.4045	0.211682	31.6	1.92
CBDDTY010002202.1	1	22000	66	9470	43.0455	0.949455	31	14.3
CBDDTY010002203.1	1	22000	87	16427	74.6682	1.6015	31.1	54.9
CBDDTY010002204.1	1	22000	22	4767	21.6682	0.338591	29.7	25.3
CBDDTY010002205.1	1	22000	2	335	1.52273	0.0204091	31.5	0
CBDDTY010002206.1	1	22000	40	6485	29.4773	0.528955	30.9	17.8
CBDDTY010002207.1	1	21998	52	11703	53.2003	0.799164	31.2	31.8
CBDDTY010002208.1	1	21996	35	8738	39.7254	0.564966	28.4	15.7
CBDDTY010002209.1	1	21994	38	10389	47.2356	0.802355	31.4	35.7
CBDDTY010002210.1	1	21960	63	11908	54.2259	0.906284	30.3	18
CBDDTY010002211.1	1	21951	112	14770	67.2862	2.21767	30.9	29.7
CBDDTY010002212.1	1	21950	68	7789	35.4852	1.44528	29.6	22.6
CBDDTY010002213.1	1	21946	100	11931	54.3653	1.7903	30.9	14.1
CBDDTY010002214.1	1	21917	51	6427	29.3243	0.816124	32.3	16.3
CBDDTY010002215.1	1	21885	98	12592	57.5371	1.66658	31.2	30.5
CBDDTY010002216.1	1	21851	87	11492	52.5926	1.53778	31.1	32.6
CBDDTY010002217.1	1	21847	47	8241	37.7214	0.80368	29.7	13.5
CBDDTY010002218.1	1	21840	81	15821	72.4405	1.53512	30.3	43.9
CBDDTY010002219.1	1	21830	114	13183	60.3894	1.8464	30.6	36.4
CBDDTY010002220.1	1	21805	87	13691	62.7884	1.40546	31.2	32.4
CBDDTY010002221.1	1	21805	33	5799	26.5948	0.554001	29.4	25.3
CBDDTY010002222.1	1	21795	93	14781	67.8183	1.71838	31.2	35.7
CBDDTY010002223.1	1	21791	37	6646	30.4988	0.631224	28.6	12.9
CBDDTY010002224.1	1	21782	25	4817	22.1146	0.38945	29.7	6.76
CBDDTY010002225.1	1	21777	51	10546	48.4272	0.953116	31.2	18.8
CBDDTY010002226.1	1	21771	77	14777	67.8747	1.46576	30.5	41.1
CBDDTY010002227.1	1	21764	14	2318	10.6506	0.125896	31.7	2.57
CBDDTY010002228.1	1	21750	64	13376	61.4989	1.11149	31	43.7
CBDDTY010002229.1	1	21748	75	12182	56.0143	1.25878	30.5	22.2
CBDDTY010002230.1	1	21738	116	10964	50.437	1.91278	30	14.2
CBDDTY010002231.1	1	21719	75	15871	73.0743	1.39067	30.7	40.4
CBDDTY010002232.1	1	21702	62	8976	41.3602	0.938116	29.9	45.9
CBDDTY010002233.1	1	21699	89	11944	55.044	1.39034	29.5	22.6
CBDDTY010002234.1	1	21693	41	10313	47.5407	0.74093	31.3	21.2
CBDDTY010002235.1	1	21691	82	15658	72.1866	1.66009	31	46.5
CBDDTY010002236.1	1	21686	58	12829	59.158	0.92954	30.6	39.6
CBDDTY010002237.1	1	21662	79	13218	61.0193	1.2991	30.1	36.8
CBDDTY010002238.1	1	21661	47	9513	43.9176	0.81469	30.9	26.6
CBDDTY010002239.1	1	21659	48	9927	45.8331	0.773905	31	38.5
CBDDTY010002240.1	1	21644	35	9009	41.6235	0.659398	30.8	41.5
CBDDTY010002241.1	1	21634	76	13872	64.1213	1.38287	30.9	40.7
CBDDTY010002242.1	1	21633	28	6568	30.361	0.477049	31.1	8.43
CBDDTY010002243.1	1	21633	71	13924	64.3646	1.22817	29.9	53.7
CBDDTY010002244.1	1	21632	40	8341	38.5586	0.593149	28.4	26.9
CBDDTY010002245.1	1	21620	122	12093	55.9343	2.55111	30.7	47.8
CBDDTY010002246.1	1	21613	24	5247	24.2771	0.431453	28.3	33.9
CBDDTY010002247.1	1	21604	54	9350	43.279	1.05541	32.4	33.7
CBDDTY010002248.1	1	21604	78	11318	52.3884	1.58235	30.6	28.9
CBDDTY010002249.1	1	21601	78	15673	72.5568	1.466	30	44.3
CBDDTY010002250.1	1	21597	127	13879	64.2636	2.16553	30.7	39.6
CBDDTY010002251.1	1	21580	69	14070	65.1993	1.25431	30.3	36.1
CBDDTY010002252.1	1	21567	58	13537	62.7672	1.14434	31.3	50.3
CBDDTY010002253.1	1	21557	60	15117	70.1257	1.27068	30.2	50.1
CBDDTY010002254.1	1	21532	7	1563	7.25896	0.0757013	29	5.29
CBDDTY010002255.1	1	21529	67	11591	53.839	1.0902	30.6	26.9
CBDDTY010002256.1	1	21501	99	16352	76.0523	1.58941	30.5	38.4
CBDDTY010002257.1	1	21499	13	2030	9.4423	0.137448	27.8	5.08
CBDDTY010002258.1	1	21490	125	14174	65.9563	2.31782	30.5	22.4
CBDDTY010002259.1	1	21488	85	11704	54.4676	1.34415	30.9	24.5
CBDDTY010002260.1	1	21487	36	9078	42.2488	0.753386	30.8	47.9
CBDDTY010002261.1	1	21483	40	9265	43.1271	0.642461	32.8	47.4
CBDDTY010002262.1	1	21474	112	17966	83.664	2.14748	29.6	37.7
CBDDTY010002263.1	1	21468	60	7924	36.9108	0.930035	31.5	27.5
CBDDTY010002264.1	1	21462	97	10199	47.5212	1.81456	30.7	20.6
CBDDTY010002265.1	1	21458	36	9039	42.1241	0.75459	30.6	42.2
CBDDTY010002266.1	1	21451	25	6822	31.8027	0.52888	32.3	43.1
CBDDTY010002267.1	1	21449	102	9851	45.9275	1.77481	29.3	15.7
CBDDTY010002268.1	1	21448	108	14844	69.2093	2.17097	30.2	36.2
CBDDTY010002269.1	1	21443	89	14429	67.29	1.79886	30.3	38
CBDDTY010002270.1	1	21427	82	15661	73.09	1.53008	30.9	39.1
CBDDTY010002271.1	1	21418	55	10623	49.5985	0.897983	31.7	37.1
CBDDTY010002272.1	1	21418	145	17266	80.6144	2.61593	31	29.9
CBDDTY010002273.1	1	21409	45	10229	47.779	0.93017	30.1	25
CBDDTY010002274.1	1	21385	55	8212	38.4007	0.956418	29.2	21.4
CBDDTY010002275.1	1	21373	69	14395	67.3513	1.4224	31.1	54.7
CBDDTY010002276.1	1	21364	32	7915	37.0483	0.512779	31.1	34.3
CBDDTY010002277.1	1	21361	40	6675	31.2485	0.800009	31.2	14.9
CBDDTY010002278.1	1	21359	5	905	4.23709	0.0544501	31	23.2
CBDDTY010002279.1	1	21341	67	15047	70.5075	1.46558	30.2	41.3
CBDDTY010002280.1	1	21332	68	13009	60.9835	1.30522	30.3	39.9
CBDDTY010002281.1	1	21322	53	14139	66.3118	1.13948	31.6	49
CBDDTY010002282.1	1	21317	61	8902	41.7601	1.11512	29.8	5.38
CBDDTY010002283.1	1	21315	44	8386	39.3432	0.818625	30.5	6.95
CBDDTY010002284.1	1	21284	35	5567	26.1558	0.5919	32.6	28.8
CBDDTY010002285.1	1	21269	52	9891	46.5043	0.839579	30	28.3
CBDDTY010002286.1	1	21265	60	14988	70.482	1.28229	31.2	56.1
CBDDTY010002287.1	1	21253	41	6681	31.4356	0.860161	29.6	34.8
CBDDTY010002288.1	1	21251	53	8050	37.8806	1.11567	29.4	30
CBDDTY010002289.1	1	21219	37	8867	41.788	0.633489	31.9	25.4
CBDDTY010002290.1	1	21214	58	12751	60.1065	1.20208	30.6	53.8
CBDDTY010002291.1	1	21200	52	8517	40.1745	0.801557	30	36.9
CBDDTY010002292.1	1	21175	79	11899	56.1936	1.57063	30.5	35.2
CBDDTY010002293.1	1	21159	34	5665	26.7735	0.534666	32.1	21
CBDDTY010002294.1	1	21158	77	13407	63.3661	1.36152	29.8	26
CBDDTY010002295.1	1	21144	91	12277	58.0638	1.90673	29.1	24
CBDDTY010002296.1	1	21142	19	4367	20.6556	0.341311	31.9	19.8
CBDDTY010002297.1	1	21134	25	5038	23.8384	0.505962	30.5	0.28
CBDDTY010002298.1	1	21132	29	5387	25.4921	0.56961	31.3	1.66
CBDDTY010002299.1	1	21131	60	10026	47.4469	0.94146	30.4	30.6
CBDDTY010002300.1	1	21122	108	11855	56.1263	2.17711	30.2	17.3
CBDDTY010002301.1	1	21119	59	11169	52.886	1.18017	30.4	29.7
CBDDTY010002302.1	1	21116	42	7634	36.1527	0.681284	29.2	24.2
CBDDTY010002303.1	1	21078	65	14302	67.8527	1.16861	31.6	47.1
CBDDTY010002304.1	1	21073	25	3714	17.6244	0.468989	30.2	21.8
CBDDTY010002305.1	1	21070	53	13339	63.308	1.07333	31.3	46.9
CBDDTY010002306.1	1	21061	87	11228	53.3118	1.76521	31.6	21.7
CBDDTY010002307.1	1	21061	8	2325	11.0394	0.131285	32.3	35.9
CBDDTY010002308.1	1	21044	59	13460	63.9612	1.14688	31.7	42.8
CBDDTY010002309.1	1	21043	49	10427	49.5509	0.853728	31.2	44.6
CBDDTY010002310.1	1	21040	48	8225	39.0922	0.770342	30.5	26.7
CBDDTY010002311.1	1	21039	38	4482	21.3033	0.565141	31.9	12.2
CBDDTY010002312.1	1	21029	85	13074	62.1713	1.3692	30	34.4
CBDDTY010002313.1	1	21019	248	17698	84.2	5.08269	30.8	47.1
CBDDTY010002314.1	1	21002	104	16540	78.7544	1.83263	30.7	27.8
CBDDTY010002315.1	1	21000	57	9783	46.5857	0.945238	31.6	15.2
CBDDTY010002316.1	1	21000	23	3759	17.9	0.292095	31.9	29.9
CBDDTY010002317.1	1	21000	68	14398	68.5619	1.32481	30.5	46.6
CBDDTY010002318.1	1	21000	192	17440	83.0476	3.94633	30.3	12.7
CBDDTY010002319.1	1	21000	77	10355	49.3095	1.27776	30	17.5
CBDDTY010002320.1	1	20800	25	5156	24.7885	0.411683	29.6	18.8
CBDDTY010002321.1	1	21000	11	2172	10.3429	0.165762	31.1	4.09
CBDDTY010002322.1	1	21000	1	110	0.52381	0.0052381	30.3	0
CBDDTY010002323.1	1	20873	56	7047	33.7613	0.802089	30.8	6.91
CBDDTY010002324.1	1	21000	53	6393	30.4429	0.835143	30.5	15.7
CBDDTY010002325.1	1	21000	147	12977	61.7952	2.78943	30.3	30.9
CBDDTY010002326.1	1	21000	17	1374	6.54286	0.191857	31.2	14
CBDDTY010002327.1	1	21000	88	15567	74.1286	1.72119	30.2	31
CBDDTY010002328.1	1	21000	61	10542	50.2	0.925952	29.9	26.9
CBDDTY010002329.1	1	21000	6	1848	8.8	0.144048	30.5	40.3
CBDDTY010002330.1	1	21000	85	8332	39.6762	1.54895	31.6	23.7
CBDDTY010002331.1	1	20800	42	5417	26.0433	0.62649	30.3	30.3
CBDDTY010002332.1	1	21000	7	1032	4.91429	0.117	32.2	1.86
CBDDTY010002333.1	1	21000	189	17915	85.3095	4.12214	30.5	33.4
CBDDTY010002334.1	1	21000	3	1150	5.47619	0.0649048	30.8	0
CBDDTY010002335.1	1	20800	54	9696	46.6154	0.947404	31.6	40.7
CBDDTY010002336.1	1	21000	5	1299	6.18571	0.0709524	30	48.2
CBDDTY010002337.1	1	21000	24	6649	31.6619	0.386476	28.9	46.2
CBDDTY010002338.1	1	20800	11	2890	13.8942	0.213798	32	17.2
CBDDTY010002339.1	1	21000	29	5724	27.2571	0.413429	29.6	7.31
CBDDTY010002340.1	1	21000	12	3322	15.819	0.242286	31.2	41.4
CBDDTY010002341.1	1	21000	150	7754	36.9238	3.51076	31.2	18.8
CBDDTY010002342.1	1	21000	6	1016	4.8381	0.0541429	34.3	19.3
CBDDTY010002343.1	1	21000	63	9550	45.4762	1.05414	31.6	21.3
CBDDTY010002344.1	1	21000	3	1471	7.00476	0.0700476	33.9	19.7
CBDDTY010002345.1	1	21000	18	3686	17.5524	0.487571	28.6	15.4
CBDDTY010002346.1	1	21000	171	14469	68.9	3.33167	29.8	36.9
CBDDTY010002347.1	1	21000	32	8361	39.8143	0.734667	30.4	40.2
CBDDTY010002348.1	1	21000	53	6254	29.781	1.07062	31.3	11.4
CBDDTY010002349.1	1	21000	44	8978	42.7524	0.725524	29.5	19.3
CBDDTY010002350.1	1	20993	43	9719	46.2964	0.861906	31.1	51.3
CBDDTY010002351.1	1	20943	45	10351	49.4246	0.830301	30.1	42.8
CBDDTY010002352.1	1	20914	47	8216	39.2847	0.70154	30.4	11.1
CBDDTY010002353.1	1	20909	57	4902	23.4444	1.0451	31.1	15
CBDDTY010002354.1	1	20897	97	16702	79.9253	2.01541	30.4	36.6
CBDDTY010002355.1	1	20896	50	10080	48.2389	0.901704	29.9	52.4
CBDDTY010002356.1	1	20893	118	10925	52.2902	2.10118	30.3	45.1
CBDDTY010002357.1	1	20879	78	11880	56.8993	1.54873	29.8	13.1
CBDDTY010002358.1	1	20874	62	12917	61.8808	1.08604	30.6	41.4
CBDDTY010002359.1	1	20838	188	12063	57.8894	3.64243	30.1	31.6
CBDDTY010002360.1	1	20831	23	6614	31.7508	0.42576	32.1	34.9
CBDDTY010002361.1	1	20829	35	6676	32.0515	0.449133	29	9
CBDDTY010002362.1	1	20824	50	10495	50.3986	1.04101	29.4	40.5
CBDDTY010002363.1	1	20824	83	13921	66.8507	1.4673	28.9	24.4
CBDDTY010002364.1	1	20807	58	11643	55.9571	1.01745	31.9	24.1
CBDDTY010002365.1	1	20787	29	5794	27.8732	0.537692	30	16.3
CBDDTY010002366.1	1	20785	61	13688	65.8552	1.32307	32.4	48.4
CBDDTY010002367.1	1	20773	81	8847	42.5889	1.35864	30.3	11
CBDDTY010002368.1	1	20758	46	7872	37.9227	0.705029	30.7	16.4
CBDDTY010002369.1	1	20733	69	11517	55.5491	1.15796	30.4	28.3
CBDDTY010002370.1	1	20732	81	14064	67.8372	1.34058	29.9	30
CBDDTY010002371.1	1	20730	79	13538	65.3063	1.54202	30.8	20.7
CBDDTY010002372.1	1	20712	97	11323	54.6688	1.6883	30.2	34.6
CBDDTY010002373.1	1	20697	17	4446	21.4814	0.239648	33	36.1
CBDDTY010002374.1	1	20695	37	6421	31.0268	0.738633	29	10.6
CBDDTY010002375.1	1	20671	16	3342	16.1676	0.177156	31.4	6.38
CBDDTY010002376.1	1	20664	66	12981	62.8194	1.1806	30.4	34.4
CBDDTY010002377.1	1	20658	26	5171	25.0315	0.369978	31.3	27.7
CBDDTY010002378.1	1	20655	40	8007	38.7654	0.619947	31.9	27.8
CBDDTY010002379.1	1	20654	46	9571	46.3397	0.832526	30	27.2
CBDDTY010002380.1	1	20628	61	10239	49.6364	1.2754	31.3	26.6
CBDDTY010002381.1	1	20624	19	3854	18.687	0.409959	31.2	8.37
CBDDTY010002382.1	1	20623	63	12687	61.5187	1.06061	29.9	46
CBDDTY010002383.1	1	20605	98	13337	64.727	2.00184	28.9	22.4
CBDDTY010002384.1	1	20604	53	12797	62.1093	1.08911	31.2	47.5
CBDDTY010002385.1	1	20597	57	8708	42.278	1.09671	30	6.74
CBDDTY010002386.1	1	20596	85	13521	65.6487	1.62735	30.9	25.4
CBDDTY010002387.1	1	20586	44	6875	33.3965	0.854804	30	7.57
CBDDTY010002388.1	1	20582	109	12941	62.8753	2.40312	31.4	30.6
CBDDTY010002389.1	1	20582	22	6611	32.1203	0.433145	27.6	19.5
CBDDTY010002390.1	1	20574	63	12289	59.7307	1.24278	29.4	24
CBDDTY010002391.1	1	20573	60	13045	63.4084	1.01507	30.2	53.8
CBDDTY010002392.1	1	20569	63	10588	51.4755	1.3742	31.4	48
CBDDTY010002393.1	1	20567	44	11354	55.2049	0.898089	31.1	48.3
CBDDTY010002394.1	1	20565	69	13045	63.433	1.29049	29.5	40.6
CBDDTY010002395.1	1	20557	40	6105	29.6979	0.669991	31.6	5.55
CBDDTY010002396.1	1	20551	30	5625	27.3709	0.426062	30	29
CBDDTY010002397.1	1	20550	54	10608	51.6204	0.949489	31.3	39.8
CBDDTY010002398.1	1	20537	33	5214	25.3883	0.461265	30.5	8.67
CBDDTY010002399.1	1	20525	68	10881	53.0134	1.07532	30.6	34.3
CBDDTY010002400.1	1	20504	70	13771	67.1625	1.28346	31.5	36.8
CBDDTY010002401.1	1	20472	42	7469	36.484	0.966051	31.6	28.4
CBDDTY010002402.1	1	20464	39	6681	32.6476	0.698446	29	10.2
CBDDTY010002403.1	1	20455	224	15981	78.1276	4.89039	30.3	18.5
CBDDTY010002404.1	1	20447	229	11294	55.2355	4.50134	30.6	25.5
CBDDTY010002405.1	1	20439	65	9055	44.3026	1.45125	31	43.2
CBDDTY010002406.1	1	20428	59	10578	51.7819	0.978657	31.5	35.7
CBDDTY010002407.1	1	20416	39	9623	47.1346	0.622355	29.9	41.3
CBDDTY010002408.1	1	20416	50	9377	45.9297	0.807161	29.5	41.2
CBDDTY010002409.1	1	20410	62	10218	50.0637	0.996325	30	18.7
CBDDTY010002410.1	1	20373	89	12897	63.3044	1.59594	30.5	37.2
CBDDTY010002411.1	1	20371	32	8252	40.5086	0.592313	30	29.1
CBDDTY010002412.1	1	20366	50	12388	60.8269	0.956987	30.5	41.7
CBDDTY010002413.1	1	20357	77	5813	28.5553	1.47026	30.7	19.4
CBDDTY010002414.1	1	20356	152	13255	65.1159	3.38048	30.7	36
CBDDTY010002415.1	1	20332	25	5722	28.1428	0.376451	31.2	18.9
CBDDTY010002416.1	1	20326	88	10665	52.4697	1.92345	31.4	10.3
CBDDTY010002417.1	1	20321	44	10280	50.5881	0.988091	31.8	28.8
CBDDTY010002418.1	1	20308	143	8926	43.9531	3.0097	30.3	27.8
CBDDTY010002419.1	1	20294	56	11354	55.9476	1.05844	30.4	49.4
CBDDTY010002420.1	1	20292	50	9782	48.2062	0.885866	30.7	31.3
CBDDTY010002421.1	1	20285	60	12119	59.7437	1.27533	29.2	32.6
CBDDTY010002422.1	1	20277	56	13298	65.5817	1.11481	30.1	54.4
CBDDTY010002423.1	1	20248	22	5028	24.8321	0.373617	28.7	19.4
CBDDTY010002424.1	1	20247	40	7002	34.5829	0.556478	30.5	38.8
CBDDTY010002425.1	1	20243	36	6159	30.4253	0.665316	30.1	25.2
CBDDTY010002426.1	1	20241	100	12897	63.7172	1.99486	31.4	35.6
CBDDTY010002427.1	1	20240	61	12418	61.3538	0.992144	29.6	47.9
CBDDTY010002428.1	1	20232	67	10084	49.8418	1.13859	29.5	34.8
CBDDTY010002429.1	1	20226	45	10198	50.4203	0.916988	31	53
CBDDTY010002430.1	1	20223	30	6159	30.4554	0.637591	31	49.2
CBDDTY010002431.1	1	20200	56	8170	40.4455	1.0645	30.5	36.4
CBDDTY010002432.1	1	20196	22	5511	27.2876	0.394187	30.6	25.1
CBDDTY010002433.1	1	20188	47	10093	49.995	0.902566	29.8	29.9
CBDDTY010002434.1	1	20172	159	16040	79.5162	3.09964	30.2	34.8
CBDDTY010002435.1	1	20160	34	6282	31.1607	0.578869	30.5	15
CBDDTY010002436.1	1	20157	58	11982	59.4434	0.961353	30.2	37.7
CBDDTY010002437.1	1	20151	62	9825	48.7569	1.18203	31.1	33.9
CBDDTY010002438.1	1	20149	46	9559	47.4416	0.93429	29.9	44.2
CBDDTY010002439.1	1	20148	27	7726	38.3462	0.590083	31.6	37.9
CBDDTY010002440.1	1	20147	46	10976	54.4796	1.04681	30.4	44.6
CBDDTY010002441.1	1	20144	59	14432	71.6442	1.40618	31.3	47
CBDDTY010002442.1	1	20129	63	9795	48.6611	1.01108	29.7	33.2
CBDDTY010002443.1	1	20129	43	7489	37.205	0.829798	30	9.79
CBDDTY010002444.1	1	20125	36	6661	33.0981	0.516422	32.9	24.9
CBDDTY010002445.1	1	20109	58	10493	52.1806	1.10896	30.5	36.9
CBDDTY010002446.1	1	20103	25	5408	26.9015	0.439835	32.1	18.2
CBDDTY010002447.1	1	20082	34	5639	28.0799	0.622846	29.7	29.4
CBDDTY010002448.1	1	20080	60	6874	34.2331	1.52824	30.2	2.23
CBDDTY010002449.1	1	20070	103	16685	83.134	2.03652	31.6	44.6
CBDDTY010002450.1	1	20060	98	14409	71.8295	2.20389	30.5	41.6
CBDDTY010002451.1	1	20044	34	9488	47.3359	0.706146	31.4	42.3
CBDDTY010002452.1	1	20034	7	1492	7.44734	0.085305	29.7	4.29
CBDDTY010002453.1	1	20019	70	10457	52.2354	1.207	30.9	32.9
CBDDTY010002454.1	1	20000	20	2905	14.525	0.3432	29.2	3.4
CBDDTY010002455.1	1	20000	20	5105	25.525	0.39235	30.6	20.2
CBDDTY010002456.1	1	19800	47	9899	49.9949	0.846667	30.7	44.7
CBDDTY010002457.1	1	19600	1	276	1.40816	0.0140816	29.3	1
CBDDTY010002458.1	1	20000	3	1602	8.01	0.0801	33.1	11.7
CBDDTY010002459.1	1	20000	130	8035	40.175	3.01925	31.5	18.4
CBDDTY010002460.1	1	20000	48	9602	48.01	1.06475	31.2	32.7
CBDDTY010002461.1	1	20000	72	12047	60.235	1.35695	31.4	38.2
CBDDTY010002462.1	1	20000	96	12702	63.51	2.09045	30.3	35.4
CBDDTY010002463.1	1	20000	41	7830	39.15	0.8216	29.3	53
CBDDTY010002464.1	1	20000	28	3069	15.345	0.4029	30.7	5.79
CBDDTY010002465.1	1	20000	9	2676	13.38	0.15905	29	17.1
CBDDTY010002466.1	1	20000	54	13010	65.05	1.22425	31.1	43.1
CBDDTY010002467.1	1	20000	42	6037	30.185	0.7123	30.3	18.2
CBDDTY010002468.1	1	20000	5	863	4.315	0.056	34.7	0
CBDDTY010002469.1	1	20000	76	9991	49.955	1.4072	30.1	18.7
CBDDTY010002470.1	1	20000	92	15309	76.545	1.7853	31.4	43.1
CBDDTY010002471.1	1	20000	1	526	2.63	0.0263	20.8	1
CBDDTY010002472.1	1	20000	13	1606	8.03	0.1938	31.4	33.5
CBDDTY010002473.1	1	20000	38	5968	29.84	0.65875	32.2	16.2
CBDDTY010002474.1	1	20000	48	10936	54.68	0.91715	30.9	48.8
CBDDTY010002475.1	1	19800	18	3717	18.7727	0.247222	29.7	14.5
CBDDTY010002476.1	1	20000	49	4820	24.1	0.8247	31.8	6.78
CBDDTY010002477.1	1	20000	48	9825	49.125	0.9367	31.2	38.9
CBDDTY010002478.1	1	20000	78	10425	52.125	1.79305	30.5	11
CBDDTY010002479.1	1	19800	33	7236	36.5455	0.765707	31.8	16.5
CBDDTY010002480.1	1	20000	66	10582	52.91	1.19985	30.7	27.2
CBDDTY010002481.1	1	20000	85	10771	53.855	1.56175	29.4	33.2
CBDDTY010002482.1	1	19979	22	4618	23.1143	0.378447	30.3	16.8
CBDDTY010002483.1	1	19975	31	6068	30.378	0.558598	29.3	38.3
CBDDTY010002484.1	1	19967	46	12355	61.8771	0.956679	31.6	20.4
CBDDTY010002485.1	1	19967	54	7959	39.8608	0.98783	30.8	18.9
CBDDTY010002486.1	1	19963	56	6008	30.0957	1.21149	30.3	20.2
CBDDTY010002487.1	1	19950	59	8733	43.7744	0.979699	31.3	32.3
CBDDTY010002488.1	1	19948	27	3938	19.7413	0.456537	32.8	26
CBDDTY010002489.1	1	19947	39	7194	36.0656	0.605956	31.7	30.8
CBDDTY010002490.1	1	19945	19	4419	22.1559	0.278315	31.4	3.05
CBDDTY010002491.1	1	19925	50	4723	23.7039	0.863237	31	12.9
CBDDTY010002492.1	1	19924	143	12426	62.367	3.22656	31.7	29.9
CBDDTY010002493.1	1	19914	53	9310	46.751	0.872954	31.2	43.4
CBDDTY010002494.1	1	19912	191	8656	43.4713	4.28676	30.5	22.5
CBDDTY010002495.1	1	19908	55	8545	42.9224	0.927215	32.2	22.5
CBDDTY010002496.1	1	19895	31	8761	44.0362	0.699925	30.8	21.4
CBDDTY010002497.1	1	19889	59	5314	26.7183	1.18156	30.4	29.6
CBDDTY010002498.1	1	19885	77	8873	44.6216	1.43978	30.9	17.5
CBDDTY010002499.1	1	19885	45	9689	48.7252	0.926075	32.1	50.4
CBDDTY010002500.1	1	19884	98	10641	53.5154	1.68055	30.9	20.2
CBDDTY010002501.1	1	19881	51	7893	39.7012	0.907097	30.2	9.33
CBDDTY010002502.1	1	19869	60	13800	69.4549	1.33062	30.8	49.8
CBDDTY010002503.1	1	19860	45	9750	49.0937	0.883887	31.2	38.5
CBDDTY010002504.1	1	19858	28	5247	26.4226	0.540135	30.5	3.32
CBDDTY010002505.1	1	19858	103	11088	55.8364	2.15263	29.3	12.7
CBDDTY010002506.1	1	19852	42	8885	44.7562	0.878954	31.9	48
CBDDTY010002507.1	1	19850	26	7665	38.6146	0.589118	29.9	24.4
CBDDTY010002508.1	1	19848	85	14096	71.0198	1.8817	31.1	30.5
CBDDTY010002509.1	1	19846	35	5444	27.4312	0.546609	30.6	5.31
CBDDTY010002510.1	1	19844	99	11798	59.4537	1.76945	30.7	16.6
CBDDTY010002511.1	1	19839	37	7667	38.6461	0.694743	29.9	13.4
CBDDTY010002512.1	1	19832	36	5281	26.6287	0.441257	31	4.67
CBDDTY010002513.1	1	19830	48	7492	37.7811	0.816843	31.3	11.1
CBDDTY010002514.1	1	19815	14	4611	23.2702	0.251628	29.8	10.7
CBDDTY010002515.1	1	19809	95	14090	71.1293	1.723	31.1	40.2
CBDDTY010002516.1	1	19801	34	7600	38.3819	0.711176	28.9	35.4
CBDDTY010002517.1	1	19794	52	12341	62.3472	1.21501	30.5	28
CBDDTY010002518.1	1	19783	43	7091	35.8439	0.69585	31.2	17.7
CBDDTY010002519.1	1	19783	38	6877	34.7622	0.766315	31.8	9.87
CBDDTY010002520.1	1	19771	41	9011	45.5769	0.857114	31.4	40.8
CBDDTY010002521.1	1	19756	68	14073	71.2341	1.53432	30.3	43.8
CBDDTY010002522.1	1	19729	44	6754	34.2339	0.868316	31.5	16.4
CBDDTY010002523.1	1	19726	24	5533	28.0493	0.500608	30.6	44.1
CBDDTY010002524.1	1	19720	58	14419	73.1187	1.34691	29.6	51.2
CBDDTY010002525.1	1	19715	72	9282	47.0809	1.23013	29.8	8.86
CBDDTY010002526.1	1	19714	40	8053	40.8491	0.841179	30.2	18.4
CBDDTY010002527.1	1	19697	10	1685	8.5546	0.107072	31.4	18.6
CBDDTY010002528.1	1	19688	72	11199	56.8824	1.42884	31.1	39.4
CBDDTY010002529.1	1	19677	77	14778	75.1029	1.54373	30.2	40.7
CBDDTY010002530.1	1	19673	48	12095	61.4802	0.879175	31.4	54.2
CBDDTY010002531.1	1	19663	51	10265	52.2046	0.996389	31.3	37.8
CBDDTY010002532.1	1	19661	62	13021	66.2276	1.29536	30	42.8
CBDDTY010002533.1	1	19654	60	4141	21.0695	1.04778	30.8	9.67
CBDDTY010002534.1	1	19650	54	8625	43.8931	0.9	30.3	31
CBDDTY010002535.1	1	19646	85	13350	67.9528	1.59071	30.1	36.8
CBDDTY010002536.1	1	19606	44	9092	46.3736	0.899572	29.8	27.9
CBDDTY010002537.1	1	19603	27	6203	31.6431	0.439269	31.1	39.2
CBDDTY010002538.1	1	19597	63	13067	66.6786	1.17998	31.4	48
CBDDTY010002539.1	1	19589	36	8662	44.2187	0.715402	30.5	21.4
CBDDTY010002540.1	1	19578	26	6998	35.7442	0.494381	29.1	25
CBDDTY010002541.1	1	19577	19	3831	19.5689	0.244522	29.8	7.89
CBDDTY010002542.1	1	19568	65	10883	55.6163	1.4049	29.9	14.1
CBDDTY010002543.1	1	19562	312	15983	81.7043	6.62887	30.4	46.3
CBDDTY010002544.1	1	19553	34	8116	41.5077	0.874751	31.9	20.8
CBDDTY010002545.1	1	19544	51	13586	69.5149	1.23721	31.4	49.1
CBDDTY010002546.1	1	19539	14	3678	18.8239	0.223041	27.4	4
CBDDTY010002547.1	1	19538	133	8185	41.8927	2.92036	33	23
CBDDTY010002548.1	1	19525	103	11692	59.8822	2.10264	30.8	20.8
CBDDTY010002549.1	1	19500	38	6638	34.041	0.508923	31.3	40.6
CBDDTY010002550.1	1	19457	79	13739	70.6121	1.4678	30.5	39.5
CBDDTY010002551.1	1	19433	7	1151	5.92291	0.0977204	30.2	13.7
CBDDTY010002552.1	1	19431	35	7410	38.1349	0.822757	30.7	25.1
CBDDTY010002553.1	1	19425	44	10642	54.7851	1.11089	30.4	50
CBDDTY010002554.1	1	19403	78	10875	56.048	1.59594	30.4	26.4
CBDDTY010002555.1	1	19401	27	5831	30.0552	0.469718	32	38.9
CBDDTY010002556.1	1	19392	56	12175	62.7836	1.13088	30.6	31.6
CBDDTY010002557.1	1	19380	60	10666	55.0361	1.10108	30.1	38.2
CBDDTY010002558.1	1	19370	17	3271	16.8869	0.43015	31.6	9.65
CBDDTY010002559.1	1	19363	45	11328	58.5033	1.18597	30.3	41.3
CBDDTY010002560.1	1	19342	42	8878	45.9001	0.748992	29	39.3
CBDDTY010002561.1	1	19330	91	12534	64.8422	1.56425	30.4	27.1
CBDDTY010002562.1	1	19300	44	12511	64.8238	0.948601	30.6	43
CBDDTY010002563.1	1	19296	62	11676	60.51	1.41008	30.5	39.9
CBDDTY010002564.1	1	19290	66	12336	63.9502	1.22125	29.9	33.9
CBDDTY010002565.1	1	19255	16	2883	14.9727	0.233186	32.6	25.3
CBDDTY010002566.1	1	19253	46	12222	63.481	1.10949	31.6	46.9
CBDDTY010002567.1	1	19247	36	7877	40.9259	0.767392	31.7	23
CBDDTY010002568.1	1	19245	79	9656	50.1741	1.46365	30.2	19.3
CBDDTY010002569.1	1	19237	49	9220	47.9285	0.870666	30.2	47.3
CBDDTY010002570.1	1	19228	93	8939	46.4895	1.91299	30.9	25.2
CBDDTY010002571.1	1	19225	42	7824	40.697	0.611131	30.8	39.1
CBDDTY010002572.1	1	19209	83	12766	66.4584	1.75621	31.5	39.4
CBDDTY010002573.1	1	19206	78	8164	42.5075	1.31219	29.7	12.5
CBDDTY010002574.1	1	19201	254	16317	84.9799	5.48456	29.4	31.1
CBDDTY010002575.1	1	19192	101	5672	29.554	2.07373	31.8	6.26
CBDDTY010002576.1	1	19184	55	12554	65.4399	1.15961	31	45.9
CBDDTY010002577.1	1	19166	69	13069	68.1885	1.3632	30.4	45.6
CBDDTY010002578.1	1	19151	65	12920	67.4638	1.3228	30	38.4
CBDDTY010002579.1	1	19151	61	12856	67.1297	1.17143	29.3	37.5
CBDDTY010002580.1	1	19140	2	761	3.97597	0.0397597	33.3	1
CBDDTY010002581.1	1	19126	56	5161	26.9842	1.00701	31.1	11.5
CBDDTY010002582.1	1	19124	35	6883	35.9914	0.708115	30.8	18.8
CBDDTY010002583.1	1	19123	68	12728	66.5586	1.53271	31.1	46.5
CBDDTY010002584.1	1	19109	69	14458	75.6607	1.4894	32.1	36.7
CBDDTY010002585.1	1	19103	50	11708	61.2888	1.03984	31.2	50.8
CBDDTY010002586.1	1	19097	19	4789	25.0772	0.37498	30.3	20.9
CBDDTY010002587.1	1	19091	47	10349	54.2088	0.790163	29.8	49.1
CBDDTY010002588.1	1	19083	54	10087	52.8586	0.948593	29.6	31
CBDDTY010002589.1	1	19076	49	8240	43.1956	0.948836	30.7	21.4
CBDDTY010002590.1	1	19041	106	13924	73.1264	2.41563	31.5	25
CBDDTY010002591.1	1	19040	75	12055	63.3141	1.54097	31.3	46.6
CBDDTY010002592.1	1	19009	57	12385	65.1533	1.07128	30.3	52.3
CBDDTY010002593.1	1	19008	33	7823	41.1564	0.675873	30.5	39.4
CBDDTY010002594.1	1	19003	39	5198	27.3536	0.810293	30.3	13.2
CBDDTY010002595.1	1	19000	45	8473	44.5947	0.847474	30.7	26.5
CBDDTY010002596.1	1	19000	31	5275	27.7632	0.705895	29.8	18.7
CBDDTY010002597.1	1	19000	31	6726	35.4	0.718947	31.9	11.3
CBDDTY010002598.1	1	19000	59	8040	42.3158	0.993526	29.5	18.9
CBDDTY010002599.1	1	19000	80	9381	49.3737	1.32268	30.4	36.9
CBDDTY010002600.1	1	19000	36	8422	44.3263	0.869158	30.8	54.1
CBDDTY010002601.1	1	19000	1	308	1.62105	0.0162105	30.8	60
CBDDTY010002602.1	1	19000	40	5332	28.0632	0.845474	31.3	35.6
CBDDTY010002603.1	1	19000	34	8165	42.9737	0.781	30.1	38
CBDDTY010002604.1	1	19000	90	13851	72.9	1.65316	30.3	34.2
CBDDTY010002605.1	1	19000	39	10028	52.7789	0.805368	31.2	18.6
CBDDTY010002606.1	1	19000	7	1059	5.57368	0.0697368	32.2	2.14
CBDDTY010002607.1	1	19000	41	5985	31.5	1.05821	30.7	23.7
CBDDTY010002608.1	1	19000	43	4231	22.2684	0.702895	30.7	37.1
CBDDTY010002609.1	1	19000	1	95	0.5	0.005	29.7	38
CBDDTY010002610.1	1	19000	44	3730	19.6316	0.727632	30.8	18.2
CBDDTY010002611.1	1	19000	85	6494	34.1789	1.54163	30.7	13.8
CBDDTY010002612.1	1	19000	36	7052	37.1158	0.605158	30.5	33.6
CBDDTY010002613.1	1	19000	91	7126	37.5053	1.98421	29.6	16.3
CBDDTY010002614.1	1	19000	3	992	5.22105	0.0574211	25.9	0.667
CBDDTY010002615.1	1	19000	64	11468	60.3579	1.31253	30.6	46.9
CBDDTY010002616.1	1	19000	77	11555	60.8158	1.61268	31.1	37
CBDDTY010002617.1	1	19000	5	2058	10.8316	0.108316	30.2	1
CBDDTY010002618.1	1	19000	3	294	1.54737	0.0322632	31	43.3
CBDDTY010002619.1	1	19000	49	4645	24.4474	1.00405	30.9	5.14
CBDDTY010002620.1	1	19000	56	12613	66.3842	1.20058	30.9	25.4
CBDDTY010002621.1	1	19000	7	1447	7.61579	0.0796842	33.2	2.71
CBDDTY010002622.1	1	19000	30	7968	41.9368	0.636579	32	12.2
CBDDTY010002624.1	1	18999	13	5252	27.6436	0.325175	29.3	49.1
CBDDTY010002625.1	1	18975	25	3813	20.0949	0.388458	30.2	13.7
CBDDTY010002626.1	1	18966	68	12825	67.621	1.61452	31	50.7
CBDDTY010002627.1	1	18957	87	12391	65.3637	1.70085	30.8	28.7
CBDDTY010002628.1	1	18939	9	3788	20.0011	0.243941	28.8	33
CBDDTY010002629.1	1	18920	55	12372	65.3911	1.17574	30.6	45.8
CBDDTY010002630.1	1	18914	39	7269	38.4318	0.760759	29.7	16.2
CBDDTY010002631.1	1	18890	34	4561	24.1451	0.512282	29.5	5.65
CBDDTY010002632.1	1	18857	63	11822	62.6929	1.2354	29.6	41.2
CBDDTY010002633.1	1	18857	56	11604	61.5368	1.12218	29.5	48.3
CBDDTY010002634.1	1	18806	408	15467	82.245	8.38419	31.1	18.3
CBDDTY010002635.1	1	18804	20	3385	18.0015	0.317007	31	21.6
CBDDTY010002636.1	1	18798	31	5400	28.7265	0.569316	30.9	22.2
CBDDTY010002637.1	1	18780	27	5723	30.4739	0.547551	30.6	24.6
CBDDTY010002638.1	1	18772	46	6449	34.3544	0.710633	29.4	11.4
CBDDTY010002639.1	1	18769	44	10108	53.8548	1.03293	29.5	46.2
CBDDTY010002640.1	1	18758	17	1954	10.4169	0.212336	30.1	5
CBDDTY010002641.1	1	18754	98	7888	42.0604	2.0313	30.4	25.1
CBDDTY010002643.1	1	18720	12	3184	17.0085	0.22906	31.9	24.2
CBDDTY010002644.1	1	18675	23	5399	28.9103	0.423989	30	29
CBDDTY010002645.1	1	18674	151	14567	78.0069	3.42626	30.4	28.7
CBDDTY010002646.1	1	18671	69	12904	69.1125	1.54984	31.9	39.6
CBDDTY010002647.1	1	18669	27	5186	27.7787	0.519953	31.4	19.7
CBDDTY010002648.1	1	18643	52	11554	61.975	1.12734	30.4	53.4
CBDDTY010002649.1	1	18638	67	13841	74.2623	1.32992	30.9	50.6
CBDDTY010002650.1	1	18631	66	10999	59.036	1.22237	31	33.7
CBDDTY010002651.1	1	18620	36	3689	19.812	0.672019	31	17.4
CBDDTY010002652.1	1	18588	68	11916	64.1059	1.5184	29.3	26.7
CBDDTY010002653.1	1	18586	51	13630	73.3348	1.33025	31	48.7
CBDDTY010002654.1	1	18583	49	7789	41.9147	1.02136	29.6	9.55
CBDDTY010002655.1	1	18542	66	7907	42.6437	1.37369	31.5	42.7
CBDDTY010002656.1	1	18541	19	4053	21.8597	0.337954	29.5	10.5
CBDDTY010002657.1	1	18538	62	6761	36.471	1.43284	29.8	18.3
CBDDTY010002658.1	1	18535	33	5473	29.5279	0.630213	29.5	25.4
CBDDTY010002659.1	1	18524	42	5494	29.6588	0.607482	31.7	10.4
CBDDTY010002660.1	1	18515	59	11799	63.7267	1.18866	29.3	50.5
CBDDTY010002661.1	1	18510	58	10425	56.3209	1.16467	31.1	21.7
CBDDTY010002662.1	1	18509	53	9159	49.484	1.08493	30.1	42.6
CBDDTY010002663.1	1	18508	27	5012	27.0802	0.529771	30.1	39.6
CBDDTY010002664.1	1	18502	109	13523	73.0894	2.08215	31.1	21.4
CBDDTY010002665.1	1	18498	48	11980	64.7638	1.16202	29.2	46
CBDDTY010002666.1	1	18497	42	7534	40.7309	0.706817	31.1	42.3
CBDDTY010002667.1	1	18494	66	10257	55.4612	1.50622	30.3	34.3
CBDDTY010002668.1	1	18480	7	1870	10.119	0.112392	34	13
CBDDTY010002669.1	1	18467	27	6880	37.2556	0.664104	30.1	12.8
CBDDTY010002670.1	1	18436	12	2755	14.9436	0.20026	32	25.3
CBDDTY010002671.1	1	18435	67	6678	36.2246	1.0831	30.8	9.87
CBDDTY010002672.1	1	18434	38	8546	46.36	0.775849	32.1	36.7
CBDDTY010002674.1	1	18422	135	6799	36.907	2.86798	30.8	13.3
CBDDTY010002675.1	1	18420	41	6105	33.1433	0.884745	29.4	22
CBDDTY010002676.1	1	18417	13	3252	17.6576	0.218765	31.6	14.4
CBDDTY010002677.1	1	18410	61	12021	65.296	1.36812	30.6	32.6
CBDDTY010002678.1	1	18395	26	6396	34.7703	0.530742	30.8	44.5
CBDDTY010002679.1	1	18386	64	13343	72.5715	1.31529	30.7	51
CBDDTY010002680.1	1	18365	92	11446	62.3251	2.03991	31.7	24.4
CBDDTY010002681.1	1	18355	79	9443	51.4465	1.63732	31	28.7
CBDDTY010002682.1	1	18343	10	2113	11.5194	0.158971	31.4	7.1
CBDDTY010002683.1	1	18318	39	9733	53.1335	0.829949	31.9	36.5
CBDDTY010002684.1	1	18310	28	5820	31.7859	0.504424	31.4	41.3
CBDDTY010002685.1	1	18300	78	6733	36.7923	1.5771	31.4	22.3
CBDDTY010002686.1	1	18295	34	7178	39.2348	0.638754	30.8	30.2
CBDDTY010002687.1	1	18294	54	8718	47.655	1.20602	29.6	28.3
CBDDTY010002688.1	1	18267	96	10666	58.3894	1.92013	31.5	26.8
CBDDTY010002689.1	1	18263	51	12481	68.3404	1.22505	30.4	43.3
CBDDTY010002690.1	1	18237	67	9598	52.6293	1.95827	31.4	25.3
CBDDTY010002691.1	1	18228	135	13643	74.8464	2.68532	30.8	44.5
CBDDTY010002692.1	1	18222	27	5120	28.0979	0.486225	31.7	22.9
CBDDTY010002693.1	1	18206	87	12624	69.3398	1.76008	30.3	43.1
CBDDTY010002694.1	1	18201	58	10156	55.7991	1.15472	30.1	34.3
CBDDTY010002695.1	1	18192	37	8737	48.0266	0.75973	28.7	44.5
CBDDTY010002696.1	1	18184	31	6868	37.7695	0.559833	31	24.5
CBDDTY010002697.1	1	18181	43	6222	34.2225	0.692041	31.7	26.1
CBDDTY010002699.1	1	18155	21	3247	17.8849	0.285045	29.8	7.81
CBDDTY010002700.1	1	18148	41	5999	33.056	0.871556	31.9	34.8
CBDDTY010002701.1	1	18121	56	13146	72.5457	1.35473	31.9	44.3
CBDDTY010002702.1	1	18107	4	1087	6.0032	0.0770973	33.5	15.5
CBDDTY010002703.1	1	18105	57	13370	73.847	1.23413	29.3	51.2
CBDDTY010002704.1	1	18087	59	12795	70.7414	1.19694	30.7	56.7
CBDDTY010002705.1	1	18081	40	10368	57.342	0.890493	31.3	49.6
CBDDTY010002706.1	1	18077	41	10161	56.2095	0.981026	30.9	16.9
CBDDTY010002707.1	1	18073	9	1511	8.36054	0.110773	30.3	8
CBDDTY010002708.1	1	18068	64	5597	30.9774	1.30352	29.8	16.9
CBDDTY010002709.1	1	18054	85	11285	62.5069	1.90833	30.6	42.8
CBDDTY010002710.1	1	18032	49	12413	68.8387	1.16083	29.7	52.8
CBDDTY010002711.1	1	18004	32	3879	21.5452	0.496445	30.2	8.25
CBDDTY010002712.1	1	18002	61	7228	40.1511	1.23686	30.6	34.4
CBDDTY010002713.1	1	18000	24	3615	20.0833	0.352389	29.4	23
CBDDTY010002714.1	1	18000	11	1816	10.0889	0.156778	31	18
CBDDTY010002715.1	1	18000	109	15393	85.5167	2.27239	30.3	37.1
CBDDTY010002716.1	1	18000	32	4453	24.7389	0.680111	31	11.8
CBDDTY010002717.1	1	18000	84	9920	55.1111	1.75911	30.7	9.02
CBDDTY010002718.1	1	18000	29	8253	45.85	0.705056	30.8	42.9
CBDDTY010002719.1	1	18000	3	674	3.74444	0.0458889	35.6	12.7
CBDDTY010002720.1	1	18000	50	7804	43.3556	1.03028	29.4	14.9
CBDDTY010002721.1	1	18000	66	10332	57.4	1.43411	30.8	42.2
CBDDTY010002722.1	1	18000	53	10513	58.4056	1.17361	29.1	37.7
CBDDTY010002723.1	1	18000	39	7800	43.3333	0.714611	28.9	28.3
CBDDTY010002724.1	1	18000	77	10930	60.7222	1.60622	29.9	25.2
CBDDTY010002725.1	1	18000	6	1056	5.86667	0.0972778	29.9	0.167
CBDDTY010002726.1	1	18000	66	3735	20.75	1.35756	29.8	54
CBDDTY010002727.1	1	18000	40	8423	46.7944	0.930278	30.6	37
CBDDTY010002728.1	1	18000	31	4318	23.9889	0.832	31.3	15.8
CBDDTY010002729.1	1	18000	78	3457	19.2056	0.464167	20.9	8.33
CBDDTY010002731.1	1	18000	40	6476	35.9778	0.675333	30.8	20.9
CBDDTY010002732.1	1	18000	31	6962	38.6778	0.713556	30.1	43
CBDDTY010002733.1	1	18000	33	7239	40.2167	0.600944	30.3	24.8
CBDDTY010002734.1	1	17999	28	5232	29.0683	0.54503	30.7	25.1
CBDDTY010002735.1	1	17990	44	10776	59.8999	1.12713	31.1	49.3
CBDDTY010002736.1	1	17988	58	11345	63.0698	1.39454	31	32.3
CBDDTY010002737.1	1	17986	47	7359	40.9152	0.854887	30.2	20.9
CBDDTY010002738.1	1	17970	28	5659	31.4914	0.438008	30.1	38
CBDDTY010002739.1	1	17965	14	2850	15.8642	0.262232	29.4	5.71
CBDDTY010002740.1	1	17936	55	6232	34.7458	1.19709	31.2	17.8
CBDDTY010002741.1	1	17922	69	10194	56.8798	1.5871	31.1	35.8
CBDDTY010002742.1	1	17917	40	9499	53.0167	0.946475	30.1	52.7
CBDDTY010002743.1	1	17901	37	7178	40.0983	0.823306	31.7	11.8
CBDDTY010002744.1	1	17899	70	9765	54.5561	1.60456	31.8	27.5
CBDDTY010002745.1	1	17886	53	11166	62.4287	1.0913	31.5	43.6
CBDDTY010002746.1	1	17865	84	11794	66.0174	1.98853	29.9	43
CBDDTY010002747.1	1	17861	169	10419	58.3338	3.65495	30.9	15.8
CBDDTY010002748.1	1	17815	58	12201	68.4872	1.35296	30.6	46.1
CBDDTY010002749.1	1	17811	56	8944	50.2162	1.17293	30.4	32.1
CBDDTY010002750.1	1	17801	85	8219	46.1716	1.63525	30.2	38.9
CBDDTY010002751.1	1	17800	107	12068	67.7978	2.2518	29.5	28.8
CBDDTY010002752.1	1	17783	63	11968	67.3002	1.4844	31.2	42.9
CBDDTY010002753.1	1	17782	54	12109	68.097	1.27697	29.9	40.1
CBDDTY010002754.1	1	17780	145	11920	67.0416	3.62874	30.8	25.6
CBDDTY010002755.1	1	17761	49	10493	59.0789	0.909915	30.3	38
CBDDTY010002756.1	1	17759	72	7817	44.0171	1.57475	31	16
CBDDTY010002757.1	1	17755	48	8548	48.1442	0.934216	30.7	48.3
CBDDTY010002758.1	1	17747	60	13559	76.4016	1.52623	30.1	55.7
CBDDTY010002759.1	1	17745	54	10600	59.7351	1.10172	31.3	39
CBDDTY010002760.1	1	17736	64	9410	53.0559	1.32505	30.7	19.5
CBDDTY010002761.1	1	17729	9	1721	9.70726	0.181285	26	8.78
CBDDTY010002762.1	1	17723	25	4945	27.9016	0.4563	30	12.2
CBDDTY010002763.1	1	17717	23	2669	15.0646	0.460236	31.3	22.9
CBDDTY010002764.1	1	17710	39	5818	32.8515	0.985884	30.7	6.49
CBDDTY010002765.1	1	17705	66	11479	64.8348	1.60424	31.6	31.1
CBDDTY010002766.1	1	17700	38	6254	35.3333	0.879718	30.6	23.2
CBDDTY010002767.1	1	17700	74	12066	68.1695	1.66932	30.5	43
CBDDTY010002768.1	1	17675	60	9973	56.4243	1.33437	31.5	16.1
CBDDTY010002769.1	1	17665	67	7705	43.6173	1.86436	31.4	9.24
CBDDTY010002770.1	1	17648	60	9344	52.9465	1.47943	31.2	25.4
CBDDTY010002771.1	1	17627	38	4416	25.0525	0.653713	30.3	28.1
CBDDTY010002772.1	1	17607	58	12387	70.3527	1.21401	31.4	41.4
CBDDTY010002773.1	1	17604	27	3309	18.7969	0.533742	30.9	26.4
CBDDTY010002774.1	1	17584	16	3015	17.1463	0.27889	30.6	34.4
CBDDTY010002775.1	1	17580	40	6637	37.7531	0.722582	29.7	12.2
CBDDTY010002776.1	1	17551	69	12433	70.8393	1.65284	31.4	47
CBDDTY010002777.1	1	17535	75	12303	70.1625	1.7923	30.9	37.5
CBDDTY010002778.1	1	17514	100	12458	71.1317	1.71326	29.7	26
CBDDTY010002779.1	1	17507	46	5694	32.5241	0.831839	30.3	18.3
CBDDTY010002780.1	1	17506	56	10559	60.3165	1.24866	29.3	40.8
CBDDTY010002781.1	1	17498	39	8228	47.0225	0.788776	29.3	35.3
CBDDTY010002782.1	1	17464	32	5560	31.8369	0.625	28.9	25.5
CBDDTY010002783.1	1	17454	47	10688	61.2352	0.974103	30.9	45.4
CBDDTY010002784.1	1	17451	54	11522	66.0249	1.21128	30.7	46.9
CBDDTY010002785.1	1	17448	54	11421	65.4574	1.24731	30.4	31.6
CBDDTY010002786.1	1	17447	27	5154	29.5409	0.452399	31.2	27.2
CBDDTY010002787.1	1	17436	70	8791	50.4187	1.66334	31.3	9.7
CBDDTY010002788.1	1	17426	30	7548	43.3146	0.621543	30.2	34.7
CBDDTY010002789.1	1	17422	58	9320	53.4956	1.26673	30	29.9
CBDDTY010002790.1	1	17410	73	12667	72.757	1.66904	31.1	46
CBDDTY010002791.1	1	17363	61	11976	68.9743	1.40131	30.2	26.5
CBDDTY010002792.1	1	17358	40	8858	51.0312	0.874064	30.9	42
CBDDTY010002793.1	1	17350	52	9705	55.9366	1.04715	30.2	52.3
CBDDTY010002794.1	1	17346	7	1329	7.66171	0.127522	31.2	24.9
CBDDTY010002795.1	1	17345	36	9749	56.2064	0.877429	30	38.1
CBDDTY010002796.1	1	17326	16	1579	9.11347	0.198776	33	7.5
CBDDTY010002797.1	1	17325	31	6898	39.8153	0.637807	30.5	16.3
CBDDTY010002798.1	1	17303	127	5887	34.023	3.17442	30.5	23
CBDDTY010002799.1	1	17280	47	8131	47.0544	0.966088	30.7	30.1
CBDDTY010002800.1	1	17280	37	5087	29.4387	0.717708	29.7	7
CBDDTY010002801.1	1	17256	33	2859	16.5682	0.769298	30.7	20.3
CBDDTY010002802.1	1	17247	64	10755	62.3587	1.72094	30.5	32.5
CBDDTY010002803.1	1	17240	35	6173	35.8063	0.803074	31.3	6.74
CBDDTY010002804.1	1	17229	38	7338	42.591	0.827616	31.9	25.7
CBDDTY010002805.1	1	17221	30	5687	33.0236	0.634574	31.3	25
CBDDTY010002806.1	1	17219	17	2551	14.815	0.351414	32.7	10.4
CBDDTY010002807.1	1	17213	30	6013	34.9329	0.583803	30.2	11.1
CBDDTY010002808.1	1	17207	52	8315	48.3234	0.997443	31	31.1
CBDDTY010002809.1	1	17178	17	4381	25.5036	0.390441	30	6.88
CBDDTY010002810.1	1	17177	26	5354	31.1696	0.447168	30.5	40.3
CBDDTY010002811.1	1	17172	48	10732	62.4971	1.10412	31.2	55.7
CBDDTY010002812.1	1	17171	68	9514	55.4074	1.36841	30.6	24.5
CBDDTY010002813.1	1	17159	29	4806	28.0086	0.628825	29.7	4.48
CBDDTY010002814.1	1	17147	39	9639	56.2139	1.00373	30.9	42.6
CBDDTY010002815.1	1	17141	52	7271	42.4188	1.13593	30.5	22.1
CBDDTY010002816.1	1	17137	41	9665	56.3984	1.07568	29.4	56.3
CBDDTY010002817.1	1	17132	32	8005	46.7254	0.75502	31.6	6.06
CBDDTY010002818.1	1	17125	18	2733	15.9591	0.486365	28.9	27.3
CBDDTY010002819.1	1	17122	58	11718	68.4383	1.36917	29.9	47.7
CBDDTY010002820.1	1	17118	5	2868	16.7543	0.197219	33.4	45.6
CBDDTY010002821.1	1	17112	101	12866	75.187	2.23264	30.7	22.4
CBDDTY010002822.1	1	17109	51	8914	52.1012	1.00555	30.5	26.6
CBDDTY010002823.1	1	17101	30	6857	40.0971	0.661482	30.3	13.9
CBDDTY010002824.1	1	17086	117	11307	66.177	2.32354	29.8	24.9
CBDDTY010002825.1	1	17083	73	11998	70.2336	1.90031	30.2	29.3
CBDDTY010002826.1	1	17072	32	5480	32.0993	0.681877	30.9	18.2
CBDDTY010002827.1	1	17052	101	13422	78.7122	2.54486	29.5	46
CBDDTY010002828.1	1	17051	52	8981	52.6714	1.14738	31.1	43
CBDDTY010002829.1	1	17033	79	13530	79.434	1.98614	30.4	43.3
CBDDTY010002830.1	1	17027	108	9506	55.829	1.98919	31.4	14.1
CBDDTY010002831.1	1	17023	53	10183	59.8191	1.33149	30.9	26.9
CBDDTY010002832.1	1	17021	66	12840	75.4362	1.45273	30.8	40.8
CBDDTY010002833.1	1	17019	140	12700	74.6225	3.15483	30.1	22
CBDDTY010002834.1	1	17002	36	6021	35.4135	0.756088	30.4	19.8
CBDDTY010002835.1	1	17000	43	7686	45.2118	0.889412	31.4	27.8
CBDDTY010002836.1	1	17000	471	13973	82.1941	12.6683	31.2	41.9
CBDDTY010002837.1	1	17000	7	935	5.5	0.117882	33.3	24.6
CBDDTY010002838.1	1	17000	44	8948	52.6353	0.890412	29.6	36
CBDDTY010002839.1	1	17000	77	9515	55.9706	1.84988	29.7	14.3
CBDDTY010002841.1	1	17000	28	4711	27.7118	0.515059	29.6	12.5
CBDDTY010002842.1	1	17000	59	8962	52.7176	1.45006	31.2	34.7
CBDDTY010002843.1	1	17000	44	7248	42.6353	0.871353	30.5	28.7
CBDDTY010002844.1	1	17000	42	6315	37.1471	1.05012	29.7	26
CBDDTY010002845.1	1	17000	103	14036	82.5647	2.41641	31.7	46.3
CBDDTY010002846.1	1	17000	26	4722	27.7765	0.539588	32.2	20
CBDDTY010002847.1	1	17000	22	2363	13.9	0.433765	30.8	9.82
CBDDTY010002848.1	1	17000	56	11953	70.3118	1.29129	31	41.3
CBDDTY010002849.1	1	17000	22	4991	29.3588	0.552118	29.4	26.5
CBDDTY010002850.1	1	17000	57	8016	47.1529	1.30359	30.2	8.6
CBDDTY010002851.1	1	16800	19	3628	21.5952	0.455536	30.2	3.47
CBDDTY010002852.1	1	17000	31	6971	41.0059	0.735353	30.4	35.2
CBDDTY010002853.1	1	17000	45	10734	63.1412	0.985647	31	43.9
CBDDTY010002854.1	1	17000	140	8464	49.7882	3.44212	30.5	11.6
CBDDTY010002855.1	1	17000	32	4767	28.0412	0.602118	32.8	25.4
CBDDTY010002856.1	1	17000	5	1204	7.08235	0.126588	29.5	0.6
CBDDTY010002857.1	1	17000	46	4685	27.5588	0.958706	30.6	13.6
CBDDTY010002858.1	1	17000	13	253	1.48824	0.114294	30.1	13.7
CBDDTY010002859.1	1	17000	8	1791	10.5353	0.172647	30.1	12.9
CBDDTY010002860.1	1	17000	30	5740	33.7647	0.723588	30.2	20.5
CBDDTY010002861.1	1	17000	48	6830	40.1765	1.01688	28.6	36.4
CBDDTY010002862.1	1	17000	21	3609	21.2294	0.324941	29.8	10.5
CBDDTY010002863.1	1	17000	10	1968	11.5765	0.192706	32.8	5.7
CBDDTY010002864.1	1	17000	9	2272	13.3647	0.141412	32.7	8.11
CBDDTY010002865.1	1	16991	52	9368	55.1351	1.10288	30.5	31.1
CBDDTY010002866.1	1	16987	65	8968	52.7933	1.44022	29.2	25.2
CBDDTY010002867.1	1	16968	49	8288	48.8449	1.20745	29.3	40.8
CBDDTY010002868.1	1	16958	13	3980	23.4697	0.322149	29	47.1
CBDDTY010002869.1	1	16948	50	10855	64.0489	1.2533	30.9	54.9
CBDDTY010002870.1	1	16942	138	10708	63.2039	3.7459	30.4	20.6
CBDDTY010002871.1	1	16938	6	1168	6.89574	0.135671	32.2	15.2
CBDDTY010002872.1	1	16904	34	8792	52.0114	0.825426	30.8	37.2
CBDDTY010002873.1	1	16897	48	5912	34.9885	1.06889	30.6	12.5
CBDDTY010002874.1	1	16883	64	7486	44.3405	1.48818	30.9	17.4
CBDDTY010002875.1	1	16866	8	3492	20.7044	0.210779	30.9	18.6
CBDDTY010002876.1	1	16862	68	9103	53.9853	1.43542	31.5	22.6
CBDDTY010002877.1	1	16850	11	1713	10.1662	0.18	29.2	10
CBDDTY010002878.1	1	16849	56	9529	56.5553	1.32109	30.6	20.1
CBDDTY010002879.1	1	16832	34	4577	27.1923	0.630228	30.6	18.4
CBDDTY010002880.1	1	16821	21	2757	16.3902	0.316331	31.5	10.3
CBDDTY010002881.1	1	16812	41	6530	38.8413	0.642517	30.8	25.2
CBDDTY010002882.1	1	16795	42	8182	48.7169	1.01256	31.6	40.8
CBDDTY010002883.1	1	16786	60	9708	57.8339	1.31074	31.2	33.6
CBDDTY010002884.1	1	16782	56	10554	62.8888	1.33786	30.7	36.6
CBDDTY010002885.1	1	16764	72	8056	48.0554	1.43486	30.6	42.3
CBDDTY010002886.1	1	16760	30	3504	20.9069	0.667124	32.1	11.8
CBDDTY010002887.1	1	16730	40	8921	53.3234	1.02827	30	47.7
CBDDTY010002888.1	1	16724	78	13496	80.6984	1.71341	30.6	43.3
CBDDTY010002889.1	1	16707	49	11145	66.7086	1.20626	31.5	55.5
CBDDTY010002890.1	1	16705	35	7457	44.6393	0.918048	30.2	20.6
CBDDTY010002891.1	1	16699	36	7744	46.374	0.83508	30.6	28.5
CBDDTY010002892.1	1	16683	50	9426	56.5006	1.08236	30.9	22.1
CBDDTY010002893.1	1	16666	66	12997	77.9851	1.74433	30.6	54.7
CBDDTY010002894.1	1	16658	53	9614	57.714	1.1984	31.2	39.9
CBDDTY010002895.1	1	16650	37	6650	39.9399	0.743784	29.9	15.6
CBDDTY010002896.1	1	16650	57	10411	62.5285	1.42114	30.8	38.1
CBDDTY010002897.1	1	16647	32	4806	28.8701	0.486394	30.8	13.8
CBDDTY010002898.1	1	16635	44	8251	49.6002	0.849775	29.2	45.4
CBDDTY010002899.1	1	16623	16	2595	15.6109	0.356855	31.1	32
CBDDTY010002900.1	1	16608	35	7589	45.6948	0.915402	30.3	26.2
CBDDTY010002901.1	1	16601	52	10604	63.8757	1.33173	29.2	44.5
CBDDTY010002902.1	1	16595	29	4842	29.1775	0.621693	31.4	12
CBDDTY010002903.1	1	16587	111	13922	83.9332	2.53988	30.2	33.8
CBDDTY010002904.1	1	16574	27	5696	34.3671	0.458369	28.7	41.4
CBDDTY010002905.1	1	16545	73	13729	82.9798	1.79396	30.1	43.7
CBDDTY010002906.1	1	16542	72	9035	54.6185	1.35649	30.7	17.8
CBDDTY010002907.1	1	16538	45	6820	41.2384	0.995767	30.6	10.6
CBDDTY010002908.1	1	16532	25	4692	28.3813	0.678926	32.2	25
CBDDTY010002909.1	1	16522	72	7346	44.4619	1.66996	31.1	39.4
CBDDTY010002910.1	1	16519	107	10077	61.0025	3.15219	30	18.3
CBDDTY010002911.1	1	16513	180	13292	80.4942	4.23587	30.1	31.9
CBDDTY010002912.1	1	16506	25	5808	35.1872	0.547922	31.5	49.2
CBDDTY010002913.1	1	16469	47	9639	58.5281	1.24185	30.8	37.3
CBDDTY010002914.1	1	16468	52	7494	45.5064	1.02629	31.1	9.23
CBDDTY010002915.1	1	16459	21	4981	30.2631	0.457014	29	23
CBDDTY010002916.1	1	16453	48	6248	37.9748	1.24135	31.9	7.81
CBDDTY010002917.1	1	16451	28	5372	32.6545	0.494499	30.6	37.2
CBDDTY010002918.1	1	16435	37	6218	37.8339	0.741101	30.5	21.2
CBDDTY010002919.1	1	16414	45	9308	56.7077	1.00926	31	52
CBDDTY010002920.1	1	16408	71	8602	52.4256	1.50609	30.3	4.94
CBDDTY010002921.1	1	16407	47	6948	42.3478	1.01499	31.5	13.7
CBDDTY010002922.1	1	16395	39	6219	37.9323	0.917414	28.4	50.1
CBDDTY010002923.1	1	16391	32	5906	36.032	0.725215	30.6	41.5
CBDDTY010002924.1	1	16384	30	5930	36.1938	0.520569	29.8	14
CBDDTY010002925.1	1	16383	51	9438	57.6085	1.24416	30.8	20.5
CBDDTY010002926.1	1	16380	32	6860	41.8803	0.821795	31.7	37.4
CBDDTY010002927.1	1	16377	46	10178	62.1481	1.13794	31	48
CBDDTY010002928.1	1	16360	30	6245	38.1724	0.699756	30	29.8
CBDDTY010002929.1	1	16359	25	4422	27.031	0.40467	28.8	19.2
CBDDTY010002930.1	1	16358	81	12090	73.9088	1.88269	30.7	44.9
CBDDTY010002931.1	1	16353	34	7415	45.3434	0.816119	31.8	53.1
CBDDTY010002932.1	1	16353	95	12198	74.5918	2.95108	30.7	27
CBDDTY010002933.1	1	16342	16	3723	22.7818	0.410966	30.5	37.4
CBDDTY010002934.1	1	16341	33	8786	53.7666	0.811578	30.5	48.1
CBDDTY010002935.1	1	16339	66	11864	72.6115	1.48436	31	38.8
CBDDTY010002936.1	1	16329	51	7982	48.8824	1.24019	31	29.2
CBDDTY010002937.1	1	16318	49	10709	65.6269	1.10657	30.1	49.5
CBDDTY010002938.1	1	16315	92	9905	60.711	2.38664	30.7	47.6
CBDDTY010002939.1	1	16304	66	8572	52.5761	1.56017	29.9	38.5
CBDDTY010002940.1	1	16296	43	5929	36.3832	0.98067	30.1	14.5
CBDDTY010002941.1	1	16282	12	3839	23.5782	0.338165	31.6	40.2
CBDDTY010002942.1	1	16279	41	10982	67.4611	1.19577	30.6	56.4
CBDDTY010002943.1	1	16248	27	6204	38.1832	0.721873	30.2	55.2
CBDDTY010002944.1	1	16245	43	7108	43.755	0.976731	31.7	12
CBDDTY010002945.1	1	16243	45	7366	45.3488	1.09235	30.7	7.36
CBDDTY010002946.1	1	16243	69	5986	36.8528	1.65665	28.5	21.4
CBDDTY010002947.1	1	16230	106	9705	59.7967	2.32785	29	12.3
CBDDTY010002948.1	1	16221	54	10689	65.8961	1.16405	31.7	53.1
CBDDTY010002949.1	1	16201	37	8573	52.9165	0.999012	30.9	35.6
CBDDTY010002950.1	1	16199	40	9177	56.6516	1.07914	30.5	37.8
CBDDTY010002951.1	1	16177	65	13263	81.9868	1.69988	29.3	41.7
CBDDTY010002952.1	1	16176	13	3988	24.6538	0.343843	30.1	19.5
CBDDTY010002953.1	1	16160	57	10431	64.5483	1.23329	32	37
CBDDTY010002954.1	1	16148	20	3856	23.8791	0.323941	29.3	16.2
CBDDTY010002955.1	1	16119	14	3468	21.515	0.334202	32.4	33.1
CBDDTY010002956.1	1	16086	52	5547	34.4834	1.07106	31.1	29.4
CBDDTY010002957.1	1	16084	36	9309	57.8774	0.855322	31.2	49.8
CBDDTY010002958.1	1	16078	50	9096	56.5742	1.17104	31.2	36.7
CBDDTY010002959.1	1	16074	46	8793	54.7032	1.02171	29.7	28.7
CBDDTY010002960.1	1	16069	34	5394	33.5677	0.700292	29.6	16.5
CBDDTY010002961.1	1	16061	53	8415	52.394	1.10765	30.8	37.2
CBDDTY010002962.1	1	16057	29	8154	50.7816	0.686056	29.1	25.9
CBDDTY010002963.1	1	16046	45	8534	53.1846	1.12439	30	34
CBDDTY010002964.1	1	16040	90	8267	51.5399	2.20686	30.5	28.4
CBDDTY010002965.1	1	16012	15	2361	14.7452	0.314139	31.3	3.07
CBDDTY010002966.1	1	16011	38	7127	44.5131	0.725751	30.4	31.2
CBDDTY010002967.1	1	16000	21	6119	38.2437	0.458875	28.9	40.2
CBDDTY010002968.1	1	16000	28	4543	28.3938	0.625125	29.7	22.5
CBDDTY010002970.1	1	16000	34	6818	42.6125	0.697313	30.9	40.3
CBDDTY010002971.1	1	16000	35	4192	26.2	0.751875	31.1	49.9
CBDDTY010002972.1	1	16000	64	7983	49.8937	1.715	30.8	29.2
CBDDTY010002973.1	1	16000	17	4334	27.0875	0.358687	29.8	15.4
CBDDTY010002974.1	1	16000	26	5576	34.85	0.482375	31.6	28.9
CBDDTY010002975.1	1	16000	28	8663	54.1437	0.648687	31.5	48.2
CBDDTY010002976.1	1	16000	91	12688	79.3	2.25413	31.3	40.5
CBDDTY010002977.1	1	16000	20	3257	20.3562	0.532	33.3	15.1
CBDDTY010002978.1	1	16000	8	1109	6.93125	0.1535	30	42.5
CBDDTY010002979.1	1	16000	63	3800	23.75	1.37975	30.7	14.5
CBDDTY010002980.1	1	16000	31	7780	48.625	0.707875	30.7	8.52
CBDDTY010002981.1	1	16000	8	1755	10.9688	0.184625	29.2	28.2
CBDDTY010002982.1	1	16000	37	8393	52.4562	0.863437	29.3	39.6
CBDDTY010002983.1	1	16000	16	3055	19.0938	0.30475	32.1	13.6
CBDDTY010002984.1	1	16000	15	4604	28.775	0.328813	33.3	30
CBDDTY010002985.1	1	16000	10	2403	15.0188	0.213062	31.3	27
CBDDTY010002986.1	1	16000	37	5203	32.5187	1	30.6	12.4
CBDDTY010002987.1	1	16000	60	9179	57.3687	1.81062	29.8	26.3
CBDDTY010002988.1	1	16000	45	9955	62.2188	1.20419	30.3	38.7
CBDDTY010002989.1	1	16000	34	6356	39.725	0.634188	29.7	31.1
CBDDTY010002990.1	1	16000	32	9279	57.9937	1.02181	31.6	36.5
CBDDTY010002991.1	1	16000	22	5894	36.8375	0.535062	30.7	31.7
CBDDTY010002992.1	1	16000	27	5280	33	0.527125	28.7	40.9
CBDDTY010002993.1	1	15997	56	4602	28.7679	1.00444	29.3	15.2
CBDDTY010002994.1	1	15974	87	8654	54.1755	2.22549	31.8	40.4
CBDDTY010002995.1	1	15969	19	5242	32.8261	0.47204	30.8	37.8
CBDDTY010002996.1	1	15967	48	8979	56.2347	1.07534	31.1	44.4
CBDDTY010002997.1	1	15962	26	6155	38.5603	0.731801	31.1	37.3
CBDDTY010002998.1	1	15957	64	11021	69.0669	1.85499	32.7	20.6
CBDDTY010002999.1	1	15952	16	3151	19.753	0.45662	29.3	5.62
CBDDTY010003000.1	1	15948	43	9933	62.2837	0.927514	31.5	47.5
CBDDTY010003001.1	1	15947	35	6746	42.3026	0.737944	31.5	45.2
CBDDTY010003002.1	1	15902	58	7968	50.1069	1.27669	31.7	30.7
CBDDTY010003003.1	1	15897	65	4201	26.4264	1.50896	30.5	20.1
CBDDTY010003004.1	1	15886	45	9743	61.3307	1.16153	30.2	51.8
CBDDTY010003005.1	1	15878	32	7838	49.3639	0.865222	30.1	50.4
CBDDTY010003006.1	1	15875	77	7895	49.7323	1.94066	31.4	25.9
CBDDTY010003007.1	1	15867	11	2261	14.2497	0.237852	30.3	27.5
CBDDTY010003008.1	1	15849	21	4419	27.8819	0.548173	30.9	7.62
CBDDTY010003009.1	1	15847	40	6416	40.4872	1.00833	31	24.2
CBDDTY010003010.1	1	15834	32	6170	38.9668	0.816029	29.6	6.94
CBDDTY010003011.1	1	15826	52	10617	67.0858	1.21294	30.4	54.2
CBDDTY010003012.1	1	15825	43	9342	59.0332	1.02509	31.5	29.9
CBDDTY010003013.1	1	15823	48	10244	64.7412	1.29508	31	53
CBDDTY010003014.1	1	15795	33	7746	49.0408	0.68604	30.9	45.2
CBDDTY010003015.1	1	15786	83	10542	66.7807	2.15678	31.5	28.2
CBDDTY010003016.1	1	15734	28	6379	40.5428	0.599784	31.1	31.6
CBDDTY010003017.1	1	15720	34	6828	43.4351	0.830025	31.5	22.7
CBDDTY010003018.1	1	15717	64	8856	56.3466	1.67608	30.7	29.4
CBDDTY010003019.1	1	15715	14	4488	28.5587	0.363793	32.8	37.3
CBDDTY010003020.1	1	15703	40	7578	48.2583	1.00484	30.6	20.1
CBDDTY010003021.1	1	15694	57	9681	61.686	1.26634	29.6	25.2
CBDDTY010003022.1	1	15682	45	9511	60.6492	1.0278	30.7	53.2
CBDDTY010003023.1	1	15681	71	10953	69.8489	1.78911	30.8	31.2
CBDDTY010003024.1	1	15664	88	7814	49.8851	2.10942	29.6	22.4
CBDDTY010003025.1	1	15644	52	7627	48.7535	1.58067	30	35.2
CBDDTY010003026.1	1	15642	36	8326	53.2285	0.885309	31.3	33.6
CBDDTY010003027.1	1	15634	52	9855	63.0357	1.26398	31.4	37.6
CBDDTY010003028.1	1	15631	35	3309	21.1695	0.82925	31.5	9.37
CBDDTY010003029.1	1	15601	45	9424	60.4064	1.28357	30.7	24.9
CBDDTY010003030.1	1	15597	48	10018	64.2303	1.44028	32.8	57.1
CBDDTY010003031.1	1	15594	38	7673	49.2048	0.854495	31.6	31.5
CBDDTY010003032.1	1	15574	54	8862	56.9025	1.36291	30.8	45.2
CBDDTY010003033.1	1	15555	59	10359	66.5959	1.42809	30	32
CBDDTY010003034.1	1	15554	65	9007	57.9079	1.51132	30.4	41.5
CBDDTY010003035.1	1	15553	39	6276	40.3523	0.948306	30.3	11.8
CBDDTY010003036.1	1	15532	42	8451	54.4102	0.995815	30.1	45.2
CBDDTY010003037.1	1	15530	41	10205	65.7115	1.20116	30.7	49.2
CBDDTY010003038.1	1	15524	1	630	4.05823	0.0405823	26.8	6
CBDDTY010003039.1	1	15523	90	12970	83.5534	2.24338	31	33.8
CBDDTY010003040.1	1	15522	43	7368	47.4681	0.866448	30	36.5
CBDDTY010003041.1	1	15520	41	8512	54.8454	1.04955	30.5	22.7
CBDDTY010003042.1	1	15507	19	4730	30.5024	0.472561	31.2	28.8
CBDDTY010003043.1	1	15507	42	9171	59.141	0.985039	31.3	40.3
CBDDTY010003044.1	1	15503	44	7155	46.1524	1.00535	30.8	22.3
CBDDTY010003045.1	1	15494	45	6273	40.4866	1.1416	31.6	17.4
CBDDTY010003046.1	1	15493	14	2274	14.6776	0.209901	30.3	8.43
CBDDTY010003047.1	1	15488	90	11932	77.0403	2.12448	31.1	24.5
CBDDTY010003048.1	1	15450	49	10057	65.0939	1.15495	31.3	48.7
CBDDTY010003049.1	1	15445	23	4103	26.5652	0.53765	31.9	11.9
CBDDTY010003050.1	1	15445	10	2092	13.5448	0.163613	30.4	9.5
CBDDTY010003051.1	1	15444	24	2952	19.1142	0.519037	32.1	17.9
CBDDTY010003052.1	1	15438	60	10187	65.9865	1.53478	32.5	31.1
CBDDTY010003053.1	1	15412	60	8533	55.3659	1.18784	29.7	36.5
CBDDTY010003054.1	1	15411	23	5217	33.8524	0.627149	31.4	38.3
CBDDTY010003055.1	1	15409	45	9432	61.211	1.12811	31.3	53.4
CBDDTY010003056.1	1	15407	33	7621	49.4645	0.824885	28.9	37
CBDDTY010003057.1	1	15404	88	13279	86.2049	2.75143	31.4	35.7
CBDDTY010003058.1	1	15401	50	9478	61.5415	1.12577	30.6	37.9
CBDDTY010003059.1	1	15388	83	13170	85.5862	2.33286	30.5	31.7
CBDDTY010003060.1	1	15365	50	7147	46.5148	1.19447	30.7	23
CBDDTY010003061.1	1	15359	45	7430	48.3755	1.03308	30.3	32
CBDDTY010003063.1	1	15353	21	4118	26.8221	0.365401	30.8	7.81
CBDDTY010003064.1	1	15347	100	8512	55.4636	2.75761	30.4	27.3
CBDDTY010003065.1	1	15343	48	10144	66.1148	1.12748	30.3	55.4
CBDDTY010003066.1	1	15343	47	12982	84.6119	1.41446	30	53.3
CBDDTY010003067.1	1	15337	41	8003	52.181	1.09304	30.3	43
CBDDTY010003068.1	1	15331	54	8403	54.8105	1.42574	30.7	26
CBDDTY010003069.1	1	15324	40	5755	37.5555	0.875489	32.1	15.6
CBDDTY010003070.1	1	15324	22	4847	31.6301	0.471156	31.2	12.9
CBDDTY010003071.1	1	15312	56	7305	47.7077	1.13068	30.2	28.7
CBDDTY010003072.1	1	15306	43	10329	67.4833	1.22285	29.9	52.7
CBDDTY010003073.1	1	15290	37	9284	60.7194	1.11027	32.1	29.7
CBDDTY010003074.1	1	15284	19	2836	18.5554	0.401008	32.4	26.2
CBDDTY010003075.1	1	15250	43	8810	57.7705	1.00092	31.9	51.6
CBDDTY010003076.1	1	15235	36	5599	36.7509	0.86682	29.5	31.2
CBDDTY010003077.1	1	15231	42	8551	56.1421	1.173	29.2	38.2
CBDDTY010003078.1	1	15225	18	2861	18.7915	0.38555	30.7	5.89
CBDDTY010003079.1	1	15223	90	11379	74.7487	2.23281	30.6	32.4
CBDDTY010003080.1	1	15212	44	8523	56.0281	0.868656	31.8	36.7
CBDDTY010003081.1	1	15211	24	7670	50.424	0.695484	30	42.5
CBDDTY010003082.1	1	15208	23	5072	33.3509	0.609416	31.4	44.8
CBDDTY010003083.1	1	15207	24	3418	22.4765	0.549484	31.5	30.5
CBDDTY010003084.1	1	15206	69	7892	51.9006	1.97731	31.2	37.8
CBDDTY010003085.1	1	15206	57	10000	65.7635	1.39491	31.2	35
CBDDTY010003086.1	1	15194	47	10725	70.5871	1.25576	31	47.3
CBDDTY010003087.1	1	15181	41	8810	58.0331	1.03261	30.1	45.9
CBDDTY010003088.1	1	15137	62	9523	62.9121	1.43727	30.9	32.7
CBDDTY010003089.1	1	15136	66	9489	62.6916	1.66662	29.9	29.2
CBDDTY010003090.1	1	15132	44	9027	59.655	1.22727	32	50.5
CBDDTY010003091.1	1	15116	22	3859	25.5292	0.414528	32.2	17.9
CBDDTY010003092.1	1	15062	89	10932	72.58	2.14135	31.6	33.1
CBDDTY010003093.1	1	15041	28	4070	27.0594	0.73652	30.3	2.43
CBDDTY010003094.1	1	15039	46	7470	49.6709	0.927788	29.4	43.5
CBDDTY010003095.1	1	15037	66	10607	70.5393	1.65046	31	39.8
CBDDTY010003096.1	1	15022	36	5559	37.0057	0.736054	28.9	24.4
CBDDTY010003097.1	1	15016	87	10599	70.5847	2.48448	30	4.68
CBDDTY010003098.1	1	15014	46	6096	40.6021	1.12022	29.9	17.4
CBDDTY010003099.1	1	15000	52	9526	63.5067	1.4418	30.7	30.3
CBDDTY010003100.1	1	15000	62	6987	46.58	1.34173	31	9.81
CBDDTY010003101.1	1	15000	22	6018	40.12	0.667667	30.9	43.3
CBDDTY010003102.1	1	15000	3	1367	9.11333	0.187	34	17.3
CBDDTY010003103.1	1	15000	119	10028	66.8533	6.071	32.3	2.72
CBDDTY010003104.1	1	15000	37	8420	56.1333	0.938867	30.3	42.1
CBDDTY010003105.1	1	15000	30	6145	40.9667	0.883267	29.4	5.83
CBDDTY010003106.1	1	15000	46	8615	57.4333	1.31393	31.5	24.7
CBDDTY010003107.1	1	15000	78	11608	77.3867	2.03167	31.6	42.8
CBDDTY010003108.1	1	14800	38	4424	29.8919	0.951554	30	18.6
CBDDTY010003109.1	1	15000	16	4281	28.54	0.421067	28.4	12.2
CBDDTY010003110.1	1	15000	12	3048	20.32	0.303667	30.8	38.8
CBDDTY010003111.1	1	15000	17	3964	26.4267	0.395333	29.9	18.2
CBDDTY010003112.1	1	15000	48	9974	66.4933	1.3752	30	37.6
CBDDTY010003113.1	1	15000	43	8162	54.4133	1.09673	30.1	38.3
CBDDTY010003114.1	1	15000	5	868	5.78667	0.1148	30.3	4.8
CBDDTY010003115.1	1	15000	33	6321	42.14	0.7676	30.7	12.4
CBDDTY010003116.1	1	15000	22	5837	38.9133	0.565133	30.8	38.4
CBDDTY010003117.1	1	15000	1	277	1.84667	0.0184667	33.9	15
CBDDTY010003118.1	1	15000	29	7596	50.64	0.830333	30.6	42.8
CBDDTY010003119.1	1	15000	104	12463	83.0867	3.16733	30.6	24.5
CBDDTY010003120.1	1	15000	33	9308	62.0533	0.8892	30.5	50.7
CBDDTY010003121.1	1	15000	29	4646	30.9733	0.477267	29.1	17
CBDDTY010003122.1	1	14987	48	10536	70.3009	1.44158	31.6	51.5
CBDDTY010003123.1	1	14980	18	3313	22.1162	0.336983	32.8	17.4
CBDDTY010003124.1	1	14957	48	8798	58.822	1.36899	31.7	32.8
CBDDTY010003125.1	1	14953	30	7005	46.8468	0.846787	31.1	48
CBDDTY010003126.1	1	14940	83	8229	55.0803	2.01305	30.4	32.1
CBDDTY010003127.1	1	14912	57	8079	54.1778	1.27716	30.2	17.9
CBDDTY010003128.1	1	14898	49	7194	48.2884	1.40965	29.1	11
CBDDTY010003129.1	1	14895	20	4769	32.0175	0.443505	28.2	17.5
CBDDTY010003130.1	1	14890	53	9176	61.6253	1.28563	30.9	35.2
CBDDTY010003131.1	1	14887	286	13984	93.9343	7.86371	30.7	40.8
CBDDTY010003132.1	1	14882	39	8970	60.2742	1.13977	31.2	53.2
CBDDTY010003133.1	1	14871	17	3573	24.0266	0.445431	31.3	10.5
CBDDTY010003134.1	1	14870	55	10403	69.9597	1.3234	30.1	31.9
CBDDTY010003135.1	1	14853	56	12134	81.6939	1.61422	30.5	54.4
CBDDTY010003136.1	1	14844	15	3085	20.7828	0.298976	31.1	11
CBDDTY010003137.1	1	14837	39	7520	50.6841	0.942037	30.3	40.8
CBDDTY010003138.1	1	14833	49	12708	85.6738	1.56219	31.7	51.4
CBDDTY010003139.1	1	14830	49	9623	64.8887	1.32293	30.2	39.3
CBDDTY010003140.1	1	14798	67	11578	78.2403	1.73118	30.4	48.8
CBDDTY010003141.1	1	14795	46	8576	57.9655	0.933964	30.8	41.9
CBDDTY010003142.1	1	14794	41	6394	43.2202	0.912465	29.9	12.4
CBDDTY010003143.1	1	14780	79	10631	71.9283	2.0475	30.7	33.2
CBDDTY010003144.1	1	14777	105	4751	32.1513	2.29032	30.3	8.17
CBDDTY010003145.1	1	14776	17	3449	23.3419	0.35402	29.6	14.6
CBDDTY010003146.1	1	14758	24	4727	32.0301	0.482382	29.7	14.7
CBDDTY010003147.1	1	14753	37	7977	54.0704	0.905782	28.8	44.8
CBDDTY010003148.1	1	14744	31	6229	42.2477	0.874932	29.8	25.2
CBDDTY010003149.1	1	14715	30	8106	55.0866	0.874482	31.7	46.8
CBDDTY010003150.1	1	14705	138	9418	64.0462	3.50459	29.9	12.8
CBDDTY010003151.1	1	14695	22	4274	29.0847	0.531882	32.2	15.1
CBDDTY010003152.1	1	14691	17	3461	23.5586	0.344429	31.9	35.3
CBDDTY010003153.1	1	14690	35	7703	52.437	0.862015	32.3	41.8
CBDDTY010003154.1	1	14668	15	3093	21.0867	0.313676	28.4	20.5
CBDDTY010003155.1	1	14656	29	4449	30.3562	0.600641	29.2	36.5
CBDDTY010003156.1	1	14647	48	10692	72.9979	1.2804	31	48.5
CBDDTY010003157.1	1	14637	27	4968	33.9414	0.674319	32.1	52.3
CBDDTY010003158.1	1	14622	35	9350	63.9447	1.24956	31.3	56.6
CBDDTY010003159.1	1	14620	9	1247	8.52941	0.162722	31.6	7.78
CBDDTY010003160.1	1	14620	63	5232	35.7866	1.70978	31.1	15.2
CBDDTY010003161.1	1	14619	10	1550	10.6026	0.18818	30.2	6.4
CBDDTY010003162.1	1	14614	95	11076	75.7903	2.75017	30.3	49.9
CBDDTY010003163.1	1	14600	59	9105	62.363	1.52322	31.4	44.7
CBDDTY010003164.1	1	14594	63	7134	48.8831	1.94799	30.3	34.6
CBDDTY010003165.1	1	14591	31	8803	60.3317	1.04393	29.5	49.9
CBDDTY010003166.1	1	14587	55	7666	52.5536	1.52444	31.2	45.3
CBDDTY010003167.1	1	14585	29	6497	44.5458	0.668084	30.6	38.8
CBDDTY010003168.1	1	14585	60	10074	69.071	1.50648	30.8	32.5
CBDDTY010003169.1	1	14578	8	2011	13.7948	0.192345	31.4	20
CBDDTY010003170.1	1	14578	36	5896	40.4445	0.956921	31.7	5.28
CBDDTY010003171.1	1	14571	9	1771	12.1543	0.205957	29.1	8
CBDDTY010003172.1	1	14562	26	6896	47.3561	0.640022	30.5	49
CBDDTY010003173.1	1	14557	42	8303	57.0379	1.21165	30.9	35.9
CBDDTY010003174.1	1	14550	24	4164	28.6186	0.532234	29.6	16.7
CBDDTY010003175.1	1	14548	28	3885	26.7047	0.592246	31.2	10.1
CBDDTY010003176.1	1	14541	43	6920	47.5896	1.35135	29.2	9.56
CBDDTY010003177.1	1	14528	185	9402	64.7164	4.10043	30.5	17.5
CBDDTY010003178.1	1	14506	50	5943	40.9693	1.44968	31.6	26.2
CBDDTY010003179.1	1	14470	28	4857	33.566	0.64727	30.7	14.9
CBDDTY010003180.1	1	14455	50	10386	71.8506	1.3605	30.2	45.3
CBDDTY010003181.1	1	14452	36	6399	44.2776	0.847011	30.1	2.61
CBDDTY010003182.1	1	14450	39	8068	55.8339	1.04083	30.5	38.5
CBDDTY010003183.1	1	14450	12	2272	15.7232	0.271488	31.1	9.42
CBDDTY010003184.1	1	14437	38	7896	54.6928	0.991134	30.2	51.7
CBDDTY010003185.1	1	14415	39	9341	64.8006	0.977385	29.9	45
CBDDTY010003186.1	1	14370	41	8560	59.5685	1.09576	31.5	27.6
CBDDTY010003187.1	1	14351	12	872	6.07623	0.129329	30.7	5.58
CBDDTY010003188.1	1	14350	20	6080	42.3693	0.572056	31.1	16.2
CBDDTY010003189.1	1	14346	24	4923	34.3162	0.57821	31.5	9.46
CBDDTY010003190.1	1	14343	39	6719	46.8452	0.977062	29.3	36.8
CBDDTY010003191.1	1	14302	37	3481	24.3393	0.80702	30.3	14.4
CBDDTY010003192.1	1	14287	59	8679	60.7475	1.4292	31.2	35.6
CBDDTY010003193.1	1	14272	32	6328	44.3386	0.7184	30.9	29.2
CBDDTY010003194.1	1	14271	8	2047	14.3438	0.144419	28.2	4
CBDDTY010003195.1	1	14266	5	1138	7.97701	0.120707	26.6	2.4
CBDDTY010003196.1	1	14261	46	9398	65.9	1.08281	29.7	46.5
CBDDTY010003197.1	1	14242	74	4755	33.3872	2.06818	30.6	7.24
CBDDTY010003198.1	1	14230	27	3689	25.9241	0.498876	29.6	6.19
CBDDTY010003199.1	1	14221	6	1952	13.7262	0.166514	30	17.2
CBDDTY010003200.1	1	14164	21	5335	37.6659	0.568766	30.5	50.1
CBDDTY010003201.1	1	14142	41	3692	26.1066	1.05395	31.9	7
CBDDTY010003202.1	1	14129	16	3145	22.2592	0.299667	30.1	18.8
CBDDTY010003203.1	1	14119	47	9049	64.0909	1.4382	32	56.3
CBDDTY010003204.1	1	14115	27	4631	32.8091	0.876798	31.1	6.26
CBDDTY010003205.1	1	14072	24	5577	39.6319	0.608513	31.3	27.6
CBDDTY010003206.1	1	14036	33	7591	54.0824	1.02999	30.2	56.8
CBDDTY010003207.1	1	14035	38	7632	54.3783	0.967652	31.6	49.2
CBDDTY010003208.1	1	14030	52	8849	63.072	1.2355	30.9	38.9
CBDDTY010003209.1	1	14024	50	9376	66.8568	1.44067	30.6	54
CBDDTY010003210.1	1	14000	24	5146	36.7571	0.813929	24.5	10.7
CBDDTY010003211.1	1	14000	45	7774	55.5286	1.54414	29.8	12.7
CBDDTY010003212.1	1	14000	25	6137	43.8357	0.65	31.2	14
CBDDTY010003213.1	1	14000	39	7275	51.9643	0.955	31.4	33.4
CBDDTY010003214.1	1	14000	221	10580	75.5714	6.59136	30.8	26.4
CBDDTY010003215.1	1	14000	22	3695	26.3929	0.702	34.3	6.05
CBDDTY010003216.1	1	14000	17	4750	33.9286	0.539071	31.2	14.2
CBDDTY010003217.1	1	14000	21	2349	16.7786	0.499	31.1	0.0952
CBDDTY010003218.1	1	14000	60	7192	51.3714	1.61793	30.9	3.98
CBDDTY010003219.1	1	14000	14	3504	25.0286	0.3435	27.9	24.4
CBDDTY010003220.1	1	14000	66	6670	47.6429	1.61679	30.7	8.94
CBDDTY010003221.1	1	14000	48	8110	57.9286	1.29679	30.8	21.5
CBDDTY010003222.1	1	14000	148	7703	55.0214	3.92564	30.4	38.7
CBDDTY010003223.1	1	14000	25	5715	40.8214	0.524143	29.3	24.1
CBDDTY010003224.1	1	14000	3	512	3.65714	0.0412857	27.6	7.67
CBDDTY010003225.1	1	14000	13	2893	20.6643	0.325143	29.4	21.8
CBDDTY010003226.1	1	14000	45	6028	43.0571	0.855643	29.7	18.4
CBDDTY010003227.1	1	14000	123	6741	48.15	3.18921	31	18.9
CBDDTY010003228.1	1	14000	36	3556	25.4	0.871857	28.1	15.4
CBDDTY010003229.1	1	14000	46	8610	61.5	1.18329	32.3	40.1
CBDDTY010003230.1	1	14000	51	7742	55.3	1.45207	29.9	28.1
CBDDTY010003231.1	1	14000	101	10438	74.5571	2.80864	30.7	37.9
CBDDTY010003232.1	1	14000	11	3287	23.4786	0.333929	29.4	49.2
CBDDTY010003233.1	1	14000	6	2260	16.1429	0.202	27.8	34.7
CBDDTY010003234.1	1	13998	18	3526	25.1893	0.542935	30.2	9.78
CBDDTY010003235.1	1	13987	52	9075	64.8817	1.24523	29.7	33.2
CBDDTY010003236.1	1	13986	24	5033	35.986	0.644073	29.1	45.2
CBDDTY010003237.1	1	13979	60	7407	52.9866	1.37184	30	33.9
CBDDTY010003238.1	1	13970	40	7254	51.9256	1.04195	29.4	30.9
CBDDTY010003239.1	1	13967	94	8745	62.6119	2.547	30.3	25.6
CBDDTY010003240.1	1	13962	52	7556	54.1183	1.19188	30.4	22.6
CBDDTY010003241.1	1	13931	22	5100	36.609	0.596942	32.6	31.6
CBDDTY010003242.1	1	13930	20	2901	20.8256	0.423475	30.5	5.9
CBDDTY010003243.1	1	13924	40	1499	10.7656	0.850761	31.1	4.9
CBDDTY010003244.1	1	13913	30	7679	55.193	0.939122	30.3	39.6
CBDDTY010003245.1	1	13897	43	6227	44.8082	1.10412	31.5	31.5
CBDDTY010003246.1	1	13896	41	9406	67.6885	1.16659	31	56.7
CBDDTY010003247.1	1	13861	122	10779	77.765	3.70269	28.4	20.5
CBDDTY010003248.1	1	13842	32	7124	51.4666	0.746352	30.9	44
CBDDTY010003249.1	1	13836	34	8937	64.5924	0.901127	30.3	44.1
CBDDTY010003250.1	1	13828	15	3910	28.276	0.33396	31.2	1.47
CBDDTY010003251.1	1	13817	23	4561	33.0101	0.518275	30	35.9
CBDDTY010003252.1	1	13814	40	5678	41.1032	1.15318	30.3	18.5
CBDDTY010003253.1	1	13795	39	9226	66.8793	1.24088	29.6	53.7
CBDDTY010003254.1	1	13791	54	9836	71.3219	1.41513	31.1	32.7
CBDDTY010003255.1	1	13781	37	4801	34.8378	0.672956	30.8	10.5
CBDDTY010003256.1	1	13755	31	3245	23.5914	0.729553	31.8	9.74
CBDDTY010003257.1	1	13741	19	3124	22.7349	0.556437	31.3	25.8
CBDDTY010003258.1	1	13738	10	2359	17.1713	0.206289	30.5	2.9
CBDDTY010003259.1	1	13738	88	9099	66.2323	2.09092	30.8	24.2
CBDDTY010003260.1	1	13703	51	6567	47.9238	1.45472	29.9	32.8
CBDDTY010003261.1	1	13683	40	3310	24.1906	1.09808	30.6	14.8
CBDDTY010003262.1	1	13672	28	5044	36.8929	0.736249	31.9	26.3
CBDDTY010003263.1	1	13665	63	8658	63.3589	1.68225	30.3	26.7
CBDDTY010003264.1	1	13641	85	9528	69.8483	2.25196	30.3	36.2
CBDDTY010003265.1	1	13631	29	7817	57.3472	0.999927	30.4	39.6
CBDDTY010003266.1	1	13622	39	6835	50.1762	1.35208	28.6	21.4
CBDDTY010003267.1	1	13600	17	3459	25.4338	0.320735	31.9	3.65
CBDDTY010003268.1	1	13597	34	7375	54.2399	1.02302	30.5	42.1
CBDDTY010003269.1	1	13596	22	4236	31.1562	0.489188	32.5	24.5
CBDDTY010003270.1	1	13587	23	3571	26.2825	0.682491	31.4	10.1
CBDDTY010003271.1	1	13574	76	8776	64.653	2.02814	30.2	27.7
CBDDTY010003272.1	1	13569	45	7122	52.4873	1.26561	30.8	42.2
CBDDTY010003273.1	1	13555	19	4600	33.9358	0.489414	30.1	11.7
CBDDTY010003274.1	1	13533	41	6941	51.2894	1.03436	29.4	43
CBDDTY010003275.1	1	13524	84	10234	75.6729	2.64722	30.6	22.2
CBDDTY010003276.1	1	13513	35	5630	41.6636	0.955746	31.1	20.7
CBDDTY010003277.1	1	13511	72	9274	68.6404	1.90785	31.1	40.8
CBDDTY010003278.1	1	13507	40	7211	53.3871	1.14059	31.2	19.9
CBDDTY010003279.1	1	13494	36	4921	36.4681	0.844523	31.1	30.1
CBDDTY010003280.1	1	13492	47	7317	54.2321	1.16269	30.8	24.3
CBDDTY010003281.1	1	13479	20	3443	25.5434	0.585132	30.6	19.7
CBDDTY010003282.1	1	13457	34	3733	27.7402	0.810359	32.8	8.53
CBDDTY010003283.1	1	13448	37	6800	50.5651	0.936868	31.1	28.7
CBDDTY010003284.1	1	13439	22	5140	38.2469	0.590371	31.9	27.8
CBDDTY010003285.1	1	13418	33	6179	46.0501	0.892234	29.5	28.6
CBDDTY010003286.1	1	13417	23	5407	40.2996	0.628755	31.6	43
CBDDTY010003287.1	1	13416	69	11018	82.1258	2.04316	29.9	30.5
CBDDTY010003288.1	1	13414	30	6418	47.8455	0.724094	30.5	29.1
CBDDTY010003289.1	1	13408	26	6442	48.0459	0.772748	30.7	46.8
CBDDTY010003290.1	1	13376	59	12020	89.8624	2.08979	31.6	55.6
CBDDTY010003291.1	1	13362	67	7306	54.6774	1.7805	30	32.2
CBDDTY010003292.1	1	13360	53	9745	72.9416	1.39805	30.7	52.3
CBDDTY010003293.1	1	13360	39	6395	47.8668	1.0399	31.6	34.5
CBDDTY010003294.1	1	13357	5	1061	7.9434	0.122782	28.7	7.4
CBDDTY010003295.1	1	13354	42	7293	54.6129	1.09795	30.8	42.4
CBDDTY010003296.1	1	13320	18	4833	36.2838	0.538889	28.3	24.2
CBDDTY010003297.1	1	13310	40	8771	65.8978	1.13832	31.1	26.3
CBDDTY010003298.1	1	13304	26	2337	17.5661	0.786455	30.6	12
CBDDTY010003299.1	1	13302	330	8164	61.3742	9.30018	30.4	3.52
CBDDTY010003300.1	1	13293	19	3408	25.6376	0.475288	28.4	39.1
CBDDTY010003301.1	1	13273	140	11448	86.2503	4.85391	30.1	38.1
CBDDTY010003302.1	1	13271	36	7682	57.8856	1.10738	30	48.6
CBDDTY010003303.1	1	13257	129	9652	72.8068	4.42498	30.2	21.1
CBDDTY010003304.1	1	13210	75	9254	70.053	1.74338	29.7	25.2
CBDDTY010003305.1	1	13207	45	6367	48.2093	1.179	29.6	23.6
CBDDTY010003306.1	1	13199	41	8408	63.7018	1.24259	30.9	46
CBDDTY010003307.1	1	13153	31	5247	39.892	0.85585	31.6	39.7
CBDDTY010003308.1	1	13143	44	8152	62.0254	1.13003	31.8	48.6
CBDDTY010003309.1	1	13133	24	7580	57.7172	0.781923	29.6	36.7
CBDDTY010003310.1	1	13100	11	2844	21.7099	0.285878	32.7	41.1
CBDDTY010003311.1	1	13099	39	3103	23.6888	0.980304	29.8	27.8
CBDDTY010003312.1	1	13057	50	10800	82.7143	2.01164	29.4	21.4
CBDDTY010003313.1	1	13038	119	10418	79.9049	3.76231	30.5	33.8
CBDDTY010003314.1	1	13028	98	11455	87.926	3.32169	30.8	47.7
CBDDTY010003315.1	1	13010	15	4023	30.9224	0.42867	29.5	19.9
CBDDTY010003316.1	1	13000	53	8612	66.2462	1.70469	30.5	18.2
CBDDTY010003317.1	1	13000	2	213	1.63846	0.0163846	33.2	10.5
CBDDTY010003318.1	1	13000	34	7611	58.5462	1.059	30	17.9
CBDDTY010003319.1	1	13000	49	6444	49.5692	1.01315	30.1	31
CBDDTY010003320.1	1	13000	24	5661	43.5462	0.794846	32.3	47
CBDDTY010003321.1	1	13000	16	3326	25.5846	0.444077	30.9	30.3
CBDDTY010003322.1	1	13000	51	3706	28.5077	1.64862	31.9	8.43
CBDDTY010003323.1	1	13000	52	6739	51.8385	1.55954	31	36.7
CBDDTY010003324.1	1	13000	21	5083	39.1	0.585231	31.7	40.7
CBDDTY010003325.1	1	13000	29	6966	53.5846	1.00592	30	37.5
CBDDTY010003326.1	1	13000	23	3226	24.8154	0.790462	31.2	28
CBDDTY010003327.1	1	13000	21	4478	34.4462	0.712692	27.9	16.3
CBDDTY010003328.1	1	13000	34	5714	43.9538	0.887769	30.9	4.82
CBDDTY010003330.1	1	13000	83	10662	82.0154	2.771	29.9	15.8
CBDDTY010003331.1	1	13000	5	2235	17.1923	0.174154	28.5	0.2
CBDDTY010003332.1	1	13000	36	6894	53.0308	1.15715	30.9	35.4
CBDDTY010003333.1	1	13000	33	4810	37	0.839231	30.8	27.1
CBDDTY010003334.1	1	13000	8	2562	19.7077	0.243462	28.5	3.75
CBDDTY010003335.1	1	13000	62	3658	28.1385	1.63292	31	12.2
CBDDTY010003336.1	1	13000	34	7130	54.8462	1.03469	31	48.3
CBDDTY010003337.1	1	13000	18	4296	33.0462	0.473385	28.7	14.7
CBDDTY010003338.1	1	13000	20	5099	39.2231	0.590077	28.7	50
CBDDTY010003339.1	1	13000	38	4062	31.2462	1.27238	27.1	10.7
CBDDTY010003340.1	1	13000	74	11020	84.7692	2.456	31	53.9
CBDDTY010003341.1	1	13000	28	7311	56.2385	0.899	32.1	43.9
CBDDTY010003342.1	1	13000	5	1637	12.5923	0.138385	29.6	17.4
CBDDTY010003343.1	1	13000	213	7430	57.1538	7.46354	30.9	24.7
CBDDTY010003344.1	1	13000	51	7892	60.7077	1.46915	29.8	40.6
CBDDTY010003345.1	1	13000	29	5934	45.6462	0.703231	30.8	5.69
CBDDTY010003346.1	1	13000	37	6778	52.1385	0.947231	28.6	42.4
CBDDTY010003347.1	1	13000	8	2872	22.0923	0.323846	32.4	28.8
CBDDTY010003348.1	1	13000	22	6575	50.5769	0.806308	30.7	21.3
CBDDTY010003349.1	1	13000	68	9776	75.2	2.36908	31.1	47
CBDDTY010003350.1	1	13000	16	3815	29.3462	0.437538	29	25.4
CBDDTY010003351.1	1	13000	7	1993	15.3308	0.184231	33.5	13.6
CBDDTY010003352.1	1	13000	39	6006	46.2	1.05877	29.7	8.9
CBDDTY010003353.1	1	12996	5	897	6.90212	0.0811788	32.3	14.6
CBDDTY010003354.1	1	12987	51	10157	78.209	1.5256	30.2	45.9
CBDDTY010003355.1	1	12927	50	8964	69.3432	1.46291	30.4	46.9
CBDDTY010003356.1	1	12912	32	6019	46.6156	0.890877	30.8	33.9
CBDDTY010003357.1	1	12876	13	2963	23.0118	0.393911	31.3	31.5
CBDDTY010003358.1	1	12869	43	7115	55.2879	0.984303	30.1	41.9
CBDDTY010003359.1	1	12850	22	5680	44.2023	0.618521	31.2	51.3
CBDDTY010003360.1	1	12846	42	7631	59.4037	1.39872	29	14
CBDDTY010003361.1	1	12845	72	12022	93.5928	2.68937	30.6	45.1
CBDDTY010003362.1	1	12831	12	2239	17.4499	0.249084	32.7	12
CBDDTY010003363.1	1	12826	62	8702	67.8466	2.36886	31.8	21.8
CBDDTY010003364.1	1	12808	72	7265	56.7224	1.87328	30.9	18
CBDDTY010003365.1	1	12798	12	1625	12.6973	0.268323	31.5	9.83
CBDDTY010003366.1	1	12741	47	6830	53.6065	1.29935	30	39.4
CBDDTY010003367.1	1	12675	188	8171	64.4655	5.77822	30.5	27.9
CBDDTY010003368.1	1	12660	3	1378	10.8847	0.108847	30.4	1.67
CBDDTY010003369.1	1	12650	38	8887	70.253	1.26087	32	50.7
CBDDTY010003370.1	1	12644	120	7515	59.4353	4.20041	29.9	49.6
CBDDTY010003371.1	1	12631	21	4089	32.3727	0.515399	29.9	16.3
CBDDTY010003372.1	1	12581	23	4639	36.8731	0.5587	30.3	24.8
CBDDTY010003373.1	1	12555	39	5881	46.8419	1.02867	30.6	43.7
CBDDTY010003374.1	1	12554	31	5751	45.8101	0.712044	30.6	22.3
CBDDTY010003375.1	1	12550	43	5547	44.1992	1.19841	31	30.3
CBDDTY010003376.1	1	12522	50	7336	58.5849	1.41918	30.2	16.4
CBDDTY010003377.1	1	12522	32	5671	45.2883	1.14223	31.3	34.4
CBDDTY010003378.1	1	12449	68	9993	80.2715	1.90039	30.7	39.3
CBDDTY010003379.1	1	12445	30	7505	60.3053	0.936922	30.4	22.3
CBDDTY010003380.1	1	12437	54	9091	73.0964	1.6582	30.1	39.4
CBDDTY010003381.1	1	12423	31	7396	59.5347	1.11672	29.7	56.9
CBDDTY010003382.1	1	12404	40	7009	56.506	1	30.6	39.1
CBDDTY010003383.1	1	12356	42	6995	56.6122	1.18501	30.8	47.6
CBDDTY010003384.1	1	12254	60	8129	66.3375	1.66313	30.3	33.2
CBDDTY010003385.1	1	12235	51	2919	23.8578	1.60417	30.8	30.2
CBDDTY010003386.1	1	12228	39	4261	34.8463	1.02764	30.8	40.5
CBDDTY010003387.1	1	12221	10	2670	21.8476	0.376319	34.5	49.1
CBDDTY010003388.1	1	12216	16	3319	27.1693	0.44409	31.7	37.4
CBDDTY010003389.1	1	12192	13	3771	30.9301	0.440125	30	44.9
CBDDTY010003390.1	1	12181	4	2020	16.5832	0.165832	28.2	25.5
CBDDTY010003391.1	1	12163	32	6511	53.5312	0.968593	29	47
CBDDTY010003392.1	1	12160	10	1551	12.7549	0.41472	31.6	23.2
CBDDTY010003393.1	1	12114	40	6648	54.8787	1.16229	30.6	33.9
CBDDTY010003394.1	1	12084	35	6342	52.4826	1.14747	32.1	29
CBDDTY010003395.1	1	12077	46	4808	39.8112	1.45732	30.8	8.3
CBDDTY010003396.1	1	12074	33	4692	38.8604	0.934487	31.9	32.2
CBDDTY010003397.1	1	12049	14	3631	30.1353	0.516889	27.1	15.4
CBDDTY010003398.1	1	12021	34	8788	73.1054	1.21612	30.7	54.6
CBDDTY010003399.1	1	12011	34	7449	62.0182	1.15486	31.3	38.8
CBDDTY010003400.1	1	12000	149	10058	83.8167	4.99467	30.9	33.9
CBDDTY010003401.1	1	12000	9	2069	17.2417	0.239167	31.1	34.1
CBDDTY010003402.1	1	12000	43	5863	48.8583	1.2445	30.2	18.5
CBDDTY010003403.1	1	12000	38	5466	45.55	1.2985	32.1	15.7
CBDDTY010003404.1	1	12000	39	8201	68.3417	1.18292	28.1	41.5
CBDDTY010003405.1	1	12000	19	3704	30.8667	0.547917	32.9	24.9
CBDDTY010003406.1	1	12000	25	4913	40.9417	0.775417	30	43.6
CBDDTY010003407.1	1	12000	93	10125	84.375	2.949	30	52.8
CBDDTY010003408.1	1	12000	28	5734	47.7833	0.912833	30.4	34.9
CBDDTY010003409.1	1	12000	20	4460	37.1667	0.694917	29.6	28.1
CBDDTY010003410.1	1	12000	17	3719	30.9917	0.672	31.4	30.9
CBDDTY010003411.1	1	12000	18	4173	34.775	0.78225	28.3	13.3
CBDDTY010003412.1	1	12000	32	4687	39.0583	0.82225	29.5	20.3
CBDDTY010003413.1	1	12000	29	5070	42.25	0.9955	29.2	10.2
CBDDTY010003414.1	1	12000	22	4009	33.4083	0.748667	30.4	7.45
CBDDTY010003415.1	1	12000	29	4279	35.6583	0.706833	30.4	20.4
CBDDTY010003416.1	1	12000	48	6872	57.2667	1.38758	29.9	21.1
CBDDTY010003417.1	1	12000	18	3859	32.1583	0.674333	30.5	9.06
CBDDTY010003418.1	1	12000	23	6880	57.3333	1.07608	31.5	42.3
CBDDTY010003419.1	1	12000	42	6166	51.3833	1.34083	31.5	9.6
CBDDTY010003420.1	1	12000	28	4686	39.05	0.593083	30.2	25.8
CBDDTY010003421.1	1	12000	13	3729	31.075	0.471833	29	26.2
CBDDTY010003422.1	1	12000	31	5968	49.7333	0.700833	30.7	26.7
CBDDTY010003423.1	1	12000	55	3369	28.075	1.86842	31.6	36.8
CBDDTY010003424.1	1	12000	10	2689	22.4083	0.280417	31.5	32
CBDDTY010003425.1	1	12000	2	205	1.70833	0.0170833	34.1	30.5
CBDDTY010003426.1	1	12000	50	9039	75.325	1.60908	31.1	34.1
CBDDTY010003427.1	1	11972	29	7328	61.2095	1.03241	31.2	45.7
CBDDTY010003428.1	1	11969	15	4015	33.545	0.471384	31.6	27.1
CBDDTY010003429.1	1	11949	18	4972	41.6102	0.532178	29.5	38.3
CBDDTY010003430.1	1	11948	37	3531	29.5531	1.4374	31	29.9
CBDDTY010003431.1	1	11920	39	7707	64.656	1.32424	29.8	41.4
CBDDTY010003432.1	1	11908	43	7400	62.1431	1.39646	30.7	39.8
CBDDTY010003433.1	1	11906	262	8603	72.2577	8.37309	30.2	28
CBDDTY010003434.1	1	11850	37	8127	68.5823	1.39359	31.1	49.7
CBDDTY010003435.1	1	11830	2	286	2.41758	0.0241758	22.6	0.5
CBDDTY010003436.1	1	11819	110	8975	75.9371	4.15382	31.3	18.8
CBDDTY010003437.1	1	11812	23	3292	27.87	0.762699	31.9	21.7
CBDDTY010003438.1	1	11777	14	3689	31.3238	0.47389	32.6	8.64
CBDDTY010003439.1	1	11758	35	6097	51.8541	1.11592	30.2	42.7
CBDDTY010003440.1	1	11712	22	6628	56.5915	0.700051	29	37.9
CBDDTY010003441.1	1	11691	29	7163	61.2694	0.967154	30.5	39.5
CBDDTY010003442.1	1	11671	42	6913	59.2323	1.55128	30.5	45.9
CBDDTY010003443.1	1	11620	12	2008	17.2806	0.219535	28.9	11.5
CBDDTY010003444.1	1	11610	28	6075	52.3256	0.978639	32.6	50.1
CBDDTY010003445.1	1	11603	43	6118	52.7277	1.38757	31	20.2
CBDDTY010003446.1	1	11576	32	7542	65.152	1.23696	31.6	56.2
CBDDTY010003447.1	1	11553	31	7150	61.8887	1.141	30.7	41.9
CBDDTY010003448.1	1	11552	33	4853	42.01	0.985024	30.8	32
CBDDTY010003449.1	1	11502	34	8209	71.3702	1.13241	29.4	38.7
CBDDTY010003450.1	1	11471	28	6898	60.1343	0.876384	29.1	35.4
CBDDTY010003451.1	1	11420	14	2680	23.4676	0.411996	30.4	13.9
CBDDTY010003452.1	1	11332	23	3987	35.1836	0.869926	29.7	8.26
CBDDTY010003453.1	1	11309	20	4162	36.8025	0.599876	32.6	31.8
CBDDTY010003454.1	1	11270	1	433	3.84206	0.0384206	27.3	1
CBDDTY010003455.1	1	11221	37	8812	78.5313	1.40513	29.8	38.8
CBDDTY010003456.1	1	11168	122	10495	93.9739	4.69117	30.3	43.3
CBDDTY010003457.1	1	11122	40	8282	74.465	1.58937	30.6	50.8
CBDDTY010003458.1	1	11099	28	4616	41.5893	1.00261	30.4	36.6
CBDDTY010003459.1	1	11000	94	10228	92.9818	3.79273	31.5	47.1
CBDDTY010003460.1	1	11000	75	7641	69.4636	3.11827	30.4	28.9
CBDDTY010003461.1	1	11000	88	6155	55.9545	3.49409	29.6	40.8
CBDDTY010003462.1	1	11000	38	7167	65.1545	1.76373	31.1	38.2
CBDDTY010003463.1	1	11000	15	4205	38.2273	0.565727	31.1	47.1
CBDDTY010003464.1	1	11000	4	910	8.27273	0.0997273	28.8	30
CBDDTY010003465.1	1	11000	69	6708	60.9818	2.39091	31.1	35.7
CBDDTY010003466.1	1	11000	23	4912	44.6545	0.834182	27.8	20.8
CBDDTY010003467.1	1	11000	26	3455	31.4091	0.552364	32.1	10.2
CBDDTY010003468.1	1	11000	23	5069	46.0818	0.920273	30.4	45.9
CBDDTY010003469.1	1	11000	3	445	4.04545	0.0846364	30.9	9.67
CBDDTY010003470.1	1	11000	10	2796	25.4182	0.438455	30.5	24.1
CBDDTY010003471.1	1	11000	36	6831	62.1	1.308	28.9	31.5
CBDDTY010003472.1	1	11000	12	2800	25.4545	0.438364	30.8	15.8
CBDDTY010003473.1	1	11000	5	782	7.10909	0.171636	33	36.2
CBDDTY010003474.1	1	11000	4	535	4.86364	0.0610909	29.1	0.75
CBDDTY010003475.1	1	11000	35	4823	43.8455	1.10055	29.7	0.286
CBDDTY010003476.1	1	11000	135	8991	81.7364	5.08073	31.6	36.7
CBDDTY010003477.1	1	11000	24	4782	43.4727	0.789091	30.8	44
CBDDTY010003478.1	1	11000	7	2723	24.7545	0.313545	34.2	35
CBDDTY010003479.1	1	11000	65	7719	70.1727	3.05673	31.4	1.02
CBDDTY010003480.1	1	11000	28	3460	31.4545	0.721091	30.9	18.9
CBDDTY010003481.1	1	11000	12	3534	32.1273	0.507364	28.6	46.3
CBDDTY010003482.1	1	11000	17	5018	45.6182	0.669727	30.7	43.1
CBDDTY010003483.1	1	11000	4	1022	9.29091	0.158818	28.9	38.8
CBDDTY010003484.1	1	11000	22	4691	42.6455	1.14064	30.9	46.5
CBDDTY010003485.1	1	11000	13	4099	37.2636	0.414636	32.2	29.8
CBDDTY010003486.1	1	10894	28	6716	61.6486	1.11502	31.7	56.1
CBDDTY010003487.1	1	10881	6	2078	19.0975	0.190975	29.4	0.333
CBDDTY010003488.1	1	10877	35	8342	76.6939	1.71132	30.4	57.9
CBDDTY010003489.1	1	10760	42	7947	73.8569	1.55409	30.7	48.6
CBDDTY010003490.1	1	10741	38	7480	69.6397	1.50573	31.3	51.3
CBDDTY010003491.1	1	10657	62	6945	65.1684	2.29689	30.1	16
CBDDTY010003492.1	1	10327	7	1120	10.8454	0.117653	27.1	1.71
CBDDTY010003493.1	1	10000	37	5473	54.73	1.3358	29.9	33.9
CBDDTY010003494.1	1	10000	39	3736	37.36	1.3646	31.7	23.2
CBDDTY010003495.1	1	10000	20	5371	53.71	0.7788	31.4	22.7
CBDDTY010003496.1	1	10000	22	4358	43.58	0.6281	30.1	48.3
CBDDTY010003497.1	1	10000	37	6879	68.79	1.5573	29.9	23.2
CBDDTY010003498.1	1	10000	24	7023	70.23	1.4458	31.2	52.5
CBDDTY010003499.1	1	10000	27	6182	61.82	0.9626	30.9	30.1
CBDDTY010003500.1	1	10000	62	7699	76.99	1.9442	29.8	41.5
CBDDTY010003501.1	1	10000	7	2396	23.96	0.3012	32.3	44.9
CBDDTY010003502.1	1	10000	34	6809	68.09	1.2554	31.6	52.5
CBDDTY010003503.1	1	9000	2	427	4.74444	0.0474444	26.5	30
CBDDTY010003504.1	1	9000	45	6165	68.5	1.70233	30.6	21.4
CBDDTY010003505.1	1	9000	20	2834	31.4889	0.738222	30	15.9
CBDDTY010003506.1	1	9000	44	2653	29.4778	1.82733	30.8	50.2
CBDDTY010003507.1	1	9000	2	345	3.83333	0.0453333	29.2	0
CBDDTY010003508.1	1	9000	7	2287	25.4111	0.309444	26.4	0.286
CBDDTY010003509.1	1	9000	27	5535	61.5	1.112	31	54
CBDDTY010003510.1	1	9000	2	734	8.15556	0.116444	25.4	0.5
CBDDTY010003511.1	1	9000	9	1420	15.7778	0.236667	30.1	10.3
CBDDTY010003512.1	1	9000	94	3274	36.3778	3.677	31.2	41.8
CBDDTY010003513.1	1	9000	4	1063	11.8111	0.135444	27.9	3
CBDDTY010003514.1	1	9000	4	977	10.8556	0.142	31	30.8
CBDDTY010003515.1	1	9000	24	6288	69.8667	1.05611	31.6	48.1
CBDDTY010003516.1	1	9000	7	1033	11.4778	0.175222	30.7	24
CBDDTY010003517.1	1	9000	2	538	5.97778	0.0597778	26.8	12.5
CBDDTY010003518.1	1	9000	27	5088	56.5333	1.18033	29.3	35
CBDDTY010003519.1	1	9000	25	4031	44.7889	1.14689	29.2	13.7
CBDDTY010003520.1	1	9000	45	6907	76.7444	2.00322	32.1	34.9
CBDDTY010003521.1	1	9000	21	4834	53.7111	0.727556	29.3	52.4
CBDDTY010003522.1	1	9000	11	2536	28.1778	0.454111	29.6	20.9
CBDDTY010003523.1	1	9000	28	6088	67.6444	1.26611	28.4	43.1
CBDDTY010003524.1	1	9000	27	6193	68.8111	1.09044	31.6	52.6
CBDDTY010003525.1	1	9000	23	5116	56.8444	0.802667	29.4	26.1
CBDDTY010003526.1	1	9000	25	3112	34.5778	1.15811	31.8	18.2
CBDDTY010003527.1	1	9000	8	2375	26.3889	0.274222	31	41.6
CBDDTY010003528.1	1	9000	85	5262	58.4667	3.28033	29.6	9.47
CBDDTY010003529.1	1	9000	35	6610	73.4444	2.01567	29.5	53.1
CBDDTY010003530.1	1	9000	30	3512	39.0222	1.29178	30.6	46
CBDDTY010003531.1	1	8000	13	1885	23.5625	0.315	30.6	24.1
CBDDTY010003532.1	1	8000	25	6788	84.85	1.554	29.1	42
CBDDTY010003533.1	1	8000	10	1450	18.125	0.246125	29.8	19.1
CBDDTY010003534.1	1	8000	17	2024	25.3	0.46775	32.6	22.5
CBDDTY010003535.1	1	8000	9	2713	33.9125	0.48375	30.1	5
CBDDTY010003536.1	1	8000	52	7035	87.9375	2.26375	29.9	30.8
CBDDTY010003537.1	1	8000	16	3302	41.275	0.601	29.8	32.9
CBDDTY010003538.1	1	8000	9	2300	28.75	0.325	29.9	0.222
CBDDTY010003539.1	1	8000	19	2897	36.2125	1.10425	29.7	8.68
CBDDTY010003540.1	1	8000	15	2865	35.8125	0.738	29.6	41.7
CBDDTY010003541.1	1	8000	3	1029	12.8625	0.128625	28.6	20.7
CBDDTY010003542.1	1	8000	30	4129	51.6125	1.54038	31	51
CBDDTY010003543.1	1	8000	38	5387	67.3375	1.76975	31.6	45.1
CBDDTY010003544.1	1	8000	19	2157	26.9625	0.656125	31	3.74
CBDDTY010003545.1	1	8000	4	900	11.25	0.1475	33.4	24
CBDDTY010003546.1	1	8000	18	3046	38.075	0.747125	30.2	39.1
CBDDTY010003547.1	1	8000	10	2221	27.7625	0.427	30.3	23.4
CBDDTY010003548.1	1	8000	41	5995	74.9375	2.50988	31.5	1.59
CBDDTY010003549.1	1	8000	100	5006	62.575	5.6185	30.8	49.2
CBDDTY010003550.1	1	8000	20	3135	39.1875	1.03862	31	9.6
CBDDTY010003551.1	1	8000	31	4289	53.6125	1.058	32.2	3.74
CBDDTY010003552.1	1	8000	56	5092	63.65	2.9595	31.1	24
CBDDTY010003553.1	1	8000	15	2868	35.85	0.68825	30.6	41.5
CBDDTY010003554.1	1	8000	32	6645	83.0625	1.69637	30.8	52.7
CBDDTY010003555.1	1	8000	63	5897	73.7125	3.69825	30.9	24.8
CBDDTY010003556.1	1	8000	13	1648	20.6	0.332875	31.6	12.2
CBDDTY010003557.1	1	8000	8	2047	25.5875	0.29625	28.6	1.38
CBDDTY010003558.1	1	8000	20	2934	36.675	0.555875	33.1	33.9
CBDDTY010003559.1	1	8000	8	1507	18.8375	0.492125	28.6	40.1
CBDDTY010003560.1	1	8000	46	7073	88.4125	2.164	29.9	54.1
CBDDTY010003561.1	1	8000	44	5610	70.125	2.0255	30.2	21.5
CBDDTY010003562.1	1	8000	5	1814	22.675	0.22675	31.2	41.8
CBDDTY010003563.1	1	7000	29	3328	47.5429	1.40771	32.9	18.7
CBDDTY010003564.1	1	7000	7	1248	17.8286	0.326857	30.5	20.3
CBDDTY010003565.1	1	7000	22	3653	52.1857	1.02743	27.3	36.2
CBDDTY010003566.1	1	7000	16	890	12.7143	0.389286	30.8	10.8
CBDDTY010003567.1	1	7000	11	2968	42.4	0.585429	28.3	51.9
CBDDTY010003568.1	1	7000	11	2382	34.0286	0.436143	29.6	33.5
CBDDTY010003569.1	1	7000	29	2868	40.9714	1.65757	29.4	40.1
CBDDTY010003570.1	1	7000	9	1309	18.7	0.295143	32.6	14.3
CBDDTY010003571.1	1	7000	17	2244	32.0571	0.680286	30.8	39.4
CBDDTY010003572.1	1	7000	22	4222	60.3143	1.04443	31.8	27.3
CBDDTY010003573.1	1	7000	33	3269	46.7	2.57557	33.7	34.1
CBDDTY010003574.1	1	7000	26	4110	58.7143	1.19129	28.9	49.4
CBDDTY010003575.1	1	7000	1	933	13.3286	0.133286	23.7	1
CBDDTY010003576.1	1	7000	19	4295	61.3571	1.16057	30.3	30
CBDDTY010003577.1	1	7000	16	3699	52.8429	0.751143	30.6	48.1
CBDDTY010003578.1	1	7000	28	5015	71.6429	1.38443	31.5	53.2
CBDDTY010003579.1	1	7000	28	5696	81.3714	1.49429	30.8	38.4
CBDDTY010003580.1	1	7000	17	4626	66.0857	1.18871	32.2	51.6
CBDDTY010003581.1	1	7000	20	2353	33.6143	0.843714	29.9	9.9
CBDDTY010003582.1	1	7000	5	622	8.88571	0.157286	30.3	0.8
CBDDTY010003583.1	1	7000	15	4251	60.7286	0.975571	30	42.2
CBDDTY010003584.1	1	7000	13	3395	48.5	1.01086	29.6	36.3
CBDDTY010003585.1	1	7000	28	4969	70.9857	1.34143	29.5	27.1
CBDDTY010003586.1	1	7000	53	4137	59.1	2.62729	31.1	7.11
CBDDTY010003587.1	1	7000	19	3417	48.8143	0.764286	32.3	45.1
CBDDTY010003588.1	1	7000	48	5782	82.6	3.13214	28.9	46.5
CBDDTY010003589.1	1	7000	16	2816	40.2286	0.752714	31	21.4
CBDDTY010003591.1	1	7000	14	3369	48.1286	0.663571	31.5	37.3
CBDDTY010003592.1	1	7000	9	1417	20.2429	0.247571	30.6	27.7
CBDDTY010003593.1	1	7000	15	2280	32.5714	0.585286	30.3	31.3
CBDDTY010003594.1	1	7000	4	958	13.6857	0.136857	31.7	2.25
CBDDTY010003595.1	1	7000	20	2583	36.9	0.820286	29.5	16.6
CBDDTY010003596.1	1	7000	10	1994	28.4857	0.481857	30.8	7
CBDDTY010003597.1	1	7000	39	4844	69.2	2.59514	26.5	11.8
CBDDTY010003598.1	1	7000	5	912	13.0286	0.229857	27.2	8.2
CBDDTY010003599.1	1	7000	11	1948	27.8286	0.705	30.1	12.3
CBDDTY010003600.1	1	7000	24	4736	67.6571	1.30943	31.2	50
CBDDTY010003601.1	1	7000	13	3042	43.4571	0.712714	31.8	33.6
CBDDTY010003602.1	1	6000	32	3940	65.6667	1.8695	31.2	46.1
CBDDTY010003603.1	1	6000	61	1427	23.7833	3.46567	29.3	23.6
CBDDTY010003604.1	1	6000	4	668	11.1333	0.1575	33.3	20.5
CBDDTY010003605.1	1	6000	11	3507	58.45	0.6775	32.5	42.7
CBDDTY010003606.1	1	6000	27	4168	69.4667	1.855	30.5	45.7
CBDDTY010003607.1	1	6000	10	2230	37.1667	0.549833	31.2	60
CBDDTY010003608.1	1	6000	61	5668	94.4667	4.54917	31.7	49.3
CBDDTY010003609.1	1	6000	1	247	4.11667	0.0411667	28.3	35
CBDDTY010003610.1	1	6000	12	1130	18.8333	0.4445	31.7	13.2
CBDDTY010003611.1	1	6000	16	2397	39.95	0.771333	31.2	34.4
CBDDTY010003612.1	1	6000	3	1454	24.2333	0.2805	28.5	60
CBDDTY010003613.1	1	6000	25	4027	67.1167	1.325	30.7	36.4
CBDDTY010003614.1	1	6000	13	3343	55.7167	0.776667	29.7	45.6
CBDDTY010003615.1	1	6000	9	1354	22.5667	0.374333	31.7	33.7
CBDDTY010003616.1	1	6000	23	3155	52.5833	1.282	28.5	10.4
CBDDTY010003617.1	1	6000	9	1835	30.5833	0.410667	33.4	38.1
CBDDTY010003618.1	1	6000	48	5781	96.35	3.08383	29.6	49.6
CBDDTY010003619.1	1	6000	7	2298	38.3	0.500833	31.3	43.6
CBDDTY010003620.1	1	6000	27	5652	94.2	2.39417	31.9	38
CBDDTY010003621.1	1	6000	14	4074	67.9	0.860167	28	50.8
CBDDTY010003622.1	1	6000	6	1402	23.3667	0.3345	29.6	37
CBDDTY010003623.1	1	6000	4	1655	27.5833	0.311167	34.5	29.2
CBDDTY010003624.1	1	6000	1	115	1.91667	0.0191667	29.6	11
CBDDTY010003625.1	1	6000	28	3233	53.8833	1.90617	28.1	26.4
CBDDTY010003626.1	1	6000	13	3037	50.6167	0.833333	29.6	40.5
CBDDTY010003627.1	1	6000	30	5299	88.3167	2.1245	30.9	36.7
CBDDTY010003628.1	1	6000	24	4976	82.9333	1.54367	29.7	52.1
CBDDTY010003629.1	1	6000	18	3352	55.8667	1.19567	31.3	49.1
CBDDTY010003630.1	1	6000	15	3360	56	0.891833	31	56.5
CBDDTY010003631.1	1	6000	20	2418	40.3	1.0935	28.1	34
CBDDTY010003632.1	1	6000	18	4364	72.7333	1.50867	31.7	53.4
CBDDTY010003633.1	1	6000	3	1527	25.45	0.2545	28.7	29.3
CBDDTY010003634.1	1	6000	29	5103	85.05	1.99733	31.3	54.4
CBDDTY010003635.1	1	6000	7	2104	35.0667	0.462667	31.2	33.3
CBDDTY010003637.1	1	6000	10	1859	30.9833	0.399833	33	2.6
CBDDTY010003638.1	1	6000	47	2414	40.2333	2.0265	30.2	18.8
CBDDTY010003639.1	1	6000	18	4707	78.45	1.24083	31.9	31.6
CBDDTY010003640.1	1	6000	21	4389	73.15	1.26933	29.8	37.2
CBDDTY010003641.1	1	6000	21	3535	58.9167	1.70183	31.1	25.8
CBDDTY010003642.1	1	6000	2	667	11.1167	0.163667	27.9	30.5
CBDDTY010003643.1	1	6000	17	2034	33.9	0.918833	31.5	13.6
CBDDTY010003645.1	1	6000	9	2279	37.9833	0.654	29.9	23.1
CBDDTY010003646.1	1	6000	6	602	10.0333	0.211333	29.9	15
CBDDTY010003647.1	1	6000	16	2047	34.1167	0.994333	32.8	15.8
CBDDTY010003648.1	1	6000	10	2701	45.0167	0.6005	32.1	48.2
CBDDTY010003649.1	1	6000	5	1678	27.9667	0.346833	28.4	40.4
CBDDTY010003650.1	1	6000	59	3699	61.65	3.83667	28.5	54.1
CBDDTY010003651.1	1	6000	27	2510	41.8333	2.05483	30.7	5.93
CBDDTY010003652.1	1	6000	41	5369	89.4833	2.87767	29.6	47.5
CBDDTY010003653.1	1	6000	21	2772	46.2	1.4015	29.4	21.8
CBDDTY010003654.1	1	6000	3	1502	25.0333	0.3275	30.6	32.3
CBDDTY010003655.1	1	6000	1	282	4.7	0.047	31.6	36
CBDDTY010003656.1	1	6000	17	4397	73.2833	1.18017	33.1	48
CBDDTY010003657.1	1	6000	2	263	4.38333	0.045	31.5	30.5
CBDDTY010003658.1	1	6000	15	2687	44.7833	0.712667	31	54.4
CBDDTY010003659.1	1	5000	7	2399	47.98	0.7458	30.6	56.9
CBDDTY010003660.1	1	5000	11	2068	41.36	0.7982	31.4	32.6
CBDDTY010003661.1	1	5000	27	4468	89.36	2.1434	29.8	53.3
CBDDTY010003662.1	1	5000	4	1340	26.8	0.5002	32.6	45
CBDDTY010003663.1	1	5000	7	1745	34.9	0.7126	34.9	18.1
CBDDTY010003664.1	1	5000	7	1678	33.56	0.4566	36.4	49.6
CBDDTY010003665.1	1	5000	8	1378	27.56	0.8188	32.4	44.6
CBDDTY010003666.1	1	5000	18	3756	75.12	1.3528	31.8	55.8
CBDDTY010003667.1	1	5000	5	946	18.92	0.2594	32.3	21.6
CBDDTY010003668.1	1	5000	11	2709	54.18	0.9966	33.5	34.5
CBDDTY010003669.1	1	5000	11	1030	20.6	1.0956	31.9	2.64
CBDDTY010003670.1	1	5000	27	4031	80.62	2.697	31.6	28.6
CBDDTY010003671.1	1	5000	5	1586	31.72	0.4434	29.1	6.6
CBDDTY010003672.1	1	5000	4	342	6.84	0.191	27.8	57.5
CBDDTY010003673.1	1	5000	24	4630	92.6	2.3596	30.2	53
CBDDTY010003674.1	1	5000	23	2863	57.26	1.7298	32.8	26.4
CBDDTY010003675.1	1	5000	9	2219	44.38	0.7344	32.3	41.6
CBDDTY010003677.1	1	5000	1	115	2.3	0.023	25.7	5
CBDDTY010003678.1	1	5000	6	2059	41.18	0.5068	29.2	25.2
CBDDTY010003679.1	1	5000	22	3702	74.04	1.6118	26	15.8
CBDDTY010003680.1	1	5000	1	147	2.94	0.0294	28.5	1
CBDDTY010003681.1	1	5000	14	2396	47.92	0.8252	31.6	44.2
CBDDTY010003682.1	1	5000	4	606	12.12	0.1878	29.5	2.5
CBDDTY010003683.1	1	5000	10	2585	51.7	0.6186	28.6	49.5
CBDDTY010003684.1	1	5000	14	1829	36.58	0.5532	30.7	5.93
CBDDTY010003685.1	1	5000	7	2069	41.38	0.5836	32.4	34.3
CBDDTY010003686.1	1	5000	15	2512	50.24	1.1014	30.8	34.3
CBDDTY010003687.1	1	5000	3	853	17.06	0.2122	35.4	1
CBDDTY010003688.1	1	5000	22	3097	61.94	1.1998	28.4	32.3
CBDDTY010003689.1	1	5000	8	1544	30.88	0.5622	26.7	39.8
CBDDTY010003690.1	1	5000	16	3515	70.3	1.431	34.2	44.6
CBDDTY010003691.1	1	5000	27	3712	74.24	1.9356	31.3	29.7
CBDDTY010003692.1	1	5000	17	4107	82.14	1.2474	28.5	45.7
CBDDTY010003693.1	1	5000	4	515	10.3	0.1308	30	1.25
CBDDTY010003694.1	1	5000	2	427	8.54	0.0854	28.7	0.5
CBDDTY010003695.1	1	5000	10	3020	60.4	0.747	30.5	50.1
CBDDTY010003696.1	1	5000	13	2196	43.92	0.733	33.6	53.5
CBDDTY010003697.1	1	5000	6	1750	35	0.4192	27.1	30.7
CBDDTY010003698.1	1	5000	21	3606	72.12	1.9094	28.6	23.1
CBDDTY010003699.1	1	4200	11	2473	58.881	1.17833	30.4	51.6
CBDDTY010003700.1	1	5000	7	2380	47.6	0.5536	33.7	36.3
CBDDTY010003701.1	1	5000	9	1589	31.78	0.4756	32.3	19.1
CBDDTY010003702.1	1	5000	1	50	1	0.01	34.1	1
CBDDTY010003703.1	1	5000	11	3458	69.16	1.021	30.9	55.5
CBDDTY010003704.1	1	5000	10	3690	73.8	1.1412	30.5	55.4
CBDDTY010003705.1	1	5000	10	2042	40.84	0.7372	30.2	42.3
CBDDTY010003706.1	1	5000	11	2779	55.58	0.9308	33.2	36.2
CBDDTY010003707.1	1	5000	4	1641	32.82	0.3282	27.3	52.8
CBDDTY010003708.1	1	5000	4	1484	29.68	0.4796	27.2	60
CBDDTY010003709.1	1	5000	8	2322	46.44	0.5986	28.9	52.6
CBDDTY010003710.1	1	5000	29	3504	70.08	2.1616	29.8	33.8
CBDDTY010003711.1	1	5000	1	1074	21.48	0.2148	25.9	2
CBDDTY010003712.1	1	5000	10	1518	30.36	1.1728	30	26.2
CBDDTY010003713.1	1	5000	21	3448	68.96	1.7412	31.5	36.2
CBDDTY010003714.1	1	5000	37	3821	76.42	3.5962	30.2	26.6
CBDDTY010003715.1	1	5000	7	1849	36.98	0.7054	26.6	13.9
CBDDTY010003716.1	1	5000	2	599	11.98	0.1198	37.8	12.5
CBDDTY010003717.1	1	5000	34	3999	79.98	2.8286	30.1	10.3
CBDDTY010003718.1	1	5000	11	1806	36.12	0.5532	29.6	24.9
CBDDTY010003719.1	1	5000	11	2674	53.48	0.6424	31.7	37.8
CBDDTY010003720.1	1	5000	5	1320	26.4	0.3032	31.2	14.8
CBDDTY010003721.1	1	5000	47	4639	92.78	3.769	31.7	52.2
CBDDTY010003722.1	1	5000	11	2276	45.52	0.6648	31.2	37.9
CBDDTY010003723.1	1	5000	82	4996	99.92	7.1476	29.6	52.4
CBDDTY010003724.1	1	5000	8	1120	22.4	0.783	31.2	50.1
CBDDTY010003725.1	1	5000	6	1171	23.42	0.456	33.1	40.3
CBDDTY010003726.1	1	5000	1	765	15.3	0.153	30.3	60
CBDDTY010003727.1	1	5000	1	195	3.9	0.039	37.8	60
CBDDTY010003728.1	1	5000	11	1665	33.3	1.1398	26.3	34.5
CBDDTY010003729.1	1	5000	6	726	14.52	0.2198	30.9	31
CBDDTY010003730.1	1	5000	53	4742	94.84	4.6762	30.5	46
CBDDTY010003731.1	1	5000	9	1660	33.2	0.5684	31.3	39.2
CBDDTY010003732.1	1	5000	56	2527	50.54	2.8774	30.2	7.95
CBDDTY010003733.1	1	5000	15	3411	68.22	1.1646	31.5	59.3
CBDDTY010003734.1	1	5000	1	172	3.44	0.0344	33.4	1
CBDDTY010003735.1	1	5000	2	1777	35.54	0.3554	32.4	60
CBDDTY010003736.1	1	5000	5	1980	39.6	0.4274	30.4	13.6
CBDDTY010003737.1	1	4000	19	3752	93.8	2.51825	32.4	57.4
CBDDTY010003738.1	1	4000	16	3316	82.9	1.53775	30.8	52
CBDDTY010003739.1	1	4000	18	2708	67.7	1.65875	28.7	49.7
CBDDTY010003740.1	1	4000	7	2408	60.2	0.66675	29.5	47.6
CBDDTY010003741.1	1	4000	10	2161	54.025	1.03725	31.2	32.2
CBDDTY010003742.1	1	4000	15	3307	82.675	1.79225	31.8	49.2
CBDDTY010003745.1	1	4000	7	1634	40.85	0.567	31.4	44.9
CBDDTY010003746.1	1	4000	111	3958	98.95	12.2142	30.5	46.6
CBDDTY010003747.1	1	4000	7	856	21.4	0.48025	32.3	1.71
CBDDTY010003748.1	1	4000	4	1736	43.4	0.53325	30.8	32.2
CBDDTY010003749.1	1	4000	15	2465	61.625	1.1275	31.8	54.2
CBDDTY010003750.1	1	4000	12	2897	72.425	1.26375	31.5	23.3
CBDDTY010003751.1	1	4000	8	1466	36.65	0.83325	30.9	9.62
CBDDTY010003752.1	1	4000	15	2658	66.45	1.0965	29.6	19.1
CBDDTY010003753.1	1	4000	6	1391	34.775	0.461	28.7	46.7
CBDDTY010003754.1	1	4000	60	3653	91.325	5.1975	30.2	22.9
CBDDTY010003755.1	1	4000	84	3284	82.1	7.8895	30.7	31.8
CBDDTY010003756.1	1	4000	15	3052	76.3	1.60975	32.4	36.5
CBDDTY010003757.1	1	4000	12	1879	46.975	0.986	32.7	54.2
CBDDTY010003758.1	1	4000	27	3612	90.3	2.39475	31.4	57.2
CBDDTY010003759.1	1	4000	6	898	22.45	0.38475	30.2	30.2
CBDDTY010003760.1	1	4000	1	357	8.925	0.08925	29.4	49
CBDDTY010003762.1	1	4000	6	1436	35.9	0.51975	28.2	30.5
CBDDTY010003763.1	1	4000	14	3050	76.25	1.34625	30.4	55.3
CBDDTY010003764.1	1	4000	10	1166	29.15	0.695	31.3	10.9
CBDDTY010003765.1	1	4000	13	1214	30.35	1.2865	31.7	50.4
CBDDTY010003766.1	1	4000	5	1762	44.05	0.54025	29.8	43.8
CBDDTY010003767.1	1	4000	2	822	20.55	0.2055	32.6	60
CBDDTY010003768.1	1	4000	6	1576	39.4	0.54125	32.2	35.7
CBDDTY010003769.1	1	4000	6	1075	26.875	0.38725	29.4	16.2
CBDDTY010003770.1	1	4000	10	2059	51.475	0.9745	31.7	23.2
CBDDTY010003771.1	1	4000	19	1508	37.7	1.752	28.8	8.42
CBDDTY010003772.1	1	4000	5	844	21.1	0.28225	28	53.4
CBDDTY010003773.1	1	4000	16	3326	83.15	1.87625	31.7	49.8
CBDDTY010003774.1	1	4000	9	2001	50.025	0.81125	30.2	37.8
CBDDTY010003775.1	1	4000	16	2169	54.225	1.3275	30.4	30.7
CBDDTY010003776.1	1	4000	3	590	14.75	0.16175	35.8	22
CBDDTY010003777.1	1	4000	6	748	18.7	0.409	33.3	30.2
CBDDTY010003778.1	1	4000	10	1735	43.375	0.521	31.6	14.4
CBDDTY010003779.1	1	4000	2	295	7.375	0.09175	26.7	9.5
CBDDTY010003780.1	1	4000	1	469	11.725	0.11725	26.7	0
CBDDTY010003781.1	1	4000	11	977	24.425	0.568	32.4	8.45
CBDDTY010003782.1	1	4000	3	894	22.35	0.2235	28.7	5.33
CBDDTY010003783.1	1	4000	15	2867	71.675	1.264	33.2	40.9
CBDDTY010003784.1	1	4000	11	2284	57.1	0.9295	31.4	9.91
CBDDTY010003785.1	1	4000	26	3588	89.7	2.61425	32.2	50.5
CBDDTY010003786.1	1	4000	18	3297	82.425	1.49025	29.1	53.3
CBDDTY010003787.1	1	4000	5	929	23.225	0.37225	26.1	48
CBDDTY010003788.1	1	4000	17	3495	87.375	1.89625	32.7	53.6
CBDDTY010003789.1	1	4000	9	1804	45.1	0.65425	29.5	34.3
CBDDTY010003790.1	1	4000	6	1836	45.9	0.5825	29.7	44.7
CBDDTY010003791.1	1	4000	9	2342	58.55	1.1225	26.9	23.8
CBDDTY010003792.1	1	4000	10	597	14.925	0.33375	28.8	0.6
CBDDTY010003793.1	1	4000	6	928	23.2	0.32425	31.4	16.7
CBDDTY010003794.1	1	4000	12	2667	66.675	1.4165	29.6	56.6
CBDDTY010003795.1	1	4000	1	180	4.5	0.045	29.7	1
CBDDTY010003796.1	1	4000	60	3834	95.85	6.5195	29.6	13.4
CBDDTY010003797.1	1	4000	11	2317	57.925	1.09925	27.3	47.1
CBDDTY010003798.1	1	4000	86	3926	98.15	7.9375	30.8	48.3
CBDDTY010003799.1	1	4000	5	1386	34.65	0.5655	34	60
CBDDTY010003800.1	1	4000	10	1493	37.325	0.63075	29.1	17.3
CBDDTY010003801.1	1	4000	18	3223	80.575	1.712	28.8	49.1
CBDDTY010003802.1	1	4000	25	3728	93.2	2.34225	30.4	34.6
CBDDTY010003803.1	1	4000	17	1993	49.825	1.802	30.5	47.2
CBDDTY010003804.1	1	4000	14	2480	62	1.2105	31.2	35.9
CBDDTY010003805.1	1	4000	13	1652	41.3	0.9855	30	42.2
CBDDTY010003806.1	1	4000	9	2149	53.725	0.827	30.2	43.2
CBDDTY010003807.1	1	4000	6	950	23.75	0.721	32.4	40.2
CBDDTY010003808.1	1	4000	1	126	3.15	0.0315	28.5	0
CBDDTY010003810.1	1	4000	13	3567	89.175	1.39775	31.5	50.9
CBDDTY010003811.1	1	4000	9	2345	58.625	0.7995	32.6	41.6
CBDDTY010003812.1	1	4000	5	1211	30.275	0.44425	32.5	39.8
CBDDTY010003813.1	1	4000	22	3259	81.475	2.565	33	47.1
CBDDTY010003814.1	1	4000	25	2992	74.8	1.90725	30.1	44.7
CBDDTY010003815.1	1	4000	54	3826	95.65	5.08575	31.9	36.2
CBDDTY010003816.1	1	4000	9	1977	49.425	1.15825	29.2	60
CBDDTY010003817.1	1	4000	8	1700	42.5	0.8245	30.6	57.6
CBDDTY010003818.1	1	4000	9	1988	49.7	0.934	29.9	51.6
CBDDTY010003819.1	1	4000	5	972	24.3	0.3015	26.4	44.6
CBDDTY010003820.1	1	4000	2	678	16.95	0.1695	33.5	30.5
CBDDTY010003821.1	1	4000	3	753	18.825	0.18825	31.7	0.333
CBDDTY010003822.1	1	4000	9	1152	28.8	0.34525	29.1	12.1
CBDDTY010003823.1	1	4000	10	1778	44.45	0.6445	30.4	51.3
CBDDTY010003824.1	1	4000	8	1680	42	0.49675	30.2	44.1
CBDDTY010003825.1	1	4000	13	1717	42.925	1.0745	29.3	25.5
CBDDTY010003826.1	1	4000	18	3259	81.475	1.668	29.9	56.7
CBDDTY010003827.1	1	4000	7	2296	57.4	0.8105	29.4	44.6
CBDDTY010003828.1	1	4000	10	1274	31.85	1.00125	32.9	40.6
CBDDTY010003829.1	1	4000	5	1197	29.925	0.62975	25.9	51.6
CBDDTY010003830.1	1	4000	1	251	6.275	0.06275	39.7	9
CBDDTY010003831.1	1	4000	6	1196	29.9	0.509	31	50
CBDDTY010003832.1	1	4000	37	3842	96.05	4.01825	30.4	15.5
CBDDTY010003833.1	1	4000	11	2750	68.75	1.07075	29.4	57.3
CBDDTY010003834.1	1	4000	7	663	16.575	0.4005	32.4	29.7
CBDDTY010003835.1	1	4000	9	2220	55.5	1.08525	31.8	4.44
CBDDTY010003836.1	1	4000	8	2150	53.75	0.82225	26.7	28.1
CBDDTY010003837.1	1	4000	1	361	9.025	0.09025	26.4	1
CBDDTY010003838.1	1	4000	41	2720	68	4.3755	30.3	24.5
CBDDTY010003839.1	1	4000	10	1800	45	0.75125	29.6	42.8
CBDDTY010003840.1	1	4000	9	2076	51.9	0.87575	29.6	50
CBDDTY010003841.1	1	4000	29	2364	59.1	2.7285	31.3	14.2
CBDDTY010003842.1	1	4000	6	2057	51.425	0.62275	31.5	50.3
CBDDTY010003843.1	1	4000	21	2644	66.1	2.39025	30.1	35.1
CBDDTY010003845.1	1	4000	30	3142	78.55	2.9385	30.6	12.6
CBDDTY010003846.1	1	4000	35	2958	73.95	3.5695	31.3	25.3
CBDDTY010003847.1	1	4000	10	2285	57.125	1.00425	32.1	47
CBDDTY010003848.1	1	4000	9	1994	49.85	0.71675	31.2	46.9
CBDDTY010003849.1	1	4000	6	1083	27.075	0.463	29.9	5.5
CBDDTY010003850.1	1	4000	9	2856	71.4	1.1975	31	54.3
CBDDTY010003851.1	1	4000	3	550	13.75	0.14425	28.4	4
CBDDTY010003852.1	1	4000	46	3103	77.575	4.44125	29.3	45.6
CBDDTY010003853.1	1	4000	31	2657	66.425	2.4305	28.7	39.4
CBDDTY010003854.1	1	4000	15	1386	34.65	0.872	29	9.73
CBDDTY010003855.1	1	4000	1	430	10.75	0.1075	30.5	60
CBDDTY010003856.1	1	4000	12	3304	82.6	1.68075	30.6	42.8
CBDDTY010003857.1	1	4000	35	3986	99.65	3.87925	30	40.5
CBDDTY010003858.1	1	4000	11	2029	50.725	0.80375	30.3	53.6
CBDDTY010003859.1	1	4000	1	181	4.525	0.04525	35	22
CBDDTY010003860.1	1	4000	35	3252	81.3	3.1145	32.1	51.9
CBDDTY010003861.1	1	4000	3	1269	31.725	0.389	29.4	58.3
CBDDTY010003862.1	1	4000	9	2785	69.625	1.015	28.9	46.9
CBDDTY010003863.1	1	4000	1	158	3.95	0.0395	35	56
CBDDTY010003865.1	1	4000	29	3610	90.25	3.1705	29.3	42
CBDDTY010003866.1	1	4000	2	591	14.775	0.21225	28.4	60
CBDDTY010003867.1	1	4000	3	285	7.125	0.20975	34.4	52.7
CBDDTY010003868.1	1	4000	14	1608	40.2	1.10475	29.6	3.14
CBDDTY010003869.1	1	4000	18	3579	89.475	1.7545	29.6	54.3
CBDDTY010003870.1	1	4000	4	852	21.3	0.213	32.3	3.25
CBDDTY010003871.1	1	4000	3	871	21.775	0.242	25.6	45
CBDDTY010003872.1	1	4000	61	1246	31.15	4.8375	30.8	12.5
CBDDTY010003873.1	1	3000	8	1359	45.3	0.950667	30.1	35.9
CBDDTY010003874.1	1	3000	34	2404	80.1333	5.27433	29.9	53.7
CBDDTY010003875.1	1	3000	10	1772	59.0667	0.958667	29.6	4.7
CBDDTY010003876.1	1	3000	2	250	8.33333	0.0833333	28.9	4.5
CBDDTY010003877.1	1	3000	3	964	32.1333	0.622667	30.3	55
CBDDTY010003878.1	1	3000	5	1221	40.7	0.548	31.7	15.6
CBDDTY010003879.1	1	3000	9	2177	72.5667	1.48367	29.7	46.7
CBDDTY010003880.1	1	3000	4	731	24.3667	0.309667	22.4	1
CBDDTY010003881.1	1	3000	30	2825	94.1667	3.78767	34.6	39
CBDDTY010003883.1	1	3000	8	1395	46.5	0.983	30.5	48.8
CBDDTY010003884.1	1	3000	6	1699	56.6333	0.896	28.1	60
CBDDTY010003885.1	1	3000	9	1363	45.4333	0.938	30.5	28.1
CBDDTY010003886.1	1	3000	20	1135	37.8333	2.21067	32.6	18.2
CBDDTY010003888.1	1	3000	8	1359	45.3	0.874333	34.2	53.6
CBDDTY010003889.1	1	3000	9	2274	75.8	1.17567	30.6	49.1
CBDDTY010003890.1	1	3000	5	1331	44.3667	0.881333	36.4	48.2
CBDDTY010003892.1	1	3000	8	1862	62.0667	1.304	31.4	45.9
CBDDTY010003893.1	1	3000	6	2553	85.1	0.975667	32.9	44.8
CBDDTY010003894.1	1	3000	18	2926	97.5333	2.07267	28.7	46.8
CBDDTY010003895.1	1	3000	32	2980	99.3333	3.82333	30.3	53.7
CBDDTY010003896.1	1	3000	9	1319	43.9667	1.01233	30.4	31.2
CBDDTY010003898.1	1	3000	7	1835	61.1667	0.892333	31.2	2
CBDDTY010003900.1	1	3000	4	757	25.2333	0.252333	26.2	15.8
CBDDTY010003901.1	1	3000	9	1947	64.9	0.874333	29.8	47.6
CBDDTY010003902.1	1	3000	3	865	28.8333	0.453	33.8	45
CBDDTY010003903.1	1	3000	3	1351	45.0333	0.506333	30.1	22
CBDDTY010003904.1	1	3000	23	2598	86.6	3.21467	31	56.1
CBDDTY010003905.1	1	3000	14	2018	67.2667	2.021	29.2	30.4
CBDDTY010003906.1	1	3000	5	757	25.2333	0.349333	30.9	59.2
CBDDTY010003907.1	1	3000	3	1249	41.6333	0.551	28.4	4.67
CBDDTY010003908.1	1	3000	3	592	19.7333	0.245	31.1	0.333
CBDDTY010003909.1	1	3000	12	2599	86.6333	1.77467	28.8	53.9
CBDDTY010003910.1	1	3000	9	1447	48.2333	0.971333	31.7	38.3
CBDDTY010003911.1	1	3000	1	174	5.8	0.058	32	1
CBDDTY010003912.1	1	3000	13	2195	73.1667	1.88133	30.7	59.2
CBDDTY010003913.1	1	3000	5	1948	64.9333	0.825	27.5	60
CBDDTY010003914.1	1	3000	12	2796	93.2	2.206	31	50.7
CBDDTY010003916.1	1	3000	11	1968	65.6	1.43767	31.9	33.7
CBDDTY010003917.1	1	3000	11	2631	87.7	1.24	33.5	54.3
CBDDTY010003918.1	1	3000	4	633	21.1	0.276	21.7	1
CBDDTY010003919.1	1	3000	7	1930	64.3333	0.860333	30	38.6
CBDDTY010003920.1	1	3000	1	901	30.0333	0.300333	31.1	55
CBDDTY010003921.1	1	3000	13	2074	69.1333	1.59467	33.7	12.6
CBDDTY010003922.1	1	3000	11	2029	67.6333	1.04	32.2	53.7
CBDDTY010003923.1	1	3000	7	2130	71	0.995333	30.9	59.3
CBDDTY010003924.1	1	3000	5	798	26.6	0.489	32.6	24.4
CBDDTY010003925.1	1	3000	4	842	28.0667	0.436333	34.4	19.5
CBDDTY010003926.1	1	3000	1	422	14.0667	0.140667	30.8	1
CBDDTY010003927.1	1	3000	9	1759	58.6333	1.36267	29.5	25.4
CBDDTY010003928.1	1	3000	5	1289	42.9667	0.632333	33	5.2
CBDDTY010003929.1	1	3000	12	2047	68.2333	1.68367	32.6	38.2
CBDDTY010003930.1	1	3000	1	128	4.26667	0.0426667	27.2	1
CBDDTY010003931.1	1	3000	6	1871	62.3667	1.01	27	47.7
CBDDTY010003932.1	1	3000	4	488	16.2667	0.2	33.7	4.25
CBDDTY010003933.1	1	3000	4	988	32.9333	0.549	30.9	15.8
CBDDTY010003934.1	1	3000	6	1272	42.4	0.729333	28.5	36.5
CBDDTY010003935.1	1	3000	26	1508	50.2667	2.88367	31.3	14.5
CBDDTY010003936.1	1	3000	15	1510	50.3333	2.30267	34.3	6.27
CBDDTY010003937.1	1	3000	14	2499	83.3	2.31233	27.7	58.3
CBDDTY010003938.1	1	3000	6	1631	54.3667	1.175	34.1	50.2
CBDDTY010003939.1	1	3000	14	2226	74.2	1.789	29.6	13.3
CBDDTY010003941.1	1	3000	1	182	6.06667	0.0606667	33.1	1
CBDDTY010003942.1	1	3000	29	2219	73.9667	3.43133	31.5	49.2
CBDDTY010003943.1	1	3000	6	1591	53.0333	0.646667	32.9	31
CBDDTY010003944.1	1	3000	10	1575	52.5	1.59367	27.9	52
CBDDTY010003945.1	1	3000	6	1689	56.3	0.741667	29.9	52.5
CBDDTY010003946.1	1	3000	280	2835	94.5	57.8737	32.8	2
CBDDTY010003947.1	1	3000	7	2012	67.0667	1.14567	30.3	60
CBDDTY010003948.1	1	3000	3	607	20.2333	0.552333	27.6	32
CBDDTY010003949.1	1	3000	1	1353	45.1	0.451	34.1	60
CBDDTY010003950.1	1	3000	3	519	17.3	0.173	31.8	56
CBDDTY010003951.1	1	3000	3	908	30.2667	0.327667	31.3	42.7
CBDDTY010003952.1	1	3000	5	2419	80.6333	1.276	29.8	59.4
CBDDTY010003953.1	1	3000	3	1047	34.9	0.399667	31.5	4.33
CBDDTY010003954.1	1	3000	1	67	2.23333	0.0223333	38.7	44
CBDDTY010003955.1	1	3000	11	1752	58.4	1.38967	29.7	24.1
CBDDTY010003956.1	1	3000	1	194	6.46667	0.0646667	32.5	60
CBDDTY010003957.1	1	3000	5	719	23.9667	0.484667	32.9	42.2
CBDDTY010003958.1	1	3000	15	2645	88.1667	1.51	32	24.8
CBDDTY010003959.1	1	3000	3	781	26.0333	0.531333	20.5	42.3
CBDDTY010003960.1	1	3000	13	2206	73.5333	1.26567	31.9	50.8
CBDDTY010003961.1	1	3000	14	2583	86.1	2.17133	31.2	56.7
CBDDTY010003962.1	1	3000	16	2429	80.9667	1.579	31.7	34.9
CBDDTY010003963.1	1	3000	15	1557	51.9	1.64567	30.6	13.7
CBDDTY010003964.1	1	3000	12	2461	82.0333	1.34767	27.6	43.2
CBDDTY010003965.1	1	3000	36	2439	81.3	3.78633	32.1	15.9
CBDDTY010003966.1	1	3000	4	759	25.3	0.324667	28	37
CBDDTY010003967.1	1	3000	3	550	18.3333	0.463667	28.2	37.3
CBDDTY010003968.1	1	3000	48	2998	99.9333	6.31233	29.2	53.7
CBDDTY010003969.1	1	3000	3	542	18.0667	0.399	31.5	1
CBDDTY010003970.1	1	3000	6	930	31	0.446667	30.6	28.2
CBDDTY010003971.1	1	3000	1	122	4.06667	0.0406667	25	4
CBDDTY010003972.1	1	3000	6	760	25.3333	0.473	31	10.8
CBDDTY010003973.1	1	3000	2	619	20.6333	0.206333	26.8	2
CBDDTY010003974.1	1	3000	4	1753	58.4333	0.584333	29.6	15.8
CBDDTY010003975.1	1	3000	7	1380	46	0.835667	32.3	51.3
CBDDTY010003976.1	1	3000	9	1437	47.9	0.849667	29.8	54.6
CBDDTY010003977.1	1	3000	6	618	20.6	0.489333	26.5	41.2
CBDDTY010003978.1	1	3000	37	1478	49.2667	3.25433	29.9	13.4
CBDDTY010003979.1	1	3000	3	1025	34.1667	0.469333	25.7	60
CBDDTY010003981.1	1	3000	22	2018	67.2667	2.52933	31.5	7.27
CBDDTY010003982.1	1	3000	9	1575	52.5	1.176	31.9	12.2
CBDDTY010003983.1	1	3000	8	1725	57.5	1.01367	28.5	28.5
CBDDTY010003984.1	1	3000	8	1182	39.4	1.31733	32.5	1.5
CBDDTY010003985.1	1	3000	23	2766	92.2	2.62733	31.2	47
CBDDTY010003986.1	1	3000	10	1141	38.0333	1.11167	29.4	10.1
CBDDTY010003987.1	1	3000	6	1638	54.6	0.852	33.8	45
CBDDTY010003988.1	1	3000	24	2478	82.6	2.38167	29.7	23.2
CBDDTY010003989.1	1	3000	2	294	9.8	0.098	28.4	4
CBDDTY010003990.1	1	3000	20	2515	83.8333	2.96367	29.1	44.5
CBDDTY010003991.1	1	3000	6	1437	47.9	0.867667	31.8	58
CBDDTY010003992.1	1	3000	13	2569	85.6333	1.62767	31.6	37.2
CBDDTY010003993.1	1	3000	5	467	15.5667	0.328333	26.6	8.2
CBDDTY010003994.1	1	3000	5	1768	58.9333	0.76	34.8	39.4
CBDDTY010003995.1	1	3000	6	1763	58.7667	0.685333	33.5	50.8
CBDDTY010003997.1	1	3000	8	1516	50.5333	0.811	28	48.1
CBDDTY010003998.1	1	3000	3	590	19.6667	0.25	27.1	57
CBDDTY010003999.1	1	3000	5	1077	35.9	0.461667	32.3	41.8
CBDDTY010004000.1	1	3000	15	2630	87.6667	1.753	31.1	55.3
CBDDTY010004001.1	1	3000	27	2910	97	3.52633	30.7	56.9
CBDDTY010004002.1	1	3000	57	2999	99.9667	7.85367	29.1	53.7
CBDDTY010004003.1	1	3000	4	685	22.8333	0.36	32.8	46.2
CBDDTY010004004.1	1	3000	4	594	19.8	0.355333	30	0.75
CBDDTY010004006.1	1	3000	3	435	14.5	0.286333	30.9	11.3
CBDDTY010004007.1	1	3000	11	1855	61.8333	1.147	28.6	31.7
CBDDTY010004008.1	1	3000	7	1357	45.2333	1.04233	30.7	57.6
CBDDTY010004009.1	1	3000	23	2868	95.6	3.349	29.1	44.6
CBDDTY010004010.1	1	3000	3	772	25.7333	0.257333	32.1	43
CBDDTY010004011.1	1	3000	2	332	11.0667	0.110667	30.1	0.5
CBDDTY010004013.1	1	3000	8	1394	46.4667	0.851667	31.5	46.8
CBDDTY010004014.1	1	3000	18	1878	62.6	1.89833	28.7	55.8
CBDDTY010004015.1	1	3000	7	1766	58.8667	1.076	31.7	51
CBDDTY010004016.1	1	3000	9	1756	58.5333	1.086	31	56
CBDDTY010004017.1	1	3000	25	2326	77.5333	2.73933	29.5	55.5
CBDDTY010004018.1	1	3000	33	2533	84.4333	4.15133	31.2	14.3
CBDDTY010004019.1	1	3000	5	548	18.2667	0.433667	34.9	57
CBDDTY010004020.1	1	3000	6	2450	81.6667	1.06267	29.6	50.7
CBDDTY010004021.1	1	3000	3	856	28.5333	0.401333	33.6	20.3
CBDDTY010004022.1	1	3000	2	466	15.5333	0.155333	33.2	1
CBDDTY010004023.1	1	3000	4	1239	41.3	0.642333	33.6	37
CBDDTY010004025.1	1	3000	2	1075	35.8333	0.358333	26.8	60
CBDDTY010004026.1	1	3000	19	2274	75.8	2.40433	29.1	56
CBDDTY010004027.1	1	3000	8	2126	70.8667	1.20167	32.2	58.1
CBDDTY010004028.1	1	3000	1	182	6.06667	0.0606667	35.1	1
CBDDTY010004029.1	1	3000	15	1753	58.4333	1.63867	31.4	42.7
CBDDTY010004030.1	1	3000	11	1376	45.8667	1.00867	29.1	34.3
CBDDTY010004031.1	1	3000	2	355	11.8333	0.157667	30.8	20.5
CBDDTY010004032.1	1	3000	7	1622	54.0667	1.14067	30.1	17.1
CBDDTY010004033.1	1	3000	2	367	12.2333	0.122333	27.6	30.5
CBDDTY010004034.1	1	3000	131	2657	88.5667	19.1293	28	7.11
CBDDTY010004035.1	1	3000	3	399	13.3	0.151667	28.5	0.333
CBDDTY010004036.1	1	3000	18	1551	51.7	1.65267	31.6	22.1
CBDDTY010004037.1	1	3000	11	1236	41.2	1.09133	29.8	5.82
CBDDTY010004038.1	1	3000	9	820	27.3333	0.606667	33.2	28.4
CBDDTY010004039.1	1	3000	3	649	21.6333	0.324667	33.7	0.667
CBDDTY010004040.1	1	3000	10	1974	65.8	1.22967	30.7	45.5
CBDDTY010004041.1	1	3000	5	1046	34.8667	0.440667	26.9	44.4
CBDDTY010004042.1	1	3000	3	1191	39.7	0.411333	31.9	48.7
CBDDTY010004043.1	1	3000	2	421	14.0333	0.140333	33.1	1
CBDDTY010004044.1	1	3000	4	891	29.7	0.651333	29.6	60
CBDDTY010004046.1	1	3000	4	547	18.2333	0.308	29.3	2.25
CBDDTY010004047.1	1	3000	3	2021	67.3667	0.691333	31.1	20.7
CBDDTY010004048.1	1	3000	9	1187	39.5667	0.881	28.4	54.8
CBDDTY010004049.1	1	3000	64	827	27.5667	6.36967	30.5	15
CBDDTY010004050.1	1	3000	8	1580	52.6667	0.940667	34.1	49.4
CBDDTY010004051.1	1	3000	8	1592	53.0667	0.942333	32.4	17.8
CBDDTY010004052.1	1	3000	20	2329	77.6333	2.35333	31.8	30.8
CBDDTY010004053.1	1	3000	7	1849	61.6333	1.02533	27.1	59.7
CBDDTY010004054.1	1	3000	5	1352	45.0667	0.721	27.4	60
CBDDTY010004055.1	1	3000	1	570	19	0.19	30.8	60
CBDDTY010004056.1	1	3000	3	633	21.1	0.211	29.3	13
CBDDTY010004057.1	1	3000	1	349	11.6333	0.116333	32.6	60
CBDDTY010004059.1	1	3000	5	1125	37.5	0.497	27.8	56.2
CBDDTY010004061.1	1	3000	7	1246	41.5333	0.641333	31.6	8.86
CBDDTY010004062.1	1	3000	18	2925	97.5	3.51633	30.7	55.3
CBDDTY010004063.1	1	3000	4	647	21.5667	0.439333	27.5	25.8
CBDDTY010004064.1	1	3000	85	3000	100	11.3437	31.7	56.1
CBDDTY010004065.1	1	3000	5	1576	52.5333	0.653	31.8	24.8
CBDDTY010004066.1	1	3000	2	358	11.9333	0.119333	28.3	14
CBDDTY010004067.1	1	3000	6	2037	67.9	1.009	30	44.5
CBDDTY010004068.1	1	3000	9	1504	50.1333	0.794667	30	52.3
CBDDTY010004069.1	1	3000	13	2184	72.8	1.23133	32.6	34.8
CBDDTY010004070.1	1	3000	19	2132	71.0667	2.18167	32	29.1
CBDDTY010004071.1	1	3000	24	2990	99.6667	3.22833	29.7	44.7
CBDDTY010004072.1	1	3000	6	1504	50.1333	0.894	31.4	60
CBDDTY010004073.1	1	3000	20	2248	74.9333	2.33833	30.4	56.2
CBDDTY010004074.1	1	3000	3	793	26.4333	0.377333	28.6	1
CBDDTY010004075.1	1	3000	6	932	31.0667	0.483667	28.1	31.7
CBDDTY010004077.1	1	3000	3	1158	38.6	0.459333	33.3	51
CBDDTY010004078.1	1	3000	5	1462	48.7333	0.561	32.4	45.6
CBDDTY010004079.1	1	3000	10	1512	50.4	1.059	30.9	1.1
CBDDTY010004080.1	1	3000	4	1014	33.8	0.400667	29.7	40
CBDDTY010004081.1	1	3000	9	2430	81	1.73467	33.2	41.1
CBDDTY010004082.1	1	3000	5	987	32.9	0.564	33	12.8
CBDDTY010004083.1	1	3000	2	426	14.2	0.142	32.9	6.5
CBDDTY010004084.1	1	3000	6	1579	52.6333	0.819667	31.4	50
CBDDTY010004085.1	1	3000	14	2511	83.7	1.63333	30.9	12.5
CBDDTY010004086.1	1	3000	3	474	15.8	0.237667	27.4	21.3
CBDDTY010004087.1	1	3000	4	839	27.9667	0.279667	31.7	3.5
CBDDTY010004088.1	1	3000	5	877	29.2333	0.292333	27.6	10.6
CBDDTY010004089.1	1	3000	14	1625	54.1667	1.52233	30.2	31.6
CBDDTY010004090.1	1	3000	14	2577	85.9	2.43767	31.4	52.9
CBDDTY010004091.1	1	3000	16	2705	90.1667	2.38667	32.4	54.4
CBDDTY010004092.1	1	3000	39	2659	88.6333	4.76067	31.4	29
CBDDTY010004093.1	1	3000	6	981	32.7	0.591333	29.6	31
CBDDTY010004094.1	1	3000	4	857	28.5667	0.558333	27.6	30.2
CBDDTY010004095.1	1	3000	3	674	22.4667	0.224667	29.1	26.7
CBDDTY010004096.1	1	3000	4	1605	53.5	0.535	32	38.2
CBDDTY010004097.1	1	3000	2	656	21.8667	0.332	28.1	24.5
CBDDTY010004098.1	1	3000	6	1960	65.3333	0.999	22.8	16.2
CBDDTY010004099.1	1	3000	6	2541	84.7	1.51367	34.1	60
CBDDTY010004100.1	1	3000	78	2842	94.7333	10.863	30.2	48
CBDDTY010004101.1	1	3000	8	2667	88.9	1.24333	30.5	57.5
CBDDTY010004102.1	1	3000	4	1076	35.8667	0.400667	30.8	33.8
CBDDTY010004103.1	1	3000	9	2681	89.3667	1.716	32	60
CBDDTY010004104.1	1	3000	2	277	9.23333	0.143	24.6	0
CBDDTY010004105.1	1	3000	6	1818	60.6	0.840333	31.6	55.5
CBDDTY010004107.1	1	3000	3	1125	37.5	0.640667	23.2	13
CBDDTY010004108.1	1	3000	2	467	15.5667	0.155667	30.6	9
CBDDTY010004109.1	1	3000	4	338	11.2667	0.362667	27.4	0.75
CBDDTY010004110.1	1	3000	2	169	5.63333	0.0853333	22.3	8.5
CBDDTY010004111.1	1	2000	17	1693	84.65	3.341	28.7	18.8
CBDDTY010004113.1	1	2000	4	1063	53.15	0.5315	31.6	33
CBDDTY010004114.1	1	2000	2	470	23.5	0.4035	30	1
CBDDTY010004115.1	1	2000	1	184	9.2	0.092	32.9	6
CBDDTY010004116.1	1	2000	1	182	9.1	0.091	18.7	53
CBDDTY010004117.1	1	2000	2	338	16.9	0.169	21.6	1
CBDDTY010004118.1	1	2000	3	664	33.2	0.528	31.8	56
CBDDTY010004119.1	1	2000	12	1339	66.95	2.4995	28.7	36.2
CBDDTY010004120.1	1	2000	5	1347	67.35	1.267	31.9	54.2
CBDDTY010004122.1	1	2000	8	1188	59.4	0.9245	30.5	30.4
CBDDTY010004124.1	1	2000	9	1246	62.3	1.9435	30.8	14.8
CBDDTY010004125.1	1	2000	8	1363	68.15	1.028	29	60
CBDDTY010004126.1	1	2000	9	1244	62.2	1.457	32	7.67
CBDDTY010004127.1	1	2000	7	1673	83.65	1.67	32.3	48.9
CBDDTY010004128.1	1	2000	4	608	30.4	0.389	27.1	12
CBDDTY010004129.1	1	2000	8	1318	65.9	1.2225	29	32.1
CBDDTY010004130.1	1	2000	6	1549	77.45	1.498	30.6	57.7
CBDDTY010004131.1	1	2000	6	1628	81.4	1.135	31.2	51.3
CBDDTY010004132.1	1	2000	8	1546	77.3	1.1985	28.6	24
CBDDTY010004133.1	1	2000	1	103	5.15	0.0515	32.2	0
CBDDTY010004134.1	1	2000	3	361	18.05	0.223	29.5	4
CBDDTY010004135.1	1	2000	5	543	27.15	0.746	35	1.4
CBDDTY010004136.1	1	2000	9	1290	64.5	2.5645	31.8	2.11
CBDDTY010004139.1	1	2000	5	1115	55.75	0.82	29.3	37
CBDDTY010004140.1	1	2000	3	867	43.35	0.583	31.9	9.67
CBDDTY010004141.1	1	2000	8	1731	86.55	1.843	29.4	60
CBDDTY010004142.1	1	2000	2	312	15.6	0.2385	31.9	0.5
CBDDTY010004143.1	1	2000	7	1357	67.85	0.859	30.4	53
CBDDTY010004144.1	1	2000	3	635	31.75	0.3175	33.6	35.3
CBDDTY010004145.1	1	2000	6	1232	61.6	1.425	33.3	60
CBDDTY010004146.1	1	2000	8	1217	60.85	1.019	30.4	46.2
CBDDTY010004147.1	1	2000	8	1634	81.7	1.68	30.7	46.6
CBDDTY010004149.1	1	2000	4	778	38.9	0.553	29.7	45.2
CBDDTY010004150.1	1	2000	13	1880	94	2.695	31.1	43.9
CBDDTY010004151.1	1	2000	6	997	49.85	0.9255	29.2	28.3
CBDDTY010004152.1	1	2000	6	611	30.55	1.028	30	54.2
CBDDTY010004153.1	1	2000	7	1498	74.9	1.138	29.4	59.3
CBDDTY010004154.1	1	2000	16	1715	85.75	2.6105	29.9	36.7
CBDDTY010004155.1	1	2000	4	936	46.8	0.8035	29.8	42
CBDDTY010004156.1	1	2000	16	1474	73.7	4.325	31	15.8
CBDDTY010004157.1	1	2000	54	1522	76.1	10.1205	32.5	50.4
CBDDTY010004158.1	1	2000	25	976	48.8	3.4235	30.9	15.8
CBDDTY010004160.1	1	2000	1	230	11.5	0.115	35.8	23
CBDDTY010004161.1	1	2000	7	670	33.5	0.754	31.2	13.7
CBDDTY010004162.1	1	2000	2	438	21.9	0.219	33.6	7.5
CBDDTY010004163.1	1	2000	1	193	9.65	0.0965	27.2	1
CBDDTY010004164.1	1	2000	2	532	26.6	0.266	21.4	58
CBDDTY010004166.1	1	2000	8	1829	91.45	1.701	29.6	48
CBDDTY010004167.1	1	2000	3	564	28.2	0.284	31.1	58.3
CBDDTY010004168.1	1	2000	4	987	49.35	0.647	29.3	57.2
CBDDTY010004169.1	1	2000	23	1254	62.7	4.315	27.2	1
CBDDTY010004171.1	1	2000	11	1716	85.8	2.276	33.4	45.4
CBDDTY010004172.1	1	2000	10	1706	85.3	1.4715	29.7	39.7
CBDDTY010004173.1	1	2000	4	1138	56.9	0.7675	33.6	55.8
CBDDTY010004175.1	1	2000	6	1566	78.3	1.147	32.9	47.8
CBDDTY010004176.1	1	2000	13	1850	92.5	2.4905	30	56.7
CBDDTY010004177.1	1	2000	3	1406	70.3	0.851	32.9	42.3
CBDDTY010004178.1	1	2000	15	1817	90.85	3.5105	32.8	36.7
CBDDTY010004179.1	1	2000	24	1889	94.45	4.6855	29.7	36.5
CBDDTY010004180.1	1	2000	2	365	18.25	0.355	35.2	60
CBDDTY010004181.1	1	2000	7	1403	70.15	1.0465	35.2	11
CBDDTY010004182.1	1	2000	2	445	22.25	0.2225	32	60
CBDDTY010004183.1	1	2000	2	542	27.1	0.271	27.2	38.5
CBDDTY010004184.1	1	2000	3	1061	53.05	0.7195	32.4	1
CBDDTY010004185.1	1	2000	2	437	21.85	0.2185	32.6	1
CBDDTY010004186.1	1	2000	6	1317	65.85	1.2205	34.9	53.7
CBDDTY010004187.1	1	2000	2	613	30.65	0.4395	29.5	60
CBDDTY010004189.1	1	2000	6	1248	62.4	0.837	30.2	38.5
CBDDTY010004190.1	1	2000	1	432	21.6	0.216	22.8	60
CBDDTY010004191.1	1	2000	1	262	13.1	0.131	36.5	60
CBDDTY010004192.1	1	2000	1	92	4.6	0.046	31.8	36
CBDDTY010004193.1	1	2000	3	644	32.2	0.5575	30.3	13.7
CBDDTY010004195.1	1	2000	5	1628	81.4	1.197	29	52.4
CBDDTY010004196.1	1	2000	6	1676	83.8	1.364	25.3	50.2
CBDDTY010004198.1	1	2000	7	1330	66.5	1.2735	28.9	51
CBDDTY010004199.1	1	2000	1	384	19.2	0.192	26.8	1
CBDDTY010004200.1	1	2000	6	1366	68.3	1.0575	33.3	51.2
CBDDTY010004201.1	1	2000	17	1285	64.25	2.4005	27.9	53.1
CBDDTY010004202.1	1	2000	2	485	24.25	0.423	34.4	58.5
CBDDTY010004203.1	1	2000	5	949	47.45	0.6965	29.3	36.4
CBDDTY010004204.1	1	2000	20	1446	72.3	4.8685	29.9	36.3
CBDDTY010004206.1	1	2000	7	782	39.1	0.898	26.1	32.9
CBDDTY010004207.1	1	2000	8	1834	91.7	1.5425	31.6	46.1
CBDDTY010004208.1	1	2000	1	81	4.05	0.0405	27.9	0
CBDDTY010004209.1	1	2000	14	1527	76.35	1.727	31.8	41.1
CBDDTY010004210.1	1	2000	6	1118	55.9	0.6545	32.1	38.2
CBDDTY010004211.1	1	2000	1	202	10.1	0.101	24.8	18
CBDDTY010004212.1	1	2000	9	1687	84.35	2.183	30.5	60
CBDDTY010004213.1	1	2000	6	1430	71.5	0.8355	28.8	54.3
CBDDTY010004215.1	1	2000	5	1091	54.55	0.8005	29.7	38.8
CBDDTY010004216.1	1	2000	1	410	20.5	0.205	29	1
CBDDTY010004217.1	1	2000	5	1604	80.2	2.0415	29.5	24.2
CBDDTY010004220.1	1	2000	2	125	6.25	0.1065	20.9	7.5
CBDDTY010004221.1	1	2000	7	947	47.35	1.1685	30.1	46.9
CBDDTY010004222.1	1	2000	1	682	34.1	0.341	29	60
CBDDTY010004223.1	1	2000	6	1663	83.15	1.4535	31.2	43.7
CBDDTY010004224.1	1	2000	4	657	32.85	0.4285	31.2	44
CBDDTY010004225.1	1	2000	8	1307	65.35	1.4845	31	8.75
CBDDTY010004226.1	1	2000	5	1445	72.25	1.4205	31.3	60
CBDDTY010004227.1	1	2000	179	1650	82.5	33.8285	31.4	55.7
CBDDTY010004228.1	1	2000	1	195	9.75	0.0975	26.2	1
CBDDTY010004229.1	1	1983	1	161	8.11901	0.0811901	31.6	35
CBDDTY010004230.1	1	2000	12	1149	57.45	1.6425	28.2	16.2
CBDDTY010004231.1	1	2000	6	1390	69.5	1.0975	30.3	60
CBDDTY010004232.1	1	2000	11	1772	88.6	2.0895	32.2	47.4
CBDDTY010004233.1	1	2000	8	1420	71	1.028	34.2	51.8
CBDDTY010004234.1	1	2000	4	519	25.95	0.6125	29.5	0.75
CBDDTY010004235.1	1	2000	5	444	22.2	0.439	29.2	0.4
CBDDTY010004236.1	1	2000	5	1082	54.1	0.8245	28.3	57.4
CBDDTY010004238.1	1	2000	1	297	14.85	0.1485	40.4	10
CBDDTY010004239.1	1	2000	3	789	39.45	0.564	27.2	30.7
CBDDTY010004241.1	1	2000	15	1148	57.4	2.6195	31.7	19.1
CBDDTY010004242.1	1	2000	1	328	16.4	0.164	23.9	60
CBDDTY010004243.1	1	2000	9	1638	81.9	1.571	32.2	47.2
CBDDTY010004244.1	1	2000	5	1531	76.55	1.4655	30.8	48.2
CBDDTY010004245.1	1	2000	7	1558	77.9	1.2875	29.5	55
CBDDTY010004246.1	1	2000	3	950	47.5	1.0875	30.4	24.3
CBDDTY010004247.1	1	2000	13	1590	79.5	3.9575	34.9	34.2
CBDDTY010004248.1	1	2000	8	1602	80.1	1.8595	32.3	55
CBDDTY010004249.1	1	2000	9	1688	84.4	1.509	28.4	51.7
CBDDTY010004250.1	1	2000	2	725	36.25	0.3625	32.6	30
CBDDTY010004251.1	1	2000	6	1123	56.15	0.914	31.6	35.2
CBDDTY010004252.1	1	2000	6	1806	90.3	1.226	32.1	50
CBDDTY010004253.1	1	2000	1	141	7.05	0.0705	27	1
CBDDTY010004254.1	1	2000	1	197	9.85	0.0985	31.1	7
CBDDTY010004256.1	1	2000	4	688	34.4	0.5415	32	50.2
CBDDTY010004257.1	1	2000	24	1541	77.05	5.392	30	12.6
CBDDTY010004258.1	1	2000	15	1727	86.35	2.98	30.5	19.5
CBDDTY010004259.1	1	2000	8	1732	86.6	1.9665	29.3	36
CBDDTY010004260.1	1	2000	5	631	31.55	0.463	30.9	0.6
CBDDTY010004262.1	1	2000	9	1139	56.95	1.6225	31	48
CBDDTY010004263.1	1	2000	7	1800	90	1.1405	31.1	41
CBDDTY010004264.1	1	2000	1	179	8.95	0.0895	32.3	29
CBDDTY010004265.1	1	2000	2	671	33.55	0.3355	32.2	60
CBDDTY010004266.1	1	2000	2	685	34.25	0.3425	29.2	60
CBDDTY010004267.1	1	2000	4	765	38.25	0.821	32.6	12
CBDDTY010004268.1	1	2000	8	1626	81.3	1.868	33.9	35.9
CBDDTY010004269.1	1	2000	2	378	18.9	0.189	29.8	30.5
CBDDTY010004270.1	1	2000	6	1177	58.85	1.517	32.9	11.2
CBDDTY010004271.1	1	2000	13	1782	89.1	3.0335	29.9	11.2
CBDDTY010004272.1	1	2000	2	320	16	0.1725	30.9	36.5
CBDDTY010004273.1	1	2000	8	877	43.85	0.826	28.6	37
CBDDTY010004274.1	1	2000	3	396	19.8	0.2585	28.1	49
CBDDTY010004275.1	1	2000	27	1858	92.9	5.442	31.1	14.7
CBDDTY010004276.1	1	2000	1	260	13	0.13	32.3	1
CBDDTY010004277.1	1	2000	2	541	27.05	0.2705	37.2	3
CBDDTY010004278.1	1	2000	8	1578	78.9	1.4865	31.2	56.2
CBDDTY010004280.1	1	2000	5	839	41.95	0.8845	34.9	8.6
CBDDTY010004281.1	1	2000	7	1239	61.95	1.151	31.4	3.86
CBDDTY010004282.1	1	2000	1	250	12.5	0.125	29.1	48
CBDDTY010004283.1	1	2000	7	1887	94.35	1.456	30.8	50
CBDDTY010004285.1	1	2000	12	1267	63.35	1.8355	30.9	56
CBDDTY010004286.1	1	2000	3	545	27.25	0.4065	30.8	4.33
CBDDTY010004287.1	1	2000	2	255	12.75	0.188	24.6	11
CBDDTY010004288.1	1	2000	9	717	35.85	1.584	26.2	40.7
CBDDTY010004289.1	1	2000	6	1205	60.25	1.5045	29.2	46.5
CBDDTY010004290.1	1	2000	7	1235	61.75	0.988	29.1	53.4
CBDDTY010004291.1	1	2000	4	573	28.65	0.5175	30.4	35.8
CBDDTY010004292.1	1	2000	5	1561	78.05	1.057	34.4	60
CBDDTY010004293.1	1	2000	7	861	43.05	1.2375	31	3.14
CBDDTY010004294.1	1	2000	20	1589	79.45	3.743	30.7	32.4
CBDDTY010004297.1	1	2000	3	720	36	0.36	30.2	0
CBDDTY010004298.1	1	2000	4	633	31.65	0.439	30.5	17.2
CBDDTY010004301.1	1	2000	5	815	40.75	0.7525	33.9	4
CBDDTY010004302.1	1	2000	3	716	35.8	0.72	34.5	60
CBDDTY010004304.1	1	2000	6	1703	85.15	1.358	26.9	51.8
CBDDTY010004305.1	1	2000	6	1183	59.15	1.125	29.4	11
CBDDTY010004306.1	1	2000	1	376	18.8	0.188	29.3	1
CBDDTY010004307.1	1	2000	15	1964	98.2	2.743	31.1	29.5
CBDDTY010004309.1	1	2000	3	933	46.65	0.548	28.1	35
CBDDTY010004310.1	1	2000	5	1567	78.35	1.278	28.3	42.4
CBDDTY010004311.1	1	2000	7	1252	62.6	0.964	26.5	18
CBDDTY010004312.1	1	2000	10	1552	77.6	2.0755	30.8	52.4
CBDDTY010004314.1	1	2000	9	1610	80.5	1.9235	28.2	49.8
CBDDTY010004315.1	1	2000	15	1102	55.1	1.2925	32.2	18.9
CBDDTY010004316.1	1	2000	7	1112	55.6	1.3345	32.5	53.1
CBDDTY010004317.1	1	2000	3	558	27.9	0.279	26.8	20.3
CBDDTY010004318.1	1	2000	10	1999	99.95	2.424	30.6	48.5
CBDDTY010004320.1	1	2000	8	877	43.85	0.9345	31.9	7.75
CBDDTY010004321.1	1	2000	4	956	47.8	0.752	33.4	35.5
CBDDTY010004322.1	1	2000	6	1407	70.35	1.1995	30.8	53.2
CBDDTY010004323.1	1	2000	2	562	28.1	0.281	30.7	16.5
CBDDTY010004324.1	1	2000	4	600	30	0.5685	27.8	49
CBDDTY010004325.1	1	2000	7	1503	75.15	1.1995	29.2	52.9
CBDDTY010004326.1	1	2000	11	1352	67.6	1.8705	27.7	50
CBDDTY010004327.1	1	2000	4	978	48.9	0.6155	26.8	30.8
CBDDTY010004328.1	1	2000	9	1910	95.5	1.66	33.4	37.8
CBDDTY010004329.1	1	2000	33	1911	95.55	5.8905	30.6	19.3
CBDDTY010004330.1	1	2000	2	616	30.8	0.308	28.4	60
CBDDTY010004331.1	1	2000	12	1668	83.4	1.6575	30.8	32.9
CBDDTY010004332.1	1	2000	5	1118	55.9	1.2295	32	12.8
CBDDTY010004333.1	1	2000	1	153	7.65	0.0765	41.5	5
CBDDTY010004334.1	1	2000	11	1821	91.05	3.0075	32.3	31.3
CBDDTY010004335.1	1	2000	5	588	29.4	0.666	25.6	0.6
CBDDTY010004336.1	1	2000	1	146	7.3	0.073	33.2	42
CBDDTY010004337.1	1	2000	1	610	30.5	0.305	30.6	60
CBDDTY010004338.1	1	2000	3	1341	67.05	0.696	32.9	60
CBDDTY010004339.1	1	2000	6	1089	54.45	0.7815	29.8	27.3
CBDDTY010004340.1	1	2000	3	589	29.45	0.564	32.9	60
CBDDTY010004342.1	1	2000	4	702	35.1	0.595	31	40
CBDDTY010004343.1	1	2000	2	83	4.15	0.078	32.6	0
CBDDTY010004344.1	1	2000	1	123	6.15	0.0615	22.1	1
CBDDTY010004345.1	1	2000	3	895	44.75	0.4475	29.1	8.33
CBDDTY010004346.1	1	2000	3	1648	82.4	0.932	33.3	57
CBDDTY010004348.1	1	2000	7	1414	70.7	1.5695	28	60
CBDDTY010004349.1	1	2000	9	807	40.35	1.642	31.8	1
CBDDTY010004350.1	1	2000	6	1618	80.9	1.1445	35.5	50.8
CBDDTY010004351.1	1	2000	1	307	15.35	0.1535	31.2	60
CBDDTY010004352.1	1	2000	4	722	36.1	0.6595	33.5	55
CBDDTY010004353.1	1	2000	2	577	28.85	0.3365	31.7	16.5
CBDDTY010004354.1	1	2000	4	636	31.8	0.6815	33.7	50.2
CBDDTY010004355.1	1	2000	6	920	46	0.8785	29.1	38.3
CBDDTY010004356.1	1	2000	1	148	7.4	0.074	25.1	15
CBDDTY010004357.1	1	2000	2	1013	50.65	0.709	33.3	30.5
CBDDTY010004358.1	1	2000	7	1042	52.1	1.002	27	51
CBDDTY010004359.1	1	2000	4	446	22.3	0.3695	34.3	0.75
CBDDTY010004360.1	1	2000	1	474	23.7	0.237	31.7	60
CBDDTY010004361.1	1	2000	5	895	44.75	0.677	35.8	48
CBDDTY010004363.1	1	2000	12	1152	57.6	2.042	29.8	17.8
CBDDTY010004364.1	1	2000	8	1668	83.4	1.611	33.2	45.6
CBDDTY010004365.1	1	2000	3	718	35.9	0.4135	25.1	1
CBDDTY010004366.1	1	2000	6	1949	97.45	1.9305	31.6	51.5
CBDDTY010004367.1	1	2000	4	504	25.2	0.629	35.3	8.75
CBDDTY010004368.1	1	2000	7	1685	84.25	1.7815	32.5	55.9
CBDDTY010004369.1	1	2000	6	1203	60.15	0.9715	34.6	23.3
CBDDTY010004372.1	1	2000	10	1827	91.35	1.846	30.7	47.3
CBDDTY010004373.1	1	2000	3	952	47.6	0.485	29.3	40
CBDDTY010004374.1	1	2000	5	762	38.1	0.6725	30.6	25.2
CBDDTY010004375.1	1	2000	4	620	31	0.3475	29.6	0.5
CBDDTY010004376.1	1	2000	23	2000	100	3.4845	28.1	50.3
CBDDTY010004377.1	1	2000	5	737	36.85	0.4925	31.9	50.6
CBDDTY010004378.1	1	2000	28	1806	90.3	6.676	29.5	28.1
CBDDTY010004379.1	1	2000	6	1056	52.8	1.1185	31.1	24
CBDDTY010004380.1	1	2000	3	698	34.9	0.349	28.2	53.3
CBDDTY010004383.1	1	2000	20	1872	93.6	3.08	29.5	23.9
CBDDTY010004384.1	1	2000	2	304	15.2	0.2245	21.5	36.5
CBDDTY010004385.1	1	2000	3	1527	76.35	0.7635	32.3	39.7
CBDDTY010004387.1	1	2000	5	1330	66.5	1.316	31.3	60
CBDDTY010004388.1	1	2000	9	1053	52.65	1.3655	33.4	42.8
CBDDTY010004389.1	1	2000	10	1572	78.6	1.8105	30.8	56.1
CBDDTY010004390.1	1	2000	2	610	30.5	0.305	31	43.5
CBDDTY010004391.1	1	2000	4	823	41.15	0.53	33.7	60
CBDDTY010004392.1	1	2000	3	1060	53	0.643	23.7	28.3
CBDDTY010004393.1	1	2000	6	938	46.9	1.0865	27.5	19.7
CBDDTY010004394.1	1	2000	3	881	44.05	0.4405	30.2	23.3
CBDDTY010004395.1	1	2000	6	761	38.05	0.6335	30.6	0.333
CBDDTY010004396.1	1	2000	5	1047	52.35	0.702	32.3	37.6
CBDDTY010004397.1	1	2000	1	289	14.45	0.1445	31.2	60
CBDDTY010004399.1	1	2000	1	333	16.65	0.1665	23.8	52
CBDDTY010004400.1	1	2000	27	1937	96.85	4.7725	31.4	34.8
CBDDTY010004401.1	1	2000	6	1328	66.4	0.8585	29.7	53.8
CBDDTY010004402.1	1	2000	2	601	30.05	0.3005	32.6	8
CBDDTY010004403.1	1	2000	2	563	28.15	0.2895	29.7	60
CBDDTY010004404.1	1	2000	2	587	29.35	0.2935	27.4	60
CBDDTY010004405.1	1	2000	7	1221	61.05	0.74	29.7	4.43
CBDDTY010004407.1	1	2000	7	1460	73	1.392	29.9	27.6
CBDDTY010004408.1	1	2000	9	1544	77.2	2.5025	30.1	60
CBDDTY010004409.1	1	2000	1	781	39.05	0.3905	32.1	60
CBDDTY010004410.1	1	2000	11	1565	78.25	2.152	31.4	22.5
CBDDTY010004411.1	1	2000	11	1956	97.8	2.1205	31.4	48.7
CBDDTY010004412.1	1	2000	1	311	15.55	0.1555	30.1	30
CBDDTY010004413.1	1	2000	6	1222	61.1	0.9495	30.2	58.3
CBDDTY010004414.1	1	2000	12	739	36.95	1.8465	28.7	27.7
CBDDTY010004415.1	1	2000	8	903	45.15	1.1685	25.7	38.2
CBDDTY010004416.1	1	2000	2	167	8.35	0.0835	33.4	8
CBDDTY010004417.1	1	2000	14	1401	70.05	2.438	29.1	56.1
CBDDTY010004418.1	1	2000	5	893	44.65	0.888	28.8	21
CBDDTY010004420.1	1	2000	4	985	49.25	0.66	33	49.5
CBDDTY010004422.1	1	2000	8	1156	57.8	1.494	28.3	33.2
CBDDTY010004423.1	1	2000	2	168	8.4	0.151	31.7	19
CBDDTY010004424.1	1	2000	11	1411	70.55	3.0645	30.4	24.5
CBDDTY010004425.1	1	2000	13	1037	51.85	2.032	34.6	3.62
CBDDTY010004427.1	1	2000	3	804	40.2	0.453	24	20.3
CBDDTY010004428.1	1	2000	1	231	11.55	0.1155	25.8	8
CBDDTY010004431.1	1	2000	5	791	39.55	0.734	30.7	40.4
CBDDTY010004432.1	1	2000	10	1364	68.2	1.4355	31.6	41.1
CBDDTY010004433.1	1	2000	6	815	40.75	1.245	31.5	50.2
CBDDTY010004434.1	1	2000	18	1279	63.95	3.1945	31.7	33.8
CBDDTY010004435.1	1	2000	5	1472	73.6	1.1675	31	48.6
CBDDTY010004436.1	1	2000	8	1453	72.65	1.014	31.2	45.9
CBDDTY010004437.1	1	2000	11	1389	69.45	2.0645	31.6	7.36
CBDDTY010004438.1	1	2000	1	458	22.9	0.229	29.1	2
CBDDTY010004439.1	1	2000	2	599	29.95	0.3725	29.1	19.5
CBDDTY010004440.1	1	2000	11	1057	52.85	2.1505	31.8	59.2
CBDDTY010004441.1	1	2000	6	1197	59.85	1.616	33.2	40.3
CBDDTY010004443.1	1	2000	2	352	17.6	0.176	27.9	57.5
CBDDTY010004444.1	1	2000	8	1149	57.45	1.453	28.4	60
CBDDTY010004445.1	1	2000	4	1186	59.3	0.962	30.3	60
CBDDTY010004446.1	1	2000	7	1171	58.55	1.655	29.3	32.4
CBDDTY010004447.1	1	2000	3	948	47.4	0.6745	33	43
CBDDTY010004448.1	1	2000	4	1006	50.3	0.616	29.5	42.5
CBDDTY010004449.1	1	2000	4	1161	58.05	0.5805	33.4	47
CBDDTY010004450.1	1	2000	2	472	23.6	0.236	32.9	5
CBDDTY010004451.1	1	2000	2	262	13.1	0.191	32.4	14
CBDDTY010004452.1	1	2000	3	715	35.75	0.9345	32.7	29.7
CBDDTY010004453.1	1	2000	7	1366	68.3	1.8395	27.6	43
CBDDTY010004454.1	1	2000	1	85	4.25	0.0425	31.1	0
CBDDTY010004455.1	1	2000	5	1140	57	0.826	30.7	60
CBDDTY010004456.1	1	2000	2	1076	53.8	0.6665	32.1	60
CBDDTY010004457.1	1	2000	4	394	19.7	0.249	32.8	3.75
CBDDTY010004459.1	1	2000	3	665	33.25	0.4395	31.3	37.7
CBDDTY010004460.1	1	2000	6	1370	68.5	1.034	28.1	59.7
CBDDTY010004461.1	1	2000	1	217	10.85	0.1085	38	51
CBDDTY010004462.1	1	2000	3	870	43.5	0.469	33.2	40.3
CBDDTY010004464.1	1	2000	1	941	47.05	0.4705	24.6	1
CBDDTY010004465.1	1	2000	3	731	36.55	0.391	34.3	51.3
CBDDTY010004466.1	1	2000	13	1694	84.7	2.018	30.9	52.7
CBDDTY010004467.1	1	2000	2	881	44.05	0.7055	30.2	1
CBDDTY010004468.1	1	2000	17	1243	62.15	3.181	29.8	32.1
CBDDTY010004469.1	1	2000	4	423	21.15	0.267	30.3	8.5
CBDDTY010004470.1	1	2000	8	977	48.85	0.7845	33.6	53.5
CBDDTY010004472.1	1	2000	9	1729	86.45	1.563	29.6	44.4
CBDDTY010004473.1	1	2000	2	443	22.15	0.288	31.7	36
CBDDTY010004474.1	1	2000	15	1609	80.45	2.088	32.2	26.7
CBDDTY010004475.1	1	2000	12	1579	78.95	2.63	28.1	45.7
CBDDTY010004476.1	1	2000	9	1939	96.95	1.727	28.9	59.9
CBDDTY010004477.1	1	2000	4	993	49.65	0.4965	29.1	59.5
CBDDTY010004478.1	1	2000	4	920	46	0.757	28.9	58.5
CBDDTY010004479.1	1	2000	3	623	31.15	0.7845	32	60
CBDDTY010004480.1	1	2000	3	617	30.85	0.3655	29.8	9.67
CBDDTY010004481.1	1	2000	6	1111	55.55	1.2405	31.3	60
CBDDTY010004482.1	1	2000	6	1476	73.8	1.5895	30.9	46.2
CBDDTY010004483.1	1	2000	1	231	11.55	0.1155	19	12
CBDDTY010004484.1	1	2000	1	221	11.05	0.1105	23.2	2
CBDDTY010004485.1	1	2000	8	832	41.6	1.181	32	54.4
CBDDTY010004486.1	1	2000	7	541	27.05	0.6575	32.1	0.857
CBDDTY010004487.1	1	2000	8	975	48.75	1.5715	30.7	50.8
CBDDTY010004488.1	1	2000	12	1558	77.9	1.939	33	47.7
CBDDTY010004489.1	1	2000	8	1340	67	1.294	31.1	27.1
CBDDTY010004490.1	1	2000	8	1066	53.3	1.0825	31.1	39.5
CBDDTY010004492.1	1	2000	1	405	20.25	0.2025	29	60
CBDDTY010004493.1	1	2000	8	1444	72.2	1.909	30.4	45.6
CBDDTY010004494.1	1	2000	8	1439	71.95	1.298	28.8	35.1
CBDDTY010004495.1	1	2000	17	688	34.4	3.096	30.2	22.8
CBDDTY010004497.1	1	2000	3	658	32.9	0.4065	29.4	51.7
CBDDTY010004499.1	1	2000	2	294	14.7	0.2065	33.8	1.5
CBDDTY010004500.1	1	2000	8	1091	54.55	1.2185	30.2	60
CBDDTY010004501.1	1	2000	2	688	34.4	0.344	28.6	18.5
CBDDTY010004502.1	1	2000	4	979	48.95	0.6495	26.5	57
CBDDTY010004503.1	1	2000	12	1527	76.35	2.852	30.2	53.5
CBDDTY010004504.1	1	2000	2	657	32.85	0.3285	31.2	60
CBDDTY010004505.1	1	2000	6	1053	52.65	0.9375	27.2	26.8
CBDDTY010004506.1	1	2000	9	1432	71.6	1.375	28.8	17.8
CBDDTY010004508.1	1	2000	11	1605	80.25	2.595	31.8	56.1
CBDDTY010004509.1	1	2000	4	1578	78.9	1.029	30.2	60
CBDDTY010004510.1	1	2000	8	1378	68.9	1.6015	30.5	57.1
CBDDTY010004511.1	1	2000	5	1982	99.1	1.452	32.5	60
CBDDTY010004512.1	1	2000	6	727	36.35	0.754	30.1	3.17
CBDDTY010004513.1	1	2000	4	646	32.3	0.4015	28.8	17.8
CBDDTY010004516.1	1	2000	6	1725	86.25	1.124	29	50.5
CBDDTY010004517.1	1	2000	8	1712	85.6	1.8255	31.6	52.8
CBDDTY010004518.1	1	2000	6	1241	62.05	1.171	30.2	40.5
CBDDTY010004519.1	1	2000	15	1595	79.75	2.609	30.5	56.1
CBDDTY010004520.1	1	2000	2	473	23.65	0.2365	24.9	60
CBDDTY010004521.1	1	2000	9	1550	77.5	1.682	30.4	31.7
CBDDTY010004523.1	1	2000	4	557	27.85	0.4645	26.6	8.75
CBDDTY010004524.1	1	2000	4	1113	55.65	0.6775	29.3	50.5
CBDDTY010004525.1	1	2000	9	1626	81.3	1.855	31.3	40.9
CBDDTY010004526.1	1	2000	2	1254	62.7	0.744	28.3	60
CBDDTY010004529.1	1	2000	6	899	44.95	1.1965	30.4	51.2
CBDDTY010004530.1	1	2000	2	649	32.45	0.3245	30.1	30.5
CBDDTY010004531.1	1	2000	22	1741	87.05	4.2175	29	36.2
CBDDTY010004532.1	1	2000	7	882	44.1	0.963	28.6	8.71
CBDDTY010004533.1	1	2000	17	1575	78.75	2.8735	31.4	42.7
CBDDTY010004534.1	1	2000	3	903	45.15	0.485	28.9	60
CBDDTY010004535.1	1	2000	5	979	48.95	0.7625	28.5	28.6
CBDDTY010004536.1	1	2000	7	1445	72.25	1.676	32.9	59.6
CBDDTY010004537.1	1	2000	4	946	47.3	0.575	31.6	50.2
CBDDTY010004538.1	1	2000	5	1563	78.15	1.0525	30.3	44
CBDDTY010004539.1	1	2000	1	158	7.9	0.079	39.8	1
CBDDTY010004540.1	1	2000	10	892	44.6	2.2755	31.7	47.9
CBDDTY010004541.1	1	2000	10	1619	80.95	1.5595	30.6	52
CBDDTY010004545.1	1	2000	6	1262	63.1	1.1925	31.8	51.2
CBDDTY010004546.1	1	2000	6	1720	86	1.5285	31.8	50.2
CBDDTY010004547.1	1	2000	29	1996	99.8	6.754	33.4	13.7
CBDDTY010004548.1	1	2000	3	1622	81.1	1.0145	34	60
CBDDTY010004550.1	1	2000	8	1503	75.15	1.6265	29.8	48.9
CBDDTY010004552.1	1	2000	11	1719	85.95	2.2935	30.4	51.5
CBDDTY010004553.1	1	2000	23	1615	80.75	5.6905	30.5	18.2
CBDDTY010004555.1	1	2000	6	1453	72.65	1.052	30	60
CBDDTY010004556.1	1	2000	8	1737	86.85	1.479	29.7	60
CBDDTY010004557.1	1	2000	5	1468	73.4	1.6625	26.7	49.8
CBDDTY010004558.1	1	2000	1	885	44.25	0.4425	32.8	60
CBDDTY010004559.1	1	2000	9	1731	86.55	1.9155	31.4	60
CBDDTY010004560.1	1	2000	1	178	8.9	0.089	37.9	16
CBDDTY010004561.1	1	2000	17	1735	86.75	2.699	29.7	22.4
CBDDTY010004562.1	1	2000	19	1697	84.85	2.908	30.3	52.4
CBDDTY010004563.1	1	2000	2	308	15.4	0.154	29.7	18
CBDDTY010004564.1	1	2000	3	545	27.25	0.3365	35.1	21.3
CBDDTY010004565.1	1	2000	1	137	6.85	0.0685	28	0
CBDDTY010004566.1	1	2000	5	1244	62.2	0.8435	33.1	42.4
CBDDTY010004571.1	1	2000	9	1670	83.5	1.221	30.6	59.6
CBDDTY010004572.1	1	2000	9	1293	64.65	0.8805	29.1	0.444
CBDDTY010004573.1	1	2000	1	211	10.55	0.1055	20.2	12
CBDDTY010004574.1	1	2000	2	841	42.05	0.4205	32.3	46.5
CBDDTY010004575.1	1	2000	3	310	15.5	0.2955	33.6	27.7
CBDDTY010004576.1	1	2000	7	1556	77.8	1.271	31.5	59.7
CBDDTY010004577.1	1	2000	3	273	13.65	0.1785	32.2	18.7
CBDDTY010004578.1	1	2000	3	1150	57.5	0.575	30.5	60
CBDDTY010004579.1	1	2000	7	1705	85.25	1.0455	31.5	36.7
CBDDTY010004580.1	1	2000	2	290	14.5	0.145	34.3	57.5
CBDDTY010004581.1	1	2000	5	1210	60.5	1.1865	30.4	48.2
CBDDTY010004583.1	1	2000	10	1691	84.55	1.4315	31.6	49
CBDDTY010004584.1	1	2000	10	1664	83.2	1.6425	33.3	41.6
CBDDTY010004585.1	1	2000	12	1774	88.7	1.8185	30.7	50.9
CBDDTY010004586.1	1	2000	18	1357	67.85	3.039	32.2	30.2
CBDDTY010004587.1	1	2000	1	93	4.65	0.0465	28.4	2
CBDDTY010004588.1	1	2000	6	1906	95.3	1.3215	31.3	45.5
CBDDTY010004589.1	1	2000	5	1855	92.75	1.3155	31.1	52.6
CBDDTY010004590.1	1	2000	14	1526	76.3	2.0275	29.9	24.4
CBDDTY010004591.1	1	2000	6	830	41.5	0.665	29.4	36.2
CBDDTY010004592.1	1	2000	1	497	24.85	0.2485	26.7	60
CBDDTY010004593.1	1	2000	9	1247	62.35	1.7265	28.8	55.2
CBDDTY010004594.1	1	2000	10	1246	62.3	1.723	32.5	59.1
CBDDTY010004595.1	1	2000	22	732	36.6	2.3125	31.9	2.91
CBDDTY010004596.1	1	2000	1	550	27.5	0.275	22.7	1
CBDDTY010004597.1	1	2000	5	1595	79.75	1.168	31.2	60
CBDDTY010004598.1	1	2000	4	243	12.15	0.404	34.3	16
CBDDTY010004599.1	1	2000	6	804	40.2	0.7885	29.8	50
CBDDTY010004600.1	1	2000	6	1082	54.1	0.99	31.4	53.2
CBDDTY010004601.1	1	2000	6	791	39.55	0.87	33.1	56.8
CBDDTY010004602.1	1	2000	8	1201	60.05	1.4075	31.4	60
CBDDTY010004605.1	1	1000	1	193	19.3	0.193	26.4	60
CBDDTY010004606.1	1	1000	1	331	33.1	0.331	26.4	1
CBDDTY010004610.1	1	1000	2	277	27.7	0.277	25.5	57
CBDDTY010004611.1	1	1000	3	653	65.3	0.93	33.7	46.3
CBDDTY010004612.1	1	1000	4	713	71.3	1.967	31.2	60
CBDDTY010004613.1	1	1000	2	995	99.5	1.192	32.8	40.5
CBDDTY010004615.1	1	1000	3	298	29.8	0.526	31	4
CBDDTY010004616.1	1	1000	15	986	98.6	4.213	26.2	44.8
CBDDTY010004617.1	1	1000	1	701	70.1	0.701	27.5	41
CBDDTY010004618.1	1	1000	2	343	34.3	0.377	23.2	46.5
CBDDTY010004619.1	1	1000	2	594	59.4	0.678	25	59.5
CBDDTY010004621.1	1	1000	3	388	38.8	0.516	28.1	15.3
CBDDTY010004624.1	1	1000	6	990	99	1.721	31.7	50.8
CBDDTY010004627.1	1	1000	5	280	28	1.103	30	1.6
CBDDTY010004628.1	1	1000	3	410	41	0.483	29.3	44
CBDDTY010004629.1	1	1000	9	940	94	2.186	32.9	24.7
CBDDTY010004630.1	1	1000	4	802	80.2	2.323	30.2	4.25
CBDDTY010004631.1	1	1000	3	331	33.1	0.452	26.5	13.3
CBDDTY010004632.1	1	1000	4	989	98.9	1.659	34.5	43.2
CBDDTY010004635.1	1	1000	1	327	32.7	0.327	24.3	60
CBDDTY010004636.1	1	1000	2	624	62.4	1.084	33.1	60
CBDDTY010004637.1	1	1000	2	335	33.5	0.564	28.6	0.5
CBDDTY010004638.1	1	1000	3	587	58.7	0.768	29.3	60
CBDDTY010004639.1	1	1000	4	311	31.1	0.718	31.7	49
CBDDTY010004640.1	1	1000	1	166	16.6	0.166	31.6	7
CBDDTY010004641.1	1	1000	1	607	60.7	0.607	29.1	60
CBDDTY010004642.1	1	1000	1	168	16.8	0.168	32.9	1
CBDDTY010004643.1	1	1000	5	992	99.2	1.482	32.4	35.8
CBDDTY010004644.1	1	1000	2	759	75.9	0.923	30.1	60
CBDDTY010004645.1	1	1000	1	162	16.2	0.162	30.4	0
CBDDTY010004646.1	1	1000	3	653	65.3	0.906	33.4	60
CBDDTY010004647.1	1	1000	3	415	41.5	0.831	28.5	49.7
CBDDTY010004648.1	1	1000	1	655	65.5	0.655	25.1	1
CBDDTY010004649.1	1	1000	20	481	48.1	4.733	30.5	8.15
CBDDTY010004650.1	1	1000	6	846	84.6	1.498	27.1	50.3
CBDDTY010004651.1	1	1000	12	816	81.6	2.999	32.4	25.3
CBDDTY010004652.1	1	1000	5	192	19.2	0.809	31.8	8.6
CBDDTY010004653.1	1	1000	6	897	89.7	3.249	30.2	48.7
CBDDTY010004654.1	1	1000	2	997	99.7	1.11	33.5	60
CBDDTY010004655.1	1	1000	4	667	66.7	1.668	25.7	47.5
CBDDTY010004656.1	1	1000	3	852	85.2	1.782	30.9	60
CBDDTY010004657.1	1	1000	7	749	74.9	1.758	27	33
CBDDTY010004659.1	1	1000	7	995	99.5	2.705	26.7	51.7
CBDDTY010004660.1	1	1000	4	993	99.3	1.729	30.8	45.2
CBDDTY010004661.1	1	1000	1	362	36.2	0.362	29.1	7
CBDDTY010004662.1	1	1000	1	118	11.8	0.118	27	43
CBDDTY010004663.1	1	1000	4	574	57.4	1.054	29.4	46.8
CBDDTY010004664.1	1	1000	1	239	23.9	0.239	31.9	60
CBDDTY010004665.1	1	1000	1	412	41.2	0.412	29.7	60
CBDDTY010004666.1	1	1000	3	422	42.2	0.915	37.2	42.3
CBDDTY010004667.1	1	1000	1	333	33.3	0.333	27.5	1
CBDDTY010004668.1	1	1000	2	464	46.4	0.539	28.2	37.5
CBDDTY010004669.1	1	1000	4	667	66.7	1.283	28.8	48.5
CBDDTY010004670.1	1	1000	7	947	94.7	2.061	30.4	47.3
CBDDTY010004671.1	1	1000	3	684	68.4	1.566	24.7	60
CBDDTY010004672.1	1	1000	2	147	14.7	0.229	32.2	0
CBDDTY010004674.1	1	1000	2	360	36	0.36	27.9	30.5
CBDDTY010004675.1	1	1000	1	164	16.4	0.164	28.3	0
CBDDTY010004676.1	1	1000	5	736	73.6	1.927	28.4	56.2
CBDDTY010004677.1	1	1000	1	409	40.9	0.409	34.2	60
CBDDTY010004678.1	1	1000	2	400	40	0.8	28.2	6
CBDDTY010004679.1	1	1000	3	856	85.6	1.482	32.3	59
CBDDTY010004680.1	1	1000	16	996	99.6	4.63	31.1	53.5
CBDDTY010004681.1	1	1000	2	880	88	0.88	38.3	43
CBDDTY010004683.1	1	1000	1	434	43.4	0.434	28.4	1
CBDDTY010004685.1	1	1000	17	999	99.9	4.935	29.7	14.2
CBDDTY010004686.1	1	1000	1	780	78	0.78	19	60
CBDDTY010004687.1	1	1000	1	237	23.7	0.237	34.9	60
CBDDTY010004688.1	1	1000	3	653	65.3	1.039	35.2	58.3
CBDDTY010004689.1	1	1000	13	999	99.9	4.944	32.5	13.8
CBDDTY010004691.1	1	1000	5	978	97.8	2.048	31.9	60
CBDDTY010004692.1	1	1000	4	737	73.7	1.888	25.2	60
CBDDTY010004693.1	1	1000	3	396	39.6	0.558	31.9	31
CBDDTY010004695.1	1	1000	2	376	37.6	0.515	28.9	60
CBDDTY010004696.1	1	1000	20	833	83.3	6.576	28.6	23.8
CBDDTY010004697.1	1	1000	1	47	4.7	0.047	26.2	3
CBDDTY010004698.1	1	1000	2	240	24	0.325	31.9	1
CBDDTY010004699.1	1	1000	4	838	83.8	1.668	27	52
CBDDTY010004700.1	1	1000	6	844	84.4	1.414	28	12.8
CBDDTY010004701.1	1	1000	4	697	69.7	1.346	32.5	50
CBDDTY010004703.1	1	1000	5	785	78.5	1.36	33.9	39.6
CBDDTY010004705.1	1	1000	4	741	74.1	1.329	28.6	60
CBDDTY010004706.1	1	1000	2	299	29.9	0.476	27	1
CBDDTY010004707.1	1	1000	1	323	32.3	0.323	31.8	60
CBDDTY010004708.1	1	1000	12	762	76.2	3.062	30.5	4
CBDDTY010004709.1	1	1000	2	304	30.4	0.304	28.9	58.5
CBDDTY010004711.1	1	1000	1	491	49.1	0.491	25.5	60
CBDDTY010004714.1	1	1000	1	505	50.5	0.505	33.8	60
CBDDTY010004715.1	1	1000	2	489	48.9	0.593	30.2	10.5
CBDDTY010004716.1	1	1000	3	642	64.2	0.922	28.1	49.3
CBDDTY010004717.1	1	1000	1	107	10.7	0.107	32.7	1
CBDDTY010004718.1	1	1000	1	216	21.6	0.216	28.1	60
CBDDTY010004720.1	1	1000	9	902	90.2	2.56	31	47.7
CBDDTY010004721.1	1	1000	1	221	22.1	0.221	29.7	60
CBDDTY010004722.1	1	1000	2	702	70.2	0.912	32.9	5.5
CBDDTY010004723.1	1	1000	5	752	75.2	1.128	27.3	12.8
CBDDTY010004724.1	1	1000	3	704	70.4	1.49	32.9	40.3
CBDDTY010004726.1	1	1000	6	549	54.9	2.207	31.9	13
CBDDTY010004727.1	1	1000	1	86	8.6	0.086	28	1
CBDDTY010004728.1	1	1000	3	445	44.5	0.781	32.9	45
CBDDTY010004729.1	1	1000	4	423	42.3	0.975	27.4	0.25
CBDDTY010004730.1	1	1000	4	443	44.3	0.802	30.8	46.5
CBDDTY010004732.1	1	1000	1	199	19.9	0.199	23.1	1
CBDDTY010004734.1	1	1000	10	826	82.6	1.905	31.3	47.4
CBDDTY010004737.1	1	1000	1	155	15.5	0.155	29.6	19
CBDDTY010004738.1	1	1000	1	489	48.9	0.489	38.5	60
CBDDTY010004740.1	1	1000	1	324	32.4	0.324	26.7	60
CBDDTY010004741.1	1	1000	7	799	79.9	2.65	29.8	52.3
CBDDTY010004743.1	1	1000	2	954	95.4	1.154	28.1	60
CBDDTY010004744.1	1	1000	1	292	29.2	0.292	19	60
CBDDTY010004745.1	1	1000	13	783	78.3	3.757	27.7	46.5
CBDDTY010004746.1	1	1000	7	931	93.1	2.068	32.6	53.3
CBDDTY010004747.1	1	1000	2	750	75	1.051	29.8	41
CBDDTY010004749.1	1	1000	6	662	66.2	1.478	30.2	34.8
CBDDTY010004750.1	1	1000	9	572	57.2	1.808	29.9	15.9
CBDDTY010004751.1	1	1000	1	116	11.6	0.116	35.9	1
CBDDTY010004752.1	1	1000	3	695	69.5	1.325	28.7	40.3
CBDDTY010004753.1	1	1000	1	92	9.2	0.092	19.8	0
CBDDTY010004754.1	1	1000	4	956	95.6	1.826	27.9	41
CBDDTY010004755.1	1	1000	2	825	82.5	0.825	30.7	49
CBDDTY010004756.1	1	1000	4	717	71.7	1.172	32.5	47.8
CBDDTY010004757.1	1	1000	1	207	20.7	0.207	38	1
CBDDTY010004758.1	1	1000	4	866	86.6	1.889	30.3	15.8
CBDDTY010004759.1	1	1000	2	572	57.2	0.729	33.8	0.5
CBDDTY010004760.1	1	1000	6	526	52.6	0.888	26.9	5.17
CBDDTY010004761.1	1	1000	4	943	94.3	1.268	25.9	9.75
CBDDTY010004763.1	1	1000	5	776	77.6	2.457	26.7	38.2
CBDDTY010004765.1	1	1000	1	337	33.7	0.337	28.8	45
CBDDTY010004766.1	1	1000	2	318	31.8	0.516	36.9	8.5
CBDDTY010004767.1	1	1000	7	931	93.1	1.854	29.1	25.7
CBDDTY010004769.1	1	1000	1	242	24.2	0.242	29.3	12
CBDDTY010004770.1	1	1000	3	374	37.4	0.48	36.8	0.333
CBDDTY010004772.1	1	1000	1	160	16	0.16	26.4	28
CBDDTY010004773.1	1	1000	5	997	99.7	1.648	32	54.4
CBDDTY010004774.1	1	1000	1	261	26.1	0.261	32.6	60
CBDDTY010004775.1	1	1000	2	990	99	1.134	28.6	35.5
CBDDTY010004776.1	1	1000	1	184	18.4	0.184	31.9	0
CBDDTY010004777.1	1	1000	2	473	47.3	0.725	25.8	23
CBDDTY010004779.1	1	1000	2	968	96.8	1.087	32.1	44.5
CBDDTY010004783.1	1	1000	3	530	53	0.752	32.4	3.33
CBDDTY010004784.1	1	1000	7	775	77.5	2.344	32.5	46.7
CBDDTY010004786.1	1	1000	19	895	89.5	5.602	30.4	18.7
CBDDTY010004787.1	1	1000	6	889	88.9	1.904	31.7	51
CBDDTY010004790.1	1	1000	2	556	55.6	0.871	35.3	18
CBDDTY010004791.1	1	1000	3	443	44.3	0.918	31.1	38.3
CBDDTY010004792.1	1	1000	1	171	17.1	0.171	26	1
CBDDTY010004794.1	1	1000	8	995	99.5	2.167	28.9	59.6
CBDDTY010004795.1	1	1000	4	501	50.1	0.872	30.5	13.5
CBDDTY010004796.1	1	1000	1	151	15.1	0.151	29.6	33
CBDDTY010004797.1	1	1000	15	750	75	4.609	31.4	15.1
CBDDTY010004798.1	1	1000	11	715	71.5	3.196	31	29.5
CBDDTY010004800.1	1	1000	3	475	47.5	0.757	29.4	27
CBDDTY010004801.1	1	1000	2	210	21	0.337	24.6	1
CBDDTY010004804.1	1	1000	3	853	85.3	0.954	30.4	46
CBDDTY010004805.1	1	1000	4	559	55.9	1.062	31.7	45.2
CBDDTY010004806.1	1	1000	1	269	26.9	0.269	36.3	45
CBDDTY010004807.1	1	1000	2	334	33.4	0.463	33.6	60
CBDDTY010004808.1	1	1000	1	66	6.6	0.066	27.6	20
CBDDTY010004809.1	1	1000	26	919	91.9	9.179	30.8	35
CBDDTY010004810.1	1	1000	5	509	50.9	0.724	35.3	1
CBDDTY010004811.1	1	1000	4	963	96.3	1.983	33	43.8
CBDDTY010004812.1	1	1000	1	201	20.1	0.201	25.9	7
CBDDTY010004813.1	1	1000	1	268	26.8	0.268	32.3	60
CBDDTY010004814.1	1	1000	2	358	35.8	0.358	30.7	30.5
CBDDTY010004816.1	1	1000	1	393	39.3	0.393	30.6	23
CBDDTY010004817.1	1	1000	1	959	95.9	0.959	28	32
CBDDTY010004818.1	1	1000	1	223	22.3	0.223	31.7	60
CBDDTY010004821.1	1	1000	3	601	60.1	1.024	21.6	2
CBDDTY010004822.1	1	1000	1	212	21.2	0.212	33.9	26
CBDDTY010004823.1	1	1000	5	910	91	1.564	29	14.2
CBDDTY010004825.1	1	1000	4	812	81.2	1.227	29.6	26.2
CBDDTY010004826.1	1	1000	5	918	91.8	1.976	28.1	60
CBDDTY010004827.1	1	1000	7	233	23.3	1.35	31.3	43.9
CBDDTY010004829.1	1	1000	2	191	19.1	0.191	35.6	0.5
CBDDTY010004830.1	1	1000	3	463	46.3	0.972	32.2	44.3
CBDDTY010004831.1	1	1000	1	455	45.5	0.455	36.6	1
CBDDTY010004832.1	1	1000	3	392	39.2	0.684	30.9	60
CBDDTY010004833.1	1	1000	3	905	90.5	1.758	35.9	59.3
CBDDTY010004834.1	1	1000	3	680	68	0.915	27.3	60
CBDDTY010004835.1	1	1000	3	695	69.5	0.998	34.7	59.7
CBDDTY010004837.1	1	1000	1	252	25.2	0.252	39.7	60
CBDDTY010004838.1	1	1000	4	745	74.5	1.281	28.3	26.2
CBDDTY010004840.1	1	1000	5	899	89.9	2.081	34.7	58.2
CBDDTY010004842.1	1	1000	2	470	47	0.704	33.7	24.5
CBDDTY010004843.1	1	1000	2	514	51.4	0.514	22.6	30.5
CBDDTY010004844.1	1	1000	1	253	25.3	0.253	28.5	21
CBDDTY010004845.1	1	1000	1	107	10.7	0.107	34.9	5
CBDDTY010004847.1	1	1000	16	915	91.5	4.754	30.2	23.6
CBDDTY010004849.1	1	1000	4	381	38.1	0.78	32	1
CBDDTY010004850.1	1	1000	4	643	64.3	0.885	38	27
CBDDTY010004851.1	1	1000	4	798	79.8	2.022	29.3	14.2
CBDDTY010004853.1	1	1000	5	895	89.5	1.733	31.1	55.6
CBDDTY010004854.1	1	1000	3	398	39.8	0.736	26.8	0.667
CBDDTY010004856.1	1	1000	2	400	40	0.4	34.2	37.5
CBDDTY010004857.1	1	1000	7	982	98.2	2.899	31.1	60
CBDDTY010004858.1	1	1000	2	251	25.1	0.325	31	31
CBDDTY010004862.1	1	1000	3	813	81.3	0.901	30.2	45.7
CBDDTY010004863.1	1	1000	4	998	99.8	1.957	34	46.5
CBDDTY010004864.1	1	1000	3	722	72.2	0.897	27.7	1
CBDDTY010004865.1	1	1000	3	780	78	1.221	31.2	40.7
CBDDTY010004866.1	1	1000	15	822	82.2	2.594	28.5	43.3
CBDDTY010004867.1	1	1000	3	517	51.7	0.673	27	18.7
CBDDTY010004868.1	1	1000	3	530	53	1.294	32.2	11.7
CBDDTY010004871.1	1	1000	1	90	9	0.09	32.2	1
CBDDTY010004873.1	1	1000	7	952	95.2	2.846	34.7	45.1
CBDDTY010004874.1	1	1000	4	780	78	1.457	35.6	20.2
CBDDTY010004875.1	1	1000	2	590	59	0.59	26.9	60
CBDDTY010004876.1	1	1000	3	558	55.8	1.234	25.2	15.7
CBDDTY010004877.1	1	1000	2	453	45.3	0.565	27	60
CBDDTY010004878.1	1	1000	2	255	25.5	0.358	30.2	15.5
CBDDTY010004879.1	1	1000	1	193	19.3	0.193	31.5	1
CBDDTY010004880.1	1	1000	1	236	23.6	0.236	31	21
CBDDTY010004881.1	1	1000	2	376	37.6	0.376	31.4	41
CBDDTY010004882.1	1	1000	4	730	73	1.719	28.4	57
CBDDTY010004884.1	1	1000	8	681	68.1	2.877	30.7	46
CBDDTY010004886.1	1	1000	9	1000	100	4.549	31	60
CBDDTY010004887.1	1	1000	1	409	40.9	0.409	32	60
CBDDTY010004888.1	1	1000	2	451	45.1	0.594	30.5	46
CBDDTY010004889.1	1	1000	2	731	73.1	0.973	27.3	1
CBDDTY010004891.1	1	1000	1	206	20.6	0.206	32.5	0
CBDDTY010004896.1	1	1000	5	988	98.8	1.433	29.8	53.2
CBDDTY010004898.1	1	1000	4	505	50.5	1.048	28.4	8.25
CBDDTY010004899.1	1	1000	5	985	98.5	1.749	31.3	44.2
CBDDTY010004900.1	1	1000	33	990	99	11.96	29	6.42
CBDDTY010004901.1	1	1000	6	661	66.1	1.544	29.4	50.7
CBDDTY010004903.1	1	1000	21	1000	100	6.607	29.6	45.4
CBDDTY010004904.1	1	1000	1	214	21.4	0.214	27.6	10
CBDDTY010004906.1	1	1000	13	863	86.3	6.727	31.2	9
CBDDTY010004907.1	1	1000	3	702	70.2	1.184	30	51.3
CBDDTY010004908.1	1	1000	2	956	95.6	1.177	33.3	1
CBDDTY010004911.1	1	1000	3	482	48.2	0.842	30.1	31.7
CBDDTY010004912.1	1	1000	1	168	16.8	0.168	32.7	12
CBDDTY010004913.1	1	1000	6	945	94.5	1.964	30.2	51
CBDDTY010004915.1	1	1000	1	170	17	0.17	38.3	40
CBDDTY010004916.1	1	1000	6	450	45	1.524	30.8	55.5
CBDDTY010004917.1	1	1000	7	571	57.1	2.753	34.7	45.1
CBDDTY010004919.1	1	1000	3	517	51.7	0.517	33	58.7
CBDDTY010004921.1	1	1000	2	417	41.7	0.542	30.4	60
CBDDTY010004923.1	1	1000	7	533	53.3	1.673	28.8	9.57
CBDDTY010004924.1	1	1000	1	104	10.4	0.104	33.6	22
CBDDTY010004926.1	1	1000	1	372	37.2	0.372	35.1	1
CBDDTY010004927.1	1	1000	1	536	53.6	0.536	40.2	60
CBDDTY010004929.1	1	1000	1	181	18.1	0.181	31.8	0
CBDDTY010004930.1	1	1000	1	127	12.7	0.127	27	1
CBDDTY010004932.1	1	1000	1	463	46.3	0.463	28.9	27
CBDDTY010004933.1	1	1000	1	522	52.2	0.522	33.4	60
CBDDTY010004934.1	1	1000	6	872	87.2	1.527	26.2	21.7
CBDDTY010004935.1	1	1000	4	391	39.1	0.632	29.4	11.5
CBDDTY010004937.1	1	1000	2	628	62.8	0.628	25.7	60
CBDDTY010004938.1	1	1000	1	189	18.9	0.189	32.4	1
CBDDTY010004939.1	1	1000	1	363	36.3	0.363	37.9	60
CBDDTY010004941.1	1	1000	3	708	70.8	0.902	29.5	55.7
CBDDTY010004942.1	1	1000	2	308	30.8	0.564	35.7	30
CBDDTY010004943.1	1	1000	6	687	68.7	2.082	33	12.8
CBDDTY010004944.1	1	1000	5	863	86.3	2.282	25.9	46.2
CBDDTY010004945.1	1	1000	4	854	85.4	1.478	27.5	54.2
CBDDTY010004947.1	1	1000	2	606	60.6	0.606	28.1	60
CBDDTY010004950.1	1	1000	10	584	58.4	2.553	27.1	51.4
CBDDTY010004952.1	1	1000	2	408	40.8	0.408	31	60
CBDDTY010004953.1	1	1000	4	718	71.8	1.314	33.7	52.5
CBDDTY010004954.1	1	1000	4	856	85.6	0.983	32.7	50.2
CBDDTY010004955.1	1	1000	4	567	56.7	0.952	29.9	51.8
CBDDTY010004956.1	1	1000	5	921	92.1	2.008	31	60
CBDDTY010004957.1	1	1000	4	736	73.6	1.246	26	51
CBDDTY010004958.1	1	1000	1	102	10.2	0.102	27.8	7
CBDDTY010004959.1	1	1000	1	132	13.2	0.132	27.8	1
CBDDTY010004960.1	1	1000	2	347	34.7	0.444	30.3	53.5
CBDDTY010004961.1	1	1000	1	149	14.9	0.149	21.8	15
CBDDTY010004962.1	1	1000	3	759	75.9	0.836	34.2	48
CBDDTY010004963.1	1	1000	1	835	83.5	0.835	31.7	60
CBDDTY010004964.1	1	1000	2	356	35.6	0.356	18.4	1.5
CBDDTY010004965.1	1	1000	1	484	48.4	0.484	28.2	14
CBDDTY010004966.1	1	1000	1	376	37.6	0.376	31.6	18
CBDDTY010004967.1	1	1000	2	331	33.1	0.41	34.9	60
CBDDTY010004968.1	1	1000	2	490	49	0.49	31.2	0.5
CBDDTY010004969.1	1	1000	8	993	99.3	2.747	29.7	46.4
CBDDTY010004970.1	1	1000	7	427	42.7	1.787	29.6	21.4
CBDDTY010004971.1	1	1000	3	596	59.6	0.721	28.9	27
CBDDTY010004972.1	1	1000	1	70	7	0.07	41.9	16
CBDDTY010004973.1	1	1000	5	657	65.7	1.332	28.3	14.6
CBDDTY010004974.1	1	1000	1	472	47.2	0.472	34.6	60
CBDDTY010004975.1	1	1000	2	403	40.3	0.462	33	49.5
CBDDTY010004976.1	1	1000	6	564	56.4	1.108	30	1
CBDDTY010004978.1	1	1000	5	502	50.2	0.838	27.4	2.2
CBDDTY010004979.1	1	1000	3	889	88.9	1.523	30.2	6
CBDDTY010004980.1	1	1000	4	351	35.1	0.627	30	6
CBDDTY010004981.1	1	1000	4	902	90.2	1.143	29	11
CBDDTY010004982.1	1	1000	3	674	67.4	1.334	33.5	60
CBDDTY010004983.1	1	1000	1	205	20.5	0.205	40.2	1
CBDDTY010004985.1	1	1000	3	624	62.4	0.915	30.3	24.7
CBDDTY010004987.1	1	1000	2	295	29.5	0.517	24.5	46
CBDDTY010004988.1	1	1000	2	403	40.3	0.79	26.9	0.5
CBDDTY010004989.1	1	1000	2	248	24.8	0.484	27.5	15.5
CBDDTY010004990.1	1	1000	5	919	91.9	2.683	33.6	60
CBDDTY010004995.1	1	1000	2	308	30.8	0.422	29.4	3
CBDDTY010004996.1	1	1000	3	323	32.3	0.71	32.3	59.3
CBDDTY010004998.1	1	1000	2	437	43.7	0.557	28.4	1
CBDDTY010004999.1	1	1000	3	321	32.1	0.38	32.1	13
CBDDTY010005000.1	1	1000	2	453	45.3	0.666	33.9	60
CBDDTY010005001.1	1	1000	4	606	60.6	1.323	32.6	59
CBDDTY010005002.1	1	1000	3	583	58.3	0.583	27	45.7
CBDDTY010005003.1	1	1000	3	760	76	1.362	30.7	60
CBDDTY010005004.1	1	1000	7	808	80.8	1.524	28.9	16.1
CBDDTY010005005.1	1	1000	4	235	23.5	0.724	36.2	1
CBDDTY010005007.1	1	1000	2	453	45.3	0.453	32.7	7.5
CBDDTY010005008.1	1	1000	9	707	70.7	3.215	31.8	9.33
CBDDTY010005012.1	1	1000	1	186	18.6	0.186	33.1	32
CBDDTY010005014.1	1	1000	2	692	69.2	0.692	28.2	24.5
CBDDTY010005015.1	1	1000	1	58	5.8	0.058	28.8	0
CBDDTY010005019.1	1	1000	1	523	52.3	0.523	29.1	60
CBDDTY010005020.1	1	1000	1	428	42.8	0.428	27.8	12
CBDDTY010005021.1	1	1000	2	344	34.4	0.573	37.4	30.5
CBDDTY010005023.1	1	1000	3	792	79.2	1.148	28.5	60
CBDDTY010005024.1	1	1000	3	355	35.5	0.868	22.7	52.7
CBDDTY010005025.1	1	1000	1	208	20.8	0.208	23.9	52
CBDDTY010005026.1	1	1000	4	998	99.8	2.306	33	53.8
CBDDTY010005027.1	1	1000	2	506	50.6	0.86	31	52.5
CBDDTY010005028.1	1	1000	7	994	99.4	2.439	32.6	60
CBDDTY010005029.1	1	1000	6	940	94	1.757	32.6	47.5
CBDDTY010005030.1	1	1000	2	494	49.4	0.494	34.4	60
CBDDTY010005032.1	1	1000	1	253	25.3	0.253	25.4	60
CBDDTY010005033.1	1	1000	1	332	33.2	0.332	38.2	40
CBDDTY010005034.1	1	1000	2	408	40.8	0.431	29.8	30.5
CBDDTY010005035.1	1	1000	3	942	94.2	1.195	30.2	60
CBDDTY010005036.1	1	1000	6	701	70.1	2.694	34.2	60
CBDDTY010005037.1	1	1000	2	599	59.9	0.599	31.8	33.5
CBDDTY010005038.1	1	1000	6	998	99.8	2.47	30.4	51.5
CBDDTY010005041.1	1	1000	1	166	16.6	0.166	28.9	60
CBDDTY010005043.1	1	1000	3	495	49.5	0.897	32.7	60
CBDDTY010005045.1	1	1000	14	584	58.4	2.993	33.6	9.21
CBDDTY010005046.1	1	1000	2	381	38.1	0.381	27.5	33
CBDDTY010005047.1	1	1000	4	862	86.2	1.463	29.9	60
CBDDTY010005048.1	1	1000	4	552	55.2	1.069	23.1	1
CBDDTY010005050.1	1	1000	5	785	78.5	1.222	34.3	42.4
CBDDTY010005051.1	1	1000	6	850	85	1.759	32.7	15.2
CBDDTY010005054.1	1	1000	4	645	64.5	1.346	30.8	45.8
CBDDTY010005057.1	1	1000	2	649	64.9	0.745	27.7	60
CBDDTY010005058.1	1	1000	12	951	95.1	4.568	30.6	9.92
CBDDTY010005060.1	1	1000	1	47	4.7	0.047	30.8	5
CBDDTY010005061.1	1	1000	1	118	11.8	0.118	34.2	40
CBDDTY010005062.1	1	1000	3	874	87.4	1.452	30.3	42.7
CBDDTY010005063.1	1	1000	4	476	47.6	0.99	29.7	33.8
CBDDTY010005065.1	1	1000	2	238	23.8	0.372	28.4	0
CBDDTY010005066.1	1	1000	1	294	29.4	0.294	33.8	60
CBDDTY010005067.1	1	1000	1	284	28.4	0.284	24.9	1
CBDDTY010005070.1	1	1000	5	550	55	0.894	29.7	28.6
CBDDTY010005071.1	1	1000	2	673	67.3	0.674	35.1	40
CBDDTY010005073.1	1	1000	3	845	84.5	1.011	32	50
CBDDTY010005074.1	1	1000	1	463	46.3	0.463	23.6	1
CBDDTY010005075.1	1	1000	1	133	13.3	0.133	33	53
CBDDTY010005076.1	1	1000	2	221	22.1	0.237	27.5	27
CBDDTY010005080.1	1	1000	4	944	94.4	1.172	36.2	42
CBDDTY010005081.1	1	1000	1	337	33.7	0.337	36.1	34
CBDDTY010005082.1	1	1000	5	909	90.9	1.444	30.9	25.4
CBDDTY010005083.1	1	1000	3	363	36.3	0.363	32.1	1.67
CBDDTY010005086.1	1	1000	5	821	82.1	1.45	29.4	46.4
CBDDTY010005088.1	1	1000	2	451	45.1	0.504	23.2	0.5
CBDDTY010005089.1	1	1000	2	424	42.4	0.629	32.5	60
CBDDTY010005091.1	1	1000	1	440	44	0.44	27	1
CBDDTY010005092.1	1	1000	4	786	78.6	1.59	32.6	30.2
CBDDTY010005093.1	1	1000	1	395	39.5	0.395	26.3	60
CBDDTY010005094.1	1	1000	1	560	56	0.56	32.2	60
CBDDTY010005095.1	1	1000	1	163	16.3	0.163	40.6	14
CBDDTY010005096.1	1	1000	1	145	14.5	0.145	30.1	1
CBDDTY010005097.1	1	1000	4	724	72.4	1.004	34.6	3.25
CBDDTY010005098.1	1	1000	1	125	12.5	0.125	23.1	16
CBDDTY010005099.1	1	1000	6	743	74.3	2.103	30.1	28.8
CBDDTY010005101.1	1	1000	3	478	47.8	0.625	26.3	20.7
CBDDTY010005102.1	1	1000	1	349	34.9	0.349	32.9	50
CBDDTY010005103.1	1	1000	4	847	84.7	1.981	31.5	0.75
CBDDTY010005104.1	1	1000	5	989	98.9	2.97	28.3	50.4
CBDDTY010005105.1	1	1000	3	969	96.9	1.721	31.8	0.667
CBDDTY010005106.1	1	1000	12	756	75.6	3.244	29.5	12.2
CBDDTY010005107.1	1	1000	6	912	91.2	1.647	32.6	47.3
CBDDTY010005108.1	1	1000	43	963	96.3	13.37	30.1	21.1
CBDDTY010005109.1	1	1000	2	557	55.7	0.679	28.5	30.5
CBDDTY010005110.1	1	1000	3	520	52	0.632	31.5	33
CBDDTY010005111.1	1	1000	6	970	97	1.818	31.1	24.3
CBDDTY010005112.1	1	1000	6	964	96.4	1.745	32.1	60
CBDDTY010005113.1	1	1000	3	673	67.3	1.384	27.1	26
CBDDTY010005115.1	1	1000	3	516	51.6	0.782	31	51.7
CBDDTY010005116.1	1	1000	9	775	77.5	2.996	30.6	14.2
CBDDTY010005117.1	1	1000	2	463	46.3	0.616	31.7	17
CBDDTY010005118.1	1	1000	5	840	84	1.564	31.6	50.8
CBDDTY010005121.1	1	1000	5	630	63	2.057	28.5	13.8
CBDDTY010005122.1	1	1000	4	761	76.1	1.718	27.6	60
CBDDTY010005124.1	1	1000	8	980	98	2.654	31.1	34.9
CBDDTY010005126.1	1	1000	2	152	15.2	0.257	37.5	0
CBDDTY010005127.1	1	1000	2	597	59.7	0.737	31.5	2.5
CBDDTY010005128.1	1	1000	1	245	24.5	0.245	35.7	1
CBDDTY010005129.1	1	1000	1	369	36.9	0.369	29.2	60
CBDDTY010005131.1	1	1000	1	105	10.5	0.105	36.8	1
CBDDTY010005132.1	1	1000	4	922	92.2	1.382	31	0.5
CBDDTY010005133.1	1	1000	6	747	74.7	1.658	29.8	54.5
CBDDTY010005134.1	1	1000	5	527	52.7	1.57	28.4	17
CBDDTY010005136.1	1	1000	2	283	28.3	0.283	31	3
CBDDTY010005137.1	1	1000	3	549	54.9	0.899	36.5	46
CBDDTY010005139.1	1	1000	10	995	99.5	3.893	29.1	31.4
CBDDTY010005142.1	1	1000	4	631	63.1	1.462	32.2	45.2
CBDDTY010005143.1	1	1000	2	291	29.1	0.394	30	34.5
CBDDTY010005145.1	1	1000	3	667	66.7	0.712	21.8	40.7
CBDDTY010005147.1	1	1000	6	272	27.2	1.384	29.9	0.667
CBDDTY010005150.1	1	1000	2	467	46.7	0.467	30.5	30.5
CBDDTY010005151.1	1	1000	18	780	78	3.808	31	19.4
CBDDTY010005152.1	1	1000	3	449	44.9	1.113	28	60
CBDDTY010005154.1	1	1000	1	215	21.5	0.215	28	0
CBDDTY010005156.1	1	1000	1	188	18.8	0.188	30.6	22
CBDDTY010005157.1	1	1000	2	499	49.9	0.694	27.1	60
CBDDTY010005158.1	1	1000	3	797	79.7	1.167	33.6	53
CBDDTY010005162.1	1	1000	1	380	38	0.38	40.1	1
CBDDTY010005163.1	1	1000	1	397	39.7	0.397	34.2	55
CBDDTY010005166.1	1	1000	1	502	50.2	0.502	34	60
CBDDTY010005168.1	1	1000	3	612	61.2	0.621	30.3	1
CBDDTY010005169.1	1	1000	2	704	70.4	0.704	29	30
CBDDTY010005170.1	1	1000	2	484	48.4	0.484	31.6	32
CBDDTY010005171.1	1	1000	3	314	31.4	0.867	31	1
CBDDTY010005172.1	1	1000	5	990	99	2.267	29.2	50.2
CBDDTY010005173.1	1	1000	2	365	36.5	0.545	33.9	60
CBDDTY010005174.1	1	1000	1	190	19	0.19	39.6	30
CBDDTY010005177.1	1	1000	5	892	89.2	1.581	31.9	60
CBDDTY010005180.1	1	1000	1	246	24.6	0.246	31.8	13
CBDDTY010005181.1	1	1000	4	513	51.3	0.852	28.3	32.2
CBDDTY010005182.1	1	1000	1	112	11.2	0.112	34.3	0
CBDDTY010005183.1	1	1000	4	350	35	0.719	31.8	4.25
CBDDTY010005186.1	1	1000	1	172	17.2	0.172	28.1	23
CBDDTY010005187.1	1	1000	6	937	93.7	2.261	33.8	50.2
CBDDTY010005188.1	1	1000	6	991	99.1	1.938	28.2	47.2
CBDDTY010005189.1	1	1000	1	236	23.6	0.236	31.5	1
CBDDTY010005192.1	1	1000	2	688	68.8	0.773	29.3	60
CBDDTY010005193.1	1	1000	6	951	95.1	2.586	29.4	56
CBDDTY010005194.1	1	1000	5	745	74.5	1.673	33.6	60
CBDDTY010005197.1	1	1000	1	232	23.2	0.232	29.5	1
CBDDTY010005198.1	1	1000	4	631	63.1	1.068	29.8	44.5
CBDDTY010005199.1	1	1000	4	352	35.2	0.607	30.7	30.5
CBDDTY010005200.1	1	1000	2	755	75.5	0.816	28.8	60
CBDDTY010005201.1	1	1000	2	640	64	0.948	33.6	34.5
CBDDTY010005202.1	1	1000	3	782	78.2	1.288	29	22.3
CBDDTY010005203.1	1	1000	2	373	37.3	0.373	25.9	1
CBDDTY010005208.1	1	1000	1	733	73.3	0.733	25.8	43
CBDDTY010005211.1	1	1000	2	557	55.7	0.76	28.9	60
CBDDTY010005212.1	1	1000	8	682	68.2	3.09	31.5	21.9
CBDDTY010005213.1	1	1000	1	154	15.4	0.154	35.3	43
CBDDTY010005214.1	1	1000	6	684	68.4	2.178	31.2	48.5
CBDDTY010005215.1	1	1000	1	501	50.1	0.501	30.8	9
CBDDTY010005219.1	1	1000	3	699	69.9	1.016	31.7	33
CBDDTY010005221.1	1	1000	4	766	76.6	1.826	37.8	60
CBDDTY010005223.1	1	1000	3	360	36	0.586	32	39
CBDDTY010005225.1	1	1000	5	612	61.2	1.453	27.5	45.2
CBDDTY010005227.1	1	1000	3	793	79.3	0.988	29.6	15
CBDDTY010005229.1	1	1000	2	453	45.3	0.453	30.9	52
CBDDTY010005230.1	1	1000	2	344	34.4	0.484	27.3	60
CBDDTY010005232.1	1	1000	2	289	28.9	0.289	28.6	1.5
CBDDTY010005235.1	1	1000	3	694	69.4	1.402	35.2	57.3
CBDDTY010005237.1	1	1000	3	715	71.5	1.433	25.9	60
CBDDTY010005238.1	1	1000	3	682	68.2	0.978	28.1	60
CBDDTY010005239.1	1	1000	2	463	46.3	0.463	30.9	60
CBDDTY010005240.1	1	1000	3	960	96	2.145	32.3	60
CBDDTY010005241.1	1	1000	3	834	83.4	1.008	31.6	44.3
CBDDTY010005242.1	1	1000	2	703	70.3	1.124	23.4	60
CBDDTY010005243.1	1	1000	1	231	23.1	0.231	35.3	60
CBDDTY010005245.1	1	1000	1	280	28	0.28	25.7	1
CBDDTY010005247.1	1	1000	2	330	33	0.567	34.3	36.5
CBDDTY010005248.1	1	1000	1	184	18.4	0.184	36.2	60
CBDDTY010005251.1	1	1000	1	50	5	0.05	27.5	7
CBDDTY010005252.1	1	1000	1	58	5.8	0.058	33.1	1
CBDDTY010005253.1	1	1000	2	178	17.8	0.355	31.5	60
CBDDTY010005255.1	1	1000	1	604	60.4	0.604	36.1	60
CBDDTY010005256.1	1	998	5	806	80.7615	1.85571	30.5	14
CBDDTY010005257.1	1	1000	1	399	39.9	0.399	24.5	60
CBDDTY010005261.1	1	1000	2	513	51.3	0.733	30.6	55.5
CBDDTY010005262.1	1	1000	8	953	95.3	3.238	28	37.1
CBDDTY010005263.1	1	1000	2	586	58.6	0.875	33.1	60
CBDDTY010005264.1	1	1000	7	571	57.1	2.401	30.5	60
CBDDTY010005265.1	1	1000	4	714	71.4	1.778	27.5	20.5
CBDDTY010005266.1	1	1000	5	577	57.7	1.312	30.3	54.6
CBDDTY010005267.1	1	1000	7	783	78.3	1.604	32.7	4.71
CBDDTY010005268.1	1	1000	1	243	24.3	0.243	29	60
CBDDTY010005269.1	1	1000	3	442	44.2	0.597	28.1	55.3
CBDDTY010005270.1	1	1000	6	610	61	1.272	30.7	43.2
CBDDTY010005272.1	1	1000	3	510	51	0.716	30.6	60
CBDDTY010005273.1	1	1000	5	591	59.1	1.235	32.4	60
CBDDTY010005274.1	1	1000	1	138	13.8	0.138	27.4	1
CBDDTY010005276.1	1	1000	5	757	75.7	2.242	36	59.8
CBDDTY010005277.1	1	1000	4	654	65.4	1.682	29.3	36.2
CBDDTY010005278.1	1	1000	2	319	31.9	0.38	28.6	60
CBDDTY010005279.1	1	1000	2	656	65.6	0.728	30.1	31
CBDDTY010005281.1	1	1000	8	437	43.7	2.659	26.4	12.9
CBDDTY010005282.1	1	800	1	329	41.125	0.41125	24.1	0
CBDDTY010005283.1	1	1000	3	706	70.6	1.008	32	44
CBDDTY010005284.1	1	1000	2	677	67.7	0.982	29	48.5
CBDDTY010005285.1	1	1000	4	895	89.5	1.353	33.3	41
CBDDTY010005286.1	1	1000	3	428	42.8	0.722	30.5	60
CBDDTY010005287.1	1	1000	4	710	71	1.322	29.4	43
CBDDTY010005288.1	1	1000	4	454	45.4	0.51	32.6	4.5
CBDDTY010005291.1	1	1000	1	109	10.9	0.109	38.8	1
CBDDTY010005293.1	1	1000	2	281	28.1	0.523	31.3	59.5
CBDDTY010005294.1	1	1000	4	980	98	1.372	34.8	60
CBDDTY010005295.1	1	1000	2	474	47.4	0.474	26.2	30.5
CBDDTY010005296.1	1	1000	1	191	19.1	0.191	37.2	1
CBDDTY010005297.1	1	1000	6	799	79.9	2.262	30.3	21
CBDDTY010005298.1	1	1000	15	929	92.9	4.162	30.9	43.7
CBDDTY010005299.1	1	1000	5	583	58.3	1.241	32.7	1.6
CBDDTY010005300.1	1	1000	4	843	84.3	1.493	31.7	31.5
CBDDTY010005303.1	1	1000	3	358	35.8	0.542	28.6	45
CBDDTY010005304.1	1	1000	1	136	13.6	0.136	30.7	13
CBDDTY010005305.1	1	1000	2	300	30	0.3	29.6	0.5
CBDDTY010005309.1	1	1000	1	277	27.7	0.277	24.9	60
CBDDTY010005310.1	1	1000	3	363	36.3	0.647	32.3	42
CBDDTY010005311.1	1	1000	1	165	16.5	0.165	38.3	1
CBDDTY010005312.1	1	1000	2	544	54.4	0.881	34.8	60
CBDDTY010005313.1	1	1000	4	664	66.4	1.247	29.3	49.5
CBDDTY010005314.1	1	1000	2	117	11.7	0.233	30.6	1
CBDDTY010005316.1	1	1000	5	661	66.1	1.958	35.2	53.2
CBDDTY010005318.1	1	1000	37	1000	100	13.83	27.7	55.8
CBDDTY010005319.1	1	1000	1	169	16.9	0.169	30.1	2
CBDDTY010005320.1	1	1000	1	181	18.1	0.181	27.3	60
CBDDTY010005321.1	1	1000	6	575	57.5	1.192	30.5	29.3
CBDDTY010005322.1	1	1000	3	281	28.1	0.384	34.6	5.33
CBDDTY010005326.1	1	1000	2	480	48	0.659	31.7	60
CBDDTY010005327.1	1	1000	7	967	96.7	1.766	29.8	36.7
CBDDTY010005328.1	1	1000	1	92	9.2	0.092	36	1
CBDDTY010005329.1	1	1000	10	856	85.6	2.464	28.5	46.6
CBDDTY010005331.1	1	1000	2	876	87.6	1.088	27.6	30.5
CBDDTY010005332.1	1	1000	3	396	39.6	0.807	26.1	12
CBDDTY010005333.1	1	1000	3	715	71.5	1.155	29.6	40.3
CBDDTY010005335.1	1	1000	1	240	24	0.24	37.6	31
CBDDTY010005336.1	1	1000	2	690	69	0.69	27.5	55.5
CBDDTY010005337.1	1	1000	3	842	84.2	1.46	29.3	60
CBDDTY010005339.1	1	1000	1	333	33.3	0.333	33.3	60
CBDDTY010005340.1	1	1000	1	217	21.7	0.217	22.9	1
CBDDTY010005342.1	1	1000	1	605	60.5	0.605	36.3	60
CBDDTY010005343.1	1	1000	1	370	37	0.37	18.5	1
CBDDTY010005344.1	1	1000	5	609	60.9	0.877	30.1	11.6
CBDDTY010005345.1	1	1000	18	708	70.8	4.661	29	4.28
CBDDTY010005346.1	1	1000	1	64	6.4	0.064	34.2	8
CBDDTY010005347.1	1	1000	1	122	12.2	0.122	40	0
CBDDTY010005348.1	1	1000	10	906	90.6	2.785	31	30.5
CBDDTY010005349.1	1	1000	5	738	73.8	1.497	28.2	10.6
CBDDTY010005352.1	1	1000	3	275	27.5	0.574	27.7	0.667
CBDDTY010005353.1	1	1000	2	637	63.7	1.119	32.4	60
CBDDTY010005354.1	1	815	2	475	58.2822	0.582822	31.2	39.5
CBDDTY010005355.1	1	1000	3	840	84	1.047	32.7	60
CBDDTY010005356.1	1	1000	3	840	84	0.964	31.4	54
CBDDTY010005357.1	1	1000	7	739	73.9	2.466	27.7	18.4
CBDDTY010005358.1	1	1000	6	940	94	2	29.7	54.3
CBDDTY010005359.1	1	1000	2	271	27.1	0.271	28.3	0
CBDDTY010005360.1	1	1000	3	800	80	1.171	28.3	1
CBDDTY010005361.1	1	1000	3	275	27.5	0.603	30.5	3
CBDDTY010005362.1	1	1000	5	717	71.7	1.629	26.1	28.2
CBDDTY010005364.1	1	1000	3	609	60.9	1.22	33.5	60
CBDDTY010005365.1	1	1000	2	190	19	0.312	27.5	30
CBDDTY010005366.1	1	1000	3	819	81.9	1.566	33.1	60
CBDDTY010005367.1	1	1000	1	288	28.8	0.288	37.6	15
CBDDTY010005369.1	1	1000	6	884	88.4	2.543	31.3	27.7
CBDDTY010005370.1	1	1000	2	239	23.9	0.239	31.4	0
CBDDTY010005371.1	1	1000	2	322	32.2	0.322	29.1	26.5
CBDDTY010005372.1	1	1000	1	254	25.4	0.254	35.1	45
CBDDTY010005375.1	1	1000	1	224	22.4	0.224	16.8	1
CBDDTY010005376.1	1	1000	2	673	67.3	0.943	31.9	60
CBDDTY010005377.1	1	1000	6	799	79.9	2.097	30.2	24.8
CBDDTY010005378.1	1	1000	1	451	45.1	0.451	17.9	1
CBDDTY010005379.1	1	1000	2	841	84.1	1.239	31.8	46.5
CBDDTY010005382.1	1	1000	6	1000	100	2.157	31.2	50
CBDDTY010005384.1	1	1000	7	728	72.8	2.684	31.8	3.57
CBDDTY010005385.1	1	1000	35	1000	100	13.858	33.2	40.7
CBDDTY010005386.1	1	1000	1	233	23.3	0.233	25.9	1
CBDDTY010005387.1	1	1000	6	719	71.9	1.352	31.2	33.2
CBDDTY010005388.1	1	1000	4	799	79.9	1.107	28.9	16.5
CBDDTY010005389.1	1	1000	2	354	35.4	0.577	30.4	0.5
CBDDTY010005390.1	1	1000	1	265	26.5	0.265	33	60
CBDDTY010005391.1	1	1000	11	794	79.4	3.377	27.4	2.55
CBDDTY010005393.1	1	1000	1	150	15	0.15	29	1
CBDDTY010005394.1	1	1000	1	506	50.6	0.506	20.2	59
CBDDTY010005396.1	1	1000	1	361	36.1	0.361	24.9	3
CBDDTY010005398.1	1	1000	2	620	62	0.744	26.9	5
CBDDTY010005400.1	1	1000	14	893	89.3	4.559	29.5	13.9
CBDDTY010005403.1	1	1000	1	101	10.1	0.101	34.9	28
CBDDTY010005404.1	1	1000	3	439	43.9	0.476	27.3	16.7
CBDDTY010005406.1	1	1000	3	488	48.8	0.634	33.7	34.7
CBDDTY010005408.1	1	1000	1	613	61.3	0.613	36.6	60
CBDDTY010005409.1	1	1000	2	581	58.1	0.783	31.7	1
CBDDTY010005410.1	1	1000	1	594	59.4	0.594	33.1	1
CBDDTY010005411.1	1	1000	11	998	99.8	3.039	31.5	58.1
CBDDTY010005412.1	1	1000	4	974	97.4	1.996	30.7	40.8
CBDDTY010005413.1	1	1000	1	109	10.9	0.109	32	29
CBDDTY010005414.1	1	1000	2	629	62.9	0.629	32.5	30.5
CBDDTY010005415.1	1	1000	3	837	83.7	1.133	28.7	60
CBDDTY010005416.1	1	1000	4	980	98	1.662	31.7	47.2
CBDDTY010005419.1	1	1000	12	954	95.4	5.421	30.7	26.5
CBDDTY010005421.1	1	1000	1	248	24.8	0.248	28	1
CBDDTY010005422.1	1	1000	1	505	50.5	0.505	31.7	60
CBDDTY010005425.1	1	1000	1	229	22.9	0.229	33.5	60
CBDDTY010005426.1	1	1000	12	995	99.5	4.685	30.1	55.6
CBDDTY010005427.1	1	1000	5	950	95	2.018	29.7	49.8
CBDDTY010005429.1	1	1000	1	167	16.7	0.167	27.5	48
CBDDTY010005431.1	1	1000	4	820	82	1.612	29.6	60
CBDDTY010005432.1	1	1000	1	394	39.4	0.394	32	60
CBDDTY010005433.1	1	1000	8	999	99.9	4.147	33.1	56.9
CBDDTY010005435.1	1	1000	3	456	45.6	0.565	27.8	12
CBDDTY010005437.1	1	1000	8	809	80.9	3.278	34.5	36.6
CBDDTY010005438.1	1	1000	2	163	16.3	0.233	33	0
CBDDTY010005439.1	1	1000	4	600	60	1.272	35	35
CBDDTY010005440.1	1	1000	1	82	8.2	0.082	28.4	0
CBDDTY010005442.1	1	1000	3	737	73.7	1.308	30.2	48.7
CBDDTY010005443.1	1	1000	4	358	35.8	0.626	32.3	30
CBDDTY010005445.1	1	1000	6	694	69.4	1.111	32.7	3.83
CBDDTY010005447.1	1	1000	2	555	55.5	0.84	34.4	31.5
CBDDTY010005451.1	1	1000	2	408	40.8	0.533	30.8	40.5
CBDDTY010005452.1	1	1000	1	70	7	0.07	34.8	14
CBDDTY010005454.1	1	1000	2	722	72.2	0.722	30	60
CBDDTY010005457.1	1	1000	4	485	48.5	1.192	27.6	27.5
CBDDTY010005458.1	1	1000	2	783	78.3	1.444	29.2	60
CBDDTY010005459.1	1	1000	3	723	72.3	1.071	29	60
CBDDTY010005461.1	1	1000	4	939	93.9	1.27	30.9	55.8
CBDDTY010005463.1	1	1000	2	575	57.5	0.575	31.7	56
CBDDTY010005464.1	1	1000	2	691	69.1	1.111	29.5	60
CBDDTY010005465.1	1	1000	2	387	38.7	0.387	25.2	2.5
CBDDTY010005471.1	1	1000	10	905	90.5	3.153	29	49
CBDDTY010005472.1	1	1000	12	538	53.8	3.06	29.3	0.417
CBDDTY010005474.1	1	1000	4	905	90.5	1.816	26.8	38
CBDDTY010005475.1	1	1000	7	962	96.2	3.736	33.9	45.7
CBDDTY010005476.1	1	1000	13	1000	100	4.194	30.2	57.6
CBDDTY010005477.1	1	1000	6	942	94.2	3.429	29.7	11.2
CBDDTY010005478.1	1	1000	2	733	73.3	0.733	30.8	60
CBDDTY010005479.1	1	1000	3	862	86.2	1.306	32.1	52.3
CBDDTY010005480.1	1	1000	2	557	55.7	0.557	40.4	2
CBDDTY010005481.1	1	1000	2	179	17.9	0.246	29.7	35
CBDDTY010005482.1	1	1000	4	799	79.9	2.263	27.9	3.75
CBDDTY010005483.1	1	1000	1	93	9.3	0.093	33	5
CBDDTY010005484.1	1	1000	2	688	68.8	0.688	35.6	60
CBDDTY010005487.1	1	1000	3	449	44.9	0.872	27.2	59.7
CBDDTY010005488.1	1	1000	19	999	99.9	7.235	32.1	53.4
CBDDTY010005491.1	1	1000	5	951	95.1	2.004	29.7	60
CBDDTY010005494.1	1	1000	2	234	23.4	0.234	30.2	39.5
CBDDTY010005495.1	1	1000	1	154	15.4	0.154	31.2	60
CBDDTY010005496.1	1	1000	3	981	98.1	2.114	34.4	60
CBDDTY010005499.1	1	1000	2	273	27.3	0.353	25.8	14
CBDDTY010005500.1	1	1000	3	376	37.6	0.751	33.1	1.67
CBDDTY010005501.1	1	1000	8	835	83.5	2.548	32.7	55.6
CBDDTY010005502.1	1	1000	8	859	85.9	1.811	31.9	42.9
CBDDTY010005503.1	1	1000	1	222	22.2	0.222	25.2	0
CBDDTY010005504.1	1	1000	2	331	33.1	0.417	32.4	56.5
CBDDTY010005505.1	1	1000	1	129	12.9	0.129	30.3	1
CBDDTY010005506.1	1	1000	1	100	10	0.1	31.2	0
CBDDTY010005507.1	1	1000	1	417	41.7	0.417	34.5	1
CBDDTY010005508.1	1	1000	2	846	84.6	0.846	39	50
CBDDTY010005509.1	1	1000	6	996	99.6	2.339	30.9	50.2
CBDDTY010005510.1	1	1000	2	859	85.9	0.859	31.8	60
CBDDTY010005511.1	1	1000	2	735	73.5	1.177	30.1	60
CBDDTY010005512.1	1	1000	1	166	16.6	0.166	33	0
CBDDTY010005513.1	1	1000	1	405	40.5	0.405	27.9	38
CBDDTY010005514.1	1	1000	5	556	55.6	0.923	26.4	29.8
CBDDTY010005517.1	1	1000	2	295	29.5	0.53	29.4	16
CBDDTY010005518.1	1	1000	2	255	25.5	0.498	30.8	60
CBDDTY010005520.1	1	1000	1	384	38.4	0.384	31.2	54
CBDDTY010005521.1	1	1000	3	501	50.1	0.505	34.5	2.67
CBDDTY010005522.1	1	1000	3	691	69.1	0.971	32.6	60
CBDDTY010005524.1	1	1000	5	900	90	1.73	35.8	47
CBDDTY010005525.1	1	1000	1	244	24.4	0.244	27.9	1
CBDDTY010005526.1	1	1000	1	156	15.6	0.156	28.2	57
CBDDTY010005528.1	1	1000	1	379	37.9	0.379	25.7	60
CBDDTY010005529.1	1	1000	4	692	69.2	1.351	31.6	60
CBDDTY010005530.1	1	1000	1	531	53.1	0.531	33.4	21
CBDDTY010005532.1	1	1000	2	681	68.1	0.681	26	60
CBDDTY010005536.1	1	1000	1	260	26	0.26	35.2	13
CBDDTY010005540.1	1	1000	2	204	20.4	0.204	28.8	30
CBDDTY010005541.1	1	1000	3	731	73.1	1.504	32.4	20.7
CBDDTY010005543.1	1	1000	7	853	85.3	1.928	25.9	50.7
CBDDTY010005544.1	1	1000	3	867	86.7	1.884	29	60
CBDDTY010005545.1	1	1000	1	527	52.7	0.527	35.5	49
CBDDTY010005546.1	1	1000	4	669	66.9	1.21	30.9	39.2
CBDDTY010005548.1	1	1000	8	965	96.5	2.295	30.9	39
CBDDTY010005549.1	1	1000	3	759	75.9	0.898	36.5	60
CBDDTY010005551.1	1	1000	2	412	41.2	0.518	28.3	30.5
CBDDTY010005552.1	1	1000	2	745	74.5	0.967	32.3	60
CBDDTY010005553.1	1	1000	3	534	53.4	0.806	27.6	27.3
CBDDTY010005554.1	1	1000	5	584	58.4	1.298	34	41.8
CBDDTY010005555.1	1	1000	4	868	86.8	1.11	27.1	50.8
CBDDTY010005556.1	1	1000	1	340	34	0.34	26.9	7
CBDDTY010005557.1	1	1000	1	289	28.9	0.289	29.3	60
CBDDTY010005559.1	1	1000	4	985	98.5	1.325	29.2	48
CBDDTY010005561.1	1	1000	1	353	35.3	0.353	31.7	60
CBDDTY010005562.1	1	1000	2	222	22.2	0.222	27.3	3.5
CBDDTY010005563.1	1	1000	1	247	24.7	0.247	39.9	34
CBDDTY010005564.1	1	1000	2	514	51.4	0.514	35.5	60
CBDDTY010005565.1	1	1000	1	201	20.1	0.201	32.1	8
CBDDTY010005566.1	1	1000	4	826	82.6	1.52	30.3	60
OZ247669.1	1	18777	3132	18777	100	73.2275	28.8	57.5
CBDDTY010000017.1	1	800	0	0	0	0	0	0
CBDDTY010000021.1	1	514	0	0	0	0	0	0
CBDDTY010000065.1	1	158000	0	0	0	0	0	0
CBDDTY010000167.1	1	53357	0	0	0	0	0	0
CBDDTY010000173.1	1	52000	0	0	0	0	0	0
CBDDTY010000932.1	1	32000	0	0	0	0	0	0
CBDDTY010001325.1	1	28786	0	0	0	0	0	0
CBDDTY010001726.1	1	25564	0	0	0	0	0	0
CBDDTY010001800.1	1	25000	0	0	0	0	0	0
CBDDTY010001817.1	1	24959	0	0	0	0	0	0
CBDDTY010002047.1	1	23000	0	0	0	0	0	0
CBDDTY010002196.1	1	22000	0	0	0	0	0	0
CBDDTY010002623.1	1	19000	0	0	0	0	0	0
CBDDTY010002642.1	1	18752	0	0	0	0	0	0
CBDDTY010002673.1	1	18426	0	0	0	0	0	0
CBDDTY010002698.1	1	18157	0	0	0	0	0	0
CBDDTY010002730.1	1	18000	0	0	0	0	0	0
CBDDTY010002840.1	1	17000	0	0	0	0	0	0
CBDDTY010002969.1	1	16000	0	0	0	0	0	0
CBDDTY010003062.1	1	15357	0	0	0	0	0	0
CBDDTY010003329.1	1	13000	0	0	0	0	0	0
CBDDTY010003590.1	1	7000	0	0	0	0	0	0
CBDDTY010003636.1	1	6000	0	0	0	0	0	0
CBDDTY010003644.1	1	6000	0	0	0	0	0	0
CBDDTY010003676.1	1	5000	0	0	0	0	0	0
CBDDTY010003743.1	1	4000	0	0	0	0	0	0
CBDDTY010003744.1	1	4000	0	0	0	0	0	0
CBDDTY010003761.1	1	4000	0	0	0	0	0	0
CBDDTY010003809.1	1	4000	0	0	0	0	0	0
CBDDTY010003844.1	1	4000	0	0	0	0	0	0
CBDDTY010003864.1	1	4000	0	0	0	0	0	0
CBDDTY010003882.1	1	3000	0	0	0	0	0	0
CBDDTY010003887.1	1	3000	0	0	0	0	0	0
CBDDTY010003891.1	1	3000	0	0	0	0	0	0
CBDDTY010003897.1	1	3000	0	0	0	0	0	0
CBDDTY010003899.1	1	3000	0	0	0	0	0	0
CBDDTY010003915.1	1	3000	0	0	0	0	0	0
CBDDTY010003940.1	1	3000	0	0	0	0	0	0
CBDDTY010003980.1	1	3000	0	0	0	0	0	0
CBDDTY010003996.1	1	3000	0	0	0	0	0	0
CBDDTY010004005.1	1	3000	0	0	0	0	0	0
CBDDTY010004012.1	1	3000	0	0	0	0	0	0
CBDDTY010004024.1	1	3000	0	0	0	0	0	0
CBDDTY010004045.1	1	3000	0	0	0	0	0	0
CBDDTY010004058.1	1	3000	0	0	0	0	0	0
CBDDTY010004060.1	1	3000	0	0	0	0	0	0
CBDDTY010004076.1	1	3000	0	0	0	0	0	0
CBDDTY010004106.1	1	3000	0	0	0	0	0	0
CBDDTY010004112.1	1	2000	0	0	0	0	0	0
CBDDTY010004121.1	1	2000	0	0	0	0	0	0
CBDDTY010004123.1	1	2000	0	0	0	0	0	0
CBDDTY010004137.1	1	2000	0	0	0	0	0	0
CBDDTY010004138.1	1	2000	0	0	0	0	0	0
CBDDTY010004148.1	1	2000	0	0	0	0	0	0
CBDDTY010004159.1	1	2000	0	0	0	0	0	0
CBDDTY010004165.1	1	2000	0	0	0	0	0	0
CBDDTY010004170.1	1	2000	0	0	0	0	0	0
CBDDTY010004174.1	1	2000	0	0	0	0	0	0
CBDDTY010004188.1	1	2000	0	0	0	0	0	0
CBDDTY010004194.1	1	2000	0	0	0	0	0	0
CBDDTY010004197.1	1	2000	0	0	0	0	0	0
CBDDTY010004205.1	1	2000	0	0	0	0	0	0
CBDDTY010004214.1	1	2000	0	0	0	0	0	0
CBDDTY010004218.1	1	2000	0	0	0	0	0	0
CBDDTY010004219.1	1	2000	0	0	0	0	0	0
CBDDTY010004237.1	1	2000	0	0	0	0	0	0
CBDDTY010004240.1	1	2000	0	0	0	0	0	0
CBDDTY010004255.1	1	2000	0	0	0	0	0	0
CBDDTY010004261.1	1	2000	0	0	0	0	0	0
CBDDTY010004279.1	1	2000	0	0	0	0	0	0
CBDDTY010004284.1	1	2000	0	0	0	0	0	0
CBDDTY010004295.1	1	2000	0	0	0	0	0	0
CBDDTY010004296.1	1	2000	0	0	0	0	0	0
CBDDTY010004299.1	1	2000	0	0	0	0	0	0
CBDDTY010004300.1	1	2000	0	0	0	0	0	0
CBDDTY010004303.1	1	2000	0	0	0	0	0	0
CBDDTY010004308.1	1	2000	0	0	0	0	0	0
CBDDTY010004313.1	1	2000	0	0	0	0	0	0
CBDDTY010004319.1	1	2000	0	0	0	0	0	0
CBDDTY010004341.1	1	2000	0	0	0	0	0	0
CBDDTY010004347.1	1	2000	0	0	0	0	0	0
CBDDTY010004362.1	1	2000	0	0	0	0	0	0
CBDDTY010004370.1	1	2000	0	0	0	0	0	0
CBDDTY010004371.1	1	2000	0	0	0	0	0	0
CBDDTY010004381.1	1	2000	0	0	0	0	0	0
CBDDTY010004382.1	1	2000	0	0	0	0	0	0
CBDDTY010004386.1	1	2000	0	0	0	0	0	0
CBDDTY010004398.1	1	2000	0	0	0	0	0	0
CBDDTY010004406.1	1	2000	0	0	0	0	0	0
CBDDTY010004419.1	1	2000	0	0	0	0	0	0
CBDDTY010004421.1	1	2000	0	0	0	0	0	0
CBDDTY010004426.1	1	2000	0	0	0	0	0	0
CBDDTY010004429.1	1	2000	0	0	0	0	0	0
CBDDTY010004430.1	1	2000	0	0	0	0	0	0
CBDDTY010004442.1	1	2000	0	0	0	0	0	0
CBDDTY010004458.1	1	2000	0	0	0	0	0	0
CBDDTY010004463.1	1	2000	0	0	0	0	0	0
CBDDTY010004471.1	1	2000	0	0	0	0	0	0
CBDDTY010004491.1	1	2000	0	0	0	0	0	0
CBDDTY010004496.1	1	2000	0	0	0	0	0	0
CBDDTY010004498.1	1	2000	0	0	0	0	0	0
CBDDTY010004507.1	1	2000	0	0	0	0	0	0
CBDDTY010004514.1	1	2000	0	0	0	0	0	0
CBDDTY010004515.1	1	2000	0	0	0	0	0	0
CBDDTY010004522.1	1	2000	0	0	0	0	0	0
CBDDTY010004527.1	1	2000	0	0	0	0	0	0
CBDDTY010004528.1	1	2000	0	0	0	0	0	0
CBDDTY010004542.1	1	2000	0	0	0	0	0	0
CBDDTY010004543.1	1	2000	0	0	0	0	0	0
CBDDTY010004544.1	1	2000	0	0	0	0	0	0
CBDDTY010004549.1	1	2000	0	0	0	0	0	0
CBDDTY010004551.1	1	2000	0	0	0	0	0	0
CBDDTY010004554.1	1	2000	0	0	0	0	0	0
CBDDTY010004567.1	1	2000	0	0	0	0	0	0
CBDDTY010004568.1	1	2000	0	0	0	0	0	0
CBDDTY010004569.1	1	2000	0	0	0	0	0	0
CBDDTY010004570.1	1	2000	0	0	0	0	0	0
CBDDTY010004582.1	1	2000	0	0	0	0	0	0
CBDDTY010004603.1	1	1000	0	0	0	0	0	0
CBDDTY010004604.1	1	1000	0	0	0	0	0	0
CBDDTY010004607.1	1	1000	0	0	0	0	0	0
CBDDTY010004608.1	1	1000	0	0	0	0	0	0
CBDDTY010004609.1	1	1000	0	0	0	0	0	0
CBDDTY010004614.1	1	1000	0	0	0	0	0	0
CBDDTY010004620.1	1	1000	0	0	0	0	0	0
CBDDTY010004622.1	1	1000	0	0	0	0	0	0
CBDDTY010004623.1	1	1000	0	0	0	0	0	0
CBDDTY010004625.1	1	1000	0	0	0	0	0	0
CBDDTY010004626.1	1	1000	0	0	0	0	0	0
CBDDTY010004633.1	1	1000	0	0	0	0	0	0
CBDDTY010004634.1	1	1000	0	0	0	0	0	0
CBDDTY010004658.1	1	1000	0	0	0	0	0	0
CBDDTY010004673.1	1	1000	0	0	0	0	0	0
CBDDTY010004682.1	1	1000	0	0	0	0	0	0
CBDDTY010004684.1	1	1000	0	0	0	0	0	0
CBDDTY010004690.1	1	1000	0	0	0	0	0	0
CBDDTY010004694.1	1	1000	0	0	0	0	0	0
CBDDTY010004702.1	1	1000	0	0	0	0	0	0
CBDDTY010004704.1	1	1000	0	0	0	0	0	0
CBDDTY010004710.1	1	1000	0	0	0	0	0	0
CBDDTY010004712.1	1	1000	0	0	0	0	0	0
CBDDTY010004713.1	1	1000	0	0	0	0	0	0
CBDDTY010004719.1	1	1000	0	0	0	0	0	0
CBDDTY010004725.1	1	1000	0	0	0	0	0	0
CBDDTY010004731.1	1	1000	0	0	0	0	0	0
CBDDTY010004733.1	1	1000	0	0	0	0	0	0
CBDDTY010004735.1	1	1000	0	0	0	0	0	0
CBDDTY010004736.1	1	1000	0	0	0	0	0	0
CBDDTY010004739.1	1	1000	0	0	0	0	0	0
CBDDTY010004742.1	1	1000	0	0	0	0	0	0
CBDDTY010004748.1	1	1000	0	0	0	0	0	0
CBDDTY010004762.1	1	1000	0	0	0	0	0	0
CBDDTY010004764.1	1	1000	0	0	0	0	0	0
CBDDTY010004768.1	1	1000	0	0	0	0	0	0
CBDDTY010004771.1	1	1000	0	0	0	0	0	0
CBDDTY010004778.1	1	1000	0	0	0	0	0	0
CBDDTY010004780.1	1	1000	0	0	0	0	0	0
CBDDTY010004781.1	1	1000	0	0	0	0	0	0
CBDDTY010004782.1	1	1000	0	0	0	0	0	0
CBDDTY010004785.1	1	1000	0	0	0	0	0	0
CBDDTY010004788.1	1	1000	0	0	0	0	0	0
CBDDTY010004789.1	1	1000	0	0	0	0	0	0
CBDDTY010004793.1	1	1000	0	0	0	0	0	0
CBDDTY010004799.1	1	1000	0	0	0	0	0	0
CBDDTY010004802.1	1	1000	0	0	0	0	0	0
CBDDTY010004803.1	1	1000	0	0	0	0	0	0
CBDDTY010004815.1	1	1000	0	0	0	0	0	0
CBDDTY010004819.1	1	1000	0	0	0	0	0	0
CBDDTY010004820.1	1	1000	0	0	0	0	0	0
CBDDTY010004824.1	1	1000	0	0	0	0	0	0
CBDDTY010004828.1	1	1000	0	0	0	0	0	0
CBDDTY010004836.1	1	1000	0	0	0	0	0	0
CBDDTY010004839.1	1	1000	0	0	0	0	0	0
CBDDTY010004841.1	1	1000	0	0	0	0	0	0
CBDDTY010004846.1	1	1000	0	0	0	0	0	0
CBDDTY010004848.1	1	1000	0	0	0	0	0	0
CBDDTY010004852.1	1	1000	0	0	0	0	0	0
CBDDTY010004855.1	1	1000	0	0	0	0	0	0
CBDDTY010004859.1	1	1000	0	0	0	0	0	0
CBDDTY010004860.1	1	1000	0	0	0	0	0	0
CBDDTY010004861.1	1	1000	0	0	0	0	0	0
CBDDTY010004869.1	1	1000	0	0	0	0	0	0
CBDDTY010004870.1	1	1000	0	0	0	0	0	0
CBDDTY010004872.1	1	1000	0	0	0	0	0	0
CBDDTY010004883.1	1	1000	0	0	0	0	0	0
CBDDTY010004885.1	1	1000	0	0	0	0	0	0
CBDDTY010004890.1	1	1000	0	0	0	0	0	0
CBDDTY010004892.1	1	1000	0	0	0	0	0	0
CBDDTY010004893.1	1	1000	0	0	0	0	0	0
CBDDTY010004894.1	1	1000	0	0	0	0	0	0
CBDDTY010004895.1	1	1000	0	0	0	0	0	0
CBDDTY010004897.1	1	1000	0	0	0	0	0	0
CBDDTY010004902.1	1	1000	0	0	0	0	0	0
CBDDTY010004905.1	1	1000	0	0	0	0	0	0
CBDDTY010004909.1	1	1000	0	0	0	0	0	0
CBDDTY010004910.1	1	1000	0	0	0	0	0	0
CBDDTY010004914.1	1	1000	0	0	0	0	0	0
CBDDTY010004918.1	1	1000	0	0	0	0	0	0
CBDDTY010004920.1	1	1000	0	0	0	0	0	0
CBDDTY010004922.1	1	1000	0	0	0	0	0	0
CBDDTY010004925.1	1	1000	0	0	0	0	0	0
CBDDTY010004928.1	1	1000	0	0	0	0	0	0
CBDDTY010004931.1	1	1000	0	0	0	0	0	0
CBDDTY010004936.1	1	1000	0	0	0	0	0	0
CBDDTY010004940.1	1	1000	0	0	0	0	0	0
CBDDTY010004946.1	1	1000	0	0	0	0	0	0
CBDDTY010004948.1	1	1000	0	0	0	0	0	0
CBDDTY010004949.1	1	1000	0	0	0	0	0	0
CBDDTY010004951.1	1	1000	0	0	0	0	0	0
CBDDTY010004977.1	1	1000	0	0	0	0	0	0
CBDDTY010004984.1	1	1000	0	0	0	0	0	0
CBDDTY010004986.1	1	1000	0	0	0	0	0	0
CBDDTY010004991.1	1	1000	0	0	0	0	0	0
CBDDTY010004992.1	1	1000	0	0	0	0	0	0
CBDDTY010004993.1	1	1000	0	0	0	0	0	0
CBDDTY010004994.1	1	1000	0	0	0	0	0	0
CBDDTY010004997.1	1	1000	0	0	0	0	0	0
CBDDTY010005006.1	1	1000	0	0	0	0	0	0
CBDDTY010005009.1	1	1000	0	0	0	0	0	0
CBDDTY010005010.1	1	1000	0	0	0	0	0	0
CBDDTY010005011.1	1	1000	0	0	0	0	0	0
CBDDTY010005013.1	1	1000	0	0	0	0	0	0
CBDDTY010005016.1	1	1000	0	0	0	0	0	0
CBDDTY010005017.1	1	1000	0	0	0	0	0	0
CBDDTY010005018.1	1	1000	0	0	0	0	0	0
CBDDTY010005022.1	1	1000	0	0	0	0	0	0
CBDDTY010005031.1	1	1000	0	0	0	0	0	0
CBDDTY010005039.1	1	1000	0	0	0	0	0	0
CBDDTY010005040.1	1	1000	0	0	0	0	0	0
CBDDTY010005042.1	1	1000	0	0	0	0	0	0
CBDDTY010005044.1	1	1000	0	0	0	0	0	0
CBDDTY010005049.1	1	1000	0	0	0	0	0	0
CBDDTY010005052.1	1	1000	0	0	0	0	0	0
CBDDTY010005053.1	1	1000	0	0	0	0	0	0
CBDDTY010005055.1	1	1000	0	0	0	0	0	0
CBDDTY010005056.1	1	1000	0	0	0	0	0	0
CBDDTY010005059.1	1	1000	0	0	0	0	0	0
CBDDTY010005064.1	1	1000	0	0	0	0	0	0
CBDDTY010005068.1	1	1000	0	0	0	0	0	0
CBDDTY010005069.1	1	1000	0	0	0	0	0	0
CBDDTY010005072.1	1	1000	0	0	0	0	0	0
CBDDTY010005077.1	1	1000	0	0	0	0	0	0
CBDDTY010005078.1	1	1000	0	0	0	0	0	0
CBDDTY010005079.1	1	1000	0	0	0	0	0	0
CBDDTY010005084.1	1	1000	0	0	0	0	0	0
CBDDTY010005085.1	1	1000	0	0	0	0	0	0
CBDDTY010005087.1	1	1000	0	0	0	0	0	0
CBDDTY010005090.1	1	1000	0	0	0	0	0	0
CBDDTY010005100.1	1	1000	0	0	0	0	0	0
CBDDTY010005114.1	1	1000	0	0	0	0	0	0
CBDDTY010005119.1	1	1000	0	0	0	0	0	0
CBDDTY010005120.1	1	1000	0	0	0	0	0	0
CBDDTY010005123.1	1	1000	0	0	0	0	0	0
CBDDTY010005125.1	1	1000	0	0	0	0	0	0
CBDDTY010005130.1	1	1000	0	0	0	0	0	0
CBDDTY010005135.1	1	1000	0	0	0	0	0	0
CBDDTY010005138.1	1	1000	0	0	0	0	0	0
CBDDTY010005140.1	1	1000	0	0	0	0	0	0
CBDDTY010005141.1	1	1000	0	0	0	0	0	0
CBDDTY010005144.1	1	1000	0	0	0	0	0	0
CBDDTY010005146.1	1	1000	0	0	0	0	0	0
CBDDTY010005148.1	1	1000	0	0	0	0	0	0
CBDDTY010005149.1	1	1000	0	0	0	0	0	0
CBDDTY010005153.1	1	1000	0	0	0	0	0	0
CBDDTY010005155.1	1	1000	0	0	0	0	0	0
CBDDTY010005159.1	1	1000	0	0	0	0	0	0
CBDDTY010005160.1	1	1000	0	0	0	0	0	0
CBDDTY010005161.1	1	1000	0	0	0	0	0	0
CBDDTY010005164.1	1	1000	0	0	0	0	0	0
CBDDTY010005165.1	1	1000	0	0	0	0	0	0
CBDDTY010005167.1	1	600	0	0	0	0	0	0
CBDDTY010005175.1	1	1000	0	0	0	0	0	0
CBDDTY010005176.1	1	1000	0	0	0	0	0	0
CBDDTY010005178.1	1	1000	0	0	0	0	0	0
CBDDTY010005179.1	1	1000	0	0	0	0	0	0
CBDDTY010005184.1	1	1000	0	0	0	0	0	0
CBDDTY010005185.1	1	1000	0	0	0	0	0	0
CBDDTY010005190.1	1	1000	0	0	0	0	0	0
CBDDTY010005191.1	1	1000	0	0	0	0	0	0
CBDDTY010005195.1	1	1000	0	0	0	0	0	0
CBDDTY010005196.1	1	1000	0	0	0	0	0	0
CBDDTY010005204.1	1	1000	0	0	0	0	0	0
CBDDTY010005205.1	1	1000	0	0	0	0	0	0
CBDDTY010005206.1	1	1000	0	0	0	0	0	0
CBDDTY010005207.1	1	1000	0	0	0	0	0	0
CBDDTY010005209.1	1	1000	0	0	0	0	0	0
CBDDTY010005210.1	1	1000	0	0	0	0	0	0
CBDDTY010005216.1	1	1000	0	0	0	0	0	0
CBDDTY010005217.1	1	1000	0	0	0	0	0	0
CBDDTY010005218.1	1	1000	0	0	0	0	0	0
CBDDTY010005220.1	1	1000	0	0	0	0	0	0
CBDDTY010005222.1	1	1000	0	0	0	0	0	0
CBDDTY010005224.1	1	1000	0	0	0	0	0	0
CBDDTY010005226.1	1	1000	0	0	0	0	0	0
CBDDTY010005228.1	1	1000	0	0	0	0	0	0
CBDDTY010005231.1	1	1000	0	0	0	0	0	0
CBDDTY010005233.1	1	1000	0	0	0	0	0	0
CBDDTY010005234.1	1	1000	0	0	0	0	0	0
CBDDTY010005236.1	1	1000	0	0	0	0	0	0
CBDDTY010005244.1	1	1000	0	0	0	0	0	0
CBDDTY010005246.1	1	1000	0	0	0	0	0	0
CBDDTY010005249.1	1	1000	0	0	0	0	0	0
CBDDTY010005250.1	1	1000	0	0	0	0	0	0
CBDDTY010005254.1	1	1000	0	0	0	0	0	0
CBDDTY010005258.1	1	1000	0	0	0	0	0	0
CBDDTY010005259.1	1	1000	0	0	0	0	0	0
CBDDTY010005260.1	1	1000	0	0	0	0	0	0
CBDDTY010005271.1	1	1000	0	0	0	0	0	0
CBDDTY010005275.1	1	1000	0	0	0	0	0	0
CBDDTY010005280.1	1	1000	0	0	0	0	0	0
CBDDTY010005289.1	1	1000	0	0	0	0	0	0
CBDDTY010005290.1	1	1000	0	0	0	0	0	0
CBDDTY010005292.1	1	1000	0	0	0	0	0	0
CBDDTY010005301.1	1	1000	0	0	0	0	0	0
CBDDTY010005302.1	1	1000	0	0	0	0	0	0
CBDDTY010005306.1	1	1000	0	0	0	0	0	0
CBDDTY010005307.1	1	1000	0	0	0	0	0	0
CBDDTY010005308.1	1	1000	0	0	0	0	0	0
CBDDTY010005315.1	1	1000	0	0	0	0	0	0
CBDDTY010005317.1	1	1000	0	0	0	0	0	0
CBDDTY010005323.1	1	1000	0	0	0	0	0	0
CBDDTY010005324.1	1	1000	0	0	0	0	0	0
CBDDTY010005325.1	1	1000	0	0	0	0	0	0
CBDDTY010005330.1	1	1000	0	0	0	0	0	0
CBDDTY010005334.1	1	1000	0	0	0	0	0	0
CBDDTY010005338.1	1	1000	0	0	0	0	0	0
CBDDTY010005341.1	1	1000	0	0	0	0	0	0
CBDDTY010005350.1	1	1000	0	0	0	0	0	0
CBDDTY010005351.1	1	1000	0	0	0	0	0	0
CBDDTY010005363.1	1	1000	0	0	0	0	0	0
CBDDTY010005368.1	1	1000	0	0	0	0	0	0
CBDDTY010005373.1	1	1000	0	0	0	0	0	0
CBDDTY010005374.1	1	1000	0	0	0	0	0	0
CBDDTY010005380.1	1	1000	0	0	0	0	0	0
CBDDTY010005381.1	1	1000	0	0	0	0	0	0
CBDDTY010005383.1	1	1000	0	0	0	0	0	0
CBDDTY010005392.1	1	1000	0	0	0	0	0	0
CBDDTY010005395.1	1	1000	0	0	0	0	0	0
CBDDTY010005397.1	1	1000	0	0	0	0	0	0
CBDDTY010005399.1	1	1000	0	0	0	0	0	0
CBDDTY010005401.1	1	1000	0	0	0	0	0	0
CBDDTY010005402.1	1	1000	0	0	0	0	0	0
CBDDTY010005405.1	1	1000	0	0	0	0	0	0
CBDDTY010005407.1	1	1000	0	0	0	0	0	0
CBDDTY010005417.1	1	1000	0	0	0	0	0	0
CBDDTY010005418.1	1	1000	0	0	0	0	0	0
CBDDTY010005420.1	1	1000	0	0	0	0	0	0
CBDDTY010005423.1	1	1000	0	0	0	0	0	0
CBDDTY010005424.1	1	1000	0	0	0	0	0	0
CBDDTY010005428.1	1	1000	0	0	0	0	0	0
CBDDTY010005430.1	1	1000	0	0	0	0	0	0
CBDDTY010005434.1	1	1000	0	0	0	0	0	0
CBDDTY010005436.1	1	1000	0	0	0	0	0	0
CBDDTY010005441.1	1	1000	0	0	0	0	0	0
CBDDTY010005444.1	1	1000	0	0	0	0	0	0
CBDDTY010005446.1	1	1000	0	0	0	0	0	0
CBDDTY010005448.1	1	1000	0	0	0	0	0	0
CBDDTY010005449.1	1	1000	0	0	0	0	0	0
CBDDTY010005450.1	1	1000	0	0	0	0	0	0
CBDDTY010005453.1	1	1000	0	0	0	0	0	0
CBDDTY010005455.1	1	1000	0	0	0	0	0	0
CBDDTY010005456.1	1	1000	0	0	0	0	0	0
CBDDTY010005460.1	1	1000	0	0	0	0	0	0
CBDDTY010005462.1	1	1000	0	0	0	0	0	0
CBDDTY010005466.1	1	1000	0	0	0	0	0	0
CBDDTY010005467.1	1	1000	0	0	0	0	0	0
CBDDTY010005468.1	1	1000	0	0	0	0	0	0
CBDDTY010005469.1	1	1000	0	0	0	0	0	0
CBDDTY010005470.1	1	1000	0	0	0	0	0	0
CBDDTY010005473.1	1	1000	0	0	0	0	0	0
CBDDTY010005485.1	1	1000	0	0	0	0	0	0
CBDDTY010005486.1	1	1000	0	0	0	0	0	0
CBDDTY010005489.1	1	1000	0	0	0	0	0	0
CBDDTY010005490.1	1	1000	0	0	0	0	0	0
CBDDTY010005492.1	1	1000	0	0	0	0	0	0
CBDDTY010005493.1	1	1000	0	0	0	0	0	0
CBDDTY010005497.1	1	1000	0	0	0	0	0	0
CBDDTY010005498.1	1	1000	0	0	0	0	0	0
CBDDTY010005515.1	1	1000	0	0	0	0	0	0
CBDDTY010005516.1	1	1000	0	0	0	0	0	0
CBDDTY010005519.1	1	1000	0	0	0	0	0	0
CBDDTY010005523.1	1	1000	0	0	0	0	0	0
CBDDTY010005527.1	1	1000	0	0	0	0	0	0
CBDDTY010005531.1	1	1000	0	0	0	0	0	0
CBDDTY010005533.1	1	1000	0	0	0	0	0	0
CBDDTY010005534.1	1	1000	0	0	0	0	0	0
CBDDTY010005535.1	1	1000	0	0	0	0	0	0
CBDDTY010005537.1	1	1000	0	0	0	0	0	0
CBDDTY010005538.1	1	1000	0	0	0	0	0	0
CBDDTY010005539.1	1	1000	0	0	0	0	0	0
CBDDTY010005542.1	1	1000	0	0	0	0	0	0
CBDDTY010005547.1	1	1000	0	0	0	0	0	0
CBDDTY010005550.1	1	1000	0	0	0	0	0	0
CBDDTY010005558.1	1	1000	0	0	0	0	0	0
CBDDTY010005560.1	1	1000	0	0	0	0	0	0
