#rname	startpos	endpos	numreads	covbases	coverage	meandepth	meanbaseq	meanmapq
OZ247652.1	1	90891126	160977	21370557	23.5123	0.467984	33	23.9
CBDDTY010000001.1	1	2201400	1980	286829	13.0294	0.235909	33.2	21.8
CBDDTY010000002.1	1	375200	744	75021	19.9949	0.58778	33.1	2.81
OZ247653.1	1	59305165	127828	19321877	32.5804	0.569478	33	29.3
CBDDTY010000003.1	1	159000	42	11666	7.33711	0.0919434	33.4	0.619
CBDDTY010000004.1	1	132000	132	18514	14.0258	0.321621	33.5	5
CBDDTY010000005.1	1	112000	153	19798	17.6768	0.454688	33.7	0.425
OZ247654.1	1	55603820	123907	18420987	33.129	0.593959	32.9	28.5
CBDDTY010000006.1	1	237387	390	53049	22.3471	0.451705	32.6	30
CBDDTY010000007.1	1	212000	40	10525	4.96462	0.0768019	32.1	2.2
OZ247655.1	1	27535131	65369	7802455	28.3364	0.647157	33.1	25.5
OZ247656.1	1	25493044	67643	10075380	39.5221	0.712042	33	32.3
OZ247657.1	1	20427586	49656	7748424	37.9312	0.648675	33.1	33.2
CBDDTY010000008.1	1	1510391	120	36414	2.4109	0.0305543	32.3	1.03
CBDDTY010000009.1	1	203586	116	21938	10.7758	0.171019	33.4	1.65
OZ247658.1	1	19570859	43667	6717836	34.3257	0.597772	33.1	30.6
OZ247659.1	1	15043846	32978	4981310	33.1119	0.579479	33	28.6
CBDDTY010000010.1	1	3154400	3959	546013	17.3096	0.336608	33	22.7
CBDDTY010000011.1	1	372599	1955	160800	43.1563	1.63959	31.8	5.5
OZ247660.1	1	18558849	38968	5997121	32.3141	0.562357	33	29.3
OZ247661.1	1	18228942	52790	6383775	35.02	0.785795	33	24.4
OZ247662.1	1	18164600	42954	6556948	36.0974	0.633963	32.9	30.9
OZ247663.1	1	17898725	41521	5940781	33.1911	0.630864	32.9	28.1
OZ247664.1	1	16834196	39163	6059673	35.9962	0.623497	33	30.8
OZ247665.1	1	16704832	41534	6092081	36.469	0.665349	33.1	30.5
OZ247666.1	1	16645368	37782	5818223	34.954	0.60464	33	30.8
OZ247667.1	1	14847524	31593	5058139	34.0672	0.576942	33	33.3
OZ247668.1	1	14820029	33507	5189610	35.0175	0.606429	33.1	30.4
CBDDTY010000012.1	1	6743	7	1092	16.1946	0.248554	28.7	42.7
CBDDTY010000013.1	1	37029	3	1033	2.78971	0.0278971	31	0.333
CBDDTY010000014.1	1	74823	294	38318	51.2115	1.05331	33.4	35.7
CBDDTY010000015.1	1	513578	1110	139006	27.0662	0.579047	33.2	18.5
CBDDTY010000016.1	1	15272	39	3950	25.8643	0.694081	31.8	7.23
CBDDTY010000017.1	1	800	1	91	11.375	0.11375	34.7	0
CBDDTY010000018.1	1	1808000	3349	466165	25.7835	0.505523	32.9	15.4
CBDDTY010000019.1	1	1397391	3278	437061	31.2769	0.690547	32.9	1.36
CBDDTY010000020.1	1	1374880	1754	242747	17.6559	0.327117	32.9	20.7
CBDDTY010000021.1	1	514	1	322	62.6459	0.626459	35.9	7
CBDDTY010000022.1	1	792527	1646	218669	27.5914	0.544253	33.3	17.8
CBDDTY010000023.1	1	1139680	5147	247991	21.7597	1.68085	33.1	7.57
CBDDTY010000024.1	1	1667	3	404	24.2352	0.469106	34.2	5.33
CBDDTY010000025.1	1	1026420	1750	249409	24.2989	0.450167	33	24.6
CBDDTY010000026.1	1	1012600	686	94960	9.37784	0.186961	32.8	21.2
CBDDTY010000027.1	1	968581	1065	154045	15.9042	0.301645	32.8	21.2
CBDDTY010000028.1	1	555299	1535	158299	28.507	0.813061	33.1	6.9
CBDDTY010000029.1	1	799000	2857	190032	23.7837	1.05032	33.1	19.5
CBDDTY010000030.1	1	749000	53	13065	1.74433	0.0219159	33.7	1.02
CBDDTY010000031.1	1	715217	1070	132442	18.5177	0.387534	32.8	23.8
CBDDTY010000032.1	1	699400	587	78709	11.2538	0.22819	33.2	8.87
CBDDTY010000033.1	1	662224	75	18660	2.81778	0.0378633	33.5	0.747
CBDDTY010000034.1	1	657600	1585	114715	17.4445	0.744611	33.3	13.2
CBDDTY010000035.1	1	604775	1235	164550	27.2085	0.548181	32.9	26.7
CBDDTY010000036.1	1	577475	1081	158943	27.5238	0.479333	33	24.9
CBDDTY010000037.1	1	364000	51	11506	3.16099	0.0416896	31	25.6
CBDDTY010000038.1	1	353843	425	59419	16.7925	0.315052	33.3	24.3
CBDDTY010000039.1	1	347000	468	69662	20.0755	0.334527	32.4	14.3
CBDDTY010000040.1	1	340000	214	30751	9.04441	0.181135	32.9	18.1
CBDDTY010000041.1	1	335200	351	58627	17.4902	0.277357	32.7	15.6
CBDDTY010000042.1	1	294000	844	108831	37.0173	0.74733	32.7	20.6
CBDDTY010000043.1	1	288000	379	47815	16.6024	0.331455	33.2	12
CBDDTY010000044.1	1	285552	420	52312	18.3196	0.363345	33.2	12.1
CBDDTY010000045.1	1	284000	444	62654	22.0613	0.441708	33	15
CBDDTY010000046.1	1	267800	710	83713	31.2595	0.672401	33.1	17.5
CBDDTY010000047.1	1	254316	29	4784	1.88112	0.0299352	34.3	1.72
CBDDTY010000048.1	1	240800	529	72615	30.1557	0.568044	33	20
CBDDTY010000049.1	1	221200	480	68735	31.0737	0.689896	33.1	5.76
CBDDTY010000050.1	1	211042	200	32769	15.5272	0.237901	33.7	20.7
CBDDTY010000051.1	1	205000	319	40414	19.7141	0.41799	32.4	18.5
CBDDTY010000052.1	1	195200	195	25695	13.1634	0.248847	32.4	12.7
CBDDTY010000053.1	1	195000	417	73813	37.8528	0.574549	33.4	40.9
CBDDTY010000054.1	1	194200	189	24890	12.8167	0.304748	33.1	1.53
CBDDTY010000055.1	1	193800	491	62555	32.2781	0.672549	32.9	23.3
CBDDTY010000056.1	1	190600	516	63240	33.1794	0.722807	32.3	18.7
CBDDTY010000057.1	1	180000	168	17279	9.59944	0.289122	32.1	3.97
CBDDTY010000058.1	1	178701	142	21296	11.9171	0.200452	33.8	13.4
CBDDTY010000059.1	1	175000	109	17932	10.2469	0.146543	33.2	4.41
CBDDTY010000060.1	1	169926	367	47261	27.8127	0.583766	33	8.24
CBDDTY010000061.1	1	165200	140	21750	13.1659	0.226671	33.6	8.37
CBDDTY010000062.1	1	162000	326	41944	25.8914	0.548086	32.9	12
CBDDTY010000063.1	1	161000	363	42304	26.2758	0.609366	32.9	1.42
CBDDTY010000064.1	1	4986	2	279	5.59567	0.0559567	31.4	8
CBDDTY010000066.1	1	155400	38	7109	4.57465	0.0691634	33.5	12.1
CBDDTY010000067.1	1	153036	289	40949	26.7578	0.512089	33	9.53
CBDDTY010000068.1	1	153000	270	30120	19.6863	0.46551	32.6	14.6
CBDDTY010000070.1	1	150357	297	47606	31.662	0.494244	33.1	16.7
CBDDTY010000071.1	1	142400	58	15558	10.9256	0.210211	30.9	1.9
CBDDTY010000072.1	1	140603	326	40661	28.919	0.645818	33.1	14.8
CBDDTY010000073.1	1	134000	58	19469	14.5291	0.225739	32.6	1.21
CBDDTY010000074.1	1	127396	75	11328	8.89196	0.148835	31.5	2.48
CBDDTY010000075.1	1	126000	119	17596	13.9651	0.218984	33.5	2.39
CBDDTY010000076.1	1	122094	334	41215	33.7568	0.704752	33.1	11.8
CBDDTY010000077.1	1	118000	108	20797	17.6246	0.255475	32.9	2.06
CBDDTY010000078.1	1	113200	155	24029	21.227	0.31364	34.2	0.103
CBDDTY010000079.1	1	110600	502	39511	35.7242	1.32158	32.7	17.5
CBDDTY010000080.1	1	109000	3	936	0.858716	0.00858716	34.5	0
CBDDTY010000081.1	1	106000	85	15685	14.7972	0.234858	33.1	0.176
CBDDTY010000082.1	1	105000	166	27421	26.1152	0.411762	32.9	15.5
CBDDTY010000083.1	1	103000	4	1149	1.11553	0.0116893	36.3	0.25
CBDDTY010000084.1	1	101400	4	924	0.911243	0.00911243	32.3	0.25
CBDDTY010000085.1	1	101000	38	6684	6.61782	0.0760297	33.6	0.158
CBDDTY010000086.1	1	99160	227	29702	29.9536	0.610629	32.7	25
CBDDTY010000087.1	1	98000	46	8574	8.74898	0.132969	31.6	0.37
CBDDTY010000088.1	1	94000	66	12567	13.3691	0.191223	33	5.05
CBDDTY010000089.1	1	93200	38	6528	7.00429	0.0922532	33.6	3.42
CBDDTY010000090.1	1	93200	255	25345	27.1942	0.753959	32.1	33.4
CBDDTY010000091.1	1	91592	6	879	0.959691	0.0159839	35.6	0.333
CBDDTY010000092.1	1	91000	13	4958	5.44835	0.0591209	30	1.23
CBDDTY010000093.1	1	89742	198	30726	34.2381	0.54026	33.2	2.27
CBDDTY010000094.1	1	89082	95	15232	17.0989	0.270526	33.6	14.1
CBDDTY010000095.1	1	89000	40	7160	8.04494	0.103	32.2	19.1
CBDDTY010000096.1	1	89000	10	3403	3.8236	0.0413483	35.1	3.4
CBDDTY010000097.1	1	88400	84	10205	11.5441	0.251776	32.6	8.96
CBDDTY010000098.1	1	88187	69	9638	10.929	0.180866	33.2	1.1
CBDDTY010000099.1	1	88000	326	38694	43.9705	0.958295	32.2	19.7
CBDDTY010000100.1	1	85432	251	33614	39.3459	0.782295	33	4.8
CBDDTY010000101.1	1	84721	129	23779	28.0674	0.375527	32.4	8.19
CBDDTY010000102.1	1	84000	208	30265	36.0298	0.65975	33.2	23.9
CBDDTY010000103.1	1	82593	6	1268	1.53524	0.0153524	35	0.167
CBDDTY010000104.1	1	82000	100	12485	15.2256	0.389988	33.1	0.29
CBDDTY010000105.1	1	81000	3	714	0.881481	0.00881481	29.4	0.333
CBDDTY010000106.1	1	79800	106	14340	17.9699	0.352381	33.6	16.2
CBDDTY010000107.1	1	80000	5	1785	2.23125	0.03295	33.9	0.8
CBDDTY010000108.1	1	80000	95	12706	15.8825	0.338525	33.9	13.3
CBDDTY010000109.1	1	79658	110	14359	18.0258	0.357729	33.5	18.5
CBDDTY010000110.1	1	78800	169	27151	34.4556	0.595114	32.6	29
CBDDTY010000111.1	1	79000	270	36973	46.8013	1.01329	34	2.87
CBDDTY010000112.1	1	78378	173	18606	23.7388	0.532228	32.9	12.1
CBDDTY010000113.1	1	78200	171	24625	31.4898	0.760985	33.5	5.06
CBDDTY010000114.1	1	77000	78	11440	14.8571	0.262935	33.4	20.2
CBDDTY010000115.1	1	76454	86	12132	15.8684	0.253054	34.7	0.442
CBDDTY010000116.1	1	75599	3071	39869	52.7375	11.6635	31	0.127
CBDDTY010000117.1	1	75000	177	21751	29.0013	0.619027	33.3	4.93
CBDDTY010000118.1	1	74641	145	27122	36.3366	0.509465	32.2	39.3
CBDDTY010000119.1	1	74000	180	28977	39.1581	0.623541	32.8	33
CBDDTY010000120.1	1	74000	72	11563	15.6257	0.241662	31.5	1.67
CBDDTY010000121.1	1	74000	41	9336	12.6162	0.187014	33.1	0.878
CBDDTY010000122.1	1	74000	2	535	0.722973	0.00722973	32.4	0
CBDDTY010000123.1	1	72678	134	19517	26.8541	0.538361	33.9	26.2
CBDDTY010000124.1	1	72011	106	15116	20.9912	0.385136	33.5	14.2
CBDDTY010000125.1	1	71823	142	22817	31.7684	0.510477	33.1	22.9
CBDDTY010000126.1	1	72000	188	24591	34.1542	0.687292	32.6	9.25
CBDDTY010000127.1	1	72000	8	1181	1.64028	0.0285	32.5	20.6
CBDDTY010000128.1	1	72000	149	18193	25.2681	0.545958	32.7	10.5
CBDDTY010000129.1	1	71000	108	10382	14.6225	0.404183	32.4	6.54
CBDDTY010000130.1	1	70000	71	10063	14.3757	0.227586	32.7	0.183
CBDDTY010000131.1	1	69800	163	20845	29.8639	0.583338	32.8	14.8
CBDDTY010000132.1	1	69600	27	5502	7.90517	0.0934052	33	6.3
CBDDTY010000133.1	1	68800	151	22996	33.4244	0.575422	33.3	9.36
CBDDTY010000134.1	1	69000	138	23297	33.7638	0.534739	33.3	2.64
CBDDTY010000135.1	1	68847	149	18884	27.4289	0.552878	33.1	7.66
CBDDTY010000136.1	1	68000	56	9585	14.0956	0.231191	33.4	24.7
CBDDTY010000137.1	1	68000	12	3063	4.50441	0.0473971	34.9	1.67
CBDDTY010000138.1	1	66000	294	20433	30.9591	1.16926	32.9	20
CBDDTY010000139.1	1	65676	40	9143	13.9214	0.164946	33.2	3.55
CBDDTY010000140.1	1	65517	106	17457	26.645	0.41928	33.4	34.4
CBDDTY010000141.1	1	65000	862	20485	31.5154	3.81649	32.5	16
CBDDTY010000142.1	1	64675	63	9447	14.6069	0.241593	33.3	1.46
CBDDTY010000143.1	1	64000	105	15127	23.6359	0.398484	33.2	4.09
CBDDTY010000144.1	1	64000	33	7829	12.2328	0.149391	33	1.03
CBDDTY010000145.1	1	64000	96	14574	22.7719	0.354578	33.4	13.7
CBDDTY010000146.1	1	63800	69	12171	19.0768	0.292398	33.6	17.2
CBDDTY010000147.1	1	64000	26	5054	7.89687	0.100875	32.7	0.923
CBDDTY010000148.1	1	63205	121	19278	30.5008	0.516019	33.3	5.96
CBDDTY010000149.1	1	63000	73	16127	25.5984	0.303905	33.5	2.05
CBDDTY010000150.1	1	63000	68	15662	24.8603	0.318587	32.9	0.0147
CBDDTY010000151.1	1	62400	152	13626	21.8365	0.668061	31.9	7.66
CBDDTY010000152.1	1	61800	127	14884	24.0841	0.506958	32.9	16.2
CBDDTY010000153.1	1	62000	79	13478	21.7387	0.318226	34.1	2.97
CBDDTY010000154.1	1	61792	55	3930	6.36005	0.218054	33.7	35.7
CBDDTY010000155.1	1	61130	97	14828	24.2565	0.398577	33.6	22
CBDDTY010000156.1	1	61000	17	2156	3.53443	0.0782951	34.7	0.941
CBDDTY010000158.1	1	59400	69	11492	19.3468	0.29766	32.4	1.43
CBDDTY010000159.1	1	60000	13	2592	4.32	0.0432	33.7	0
CBDDTY010000160.1	1	58000	41	7853	13.5397	0.16119	32.6	1.61
CBDDTY010000161.1	1	57000	11	2592	4.54737	0.0535614	34.6	0.273
CBDDTY010000162.1	1	56000	311	26347	47.0482	1.56925	32.9	0.534
CBDDTY010000163.1	1	55600	91	12644	22.741	0.403291	33.4	0.0659
CBDDTY010000164.1	1	54600	65	10472	19.1795	0.305971	33.6	22.3
CBDDTY010000165.1	1	54285	72	11843	21.8163	0.352989	33.5	0.472
CBDDTY010000166.1	1	54000	202	22228	41.163	1.00709	32.4	37.7
CBDDTY010000167.1	1	53357	5	1206	2.26025	0.0249639	28.4	1.6
CBDDTY010000168.1	1	53000	47	5845	11.0283	0.256698	31.8	2.49
CBDDTY010000169.1	1	53000	16	3493	6.59057	0.0806604	32.5	1.38
CBDDTY010000170.1	1	53000	22	5060	9.54717	0.100075	36	0.864
CBDDTY010000171.1	1	53000	3	666	1.2566	0.012566	34.1	4
CBDDTY010000172.1	1	52000	4	736	1.41538	0.0141538	31.6	1.25
CBDDTY010000174.1	1	52000	391	30410	58.4808	2.271	32.6	0.261
CBDDTY010000175.1	1	52000	5	1260	2.42308	0.0408654	35.6	0.6
CBDDTY010000176.1	1	51767	66	10016	19.3482	0.344949	32.3	8.89
CBDDTY010000177.1	1	51000	132	12008	23.5451	0.646353	33	7.7
CBDDTY010000178.1	1	51000	23	5168	10.1333	0.146471	33.2	1.61
CBDDTY010000179.1	1	50278	300	23113	45.9704	1.48646	33.7	0.617
CBDDTY010000180.1	1	50000	19	3633	7.266	0.08788	33.1	0
CBDDTY010000181.1	1	49343	362	27619	55.9735	2.28462	33.5	9.23
CBDDTY010000182.1	1	43800	67	9798	22.3699	0.366918	33.1	19.7
CBDDTY010000183.1	1	43018	23	5037	11.7091	0.148147	33.8	0.13
CBDDTY010000184.1	1	42800	65	9829	22.965	0.399883	34	6.74
CBDDTY010000185.1	1	39997	110	10062	25.1569	0.739705	32.7	45.4
CBDDTY010000186.1	1	39979	134	17499	43.7705	0.872833	33.2	25.5
CBDDTY010000187.1	1	39930	79	12734	31.8908	0.493138	33.4	21.8
CBDDTY010000188.1	1	39923	62	12729	31.8839	0.432658	32.7	31.8
CBDDTY010000189.1	1	39907	104	17198	43.0952	0.67116	33.6	41.4
CBDDTY010000190.1	1	39885	98	15368	38.5308	0.635853	31.6	38.4
CBDDTY010000191.1	1	39852	118	16202	40.6554	0.789471	32.8	33.8
CBDDTY010000192.1	1	39835	110	15000	37.6553	0.637279	32.9	29.1
CBDDTY010000193.1	1	39826	73	13311	33.4229	0.497765	32.5	38.1
CBDDTY010000194.1	1	39777	68	8486	21.3339	0.467481	32.1	10.5
CBDDTY010000195.1	1	39752	115	20130	50.639	0.77259	33.1	37.4
CBDDTY010000196.1	1	39747	103	17050	42.8963	0.657081	33.7	41.9
CBDDTY010000197.1	1	39727	81	13455	33.8687	0.602789	33	27.7
CBDDTY010000198.1	1	39726	95	17941	45.1619	0.722046	32.9	40.4
CBDDTY010000199.1	1	39701	9	1716	4.32231	0.0464724	33.1	6.33
CBDDTY010000200.1	1	39691	59	9958	25.0888	0.361744	32.4	21
CBDDTY010000201.1	1	39675	66	11210	28.2546	0.426641	33.8	34.1
CBDDTY010000202.1	1	39636	285	22481	56.7186	2.06103	33.4	40
CBDDTY010000203.1	1	39634	80	12783	32.2526	0.475072	33.2	13.5
CBDDTY010000204.1	1	39633	74	9824	24.7874	0.507405	32.9	14.2
CBDDTY010000205.1	1	39628	98	14929	37.6729	0.650071	32	30.7
CBDDTY010000206.1	1	39601	116	18550	46.8423	0.837252	33.5	34.3
CBDDTY010000207.1	1	39600	65	10528	26.5859	0.433813	32.5	33.4
CBDDTY010000208.1	1	39595	75	10595	26.7584	0.548327	33.2	20.1
CBDDTY010000209.1	1	39385	34	5597	14.211	0.186086	34.3	11
CBDDTY010000210.1	1	39584	28	5106	12.8992	0.188814	32.7	21.7
CBDDTY010000211.1	1	39576	59	6724	16.9901	0.312791	33.9	19.5
CBDDTY010000212.1	1	39569	47	7364	18.6105	0.266673	32.6	4.77
CBDDTY010000213.1	1	39567	109	14084	35.5953	0.720575	33	11.8
CBDDTY010000214.1	1	39564	133	18365	46.4185	0.888661	33.3	31.8
CBDDTY010000215.1	1	39559	75	9125	23.0668	0.519503	34.1	28.3
CBDDTY010000216.1	1	39546	54	8378	21.1855	0.338214	33.6	19.9
CBDDTY010000217.1	1	39539	82	12362	31.2653	0.504894	33.6	15.8
CBDDTY010000218.1	1	39539	79	15167	38.3596	0.551531	32.9	42.6
CBDDTY010000219.1	1	39529	228	23474	59.3842	1.57214	32.3	22.4
CBDDTY010000220.1	1	39525	80	16332	41.3207	0.587122	32.5	40.1
CBDDTY010000221.1	1	39512	103	13412	33.9441	0.645804	33.2	28
CBDDTY010000222.1	1	39446	69	9496	24.0734	0.4368	31.8	21.2
CBDDTY010000223.1	1	39434	81	13643	34.597	0.577218	33.4	31.4
CBDDTY010000224.1	1	39425	95	18208	46.1839	0.697984	33.2	38.6
CBDDTY010000225.1	1	39419	225	12839	32.5706	1.42994	33.1	26.7
CBDDTY010000226.1	1	39410	61	10458	26.5364	0.406039	33.3	18.5
CBDDTY010000227.1	1	39362	107	13117	33.324	0.662771	32.7	33.6
CBDDTY010000228.1	1	39355	89	15456	39.2733	0.569991	32.6	38.4
CBDDTY010000229.1	1	39340	83	10484	26.6497	0.536833	33.6	17.7
CBDDTY010000230.1	1	39328	28	5451	13.8604	0.170489	32.6	19.2
CBDDTY010000231.1	1	39324	109	18963	48.2225	0.842437	33.1	38.6
CBDDTY010000232.1	1	39317	45	9759	24.8213	0.324516	32.5	22.2
CBDDTY010000233.1	1	39277	169	22964	58.4668	1.1412	33.2	45.9
CBDDTY010000234.1	1	39272	174	22053	56.1545	1.16505	32.4	24.7
CBDDTY010000235.1	1	39248	42	6117	15.5855	0.275479	33.2	4.07
CBDDTY010000236.1	1	39207	43	5452	13.9057	0.260311	33.1	7.91
CBDDTY010000237.1	1	39200	79	10986	28.0255	0.456199	32.7	13.6
CBDDTY010000238.1	1	39153	100	17552	44.8293	0.684162	33.8	27.2
CBDDTY010000239.1	1	39125	104	19147	48.938	0.758875	33.7	51.5
CBDDTY010000240.1	1	39102	88	16274	41.6194	0.636796	32.6	32.7
CBDDTY010000241.1	1	39098	17	2196	5.61666	0.0916159	31.7	17.1
CBDDTY010000242.1	1	39086	322	17651	45.1594	2.61452	31.7	0.745
CBDDTY010000243.1	1	39070	42	7057	18.0625	0.292731	33	41.5
CBDDTY010000244.1	1	39068	121	16007	40.9722	0.833163	33.4	18.3
CBDDTY010000245.1	1	39057	95	15024	38.4669	0.57964	32.8	33.3
CBDDTY010000246.1	1	39044	80	11737	30.061	0.548304	32.9	11.9
CBDDTY010000247.1	1	39044	87	11666	29.8791	0.493699	32.3	17.4
CBDDTY010000248.1	1	39041	74	13425	34.3869	0.467355	33.7	32.3
CBDDTY010000249.1	1	39022	58	9047	23.1844	0.342345	33.6	22.3
CBDDTY010000250.1	1	39001	105	20498	52.5576	0.792082	33.7	39.1
CBDDTY010000251.1	1	38800	198	20655	53.2345	1.28441	31.9	14.4
CBDDTY010000252.1	1	39000	11	1665	4.26923	0.0641026	30.8	1.91
CBDDTY010000253.1	1	39000	80	13518	34.6615	0.547462	33.4	12.4
CBDDTY010000254.1	1	39000	53	8524	21.8564	0.353615	34.2	23.6
CBDDTY010000255.1	1	39000	45	7032	18.0308	0.283256	32.9	15.3
CBDDTY010000256.1	1	38800	6	908	2.34021	0.0323711	33.2	2.83
CBDDTY010000257.1	1	39000	68	7388	18.9436	0.420308	33.5	13.2
CBDDTY010000258.1	1	39000	208	17316	44.4	1.443	33.2	52
CBDDTY010000259.1	1	39000	30	5630	14.4359	0.173	33.1	16.8
CBDDTY010000260.1	1	39000	54	7866	20.1692	0.324205	33.2	10.9
CBDDTY010000261.1	1	39000	270	25829	66.2282	1.93615	32.9	29.9
CBDDTY010000262.1	1	39000	107	18599	47.6897	0.677897	33.2	38.5
CBDDTY010000263.1	1	39000	18	2834	7.26667	0.108077	34	27.3
CBDDTY010000264.1	1	39000	94	16621	42.6179	0.613718	33.3	35.2
CBDDTY010000265.1	1	38800	113	22262	57.3763	0.848557	32.4	46.7
CBDDTY010000266.1	1	39000	81	14262	36.5692	0.530821	32.9	38.4
CBDDTY010000267.1	1	39000	95	11830	30.3333	0.688077	33.4	7.93
CBDDTY010000268.1	1	39000	89	13485	34.5769	0.642513	34	31.5
CBDDTY010000269.1	1	39000	169	15998	41.0205	1.16282	32.9	7.85
CBDDTY010000270.1	1	38982	157	16166	41.4704	1.00428	32.7	17.6
CBDDTY010000271.1	1	38976	108	16705	42.8597	0.71131	33.1	21.2
CBDDTY010000272.1	1	38962	99	11708	30.0498	0.588471	33.2	26.7
CBDDTY010000273.1	1	38953	39	7245	18.5993	0.271738	32.8	28
CBDDTY010000274.1	1	38909	142	17217	44.2494	1.01126	32.9	20.8
CBDDTY010000275.1	1	38882	43	8584	22.0771	0.294867	32.3	41.9
CBDDTY010000276.1	1	38878	45	8515	21.9018	0.277406	32.5	23.5
CBDDTY010000277.1	1	38878	115	13621	35.0352	0.803591	33.1	14.1
CBDDTY010000278.1	1	38865	161	14916	38.379	1.0299	33.1	4.8
CBDDTY010000279.1	1	38853	74	13023	33.5186	0.435385	31.8	32.2
CBDDTY010000280.1	1	38850	91	14738	37.9356	0.538456	31.6	25.2
CBDDTY010000281.1	1	38832	99	11723	30.189	0.632983	33.4	19.9
CBDDTY010000282.1	1	38810	89	14424	37.1657	0.714532	33.4	31.9
CBDDTY010000283.1	1	38771	71	10419	26.8732	0.470171	33.1	21.6
CBDDTY010000284.1	1	38770	64	13673	35.267	0.445086	33.5	45.6
CBDDTY010000285.1	1	38755	41	8446	21.7933	0.279448	33.1	23.4
CBDDTY010000286.1	1	38738	56	10111	26.101	0.368501	32.1	31.9
CBDDTY010000287.1	1	38720	112	10548	27.2417	0.706431	32	6.65
CBDDTY010000288.1	1	38713	123	17343	44.7989	0.740397	33.3	35.8
CBDDTY010000289.1	1	38712	34	5938	15.3389	0.219777	32	10.9
CBDDTY010000290.1	1	38709	129	13588	35.1029	0.856442	33.3	26
CBDDTY010000291.1	1	38702	88	14621	37.7784	0.651413	33.3	21.1
CBDDTY010000292.1	1	38701	79	17806	46.0091	0.5789	33.4	41.6
CBDDTY010000293.1	1	38680	127	12530	32.394	0.807058	32.6	24.4
CBDDTY010000294.1	1	38634	118	15219	39.3928	0.86618	32.5	32.4
CBDDTY010000295.1	1	38608	82	8279	21.4437	0.513287	34.6	13.6
CBDDTY010000296.1	1	38606	150	21161	54.8127	1.07556	32.1	41.7
CBDDTY010000297.1	1	38601	117	15286	39.6	0.773244	32.7	21.7
CBDDTY010000298.1	1	38590	119	18912	49.0075	0.846541	32.7	23.6
CBDDTY010000299.1	1	38564	120	17096	44.3315	0.793045	33.1	30.8
CBDDTY010000300.1	1	38531	124	18595	48.2598	0.925878	32.2	30.1
CBDDTY010000301.1	1	38525	109	15580	40.4413	0.762388	33.2	28.8
CBDDTY010000302.1	1	38520	147	19251	49.9766	0.94338	33	36.5
CBDDTY010000303.1	1	38510	128	17306	44.939	0.839003	33.7	23.4
CBDDTY010000304.1	1	38509	111	21512	55.8623	0.807396	33.4	53.1
CBDDTY010000305.1	1	38500	89	16356	42.4831	0.618	32.7	41.3
CBDDTY010000306.1	1	38496	114	18137	47.114	0.805123	33.7	42.8
CBDDTY010000307.1	1	38496	39	5567	14.4612	0.212178	35	13.1
CBDDTY010000308.1	1	38488	110	18136	47.1212	0.712482	32.1	44.1
CBDDTY010000309.1	1	38475	100	13978	36.3301	0.690032	32.9	19.8
CBDDTY010000310.1	1	38475	154	13402	34.833	0.946355	33.3	17.9
CBDDTY010000311.1	1	38461	121	12139	31.5618	0.807025	33.3	8.5
CBDDTY010000312.1	1	38440	135	21311	55.4396	1.00609	31.9	18.2
CBDDTY010000313.1	1	38421	17	3039	7.90974	0.0986179	35.1	27.7
CBDDTY010000314.1	1	38411	211	15295	39.8193	1.50772	33.3	36.5
CBDDTY010000315.1	1	38407	160	15479	40.3025	1.18158	33.5	13.1
CBDDTY010000316.1	1	38391	103	13864	36.1126	0.702743	32.2	36.6
CBDDTY010000317.1	1	38384	86	12910	33.6338	0.587015	33.4	19.5
CBDDTY010000318.1	1	38383	88	10538	27.4549	0.557955	31.9	25.7
CBDDTY010000319.1	1	38375	116	14345	37.3811	0.791583	32.6	15.4
CBDDTY010000320.1	1	38368	90	11984	31.2344	0.556297	33	6.74
CBDDTY010000321.1	1	38356	99	16838	43.8993	0.628089	33.9	41.8
CBDDTY010000322.1	1	38340	118	9204	24.0063	0.772692	33.3	11.4
CBDDTY010000323.1	1	38335	68	12862	33.5516	0.456371	32.8	30
CBDDTY010000324.1	1	38317	73	13819	36.0649	0.567242	33.8	40.4
CBDDTY010000325.1	1	38299	75	14577	38.061	0.483407	33.6	43.3
CBDDTY010000326.1	1	38273	99	17340	45.3061	0.694145	33.9	39.1
CBDDTY010000327.1	1	38259	186	23328	60.9739	1.38033	32.6	24.3
CBDDTY010000328.1	1	38219	115	15178	39.7132	0.754755	32.7	23
CBDDTY010000329.1	1	38211	90	16115	42.1737	0.593337	33.2	48.1
CBDDTY010000330.1	1	38211	99	11023	28.8477	0.626286	33.5	16.2
CBDDTY010000331.1	1	38209	74	14142	37.0122	0.56382	32.6	26.2
CBDDTY010000332.1	1	38200	57	9950	26.0471	0.399372	33.2	7.93
CBDDTY010000333.1	1	38155	55	9244	24.2275	0.365928	32.4	7.47
CBDDTY010000334.1	1	38145	88	15273	40.0393	0.593761	32.6	22.6
CBDDTY010000335.1	1	38142	64	6642	17.4139	0.425856	33.4	4.27
CBDDTY010000336.1	1	38087	106	15995	41.996	0.725024	32.6	33.5
CBDDTY010000337.1	1	38074	42	6281	16.4968	0.284367	32.7	8.05
CBDDTY010000338.1	1	38035	79	9559	25.1321	0.578651	33.1	24.1
CBDDTY010000339.1	1	38023	78	10897	28.659	0.491834	32.8	9.31
CBDDTY010000340.1	1	38010	31	4873	12.8203	0.15859	32.5	8
CBDDTY010000341.1	1	38009	99	18207	47.9018	0.668079	33.7	47
CBDDTY010000342.1	1	38000	127	15831	41.6605	0.868184	33.1	26.6
CBDDTY010000343.1	1	37800	77	10997	29.0926	0.489259	33.5	31.7
CBDDTY010000344.1	1	37800	3	502	1.32804	0.017381	33.7	3
CBDDTY010000345.1	1	38000	59	9862	25.9526	0.372079	33.7	39.4
CBDDTY010000346.1	1	38000	23	4421	11.6342	0.141132	31.8	21.2
CBDDTY010000347.1	1	38000	57	9745	25.6447	0.379184	33.4	33.6
CBDDTY010000348.1	1	38000	63	9280	24.4211	0.411605	33.7	18.5
CBDDTY010000349.1	1	38000	267	30155	79.3553	1.94305	33.2	42
CBDDTY010000350.1	1	38000	54	8449	22.2342	0.348474	32.7	17.2
CBDDTY010000351.1	1	38000	137	18529	48.7605	1.07787	33.7	20.7
CBDDTY010000352.1	1	38000	12	2059	5.41842	0.0721842	32.2	34
CBDDTY010000353.1	1	38000	68	5656	14.8842	0.497053	33.6	20.2
CBDDTY010000354.1	1	38000	180	16894	44.4579	1.26476	32.8	27.9
CBDDTY010000355.1	1	37800	71	14306	37.8466	0.518386	32.6	49.1
CBDDTY010000356.1	1	38000	81	8862	23.3211	0.545158	32.7	18.4
CBDDTY010000357.1	1	38000	112	11269	29.6553	0.881421	32.2	16.5
CBDDTY010000358.1	1	38000	122	16693	43.9289	0.921737	32.6	25.7
CBDDTY010000359.1	1	38000	54	9326	24.5421	0.380184	32.7	13.3
CBDDTY010000360.1	1	37800	77	10571	27.9656	0.524947	32.3	36.7
CBDDTY010000361.1	1	37981	227	12427	32.719	1.55662	34.2	10.4
CBDDTY010000362.1	1	37963	112	18039	47.5173	0.771751	33.7	29
CBDDTY010000363.1	1	37945	77	8311	21.9028	0.555831	31.3	15
CBDDTY010000364.1	1	37938	112	18097	47.7015	0.740155	32	44.4
CBDDTY010000365.1	1	37936	127	15746	41.5067	0.860581	32.8	24.2
CBDDTY010000366.1	1	37933	49	8567	22.5846	0.352174	33.3	44.3
CBDDTY010000367.1	1	37907	47	9310	24.5601	0.319334	33	7.51
CBDDTY010000368.1	1	37899	39	7817	20.6259	0.249584	33.3	12.1
CBDDTY010000369.1	1	37885	118	13057	34.4648	0.81172	32.9	23.5
CBDDTY010000370.1	1	37879	83	15883	41.9309	0.631986	32.5	46.2
CBDDTY010000371.1	1	37870	80	13565	35.8199	0.551545	32.1	30.4
CBDDTY010000372.1	1	37842	55	7318	19.3383	0.332118	32	17.7
CBDDTY010000373.1	1	37831	79	14454	38.2068	0.600645	33.2	45.5
CBDDTY010000374.1	1	37830	95	16891	44.6497	0.620962	32.8	44.5
CBDDTY010000375.1	1	37814	99	13239	35.0108	0.66039	34.1	12.9
CBDDTY010000376.1	1	37795	94	13694	36.2323	0.619182	32.9	32.8
CBDDTY010000377.1	1	37771	115	16996	44.9975	0.795478	32.8	25.5
CBDDTY010000378.1	1	37750	14	2191	5.80397	0.0678675	31.3	4
CBDDTY010000379.1	1	37725	114	17394	46.1074	0.736435	33.4	31.9
CBDDTY010000380.1	1	37697	100	20285	53.8106	0.778417	32.9	47.8
CBDDTY010000381.1	1	37692	63	12115	32.1421	0.492465	33.4	35.2
CBDDTY010000382.1	1	37682	60	6867	18.2236	0.326787	32.9	18.9
CBDDTY010000383.1	1	37667	71	12215	32.4289	0.504128	31.9	28.2
CBDDTY010000384.1	1	37660	113	18097	48.0536	0.772809	33	27.6
CBDDTY010000385.1	1	37657	155	14571	38.694	1.07393	33.3	9.65
CBDDTY010000386.1	1	37656	77	16862	44.7791	0.627337	33.9	53.5
CBDDTY010000387.1	1	37650	93	16242	43.1394	0.628499	33.3	28
CBDDTY010000388.1	1	37648	59	8661	23.0052	0.410726	33.2	22.7
CBDDTY010000389.1	1	37620	45	8096	21.5205	0.349973	31.2	5.38
CBDDTY010000390.1	1	37599	129	17971	47.7965	0.94452	33.5	30.1
CBDDTY010000391.1	1	37587	130	21318	56.7164	0.977625	33.1	41.7
CBDDTY010000392.1	1	37579	71	10877	28.9444	0.472312	33.8	19.5
CBDDTY010000393.1	1	37565	92	10434	27.7759	0.595714	32	23.5
CBDDTY010000394.1	1	37561	31	5578	14.8505	0.202897	33.8	6.39
CBDDTY010000395.1	1	37552	121	17205	45.8165	0.850501	33.2	26.3
CBDDTY010000396.1	1	37526	31	6056	16.1381	0.204152	32.2	2.26
CBDDTY010000397.1	1	37511	22	4302	11.4686	0.153342	33.4	33.8
CBDDTY010000398.1	1	37500	72	12966	34.576	0.544987	32.3	41.9
CBDDTY010000399.1	1	37488	87	9621	25.6642	0.538759	33.2	19
CBDDTY010000400.1	1	37486	43	6848	18.2682	0.266099	34.2	4.67
CBDDTY010000401.1	1	37468	122	18411	49.1379	0.916676	33.8	22.7
CBDDTY010000402.1	1	37458	46	5709	15.2411	0.316007	32.7	11.3
CBDDTY010000403.1	1	37449	47	8664	23.1355	0.349222	32.9	34
CBDDTY010000404.1	1	37432	88	11126	29.7232	0.611295	32.2	20.5
CBDDTY010000405.1	1	37422	79	12754	34.0816	0.540351	33.1	22.2
CBDDTY010000406.1	1	37413	109	13443	35.9314	0.780504	33.8	14.6
CBDDTY010000407.1	1	37403	162	18929	50.6082	1.03695	33.1	22.9
CBDDTY010000408.1	1	37401	53	8645	23.1144	0.351381	33	18.3
CBDDTY010000409.1	1	37392	93	18590	49.7165	0.711115	33.6	48.2
CBDDTY010000410.1	1	37375	114	15185	40.6288	0.756468	32.6	26.9
CBDDTY010000411.1	1	37372	49	4780	12.7903	0.258803	34.4	8
CBDDTY010000412.1	1	37362	79	12089	32.3564	0.532707	33.2	22.6
CBDDTY010000413.1	1	37357	64	5925	15.8605	0.331317	33.4	9.69
CBDDTY010000414.1	1	37356	69	8659	23.1797	0.490711	34.3	18.6
CBDDTY010000415.1	1	37351	25	4829	12.9287	0.154293	32.4	4.2
CBDDTY010000416.1	1	37340	110	11451	30.6668	0.814515	33.1	13.4
CBDDTY010000417.1	1	37339	109	15529	41.5892	0.688021	32.6	35.2
CBDDTY010000418.1	1	37333	81	14190	38.0093	0.543594	32.7	34.1
CBDDTY010000419.1	1	37330	89	16482	44.1522	0.647174	33.5	42.7
CBDDTY010000420.1	1	37320	96	19108	51.2004	0.775589	32.8	50.8
CBDDTY010000421.1	1	37314	122	17420	46.6849	0.770006	33.3	39.3
CBDDTY010000422.1	1	37303	74	13731	36.8094	0.520468	33.3	40.3
CBDDTY010000423.1	1	37294	84	17318	46.4364	0.619992	31.7	46.5
CBDDTY010000424.1	1	37288	89	13983	37.5	0.58024	33.3	16.4
CBDDTY010000425.1	1	37287	29	5576	14.9543	0.178266	34.1	11.9
CBDDTY010000426.1	1	37269	62	6505	17.4542	0.375728	33.4	11.9
CBDDTY010000427.1	1	37260	22	4417	11.8545	0.159313	32.3	6.45
CBDDTY010000428.1	1	37255	94	15792	42.3889	0.625339	32	41.2
CBDDTY010000429.1	1	37239	92	15214	40.855	0.65367	32.4	29.3
CBDDTY010000430.1	1	37224	101	16116	43.2946	0.695412	33.1	43.5
CBDDTY010000431.1	1	37219	113	19334	51.9466	0.796851	33.4	45.4
CBDDTY010000432.1	1	37210	78	13243	35.5899	0.641521	33.8	31.7
CBDDTY010000433.1	1	37180	175	21820	58.6875	1.34285	32.9	22.9
CBDDTY010000434.1	1	37176	90	13480	36.26	0.664246	32.6	30.9
CBDDTY010000435.1	1	37173	160	17360	46.7006	1.20835	31.8	45.6
CBDDTY010000436.1	1	37171	94	17671	47.5397	0.65465	32.9	55.5
CBDDTY010000437.1	1	37161	58	10232	27.5342	0.467506	33	31.5
CBDDTY010000438.1	1	37150	81	15621	42.0485	0.619219	33.6	49.2
CBDDTY010000439.1	1	37148	69	11869	31.9506	0.493728	33.3	35.5
CBDDTY010000440.1	1	37139	64	9903	26.6647	0.383344	33	10.1
CBDDTY010000441.1	1	37137	53	10087	27.1616	0.349005	33.6	33.2
CBDDTY010000442.1	1	37117	172	17570	47.3368	1.16903	32.6	28.6
CBDDTY010000443.1	1	37073	88	12788	34.4941	0.548782	32.2	25.7
CBDDTY010000444.1	1	37063	35	6170	16.6473	0.230445	32.2	10.9
CBDDTY010000445.1	1	37063	39	6126	16.5286	0.217629	33.4	2.92
CBDDTY010000446.1	1	37027	20	3440	9.29052	0.104842	35.1	21.4
CBDDTY010000447.1	1	37021	118	16764	45.2824	0.870695	31	17
CBDDTY010000448.1	1	37009	46	5948	16.0718	0.319652	33.3	11.8
CBDDTY010000449.1	1	37009	83	14136	38.1961	0.605501	31.1	40
CBDDTY010000450.1	1	37003	89	12680	34.2675	0.60033	32.6	21.6
CBDDTY010000451.1	1	37000	28	4017	10.8568	0.162135	32.7	5.21
CBDDTY010000452.1	1	37000	44	7850	21.2162	0.317162	32.9	21.4
CBDDTY010000453.1	1	37000	119	12545	33.9054	0.855432	32.8	12.7
CBDDTY010000454.1	1	37000	39	7436	20.0973	0.266054	32.4	14.3
CBDDTY010000455.1	1	37000	123	16024	43.3081	0.882514	33.2	20.8
CBDDTY010000456.1	1	37000	36	6826	18.4486	0.228351	32.8	21.8
CBDDTY010000457.1	1	37000	24	4333	11.7108	0.174541	31.9	15.6
CBDDTY010000458.1	1	37000	89	8854	23.9297	0.598865	33	15.4
CBDDTY010000459.1	1	37000	60	9248	24.9946	0.362351	31.8	7.42
CBDDTY010000460.1	1	37000	14	3531	9.54324	0.113568	34.4	14.9
CBDDTY010000461.1	1	37000	50	8340	22.5405	0.378351	30.4	23.2
CBDDTY010000462.1	1	36600	16	1475	4.03005	0.0747268	33.9	0.188
CBDDTY010000463.1	1	37000	84	15475	41.8243	0.611865	33.1	40.3
CBDDTY010000464.1	1	37000	214	19591	52.9486	1.49238	33	18.4
CBDDTY010000465.1	1	37000	11	2524	6.82162	0.0838649	32	18.9
CBDDTY010000466.1	1	37000	64	7469	20.1865	0.430568	33.4	17.7
CBDDTY010000467.1	1	36974	88	12824	34.6838	0.625331	31.3	14.2
CBDDTY010000468.1	1	36968	103	12431	33.6264	0.717107	33.6	9.47
CBDDTY010000469.1	1	36961	63	13061	35.3372	0.462028	33.8	45.7
CBDDTY010000470.1	1	36960	73	13279	35.928	0.496753	32.8	28
CBDDTY010000471.1	1	36951	56	7758	20.9954	0.381965	33.4	4.52
CBDDTY010000472.1	1	36947	117	18316	49.5737	0.8621	33.9	32.9
CBDDTY010000473.1	1	36947	69	12256	33.1718	0.492922	33.4	41.4
CBDDTY010000474.1	1	36939	71	14765	39.9713	0.543301	33.1	36.3
CBDDTY010000475.1	1	36891	102	13992	37.9279	0.790382	33.4	25.5
CBDDTY010000476.1	1	36876	97	13910	37.721	0.632688	33	19.9
CBDDTY010000477.1	1	36867	92	16583	44.9806	0.658611	32.7	46.1
CBDDTY010000478.1	1	36850	108	17775	48.2361	0.731506	33	37.4
CBDDTY010000479.1	1	36847	78	9774	26.5259	0.53486	32.8	11.1
CBDDTY010000480.1	1	36827	83	13104	35.5826	0.566541	33	41
CBDDTY010000481.1	1	36803	70	11039	29.9948	0.469418	33.8	28.6
CBDDTY010000482.1	1	36768	59	9462	25.7343	0.441444	31.6	36.2
CBDDTY010000483.1	1	36764	69	10754	29.2514	0.494206	33.1	20.2
CBDDTY010000484.1	1	36752	65	7667	20.8614	0.485334	32.9	13.8
CBDDTY010000485.1	1	36750	103	15085	41.0476	0.699075	32.7	10.4
CBDDTY010000486.1	1	36725	93	14804	40.3104	0.630796	34.1	42.1
CBDDTY010000487.1	1	36704	162	22718	61.8952	1.24319	33.1	45
CBDDTY010000488.1	1	36703	86	17586	47.9143	0.645124	32.8	41.9
CBDDTY010000489.1	1	36700	34	5850	15.9401	0.244251	33.9	21
CBDDTY010000490.1	1	36697	95	17732	48.32	0.771071	33.1	32.3
CBDDTY010000491.1	1	36695	104	17363	47.3171	0.723041	33.4	35.3
CBDDTY010000492.1	1	36693	52	9643	26.2802	0.381081	32.4	32.4
CBDDTY010000493.1	1	36680	73	10967	29.8991	0.511941	32.6	24.5
CBDDTY010000494.1	1	36660	58	9645	26.3093	0.360147	32.4	32.6
CBDDTY010000495.1	1	36651	93	18083	49.3384	0.711167	32.8	37.6
CBDDTY010000496.1	1	36643	114	18096	49.3846	0.768141	33.2	31.8
CBDDTY010000497.1	1	36635	100	16220	44.2746	0.733506	32.6	26.1
CBDDTY010000498.1	1	36632	76	9263	25.2866	0.511984	32.8	24
CBDDTY010000499.1	1	36626	105	14922	40.7415	0.716677	33.8	29.2
CBDDTY010000500.1	1	36604	87	16924	46.2354	0.707136	32.1	43.9
CBDDTY010000501.1	1	36576	24	5351	14.6298	0.168854	32.6	30.1
CBDDTY010000502.1	1	36569	31	4940	13.5087	0.18595	32.5	5
CBDDTY010000503.1	1	36544	60	3973	10.8718	0.427403	32.5	8.03
CBDDTY010000504.1	1	36537	31	5738	15.7046	0.229548	31.7	16.9
CBDDTY010000505.1	1	36535	209	16142	44.1823	1.57378	32.7	19.5
CBDDTY010000506.1	1	36522	93	18074	49.488	0.681124	32.6	42.7
CBDDTY010000507.1	1	36517	101	13263	36.3201	0.728756	33.7	26.2
CBDDTY010000508.1	1	36508	34	6963	19.0725	0.239619	33	29.6
CBDDTY010000509.1	1	36479	112	16729	45.8593	0.772773	34.3	29.2
CBDDTY010000510.1	1	36479	65	12912	35.3957	0.528523	32.3	36.4
CBDDTY010000511.1	1	36464	81	16299	44.6989	0.633748	34.1	48.2
CBDDTY010000512.1	1	36411	57	10193	27.9943	0.473978	32.8	32.8
CBDDTY010000513.1	1	36383	90	13471	37.0255	0.592584	33.4	29.4
CBDDTY010000514.1	1	36369	32	4325	11.892	0.224477	33.8	16.7
CBDDTY010000515.1	1	36361	73	10865	29.8809	0.457248	33.6	13.7
CBDDTY010000516.1	1	36346	101	14103	38.8021	0.685825	32.8	31.3
CBDDTY010000517.1	1	36321	79	13700	37.7192	0.55004	33.6	37.8
CBDDTY010000518.1	1	36316	38	6195	17.0586	0.232432	33.5	14
CBDDTY010000519.1	1	36300	51	9445	26.0193	0.363691	32.7	22.9
CBDDTY010000520.1	1	36292	63	9060	24.9642	0.411055	32.9	15.2
CBDDTY010000521.1	1	36254	126	9559	26.3667	0.873476	32.9	17.4
CBDDTY010000522.1	1	36241	71	10783	29.7536	0.504815	31.3	23.3
CBDDTY010000523.1	1	36224	86	14455	39.9045	0.593143	33.1	23.4
CBDDTY010000524.1	1	36203	63	10601	29.2821	0.42944	32.3	14.2
CBDDTY010000525.1	1	36196	81	9741	26.9118	0.586722	32.1	12.1
CBDDTY010000526.1	1	36191	101	17516	48.3988	0.747948	33.5	44.3
CBDDTY010000527.1	1	36185	65	9117	25.1955	0.451458	32.7	13.1
CBDDTY010000528.1	1	36177	105	8674	23.9766	0.790751	32.6	8.58
CBDDTY010000529.1	1	36170	94	11941	33.0135	0.719574	33.6	25.5
CBDDTY010000530.1	1	36068	67	8346	23.1396	0.478901	32.3	19.1
CBDDTY010000531.1	1	36067	77	12310	34.1309	0.511409	32.8	43.4
CBDDTY010000532.1	1	36042	191	17818	49.4368	1.41207	33.1	15.2
CBDDTY010000533.1	1	36041	99	14905	41.3557	0.796565	32.6	35.9
CBDDTY010000534.1	1	36038	77	14072	39.0477	0.629114	32.8	49.5
CBDDTY010000535.1	1	36037	57	8548	23.7201	0.39243	33.1	8.18
CBDDTY010000536.1	1	36027	72	11566	32.1037	0.540983	33.6	34.5
CBDDTY010000537.1	1	36021	89	14557	40.4125	0.677688	32.6	39
CBDDTY010000538.1	1	36013	68	12295	34.1404	0.476245	30.9	42.1
CBDDTY010000539.1	1	36009	81	11865	32.9501	0.563276	32.2	17.6
CBDDTY010000540.1	1	36007	71	11512	31.9716	0.474463	33.5	19.6
CBDDTY010000541.1	1	36000	44	6583	18.2861	0.297389	33.4	9.23
CBDDTY010000542.1	1	36000	40	5348	14.8556	0.236917	33.8	7.7
CBDDTY010000543.1	1	36000	48	7891	21.9194	0.298417	33.7	20.6
CBDDTY010000544.1	1	35600	20	3712	10.427	0.128708	33	6
CBDDTY010000545.1	1	36000	30	5070	14.0833	0.300583	33.9	0.333
CBDDTY010000546.1	1	36000	193	16092	44.7	1.4665	32.5	18.8
CBDDTY010000547.1	1	36000	72	12159	33.775	0.451111	34.4	34.8
CBDDTY010000548.1	1	36000	13	2938	8.16111	0.0886389	34.3	6.23
CBDDTY010000549.1	1	36000	16	3007	8.35278	0.0906389	32.4	3.12
CBDDTY010000550.1	1	36000	76	14315	39.7639	0.552278	33.6	49.8
CBDDTY010000551.1	1	36000	44	4852	13.4778	0.253417	34.5	33.1
CBDDTY010000552.1	1	36000	44	4558	12.6611	0.284722	32.1	3.95
CBDDTY010000553.1	1	36000	49	7991	22.1972	0.404917	32.7	6.43
CBDDTY010000554.1	1	36000	83	11312	31.4222	0.584139	33.4	10.3
CBDDTY010000555.1	1	36000	47	6846	19.0167	0.2995	33.8	2.51
CBDDTY010000556.1	1	36000	71	10464	29.0667	0.576722	33	7.41
CBDDTY010000557.1	1	36000	51	7581	21.0583	0.312806	33.5	19
CBDDTY010000558.1	1	36000	51	8754	24.3167	0.38175	34.3	14.3
CBDDTY010000559.1	1	36000	44	7623	21.175	0.322694	33.3	10.9
CBDDTY010000560.1	1	36000	114	12857	35.7139	0.833917	32.3	17.1
CBDDTY010000561.1	1	36000	75	9595	26.6528	0.573639	32.7	13.9
CBDDTY010000562.1	1	35996	30	5785	16.0712	0.229442	31.8	24.9
CBDDTY010000563.1	1	35994	51	8761	24.3402	0.356754	32.3	16.9
CBDDTY010000564.1	1	35993	78	14204	39.4632	0.559248	33	42.4
CBDDTY010000565.1	1	35974	49	8427	23.4253	0.342998	32.2	21.5
CBDDTY010000566.1	1	35951	120	17647	49.0863	0.906623	33	20.1
CBDDTY010000567.1	1	35932	91	13903	38.6925	0.680174	32.5	31.4
CBDDTY010000568.1	1	35907	48	8785	24.466	0.321358	33.2	36.8
CBDDTY010000569.1	1	35901	56	10128	28.2109	0.421186	32.7	24.8
CBDDTY010000570.1	1	35881	58	10094	28.1319	0.406761	33.3	28.8
CBDDTY010000571.1	1	35878	74	9986	27.8332	0.487095	33.6	20.1
CBDDTY010000572.1	1	35869	76	11719	32.6717	0.563216	33.8	32.2
CBDDTY010000573.1	1	35838	33	6258	17.4619	0.205815	34	33.5
CBDDTY010000574.1	1	35809	91	13294	37.1247	0.630959	33.7	24.2
CBDDTY010000575.1	1	35804	65	12013	33.5521	0.488744	32.4	33.1
CBDDTY010000576.1	1	35783	142	16313	45.5887	1.02157	32.6	23.6
CBDDTY010000577.1	1	35774	63	11101	31.0309	0.515179	33.5	24
CBDDTY010000578.1	1	35767	69	9116	25.4872	0.516454	33.7	26.6
CBDDTY010000579.1	1	35746	111	9988	27.9416	0.82605	33.6	9.8
CBDDTY010000580.1	1	35706	105	15849	44.3875	0.842603	33.6	46
CBDDTY010000581.1	1	35701	59	8331	23.3355	0.469567	33.2	6.03
CBDDTY010000582.1	1	35667	132	17244	48.3472	0.969103	31.6	22.2
CBDDTY010000583.1	1	35664	136	16811	47.1372	1.05196	32.4	29.5
CBDDTY010000584.1	1	35663	82	12973	36.3766	0.545243	32.3	26.1
CBDDTY010000585.1	1	35659	202	20834	58.4256	1.64003	32.4	23.3
CBDDTY010000586.1	1	35653	57	9622	26.9879	0.427285	33.1	18.2
CBDDTY010000587.1	1	35632	73	12633	35.4541	0.52363	33.7	38.6
CBDDTY010000588.1	1	35623	119	10845	30.4438	0.908795	33.9	30.2
CBDDTY010000589.1	1	35617	41	6149	17.2642	0.26653	33	6.07
CBDDTY010000590.1	1	35611	19	3021	8.48333	0.107326	29.7	2.47
CBDDTY010000591.1	1	35600	67	12066	33.8933	0.498989	32.4	32.4
CBDDTY010000592.1	1	35580	104	20185	56.7313	0.859415	33.5	43.1
CBDDTY010000593.1	1	35579	62	10704	30.0852	0.425307	32.6	30.4
CBDDTY010000594.1	1	35553	83	15009	42.2158	0.678255	33.1	32.9
CBDDTY010000595.1	1	35548	16	2027	5.70215	0.085265	33.6	14.2
CBDDTY010000596.1	1	35530	46	8443	23.763	0.32063	31.2	8.28
CBDDTY010000597.1	1	35530	132	16681	46.9491	0.993245	33.1	31.2
CBDDTY010000598.1	1	35528	31	4850	13.6512	0.228214	32.6	46.8
CBDDTY010000599.1	1	35493	80	11706	32.9812	0.530781	32.3	20.7
CBDDTY010000600.1	1	35492	132	20237	57.0185	0.989913	32.8	33.3
CBDDTY010000601.1	1	35485	45	9679	27.2763	0.36142	32.5	42.4
CBDDTY010000602.1	1	35471	95	14788	41.6904	0.707395	32.4	33.8
CBDDTY010000603.1	1	35451	77	10885	30.7044	0.49615	33.6	17.9
CBDDTY010000604.1	1	35446	94	14842	41.8721	0.689979	32.2	35
CBDDTY010000605.1	1	35444	133	19205	54.1841	0.957821	33.6	28.2
CBDDTY010000606.1	1	35436	81	14175	40.0017	0.604075	32	38
CBDDTY010000607.1	1	35427	67	13138	37.0847	0.572586	32.7	25.4
CBDDTY010000608.1	1	35411	82	9212	26.0145	0.592697	32.4	13.6
CBDDTY010000609.1	1	35406	147	17686	49.952	1.21838	33	29.7
CBDDTY010000610.1	1	35405	62	7703	21.7568	0.385426	33.5	19.5
CBDDTY010000611.1	1	35394	94	13873	39.1959	0.750297	33.3	29.3
CBDDTY010000612.1	1	35391	89	14836	41.9203	0.719251	33.1	36.9
CBDDTY010000613.1	1	35375	84	15089	42.6544	0.659194	32.5	42.5
CBDDTY010000614.1	1	35360	27	3909	11.0549	0.163631	32.9	9.93
CBDDTY010000615.1	1	35356	64	11120	31.4515	0.432062	33.9	34.5
CBDDTY010000616.1	1	35353	109	15017	42.4773	0.848952	33	23.4
CBDDTY010000617.1	1	35339	116	18743	53.0377	0.862362	33.3	39.4
CBDDTY010000618.1	1	35335	147	22295	63.0961	1.07635	32.5	37.1
CBDDTY010000619.1	1	35317	75	10327	29.2409	0.494889	32.7	28.7
CBDDTY010000620.1	1	35312	90	14993	42.4587	0.637375	33	43.3
CBDDTY010000621.1	1	35302	57	10278	29.1145	0.444309	31.9	8.98
CBDDTY010000622.1	1	35301	59	8805	24.9426	0.404833	33.9	32.8
CBDDTY010000623.1	1	35276	74	13973	39.6105	0.522055	32.4	43.5
CBDDTY010000624.1	1	35275	67	13157	37.2984	0.485131	32	37.8
CBDDTY010000625.1	1	35268	90	13454	38.1479	0.593541	32.2	17.1
CBDDTY010000626.1	1	35244	117	17893	50.7689	0.945324	32.3	30.6
CBDDTY010000627.1	1	35237	75	15129	42.935	0.559412	33.5	45.5
CBDDTY010000628.1	1	35226	70	12807	36.3567	0.521461	33.1	18.4
CBDDTY010000629.1	1	35215	68	12504	35.5076	0.536561	32.9	29.5
CBDDTY010000630.1	1	35189	102	14717	41.8227	0.775697	33.7	1.9
CBDDTY010000631.1	1	35182	104	18409	52.3251	0.834688	33.3	47.3
CBDDTY010000632.1	1	35142	61	14521	41.3209	0.537647	32.5	34.5
CBDDTY010000633.1	1	35132	21	4487	12.7718	0.146875	33.1	34
CBDDTY010000634.1	1	35126	136	15057	42.8657	0.984399	32.7	33.9
CBDDTY010000635.1	1	35121	145	15792	44.9646	1.07434	32.9	31.5
CBDDTY010000636.1	1	35089	111	12366	35.2418	0.783294	33.3	18.8
CBDDTY010000637.1	1	35077	111	14060	40.0832	0.85013	34.1	21.1
CBDDTY010000638.1	1	35069	57	11554	32.9465	0.447233	32.3	26.1
CBDDTY010000639.1	1	35053	85	8525	24.3203	0.667618	33.8	12.2
CBDDTY010000640.1	1	35042	75	15309	43.6876	0.567605	33.3	38.6
CBDDTY010000641.1	1	35041	75	13281	37.9013	0.547359	33.3	45.4
CBDDTY010000642.1	1	35040	54	8842	25.234	0.394264	32.5	33.8
CBDDTY010000643.1	1	35019	74	12587	35.9433	0.547246	32.8	43.8
CBDDTY010000644.1	1	35016	69	13714	39.165	0.568512	33.2	47.5
CBDDTY010000645.1	1	35010	67	13538	38.669	0.517481	33	47.3
CBDDTY010000646.1	1	35000	9	2279	6.51143	0.0759143	34	14.7
CBDDTY010000647.1	1	35000	99	13832	39.52	0.864029	32	4.82
CBDDTY010000648.1	1	35000	106	13861	39.6029	0.829657	33	26.7
CBDDTY010000649.1	1	35000	34	5794	16.5543	0.262114	34.6	10.6
CBDDTY010000650.1	1	35000	84	10120	28.9143	0.576086	33.5	20.8
CBDDTY010000651.1	1	35000	26	6488	18.5371	0.216571	32.7	28.7
CBDDTY010000652.1	1	35000	166	15542	44.4057	1.26354	33.8	13.9
CBDDTY010000653.1	1	35000	87	10888	31.1086	0.653114	33.3	25.9
CBDDTY010000654.1	1	35000	84	9047	25.8486	0.576314	32.8	2.86
CBDDTY010000655.1	1	35000	40	7382	21.0914	0.280343	34	2.92
CBDDTY010000656.1	1	35000	77	11786	33.6743	0.556	33.8	7.75
CBDDTY010000657.1	1	34800	49	7856	22.5747	0.339253	34	19.1
CBDDTY010000658.1	1	35000	73	10515	30.0429	0.5404	32.5	21.8
CBDDTY010000659.1	1	35000	168	19289	55.1114	1.41746	33.6	33.8
CBDDTY010000660.1	1	35000	45	5256	15.0171	0.3616	34	14.1
CBDDTY010000661.1	1	35000	109	14676	41.9314	0.921	32.7	23.7
CBDDTY010000662.1	1	35000	130	10374	29.64	0.905229	34.3	7.58
CBDDTY010000663.1	1	35000	44	6217	17.7629	0.2892	34.3	16
CBDDTY010000664.1	1	34987	96	10471	29.9283	0.738474	33.1	18.2
CBDDTY010000665.1	1	34986	93	14340	40.9878	0.651632	33.3	36.7
CBDDTY010000666.1	1	34983	83	13600	38.876	0.587543	33.4	43.3
CBDDTY010000667.1	1	34982	69	11056	31.6048	0.55297	33.2	28.1
CBDDTY010000668.1	1	34972	43	6574	18.7979	0.308332	33.4	2.49
CBDDTY010000669.1	1	34950	68	10737	30.721	0.474592	33.5	33.1
CBDDTY010000670.1	1	34942	316	23166	66.2984	2.41337	33.1	41.2
CBDDTY010000671.1	1	34934	89	12007	34.3705	0.672726	33.1	20.6
CBDDTY010000672.1	1	34925	34	6222	17.8153	0.243608	33.4	9.06
CBDDTY010000673.1	1	34922	64	10725	30.7113	0.469532	32.3	20.3
CBDDTY010000674.1	1	34918	59	9980	28.5812	0.417177	32.2	33.9
CBDDTY010000675.1	1	34907	108	17700	50.7062	0.803019	31.8	27
CBDDTY010000676.1	1	34893	70	9847	28.2206	0.492907	32.8	18.7
CBDDTY010000677.1	1	34876	90	16182	46.3987	0.626935	33.3	39.5
CBDDTY010000678.1	1	34863	64	10066	28.873	0.416746	32.5	18.2
CBDDTY010000679.1	1	34854	105	14328	41.1086	0.816893	33.7	39.4
CBDDTY010000680.1	1	34847	57	9928	28.4903	0.384624	32.8	25.5
CBDDTY010000681.1	1	34839	50	6804	19.5298	0.316484	32.1	9.12
CBDDTY010000682.1	1	34824	61	9272	26.6253	0.456898	33.2	17.3
CBDDTY010000683.1	1	34791	58	8199	23.5664	0.379035	32.7	17.2
CBDDTY010000684.1	1	34774	96	16560	47.6218	0.711048	32.8	44.5
CBDDTY010000685.1	1	34677	188	23647	68.1922	1.55019	32.5	35.7
CBDDTY010000686.1	1	34671	104	16441	47.42	0.80289	33.4	34.2
CBDDTY010000687.1	1	34617	98	14927	43.1204	0.767917	34.3	40
CBDDTY010000688.1	1	34609	79	12752	36.8459	0.579416	32.8	35.8
CBDDTY010000689.1	1	34607	68	8883	25.6682	0.529662	33.1	5.57
CBDDTY010000690.1	1	34599	63	6322	18.2722	0.409549	33.5	16.8
CBDDTY010000691.1	1	34599	138	14126	40.8278	1.05518	33.3	15.3
CBDDTY010000692.1	1	34584	62	5398	15.6084	0.452088	34	34.8
CBDDTY010000693.1	1	34578	92	12601	36.4422	0.575944	32.6	29.5
CBDDTY010000694.1	1	34559	80	14565	42.1453	0.687057	33.6	49.4
CBDDTY010000695.1	1	34533	72	10157	29.4124	0.502042	33.7	20.1
CBDDTY010000696.1	1	34476	80	13381	38.8125	0.559375	32.2	28.8
CBDDTY010000697.1	1	34476	88	12820	37.1853	0.730073	32.6	18.4
CBDDTY010000698.1	1	34464	53	8667	25.148	0.397139	33.1	33.4
CBDDTY010000699.1	1	34461	28	6193	17.971	0.245524	32.2	21.3
CBDDTY010000700.1	1	34459	114	10082	29.258	0.854552	33.1	13.8
CBDDTY010000701.1	1	34436	37	4453	12.9312	0.257492	31.7	8.7
CBDDTY010000702.1	1	34429	128	21398	62.1511	1.10729	32.9	38.8
CBDDTY010000703.1	1	34426	91	13605	39.5195	0.725237	33.3	16.3
CBDDTY010000704.1	1	34379	132	15351	44.6523	1.03109	34	30.1
CBDDTY010000705.1	1	34351	146	19600	57.058	1.19374	33	40.8
CBDDTY010000706.1	1	34304	61	10746	31.3258	0.561072	32.8	12.9
CBDDTY010000707.1	1	34288	82	10712	31.2413	0.589798	33.3	17
CBDDTY010000708.1	1	34277	78	14320	41.7773	0.612656	32.8	38.1
CBDDTY010000709.1	1	34223	112	17660	51.6027	0.852351	32.5	30.6
CBDDTY010000710.1	1	34219	184	17472	51.0594	1.30726	31.9	5.28
CBDDTY010000711.1	1	34211	65	11676	34.1294	0.485399	33.4	31.6
CBDDTY010000712.1	1	34207	48	7301	21.3436	0.345251	32.7	19.7
CBDDTY010000713.1	1	34200	105	13812	40.386	0.816345	32.9	38.4
CBDDTY010000714.1	1	34198	87	15268	44.6459	0.686912	32.9	38.8
CBDDTY010000715.1	1	34194	85	15969	46.7012	0.68243	33.9	45.5
CBDDTY010000716.1	1	34185	188	18054	52.8126	1.48638	33.7	21.7
CBDDTY010000717.1	1	34155	56	11209	32.818	0.449919	32.3	38.3
CBDDTY010000718.1	1	34148	120	17572	51.4584	0.997189	33.5	30.6
CBDDTY010000719.1	1	34147	95	16265	47.6323	0.712098	33.4	44.8
CBDDTY010000720.1	1	34139	74	9114	26.6967	0.526963	31.1	13.6
CBDDTY010000721.1	1	34138	75	11697	34.2639	0.500205	33.9	34.2
CBDDTY010000722.1	1	34137	75	8436	24.7122	0.52635	33.2	7.89
CBDDTY010000723.1	1	34130	66	10644	31.1866	0.509464	33.3	26.1
CBDDTY010000724.1	1	34124	90	10683	31.3064	0.6467	32.6	18.8
CBDDTY010000725.1	1	34122	75	8498	24.9048	0.502726	32.7	3.36
CBDDTY010000726.1	1	34090	101	13200	38.721	0.672778	33.8	20.3
CBDDTY010000727.1	1	34087	73	6639	19.4766	0.524951	33.4	10.9
CBDDTY010000728.1	1	34078	37	6843	20.0804	0.29588	34.1	6.38
CBDDTY010000729.1	1	34053	19	2932	8.61011	0.114175	32.9	14.2
CBDDTY010000730.1	1	34026	124	13725	40.3368	0.894522	33.1	17.3
CBDDTY010000731.1	1	34006	17	2577	7.57807	0.0921014	36	15.4
CBDDTY010000732.1	1	34000	45	6787	19.9618	0.325029	32.6	7.04
CBDDTY010000733.1	1	34000	31	5638	16.5824	0.192441	32.3	10.6
CBDDTY010000734.1	1	34000	74	8385	24.6618	0.5555	32.9	17
CBDDTY010000735.1	1	34000	152	8352	24.5647	1.18574	33.2	14.3
CBDDTY010000736.1	1	34000	73	10703	31.4794	0.555588	33.9	27.2
CBDDTY010000737.1	1	34000	43	5935	17.4559	0.3385	32.5	18.5
CBDDTY010000738.1	1	34000	80	12894	37.9235	0.578412	33.3	32.8
CBDDTY010000739.1	1	34000	66	7933	23.3324	0.547441	33	11.2
CBDDTY010000740.1	1	34000	175	15414	45.3353	1.34262	33.9	22.8
CBDDTY010000741.1	1	34000	92	9551	28.0912	0.728765	33.6	7.45
CBDDTY010000742.1	1	33800	133	11068	32.7456	1.00991	33.7	30.5
CBDDTY010000743.1	1	34000	56	9197	27.05	0.400559	32.6	22.9
CBDDTY010000744.1	1	34000	41	5818	17.1118	0.274588	32.8	11.1
CBDDTY010000745.1	1	34000	58	5775	16.9853	0.405706	33.3	15.4
CBDDTY010000746.1	1	34000	72	10036	29.5176	0.525971	33.3	23.5
CBDDTY010000747.1	1	34000	140	11860	34.8824	1.09168	32.4	13.5
CBDDTY010000748.1	1	34000	36	4402	12.9471	0.181471	33.1	5.11
CBDDTY010000749.1	1	34000	80	6546	19.2529	0.640824	29.4	8.03
CBDDTY010000750.1	1	33800	66	12357	36.5592	0.551746	33.7	24.3
CBDDTY010000751.1	1	34000	48	9514	27.9824	0.364118	32.8	19.6
CBDDTY010000752.1	1	34000	88	16763	49.3029	0.769088	32.9	33.9
CBDDTY010000753.1	1	34000	85	14985	44.0735	0.645588	32.1	37.7
CBDDTY010000754.1	1	33612	55	9379	27.9037	0.395008	33.8	22.8
CBDDTY010000755.1	1	33992	55	7101	20.8902	0.416569	32.5	24.1
CBDDTY010000756.1	1	33985	130	18048	53.1058	0.992938	32.8	38.6
CBDDTY010000757.1	1	33983	70	11279	33.1901	0.474473	34	37.9
CBDDTY010000758.1	1	33983	97	13754	40.4732	0.786629	32.3	26.5
CBDDTY010000759.1	1	33929	57	8014	23.6199	0.389667	32.3	6.14
CBDDTY010000760.1	1	33925	48	7224	21.294	0.347531	33.2	8.15
CBDDTY010000761.1	1	33923	75	13782	40.6273	0.596822	33.4	45.7
CBDDTY010000762.1	1	33914	86	15577	45.9309	0.687445	33.6	35.7
CBDDTY010000763.1	1	33898	78	10745	31.698	0.558942	32.8	18
CBDDTY010000764.1	1	33890	38	6455	19.0469	0.303718	32.7	29.4
CBDDTY010000765.1	1	33888	65	11850	34.9681	0.514961	32.8	29.6
CBDDTY010000766.1	1	33673	122	14103	41.8822	1.13503	32.5	20.8
CBDDTY010000767.1	1	33858	58	11190	33.0498	0.488038	33.4	41.5
CBDDTY010000768.1	1	33839	34	6989	20.6537	0.243358	33.4	26.6
CBDDTY010000769.1	1	33835	103	15073	44.5485	0.857189	32.8	31.7
CBDDTY010000770.1	1	33831	66	12574	37.1671	0.505394	33.5	43.2
CBDDTY010000771.1	1	33828	71	12590	37.2177	0.568257	32.3	45.6
CBDDTY010000772.1	1	33826	66	10468	30.9466	0.418465	33.2	36.4
CBDDTY010000773.1	1	33818	70	11744	34.7271	0.50757	32.6	27.1
CBDDTY010000774.1	1	33817	112	14258	42.1622	0.794689	33.1	23
CBDDTY010000775.1	1	33801	84	12213	36.1321	0.584598	34.1	29
CBDDTY010000776.1	1	33789	82	9639	28.527	0.719702	33.4	25
CBDDTY010000777.1	1	33769	78	14386	42.6012	0.681809	33	54.1
CBDDTY010000778.1	1	33768	89	8032	23.7858	0.593047	34.6	16
CBDDTY010000779.1	1	33766	110	14556	43.1085	0.842889	33.5	33.2
CBDDTY010000780.1	1	33762	25	4728	14.0039	0.188644	33.6	22
CBDDTY010000781.1	1	33751	33	6335	18.7698	0.240793	32.8	28.7
CBDDTY010000782.1	1	33746	44	8348	24.7377	0.295354	33.1	23.5
CBDDTY010000783.1	1	33732	108	19031	56.4182	0.890223	33.8	34.6
CBDDTY010000784.1	1	33722	194	19887	58.9734	1.56429	33.3	7.15
CBDDTY010000785.1	1	33708	101	15080	44.7372	0.753174	32.9	34
CBDDTY010000786.1	1	33702	81	13068	38.7751	0.666578	33.6	16.8
CBDDTY010000787.1	1	33661	51	7657	22.7474	0.360922	33.8	11.5
CBDDTY010000788.1	1	33654	39	6257	18.5921	0.237089	33.2	21.2
CBDDTY010000789.1	1	33644	60	11438	33.9971	0.496968	32.5	40.5
CBDDTY010000790.1	1	33638	66	10829	32.1928	0.470301	33.3	17.4
CBDDTY010000791.1	1	33637	72	12065	35.8682	0.576389	33.1	22.6
CBDDTY010000792.1	1	33637	41	8950	26.6076	0.345631	32.8	23.8
CBDDTY010000793.1	1	33634	74	11453	34.0519	0.544717	33.1	20.1
CBDDTY010000794.1	1	33629	128	18547	55.1518	1.02638	33.2	32.1
CBDDTY010000795.1	1	33617	104	15619	46.4616	0.765059	32.7	37.4
CBDDTY010000796.1	1	33612	59	11191	33.2947	0.425503	32	36.4
CBDDTY010000797.1	1	33606	251	15694	46.7	2.18842	33.3	21.1
CBDDTY010000798.1	1	33591	42	2874	8.55586	0.192462	34.1	8.43
CBDDTY010000799.1	1	33579	57	8718	25.9627	0.492987	33.6	27.3
CBDDTY010000800.1	1	33572	79	14269	42.5027	0.604075	33.1	48.8
CBDDTY010000801.1	1	33566	38	6862	20.4433	0.274832	33.4	30.8
CBDDTY010000802.1	1	33558	17	2414	7.19352	0.117319	33	24.2
CBDDTY010000803.1	1	33558	52	8902	26.5272	0.458698	32	35.8
CBDDTY010000804.1	1	33534	40	7264	21.6616	0.275452	31.1	27.1
CBDDTY010000805.1	1	33515	103	11668	34.8143	0.750082	33.1	19.9
CBDDTY010000806.1	1	33512	61	9778	29.1776	0.389622	33.7	27.5
CBDDTY010000807.1	1	33506	92	15698	46.8513	0.794932	33.7	39.9
CBDDTY010000808.1	1	33489	130	13761	41.0911	1.01953	33.1	13
CBDDTY010000809.1	1	33465	72	11736	35.0695	0.615569	33.9	28.1
CBDDTY010000810.1	1	33458	64	10356	30.9522	0.515572	33	5.72
CBDDTY010000811.1	1	33457	39	6036	18.0411	0.369489	34	5.1
CBDDTY010000812.1	1	33457	40	7492	22.3929	0.308695	33	30.4
CBDDTY010000813.1	1	33431	34	6861	20.5229	0.246089	33.2	15.3
CBDDTY010000814.1	1	33402	93	14604	43.7219	0.722112	33	30
CBDDTY010000815.1	1	33384	218	19447	58.2525	1.80871	32.4	27.5
CBDDTY010000816.1	1	33379	44	5451	16.3306	0.275053	32.9	3.7
CBDDTY010000817.1	1	33356	60	9039	27.0986	0.421573	31.8	9.45
CBDDTY010000818.1	1	33356	65	12013	36.0145	0.497841	33.3	43.8
CBDDTY010000819.1	1	33350	63	12496	37.4693	0.521409	33.1	30.3
CBDDTY010000820.1	1	33349	120	14423	43.2487	0.990345	33.3	22.9
CBDDTY010000821.1	1	33284	58	11259	33.8271	0.42594	32.6	42.9
CBDDTY010000822.1	1	33274	117	14511	43.6106	0.899892	33	29.4
CBDDTY010000823.1	1	33274	164	16607	49.9098	1.38907	32.7	34
CBDDTY010000824.1	1	33255	77	13160	39.573	0.55724	34.1	35
CBDDTY010000825.1	1	33215	64	10154	30.5705	0.539485	32.3	24.9
CBDDTY010000826.1	1	33147	92	13843	41.7625	0.725164	32.8	28.7
CBDDTY010000827.1	1	33145	93	14742	44.4773	0.772635	33.4	28.6
CBDDTY010000828.1	1	33130	63	11750	35.4663	0.504226	32.7	33.3
CBDDTY010000829.1	1	33113	123	11078	33.4551	1.1044	32.4	16.1
CBDDTY010000830.1	1	33105	30	5817	17.5714	0.238846	32.3	14.1
CBDDTY010000831.1	1	33092	69	10261	31.0075	0.497764	32.5	26.8
CBDDTY010000832.1	1	33090	75	13782	41.65	0.624448	32.6	46.3
CBDDTY010000833.1	1	33069	99	13801	41.734	0.750522	33.1	17.7
CBDDTY010000834.1	1	33053	71	9896	29.9398	0.582822	34.2	31.5
CBDDTY010000835.1	1	33051	33	4990	15.0979	0.238419	33.2	11
CBDDTY010000836.1	1	33016	74	11655	35.3011	0.607948	31.8	36.4
CBDDTY010000837.1	1	33006	57	8387	25.4105	0.374083	33.2	17.1
CBDDTY010000838.1	1	33000	106	16339	49.5121	0.845758	32.4	25.9
CBDDTY010000839.1	1	33000	25	6210	18.8182	0.223242	31.4	21.6
CBDDTY010000840.1	1	33000	33	4063	12.3121	0.249667	32.1	9.97
CBDDTY010000841.1	1	33000	95	14612	44.2788	0.799303	33	5.66
CBDDTY010000842.1	1	33000	72	14263	43.2212	0.615394	32.6	36.4
CBDDTY010000843.1	1	33000	133	17407	52.7485	1.07576	32.9	20.7
CBDDTY010000844.1	1	33000	95	9662	29.2788	0.748606	33.5	41.4
CBDDTY010000845.1	1	32800	205	19276	58.7683	1.67372	33	4.65
CBDDTY010000846.1	1	33000	117	11290	34.2121	0.939515	33.3	32.2
CBDDTY010000847.1	1	33000	69	10971	33.2455	0.541061	32.9	15.6
CBDDTY010000848.1	1	33000	22	2575	7.80303	0.172061	33.8	21.9
CBDDTY010000849.1	1	33000	79	10528	31.903	0.629242	33.7	15.4
CBDDTY010000850.1	1	33000	34	4737	14.3545	0.308758	32.9	11
CBDDTY010000851.1	1	33000	76	14914	45.1939	0.630303	35	42.8
CBDDTY010000852.1	1	33000	87	14454	43.8	0.758727	32.9	29.2
CBDDTY010000853.1	1	33000	18	3027	9.17273	0.126242	32.7	9.33
CBDDTY010000854.1	1	33000	122	12391	37.5485	0.973818	33.2	7.89
CBDDTY010000855.1	1	33000	29	4772	14.4606	0.238303	31.9	38.5
CBDDTY010000856.1	1	33000	92	11302	34.2485	0.758727	33.3	26
CBDDTY010000857.1	1	32600	90	11371	34.8804	0.700153	32.3	15.2
CBDDTY010000858.1	1	32995	99	16178	49.0317	0.81482	30.8	42.9
CBDDTY010000859.1	1	32982	35	5483	16.6242	0.210964	33.9	12.3
CBDDTY010000860.1	1	32981	37	6011	18.2256	0.280161	32.2	22.9
CBDDTY010000861.1	1	32973	10	1444	4.37934	0.0617475	33	28.1
CBDDTY010000862.1	1	32972	60	10775	32.6792	0.466365	33	37.9
CBDDTY010000863.1	1	32968	83	14817	44.9436	0.721154	32.9	42.8
CBDDTY010000864.1	1	32945	79	14251	43.2569	0.689695	33.1	36.2
CBDDTY010000865.1	1	32929	75	15065	45.7499	0.670442	32.6	50.9
CBDDTY010000866.1	1	32909	22	3751	11.3981	0.175666	33	5.86
CBDDTY010000867.1	1	32895	47	7304	22.204	0.335431	33.7	30.3
CBDDTY010000868.1	1	32880	73	14315	43.5371	0.635249	33.8	38.5
CBDDTY010000869.1	1	32860	140	16991	51.7072	1.11233	32.5	35.7
CBDDTY010000870.1	1	32845	59	9131	27.8003	0.431755	32.5	16.8
CBDDTY010000871.1	1	32844	68	11367	34.6091	0.52929	33.2	40.1
CBDDTY010000872.1	1	32844	70	10992	33.4673	0.57423	32	23
CBDDTY010000873.1	1	32842	100	8809	26.8224	0.724834	34	9.27
CBDDTY010000874.1	1	32811	88	10279	31.3279	0.736491	32.8	18.8
CBDDTY010000875.1	1	32802	98	15918	48.5275	0.788306	34.5	38.5
CBDDTY010000876.1	1	32800	6	961	2.92988	0.0333841	38.3	4.17
CBDDTY010000877.1	1	32799	61	11749	35.8212	0.474283	32.8	45.2
CBDDTY010000878.1	1	32787	64	10149	30.9543	0.519017	34.5	18.8
CBDDTY010000879.1	1	32758	59	12146	37.078	0.575279	33.1	42.9
CBDDTY010000880.1	1	32752	68	12392	37.8359	0.562958	32.7	35.3
CBDDTY010000881.1	1	32736	11	2773	8.4708	0.107344	30.6	10.4
CBDDTY010000882.1	1	32721	42	8037	24.5622	0.363131	33.8	1.83
CBDDTY010000883.1	1	32713	100	14436	44.1292	0.728701	32.5	33
CBDDTY010000884.1	1	32695	84	15126	46.264	0.672152	33.6	43.4
CBDDTY010000885.1	1	32654	64	10212	31.2734	0.523764	34.3	31.5
CBDDTY010000886.1	1	32652	56	11766	36.0345	0.501348	33.6	23.2
CBDDTY010000887.1	1	32652	38	6271	19.2056	0.295571	30.6	15.1
CBDDTY010000888.1	1	32650	84	13078	40.0551	0.750291	32.8	33.6
CBDDTY010000889.1	1	32631	66	8843	27.1	0.425699	32.5	19.1
CBDDTY010000890.1	1	32628	25	3993	12.238	0.193392	34.2	9.48
CBDDTY010000891.1	1	32627	104	16566	50.7739	0.923805	32.6	27.3
CBDDTY010000892.1	1	32626	103	15338	47.0116	0.827346	32.1	39.5
CBDDTY010000893.1	1	32599	42	7728	23.7062	0.312862	32.4	15.6
CBDDTY010000894.1	1	32560	51	9404	28.8821	0.425461	33.8	16.5
CBDDTY010000895.1	1	32545	82	12265	37.6863	0.618344	32.1	28.4
CBDDTY010000896.1	1	32521	54	9308	28.6215	0.471541	34.1	20.5
CBDDTY010000897.1	1	32477	72	9210	28.3585	0.527758	32.7	13.1
CBDDTY010000898.1	1	32385	84	15724	48.5533	0.805805	34	47.8
CBDDTY010000899.1	1	32338	25	4237	13.1022	0.138537	34.2	8.44
CBDDTY010000900.1	1	32332	150	16718	51.7073	1.24858	32.9	20.5
CBDDTY010000901.1	1	32328	61	11927	36.8937	0.49205	33.4	20.1
CBDDTY010000902.1	1	32322	68	7056	21.8303	0.463647	33.1	6.24
CBDDTY010000903.1	1	32321	50	8345	25.8191	0.440735	34	21.2
CBDDTY010000904.1	1	32315	111	15540	48.0891	0.891815	32.8	27
CBDDTY010000905.1	1	32285	107	11798	36.5433	0.907263	33.5	25.7
CBDDTY010000906.1	1	32274	82	16723	51.8157	0.742486	33.3	49.1
CBDDTY010000907.1	1	32264	126	15380	47.6692	1.05709	33.6	41.8
CBDDTY010000908.1	1	32248	29	5548	17.2042	0.207796	33.1	18
CBDDTY010000909.1	1	32245	158	17569	54.486	1.38363	33.1	13
CBDDTY010000910.1	1	32244	50	5819	18.0468	0.391453	33.3	13.6
CBDDTY010000911.1	1	32240	43	6504	20.1737	0.350993	32.2	8.16
CBDDTY010000912.1	1	32228	58	6992	21.6954	0.412716	33.5	12.3
CBDDTY010000913.1	1	32224	103	16553	51.3685	0.819731	33.3	32.2
CBDDTY010000914.1	1	32221	14	3059	9.49381	0.125694	32.5	19.8
CBDDTY010000915.1	1	32207	116	13910	43.1894	0.916695	32.4	21.8
CBDDTY010000916.1	1	32207	46	6544	20.3186	0.297296	33.6	14
CBDDTY010000917.1	1	32206	21	4276	13.277	0.161957	34.2	15.7
CBDDTY010000918.1	1	32199	48	6040	18.7583	0.316283	33.2	10.6
CBDDTY010000919.1	1	32185	81	12202	37.9121	0.635762	32.8	16.1
CBDDTY010000920.1	1	32174	68	9334	29.011	0.490645	32	11.6
CBDDTY010000921.1	1	32164	82	13370	41.5682	0.706193	33.6	40.4
CBDDTY010000922.1	1	32159	160	20012	62.2283	1.32053	32.8	30.7
CBDDTY010000923.1	1	32157	76	13315	41.4062	0.65712	33.9	41.8
CBDDTY010000924.1	1	32156	109	17030	52.9606	0.957022	33.3	33.1
CBDDTY010000925.1	1	32151	47	3428	10.6622	0.314018	34	16.7
CBDDTY010000926.1	1	32149	65	10106	31.4349	0.541385	32.8	7.57
CBDDTY010000927.1	1	32123	75	15053	46.8605	0.698285	32.8	45.1
CBDDTY010000928.1	1	32074	59	10985	34.2489	0.482759	31.6	19.2
CBDDTY010000929.1	1	32048	21	3297	10.2877	0.123315	33.9	20.2
CBDDTY010000930.1	1	32000	106	14879	46.4969	0.859219	32.7	30.1
CBDDTY010000931.1	1	31800	40	6767	21.2799	0.333585	33.5	6.55
CBDDTY010000933.1	1	32000	284	20961	65.5031	2.55972	32.7	17.9
CBDDTY010000934.1	1	32000	19	3048	9.525	0.114281	34.6	7.05
CBDDTY010000935.1	1	32000	59	9652	30.1625	0.435344	32.4	40.3
CBDDTY010000936.1	1	32000	9	1950	6.09375	0.0782812	32.6	8.89
CBDDTY010000937.1	1	32000	60	11451	35.7844	0.51675	32.5	28.5
CBDDTY010000938.1	1	32000	57	6720	21	0.440469	33.3	4.16
CBDDTY010000939.1	1	32000	64	7183	22.4469	0.478812	32.4	4.27
CBDDTY010000940.1	1	32000	87	14139	44.1844	0.709656	33.3	22.5
CBDDTY010000941.1	1	32000	38	6556	20.4875	0.266344	33.8	9.47
CBDDTY010000942.1	1	32000	33	3881	12.1281	0.237563	33.6	14.2
CBDDTY010000943.1	1	32000	77	13291	41.5344	0.64475	33.4	37.1
CBDDTY010000944.1	1	32000	82	9828	30.7125	0.644375	32.8	27.7
CBDDTY010000945.1	1	32000	68	12756	39.8625	0.585031	32.7	21.6
CBDDTY010000946.1	1	32000	27	3484	10.8875	0.171031	31.3	4.26
CBDDTY010000947.1	1	32000	65	11058	34.5562	0.466813	33	31.2
CBDDTY010000948.1	1	32000	81	10021	31.3156	0.656062	34.2	15.4
CBDDTY010000949.1	1	32000	30	3669	11.4656	0.221719	34.2	4.33
CBDDTY010000950.1	1	32000	132	16091	50.2844	1.06866	33.2	37.3
CBDDTY010000951.1	1	32000	127	17005	53.1406	1.00853	33.6	14.8
CBDDTY010000952.1	1	32000	7	1177	3.67813	0.0374688	31.4	2.14
CBDDTY010000953.1	1	31999	90	14547	45.4608	0.711616	33.1	34.1
CBDDTY010000954.1	1	31996	50	8896	27.8035	0.396362	33.7	5.38
CBDDTY010000955.1	1	31979	37	6425	20.0913	0.336127	32.2	31.6
CBDDTY010000956.1	1	31977	77	12450	38.9342	0.654627	33.1	25.7
CBDDTY010000957.1	1	31943	3	507	1.5872	0.0196913	31.4	7.67
CBDDTY010000958.1	1	31917	82	12927	40.5019	0.674781	34	31.2
CBDDTY010000959.1	1	31914	74	13221	41.427	0.673498	32.2	36.6
CBDDTY010000960.1	1	31910	56	9262	29.0254	0.488844	32.8	22
CBDDTY010000961.1	1	31898	71	8579	26.8951	0.547338	33.5	10.4
CBDDTY010000962.1	1	31883	91	14693	46.0841	0.784148	33	30.9
CBDDTY010000963.1	1	31877	63	9299	29.1715	0.568466	31.9	31.7
CBDDTY010000964.1	1	31877	25	6175	19.3713	0.248455	32.7	23.3
CBDDTY010000965.1	1	31863	130	18248	57.2702	1.06013	33.2	23.3
CBDDTY010000966.1	1	31845	51	4930	15.4812	0.379086	34.3	7.02
CBDDTY010000967.1	1	31840	82	13194	41.4384	0.646451	33.4	43.9
CBDDTY010000968.1	1	31838	26	5293	16.6248	0.212545	33.4	3.31
CBDDTY010000969.1	1	31822	72	13295	41.7793	0.675382	32.8	47.8
CBDDTY010000970.1	1	31815	57	9200	28.9172	0.486783	33.5	26.3
CBDDTY010000971.1	1	31800	100	13509	42.4811	0.874497	33.6	21.9
CBDDTY010000972.1	1	31799	70	11434	35.9571	0.527344	33.5	16.2
CBDDTY010000973.1	1	31794	70	13297	41.8224	0.566774	33.1	36.5
CBDDTY010000974.1	1	31778	72	14013	44.0965	0.649506	33.9	39.5
CBDDTY010000975.1	1	31769	107	10593	33.3438	0.876798	34.5	11.8
CBDDTY010000976.1	1	31747	93	12537	39.4903	0.780956	33.5	22.9
CBDDTY010000977.1	1	31746	181	14020	44.163	1.47004	32.5	13.1
CBDDTY010000978.1	1	31735	60	7907	24.9157	0.458547	32.7	15.7
CBDDTY010000979.1	1	31693	32	6801	21.459	0.24182	34.7	14
CBDDTY010000980.1	1	31667	116	11751	37.108	0.963464	32.9	7.51
CBDDTY010000981.1	1	31665	78	13077	41.298	0.62997	33.5	38.2
CBDDTY010000982.1	1	31646	23	4209	13.3003	0.172123	29.6	31.2
CBDDTY010000983.1	1	31631	86	14348	45.3606	0.702159	32.5	20.1
CBDDTY010000984.1	1	31630	72	11464	36.2441	0.54559	32.4	36.6
CBDDTY010000985.1	1	31626	74	10300	32.5681	0.513059	32.7	24
CBDDTY010000986.1	1	31622	28	4613	14.5879	0.199734	31	4.32
CBDDTY010000987.1	1	31606	4	558	1.76549	0.0176549	32.3	7.25
CBDDTY010000988.1	1	31590	160	19006	60.1646	1.37585	31.4	30.5
CBDDTY010000989.1	1	31588	116	15242	48.2525	0.949569	32.6	21.9
CBDDTY010000990.1	1	31579	88	16186	51.2556	0.780234	32	49.9
CBDDTY010000991.1	1	31573	103	15685	49.6785	0.825832	32.9	22.2
CBDDTY010000992.1	1	31554	68	12783	40.5115	0.574919	33.4	50.5
CBDDTY010000993.1	1	31531	36	6656	21.1094	0.282262	34	29.2
CBDDTY010000994.1	1	31506	83	10930	34.6918	0.723894	33.2	4.27
CBDDTY010000995.1	1	31504	107	13941	44.2515	0.953879	34	24.8
CBDDTY010000996.1	1	31489	42	6526	20.7247	0.412779	32.3	12.5
CBDDTY010000997.1	1	31488	65	9556	30.3481	0.556879	34.1	27.4
CBDDTY010000998.1	1	31472	25	2563	8.14375	0.193664	33.6	2.72
CBDDTY010000999.1	1	31468	12	2194	6.97216	0.092316	31.3	1.75
CBDDTY010001000.1	1	31466	66	12172	38.683	0.526568	34	47.7
CBDDTY010001001.1	1	31458	45	6440	20.4717	0.361689	32.9	14.1
CBDDTY010001002.1	1	31438	15	2631	8.36885	0.100674	33.2	2.53
CBDDTY010001003.1	1	31438	92	16578	52.7324	0.778962	32.9	43.7
CBDDTY010001004.1	1	31429	31	6372	20.2743	0.257533	32	30.4
CBDDTY010001005.1	1	31426	21	4582	14.5803	0.231019	32.2	32.2
CBDDTY010001006.1	1	31423	51	9730	30.9646	0.399707	31.6	38.7
CBDDTY010001007.1	1	31421	62	9668	30.7692	0.46192	32.4	38.2
CBDDTY010001008.1	1	31411	38	6716	21.381	0.294833	32.3	19.8
CBDDTY010001009.1	1	31401	65	6369	20.2828	0.536734	33.7	13.5
CBDDTY010001010.1	1	31393	84	10342	32.9436	0.751887	33.6	3.6
CBDDTY010001011.1	1	31393	183	16809	53.5438	1.63151	32.7	29.9
CBDDTY010001012.1	1	31353	55	11565	36.8864	0.45581	33.9	34.6
CBDDTY010001013.1	1	31349	95	14723	46.9648	0.8206	33.7	35.1
CBDDTY010001014.1	1	31330	61	13110	41.8449	0.584137	32.4	33.4
CBDDTY010001015.1	1	31314	38	8392	26.7995	0.324392	32.6	38.4
CBDDTY010001016.1	1	31312	95	11697	37.3563	0.847055	33.5	23.4
CBDDTY010001017.1	1	31302	96	15410	49.2301	0.838381	32.8	36
CBDDTY010001018.1	1	31290	100	10988	35.1167	0.801534	31.6	18.9
CBDDTY010001019.1	1	31275	72	12561	40.1631	0.57992	33.3	35.8
CBDDTY010001020.1	1	31270	38	4872	15.5804	0.282891	34.2	7.24
CBDDTY010001021.1	1	31266	84	14324	45.8133	0.718896	32.9	46.1
CBDDTY010001022.1	1	31232	126	12863	41.1853	0.92767	32.4	29.5
CBDDTY010001023.1	1	31224	99	9327	29.8713	0.802588	33.8	14.7
CBDDTY010001024.1	1	31216	66	8183	26.2141	0.629197	32.6	17.3
CBDDTY010001025.1	1	31211	36	6225	19.9449	0.297171	31.8	11.8
CBDDTY010001026.1	1	31195	66	8757	28.0718	0.55028	34.5	27.8
CBDDTY010001027.1	1	31190	40	6209	19.907	0.312761	32.3	4.6
CBDDTY010001028.1	1	31144	70	9285	29.8131	0.527196	32.8	8.14
CBDDTY010001029.1	1	31142	37	5348	17.1729	0.260998	34	16.9
CBDDTY010001030.1	1	31136	73	14946	48.0023	0.670092	33.4	47.3
CBDDTY010001031.1	1	31121	66	11294	36.2906	0.545452	33.5	32.9
CBDDTY010001032.1	1	31112	32	4222	13.5703	0.200244	33.5	12
CBDDTY010001033.1	1	31102	97	12185	39.1775	0.881197	32.2	22
CBDDTY010001034.1	1	31078	26	4134	13.302	0.195926	33.3	14
CBDDTY010001035.1	1	31072	147	16281	52.3977	1.22216	33.2	30.9
CBDDTY010001036.1	1	31066	58	9531	30.6798	0.441608	33.1	38.9
CBDDTY010001037.1	1	31052	45	6161	19.8409	0.369284	34	13.5
CBDDTY010001038.1	1	31045	20	5671	18.267	0.197198	32.4	31.5
CBDDTY010001039.1	1	31039	6	893	2.87703	0.0374368	37.3	15.2
CBDDTY010001040.1	1	31027	52	8278	26.68	0.451993	33.4	12.2
CBDDTY010001041.1	1	31024	111	15900	51.2506	0.978887	33.7	35.7
CBDDTY010001042.1	1	31007	71	9725	31.3639	0.58848	32.9	22.3
CBDDTY010001043.1	1	31005	74	11270	36.349	0.599516	33.7	19.8
CBDDTY010001044.1	1	30800	184	16335	53.0357	1.57308	33.1	17.9
CBDDTY010001045.1	1	30800	175	14024	45.5325	1.55568	33	20.2
CBDDTY010001046.1	1	31000	52	9165	29.5645	0.431226	33.7	20.1
CBDDTY010001047.1	1	31000	69	8983	28.9774	0.629774	32.4	6.19
CBDDTY010001048.1	1	31000	26	5349	17.2548	0.20771	34.7	24.7
CBDDTY010001049.1	1	31000	188	15796	50.9548	1.88042	32.5	23.1
CBDDTY010001050.1	1	31000	71	12907	41.6355	0.632903	32.4	26.2
CBDDTY010001051.1	1	30800	61	11927	38.724	0.534838	33.8	50.8
CBDDTY010001052.1	1	31000	59	9295	29.9839	0.584484	32.7	32.3
CBDDTY010001053.1	1	30800	89	13392	43.4805	0.810162	33.6	28.1
CBDDTY010001054.1	1	31000	48	8824	28.4645	0.371871	32.4	30
CBDDTY010001055.1	1	31000	62	9212	29.7161	0.513452	33	20.4
CBDDTY010001056.1	1	31000	86	12706	40.9871	0.76829	32.9	21.3
CBDDTY010001057.1	1	31000	92	8942	28.8452	0.824258	32.9	18.8
CBDDTY010001058.1	1	30400	158	8991	29.5757	1.4626	34.3	32.7
CBDDTY010001059.1	1	31000	155	19236	62.0516	1.36355	31.9	24.7
CBDDTY010001060.1	1	31000	44	8416	27.1484	0.399419	31.7	28.5
CBDDTY010001061.1	1	30600	42	5160	16.8627	0.303333	32.5	12
CBDDTY010001062.1	1	31000	113	17613	56.8161	0.895935	32.3	41.3
CBDDTY010001063.1	1	30727	77	8521	27.7313	0.593159	34.1	9.79
CBDDTY010001064.1	1	30954	77	7111	22.9728	0.757123	32.2	4.3
CBDDTY010001065.1	1	30937	88	15767	50.9649	0.766041	33.3	46.7
CBDDTY010001066.1	1	30921	166	17140	55.4316	1.34494	33.1	33.3
CBDDTY010001067.1	1	30906	73	12800	41.4159	0.605772	32.6	41.5
CBDDTY010001068.1	1	30905	51	8653	27.9987	0.426662	32.5	17.3
CBDDTY010001069.1	1	30888	54	9066	29.3512	0.470668	32.9	28.1
CBDDTY010001070.1	1	30873	159	16935	54.8538	1.34804	32.9	7.81
CBDDTY010001071.1	1	30868	67	9182	29.746	0.568647	33.4	8.91
CBDDTY010001072.1	1	30865	45	6246	20.2365	0.364296	32.5	9.69
CBDDTY010001073.1	1	30863	44	8841	28.646	0.391828	34	14.5
CBDDTY010001074.1	1	30860	44	6797	22.0253	0.353402	32.5	2.25
CBDDTY010001075.1	1	30852	144	16822	54.5248	1.28053	32.9	24.8
CBDDTY010001076.1	1	30848	81	13648	44.2427	0.711294	32.7	36.9
CBDDTY010001077.1	1	30839	102	11381	36.9046	0.801453	32.8	38.7
CBDDTY010001078.1	1	30834	106	15093	48.9492	0.875559	32.8	34.1
CBDDTY010001079.1	1	30819	53	8760	28.424	0.481943	32.6	25.5
CBDDTY010001080.1	1	30815	78	12237	39.7112	0.757034	32.9	35.7
CBDDTY010001081.1	1	30792	46	7407	24.0549	0.435535	34.3	34
CBDDTY010001082.1	1	30792	88	10531	34.2004	0.727851	33.3	26.1
CBDDTY010001083.1	1	30759	165	9706	31.555	1.51569	32.9	19.2
CBDDTY010001084.1	1	30754	41	2699	8.77609	0.354003	32.9	5.41
CBDDTY010001085.1	1	30751	30	6767	22.0058	0.252219	33.3	10.2
CBDDTY010001086.1	1	30705	6	1024	3.33496	0.0512294	31.5	17.5
CBDDTY010001087.1	1	30698	51	9755	31.7773	0.42752	32.3	44.4
CBDDTY010001088.1	1	30694	113	11035	35.9517	0.884538	32.3	9.73
CBDDTY010001089.1	1	30667	71	11987	39.0876	0.544657	33.2	36.5
CBDDTY010001090.1	1	30665	49	7054	23.0034	0.385162	32	37.4
CBDDTY010001091.1	1	30654	38	8704	28.3943	0.341587	34	45.9
CBDDTY010001092.1	1	30651	93	13944	45.4928	0.765326	32.5	39
CBDDTY010001093.1	1	30631	100	9836	32.1113	0.71457	33.4	11.8
CBDDTY010001094.1	1	30630	68	12589	41.1002	0.570095	31.8	33.3
CBDDTY010001095.1	1	30608	65	9434	30.822	0.573216	33.2	16.8
CBDDTY010001096.1	1	30608	37	7549	24.6635	0.304365	32.7	20.1
CBDDTY010001097.1	1	30400	69	11716	38.5395	0.544638	32.7	27.3
CBDDTY010001098.1	1	30599	71	13054	42.6615	0.591359	33	38.6
CBDDTY010001099.1	1	30591	61	13244	43.2938	0.57311	33.2	43.4
CBDDTY010001100.1	1	30568	81	16694	54.6127	0.792692	32.2	50
CBDDTY010001101.1	1	30565	55	10178	33.2995	0.48441	32.2	29.4
CBDDTY010001102.1	1	30549	30	4866	15.9285	0.271531	32.3	6.73
CBDDTY010001103.1	1	30539	33	4361	14.2801	0.252955	30.8	13.3
CBDDTY010001104.1	1	30535	78	10995	36.0079	0.695104	33.4	22.9
CBDDTY010001105.1	1	30531	63	10219	33.4709	0.502571	33.4	31.4
CBDDTY010001106.1	1	30523	80	15863	51.9706	0.787767	33.7	44
CBDDTY010001107.1	1	30519	36	5366	17.5825	0.348242	33.6	9.19
CBDDTY010001108.1	1	30513	17	3286	10.7692	0.131485	34.7	10
CBDDTY010001109.1	1	30489	60	10173	33.3661	0.50264	32.2	38.8
CBDDTY010001110.1	1	30474	82	14871	48.799	0.734856	32.5	37.7
CBDDTY010001111.1	1	30470	81	13379	43.9088	0.68871	32.5	42.5
CBDDTY010001112.1	1	30466	73	9582	31.4515	0.688341	32.5	18.4
CBDDTY010001113.1	1	30460	101	16867	55.3743	0.946356	32.9	43.9
CBDDTY010001114.1	1	30440	33	4940	16.2286	0.272405	31.6	14.1
CBDDTY010001115.1	1	30432	74	14587	47.9331	0.704982	33.8	46.4
CBDDTY010001116.1	1	30415	77	11195	36.8075	0.730265	33.6	17.5
CBDDTY010001117.1	1	30410	46	6746	22.1835	0.3366	32.8	10.3
CBDDTY010001118.1	1	30405	28	3435	11.2975	0.273869	33.2	25.5
CBDDTY010001119.1	1	30396	95	13360	43.9532	0.779675	33.2	21.4
CBDDTY010001120.1	1	30386	36	5417	17.8273	0.288225	33.2	8.81
CBDDTY010001121.1	1	30370	138	19936	65.6437	1.27208	33.7	44.8
CBDDTY010001122.1	1	30365	85	6385	21.0275	0.804709	32.4	5.75
CBDDTY010001123.1	1	30347	90	14334	47.2337	0.749234	32.7	32.7
CBDDTY010001124.1	1	30341	107	8624	28.4236	0.902179	33.4	40.5
CBDDTY010001125.1	1	30326	350	20433	67.3778	3.24787	33.5	13.5
CBDDTY010001126.1	1	30320	67	10605	34.9769	0.553991	32.8	24
CBDDTY010001127.1	1	30312	126	13885	45.8069	1.13279	33.7	30.3
CBDDTY010001128.1	1	30295	65	9534	31.4705	0.521241	33	28.6
CBDDTY010001129.1	1	30290	71	11401	37.6395	0.595543	32.6	17.9
CBDDTY010001130.1	1	30268	65	10107	33.3917	0.595546	32.6	12.8
CBDDTY010001131.1	1	30261	71	10441	34.5032	0.566472	32.7	20.6
CBDDTY010001132.1	1	30260	68	10500	34.6993	0.623629	33	13.9
CBDDTY010001133.1	1	30259	100	14749	48.7425	0.853928	32.8	35.5
CBDDTY010001134.1	1	30212	140	14203	47.0111	1.21942	32.3	23.6
CBDDTY010001135.1	1	30206	146	18031	59.6934	1.31146	33.2	18.5
CBDDTY010001136.1	1	30205	88	15577	51.5709	0.823009	32.2	35.3
CBDDTY010001137.1	1	30200	19	1890	6.25828	0.108013	33.8	11.9
CBDDTY010001138.1	1	30189	75	12557	41.5946	0.664878	32.6	34.1
CBDDTY010001139.1	1	30186	101	15274	50.5996	0.925462	33.2	41
CBDDTY010001140.1	1	30174	73	10086	33.4261	0.712435	32.8	33.9
CBDDTY010001141.1	1	30172	69	10388	34.4293	0.611594	33	22.8
CBDDTY010001142.1	1	30165	47	9738	32.2824	0.47217	33.6	5.09
CBDDTY010001143.1	1	30145	37	5995	19.8872	0.278587	33.2	18.1
CBDDTY010001144.1	1	30139	57	10999	36.4942	0.468596	34	36.9
CBDDTY010001145.1	1	30127	83	9814	32.5754	0.670694	32.9	7.34
CBDDTY010001146.1	1	30106	124	16276	54.0623	1.04325	33	13.6
CBDDTY010001147.1	1	30089	30	4105	13.6429	0.258799	34.9	18.9
CBDDTY010001148.1	1	30076	91	12631	41.9969	0.778627	33.1	33.4
CBDDTY010001149.1	1	30071	49	6521	21.6853	0.383526	33	6.1
CBDDTY010001150.1	1	30043	76	13100	43.6042	0.723197	34	26.9
CBDDTY010001151.1	1	30030	35	5559	18.5115	0.246287	33.1	13.7
CBDDTY010001152.1	1	30013	88	15621	52.0474	0.857162	33	40.4
CBDDTY010001153.1	1	30000	19	2174	7.24667	0.1506	33.7	9.53
CBDDTY010001154.1	1	30000	110	13753	45.8433	0.9534	32.6	29.9
CBDDTY010001155.1	1	30000	73	10901	36.3367	0.682633	32	22.1
CBDDTY010001156.1	1	30000	41	5340	17.8	0.2799	32.9	21.2
CBDDTY010001157.1	1	29800	36	4484	15.047	0.338121	31.9	6.06
CBDDTY010001158.1	1	30000	112	15578	51.9267	0.975833	32.4	23.9
CBDDTY010001159.1	1	30000	90	9778	32.5933	0.7246	32.5	27.2
CBDDTY010001160.1	1	30000	101	3940	13.1333	1.11157	33.1	13.3
CBDDTY010001161.1	1	29800	37	4587	15.3926	0.37594	29	4
CBDDTY010001162.1	1	30000	64	6601	22.0033	0.557467	33.9	9.3
CBDDTY010001163.1	1	30000	53	5809	19.3633	0.391333	33.2	4.49
CBDDTY010001164.1	1	30000	78	8954	29.8467	0.6801	32.6	15.8
CBDDTY010001165.1	1	30000	80	4459	14.8633	0.734	31.8	6.31
CBDDTY010001166.1	1	29800	169	6977	23.4128	1.57765	33.4	6.64
CBDDTY010001167.1	1	30000	119	11256	37.52	1.0788	34.4	11.2
CBDDTY010001168.1	1	30000	28	5959	19.8633	0.246667	33.8	15.1
CBDDTY010001169.1	1	29800	29	5751	19.2987	0.252148	33.5	16.5
CBDDTY010001170.1	1	29800	96	10426	34.9866	0.933624	33.3	11.4
CBDDTY010001171.1	1	30000	64	11439	38.13	0.5737	32.9	40.7
CBDDTY010001172.1	1	30000	129	14315	47.7167	1.13937	33.9	18.6
CBDDTY010001173.1	1	30000	96	8048	26.8267	0.8143	33.8	27.1
CBDDTY010001174.1	1	29996	52	9201	30.6741	0.417122	32.8	14
CBDDTY010001175.1	1	29990	26	3908	13.031	0.227142	30.4	12.4
CBDDTY010001176.1	1	29990	72	8021	26.7456	0.595465	32.2	21.7
CBDDTY010001177.1	1	29989	88	13087	43.6393	0.788789	33.5	31.9
CBDDTY010001178.1	1	29984	32	4923	16.4188	0.221752	31.9	12.9
CBDDTY010001179.1	1	29983	50	8277	27.6056	0.392055	33.8	33.1
CBDDTY010001180.1	1	29981	95	13373	44.6049	0.70985	33.5	27.1
CBDDTY010001181.1	1	29979	66	8712	29.0603	0.529371	32.3	23.2
CBDDTY010001182.1	1	29971	62	9272	30.9366	0.47923	33	22.1
CBDDTY010001183.1	1	29963	75	13265	44.2713	0.698695	33.4	26.7
CBDDTY010001184.1	1	29951	75	13358	44.5995	0.705953	33	46.5
CBDDTY010001185.1	1	29923	36	6594	22.0366	0.275073	33.2	11.2
CBDDTY010001186.1	1	29895	77	14549	48.667	0.764141	33.2	44.3
CBDDTY010001187.1	1	29894	53	9438	31.5716	0.443333	33	25.2
CBDDTY010001188.1	1	29873	41	8080	27.0478	0.363238	31.9	33.8
CBDDTY010001189.1	1	29872	35	5713	19.1249	0.285418	32.9	17.4
CBDDTY010001190.1	1	29872	19	3651	12.2221	0.188839	32.1	20.8
CBDDTY010001191.1	1	29854	45	9337	31.2755	0.390467	32.2	21.2
CBDDTY010001192.1	1	29843	89	14332	48.0247	0.843615	32.8	43.6
CBDDTY010001193.1	1	29840	70	12009	40.2446	0.524296	33.5	43.8
CBDDTY010001194.1	1	29838	40	4469	14.9775	0.303305	33	7.62
CBDDTY010001195.1	1	29803	78	10988	36.8688	0.677449	33.1	31
CBDDTY010001196.1	1	29797	52	9002	30.2111	0.534517	33.3	25.5
CBDDTY010001197.1	1	29795	57	10003	33.5727	0.538379	33.8	22.1
CBDDTY010001198.1	1	29792	116	17243	57.878	0.967676	33.7	48.1
CBDDTY010001199.1	1	29787	74	12063	40.4975	0.661127	32.4	29
CBDDTY010001200.1	1	29770	57	9649	32.4118	0.446758	34.2	33.1
CBDDTY010001201.1	1	29747	68	6761	22.7283	0.620903	32.9	9.37
CBDDTY010001202.1	1	29735	55	9712	32.6618	0.550193	33.6	23.6
CBDDTY010001203.1	1	29729	48	7002	23.5528	0.435131	34.3	22.7
CBDDTY010001204.1	1	29728	39	6774	22.7866	0.286128	33.4	15.4
CBDDTY010001205.1	1	29726	88	15099	50.7939	0.77814	31.3	23.9
CBDDTY010001206.1	1	29724	54	10840	36.4688	0.537074	32.4	24.4
CBDDTY010001207.1	1	29699	72	12793	43.0755	0.630223	32.7	40
CBDDTY010001208.1	1	29686	85	11061	37.26	0.759786	32.3	22.5
CBDDTY010001209.1	1	29684	31	4468	15.0519	0.239658	33.4	13.6
CBDDTY010001210.1	1	29665	24	4013	13.5277	0.188303	32.4	10.9
CBDDTY010001211.1	1	29664	73	10768	36.2999	0.55859	32.8	30.4
CBDDTY010001212.1	1	29660	91	15535	52.3769	0.870465	33.2	47.4
CBDDTY010001213.1	1	29651	89	14575	49.1552	0.80601	34.2	43.9
CBDDTY010001214.1	1	29634	66	13211	44.5805	0.574779	33.3	45.1
CBDDTY010001215.1	1	29632	10	1563	5.2747	0.0712743	34.5	7.6
CBDDTY010001216.1	1	29631	49	9536	32.1825	0.444939	34.1	41.3
CBDDTY010001217.1	1	29627	80	9437	31.8527	0.709589	32.8	28.6
CBDDTY010001218.1	1	29601	38	6244	21.0939	0.328469	33.4	11.5
CBDDTY010001219.1	1	29587	100	15666	52.9489	0.914557	34.4	40.5
CBDDTY010001220.1	1	29578	60	10620	35.9051	0.60927	33.4	22.8
CBDDTY010001221.1	1	29576	74	14196	47.9984	0.687111	33.4	35.4
CBDDTY010001222.1	1	29518	75	11714	39.6843	0.589572	31.7	21.2
CBDDTY010001223.1	1	29488	87	11110	37.6763	0.761801	32.8	29.7
CBDDTY010001224.1	1	29485	8	1900	6.44395	0.0704426	33.6	20
CBDDTY010001225.1	1	29467	55	9770	33.1557	0.46832	34.7	22.1
CBDDTY010001226.1	1	29452	53	10587	35.9466	0.513683	32.8	16.6
CBDDTY010001227.1	1	29448	49	7198	24.4431	0.381792	33	16.3
CBDDTY010001228.1	1	29447	45	7311	24.8277	0.403097	32.6	23.6
CBDDTY010001229.1	1	29446	61	10931	37.1222	0.566495	33.1	34
CBDDTY010001230.1	1	29418	114	15147	51.4889	1.03953	32.3	12.9
CBDDTY010001231.1	1	29409	26	6872	23.367	0.292461	34	15.1
CBDDTY010001232.1	1	29384	37	6995	23.8055	0.331167	33.1	14.9
CBDDTY010001233.1	1	29384	64	11086	37.728	0.590696	31.5	41.1
CBDDTY010001234.1	1	29374	102	14610	49.7379	0.965275	33.3	38.6
CBDDTY010001235.1	1	29357	54	7652	26.0653	0.409408	33.1	20.8
CBDDTY010001236.1	1	29356	69	13455	45.8339	0.655471	32.2	39.6
CBDDTY010001237.1	1	29350	68	9496	32.3543	0.546303	32.6	19.2
CBDDTY010001238.1	1	29339	45	7513	25.6076	0.383721	34	15.6
CBDDTY010001239.1	1	29335	88	14078	47.9905	0.759809	31.6	31.2
CBDDTY010001240.1	1	29335	93	14618	49.8313	0.888938	33.5	51.7
CBDDTY010001241.1	1	29273	213	19367	66.1599	1.88563	33.1	16.2
CBDDTY010001242.1	1	29269	43	9267	31.6615	0.389627	33	36.6
CBDDTY010001243.1	1	29258	68	9670	33.0508	0.654556	31.9	9.28
CBDDTY010001244.1	1	29253	38	6996	23.9155	0.307866	32.8	17.7
CBDDTY010001245.1	1	29243	70	11941	40.8337	0.696372	31.9	34.5
CBDDTY010001246.1	1	29241	59	11413	39.0308	0.550186	33	35.6
CBDDTY010001247.1	1	29229	96	15710	53.748	0.953505	32.7	28.8
CBDDTY010001248.1	1	29218	27	4752	16.2639	0.222876	33.3	14.3
CBDDTY010001249.1	1	29200	81	10255	35.1199	0.711678	32.9	12.1
CBDDTY010001250.1	1	29183	76	13722	47.0205	0.660898	31.5	48.1
CBDDTY010001251.1	1	29182	76	5764	19.7519	0.72298	33	5.78
CBDDTY010001252.1	1	29177	77	12798	43.8633	0.794187	32.6	32.6
CBDDTY010001253.1	1	29173	62	10067	34.5079	0.554211	33.3	39.4
CBDDTY010001254.1	1	29171	42	7900	27.0817	0.370059	33.1	15.8
CBDDTY010001255.1	1	29169	22	3339	11.4471	0.166067	34.5	10.4
CBDDTY010001256.1	1	29144	105	12769	43.8135	1.04656	32.5	29.2
CBDDTY010001257.1	1	29144	101	15290	52.4636	0.899293	32.3	34.7
CBDDTY010001258.1	1	29139	74	10991	37.7192	0.630186	33	22.4
CBDDTY010001259.1	1	29134	33	4797	16.4653	0.231928	33.7	4.06
CBDDTY010001260.1	1	29133	55	8298	28.4832	0.438712	32.8	27.1
CBDDTY010001261.1	1	29122	60	9266	31.8179	0.517753	33	31.2
CBDDTY010001262.1	1	29112	111	10762	36.9676	1.00845	33.2	28.5
CBDDTY010001263.1	1	29095	44	5163	17.7453	0.317855	31.7	11.4
CBDDTY010001264.1	1	29087	51	8335	28.6554	0.40207	32.3	10.7
CBDDTY010001265.1	1	29061	28	5255	18.0827	0.219573	33	4.32
CBDDTY010001266.1	1	29055	48	7880	27.121	0.384374	32.7	25.7
CBDDTY010001267.1	1	29055	52	8785	30.2358	0.537636	32.5	21.1
CBDDTY010001268.1	1	29041	65	11484	39.5441	0.603492	33.5	44.4
CBDDTY010001269.1	1	29040	48	9392	32.3416	0.406267	33.5	11.4
CBDDTY010001270.1	1	29028	79	11151	38.4146	0.632286	32.5	23.2
CBDDTY010001271.1	1	29011	40	8479	29.2268	0.37696	31.9	28.5
CBDDTY010001272.1	1	29000	126	14932	51.4897	1.22414	32.8	35.7
CBDDTY010001273.1	1	29000	53	7938	27.3724	0.481586	32.6	11.9
CBDDTY010001274.1	1	29000	99	8941	30.831	0.858448	31.9	21.2
CBDDTY010001275.1	1	28800	15	2518	8.74306	0.126042	32.5	3.47
CBDDTY010001276.1	1	29000	54	9056	31.2276	0.477793	33.1	39
CBDDTY010001277.1	1	28800	38	6678	23.1875	0.375694	33.3	35
CBDDTY010001278.1	1	29000	129	12123	41.8034	1.25272	32.6	18.7
CBDDTY010001279.1	1	29000	11	1620	5.58621	0.080069	33	22.1
CBDDTY010001280.1	1	29000	45	7858	27.0966	0.457172	32	21.7
CBDDTY010001281.1	1	29000	39	4946	17.0552	0.297034	33.2	13.7
CBDDTY010001282.1	1	29000	101	12377	42.6793	0.824759	33.1	27.2
CBDDTY010001283.1	1	29000	46	6541	22.5552	0.39431	32	23.5
CBDDTY010001284.1	1	29000	65	7718	26.6138	0.524345	33.4	12.9
CBDDTY010001285.1	1	29000	19	2299	7.92759	0.209828	33.5	6
CBDDTY010001286.1	1	29000	91	8994	31.0138	0.783931	33.4	20.8
CBDDTY010001287.1	1	29000	15	2468	8.51034	0.134897	33.6	11.1
CBDDTY010001288.1	1	29000	48	7249	24.9966	0.363379	33.7	25
CBDDTY010001289.1	1	28800	56	6986	24.2569	0.471285	31.2	9.34
CBDDTY010001290.1	1	29000	27	4878	16.8207	0.278517	32.3	20.9
CBDDTY010001291.1	1	29000	45	6588	22.7172	0.389793	32.2	42
CBDDTY010001292.1	1	29000	28	2508	8.64828	0.217	33.2	13.9
CBDDTY010001293.1	1	29000	5	1621	5.58966	0.0796897	31.8	1.8
CBDDTY010001294.1	1	29000	89	11007	37.9552	0.779724	33.9	14.6
CBDDTY010001295.1	1	28996	69	13378	46.1374	0.67968	33.4	43.3
CBDDTY010001296.1	1	28995	35	6266	21.6106	0.304225	33.2	0.0857
CBDDTY010001297.1	1	28980	66	12366	42.6708	0.614182	33.2	35.8
CBDDTY010001298.1	1	28957	85	11104	38.3465	0.737369	32.5	24
CBDDTY010001299.1	1	28951	42	7318	25.2772	0.376429	33.4	28.1
CBDDTY010001300.1	1	28947	50	10251	35.413	0.451238	32.1	43
CBDDTY010001301.1	1	28940	65	11890	41.085	0.591085	33.5	25.1
CBDDTY010001302.1	1	28923	74	13485	46.6238	0.648066	33.8	49.2
CBDDTY010001303.1	1	28920	97	14062	48.6238	0.877766	32.7	34.5
CBDDTY010001304.1	1	28915	67	11778	40.7332	0.574027	33.2	32.4
CBDDTY010001305.1	1	28915	160	12182	42.1304	1.41435	32.8	8.05
CBDDTY010001306.1	1	28912	31	6135	21.2196	0.257021	31.8	27.6
CBDDTY010001307.1	1	28905	37	5143	17.7928	0.320394	32	19.3
CBDDTY010001308.1	1	28900	73	11678	40.4083	0.70737	32.2	48.8
CBDDTY010001309.1	1	28880	86	9776	33.8504	0.682271	33	18.1
CBDDTY010001310.1	1	28870	147	15222	52.726	1.16619	32.1	36.2
CBDDTY010001311.1	1	28868	85	9771	33.8472	0.681724	33.3	21.7
CBDDTY010001312.1	1	28867	73	10063	34.8599	0.673468	31.3	12.8
CBDDTY010001313.1	1	28861	37	5919	20.5086	0.317661	31.8	31.1
CBDDTY010001314.1	1	28849	35	6632	22.9887	0.301674	32	16.5
CBDDTY010001315.1	1	28845	58	12140	42.087	0.545675	33.3	40.7
CBDDTY010001316.1	1	28845	51	10051	34.8449	0.469059	32.5	45.5
CBDDTY010001317.1	1	28844	36	6830	23.6791	0.307239	34.3	31.3
CBDDTY010001318.1	1	28828	66	12348	42.8334	0.615964	33.1	32.5
CBDDTY010001319.1	1	28812	65	6148	21.3383	0.539254	33	20.3
CBDDTY010001320.1	1	28802	3	713	2.47552	0.0309354	35.8	2.67
CBDDTY010001321.1	1	28802	62	12236	42.4832	0.551524	31.9	38.9
CBDDTY010001322.1	1	28799	37	5984	20.7785	0.321053	33.6	8.51
CBDDTY010001323.1	1	28796	82	11049	38.3699	0.71628	32.4	17.4
CBDDTY010001324.1	1	28796	66	10326	35.8591	0.528025	33.3	43.4
CBDDTY010001326.1	1	28783	73	11592	40.2738	0.614564	32.1	33.2
CBDDTY010001327.1	1	28777	55	9259	32.175	0.499566	33.2	38
CBDDTY010001328.1	1	28750	91	12465	43.3565	0.728417	33	35.3
CBDDTY010001329.1	1	28741	69	10048	34.9605	0.568143	33	15.3
CBDDTY010001330.1	1	28735	88	14449	50.2836	0.792831	33.5	39.4
CBDDTY010001331.1	1	28699	77	8240	28.7118	0.719851	33.6	11.3
CBDDTY010001332.1	1	28679	113	14227	49.6077	1.13058	32.7	18.7
CBDDTY010001333.1	1	28671	19	2652	9.24976	0.132992	33.2	5.05
CBDDTY010001334.1	1	28623	22	3777	13.1957	0.210355	34.6	20.7
CBDDTY010001335.1	1	28612	26	3828	13.379	0.187718	33.9	8.73
CBDDTY010001336.1	1	28607	66	11230	39.2561	0.56217	33.4	33.6
CBDDTY010001337.1	1	28589	1	193	0.675085	0.00675085	30.5	4
CBDDTY010001338.1	1	28570	64	12372	43.3042	0.581449	33.9	42.6
CBDDTY010001339.1	1	28555	49	8759	30.6741	0.403292	32.8	29.3
CBDDTY010001340.1	1	28543	40	7592	26.5985	0.33185	33.2	26.2
CBDDTY010001341.1	1	28534	80	12460	43.6672	0.677227	33.8	35.6
CBDDTY010001342.1	1	28517	94	9417	33.0224	0.829119	33.1	20.3
CBDDTY010001343.1	1	28505	102	12266	43.031	0.891598	32.5	28.7
CBDDTY010001344.1	1	28499	54	9034	31.6994	0.470683	32.7	17
CBDDTY010001345.1	1	28498	49	8686	30.4793	0.432451	32.7	22.4
CBDDTY010001346.1	1	28492	51	8323	29.2117	0.421136	32.2	11.9
CBDDTY010001347.1	1	28481	15	2398	8.41965	0.150381	32.9	30.9
CBDDTY010001348.1	1	28480	107	10308	36.1938	0.915695	31.7	33.5
CBDDTY010001349.1	1	28473	342	21766	76.4444	3.35075	33.5	24.3
CBDDTY010001350.1	1	28461	229	17858	62.7455	2.16071	32.6	37
CBDDTY010001351.1	1	28445	54	7411	26.0538	0.403516	32.8	21.2
CBDDTY010001352.1	1	28444	53	11380	40.0084	0.479047	33.1	40.2
CBDDTY010001353.1	1	28443	194	14305	50.2936	1.88837	33.4	19.7
CBDDTY010001354.1	1	28420	34	7399	26.0345	0.330718	31	9.59
CBDDTY010001355.1	1	28419	41	7885	27.7455	0.438439	32.1	20.3
CBDDTY010001356.1	1	28417	70	11813	41.5702	0.669001	33	37.7
CBDDTY010001357.1	1	28392	31	4736	16.6808	0.233199	32.9	18.9
CBDDTY010001358.1	1	28385	85	10559	37.1992	0.767483	32.7	28.7
CBDDTY010001359.1	1	28371	104	12712	44.8063	0.963484	32.7	36.5
CBDDTY010001360.1	1	28338	42	6145	21.6847	0.318442	33.7	6.9
CBDDTY010001361.1	1	28331	66	11840	41.7917	0.655113	34.2	31.8
CBDDTY010001362.1	1	28311	62	9739	34.4001	0.575324	31.3	21.8
CBDDTY010001363.1	1	28310	94	9032	31.9039	0.829777	31.5	12.9
CBDDTY010001364.1	1	28310	78	13306	47.0011	0.666408	32.2	47.3
CBDDTY010001365.1	1	28295	28	5495	19.4204	0.271143	35.4	32.4
CBDDTY010001366.1	1	28295	57	7881	27.853	0.414384	33	28.3
CBDDTY010001367.1	1	28291	78	10276	36.3225	0.661447	32.8	14.3
CBDDTY010001368.1	1	28289	99	11827	41.8078	1.09003	32.6	11.5
CBDDTY010001369.1	1	28287	74	13532	47.8382	0.693711	32.5	40.4
CBDDTY010001370.1	1	28278	45	9730	34.4084	0.392072	32.6	46.4
CBDDTY010001371.1	1	28239	47	7790	27.586	0.343142	32.8	31.1
CBDDTY010001372.1	1	28236	66	10502	37.1937	0.551565	32.9	9.5
CBDDTY010001373.1	1	28224	95	12919	45.7731	0.906817	32.9	24.5
CBDDTY010001374.1	1	28218	136	15215	53.9195	1.12127	32.3	20
CBDDTY010001375.1	1	28212	56	10330	36.6156	0.501843	32.4	42.2
CBDDTY010001376.1	1	28210	132	17059	60.4715	1.23988	33.3	37.3
CBDDTY010001377.1	1	28207	66	10912	38.6854	0.521466	33.8	33.2
CBDDTY010001378.1	1	28204	79	12495	44.3022	0.684867	33.6	30.4
CBDDTY010001379.1	1	28203	49	11064	39.2299	0.553735	33.3	40.7
CBDDTY010001380.1	1	28193	95	13505	47.902	0.824531	33.7	28.4
CBDDTY010001381.1	1	28176	76	14136	50.1704	0.744818	33.4	44.6
CBDDTY010001382.1	1	28176	84	14328	50.8518	0.76189	33.9	47.1
CBDDTY010001383.1	1	28155	76	11546	41.0087	0.761392	33.8	38.2
CBDDTY010001384.1	1	28153	74	14967	53.1631	0.717295	33.9	35.9
CBDDTY010001385.1	1	28152	33	3055	10.8518	0.242931	31.4	13
CBDDTY010001386.1	1	28149	87	12497	44.3959	0.877509	32.6	22.8
CBDDTY010001387.1	1	28144	64	11302	40.1578	0.549886	33	44.1
CBDDTY010001388.1	1	28121	18	3671	13.0543	0.161801	32.8	12.2
CBDDTY010001389.1	1	28117	32	4637	16.4918	0.278764	32.9	13.5
CBDDTY010001390.1	1	28114	62	9156	32.5674	0.607135	33.6	35.1
CBDDTY010001391.1	1	28091	66	11906	42.3837	0.614538	33.2	36.6
CBDDTY010001392.1	1	28081	71	7659	27.2747	0.610555	33.5	12.4
CBDDTY010001393.1	1	28080	120	14384	51.2251	1.17066	32.7	19.4
CBDDTY010001394.1	1	28069	73	12827	45.6981	0.73697	33.1	37.3
CBDDTY010001395.1	1	28060	99	14060	50.1069	0.971739	33.5	22.2
CBDDTY010001396.1	1	28014	74	8363	29.8529	0.623974	32.6	24.2
CBDDTY010001397.1	1	28014	51	8443	30.1385	0.428322	32.3	40.6
CBDDTY010001398.1	1	28000	53	6255	22.3393	0.464786	31.2	10.5
CBDDTY010001399.1	1	28000	38	6599	23.5679	0.346929	34.6	13.4
CBDDTY010001400.1	1	28000	49	9682	34.5786	0.4925	32.7	42.9
CBDDTY010001401.1	1	28000	23	3064	10.9429	0.174679	33.4	21.4
CBDDTY010001402.1	1	28000	48	6855	24.4821	0.511964	32.1	42.5
CBDDTY010001403.1	1	28000	48	8363	29.8679	0.438107	33.6	28.5
CBDDTY010001404.1	1	28000	17	2199	7.85357	0.160429	32	4.53
CBDDTY010001405.1	1	27800	34	3407	12.2554	0.304928	33.9	19.6
CBDDTY010001406.1	1	28000	35	5401	19.2893	0.261	32.3	21.5
CBDDTY010001407.1	1	28000	55	7468	26.6714	0.455143	33.6	10.2
CBDDTY010001408.1	1	28000	136	17452	62.3286	1.21204	33.3	34.6
CBDDTY010001409.1	1	28000	47	7514	26.8357	0.380393	33.3	26.3
CBDDTY010001410.1	1	28000	154	13151	46.9679	1.41632	33.8	28
CBDDTY010001411.1	1	27800	29	4187	15.0612	0.227446	30.8	15.6
CBDDTY010001412.1	1	27800	14	2318	8.33813	0.109388	33.4	6.79
CBDDTY010001413.1	1	28000	40	7068	25.2429	0.362714	31.8	9.57
CBDDTY010001414.1	1	28000	175	17649	63.0321	1.66404	33.4	22.2
CBDDTY010001415.1	1	28000	78	9342	33.3643	0.724821	33.1	20.3
CBDDTY010001416.1	1	28000	89	8648	30.8857	0.826643	33.6	18.2
CBDDTY010001417.1	1	27600	109	6032	21.8551	1.17138	33.3	5.82
CBDDTY010001418.1	1	28000	78	11287	40.3107	0.722714	34.4	31.6
CBDDTY010001419.1	1	28000	168	18175	64.9107	1.64671	32.4	46.2
CBDDTY010001420.1	1	28000	73	11765	42.0179	0.658179	33.8	28
CBDDTY010001421.1	1	28000	15	3176	11.3429	0.122857	29.4	13.3
CBDDTY010001422.1	1	28000	46	6503	23.225	0.395393	31.5	18.7
CBDDTY010001423.1	1	28000	18	3550	12.6786	0.168071	32.8	17.6
CBDDTY010001424.1	1	28000	63	11789	42.1036	0.562536	32.8	36.3
CBDDTY010001425.1	1	27984	68	13082	46.7481	0.643439	33.5	52.3
CBDDTY010001426.1	1	27978	83	12614	45.0854	0.776289	32.5	25.4
CBDDTY010001427.1	1	27978	49	9490	33.9195	0.5188	32.8	37.8
CBDDTY010001428.1	1	27952	32	6774	24.2344	0.339117	34.4	45.3
CBDDTY010001429.1	1	27946	51	9493	33.9691	0.471982	31.9	44.5
CBDDTY010001430.1	1	27942	64	11180	40.0115	0.611946	33.2	39.4
CBDDTY010001431.1	1	27932	64	11506	41.1929	0.659029	32.4	49.4
CBDDTY010001432.1	1	27929	30	4905	17.5624	0.261807	31.9	2.73
CBDDTY010001433.1	1	27927	25	5236	18.7489	0.281842	32.5	10.5
CBDDTY010001434.1	1	27910	77	9939	35.6109	0.671695	32.6	23.5
CBDDTY010001435.1	1	27906	52	10467	37.5081	0.514836	34	37.9
CBDDTY010001436.1	1	27892	51	9778	35.0566	0.434139	32.1	44.8
CBDDTY010001437.1	1	27888	66	11824	42.3982	0.629016	32.3	26.8
CBDDTY010001438.1	1	27886	91	8205	29.4234	0.791221	33.1	8.95
CBDDTY010001439.1	1	27883	98	11071	39.7052	0.984327	33.1	6.22
CBDDTY010001440.1	1	27872	58	12126	43.506	0.606307	32.7	43.8
CBDDTY010001441.1	1	27863	41	4657	16.7139	0.317051	34.7	14.3
CBDDTY010001442.1	1	27853	65	9912	35.5868	0.54206	33.6	30.5
CBDDTY010001443.1	1	27853	113	14788	53.093	1.16364	33.9	51.7
CBDDTY010001444.1	1	27844	52	7220	25.9302	0.459955	33.4	24.4
CBDDTY010001445.1	1	27843	79	14038	50.4184	0.775024	32.5	36.3
CBDDTY010001446.1	1	27836	49	10095	36.266	0.481068	32.5	31.9
CBDDTY010001447.1	1	27832	116	13513	48.552	1.0448	33	23.3
CBDDTY010001448.1	1	27831	53	9108	32.7261	0.457691	33	26.3
CBDDTY010001449.1	1	27805	93	8965	32.2424	0.80633	32.8	10.6
CBDDTY010001450.1	1	27801	50	6449	23.197	0.410057	31.2	9.34
CBDDTY010001451.1	1	27734	50	7114	25.6508	0.474508	32.3	12.1
CBDDTY010001452.1	1	27682	57	11104	40.1127	0.575356	33	41.7
CBDDTY010001453.1	1	27674	95	12662	45.7541	0.902327	32.5	29.4
CBDDTY010001454.1	1	27673	41	7386	26.6903	0.377263	33.8	28.4
CBDDTY010001455.1	1	27653	65	10994	39.757	0.847105	33.6	2.6
CBDDTY010001456.1	1	27647	72	11432	41.3499	0.675155	33.1	38.6
CBDDTY010001457.1	1	27638	49	9719	35.1654	0.522939	33	29.2
CBDDTY010001458.1	1	27634	65	9603	34.7507	0.576102	34.1	31.1
CBDDTY010001459.1	1	27616	62	10319	37.366	0.544141	33.2	38.3
CBDDTY010001460.1	1	27612	92	11134	40.323	0.92152	32.9	18.9
CBDDTY010001461.1	1	27603	46	5052	18.3024	0.497989	32.4	3.33
CBDDTY010001462.1	1	27602	118	13787	49.9493	1.13771	32.9	25.2
CBDDTY010001463.1	1	27599	61	5581	20.2217	0.577304	33.1	11.8
CBDDTY010001464.1	1	27594	39	6810	24.6793	0.364246	32.2	29.7
CBDDTY010001465.1	1	27590	10	1913	6.93367	0.0765495	34	3
CBDDTY010001466.1	1	27590	27	5371	19.4672	0.267162	31.2	28.4
CBDDTY010001467.1	1	27588	70	12625	45.7627	0.718501	33.2	52.7
CBDDTY010001468.1	1	27580	62	8831	32.0196	0.591443	33	12.6
CBDDTY010001469.1	1	27576	49	6744	24.456	0.426095	33.8	7
CBDDTY010001470.1	1	27559	99	13227	47.9952	0.963025	33.2	35.9
CBDDTY010001471.1	1	27553	75	11399	41.3712	0.794251	33	10.1
CBDDTY010001472.1	1	27552	109	12293	44.6175	1.14663	33.1	27
CBDDTY010001473.1	1	27538	13	2917	10.5926	0.137301	34.4	17.4
CBDDTY010001474.1	1	27537	68	11462	41.624	0.618731	31.4	39.1
CBDDTY010001475.1	1	27537	71	11410	41.4352	0.651923	34.1	41.2
CBDDTY010001476.1	1	27527	58	8168	29.6727	0.52552	32.6	16.6
CBDDTY010001477.1	1	27522	60	10788	39.1977	0.500981	34	34.1
CBDDTY010001478.1	1	27520	37	5430	19.7311	0.290407	31.3	10.8
CBDDTY010001479.1	1	27500	67	11608	42.2109	0.596145	33.5	42.7
CBDDTY010001480.1	1	27499	64	12545	45.6198	0.649333	33.3	43.1
CBDDTY010001481.1	1	27495	78	8159	29.6745	0.802728	33.1	17.5
CBDDTY010001482.1	1	27487	70	12255	44.5847	0.723869	32.6	40.6
CBDDTY010001483.1	1	27460	65	11356	41.3547	0.620175	33.2	31.6
CBDDTY010001484.1	1	27451	62	9994	36.4067	0.556482	33.4	34.8
CBDDTY010001485.1	1	27434	32	6467	23.5729	0.322447	32.4	17.9
CBDDTY010001486.1	1	27428	66	9659	35.2158	0.617508	32.6	28.7
CBDDTY010001487.1	1	27427	62	12576	45.8526	0.629599	32.1	43.6
CBDDTY010001488.1	1	27420	29	5767	21.0321	0.246754	33.8	26.9
CBDDTY010001489.1	1	27398	59	9735	35.5318	0.518323	31.6	18.9
CBDDTY010001490.1	1	27395	40	6109	22.2997	0.343858	32.4	20.2
CBDDTY010001491.1	1	27382	73	11944	43.6199	0.69133	33.3	40.7
CBDDTY010001492.1	1	27380	48	9316	34.0248	0.502191	34.2	20.6
CBDDTY010001493.1	1	27372	67	13453	49.1488	0.65662	33.5	52
CBDDTY010001494.1	1	27371	79	10341	37.7809	0.63191	31.6	17.3
CBDDTY010001495.1	1	27358	26	3792	13.8607	0.23781	33	33
CBDDTY010001496.1	1	27350	84	15680	57.3309	0.872578	32.5	43.5
CBDDTY010001497.1	1	27350	38	6760	24.7166	0.368958	32.5	37.3
CBDDTY010001498.1	1	27346	59	9729	35.5774	0.537739	33	37.5
CBDDTY010001499.1	1	27321	81	10024	36.6897	0.674133	33.3	36.3
CBDDTY010001500.1	1	27318	29	4538	16.6118	0.211692	34.6	6.66
CBDDTY010001501.1	1	27305	36	7589	27.7934	0.363633	33.7	34.9
CBDDTY010001502.1	1	27300	39	6650	24.359	0.375568	32.2	27.7
CBDDTY010001503.1	1	27272	35	7077	25.9497	0.352559	32.9	39.6
CBDDTY010001504.1	1	27271	61	10016	36.7277	0.614279	33.4	34
CBDDTY010001505.1	1	27270	86	13152	48.2288	0.881335	32.5	32.2
CBDDTY010001506.1	1	27268	48	10541	38.657	0.48335	34	32.6
CBDDTY010001507.1	1	27261	59	8955	32.8491	0.532005	32.5	21.7
CBDDTY010001508.1	1	27252	65	11715	42.9877	0.591076	33.8	33.6
CBDDTY010001509.1	1	27230	63	10135	37.22	0.563606	33.2	41.8
CBDDTY010001510.1	1	27210	63	11290	41.4921	0.548218	33.4	34.3
CBDDTY010001511.1	1	27168	75	11824	43.5218	0.708665	34.4	35.8
CBDDTY010001512.1	1	27161	48	8765	32.2705	0.447222	33.3	38.1
CBDDTY010001513.1	1	27155	43	6109	22.4968	0.347708	33.6	14.8
CBDDTY010001514.1	1	27141	56	4603	16.9596	0.529605	32.6	17.5
CBDDTY010001515.1	1	27138	10	1879	6.92387	0.0841624	30.8	26.5
CBDDTY010001516.1	1	27118	122	12564	46.3309	1.13788	33.3	27.4
CBDDTY010001517.1	1	27113	62	10011	36.9232	0.603474	33.2	27.8
CBDDTY010001518.1	1	27065	93	14042	51.8825	0.978016	33	23.6
CBDDTY010001519.1	1	27046	49	7716	28.5292	0.403128	31.7	13.4
CBDDTY010001520.1	1	27027	95	7385	27.3245	0.885744	32.7	19.3
CBDDTY010001521.1	1	27027	30	5662	20.9494	0.243275	31.9	6.4
CBDDTY010001522.1	1	27013	24	2863	10.5986	0.22293	33.8	3.62
CBDDTY010001523.1	1	27007	75	8644	32.0065	0.739808	32.7	7.59
CBDDTY010001524.1	1	27001	54	4597	17.0253	0.485093	31.6	15.1
CBDDTY010001525.1	1	27000	27	3456	12.8	0.431963	34.6	1.3
CBDDTY010001526.1	1	27000	100	9135	33.8333	0.983926	33	25.9
CBDDTY010001527.1	1	27000	63	9069	33.5889	0.758407	31.8	18.1
CBDDTY010001528.1	1	27000	35	6566	24.3185	0.30463	32.5	28.8
CBDDTY010001529.1	1	27000	20	3593	13.3074	0.158556	30.7	19
CBDDTY010001530.1	1	27000	43	4940	18.2963	0.351593	31.9	8.91
CBDDTY010001531.1	1	27000	109	12995	48.1296	1.07622	33.7	19
CBDDTY010001532.1	1	27000	47	3379	12.5148	0.440407	33.1	17.2
CBDDTY010001533.1	1	27000	56	10682	39.563	0.559481	33.5	48.3
CBDDTY010001534.1	1	27000	129	13230	49	1.29678	33.1	9.76
CBDDTY010001535.1	1	27000	86	12074	44.7185	0.832296	33.2	15.4
CBDDTY010001536.1	1	27000	66	6659	24.663	0.560963	32.3	25
CBDDTY010001537.1	1	27000	23	4134	15.3111	0.191111	32.4	8.78
CBDDTY010001538.1	1	27000	26	4783	17.7148	0.257926	32.5	21.9
CBDDTY010001539.1	1	27000	195	18952	70.1926	2.0533	32.7	18.8
CBDDTY010001540.1	1	27000	27	4211	15.5963	0.254333	33.2	28.5
CBDDTY010001541.1	1	27000	51	8366	30.9852	0.478037	34.4	11.7
CBDDTY010001542.1	1	27000	57	8064	29.8667	0.568778	33.6	19.4
CBDDTY010001543.1	1	26800	26	4584	17.1045	0.231455	33.8	5.65
CBDDTY010001544.1	1	27000	30	6029	22.3296	0.344852	34.1	23
CBDDTY010001545.1	1	27000	85	8996	33.3185	0.768444	33.5	19.9
CBDDTY010001546.1	1	27000	65	11939	44.2185	0.701926	32.8	30.9
CBDDTY010001547.1	1	27000	34	5289	19.5889	0.289926	31.8	13.3
CBDDTY010001548.1	1	27000	33	7041	26.0778	0.280852	32.8	29.8
CBDDTY010001549.1	1	27000	72	8858	32.8074	0.696333	32.6	27.7
CBDDTY010001550.1	1	26987	42	4438	16.445	0.379034	32.4	6.86
CBDDTY010001551.1	1	26984	84	14262	52.8535	0.874889	32.8	43.9
CBDDTY010001552.1	1	26955	44	7917	29.3712	0.391579	32.6	24.8
CBDDTY010001553.1	1	26953	52	10025	37.1944	0.522428	33.1	47.6
CBDDTY010001554.1	1	26910	62	10636	39.5243	0.542921	32.5	41.2
CBDDTY010001555.1	1	26882	75	9319	34.6663	0.716167	32	13.4
CBDDTY010001556.1	1	26849	74	8506	31.6809	0.576595	33.2	22.9
CBDDTY010001557.1	1	26840	47	9667	36.0171	0.493256	33	27.1
CBDDTY010001558.1	1	26835	126	15794	58.856	1.39676	32.3	29.8
CBDDTY010001559.1	1	26825	49	6741	25.1295	0.491929	34.7	26.2
CBDDTY010001560.1	1	26816	97	13755	51.294	1.04169	33.1	41.3
CBDDTY010001561.1	1	26809	161	17311	64.5716	1.65217	33.2	30.9
CBDDTY010001562.1	1	26805	58	9597	35.803	0.560343	33.9	39.4
CBDDTY010001563.1	1	26796	75	6734	25.1306	0.857927	33.1	18.6
CBDDTY010001564.1	1	26788	65	9689	36.1692	0.576937	32.1	32.9
CBDDTY010001565.1	1	26779	61	10482	39.1426	0.517234	32.3	39.7
CBDDTY010001566.1	1	26762	46	9169	34.2613	0.448472	31.3	29
CBDDTY010001567.1	1	26758	52	7457	27.8683	0.407093	34.5	18.2
CBDDTY010001568.1	1	26746	44	10267	38.387	0.52864	33.8	24.3
CBDDTY010001569.1	1	26737	17	2901	10.8501	0.125743	35.6	27.4
CBDDTY010001570.1	1	26732	45	6042	22.6021	0.480884	30.8	7.56
CBDDTY010001571.1	1	26721	60	7538	28.21	0.519367	32.7	22.9
CBDDTY010001572.1	1	26717	56	10187	38.1293	0.546656	33	38.9
CBDDTY010001573.1	1	26697	48	8193	30.6888	0.466195	33.3	23.9
CBDDTY010001574.1	1	26673	69	10279	38.5371	0.695385	33	20.8
CBDDTY010001575.1	1	26667	21	3726	13.9723	0.221622	34.7	24.6
CBDDTY010001576.1	1	26660	86	14461	54.2423	0.831395	32.6	39.8
CBDDTY010001577.1	1	26657	58	10289	38.5977	0.546686	35.1	49
CBDDTY010001578.1	1	26651	104	14309	53.6903	1.09294	32.7	26.4
CBDDTY010001579.1	1	26640	37	7087	26.6029	0.384084	33.2	36
CBDDTY010001580.1	1	26629	60	10507	39.457	0.60374	31.7	30.2
CBDDTY010001581.1	1	26623	63	10735	40.3223	0.614168	33.7	45
CBDDTY010001582.1	1	26616	60	10680	40.1262	0.617523	32.9	15.4
CBDDTY010001583.1	1	26597	83	14075	52.9195	0.935181	33.2	28.9
CBDDTY010001584.1	1	26597	77	8316	31.2667	0.750423	34.2	26.4
CBDDTY010001585.1	1	26592	73	8816	33.1528	0.611575	33.2	26.7
CBDDTY010001586.1	1	26586	121	8575	32.2538	1.29012	32.3	15.2
CBDDTY010001587.1	1	26577	234	13828	52.03	2.31177	33	29.2
CBDDTY010001588.1	1	26574	59	10946	41.1906	0.592271	32.6	42
CBDDTY010001589.1	1	26566	72	13159	49.5332	0.726154	33.9	40.9
CBDDTY010001590.1	1	26564	6	515	1.93871	0.0412212	32	1.17
CBDDTY010001591.1	1	26548	77	10408	39.2045	0.689732	33.5	27.9
CBDDTY010001592.1	1	26535	18	2913	10.978	0.157716	32.2	9.89
CBDDTY010001593.1	1	26529	35	5914	22.2926	0.33616	33.1	12.2
CBDDTY010001594.1	1	26514	71	13624	51.3842	0.78336	32.4	45.5
CBDDTY010001595.1	1	26508	69	8201	30.9378	0.68617	33.4	29.5
CBDDTY010001596.1	1	26506	68	11538	43.5298	0.672489	33.2	39.4
CBDDTY010001597.1	1	26467	39	6152	23.244	0.404693	32.9	28.7
CBDDTY010001598.1	1	26464	77	9356	35.3537	0.715425	32.5	21.6
CBDDTY010001599.1	1	26458	33	6944	26.2454	0.317409	31.8	16.1
CBDDTY010001600.1	1	26455	41	8216	31.0565	0.405443	32.1	44.8
CBDDTY010001601.1	1	26448	108	13198	49.9017	1.03471	34	16.4
CBDDTY010001602.1	1	26444	11	3003	11.3561	0.154931	30.7	0.818
CBDDTY010001603.1	1	26436	71	10002	37.8348	0.689666	31.4	33.8
CBDDTY010001604.1	1	26428	37	6644	25.14	0.3687	32	38.3
CBDDTY010001605.1	1	26427	65	11068	41.8814	0.711015	33.1	30.4
CBDDTY010001606.1	1	26409	40	6877	26.0404	0.403915	33.5	21.8
CBDDTY010001607.1	1	26407	42	4908	18.586	0.419624	32	21.3
CBDDTY010001608.1	1	26403	50	6236	23.6185	0.487142	30.6	20
CBDDTY010001609.1	1	26392	87	11867	44.9644	0.975788	31.4	23.6
CBDDTY010001610.1	1	26372	136	13864	52.5709	1.35159	33.1	15
CBDDTY010001611.1	1	26370	55	10281	38.9875	0.532727	33.1	40.8
CBDDTY010001612.1	1	26369	82	7843	29.7433	0.591907	33.4	21.3
CBDDTY010001613.1	1	26368	153	12906	48.9457	1.67457	33.7	18.9
CBDDTY010001614.1	1	26365	45	8043	30.5064	0.464631	32.7	41.8
CBDDTY010001615.1	1	26352	79	11609	44.0536	0.757893	34.1	27.6
CBDDTY010001616.1	1	26332	32	5343	20.2909	0.268115	34	17.8
CBDDTY010001617.1	1	26328	61	9895	37.5836	0.609921	34.1	52.7
CBDDTY010001618.1	1	26313	71	11959	45.449	0.725991	32.9	34.5
CBDDTY010001619.1	1	26311	48	7700	29.2653	0.442705	32.8	23.6
CBDDTY010001620.1	1	26310	145	13351	50.745	1.49882	33.1	11.7
CBDDTY010001621.1	1	26301	49	8151	30.9912	0.433596	33.2	12.7
CBDDTY010001622.1	1	26287	74	6952	26.4465	0.622703	33.7	11.2
CBDDTY010001623.1	1	26286	15	2542	9.67055	0.144107	32.6	7.27
CBDDTY010001624.1	1	26276	89	9586	36.482	0.8652	32.6	19
CBDDTY010001625.1	1	26251	113	8786	33.4692	1.14182	32.9	12.2
CBDDTY010001626.1	1	26251	12	2327	8.86442	0.121595	32.4	6.58
CBDDTY010001627.1	1	26244	63	11512	43.8653	0.640413	33.6	44.8
CBDDTY010001628.1	1	26228	101	10672	40.6893	0.978268	33.1	19.7
CBDDTY010001629.1	1	26225	104	14703	56.0648	1.23497	32.8	26.7
CBDDTY010001630.1	1	26212	84	13402	51.1293	0.970243	32.7	37.8
CBDDTY010001631.1	1	26198	55	9418	35.9493	0.52985	34	20.2
CBDDTY010001632.1	1	26180	73	13966	53.3461	0.834836	32.4	44.6
CBDDTY010001633.1	1	26178	47	6230	23.7986	0.459584	33.1	26.5
CBDDTY010001634.1	1	26173	71	16025	61.2272	0.849578	33.1	50.5
CBDDTY010001635.1	1	26162	36	7580	28.9733	0.385712	34	44.8
CBDDTY010001636.1	1	26154	95	11145	42.613	0.935459	32.6	12.5
CBDDTY010001637.1	1	26152	117	8198	31.3475	1.00214	33.3	15.4
CBDDTY010001638.1	1	26140	68	9703	37.1194	0.644721	33.2	35.3
CBDDTY010001639.1	1	26137	37	5945	22.7455	0.334239	32.6	34.9
CBDDTY010001640.1	1	26135	39	7093	27.1399	0.372527	33.3	3.74
CBDDTY010001641.1	1	26131	54	6679	25.5597	0.490299	33	14.1
CBDDTY010001642.1	1	26109	32	2489	9.53311	0.227584	33.4	8.59
CBDDTY010001643.1	1	26097	33	5740	21.9949	0.3259	34.1	10
CBDDTY010001644.1	1	26088	46	7116	27.2769	0.500383	33.2	27
CBDDTY010001645.1	1	26085	80	6883	26.3868	0.752961	30.1	7.85
CBDDTY010001646.1	1	26069	62	8830	33.8716	0.551076	32.5	32
CBDDTY010001647.1	1	26065	27	4074	15.6302	0.240361	33.9	18.8
CBDDTY010001648.1	1	26061	58	8470	32.5007	0.524999	33	25.1
CBDDTY010001649.1	1	26061	8	1022	3.92157	0.0474656	36.2	3.62
CBDDTY010001650.1	1	26040	27	4133	15.8717	0.260714	32.4	19.9
CBDDTY010001651.1	1	26018	65	10915	41.9517	0.619763	33.1	33.1
CBDDTY010001652.1	1	26000	54	4562	17.5462	0.404885	33.3	7.67
CBDDTY010001653.1	1	26000	101	15399	59.2269	1.10654	33.3	50.6
CBDDTY010001654.1	1	26000	19	2396	9.21538	0.172885	32.8	6.58
CBDDTY010001655.1	1	26000	35	7404	28.4769	0.403462	32.8	31.7
CBDDTY010001656.1	1	26000	101	7064	27.1692	1.08323	33.3	21
CBDDTY010001657.1	1	26000	97	12967	49.8731	0.999654	32.8	17.3
CBDDTY010001658.1	1	26000	59	8084	31.0923	0.596654	33.2	14.3
CBDDTY010001659.1	1	26000	72	10564	40.6308	0.715346	33.4	40.7
CBDDTY010001660.1	1	26000	74	9832	37.8154	0.742885	32.3	23.1
CBDDTY010001661.1	1	25600	62	6539	25.543	0.603516	33	20.5
CBDDTY010001662.1	1	26000	59	7416	28.5231	0.541692	33	19.2
CBDDTY010001663.1	1	26000	14	2433	9.35769	0.129	33.9	7.43
CBDDTY010001664.1	1	26000	18	2362	9.08462	0.153731	35.3	23.3
CBDDTY010001665.1	1	26000	119	16503	63.4731	1.32019	33.5	24.3
CBDDTY010001666.1	1	26000	32	6051	23.2731	0.293462	33.4	33.2
CBDDTY010001667.1	1	26000	76	10086	38.7923	0.712423	33.7	27.4
CBDDTY010001668.1	1	26000	129	10943	42.0885	1.74269	32.2	4.78
CBDDTY010001669.1	1	26000	124	12898	49.6077	1.33842	33.5	33.8
CBDDTY010001670.1	1	26000	55	6684	25.7077	0.496962	33.2	5.07
CBDDTY010001671.1	1	25800	63	7844	30.4031	0.623915	33.4	9.21
CBDDTY010001672.1	1	25800	45	5575	21.6085	0.416822	33.5	9.53
CBDDTY010001673.1	1	26000	39	7351	28.2731	0.3475	31.3	9.18
CBDDTY010001674.1	1	26000	12	2553	9.81923	0.0981923	32.6	11.3
CBDDTY010001675.1	1	26000	58	9685	37.25	0.542654	32.8	37
CBDDTY010001676.1	1	26000	61	11983	46.0885	0.666846	33	45.3
CBDDTY010001677.1	1	25800	38	6002	23.2636	0.330233	32.7	6.55
CBDDTY010001678.1	1	26000	37	7424	28.5538	0.354692	32.6	35.3
CBDDTY010001679.1	1	26000	38	6835	26.2885	0.442538	32.1	33.9
CBDDTY010001680.1	1	25585	30	3937	15.3879	0.240023	32.4	1.43
CBDDTY010001681.1	1	25995	58	7831	30.125	0.543874	35	25.2
CBDDTY010001682.1	1	25994	73	11232	43.21	0.680426	33	30.8
CBDDTY010001683.1	1	25988	82	10024	38.5716	0.790249	33.5	12.8
CBDDTY010001684.1	1	25985	86	10880	41.8703	0.839061	34.1	21.1
CBDDTY010001685.1	1	25983	63	10394	40.0031	0.59716	33.1	17.7
CBDDTY010001686.1	1	25976	61	11113	42.7818	0.648214	33	43.2
CBDDTY010001687.1	1	25960	61	10999	42.369	0.632781	33.9	36.2
CBDDTY010001688.1	1	25959	14	2904	11.1869	0.131746	34.2	17.4
CBDDTY010001689.1	1	25959	15	4409	16.9845	0.186217	35	48.2
CBDDTY010001690.1	1	25947	13	3139	12.0977	0.137935	34	38.4
CBDDTY010001691.1	1	25495	46	5629	22.0788	0.447264	33.9	9.57
CBDDTY010001692.1	1	25882	101	4884	18.8703	1.2212	32.8	5.59
CBDDTY010001693.1	1	25878	85	14679	56.7239	0.954054	33.5	41.2
CBDDTY010001694.1	1	25876	43	7108	27.4695	0.4064	33.5	6.09
CBDDTY010001695.1	1	25826	109	6280	24.3166	2.0302	27.7	15.8
CBDDTY010001696.1	1	25802	48	10310	39.9581	0.532091	33.9	49.4
CBDDTY010001697.1	1	25798	40	7110	27.5603	0.372587	31.1	28.9
CBDDTY010001698.1	1	25797	25	3516	13.6295	0.259022	34.3	15.4
CBDDTY010001699.1	1	25796	98	11097	43.0183	1.04264	33.8	10.6
CBDDTY010001700.1	1	25792	78	9923	38.4732	0.852086	32.3	16.6
CBDDTY010001701.1	1	25770	25	4988	19.3558	0.262592	33.3	26.2
CBDDTY010001702.1	1	25755	77	9219	35.795	0.88775	32.5	20.4
CBDDTY010001703.1	1	25750	103	16571	64.3534	1.14831	32.6	34.4
CBDDTY010001704.1	1	25743	8	1173	4.55658	0.0733015	34.3	7.38
CBDDTY010001705.1	1	25732	65	12725	49.452	0.707873	34.4	40.6
CBDDTY010001706.1	1	25731	88	8356	32.4744	0.951148	34.4	25.4
CBDDTY010001707.1	1	25729	92	12353	48.012	0.850247	31.7	33.3
CBDDTY010001708.1	1	25722	66	4681	18.1984	0.745043	33	21.2
CBDDTY010001709.1	1	25714	55	10524	40.9271	0.544723	32.7	30.2
CBDDTY010001710.1	1	25711	125	13941	54.2219	1.29174	33.1	42.4
CBDDTY010001711.1	1	25696	28	5028	19.5672	0.278565	32.5	29.8
CBDDTY010001712.1	1	25672	58	6830	26.6049	0.668121	32	15.7
CBDDTY010001713.1	1	25650	83	10862	42.347	0.895945	33.4	34.5
CBDDTY010001714.1	1	25650	84	9478	36.9513	0.835127	31.4	13
CBDDTY010001715.1	1	25637	56	9352	36.4785	0.600382	32.6	24.1
CBDDTY010001716.1	1	25634	35	4392	17.1335	0.307989	33.5	18.4
CBDDTY010001717.1	1	25627	191	10283	40.1256	2.43755	32.8	5.32
CBDDTY010001718.1	1	25623	103	13525	52.7846	0.953284	33.7	25
CBDDTY010001719.1	1	25616	54	8582	33.5025	0.499258	31.5	38.1
CBDDTY010001720.1	1	25611	41	7311	28.5463	0.492015	33.1	5.05
CBDDTY010001721.1	1	25601	69	11822	46.1779	0.782587	33.1	44.3
CBDDTY010001722.1	1	25589	64	9600	37.5161	0.646801	33.2	46.5
CBDDTY010001723.1	1	25584	47	6616	25.8599	0.428471	33.3	25.6
CBDDTY010001724.1	1	25581	107	14700	57.4645	1.08072	33.1	27
CBDDTY010001725.1	1	25571	26	2715	10.6175	0.204216	34.7	20.2
CBDDTY010001727.1	1	25560	29	4667	18.259	0.289906	33.5	36.3
CBDDTY010001728.1	1	25557	34	4020	15.7295	0.299331	34.7	5.53
CBDDTY010001729.1	1	25554	53	5210	20.3882	0.446858	34	10.7
CBDDTY010001730.1	1	25549	140	11996	46.9529	1.51708	32.2	12
CBDDTY010001731.1	1	25542	68	10710	41.9309	0.609663	32.3	36.5
CBDDTY010001732.1	1	25502	87	11167	43.7887	0.867932	32.4	11.1
CBDDTY010001733.1	1	25493	51	9259	36.3198	0.451536	33.4	36
CBDDTY010001734.1	1	25488	78	11636	45.6529	0.714728	32.7	39.5
CBDDTY010001735.1	1	25484	73	12960	50.8554	0.740465	33.6	43.4
CBDDTY010001736.1	1	25479	24	3115	12.2258	0.258605	32.4	7
CBDDTY010001737.1	1	25476	113	16463	64.6216	1.18967	33.9	41.4
CBDDTY010001738.1	1	25458	56	8433	33.1251	0.46013	33.4	34.8
CBDDTY010001739.1	1	25428	64	6678	26.2624	0.696909	32.8	6.52
CBDDTY010001740.1	1	25390	54	8441	33.2454	0.500827	33.1	18.4
CBDDTY010001741.1	1	25385	136	11738	46.2399	1.42891	33.5	12.9
CBDDTY010001742.1	1	25379	7	905	3.56594	0.0421608	31.7	4.43
CBDDTY010001743.1	1	25323	86	13152	51.937	0.942779	33.5	32.2
CBDDTY010001744.1	1	25319	143	11985	47.336	1.50508	33.5	13.4
CBDDTY010001745.1	1	25313	34	5058	19.9818	0.390708	32.1	29
CBDDTY010001746.1	1	25310	82	9966	39.3757	0.933505	33.2	28.5
CBDDTY010001747.1	1	25305	56	7492	29.6068	0.535546	32.3	6.57
CBDDTY010001748.1	1	25292	62	13583	53.7047	0.729203	32.7	47.7
CBDDTY010001749.1	1	25285	29	4290	16.9666	0.27803	34.3	4.17
CBDDTY010001750.1	1	25282	53	8306	32.8534	0.504865	32.8	34.5
CBDDTY010001751.1	1	25269	67	9592	37.9596	0.71843	32.4	31.6
CBDDTY010001752.1	1	25269	57	11769	46.5749	0.645099	32.6	50.4
CBDDTY010001753.1	1	25256	48	11152	44.1558	0.556264	32.9	39.1
CBDDTY010001754.1	1	25239	70	12855	50.9331	0.81378	33.8	47.4
CBDDTY010001755.1	1	25231	57	10187	40.3749	0.600254	33.5	31.5
CBDDTY010001756.1	1	25227	12	1760	6.97665	0.0878424	33.4	15.6
CBDDTY010001757.1	1	25219	53	8921	35.3741	0.561481	32	18.7
CBDDTY010001758.1	1	25211	73	12057	47.8244	0.729919	33	32.6
CBDDTY010001759.1	1	25199	27	5692	22.5882	0.269138	33.8	20.4
CBDDTY010001760.1	1	25198	50	7387	29.3158	0.477736	34	7
CBDDTY010001761.1	1	25187	39	5854	23.2421	0.326637	33.2	12.3
CBDDTY010001762.1	1	25183	78	11780	46.7776	0.798991	32.6	39.5
CBDDTY010001763.1	1	25181	5	1432	5.68683	0.0833962	32.6	7.6
CBDDTY010001764.1	1	25164	60	11884	47.2262	0.690669	32.7	44.1
CBDDTY010001765.1	1	25150	74	7603	30.2306	0.856342	32.7	12.7
CBDDTY010001766.1	1	25141	66	8687	34.5531	0.642496	33.6	8.23
CBDDTY010001767.1	1	25138	37	6414	25.5152	0.359615	31.8	27.4
CBDDTY010001768.1	1	25125	102	12445	49.5323	1.14603	32.7	13.4
CBDDTY010001769.1	1	25122	164	8857	35.256	1.67479	32.5	22.7
CBDDTY010001770.1	1	25120	51	8552	34.0446	0.486027	32.8	3.47
CBDDTY010001771.1	1	25102	93	8555	34.0809	0.874592	33.4	16.9
CBDDTY010001772.1	1	25098	27	2472	9.84939	0.241374	31.9	4.89
CBDDTY010001773.1	1	25083	52	10363	41.3148	0.562612	31.3	50.9
CBDDTY010001774.1	1	25071	64	9536	38.036	0.738862	32.7	10.6
CBDDTY010001775.1	1	25065	44	7019	28.0032	0.379733	31.8	7.41
CBDDTY010001776.1	1	25055	62	6280	25.0649	0.659429	34.2	17.4
CBDDTY010001777.1	1	25044	57	8188	32.6945	0.605734	32.5	17.5
CBDDTY010001778.1	1	25040	22	2895	11.5615	0.223323	30.1	13
CBDDTY010001779.1	1	25024	53	10342	41.3283	0.566456	33.1	40.3
CBDDTY010001780.1	1	25013	56	9722	38.8678	0.581178	32.8	41.7
CBDDTY010001781.1	1	25011	48	10495	41.9615	0.554796	32.4	50.2
CBDDTY010001782.1	1	25008	45	8728	34.9008	0.463572	32.8	38.4
CBDDTY010001783.1	1	25000	8	1879	7.516	0.07516	32.7	13
CBDDTY010001784.1	1	25000	6	1031	4.124	0.0484	32.5	22.8
CBDDTY010001785.1	1	25000	6	875	3.5	0.05712	31.2	14.3
CBDDTY010001786.1	1	25000	65	9819	39.276	0.64144	33	25.3
CBDDTY010001787.1	1	24800	88	7994	32.2339	0.937782	34.6	13.8
CBDDTY010001788.1	1	25000	35	5390	21.56	0.36748	33.2	25.7
CBDDTY010001789.1	1	25000	3	362	1.448	0.01592	34.8	0.667
CBDDTY010001790.1	1	24200	24	2624	10.843	0.246488	33.8	36
CBDDTY010001791.1	1	25000	34	3678	14.712	0.3746	33.7	43
CBDDTY010001792.1	1	25000	172	17395	69.58	1.7614	33.9	42.4
CBDDTY010001793.1	1	25000	177	13463	53.852	2.12416	32.5	9.72
CBDDTY010001794.1	1	25000	1	137	0.548	0.00548	28.4	0
CBDDTY010001795.1	1	25000	84	3097	12.388	0.94744	33.2	3.52
CBDDTY010001796.1	1	25000	125	13130	52.52	1.29336	33.4	25.2
CBDDTY010001797.1	1	25000	34	6365	25.46	0.3814	34.1	20.9
CBDDTY010001798.1	1	25000	43	7362	29.448	0.4628	33.5	32.7
CBDDTY010001799.1	1	25000	25	3785	15.14	0.25908	33.2	35.2
CBDDTY010001801.1	1	25000	54	8266	33.064	0.6466	34.3	32.9
CBDDTY010001802.1	1	25000	134	16148	64.592	1.43008	32.9	41.4
CBDDTY010001803.1	1	25000	8	1648	6.592	0.09316	30.1	5.38
CBDDTY010001804.1	1	25000	51	8632	34.528	0.51756	33.5	25.6
CBDDTY010001805.1	1	25000	185	20121	80.484	2.07128	33	42.5
CBDDTY010001806.1	1	25000	43	5086	20.344	0.44412	34.3	25.4
CBDDTY010001807.1	1	25000	13	2111	8.444	0.11648	28.9	5.54
CBDDTY010001808.1	1	25000	47	7221	28.884	0.47324	34.1	23.7
CBDDTY010001809.1	1	25000	2382	21887	87.548	25.8206	30.9	1.75
CBDDTY010001810.1	1	25000	70	13668	54.672	0.83536	33.4	43.1
CBDDTY010001811.1	1	25000	48	8026	32.104	0.46516	33.3	27.8
CBDDTY010001812.1	1	24994	55	8763	35.0604	0.62423	32.8	25
CBDDTY010001813.1	1	24991	79	13237	52.9671	0.807051	32.7	42.8
CBDDTY010001814.1	1	24986	74	12178	48.7393	0.762027	31.8	36.9
CBDDTY010001815.1	1	24986	36	5163	20.6636	0.336508	33	11.9
CBDDTY010001816.1	1	24983	43	6923	27.7108	0.433014	34.2	21.5
CBDDTY010001818.1	1	24948	26	5783	23.1802	0.272367	32.1	39.2
CBDDTY010001819.1	1	24935	94	15179	60.8743	1.02879	33.6	44.3
CBDDTY010001820.1	1	24928	14	2730	10.9515	0.135109	32.6	23.6
CBDDTY010001821.1	1	24923	69	9086	36.4563	0.68824	34.3	7.48
CBDDTY010001822.1	1	24881	73	9966	40.0547	0.724448	32.7	27.2
CBDDTY010001823.1	1	24878	58	9079	36.4941	0.630356	34	27.4
CBDDTY010001824.1	1	24843	10	1742	7.01204	0.083122	29.2	0.1
CBDDTY010001825.1	1	24835	28	6337	25.5164	0.358728	32.5	15.4
CBDDTY010001826.1	1	24814	23	2398	9.6639	0.256226	33.9	9.87
CBDDTY010001827.1	1	24799	37	7620	30.727	0.42038	32.6	40.4
CBDDTY010001828.1	1	24799	33	4903	19.771	0.32957	33.2	12.9
CBDDTY010001829.1	1	24788	43	7720	31.1441	0.493303	32.1	12.8
CBDDTY010001830.1	1	24787	82	8348	33.6789	0.826764	33.3	8.46
CBDDTY010001831.1	1	24758	275	17241	69.6381	3.14997	33.7	20.2
CBDDTY010001832.1	1	24752	123	11394	46.0326	1.24717	32.5	26
CBDDTY010001833.1	1	24750	15	2947	11.9071	0.134384	30.7	12.8
CBDDTY010001834.1	1	24726	103	15040	60.8267	1.15178	32.3	22.5
CBDDTY010001835.1	1	24720	41	6465	26.1529	0.425971	32.6	20.6
CBDDTY010001836.1	1	24708	50	8865	35.8791	0.559293	33.3	38.2
CBDDTY010001838.1	1	24698	41	7125	28.8485	0.513685	33.8	25.5
CBDDTY010001839.1	1	24689	83	8437	34.1731	0.803678	33.4	24.3
CBDDTY010001840.1	1	24683	30	5248	21.2616	0.319572	33.6	27.4
CBDDTY010001841.1	1	24665	41	4291	17.3971	0.38208	32.4	14.7
CBDDTY010001842.1	1	24661	46	5900	23.9244	0.429626	34	17.3
CBDDTY010001843.1	1	24655	18	2670	10.8294	0.183452	35	35.6
CBDDTY010001844.1	1	24630	44	10011	40.6456	0.549411	34.4	45.3
CBDDTY010001845.1	1	24629	77	11951	48.5241	0.76686	33	36.3
CBDDTY010001846.1	1	24627	48	5147	20.8998	0.436635	32.5	4.04
CBDDTY010001847.1	1	24626	19	3315	13.4614	0.15309	31.8	17.1
CBDDTY010001848.1	1	24618	63	9279	37.6919	0.685921	33.6	21.4
CBDDTY010001849.1	1	24613	40	5277	21.4399	0.437452	34.1	5.8
CBDDTY010001850.1	1	24611	119	11854	48.1655	1.27565	33.7	6.61
CBDDTY010001851.1	1	24610	55	8363	33.9821	0.619667	33.5	18.9
CBDDTY010001852.1	1	24598	61	9311	37.8527	0.664891	34.4	42.2
CBDDTY010001853.1	1	24590	39	6665	27.1045	0.450386	32.2	20.5
CBDDTY010001854.1	1	24585	92	12436	50.5837	0.909294	32.8	31.5
CBDDTY010001855.1	1	24584	39	8032	32.6717	0.434063	32.7	29.5
CBDDTY010001856.1	1	24576	42	7108	28.9225	0.366699	33	34.7
CBDDTY010001857.1	1	24573	63	10609	43.1734	0.629024	32.8	41.5
CBDDTY010001858.1	1	24570	48	7999	32.556	0.473504	32.9	29.7
CBDDTY010001859.1	1	24563	28	5592	22.7659	0.311729	33.6	18.4
CBDDTY010001860.1	1	24551	36	6153	25.0621	0.416073	32.4	7.31
CBDDTY010001861.1	1	24534	65	11839	48.2555	1.41526	33	1.23
CBDDTY010001862.1	1	24531	33	5448	22.2086	0.33158	33.1	9.85
CBDDTY010001863.1	1	24512	92	14171	57.8125	1.02374	33.3	31.8
CBDDTY010001864.1	1	24503	22	4829	19.7078	0.233196	32.1	30.2
CBDDTY010001865.1	1	24470	10	1824	7.45403	0.0889661	33	1.3
CBDDTY010001866.1	1	24453	64	9874	40.3795	0.624913	33.1	28.7
CBDDTY010001867.1	1	24447	17	2612	10.6843	0.156093	34.8	7.53
CBDDTY010001868.1	1	24442	41	8456	34.5962	0.505114	33	21.4
CBDDTY010001869.1	1	24436	331	15762	64.5032	3.8048	32.7	15.1
CBDDTY010001870.1	1	24428	65	10782	44.1379	0.742263	33.6	45.4
CBDDTY010001871.1	1	24406	55	6830	27.9849	0.579939	33.4	8.27
CBDDTY010001872.1	1	24400	48	11830	48.4836	0.650041	31	37.4
CBDDTY010001873.1	1	24390	77	8894	36.4658	0.718204	33.1	8.56
CBDDTY010001874.1	1	24334	145	15122	62.1435	1.73338	32.7	12.2
CBDDTY010001875.1	1	24315	59	10367	42.6362	0.594983	32.8	36.6
CBDDTY010001876.1	1	24307	57	11763	48.3935	0.716008	33.5	43
CBDDTY010001877.1	1	24296	48	10055	41.3854	0.511031	32.4	37.6
CBDDTY010001879.1	1	24277	53	10442	43.0119	0.663509	33.5	29.3
CBDDTY010001880.1	1	24252	39	8028	33.1024	0.430851	33.5	30.6
CBDDTY010001881.1	1	24235	70	10922	45.0671	0.803549	33.7	51.8
CBDDTY010001882.1	1	24225	100	15444	63.7523	1.1659	33.6	32.5
CBDDTY010001883.1	1	24219	60	8747	36.1163	0.582518	33.3	34.1
CBDDTY010001884.1	1	24201	40	7221	29.8376	0.383786	33.2	35.1
CBDDTY010001885.1	1	24000	33	6456	26.9	0.365917	32.8	31.3
CBDDTY010001886.1	1	24192	60	11554	47.7596	0.699074	33.7	49
CBDDTY010001887.1	1	24189	64	8047	33.2672	0.72905	31.8	8.53
CBDDTY010001888.1	1	24184	63	9190	38.0003	0.689547	32.9	32.1
CBDDTY010001889.1	1	24176	93	12457	51.5263	1.046	32.7	30
CBDDTY010001890.1	1	24155	56	9669	40.029	0.623722	35.3	24.7
CBDDTY010001891.1	1	24153	50	8128	33.6521	0.512731	32.8	29.1
CBDDTY010001892.1	1	24148	109	12071	49.9876	1.06464	33.3	18.9
CBDDTY010001893.1	1	24145	41	6267	25.9557	0.412508	33.2	0.268
CBDDTY010001894.1	1	24123	45	8723	36.1605	0.456287	33.5	29.5
CBDDTY010001895.1	1	24121	21	3384	14.0293	0.192405	31.5	5.57
CBDDTY010001896.1	1	24112	85	13232	54.8772	0.856462	33.3	38.7
CBDDTY010001897.1	1	24100	58	9424	39.1037	0.673071	32.4	32.7
CBDDTY010001898.1	1	24079	58	8958	37.2025	0.598862	33.1	40.6
CBDDTY010001899.1	1	24075	9	2040	8.47352	0.104091	34.1	9.67
CBDDTY010001900.1	1	24070	119	12711	52.8085	1.28708	33.7	27.7
CBDDTY010001901.1	1	24032	204	18884	78.5786	2.44732	32.7	38.9
CBDDTY010001902.1	1	24022	49	7436	30.955	0.517942	33.1	24.8
CBDDTY010001903.1	1	24020	12	2459	10.2373	0.115903	33.5	15.8
CBDDTY010001904.1	1	24013	31	5073	21.1261	0.262441	35	2.06
CBDDTY010001905.1	1	24011	133	12736	53.0424	1.45288	33.1	19
CBDDTY010001906.1	1	24002	70	3252	13.5489	0.951546	33.1	5.56
CBDDTY010001907.1	1	24000	40	8088	33.7	0.456042	32.9	41.5
CBDDTY010001908.1	1	24000	55	7172	29.8833	0.656083	33	9.45
CBDDTY010001909.1	1	24000	13	2829	11.7875	0.15675	32.6	20.5
CBDDTY010001911.1	1	24000	43	7132	29.7167	0.452625	33.3	28.1
CBDDTY010001912.1	1	24000	53	7427	30.9458	0.608167	32.8	22.9
CBDDTY010001913.1	1	24000	48	7424	30.9333	0.493125	32.5	16.7
CBDDTY010001914.1	1	24000	70	8581	35.7542	0.707458	31.2	14.9
CBDDTY010001915.1	1	24000	1	188	0.783333	0.00783333	35	0
CBDDTY010001916.1	1	24000	47	5894	24.5583	0.393917	31.7	13.4
CBDDTY010001917.1	1	24000	87	12212	50.8833	0.981792	33.8	45.6
CBDDTY010001918.1	1	24000	11	1602	6.675	0.0994583	32.6	36.8
CBDDTY010001919.1	1	24000	117	14679	61.1625	1.42958	33.4	35.2
CBDDTY010001920.1	1	23800	18	4181	17.5672	0.196176	31.6	33.3
CBDDTY010001921.1	1	24000	11	2899	12.0792	0.136708	30.5	0.182
CBDDTY010001922.1	1	24000	31	5350	22.2917	0.302583	34	28
CBDDTY010001923.1	1	24000	44	7897	32.9042	0.46175	33.8	34
CBDDTY010001924.1	1	24000	65	9715	40.4792	0.716083	33.6	31.5
CBDDTY010001925.1	1	23669	22	2691	11.3693	0.234737	33.5	19.4
CBDDTY010001926.1	1	24000	35	3982	16.5917	0.292458	31.5	6.29
CBDDTY010001927.1	1	24000	14	2070	8.625	0.147792	32.4	29.4
CBDDTY010001928.1	1	24000	41	6625	27.6042	0.380833	33.2	14
CBDDTY010001929.1	1	24000	47	7413	30.8875	0.591792	31.6	34.9
CBDDTY010001930.1	1	24000	35	6158	25.6583	0.362875	33.6	19.5
CBDDTY010001931.1	1	24000	86	13319	55.4958	0.934333	32.4	42.8
CBDDTY010001932.1	1	23998	39	6471	26.9647	0.408367	33.1	36.4
CBDDTY010001933.1	1	23998	42	8538	35.578	0.504167	31.7	0.119
CBDDTY010001934.1	1	23965	64	8535	35.6144	0.696307	32.3	30.9
CBDDTY010001935.1	1	23964	207	11816	49.3073	2.3971	34.6	20
CBDDTY010001936.1	1	23963	15	2476	10.3326	0.139632	35.4	4.2
CBDDTY010001937.1	1	23959	30	4596	19.1828	0.309278	30.8	12.7
CBDDTY010001938.1	1	23959	102	13616	56.8304	1.28152	32.2	22.3
CBDDTY010001939.1	1	23957	51	9227	38.5148	0.623325	32.5	4.8
CBDDTY010001940.1	1	23947	52	8717	36.4012	0.553389	33.8	42.2
CBDDTY010001941.1	1	23938	66	10605	44.3019	0.724371	32	18.7
CBDDTY010001942.1	1	23938	88	13477	56.2996	1.07895	33.2	45.8
CBDDTY010001943.1	1	23936	76	10398	43.4408	0.783088	33.5	18.5
CBDDTY010001944.1	1	23919	75	11022	46.0805	0.753083	32.9	20.8
CBDDTY010001945.1	1	23918	4	662	2.76779	0.0276779	26.8	9.5
CBDDTY010001946.1	1	23911	69	10576	44.2307	0.805863	33.1	26.8
CBDDTY010001947.1	1	23906	73	9927	41.5251	0.853761	33.7	31.7
CBDDTY010001948.1	1	23897	29	5902	24.6977	0.339666	31.4	24.7
CBDDTY010001949.1	1	23882	82	12159	50.9128	0.921782	32.9	32.5
CBDDTY010001950.1	1	23879	96	11456	47.9752	0.998241	33.1	29.7
CBDDTY010001951.1	1	23865	60	11251	47.1444	0.752483	33.8	50.3
CBDDTY010001952.1	1	23847	25	4446	18.6439	0.244182	33.7	16.9
CBDDTY010001953.1	1	23843	47	7797	32.7014	0.533784	34.8	31.2
CBDDTY010001954.1	1	23819	69	9009	37.8227	0.738612	32.9	26.6
CBDDTY010001955.1	1	23814	27	5189	21.7897	0.373226	32.5	9.67
CBDDTY010001956.1	1	23806	38	6668	28.0097	0.405906	33.6	24.9
CBDDTY010001957.1	1	23791	70	7521	31.6128	0.781682	33	2.7
CBDDTY010001958.1	1	23783	31	4274	17.9708	0.290039	33.3	3.87
CBDDTY010001959.1	1	23771	20	4766	20.0496	0.291574	32.1	19.9
CBDDTY010001960.1	1	23770	74	12560	52.8397	0.879764	32.7	42.9
CBDDTY010001961.1	1	23763	48	9387	39.5026	0.53659	32.7	34.8
CBDDTY010001962.1	1	23751	53	7479	31.4892	0.52903	33.7	14.3
CBDDTY010001963.1	1	23735	61	10573	44.546	0.676427	33.9	35.1
CBDDTY010001964.1	1	23713	28	4357	18.3739	0.252731	32.9	8.75
CBDDTY010001965.1	1	23712	12	771	3.25152	0.126307	31.6	0.75
CBDDTY010001966.1	1	23705	33	7656	32.297	0.428602	34.7	23.1
CBDDTY010001967.1	1	23685	63	9828	41.4946	0.676757	32.7	20
CBDDTY010001968.1	1	23679	90	9428	39.8159	1.09333	33.5	16.3
CBDDTY010001969.1	1	23678	61	9175	38.749	0.647732	32.1	29.5
CBDDTY010001970.1	1	23661	51	7347	31.0511	0.533114	34.6	35
CBDDTY010001971.1	1	23597	42	8415	35.6613	0.490232	31.5	41.4
CBDDTY010001972.1	1	23589	96	8181	34.6814	1.10132	32.5	3.38
CBDDTY010001973.1	1	23585	77	12972	55.0011	0.892262	33.3	47.1
CBDDTY010001974.1	1	23567	14	2328	9.87822	0.13451	31	9.79
CBDDTY010001975.1	1	23562	52	9730	41.2953	0.59736	32.2	42.5
CBDDTY010001976.1	1	23549	105	10027	42.5793	1.21606	32.8	26.9
CBDDTY010001977.1	1	23542	23	4013	17.0461	0.220882	34.3	12
CBDDTY010001978.1	1	23527	66	7796	33.1364	0.796404	34.8	18.1
CBDDTY010001979.1	1	23525	13	2468	10.491	0.109203	29	23.5
CBDDTY010001980.1	1	23513	31	7028	29.8898	0.379705	34.3	39.1
CBDDTY010001981.1	1	23503	95	12249	52.1168	1.07437	33	39.1
CBDDTY010001982.1	1	23490	85	14030	59.7275	1.0238	32.7	49.9
CBDDTY010001983.1	1	23478	46	8328	35.4715	0.559843	33.4	48.7
CBDDTY010001984.1	1	23477	58	9519	40.5461	0.572007	32.7	42.5
CBDDTY010001985.1	1	23461	39	4621	19.6965	0.344444	33.3	8
CBDDTY010001986.1	1	23459	51	8516	36.3016	0.527005	33.4	30.2
CBDDTY010001987.1	1	23456	75	10567	45.0503	0.844986	32.6	31.3
CBDDTY010001988.1	1	23436	52	8106	34.5878	0.495776	33.3	17.3
CBDDTY010001989.1	1	23431	50	6771	28.8976	0.501899	32.1	14.5
CBDDTY010001990.1	1	23427	60	9662	41.243	0.677509	33	44.1
CBDDTY010001991.1	1	23426	34	4312	18.4069	0.344916	31.5	15.8
CBDDTY010001992.1	1	23426	65	8877	37.8938	0.789892	32.9	15.8
CBDDTY010001993.1	1	23424	57	8951	38.2129	0.607625	33	34.3
CBDDTY010001994.1	1	23424	25	4968	21.209	0.273992	32.9	40
CBDDTY010001995.1	1	23406	58	11155	47.6587	0.712381	33.7	39.8
CBDDTY010001996.1	1	23396	44	3747	16.0156	0.531373	32.2	25
CBDDTY010001997.1	1	23395	59	5121	21.8893	0.570336	32.8	10.4
CBDDTY010001998.1	1	23386	105	8457	36.1627	1.11293	32.8	8.37
CBDDTY010001999.1	1	23384	88	12294	52.5744	0.985289	32.6	36.6
CBDDTY010002000.1	1	23381	79	12911	55.2201	0.972456	32.1	35
CBDDTY010002001.1	1	23364	19	2918	12.4893	0.196456	33.7	21.2
CBDDTY010002002.1	1	23327	58	3890	16.676	0.65422	32.9	6.91
CBDDTY010002003.1	1	23326	28	5484	23.5102	0.36723	31.4	32.2
CBDDTY010002004.1	1	23324	40	6708	28.7601	0.413051	33.9	7.05
CBDDTY010002005.1	1	23306	27	4280	18.3644	0.29147	31.9	6.56
CBDDTY010002006.1	1	23304	46	6571	28.1969	0.443829	33.2	12.9
CBDDTY010002007.1	1	23298	35	5993	25.7232	0.426818	34	13.9
CBDDTY010002008.1	1	23285	72	12521	53.7728	0.80889	32.7	35.1
CBDDTY010002009.1	1	23270	51	9443	40.5801	0.622303	32.6	40.9
CBDDTY010002010.1	1	23268	57	10748	46.1922	0.733712	31.8	46.2
CBDDTY010002011.1	1	23246	42	6430	27.6607	0.421879	33.8	7.26
CBDDTY010002012.1	1	23243	25	5428	23.3533	0.263606	33.7	22.1
CBDDTY010002013.1	1	23241	78	13621	58.6076	0.959124	33.3	47.9
CBDDTY010002014.1	1	23226	46	7902	34.0222	0.511668	33.5	43.5
CBDDTY010002015.1	1	23220	58	9409	40.5211	0.689061	33.2	34.6
CBDDTY010002016.1	1	23210	28	6209	26.7514	0.357044	32.9	31.7
CBDDTY010002017.1	1	23200	56	10881	46.9009	0.770776	33.8	50.1
CBDDTY010002018.1	1	23200	63	9880	42.5862	0.725302	32.2	30.2
CBDDTY010002019.1	1	23194	50	6456	27.8348	0.576097	32.6	15.8
CBDDTY010002020.1	1	23187	35	5328	22.9784	0.318972	33.9	9.91
CBDDTY010002021.1	1	23187	206	17579	75.814	3.08496	32.4	30.2
CBDDTY010002022.1	1	23184	40	5788	24.9655	0.344073	33.9	9.45
CBDDTY010002023.1	1	23179	65	9841	42.4565	0.775702	33.3	46
CBDDTY010002024.1	1	23166	59	11747	50.7079	0.805577	33.5	49.5
CBDDTY010002025.1	1	23160	64	9750	42.0984	0.685233	33.7	18.1
CBDDTY010002026.1	1	23133	62	11283	48.7745	0.707863	31.9	43.3
CBDDTY010002027.1	1	23128	13	1835	7.93411	0.107489	36.1	15.4
CBDDTY010002028.1	1	23127	37	7390	31.954	0.479137	34.7	26.9
CBDDTY010002029.1	1	23116	37	5796	25.0735	0.408072	32.8	29.3
CBDDTY010002030.1	1	23114	66	10214	44.1897	0.786666	33.1	37.4
CBDDTY010002031.1	1	23099	29	5772	24.9881	0.367202	33.2	52.3
CBDDTY010002032.1	1	23090	44	8841	38.2893	0.549199	33.9	55.2
CBDDTY010002033.1	1	23074	39	7780	33.7176	0.467106	32.6	21.2
CBDDTY010002034.1	1	23068	84	14310	62.034	1.03849	32.3	48.6
CBDDTY010002035.1	1	23061	77	8637	37.4528	0.817267	33.6	18.3
CBDDTY010002036.1	1	23032	94	12178	52.8743	1.17641	33.3	25.6
CBDDTY010002037.1	1	23027	81	9577	41.5903	0.931515	34	28
CBDDTY010002038.1	1	23009	35	5178	22.5042	0.355991	32.2	22
CBDDTY010002039.1	1	22800	17	3081	13.5132	0.183333	30.4	26.7
CBDDTY010002040.1	1	23000	62	6902	30.0087	0.651304	33	9.66
CBDDTY010002041.1	1	23000	26	4295	18.6739	0.308565	30.3	11.9
CBDDTY010002042.1	1	23000	20	2223	9.66522	0.209652	30.4	3.3
CBDDTY010002043.1	1	23000	20	3862	16.7913	0.197304	33.2	25.4
CBDDTY010002044.1	1	23000	49	6872	29.8783	0.474826	32.9	18.9
CBDDTY010002045.1	1	23000	58	7849	34.1261	0.698957	33.2	28.2
CBDDTY010002046.1	1	23000	61	9655	41.9783	0.641739	32.7	33.1
CBDDTY010002048.1	1	23000	3	638	2.77391	0.0277391	37.3	56
CBDDTY010002049.1	1	22393	35	6173	27.5667	0.366231	31.9	32.3
CBDDTY010002050.1	1	23000	69	5395	23.4565	0.686739	33.6	5.41
CBDDTY010002051.1	1	23000	72	7813	33.9696	0.741087	32.7	8.81
CBDDTY010002052.1	1	23000	34	5677	24.6826	0.429522	34	12.7
CBDDTY010002053.1	1	23000	22	2894	12.5826	0.182348	34	10.5
CBDDTY010002054.1	1	23000	33	6040	26.2609	0.359043	33	20.4
CBDDTY010002055.1	1	23000	37	6268	27.2522	0.434087	32.9	14.9
CBDDTY010002056.1	1	23000	22	2983	12.9696	0.213	34.9	18
CBDDTY010002057.1	1	23000	29	5761	25.0478	0.602696	34.2	1
CBDDTY010002058.1	1	23000	65	10663	46.3609	0.792609	33	30.2
CBDDTY010002059.1	1	23000	6	905	3.93478	0.0393478	34.1	27
CBDDTY010002060.1	1	23000	69	6698	29.1217	0.80387	33.2	9.2
CBDDTY010002061.1	1	23000	129	9194	39.9739	1.42613	33	18.9
CBDDTY010002062.1	1	23000	39	7544	32.8	0.432043	32.1	26.2
CBDDTY010002063.1	1	22800	25	1920	8.42105	0.322325	36.2	10.5
CBDDTY010002064.1	1	23000	39	5953	25.8826	0.471609	33.2	35.3
CBDDTY010002065.1	1	23000	54	4910	21.3478	0.687696	32.1	9.76
CBDDTY010002066.1	1	23000	72	10162	44.1826	0.842522	33.6	32.3
CBDDTY010002067.1	1	23000	71	10365	45.0652	0.71113	33.3	16.8
CBDDTY010002068.1	1	23000	65	6182	26.8783	0.673696	32.4	7.22
CBDDTY010002069.1	1	23000	76	11140	48.4348	0.874696	32.3	21.2
CBDDTY010002070.1	1	23000	85	7164	31.1478	0.918174	33.1	4.69
CBDDTY010002071.1	1	22999	42	9272	40.3148	0.516849	32.7	37.4
CBDDTY010002072.1	1	22989	66	11155	48.5232	0.692505	32.9	39.8
CBDDTY010002073.1	1	22978	21	1352	5.88389	0.240709	33.8	4.43
CBDDTY010002074.1	1	22953	47	8280	36.0737	0.512482	33.5	25
CBDDTY010002075.1	1	22931	11	1919	8.36858	0.124984	35	37.2
CBDDTY010002076.1	1	22927	72	10645	46.43	0.816243	32.9	31.7
CBDDTY010002077.1	1	22927	34	4174	18.2056	0.433637	32.3	2.35
CBDDTY010002078.1	1	22926	37	6376	27.8112	0.390517	33.1	6.78
CBDDTY010002079.1	1	22926	17	2738	11.9428	0.143723	32.2	18.4
CBDDTY010002080.1	1	22898	66	8856	38.6759	0.718578	33.9	20.3
CBDDTY010002081.1	1	22893	21	5144	22.4698	0.280217	32.2	10.1
CBDDTY010002082.1	1	22893	61	9022	39.4094	0.751452	34.3	36.2
CBDDTY010002083.1	1	22852	44	7411	32.4304	0.522536	31.9	43.2
CBDDTY010002084.1	1	22852	51	9178	40.1628	0.611325	33.2	18.5
CBDDTY010002085.1	1	22834	32	4917	21.5337	0.287072	33.2	10.6
CBDDTY010002086.1	1	22820	165	13322	58.3786	1.9489	32.5	14.9
CBDDTY010002087.1	1	22816	55	10264	44.986	0.662737	33.5	44.6
CBDDTY010002088.1	1	22803	70	6723	29.483	0.899969	31.3	4.69
CBDDTY010002089.1	1	22791	62	11935	52.3672	0.679303	34.1	45.6
CBDDTY010002090.1	1	22791	90	12299	53.9643	0.888465	31.9	40.6
CBDDTY010002091.1	1	22776	62	8331	36.578	0.75843	31.6	24.6
CBDDTY010002092.1	1	22776	86	7863	34.5232	1.04351	32.5	2.63
CBDDTY010002093.1	1	22775	17	3974	17.449	0.235653	29.5	17.9
CBDDTY010002094.1	1	22773	1	244	1.07144	0.0107144	35.1	1
CBDDTY010002095.1	1	22760	51	11253	49.442	0.621573	32.2	45.5
CBDDTY010002096.1	1	22756	35	6284	27.6147	0.386404	34.1	29.7
CBDDTY010002097.1	1	22751	98	12736	55.98	1.25463	32.3	22.2
CBDDTY010002098.1	1	22751	61	11292	49.633	0.745857	33.6	30.5
CBDDTY010002099.1	1	22729	96	14639	64.4067	1.16296	33.5	39.8
CBDDTY010002100.1	1	22725	26	5074	22.3278	0.324708	35.3	31.5
CBDDTY010002101.1	1	22723	119	14669	64.5557	1.42332	33.2	17.2
CBDDTY010002102.1	1	22715	61	8992	39.5862	0.681928	33.3	19.2
CBDDTY010002103.1	1	22687	50	6641	29.2723	0.612421	31.9	18.1
CBDDTY010002104.1	1	22674	58	4341	19.1453	0.771412	33.9	24
CBDDTY010002105.1	1	22644	30	5122	22.6197	0.335497	32.1	40.7
CBDDTY010002106.1	1	22639	13	2154	9.51455	0.129202	31.7	16
CBDDTY010002107.1	1	22634	48	9712	42.9089	0.580322	32.1	43.9
CBDDTY010002108.1	1	22618	66	4911	21.7128	0.764656	32.7	9.94
CBDDTY010002109.1	1	22610	36	8864	39.2039	0.491774	33.3	48.5
CBDDTY010002110.1	1	22592	30	6252	27.6735	0.368892	32.1	24.8
CBDDTY010002111.1	1	22590	34	6619	29.3006	0.372598	33.3	25
CBDDTY010002112.1	1	22586	53	8382	37.1115	0.621535	32.9	18
CBDDTY010002113.1	1	22578	29	5607	24.8339	0.340863	34.2	32.8
CBDDTY010002114.1	1	22575	58	7265	32.1816	0.68124	33.5	11.1
CBDDTY010002115.1	1	22573	43	6429	28.4809	0.443672	32.7	21.1
CBDDTY010002116.1	1	22573	42	6252	27.6968	0.533868	32.4	10.2
CBDDTY010002117.1	1	22558	59	8327	36.9137	0.715755	33.4	21.8
CBDDTY010002118.1	1	22533	58	9284	41.2018	0.654507	32.3	40.6
CBDDTY010002119.1	1	22533	20	3205	14.2236	0.229086	34.6	31.8
CBDDTY010002120.1	1	22524	33	6514	28.9203	0.36894	33.1	33.5
CBDDTY010002121.1	1	22510	55	8400	37.3167	0.721279	33.1	21.6
CBDDTY010002122.1	1	22498	152	13306	59.143	1.87759	32.9	19.5
CBDDTY010002123.1	1	22494	14	2934	13.0435	0.16151	32.7	3.5
CBDDTY010002124.1	1	22472	67	4760	21.1819	0.819019	32.1	13.6
CBDDTY010002125.1	1	22451	97	10663	47.4945	1.13002	33.7	27.5
CBDDTY010002126.1	1	22448	38	5740	25.5702	0.409391	33.8	22.9
CBDDTY010002127.1	1	22447	56	8585	38.2456	0.629037	33.4	15
CBDDTY010002128.1	1	22446	111	11089	49.403	1.3246	32.2	35
CBDDTY010002129.1	1	22444	65	9393	41.8508	0.725851	33.8	40.1
CBDDTY010002130.1	1	22442	57	8671	38.6374	0.568666	33.1	27.5
CBDDTY010002131.1	1	22416	35	5051	22.533	0.438348	32.3	8.71
CBDDTY010002132.1	1	22402	57	7698	34.363	0.655388	33.1	27.6
CBDDTY010002133.1	1	22394	170	8208	36.6527	2.18416	33.3	15.7
CBDDTY010002134.1	1	22384	31	6060	27.0729	0.3427	32.4	31.5
CBDDTY010002135.1	1	22352	99	12500	55.9234	1.21255	33.6	28.1
CBDDTY010002136.1	1	22314	52	9474	42.4576	0.659317	32.9	38.5
CBDDTY010002137.1	1	22310	64	8303	37.2165	0.689332	33	17.6
CBDDTY010002138.1	1	22307	31	5715	25.6198	0.349173	33.1	8.1
CBDDTY010002139.1	1	22307	55	11144	49.9574	0.686645	31.7	51.5
CBDDTY010002140.1	1	22305	140	10005	44.8554	1.95154	33.3	7.84
CBDDTY010002141.1	1	22298	51	8956	40.165	0.564535	33.2	46.6
CBDDTY010002142.1	1	22296	38	6540	29.3326	0.473672	32.4	24
CBDDTY010002143.1	1	22295	23	4691	21.0406	0.254676	32.9	0.739
CBDDTY010002144.1	1	22294	53	7886	35.3727	0.533282	32.8	43
CBDDTY010002145.1	1	22292	109	10348	46.4202	1.10726	31.9	13.8
CBDDTY010002146.1	1	22285	43	4363	19.5782	0.489118	33.1	6.63
CBDDTY010002147.1	1	22282	45	8995	40.3689	0.51315	32.2	32.6
CBDDTY010002148.1	1	22276	29	6640	29.8079	0.339334	33.3	41.2
CBDDTY010002149.1	1	22256	19	3264	14.6657	0.178244	34.1	12.4
CBDDTY010002150.1	1	22249	48	8697	39.0894	0.563126	33.4	39.2
CBDDTY010002151.1	1	22234	53	9267	41.6794	0.608977	32.1	32.5
CBDDTY010002152.1	1	22231	61	8394	37.7581	0.724529	33.2	16.7
CBDDTY010002153.1	1	22216	15	2367	10.6545	0.131752	34.2	8.2
CBDDTY010002154.1	1	22216	53	7588	34.1556	0.605915	32.5	32.2
CBDDTY010002155.1	1	22211	51	10676	48.0663	0.654225	33.1	49.2
CBDDTY010002156.1	1	22198	52	6099	27.4754	0.556717	32.5	8.1
CBDDTY010002157.1	1	22183	27	3953	17.82	0.241401	34.4	23.5
CBDDTY010002158.1	1	22166	22	3666	16.5388	0.214518	32.3	4.64
CBDDTY010002159.1	1	22154	43	7387	33.3439	0.527805	33.5	36.9
CBDDTY010002160.1	1	22139	60	7889	35.6339	0.611771	31.7	9.95
CBDDTY010002161.1	1	22136	76	10124	45.7355	0.844371	33.8	34.3
CBDDTY010002162.1	1	22099	54	7963	36.0333	0.566858	32	37.1
CBDDTY010002163.1	1	22095	144	5733	25.947	1.80724	32.8	45.2
CBDDTY010002164.1	1	22059	38	6304	28.5779	0.438506	33.5	16.5
CBDDTY010002165.1	1	22055	46	4146	18.7985	0.54423	33.2	2.63
CBDDTY010002166.1	1	22052	42	7686	34.854	0.536822	31.6	8.05
CBDDTY010002167.1	1	22046	47	7993	36.256	0.524857	33	8.77
CBDDTY010002168.1	1	22044	66	5220	23.6799	0.723961	34.3	22.2
CBDDTY010002169.1	1	22035	49	7843	35.5934	0.559564	32.8	28.6
CBDDTY010002170.1	1	22011	31	3759	17.0778	0.321566	32	6.55
CBDDTY010002171.1	1	22004	29	4471	20.319	0.379795	34.2	24.4
CBDDTY010002172.1	1	22003	46	9411	42.7714	0.584966	32.9	26.2
CBDDTY010002173.1	1	22000	39	6719	30.5409	0.405	34.3	13.9
CBDDTY010002174.1	1	22000	25	4679	21.2682	0.277409	32.6	16.9
CBDDTY010002175.1	1	22000	33	6263	28.4682	0.420318	32	14.8
CBDDTY010002176.1	1	22000	31	5301	24.0955	0.352773	33	11.7
CBDDTY010002177.1	1	22000	18	3390	15.4091	0.228727	33.8	24.3
CBDDTY010002178.1	1	22000	58	10745	48.8409	0.748409	33.1	30.5
CBDDTY010002179.1	1	22000	130	17202	78.1909	1.46659	33.6	41.9
CBDDTY010002180.1	1	22000	38	6499	29.5409	0.410727	33.1	19
CBDDTY010002181.1	1	22000	18	3011	13.6864	0.1955	31.4	12.7
CBDDTY010002182.1	1	21777	39	6793	31.1935	0.473665	33.2	10.7
CBDDTY010002183.1	1	22000	7	912	4.14545	0.083	30.3	4.86
CBDDTY010002184.1	1	22000	36	6930	31.5	0.442364	31.8	10.6
CBDDTY010002185.1	1	22000	27	4416	20.0727	0.2885	31.2	13.3
CBDDTY010002186.1	1	22000	44	7224	32.8364	0.457727	32.1	17.2
CBDDTY010002187.1	1	22000	30	4585	20.8409	0.327227	33.5	14.9
CBDDTY010002188.1	1	22000	60	9881	44.9136	0.787136	32.3	29.6
CBDDTY010002189.1	1	22000	34	5867	26.6682	0.412273	33.9	39.5
CBDDTY010002190.1	1	22000	36	5386	24.4818	0.418	33.6	18.5
CBDDTY010002191.1	1	22000	75	9720	44.1818	0.888364	32.4	26.5
CBDDTY010002192.1	1	22000	67	11237	51.0773	0.848773	34.2	27.8
CBDDTY010002193.1	1	22000	74	9790	44.5	0.973182	32.5	23.2
CBDDTY010002194.1	1	22000	64	10171	46.2318	0.74	31.8	22
CBDDTY010002195.1	1	22000	8	882	4.00909	0.0704545	35	19.8
CBDDTY010002196.1	1	22000	3	562	2.55455	0.0569091	35.9	1.67
CBDDTY010002197.1	1	22000	34	4790	21.7727	0.369909	33.1	34.6
CBDDTY010002198.1	1	22000	49	9205	41.8409	0.554818	33.6	34.6
CBDDTY010002199.1	1	22000	5	653	2.96818	0.0408636	35.6	56.4
CBDDTY010002200.1	1	21800	48	8382	38.4495	0.63789	33.4	14.1
CBDDTY010002201.1	1	22000	21	4164	18.9273	0.247318	34.6	15.1
CBDDTY010002202.1	1	22000	68	7954	36.1545	0.828773	33.1	14.1
CBDDTY010002203.1	1	22000	50	10667	48.4864	0.629864	33.1	49.4
CBDDTY010002204.1	1	22000	25	4041	18.3682	0.251318	34.7	30.6
CBDDTY010002205.1	1	22000	2	171	0.777273	0.0116818	30.3	0.5
CBDDTY010002206.1	1	22000	53	7456	33.8909	0.634091	32.2	16.5
CBDDTY010002207.1	1	21998	42	9835	44.7086	0.597736	32.5	34.5
CBDDTY010002208.1	1	21996	41	5821	26.4639	0.530778	32.5	16.3
CBDDTY010002209.1	1	21994	49	9333	42.4343	0.628308	31.6	28.7
CBDDTY010002210.1	1	21960	42	5724	26.0656	0.4949	32.8	10.8
CBDDTY010002211.1	1	21951	54	6391	29.1148	0.612136	34	12.7
CBDDTY010002212.1	1	21950	72	8204	37.3759	0.847198	32.8	13.3
CBDDTY010002213.1	1	21946	84	8229	37.4966	0.929144	33	18.3
CBDDTY010002214.1	1	21917	59	7610	34.7219	0.72081	34.1	14.3
CBDDTY010002215.1	1	21885	87	10311	47.1145	1.11117	32.3	29.9
CBDDTY010002216.1	1	21851	62	9337	42.7303	0.889891	33.2	37.7
CBDDTY010002217.1	1	21847	31	4791	21.9298	0.292214	32.4	4.71
CBDDTY010002218.1	1	21840	51	9988	45.7326	0.733104	32.6	46.4
CBDDTY010002219.1	1	21830	80	9339	42.7806	1.01063	31.8	30.2
CBDDTY010002220.1	1	21805	56	9309	42.692	0.704792	33.6	31.1
CBDDTY010002221.1	1	21805	13	1653	7.58083	0.141435	32.2	4
CBDDTY010002222.1	1	21795	82	12288	56.3799	1.03377	33.3	30.2
CBDDTY010002223.1	1	21791	24	5656	25.9557	0.296177	32.8	21.5
CBDDTY010002224.1	1	21782	32	4139	19.0019	0.338031	33.1	3.22
CBDDTY010002225.1	1	21777	46	6795	31.2026	0.548652	32.5	8.8
CBDDTY010002226.1	1	21771	60	9251	42.4923	0.683202	32.5	31.3
CBDDTY010002227.1	1	21764	14	2173	9.98438	0.126999	31.8	3.93
CBDDTY010002228.1	1	21750	50	7538	34.6575	0.598759	33.2	32.1
CBDDTY010002229.1	1	21748	36	6260	28.7843	0.427074	31.8	21.7
CBDDTY010002230.1	1	21738	152	10819	49.77	1.80007	33.5	14.6
CBDDTY010002231.1	1	21719	66	9732	44.8087	0.698098	33.8	30.1
CBDDTY010002232.1	1	21702	61	7106	32.7435	0.686803	33.2	33.5
CBDDTY010002233.1	1	21699	63	10385	47.8593	0.734596	33.2	25.1
CBDDTY010002234.1	1	21693	38	6462	29.7884	0.447656	34.1	15.4
CBDDTY010002235.1	1	21691	53	9901	45.6457	0.646259	33.4	40.1
CBDDTY010002236.1	1	21686	59	9762	45.0152	0.78719	34	43.1
CBDDTY010002237.1	1	21662	70	8971	41.4135	0.765396	33.8	37.7
CBDDTY010002238.1	1	21661	49	7397	34.1489	0.525045	33.6	28.9
CBDDTY010002239.1	1	21659	42	7337	33.8751	0.545593	33.2	23.5
CBDDTY010002240.1	1	21644	10	1977	9.13417	0.108714	32.3	25.6
CBDDTY010002241.1	1	21634	72	9988	46.1681	0.865628	32.9	35.1
CBDDTY010002242.1	1	21633	13	2907	13.4378	0.152961	32	5.62
CBDDTY010002243.1	1	21633	57	11210	51.819	0.671012	34.3	54.3
CBDDTY010002244.1	1	21632	41	6768	31.287	0.485068	33.5	23.4
CBDDTY010002245.1	1	21620	59	8143	37.6642	0.749352	32.6	26
CBDDTY010002246.1	1	21613	17	2984	13.8065	0.218942	34.1	30.1
CBDDTY010002247.1	1	21604	50	6063	28.0642	0.554573	33.1	16.1
CBDDTY010002248.1	1	21604	80	9546	44.1863	0.992039	32.8	24.7
CBDDTY010002249.1	1	21601	90	12717	58.8723	1.03102	32.8	40.2
CBDDTY010002250.1	1	21597	123	12402	57.4246	1.49914	33.9	36.6
CBDDTY010002251.1	1	21580	62	9655	44.7405	0.740315	33.3	25.8
CBDDTY010002252.1	1	21567	51	10085	46.7613	0.672509	32.2	46
CBDDTY010002253.1	1	21557	59	10252	47.5576	0.664935	32.8	45.8
CBDDTY010002254.1	1	21532	13	2599	12.0704	0.180011	36	11
CBDDTY010002255.1	1	21529	67	9302	43.2068	0.796043	32.9	29
CBDDTY010002256.1	1	21501	74	11907	55.3788	0.939491	33.2	37.9
CBDDTY010002257.1	1	21499	13	1895	8.81436	0.149309	32.5	2.77
CBDDTY010002258.1	1	21490	108	9166	42.6524	1.25565	33.7	15.7
CBDDTY010002259.1	1	21488	61	7337	34.1446	0.650363	34.4	22
CBDDTY010002260.1	1	21487	28	6555	30.5068	0.404989	32	41.5
CBDDTY010002261.1	1	21483	35	6833	31.8065	0.419169	33.1	38.1
CBDDTY010002262.1	1	21474	79	11231	52.3005	1.00112	31.9	32.4
CBDDTY010002263.1	1	21468	34	5654	26.3369	0.347634	33.3	26.5
CBDDTY010002264.1	1	21462	61	8640	40.2572	0.69001	33	15.8
CBDDTY010002265.1	1	21458	13	1628	7.58691	0.103318	33.1	9.62
CBDDTY010002266.1	1	21451	21	3729	17.3838	0.24521	32.9	38.3
CBDDTY010002267.1	1	21449	54	7905	36.8549	0.690708	33.5	10.2
CBDDTY010002268.1	1	21448	90	9513	44.3538	1.13558	32.9	22.6
CBDDTY010002269.1	1	21443	61	10273	47.9084	0.832999	32.9	33.1
CBDDTY010002270.1	1	21427	65	9878	46.1007	0.90666	33.5	37
CBDDTY010002271.1	1	21418	37	5801	27.0847	0.348165	32.8	30.6
CBDDTY010002272.1	1	21418	112	14048	65.5897	1.38141	33.5	24.1
CBDDTY010002273.1	1	21409	49	8940	41.7581	0.611752	33.8	18.9
CBDDTY010002274.1	1	21385	45	6625	30.9797	0.467103	32.6	15.1
CBDDTY010002275.1	1	21373	40	8252	38.6095	0.50124	33.1	50.4
CBDDTY010002276.1	1	21364	35	5648	26.437	0.365943	34.4	30.4
CBDDTY010002277.1	1	21361	49	9194	43.0411	0.617434	33.1	25.6
CBDDTY010002278.1	1	21359	4	674	3.15558	0.0315558	33.8	7.75
CBDDTY010002279.1	1	21341	39	7013	32.8616	0.445574	32.7	35.5
CBDDTY010002280.1	1	21332	37	6540	30.6582	0.4009	32.3	32.1
CBDDTY010002281.1	1	21322	49	8300	38.9269	0.542585	33.3	40.6
CBDDTY010002282.1	1	21317	63	7720	36.2152	0.770981	33.5	4.16
CBDDTY010002283.1	1	21315	38	6546	30.7108	0.454328	34	6.29
CBDDTY010002284.1	1	21284	27	3852	18.0981	0.333114	31.9	28.9
CBDDTY010002285.1	1	21269	49	7762	36.4944	0.572241	32.9	28.2
CBDDTY010002286.1	1	21265	41	7852	36.9245	0.494333	31.8	52.1
CBDDTY010002287.1	1	21253	37	8546	40.2108	0.482238	34.5	33
CBDDTY010002288.1	1	21251	29	5148	24.2247	0.377676	33	16.4
CBDDTY010002289.1	1	21219	23	4395	20.7126	0.277676	33.7	17.2
CBDDTY010002290.1	1	21214	51	9593	45.2201	0.624352	33.5	47.1
CBDDTY010002291.1	1	21200	52	7338	34.6132	0.565	32.6	28.5
CBDDTY010002292.1	1	21175	57	7798	36.8264	0.639575	33.3	29.9
CBDDTY010002293.1	1	21159	23	3772	17.8269	0.301621	33.4	20.2
CBDDTY010002294.1	1	21158	50	8834	41.7525	0.639427	34.3	20.6
CBDDTY010002295.1	1	21144	58	8526	40.3235	0.763101	33.4	19.4
CBDDTY010002296.1	1	21142	19	2806	13.2722	0.21436	32.5	9.26
CBDDTY010002297.1	1	21134	23	3484	16.4853	0.219409	36.3	0.957
CBDDTY010002298.1	1	21132	17	2404	11.3761	0.206038	31.4	3
CBDDTY010002299.1	1	21131	46	6939	32.838	0.506933	33.7	26.1
CBDDTY010002300.1	1	21122	93	8379	39.6695	1.25566	33.3	13.8
CBDDTY010002301.1	1	21119	59	6469	30.6312	0.661206	32.9	20.7
CBDDTY010002302.1	1	21116	28	4739	22.4427	0.290254	33.1	17.5
CBDDTY010002303.1	1	21078	52	9617	45.6258	0.635592	33.3	40.1
CBDDTY010002304.1	1	21073	24	2957	14.0322	0.331419	34.5	21.8
CBDDTY010002305.1	1	21070	47	7456	35.3868	0.510204	31.7	38
CBDDTY010002306.1	1	21061	41	7080	33.6166	0.576468	33.8	10
CBDDTY010002307.1	1	21061	14	2473	11.7421	0.140117	32.6	17.6
CBDDTY010002308.1	1	21044	60	8950	42.5299	0.657099	33	36.6
CBDDTY010002309.1	1	21043	39	6986	33.1987	0.483866	33.4	28.3
CBDDTY010002310.1	1	21040	54	7207	34.2538	0.605038	33.1	16.3
CBDDTY010002311.1	1	21039	54	8434	40.0875	0.711108	32.6	39.3
CBDDTY010002312.1	1	21029	92	11487	54.6246	1.24785	33.3	34.8
CBDDTY010002313.1	1	21019	113	14532	69.1374	1.42271	32.8	38.4
CBDDTY010002314.1	1	21002	81	10378	49.4143	0.945672	33.1	24.1
CBDDTY010002315.1	1	21000	37	5132	24.4381	0.343571	34.1	9.68
CBDDTY010002316.1	1	21000	7	1532	7.29524	0.0807619	30.6	19.4
CBDDTY010002317.1	1	21000	76	11683	55.6333	0.989381	32.9	42.3
CBDDTY010002318.1	1	21000	113	12796	60.9333	1.50233	32.4	11.5
CBDDTY010002319.1	1	21000	64	8069	38.4238	0.721667	32.5	12.8
CBDDTY010002320.1	1	20800	16	3048	14.6538	0.181779	32.9	18.4
CBDDTY010002321.1	1	21000	15	2608	12.419	0.173905	33.9	3.27
CBDDTY010002322.1	1	21000	1	167	0.795238	0.00795238	36.6	0
CBDDTY010002323.1	1	20873	43	5868	28.1129	0.506396	33.2	5.12
CBDDTY010002324.1	1	21000	51	7524	35.8286	0.717524	31.6	8.63
CBDDTY010002325.1	1	21000	126	11351	54.0524	1.74776	33.2	21.7
CBDDTY010002326.1	1	21000	15	1808	8.60952	0.176381	28.5	13.1
CBDDTY010002327.1	1	21000	46	7938	37.8	0.561	32.4	29.3
CBDDTY010002328.1	1	21000	36	5501	26.1952	0.386714	34.3	28.8
CBDDTY010002329.1	1	21000	6	1135	5.40476	0.0570476	36.6	42.5
CBDDTY010002330.1	1	21000	91	8621	41.0524	1.09648	33.3	18.2
CBDDTY010002331.1	1	20800	30	3928	18.8846	0.307067	32.7	24.4
CBDDTY010002332.1	1	21000	2	178	0.847619	0.00847619	34.5	10.5
CBDDTY010002333.1	1	21000	111	12684	60.4	1.48771	32.5	23.6
CBDDTY010002334.1	1	21000	2	486	2.31429	0.0231429	33.2	0
CBDDTY010002335.1	1	20800	15	3739	17.976	0.200673	34.3	41
CBDDTY010002336.1	1	21000	3	538	2.5619	0.025619	30.6	40
CBDDTY010002337.1	1	21000	36	6690	31.8571	0.410571	33.5	50
CBDDTY010002338.1	1	20800	3	442	2.125	0.02125	35.7	6
CBDDTY010002339.1	1	21000	46	5480	26.0952	0.448571	33.8	18.4
CBDDTY010002340.1	1	21000	9	1453	6.91905	0.0785714	31.9	24.4
CBDDTY010002341.1	1	21000	89	7068	33.6571	1.42395	32.4	13.7
CBDDTY010002342.1	1	21000	6	1357	6.4619	0.0668571	31.1	22.3
CBDDTY010002343.1	1	21000	51	6195	29.5	0.587	33.3	17.4
CBDDTY010002344.1	1	21000	3	639	3.04286	0.0304286	35	5.67
CBDDTY010002345.1	1	21000	9	1630	7.7619	0.10981	33.3	1.78
CBDDTY010002346.1	1	21000	105	13080	62.2857	1.37248	33.8	37.6
CBDDTY010002347.1	1	21000	12	1256	5.98095	0.0818095	32.5	6.92
CBDDTY010002348.1	1	21000	34	4807	22.8905	0.402762	31.3	9.79
CBDDTY010002349.1	1	21000	33	5966	28.4095	0.40281	32.7	22.9
CBDDTY010002350.1	1	20993	35	6223	29.6432	0.433907	33.4	43.3
CBDDTY010002351.1	1	20943	33	6550	31.2754	0.422623	34.8	33.9
CBDDTY010002352.1	1	20914	39	5142	24.5864	0.442574	33.4	10.8
CBDDTY010002353.1	1	20909	31	3338	15.9644	0.38438	33	9.71
CBDDTY010002354.1	1	20897	84	13671	65.4209	1.15194	31.7	34.8
CBDDTY010002355.1	1	20896	49	10036	48.0283	0.680609	34.8	45.7
CBDDTY010002356.1	1	20893	89	7271	34.8011	1.04825	32.9	35.4
CBDDTY010002357.1	1	20879	103	11230	53.7861	1.28292	32.9	4.9
CBDDTY010002358.1	1	20874	69	11002	52.7067	0.891923	32.9	37.4
CBDDTY010002359.1	1	20838	39	6158	29.5518	0.47255	31.6	11.7
CBDDTY010002360.1	1	20831	45	7642	36.6857	0.521146	32.5	34.6
CBDDTY010002361.1	1	20829	39	6053	29.0604	0.421	35	8.26
CBDDTY010002362.1	1	20824	37	6422	30.8394	0.462639	32.6	38.7
CBDDTY010002363.1	1	20824	69	10028	48.156	0.927007	31.9	25.1
CBDDTY010002364.1	1	20807	61	8680	41.7167	0.704378	34.6	17.8
CBDDTY010002365.1	1	20787	36	5775	27.7818	0.382306	33.1	7.75
CBDDTY010002366.1	1	20785	5	866	4.16647	0.0466683	31.9	7.6
CBDDTY010002367.1	1	20773	74	6226	29.9716	0.911472	34	6.57
CBDDTY010002368.1	1	20758	27	3090	14.8858	0.302775	34.1	9.81
CBDDTY010002369.1	1	20733	65	9644	46.5152	0.865914	32.1	22.7
CBDDTY010002370.1	1	20732	117	12877	62.1117	1.39769	32.5	38.6
CBDDTY010002371.1	1	20730	44	7910	38.1573	0.66604	34.3	18.7
CBDDTY010002372.1	1	20712	65	7363	35.5494	0.722287	33.7	24.7
CBDDTY010002373.1	1	20697	16	3550	17.1522	0.206407	33.5	15.5
CBDDTY010002374.1	1	20695	9	1490	7.19981	0.121189	33.3	2.67
CBDDTY010002375.1	1	20671	32	4115	19.9071	0.319627	31.8	16.6
CBDDTY010002376.1	1	20664	45	7657	37.0548	0.603852	33.4	28.9
CBDDTY010002377.1	1	20658	13	4230	20.4763	0.212799	32.7	25.7
CBDDTY010002378.1	1	20655	36	6776	32.8056	0.477899	32.4	40.8
CBDDTY010002379.1	1	20654	49	8516	41.2317	0.625642	33	31.7
CBDDTY010002380.1	1	20628	45	6252	30.3083	0.542467	32.8	29.8
CBDDTY010002381.1	1	20624	15	2228	10.8029	0.196761	33	15.5
CBDDTY010002382.1	1	20623	72	10689	51.8305	0.947534	33.4	44.3
CBDDTY010002383.1	1	20605	63	9656	46.8624	0.761514	31.7	28.5
CBDDTY010002384.1	1	20604	43	8877	43.0839	0.569647	33.3	43
CBDDTY010002385.1	1	20597	39	5827	28.2905	0.53702	33.6	6.28
CBDDTY010002386.1	1	20596	91	11691	56.7634	1.08016	32.9	28.3
CBDDTY010002387.1	1	20586	53	6099	29.6269	0.598514	34.3	3.09
CBDDTY010002388.1	1	20582	59	8807	42.7898	0.675493	33.3	21.5
CBDDTY010002389.1	1	20582	23	5607	27.2423	0.357643	31.7	10.3
CBDDTY010002390.1	1	20574	84	11007	53.4996	0.965102	31.4	26.4
CBDDTY010002391.1	1	20573	47	8651	42.0503	0.568366	32.9	47.7
CBDDTY010002392.1	1	20569	50	8486	41.2563	0.539015	35.3	35.7
CBDDTY010002393.1	1	20567	31	7165	34.8374	0.437643	32.5	50.8
CBDDTY010002394.1	1	20565	29	5289	25.7185	0.371505	33.6	30
CBDDTY010002395.1	1	20557	40	5946	28.9245	0.514326	32.5	6.85
CBDDTY010002396.1	1	20551	33	5321	25.8917	0.402851	30.7	27.2
CBDDTY010002397.1	1	20550	46	8055	39.1971	0.553382	31.8	36
CBDDTY010002398.1	1	20537	26	4330	21.0839	0.318157	34.1	23.2
CBDDTY010002399.1	1	20525	65	11233	54.7284	0.923313	33.2	30.5
CBDDTY010002400.1	1	20504	56	8061	39.3143	0.736442	32.7	28.8
CBDDTY010002401.1	1	20472	31	4845	23.6665	0.408558	33.3	18.7
CBDDTY010002402.1	1	20464	34	5549	27.1159	0.40041	34.3	10.2
CBDDTY010002403.1	1	20455	222	14521	70.99	3.23769	32.4	13.6
CBDDTY010002404.1	1	20447	165	11906	58.2286	2.34929	32.7	25.1
CBDDTY010002405.1	1	20439	38	4969	24.3114	0.46103	33.6	35.8
CBDDTY010002406.1	1	20428	57	10892	53.319	0.801645	32.7	36.9
CBDDTY010002407.1	1	20416	32	6073	29.7463	0.400078	31.6	34.4
CBDDTY010002408.1	1	20416	31	5395	26.4254	0.353595	32.8	39
CBDDTY010002409.1	1	20410	51	7243	35.4875	0.748996	32	21.7
CBDDTY010002410.1	1	20373	48	8617	42.2962	0.683355	33.2	38.5
CBDDTY010002411.1	1	20371	30	5460	26.8028	0.38491	34.2	34.7
CBDDTY010002412.1	1	20366	46	8320	40.8524	0.633507	33.8	43.3
CBDDTY010002413.1	1	20357	35	3644	17.9005	0.42521	33.7	12.1
CBDDTY010002414.1	1	20356	34	6210	30.507	0.399882	34	28.2
CBDDTY010002415.1	1	20332	31	6317	31.0693	0.36868	32	12.2
CBDDTY010002416.1	1	20326	56	6755	33.2333	0.729509	32.1	5.89
CBDDTY010002417.1	1	20321	54	8517	41.9123	0.754441	32.4	30.9
CBDDTY010002418.1	1	20308	101	8722	42.9486	1.4159	33	26.4
CBDDTY010002419.1	1	20294	60	10644	52.449	0.805657	31.5	47
CBDDTY010002420.1	1	20292	34	5373	26.4784	0.428248	32.8	21.8
CBDDTY010002421.1	1	20285	57	8319	41.0106	0.787035	32.4	28.1
CBDDTY010002422.1	1	20277	36	7187	35.4441	0.447749	34.5	50
CBDDTY010002423.1	1	20248	16	2647	13.0729	0.15078	31.6	8.5
CBDDTY010002424.1	1	20247	14	2547	12.5796	0.15948	34.6	17.6
CBDDTY010002425.1	1	20243	31	4458	22.0224	0.434175	31.8	19.2
CBDDTY010002426.1	1	20241	110	11624	57.428	1.50753	33.6	32.7
CBDDTY010002427.1	1	20240	50	10019	49.501	0.701433	34.5	49.4
CBDDTY010002428.1	1	20232	44	6818	33.6991	0.574239	33.3	31
CBDDTY010002429.1	1	20226	51	9747	48.1904	0.638633	32.6	48.5
CBDDTY010002430.1	1	20223	25	4009	19.824	0.245315	33.6	32
CBDDTY010002431.1	1	20200	40	6320	31.2871	0.615594	32.7	36.7
CBDDTY010002432.1	1	20196	21	3709	18.365	0.22044	32.2	15.3
CBDDTY010002433.1	1	20188	41	7150	35.4171	0.463196	33.2	30.4
CBDDTY010002434.1	1	20172	94	11035	54.7045	1.38628	33.6	31.1
CBDDTY010002435.1	1	20160	17	2496	12.381	0.18001	34.7	12.9
CBDDTY010002436.1	1	20157	39	6054	30.0342	0.433497	33.4	41.2
CBDDTY010002437.1	1	20151	54	8721	43.2782	0.675004	33.2	27.4
CBDDTY010002438.1	1	20149	46	7052	34.9993	0.515906	34.1	35.1
CBDDTY010002439.1	1	20148	25	5537	27.4816	0.328519	32.8	33
CBDDTY010002440.1	1	20147	27	5403	26.8179	0.339852	31.4	31.9
CBDDTY010002441.1	1	20144	39	6540	32.4662	0.461428	32.3	31.9
CBDDTY010002442.1	1	20129	66	9190	45.6555	0.814	32.5	29.2
CBDDTY010002443.1	1	20129	23	4600	22.8526	0.273983	32.1	4.52
CBDDTY010002444.1	1	20125	22	4479	22.2559	0.288497	32.7	15.6
CBDDTY010002445.1	1	20109	49	7785	38.714	0.584862	33	28.6
CBDDTY010002446.1	1	20103	11	2950	14.6744	0.162812	31.7	28.5
CBDDTY010002447.1	1	20082	45	7513	37.4116	0.578926	33.1	45.1
CBDDTY010002448.1	1	20080	45	5873	29.248	0.562749	33.5	0.289
CBDDTY010002449.1	1	20070	44	8044	40.0797	0.569756	34.3	35.5
CBDDTY010002450.1	1	20060	71	10334	51.5155	1.09611	32.6	33.6
CBDDTY010002451.1	1	20044	34	6465	32.254	0.40905	34.1	37.1
CBDDTY010002452.1	1	20034	30	7505	37.4613	0.437706	32.8	48
CBDDTY010002453.1	1	20019	48	6452	32.2294	0.572007	33.6	32.5
CBDDTY010002454.1	1	20000	23	2276	11.38	0.3187	34.6	2
CBDDTY010002455.1	1	20000	22	4737	23.685	0.2812	32.8	29.2
CBDDTY010002456.1	1	19800	38	6634	33.5051	0.528838	33.5	38.3
CBDDTY010002458.1	1	20000	4	734	3.67	0.0492	31.9	0.75
CBDDTY010002459.1	1	20000	96	6771	33.855	1.55965	32.7	15.9
CBDDTY010002460.1	1	20000	37	5229	26.145	0.48255	33	28.2
CBDDTY010002461.1	1	20000	45	6664	33.32	0.5411	35.5	35.7
CBDDTY010002462.1	1	20000	79	10415	52.075	1.06655	33.8	24.6
CBDDTY010002463.1	1	20000	38	7092	35.46	0.5275	33.4	42.8
CBDDTY010002464.1	1	20000	19	2800	14	0.2246	34.8	7.95
CBDDTY010002465.1	1	20000	1	122	0.61	0.0061	34.4	8
CBDDTY010002466.1	1	20000	49	9060	45.3	0.6644	33.2	47.1
CBDDTY010002467.1	1	20000	83	9229	46.145	1.0727	34.2	32.4
CBDDTY010002468.1	1	20000	1	287	1.435	0.01435	39.4	0
CBDDTY010002469.1	1	20000	56	7920	39.6	0.7341	32.6	19.4
CBDDTY010002470.1	1	20000	56	9171	45.855	0.68335	32.8	41
CBDDTY010002471.1	1	20000	3	493	2.465	0.02595	33.8	0.667
CBDDTY010002472.1	1	20000	4	973	4.865	0.05165	35.8	27
CBDDTY010002473.1	1	20000	14	1727	8.635	0.1425	33.9	9.86
CBDDTY010002474.1	1	20000	61	10277	51.385	0.83255	33.6	36.1
CBDDTY010002475.1	1	19800	21	3931	19.8535	0.277879	34.5	15.2
CBDDTY010002476.1	1	20000	23	3550	17.75	0.29575	33.4	12.1
CBDDTY010002477.1	1	20000	32	6606	33.03	0.39405	32.4	32.4
CBDDTY010002478.1	1	20000	21	3720	18.6	0.28815	32.6	4.95
CBDDTY010002479.1	1	19800	22	3310	16.7172	0.237374	32.9	10.2
CBDDTY010002480.1	1	20000	102	9976	49.88	1.22785	32	23.5
CBDDTY010002481.1	1	20000	104	9248	46.24	1.33775	32.1	23.2
CBDDTY010002482.1	1	19979	35	5785	28.9554	0.4283	32.4	16.4
CBDDTY010002483.1	1	19975	45	6646	33.2716	0.577272	32.8	35.6
CBDDTY010002484.1	1	19967	44	8391	42.0243	0.66049	33.1	15.5
CBDDTY010002485.1	1	19967	44	6993	35.0228	0.552762	32.7	18.3
CBDDTY010002486.1	1	19963	52	5253	26.3137	0.73536	32.5	19.6
CBDDTY010002487.1	1	19950	37	6915	34.6617	0.427419	32.8	29
CBDDTY010002488.1	1	19948	19	3416	17.1245	0.213706	34.4	16.9
CBDDTY010002489.1	1	19947	36	6114	30.6512	0.444528	33.3	27.8
CBDDTY010002490.1	1	19945	13	1808	9.06493	0.118025	32.9	0.0769
CBDDTY010002491.1	1	19925	39	3546	17.7967	0.58926	33.4	14.7
CBDDTY010002492.1	1	19924	123	5264	26.4204	1.56731	32.7	22.6
CBDDTY010002493.1	1	19914	51	9313	46.7661	0.678518	32.8	38.5
CBDDTY010002494.1	1	19912	145	6407	32.1766	2.04887	32.9	13.7
CBDDTY010002495.1	1	19908	42	5716	28.7121	0.488196	34.2	9.38
CBDDTY010002496.1	1	19895	23	4725	23.7497	0.301684	31.7	15.8
CBDDTY010002497.1	1	19889	53	6430	32.3294	0.781487	33.1	27.7
CBDDTY010002498.1	1	19885	62	8266	41.569	0.722957	33.4	15.4
CBDDTY010002499.1	1	19885	45	8947	44.9937	0.650541	32.3	48.1
CBDDTY010002500.1	1	19884	90	10870	54.6671	1.07292	31.4	22.1
CBDDTY010002501.1	1	19881	38	5918	29.7671	0.455661	33.7	4.5
CBDDTY010002502.1	1	19869	40	9331	46.9626	0.602597	32	42.2
CBDDTY010002503.1	1	19860	13	2366	11.9134	0.163948	35.2	29.4
CBDDTY010002504.1	1	19858	35	6227	31.3576	0.511834	33.5	4.14
CBDDTY010002505.1	1	19858	58	8883	44.7326	0.770219	33	12
CBDDTY010002506.1	1	19852	32	7129	35.9107	0.512694	31.4	41.3
CBDDTY010002507.1	1	19850	22	4566	23.0025	0.355768	34.1	10.1
CBDDTY010002508.1	1	19848	80	11055	55.6983	1.03371	32	24.9
CBDDTY010002509.1	1	19846	48	7783	39.217	0.63902	33.3	24.3
CBDDTY010002510.1	1	19844	81	9128	45.9988	1.14891	33.6	15.4
CBDDTY010002511.1	1	19839	25	3436	17.3194	0.29321	32.5	14.2
CBDDTY010002512.1	1	19832	28	4217	21.2636	0.311971	29.7	2.14
CBDDTY010002513.1	1	19830	28	3576	18.0333	0.34947	32.8	1.5
CBDDTY010002514.1	1	19815	20	3718	18.7636	0.223164	30.6	4.35
CBDDTY010002515.1	1	19809	73	10909	55.0709	0.928164	33	39.1
CBDDTY010002516.1	1	19801	31	5051	25.5088	0.41508	32.5	18.9
CBDDTY010002517.1	1	19794	28	5440	27.4831	0.370466	32.2	20.3
CBDDTY010002518.1	1	19783	52	6838	34.565	0.590709	31.4	26
CBDDTY010002519.1	1	19783	23	2964	14.9826	0.245615	32.8	8.26
CBDDTY010002520.1	1	19771	30	5712	28.8908	0.395782	32.9	29.9
CBDDTY010002521.1	1	19756	66	10949	55.4211	0.976868	32.7	39.1
CBDDTY010002522.1	1	19729	32	5207	26.3926	0.470931	32.3	6.41
CBDDTY010002523.1	1	19726	19	3883	19.6847	0.255906	31.8	40.6
CBDDTY010002524.1	1	19720	61	10494	53.215	0.87784	32.7	50.9
CBDDTY010002525.1	1	19715	32	4552	23.089	0.389754	32.3	9.44
CBDDTY010002526.1	1	19714	24	4889	24.7996	0.368773	32	11.5
CBDDTY010002527.1	1	19697	32	3255	16.5254	0.292278	33.1	7.59
CBDDTY010002528.1	1	19688	49	6703	34.0461	0.532659	34.1	44.1
CBDDTY010002529.1	1	19677	54	9197	46.7398	0.718758	33.2	32.8
CBDDTY010002530.1	1	19673	47	8608	43.7554	0.581457	33.4	43.1
CBDDTY010002531.1	1	19663	41	7076	35.9864	0.612165	32.3	32.4
CBDDTY010002532.1	1	19661	52	8904	45.2876	0.666497	32.1	37.1
CBDDTY010002533.1	1	19654	40	3794	19.304	0.527831	32.4	5.95
CBDDTY010002534.1	1	19650	48	6955	35.3944	0.641272	32.4	28.3
CBDDTY010002535.1	1	19646	41	5252	26.7332	0.574366	33.6	17.2
CBDDTY010002536.1	1	19606	61	8361	42.6451	0.740335	33	16.5
CBDDTY010002537.1	1	19603	29	4403	22.4608	0.371066	34.1	33.2
CBDDTY010002538.1	1	19597	36	6718	34.2808	0.430474	32.8	42.6
CBDDTY010002539.1	1	19589	29	3710	18.9392	0.25402	32.4	10.3
CBDDTY010002540.1	1	19578	26	4571	23.3476	0.317857	33.6	32
CBDDTY010002541.1	1	19577	12	2164	11.0538	0.129233	30.7	1.42
CBDDTY010002542.1	1	19568	34	5447	27.8363	0.469235	31.1	11.6
CBDDTY010002543.1	1	19562	203	14431	73.7706	2.78509	32.7	43.7
CBDDTY010002544.1	1	19553	29	5440	27.8218	0.344755	30	12
CBDDTY010002545.1	1	19544	36	7366	37.6893	0.463262	32.6	47.2
CBDDTY010002546.1	1	19539	28	4407	22.5549	0.367061	33.2	40
CBDDTY010002547.1	1	19538	142	7880	40.3317	1.90009	34.3	20.3
CBDDTY010002548.1	1	19525	79	8949	45.8335	1.09941	34	19.1
CBDDTY010002549.1	1	19500	25	4818	24.7077	0.325179	34.7	42.6
CBDDTY010002550.1	1	19457	67	9998	51.3851	0.873876	33.2	31.2
CBDDTY010002551.1	1	19433	4	563	2.89713	0.0331395	32.9	3.25
CBDDTY010002552.1	1	19431	24	4316	22.2119	0.295765	32.9	18
CBDDTY010002553.1	1	19425	47	7782	40.0618	0.587439	33.5	49.9
CBDDTY010002554.1	1	19403	63	7669	39.5248	0.904035	34.1	31.1
CBDDTY010002555.1	1	19401	28	4848	24.9884	0.381888	33.6	39.6
CBDDTY010002556.1	1	19392	35	6288	32.4257	0.509643	32.4	31.2
CBDDTY010002557.1	1	19380	53	9111	47.0124	0.878535	33.4	37.5
CBDDTY010002558.1	1	19370	10	2125	10.9706	0.160041	35	15.6
CBDDTY010002559.1	1	19363	40	7326	37.835	0.556938	33.6	39.7
CBDDTY010002560.1	1	19342	34	6090	31.4859	0.496122	33.6	44.4
CBDDTY010002561.1	1	19330	75	10251	53.0316	1.03849	33.1	30.9
CBDDTY010002562.1	1	19300	45	9179	47.5596	0.619948	33.4	40.4
CBDDTY010002563.1	1	19296	59	9258	47.9789	0.873393	33.4	30
CBDDTY010002564.1	1	19290	44	7661	39.7149	0.545931	33.1	34.3
CBDDTY010002565.1	1	19255	49	7847	40.7531	0.64565	33.5	33.7
CBDDTY010002566.1	1	19253	57	9184	47.7017	0.808601	32.7	44.1
CBDDTY010002567.1	1	19247	62	6881	35.751	0.800696	32	22.8
CBDDTY010002568.1	1	19245	92	7498	38.9608	1.10782	32.7	18.4
CBDDTY010002569.1	1	19237	36	7599	39.502	0.523782	31.3	36.8
CBDDTY010002570.1	1	19228	93	8266	42.9894	1.27959	33	17.6
CBDDTY010002571.1	1	19225	37	6130	31.8856	0.42117	34	46.9
CBDDTY010002572.1	1	19209	75	10000	52.0589	0.942995	32.5	30.9
CBDDTY010002573.1	1	19206	71	7679	39.9823	1.00234	32	13.1
CBDDTY010002574.1	1	19201	170	11734	61.1114	2.33738	32.4	23.6
CBDDTY010002575.1	1	19192	66	3977	20.7222	0.910848	33.4	7.17
CBDDTY010002576.1	1	19184	38	7391	38.5269	0.54681	32.8	41.6
CBDDTY010002577.1	1	19166	26	5035	26.2705	0.382448	33.9	42.8
CBDDTY010002578.1	1	19151	47	7454	38.9222	0.685813	34	34.6
CBDDTY010002579.1	1	19151	47	9123	47.6372	0.729675	33.9	34.7
CBDDTY010002580.1	1	19140	1	161	0.84117	0.0084117	36.8	14
CBDDTY010002581.1	1	19126	60	4980	26.0379	0.818781	34.1	11
CBDDTY010002582.1	1	19124	31	4216	22.0456	0.405407	33	26.1
CBDDTY010002583.1	1	19123	50	8638	45.1707	0.696334	33.4	38.2
CBDDTY010002584.1	1	19109	65	10303	53.917	0.871056	32.9	43
CBDDTY010002585.1	1	19103	37	7047	36.8895	0.442601	34	40.3
CBDDTY010002586.1	1	19097	13	2892	15.1437	0.181547	29.4	14.5
CBDDTY010002587.1	1	19091	46	7504	39.3065	0.594783	33.3	39.1
CBDDTY010002588.1	1	19083	45	7577	39.7055	0.589635	34	28.6
CBDDTY010002589.1	1	19076	34	6514	34.1476	0.452296	34.2	21.9
CBDDTY010002590.1	1	19041	74	10874	57.1083	1.16275	34.6	23.5
CBDDTY010002591.1	1	19040	137	14164	74.3908	2.03634	33	44.2
CBDDTY010002592.1	1	19009	37	8388	44.1265	0.595718	32.1	47.6
CBDDTY010002593.1	1	19008	31	6044	31.7971	0.435606	33.1	33.6
CBDDTY010002594.1	1	19003	32	5071	26.6853	0.448403	32.7	21.3
CBDDTY010002595.1	1	19000	36	5460	28.7368	0.555684	31.7	25.7
CBDDTY010002596.1	1	19000	41	5318	27.9895	0.510737	32.1	11.7
CBDDTY010002597.1	1	19000	20	3586	18.8737	0.236737	31.8	9.35
CBDDTY010002598.1	1	19000	44	6005	31.6053	0.578368	33.5	21.7
CBDDTY010002599.1	1	19000	59	4667	24.5632	0.758789	34.2	35.4
CBDDTY010002600.1	1	19000	42	6795	35.7632	0.625579	33.7	43.3
CBDDTY010002601.1	1	19000	3	404	2.12632	0.0396842	32.1	60
CBDDTY010002602.1	1	19000	19	3664	19.2842	0.297526	32	24.7
CBDDTY010002603.1	1	19000	34	5038	26.5158	0.405368	33.1	30.8
CBDDTY010002604.1	1	19000	74	8218	43.2526	1.02505	33.2	28.8
CBDDTY010002605.1	1	19000	27	6018	31.6737	0.451789	32	15.7
CBDDTY010002606.1	1	19000	14	2131	11.2158	0.133105	34.6	14.4
CBDDTY010002607.1	1	19000	31	3584	18.8632	0.469316	32	24.6
CBDDTY010002608.1	1	19000	50	6688	35.2	0.750211	32.3	24.7
CBDDTY010002609.1	1	19000	2	95	0.5	0.00957895	34.9	54
CBDDTY010002610.1	1	19000	33	4903	25.8053	0.498474	32.2	9.61
CBDDTY010002611.1	1	19000	91	6391	33.6368	1.33263	34	15.7
CBDDTY010002612.1	1	19000	16	3688	19.4105	0.206684	31.6	14.4
CBDDTY010002613.1	1	19000	87	4997	26.3	1.20732	32.7	12.2
CBDDTY010002614.1	1	19000	4	485	2.55263	0.0366316	31.5	0.5
CBDDTY010002615.1	1	19000	36	7187	37.8263	0.575158	31.9	29.9
CBDDTY010002616.1	1	19000	63	8860	46.6316	0.984368	33	40.9
CBDDTY010002617.1	1	19000	7	2413	12.7	0.156842	29	7.57
CBDDTY010002619.1	1	19000	48	4547	23.9316	0.616842	33.1	5.4
CBDDTY010002620.1	1	19000	35	4965	26.1316	0.402474	33.8	10.2
CBDDTY010002621.1	1	19000	7	1340	7.05263	0.0762105	31.4	2.29
CBDDTY010002622.1	1	19000	35	6513	34.2789	0.525105	32.3	11.5
CBDDTY010002623.1	1	19000	1	325	1.71053	0.0171053	27.8	9
CBDDTY010002624.1	1	18999	29	5562	29.2752	0.4036	31.6	38.8
CBDDTY010002625.1	1	18975	28	3338	17.5916	0.346825	33.3	9.32
CBDDTY010002626.1	1	18966	52	8512	44.8803	0.777075	32.4	44
CBDDTY010002627.1	1	18957	72	7931	41.8368	0.961386	32.6	21.8
CBDDTY010002628.1	1	18939	21	3263	17.229	0.268071	33.2	38.1
CBDDTY010002629.1	1	18920	54	7865	41.5698	0.669292	32.5	39.2
CBDDTY010002630.1	1	18914	37	6168	32.6108	0.588189	32.8	11.8
CBDDTY010002631.1	1	18890	26	3740	19.7988	0.296771	33	17
CBDDTY010002632.1	1	18857	58	9512	50.4428	0.936098	33.1	29
CBDDTY010002633.1	1	18857	52	9281	49.2178	0.757491	32.9	45.2
CBDDTY010002634.1	1	18806	251	7774	41.3379	3.80597	33.4	10.7
CBDDTY010002635.1	1	18804	19	2844	15.1244	0.206658	35	11.5
CBDDTY010002636.1	1	18798	20	4144	22.0449	0.310086	31.5	28.9
CBDDTY010002637.1	1	18780	31	5760	30.6709	0.394356	34.4	6.94
CBDDTY010002638.1	1	18772	46	6071	32.3407	0.671692	34	15.5
CBDDTY010002639.1	1	18769	51	8348	44.4776	0.803932	34.1	36.4
CBDDTY010002640.1	1	18758	19	2137	11.3925	0.220173	34.4	4.74
CBDDTY010002641.1	1	18754	67	4305	22.9551	0.767836	32.7	14.3
CBDDTY010002643.1	1	18720	7	1655	8.84081	0.113034	31.2	8.86
CBDDTY010002644.1	1	18675	18	2814	15.0683	0.219116	33.9	26.3
CBDDTY010002645.1	1	18674	141	10473	56.0833	2.0995	33	20.7
CBDDTY010002646.1	1	18671	71	11260	60.3074	1.11858	33.7	32
CBDDTY010002647.1	1	18669	33	4615	24.7201	0.412877	32.7	15.5
CBDDTY010002648.1	1	18643	26	7056	37.848	0.463767	34.3	45.4
CBDDTY010002649.1	1	18638	53	8732	46.8505	0.633437	32.5	43.4
CBDDTY010002650.1	1	18631	56	9149	49.1063	0.754281	32.9	30.2
CBDDTY010002651.1	1	18620	53	7822	42.0086	0.714339	32.7	38.4
CBDDTY010002652.1	1	18588	30	5150	27.706	0.449107	33.9	7.57
CBDDTY010002653.1	1	18586	52	10368	55.7839	0.928387	33.4	49.1
CBDDTY010002654.1	1	18583	37	5692	30.6301	0.579293	33.3	4.92
CBDDTY010002655.1	1	18542	43	7807	42.1044	0.682397	33.9	40.3
CBDDTY010002656.1	1	18541	29	4076	21.9837	0.407529	32.1	3.55
CBDDTY010002657.1	1	18538	43	4173	22.5105	0.563869	34.3	14.8
CBDDTY010002658.1	1	18535	29	3355	18.1009	0.336552	34.3	15.4
CBDDTY010002659.1	1	18524	32	4449	24.0175	0.36396	33.1	5.72
CBDDTY010002660.1	1	18515	49	9791	52.8814	0.731245	33.9	49
CBDDTY010002661.1	1	18510	20	4413	23.8412	0.308374	32.3	25.8
CBDDTY010002662.1	1	18509	33	4753	25.6794	0.325733	32.5	22.5
CBDDTY010002663.1	1	18508	26	4594	24.8217	0.311109	32.6	21.3
CBDDTY010002664.1	1	18502	97	10945	59.1558	1.29056	33.3	15.5
CBDDTY010002665.1	1	18498	37	7518	40.6422	0.614175	33.3	47.2
CBDDTY010002666.1	1	18497	27	4420	23.8958	0.30113	30.6	29
CBDDTY010002667.1	1	18494	60	9873	53.3849	0.912188	34	31.7
CBDDTY010002668.1	1	18480	7	1590	8.6039	0.103355	34	22
CBDDTY010002669.1	1	18467	20	3756	20.339	0.285807	34.1	2.7
CBDDTY010002670.1	1	18436	11	2221	12.0471	0.12839	31.4	26.5
CBDDTY010002671.1	1	18435	48	5034	27.3068	0.554868	33.3	13.4
CBDDTY010002672.1	1	18434	50	8913	48.3509	0.690029	33.2	37.3
CBDDTY010002674.1	1	18422	114	6903	37.4715	1.60498	33.7	9.17
CBDDTY010002675.1	1	18420	22	2974	16.1455	0.221173	32.6	9.73
CBDDTY010002676.1	1	18417	21	4410	23.9453	0.315958	31.1	20.4
CBDDTY010002677.1	1	18410	58	9641	52.3683	0.914938	33.2	28.3
CBDDTY010002678.1	1	18395	23	3683	20.0217	0.326067	32.1	39.1
CBDDTY010002679.1	1	18386	51	9363	50.9246	0.740128	33.3	48.1
CBDDTY010002680.1	1	18365	62	7977	43.4359	1.00621	33.5	24.7
CBDDTY010002681.1	1	18355	66	7788	42.4299	0.992754	33.2	24
CBDDTY010002682.1	1	18343	14	3343	18.2249	0.200022	32.1	25.4
CBDDTY010002683.1	1	18318	28	5902	32.2197	0.436511	33.7	37.3
CBDDTY010002684.1	1	18310	50	8441	46.1005	0.679847	32.6	46.4
CBDDTY010002685.1	1	18300	58	6124	33.4645	0.868251	33.8	21.3
CBDDTY010002686.1	1	18295	28	4887	26.7122	0.327248	33.1	30.4
CBDDTY010002687.1	1	18294	47	7251	39.6359	0.74478	32.3	22.3
CBDDTY010002688.1	1	18267	80	8806	48.2071	1.09914	32.9	19.4
CBDDTY010002689.1	1	18263	51	8371	45.8358	0.64836	32.9	40.2
CBDDTY010002690.1	1	18237	44	8248	45.2267	0.837638	33.5	27.5
CBDDTY010002691.1	1	18228	77	8773	48.1293	0.958745	32.7	25.8
CBDDTY010002692.1	1	18222	21	3396	18.6368	0.227527	35.1	17.2
CBDDTY010002693.1	1	18206	61	9928	54.5315	0.849885	31.8	36.1
CBDDTY010002694.1	1	18201	47	8215	45.1349	0.686666	33	38.2
CBDDTY010002695.1	1	18192	38	7475	41.0895	0.593008	33.3	43.8
CBDDTY010002696.1	1	18184	54	8929	49.1036	0.863341	33.3	23
CBDDTY010002697.1	1	18181	33	5304	29.1733	0.474176	32.2	23.8
CBDDTY010002699.1	1	18155	23	4106	22.6164	0.317323	34.3	19
CBDDTY010002700.1	1	18148	44	6207	34.2021	0.650705	32	36.5
CBDDTY010002701.1	1	18121	45	8609	47.5084	0.698306	34.4	45
CBDDTY010002702.1	1	18107	4	713	3.9377	0.0479925	28.2	5
CBDDTY010002703.1	1	18105	40	10177	56.211	0.768296	31.8	51.9
CBDDTY010002704.1	1	18087	51	9858	54.5032	0.802787	33.7	55.5
CBDDTY010002705.1	1	18081	38	6187	34.2182	0.477684	32	39.9
CBDDTY010002706.1	1	18077	36	6154	34.0433	0.494274	33	18.9
CBDDTY010002707.1	1	18073	10	1802	9.97067	0.120511	34.6	17.8
CBDDTY010002708.1	1	18068	84	8016	44.3657	1.17927	33	22.9
CBDDTY010002709.1	1	18054	76	9939	55.0515	1.20777	32.6	43.2
CBDDTY010002710.1	1	18032	43	9511	52.7451	0.652784	33.6	44.5
CBDDTY010002711.1	1	18004	21	3313	18.4015	0.292157	32.6	12.9
CBDDTY010002712.1	1	18002	47	6590	36.607	0.670203	33.1	29.2
CBDDTY010002713.1	1	18000	26	2747	15.2611	0.289167	33.7	6.92
CBDDTY010002714.1	1	18000	6	1568	8.71111	0.0871111	36.3	15.2
CBDDTY010002715.1	1	18000	87	10632	59.0667	1.29111	32.7	33.4
CBDDTY010002716.1	1	18000	20	3155	17.5278	0.233444	36.2	18.2
CBDDTY010002717.1	1	18000	62	6420	35.6667	0.996167	33.7	7.45
CBDDTY010002718.1	1	18000	63	10799	59.9944	1.05283	32.6	43.5
CBDDTY010002719.1	1	18000	5	838	4.65556	0.0482778	29	1.8
CBDDTY010002720.1	1	18000	46	5040	28	0.593056	33	10.2
CBDDTY010002721.1	1	18000	29	5149	28.6056	0.407056	33.6	31.4
CBDDTY010002722.1	1	18000	48	8372	46.5111	0.710778	32.7	40.2
CBDDTY010002723.1	1	18000	41	7044	39.1333	0.566167	33	36.4
CBDDTY010002724.1	1	18000	70	7856	43.6444	1.05278	31.5	11.2
CBDDTY010002725.1	1	18000	11	1527	8.48333	0.171	33.6	2.36
CBDDTY010002726.1	1	18000	79	3838	21.3222	1.11144	33.2	49.1
CBDDTY010002727.1	1	18000	20	4171	23.1722	0.339167	32.5	29.5
CBDDTY010002728.1	1	18000	47	2991	16.6167	0.796278	33	5.02
CBDDTY010002729.1	1	18000	107	3011	16.7278	0.425778	18.3	2.37
CBDDTY010002731.1	1	18000	52	7091	39.3944	0.754278	31.1	23.7
CBDDTY010002732.1	1	18000	33	5424	30.1333	0.398611	33.1	39.8
CBDDTY010002733.1	1	18000	24	4448	24.7111	0.320667	33.5	19.3
CBDDTY010002734.1	1	17999	39	6251	34.7297	0.552253	32.5	28.5
CBDDTY010002735.1	1	17990	32	5832	32.418	0.471206	33.6	47
CBDDTY010002736.1	1	17988	40	7077	39.3429	0.601179	34	29.3
CBDDTY010002737.1	1	17986	52	6712	37.3179	0.670355	32.4	17.4
CBDDTY010002738.1	1	17970	28	6566	36.5387	0.474958	32.1	36.5
CBDDTY010002739.1	1	17965	24	3168	17.6343	0.366546	32.4	6.33
CBDDTY010002740.1	1	17936	65	5451	30.3914	0.923617	34.5	4.48
CBDDTY010002741.1	1	17922	72	9106	50.8091	1.09446	33.2	28.4
CBDDTY010002742.1	1	17917	37	6079	33.9287	0.546353	32.9	45
CBDDTY010002743.1	1	17901	45	4938	27.5851	0.570639	33.1	5.78
CBDDTY010002744.1	1	17899	66	8688	48.539	0.938153	33.7	28.4
CBDDTY010002745.1	1	17886	55	8375	46.8243	0.770491	32.3	34.3
CBDDTY010002746.1	1	17865	55	5935	33.2214	0.781752	34	24.7
CBDDTY010002747.1	1	17861	112	9541	53.4181	1.76631	32.5	10.1
CBDDTY010002748.1	1	17815	35	6764	37.968	0.507101	33	47.8
CBDDTY010002749.1	1	17811	39	5117	28.7294	0.471843	33.9	25.7
CBDDTY010002750.1	1	17801	109	8133	45.6884	1.66345	33.2	35.3
CBDDTY010002751.1	1	17800	77	9399	52.8034	1.08275	33.1	26.8
CBDDTY010002752.1	1	17783	29	6517	36.6474	0.493617	32.2	37.4
CBDDTY010002753.1	1	17782	49	8239	46.3334	0.738331	32.9	42.9
CBDDTY010002754.1	1	17780	142	12735	71.6254	2.37947	33.6	28.7
CBDDTY010002755.1	1	17761	56	9799	55.1714	0.930072	32.8	45.4
CBDDTY010002756.1	1	17759	46	3515	19.7928	0.746495	33.6	5.09
CBDDTY010002757.1	1	17755	35	5895	33.2019	0.557984	34.5	48.7
CBDDTY010002758.1	1	17747	49	9500	53.5302	0.801206	33.3	49.4
CBDDTY010002759.1	1	17745	61	7672	43.2347	0.891293	33	26
CBDDTY010002760.1	1	17736	43	6648	37.4831	0.716396	33.6	16.2
CBDDTY010002761.1	1	17729	7	1272	7.17469	0.087935	31.9	1.43
CBDDTY010002762.1	1	17723	20	2902	16.3742	0.293178	31.4	9.4
CBDDTY010002763.1	1	17717	23	2634	14.8671	0.317153	32.4	19.7
CBDDTY010002764.1	1	17710	18	2537	14.3252	0.263185	34.1	5.22
CBDDTY010002765.1	1	17705	59	7623	43.0556	0.883705	33.4	31.3
CBDDTY010002766.1	1	17700	29	3398	19.1977	0.336893	33.3	5.62
CBDDTY010002767.1	1	17700	68	10996	62.1243	1.07277	32.5	47.8
CBDDTY010002768.1	1	17675	26	4959	28.0566	0.366676	33.5	7
CBDDTY010002769.1	1	17665	58	5803	32.8503	1.22938	33.1	8.74
CBDDTY010002770.1	1	17648	34	4664	26.4279	0.464245	34.7	17.3
CBDDTY010002771.1	1	17627	17	2726	15.4649	0.19056	31.1	6.29
CBDDTY010002772.1	1	17607	44	7324	41.5971	0.666837	33.3	44.9
CBDDTY010002773.1	1	17604	28	3229	18.3424	0.444672	32.9	17.5
CBDDTY010002774.1	1	17584	7	1180	6.71065	0.0704618	31.8	19.6
CBDDTY010002775.1	1	17580	27	4105	23.3504	0.364278	31.9	11.7
CBDDTY010002776.1	1	17551	44	8736	49.7749	0.63814	31.1	53
CBDDTY010002777.1	1	17535	57	9331	53.2136	0.941945	33	27.1
CBDDTY010002778.1	1	17514	41	4857	27.7321	0.529691	31.5	3.49
CBDDTY010002779.1	1	17507	45	6764	38.636	0.595019	32	10.9
CBDDTY010002780.1	1	17506	183	10259	58.6028	2.75546	32.9	41.4
CBDDTY010002781.1	1	17498	51	7867	44.9594	0.81055	33.6	34.6
CBDDTY010002782.1	1	17464	33	5133	29.3919	0.532238	33.6	25.8
CBDDTY010002783.1	1	17454	52	9482	54.3257	0.843417	33.7	45.9
CBDDTY010002784.1	1	17451	50	8023	45.9744	0.656295	32.4	42.3
CBDDTY010002785.1	1	17448	43	6698	38.3884	0.653255	33.5	29.3
CBDDTY010002786.1	1	17447	37	4733	27.1279	0.588296	32.9	27.9
CBDDTY010002787.1	1	17436	55	6660	38.1968	0.997247	33.7	10.4
CBDDTY010002788.1	1	17426	27	5008	28.7387	0.355733	31.2	26.2
CBDDTY010002789.1	1	17422	25	4589	26.3403	0.357594	32	12.2
CBDDTY010002790.1	1	17410	49	8999	51.6887	0.878231	33.4	42.6
CBDDTY010002791.1	1	17363	63	7929	45.6661	0.863272	33.1	33.3
CBDDTY010002792.1	1	17358	36	7039	40.5519	0.571782	32.3	42.3
CBDDTY010002793.1	1	17350	31	6147	35.4294	0.509568	33.7	47.7
CBDDTY010002794.1	1	17346	5	936	5.39606	0.0696414	32.3	3.6
CBDDTY010002795.1	1	17345	46	7040	40.5881	0.649005	33.8	39.3
CBDDTY010002796.1	1	17326	20	3488	20.1316	0.263996	33.9	13.3
CBDDTY010002797.1	1	17325	51	6916	39.9192	0.758788	34.6	10.6
CBDDTY010002798.1	1	17303	119	7520	43.4607	2.12246	33.1	22.4
CBDDTY010002799.1	1	17280	37	5705	33.015	0.599248	33	36.5
CBDDTY010002800.1	1	17280	34	3929	22.7373	0.468461	30.9	3.44
CBDDTY010002801.1	1	17256	26	2049	11.8741	0.436949	33.2	19.7
CBDDTY010002802.1	1	17247	10	1246	7.22444	0.0876674	31.1	0.6
CBDDTY010002803.1	1	17240	45	4507	26.1427	0.579814	33.6	1.42
CBDDTY010002804.1	1	17229	35	6069	35.2255	0.467584	34.9	18.1
CBDDTY010002805.1	1	17221	25	5238	30.4164	0.377446	32.7	24.3
CBDDTY010002806.1	1	17219	10	895	5.19775	0.0962309	33.9	2.6
CBDDTY010002807.1	1	17213	29	4331	25.1612	0.374601	32.7	12.2
CBDDTY010002808.1	1	17207	60	9283	53.949	0.945894	34.2	41.3
CBDDTY010002809.1	1	17178	18	2854	16.6143	0.216905	33.1	0.722
CBDDTY010002810.1	1	17177	20	5032	29.295	0.348955	33.4	35
CBDDTY010002811.1	1	17172	47	8462	49.2779	0.652982	33.7	49
CBDDTY010002812.1	1	17171	79	8974	52.2625	1.23982	32.2	18.8
CBDDTY010002813.1	1	17159	25	4352	25.3628	0.369427	33.4	3.48
CBDDTY010002814.1	1	17147	40	6601	38.4965	0.597131	33.4	47
CBDDTY010002815.1	1	17141	51	6282	36.649	0.819614	32.5	23.5
CBDDTY010002816.1	1	17137	34	4573	26.685	0.447161	32.7	46.7
CBDDTY010002817.1	1	17132	41	5867	34.2459	0.532629	32.7	2.37
CBDDTY010002818.1	1	17125	23	3434	20.0526	0.353985	34.1	14.8
CBDDTY010002819.1	1	17122	9	1622	9.47319	0.123817	31.4	12.6
CBDDTY010002820.1	1	17118	15	3237	18.9099	0.259668	33.6	37
CBDDTY010002821.1	1	17112	58	5533	32.334	0.745792	34.2	6.64
CBDDTY010002822.1	1	17109	43	7036	41.1246	0.647554	33.3	24.4
CBDDTY010002823.1	1	17101	30	3239	18.9404	0.332378	32.5	9.6
CBDDTY010002824.1	1	17086	81	7487	43.8195	1.19472	32.9	24.6
CBDDTY010002825.1	1	17083	89	9153	53.5796	1.26348	32.6	18.9
CBDDTY010002826.1	1	17072	32	3683	21.5733	0.458411	34.1	13.2
CBDDTY010002827.1	1	17052	43	7413	43.4729	0.644616	33.8	35.2
CBDDTY010002828.1	1	17051	38	6836	40.0915	0.563721	32.3	36.6
CBDDTY010002829.1	1	17033	74	10724	62.9601	1.26572	33.1	44.2
CBDDTY010002830.1	1	17027	49	6513	38.251	0.838257	32.3	11.9
CBDDTY010002831.1	1	17023	39	7582	44.5397	0.696998	34	29.4
CBDDTY010002832.1	1	17021	40	6531	38.3702	0.593561	32.8	36.4
CBDDTY010002833.1	1	17019	119	9661	56.766	2.00746	33	25
CBDDTY010002834.1	1	17002	41	2869	16.8745	0.507881	35	8.37
CBDDTY010002835.1	1	17000	17	3680	21.6471	0.259059	33.9	22.2
CBDDTY010002836.1	1	17000	470	13559	79.7588	7.77929	32.9	37.2
CBDDTY010002837.1	1	17000	8	2126	12.5059	0.171353	35.3	17.5
CBDDTY010002838.1	1	17000	19	3905	22.9706	0.302765	33.8	9.79
CBDDTY010002839.1	1	17000	54	7275	42.7941	0.838353	33.7	16.9
CBDDTY010002841.1	1	17000	29	4342	25.5412	0.376824	32.5	6.69
CBDDTY010002842.1	1	17000	53	8468	49.8118	0.950941	31.7	24.8
CBDDTY010002843.1	1	17000	43	5936	34.9176	0.633118	30.6	12.5
CBDDTY010002844.1	1	17000	40	4186	24.6235	0.679941	32.7	19.7
CBDDTY010002845.1	1	17000	13	2422	14.2471	0.196412	32.6	26.6
CBDDTY010002846.1	1	17000	7	875	5.14706	0.0514706	29.2	5.86
CBDDTY010002847.1	1	17000	8	1364	8.02353	0.0879412	34.3	6.12
CBDDTY010002848.1	1	17000	43	7807	45.9235	0.692588	31.7	37.5
CBDDTY010002849.1	1	17000	32	4479	26.3471	0.436941	34	18.4
CBDDTY010002850.1	1	17000	41	6479	38.1118	0.638412	33.6	8.95
CBDDTY010002851.1	1	16800	15	3157	18.7917	0.21881	31.2	3.13
CBDDTY010002852.1	1	17000	49	7892	46.4235	0.749294	32.7	35.2
CBDDTY010002853.1	1	17000	33	5716	33.6235	0.461941	33.2	43.3
CBDDTY010002854.1	1	17000	162	7508	44.1647	2.69953	32	8.35
CBDDTY010002855.1	1	17000	43	5446	32.0353	0.584529	33	24.3
CBDDTY010002856.1	1	17000	4	1306	7.68235	0.0768235	32.3	0.25
CBDDTY010002857.1	1	17000	56	7150	42.0588	0.917	34.4	23.7
CBDDTY010002858.1	1	17000	14	257	1.51176	0.120824	32.9	8.29
CBDDTY010002859.1	1	17000	17	2579	15.1706	0.256941	35.1	37.9
CBDDTY010002860.1	1	17000	43	6093	35.8412	0.810941	32.5	13.2
CBDDTY010002861.1	1	17000	22	3586	21.0941	0.292647	33	42.3
CBDDTY010002862.1	1	17000	26	2885	16.9706	0.332882	35.3	9.5
CBDDTY010002863.1	1	17000	8	1112	6.54118	0.085	31	1.88
CBDDTY010002864.1	1	17000	10	1898	11.1647	0.131765	35.1	9.6
CBDDTY010002865.1	1	16991	52	7476	43.9998	0.764405	32.8	32.2
CBDDTY010002866.1	1	16987	32	5648	33.249	0.475834	33.7	33.4
CBDDTY010002867.1	1	16968	45	6667	39.2916	0.639026	34.8	35.9
CBDDTY010002868.1	1	16958	23	6089	35.9064	0.483607	32.1	31
CBDDTY010002869.1	1	16948	49	8762	51.6993	0.71088	33.1	46.6
CBDDTY010002870.1	1	16942	94	9147	53.9901	1.55312	33.4	21.9
CBDDTY010002871.1	1	16938	12	1430	8.44256	0.137442	34	15.8
CBDDTY010002872.1	1	16904	28	4855	28.721	0.423332	30.9	38.9
CBDDTY010002873.1	1	16897	43	5406	31.9938	0.692016	33.6	14
CBDDTY010002874.1	1	16883	40	5442	32.2336	0.611266	32.8	10.2
CBDDTY010002875.1	1	16866	35	7180	42.5709	0.56101	32.5	54.1
CBDDTY010002876.1	1	16862	32	5328	31.5977	0.485885	33.7	20.6
CBDDTY010002877.1	1	16850	12	1647	9.77448	0.118457	36.2	7.67
CBDDTY010002878.1	1	16849	66	7967	47.2847	0.995727	32.8	16.6
CBDDTY010002879.1	1	16832	31	4778	28.3864	0.496851	33.2	26.4
CBDDTY010002880.1	1	16821	6	1255	7.46091	0.0746091	32.7	2.67
CBDDTY010002881.1	1	16812	37	5764	34.285	0.51035	32.5	31.2
CBDDTY010002882.1	1	16795	45	7053	41.9946	0.669187	31.5	39.3
CBDDTY010002883.1	1	16786	55	7953	47.3788	0.838973	33.2	30.3
CBDDTY010002884.1	1	16782	47	8511	50.7151	0.705101	33.8	41.1
CBDDTY010002885.1	1	16764	57	6685	39.8771	0.832379	32.3	41
CBDDTY010002886.1	1	16760	16	3047	18.1802	0.260263	33.8	16.1
CBDDTY010002887.1	1	16730	39	7012	41.9127	0.648057	32.7	42.5
CBDDTY010002888.1	1	16724	72	9247	55.2918	1.08258	31.3	32
CBDDTY010002889.1	1	16707	38	6960	41.6592	0.592925	33.9	49.5
CBDDTY010002890.1	1	16705	29	4606	27.5726	0.515355	32.8	10
CBDDTY010002891.1	1	16699	42	6246	37.4034	0.660998	35.2	21.5
CBDDTY010002892.1	1	16683	38	5660	33.9268	0.53018	32.8	17.2
CBDDTY010002893.1	1	16666	44	9237	55.4242	0.715049	33.6	49.5
CBDDTY010002894.1	1	16658	53	8577	51.4888	0.82735	34.5	38.1
CBDDTY010002895.1	1	16650	36	4644	27.8919	0.493273	33.6	15.9
CBDDTY010002896.1	1	16650	39	5870	35.2553	0.51009	32.6	36
CBDDTY010002897.1	1	16647	38	3690	22.1662	0.480988	32.7	11.4
CBDDTY010002898.1	1	16635	39	6358	38.2206	0.554554	33.6	37.7
CBDDTY010002899.1	1	16623	10	1480	8.90333	0.106419	32.8	13
CBDDTY010002900.1	1	16608	33	5867	35.3263	0.601337	32.8	19.5
CBDDTY010002901.1	1	16601	50	8506	51.2379	0.816939	32.1	39.8
CBDDTY010002902.1	1	16595	12	2982	17.9693	0.217716	32.3	7.5
CBDDTY010002903.1	1	16587	78	11888	71.6706	1.19787	32.1	39.9
CBDDTY010002904.1	1	16574	28	5728	34.5602	0.392362	32.2	39.5
CBDDTY010002905.1	1	16545	29	5745	34.7235	0.54113	34.3	49.5
CBDDTY010002906.1	1	16542	49	5868	35.4733	0.655241	32.9	12.9
CBDDTY010002907.1	1	16538	35	5020	30.3543	0.477083	33.9	6.23
CBDDTY010002908.1	1	16532	32	5871	35.5129	0.481611	31.7	36.3
CBDDTY010002909.1	1	16522	48	4535	27.4483	0.718012	33.1	26.9
CBDDTY010002910.1	1	16519	82	8383	50.7476	1.37557	32.8	17
CBDDTY010002911.1	1	16513	168	11828	71.6284	2.67335	33.8	30.4
CBDDTY010002912.1	1	16506	16	3985	24.1427	0.317703	33.6	40.1
CBDDTY010002913.1	1	16469	42	5994	36.3957	0.579513	33.1	30.8
CBDDTY010002914.1	1	16468	45	4352	26.427	0.627399	33.5	1.07
CBDDTY010002915.1	1	16459	27	4770	28.9811	0.401361	31.8	13.3
CBDDTY010002916.1	1	16453	33	3483	21.1694	0.453656	31	3.27
CBDDTY010002917.1	1	16451	44	7265	44.1614	0.741718	33.2	32.6
CBDDTY010002918.1	1	16435	31	4513	27.4597	0.621174	33.5	18.6
CBDDTY010002919.1	1	16414	48	8916	54.3195	0.799561	33.5	50
CBDDTY010002920.1	1	16408	67	7837	47.7633	1.09209	32.9	7.34
CBDDTY010002921.1	1	16407	55	5970	36.3869	0.810447	33.2	8.31
CBDDTY010002922.1	1	16395	40	7430	45.3187	0.674596	32.4	48.6
CBDDTY010002923.1	1	16391	34	6485	39.5644	0.578732	32.5	36.9
CBDDTY010002924.1	1	16384	21	3520	21.4844	0.313354	34.2	18.5
CBDDTY010002925.1	1	16383	23	3396	20.7288	0.369163	31.8	15.3
CBDDTY010002926.1	1	16380	38	5926	36.1783	0.532479	33.6	36.2
CBDDTY010002927.1	1	16377	33	5922	36.1605	0.481651	33	43
CBDDTY010002928.1	1	16360	19	3889	23.7714	0.350122	33.6	31.2
CBDDTY010002929.1	1	16359	28	4466	27.3	0.348249	33.6	27.6
CBDDTY010002930.1	1	16358	85	11640	71.1578	1.5162	33.9	40.8
CBDDTY010002931.1	1	16353	33	5524	33.7797	0.451171	33.8	47.8
CBDDTY010002932.1	1	16353	79	8968	54.8401	1.47612	32.5	25.2
CBDDTY010002933.1	1	16342	22	3422	20.9399	0.301187	33.8	35.3
CBDDTY010002934.1	1	16341	33	6428	39.3366	0.526773	32.9	43
CBDDTY010002935.1	1	16339	52	8416	51.5087	0.796254	32.9	36.2
CBDDTY010002936.1	1	16329	33	5284	32.3596	0.610693	34.3	24.4
CBDDTY010002937.1	1	16318	42	8955	54.878	0.87333	33.2	44
CBDDTY010002938.1	1	16315	79	8676	53.1781	1.31382	33.3	49
CBDDTY010002939.1	1	16304	26	4649	28.5145	0.485402	33.9	14
CBDDTY010002940.1	1	16296	44	6829	41.906	0.678571	31.8	10.2
CBDDTY010002941.1	1	16282	10	2290	14.0646	0.169267	32.5	25.8
CBDDTY010002942.1	1	16279	30	5698	35.0022	0.464463	33.6	46.3
CBDDTY010002943.1	1	16248	20	3111	19.147	0.355121	31.9	35.1
CBDDTY010002944.1	1	16245	41	6333	38.9843	0.650908	32.4	4.27
CBDDTY010002945.1	1	16243	26	4220	25.9804	0.48544	32	11.1
CBDDTY010002946.1	1	16243	59	5650	34.7842	0.859324	32.9	13.2
CBDDTY010002947.1	1	16230	95	8273	50.9735	1.49341	32.1	12.8
CBDDTY010002948.1	1	16221	31	5368	33.0929	0.430553	34.7	46.5
CBDDTY010002949.1	1	16201	29	5194	32.0597	0.508919	33.4	35.1
CBDDTY010002950.1	1	16199	33	6251	38.5888	0.542935	32.1	31.4
CBDDTY010002951.1	1	16177	58	9433	58.3112	0.978179	31.8	40.2
CBDDTY010002952.1	1	16176	24	4535	28.0354	0.383778	33.3	14.4
CBDDTY010002953.1	1	16160	48	10006	61.9183	0.90922	31.4	34.4
CBDDTY010002954.1	1	16148	18	4191	25.9537	0.353976	32.6	16.7
CBDDTY010002955.1	1	16119	20	3628	22.5076	0.312861	32.8	35.2
CBDDTY010002956.1	1	16086	51	7918	49.2229	0.881077	33.8	34.7
CBDDTY010002957.1	1	16084	33	7513	46.711	0.590773	33.7	44.5
CBDDTY010002958.1	1	16078	40	5877	36.5531	0.494775	33.2	23.6
CBDDTY010002959.1	1	16074	41	6736	41.9062	0.646634	32.8	18.7
CBDDTY010002960.1	1	16069	30	3818	23.76	0.421806	34.2	11.8
CBDDTY010002961.1	1	16061	50	8007	49.8537	0.87672	33.1	32.5
CBDDTY010002962.1	1	16057	27	5472	34.0786	0.50246	33.1	22.8
CBDDTY010002963.1	1	16046	27	4906	30.5746	0.448772	33	29.3
CBDDTY010002964.1	1	16040	78	8106	50.5362	1.34825	32.8	18.9
CBDDTY010002965.1	1	16012	15	2629	16.4189	0.24644	31	18.1
CBDDTY010002966.1	1	16011	23	4671	29.1737	0.331522	32.7	19.6
CBDDTY010002967.1	1	16000	14	2712	16.95	0.203937	34.4	48.9
CBDDTY010002968.1	1	16000	16	2985	18.6562	0.239937	32.3	13.4
CBDDTY010002969.1	1	16000	1	603	3.76875	0.0376875	27.4	0
CBDDTY010002970.1	1	16000	27	5546	34.6625	0.495875	30.3	29.1
CBDDTY010002971.1	1	16000	29	4064	25.4	0.521062	33.2	48.1
CBDDTY010002972.1	1	16000	35	3322	20.7625	0.555688	34.7	27.8
CBDDTY010002973.1	1	16000	33	5156	32.225	0.466438	33.9	26.7
CBDDTY010002974.1	1	16000	37	5114	31.9625	0.542438	32.7	29.6
CBDDTY010002975.1	1	16000	9	1160	7.25	0.108813	35.9	15.1
CBDDTY010002976.1	1	16000	58	8500	53.125	0.98825	33	43.1
CBDDTY010002977.1	1	16000	16	2203	13.7688	0.268125	33.5	11.1
CBDDTY010002978.1	1	16000	6	871	5.44375	0.063875	32	11
CBDDTY010002979.1	1	16000	57	6453	40.3312	0.87425	32.7	11.9
CBDDTY010002980.1	1	16000	26	3877	24.2312	0.367188	33.3	1.96
CBDDTY010002981.1	1	16000	8	1609	10.0563	0.112687	30.5	35.1
CBDDTY010002982.1	1	16000	24	3998	24.9875	0.347938	32.3	23
CBDDTY010002983.1	1	16000	10	1765	11.0312	0.140875	34.4	0.4
CBDDTY010002984.1	1	16000	32	5420	33.875	0.513437	33.3	34.3
CBDDTY010002985.1	1	16000	41	7733	48.3312	0.769188	34.1	46.8
CBDDTY010002986.1	1	16000	29	3666	22.9125	0.528687	32.9	6.45
CBDDTY010002987.1	1	16000	49	8247	51.5438	0.988938	33.3	37.1
CBDDTY010002988.1	1	16000	43	6688	41.8	0.732812	31.8	31.5
CBDDTY010002989.1	1	16000	32	3333	20.8313	0.36925	31.8	17.6
CBDDTY010002990.1	1	16000	27	5031	31.4438	0.4345	33.2	27.4
CBDDTY010002991.1	1	16000	21	4330	27.0625	0.364563	33.9	29.9
CBDDTY010002992.1	1	16000	23	4122	25.7625	0.374875	31.5	26.3
CBDDTY010002993.1	1	15997	58	5127	32.0498	0.870663	34	16.4
CBDDTY010002994.1	1	15974	61	8193	51.2896	1.10398	33.2	41.9
CBDDTY010002995.1	1	15969	17	3639	22.7879	0.295447	32.3	42.6
CBDDTY010002996.1	1	15967	41	5835	36.5441	0.658295	32	31.9
CBDDTY010002997.1	1	15962	31	5035	31.5437	0.424007	33.8	21.3
CBDDTY010002998.1	1	15957	66	8826	55.3111	1.2476	32.7	16.1
CBDDTY010002999.1	1	15952	19	4456	27.9338	0.350928	32.3	28.1
CBDDTY010003000.1	1	15948	40	7266	45.5606	0.668861	31.6	50.3
CBDDTY010003001.1	1	15947	37	5632	35.317	0.546874	32.9	39.5
CBDDTY010003002.1	1	15902	58	8401	52.8298	0.901585	33.3	33.8
CBDDTY010003003.1	1	15897	51	2929	18.4249	0.787193	33.1	14.8
CBDDTY010003004.1	1	15886	40	8656	54.4882	0.6947	34	43.1
CBDDTY010003005.1	1	15878	19	3923	24.7071	0.293173	32.6	38.6
CBDDTY010003006.1	1	15875	57	5711	35.9748	0.977134	34.1	20.5
CBDDTY010003007.1	1	15867	3	419	2.6407	0.026407	36.2	3
CBDDTY010003008.1	1	15849	19	4417	27.8693	0.387217	33.1	5.16
CBDDTY010003009.1	1	15847	28	4102	25.885	0.472645	33.2	18
CBDDTY010003010.1	1	15834	22	3455	21.8201	0.252747	33.2	1.95
CBDDTY010003011.1	1	15826	31	5051	31.9158	0.424681	32.5	48.3
CBDDTY010003012.1	1	15825	28	5605	35.4186	0.44158	33.2	29.4
CBDDTY010003013.1	1	15823	42	7322	46.2744	0.744359	33.7	44.5
CBDDTY010003014.1	1	15795	42	7732	48.9522	0.683824	32.9	29
CBDDTY010003015.1	1	15786	58	7164	45.382	0.988724	32.3	14.7
CBDDTY010003016.1	1	15734	28	4474	28.4352	0.403203	31.4	27.4
CBDDTY010003017.1	1	15720	43	5851	37.2201	0.682506	32.7	7.86
CBDDTY010003018.1	1	15717	38	3948	25.1193	0.566584	32.7	15.6
CBDDTY010003019.1	1	15715	13	2445	15.5584	0.181992	35.2	27
CBDDTY010003020.1	1	15703	51	7635	48.6213	0.844552	33.1	27.9
CBDDTY010003021.1	1	15694	54	6592	42.0033	0.857334	31.9	20.9
CBDDTY010003022.1	1	15682	33	5923	37.7694	0.535327	33.2	50.6
CBDDTY010003023.1	1	15681	64	9302	59.3202	1.13653	33.1	33.2
CBDDTY010003024.1	1	15664	44	4722	30.1456	0.745531	33.1	14.5
CBDDTY010003025.1	1	15644	28	4747	30.3439	0.433201	33	32.7
CBDDTY010003026.1	1	15642	33	6899	44.1056	0.615458	33.4	30.6
CBDDTY010003027.1	1	15634	46	7278	46.5524	0.759179	33.4	26.4
CBDDTY010003028.1	1	15631	30	2826	18.0795	0.484038	34.7	11.8
CBDDTY010003029.1	1	15601	39	6701	42.9524	0.706942	33.4	5.79
CBDDTY010003030.1	1	15597	36	6708	43.0083	0.57806	32.7	47.9
CBDDTY010003031.1	1	15594	34	6178	39.6178	0.560921	34.1	26.6
CBDDTY010003032.1	1	15574	34	6563	42.1407	0.564081	32.8	37.2
CBDDTY010003033.1	1	15555	61	8396	53.9762	1.00225	32.8	30.9
CBDDTY010003034.1	1	15554	52	8506	54.6869	0.88781	32.7	35.3
CBDDTY010003035.1	1	15553	28	3449	22.1758	0.413489	33.9	3.18
CBDDTY010003036.1	1	15532	30	6056	38.9905	0.479784	33.8	34.9
CBDDTY010003037.1	1	15530	56	9526	61.3393	0.973921	32.7	41.9
CBDDTY010003039.1	1	15523	82	9346	60.2074	1.42034	33.4	23.9
CBDDTY010003040.1	1	15522	38	7858	50.6249	0.663252	32.6	27.9
CBDDTY010003041.1	1	15520	41	7091	45.6894	0.647165	32.7	30
CBDDTY010003042.1	1	15507	3	388	2.5021	0.0460437	36.1	2
CBDDTY010003043.1	1	15507	31	6648	42.871	0.501322	32.7	30.2
CBDDTY010003044.1	1	15503	39	5071	32.7098	0.619751	33.7	31.3
CBDDTY010003045.1	1	15494	38	4880	31.4961	0.672777	34.1	15.5
CBDDTY010003046.1	1	15493	15	2359	15.2262	0.202349	32.5	2.6
CBDDTY010003047.1	1	15488	49	5462	35.266	0.913546	32.9	20.4
CBDDTY010003048.1	1	15450	37	8878	57.4628	0.806926	32.5	48
CBDDTY010003049.1	1	15445	18	2689	17.4102	0.320751	33.7	10.4
CBDDTY010003050.1	1	15445	3	387	2.50567	0.0250567	32.5	4
CBDDTY010003051.1	1	15444	20	2336	15.1256	0.272015	33	9.3
CBDDTY010003052.1	1	15438	50	7266	47.0657	0.835277	33.5	26.4
CBDDTY010003053.1	1	15412	42	5957	38.6517	0.712172	33.5	22.1
CBDDTY010003054.1	1	15411	11	1634	10.6028	0.217247	32.4	16.6
CBDDTY010003055.1	1	15409	21	3926	25.4786	0.344863	33.8	35.6
CBDDTY010003056.1	1	15407	15	1837	11.9232	0.252742	31.2	17
CBDDTY010003057.1	1	15404	66	9494	61.6333	1.01909	34.2	28.2
CBDDTY010003058.1	1	15401	42	6247	40.5623	0.673852	32.9	33.5
CBDDTY010003059.1	1	15388	52	6099	39.6348	0.865999	31.8	1.92
CBDDTY010003060.1	1	15365	25	4414	28.7276	0.442304	32.5	20.1
CBDDTY010003061.1	1	15359	39	5797	37.7433	0.606615	32.4	22.5
CBDDTY010003063.1	1	15353	14	3194	20.8038	0.307562	34.3	14.6
CBDDTY010003064.1	1	15347	88	8471	55.1965	1.50544	33.8	23.1
CBDDTY010003065.1	1	15343	28	5021	32.725	0.450694	33.2	51.1
CBDDTY010003066.1	1	15343	45	8226	53.614	0.831715	33.4	48.1
CBDDTY010003067.1	1	15337	37	6701	43.6917	0.66734	33.8	43.3
CBDDTY010003068.1	1	15331	35	4416	28.8044	0.530037	32.3	14.9
CBDDTY010003069.1	1	15324	33	4519	29.4897	0.55586	33.8	18.9
CBDDTY010003070.1	1	15324	29	5198	33.9206	0.470112	33.6	36.4
CBDDTY010003071.1	1	15312	44	6743	44.0374	0.6907	32.8	26
CBDDTY010003072.1	1	15306	30	5735	37.469	0.470796	31.4	42.7
CBDDTY010003073.1	1	15290	48	6922	45.2714	0.706017	33.5	25
CBDDTY010003074.1	1	15284	14	2640	17.273	0.214996	31.9	20.9
CBDDTY010003075.1	1	15250	33	7116	46.6623	0.699672	34.6	49.5
CBDDTY010003076.1	1	15235	34	4560	29.9311	0.445816	33.1	24.2
CBDDTY010003077.1	1	15231	33	6715	44.0877	0.636859	33.5	44
CBDDTY010003078.1	1	15225	7	1603	10.5287	0.133136	26.7	0.714
CBDDTY010003079.1	1	15223	114	10543	69.257	1.86297	33	27.7
CBDDTY010003080.1	1	15212	36	5532	36.366	0.489022	32.8	36.3
CBDDTY010003081.1	1	15211	22	5207	34.2318	0.400368	32.7	34.8
CBDDTY010003082.1	1	15208	14	2849	18.7336	0.259995	35.1	33.7
CBDDTY010003083.1	1	15207	25	3757	24.7057	0.406195	32.1	21.9
CBDDTY010003084.1	1	15206	77	9706	63.8301	1.37005	32.6	26.6
CBDDTY010003085.1	1	15206	34	6299	41.4244	0.604498	34.5	31.7
CBDDTY010003086.1	1	15194	52	8718	57.3779	0.956101	33.7	44.6
CBDDTY010003087.1	1	15181	44	7448	49.0613	0.801792	33.7	42.1
CBDDTY010003088.1	1	15137	55	8024	53.0092	0.939882	32.2	26.3
CBDDTY010003089.1	1	15136	43	6897	45.5669	0.692323	34	26.8
CBDDTY010003090.1	1	15132	43	7013	46.3455	0.678496	34.4	44.2
CBDDTY010003091.1	1	15116	27	2811	18.5962	0.378804	32.4	8.3
CBDDTY010003092.1	1	15062	73	9961	66.1333	1.18889	33.6	28.9
CBDDTY010003093.1	1	15041	39	4681	31.1216	0.620371	32.8	1.21
CBDDTY010003094.1	1	15039	24	5405	35.9399	0.447836	33.2	46.2
CBDDTY010003095.1	1	15037	35	6856	45.5942	0.677396	33.8	40.1
CBDDTY010003096.1	1	15022	24	4083	27.1801	0.37758	33	20.1
CBDDTY010003097.1	1	15016	79	6681	44.4925	1.45332	32.9	2.71
CBDDTY010003098.1	1	15014	27	3679	24.5038	0.487345	32.3	12.7
CBDDTY010003099.1	1	15000	22	4155	27.7	0.377733	31.6	25.3
CBDDTY010003100.1	1	15000	56	6423	42.82	0.949267	34.3	3.57
CBDDTY010003101.1	1	15000	26	5217	34.78	0.448267	33.4	29.3
CBDDTY010003102.1	1	15000	5	845	5.63333	0.191467	34.4	6.6
CBDDTY010003103.1	1	15000	76	7367	49.1133	2.5246	33.1	3.62
CBDDTY010003104.1	1	15000	13	1718	11.4533	0.212933	32.7	9.46
CBDDTY010003105.1	1	15000	51	6568	43.7867	0.916667	33.4	5.94
CBDDTY010003106.1	1	15000	44	6961	46.4067	0.779	34.2	17.5
CBDDTY010003107.1	1	15000	44	6516	43.44	0.779	33.5	42.1
CBDDTY010003108.1	1	14800	26	3210	21.6892	0.436486	32.2	10.5
CBDDTY010003109.1	1	15000	28	4044	26.96	0.431867	31.2	9.32
CBDDTY010003110.1	1	15000	22	4607	30.7133	0.523933	34.3	26.7
CBDDTY010003111.1	1	15000	21	4112	27.4133	0.3736	34.6	12.5
CBDDTY010003112.1	1	15000	41	6219	41.46	0.628067	33.5	37.3
CBDDTY010003113.1	1	15000	27	4912	32.7467	0.4446	33.2	22.4
CBDDTY010003114.1	1	15000	5	865	5.76667	0.1322	30.9	2.4
CBDDTY010003115.1	1	15000	26	3894	25.96	0.402133	33.1	4.23
CBDDTY010003116.1	1	15000	43	7141	47.6067	0.8288	33	39.6
CBDDTY010003117.1	1	15000	2	580	3.86667	0.0467333	30.9	33.5
CBDDTY010003118.1	1	15000	43	8114	54.0933	0.819333	33.3	44.3
CBDDTY010003119.1	1	15000	78	8383	55.8867	1.61287	32.7	23.2
CBDDTY010003120.1	1	15000	41	8397	55.98	0.7596	33.1	42.4
CBDDTY010003121.1	1	15000	60	4989	33.26	0.734933	33.3	12.3
CBDDTY010003122.1	1	14987	46	7532	50.2569	0.909121	32.3	53.6
CBDDTY010003123.1	1	14980	17	2666	17.7971	0.198531	33.5	9.41
CBDDTY010003124.1	1	14957	41	5870	39.2458	0.765662	32.7	24.7
CBDDTY010003125.1	1	14953	27	5186	34.682	0.405671	33.8	39.2
CBDDTY010003126.1	1	14940	81	5931	39.6988	1.33922	33.2	33
CBDDTY010003127.1	1	14912	42	5817	39.0089	0.744434	33.6	13.5
CBDDTY010003128.1	1	14898	34	3827	25.688	0.535709	32.8	3.12
CBDDTY010003129.1	1	14895	27	6383	42.8533	0.581605	32.4	17.7
CBDDTY010003130.1	1	14890	36	5828	39.1404	0.71041	33.2	37.1
CBDDTY010003131.1	1	14887	216	13090	87.9291	3.81494	32.8	35.8
CBDDTY010003132.1	1	14882	33	6290	42.2658	0.635802	32.6	50.5
CBDDTY010003133.1	1	14871	16	2718	18.2772	0.238047	32.6	14.2
CBDDTY010003134.1	1	14870	63	7037	47.3235	1.03248	33.3	30.7
CBDDTY010003135.1	1	14853	62	10419	70.1474	1.21087	32.7	52.8
CBDDTY010003136.1	1	14844	17	2410	16.2355	0.230598	33.8	11.7
CBDDTY010003137.1	1	14837	41	6980	47.0446	0.730471	31.5	39.2
CBDDTY010003138.1	1	14833	45	7303	49.2348	0.710578	33.1	40.7
CBDDTY010003139.1	1	14830	43	6488	43.7492	0.857114	33.7	23.9
CBDDTY010003140.1	1	14798	32	5003	33.8086	0.580484	33	33.6
CBDDTY010003141.1	1	14795	20	3911	26.4346	0.315242	34.1	47
CBDDTY010003142.1	1	14794	22	4813	32.5335	0.421725	32.9	17.9
CBDDTY010003143.1	1	14780	51	6218	42.0704	0.916915	33.3	22
CBDDTY010003144.1	1	14777	100	3947	26.7104	1.88049	33.1	7.06
CBDDTY010003145.1	1	14776	16	3479	23.5449	0.278086	34.1	23.6
CBDDTY010003146.1	1	14758	13	2326	15.7609	0.172517	31.9	8.85
CBDDTY010003147.1	1	14753	24	4275	28.9772	0.344472	31.4	30.8
CBDDTY010003148.1	1	14744	48	8344	56.5925	0.997219	34.5	30.5
CBDDTY010003149.1	1	14715	40	6572	44.6619	0.743663	33.4	45
CBDDTY010003150.1	1	14705	102	8356	56.8242	1.77803	33.8	8.35
CBDDTY010003151.1	1	14695	26	5293	36.0191	0.382103	34	37.6
CBDDTY010003152.1	1	14691	19	2753	18.7394	0.29222	35.6	32.9
CBDDTY010003153.1	1	14690	39	7550	51.3955	0.804152	33.1	39.5
CBDDTY010003154.1	1	14668	18	3014	20.5481	0.318585	35.5	27.9
CBDDTY010003155.1	1	14656	23	4404	30.0491	0.422284	33.9	39.3
CBDDTY010003156.1	1	14647	54	7662	52.3111	0.918413	33.4	41.9
CBDDTY010003157.1	1	14637	27	4820	32.9302	0.497096	31.4	38.7
CBDDTY010003158.1	1	14622	27	5913	40.4391	0.527835	33.2	55.7
CBDDTY010003159.1	1	14620	7	966	6.60739	0.0852257	29.7	3.71
CBDDTY010003160.1	1	14620	55	5067	34.658	1.15739	33.3	12.5
CBDDTY010003161.1	1	14619	5	1130	7.72967	0.0857104	32	0.2
CBDDTY010003162.1	1	14614	56	7438	50.8964	0.865608	31.3	35.3
CBDDTY010003163.1	1	14600	36	5899	40.4041	0.574658	33.9	45.9
CBDDTY010003164.1	1	14594	34	5572	38.1801	0.658695	33.2	25
CBDDTY010003165.1	1	14591	23	4069	27.8871	0.387773	33.5	43.1
CBDDTY010003166.1	1	14587	22	5373	36.8342	0.527319	33.7	44.5
CBDDTY010003167.1	1	14585	49	7247	49.688	0.86685	32.8	43.6
CBDDTY010003168.1	1	14585	68	8895	60.9873	1.21159	33.5	31.9
CBDDTY010003169.1	1	14578	4	588	4.03348	0.0476746	27.6	2.75
CBDDTY010003170.1	1	14578	30	3934	26.9859	0.443682	33	7.9
CBDDTY010003171.1	1	14571	21	3065	21.0349	0.379109	33.9	3.38
CBDDTY010003172.1	1	14562	30	6072	41.6976	0.528636	32.8	42.5
CBDDTY010003173.1	1	14557	34	5102	35.0484	0.572233	30.7	23.3
CBDDTY010003174.1	1	14550	21	3939	27.0722	0.401924	34	21.4
CBDDTY010003175.1	1	14548	24	2550	17.5282	0.34747	31.9	10.5
CBDDTY010003176.1	1	14541	53	7503	51.5989	1.0674	32.2	2.75
CBDDTY010003177.1	1	14528	107	7126	49.0501	1.88966	32.6	17.7
CBDDTY010003178.1	1	14506	33	4749	32.7382	0.560802	32.8	25.6
CBDDTY010003179.1	1	14470	21	3447	23.8217	0.288113	33	6.43
CBDDTY010003180.1	1	14455	45	7352	50.8613	0.740713	32	34.5
CBDDTY010003181.1	1	14452	23	4472	30.9438	0.459106	33.7	1.04
CBDDTY010003182.1	1	14450	39	6186	42.8097	0.60782	33.3	27.7
CBDDTY010003183.1	1	14450	16	1920	13.2872	0.262837	33.3	6.25
CBDDTY010003184.1	1	14437	31	6516	45.134	0.581769	32.2	48.3
CBDDTY010003185.1	1	14415	35	6463	44.8352	0.696982	34.4	54.3
CBDDTY010003186.1	1	14370	40	7921	55.1218	0.730689	31.9	23.6
CBDDTY010003187.1	1	14351	9	918	6.39677	0.09191	30.9	4
CBDDTY010003188.1	1	14350	7	1208	8.41812	0.0841812	34.4	10
CBDDTY010003189.1	1	14346	19	3170	22.0968	0.279381	32.8	3.74
CBDDTY010003190.1	1	14343	19	3305	23.0426	0.280764	31.7	29.4
CBDDTY010003191.1	1	14302	31	2975	20.8013	0.470004	33.2	25.9
CBDDTY010003192.1	1	14287	49	6721	47.0428	0.877651	32.6	33.6
CBDDTY010003193.1	1	14272	23	3145	22.0362	0.338004	33	16
CBDDTY010003194.1	1	14271	8	1732	12.1365	0.12613	33.4	5.88
CBDDTY010003195.1	1	14266	9	1432	10.0379	0.132763	34.6	0.778
CBDDTY010003196.1	1	14261	40	6554	45.9575	0.617699	32.9	42.7
CBDDTY010003197.1	1	14242	51	5406	37.9582	1.04087	32.9	12.7
CBDDTY010003198.1	1	14230	24	2485	17.4631	0.321012	32.8	3.5
CBDDTY010003199.1	1	14221	4	647	4.54961	0.0454961	27.9	2.5
CBDDTY010003200.1	1	14164	17	3128	22.0842	0.277888	34	41.1
CBDDTY010003201.1	1	14142	36	3630	25.6682	0.586621	33.4	1.81
CBDDTY010003202.1	1	14129	19	2745	19.4281	0.322599	34	27.4
CBDDTY010003203.1	1	14119	34	6601	46.7526	0.647	32.8	49
CBDDTY010003204.1	1	14115	28	3365	23.8399	0.453843	31.7	6.32
CBDDTY010003205.1	1	14072	17	3047	21.6529	0.28546	32.6	7.65
CBDDTY010003206.1	1	14036	21	4461	31.7826	0.457609	32.7	52.4
CBDDTY010003207.1	1	14035	33	6243	44.4817	0.676309	32.9	47.2
CBDDTY010003208.1	1	14030	46	6140	43.7634	0.649964	33	24.9
CBDDTY010003209.1	1	14024	16	2506	17.8694	0.312322	32.2	34.2
CBDDTY010003210.1	1	14000	25	3138	22.4143	0.414357	28.8	8.6
CBDDTY010003211.1	1	14000	50	6176	44.1143	0.755143	32.4	5.52
CBDDTY010003212.1	1	14000	37	6808	48.6286	0.784071	32.6	16
CBDDTY010003213.1	1	14000	40	7438	53.1286	0.779429	33.2	32
CBDDTY010003214.1	1	14000	126	8728	62.3429	2.344	33.7	14.1
CBDDTY010003215.1	1	14000	7	1860	13.2857	0.149643	32.2	28.1
CBDDTY010003216.1	1	14000	15	2938	20.9857	0.246857	33.4	21.2
CBDDTY010003217.1	1	14000	27	2164	15.4571	0.504714	34.5	0.296
CBDDTY010003218.1	1	14000	31	4965	35.4643	0.612643	33	5.13
CBDDTY010003219.1	1	14000	17	3132	22.3714	0.271214	31.1	21.9
CBDDTY010003220.1	1	14000	51	5130	36.6429	0.895929	33	3.08
CBDDTY010003221.1	1	14000	35	5063	36.1643	0.599429	32.4	13.4
CBDDTY010003222.1	1	14000	80	6325	45.1786	1.46936	33.2	38.1
CBDDTY010003223.1	1	14000	20	4440	31.7143	0.391286	33.8	27.4
CBDDTY010003224.1	1	14000	1	188	1.34286	0.0134286	32.6	1
CBDDTY010003225.1	1	14000	8	1709	12.2071	0.129071	31.4	3.5
CBDDTY010003226.1	1	14000	47	7296	52.1143	0.746857	33.4	27.5
CBDDTY010003227.1	1	14000	96	8636	61.6857	1.64579	33	17.3
CBDDTY010003228.1	1	14000	33	2256	16.1143	0.528786	34.8	7.52
CBDDTY010003229.1	1	14000	32	5167	36.9071	0.559357	32.4	27.9
CBDDTY010003230.1	1	14000	23	3733	26.6643	0.540786	33.4	20.6
CBDDTY010003231.1	1	14000	63	8827	63.05	1.11957	33.3	33.4
CBDDTY010003232.1	1	14000	22	3129	22.35	0.464857	31.7	36.5
CBDDTY010003233.1	1	14000	6	1200	8.57143	0.128357	34.7	42.3
CBDDTY010003234.1	1	13998	33	5623	40.17	0.619303	33.3	29.4
CBDDTY010003235.1	1	13987	79	7949	56.8313	1.31644	33.5	26.9
CBDDTY010003236.1	1	13986	28	4910	35.1065	0.492564	32.9	37.6
CBDDTY010003237.1	1	13979	27	3778	27.0263	0.405394	34.1	22.1
CBDDTY010003238.1	1	13970	25	4919	35.2112	0.49413	32.1	40
CBDDTY010003239.1	1	13967	81	8345	59.748	1.43324	32.7	23.3
CBDDTY010003240.1	1	13962	42	5163	36.9789	0.766939	33.2	24.5
CBDDTY010003241.1	1	13931	23	3211	23.0493	0.394588	34.7	31.5
CBDDTY010003242.1	1	13930	24	3741	26.8557	0.413281	33.2	18.4
CBDDTY010003243.1	1	13924	38	2013	14.4571	0.6027	34	3.82
CBDDTY010003244.1	1	13913	35	5316	38.2089	0.77769	33.2	38.4
CBDDTY010003245.1	1	13897	25	5195	37.3822	0.495359	33	24.9
CBDDTY010003246.1	1	13896	37	7436	53.5118	0.808362	33.3	51.8
CBDDTY010003247.1	1	13861	129	9999	72.1377	2.51764	29.7	16.7
CBDDTY010003248.1	1	13842	15	2494	18.0176	0.289626	34.3	25.2
CBDDTY010003249.1	1	13836	22	4294	31.035	0.367375	32.1	39.4
CBDDTY010003250.1	1	13828	10	2333	16.8716	0.189326	32.5	0.5
CBDDTY010003251.1	1	13817	21	3120	22.5809	0.409568	31.3	32.8
CBDDTY010003252.1	1	13814	42	3777	27.3418	0.81526	32.5	8.88
CBDDTY010003253.1	1	13795	42	7807	56.593	0.96158	33.6	51
CBDDTY010003254.1	1	13791	58	8535	61.8882	1.07954	33.7	40.2
CBDDTY010003255.1	1	13781	15	2615	18.9754	0.22219	29.9	1.67
CBDDTY010003256.1	1	13755	20	3354	24.3839	0.41723	33.3	11
CBDDTY010003257.1	1	13741	18	2084	15.1663	0.267593	32.7	13.1
CBDDTY010003258.1	1	13738	11	1011	7.35915	0.12964	29.3	1.36
CBDDTY010003259.1	1	13738	75	7786	56.6749	1.37349	33.1	23.2
CBDDTY010003260.1	1	13703	48	6975	50.9013	1.01496	30.2	35.2
CBDDTY010003261.1	1	13683	34	2752	20.1125	0.541036	34.7	9.32
CBDDTY010003262.1	1	13672	21	2742	20.0556	0.359713	31.1	17.9
CBDDTY010003263.1	1	13665	37	4703	34.4164	0.639371	34.1	34.2
CBDDTY010003264.1	1	13641	57	7818	57.3125	1.01173	34.2	31.5
CBDDTY010003265.1	1	13631	36	6527	47.8835	0.70325	32.7	48
CBDDTY010003266.1	1	13622	39	5794	42.5341	0.856482	33.3	6.59
CBDDTY010003267.1	1	13600	19	3054	22.4559	0.335	30.7	15.1
CBDDTY010003268.1	1	13597	28	4798	35.2872	0.519379	34.9	45.3
CBDDTY010003269.1	1	13596	69	7670	56.4137	1.18086	33.7	34.7
CBDDTY010003270.1	1	13587	17	3243	23.8684	0.366821	33.1	13.8
CBDDTY010003271.1	1	13574	77	6453	47.5394	1.52041	33.3	24
CBDDTY010003272.1	1	13569	48	7379	54.3813	1.00162	32	43.7
CBDDTY010003273.1	1	13555	24	3645	26.8904	0.481594	32.7	16.2
CBDDTY010003274.1	1	13533	54	8361	61.7823	1.14394	33.8	34.8
CBDDTY010003275.1	1	13524	76	7680	56.7879	1.45408	32.9	14.6
CBDDTY010003276.1	1	13513	27	4423	32.7314	0.561163	31.1	16.9
CBDDTY010003277.1	1	13511	56	8520	63.0597	1.09481	33.8	34.3
CBDDTY010003278.1	1	13507	35	5661	41.9116	0.70208	31.2	12
CBDDTY010003279.1	1	13494	31	3219	23.855	0.519342	34.2	19.1
CBDDTY010003280.1	1	13492	33	6161	45.6641	0.719612	32.7	26.8
CBDDTY010003281.1	1	13479	11	1849	13.7176	0.156614	31.3	9.64
CBDDTY010003282.1	1	13457	24	3073	22.8357	0.400163	34.4	9.71
CBDDTY010003283.1	1	13448	27	3614	26.8739	0.465348	33.7	16.3
CBDDTY010003284.1	1	13439	13	1282	9.5394	0.154625	32	19.6
CBDDTY010003285.1	1	13418	29	3689	27.4929	0.484424	33.3	23.5
CBDDTY010003286.1	1	13417	22	3424	25.5199	0.312887	35.8	24
CBDDTY010003287.1	1	13416	38	5551	41.376	0.755069	33.4	26.1
CBDDTY010003288.1	1	13414	37	6345	47.3013	0.714776	33.8	33.1
CBDDTY010003289.1	1	13408	24	4164	31.0561	0.418705	34.2	39.4
CBDDTY010003290.1	1	13376	30	6227	46.5535	0.628289	33.1	50
CBDDTY010003291.1	1	13362	30	4202	31.4474	0.473806	33	28
CBDDTY010003292.1	1	13360	49	8181	61.235	1.20202	31.8	51.8
CBDDTY010003293.1	1	13360	18	3856	28.8623	0.369087	33.7	39.2
CBDDTY010003294.1	1	13357	16	4159	31.1372	0.372239	34.5	34.2
CBDDTY010003295.1	1	13354	61	9029	67.6127	1.1291	33.1	36.9
CBDDTY010003296.1	1	13320	17	4261	31.9895	0.378754	33.1	21.1
CBDDTY010003297.1	1	13310	39	6987	52.4944	0.811946	33	33.2
CBDDTY010003298.1	1	13304	23	3689	27.7285	0.456254	32.9	6.17
CBDDTY010003299.1	1	13302	325	6437	48.3912	6.66201	31	1.7
CBDDTY010003300.1	1	13293	12	2427	18.2577	0.206725	33.7	25.7
CBDDTY010003301.1	1	13273	101	10618	79.997	2.14247	32.7	30.1
CBDDTY010003302.1	1	13271	29	6473	48.7755	0.692412	33.3	39.2
CBDDTY010003303.1	1	13257	89	6571	49.5663	1.88037	32.7	12.7
CBDDTY010003304.1	1	13210	109	8730	66.0863	1.97373	32.1	21.3
CBDDTY010003305.1	1	13207	34	7094	53.7139	0.830469	33.9	23.3
CBDDTY010003306.1	1	13199	32	5497	41.6471	0.676339	33.7	41.8
CBDDTY010003307.1	1	13153	41	6295	47.8598	0.781039	34.2	32.9
CBDDTY010003308.1	1	13143	28	7381	56.1592	0.797002	35.1	54.6
CBDDTY010003309.1	1	13133	25	3724	28.356	0.361456	33	37.6
CBDDTY010003310.1	1	13100	17	3212	24.5191	0.338702	33.2	37.9
CBDDTY010003311.1	1	13099	24	2372	18.1083	0.377586	33.7	21.2
CBDDTY010003312.1	1	13057	62	6351	48.6406	1.30696	32.3	12.1
CBDDTY010003313.1	1	13038	96	7994	61.3131	2.11351	32.9	32.4
CBDDTY010003314.1	1	13028	60	8385	64.3614	1.19328	33.5	44.1
CBDDTY010003315.1	1	13010	15	3056	23.4896	0.296234	33.9	18.8
CBDDTY010003316.1	1	13000	42	5811	44.7	0.965923	34.1	7.98
CBDDTY010003317.1	1	13000	6	832	6.4	0.0745385	29.7	8.33
CBDDTY010003318.1	1	13000	29	6077	46.7462	0.647846	33.5	19.4
CBDDTY010003319.1	1	13000	51	4597	35.3615	0.919231	33.7	29.4
CBDDTY010003320.1	1	13000	26	4747	36.5154	0.534615	33.2	43.1
CBDDTY010003321.1	1	13000	23	2982	22.9385	0.419692	31.6	22.8
CBDDTY010003322.1	1	13000	37	3133	24.1	0.762615	34.4	2.89
CBDDTY010003323.1	1	13000	43	6304	48.4923	0.955692	32.6	30.9
CBDDTY010003324.1	1	13000	14	2759	21.2231	0.281	34.3	31
CBDDTY010003325.1	1	13000	22	4485	34.5	0.598231	33.4	35.9
CBDDTY010003326.1	1	13000	12	1589	12.2231	0.223231	35.5	32.1
CBDDTY010003327.1	1	13000	18	1997	15.3615	0.409077	34.7	9.11
CBDDTY010003328.1	1	13000	30	3457	26.5923	0.574615	33.2	2.7
CBDDTY010003330.1	1	13000	53	8362	64.3231	1.15338	33.3	15.4
CBDDTY010003331.1	1	13000	5	1215	9.34615	0.115923	35	0.6
CBDDTY010003332.1	1	13000	23	3309	25.4538	0.412077	34.8	30.5
CBDDTY010003333.1	1	13000	23	5044	38.8	0.458308	34.4	29.3
CBDDTY010003334.1	1	13000	5	820	6.30769	0.0630769	34.5	0.2
CBDDTY010003335.1	1	13000	51	2716	20.8923	1.01808	32.6	11.2
CBDDTY010003336.1	1	13000	33	5010	38.5385	0.641154	33.3	38.2
CBDDTY010003337.1	1	13000	21	3208	24.6769	0.335154	31.2	10.4
CBDDTY010003338.1	1	13000	15	3520	27.0769	0.302923	34.7	41.1
CBDDTY010003339.1	1	13000	27	2408	18.5231	0.615538	32.2	6.3
CBDDTY010003340.1	1	13000	62	8190	63	1.28846	32.4	47.2
CBDDTY010003341.1	1	13000	18	4589	35.3	0.409385	34.6	43.7
CBDDTY010003342.1	1	13000	4	802	6.16923	0.0666923	31.9	15
CBDDTY010003343.1	1	13000	198	7261	55.8538	4.09185	32.1	18.8
CBDDTY010003344.1	1	13000	35	5703	43.8692	0.661923	34.8	45.7
CBDDTY010003345.1	1	13000	14	2544	19.5692	0.259615	35.4	5.21
CBDDTY010003346.1	1	13000	22	3687	28.3615	0.421692	33.7	38.5
CBDDTY010003347.1	1	13000	7	1549	11.9154	0.130154	34.4	23.1
CBDDTY010003348.1	1	13000	31	4750	36.5385	0.632538	32.7	28.7
CBDDTY010003349.1	1	13000	43	7480	57.5385	0.944231	31.7	46.4
CBDDTY010003350.1	1	13000	19	1840	14.1538	0.229	34.2	6.79
CBDDTY010003351.1	1	13000	7	1130	8.69231	0.138	31.6	9.43
CBDDTY010003352.1	1	13000	34	4837	37.2077	0.619769	33.3	20.5
CBDDTY010003353.1	1	12996	18	2895	22.2761	0.362958	33	28.1
CBDDTY010003354.1	1	12987	31	5013	38.6001	0.576423	33.7	37.8
CBDDTY010003355.1	1	12927	41	6435	49.7795	0.770094	33.6	39.7
CBDDTY010003356.1	1	12912	19	3257	25.2246	0.330545	34.3	34.3
CBDDTY010003357.1	1	12876	28	3677	28.557	0.432821	34.6	13.9
CBDDTY010003358.1	1	12869	33	5648	43.8884	0.5901	33.7	38.4
CBDDTY010003359.1	1	12850	21	4219	32.8327	0.412529	33.5	48.5
CBDDTY010003360.1	1	12846	43	6074	47.2832	0.831699	31.9	12.2
CBDDTY010003361.1	1	12845	75	10016	77.9759	1.65115	32.9	43.1
CBDDTY010003362.1	1	12831	8	1175	9.15751	0.161406	35.6	7.75
CBDDTY010003363.1	1	12826	41	7887	61.4923	0.946437	33	18.6
CBDDTY010003364.1	1	12808	36	3898	30.4341	0.702374	32.3	9.42
CBDDTY010003365.1	1	12798	20	2732	21.3471	0.356931	34.1	37.6
CBDDTY010003366.1	1	12741	46	6546	51.3774	0.876933	33.5	40.7
CBDDTY010003367.1	1	12675	153	8489	66.9744	3.54604	32.7	22.4
CBDDTY010003368.1	1	12660	35	6242	49.3049	0.849131	33.9	24.6
CBDDTY010003369.1	1	12650	56	7931	62.6957	1.03913	32.2	46.5
CBDDTY010003370.1	1	12644	93	5807	45.9269	1.82355	32.6	39.8
CBDDTY010003371.1	1	12631	38	5310	42.0394	0.773019	33	30.7
CBDDTY010003372.1	1	12581	23	3147	25.0139	0.366744	32.9	22.1
CBDDTY010003373.1	1	12555	42	6988	55.6591	0.846834	33	39.6
CBDDTY010003374.1	1	12554	31	4927	39.2465	0.698343	32.3	14.7
CBDDTY010003375.1	1	12550	36	4844	38.5976	0.762072	32.5	28.1
CBDDTY010003376.1	1	12522	68	6193	49.457	1.47876	33.7	22.7
CBDDTY010003377.1	1	12522	26	4667	37.2704	0.474924	33.1	22.2
CBDDTY010003378.1	1	12449	47	6380	51.2491	0.939433	32.5	29.1
CBDDTY010003379.1	1	12445	37	5081	40.8276	0.752591	34.3	7.16
CBDDTY010003380.1	1	12437	36	7158	57.5541	0.903514	32.6	38.4
CBDDTY010003381.1	1	12423	32	5551	44.6832	0.656524	32.7	47.2
CBDDTY010003382.1	1	12404	22	4699	37.8829	0.498871	33.2	40.2
CBDDTY010003383.1	1	12356	43	6306	51.0359	0.955244	33.1	45.6
CBDDTY010003384.1	1	12254	34	4880	39.8237	0.631304	33.1	30.4
CBDDTY010003385.1	1	12235	46	1606	13.1263	0.974745	33.2	27.8
CBDDTY010003386.1	1	12228	21	1966	16.0779	0.437439	33.2	42.3
CBDDTY010003387.1	1	12221	8	1618	13.2395	0.235905	32.8	21.1
CBDDTY010003388.1	1	12216	15	2053	16.8058	0.302145	32.4	21.5
CBDDTY010003389.1	1	12192	18	3621	29.6998	0.353018	33.8	45.7
CBDDTY010003390.1	1	12181	34	5897	48.4115	0.71513	32.1	45.9
CBDDTY010003391.1	1	12163	51	7212	59.2946	1.05961	32.6	45.8
CBDDTY010003392.1	1	12160	10	1766	14.523	0.213076	34	26.1
CBDDTY010003393.1	1	12114	20	3369	27.8108	0.338782	34.8	33.3
CBDDTY010003394.1	1	12084	24	3413	28.244	0.359318	31.5	20.9
CBDDTY010003395.1	1	12077	31	4604	38.1221	0.68883	33.8	10.2
CBDDTY010003396.1	1	12074	44	6099	50.5135	1.01234	33.3	32.9
CBDDTY010003397.1	1	12049	12	1750	14.524	0.215039	32.5	12
CBDDTY010003398.1	1	12021	20	4408	36.6692	0.466351	31.3	53.2
CBDDTY010003399.1	1	12011	17	2541	21.1556	0.28016	33.3	13.4
CBDDTY010003400.1	1	12000	106	9777	81.475	2.59083	32.9	33.7
CBDDTY010003401.1	1	12000	11	1774	14.7833	0.24	32.9	26.1
CBDDTY010003402.1	1	12000	29	3490	29.0833	0.567667	31.3	14.8
CBDDTY010003403.1	1	12000	23	2761	23.0083	0.382833	34.3	4.83
CBDDTY010003404.1	1	12000	47	6185	51.5417	0.855917	33.2	42
CBDDTY010003405.1	1	12000	43	4022	33.5167	1.00675	31.3	21.9
CBDDTY010003406.1	1	12000	17	2554	21.2833	0.31125	35.1	43.8
CBDDTY010003407.1	1	12000	55	7038	58.65	1.32317	31.8	46.4
CBDDTY010003408.1	1	12000	20	3378	28.15	0.4375	32.7	28.6
CBDDTY010003409.1	1	12000	23	4707	39.225	0.626667	33.3	24.7
CBDDTY010003410.1	1	12000	8	1546	12.8833	0.153	31.5	24.9
CBDDTY010003411.1	1	12000	9	2049	17.075	0.182833	33.3	2.56
CBDDTY010003412.1	1	12000	23	3429	28.575	0.412417	34.8	23
CBDDTY010003413.1	1	12000	19	3406	28.3833	0.330583	33	12.1
CBDDTY010003414.1	1	12000	20	2977	24.8083	0.504333	32.3	6.35
CBDDTY010003415.1	1	12000	22	3386	28.2167	0.366667	34	18.8
CBDDTY010003416.1	1	12000	33	4511	37.5917	0.644917	32.8	6.48
CBDDTY010003417.1	1	12000	28	4482	37.35	0.700917	33.5	3.39
CBDDTY010003418.1	1	12000	1	154	1.28333	0.0128333	35.3	22
CBDDTY010003419.1	1	12000	47	5666	47.2167	1.17733	31.5	4.55
CBDDTY010003420.1	1	12000	29	4098	34.15	0.522083	32.9	24.1
CBDDTY010003421.1	1	12000	13	2861	23.8417	0.294	35.2	36.2
CBDDTY010003422.1	1	12000	35	4974	41.45	0.692	32.2	12.1
CBDDTY010003423.1	1	12000	53	3353	27.9417	1.08667	34	29.2
CBDDTY010003424.1	1	12000	19	2795	23.2917	0.335333	34.7	22.8
CBDDTY010003425.1	1	12000	6	1206	10.05	0.111167	30.4	21.7
CBDDTY010003426.1	1	12000	49	6967	58.0583	1.00708	33.2	35.5
CBDDTY010003427.1	1	11972	29	4370	36.5018	0.559305	34.5	35.4
CBDDTY010003428.1	1	11969	7	1681	14.0446	0.181302	34.6	33.9
CBDDTY010003429.1	1	11949	32	5809	48.6149	0.622981	33.6	34.8
CBDDTY010003430.1	1	11948	34	2773	23.2089	0.794108	32.4	16.8
CBDDTY010003431.1	1	11920	29	5075	42.5755	0.778104	33.8	33.8
CBDDTY010003432.1	1	11908	28	5003	42.0138	0.540561	33.4	39.4
CBDDTY010003433.1	1	11906	212	6690	56.1902	4.67453	33.3	28.3
CBDDTY010003434.1	1	11850	32	6432	54.2785	0.801519	32.7	53.3
CBDDTY010003435.1	1	11830	17	3579	30.2536	0.327642	35	42.9
CBDDTY010003436.1	1	11819	83	6462	54.6747	2.14612	33.4	16.9
CBDDTY010003437.1	1	11812	31	2286	19.3532	0.517609	33.3	18.3
CBDDTY010003438.1	1	11777	7	1906	16.1841	0.186295	32.4	20.6
CBDDTY010003439.1	1	11758	27	6755	57.4502	0.707773	32.6	48.6
CBDDTY010003440.1	1	11712	16	2698	23.0362	0.363815	34.6	35.7
CBDDTY010003441.1	1	11691	27	4835	41.3566	0.563596	33.3	34.2
CBDDTY010003442.1	1	11671	33	4516	38.6942	0.683575	33.4	41.1
CBDDTY010003443.1	1	11620	6	1079	9.28571	0.14062	35.8	20.8
CBDDTY010003444.1	1	11610	23	4045	34.8407	0.503015	35.6	54
CBDDTY010003445.1	1	11603	34	5404	46.5742	0.737137	34.3	22.2
CBDDTY010003446.1	1	11576	29	5476	47.3048	0.622149	32.5	54.2
CBDDTY010003447.1	1	11553	32	5870	50.8093	0.99775	33.5	36.4
CBDDTY010003448.1	1	11552	25	4045	35.0156	0.62249	34.6	28.9
CBDDTY010003449.1	1	11502	20	3768	32.7595	0.533299	33	41.6
CBDDTY010003450.1	1	11471	36	5709	49.769	0.891117	33.2	37.9
CBDDTY010003451.1	1	11420	8	1428	12.5044	0.14387	34.1	5.88
CBDDTY010003452.1	1	11332	28	4533	40.0018	0.661843	33	13.1
CBDDTY010003453.1	1	11309	10	2216	19.595	0.215138	31.5	22.1
CBDDTY010003454.1	1	11270	49	7536	66.8678	1.163	33.8	45.1
CBDDTY010003455.1	1	11221	27	5380	47.9458	0.719098	34.5	44.6
CBDDTY010003456.1	1	11168	45	7076	63.3596	1.11658	31.8	33.7
CBDDTY010003457.1	1	11122	29	6252	56.2129	0.801744	33.4	44.2
CBDDTY010003458.1	1	11099	15	3499	31.5254	0.379133	31.2	47.5
CBDDTY010003459.1	1	11000	77	8746	79.5091	1.84645	33.3	37.3
CBDDTY010003460.1	1	11000	58	5911	53.7364	1.79418	33.1	29.1
CBDDTY010003461.1	1	11000	73	5113	46.4818	1.70564	32.7	32.3
CBDDTY010003462.1	1	11000	29	4659	42.3545	0.722545	34.1	31.3
CBDDTY010003463.1	1	11000	30	5715	51.9545	0.741273	32.8	47.3
CBDDTY010003464.1	1	11000	3	748	6.8	0.101	36.5	60
CBDDTY010003465.1	1	11000	82	7018	63.8	1.90536	32.5	22.4
CBDDTY010003466.1	1	11000	19	3764	34.2182	0.463364	31.2	17.2
CBDDTY010003467.1	1	11000	16	1704	15.4909	0.204182	33.2	6.69
CBDDTY010003468.1	1	11000	13	2360	21.4545	0.282091	34.1	44.8
CBDDTY010003469.1	1	11000	9	1757	15.9727	0.208455	32	28.1
CBDDTY010003470.1	1	11000	3	764	6.94545	0.0694545	35.1	0
CBDDTY010003471.1	1	11000	33	4117	37.4273	0.676273	34.2	32.7
CBDDTY010003472.1	1	11000	21	2803	25.4818	0.411091	32.5	11
CBDDTY010003473.1	1	11000	5	1369	12.4455	0.139182	31.1	36.2
CBDDTY010003474.1	1	11000	2	486	4.41818	0.0441818	38.1	6
CBDDTY010003475.1	1	11000	20	3608	32.8	0.440091	33.6	0.95
CBDDTY010003476.1	1	11000	121	6304	57.3091	2.80345	32.5	25.2
CBDDTY010003477.1	1	11000	13	2274	20.6727	0.300727	32.3	45.6
CBDDTY010003478.1	1	11000	6	1291	11.7364	0.131818	34.1	20.3
CBDDTY010003479.1	1	11000	51	5702	51.8364	1.44564	32.8	0.804
CBDDTY010003480.1	1	11000	38	3266	29.6909	0.819455	31.6	15.2
CBDDTY010003481.1	1	11000	9	1753	15.9364	0.193636	34	28.1
CBDDTY010003482.1	1	11000	21	3965	36.0455	0.512909	31.9	40.9
CBDDTY010003483.1	1	11000	40	4706	42.7818	1.10218	33.3	13.6
CBDDTY010003484.1	1	11000	11	2587	23.5182	0.310545	35.2	29.5
CBDDTY010003485.1	1	11000	10	1177	10.7	0.181182	31.9	30.3
CBDDTY010003486.1	1	10894	18	3824	35.1019	0.46365	33.2	42.9
CBDDTY010003487.1	1	10881	10	1917	17.6179	0.195295	31.8	0.3
CBDDTY010003488.1	1	10877	31	5980	54.9784	0.787166	33.3	49.8
CBDDTY010003489.1	1	10760	29	4990	46.3755	0.648885	33.7	46.7
CBDDTY010003490.1	1	10741	34	5160	48.0402	0.752723	34.2	42.7
CBDDTY010003491.1	1	10657	51	4924	46.2044	1.22286	34.1	9.31
CBDDTY010003492.1	1	10327	4	986	9.54779	0.0954779	24.8	1.25
CBDDTY010003493.1	1	10000	22	2334	23.34	0.4917	34.8	14.8
CBDDTY010003494.1	1	10000	15	2272	22.72	0.3767	33.1	20.1
CBDDTY010003495.1	1	10000	17	2555	25.55	0.3774	33.1	22.6
CBDDTY010003496.1	1	10000	24	4622	46.22	0.6518	34.5	50.3
CBDDTY010003497.1	1	10000	33	5685	56.85	0.9757	32	27
CBDDTY010003498.1	1	10000	29	4847	48.47	0.7019	31.9	36.1
CBDDTY010003499.1	1	10000	18	2827	28.27	0.4059	31.4	26.9
CBDDTY010003500.1	1	10000	40	4929	49.29	0.9342	33.2	30.1
CBDDTY010003501.1	1	10000	13	3176	31.76	0.4116	34.1	55.4
CBDDTY010003502.1	1	10000	21	4536	45.36	0.5533	32.2	36.1
CBDDTY010003503.1	1	9000	4	512	5.68889	0.0765556	38	2
CBDDTY010003504.1	1	9000	28	2972	33.0222	0.686333	34.4	21.3
CBDDTY010003505.1	1	9000	18	2256	25.0667	0.357333	32.2	5.17
CBDDTY010003506.1	1	9000	59	3241	36.0111	2.05611	33.1	47.5
CBDDTY010003507.1	1	9000	5	894	9.93333	0.167889	34.4	0.4
CBDDTY010003508.1	1	9000	7	1484	16.4889	0.164889	33	25.9
CBDDTY010003509.1	1	9000	20	3052	33.9111	0.528889	33.9	44.9
CBDDTY010003510.1	1	9000	1	656	7.28889	0.0728889	32.3	1
CBDDTY010003511.1	1	9000	10	1294	14.3778	0.216222	33.2	4
CBDDTY010003512.1	1	9000	84	3922	43.5778	2.33056	34.5	40.5
CBDDTY010003513.1	1	9000	4	324	3.6	0.0666667	34.8	1
CBDDTY010003514.1	1	9000	3	607	6.74444	0.0788889	34.1	10.7
CBDDTY010003515.1	1	9000	28	4447	49.4111	0.640333	34	36.9
CBDDTY010003516.1	1	9000	8	1302	14.4667	0.166444	31.6	2.12
CBDDTY010003517.1	1	9000	4	929	10.3222	0.103222	28.4	33.2
CBDDTY010003518.1	1	9000	20	2973	33.0333	0.513222	32.3	28.1
CBDDTY010003519.1	1	9000	19	4162	46.2444	0.688111	35.1	5.95
CBDDTY010003520.1	1	9000	39	5737	63.7444	1.09322	32.8	20.6
CBDDTY010003521.1	1	9000	41	6264	69.6	1.04111	34.7	47.1
CBDDTY010003522.1	1	9000	10	1899	21.1	0.249222	31.8	22.3
CBDDTY010003523.1	1	9000	36	4625	51.3889	1.31211	31.8	45.8
CBDDTY010003524.1	1	9000	18	3749	41.6556	0.542889	31.4	47.6
CBDDTY010003525.1	1	9000	25	3980	44.2222	0.652778	31.8	17.6
CBDDTY010003526.1	1	9000	22	2008	22.3111	0.791111	33.1	17.1
CBDDTY010003527.1	1	9000	5	419	4.65556	0.0848889	38.3	3.4
CBDDTY010003528.1	1	9000	53	4715	52.3889	1.53578	30.5	7.51
CBDDTY010003529.1	1	9000	30	4236	47.0667	0.842333	32.8	49.6
CBDDTY010003530.1	1	9000	34	2991	33.2333	1.04289	34.3	43.1
CBDDTY010003531.1	1	8000	21	2924	36.55	0.54375	31.8	23.8
CBDDTY010003532.1	1	8000	23	3695	46.1875	0.76675	33.2	28.1
CBDDTY010003533.1	1	8000	3	403	5.0375	0.050375	31.2	7.67
CBDDTY010003534.1	1	8000	17	2552	31.9	0.565625	32.9	30.4
CBDDTY010003535.1	1	8000	5	2046	25.575	0.369875	32.7	10
CBDDTY010003536.1	1	8000	62	6490	81.125	2.07488	32.9	38.5
CBDDTY010003537.1	1	8000	16	2669	33.3625	0.412875	33.8	22.9
CBDDTY010003538.1	1	8000	5	705	8.8125	0.122375	33.3	0
CBDDTY010003539.1	1	8000	18	3109	38.8625	0.63725	32.1	7.83
CBDDTY010003540.1	1	8000	10	2203	27.5375	0.404	34.7	24
CBDDTY010003541.1	1	8000	6	1123	14.0375	0.209	32.6	13.5
CBDDTY010003542.1	1	8000	13	2219	27.7375	0.449375	32.5	28.8
CBDDTY010003543.1	1	8000	37	4668	58.35	1.31012	32.2	40.1
CBDDTY010003544.1	1	8000	19	2105	26.3125	0.643625	30.9	4.79
CBDDTY010003545.1	1	8000	7	1218	15.225	0.320125	30.5	47.7
CBDDTY010003546.1	1	8000	14	2243	28.0375	0.3445	33.4	30.7
CBDDTY010003547.1	1	8000	12	1264	15.8	0.270625	33.8	16.5
CBDDTY010003548.1	1	8000	33	4797	59.9625	1.20287	32.7	2.27
CBDDTY010003549.1	1	8000	65	3729	46.6125	2.19137	32.5	42.2
CBDDTY010003550.1	1	8000	27	2842	35.525	0.891125	32.3	17.7
CBDDTY010003551.1	1	8000	19	1929	24.1125	0.439625	33.1	6.05
CBDDTY010003552.1	1	8000	33	2494	31.175	1.23225	32.9	14.9
CBDDTY010003553.1	1	8000	16	2682	33.525	0.514	36	36.4
CBDDTY010003554.1	1	8000	19	4929	61.6125	0.823625	33.4	52.6
CBDDTY010003555.1	1	8000	33	4157	51.9625	1.469	30.9	23.1
CBDDTY010003556.1	1	8000	22	2396	29.95	0.648375	34.7	6.32
CBDDTY010003557.1	1	8000	13	1774	22.175	0.352125	27.8	2
CBDDTY010003558.1	1	8000	9	1580	19.75	0.281375	35.7	40.1
CBDDTY010003559.1	1	8000	11	1628	20.35	0.382625	31.8	33.2
CBDDTY010003560.1	1	8000	12	3558	44.475	0.5145	31.9	49.5
CBDDTY010003561.1	1	8000	24	3337	41.7125	0.642875	30.6	12.4
CBDDTY010003562.1	1	8000	15	3142	39.275	0.584125	32.3	42.3
CBDDTY010003563.1	1	7000	28	2635	37.6429	1.09829	33.7	18.7
CBDDTY010003564.1	1	7000	6	667	9.52857	0.118286	35.1	5.83
CBDDTY010003565.1	1	7000	18	3204	45.7714	0.583143	29.2	40.1
CBDDTY010003566.1	1	7000	13	984	14.0571	0.250143	34.4	7.54
CBDDTY010003567.1	1	7000	12	1832	26.1714	0.466	33.7	50.8
CBDDTY010003568.1	1	7000	8	1807	25.8143	0.301286	34.1	37.1
CBDDTY010003569.1	1	7000	22	3012	43.0286	0.791857	33.6	32.5
CBDDTY010003570.1	1	7000	8	988	14.1143	0.209286	34.1	1.75
CBDDTY010003571.1	1	7000	10	1654	23.6286	0.33	33.1	39.4
CBDDTY010003572.1	1	7000	13	2386	34.0857	0.476143	32.5	28.8
CBDDTY010003573.1	1	7000	19	2834	40.4857	0.858429	33.6	26.3
CBDDTY010003574.1	1	7000	10	1985	28.3571	0.409	33.9	51.1
CBDDTY010003576.1	1	7000	22	2598	37.1143	0.738143	35.1	22.8
CBDDTY010003577.1	1	7000	12	3250	46.4286	0.676429	32.1	58
CBDDTY010003578.1	1	7000	17	3728	53.2571	0.691	35.4	51.8
CBDDTY010003579.1	1	7000	22	3653	52.1857	0.651571	33	14
CBDDTY010003580.1	1	7000	23	3137	44.8143	0.649286	34.2	35.8
CBDDTY010003581.1	1	7000	20	1876	26.8	0.497	32.3	7.35
CBDDTY010003582.1	1	7000	4	759	10.8429	0.140429	32.8	0.5
CBDDTY010003583.1	1	7000	9	1901	27.1571	0.331	30.8	46.9
CBDDTY010003584.1	1	7000	27	2994	42.7714	0.877571	32.5	33.9
CBDDTY010003585.1	1	7000	13	1446	20.6571	0.458143	31.4	6.92
CBDDTY010003586.1	1	7000	49	4544	64.9143	1.79686	34.9	20.6
CBDDTY010003587.1	1	7000	10	1972	28.1714	0.353	32.9	45.9
CBDDTY010003588.1	1	7000	34	4483	64.0429	1.263	32.6	34.6
CBDDTY010003589.1	1	7000	18	1945	27.7857	0.455143	34.7	20.3
CBDDTY010003591.1	1	7000	13	1910	27.2857	0.467571	34.5	34.6
CBDDTY010003592.1	1	7000	11	1940	27.7143	0.411286	32.7	34.6
CBDDTY010003593.1	1	7000	7	1148	16.4	0.175143	37.4	22.9
CBDDTY010003594.1	1	7000	7	741	10.5857	0.135286	32.9	1.71
CBDDTY010003595.1	1	7000	20	2532	36.1714	0.569429	32.3	13.9
CBDDTY010003596.1	1	7000	22	4006	57.2286	0.945286	34.1	34.5
CBDDTY010003597.1	1	7000	30	3173	45.3286	1.08814	29.4	5.03
CBDDTY010003598.1	1	7000	9	1666	23.8	0.366429	31.4	2
CBDDTY010003599.1	1	7000	11	2280	32.5714	0.459	30.1	7.45
CBDDTY010003600.1	1	7000	21	3879	55.4143	0.794286	34	44.5
CBDDTY010003601.1	1	7000	17	2719	38.8429	0.674857	35.2	40.1
CBDDTY010003602.1	1	6000	35	4786	79.7667	1.6515	34.5	45.1
CBDDTY010003603.1	1	6000	61	1205	20.0833	2.5905	34.5	17.5
CBDDTY010003604.1	1	6000	6	730	12.1667	0.2565	33.7	3.67
CBDDTY010003605.1	1	6000	15	3330	55.5	0.892667	32.4	55.8
CBDDTY010003606.1	1	6000	15	2899	48.3167	0.6305	33.7	41.5
CBDDTY010003607.1	1	6000	12	2154	35.9	0.636833	33.2	35.2
CBDDTY010003608.1	1	6000	14	2589	43.15	0.544667	32.6	34.2
CBDDTY010003610.1	1	6000	7	227	3.78333	0.1895	33.9	0.571
CBDDTY010003611.1	1	6000	20	3717	61.95	1.05567	33.1	20.8
CBDDTY010003612.1	1	6000	3	573	9.55	0.165	35	43.7
CBDDTY010003613.1	1	6000	24	3124	52.0667	0.98	32	25.8
CBDDTY010003614.1	1	6000	20	4189	69.8167	0.9785	32.4	49.7
CBDDTY010003615.1	1	6000	16	2394	39.9	0.584833	31.7	44.1
CBDDTY010003616.1	1	6000	10	1112	18.5333	0.3485	31	9.2
CBDDTY010003617.1	1	6000	4	909	15.15	0.1555	33.7	17.2
CBDDTY010003618.1	1	6000	42	4771	79.5167	1.86783	32.8	52.5
CBDDTY010003619.1	1	6000	2	552	9.2	0.092	29.1	13
CBDDTY010003620.1	1	6000	11	2161	36.0167	0.465667	32.2	46.2
CBDDTY010003621.1	1	6000	23	3704	61.7333	1.0955	34.3	49.2
CBDDTY010003622.1	1	6000	6	1301	21.6833	0.340333	31.9	30.5
CBDDTY010003623.1	1	6000	6	776	12.9333	0.269333	32.9	18.2
CBDDTY010003624.1	1	6000	1	244	4.06667	0.0406667	27.6	22
CBDDTY010003625.1	1	6000	24	1241	20.6833	0.872333	31.1	11
CBDDTY010003626.1	1	6000	10	1512	25.2	0.3545	33.5	30.3
CBDDTY010003627.1	1	6000	10	2597	43.2833	0.528	31.9	33.8
CBDDTY010003628.1	1	6000	15	3003	50.05	0.6755	33.4	51.1
CBDDTY010003629.1	1	6000	16	3629	60.4833	0.935	32.5	50.7
CBDDTY010003630.1	1	6000	17	3517	58.6167	0.812667	34.6	46.1
CBDDTY010003631.1	1	6000	17	1933	32.2167	0.732833	32.6	25.8
CBDDTY010003632.1	1	6000	10	2181	36.35	0.4495	31.3	51.1
CBDDTY010003633.1	1	6000	3	917	15.2833	0.152833	31.3	48.3
CBDDTY010003634.1	1	6000	17	2945	49.0833	1.00933	32.8	56.8
CBDDTY010003635.1	1	6000	6	970	16.1667	0.259333	35.4	51.2
CBDDTY010003636.1	1	6000	13	2620	43.6667	0.529167	33.2	49.3
CBDDTY010003637.1	1	6000	3	594	9.9	0.099	34.4	0
CBDDTY010003638.1	1	6000	36	2733	45.55	1.34133	33.5	19.3
CBDDTY010003639.1	1	6000	4	799	13.3167	0.160333	35.3	43.8
CBDDTY010003640.1	1	6000	16	2757	45.95	0.607167	31.8	28.6
CBDDTY010003641.1	1	6000	13	2607	43.45	0.629667	34.8	27.5
CBDDTY010003642.1	1	6000	2	525	8.75	0.111333	30.3	5
CBDDTY010003643.1	1	6000	31	3118	51.9667	1.26633	30.7	11.2
CBDDTY010003645.1	1	6000	9	1653	27.55	0.317	32.5	12.6
CBDDTY010003646.1	1	6000	10	537	8.95	0.437833	31.9	36.2
CBDDTY010003647.1	1	6000	10	1587	26.45	0.410333	33.3	9.7
CBDDTY010003648.1	1	6000	12	1879	31.3167	0.564333	33.3	42.1
CBDDTY010003649.1	1	6000	2	349	5.81667	0.0581667	37.4	60
CBDDTY010003650.1	1	6000	31	3505	58.4167	1.07567	33.8	43.5
CBDDTY010003651.1	1	6000	23	2434	40.5667	1.334	33.4	3
CBDDTY010003652.1	1	6000	46	4279	71.3167	1.9305	33.2	47.6
CBDDTY010003653.1	1	6000	16	2402	40.0333	0.706833	32.7	9.94
CBDDTY010003654.1	1	6000	7	1002	16.7	0.189833	37.9	26.4
CBDDTY010003656.1	1	6000	18	2975	49.5833	0.796	33.6	42.8
CBDDTY010003657.1	1	6000	18	2843	47.3833	0.762833	34.1	31.6
CBDDTY010003658.1	1	6000	11	1559	25.9833	0.448833	33.1	43.1
CBDDTY010003659.1	1	5000	15	2738	54.76	0.8232	33.9	51.3
CBDDTY010003660.1	1	5000	15	1787	35.74	0.5502	33.2	10.3
CBDDTY010003661.1	1	5000	4	598	11.96	0.1412	35.7	25.8
CBDDTY010003662.1	1	5000	7	984	19.68	0.2668	34.2	16.9
CBDDTY010003663.1	1	5000	39	3667	73.34	2.029	34.3	47.8
CBDDTY010003664.1	1	5000	4	1214	24.28	0.2704	29.7	30.2
CBDDTY010003665.1	1	5000	9	1079	21.58	0.3422	34	30.1
CBDDTY010003666.1	1	5000	15	2668	53.36	0.7196	31.3	56.7
CBDDTY010003667.1	1	5000	4	743	14.86	0.2376	32.2	19.5
CBDDTY010003668.1	1	5000	13	1918	38.36	0.6918	33.9	26.8
CBDDTY010003669.1	1	5000	30	1752	35.04	1.5614	31	1.13
CBDDTY010003670.1	1	5000	18	2648	52.96	1.1164	35.3	25.3
CBDDTY010003671.1	1	5000	4	713	14.26	0.1426	33	1.5
CBDDTY010003672.1	1	5000	10	2006	40.12	0.5896	34.2	41.7
CBDDTY010003673.1	1	5000	15	3218	64.36	0.9908	32.8	46.2
CBDDTY010003674.1	1	5000	16	2336	46.72	1.2022	34.4	20.8
CBDDTY010003675.1	1	5000	11	2046	40.92	0.519	34.7	46.4
CBDDTY010003676.1	1	5000	9	1918	38.36	0.514	32.4	49.4
CBDDTY010003678.1	1	5000	10	2008	40.16	0.4552	35.3	35.2
CBDDTY010003679.1	1	5000	21	2688	53.76	1.2654	26.6	8.33
CBDDTY010003680.1	1	5000	1	150	3	0.03	25.4	0
CBDDTY010003681.1	1	5000	8	1782	35.64	0.4254	32	51.6
CBDDTY010003682.1	1	5000	10	1384	27.68	0.4588	34.5	28.3
CBDDTY010003683.1	1	5000	12	2259	45.18	0.5148	32	34.7
CBDDTY010003684.1	1	5000	6	778	15.56	0.1638	32.7	0.667
CBDDTY010003685.1	1	5000	6	1555	31.1	0.3172	31.7	25.5
CBDDTY010003686.1	1	5000	14	1959	39.18	0.5258	31.9	25.1
CBDDTY010003687.1	1	5000	1	183	3.66	0.0366	23.2	0
CBDDTY010003688.1	1	5000	23	3087	61.74	1.2026	33.3	29.5
CBDDTY010003689.1	1	5000	6	1280	25.6	0.3014	35.4	33
CBDDTY010003690.1	1	5000	11	2172	43.44	0.7294	35.9	48.2
CBDDTY010003691.1	1	5000	6	1233	24.66	0.3494	32.2	4.5
CBDDTY010003692.1	1	5000	4	893	17.86	0.1946	31.3	45.8
CBDDTY010003693.1	1	5000	6	485	9.7	0.173	35.5	5.67
CBDDTY010003694.1	1	5000	11	1871	37.42	0.5814	34.2	39.3
CBDDTY010003695.1	1	5000	12	1945	38.9	0.6246	31.3	43.8
CBDDTY010003696.1	1	5000	7	1555	31.1	0.3582	32.4	51.6
CBDDTY010003697.1	1	5000	11	1791	35.82	0.5646	32.2	39.4
CBDDTY010003698.1	1	5000	30	3940	78.8	1.7448	33	19.1
CBDDTY010003699.1	1	4200	7	1255	29.881	0.481429	29.8	45.1
CBDDTY010003700.1	1	5000	10	2016	40.32	0.4556	33.5	24.4
CBDDTY010003701.1	1	5000	2	548	10.96	0.1096	36.7	60
CBDDTY010003702.1	1	5000	1	112	2.24	0.0224	26.7	1
CBDDTY010003703.1	1	5000	9	2075	41.5	0.415	32.8	38.8
CBDDTY010003704.1	1	5000	9	1534	30.68	0.4112	34.5	37.4
CBDDTY010003705.1	1	5000	6	862	17.24	0.2552	33	33.5
CBDDTY010003706.1	1	5000	12	2456	49.12	0.6468	29.3	37.9
CBDDTY010003708.1	1	5000	2	478	9.56	0.0956	33.9	30
CBDDTY010003709.1	1	5000	11	2342	46.84	0.6292	35	45.9
CBDDTY010003710.1	1	5000	26	2657	53.14	1.2204	32.7	25.8
CBDDTY010003711.1	1	5000	9	1805	36.1	0.5966	30.3	3.33
CBDDTY010003712.1	1	5000	5	853	17.06	0.2682	33.6	42.8
CBDDTY010003713.1	1	5000	14	2323	46.46	0.797	29.9	46.5
CBDDTY010003714.1	1	5000	12	2696	53.92	0.7338	32.6	30.3
CBDDTY010003715.1	1	5000	7	793	15.86	0.2104	31.4	1
CBDDTY010003716.1	1	5000	8	2166	43.32	0.6312	33.8	37.8
CBDDTY010003717.1	1	5000	22	3572	71.44	1.482	33.1	19
CBDDTY010003718.1	1	5000	7	1321	26.42	0.4154	32.7	34.7
CBDDTY010003719.1	1	5000	31	3825	76.5	1.4696	31.8	41.6
CBDDTY010003720.1	1	5000	7	1556	31.12	0.3288	35	6.57
CBDDTY010003721.1	1	5000	58	4219	84.38	3.0148	34.2	40.9
CBDDTY010003722.1	1	5000	5	777	15.54	0.1802	30.4	20
CBDDTY010003723.1	1	5000	41	4041	80.82	2.211	32.5	35.7
CBDDTY010003724.1	1	5000	6	773	15.46	0.372	35.2	58.2
CBDDTY010003725.1	1	5000	22	3219	64.38	1.1794	32.7	40
CBDDTY010003726.1	1	5000	3	723	14.46	0.1446	35.8	20.7
CBDDTY010003728.1	1	5000	7	1220	24.4	0.3056	32.4	9.29
CBDDTY010003729.1	1	5000	7	1420	28.4	0.3518	31.4	46.1
CBDDTY010003730.1	1	5000	12	1968	39.36	0.54	32.8	26.2
CBDDTY010003731.1	1	5000	5	1495	29.9	0.299	32.5	38.6
CBDDTY010003732.1	1	5000	37	2012	40.24	1.5184	34.1	7.51
CBDDTY010003733.1	1	5000	3	754	15.08	0.1508	33.5	57
CBDDTY010003735.1	1	5000	4	724	14.48	0.1898	32.4	59.2
CBDDTY010003736.1	1	5000	9	1270	25.4	0.3116	33.9	9.44
CBDDTY010003737.1	1	4000	6	1082	27.05	0.29425	31.2	40.7
CBDDTY010003738.1	1	4000	9	1478	36.95	0.44425	32.6	40.8
CBDDTY010003739.1	1	4000	10	1842	46.05	0.559	30.9	32.6
CBDDTY010003740.1	1	4000	10	2198	54.95	0.78125	31.9	53.7
CBDDTY010003741.1	1	4000	5	1261	31.525	0.421	34.9	37
CBDDTY010003742.1	1	4000	7	1086	27.15	0.4055	31	51.6
CBDDTY010003745.1	1	4000	3	592	14.8	0.148	36.1	22.7
CBDDTY010003746.1	1	4000	45	3622	90.55	3.1525	33.3	37.2
CBDDTY010003747.1	1	4000	3	577	14.425	0.15075	36.4	2
CBDDTY010003748.1	1	4000	5	738	18.45	0.258	34	17.2
CBDDTY010003750.1	1	4000	18	2566	64.15	1.0735	35.8	38.1
CBDDTY010003751.1	1	4000	12	2529	63.225	0.94725	31.7	15.6
CBDDTY010003752.1	1	4000	11	1937	48.425	0.62875	32.2	35.1
CBDDTY010003753.1	1	4000	2	1333	33.325	0.33325	33.2	32.5
CBDDTY010003754.1	1	4000	70	3074	76.85	4.40925	34.3	20
CBDDTY010003755.1	1	4000	62	1694	42.35	4.0545	32.5	20
CBDDTY010003756.1	1	4000	9	1657	41.425	0.596	29	4.56
CBDDTY010003757.1	1	4000	3	881	22.025	0.22025	31.4	60
CBDDTY010003758.1	1	4000	11	1631	40.775	0.56625	32.3	41
CBDDTY010003759.1	1	4000	13	1865	46.625	0.79175	34.6	21.2
CBDDTY010003760.1	1	4000	7	1046	26.15	0.48075	27.5	44.7
CBDDTY010003762.1	1	4000	6	1276	31.9	0.42325	31.2	29.7
CBDDTY010003763.1	1	4000	12	1863	46.575	0.72625	32.7	45.2
CBDDTY010003764.1	1	4000	13	1748	43.7	0.859	28.8	6.92
CBDDTY010003765.1	1	4000	16	1191	29.775	0.987	32.6	31.4
CBDDTY010003766.1	1	4000	6	1703	42.575	0.562	34.8	39.3
CBDDTY010003767.1	1	4000	9	789	19.725	0.485	34.1	46.1
CBDDTY010003768.1	1	4000	5	647	16.175	0.33725	32.7	40.2
CBDDTY010003769.1	1	4000	3	352	8.8	0.1035	31.5	17
CBDDTY010003770.1	1	4000	9	1293	32.325	0.39575	30.5	10.1
CBDDTY010003771.1	1	4000	5	857	21.425	0.4025	35.2	12.8
CBDDTY010003772.1	1	4000	13	2001	50.025	0.89025	32.5	52.2
CBDDTY010003773.1	1	4000	26	3319	82.975	1.664	33.1	51.4
CBDDTY010003774.1	1	4000	10	1742	43.55	0.5945	33.3	35.6
CBDDTY010003775.1	1	4000	10	1793	44.825	0.57775	35.8	15.9
CBDDTY010003776.1	1	4000	4	1360	34	0.6065	31.2	32.2
CBDDTY010003777.1	1	4000	1	137	3.425	0.03425	37.8	0
CBDDTY010003778.1	1	4000	7	1218	30.45	0.3375	36.4	15.3
CBDDTY010003779.1	1	4000	1	95	2.375	0.02375	36.3	0
CBDDTY010003781.1	1	4000	15	1803	45.075	0.9315	33	14.3
CBDDTY010003782.1	1	4000	5	929	23.225	0.354	35.3	7.4
CBDDTY010003783.1	1	4000	15	2009	50.225	1.02075	34.3	44.7
CBDDTY010003784.1	1	4000	6	1430	35.75	0.53425	32.7	10.2
CBDDTY010003785.1	1	4000	36	3307	82.675	2.38175	33.2	45.5
CBDDTY010003786.1	1	4000	4	1050	26.25	0.2625	31.5	50.2
CBDDTY010003787.1	1	4000	6	899	22.475	0.31525	34.5	20.8
CBDDTY010003788.1	1	4000	12	2393	59.825	0.7785	32.9	50.6
CBDDTY010003789.1	1	4000	9	1309	32.725	0.65375	33.9	40.7
CBDDTY010003790.1	1	4000	14	2028	50.7	0.866	34.1	50.4
CBDDTY010003791.1	1	4000	6	962	24.05	0.24925	31.6	5.33
CBDDTY010003792.1	1	4000	8	582	14.55	0.25525	32.9	0.625
CBDDTY010003793.1	1	4000	2	358	8.95	0.0895	28.5	16.5
CBDDTY010003796.1	1	4000	10	1375	34.375	0.84375	31.6	6.1
CBDDTY010003797.1	1	4000	10	1790	44.75	0.92225	34.4	49.3
CBDDTY010003798.1	1	4000	50	3440	86	3.22175	32.4	41.6
CBDDTY010003799.1	1	4000	8	1560	39	0.56875	31	31.6
CBDDTY010003800.1	1	4000	12	2273	56.825	0.813	30.8	15.8
CBDDTY010003801.1	1	4000	13	2610	65.25	0.96325	32.2	44.2
CBDDTY010003802.1	1	4000	10	1992	49.8	0.7355	33.4	29.3
CBDDTY010003803.1	1	4000	7	1155	28.875	0.4425	35.3	60
CBDDTY010003804.1	1	4000	10	1649	41.225	0.5775	35.5	30.4
CBDDTY010003805.1	1	4000	12	2008	50.2	0.656	32.4	25.4
CBDDTY010003806.1	1	4000	11	1872	46.8	0.6755	35.7	42.8
CBDDTY010003807.1	1	4000	3	522	13.05	0.209	34.5	31.3
CBDDTY010003808.1	1	4000	2	262	6.55	0.0655	36.4	1
CBDDTY010003810.1	1	4000	9	1780	44.5	0.61775	34	59.4
CBDDTY010003811.1	1	4000	15	2354	58.85	0.93425	34.5	53.6
CBDDTY010003812.1	1	4000	4	1201	30.025	0.30025	31.2	44.5
CBDDTY010003813.1	1	4000	14	2871	71.775	1.21725	34.5	38
CBDDTY010003814.1	1	4000	11	1509	37.725	0.56575	34.6	33
CBDDTY010003815.1	1	4000	42	3166	79.15	2.254	33.8	34.1
CBDDTY010003816.1	1	4000	13	2524	63.1	0.88	34.1	41.1
CBDDTY010003817.1	1	4000	7	1460	36.5	0.5925	33.2	60
CBDDTY010003818.1	1	4000	8	2024	50.6	0.61875	31.1	41.8
CBDDTY010003819.1	1	4000	7	1226	30.65	0.4435	34.8	30.1
CBDDTY010003820.1	1	4000	6	1172	29.3	0.34125	34.3	32.3
CBDDTY010003821.1	1	4000	1	172	4.3	0.043	33.9	1
CBDDTY010003822.1	1	4000	1	206	5.15	0.0515	30.2	1
CBDDTY010003823.1	1	4000	12	1829	45.725	0.54025	31.6	33.2
CBDDTY010003824.1	1	4000	12	2076	51.9	0.8985	35.4	52.3
CBDDTY010003825.1	1	4000	7	1205	30.125	0.3015	33.6	22.3
CBDDTY010003826.1	1	4000	14	2534	63.35	1.184	33.8	55.9
CBDDTY010003827.1	1	4000	5	1182	29.55	0.3645	32.9	49
CBDDTY010003828.1	1	4000	12	1752	43.8	0.777	34.8	32.4
CBDDTY010003829.1	1	4000	7	1289	32.225	0.4335	35.8	29.3
CBDDTY010003830.1	1	4000	1	223	5.575	0.05575	29.6	2
CBDDTY010003831.1	1	4000	6	992	24.8	0.38225	36.4	42
CBDDTY010003832.1	1	4000	39	3263	81.575	2.784	30.5	13.5
CBDDTY010003833.1	1	4000	14	2604	65.1	1.15325	30.4	47.6
CBDDTY010003834.1	1	4000	1	134	3.35	0.0335	34.5	11
CBDDTY010003835.1	1	4000	2	377	9.425	0.09425	31.3	30.5
CBDDTY010003836.1	1	4000	6	1543	38.575	0.43625	34.4	34.5
CBDDTY010003837.1	1	4000	1	423	10.575	0.10575	32.5	1
CBDDTY010003838.1	1	4000	16	1550	38.75	1.0235	33.8	22.2
CBDDTY010003839.1	1	4000	13	1900	47.5	0.7515	31.8	41.2
CBDDTY010003840.1	1	4000	10	1960	49	0.54725	33.8	43.6
CBDDTY010003841.1	1	4000	18	1388	34.7	1.09325	32.1	16.2
CBDDTY010003842.1	1	4000	16	2238	55.95	0.91375	32.9	47.6
CBDDTY010003843.1	1	4000	9	1769	44.225	0.63425	32.7	43.7
CBDDTY010003844.1	1	4000	6	339	8.475	0.373	30	1
CBDDTY010003845.1	1	4000	27	2681	67.025	1.57475	31.3	9.7
CBDDTY010003846.1	1	4000	43	3325	83.125	3.105	32	20.3
CBDDTY010003847.1	1	4000	9	1871	46.775	0.6145	33.9	50.2
CBDDTY010003848.1	1	4000	8	1512	37.8	0.462	34.5	38.2
CBDDTY010003849.1	1	4000	3	376	9.4	0.13325	35.9	8.67
CBDDTY010003850.1	1	4000	5	1271	31.775	0.34375	35.1	53.6
CBDDTY010003851.1	1	4000	1	267	6.675	0.06675	37.7	1
CBDDTY010003852.1	1	4000	11	1513	37.825	0.5685	34.7	40.8
CBDDTY010003853.1	1	4000	28	2514	62.85	1.80225	33.1	46.1
CBDDTY010003854.1	1	4000	15	1509	37.725	0.85375	32.9	7.07
CBDDTY010003855.1	1	4000	1	289	7.225	0.07225	31.7	60
CBDDTY010003856.1	1	4000	8	1934	48.35	0.57275	36.1	49.8
CBDDTY010003857.1	1	4000	28	3027	75.675	1.69175	33.3	43.7
CBDDTY010003858.1	1	4000	2	506	12.65	0.1265	30.8	41.5
CBDDTY010003860.1	1	4000	20	2289	57.225	1.36875	33.3	52
CBDDTY010003861.1	1	4000	8	1341	33.525	0.56125	34.7	52.5
CBDDTY010003862.1	1	4000	10	1562	39.05	0.5185	32.3	35.5
CBDDTY010003863.1	1	4000	6	803	20.075	0.3035	30.3	10.2
CBDDTY010003864.1	1	4000	4	921	23.025	0.2685	31.9	32
CBDDTY010003865.1	1	4000	11	1806	45.15	0.723	30.3	24.9
CBDDTY010003866.1	1	4000	6	1063	26.575	0.43575	29.1	50.2
CBDDTY010003868.1	1	4000	29	1811	45.275	1.62025	32.3	2.52
CBDDTY010003869.1	1	4000	12	2196	54.9	0.70675	30.9	35.9
CBDDTY010003870.1	1	4000	5	1001	25.025	0.293	32.3	3
CBDDTY010003871.1	1	4000	3	309	7.725	0.119	32.6	27.7
CBDDTY010003872.1	1	4000	35	869	21.725	2.363	31.7	7.26
CBDDTY010003874.1	1	3000	27	2529	84.3	2.41533	31.5	50.1
CBDDTY010003875.1	1	3000	7	744	24.8	0.458	30.4	13.3
CBDDTY010003876.1	1	3000	9	1859	61.9667	0.764667	31.5	53.9
CBDDTY010003877.1	1	3000	5	1130	37.6667	0.491667	32.7	14.4
CBDDTY010003878.1	1	3000	3	659	21.9667	0.255333	32.9	6.67
CBDDTY010003879.1	1	3000	9	1653	55.1	0.726667	32.6	46.6
CBDDTY010003880.1	1	3000	1	175	5.83333	0.0583333	40	1
CBDDTY010003881.1	1	3000	8	1605	53.5	0.616333	32.7	8.88
CBDDTY010003882.1	1	3000	1	134	4.46667	0.0446667	32.9	10
CBDDTY010003883.1	1	3000	12	1432	47.7333	0.919	33.1	57.2
CBDDTY010003884.1	1	3000	8	1541	51.3667	0.893667	34.8	50.5
CBDDTY010003885.1	1	3000	1	225	7.5	0.075	25.7	1
CBDDTY010003886.1	1	3000	22	1028	34.2667	2.04833	33.6	14
CBDDTY010003887.1	1	3000	2	281	9.36667	0.0936667	36.9	0.5
CBDDTY010003888.1	1	3000	2	516	17.2	0.217	36.2	60
CBDDTY010003889.1	1	3000	7	1529	50.9667	0.601333	36.1	49.4
CBDDTY010003890.1	1	3000	2	539	17.9667	0.179667	36.4	30.5
CBDDTY010003892.1	1	3000	3	1120	37.3333	0.44	32.5	50.7
CBDDTY010003893.1	1	3000	2	351	11.7	0.117	34.9	60
CBDDTY010003894.1	1	3000	13	2142	71.4	1.18867	33.6	31.4
CBDDTY010003895.1	1	3000	19	2155	71.8333	1.55633	32.6	44.5
CBDDTY010003896.1	1	3000	10	1519	50.6333	0.934667	33.6	23.3
CBDDTY010003898.1	1	3000	8	1202	40.0667	0.651	33.9	8.12
CBDDTY010003900.1	1	3000	6	892	29.7333	0.437333	33.9	46.2
CBDDTY010003901.1	1	3000	9	1623	54.1	0.905333	32.1	53.4
CBDDTY010003902.1	1	3000	2	385	12.8333	0.128333	28.9	19
CBDDTY010003903.1	1	3000	5	819	27.3	0.363	35.9	38.2
CBDDTY010003904.1	1	3000	8	1459	48.6333	0.675667	35.3	52.5
CBDDTY010003905.1	1	3000	12	1187	39.5667	1.04433	30.8	13
CBDDTY010003906.1	1	3000	4	449	14.9667	0.231333	29.1	43.8
CBDDTY010003907.1	1	3000	7	1342	44.7333	0.734333	33.9	1.86
CBDDTY010003908.1	1	3000	4	1078	35.9333	0.528667	33.1	0.5
CBDDTY010003909.1	1	3000	6	1655	55.1667	0.838667	34.5	60
CBDDTY010003910.1	1	3000	6	1349	44.9667	0.499	35.7	35.5
CBDDTY010003911.1	1	3000	1	81	2.7	0.027	32.6	4
CBDDTY010003912.1	1	3000	9	1342	44.7333	0.744333	36.4	57
CBDDTY010003913.1	1	3000	3	315	10.5	0.167	33.8	7.67
CBDDTY010003914.1	1	3000	10	1694	56.4667	0.853	33.3	46.7
CBDDTY010003916.1	1	3000	8	1119	37.3	0.519333	33.5	13.8
CBDDTY010003917.1	1	3000	13	2472	82.4	1.19567	32.7	38.8
CBDDTY010003919.1	1	3000	3	629	20.9667	0.209667	30	28.3
CBDDTY010003920.1	1	3000	3	976	32.5333	0.325333	35	24.7
CBDDTY010003921.1	1	3000	14	1541	51.3667	1.19367	30.8	2.5
CBDDTY010003922.1	1	3000	10	2147	71.5667	1.04467	28.6	43.7
CBDDTY010003924.1	1	3000	6	762	25.4	0.397	32.9	12.7
CBDDTY010003925.1	1	3000	2	383	12.7667	0.198667	37.9	20
CBDDTY010003926.1	1	3000	7	1880	62.6667	0.810333	33.3	19.9
CBDDTY010003927.1	1	3000	7	1329	44.3	0.614667	32.7	9.86
CBDDTY010003928.1	1	3000	3	715	23.8333	0.407	35.2	0.667
CBDDTY010003929.1	1	3000	16	2095	69.8333	1.641	34.2	49.2
CBDDTY010003930.1	1	3000	3	667	22.2333	0.222333	32.7	17
CBDDTY010003931.1	1	3000	2	513	17.1	0.171	34.1	30
CBDDTY010003932.1	1	3000	5	680	22.6667	0.370667	38.8	5.4
CBDDTY010003933.1	1	3000	8	1536	51.2	0.610333	29.9	13.9
CBDDTY010003935.1	1	3000	25	2097	69.9	1.696	35.9	13.2
CBDDTY010003936.1	1	3000	16	1816	60.5333	1.69467	32.4	11.4
CBDDTY010003937.1	1	3000	4	983	32.7667	0.364	32.4	59.2
CBDDTY010003938.1	1	3000	9	1684	56.1333	0.771667	31	46.7
CBDDTY010003939.1	1	3000	13	1193	39.7667	0.772667	32.7	11.2
CBDDTY010003940.1	1	3000	2	472	15.7333	0.157333	34.1	53
CBDDTY010003942.1	1	3000	38	2461	82.0333	3.19867	32.6	49.2
CBDDTY010003943.1	1	3000	6	950	31.6667	0.591	36	44
CBDDTY010003944.1	1	3000	3	491	16.3667	0.239	27.9	40.3
CBDDTY010003945.1	1	3000	6	1014	33.8	0.401	34.9	32.5
CBDDTY010003946.1	1	3000	165	2516	83.8667	28.7747	33.6	1.75
CBDDTY010003947.1	1	3000	6	1399	46.6333	0.638667	31.5	40.3
CBDDTY010003948.1	1	3000	4	783	26.1	0.261	30.5	6
CBDDTY010003949.1	1	3000	3	641	21.3667	0.213667	33.7	52.3
CBDDTY010003950.1	1	3000	5	469	15.6333	0.308	30.5	46.4
CBDDTY010003951.1	1	3000	6	871	29.0333	0.407333	36.4	40.3
CBDDTY010003952.1	1	3000	6	1061	35.3667	0.533333	34.1	46.5
CBDDTY010003953.1	1	3000	3	291	9.7	0.135333	29.7	5
CBDDTY010003954.1	1	3000	1	152	5.06667	0.0506667	41.5	1
CBDDTY010003955.1	1	3000	9	1277	42.5667	0.541	31.6	10
CBDDTY010003957.1	1	3000	1	303	10.1	0.101	32.6	60
CBDDTY010003958.1	1	3000	7	1379	45.9667	0.520333	34.3	26.1
CBDDTY010003959.1	1	3000	1	129	4.3	0.043	23.5	7
CBDDTY010003960.1	1	3000	6	916	30.5333	0.482	33.3	58.8
CBDDTY010003961.1	1	3000	11	1351	45.0333	0.753	31.9	51.1
CBDDTY010003962.1	1	3000	3	466	15.5333	0.155333	30.5	25.7
CBDDTY010003963.1	1	3000	6	872	29.0667	0.397333	30.9	0.667
CBDDTY010003964.1	1	3000	4	739	24.6333	0.248667	32.7	22.8
CBDDTY010003965.1	1	3000	58	2624	87.4667	5.242	31.9	18.8
CBDDTY010003966.1	1	3000	5	849	28.3	0.370667	34.9	26
CBDDTY010003967.1	1	3000	2	289	9.63333	0.130333	35.3	25
CBDDTY010003968.1	1	3000	35	2806	93.5333	3.58233	33.2	55.1
CBDDTY010003969.1	1	3000	7	786	26.2	0.679333	34	36.3
CBDDTY010003970.1	1	3000	7	1165	38.8333	0.542	32.4	36
CBDDTY010003972.1	1	3000	7	682	22.7333	0.415333	37.9	3.29
CBDDTY010003973.1	1	3000	1	230	7.66667	0.0766667	30.3	45
CBDDTY010003974.1	1	3000	8	1349	44.9667	0.558	31.3	29.9
CBDDTY010003975.1	1	3000	11	2212	73.7333	1.01467	34.6	46.2
CBDDTY010003976.1	1	3000	10	1810	60.3333	0.771	32.2	58.7
CBDDTY010003977.1	1	3000	3	632	21.0667	0.210667	29.2	31.7
CBDDTY010003978.1	1	3000	31	1118	37.2667	2.322	34.6	10.2
CBDDTY010003979.1	1	3000	6	983	32.7667	0.425667	34.5	38.5
CBDDTY010003980.1	1	3000	4	511	17.0333	0.199	32.9	8.75
CBDDTY010003981.1	1	3000	24	1997	66.5667	2.13	32.9	5.29
CBDDTY010003982.1	1	3000	2	363	12.1	0.121	33.1	27.5
CBDDTY010003983.1	1	3000	4	743	24.7667	0.300667	29	48.2
CBDDTY010003984.1	1	3000	3	890	29.6667	0.345	35.3	0.667
CBDDTY010003985.1	1	3000	15	2179	72.6333	1.42467	34.2	45.3
CBDDTY010003986.1	1	3000	9	1170	39	0.627	31.8	10.8
CBDDTY010003987.1	1	3000	5	769	25.6333	0.293667	31.5	13.8
CBDDTY010003988.1	1	3000	13	1373	45.7667	0.979667	31	18.5
CBDDTY010003989.1	1	3000	4	813	27.1	0.299333	29.1	36
CBDDTY010003990.1	1	3000	13	1424	47.4667	1.07667	33.8	29.1
CBDDTY010003991.1	1	3000	6	1281	42.7	0.622333	33.5	54
CBDDTY010003992.1	1	3000	9	1208	40.2667	0.842667	30.9	53.6
CBDDTY010003993.1	1	3000	6	565	18.8333	0.312	27.8	0.833
CBDDTY010003994.1	1	3000	6	1264	42.1333	0.548667	35.2	35
CBDDTY010003995.1	1	3000	4	570	19	0.309333	33.5	51
CBDDTY010003997.1	1	3000	5	694	23.1333	0.542	32.5	51.2
CBDDTY010003998.1	1	3000	10	1464	48.8	0.711667	29.4	45.4
CBDDTY010003999.1	1	3000	10	1552	51.7333	1.04	32.2	45.8
CBDDTY010004000.1	1	3000	8	1488	49.6	0.601	28.5	34.9
CBDDTY010004001.1	1	3000	15	2701	90.0333	1.85	33.6	59.1
CBDDTY010004002.1	1	3000	39	2967	98.9	3.48067	32.8	43.6
CBDDTY010004003.1	1	3000	4	772	25.7333	0.423333	29.5	45.5
CBDDTY010004004.1	1	3000	8	610	20.3333	0.586667	30.2	0.625
CBDDTY010004006.1	1	3000	11	1973	65.7667	0.955333	31.1	22.5
CBDDTY010004007.1	1	3000	14	1592	53.0667	1.19167	31	26.1
CBDDTY010004008.1	1	3000	7	1184	39.4667	0.610333	33.1	53.4
CBDDTY010004009.1	1	3000	4	444	14.8	0.18	31.7	2.5
CBDDTY010004010.1	1	3000	3	481	16.0333	0.227333	34.5	60
CBDDTY010004011.1	1	3000	2	337	11.2333	0.112333	36.6	1
CBDDTY010004013.1	1	3000	7	914	30.4667	0.515333	33	19.6
CBDDTY010004014.1	1	3000	9	1185	39.5	0.507	32.1	23.9
CBDDTY010004015.1	1	3000	8	1900	63.3333	0.829	31.6	33.5
CBDDTY010004016.1	1	3000	6	803	26.7667	0.398333	32.5	50.5
CBDDTY010004017.1	1	3000	12	2268	75.6	1.139	32.5	36.6
CBDDTY010004018.1	1	3000	28	1614	53.8	1.95333	32.8	4
CBDDTY010004019.1	1	3000	2	729	24.3	0.243	31.9	30.5
CBDDTY010004020.1	1	3000	7	1315	43.8333	0.458333	30.6	47.1
CBDDTY010004021.1	1	3000	4	489	16.3	0.239	27.7	21.8
CBDDTY010004023.1	1	3000	5	1528	50.9333	0.553	32.8	57.6
CBDDTY010004024.1	1	3000	4	633	21.1	0.351	34.2	39.8
CBDDTY010004025.1	1	3000	2	431	14.3667	0.143667	30.4	39
CBDDTY010004026.1	1	3000	4	787	26.2333	0.283333	31.8	35.8
CBDDTY010004027.1	1	3000	9	942	31.4	0.801	35.4	21.4
CBDDTY010004028.1	1	3000	2	343	11.4333	0.114333	25.8	0.5
CBDDTY010004029.1	1	3000	9	1661	55.3667	0.752667	34.5	38.1
CBDDTY010004030.1	1	3000	12	1360	45.3333	0.937667	34.4	26.4
CBDDTY010004031.1	1	3000	3	572	19.0667	0.190667	35	3.33
CBDDTY010004032.1	1	3000	8	1239	41.3	0.487333	33.6	24.9
CBDDTY010004033.1	1	3000	5	1109	36.9667	0.369667	35.9	48.4
CBDDTY010004034.1	1	3000	74	2219	73.9667	7.37267	33.3	5.8
CBDDTY010004035.1	1	3000	5	719	23.9667	0.239667	28.7	1.8
CBDDTY010004036.1	1	3000	15	1283	42.7667	1.34467	32.3	26.8
CBDDTY010004037.1	1	3000	14	1774	59.1333	1.22433	32	26.1
CBDDTY010004038.1	1	3000	3	848	28.2667	0.282667	33.8	53.7
CBDDTY010004039.1	1	3000	4	885	29.5	0.381	34	7.25
CBDDTY010004040.1	1	3000	4	891	29.7	0.389333	31.1	34.5
CBDDTY010004041.1	1	3000	6	1185	39.5	0.560333	35.8	45
CBDDTY010004044.1	1	3000	5	588	19.6	0.393333	34.1	60
CBDDTY010004045.1	1	3000	1	178	5.93333	0.0593333	28.3	1
CBDDTY010004046.1	1	3000	1	316	10.5333	0.105333	29.2	1
CBDDTY010004047.1	1	3000	5	951	31.7	0.546333	34.9	53.8
CBDDTY010004048.1	1	3000	7	539	17.9667	0.405667	30.6	23.7
CBDDTY010004049.1	1	3000	61	830	27.6667	5.36067	31.3	15.5
CBDDTY010004050.1	1	3000	2	539	17.9667	0.283333	35.7	60
CBDDTY010004051.1	1	3000	2	584	19.4667	0.194667	34.3	14.5
CBDDTY010004052.1	1	3000	10	1809	60.3	0.744667	32.7	35
CBDDTY010004053.1	1	3000	6	1066	35.5333	0.508333	32.3	44.5
CBDDTY010004054.1	1	3000	10	2131	71.0333	1.023	31.8	53
CBDDTY010004055.1	1	3000	3	661	22.0333	0.309333	33.7	6.33
CBDDTY010004056.1	1	3000	1	130	4.33333	0.0433333	39.2	1
CBDDTY010004057.1	1	3000	6	748	24.9333	0.63	31.4	58
CBDDTY010004059.1	1	3000	14	1784	59.4667	1.37433	31.4	52.7
CBDDTY010004060.1	1	3000	2	377	12.5667	0.211333	35.4	9
CBDDTY010004061.1	1	3000	12	2016	67.2	1.29	30.2	28.3
CBDDTY010004062.1	1	3000	18	2149	71.6333	1.75433	32.6	47.2
CBDDTY010004063.1	1	3000	4	1049	34.9667	0.427333	26.5	4
CBDDTY010004064.1	1	3000	50	2953	98.4333	4.80067	32.2	49.4
CBDDTY010004065.1	1	3000	6	1163	38.7667	0.501333	33.6	13.5
CBDDTY010004066.1	1	3000	6	856	28.5333	0.373667	30.6	5.83
CBDDTY010004067.1	1	3000	5	1462	48.7333	0.545333	30.4	52.6
CBDDTY010004068.1	1	3000	6	1275	42.5	0.425	31.2	55.8
CBDDTY010004069.1	1	3000	10	1610	53.6667	0.767333	34.8	43.1
CBDDTY010004070.1	1	3000	12	1537	51.2333	0.891333	30.5	25.7
CBDDTY010004071.1	1	3000	20	1948	64.9333	1.723	29.6	40.2
CBDDTY010004072.1	1	3000	12	2232	74.4	1.23233	35.4	48.9
CBDDTY010004073.1	1	3000	16	1888	62.9333	1.15233	33.7	53.6
CBDDTY010004074.1	1	3000	4	980	32.6667	0.341667	34.5	15.5
CBDDTY010004075.1	1	3000	5	803	26.7667	0.385	30.6	19
CBDDTY010004077.1	1	3000	1	126	4.2	0.042	42.2	1
CBDDTY010004078.1	1	3000	6	798	26.6	0.512	36.4	53.7
CBDDTY010004079.1	1	3000	6	573	19.1	0.622333	32.5	0.833
CBDDTY010004080.1	1	3000	1	410	13.6667	0.136667	37.4	60
CBDDTY010004082.1	1	3000	5	730	24.3333	0.350667	30.9	36.8
CBDDTY010004083.1	1	3000	7	1093	36.4333	0.604333	33.7	18
CBDDTY010004084.1	1	3000	6	1269	42.3	0.602333	32	42.2
CBDDTY010004085.1	1	3000	13	995	33.1667	0.775	32.8	1.38
CBDDTY010004086.1	1	3000	5	350	11.6667	0.249	30.7	20.4
CBDDTY010004087.1	1	3000	9	847	28.2333	0.558667	31.6	2.22
CBDDTY010004088.1	1	3000	4	343	11.4333	0.173	36.3	3.5
CBDDTY010004089.1	1	3000	5	846	28.2	0.418	35.2	33.2
CBDDTY010004090.1	1	3000	12	1291	43.0333	0.764667	33.7	28
CBDDTY010004091.1	1	3000	6	1187	39.5667	0.694667	32	60
CBDDTY010004092.1	1	3000	27	2400	80	2.47033	35.7	27.8
CBDDTY010004093.1	1	3000	8	1224	40.8	0.774	32.9	23.6
CBDDTY010004094.1	1	3000	3	791	26.3667	0.263667	38.5	37.3
CBDDTY010004095.1	1	3000	5	744	24.8	0.308	28	45.2
CBDDTY010004096.1	1	3000	6	1213	40.4333	0.498	34.2	50
CBDDTY010004098.1	1	3000	1	240	8	0.08	27.5	1
CBDDTY010004099.1	1	3000	4	973	32.4333	0.324333	35.4	60
CBDDTY010004100.1	1	3000	33	2832	94.4	2.921	34.1	40.8
CBDDTY010004101.1	1	3000	8	1926	64.2	0.979667	31.5	54.4
CBDDTY010004102.1	1	3000	5	870	29	0.369	30.2	38.2
CBDDTY010004103.1	1	3000	12	1871	62.3667	0.965	34.1	51.2
CBDDTY010004104.1	1	3000	6	886	29.5333	0.391	33.8	8.67
CBDDTY010004105.1	1	3000	6	768	25.6	0.386667	37.8	51.5
CBDDTY010004106.1	1	3000	1	296	9.86667	0.0986667	31.7	1
CBDDTY010004107.1	1	3000	3	400	13.3333	0.210333	33.2	0.667
CBDDTY010004108.1	1	3000	5	632	21.0667	0.357	29.9	24
CBDDTY010004109.1	1	3000	1	208	6.93333	0.0693333	29.2	1
CBDDTY010004110.1	1	3000	1	298	9.93333	0.0993333	33.3	48
CBDDTY010004111.1	1	2000	10	1094	54.7	1.2915	30	10.2
CBDDTY010004112.1	1	2000	2	515	25.75	0.281	26.7	0.5
CBDDTY010004113.1	1	2000	4	785	39.25	0.4645	33	45.2
CBDDTY010004114.1	1	2000	3	448	22.4	0.3495	32.5	5.67
CBDDTY010004115.1	1	2000	1	123	6.15	0.0615	32.5	4
CBDDTY010004116.1	1	2000	4	670	33.5	0.6585	33.4	46
CBDDTY010004117.1	1	2000	7	1152	57.6	1.2345	29.3	37.3
CBDDTY010004118.1	1	2000	2	264	13.2	0.1845	35.8	60
CBDDTY010004119.1	1	2000	5	998	49.9	0.574	30.1	11.4
CBDDTY010004120.1	1	2000	3	699	34.95	0.439	38.2	25.7
CBDDTY010004122.1	1	2000	10	1179	58.95	1.107	31.5	44.5
CBDDTY010004123.1	1	2000	1	171	8.55	0.0855	34.9	1
CBDDTY010004124.1	1	2000	5	838	41.9	0.628	35.5	24
CBDDTY010004125.1	1	2000	4	1202	60.1	0.601	34.2	58.2
CBDDTY010004126.1	1	2000	5	479	23.95	0.4775	33.2	1
CBDDTY010004127.1	1	2000	6	1123	56.15	0.673	31.6	60
CBDDTY010004128.1	1	2000	5	1035	51.75	0.8605	36.4	17.6
CBDDTY010004129.1	1	2000	3	680	34	0.413	30.6	60
CBDDTY010004130.1	1	2000	4	759	37.95	0.3945	31.9	40.8
CBDDTY010004131.1	1	2000	3	462	23.1	0.2765	34.9	60
CBDDTY010004132.1	1	2000	5	703	35.15	0.511	31.6	31.4
CBDDTY010004133.1	1	2000	1	209	10.45	0.1045	39.3	1
CBDDTY010004134.1	1	2000	3	241	12.05	0.271	28.7	57.3
CBDDTY010004135.1	1	2000	6	948	47.4	0.695	31.4	18.7
CBDDTY010004136.1	1	2000	3	856	42.8	0.625	29.8	3.33
CBDDTY010004139.1	1	2000	3	479	23.95	0.3165	31.7	60
CBDDTY010004140.1	1	2000	2	400	20	0.257	26.8	0.5
CBDDTY010004141.1	1	2000	5	555	27.75	0.461	36.2	42.6
CBDDTY010004143.1	1	2000	5	1111	55.55	0.5555	34.7	50.6
CBDDTY010004144.1	1	2000	2	795	39.75	0.3975	32.4	30.5
CBDDTY010004145.1	1	2000	6	1125	56.25	0.841	32.4	60
CBDDTY010004146.1	1	2000	1	338	16.9	0.169	27	60
CBDDTY010004147.1	1	2000	10	1625	81.25	1.202	30	46.1
CBDDTY010004149.1	1	2000	9	1480	74	1.1835	32.5	55.6
CBDDTY010004150.1	1	2000	10	1243	62.15	1.5525	32.1	38.5
CBDDTY010004151.1	1	2000	4	819	40.95	0.568	36.2	45.8
CBDDTY010004152.1	1	2000	4	844	42.2	0.5045	34.5	60
CBDDTY010004153.1	1	2000	8	1622	81.1	1.351	28.6	60
CBDDTY010004154.1	1	2000	5	510	25.5	0.3565	31.9	2
CBDDTY010004155.1	1	2000	5	611	30.55	0.5015	24.4	32.8
CBDDTY010004156.1	1	2000	6	1288	64.4	1.2385	32.8	8.17
CBDDTY010004157.1	1	2000	63	1612	80.6	9.2685	34.1	47.3
CBDDTY010004158.1	1	2000	10	962	48.1	1.272	32	6.9
CBDDTY010004161.1	1	2000	2	259	12.95	0.189	29.4	1
CBDDTY010004162.1	1	2000	1	340	17	0.17	30.1	4
CBDDTY010004163.1	1	2000	1	131	6.55	0.0655	36.2	0
CBDDTY010004164.1	1	2000	1	128	6.4	0.064	28.2	34
CBDDTY010004165.1	1	2000	2	324	16.2	0.261	34.2	14.5
CBDDTY010004166.1	1	2000	5	1194	59.7	0.6655	36.3	35.8
CBDDTY010004167.1	1	2000	5	818	40.9	0.967	35.3	60
CBDDTY010004168.1	1	2000	5	1084	54.2	0.5895	35.5	43
CBDDTY010004169.1	1	2000	25	1306	65.3	4.268	29.9	10.8
CBDDTY010004171.1	1	2000	5	1022	51.1	0.8355	34.4	43.2
CBDDTY010004172.1	1	2000	9	1370	68.5	1.458	34	40.2
CBDDTY010004173.1	1	2000	14	1332	66.6	1.667	33.5	17.8
CBDDTY010004174.1	1	2000	1	200	10	0.1	35	1
CBDDTY010004175.1	1	2000	2	255	12.75	0.1275	34.7	20.5
CBDDTY010004176.1	1	2000	3	997	49.85	0.5905	33.8	60
CBDDTY010004177.1	1	2000	2	179	8.95	0.0895	35.8	10.5
CBDDTY010004178.1	1	2000	13	1563	78.15	1.4805	30.9	34.5
CBDDTY010004179.1	1	2000	30	1894	94.7	4.35	32.3	34.8
CBDDTY010004180.1	1	2000	3	434	21.7	0.3455	34.7	60
CBDDTY010004182.1	1	2000	4	848	42.4	0.6045	36.1	36.8
CBDDTY010004183.1	1	2000	1	394	19.7	0.197	37.2	31
CBDDTY010004184.1	1	2000	4	790	39.5	0.6225	34.3	18.5
CBDDTY010004186.1	1	2000	5	1040	52	0.7385	29.3	49.6
CBDDTY010004189.1	1	2000	2	780	39	0.39	31.9	60
CBDDTY010004190.1	1	2000	5	1058	52.9	0.632	33.6	48
CBDDTY010004191.1	1	2000	8	880	44	0.592	35.5	13.2
CBDDTY010004192.1	1	2000	2	267	13.35	0.1335	32.4	30.5
CBDDTY010004193.1	1	2000	9	754	37.7	1.285	32.8	4.44
CBDDTY010004194.1	1	2000	2	295	14.75	0.233	36.2	1
CBDDTY010004195.1	1	2000	3	690	34.5	0.345	37.7	45
CBDDTY010004196.1	1	2000	3	677	33.85	0.3385	30.1	20.7
CBDDTY010004198.1	1	2000	3	516	25.8	0.258	22.3	39
CBDDTY010004199.1	1	2000	2	176	8.8	0.127	30.9	1
CBDDTY010004200.1	1	2000	2	240	12	0.2045	33	60
CBDDTY010004201.1	1	2000	11	1177	58.85	1.163	30.6	43.8
CBDDTY010004203.1	1	2000	3	546	27.3	0.3565	37.4	31.3
CBDDTY010004204.1	1	2000	10	1245	62.25	1.431	32.5	43.6
CBDDTY010004205.1	1	2000	2	457	22.85	0.258	34.2	60
CBDDTY010004206.1	1	2000	5	821	41.05	0.571	35	24
CBDDTY010004207.1	1	2000	4	450	22.5	0.3495	35.8	30.8
CBDDTY010004209.1	1	2000	2	310	15.5	0.155	28	37
CBDDTY010004210.1	1	2000	7	1211	60.55	0.98	31.7	53.7
CBDDTY010004211.1	1	2000	2	299	14.95	0.1495	35.1	6
CBDDTY010004212.1	1	2000	3	721	36.05	0.4465	32.3	60
CBDDTY010004213.1	1	2000	14	1649	82.45	1.8215	33.3	43.6
CBDDTY010004214.1	1	2000	1	201	10.05	0.1005	36.5	1
CBDDTY010004215.1	1	2000	6	1562	78.1	1.172	33.4	50.2
CBDDTY010004217.1	1	2000	2	539	26.95	0.2695	35.4	0.5
CBDDTY010004218.1	1	2000	6	938	46.9	0.646	35.1	34.3
CBDDTY010004219.1	1	2000	3	300	15	0.1915	19.7	0.667
CBDDTY010004220.1	1	2000	2	243	12.15	0.224	31.9	0
CBDDTY010004221.1	1	2000	8	1177	58.85	1.078	35.1	42.2
CBDDTY010004222.1	1	2000	3	996	49.8	0.618	30.3	55
CBDDTY010004223.1	1	2000	6	947	47.35	0.8285	31.1	56.7
CBDDTY010004224.1	1	2000	8	1012	50.6	0.7765	35.7	30.1
CBDDTY010004225.1	1	2000	13	1238	61.9	1.6895	32.5	1.77
CBDDTY010004227.1	1	2000	163	1777	88.85	20.273	32.8	53.6
CBDDTY010004229.1	1	1983	1	75	3.78215	0.0378215	25.3	1
CBDDTY010004230.1	1	2000	9	688	34.4	1.095	32.7	11.1
CBDDTY010004231.1	1	2000	5	937	46.85	0.5735	32.2	48.2
CBDDTY010004232.1	1	2000	7	993	49.65	0.753	32.9	51.3
CBDDTY010004233.1	1	2000	2	345	17.25	0.1725	34.2	48.5
CBDDTY010004234.1	1	2000	4	486	24.3	0.6255	34.2	9
CBDDTY010004235.1	1	2000	7	909	45.45	0.698	32	29.1
CBDDTY010004236.1	1	2000	7	1319	65.95	1.0565	34.5	56.7
CBDDTY010004238.1	1	2000	1	230	11.5	0.115	28	1
CBDDTY010004239.1	1	2000	2	264	13.2	0.264	38.2	1
CBDDTY010004240.1	1	2000	5	1035	51.75	0.751	30.7	50
CBDDTY010004241.1	1	2000	25	1662	83.1	3.5365	33.2	19
CBDDTY010004242.1	1	2000	5	960	48	0.72	30.3	38.6
CBDDTY010004243.1	1	2000	7	1471	73.55	1.0495	36.3	45.9
CBDDTY010004244.1	1	2000	8	966	48.3	0.963	33.6	43.2
CBDDTY010004245.1	1	2000	6	958	47.9	0.747	32	58.8
CBDDTY010004246.1	1	2000	2	437	21.85	0.2185	28.6	0.5
CBDDTY010004247.1	1	2000	14	1027	51.35	1.6845	37.7	5.57
CBDDTY010004249.1	1	2000	21	1964	98.2	2.694	33.9	38.9
CBDDTY010004251.1	1	2000	3	1379	68.95	0.8575	34.9	60
CBDDTY010004252.1	1	2000	5	629	31.45	0.4905	34.8	47.6
CBDDTY010004255.1	1	2000	3	407	20.35	0.2035	32	0.667
CBDDTY010004256.1	1	2000	4	635	31.75	0.3175	31.9	42
CBDDTY010004257.1	1	2000	19	1597	79.85	2.6125	33.3	16.8
CBDDTY010004258.1	1	2000	8	565	28.25	0.8505	29.5	4.25
CBDDTY010004259.1	1	2000	7	976	48.8	0.8995	36.3	45.3
CBDDTY010004260.1	1	2000	1	250	12.5	0.125	33.1	1
CBDDTY010004262.1	1	2000	3	677	33.85	0.3755	30.4	48.7
CBDDTY010004263.1	1	2000	3	640	32	0.32	30.3	40.3
CBDDTY010004264.1	1	2000	1	192	9.6	0.096	41.3	1
CBDDTY010004265.1	1	2000	3	514	25.7	0.293	30.1	27.7
CBDDTY010004266.1	1	2000	3	763	38.15	0.519	32.2	60
CBDDTY010004267.1	1	2000	9	789	39.45	1.335	32.5	5.56
CBDDTY010004268.1	1	2000	7	917	45.85	0.748	33.2	42.7
CBDDTY010004269.1	1	2000	1	91	4.55	0.0455	35.1	0
CBDDTY010004270.1	1	2000	2	312	15.6	0.269	36.6	1
CBDDTY010004271.1	1	2000	10	778	38.9	1.1665	28.1	3
CBDDTY010004272.1	1	2000	6	475	23.75	0.564	36.5	17
CBDDTY010004273.1	1	2000	9	758	37.9	1.2875	33.2	25
CBDDTY010004274.1	1	2000	15	1615	80.75	1.9895	33.7	37.7
CBDDTY010004275.1	1	2000	27	1522	76.1	3.4975	31.7	24.1
CBDDTY010004276.1	1	2000	1	76	3.8	0.038	32.8	1
CBDDTY010004277.1	1	2000	5	686	34.3	0.456	37	9
CBDDTY010004278.1	1	2000	7	680	34	0.6725	36.8	45.7
CBDDTY010004280.1	1	2000	4	476	23.8	0.45	34.8	5.75
CBDDTY010004281.1	1	2000	3	1182	59.1	0.792	34.1	5
CBDDTY010004282.1	1	2000	1	371	18.55	0.1855	36.6	60
CBDDTY010004283.1	1	2000	5	928	46.4	0.464	34.1	20.2
CBDDTY010004284.1	1	2000	1	212	10.6	0.106	32	4
CBDDTY010004285.1	1	2000	4	1102	55.1	0.6275	29.8	48
CBDDTY010004286.1	1	2000	3	321	16.05	0.309	38.5	1
CBDDTY010004287.1	1	2000	2	181	9.05	0.0905	33	13.5
CBDDTY010004288.1	1	2000	8	599	29.95	0.8905	34.8	30.4
CBDDTY010004289.1	1	2000	4	696	34.8	0.493	34.7	37
CBDDTY010004290.1	1	2000	4	756	37.8	0.7225	31.2	59.5
CBDDTY010004291.1	1	2000	10	504	25.2	0.754	37.8	32.4
CBDDTY010004293.1	1	2000	7	612	30.6	1.007	32.6	21.3
CBDDTY010004294.1	1	2000	16	1178	58.9	1.5925	34.5	17.6
CBDDTY010004296.1	1	2000	4	789	39.45	0.437	36	33
CBDDTY010004297.1	1	2000	1	259	12.95	0.1295	31.7	0
CBDDTY010004298.1	1	2000	1	141	7.05	0.0705	35.7	20
CBDDTY010004300.1	1	2000	1	57	2.85	0.0285	15.5	16
CBDDTY010004301.1	1	2000	8	851	42.55	0.88	34.1	0.5
CBDDTY010004302.1	1	2000	4	656	32.8	0.4135	36.3	13.8
CBDDTY010004303.1	1	2000	3	616	30.8	0.5105	30.2	6.67
CBDDTY010004304.1	1	2000	1	457	22.85	0.2285	26.3	60
CBDDTY010004305.1	1	2000	1	342	17.1	0.171	41.8	24
CBDDTY010004306.1	1	2000	3	548	27.4	0.3115	36.5	40.3
CBDDTY010004307.1	1	2000	7	1057	52.85	0.978	32.2	49.4
CBDDTY010004308.1	1	2000	2	149	7.45	0.1205	24.6	8
CBDDTY010004309.1	1	2000	4	659	32.95	0.358	36.4	7
CBDDTY010004310.1	1	2000	5	848	42.4	0.485	30.4	45.6
CBDDTY010004311.1	1	2000	2	162	8.1	0.081	39.3	0.5
CBDDTY010004312.1	1	2000	5	767	38.35	0.59	31.9	41
CBDDTY010004313.1	1	2000	7	1105	55.25	0.921	31.3	60
CBDDTY010004314.1	1	2000	7	1513	75.65	1.0355	30.2	60
CBDDTY010004315.1	1	2000	2	296	14.8	0.148	29.5	9
CBDDTY010004316.1	1	2000	2	323	16.15	0.1615	35.8	24
CBDDTY010004317.1	1	2000	4	461	23.05	0.304	31.2	16.8
CBDDTY010004318.1	1	2000	1	283	14.15	0.1415	30.9	60
CBDDTY010004319.1	1	2000	1	166	8.3	0.083	31.3	1
CBDDTY010004320.1	1	2000	13	1118	55.9	1.462	34.4	10.5
CBDDTY010004321.1	1	2000	1	400	20	0.2	26.6	53
CBDDTY010004322.1	1	2000	2	312	15.6	0.156	32.3	30.5
CBDDTY010004323.1	1	2000	4	647	32.35	0.528	32	26.5
CBDDTY010004324.1	1	2000	4	357	17.85	0.326	31.7	53.8
CBDDTY010004326.1	1	2000	5	909	45.45	0.559	32	48.2
CBDDTY010004327.1	1	2000	1	157	7.85	0.0785	35.3	60
CBDDTY010004328.1	1	2000	10	1702	85.1	1.5865	33.7	30.6
CBDDTY010004329.1	1	2000	22	1442	72.1	2.652	35.1	15
CBDDTY010004330.1	1	2000	8	1339	66.95	0.9985	33.9	45.1
CBDDTY010004331.1	1	2000	3	502	25.1	0.27	28.8	48.3
CBDDTY010004332.1	1	2000	2	287	14.35	0.1435	29.5	1
CBDDTY010004333.1	1	2000	1	129	6.45	0.0645	37.1	1
CBDDTY010004334.1	1	2000	4	1131	56.55	0.5655	30.7	32.8
CBDDTY010004335.1	1	2000	2	420	21	0.247	33	7.5
CBDDTY010004336.1	1	2000	1	99	4.95	0.0495	32.1	0
CBDDTY010004337.1	1	2000	1	236	11.8	0.118	36.8	59
CBDDTY010004338.1	1	2000	6	896	44.8	0.689	32.8	57.5
CBDDTY010004339.1	1	2000	5	964	48.2	0.6475	32.9	24.6
CBDDTY010004340.1	1	2000	3	899	44.95	0.6845	36.1	60
CBDDTY010004342.1	1	2000	2	810	40.5	0.556	35.3	38
CBDDTY010004345.1	1	2000	5	794	39.7	0.5825	33.7	12
CBDDTY010004346.1	1	2000	1	340	17	0.17	30.8	60
CBDDTY010004347.1	1	2000	3	666	33.3	0.411	34.2	60
CBDDTY010004348.1	1	2000	9	1343	67.15	1.1855	34.9	41
CBDDTY010004349.1	1	2000	2	280	14	0.224	31.4	3
CBDDTY010004350.1	1	2000	7	928	46.4	0.6205	33.3	30.7
CBDDTY010004351.1	1	2000	4	725	36.25	0.5545	37	45.5
CBDDTY010004352.1	1	2000	4	686	34.3	0.451	36.4	52
CBDDTY010004353.1	1	2000	5	613	30.65	0.494	33.2	3
CBDDTY010004354.1	1	2000	2	264	13.2	0.132	32.8	12
CBDDTY010004356.1	1	2000	6	1174	58.7	0.9	33.2	50.2
CBDDTY010004358.1	1	2000	7	1067	53.35	1.057	33.5	52
CBDDTY010004359.1	1	2000	2	285	14.25	0.1425	33.1	3.5
CBDDTY010004360.1	1	2000	2	660	33	0.33	30.5	60
CBDDTY010004361.1	1	2000	5	1123	56.15	0.7465	33.2	50.8
CBDDTY010004363.1	1	2000	5	935	46.75	0.536	34.9	13.6
CBDDTY010004364.1	1	2000	9	1658	82.9	1.2125	32.7	35.6
CBDDTY010004365.1	1	2000	2	596	29.8	0.298	38.1	1
CBDDTY010004366.1	1	2000	4	746	37.3	0.373	34.7	18
CBDDTY010004367.1	1	2000	2	377	18.85	0.2015	35.2	9.5
CBDDTY010004368.1	1	2000	7	1074	53.7	1.133	35.1	42.3
CBDDTY010004369.1	1	2000	3	430	21.5	0.218	33.3	16
CBDDTY010004371.1	1	2000	1	207	10.35	0.1035	34.8	29
CBDDTY010004372.1	1	2000	4	774	38.7	0.554	37.2	55
CBDDTY010004373.1	1	2000	3	776	38.8	0.618	30.2	22
CBDDTY010004374.1	1	2000	6	739	36.95	0.9855	34.7	31.2
CBDDTY010004375.1	1	2000	1	231	11.55	0.1155	33.7	60
CBDDTY010004376.1	1	2000	8	1198	59.9	0.9115	31.7	27.2
CBDDTY010004377.1	1	2000	6	978	48.9	0.5495	31.6	45.2
CBDDTY010004378.1	1	2000	29	1571	78.55	4.5535	32.6	16.1
CBDDTY010004379.1	1	2000	2	474	23.7	0.237	33.2	46.5
CBDDTY010004380.1	1	2000	5	764	38.2	0.52	33	49.4
CBDDTY010004382.1	1	2000	5	326	16.3	0.316	34.5	56
CBDDTY010004383.1	1	2000	24	1661	83.05	2.7145	32.7	13.1
CBDDTY010004384.1	1	2000	1	127	6.35	0.0635	27	60
CBDDTY010004385.1	1	2000	11	1476	73.8	1.582	35.1	32.5
CBDDTY010004386.1	1	2000	6	943	47.15	0.6595	34.7	46
CBDDTY010004387.1	1	2000	2	647	32.35	0.3235	34.2	60
CBDDTY010004388.1	1	2000	4	694	34.7	0.4195	34.7	35
CBDDTY010004389.1	1	2000	5	816	40.8	0.585	30.3	42.6
CBDDTY010004390.1	1	2000	4	984	49.2	0.598	33	44.5
CBDDTY010004391.1	1	2000	4	516	25.8	0.3395	34.4	31.2
CBDDTY010004392.1	1	2000	4	633	31.65	0.3295	34.7	33.8
CBDDTY010004393.1	1	2000	7	951	47.55	0.8665	30.8	16.6
CBDDTY010004394.1	1	2000	3	723	36.15	0.3615	35.5	4.67
CBDDTY010004395.1	1	2000	4	632	31.6	0.316	33.8	3.25
CBDDTY010004396.1	1	2000	3	514	25.7	0.5135	35.8	60
CBDDTY010004400.1	1	2000	28	1707	85.35	4.2345	31.4	31.4
CBDDTY010004401.1	1	2000	4	581	29.05	0.4795	29.6	60
CBDDTY010004402.1	1	2000	3	719	35.95	0.5745	31.7	17.3
CBDDTY010004403.1	1	2000	4	892	44.6	0.5655	31.1	60
CBDDTY010004404.1	1	2000	10	1232	61.6	1.1185	33.7	54.4
CBDDTY010004405.1	1	2000	9	1048	52.4	0.7975	34.2	23.8
CBDDTY010004407.1	1	2000	9	1399	69.95	1.1145	33.2	11.9
CBDDTY010004408.1	1	2000	3	682	34.1	0.341	32.1	31.7
CBDDTY010004410.1	1	2000	5	1057	52.85	0.91	34.2	19
CBDDTY010004411.1	1	2000	9	823	41.15	0.891	33.6	4.11
CBDDTY010004412.1	1	2000	3	722	36.1	0.507	33.2	12.3
CBDDTY010004413.1	1	2000	4	952	47.6	0.49	30.1	44.8
CBDDTY010004414.1	1	2000	13	958	47.9	2.009	33.5	30.7
CBDDTY010004415.1	1	2000	3	583	29.15	0.3505	33.1	42.3
CBDDTY010004417.1	1	2000	11	1566	78.3	1.28	34.8	41.6
CBDDTY010004418.1	1	2000	1	222	11.1	0.111	42	0
CBDDTY010004420.1	1	2000	3	510	25.5	0.255	37.1	43.7
CBDDTY010004422.1	1	2000	7	1016	50.8	0.784	32.5	48
CBDDTY010004424.1	1	2000	5	835	41.75	0.83	31	12.2
CBDDTY010004425.1	1	2000	15	1729	86.45	2.054	35.1	19.8
CBDDTY010004426.1	1	2000	3	608	30.4	0.332	33.3	6
CBDDTY010004427.1	1	2000	6	631	31.55	0.6665	35	15.5
CBDDTY010004428.1	1	2000	4	318	15.9	0.403	32.8	9.5
CBDDTY010004431.1	1	2000	9	929	46.45	0.8115	33.2	22.1
CBDDTY010004432.1	1	2000	7	1091	54.55	0.7155	31.6	28.7
CBDDTY010004433.1	1	2000	2	412	20.6	0.206	34	37
CBDDTY010004434.1	1	2000	19	1289	64.45	3.0225	35.3	37.6
CBDDTY010004435.1	1	2000	5	1348	67.4	0.674	33.7	36.4
CBDDTY010004436.1	1	2000	3	761	38.05	0.3805	35.7	33.7
CBDDTY010004437.1	1	2000	6	1108	55.4	1.0385	32.5	20
CBDDTY010004438.1	1	2000	5	961	48.05	0.7885	30.4	5.8
CBDDTY010004439.1	1	2000	4	988	49.4	0.5965	29.4	32.8
CBDDTY010004440.1	1	2000	11	1125	56.25	1.457	30.6	32.8
CBDDTY010004441.1	1	2000	3	322	16.1	0.1985	33	10.7
CBDDTY010004442.1	1	2000	1	117	5.85	0.0585	40.4	0
CBDDTY010004443.1	1	2000	1	571	28.55	0.2855	38.3	57
CBDDTY010004444.1	1	2000	3	574	28.7	0.287	35.9	50.7
CBDDTY010004445.1	1	2000	5	661	33.05	0.5505	34.8	55.2
CBDDTY010004446.1	1	2000	4	971	48.55	0.615	35.4	36.8
CBDDTY010004448.1	1	2000	2	525	26.25	0.2625	33.8	60
CBDDTY010004449.1	1	2000	6	1346	67.3	0.9465	31.1	33
CBDDTY010004450.1	1	2000	2	219	10.95	0.1095	36.2	1.5
CBDDTY010004451.1	1	2000	4	524	26.2	0.402	35.1	36.5
CBDDTY010004452.1	1	2000	14	1190	59.5	2.337	32.4	13.6
CBDDTY010004453.1	1	2000	7	1145	57.25	0.708	34.1	11.7
CBDDTY010004454.1	1	2000	2	436	21.8	0.218	32.5	30.5
CBDDTY010004455.1	1	2000	3	497	24.85	0.276	35	34.3
CBDDTY010004456.1	1	2000	6	1229	61.45	0.7845	34.2	32
CBDDTY010004457.1	1	2000	8	929	46.45	0.6165	38.2	3.38
CBDDTY010004459.1	1	2000	1	163	8.15	0.0815	36.6	0
CBDDTY010004460.1	1	2000	10	1230	61.5	1.0015	33.8	52.4
CBDDTY010004461.1	1	2000	2	539	26.95	0.2695	30.5	57.5
CBDDTY010004462.1	1	2000	1	112	5.6	0.056	35.2	1
CBDDTY010004465.1	1	2000	4	694	34.7	0.4595	37.3	51
CBDDTY010004466.1	1	2000	16	1756	87.8	1.9185	29.6	48.2
CBDDTY010004467.1	1	2000	2	442	22.1	0.2965	33.6	1
CBDDTY010004468.1	1	2000	6	985	49.25	0.841	30.7	27.5
CBDDTY010004469.1	1	2000	13	1199	59.95	1.1925	32.8	9.69
CBDDTY010004470.1	1	2000	9	1292	64.6	1.208	29.6	50.3
CBDDTY010004472.1	1	2000	2	268	13.4	0.168	32.2	41
CBDDTY010004473.1	1	2000	3	804	40.2	0.514	36.2	40.3
CBDDTY010004474.1	1	2000	20	1460	73	2.4145	33.5	20.8
CBDDTY010004475.1	1	2000	11	1145	57.25	1.2725	31	20.3
CBDDTY010004476.1	1	2000	5	737	36.85	0.444	38.1	35
CBDDTY010004477.1	1	2000	1	142	7.1	0.071	25.4	28
CBDDTY010004478.1	1	2000	1	215	10.75	0.1075	38.6	60
CBDDTY010004479.1	1	2000	4	938	46.9	0.622	32.4	56.2
CBDDTY010004480.1	1	2000	10	1374	68.7	1.1165	30.9	26
CBDDTY010004481.1	1	2000	6	831	41.55	0.708	35	56.7
CBDDTY010004482.1	1	2000	16	1721	86.05	2.481	33.8	43.4
CBDDTY010004484.1	1	2000	1	172	8.6	0.086	35	1
CBDDTY010004485.1	1	2000	6	322	16.1	0.459	35.4	36.3
CBDDTY010004486.1	1	2000	1	130	6.5	0.065	37.7	1
CBDDTY010004487.1	1	2000	4	725	36.25	0.38	30.7	57
CBDDTY010004488.1	1	2000	8	1047	52.35	0.886	32.4	38.8
CBDDTY010004489.1	1	2000	3	561	28.05	0.3925	28.4	40.3
CBDDTY010004490.1	1	2000	10	1373	68.65	1.41	34.1	40.9
CBDDTY010004492.1	1	2000	5	755	37.75	0.483	33.8	25
CBDDTY010004493.1	1	2000	7	942	47.1	0.646	32.6	33.6
CBDDTY010004494.1	1	2000	8	1322	66.1	0.816	32	42.2
CBDDTY010004495.1	1	2000	23	904	45.2	3.1925	31.2	27.1
CBDDTY010004497.1	1	2000	6	1237	61.85	0.683	33.1	51.8
CBDDTY010004500.1	1	2000	4	1038	51.9	0.6355	32.7	60
CBDDTY010004501.1	1	2000	1	292	14.6	0.146	35.9	42
CBDDTY010004502.1	1	2000	5	964	48.2	0.482	29.8	30.4
CBDDTY010004503.1	1	2000	7	1415	70.75	0.9675	32.3	54
CBDDTY010004504.1	1	2000	5	1659	82.95	1.109	31.5	60
CBDDTY010004505.1	1	2000	4	1492	74.6	0.756	32.4	60
CBDDTY010004506.1	1	2000	4	657	32.85	0.4745	36.7	19
CBDDTY010004508.1	1	2000	8	1159	57.95	1.1175	32	56.5
CBDDTY010004509.1	1	2000	8	1051	52.55	1.1835	37.1	47
CBDDTY010004510.1	1	2000	10	1244	62.2	0.922	35.3	37.1
CBDDTY010004511.1	1	2000	4	558	27.9	0.333	32.6	56.5
CBDDTY010004512.1	1	2000	18	1177	58.85	2.231	34.7	8.72
CBDDTY010004513.1	1	2000	4	293	14.65	0.235	33.4	10.5
CBDDTY010004514.1	1	2000	1	128	6.4	0.064	37.1	5
CBDDTY010004515.1	1	2000	3	443	22.15	0.3135	31.9	28
CBDDTY010004516.1	1	2000	3	529	26.45	0.335	32.4	54.7
CBDDTY010004517.1	1	2000	2	281	14.05	0.1405	31.1	2.5
CBDDTY010004518.1	1	2000	4	865	43.25	0.5895	35.4	37
CBDDTY010004520.1	1	2000	1	155	7.75	0.0775	39.8	6
CBDDTY010004521.1	1	2000	6	592	29.6	0.5975	34.6	13.3
CBDDTY010004522.1	1	2000	1	113	5.65	0.0565	38.9	0
CBDDTY010004523.1	1	2000	2	247	12.35	0.1235	28.7	0.5
CBDDTY010004524.1	1	2000	6	1152	57.6	0.858	33.3	55.5
CBDDTY010004525.1	1	2000	9	1317	65.85	1.2825	36.6	50.1
CBDDTY010004526.1	1	2000	3	776	38.8	0.558	34.1	60
CBDDTY010004527.1	1	2000	4	1073	53.65	0.5725	32.1	37.2
CBDDTY010004528.1	1	2000	6	1022	51.1	0.7195	29.7	46.5
CBDDTY010004529.1	1	2000	4	583	29.15	0.3565	32.4	45.2
CBDDTY010004530.1	1	2000	8	770	38.5	0.7025	35.4	41.1
CBDDTY010004531.1	1	2000	23	1682	84.1	3.0315	31.7	23.7
CBDDTY010004532.1	1	2000	11	945	47.25	1.106	36	1.55
CBDDTY010004533.1	1	2000	20	1489	74.45	2.7645	33	47.6
CBDDTY010004534.1	1	2000	5	1063	53.15	0.6405	34	47.4
CBDDTY010004535.1	1	2000	4	881	44.05	0.681	33.9	42.2
CBDDTY010004536.1	1	2000	7	1021	51.05	0.7295	37	50
CBDDTY010004538.1	1	2000	4	718	35.9	0.4615	26.6	39.8
CBDDTY010004539.1	1	2000	2	363	18.15	0.1815	32.9	60
CBDDTY010004540.1	1	2000	6	1184	59.2	0.812	33.6	35.2
CBDDTY010004541.1	1	2000	6	864	43.2	0.7005	33.3	50.2
CBDDTY010004545.1	1	2000	6	864	43.2	0.5425	34.1	48.3
CBDDTY010004546.1	1	2000	4	1210	60.5	0.605	30.6	26
CBDDTY010004547.1	1	2000	33	1846	92.3	5.062	35.2	9.48
CBDDTY010004548.1	1	2000	4	1035	51.75	0.5745	30.2	49.8
CBDDTY010004550.1	1	2000	4	876	43.8	0.465	33.7	29
CBDDTY010004552.1	1	2000	6	1005	50.25	0.7995	32.9	34.2
CBDDTY010004553.1	1	2000	13	1578	78.9	1.9035	28.6	4.62
CBDDTY010004555.1	1	2000	5	727	36.35	0.413	33	38.4
CBDDTY010004556.1	1	2000	3	402	20.1	0.201	33.5	41.3
CBDDTY010004557.1	1	2000	3	587	29.35	0.4045	34.1	33.3
CBDDTY010004558.1	1	2000	6	1022	51.1	0.6015	35.5	50.8
CBDDTY010004559.1	1	2000	18	1475	73.75	2.2305	32.6	51.4
CBDDTY010004561.1	1	2000	4	532	26.6	0.4165	34	15.5
CBDDTY010004562.1	1	2000	8	1871	93.55	1.32	30.8	59.1
CBDDTY010004563.1	1	2000	1	392	19.6	0.196	35.3	14
CBDDTY010004566.1	1	2000	5	1221	61.05	0.654	33.5	50.4
CBDDTY010004567.1	1	2000	2	349	17.45	0.1745	30.4	18
CBDDTY010004568.1	1	2000	1	159	7.95	0.0795	26.6	31
CBDDTY010004569.1	1	2000	1	245	12.25	0.1225	32.2	60
CBDDTY010004570.1	1	2000	2	534	26.7	0.33	27.2	60
CBDDTY010004571.1	1	2000	3	417	20.85	0.259	26	36.7
CBDDTY010004572.1	1	2000	11	1276	63.8	1.2425	33.1	7.82
CBDDTY010004574.1	1	2000	4	395	19.75	0.328	36	29.5
CBDDTY010004575.1	1	2000	1	132	6.6	0.066	28.9	14
CBDDTY010004576.1	1	2000	6	1619	80.95	0.952	30.5	54.8
CBDDTY010004577.1	1	2000	6	814	40.7	0.6055	31.7	22.2
CBDDTY010004578.1	1	2000	5	1056	52.8	0.6985	34.4	55.8
CBDDTY010004579.1	1	2000	5	580	29	0.331	37.7	42
CBDDTY010004581.1	1	2000	5	1395	69.75	0.8	34.8	33.8
CBDDTY010004583.1	1	2000	6	1155	57.75	0.738	30	34.7
CBDDTY010004584.1	1	2000	8	1333	66.65	1.036	32.2	45.8
CBDDTY010004585.1	1	2000	19	1988	99.4	2.8335	33.9	52.4
CBDDTY010004586.1	1	2000	18	1268	63.4	2.1665	31.7	21.4
CBDDTY010004588.1	1	2000	3	623	31.15	0.3555	34.9	25
CBDDTY010004589.1	1	2000	5	598	29.9	0.553	38.5	42.6
CBDDTY010004590.1	1	2000	6	635	31.75	0.551	31.8	23.5
CBDDTY010004591.1	1	2000	3	668	33.4	0.3755	31.5	54
CBDDTY010004592.1	1	2000	4	1018	50.9	0.694	33.6	47.5
CBDDTY010004593.1	1	2000	4	900	45	0.511	28.6	46.2
CBDDTY010004594.1	1	2000	4	649	32.45	0.4265	31.9	48.2
CBDDTY010004595.1	1	2000	10	546	27.3	0.8605	34.5	0.3
CBDDTY010004597.1	1	2000	7	1192	59.6	0.648	35.5	47
CBDDTY010004598.1	1	2000	8	300	15	0.765	35.8	14.4
CBDDTY010004599.1	1	2000	2	534	26.7	0.267	32.2	43.5
CBDDTY010004600.1	1	2000	3	877	43.85	0.4735	33.3	54
CBDDTY010004601.1	1	2000	2	584	29.2	0.396	29.4	60
CBDDTY010004602.1	1	2000	8	1072	53.6	1.1785	31.5	58.4
CBDDTY010004603.1	1	1000	2	382	38.2	0.382	22.4	1
CBDDTY010004606.1	1	1000	2	266	26.6	0.359	30.8	5.5
CBDDTY010004608.1	1	1000	1	207	20.7	0.207	37.7	18
CBDDTY010004609.1	1	1000	2	327	32.7	0.327	38.4	30
CBDDTY010004610.1	1	1000	3	694	69.4	1.134	28.4	60
CBDDTY010004611.1	1	1000	3	315	31.5	0.334	31.9	19.3
CBDDTY010004612.1	1	1000	4	524	52.4	0.673	31	36
CBDDTY010004613.1	1	1000	4	511	51.1	0.8	36	30
CBDDTY010004616.1	1	1000	9	916	91.6	2.339	34.9	55.2
CBDDTY010004617.1	1	1000	2	297	29.7	0.297	35.5	8
CBDDTY010004618.1	1	1000	1	171	17.1	0.171	33.7	40
CBDDTY010004619.1	1	1000	3	393	39.3	0.603	34.5	53.3
CBDDTY010004621.1	1	1000	1	412	41.2	0.412	31.7	60
CBDDTY010004624.1	1	1000	4	655	65.5	0.883	33.7	48
CBDDTY010004627.1	1	1000	8	464	46.4	1.719	34.3	16.8
CBDDTY010004628.1	1	1000	1	332	33.2	0.332	31.4	15
CBDDTY010004629.1	1	1000	11	937	93.7	2.529	30.2	31.8
CBDDTY010004630.1	1	1000	4	447	44.7	0.793	37.1	14.5
CBDDTY010004631.1	1	1000	1	167	16.7	0.167	22.8	29
CBDDTY010004632.1	1	1000	3	499	49.9	0.834	30	54
CBDDTY010004635.1	1	1000	5	798	79.8	1.33	34.2	60
CBDDTY010004636.1	1	1000	3	541	54.1	0.744	36.7	34.7
CBDDTY010004637.1	1	1000	2	241	24.1	0.241	36.4	0.5
CBDDTY010004639.1	1	1000	3	441	44.1	0.474	35.3	39
CBDDTY010004640.1	1	1000	5	698	69.8	1.147	32.6	2.2
CBDDTY010004642.1	1	1000	1	141	14.1	0.141	28.1	0
CBDDTY010004643.1	1	1000	13	869	86.9	3.684	34.9	37.9
CBDDTY010004644.1	1	1000	4	598	59.8	0.887	35.3	52.5
CBDDTY010004645.1	1	1000	2	735	73.5	0.735	40	51
CBDDTY010004646.1	1	1000	2	493	49.3	0.493	32.1	60
CBDDTY010004648.1	1	1000	1	384	38.4	0.384	35	1
CBDDTY010004649.1	1	1000	20	524	52.4	4.519	33.6	11.4
CBDDTY010004650.1	1	1000	2	245	24.5	0.245	30.2	25
CBDDTY010004651.1	1	1000	8	791	79.1	1.859	34.7	18.1
CBDDTY010004652.1	1	1000	8	661	66.1	1.412	35.8	16.9
CBDDTY010004653.1	1	1000	3	435	43.5	0.472	36.4	29.3
CBDDTY010004655.1	1	1000	2	266	26.6	0.399	37.9	54
CBDDTY010004656.1	1	1000	2	469	46.9	0.469	39.7	60
CBDDTY010004657.1	1	1000	2	492	49.2	0.563	29	2
CBDDTY010004658.1	1	1000	5	859	85.9	1.193	34.5	60
CBDDTY010004659.1	1	1000	1	174	17.4	0.174	22.3	60
CBDDTY010004660.1	1	1000	11	426	42.6	1.841	31.5	19
CBDDTY010004663.1	1	1000	1	208	20.8	0.208	36.9	60
CBDDTY010004664.1	1	1000	2	415	41.5	0.415	27.7	60
CBDDTY010004665.1	1	1000	1	107	10.7	0.107	37.4	8
CBDDTY010004666.1	1	1000	1	118	11.8	0.118	36.5	36
CBDDTY010004668.1	1	1000	3	364	36.4	0.405	31.7	5
CBDDTY010004669.1	1	1000	3	764	76.4	1.018	31.6	43.3
CBDDTY010004670.1	1	1000	4	662	66.2	0.947	30.1	53.5
CBDDTY010004671.1	1	1000	2	462	46.2	0.69	31.7	60
CBDDTY010004672.1	1	1000	3	345	34.5	0.507	35.4	0.667
CBDDTY010004674.1	1	1000	1	97	9.7	0.097	32.9	13
CBDDTY010004675.1	1	1000	1	221	22.1	0.221	34.9	0
CBDDTY010004676.1	1	1000	1	283	28.3	0.283	34.3	60
CBDDTY010004677.1	1	1000	1	363	36.3	0.363	26.4	60
CBDDTY010004678.1	1	1000	2	249	24.9	0.347	27.8	1
CBDDTY010004679.1	1	1000	4	728	72.8	1.165	32.1	60
CBDDTY010004680.1	1	1000	7	880	88	1.56	36.2	44.9
CBDDTY010004683.1	1	1000	3	488	48.8	0.64	37.3	0.667
CBDDTY010004685.1	1	1000	15	878	87.8	4.018	30.7	16.2
CBDDTY010004686.1	1	1000	1	236	23.6	0.236	33.5	60
CBDDTY010004688.1	1	1000	5	622	62.2	0.989	36.8	32
CBDDTY010004689.1	1	1000	6	685	68.5	1.405	32.7	7
CBDDTY010004690.1	1	1000	1	84	8.4	0.084	34	1
CBDDTY010004691.1	1	1000	10	863	86.3	2.886	32.3	58.9
CBDDTY010004692.1	1	1000	4	472	47.2	0.807	23.4	35
CBDDTY010004694.1	1	1000	3	600	60	0.6	33.4	38
CBDDTY010004695.1	1	1000	1	317	31.7	0.317	32.9	60
CBDDTY010004696.1	1	1000	8	776	77.6	1.844	34.7	15.1
CBDDTY010004697.1	1	1000	3	272	27.2	0.272	33.5	21
CBDDTY010004700.1	1	1000	4	335	33.5	0.584	28.5	0.5
CBDDTY010004701.1	1	1000	3	739	73.9	0.962	33.5	52.3
CBDDTY010004703.1	1	1000	3	424	42.4	0.604	35.5	56.3
CBDDTY010004705.1	1	1000	1	451	45.1	0.451	32.1	60
CBDDTY010004707.1	1	1000	2	755	75.5	1.014	38.1	30.5
CBDDTY010004708.1	1	1000	5	697	69.7	1.312	33.3	2.8
CBDDTY010004709.1	1	1000	3	598	59.8	0.598	38.9	42
CBDDTY010004711.1	1	1000	5	876	87.6	1.272	33.3	41
CBDDTY010004713.1	1	1000	1	105	10.5	0.105	29.3	1
CBDDTY010004716.1	1	1000	1	160	16	0.16	37.9	5
CBDDTY010004718.1	1	1000	1	113	11.3	0.113	32.2	14
CBDDTY010004719.1	1	1000	6	758	75.8	1.199	39.5	45.7
CBDDTY010004720.1	1	1000	4	534	53.4	0.534	35.2	35.2
CBDDTY010004721.1	1	1000	2	543	54.3	0.683	34.9	31.5
CBDDTY010004722.1	1	1000	2	429	42.9	0.429	40.6	14
CBDDTY010004723.1	1	1000	5	622	62.2	0.993	33.2	4
CBDDTY010004724.1	1	1000	1	331	33.1	0.331	29.2	60
CBDDTY010004726.1	1	1000	10	556	55.6	3.443	34.7	2.5
CBDDTY010004728.1	1	1000	2	288	28.8	0.288	36.7	30.5
CBDDTY010004729.1	1	1000	2	305	30.5	0.435	33.2	0.5
CBDDTY010004730.1	1	1000	3	307	30.7	0.721	36	47.3
CBDDTY010004731.1	1	1000	2	409	40.9	0.459	34.2	60
CBDDTY010004732.1	1	1000	1	93	9.3	0.093	36	0
CBDDTY010004734.1	1	1000	12	720	72	3.017	30	39.9
CBDDTY010004735.1	1	1000	1	159	15.9	0.159	30.4	0
CBDDTY010004737.1	1	1000	3	681	68.1	0.87	38.4	60
CBDDTY010004738.1	1	1000	1	147	14.7	0.147	40.6	60
CBDDTY010004740.1	1	1000	3	563	56.3	0.743	38	60
CBDDTY010004743.1	1	1000	4	762	76.2	0.934	28.9	45.2
CBDDTY010004744.1	1	1000	1	780	78	0.78	33	60
CBDDTY010004745.1	1	1000	12	651	65.1	2.24	37.1	44.1
CBDDTY010004746.1	1	1000	3	670	67	0.689	34.5	46.7
CBDDTY010004748.1	1	1000	1	141	14.1	0.141	38.8	9
CBDDTY010004749.1	1	1000	4	494	49.4	0.667	35.8	25.2
CBDDTY010004750.1	1	1000	2	328	32.8	0.328	28.3	31
CBDDTY010004751.1	1	1000	1	192	19.2	0.192	38	0
CBDDTY010004752.1	1	1000	1	452	45.2	0.452	33.4	55
CBDDTY010004753.1	1	1000	7	341	34.1	1.079	34	0.714
CBDDTY010004754.1	1	1000	4	771	77.1	1.667	33.7	59
CBDDTY010004755.1	1	1000	3	711	71.1	0.968	32.6	31.3
CBDDTY010004757.1	1	1000	2	303	30.3	0.6	34.5	60
CBDDTY010004758.1	1	1000	3	556	55.6	0.711	31.9	19.7
CBDDTY010004759.1	1	1000	1	139	13.9	0.139	33.5	0
CBDDTY010004760.1	1	1000	4	697	69.7	1.025	29.5	17
CBDDTY010004761.1	1	1000	1	553	55.3	0.553	37.5	1
CBDDTY010004762.1	1	1000	3	988	98.8	1.645	37.6	40.3
CBDDTY010004763.1	1	1000	2	487	48.7	0.621	32.4	60
CBDDTY010004765.1	1	1000	2	180	18	0.3	39.2	2
CBDDTY010004766.1	1	1000	4	527	52.7	0.833	34.1	25.2
CBDDTY010004767.1	1	1000	2	255	25.5	0.393	36.2	27
CBDDTY010004770.1	1	1000	9	392	39.2	2.021	33.6	0.222
CBDDTY010004771.1	1	1000	1	67	6.7	0.067	43.8	3
CBDDTY010004775.1	1	1000	3	518	51.8	0.521	28.4	45.7
CBDDTY010004777.1	1	1000	2	273	27.3	0.273	32.7	8.5
CBDDTY010004778.1	1	1000	1	217	21.7	0.217	34.1	0
CBDDTY010004779.1	1	1000	5	570	57	1.201	33.6	1.4
CBDDTY010004780.1	1	1000	1	140	14	0.14	27	6
CBDDTY010004783.1	1	1000	1	121	12.1	0.121	39.6	0
CBDDTY010004784.1	1	1000	2	388	38.8	0.388	34.6	31
CBDDTY010004786.1	1	1000	28	686	68.6	8.022	32	15.4
CBDDTY010004787.1	1	1000	4	323	32.3	1.039	30.7	60
CBDDTY010004790.1	1	1000	3	866	86.6	1.002	34.8	23.7
CBDDTY010004791.1	1	1000	2	387	38.7	0.387	36.6	7.5
CBDDTY010004792.1	1	1000	3	621	62.1	0.733	33.8	36.7
CBDDTY010004793.1	1	1000	4	284	28.4	0.465	26.5	0
CBDDTY010004794.1	1	1000	8	806	80.6	1.844	33.6	52
CBDDTY010004795.1	1	1000	6	579	57.9	1.505	33	4.17
CBDDTY010004797.1	1	1000	5	517	51.7	1.091	30.2	6.4
CBDDTY010004798.1	1	1000	4	686	68.6	1.045	34	19.5
CBDDTY010004801.1	1	1000	3	358	35.8	0.688	33.2	21.7
CBDDTY010004804.1	1	1000	3	575	57.5	0.683	31.7	36.3
CBDDTY010004805.1	1	1000	2	184	18.4	0.32	33.1	1.5
CBDDTY010004806.1	1	1000	4	727	72.7	0.819	30.8	45
CBDDTY010004809.1	1	1000	21	750	75	6.781	32	27.3
CBDDTY010004810.1	1	1000	5	396	39.6	1.151	35.1	17.4
CBDDTY010004811.1	1	1000	1	231	23.1	0.231	36.8	2
CBDDTY010004812.1	1	1000	4	276	27.6	0.659	36.3	25.8
CBDDTY010004813.1	1	1000	4	737	73.7	0.99	31.7	45.2
CBDDTY010004814.1	1	1000	1	105	10.5	0.105	27.5	48
CBDDTY010004815.1	1	1000	5	625	62.5	0.916	33.9	42.8
CBDDTY010004816.1	1	1000	2	394	39.4	0.51	33.7	24.5
CBDDTY010004818.1	1	1000	3	640	64	0.739	30.9	53
CBDDTY010004819.1	1	1000	1	193	19.3	0.193	38.6	1
CBDDTY010004820.1	1	1000	3	268	26.8	0.34	32.2	4.67
CBDDTY010004821.1	1	1000	1	68	6.8	0.068	38.3	0
CBDDTY010004822.1	1	1000	1	78	7.8	0.078	42.6	1
CBDDTY010004823.1	1	1000	9	729	72.9	1.854	33.9	12.6
CBDDTY010004824.1	1	1000	1	364	36.4	0.364	20.5	47
CBDDTY010004825.1	1	1000	5	703	70.3	1.643	32.5	35.2
CBDDTY010004826.1	1	1000	3	448	44.8	0.698	33.9	45.3
CBDDTY010004827.1	1	1000	1	132	13.2	0.132	33.1	60
CBDDTY010004829.1	1	1000	1	89	8.9	0.089	35.6	10
CBDDTY010004832.1	1	1000	3	868	86.8	0.997	30.9	51.3
CBDDTY010004834.1	1	1000	3	719	71.9	1.053	31.7	58.3
CBDDTY010004835.1	1	1000	3	460	46	0.627	33.7	50.7
CBDDTY010004837.1	1	1000	1	359	35.9	0.359	35.9	60
CBDDTY010004838.1	1	1000	5	633	63.3	1.191	31.1	12.4
CBDDTY010004840.1	1	1000	1	244	24.4	0.244	36.1	60
CBDDTY010004841.1	1	1000	1	229	22.9	0.229	36.9	16
CBDDTY010004842.1	1	1000	2	238	23.8	0.405	37.8	46.5
CBDDTY010004843.1	1	1000	1	359	35.9	0.359	39.7	58
CBDDTY010004844.1	1	1000	1	156	15.6	0.156	34.3	1
CBDDTY010004847.1	1	1000	15	802	80.2	3.374	32.4	14.7
CBDDTY010004848.1	1	1000	3	619	61.9	0.869	31.9	51
CBDDTY010004849.1	1	1000	2	391	39.1	0.623	36.5	1
CBDDTY010004850.1	1	1000	3	372	37.2	0.488	35.1	60
CBDDTY010004851.1	1	1000	4	666	66.6	0.884	29.9	2.5
CBDDTY010004853.1	1	1000	3	503	50.3	0.992	32.5	60
CBDDTY010004854.1	1	1000	2	493	49.3	0.493	27.3	2.5
CBDDTY010004856.1	1	1000	1	277	27.7	0.277	34.5	60
CBDDTY010004857.1	1	1000	2	355	35.5	0.355	35.3	9.5
CBDDTY010004858.1	1	1000	2	200	20	0.2	30.4	4.5
CBDDTY010004862.1	1	1000	5	615	61.5	0.727	35.7	43.4
CBDDTY010004863.1	1	1000	5	715	71.5	0.939	36	49.2
CBDDTY010004864.1	1	1000	1	303	30.3	0.303	26.5	1
CBDDTY010004865.1	1	1000	4	778	77.8	0.908	33	12.8
CBDDTY010004866.1	1	1000	12	797	79.7	2.521	34.7	52.5
CBDDTY010004867.1	1	1000	1	243	24.3	0.243	33.1	1
CBDDTY010004873.1	1	1000	4	572	57.2	0.913	36.5	56.5
CBDDTY010004874.1	1	1000	1	363	36.3	0.363	35.4	56
CBDDTY010004876.1	1	1000	3	581	58.1	0.713	38.1	4.67
CBDDTY010004877.1	1	1000	2	280	28	0.386	31.1	56
CBDDTY010004878.1	1	1000	5	668	66.8	0.801	28.2	36.8
CBDDTY010004881.1	1	1000	1	204	20.4	0.204	28.2	19
CBDDTY010004882.1	1	1000	1	300	30	0.3	35.5	60
CBDDTY010004883.1	1	1000	2	463	46.3	0.569	31.1	1
CBDDTY010004884.1	1	1000	3	583	58.3	1.128	35.9	40.3
CBDDTY010004886.1	1	1000	6	717	71.7	1.573	29.9	60
CBDDTY010004887.1	1	1000	3	701	70.1	0.701	36.1	29.3
CBDDTY010004888.1	1	1000	1	109	10.9	0.109	37.9	60
CBDDTY010004891.1	1	1000	2	351	35.1	0.362	34.5	0.5
CBDDTY010004894.1	1	1000	6	505	50.5	1.123	32.8	4
CBDDTY010004896.1	1	1000	4	669	66.9	1.07	33	60
CBDDTY010004897.1	1	1000	3	475	47.5	0.987	38.5	60
CBDDTY010004898.1	1	1000	1	148	14.8	0.148	32.8	48
CBDDTY010004899.1	1	1000	2	255	25.5	0.339	34.4	55.5
CBDDTY010004900.1	1	1000	21	949	94.9	7.113	30.7	7.9
CBDDTY010004901.1	1	1000	2	566	56.6	0.771	35.5	60
CBDDTY010004903.1	1	1000	35	990	99	8.325	32.6	43.7
CBDDTY010004906.1	1	1000	12	556	55.6	2.895	31.5	0.0833
CBDDTY010004907.1	1	1000	4	594	59.4	0.973	34.9	53.2
CBDDTY010004908.1	1	1000	1	240	24	0.24	40.6	1
CBDDTY010004911.1	1	1000	1	169	16.9	0.169	26.4	27
CBDDTY010004912.1	1	1000	3	377	37.7	0.675	31.3	51
CBDDTY010004913.1	1	1000	2	185	18.5	0.279	30.4	24.5
CBDDTY010004914.1	1	1000	1	117	11.7	0.117	39.7	0
CBDDTY010004915.1	1	1000	1	168	16.8	0.168	36.6	32
CBDDTY010004916.1	1	1000	9	813	81.3	1.938	31.9	50.6
CBDDTY010004917.1	1	1000	4	495	49.5	1.257	33.2	1.5
CBDDTY010004919.1	1	1000	3	347	34.7	0.434	35.7	50
CBDDTY010004920.1	1	1000	1	52	5.2	0.052	33.2	0
CBDDTY010004921.1	1	1000	5	846	84.6	1.245	34	60
CBDDTY010004922.1	1	1000	2	266	26.6	0.283	33.5	1
CBDDTY010004923.1	1	1000	4	404	40.4	0.832	34	0.75
CBDDTY010004924.1	1	1000	2	649	64.9	1.177	30.9	53
CBDDTY010004925.1	1	1000	2	272	27.2	0.471	24.6	0.5
CBDDTY010004927.1	1	1000	1	393	39.3	0.393	33.6	24
CBDDTY010004929.1	1	1000	1	82	8.2	0.082	34.2	0
CBDDTY010004930.1	1	1000	3	313	31.3	0.533	35.3	5
CBDDTY010004933.1	1	1000	3	610	61	0.843	31.5	19.7
CBDDTY010004934.1	1	1000	12	990	99	3.473	32.1	15.5
CBDDTY010004935.1	1	1000	6	624	62.4	1.336	31.9	23.3
CBDDTY010004937.1	1	1000	2	399	39.9	0.399	39.3	47
CBDDTY010004938.1	1	1000	1	118	11.8	0.118	27.6	0
CBDDTY010004939.1	1	1000	4	516	51.6	0.88	33.8	45.5
CBDDTY010004940.1	1	1000	6	818	81.8	1.539	32.4	41.7
CBDDTY010004941.1	1	1000	1	161	16.1	0.161	39.8	60
CBDDTY010004943.1	1	1000	9	832	83.2	2.539	31.8	26.9
CBDDTY010004944.1	1	1000	1	233	23.3	0.233	26.8	60
CBDDTY010004945.1	1	1000	1	149	14.9	0.149	32	48
CBDDTY010004948.1	1	1000	1	366	36.6	0.366	27	60
CBDDTY010004949.1	1	1000	5	471	47.1	1.066	31.8	2
CBDDTY010004950.1	1	1000	5	556	55.6	1.129	30.4	43
CBDDTY010004952.1	1	1000	5	734	73.4	1.21	34.8	60
CBDDTY010004953.1	1	1000	3	457	45.7	0.656	31	51.7
CBDDTY010004954.1	1	1000	3	783	78.3	0.783	29.6	51.7
CBDDTY010004955.1	1	1000	3	584	58.4	0.704	31.9	26.7
CBDDTY010004956.1	1	1000	1	176	17.6	0.176	34.3	15
CBDDTY010004957.1	1	1000	1	404	40.4	0.404	33.8	60
CBDDTY010004958.1	1	1000	1	213	21.3	0.213	29.9	14
CBDDTY010004959.1	1	1000	2	549	54.9	0.765	31.3	9
CBDDTY010004960.1	1	1000	1	370	37	0.37	39.2	60
CBDDTY010004962.1	1	1000	3	458	45.8	0.46	31.9	28.7
CBDDTY010004963.1	1	1000	2	569	56.9	0.569	34.6	30.5
CBDDTY010004964.1	1	1000	2	220	22	0.22	40.1	6
CBDDTY010004965.1	1	1000	6	651	65.1	1.386	33.4	16.2
CBDDTY010004966.1	1	1000	1	166	16.6	0.166	38.5	18
CBDDTY010004967.1	1	1000	4	909	90.9	1.86	32.4	60
CBDDTY010004968.1	1	1000	4	557	55.7	0.9	34.9	0.25
CBDDTY010004969.1	1	1000	6	874	87.4	1.674	33.9	46.2
CBDDTY010004970.1	1	1000	3	300	30	0.454	35.6	6
CBDDTY010004971.1	1	1000	4	416	41.6	0.651	28.4	38.8
CBDDTY010004972.1	1	1000	2	465	46.5	0.571	36.6	36
CBDDTY010004973.1	1	1000	3	329	32.9	0.687	32.6	29.7
CBDDTY010004976.1	1	1000	5	577	57.7	0.971	34.7	1
CBDDTY010004977.1	1	1000	1	187	18.7	0.187	36.6	0
CBDDTY010004978.1	1	1000	1	110	11	0.11	32.7	1
CBDDTY010004979.1	1	1000	3	545	54.5	0.639	33.8	2.67
CBDDTY010004980.1	1	1000	6	224	22.4	0.862	32.8	4.5
CBDDTY010004981.1	1	1000	3	505	50.5	0.62	31.1	29.7
CBDDTY010004982.1	1	1000	2	447	44.7	0.447	32.1	36.5
CBDDTY010004984.1	1	1000	1	70	7	0.07	35.3	0
CBDDTY010004985.1	1	1000	3	364	36.4	0.567	30.4	26
CBDDTY010004986.1	1	1000	7	785	78.5	1.649	32.6	40.7
CBDDTY010004988.1	1	1000	1	294	29.4	0.294	35.3	0
CBDDTY010004989.1	1	1000	3	413	41.3	0.537	33.9	10
CBDDTY010004990.1	1	1000	4	803	80.3	1.012	26.9	52.2
CBDDTY010004993.1	1	1000	1	56	5.6	0.056	32	4
CBDDTY010004995.1	1	1000	2	357	35.7	0.357	31.5	30
CBDDTY010004996.1	1	1000	2	258	25.8	0.424	31.4	19.5
CBDDTY010004997.1	1	1000	4	615	61.5	0.781	34.7	13
CBDDTY010004998.1	1	1000	3	407	40.7	0.617	32	20
CBDDTY010004999.1	1	1000	2	418	41.8	0.55	30.5	41.5
CBDDTY010005000.1	1	1000	6	836	83.6	1.289	37	29.8
CBDDTY010005001.1	1	1000	2	265	26.5	0.265	31	44.5
CBDDTY010005002.1	1	1000	4	702	70.2	0.883	32.4	51.5
CBDDTY010005003.1	1	1000	2	432	43.2	0.499	35.3	46.5
CBDDTY010005004.1	1	1000	1	175	17.5	0.175	33.9	13
CBDDTY010005005.1	1	1000	3	308	30.8	0.455	36.4	0.667
CBDDTY010005006.1	1	1000	7	263	26.3	1.194	32.8	56.1
CBDDTY010005008.1	1	1000	6	686	68.6	1.392	30.1	10.5
CBDDTY010005009.1	1	1000	1	261	26.1	0.261	30.9	1
CBDDTY010005011.1	1	1000	1	110	11	0.11	42.8	1
CBDDTY010005013.1	1	1000	1	116	11.6	0.116	34.2	43
CBDDTY010005014.1	1	1000	1	184	18.4	0.184	32.8	60
CBDDTY010005015.1	1	1000	1	122	12.2	0.122	39.3	1
CBDDTY010005017.1	1	1000	1	254	25.4	0.254	34	60
CBDDTY010005019.1	1	1000	1	95	9.5	0.095	38.5	19
CBDDTY010005020.1	1	1000	4	541	54.1	0.753	34.3	15.5
CBDDTY010005021.1	1	1000	2	406	40.6	0.592	30	5
CBDDTY010005023.1	1	1000	1	87	8.7	0.087	36.5	24
CBDDTY010005024.1	1	1000	3	435	43.5	0.47	35.1	51.3
CBDDTY010005025.1	1	1000	2	388	38.8	0.555	33.8	60
CBDDTY010005026.1	1	1000	1	282	28.2	0.282	24.1	38
CBDDTY010005028.1	1	1000	1	271	27.1	0.271	30.2	60
CBDDTY010005029.1	1	1000	3	601	60.1	0.726	33.3	56
CBDDTY010005030.1	1	1000	3	377	37.7	0.566	31.5	60
CBDDTY010005031.1	1	1000	1	51	5.1	0.051	29.8	9
CBDDTY010005032.1	1	1000	5	729	72.9	1.362	36.6	43.2
CBDDTY010005033.1	1	1000	2	492	49.2	0.641	34.8	2
CBDDTY010005034.1	1	1000	1	379	37.9	0.379	33.5	1
CBDDTY010005035.1	1	1000	4	725	72.5	0.938	29.9	45.2
CBDDTY010005037.1	1	1000	1	339	33.9	0.339	40.8	60
CBDDTY010005038.1	1	1000	2	441	44.1	0.441	35.6	59.5
CBDDTY010005041.1	1	1000	6	350	35	0.676	36.1	2.67
CBDDTY010005042.1	1	1000	2	523	52.3	0.523	38.7	0.5
CBDDTY010005043.1	1	1000	4	523	52.3	0.738	33.8	43.8
CBDDTY010005045.1	1	1000	12	416	41.6	3.021	35.3	11.3
CBDDTY010005046.1	1	1000	5	582	58.2	0.849	36.3	36
CBDDTY010005047.1	1	1000	1	126	12.6	0.126	26.6	10
CBDDTY010005048.1	1	1000	1	411	41.1	0.411	25.6	1
CBDDTY010005050.1	1	1000	2	482	48.2	0.627	39.6	42
CBDDTY010005051.1	1	1000	9	867	86.7	1.891	33.6	18.8
CBDDTY010005052.1	1	1000	2	174	17.4	0.174	31.5	18.5
CBDDTY010005054.1	1	1000	2	280	28	0.406	34.9	1
CBDDTY010005056.1	1	1000	6	973	97.3	1.464	31.3	33.3
CBDDTY010005057.1	1	1000	4	397	39.7	0.542	31.1	25
CBDDTY010005058.1	1	1000	5	566	56.6	0.902	31.5	0.6
CBDDTY010005060.1	1	1000	5	1000	100	1.559	34.9	50.8
CBDDTY010005061.1	1	1000	1	184	18.4	0.184	38.7	60
CBDDTY010005063.1	1	1000	1	219	21.9	0.219	35.6	60
CBDDTY010005065.1	1	1000	2	205	20.5	0.41	33.7	0
CBDDTY010005066.1	1	1000	5	840	84	1.331	34.2	50.2
CBDDTY010005070.1	1	1000	3	451	45.1	0.817	33.5	32.3
CBDDTY010005071.1	1	1000	1	310	31	0.31	23.2	0
CBDDTY010005073.1	1	1000	2	111	11.1	0.209	36.1	35
CBDDTY010005074.1	1	1000	1	131	13.1	0.131	25.8	0
CBDDTY010005075.1	1	1000	3	571	57.1	0.571	33.7	35.3
CBDDTY010005076.1	1	1000	1	310	31	0.31	36	60
CBDDTY010005078.1	1	1000	3	261	26.1	0.261	34	3.33
CBDDTY010005081.1	1	1000	1	121	12.1	0.121	31	10
CBDDTY010005082.1	1	1000	5	623	62.3	1.224	36.5	49.2
CBDDTY010005083.1	1	1000	2	357	35.7	0.357	37.4	31.5
CBDDTY010005085.1	1	1000	6	634	63.4	0.954	31.3	31.3
CBDDTY010005086.1	1	1000	3	763	76.3	1.254	30.1	60
CBDDTY010005087.1	1	1000	2	688	68.8	0.692	35.2	37.5
CBDDTY010005088.1	1	1000	1	126	12.6	0.126	33.5	0
CBDDTY010005089.1	1	1000	2	442	44.2	0.688	33	60
CBDDTY010005090.1	1	1000	2	312	31.2	0.499	35.2	60
CBDDTY010005092.1	1	1000	2	310	31	0.31	38.6	1
CBDDTY010005093.1	1	1000	5	823	82.3	1.433	33.9	57
CBDDTY010005094.1	1	1000	1	192	19.2	0.192	30.2	34
CBDDTY010005095.1	1	1000	1	218	21.8	0.218	35.5	1
CBDDTY010005096.1	1	1000	4	551	55.1	0.743	35	5.25
CBDDTY010005097.1	1	1000	2	325	32.5	0.46	33.3	2
CBDDTY010005098.1	1	1000	3	405	40.5	0.509	33.2	0.667
CBDDTY010005099.1	1	1000	6	565	56.5	1.646	34.2	43.3
CBDDTY010005101.1	1	1000	1	236	23.6	0.236	30.4	36
CBDDTY010005103.1	1	1000	6	573	57.3	1.371	31.9	5.5
CBDDTY010005104.1	1	1000	2	388	38.8	0.388	37.9	25
CBDDTY010005105.1	1	1000	5	823	82.3	1.39	31.3	3.6
CBDDTY010005106.1	1	1000	6	527	52.7	1.498	33	13.7
CBDDTY010005107.1	1	1000	3	446	44.6	0.504	36.4	40.3
CBDDTY010005108.1	1	1000	21	954	95.4	4.378	32.1	22.5
CBDDTY010005109.1	1	1000	3	632	63.2	1.17	33.4	60
CBDDTY010005111.1	1	1000	6	578	57.8	1.23	30.3	33
CBDDTY010005112.1	1	1000	1	471	47.1	0.471	29.2	60
CBDDTY010005113.1	1	1000	1	289	28.9	0.289	38	60
CBDDTY010005115.1	1	1000	5	806	80.6	1.08	33.1	25.6
CBDDTY010005116.1	1	1000	5	739	73.9	1.072	28.2	14.2
CBDDTY010005118.1	1	1000	5	848	84.8	1.242	33.4	38.8
CBDDTY010005119.1	1	1000	2	309	30.9	0.309	31.7	37.5
CBDDTY010005121.1	1	1000	7	524	52.4	1.518	34.2	9.57
CBDDTY010005122.1	1	1000	2	250	25	0.25	38.6	0.5
CBDDTY010005124.1	1	1000	2	337	33.7	0.495	32.8	1
CBDDTY010005126.1	1	1000	4	420	42	0.726	37.3	3
CBDDTY010005127.1	1	1000	4	430	43	0.735	34	10.5
CBDDTY010005128.1	1	1000	4	351	35.1	0.884	32.4	0.25
CBDDTY010005129.1	1	1000	4	776	77.6	1.08	27.5	27.8
CBDDTY010005130.1	1	1000	1	349	34.9	0.349	35.4	1
CBDDTY010005133.1	1	1000	3	658	65.8	0.893	33.2	60
CBDDTY010005134.1	1	1000	5	688	68.8	1.109	31.2	29.8
CBDDTY010005136.1	1	1000	5	562	56.2	1.091	35.4	26
CBDDTY010005137.1	1	1000	3	356	35.6	0.358	33	40.3
CBDDTY010005138.1	1	1000	1	183	18.3	0.183	30.4	0
CBDDTY010005139.1	1	1000	3	264	26.4	0.693	30.4	3.33
CBDDTY010005142.1	1	1000	1	231	23.1	0.231	29.7	56
CBDDTY010005143.1	1	1000	1	311	31.1	0.311	38.8	60
CBDDTY010005146.1	1	1000	2	404	40.4	0.404	36.1	30
CBDDTY010005147.1	1	1000	7	489	48.9	0.909	29.6	0.571
CBDDTY010005148.1	1	1000	2	320	32	0.483	23.4	5
CBDDTY010005149.1	1	1000	1	92	9.2	0.092	36.8	8
CBDDTY010005150.1	1	1000	3	666	66.6	0.985	38	40
CBDDTY010005151.1	1	1000	20	522	52.2	3.806	31.7	23.1
CBDDTY010005152.1	1	1000	1	446	44.6	0.446	39.4	60
CBDDTY010005153.1	1	1000	2	655	65.5	0.768	36	30.5
CBDDTY010005154.1	1	1000	1	228	22.8	0.228	36.5	5
CBDDTY010005155.1	1	1000	1	118	11.8	0.118	29.3	0
CBDDTY010005157.1	1	1000	3	668	66.8	0.741	34.7	41
CBDDTY010005158.1	1	1000	2	567	56.7	0.567	30.2	48
CBDDTY010005161.1	1	1000	1	279	27.9	0.279	35.1	60
CBDDTY010005163.1	1	1000	2	517	51.7	0.626	36.4	30
CBDDTY010005164.1	1	1000	1	95	9.5	0.095	38.5	0
CBDDTY010005166.1	1	1000	4	303	30.3	0.449	29.2	17.8
CBDDTY010005168.1	1	1000	8	747	74.7	1.744	34	15.1
CBDDTY010005169.1	1	1000	1	179	17.9	0.179	38.9	0
CBDDTY010005170.1	1	1000	1	344	34.4	0.344	37.1	60
CBDDTY010005171.1	1	1000	6	639	63.9	1.42	31.9	2.83
CBDDTY010005172.1	1	1000	3	489	48.9	0.776	35.8	48.7
CBDDTY010005173.1	1	1000	3	372	37.2	0.502	36	60
CBDDTY010005175.1	1	1000	1	72	7.2	0.072	36	0
CBDDTY010005177.1	1	1000	1	74	7.4	0.074	18.5	1
CBDDTY010005180.1	1	1000	1	159	15.9	0.159	33.2	7
CBDDTY010005181.1	1	1000	6	877	87.7	1.891	32.4	39.2
CBDDTY010005187.1	1	1000	1	129	12.9	0.129	30.2	4
CBDDTY010005188.1	1	1000	7	948	94.8	1.801	31.7	45.1
CBDDTY010005191.1	1	1000	5	697	69.7	1.026	34.5	17
CBDDTY010005192.1	1	1000	4	480	48	0.82	33.1	50.5
CBDDTY010005193.1	1	1000	3	444	44.4	0.556	34.3	43
CBDDTY010005194.1	1	1000	5	829	82.9	1.89	30.6	60
CBDDTY010005195.1	1	1000	3	498	49.8	0.624	31	20.3
CBDDTY010005197.1	1	1000	1	954	95.4	0.954	36.6	48
CBDDTY010005198.1	1	1000	3	355	35.5	0.444	36.1	16.3
CBDDTY010005200.1	1	1000	3	359	35.9	0.39	36.7	45.3
CBDDTY010005201.1	1	1000	1	97	9.7	0.097	24.2	0
CBDDTY010005202.1	1	1000	1	274	27.4	0.274	35.4	1
CBDDTY010005203.1	1	1000	3	289	28.9	0.497	37.3	0.667
CBDDTY010005207.1	1	1000	3	309	30.9	0.547	38.9	26.7
CBDDTY010005208.1	1	1000	4	615	61.5	0.924	31.6	39
CBDDTY010005211.1	1	1000	2	301	30.1	0.331	39.1	60
CBDDTY010005212.1	1	1000	9	452	45.2	1.867	35	14.2
CBDDTY010005213.1	1	1000	1	320	32	0.32	36.9	24
CBDDTY010005214.1	1	1000	1	204	20.4	0.204	25.7	39
CBDDTY010005218.1	1	1000	1	248	24.8	0.248	28.8	60
CBDDTY010005219.1	1	1000	21	982	98.2	5.694	33.2	52.7
CBDDTY010005221.1	1	1000	1	215	21.5	0.215	34.5	60
CBDDTY010005223.1	1	1000	7	655	65.5	1.547	35.3	45.6
CBDDTY010005224.1	1	1000	1	182	18.2	0.182	26.3	60
CBDDTY010005225.1	1	1000	4	894	89.4	1.103	31.2	52.5
CBDDTY010005227.1	1	1000	2	502	50.2	0.842	40.4	49
CBDDTY010005229.1	1	1000	2	457	45.7	0.457	33.1	33.5
CBDDTY010005230.1	1	1000	2	388	38.8	0.401	29.4	55.5
CBDDTY010005231.1	1	1000	2	507	50.7	0.649	31	25
CBDDTY010005232.1	1	1000	2	303	30.3	0.528	34.4	4.5
CBDDTY010005234.1	1	1000	3	468	46.8	0.691	33.7	29.7
CBDDTY010005235.1	1	1000	4	605	60.5	1.212	35.6	47.8
CBDDTY010005236.1	1	1000	1	98	9.8	0.098	36.4	13
CBDDTY010005237.1	1	1000	4	477	47.7	0.568	38.1	19.5
CBDDTY010005238.1	1	1000	5	937	93.7	1.364	32.7	57.4
CBDDTY010005239.1	1	1000	3	651	65.1	0.74	37.6	20.3
CBDDTY010005240.1	1	1000	4	401	40.1	0.899	38.1	60
CBDDTY010005241.1	1	1000	4	458	45.8	0.744	35.3	35.5
CBDDTY010005242.1	1	1000	2	541	54.1	0.609	32.5	31.5
CBDDTY010005243.1	1	1000	3	355	35.5	0.427	35.2	33.7
CBDDTY010005247.1	1	1000	4	490	49	0.829	30.7	58.5
CBDDTY010005251.1	1	1000	1	282	28.2	0.282	29.3	60
CBDDTY010005253.1	1	1000	2	267	26.7	0.267	32.9	30
CBDDTY010005257.1	1	1000	2	366	36.6	0.366	34.8	60
CBDDTY010005262.1	1	1000	6	622	62.2	1.573	34.4	11.3
CBDDTY010005263.1	1	1000	3	452	45.2	0.856	36.5	60
CBDDTY010005264.1	1	1000	1	107	10.7	0.107	37.2	60
CBDDTY010005265.1	1	1000	6	529	52.9	1.597	30.4	0.667
CBDDTY010005266.1	1	1000	4	668	66.8	0.974	34.6	31.2
CBDDTY010005267.1	1	1000	3	790	79	1.001	38.7	27
CBDDTY010005268.1	1	1000	1	158	15.8	0.158	43.3	50
CBDDTY010005270.1	1	1000	2	331	33.1	0.331	36.7	41
CBDDTY010005272.1	1	1000	1	146	14.6	0.146	26.9	30
CBDDTY010005273.1	1	1000	1	298	29.8	0.298	31.7	60
CBDDTY010005274.1	1	1000	1	146	14.6	0.146	27.8	1
CBDDTY010005275.1	1	1000	1	123	12.3	0.123	31.6	1
CBDDTY010005276.1	1	1000	4	600	60	1.44	34.1	60
CBDDTY010005277.1	1	1000	4	572	57.2	0.773	34.7	6.25
CBDDTY010005278.1	1	1000	2	400	40	0.575	25	60
CBDDTY010005279.1	1	1000	2	373	37.3	0.373	34.7	4
CBDDTY010005281.1	1	1000	3	420	42	0.932	30.9	0.333
CBDDTY010005284.1	1	1000	2	661	66.1	1.026	34.9	60
CBDDTY010005285.1	1	1000	2	256	25.6	0.256	33.9	32
CBDDTY010005286.1	1	1000	2	623	62.3	0.643	34.3	58
CBDDTY010005287.1	1	1000	3	424	42.4	0.947	32.5	59.3
CBDDTY010005288.1	1	1000	2	329	32.9	0.329	25.4	12.5
CBDDTY010005293.1	1	1000	6	574	57.4	1.05	38.8	21.8
CBDDTY010005294.1	1	1000	1	143	14.3	0.143	35.5	60
CBDDTY010005295.1	1	1000	1	131	13.1	0.131	37.6	60
CBDDTY010005296.1	1	1000	2	272	27.2	0.422	35.1	30.5
CBDDTY010005297.1	1	1000	2	292	29.2	0.292	32.5	1
CBDDTY010005298.1	1	1000	10	874	87.4	2.07	34	44.3
CBDDTY010005299.1	1	1000	6	849	84.9	2.294	34	10.3
CBDDTY010005309.1	1	1000	1	302	30.2	0.302	35.6	1
CBDDTY010005310.1	1	1000	1	211	21.1	0.211	33.4	60
CBDDTY010005311.1	1	1000	1	209	20.9	0.209	33.6	60
CBDDTY010005312.1	1	1000	2	481	48.1	0.501	35.7	60
CBDDTY010005313.1	1	1000	2	352	35.2	0.572	30.6	60
CBDDTY010005314.1	1	1000	5	392	39.2	0.687	34.9	13.4
CBDDTY010005316.1	1	1000	2	248	24.8	0.248	32.2	30
CBDDTY010005318.1	1	1000	29	1000	100	6.948	32.4	49.6
CBDDTY010005319.1	1	1000	2	361	36.1	0.361	33	46
CBDDTY010005320.1	1	1000	2	337	33.7	0.337	31.6	7
CBDDTY010005321.1	1	1000	3	629	62.9	0.803	31.5	43.3
CBDDTY010005322.1	1	1000	3	440	44	0.512	36.5	38.3
CBDDTY010005325.1	1	1000	1	134	13.4	0.134	30.4	0
CBDDTY010005327.1	1	1000	3	251	25.1	0.544	30.4	41.3
CBDDTY010005328.1	1	1000	1	121	12.1	0.121	41.9	1
CBDDTY010005329.1	1	1000	14	917	91.7	2.905	31.9	46.6
CBDDTY010005331.1	1	1000	1	215	21.5	0.215	30.7	34
CBDDTY010005333.1	1	1000	1	280	28	0.28	33	60
CBDDTY010005334.1	1	1000	1	147	14.7	0.147	34.9	0
CBDDTY010005335.1	1	1000	1	71	7.1	0.071	44.3	0
CBDDTY010005336.1	1	1000	1	614	61.4	0.614	38.6	60
CBDDTY010005337.1	1	1000	2	251	25.1	0.251	31	45.5
CBDDTY010005339.1	1	1000	1	173	17.3	0.173	34.1	60
CBDDTY010005340.1	1	1000	1	425	42.5	0.425	32.8	2
CBDDTY010005342.1	1	1000	2	793	79.3	1.098	34.3	60
CBDDTY010005343.1	1	1000	8	708	70.8	2.051	33.4	24.4
CBDDTY010005344.1	1	1000	1	245	24.5	0.245	32.8	31
CBDDTY010005345.1	1	1000	14	720	72	4.481	33.5	9.43
CBDDTY010005346.1	1	1000	3	290	29	0.586	34.6	16.3
CBDDTY010005347.1	1	1000	2	343	34.3	0.343	33.8	2.5
CBDDTY010005348.1	1	1000	3	810	81	0.911	38.3	47
CBDDTY010005350.1	1	1000	2	377	37.7	0.474	34.5	1
CBDDTY010005352.1	1	1000	1	358	35.8	0.358	35.3	1
CBDDTY010005353.1	1	1000	4	461	46.1	0.612	31.3	6
CBDDTY010005354.1	1	815	3	567	69.5706	0.850307	36.9	34
CBDDTY010005355.1	1	1000	4	551	55.1	1.002	30.9	51.8
CBDDTY010005356.1	1	1000	10	780	78	2.771	35.2	49.4
CBDDTY010005357.1	1	1000	6	387	38.7	1.56	31.8	0.833
CBDDTY010005358.1	1	1000	4	508	50.8	0.847	35.1	28.8
CBDDTY010005359.1	1	1000	1	203	20.3	0.203	32.9	42
CBDDTY010005361.1	1	1000	7	545	54.5	0.983	31.8	2.71
CBDDTY010005362.1	1	1000	2	587	58.7	0.587	30.4	0.5
CBDDTY010005364.1	1	1000	2	262	26.2	0.355	29.1	30.5
CBDDTY010005365.1	1	1000	9	580	58	2.02	31.2	40.1
CBDDTY010005366.1	1	1000	3	200	20	0.481	31.3	45
CBDDTY010005367.1	1	1000	1	265	26.5	0.265	41	54
CBDDTY010005368.1	1	1000	1	99	9.9	0.099	34.5	12
CBDDTY010005372.1	1	1000	1	325	32.5	0.325	34.7	59
CBDDTY010005375.1	1	1000	1	151	15.1	0.151	37.1	0
CBDDTY010005376.1	1	1000	1	129	12.9	0.129	38.2	41
CBDDTY010005377.1	1	1000	8	923	92.3	2.328	31.2	12.1
CBDDTY010005378.1	1	1000	1	64	6.4	0.064	33.2	0
CBDDTY010005379.1	1	1000	3	414	41.4	0.74	30	25.3
CBDDTY010005381.1	1	1000	2	255	25.5	0.255	37.7	0.5
CBDDTY010005382.1	1	1000	1	255	25.5	0.255	31.5	60
CBDDTY010005383.1	1	1000	2	894	89.4	0.896	34.1	52
CBDDTY010005384.1	1	1000	5	590	59	0.967	36.6	13.2
CBDDTY010005385.1	1	1000	18	932	93.2	4.609	31.7	38.5
CBDDTY010005386.1	1	1000	2	343	34.3	0.343	35.1	50
CBDDTY010005388.1	1	1000	4	597	59.7	0.878	36.1	1
CBDDTY010005389.1	1	1000	5	467	46.7	1.057	35.3	12.6
CBDDTY010005390.1	1	1000	2	339	33.9	0.339	27.8	23.5
CBDDTY010005391.1	1	1000	1	248	24.8	0.248	28.2	1
CBDDTY010005396.1	1	1000	3	741	74.1	0.891	35.5	27
CBDDTY010005400.1	1	1000	11	824	82.4	2.097	33.3	17.9
CBDDTY010005402.1	1	1000	2	133	13.3	0.201	34.7	0
CBDDTY010005404.1	1	1000	2	286	28.6	0.286	41.2	9
CBDDTY010005405.1	1	1000	1	182	18.2	0.182	41	1
CBDDTY010005409.1	1	1000	5	615	61.5	0.98	30.2	2.6
CBDDTY010005410.1	1	1000	5	171	17.1	0.636	38	1.6
CBDDTY010005411.1	1	1000	1	273	27.3	0.273	31.9	60
CBDDTY010005412.1	1	1000	2	276	27.6	0.426	28.8	30.5
CBDDTY010005414.1	1	1000	1	392	39.2	0.392	33.6	60
CBDDTY010005415.1	1	1000	4	551	55.1	0.886	36	45.2
CBDDTY010005416.1	1	1000	2	391	39.1	0.391	30.2	25
CBDDTY010005419.1	1	1000	6	745	74.5	1.927	33.6	38.7
CBDDTY010005422.1	1	1000	4	654	65.4	0.776	36.2	45.8
CBDDTY010005425.1	1	1000	3	452	45.2	0.626	39	26.3
CBDDTY010005426.1	1	1000	13	979	97.9	4.119	30.7	52.5
CBDDTY010005427.1	1	1000	6	781	78.1	1.322	34.2	43.8
CBDDTY010005428.1	1	1000	1	119	11.9	0.119	32.5	0
CBDDTY010005429.1	1	1000	1	180	18	0.18	40.4	60
CBDDTY010005430.1	1	1000	1	109	10.9	0.109	32	0
CBDDTY010005432.1	1	1000	1	174	17.4	0.174	29.1	1
CBDDTY010005433.1	1	1000	2	654	65.4	1.006	33	60
CBDDTY010005435.1	1	1000	6	703	70.3	2.039	33.3	25
CBDDTY010005436.1	1	1000	2	427	42.7	0.497	35.1	1
CBDDTY010005437.1	1	1000	12	686	68.6	3.253	35	15.8
CBDDTY010005439.1	1	1000	1	256	25.6	0.256	30.1	17
CBDDTY010005442.1	1	1000	2	713	71.3	0.865	29.5	34
CBDDTY010005443.1	1	1000	3	362	36.2	0.362	35.1	16.3
CBDDTY010005445.1	1	1000	5	710	71	1.017	36.2	24.2
CBDDTY010005447.1	1	1000	1	336	33.6	0.336	38.3	31
CBDDTY010005448.1	1	1000	1	515	51.5	0.515	38.3	1
CBDDTY010005449.1	1	1000	2	239	23.9	0.239	34.1	36.5
CBDDTY010005452.1	1	1000	3	627	62.7	0.847	35.7	16.3
CBDDTY010005453.1	1	1000	3	428	42.8	0.6	34.7	20.7
CBDDTY010005454.1	1	1000	4	760	76	1.718	34.7	60
CBDDTY010005456.1	1	1000	2	433	43.3	0.433	32.5	30.5
CBDDTY010005457.1	1	1000	3	423	42.3	0.561	34.6	10
CBDDTY010005458.1	1	1000	3	665	66.5	1.13	32.6	43
CBDDTY010005459.1	1	1000	2	412	41.2	0.412	36	52
CBDDTY010005460.1	1	1000	5	794	79.4	1.27	35	43.2
CBDDTY010005461.1	1	1000	4	569	56.9	0.643	34.5	34.2
CBDDTY010005462.1	1	1000	3	608	60.8	0.608	35.1	5.33
CBDDTY010005464.1	1	1000	3	459	45.9	0.852	32.4	55
CBDDTY010005468.1	1	1000	2	227	22.7	0.374	36.1	0.5
CBDDTY010005471.1	1	1000	4	670	67	1.056	36.8	58.5
CBDDTY010005472.1	1	1000	18	538	53.8	4.811	35.5	2.33
CBDDTY010005475.1	1	1000	3	461	46.1	0.727	27.3	40
CBDDTY010005476.1	1	1000	17	942	94.2	4.596	34.2	54.6
CBDDTY010005477.1	1	1000	7	803	80.3	2.061	33.7	34.7
CBDDTY010005478.1	1	1000	5	632	63.2	0.846	28	35.2
CBDDTY010005479.1	1	1000	5	929	92.9	1.46	34.3	57.8
CBDDTY010005480.1	1	1000	2	456	45.6	0.639	33.1	30.5
CBDDTY010005482.1	1	1000	1	292	29.2	0.292	30.9	21
CBDDTY010005484.1	1	1000	4	489	48.9	0.659	26.6	37.2
CBDDTY010005486.1	1	1000	1	321	32.1	0.321	28.6	60
CBDDTY010005487.1	1	1000	2	536	53.6	0.536	34.8	52.5
CBDDTY010005488.1	1	1000	14	944	94.4	3.544	31.8	43.4
CBDDTY010005490.1	1	1000	1	127	12.7	0.127	27.3	0
CBDDTY010005491.1	1	1000	3	447	44.7	1.041	25	60
CBDDTY010005492.1	1	1000	5	651	65.1	1.255	32.5	33.8
CBDDTY010005495.1	1	1000	4	466	46.6	1.025	39.3	33.5
CBDDTY010005496.1	1	1000	3	514	51.4	0.774	36.1	60
CBDDTY010005498.1	1	1000	1	153	15.3	0.153	31.5	60
CBDDTY010005499.1	1	1000	7	846	84.6	1.955	32.8	41.6
CBDDTY010005500.1	1	1000	3	528	52.8	0.619	27.7	10.3
CBDDTY010005501.1	1	1000	1	81	8.1	0.081	31.4	39
CBDDTY010005502.1	1	1000	2	416	41.6	0.416	36.1	36
CBDDTY010005506.1	1	1000	1	122	12.2	0.122	27.3	0
CBDDTY010005507.1	1	1000	4	547	54.7	1.079	33.6	6.25
CBDDTY010005508.1	1	1000	3	546	54.6	0.722	32.3	60
CBDDTY010005509.1	1	1000	2	847	84.7	0.933	33.2	60
CBDDTY010005510.1	1	1000	2	459	45.9	0.459	35	60
CBDDTY010005511.1	1	1000	2	193	19.3	0.193	40.6	10
CBDDTY010005512.1	1	1000	1	407	40.7	0.407	34	1
CBDDTY010005513.1	1	1000	1	136	13.6	0.136	38.3	54
CBDDTY010005514.1	1	1000	1	88	8.8	0.088	22	9
CBDDTY010005515.1	1	1000	2	455	45.5	0.455	36.4	37.5
CBDDTY010005517.1	1	1000	5	285	28.5	0.806	33.2	23
CBDDTY010005518.1	1	1000	3	432	43.2	1.009	31.6	60
CBDDTY010005524.1	1	1000	5	763	76.3	1.335	32.8	51.2
CBDDTY010005525.1	1	1000	2	343	34.3	0.343	35.4	30
CBDDTY010005526.1	1	1000	3	331	33.1	0.445	32.2	18.7
CBDDTY010005528.1	1	1000	1	169	16.9	0.169	19.3	26
CBDDTY010005529.1	1	1000	3	539	53.9	0.689	36.8	60
CBDDTY010005532.1	1	1000	4	733	73.3	0.832	36.4	48.5
CBDDTY010005536.1	1	1000	1	88	8.8	0.088	38	18
CBDDTY010005541.1	1	1000	3	489	48.9	0.977	31.5	40.3
CBDDTY010005543.1	1	1000	5	726	72.6	0.982	27.2	25
CBDDTY010005544.1	1	1000	3	644	64.4	0.644	31.7	44.3
CBDDTY010005545.1	1	1000	2	310	31	0.435	29.1	1
CBDDTY010005546.1	1	1000	3	836	83.6	1.332	38.2	60
CBDDTY010005548.1	1	1000	6	784	78.4	1.594	32.1	42.8
CBDDTY010005549.1	1	1000	3	569	56.9	0.719	32.2	46.3
CBDDTY010005552.1	1	1000	1	608	60.8	0.608	32.8	60
CBDDTY010005553.1	1	1000	1	159	15.9	0.159	28.1	52
CBDDTY010005554.1	1	1000	2	529	52.9	0.56	39.5	60
CBDDTY010005555.1	1	1000	2	527	52.7	0.527	33.6	60
CBDDTY010005557.1	1	1000	1	295	29.5	0.295	31.3	60
CBDDTY010005558.1	1	1000	2	188	18.8	0.261	34.6	7
CBDDTY010005559.1	1	1000	2	304	30.4	0.304	29.7	42.5
CBDDTY010005562.1	1	1000	4	333	33.3	0.841	30.6	5.75
CBDDTY010005563.1	1	1000	1	216	21.6	0.216	40.4	38
CBDDTY010005564.1	1	1000	5	440	44	0.892	35.1	49.8
CBDDTY010005565.1	1	1000	3	311	31.1	0.445	33.9	11.7
CBDDTY010005566.1	1	1000	1	87	8.7	0.087	34.3	10
OZ247669.1	1	18777	5542	18777	100	93.9034	31.9	56.5
CBDDTY010000065.1	1	158000	0	0	0	0	0	0
CBDDTY010000069.1	1	219	0	0	0	0	0	0
CBDDTY010000157.1	1	61000	0	0	0	0	0	0
CBDDTY010000173.1	1	52000	0	0	0	0	0	0
CBDDTY010000932.1	1	32000	0	0	0	0	0	0
CBDDTY010001325.1	1	28786	0	0	0	0	0	0
CBDDTY010001726.1	1	25564	0	0	0	0	0	0
CBDDTY010001800.1	1	25000	0	0	0	0	0	0
CBDDTY010001817.1	1	24959	0	0	0	0	0	0
CBDDTY010001837.1	1	24707	0	0	0	0	0	0
CBDDTY010001878.1	1	24289	0	0	0	0	0	0
CBDDTY010001910.1	1	24000	0	0	0	0	0	0
CBDDTY010002047.1	1	23000	0	0	0	0	0	0
CBDDTY010002457.1	1	19600	0	0	0	0	0	0
CBDDTY010002618.1	1	19000	0	0	0	0	0	0
CBDDTY010002642.1	1	18752	0	0	0	0	0	0
CBDDTY010002673.1	1	18426	0	0	0	0	0	0
CBDDTY010002698.1	1	18157	0	0	0	0	0	0
CBDDTY010002730.1	1	18000	0	0	0	0	0	0
CBDDTY010002840.1	1	17000	0	0	0	0	0	0
CBDDTY010003038.1	1	15524	0	0	0	0	0	0
CBDDTY010003062.1	1	15357	0	0	0	0	0	0
CBDDTY010003329.1	1	13000	0	0	0	0	0	0
CBDDTY010003575.1	1	7000	0	0	0	0	0	0
CBDDTY010003590.1	1	7000	0	0	0	0	0	0
CBDDTY010003609.1	1	6000	0	0	0	0	0	0
CBDDTY010003644.1	1	6000	0	0	0	0	0	0
CBDDTY010003655.1	1	6000	0	0	0	0	0	0
CBDDTY010003677.1	1	5000	0	0	0	0	0	0
CBDDTY010003707.1	1	5000	0	0	0	0	0	0
CBDDTY010003727.1	1	5000	0	0	0	0	0	0
CBDDTY010003734.1	1	5000	0	0	0	0	0	0
CBDDTY010003743.1	1	4000	0	0	0	0	0	0
CBDDTY010003744.1	1	4000	0	0	0	0	0	0
CBDDTY010003749.1	1	4000	0	0	0	0	0	0
CBDDTY010003761.1	1	4000	0	0	0	0	0	0
CBDDTY010003780.1	1	4000	0	0	0	0	0	0
CBDDTY010003794.1	1	4000	0	0	0	0	0	0
CBDDTY010003795.1	1	4000	0	0	0	0	0	0
CBDDTY010003809.1	1	4000	0	0	0	0	0	0
CBDDTY010003859.1	1	4000	0	0	0	0	0	0
CBDDTY010003867.1	1	4000	0	0	0	0	0	0
CBDDTY010003873.1	1	3000	0	0	0	0	0	0
CBDDTY010003891.1	1	3000	0	0	0	0	0	0
CBDDTY010003897.1	1	3000	0	0	0	0	0	0
CBDDTY010003899.1	1	3000	0	0	0	0	0	0
CBDDTY010003915.1	1	3000	0	0	0	0	0	0
CBDDTY010003918.1	1	3000	0	0	0	0	0	0
CBDDTY010003923.1	1	3000	0	0	0	0	0	0
CBDDTY010003934.1	1	3000	0	0	0	0	0	0
CBDDTY010003941.1	1	3000	0	0	0	0	0	0
CBDDTY010003956.1	1	3000	0	0	0	0	0	0
CBDDTY010003971.1	1	3000	0	0	0	0	0	0
CBDDTY010003996.1	1	3000	0	0	0	0	0	0
CBDDTY010004005.1	1	3000	0	0	0	0	0	0
CBDDTY010004012.1	1	3000	0	0	0	0	0	0
CBDDTY010004022.1	1	3000	0	0	0	0	0	0
CBDDTY010004042.1	1	3000	0	0	0	0	0	0
CBDDTY010004043.1	1	3000	0	0	0	0	0	0
CBDDTY010004058.1	1	3000	0	0	0	0	0	0
CBDDTY010004076.1	1	3000	0	0	0	0	0	0
CBDDTY010004081.1	1	3000	0	0	0	0	0	0
CBDDTY010004097.1	1	3000	0	0	0	0	0	0
CBDDTY010004121.1	1	2000	0	0	0	0	0	0
CBDDTY010004137.1	1	2000	0	0	0	0	0	0
CBDDTY010004138.1	1	2000	0	0	0	0	0	0
CBDDTY010004142.1	1	2000	0	0	0	0	0	0
CBDDTY010004148.1	1	2000	0	0	0	0	0	0
CBDDTY010004159.1	1	2000	0	0	0	0	0	0
CBDDTY010004160.1	1	2000	0	0	0	0	0	0
CBDDTY010004170.1	1	2000	0	0	0	0	0	0
CBDDTY010004181.1	1	2000	0	0	0	0	0	0
CBDDTY010004185.1	1	2000	0	0	0	0	0	0
CBDDTY010004187.1	1	2000	0	0	0	0	0	0
CBDDTY010004188.1	1	2000	0	0	0	0	0	0
CBDDTY010004197.1	1	2000	0	0	0	0	0	0
CBDDTY010004202.1	1	2000	0	0	0	0	0	0
CBDDTY010004208.1	1	2000	0	0	0	0	0	0
CBDDTY010004216.1	1	2000	0	0	0	0	0	0
CBDDTY010004226.1	1	2000	0	0	0	0	0	0
CBDDTY010004228.1	1	2000	0	0	0	0	0	0
CBDDTY010004237.1	1	2000	0	0	0	0	0	0
CBDDTY010004248.1	1	2000	0	0	0	0	0	0
CBDDTY010004250.1	1	2000	0	0	0	0	0	0
CBDDTY010004253.1	1	2000	0	0	0	0	0	0
CBDDTY010004254.1	1	2000	0	0	0	0	0	0
CBDDTY010004261.1	1	2000	0	0	0	0	0	0
CBDDTY010004279.1	1	2000	0	0	0	0	0	0
CBDDTY010004292.1	1	2000	0	0	0	0	0	0
CBDDTY010004295.1	1	2000	0	0	0	0	0	0
CBDDTY010004299.1	1	2000	0	0	0	0	0	0
CBDDTY010004325.1	1	2000	0	0	0	0	0	0
CBDDTY010004341.1	1	2000	0	0	0	0	0	0
CBDDTY010004343.1	1	2000	0	0	0	0	0	0
CBDDTY010004344.1	1	2000	0	0	0	0	0	0
CBDDTY010004355.1	1	2000	0	0	0	0	0	0
CBDDTY010004357.1	1	2000	0	0	0	0	0	0
CBDDTY010004362.1	1	2000	0	0	0	0	0	0
CBDDTY010004370.1	1	2000	0	0	0	0	0	0
CBDDTY010004381.1	1	2000	0	0	0	0	0	0
CBDDTY010004397.1	1	2000	0	0	0	0	0	0
CBDDTY010004398.1	1	2000	0	0	0	0	0	0
CBDDTY010004399.1	1	2000	0	0	0	0	0	0
CBDDTY010004406.1	1	2000	0	0	0	0	0	0
CBDDTY010004409.1	1	2000	0	0	0	0	0	0
CBDDTY010004416.1	1	2000	0	0	0	0	0	0
CBDDTY010004419.1	1	2000	0	0	0	0	0	0
CBDDTY010004421.1	1	2000	0	0	0	0	0	0
CBDDTY010004423.1	1	2000	0	0	0	0	0	0
CBDDTY010004429.1	1	2000	0	0	0	0	0	0
CBDDTY010004430.1	1	2000	0	0	0	0	0	0
CBDDTY010004447.1	1	2000	0	0	0	0	0	0
CBDDTY010004458.1	1	2000	0	0	0	0	0	0
CBDDTY010004463.1	1	2000	0	0	0	0	0	0
CBDDTY010004464.1	1	2000	0	0	0	0	0	0
CBDDTY010004471.1	1	2000	0	0	0	0	0	0
CBDDTY010004483.1	1	2000	0	0	0	0	0	0
CBDDTY010004491.1	1	2000	0	0	0	0	0	0
CBDDTY010004496.1	1	2000	0	0	0	0	0	0
CBDDTY010004498.1	1	2000	0	0	0	0	0	0
CBDDTY010004499.1	1	2000	0	0	0	0	0	0
CBDDTY010004507.1	1	2000	0	0	0	0	0	0
CBDDTY010004519.1	1	2000	0	0	0	0	0	0
CBDDTY010004537.1	1	2000	0	0	0	0	0	0
CBDDTY010004542.1	1	2000	0	0	0	0	0	0
CBDDTY010004543.1	1	2000	0	0	0	0	0	0
CBDDTY010004544.1	1	2000	0	0	0	0	0	0
CBDDTY010004549.1	1	2000	0	0	0	0	0	0
CBDDTY010004551.1	1	2000	0	0	0	0	0	0
CBDDTY010004554.1	1	2000	0	0	0	0	0	0
CBDDTY010004560.1	1	2000	0	0	0	0	0	0
CBDDTY010004564.1	1	2000	0	0	0	0	0	0
CBDDTY010004565.1	1	2000	0	0	0	0	0	0
CBDDTY010004573.1	1	2000	0	0	0	0	0	0
CBDDTY010004580.1	1	2000	0	0	0	0	0	0
CBDDTY010004582.1	1	2000	0	0	0	0	0	0
CBDDTY010004587.1	1	2000	0	0	0	0	0	0
CBDDTY010004596.1	1	2000	0	0	0	0	0	0
CBDDTY010004604.1	1	1000	0	0	0	0	0	0
CBDDTY010004605.1	1	1000	0	0	0	0	0	0
CBDDTY010004607.1	1	1000	0	0	0	0	0	0
CBDDTY010004614.1	1	1000	0	0	0	0	0	0
CBDDTY010004615.1	1	1000	0	0	0	0	0	0
CBDDTY010004620.1	1	1000	0	0	0	0	0	0
CBDDTY010004622.1	1	1000	0	0	0	0	0	0
CBDDTY010004623.1	1	1000	0	0	0	0	0	0
CBDDTY010004625.1	1	1000	0	0	0	0	0	0
CBDDTY010004626.1	1	1000	0	0	0	0	0	0
CBDDTY010004633.1	1	1000	0	0	0	0	0	0
CBDDTY010004634.1	1	1000	0	0	0	0	0	0
CBDDTY010004638.1	1	1000	0	0	0	0	0	0
CBDDTY010004641.1	1	1000	0	0	0	0	0	0
CBDDTY010004647.1	1	1000	0	0	0	0	0	0
CBDDTY010004654.1	1	1000	0	0	0	0	0	0
CBDDTY010004661.1	1	1000	0	0	0	0	0	0
CBDDTY010004662.1	1	1000	0	0	0	0	0	0
CBDDTY010004667.1	1	1000	0	0	0	0	0	0
CBDDTY010004673.1	1	1000	0	0	0	0	0	0
CBDDTY010004681.1	1	1000	0	0	0	0	0	0
CBDDTY010004682.1	1	1000	0	0	0	0	0	0
CBDDTY010004684.1	1	1000	0	0	0	0	0	0
CBDDTY010004687.1	1	1000	0	0	0	0	0	0
CBDDTY010004693.1	1	1000	0	0	0	0	0	0
CBDDTY010004698.1	1	1000	0	0	0	0	0	0
CBDDTY010004699.1	1	1000	0	0	0	0	0	0
CBDDTY010004702.1	1	1000	0	0	0	0	0	0
CBDDTY010004704.1	1	1000	0	0	0	0	0	0
CBDDTY010004706.1	1	1000	0	0	0	0	0	0
CBDDTY010004710.1	1	1000	0	0	0	0	0	0
CBDDTY010004712.1	1	1000	0	0	0	0	0	0
CBDDTY010004714.1	1	1000	0	0	0	0	0	0
CBDDTY010004715.1	1	1000	0	0	0	0	0	0
CBDDTY010004717.1	1	1000	0	0	0	0	0	0
CBDDTY010004725.1	1	1000	0	0	0	0	0	0
CBDDTY010004727.1	1	1000	0	0	0	0	0	0
CBDDTY010004733.1	1	1000	0	0	0	0	0	0
CBDDTY010004736.1	1	1000	0	0	0	0	0	0
CBDDTY010004739.1	1	1000	0	0	0	0	0	0
CBDDTY010004741.1	1	1000	0	0	0	0	0	0
CBDDTY010004742.1	1	1000	0	0	0	0	0	0
CBDDTY010004747.1	1	1000	0	0	0	0	0	0
CBDDTY010004756.1	1	1000	0	0	0	0	0	0
CBDDTY010004764.1	1	1000	0	0	0	0	0	0
CBDDTY010004768.1	1	1000	0	0	0	0	0	0
CBDDTY010004769.1	1	1000	0	0	0	0	0	0
CBDDTY010004772.1	1	1000	0	0	0	0	0	0
CBDDTY010004773.1	1	1000	0	0	0	0	0	0
CBDDTY010004774.1	1	1000	0	0	0	0	0	0
CBDDTY010004776.1	1	1000	0	0	0	0	0	0
CBDDTY010004781.1	1	1000	0	0	0	0	0	0
CBDDTY010004782.1	1	1000	0	0	0	0	0	0
CBDDTY010004785.1	1	1000	0	0	0	0	0	0
CBDDTY010004788.1	1	1000	0	0	0	0	0	0
CBDDTY010004789.1	1	1000	0	0	0	0	0	0
CBDDTY010004796.1	1	1000	0	0	0	0	0	0
CBDDTY010004799.1	1	1000	0	0	0	0	0	0
CBDDTY010004800.1	1	1000	0	0	0	0	0	0
CBDDTY010004802.1	1	1000	0	0	0	0	0	0
CBDDTY010004803.1	1	1000	0	0	0	0	0	0
CBDDTY010004807.1	1	1000	0	0	0	0	0	0
CBDDTY010004808.1	1	1000	0	0	0	0	0	0
CBDDTY010004817.1	1	1000	0	0	0	0	0	0
CBDDTY010004828.1	1	1000	0	0	0	0	0	0
CBDDTY010004830.1	1	1000	0	0	0	0	0	0
CBDDTY010004831.1	1	1000	0	0	0	0	0	0
CBDDTY010004833.1	1	1000	0	0	0	0	0	0
CBDDTY010004836.1	1	1000	0	0	0	0	0	0
CBDDTY010004839.1	1	1000	0	0	0	0	0	0
CBDDTY010004845.1	1	1000	0	0	0	0	0	0
CBDDTY010004846.1	1	1000	0	0	0	0	0	0
CBDDTY010004852.1	1	1000	0	0	0	0	0	0
CBDDTY010004855.1	1	1000	0	0	0	0	0	0
CBDDTY010004859.1	1	1000	0	0	0	0	0	0
CBDDTY010004860.1	1	1000	0	0	0	0	0	0
CBDDTY010004861.1	1	1000	0	0	0	0	0	0
CBDDTY010004868.1	1	1000	0	0	0	0	0	0
CBDDTY010004869.1	1	1000	0	0	0	0	0	0
CBDDTY010004870.1	1	1000	0	0	0	0	0	0
CBDDTY010004871.1	1	1000	0	0	0	0	0	0
CBDDTY010004872.1	1	1000	0	0	0	0	0	0
CBDDTY010004875.1	1	1000	0	0	0	0	0	0
CBDDTY010004879.1	1	1000	0	0	0	0	0	0
CBDDTY010004880.1	1	1000	0	0	0	0	0	0
CBDDTY010004885.1	1	1000	0	0	0	0	0	0
CBDDTY010004889.1	1	1000	0	0	0	0	0	0
CBDDTY010004890.1	1	1000	0	0	0	0	0	0
CBDDTY010004892.1	1	1000	0	0	0	0	0	0
CBDDTY010004893.1	1	1000	0	0	0	0	0	0
CBDDTY010004895.1	1	1000	0	0	0	0	0	0
CBDDTY010004902.1	1	1000	0	0	0	0	0	0
CBDDTY010004904.1	1	1000	0	0	0	0	0	0
CBDDTY010004905.1	1	1000	0	0	0	0	0	0
CBDDTY010004909.1	1	1000	0	0	0	0	0	0
CBDDTY010004910.1	1	1000	0	0	0	0	0	0
CBDDTY010004918.1	1	1000	0	0	0	0	0	0
CBDDTY010004926.1	1	1000	0	0	0	0	0	0
CBDDTY010004928.1	1	1000	0	0	0	0	0	0
CBDDTY010004931.1	1	1000	0	0	0	0	0	0
CBDDTY010004932.1	1	1000	0	0	0	0	0	0
CBDDTY010004936.1	1	1000	0	0	0	0	0	0
CBDDTY010004942.1	1	1000	0	0	0	0	0	0
CBDDTY010004946.1	1	1000	0	0	0	0	0	0
CBDDTY010004947.1	1	1000	0	0	0	0	0	0
CBDDTY010004951.1	1	1000	0	0	0	0	0	0
CBDDTY010004961.1	1	1000	0	0	0	0	0	0
CBDDTY010004974.1	1	1000	0	0	0	0	0	0
CBDDTY010004975.1	1	1000	0	0	0	0	0	0
CBDDTY010004983.1	1	1000	0	0	0	0	0	0
CBDDTY010004987.1	1	1000	0	0	0	0	0	0
CBDDTY010004991.1	1	1000	0	0	0	0	0	0
CBDDTY010004992.1	1	1000	0	0	0	0	0	0
CBDDTY010004994.1	1	1000	0	0	0	0	0	0
CBDDTY010005007.1	1	1000	0	0	0	0	0	0
CBDDTY010005010.1	1	1000	0	0	0	0	0	0
CBDDTY010005012.1	1	1000	0	0	0	0	0	0
CBDDTY010005016.1	1	1000	0	0	0	0	0	0
CBDDTY010005018.1	1	1000	0	0	0	0	0	0
CBDDTY010005022.1	1	1000	0	0	0	0	0	0
CBDDTY010005027.1	1	1000	0	0	0	0	0	0
CBDDTY010005036.1	1	1000	0	0	0	0	0	0
CBDDTY010005039.1	1	1000	0	0	0	0	0	0
CBDDTY010005040.1	1	1000	0	0	0	0	0	0
CBDDTY010005044.1	1	1000	0	0	0	0	0	0
CBDDTY010005049.1	1	1000	0	0	0	0	0	0
CBDDTY010005053.1	1	1000	0	0	0	0	0	0
CBDDTY010005055.1	1	1000	0	0	0	0	0	0
CBDDTY010005059.1	1	1000	0	0	0	0	0	0
CBDDTY010005062.1	1	1000	0	0	0	0	0	0
CBDDTY010005064.1	1	1000	0	0	0	0	0	0
CBDDTY010005067.1	1	1000	0	0	0	0	0	0
CBDDTY010005068.1	1	1000	0	0	0	0	0	0
CBDDTY010005069.1	1	1000	0	0	0	0	0	0
CBDDTY010005072.1	1	1000	0	0	0	0	0	0
CBDDTY010005077.1	1	1000	0	0	0	0	0	0
CBDDTY010005079.1	1	1000	0	0	0	0	0	0
CBDDTY010005080.1	1	1000	0	0	0	0	0	0
CBDDTY010005084.1	1	1000	0	0	0	0	0	0
CBDDTY010005091.1	1	1000	0	0	0	0	0	0
CBDDTY010005100.1	1	1000	0	0	0	0	0	0
CBDDTY010005102.1	1	1000	0	0	0	0	0	0
CBDDTY010005110.1	1	1000	0	0	0	0	0	0
CBDDTY010005114.1	1	1000	0	0	0	0	0	0
CBDDTY010005117.1	1	1000	0	0	0	0	0	0
CBDDTY010005120.1	1	1000	0	0	0	0	0	0
CBDDTY010005123.1	1	1000	0	0	0	0	0	0
CBDDTY010005125.1	1	1000	0	0	0	0	0	0
CBDDTY010005131.1	1	1000	0	0	0	0	0	0
CBDDTY010005132.1	1	1000	0	0	0	0	0	0
CBDDTY010005135.1	1	1000	0	0	0	0	0	0
CBDDTY010005140.1	1	1000	0	0	0	0	0	0
CBDDTY010005141.1	1	1000	0	0	0	0	0	0
CBDDTY010005144.1	1	1000	0	0	0	0	0	0
CBDDTY010005145.1	1	1000	0	0	0	0	0	0
CBDDTY010005156.1	1	1000	0	0	0	0	0	0
CBDDTY010005159.1	1	1000	0	0	0	0	0	0
CBDDTY010005160.1	1	1000	0	0	0	0	0	0
CBDDTY010005162.1	1	1000	0	0	0	0	0	0
CBDDTY010005165.1	1	1000	0	0	0	0	0	0
CBDDTY010005167.1	1	600	0	0	0	0	0	0
CBDDTY010005174.1	1	1000	0	0	0	0	0	0
CBDDTY010005176.1	1	1000	0	0	0	0	0	0
CBDDTY010005178.1	1	1000	0	0	0	0	0	0
CBDDTY010005179.1	1	1000	0	0	0	0	0	0
CBDDTY010005182.1	1	1000	0	0	0	0	0	0
CBDDTY010005183.1	1	1000	0	0	0	0	0	0
CBDDTY010005184.1	1	1000	0	0	0	0	0	0
CBDDTY010005185.1	1	1000	0	0	0	0	0	0
CBDDTY010005186.1	1	1000	0	0	0	0	0	0
CBDDTY010005189.1	1	1000	0	0	0	0	0	0
CBDDTY010005190.1	1	1000	0	0	0	0	0	0
CBDDTY010005196.1	1	1000	0	0	0	0	0	0
CBDDTY010005199.1	1	1000	0	0	0	0	0	0
CBDDTY010005204.1	1	1000	0	0	0	0	0	0
CBDDTY010005205.1	1	1000	0	0	0	0	0	0
CBDDTY010005206.1	1	1000	0	0	0	0	0	0
CBDDTY010005209.1	1	1000	0	0	0	0	0	0
CBDDTY010005210.1	1	1000	0	0	0	0	0	0
CBDDTY010005215.1	1	1000	0	0	0	0	0	0
CBDDTY010005216.1	1	1000	0	0	0	0	0	0
CBDDTY010005217.1	1	1000	0	0	0	0	0	0
CBDDTY010005220.1	1	1000	0	0	0	0	0	0
CBDDTY010005222.1	1	1000	0	0	0	0	0	0
CBDDTY010005226.1	1	1000	0	0	0	0	0	0
CBDDTY010005228.1	1	1000	0	0	0	0	0	0
CBDDTY010005233.1	1	1000	0	0	0	0	0	0
CBDDTY010005244.1	1	1000	0	0	0	0	0	0
CBDDTY010005245.1	1	1000	0	0	0	0	0	0
CBDDTY010005246.1	1	1000	0	0	0	0	0	0
CBDDTY010005248.1	1	1000	0	0	0	0	0	0
CBDDTY010005249.1	1	1000	0	0	0	0	0	0
CBDDTY010005250.1	1	1000	0	0	0	0	0	0
CBDDTY010005252.1	1	1000	0	0	0	0	0	0
CBDDTY010005254.1	1	1000	0	0	0	0	0	0
CBDDTY010005255.1	1	1000	0	0	0	0	0	0
CBDDTY010005256.1	1	998	0	0	0	0	0	0
CBDDTY010005258.1	1	1000	0	0	0	0	0	0
CBDDTY010005259.1	1	1000	0	0	0	0	0	0
CBDDTY010005260.1	1	1000	0	0	0	0	0	0
CBDDTY010005261.1	1	1000	0	0	0	0	0	0
CBDDTY010005269.1	1	1000	0	0	0	0	0	0
CBDDTY010005271.1	1	1000	0	0	0	0	0	0
CBDDTY010005280.1	1	1000	0	0	0	0	0	0
CBDDTY010005282.1	1	800	0	0	0	0	0	0
CBDDTY010005283.1	1	1000	0	0	0	0	0	0
CBDDTY010005289.1	1	1000	0	0	0	0	0	0
CBDDTY010005290.1	1	1000	0	0	0	0	0	0
CBDDTY010005291.1	1	1000	0	0	0	0	0	0
CBDDTY010005292.1	1	1000	0	0	0	0	0	0
CBDDTY010005300.1	1	1000	0	0	0	0	0	0
CBDDTY010005301.1	1	1000	0	0	0	0	0	0
CBDDTY010005302.1	1	1000	0	0	0	0	0	0
CBDDTY010005303.1	1	1000	0	0	0	0	0	0
CBDDTY010005304.1	1	1000	0	0	0	0	0	0
CBDDTY010005305.1	1	1000	0	0	0	0	0	0
CBDDTY010005306.1	1	1000	0	0	0	0	0	0
CBDDTY010005307.1	1	1000	0	0	0	0	0	0
CBDDTY010005308.1	1	1000	0	0	0	0	0	0
CBDDTY010005315.1	1	1000	0	0	0	0	0	0
CBDDTY010005317.1	1	1000	0	0	0	0	0	0
CBDDTY010005323.1	1	1000	0	0	0	0	0	0
CBDDTY010005324.1	1	1000	0	0	0	0	0	0
CBDDTY010005326.1	1	1000	0	0	0	0	0	0
CBDDTY010005330.1	1	1000	0	0	0	0	0	0
CBDDTY010005332.1	1	1000	0	0	0	0	0	0
CBDDTY010005338.1	1	1000	0	0	0	0	0	0
CBDDTY010005341.1	1	1000	0	0	0	0	0	0
CBDDTY010005349.1	1	1000	0	0	0	0	0	0
CBDDTY010005351.1	1	1000	0	0	0	0	0	0
CBDDTY010005360.1	1	1000	0	0	0	0	0	0
CBDDTY010005363.1	1	1000	0	0	0	0	0	0
CBDDTY010005369.1	1	1000	0	0	0	0	0	0
CBDDTY010005370.1	1	1000	0	0	0	0	0	0
CBDDTY010005371.1	1	1000	0	0	0	0	0	0
CBDDTY010005373.1	1	1000	0	0	0	0	0	0
CBDDTY010005374.1	1	1000	0	0	0	0	0	0
CBDDTY010005380.1	1	1000	0	0	0	0	0	0
CBDDTY010005387.1	1	1000	0	0	0	0	0	0
CBDDTY010005392.1	1	1000	0	0	0	0	0	0
CBDDTY010005393.1	1	1000	0	0	0	0	0	0
CBDDTY010005394.1	1	1000	0	0	0	0	0	0
CBDDTY010005395.1	1	1000	0	0	0	0	0	0
CBDDTY010005397.1	1	1000	0	0	0	0	0	0
CBDDTY010005398.1	1	1000	0	0	0	0	0	0
CBDDTY010005399.1	1	1000	0	0	0	0	0	0
CBDDTY010005401.1	1	1000	0	0	0	0	0	0
CBDDTY010005403.1	1	1000	0	0	0	0	0	0
CBDDTY010005406.1	1	1000	0	0	0	0	0	0
CBDDTY010005407.1	1	1000	0	0	0	0	0	0
CBDDTY010005408.1	1	1000	0	0	0	0	0	0
CBDDTY010005413.1	1	1000	0	0	0	0	0	0
CBDDTY010005417.1	1	1000	0	0	0	0	0	0
CBDDTY010005418.1	1	1000	0	0	0	0	0	0
CBDDTY010005420.1	1	1000	0	0	0	0	0	0
CBDDTY010005421.1	1	1000	0	0	0	0	0	0
CBDDTY010005423.1	1	1000	0	0	0	0	0	0
CBDDTY010005424.1	1	1000	0	0	0	0	0	0
CBDDTY010005431.1	1	1000	0	0	0	0	0	0
CBDDTY010005434.1	1	1000	0	0	0	0	0	0
CBDDTY010005438.1	1	1000	0	0	0	0	0	0
CBDDTY010005440.1	1	1000	0	0	0	0	0	0
CBDDTY010005441.1	1	1000	0	0	0	0	0	0
CBDDTY010005444.1	1	1000	0	0	0	0	0	0
CBDDTY010005446.1	1	1000	0	0	0	0	0	0
CBDDTY010005450.1	1	1000	0	0	0	0	0	0
CBDDTY010005451.1	1	1000	0	0	0	0	0	0
CBDDTY010005455.1	1	1000	0	0	0	0	0	0
CBDDTY010005463.1	1	1000	0	0	0	0	0	0
CBDDTY010005465.1	1	1000	0	0	0	0	0	0
CBDDTY010005466.1	1	1000	0	0	0	0	0	0
CBDDTY010005467.1	1	1000	0	0	0	0	0	0
CBDDTY010005469.1	1	1000	0	0	0	0	0	0
CBDDTY010005470.1	1	1000	0	0	0	0	0	0
CBDDTY010005473.1	1	1000	0	0	0	0	0	0
CBDDTY010005474.1	1	1000	0	0	0	0	0	0
CBDDTY010005481.1	1	1000	0	0	0	0	0	0
CBDDTY010005483.1	1	1000	0	0	0	0	0	0
CBDDTY010005485.1	1	1000	0	0	0	0	0	0
CBDDTY010005489.1	1	1000	0	0	0	0	0	0
CBDDTY010005493.1	1	1000	0	0	0	0	0	0
CBDDTY010005494.1	1	1000	0	0	0	0	0	0
CBDDTY010005497.1	1	1000	0	0	0	0	0	0
CBDDTY010005503.1	1	1000	0	0	0	0	0	0
CBDDTY010005504.1	1	1000	0	0	0	0	0	0
CBDDTY010005505.1	1	1000	0	0	0	0	0	0
CBDDTY010005516.1	1	1000	0	0	0	0	0	0
CBDDTY010005519.1	1	1000	0	0	0	0	0	0
CBDDTY010005520.1	1	1000	0	0	0	0	0	0
CBDDTY010005521.1	1	1000	0	0	0	0	0	0
CBDDTY010005522.1	1	1000	0	0	0	0	0	0
CBDDTY010005523.1	1	1000	0	0	0	0	0	0
CBDDTY010005527.1	1	1000	0	0	0	0	0	0
CBDDTY010005530.1	1	1000	0	0	0	0	0	0
CBDDTY010005531.1	1	1000	0	0	0	0	0	0
CBDDTY010005533.1	1	1000	0	0	0	0	0	0
CBDDTY010005534.1	1	1000	0	0	0	0	0	0
CBDDTY010005535.1	1	1000	0	0	0	0	0	0
CBDDTY010005537.1	1	1000	0	0	0	0	0	0
CBDDTY010005538.1	1	1000	0	0	0	0	0	0
CBDDTY010005539.1	1	1000	0	0	0	0	0	0
CBDDTY010005540.1	1	1000	0	0	0	0	0	0
CBDDTY010005542.1	1	1000	0	0	0	0	0	0
CBDDTY010005547.1	1	1000	0	0	0	0	0	0
CBDDTY010005550.1	1	1000	0	0	0	0	0	0
CBDDTY010005551.1	1	1000	0	0	0	0	0	0
CBDDTY010005556.1	1	1000	0	0	0	0	0	0
CBDDTY010005560.1	1	1000	0	0	0	0	0	0
CBDDTY010005561.1	1	1000	0	0	0	0	0	0
