#rname	startpos	endpos	numreads	covbases	coverage	meandepth	meanbaseq	meanmapq
OZ247652.1	1	90891126	125054	14513795	15.9683	0.2516	30.2	18.1
CBDDTY010000001.1	1	2201400	1578	198737	9.02776	0.129055	30.3	15.8
CBDDTY010000002.1	1	375200	442	47141	12.5642	0.241114	30.2	1.75
OZ247653.1	1	59305165	96149	12290576	20.7243	0.295898	30.2	22.6
CBDDTY010000003.1	1	159000	11	1679	1.05597	0.0134528	28.2	0.182
CBDDTY010000004.1	1	132000	33	4949	3.74924	0.0546894	30.7	4.24
CBDDTY010000005.1	1	112000	65	7703	6.87768	0.125929	31.2	0.215
OZ247654.1	1	55603820	91312	11520856	20.7195	0.30018	30.1	22
CBDDTY010000006.1	1	237387	283	32385	13.6423	0.217914	30.3	22
CBDDTY010000007.1	1	212000	45	8565	4.04009	0.0495094	31.7	2.8
OZ247655.1	1	27535131	49065	5295522	19.2319	0.329739	30.2	19.3
OZ247656.1	1	25493044	49536	6204386	24.3376	0.357043	30.1	24.9
OZ247657.1	1	20427586	35889	4650591	22.7662	0.32168	30.3	25.2
CBDDTY010000008.1	1	1510391	62	10340	0.684591	0.00806149	29.8	0.71
CBDDTY010000009.1	1	203586	58	8739	4.29253	0.0650143	30.8	0.793
OZ247658.1	1	19570859	32510	4165658	21.285	0.304309	30.3	23.2
OZ247659.1	1	15043846	25439	3153429	20.9616	0.30284	30	21.3
CBDDTY010000010.1	1	3154400	2806	326572	10.3529	0.160012	30.4	14.6
CBDDTY010000011.1	1	372599	553	69142	18.5567	0.280881	29	6.3
OZ247660.1	1	18558849	28543	3555444	19.1577	0.28271	30.2	21.6
OZ247661.1	1	18228942	42757	4234918	23.2318	0.43477	30.2	18.2
OZ247662.1	1	18164600	31017	3973254	21.8736	0.313875	30.2	23.1
OZ247663.1	1	17898725	29334	3630115	20.2814	0.305247	30	21.3
OZ247664.1	1	16834196	29039	3749648	22.274	0.317031	30.1	23.4
OZ247665.1	1	16704832	30947	3794044	22.7123	0.339493	30.2	22.6
OZ247666.1	1	16645368	27161	3493073	20.9853	0.298956	30.2	23
OZ247667.1	1	14847524	22815	3011290	20.2814	0.283646	30.2	25.1
OZ247668.1	1	14820029	24536	3120309	21.0547	0.303018	30.2	22.5
CBDDTY010000012.1	1	6743	4	691	10.2477	0.102477	27	16.2
CBDDTY010000014.1	1	74823	225	25581	34.1887	0.557329	30.7	26.3
CBDDTY010000015.1	1	513578	879	94985	18.4948	0.314061	30	13.5
CBDDTY010000016.1	1	15272	58	5393	35.313	0.729505	29.8	25.3
CBDDTY010000018.1	1	1808000	2484	304586	16.8466	0.26173	29.9	13.3
CBDDTY010000019.1	1	1397391	1661	235568	16.8577	0.241743	30.2	1.14
CBDDTY010000020.1	1	1374880	1449	174389	12.6839	0.19283	30.1	16.5
CBDDTY010000022.1	1	792527	1364	161987	20.4393	0.30353	30.3	13.3
CBDDTY010000023.1	1	1139680	2146	134191	11.7744	0.427757	30.7	8.45
CBDDTY010000024.1	1	1667	2	127	7.61848	0.138572	37.9	0
CBDDTY010000025.1	1	1026420	1407	173102	16.8646	0.245472	30	16.8
CBDDTY010000026.1	1	1012600	484	56462	5.57594	0.0856992	30.7	14.1
CBDDTY010000027.1	1	968581	820	94386	9.74477	0.152926	30.2	16.2
CBDDTY010000028.1	1	555299	1022	105820	19.0564	0.365517	30.4	4
CBDDTY010000029.1	1	799000	1972	135907	17.0096	0.487443	30.4	16.1
CBDDTY010000030.1	1	749000	49	7277	0.971562	0.0111495	30.9	0.776
CBDDTY010000031.1	1	715217	841	98087	13.7143	0.21568	30.3	18.3
CBDDTY010000032.1	1	699400	514	58848	8.41407	0.137484	30.1	6.72
CBDDTY010000033.1	1	662224	55	6712	1.01355	0.0167904	29.2	0.309
CBDDTY010000034.1	1	657600	947	76267	11.5978	0.28278	30.4	12.3
CBDDTY010000035.1	1	604775	859	102929	17.0194	0.259716	30.5	18.7
CBDDTY010000036.1	1	577475	922	108259	18.747	0.288665	29.9	18.3
CBDDTY010000037.1	1	364000	65	9063	2.48984	0.0376071	30.5	39.1
CBDDTY010000038.1	1	353843	397	45617	12.8919	0.204291	29.7	19.3
CBDDTY010000039.1	1	347000	405	53221	15.3375	0.21211	30.3	12.4
CBDDTY010000040.1	1	340000	151	17122	5.03588	0.0834882	30.9	13.4
CBDDTY010000041.1	1	335200	288	38670	11.5364	0.156363	29.3	9.1
CBDDTY010000042.1	1	294000	689	77294	26.2905	0.417439	30.1	14.9
CBDDTY010000043.1	1	288000	319	33436	11.6097	0.20066	30.5	8.14
CBDDTY010000044.1	1	285552	248	29849	10.4531	0.159691	30.5	8.6
CBDDTY010000045.1	1	284000	275	31956	11.2521	0.175873	31.3	12.2
CBDDTY010000046.1	1	267800	570	59557	22.2394	0.385381	30.1	12
CBDDTY010000047.1	1	254316	30	4863	1.91219	0.0249925	30.7	2.57
CBDDTY010000048.1	1	240800	405	47434	19.6985	0.297978	30.2	14.3
CBDDTY010000049.1	1	221200	247	32704	14.7848	0.223761	30.8	5.88
CBDDTY010000050.1	1	211042	162	22172	10.506	0.143152	30.1	13.5
CBDDTY010000051.1	1	205000	240	25885	12.6268	0.203059	29.7	12.3
CBDDTY010000052.1	1	195200	177	21197	10.8591	0.156691	29.2	7.21
CBDDTY010000053.1	1	195000	275	39270	20.1385	0.243677	30.1	31
CBDDTY010000054.1	1	194200	126	16954	8.73018	0.145252	31	1.98
CBDDTY010000055.1	1	193800	391	41724	21.5294	0.367513	29.9	16.4
CBDDTY010000056.1	1	190600	380	40452	21.2235	0.379176	30.1	11.8
CBDDTY010000057.1	1	180000	97	8159	4.53278	0.108472	30.8	4.64
CBDDTY010000058.1	1	178701	102	14398	8.05703	0.100654	31.2	11.8
CBDDTY010000059.1	1	175000	67	10503	6.00171	0.066	30.4	2.07
CBDDTY010000060.1	1	169926	315	31780	18.7023	0.339424	30.2	4.82
CBDDTY010000061.1	1	165200	152	17903	10.8372	0.158662	30.3	4.14
CBDDTY010000062.1	1	162000	267	27074	16.7123	0.305698	30.4	7.81
CBDDTY010000063.1	1	161000	247	27631	17.1621	0.305957	30	1.79
CBDDTY010000064.1	1	4986	3	607	12.1741	0.121741	28.4	20.3
CBDDTY010000066.1	1	155400	19	2691	1.73166	0.0244788	31.4	12.7
CBDDTY010000067.1	1	153036	284	32275	21.0898	0.330589	30.5	6.49
CBDDTY010000068.1	1	153000	215	23257	15.2007	0.25715	30.2	7.48
CBDDTY010000070.1	1	150357	251	32979	21.9338	0.293994	30.4	9.18
CBDDTY010000071.1	1	142400	8	2092	1.4691	0.017184	28.2	1.88
CBDDTY010000072.1	1	140603	263	29162	20.7407	0.342923	29.6	11.6
CBDDTY010000073.1	1	134000	42	6320	4.71642	0.0709254	30.1	0.595
CBDDTY010000074.1	1	127396	29	4127	3.23951	0.0419401	27	2.21
CBDDTY010000075.1	1	126000	109	13960	11.0794	0.162349	30.4	0.862
CBDDTY010000076.1	1	122094	355	38574	31.5937	0.541583	29.4	8.92
CBDDTY010000077.1	1	118000	178	26271	22.2636	0.304958	29.7	1.12
CBDDTY010000078.1	1	113200	154	20128	17.7809	0.20856	30	1.2
CBDDTY010000079.1	1	110600	247	24208	21.8879	0.445298	29.5	14.2
CBDDTY010000080.1	1	109000	5	749	0.687156	0.00813761	29.8	0.4
CBDDTY010000081.1	1	106000	10	1934	1.82453	0.020566	27.9	0.3
CBDDTY010000082.1	1	105000	136	17157	16.34	0.224571	30.3	11.4
CBDDTY010000083.1	1	103000	2	397	0.385437	0.00385437	29.9	0
CBDDTY010000084.1	1	101400	4	399	0.393491	0.00393491	34	0
CBDDTY010000085.1	1	101000	68	9524	9.4297	0.112475	30.2	1.21
CBDDTY010000086.1	1	99160	179	20264	20.4357	0.307735	30.3	15.5
CBDDTY010000087.1	1	98000	40	5918	6.03878	0.0743061	31.6	0.075
CBDDTY010000088.1	1	94000	58	7806	8.30426	0.115628	30.6	2.43
CBDDTY010000089.1	1	93200	37	5006	5.37124	0.0615665	29.5	0.622
CBDDTY010000090.1	1	93200	166	19154	20.5515	0.339453	29.8	24.8
CBDDTY010000091.1	1	91592	4	774	0.845052	0.0108525	32.9	0.5
CBDDTY010000092.1	1	91000	11	1310	1.43956	0.0203187	28.7	0.182
CBDDTY010000093.1	1	89742	175	22657	25.2468	0.342058	29.5	0.914
CBDDTY010000094.1	1	89082	80	10881	12.2146	0.166678	30.6	9.26
CBDDTY010000095.1	1	89000	40	4897	5.50225	0.090764	29.1	12.6
CBDDTY010000096.1	1	89000	12	2161	2.42809	0.0309326	31.2	0.583
CBDDTY010000097.1	1	88400	75	9078	10.2692	0.149389	31	5.87
CBDDTY010000098.1	1	88187	71	9575	10.8576	0.139057	31.5	3.15
CBDDTY010000099.1	1	88000	279	29013	32.9693	0.584807	28.9	15.3
CBDDTY010000100.1	1	85432	247	27528	32.2221	0.509669	30.2	1.72
CBDDTY010000101.1	1	84721	98	15317	18.0793	0.20649	29.6	6.02
CBDDTY010000102.1	1	84000	146	18707	22.2702	0.316917	30.5	20.6
CBDDTY010000103.1	1	82593	2	456	0.552105	0.00552105	26.5	0.5
CBDDTY010000104.1	1	82000	25	3898	4.75366	0.0683415	31.2	0.16
CBDDTY010000105.1	1	81000	6	732	0.903704	0.00903704	29	0
CBDDTY010000106.1	1	79800	99	11271	14.1241	0.21802	31.1	14.5
CBDDTY010000107.1	1	80000	2	384	0.48	0.0048	29.1	0.5
CBDDTY010000108.1	1	80000	86	8786	10.9825	0.19215	30.5	5.73
CBDDTY010000109.1	1	79658	68	7994	10.0354	0.156431	29.4	16.6
CBDDTY010000110.1	1	78800	131	16481	20.915	0.29665	29.2	19.7
CBDDTY010000111.1	1	79000	251	27756	35.1342	0.623076	30.5	1.61
CBDDTY010000112.1	1	78378	117	13909	17.7461	0.271326	30.5	7.49
CBDDTY010000113.1	1	78200	89	12034	15.3887	0.220729	31.6	2.24
CBDDTY010000114.1	1	77000	57	7539	9.79091	0.124987	28.9	8.96
CBDDTY010000115.1	1	76454	113	15048	19.6824	0.253512	30.3	0.212
CBDDTY010000116.1	1	75599	1920	36405	48.1554	4.66902	28	0.0333
CBDDTY010000117.1	1	75000	196	19847	26.4627	0.49456	30.1	3.89
CBDDTY010000118.1	1	74641	80	11834	15.8546	0.194638	30.8	31.6
CBDDTY010000119.1	1	74000	110	17307	23.3878	0.291338	30.8	24.1
CBDDTY010000120.1	1	74000	110	13612	18.3946	0.255541	30.6	1.26
CBDDTY010000121.1	1	74000	15	2774	3.74865	0.0392838	30.4	1.4
CBDDTY010000122.1	1	74000	4	814	1.1	0.011	30.6	0.25
CBDDTY010000123.1	1	72678	71	7554	10.3938	0.17517	30.3	12.7
CBDDTY010000124.1	1	72011	83	11131	15.4574	0.206399	30.6	5.37
CBDDTY010000125.1	1	71823	100	12231	17.0294	0.241566	30.5	20.8
CBDDTY010000126.1	1	72000	188	22160	30.7778	0.48975	30.3	4.24
CBDDTY010000127.1	1	72000	9	1189	1.65139	0.0197361	31.7	22.9
CBDDTY010000128.1	1	72000	110	12562	17.4472	0.271111	29.6	14.2
CBDDTY010000129.1	1	71000	93	9890	13.9296	0.247507	29.2	2.71
CBDDTY010000130.1	1	70000	83	9285	13.2643	0.207471	29.5	0.542
CBDDTY010000131.1	1	69800	133	15499	22.2049	0.355501	30.2	6.86
CBDDTY010000132.1	1	69600	17	2671	3.83764	0.0499856	30.9	4.29
CBDDTY010000133.1	1	68800	118	14019	20.3765	0.294172	30.8	7.35
CBDDTY010000134.1	1	69000	109	17161	24.871	0.293768	28.9	0.826
CBDDTY010000135.1	1	68847	118	12556	18.2375	0.325054	29.6	5.22
CBDDTY010000136.1	1	68000	51	6532	9.60588	0.136279	29.3	19.4
CBDDTY010000137.1	1	68000	76	11626	17.0971	0.191971	31.2	0.566
CBDDTY010000138.1	1	66000	288	13899	21.0591	0.807273	29.8	12.3
CBDDTY010000139.1	1	65676	30	4833	7.35885	0.0791766	31.1	2.07
CBDDTY010000140.1	1	65517	62	8498	12.9707	0.15657	31.5	23.2
CBDDTY010000141.1	1	65000	661	22655	34.8538	1.91977	28.9	10.5
CBDDTY010000142.1	1	64675	77	12820	19.8222	0.239196	30.5	0.506
CBDDTY010000143.1	1	64000	93	11293	17.6453	0.270672	29.7	1.61
CBDDTY010000144.1	1	64000	17	2285	3.57031	0.03825	29.9	1.47
CBDDTY010000145.1	1	64000	85	10366	16.1969	0.232594	30.1	5.72
CBDDTY010000146.1	1	63800	53	5722	8.96865	0.137868	30.5	7.13
CBDDTY010000147.1	1	64000	20	3223	5.03594	0.05625	31.6	2.3
CBDDTY010000148.1	1	63205	124	15404	24.3715	0.352219	29.7	2.27
CBDDTY010000149.1	1	63000	51	8711	13.827	0.159524	29.7	2.61
CBDDTY010000150.1	1	63000	69	10236	16.2476	0.189127	29.7	0.058
CBDDTY010000151.1	1	62400	121	12797	20.508	0.343125	30.3	7.55
CBDDTY010000152.1	1	61800	72	10601	17.1537	0.217168	29.6	5.65
CBDDTY010000153.1	1	62000	70	9156	14.7677	0.191032	29.1	1.37
CBDDTY010000154.1	1	61792	38	3238	5.24016	0.112393	31.1	19.9
CBDDTY010000155.1	1	61130	52	7341	12.0088	0.162948	30.1	9.48
CBDDTY010000156.1	1	61000	7	879	1.44098	0.0242459	30.2	2.29
CBDDTY010000158.1	1	59400	70	8150	13.7205	0.183872	32.2	1.97
CBDDTY010000159.1	1	60000	8	1577	2.62833	0.0278833	32.6	0
CBDDTY010000160.1	1	58000	23	3374	5.81724	0.0696897	29.8	0.0435
CBDDTY010000161.1	1	57000	21	3012	5.28421	0.0598246	32.6	0.81
CBDDTY010000162.1	1	56000	323	24928	44.5143	1.18129	30.1	0.48
CBDDTY010000163.1	1	55600	87	9767	17.5665	0.253381	30	0.322
CBDDTY010000164.1	1	54600	68	8711	15.9542	0.224451	30.1	19.2
CBDDTY010000165.1	1	54285	64	9085	16.7357	0.241779	30.8	0.0938
CBDDTY010000166.1	1	54000	143	11060	20.4815	0.490593	30.4	37.2
CBDDTY010000167.1	1	53357	3	836	1.5668	0.015668	29.2	0.667
CBDDTY010000168.1	1	53000	17	2771	5.2283	0.0688491	30.3	6.06
CBDDTY010000169.1	1	53000	1	228	0.430189	0.00430189	21.6	1
CBDDTY010000170.1	1	53000	33	5248	9.90189	0.116132	31.5	1.03
CBDDTY010000172.1	1	52000	6	1585	3.04808	0.0346346	31.1	1.17
CBDDTY010000173.1	1	52000	1	100	0.192308	0.00192308	37.2	0
CBDDTY010000174.1	1	52000	311	28855	55.4904	1.22929	29.4	0.415
CBDDTY010000176.1	1	51767	51	6588	12.7263	0.182645	30.3	4.73
CBDDTY010000177.1	1	51000	97	8553	16.7706	0.324922	29.2	5.69
CBDDTY010000178.1	1	51000	26	3226	6.32549	0.0810588	31.2	0.0769
CBDDTY010000179.1	1	50278	302	18286	36.3698	1.11047	31.6	0.285
CBDDTY010000180.1	1	50000	10	1262	2.524	0.03446	30.8	0
CBDDTY010000181.1	1	49343	217	20625	41.7992	0.907971	31	5.58
CBDDTY010000182.1	1	43800	53	7102	16.2146	0.206758	30.7	9.08
CBDDTY010000183.1	1	43018	20	3108	7.22488	0.0815938	31.7	0.1
CBDDTY010000184.1	1	42800	63	7520	17.5701	0.278271	30.4	4.03
CBDDTY010000185.1	1	39997	97	9147	22.8692	0.441908	30.7	38.9
CBDDTY010000186.1	1	39979	100	10775	26.9516	0.475199	30.3	19.6
CBDDTY010000187.1	1	39930	60	8316	20.8264	0.262559	29.2	16.7
CBDDTY010000188.1	1	39923	54	8029	20.1112	0.240738	30.1	21.4
CBDDTY010000189.1	1	39907	72	10519	26.3588	0.320896	31	33.1
CBDDTY010000190.1	1	39885	61	8415	21.0982	0.272483	30.5	27
CBDDTY010000191.1	1	39852	99	11838	29.7049	0.426026	30.5	22.5
CBDDTY010000192.1	1	39835	89	11255	28.254	0.399849	30.7	26.2
CBDDTY010000193.1	1	39826	69	9142	22.9549	0.315548	32.1	27.9
CBDDTY010000194.1	1	39777	46	4443	11.1698	0.191618	31.3	4.96
CBDDTY010000195.1	1	39752	90	11510	28.9545	0.40408	31.4	28.9
CBDDTY010000196.1	1	39747	70	9972	25.0887	0.346995	30	34.5
CBDDTY010000197.1	1	39727	45	7182	18.0784	0.246256	28.7	19
CBDDTY010000198.1	1	39726	69	9470	23.8383	0.305694	30.6	33.1
CBDDTY010000199.1	1	39701	10	1344	3.38531	0.0341805	34	0.4
CBDDTY010000200.1	1	39691	27	4084	10.2895	0.117684	31.6	21.5
CBDDTY010000201.1	1	39675	34	5314	13.3938	0.165721	31.7	31.8
CBDDTY010000202.1	1	39636	209	14022	35.3769	0.961525	30.1	28.3
CBDDTY010000203.1	1	39634	68	8311	20.9694	0.274537	31.1	13.7
CBDDTY010000204.1	1	39633	45	5648	14.2508	0.205813	30	10.8
CBDDTY010000205.1	1	39628	71	9997	25.2271	0.315534	31.7	26.1
CBDDTY010000206.1	1	39601	69	9642	24.3479	0.324512	30.7	23.2
CBDDTY010000207.1	1	39600	44	7060	17.8283	0.212121	30.6	21.8
CBDDTY010000208.1	1	39595	62	7733	19.5302	0.302412	32.3	12
CBDDTY010000209.1	1	39385	29	4404	11.1819	0.140206	29.1	9.97
CBDDTY010000210.1	1	39584	21	2539	6.41421	0.0818007	30.4	8.33
CBDDTY010000211.1	1	39576	23	3716	9.38953	0.103093	30.5	16.7
CBDDTY010000212.1	1	39569	37	5217	13.1846	0.1624	29.6	9.78
CBDDTY010000213.1	1	39567	102	11051	27.9298	0.44484	30	6.43
CBDDTY010000214.1	1	39564	124	16007	40.4585	0.573855	30	28.9
CBDDTY010000215.1	1	39559	88	10038	25.3748	0.427084	30.7	21.2
CBDDTY010000216.1	1	39546	33	4610	11.6573	0.157538	30.1	10.7
CBDDTY010000217.1	1	39539	72	9329	23.5944	0.330737	30.5	14.6
CBDDTY010000218.1	1	39539	58	8608	21.7709	0.27416	31.3	26.5
CBDDTY010000219.1	1	39529	160	13688	34.6277	0.716057	29.8	12.4
CBDDTY010000220.1	1	39525	67	9388	23.7521	0.298267	30.2	25.8
CBDDTY010000221.1	1	39512	86	11545	29.219	0.425871	30.9	19.2
CBDDTY010000222.1	1	39446	45	5593	14.1789	0.2094	31.5	29.6
CBDDTY010000223.1	1	39434	46	7369	18.6869	0.203302	30.5	26.9
CBDDTY010000224.1	1	39425	93	12520	31.7565	0.432365	29.6	30.3
CBDDTY010000225.1	1	39419	226	16812	42.6495	1.04219	29.8	25.3
CBDDTY010000226.1	1	39410	38	5365	13.6133	0.163157	30.3	14.2
CBDDTY010000227.1	1	39362	126	12889	32.7448	0.559321	29.3	26.8
CBDDTY010000228.1	1	39355	45	4911	12.4787	0.19657	30.7	18.8
CBDDTY010000229.1	1	39340	87	9130	23.2079	0.372903	30.5	10.5
CBDDTY010000230.1	1	39328	45	5552	14.1172	0.188975	29.4	11.8
CBDDTY010000231.1	1	39324	72	10726	27.276	0.334274	30.7	24.9
CBDDTY010000232.1	1	39317	46	6448	16.4	0.228858	31.8	13.6
CBDDTY010000233.1	1	39277	62	9041	23.0186	0.276447	29.2	38.4
CBDDTY010000234.1	1	39272	88	10056	25.606	0.424985	31	11.3
CBDDTY010000235.1	1	39248	36	2963	7.54943	0.154581	30.8	2.92
CBDDTY010000236.1	1	39207	30	3709	9.46005	0.126763	30.3	3.53
CBDDTY010000237.1	1	39200	59	8013	20.4413	0.290842	31.2	16.6
CBDDTY010000238.1	1	39153	66	8368	21.3726	0.297321	30	16.5
CBDDTY010000239.1	1	39125	64	10540	26.9393	0.301316	30.1	38.2
CBDDTY010000240.1	1	39102	62	8916	22.8019	0.275024	30.1	27
CBDDTY010000241.1	1	39098	19	2654	6.78807	0.0876004	31.5	6.32
CBDDTY010000242.1	1	39086	48	6075	15.5426	0.280254	29	1.83
CBDDTY010000243.1	1	39070	19	2933	7.50704	0.0761966	31.8	36.6
CBDDTY010000244.1	1	39068	135	13515	34.5935	0.638528	30.5	17.6
CBDDTY010000245.1	1	39057	54	6941	17.7715	0.206749	30.8	24.2
CBDDTY010000246.1	1	39044	43	5776	14.7936	0.199083	31.7	13.8
CBDDTY010000247.1	1	39044	61	7498	19.204	0.266955	31.2	8.56
CBDDTY010000248.1	1	39041	47	7659	19.6178	0.24277	29.4	27.7
CBDDTY010000249.1	1	39022	49	7126	18.2615	0.249962	30.3	31.3
CBDDTY010000250.1	1	39001	80	11533	29.571	0.38758	30.3	29.7
CBDDTY010000251.1	1	38800	177	14998	38.6546	0.819227	29.7	10.6
CBDDTY010000252.1	1	39000	8	1060	2.71795	0.0335897	28.2	1.88
CBDDTY010000253.1	1	39000	91	11689	29.9718	0.441795	31.8	17.4
CBDDTY010000254.1	1	39000	30	4582	11.7487	0.149667	29.1	11.6
CBDDTY010000255.1	1	39000	35	3919	10.0487	0.153179	33.1	10.8
CBDDTY010000256.1	1	38800	20	3114	8.02577	0.0919845	28.6	16.1
CBDDTY010000257.1	1	39000	50	5644	14.4718	0.221333	30.9	6.66
CBDDTY010000258.1	1	39000	75	9872	25.3128	0.349333	31.1	37.3
CBDDTY010000259.1	1	39000	27	3697	9.47949	0.104564	29.6	14.7
CBDDTY010000260.1	1	39000	43	4498	11.5333	0.159821	29.2	4.79
CBDDTY010000261.1	1	39000	228	18958	48.6103	1.08636	29.9	24.3
CBDDTY010000262.1	1	39000	101	12974	33.2667	0.47741	30	33.7
CBDDTY010000263.1	1	39000	24	3252	8.33846	0.112487	32.1	24.2
CBDDTY010000264.1	1	39000	64	10435	26.7564	0.312718	30.9	30.3
CBDDTY010000265.1	1	38800	69	10305	26.5593	0.326366	30.6	40.5
CBDDTY010000266.1	1	39000	63	10247	26.2744	0.30741	31	34.2
CBDDTY010000267.1	1	39000	78	9981	25.5923	0.365128	31.6	13.9
CBDDTY010000268.1	1	39000	74	8212	21.0564	0.317744	30.7	19.6
CBDDTY010000269.1	1	39000	138	11417	29.2744	0.669179	31	1.91
CBDDTY010000270.1	1	38982	109	9265	23.7674	0.487276	30.7	11.1
CBDDTY010000271.1	1	38976	67	9117	23.3913	0.312859	31.7	18.3
CBDDTY010000272.1	1	38962	73	8056	20.6766	0.3478	30.8	22.3
CBDDTY010000273.1	1	38953	37	4777	12.2635	0.169974	30.3	23.5
CBDDTY010000274.1	1	38909	99	12025	30.9054	0.465471	30.2	11.6
CBDDTY010000275.1	1	38882	32	5284	13.5898	0.155599	30.4	37
CBDDTY010000276.1	1	38878	45	5627	14.4735	0.180925	31.1	11.6
CBDDTY010000277.1	1	38878	112	12273	31.568	0.541977	30.1	11.8
CBDDTY010000278.1	1	38865	191	14469	37.2289	0.890055	30.6	2.14
CBDDTY010000279.1	1	38853	58	9284	23.8952	0.276504	30.4	32.2
CBDDTY010000280.1	1	38850	54	7619	19.6113	0.228108	31	21.9
CBDDTY010000281.1	1	38832	78	9377	24.1476	0.365858	29.7	10.7
CBDDTY010000282.1	1	38810	56	8644	22.2726	0.275238	29.6	21.6
CBDDTY010000283.1	1	38771	52	6500	16.7651	0.253927	29.5	18.2
CBDDTY010000284.1	1	38770	50	7225	18.6355	0.236781	29.1	34.1
CBDDTY010000285.1	1	38755	47	6201	16.0005	0.204928	29.7	14.1
CBDDTY010000286.1	1	38738	52	7936	20.4863	0.242372	31	29.5
CBDDTY010000287.1	1	38720	111	12541	32.3889	0.525155	29.4	13.7
CBDDTY010000288.1	1	38713	79	9374	24.2141	0.341384	30.6	29.3
CBDDTY010000289.1	1	38712	23	2765	7.14249	0.105368	30.1	10.9
CBDDTY010000290.1	1	38709	94	9638	24.8986	0.404609	31.4	15.9
CBDDTY010000291.1	1	38702	70	8655	22.3632	0.329931	30.4	8.26
CBDDTY010000292.1	1	38701	52	8155	21.0718	0.26666	28.9	37.8
CBDDTY010000293.1	1	38680	99	9380	24.2503	0.455067	31.1	21.2
CBDDTY010000294.1	1	38634	79	9298	24.0669	0.387948	29.3	23.9
CBDDTY010000295.1	1	38608	58	6340	16.4215	0.287272	29.7	9.47
CBDDTY010000296.1	1	38606	93	12563	32.5416	0.443558	29.3	30.2
CBDDTY010000297.1	1	38601	80	9915	25.6859	0.416725	29.6	16.6
CBDDTY010000298.1	1	38590	75	10391	26.9267	0.366468	30.5	18.4
CBDDTY010000299.1	1	38564	48	6268	16.2535	0.219583	29.8	18.8
CBDDTY010000300.1	1	38531	89	10917	28.333	0.417638	28.5	26.7
CBDDTY010000301.1	1	38525	119	15288	39.6833	0.579338	28.9	26.1
CBDDTY010000302.1	1	38520	182	19513	50.6568	0.884943	29.5	32.2
CBDDTY010000303.1	1	38510	72	9637	25.0247	0.321293	31.4	12.6
CBDDTY010000304.1	1	38509	67	10191	26.4639	0.349165	32.1	44.8
CBDDTY010000305.1	1	38500	61	8417	21.8623	0.291403	31.2	28.6
CBDDTY010000306.1	1	38496	75	10243	26.608	0.374195	30.4	30.4
CBDDTY010000307.1	1	38496	38	4183	10.8661	0.164069	30.4	8.84
CBDDTY010000308.1	1	38488	60	9365	24.3323	0.29591	28.5	37.4
CBDDTY010000309.1	1	38475	57	7332	19.0565	0.263262	30.2	21.4
CBDDTY010000310.1	1	38475	103	9667	25.1254	0.465133	29.7	9
CBDDTY010000311.1	1	38461	94	8933	23.2261	0.468787	30.5	6.71
CBDDTY010000312.1	1	38440	77	11287	29.3626	0.369589	29.2	15.1
CBDDTY010000313.1	1	38421	13	1972	5.13261	0.0585617	31.4	16.5
CBDDTY010000314.1	1	38411	125	13384	34.8442	0.59949	30.2	22.8
CBDDTY010000315.1	1	38407	110	11203	29.1692	0.525295	30.5	9.63
CBDDTY010000316.1	1	38391	80	10286	26.7927	0.414238	29.7	35.3
CBDDTY010000317.1	1	38384	47	4020	10.4731	0.194274	30.4	7.6
CBDDTY010000318.1	1	38383	55	8481	22.0957	0.269077	30.5	25.1
CBDDTY010000319.1	1	38375	80	7876	20.5238	0.343948	30	6.78
CBDDTY010000320.1	1	38368	81	8592	22.3937	0.357147	29.7	6.2
CBDDTY010000321.1	1	38356	51	7475	19.4885	0.223928	29.7	32.7
CBDDTY010000322.1	1	38340	77	6230	16.2493	0.369536	29.1	7.05
CBDDTY010000323.1	1	38335	64	9690	25.2772	0.301969	30.2	26
CBDDTY010000324.1	1	38317	18	2436	6.35749	0.0827309	30.1	3.78
CBDDTY010000325.1	1	38299	61	9397	24.5359	0.29677	30.6	41.9
CBDDTY010000326.1	1	38273	71	8391	21.9241	0.323387	30.8	27.6
CBDDTY010000327.1	1	38259	142	15080	39.4156	0.681147	28.7	12.9
CBDDTY010000328.1	1	38219	85	12265	32.0914	0.426803	30.5	15
CBDDTY010000329.1	1	38211	47	7951	20.8081	0.233127	30.5	36.5
CBDDTY010000330.1	1	38211	98	9343	24.4511	0.454293	30.4	16.1
CBDDTY010000331.1	1	38209	32	4451	11.6491	0.151744	29.7	12.2
CBDDTY010000332.1	1	38200	67	8569	22.4319	0.293508	29.7	11.8
CBDDTY010000333.1	1	38155	31	4032	10.5674	0.14981	30.2	7.68
CBDDTY010000334.1	1	38145	52	6322	16.5736	0.219269	31.8	17.9
CBDDTY010000335.1	1	38142	85	9555	25.0511	0.417545	29.9	7.05
CBDDTY010000336.1	1	38087	73	8238	21.6294	0.340641	30	15.6
CBDDTY010000337.1	1	38074	46	5314	13.957	0.202422	29	9.83
CBDDTY010000338.1	1	38035	62	7156	18.8143	0.303957	29.5	15.5
CBDDTY010000339.1	1	38023	57	5942	15.6274	0.264945	30.1	8
CBDDTY010000340.1	1	38010	13	2630	6.91923	0.0691923	29.4	15.2
CBDDTY010000341.1	1	38009	74	11187	29.4325	0.383199	29.7	40.5
CBDDTY010000342.1	1	38000	109	12485	32.8553	0.473132	30.4	15.1
CBDDTY010000343.1	1	37800	53	5660	14.9735	0.245397	30.6	13.3
CBDDTY010000344.1	1	37800	2	296	0.783069	0.00915344	24.1	0
CBDDTY010000345.1	1	38000	25	3492	9.18947	0.111368	29.2	5.72
CBDDTY010000346.1	1	38000	15	2385	6.27632	0.0691579	27.2	8.93
CBDDTY010000347.1	1	38000	47	7879	20.7342	0.232947	30.2	36.3
CBDDTY010000348.1	1	38000	44	4332	11.4	0.193947	30.6	10.3
CBDDTY010000349.1	1	38000	149	17594	46.3	0.779816	30.2	35.3
CBDDTY010000350.1	1	38000	53	6500	17.1053	0.242684	29.2	9.74
CBDDTY010000351.1	1	38000	68	8579	22.5763	0.314342	29.3	18.7
CBDDTY010000352.1	1	38000	12	1374	3.61579	0.0394211	27	9.75
CBDDTY010000353.1	1	38000	32	3193	8.40263	0.181211	29.4	17.1
CBDDTY010000354.1	1	38000	133	13610	35.8158	0.618974	30.2	23
CBDDTY010000355.1	1	37800	52	8209	21.7169	0.273466	29.9	41.9
CBDDTY010000356.1	1	38000	98	9502	25.0053	0.439132	29.9	12.9
CBDDTY010000357.1	1	38000	115	9523	25.0605	0.606974	29.6	20.2
CBDDTY010000358.1	1	38000	90	10363	27.2711	0.441184	29	18.8
CBDDTY010000359.1	1	38000	46	5230	13.7632	0.187763	29.8	9.35
CBDDTY010000360.1	1	37800	47	7123	18.8439	0.238862	29.1	19.6
CBDDTY010000361.1	1	37981	235	9471	24.9362	1.156	31.2	4.74
CBDDTY010000362.1	1	37963	84	10498	27.6532	0.405	31.1	9.74
CBDDTY010000363.1	1	37945	71	7052	18.5848	0.320253	29.5	7.1
CBDDTY010000364.1	1	37938	75	11192	29.5008	0.367942	29.9	37.1
CBDDTY010000365.1	1	37936	83	10262	27.0508	0.395166	30.5	20
CBDDTY010000366.1	1	37933	57	7379	19.4527	0.26415	31.6	33.3
CBDDTY010000367.1	1	37907	33	5245	13.8365	0.164693	29.9	7.15
CBDDTY010000368.1	1	37899	46	6238	16.4595	0.215837	29.8	9.3
CBDDTY010000369.1	1	37885	69	6713	17.7194	0.329972	29.1	13.9
CBDDTY010000370.1	1	37879	55	9232	24.3723	0.288022	29.5	42.8
CBDDTY010000371.1	1	37870	35	4460	11.7771	0.173119	30.6	22.4
CBDDTY010000372.1	1	37842	33	4282	11.3155	0.15097	30.4	25.1
CBDDTY010000373.1	1	37831	59	8582	22.6851	0.258862	30.5	33.6
CBDDTY010000374.1	1	37830	54	8515	22.5086	0.256807	30.9	31
CBDDTY010000375.1	1	37814	92	9991	26.4214	0.403184	30	11.8
CBDDTY010000376.1	1	37795	59	8001	21.1695	0.28435	30.7	24.4
CBDDTY010000377.1	1	37771	106	12232	32.3846	0.541209	30.2	19.7
CBDDTY010000378.1	1	37750	12	1669	4.42119	0.0546755	28.5	12.9
CBDDTY010000379.1	1	37725	36	4250	11.2657	0.169834	31.8	8.67
CBDDTY010000380.1	1	37697	56	10130	26.8722	0.289811	30.2	39.8
CBDDTY010000381.1	1	37692	52	7811	20.7232	0.261621	29.7	26.4
CBDDTY010000382.1	1	37682	91	7649	20.2988	0.399183	30.3	12.2
CBDDTY010000383.1	1	37667	83	10007	26.567	0.409032	29.2	17.9
CBDDTY010000384.1	1	37660	71	9154	24.307	0.378306	30.6	12.8
CBDDTY010000385.1	1	37657	118	10625	28.2152	0.546831	29.8	5.65
CBDDTY010000386.1	1	37656	70	9188	24.3998	0.321728	29.4	40.4
CBDDTY010000387.1	1	37650	52	6867	18.239	0.253041	29.8	16.6
CBDDTY010000388.1	1	37648	38	4535	12.0458	0.188616	29.7	7.97
CBDDTY010000389.1	1	37620	54	7370	19.5906	0.238836	30.7	4.56
CBDDTY010000390.1	1	37599	72	9548	25.3943	0.378202	31.4	24.3
CBDDTY010000391.1	1	37587	93	12673	33.7164	0.437093	30.2	35.9
CBDDTY010000392.1	1	37579	78	9042	24.0613	0.385295	30.7	11.8
CBDDTY010000393.1	1	37565	99	9709	25.8459	0.468601	31.4	15.1
CBDDTY010000394.1	1	37561	21	3122	8.31181	0.101515	30.5	10.6
CBDDTY010000395.1	1	37552	81	10825	28.8267	0.384746	29.7	21.7
CBDDTY010000396.1	1	37526	35	5244	13.9743	0.166684	29.7	0.0857
CBDDTY010000397.1	1	37511	23	3474	9.26128	0.111541	30.7	30.7
CBDDTY010000398.1	1	37500	85	10808	28.8213	0.380453	30.2	31.2
CBDDTY010000399.1	1	37488	60	5913	15.773	0.276168	30.4	8.17
CBDDTY010000400.1	1	37486	60	6671	17.796	0.259243	29.7	6.35
CBDDTY010000401.1	1	37468	75	10748	28.6858	0.368661	29.5	18.5
CBDDTY010000402.1	1	37458	37	4615	12.3205	0.176624	30.6	5.03
CBDDTY010000403.1	1	37449	45	6561	17.5198	0.215386	30.1	13.9
CBDDTY010000404.1	1	37432	64	7598	20.2981	0.329344	30	12.2
CBDDTY010000405.1	1	37422	86	10330	27.6041	0.427556	29.1	17.5
CBDDTY010000406.1	1	37413	71	8682	23.2058	0.353166	30.4	12.1
CBDDTY010000407.1	1	37403	80	8525	22.7923	0.383285	31.2	8.64
CBDDTY010000408.1	1	37401	21	2347	6.27523	0.0885003	31.2	7.52
CBDDTY010000409.1	1	37392	67	8687	23.2322	0.323732	30.1	40.1
CBDDTY010000410.1	1	37375	107	13709	36.6796	0.548682	29.7	31.9
CBDDTY010000411.1	1	37372	44	4875	13.0445	0.204404	29.2	5.14
CBDDTY010000412.1	1	37362	43	5908	15.8129	0.207671	30.4	17.4
CBDDTY010000413.1	1	37357	42	4507	12.0647	0.176085	30.7	5.31
CBDDTY010000414.1	1	37356	55	7656	20.4947	0.286621	30.1	12.7
CBDDTY010000415.1	1	37351	46	7379	19.7558	0.238789	29.4	14.8
CBDDTY010000416.1	1	37340	110	12101	32.4076	0.545072	29.6	20.9
CBDDTY010000417.1	1	37339	76	10364	27.7565	0.386647	29.6	32.7
CBDDTY010000418.1	1	37333	74	8751	23.4404	0.330619	31.4	19.9
CBDDTY010000419.1	1	37330	67	9372	25.1058	0.319127	29.8	33.9
CBDDTY010000420.1	1	37320	53	8428	22.5831	0.265113	30.2	45
CBDDTY010000421.1	1	37314	74	8809	23.6078	0.351825	29.8	28.4
CBDDTY010000422.1	1	37303	57	8120	21.7677	0.270407	32	35.8
CBDDTY010000423.1	1	37294	58	9342	25.0496	0.295356	31.1	47.3
CBDDTY010000424.1	1	37288	60	9652	25.885	0.301947	29.1	13.4
CBDDTY010000425.1	1	37287	21	2468	6.61893	0.0839435	30	9.33
CBDDTY010000426.1	1	37269	75	9378	25.163	0.364029	30.8	23.7
CBDDTY010000427.1	1	37260	5	1208	3.24208	0.0324208	25.9	13
CBDDTY010000428.1	1	37255	67	10690	28.6941	0.351953	30.1	32.8
CBDDTY010000429.1	1	37239	59	7602	20.4141	0.269261	30.1	15.6
CBDDTY010000430.1	1	37224	69	10885	29.2419	0.354744	30.3	40
CBDDTY010000431.1	1	37219	90	12946	34.7833	0.447272	30.6	37.7
CBDDTY010000432.1	1	37210	66	8745	23.5017	0.323757	31.1	17.6
CBDDTY010000433.1	1	37180	125	15014	40.3819	0.625094	29.9	19.3
CBDDTY010000434.1	1	37176	73	9739	26.197	0.367414	30.7	25.2
CBDDTY010000435.1	1	37173	139	14672	39.4695	0.730638	29.7	34.8
CBDDTY010000436.1	1	37171	67	11003	29.601	0.369939	29.9	45.1
CBDDTY010000437.1	1	37161	25	4082	10.9846	0.123194	30.4	19
CBDDTY010000438.1	1	37150	71	10050	27.0525	0.344522	30.3	34.4
CBDDTY010000439.1	1	37148	76	11132	29.9666	0.390223	30.8	23.5
CBDDTY010000440.1	1	37139	36	4480	12.0628	0.156035	29.8	6.36
CBDDTY010000441.1	1	37137	37	6353	17.1069	0.196839	30.8	28
CBDDTY010000442.1	1	37117	131	10897	29.3585	0.615351	30.4	18.8
CBDDTY010000443.1	1	37073	66	9194	24.7997	0.318102	31.2	25.8
CBDDTY010000444.1	1	37063	41	4326	11.672	0.14756	28.9	4.56
CBDDTY010000445.1	1	37063	57	7524	20.3006	0.291908	29.9	6.96
CBDDTY010000446.1	1	37027	28	4779	12.9068	0.146164	30.9	16.3
CBDDTY010000447.1	1	37021	95	9985	26.9712	0.420896	29	5.62
CBDDTY010000448.1	1	37009	41	4408	11.9106	0.180307	30.6	6.24
CBDDTY010000449.1	1	37009	51	7929	21.4245	0.264692	30.6	36.8
CBDDTY010000450.1	1	37003	67	5271	14.2448	0.332081	29.1	10.9
CBDDTY010000451.1	1	37000	34	4304	11.6324	0.166189	29.6	5.26
CBDDTY010000452.1	1	37000	39	5320	14.3784	0.187919	30.2	12.9
CBDDTY010000453.1	1	37000	116	10248	27.6973	0.552189	31	10
CBDDTY010000454.1	1	37000	43	5718	15.4541	0.214568	29.3	8.14
CBDDTY010000455.1	1	37000	78	10420	28.1622	0.394027	30.1	14.9
CBDDTY010000456.1	1	37000	28	4854	13.1189	0.139189	31.3	13.4
CBDDTY010000457.1	1	37000	20	3595	9.71622	0.119568	30.1	10.3
CBDDTY010000458.1	1	37000	64	6463	17.4676	0.300216	31.1	9.66
CBDDTY010000459.1	1	37000	68	8404	22.7135	0.34427	30.4	8.21
CBDDTY010000460.1	1	37000	11	1572	4.24865	0.0482973	31.5	4.73
CBDDTY010000461.1	1	37000	35	9026	24.3946	0.373405	21.7	18.7
CBDDTY010000462.1	1	36600	37	4839	13.2213	0.193443	29.8	5.97
CBDDTY010000463.1	1	37000	61	8943	24.1703	0.300054	29.8	30.4
CBDDTY010000464.1	1	37000	217	19445	52.5541	1.04778	30.8	14.6
CBDDTY010000465.1	1	37000	28	2959	7.9973	0.119081	31.2	9.79
CBDDTY010000466.1	1	37000	74	7931	21.4351	0.349757	28.3	16
CBDDTY010000467.1	1	36974	85	10404	28.1387	0.42657	29.6	12.6
CBDDTY010000468.1	1	36968	122	13210	35.7336	0.612097	30.2	3.7
CBDDTY010000469.1	1	36961	61	9145	24.7423	0.308217	31	37.2
CBDDTY010000470.1	1	36960	69	9687	26.2094	0.360606	30.5	23.4
CBDDTY010000471.1	1	36951	55	7212	19.5177	0.277394	30.4	2.62
CBDDTY010000472.1	1	36947	73	9569	25.8993	0.372263	30.9	24.1
CBDDTY010000473.1	1	36947	65	9197	24.8924	0.321325	31.2	35.1
CBDDTY010000474.1	1	36939	80	8121	21.9849	0.368824	30.2	24.8
CBDDTY010000475.1	1	36891	58	6869	18.6197	0.281342	30.2	16.5
CBDDTY010000476.1	1	36876	54	7074	19.1832	0.269769	30.3	17.6
CBDDTY010000477.1	1	36867	67	10097	27.3876	0.336751	30.4	36.9
CBDDTY010000478.1	1	36850	65	9918	26.9145	0.305346	31.4	35.3
CBDDTY010000479.1	1	36847	44	5965	16.1886	0.238445	29.9	7.48
CBDDTY010000480.1	1	36827	67	10313	28.0039	0.377631	29	37.7
CBDDTY010000481.1	1	36803	72	11554	31.3942	0.380839	31	20.1
CBDDTY010000482.1	1	36768	33	3236	8.80113	0.129406	32.4	23.7
CBDDTY010000483.1	1	36764	84	10574	28.7618	0.415869	31	18.1
CBDDTY010000484.1	1	36752	53	4765	12.9653	0.262217	30	4.75
CBDDTY010000485.1	1	36750	81	9516	25.8939	0.357143	30.5	7.58
CBDDTY010000486.1	1	36725	75	10357	28.2015	0.374459	30.7	36.2
CBDDTY010000487.1	1	36704	129	16723	45.5618	0.65279	30.1	34
CBDDTY010000488.1	1	36703	66	9759	26.5891	0.328856	30.9	32.6
CBDDTY010000489.1	1	36700	30	5177	14.1063	0.171989	30	11.9
CBDDTY010000490.1	1	36697	76	9839	26.8115	0.409053	31.2	29.5
CBDDTY010000491.1	1	36695	53	7579	20.654	0.252105	30.1	23.2
CBDDTY010000492.1	1	36693	36	5395	14.7031	0.172949	30.3	26.9
CBDDTY010000493.1	1	36680	34	4123	11.2405	0.154989	31.1	13.1
CBDDTY010000494.1	1	36660	48	5725	15.6165	0.205619	29.7	32.9
CBDDTY010000495.1	1	36651	85	11059	30.1738	0.434231	30.6	31.6
CBDDTY010000496.1	1	36643	68	9692	26.4498	0.315804	29.6	25.9
CBDDTY010000497.1	1	36635	67	8400	22.9289	0.329521	30.9	14.2
CBDDTY010000498.1	1	36632	36	4149	11.3262	0.19715	29.2	9.64
CBDDTY010000499.1	1	36626	127	14946	40.8071	0.642959	30.6	28.3
CBDDTY010000500.1	1	36604	58	7466	20.3967	0.279204	30.6	26.1
CBDDTY010000501.1	1	36576	32	4839	13.23	0.158984	31.3	19.5
CBDDTY010000502.1	1	36569	27	2906	7.94662	0.0934125	31.7	1.85
CBDDTY010000503.1	1	36544	90	5483	15.0038	0.448911	29.1	12.7
CBDDTY010000504.1	1	36537	51	6944	19.0054	0.282399	29.1	19.1
CBDDTY010000505.1	1	36535	107	10915	29.8755	0.529492	30.9	11.6
CBDDTY010000506.1	1	36522	67	9575	26.2171	0.331663	31	33.6
CBDDTY010000507.1	1	36517	33	3235	8.85889	0.168798	32.4	11.5
CBDDTY010000508.1	1	36508	32	4510	12.3535	0.137175	31	19.8
CBDDTY010000509.1	1	36479	71	9772	26.788	0.345103	30.1	24.1
CBDDTY010000510.1	1	36479	59	8706	23.8658	0.315277	29.8	25.1
CBDDTY010000511.1	1	36464	45	6892	18.9008	0.228444	31.4	41
CBDDTY010000512.1	1	36411	74	8840	24.2784	0.399879	28.9	28.2
CBDDTY010000513.1	1	36383	57	8486	23.3241	0.303686	31.1	29.5
CBDDTY010000514.1	1	36369	24	3059	8.41101	0.110589	31.2	10.6
CBDDTY010000515.1	1	36361	50	6647	18.2806	0.262369	31.6	10.8
CBDDTY010000516.1	1	36346	74	10425	28.6827	0.365295	30.7	27.6
CBDDTY010000517.1	1	36321	33	5103	14.0497	0.15341	30.8	20.3
CBDDTY010000518.1	1	36316	35	4637	12.7685	0.155056	31	5.71
CBDDTY010000519.1	1	36300	53	7077	19.4959	0.265399	29.6	18
CBDDTY010000520.1	1	36292	69	8911	24.5536	0.349195	30.8	12.4
CBDDTY010000521.1	1	36254	115	9819	27.0839	0.56038	29.9	20.3
CBDDTY010000522.1	1	36241	49	4594	12.6763	0.255788	31.6	11.8
CBDDTY010000523.1	1	36224	60	7863	21.7066	0.289145	29.2	19.4
CBDDTY010000524.1	1	36203	67	7129	19.6917	0.296163	28.9	9.73
CBDDTY010000525.1	1	36196	63	8182	22.6047	0.287242	29.9	9.48
CBDDTY010000526.1	1	36191	67	9760	26.968	0.344478	30.9	36.6
CBDDTY010000527.1	1	36185	52	5935	16.4018	0.256709	29.1	9.29
CBDDTY010000528.1	1	36177	116	7993	22.0941	0.572408	30.3	3.69
CBDDTY010000529.1	1	36170	61	7645	21.1363	0.321703	30.1	20.7
CBDDTY010000530.1	1	36068	87	9672	26.816	0.428718	30	23.3
CBDDTY010000531.1	1	36067	53	8125	22.5275	0.268001	30.2	34
CBDDTY010000532.1	1	36042	141	13870	38.4829	0.731674	30.2	12.4
CBDDTY010000533.1	1	36041	79	9527	26.4338	0.421326	29.7	28.3
CBDDTY010000534.1	1	36038	67	8510	23.614	0.31883	30.8	35.7
CBDDTY010000535.1	1	36037	49	6724	18.6586	0.215306	29.1	14.1
CBDDTY010000536.1	1	36027	62	7920	21.9835	0.301219	29.1	26.3
CBDDTY010000537.1	1	36021	65	8346	23.1698	0.304239	31.4	32.2
CBDDTY010000538.1	1	36013	27	3891	10.8044	0.12787	30.9	19.1
CBDDTY010000539.1	1	36009	57	6500	18.051	0.275098	30.8	5.26
CBDDTY010000540.1	1	36007	47	7166	19.9017	0.27092	31.6	18.4
CBDDTY010000541.1	1	36000	22	3042	8.45	0.114278	30	7.68
CBDDTY010000542.1	1	36000	36	3883	10.7861	0.155222	32.5	7.94
CBDDTY010000543.1	1	36000	53	9133	25.3694	0.293639	29.4	29.2
CBDDTY010000544.1	1	35600	22	3261	9.16011	0.111236	27.7	6.27
CBDDTY010000545.1	1	36000	7	1394	3.87222	0.0436111	27.7	0.143
CBDDTY010000546.1	1	36000	197	15958	44.3278	1.00986	30	20.5
CBDDTY010000547.1	1	36000	51	7253	20.1472	0.260056	30.3	29.9
CBDDTY010000548.1	1	36000	11	2063	5.73056	0.067	27.2	14.9
CBDDTY010000549.1	1	36000	37	4071	11.3083	0.157083	29.8	4.46
CBDDTY010000550.1	1	36000	39	6395	17.7639	0.188472	31.9	37.4
CBDDTY010000551.1	1	36000	46	5841	16.225	0.238028	30.3	27.5
CBDDTY010000552.1	1	36000	36	3668	10.1889	0.171194	29.1	3.72
CBDDTY010000553.1	1	36000	37	4667	12.9639	0.165194	31.9	5
CBDDTY010000554.1	1	36000	96	9819	27.275	0.493472	31	9.9
CBDDTY010000555.1	1	36000	38	4632	12.8667	0.188528	29.6	2.03
CBDDTY010000556.1	1	36000	57	7814	21.7056	0.309833	29.4	5.77
CBDDTY010000557.1	1	36000	36	5503	15.2861	0.172778	30.2	10
CBDDTY010000558.1	1	36000	38	3891	10.8083	0.160972	31.6	3.16
CBDDTY010000559.1	1	36000	66	7411	20.5861	0.324028	29.7	7.62
CBDDTY010000560.1	1	36000	67	7619	21.1639	0.375917	29	13.7
CBDDTY010000561.1	1	36000	54	5986	16.6278	0.279806	30.5	11.8
CBDDTY010000562.1	1	35996	23	3018	8.38426	0.101956	28.2	9.65
CBDDTY010000563.1	1	35994	42	4843	13.455	0.205479	31.1	7.57
CBDDTY010000564.1	1	35993	52	7527	20.9124	0.280054	32.1	28
CBDDTY010000565.1	1	35974	59	7067	19.6447	0.28768	30.5	17.2
CBDDTY010000566.1	1	35951	84	10462	29.1007	0.408306	29.7	18.7
CBDDTY010000567.1	1	35932	63	9840	27.3851	0.320745	29.6	29.5
CBDDTY010000568.1	1	35907	30	4926	13.7188	0.151335	29.4	29.4
CBDDTY010000569.1	1	35901	49	6438	17.9326	0.227097	30.6	21.6
CBDDTY010000570.1	1	35881	23	3314	9.23609	0.109473	29.7	12.3
CBDDTY010000571.1	1	35878	69	8765	24.43	0.371119	30.6	15.6
CBDDTY010000572.1	1	35869	53	6895	19.2227	0.238646	31.3	26.2
CBDDTY010000573.1	1	35838	42	5126	14.3033	0.201518	29.8	29.7
CBDDTY010000574.1	1	35809	76	9074	25.34	0.36206	31.3	10.5
CBDDTY010000575.1	1	35804	59	8331	23.2683	0.320746	30.2	28.7
CBDDTY010000576.1	1	35783	99	12429	34.7344	0.516223	29.7	17.6
CBDDTY010000577.1	1	35774	65	7659	21.4094	0.322804	30.1	14.9
CBDDTY010000578.1	1	35767	43	5522	15.4388	0.216149	27.9	14
CBDDTY010000579.1	1	35746	74	5986	16.7459	0.38298	30.6	6.23
CBDDTY010000580.1	1	35706	53	7279	20.3859	0.257464	29.7	32.2
CBDDTY010000581.1	1	35701	22	3458	9.686	0.122574	30.7	1.41
CBDDTY010000582.1	1	35667	82	11413	31.9988	0.414052	30.6	18.3
CBDDTY010000583.1	1	35664	137	13226	37.085	0.710576	29.8	22.4
CBDDTY010000584.1	1	35663	60	5023	14.0846	0.285226	30.4	4.88
CBDDTY010000585.1	1	35659	110	12680	35.559	0.561205	29.4	19.3
CBDDTY010000586.1	1	35653	40	6084	17.0645	0.191541	30.7	21.5
CBDDTY010000587.1	1	35632	67	8545	23.9813	0.353278	31.2	24.4
CBDDTY010000588.1	1	35623	97	9578	26.8871	0.505909	29.7	17.4
CBDDTY010000589.1	1	35617	64	7618	21.3887	0.275262	30.5	14.2
CBDDTY010000590.1	1	35611	27	2696	7.57069	0.101205	31.8	2.26
CBDDTY010000591.1	1	35600	69	9546	26.8146	0.347528	29.5	25.4
CBDDTY010000592.1	1	35580	96	12200	34.2889	0.513406	30	25.8
CBDDTY010000593.1	1	35579	39	6386	17.9488	0.208859	31.9	31.9
CBDDTY010000594.1	1	35553	68	9706	27.3001	0.353697	30.3	25.4
CBDDTY010000595.1	1	35548	24	2440	6.86396	0.0984584	30.3	19.4
CBDDTY010000596.1	1	35530	56	6358	17.8947	0.294484	30.5	5.95
CBDDTY010000597.1	1	35530	48	7033	19.7945	0.249226	30.8	23.6
CBDDTY010000598.1	1	35528	14	1648	4.63859	0.0683686	32	37.1
CBDDTY010000599.1	1	35493	73	10874	30.637	0.425211	29.9	21.7
CBDDTY010000600.1	1	35492	92	12124	34.1598	0.460132	29.9	27.6
CBDDTY010000601.1	1	35485	32	5013	14.1271	0.163647	30.5	23.1
CBDDTY010000602.1	1	35471	70	9489	26.7514	0.36207	30.1	29.6
CBDDTY010000603.1	1	35451	66	7978	22.5043	0.352881	29.8	17.8
CBDDTY010000604.1	1	35446	63	8958	25.2722	0.315014	29.9	25.1
CBDDTY010000605.1	1	35444	86	10406	29.359	0.451952	29.3	22.5
CBDDTY010000606.1	1	35436	72	10861	30.6496	0.402641	30.4	37.2
CBDDTY010000607.1	1	35427	45	7313	20.6424	0.242075	32	23.2
CBDDTY010000608.1	1	35411	70	6754	19.0732	0.321002	29	11.1
CBDDTY010000609.1	1	35406	122	11887	33.5734	0.671412	30.7	16.2
CBDDTY010000610.1	1	35405	51	6833	19.2995	0.272589	30.9	11.8
CBDDTY010000611.1	1	35394	89	10154	28.6885	0.470786	30.3	20.6
CBDDTY010000612.1	1	35391	73	9209	26.0207	0.338532	29.7	24.9
CBDDTY010000613.1	1	35375	68	9197	25.9986	0.335067	30	24.5
CBDDTY010000614.1	1	35360	29	3935	11.1284	0.151273	28.9	15.5
CBDDTY010000615.1	1	35356	63	9427	26.6631	0.318503	30.4	25.4
CBDDTY010000616.1	1	35353	81	10499	29.6976	0.422369	30.5	18.4
CBDDTY010000617.1	1	35339	77	10734	30.3744	0.405614	30.3	34.8
CBDDTY010000618.1	1	35335	118	14981	42.3971	0.595925	30.3	27.7
CBDDTY010000619.1	1	35317	45	6310	17.8667	0.232947	32.1	26.2
CBDDTY010000620.1	1	35312	48	7355	20.8286	0.246658	30.1	31.5
CBDDTY010000621.1	1	35302	48	6935	19.6448	0.228117	30	9.96
CBDDTY010000622.1	1	35301	62	6569	18.6085	0.308263	31.1	23
CBDDTY010000623.1	1	35276	35	5652	16.0222	0.190016	32.1	46.2
CBDDTY010000624.1	1	35275	48	6922	19.623	0.232091	31.1	29.9
CBDDTY010000625.1	1	35268	74	8155	23.1229	0.358881	30.3	11.1
CBDDTY010000626.1	1	35244	79	10205	28.9553	0.406537	30.2	30.9
CBDDTY010000627.1	1	35237	57	8737	24.795	0.277379	30.4	37.8
CBDDTY010000628.1	1	35226	55	8077	22.9291	0.283739	31.2	14.4
CBDDTY010000629.1	1	35215	65	8670	24.6202	0.316683	30.6	21.7
CBDDTY010000630.1	1	35189	76	9394	26.6958	0.39177	30.9	1.71
CBDDTY010000631.1	1	35182	74	10322	29.3389	0.386391	30.9	30.5
CBDDTY010000632.1	1	35142	49	7887	22.4432	0.256189	30.8	25.1
CBDDTY010000633.1	1	35132	13	1962	5.58465	0.0620802	29.7	22.5
CBDDTY010000634.1	1	35126	80	9322	26.5387	0.442635	28.9	25.9
CBDDTY010000635.1	1	35121	49	7613	21.6765	0.279633	29.1	16.1
CBDDTY010000636.1	1	35089	75	8239	23.4803	0.401322	29.8	16
CBDDTY010000637.1	1	35077	100	12346	35.1969	0.546227	29.4	19.1
CBDDTY010000638.1	1	35069	28	4357	12.4241	0.135333	31	16.2
CBDDTY010000639.1	1	35053	61	6307	17.9928	0.288477	29.9	10.2
CBDDTY010000640.1	1	35042	69	10936	31.2083	0.398836	30.3	29.8
CBDDTY010000641.1	1	35041	57	8483	24.2088	0.306213	30.7	34.1
CBDDTY010000642.1	1	35040	31	3984	11.3699	0.139583	30.2	16
CBDDTY010000643.1	1	35019	80	10732	30.6462	0.409406	30.2	30
CBDDTY010000644.1	1	35016	48	8062	23.0238	0.272847	31.9	41.1
CBDDTY010000645.1	1	35010	53	7782	22.2279	0.282491	28.4	37.1
CBDDTY010000646.1	1	35000	8	675	1.92857	0.0322	31.5	24.2
CBDDTY010000647.1	1	35000	92	10196	29.1314	0.507486	30.6	4.48
CBDDTY010000648.1	1	35000	66	7995	22.8429	0.321229	30.9	19.7
CBDDTY010000649.1	1	35000	20	2633	7.52286	0.0856857	32.9	8.45
CBDDTY010000650.1	1	35000	66	7379	21.0829	0.337086	29.5	16.7
CBDDTY010000651.1	1	35000	15	2539	7.25429	0.0856	30.6	24.1
CBDDTY010000652.1	1	35000	136	11959	34.1686	0.664743	30.8	8.26
CBDDTY010000653.1	1	35000	70	6967	19.9057	0.404771	30.3	18.7
CBDDTY010000654.1	1	35000	65	7443	21.2657	0.313286	31.1	1.09
CBDDTY010000655.1	1	35000	49	6745	19.2714	0.265486	31.2	2.2
CBDDTY010000656.1	1	35000	81	10929	31.2257	0.421657	30.5	5.16
CBDDTY010000657.1	1	34800	34	3928	11.2874	0.163879	29.3	6.03
CBDDTY010000658.1	1	35000	68	6690	19.1143	0.346914	29.7	8.51
CBDDTY010000659.1	1	35000	98	10415	29.7571	0.480629	30.1	24.9
CBDDTY010000660.1	1	35000	29	3431	9.80286	0.131086	30.4	6.31
CBDDTY010000661.1	1	35000	78	6200	17.7143	0.406086	30.5	11.2
CBDDTY010000662.1	1	35000	94	9186	26.2457	0.474371	29.6	8.04
CBDDTY010000663.1	1	35000	59	6477	18.5057	0.308457	31	18.9
CBDDTY010000664.1	1	34987	51	6077	17.3693	0.286078	30.5	19.6
CBDDTY010000665.1	1	34986	66	9797	28.0026	0.359801	30.7	27.5
CBDDTY010000666.1	1	34983	69	8897	25.4324	0.360375	30.1	32.9
CBDDTY010000667.1	1	34982	32	4936	14.1101	0.166972	30.1	20.1
CBDDTY010000668.1	1	34972	36	4213	12.0468	0.172767	30.1	6.94
CBDDTY010000669.1	1	34950	80	8887	25.4278	0.400629	29.5	22.4
CBDDTY010000670.1	1	34942	362	21318	61.0097	1.82849	30.3	39.6
CBDDTY010000671.1	1	34934	70	8793	25.1703	0.361739	30.8	16.2
CBDDTY010000672.1	1	34925	14	2075	5.9413	0.0622763	29.9	8.29
CBDDTY010000673.1	1	34922	29	4617	13.2209	0.151137	30.4	7.69
CBDDTY010000674.1	1	34918	25	3221	9.22447	0.118277	30.6	10.2
CBDDTY010000675.1	1	34907	75	10761	30.8276	0.396539	29.9	23
CBDDTY010000676.1	1	34893	75	8241	23.6179	0.364916	29.8	7.79
CBDDTY010000677.1	1	34876	59	8115	23.2682	0.302443	30.3	30.2
CBDDTY010000678.1	1	34863	46	6967	19.9839	0.252244	30.1	14.6
CBDDTY010000679.1	1	34854	76	8887	25.4978	0.412148	30.5	26.8
CBDDTY010000680.1	1	34847	40	7306	20.9659	0.236548	30.6	24.1
CBDDTY010000681.1	1	34839	48	5551	15.9333	0.237837	30.2	1.33
CBDDTY010000682.1	1	34824	69	8901	25.56	0.374196	29.4	20.7
CBDDTY010000683.1	1	34791	45	5062	14.5497	0.202667	31.8	10.3
CBDDTY010000684.1	1	34774	88	11073	31.8428	0.462817	30.1	32.3
CBDDTY010000685.1	1	34677	166	17907	51.6394	0.856418	28.9	29.8
CBDDTY010000686.1	1	34671	111	10983	31.6778	0.562603	31.2	27.1
CBDDTY010000687.1	1	34617	87	11719	33.8533	0.434873	28.8	23.7
CBDDTY010000688.1	1	34609	33	5580	16.123	0.178133	30.2	25.5
CBDDTY010000689.1	1	34607	80	9928	28.6878	0.432745	29.9	10.3
CBDDTY010000690.1	1	34599	42	3312	9.57253	0.222723	30.3	11.5
CBDDTY010000691.1	1	34599	102	10223	29.5471	0.541201	30.3	14.8
CBDDTY010000692.1	1	34584	42	4930	14.2551	0.199746	30.9	17.5
CBDDTY010000693.1	1	34578	60	8963	25.9211	0.315721	29.9	23.2
CBDDTY010000694.1	1	34559	66	10869	31.4506	0.38184	31.1	37.3
CBDDTY010000695.1	1	34533	48	6163	17.8467	0.243217	29.5	12
CBDDTY010000696.1	1	34476	88	10857	31.4915	0.438595	29.9	21.2
CBDDTY010000697.1	1	34476	64	8618	24.9971	0.342615	30.2	18
CBDDTY010000698.1	1	34464	57	7564	21.9475	0.293553	29.5	18.6
CBDDTY010000699.1	1	34461	27	3299	9.57314	0.13302	29.6	6.3
CBDDTY010000700.1	1	34459	69	6341	18.4016	0.366174	30.2	9.28
CBDDTY010000701.1	1	34436	25	2506	7.27727	0.13088	31.2	4.96
CBDDTY010000702.1	1	34429	94	11733	34.0788	0.503848	29.8	23.3
CBDDTY010000703.1	1	34426	58	8554	24.8475	0.297421	30.6	11.7
CBDDTY010000704.1	1	34379	109	9622	27.988	0.575089	31	28.3
CBDDTY010000705.1	1	34351	100	12780	37.2042	0.578062	29.3	32.6
CBDDTY010000706.1	1	34304	46	6739	19.6449	0.242858	29.5	8.11
CBDDTY010000707.1	1	34288	77	9476	27.6365	0.389028	29.9	16.2
CBDDTY010000708.1	1	34277	57	8866	25.8657	0.308107	31.3	30.5
CBDDTY010000709.1	1	34223	79	10305	30.1113	0.413319	29.9	23.2
CBDDTY010000710.1	1	34219	56	6611	19.3197	0.289781	29.2	4.21
CBDDTY010000711.1	1	34211	51	7067	20.6571	0.239221	30.6	20.8
CBDDTY010000712.1	1	34207	55	7342	21.4634	0.286286	30.5	21.5
CBDDTY010000713.1	1	34200	59	7908	23.1228	0.305702	29.8	21.1
CBDDTY010000714.1	1	34198	70	10293	30.0983	0.377303	30.7	35.7
CBDDTY010000715.1	1	34194	51	6980	20.4129	0.255396	29.7	26.2
CBDDTY010000716.1	1	34185	129	13465	39.3886	0.729209	30.7	19.2
CBDDTY010000717.1	1	34155	53	7823	22.9044	0.277822	31.7	26.9
CBDDTY010000718.1	1	34148	89	9860	28.8743	0.450275	30.8	21.5
CBDDTY010000719.1	1	34147	54	8081	23.6653	0.28351	29.6	35.4
CBDDTY010000720.1	1	34139	51	6507	19.0603	0.262808	30	4.73
CBDDTY010000721.1	1	34138	48	5667	16.6003	0.215976	30.6	24.2
CBDDTY010000722.1	1	34137	56	6454	18.9062	0.319009	30.3	5.64
CBDDTY010000723.1	1	34130	41	4910	14.3862	0.209757	31.4	16.3
CBDDTY010000724.1	1	34124	55	6737	19.7427	0.274557	30.3	13.2
CBDDTY010000725.1	1	34122	63	5792	16.9744	0.27853	29.7	0.825
CBDDTY010000726.1	1	34090	138	15312	44.9164	0.702259	30.7	23.4
CBDDTY010000727.1	1	34087	65	7168	21.0285	0.341098	29.2	14.6
CBDDTY010000728.1	1	34078	38	4981	14.6165	0.217354	29.7	1.87
CBDDTY010000729.1	1	34053	16	1847	5.4239	0.0720935	33.9	12.7
CBDDTY010000730.1	1	34026	88	8249	24.2432	0.463293	31.4	12.8
CBDDTY010000731.1	1	34006	24	2146	6.31065	0.0983062	31.4	6.08
CBDDTY010000732.1	1	34000	35	4612	13.5647	0.199735	31.9	6.54
CBDDTY010000733.1	1	34000	23	3809	11.2029	0.131882	30	3.48
CBDDTY010000734.1	1	34000	55	7321	21.5324	0.308206	29.7	13
CBDDTY010000735.1	1	34000	130	4577	13.4618	0.758794	30.8	6.77
CBDDTY010000736.1	1	34000	57	7366	21.6647	0.317941	31.3	13.6
CBDDTY010000737.1	1	34000	28	4000	11.7647	0.141235	31.1	10.6
CBDDTY010000738.1	1	34000	48	6079	17.8794	0.250412	29.6	24.5
CBDDTY010000739.1	1	34000	59	6048	17.7882	0.328324	28.9	7.95
CBDDTY010000740.1	1	34000	103	8321	24.4735	0.566029	31.4	10.5
CBDDTY010000741.1	1	34000	81	6467	19.0206	0.4185	30.2	3.37
CBDDTY010000742.1	1	33800	163	9980	29.5266	0.878166	29.3	36.5
CBDDTY010000743.1	1	34000	44	4431	13.0324	0.196294	29.7	4.32
CBDDTY010000744.1	1	34000	32	3508	10.3176	0.137882	30.4	3.12
CBDDTY010000745.1	1	34000	41	4317	12.6971	0.238471	30.5	16.6
CBDDTY010000746.1	1	34000	59	6233	18.3324	0.292794	30.1	13
CBDDTY010000747.1	1	34000	152	10395	30.5735	0.843294	30.2	8.27
CBDDTY010000748.1	1	34000	32	4380	12.8824	0.153029	28.9	5.44
CBDDTY010000749.1	1	34000	8	1241	3.65	0.0365	28.5	3.88
CBDDTY010000750.1	1	33800	71	8915	26.3757	0.391893	30.5	15
CBDDTY010000751.1	1	34000	11	1575	4.63235	0.0472941	28.8	12
CBDDTY010000752.1	1	34000	102	12278	36.1118	0.529647	29.9	22.3
CBDDTY010000753.1	1	34000	50	7606	22.3706	0.284235	30.4	26.2
CBDDTY010000754.1	1	33612	48	6339	18.8593	0.249078	30.7	23.1
CBDDTY010000755.1	1	33992	31	4059	11.941	0.15939	30.9	20.9
CBDDTY010000756.1	1	33985	108	11406	33.5619	0.565544	30.1	30.7
CBDDTY010000757.1	1	33983	58	7885	23.2028	0.288791	31.6	33.7
CBDDTY010000758.1	1	33983	93	11937	35.1264	0.464379	30.6	20.5
CBDDTY010000759.1	1	33929	40	6742	19.8709	0.24398	29.9	2.25
CBDDTY010000760.1	1	33925	41	4294	12.6573	0.181312	29.5	2.76
CBDDTY010000761.1	1	33923	39	7175	21.1508	0.243611	31.1	43.8
CBDDTY010000762.1	1	33914	56	8976	26.4669	0.325352	31.2	27.5
CBDDTY010000763.1	1	33898	66	7868	23.2108	0.358723	30	16.8
CBDDTY010000764.1	1	33890	35	4632	13.6677	0.185276	30.3	20
CBDDTY010000765.1	1	33888	57	9070	26.7646	0.325661	29.8	27.5
CBDDTY010000766.1	1	33673	97	10169	30.1993	0.578832	28.8	10.2
CBDDTY010000767.1	1	33858	46	6786	20.0425	0.244078	31.5	32.9
CBDDTY010000768.1	1	33839	30	3862	11.4129	0.144833	30	14.6
CBDDTY010000769.1	1	33835	90	12363	36.5391	0.504803	30.4	28.4
CBDDTY010000770.1	1	33831	44	6357	18.7905	0.233455	30.9	28.5
CBDDTY010000771.1	1	33828	49	8259	24.4147	0.28642	31.1	37
CBDDTY010000772.1	1	33826	43	6946	20.5345	0.253592	28.9	29
CBDDTY010000773.1	1	33818	71	10122	29.9308	0.387072	30	19.6
CBDDTY010000774.1	1	33817	93	9430	27.8854	0.438271	30.5	13.6
CBDDTY010000775.1	1	33801	91	10462	30.9517	0.476968	30.3	20.4
CBDDTY010000776.1	1	33789	56	6419	18.9973	0.32481	29.5	18.8
CBDDTY010000777.1	1	33769	68	9121	27.01	0.34508	30.7	38.7
CBDDTY010000778.1	1	33768	101	6581	19.4889	0.556474	29.9	11
CBDDTY010000779.1	1	33766	101	12163	36.0214	0.53083	29.8	22.1
CBDDTY010000780.1	1	33762	31	3880	11.4922	0.181743	29.1	14.2
CBDDTY010000781.1	1	33751	38	5933	17.5787	0.222897	30.4	14.7
CBDDTY010000782.1	1	33746	13	1653	4.89836	0.0613406	29.2	12.9
CBDDTY010000783.1	1	33732	71	9168	27.1789	0.370153	31.3	27.8
CBDDTY010000784.1	1	33722	120	12897	38.2451	0.589526	29.3	6.86
CBDDTY010000785.1	1	33708	69	9266	27.489	0.379049	29.3	21.1
CBDDTY010000786.1	1	33702	62	8264	24.5208	0.311376	30.3	13.1
CBDDTY010000787.1	1	33661	27	4488	13.3329	0.146401	30.4	13
CBDDTY010000788.1	1	33654	34	4688	13.93	0.168509	30.1	13.8
CBDDTY010000789.1	1	33644	48	7123	21.1717	0.255558	31	24.5
CBDDTY010000790.1	1	33638	50	7558	22.4686	0.282181	30.5	11.5
CBDDTY010000791.1	1	33637	49	5903	17.5491	0.283735	31	13.1
CBDDTY010000792.1	1	33637	34	4312	12.8192	0.162767	29.2	16.4
CBDDTY010000793.1	1	33634	46	5942	17.6666	0.243414	29.9	12.9
CBDDTY010000794.1	1	33629	58	7682	22.8434	0.335722	30.9	23.9
CBDDTY010000795.1	1	33617	68	9560	28.438	0.397596	29.7	25.3
CBDDTY010000796.1	1	33612	51	7239	21.537	0.263388	28.6	27.8
CBDDTY010000797.1	1	33606	253	13825	41.1385	1.44147	29.7	14.1
CBDDTY010000798.1	1	33591	30	2968	8.8357	0.127296	30.6	4.83
CBDDTY010000799.1	1	33579	36	4922	14.658	0.190119	28.4	11.8
CBDDTY010000800.1	1	33572	51	7551	22.492	0.259681	29.8	33.3
CBDDTY010000801.1	1	33566	30	3620	10.7847	0.164452	28.8	19.7
CBDDTY010000802.1	1	33558	30	4442	13.2368	0.139996	30.8	26.3
CBDDTY010000803.1	1	33558	53	6033	17.9778	0.277818	30.6	32.2
CBDDTY010000804.1	1	33534	30	4653	13.8755	0.157989	29.7	18.3
CBDDTY010000805.1	1	33515	88	9738	29.0556	0.478204	30.4	16.2
CBDDTY010000806.1	1	33512	44	6424	19.1693	0.233469	29.3	28.1
CBDDTY010000807.1	1	33506	77	9353	27.9144	0.377395	32.6	26.5
CBDDTY010000808.1	1	33489	66	5436	16.2322	0.360238	29.3	4.67
CBDDTY010000809.1	1	33465	115	11423	34.1342	0.67082	30.2	31.2
CBDDTY010000810.1	1	33458	62	7405	22.1322	0.337617	30.4	2.35
CBDDTY010000811.1	1	33457	50	5818	17.3895	0.286368	30.4	6.86
CBDDTY010000812.1	1	33457	34	4643	13.8775	0.165078	30.1	23.9
CBDDTY010000813.1	1	33431	31	4140	12.3837	0.155963	30.1	8.16
CBDDTY010000814.1	1	33402	62	9223	27.6121	0.335639	30.2	22.4
CBDDTY010000815.1	1	33384	183	16139	48.3435	1.07114	30.3	21.6
CBDDTY010000816.1	1	33379	44	4785	14.3354	0.235657	30.9	3.07
CBDDTY010000817.1	1	33356	44	5594	16.7706	0.206889	31.6	6.05
CBDDTY010000818.1	1	33356	53	7690	23.0543	0.286155	29.7	34.5
CBDDTY010000819.1	1	33350	56	8660	25.967	0.308396	31.6	22.5
CBDDTY010000820.1	1	33349	120	11506	34.5018	0.674593	30.5	14.1
CBDDTY010000821.1	1	33284	45	7571	22.7467	0.265293	29.2	39.1
CBDDTY010000822.1	1	33274	78	7897	23.7332	0.422131	30.2	22.2
CBDDTY010000823.1	1	33274	180	9671	29.0647	0.984913	29.9	32
CBDDTY010000824.1	1	33255	63	9325	28.0409	0.333393	28.5	24.1
CBDDTY010000825.1	1	33215	38	5702	17.1669	0.215234	29.5	29.4
CBDDTY010000826.1	1	33147	30	4934	14.8852	0.181012	32.1	9.73
CBDDTY010000827.1	1	33145	46	7673	23.1498	0.301282	30.5	30.5
CBDDTY010000828.1	1	33130	53	6982	21.0746	0.283731	28.4	28.9
CBDDTY010000829.1	1	33113	91	9154	27.6447	0.512216	30.3	10.9
CBDDTY010000830.1	1	33105	44	5521	16.6772	0.22486	30	22.1
CBDDTY010000831.1	1	33092	67	8675	26.2148	0.348211	29.7	19.5
CBDDTY010000832.1	1	33090	58	8746	26.4309	0.336083	30.8	32.1
CBDDTY010000833.1	1	33069	81	10155	30.7085	0.395234	30	18.2
CBDDTY010000834.1	1	33053	34	4815	14.5675	0.213445	29.2	8.76
CBDDTY010000835.1	1	33051	31	3883	11.7485	0.160873	28.7	15
CBDDTY010000836.1	1	33016	60	8780	26.5932	0.321844	30.1	25.6
CBDDTY010000837.1	1	33006	74	11081	33.5727	0.435133	30.8	20.7
CBDDTY010000838.1	1	33000	98	11481	34.7909	0.549636	29.8	18.2
CBDDTY010000839.1	1	33000	18	2054	6.22424	0.0921212	30.1	6.78
CBDDTY010000840.1	1	33000	45	6662	20.1879	0.238818	30.1	29.2
CBDDTY010000841.1	1	33000	113	13340	40.4242	0.646758	30.5	3.34
CBDDTY010000842.1	1	33000	47	6970	21.1212	0.249212	31.3	25.8
CBDDTY010000843.1	1	33000	79	10303	31.2212	0.447455	30.1	20.8
CBDDTY010000844.1	1	33000	78	6818	20.6606	0.410576	31.3	27
CBDDTY010000845.1	1	32800	186	15862	48.3598	1.01655	30	4.66
CBDDTY010000846.1	1	33000	62	6705	20.3182	0.362485	28.9	20.6
CBDDTY010000847.1	1	33000	67	8142	24.6727	0.350485	30.6	13.5
CBDDTY010000848.1	1	33000	10	1380	4.18182	0.0489697	31.4	13.8
CBDDTY010000849.1	1	33000	39	4338	13.1455	0.20697	30.7	1.54
CBDDTY010000850.1	1	33000	26	3266	9.89697	0.156091	30.5	2.46
CBDDTY010000851.1	1	33000	73	10310	31.2424	0.402212	30.8	31.2
CBDDTY010000852.1	1	33000	34	3553	10.7667	0.152273	30.1	3.91
CBDDTY010000853.1	1	33000	7	1021	3.09394	0.050303	30.9	10.3
CBDDTY010000854.1	1	33000	83	8325	25.2273	0.489667	30.3	5.6
CBDDTY010000855.1	1	33000	22	3260	9.87879	0.12803	29.7	24.2
CBDDTY010000856.1	1	33000	99	10297	31.203	0.563788	30.9	18.2
CBDDTY010000857.1	1	32600	59	8112	24.8834	0.325767	30.1	15.5
CBDDTY010000858.1	1	32995	66	7896	23.9309	0.359357	24.6	25.9
CBDDTY010000859.1	1	32982	40	6475	19.6319	0.252835	30.4	27.9
CBDDTY010000860.1	1	32981	21	3127	9.48122	0.126467	29.6	7.33
CBDDTY010000861.1	1	32973	11	1313	3.98205	0.0538926	33.3	19.1
CBDDTY010000862.1	1	32972	41	6128	18.5855	0.251092	28.9	36.2
CBDDTY010000863.1	1	32968	60	7583	23.0011	0.297258	29.7	26.6
CBDDTY010000864.1	1	32945	82	10711	32.5118	0.441524	30.6	32.8
CBDDTY010000865.1	1	32929	57	9410	28.5766	0.334963	29.5	39.9
CBDDTY010000866.1	1	32909	29	2792	8.484	0.132578	30.7	3.34
CBDDTY010000867.1	1	32895	66	7957	24.1891	0.360024	30.5	20.1
CBDDTY010000868.1	1	32880	48	6345	19.2974	0.2625	32.1	18.8
CBDDTY010000869.1	1	32860	193	12936	39.367	1.17523	30.7	34.5
CBDDTY010000870.1	1	32845	59	7302	22.2317	0.332379	30.9	19.7
CBDDTY010000871.1	1	32844	48	7583	23.0879	0.276885	28.4	28.2
CBDDTY010000872.1	1	32844	51	6568	19.9976	0.267233	29.7	8.94
CBDDTY010000873.1	1	32842	63	5233	15.9339	0.315084	29.6	5.13
CBDDTY010000874.1	1	32811	63	7360	22.4315	0.349913	31.1	19
CBDDTY010000875.1	1	32802	61	9700	29.5714	0.372111	30.3	32
CBDDTY010000876.1	1	32800	8	1234	3.7622	0.0425	31.6	3.38
CBDDTY010000877.1	1	32799	57	9367	28.5588	0.333028	31.6	35.6
CBDDTY010000878.1	1	32787	50	5852	17.8485	0.267972	32.6	14.8
CBDDTY010000879.1	1	32758	30	5036	15.3733	0.182276	31.7	36
CBDDTY010000880.1	1	32752	39	6185	18.8843	0.235467	29.4	38.3
CBDDTY010000881.1	1	32736	4	737	2.25134	0.0269428	27.2	5
CBDDTY010000882.1	1	32721	30	3739	11.4269	0.154305	28.6	0.5
CBDDTY010000883.1	1	32713	80	7473	22.8441	0.451166	29.8	23.1
CBDDTY010000884.1	1	32695	71	9621	29.4265	0.387857	30.7	39.5
CBDDTY010000885.1	1	32654	83	11229	34.3878	0.476358	31	25.9
CBDDTY010000886.1	1	32652	44	5948	18.2163	0.233186	30.4	17.4
CBDDTY010000887.1	1	32652	54	7064	21.6342	0.3043	30.4	14.5
CBDDTY010000888.1	1	32650	38	6676	20.4472	0.254181	30	29.2
CBDDTY010000889.1	1	32631	57	7731	23.6922	0.325488	30.2	26.3
CBDDTY010000890.1	1	32628	24	3060	9.37845	0.127774	30.1	6.62
CBDDTY010000891.1	1	32627	69	8726	26.7447	0.395501	30.9	19.2
CBDDTY010000892.1	1	32626	60	8809	26.9999	0.348556	30.7	25.4
CBDDTY010000893.1	1	32599	44	6800	20.8595	0.243443	31.7	12.3
CBDDTY010000894.1	1	32560	52	6124	18.8084	0.27027	28.1	10.8
CBDDTY010000895.1	1	32545	71	10216	31.3904	0.439392	29.6	29.1
CBDDTY010000896.1	1	32521	30	4573	14.0617	0.181175	30.4	12.1
CBDDTY010000897.1	1	32477	64	6678	20.5622	0.331527	31	10.2
CBDDTY010000898.1	1	32385	66	9744	30.088	0.388112	32.4	37.5
CBDDTY010000899.1	1	32338	37	5407	16.7203	0.207032	29	8.97
CBDDTY010000900.1	1	32332	101	9470	29.2899	0.576797	30	13.7
CBDDTY010000901.1	1	32328	53	7461	23.0791	0.286779	30.5	15.4
CBDDTY010000902.1	1	32322	73	7870	24.3487	0.406503	30.2	6.53
CBDDTY010000903.1	1	32321	43	5064	15.6678	0.249219	28.9	13.1
CBDDTY010000904.1	1	32315	100	12180	37.6915	0.552097	29	23.3
CBDDTY010000905.1	1	32285	55	5615	17.392	0.302958	31.6	16.3
CBDDTY010000906.1	1	32274	51	8512	26.3742	0.305974	31.3	36.5
CBDDTY010000907.1	1	32264	21	3053	9.46256	0.109038	31.8	9.62
CBDDTY010000908.1	1	32248	30	4515	14.0009	0.186926	29.2	9.77
CBDDTY010000909.1	1	32245	121	12405	38.4711	0.644441	29.8	10.5
CBDDTY010000910.1	1	32244	39	4932	15.2959	0.192408	31.8	5.51
CBDDTY010000911.1	1	32240	34	5183	16.0763	0.208809	28.5	5.56
CBDDTY010000912.1	1	32228	39	4794	14.8753	0.227349	30.3	6.64
CBDDTY010000913.1	1	32224	68	8993	27.9078	0.395885	29.7	32.5
CBDDTY010000914.1	1	32221	10	1874	5.81608	0.0581608	30.6	15.7
CBDDTY010000915.1	1	32207	83	10749	33.3747	0.485236	31	18.4
CBDDTY010000916.1	1	32207	23	3084	9.57556	0.130779	31	15.3
CBDDTY010000917.1	1	32206	17	1904	5.91194	0.0771285	31.6	6.59
CBDDTY010000918.1	1	32199	22	2151	6.68033	0.100935	28.7	6.91
CBDDTY010000919.1	1	32185	65	8029	24.9464	0.392077	29.3	11.7
CBDDTY010000920.1	1	32174	64	7485	23.2641	0.3321	30.9	8.59
CBDDTY010000921.1	1	32164	65	9357	29.0915	0.362548	29.9	35.3
CBDDTY010000922.1	1	32159	112	10556	32.8244	0.62418	29.5	12.4
CBDDTY010000923.1	1	32157	57	7151	22.2378	0.313369	30.2	30.7
CBDDTY010000924.1	1	32156	92	10602	32.9705	0.513652	31	24.6
CBDDTY010000925.1	1	32151	56	3139	9.7633	0.288887	32.3	10.7
CBDDTY010000926.1	1	32149	46	6205	19.3008	0.245949	30.6	4.91
CBDDTY010000927.1	1	32123	44	6837	21.2838	0.265573	31	37.3
CBDDTY010000928.1	1	32074	59	7761	24.1972	0.366434	30.9	16.9
CBDDTY010000929.1	1	32048	12	2218	6.92087	0.0791313	29	22.9
CBDDTY010000930.1	1	32000	108	13485	42.1406	0.618344	29.7	26.3
CBDDTY010000931.1	1	31800	29	3383	10.6384	0.150063	30.8	10.9
CBDDTY010000933.1	1	32000	275	16918	52.8687	1.55313	29.9	11.4
CBDDTY010000934.1	1	32000	12	1543	4.82188	0.0526875	31.4	8.17
CBDDTY010000935.1	1	32000	60	9181	28.6906	0.367688	29	38.7
CBDDTY010000936.1	1	32000	13	1953	6.10313	0.0665625	32.1	0.692
CBDDTY010000937.1	1	32000	52	5707	17.8344	0.2725	29.8	8.92
CBDDTY010000938.1	1	32000	25	2948	9.2125	0.140281	30.7	1.4
CBDDTY010000939.1	1	32000	51	5307	16.5844	0.263875	31.8	2.67
CBDDTY010000940.1	1	32000	84	10307	32.2094	0.481781	30.1	16.3
CBDDTY010000941.1	1	32000	32	3974	12.4187	0.158406	29.7	15.2
CBDDTY010000942.1	1	32000	16	1594	4.98125	0.0844687	30.1	6.12
CBDDTY010000943.1	1	32000	76	8990	28.0938	0.399562	30.9	23.6
CBDDTY010000944.1	1	32000	79	7636	23.8625	0.462219	30.7	21.4
CBDDTY010000945.1	1	32000	49	6905	21.5781	0.300312	29.3	13.9
CBDDTY010000946.1	1	32000	38	4968	15.525	0.238281	29.4	15.8
CBDDTY010000947.1	1	32000	48	7224	22.575	0.27775	30.3	30.6
CBDDTY010000948.1	1	32000	61	7431	23.2219	0.356	29.9	6.56
CBDDTY010000949.1	1	32000	23	2507	7.83437	0.130719	29.5	1.96
CBDDTY010000950.1	1	32000	64	8101	25.3156	0.373594	30.3	29.4
CBDDTY010000951.1	1	32000	117	13235	41.3594	0.678531	30.2	14.8
CBDDTY010000952.1	1	32000	4	244	0.7625	0.0187812	27.9	0.5
CBDDTY010000953.1	1	31999	55	7299	22.8101	0.307603	29.8	26.3
CBDDTY010000954.1	1	31996	81	7801	24.3812	0.423397	29.8	10
CBDDTY010000955.1	1	31979	12	2401	7.50805	0.0822102	27.2	15.3
CBDDTY010000956.1	1	31977	59	7392	23.1166	0.330957	30.5	14.9
CBDDTY010000958.1	1	31917	61	8459	26.5031	0.371933	30.1	20
CBDDTY010000959.1	1	31914	58	8526	26.7155	0.314282	29.5	29.1
CBDDTY010000960.1	1	31910	51	6871	21.5324	0.269539	31.7	18.4
CBDDTY010000961.1	1	31898	64	7533	23.6159	0.347608	29.3	12.5
CBDDTY010000962.1	1	31883	61	8005	25.1074	0.342534	29.8	21.1
CBDDTY010000963.1	1	31877	45	5724	17.9565	0.237318	30.2	21.6
CBDDTY010000964.1	1	31877	17	2927	9.18217	0.11215	28.3	25.8
CBDDTY010000965.1	1	31863	122	13860	43.4987	0.710008	29.5	21.5
CBDDTY010000966.1	1	31845	24	2172	6.82054	0.126111	31.3	4.42
CBDDTY010000967.1	1	31840	59	8870	27.858	0.340327	30.1	36.7
CBDDTY010000968.1	1	31838	27	3658	11.4894	0.130504	30.3	0.185
CBDDTY010000969.1	1	31822	43	6615	20.7875	0.225473	31.5	31
CBDDTY010000970.1	1	31815	64	8777	27.5876	0.376049	30.1	21.9
CBDDTY010000971.1	1	31800	140	15429	48.5189	0.838113	30.7	19.4
CBDDTY010000972.1	1	31799	65	9277	29.1739	0.383503	29.7	9.65
CBDDTY010000973.1	1	31794	49	6190	19.4691	0.270082	29.3	26
CBDDTY010000974.1	1	31778	63	8061	25.3666	0.342879	30.4	26.6
CBDDTY010000975.1	1	31769	108	8625	27.1491	0.641978	31.4	10.8
CBDDTY010000976.1	1	31747	58	7343	23.1297	0.330362	28.4	20.6
CBDDTY010000977.1	1	31746	140	11533	36.329	0.809393	30.3	10.8
CBDDTY010000978.1	1	31735	52	5543	17.4665	0.287317	30.1	13.2
CBDDTY010000979.1	1	31693	38	4936	15.5744	0.204746	30	8.89
CBDDTY010000980.1	1	31667	134	11400	35.9996	0.789876	30.3	4.48
CBDDTY010000981.1	1	31665	76	10876	34.3471	0.445287	30.2	35.1
CBDDTY010000982.1	1	31646	18	1961	6.19668	0.0893952	28.8	9.22
CBDDTY010000983.1	1	31631	58	7670	24.2484	0.33698	28.7	17.8
CBDDTY010000984.1	1	31630	70	9174	29.0041	0.373222	29.1	28
CBDDTY010000985.1	1	31626	65	7448	23.5502	0.319642	30.2	17.5
CBDDTY010000986.1	1	31622	24	3504	11.0809	0.131301	29.3	5.46
CBDDTY010000987.1	1	31606	2	164	0.518889	0.00518889	32.7	0.5
CBDDTY010000988.1	1	31590	102	8319	26.3343	0.628047	29.8	14.3
CBDDTY010000989.1	1	31588	68	8664	27.4281	0.41177	28.5	15.9
CBDDTY010000990.1	1	31579	452	28861	91.393	2.59568	29.9	42
CBDDTY010000991.1	1	31573	79	10630	33.668	0.456276	30.5	23.9
CBDDTY010000992.1	1	31554	58	8479	26.8714	0.329087	29.7	34.8
CBDDTY010000993.1	1	31531	31	4485	14.2241	0.181409	31.1	28
CBDDTY010000994.1	1	31506	64	6608	20.9738	0.388878	31.1	4.03
CBDDTY010000995.1	1	31504	77	9351	29.6819	0.501079	30.7	19.5
CBDDTY010000996.1	1	31489	32	4568	14.5067	0.184445	30.4	6.09
CBDDTY010000997.1	1	31488	47	5641	17.9148	0.286427	30.9	23.5
CBDDTY010000998.1	1	31472	19	2275	7.22865	0.132721	29.3	2.84
CBDDTY010000999.1	1	31468	20	3172	10.0801	0.121933	30.4	23.9
CBDDTY010001000.1	1	31466	43	6446	20.4856	0.250747	29.5	40.5
CBDDTY010001001.1	1	31458	48	6253	19.8773	0.273666	30.8	11.5
CBDDTY010001002.1	1	31438	17	2180	6.93428	0.0922451	30.2	8.76
CBDDTY010001003.1	1	31438	49	7926	25.2115	0.305586	31.2	40.1
CBDDTY010001004.1	1	31429	27	4409	14.0284	0.156989	30.8	19.8
CBDDTY010001005.1	1	31426	18	2989	9.51123	0.118819	28.6	27.1
CBDDTY010001006.1	1	31423	17	2152	6.84849	0.0927664	29	5.06
CBDDTY010001007.1	1	31421	41	6960	22.1508	0.255466	31	29.3
CBDDTY010001008.1	1	31411	50	6685	21.2824	0.268218	29.5	18.4
CBDDTY010001009.1	1	31401	61	6419	20.442	0.33983	29	6.59
CBDDTY010001010.1	1	31393	74	7255	23.1102	0.399707	29.3	1.64
CBDDTY010001011.1	1	31393	123	12522	39.8879	0.687223	29.5	17.5
CBDDTY010001012.1	1	31353	43	6397	20.4032	0.240392	31.3	28.6
CBDDTY010001013.1	1	31349	62	8645	27.5766	0.393537	31.6	32
CBDDTY010001014.1	1	31330	45	6924	22.1002	0.258538	29.6	29.9
CBDDTY010001015.1	1	31314	26	4034	12.8824	0.145558	32.7	25.7
CBDDTY010001016.1	1	31312	80	9852	31.464	0.509421	29.8	21
CBDDTY010001017.1	1	31302	57	8630	27.5701	0.349147	30.3	30.3
CBDDTY010001018.1	1	31290	99	6994	22.3522	0.562959	28.2	8.03
CBDDTY010001019.1	1	31275	48	7767	24.8345	0.286779	29.4	34.9
CBDDTY010001020.1	1	31270	35	3690	11.8004	0.184618	30	8.54
CBDDTY010001021.1	1	31266	57	8621	27.5731	0.390744	29.7	34
CBDDTY010001022.1	1	31232	89	9043	28.9543	0.517866	28.9	33
CBDDTY010001023.1	1	31224	83	8288	26.5437	0.513739	29.9	20.2
CBDDTY010001024.1	1	31216	50	6321	20.2492	0.289851	32.1	9.36
CBDDTY010001025.1	1	31211	25	3502	11.2204	0.149691	31	5.56
CBDDTY010001026.1	1	31195	35	5841	18.7242	0.202372	31.9	15.4
CBDDTY010001027.1	1	31190	19	2965	9.50625	0.104136	30.4	0.947
CBDDTY010001028.1	1	31144	61	7293	23.417	0.404412	29.7	11.4
CBDDTY010001029.1	1	31142	32	3568	11.4572	0.176803	30.5	9.38
CBDDTY010001030.1	1	31136	34	5382	17.2855	0.206674	29.1	44.4
CBDDTY010001031.1	1	31121	59	8463	27.1939	0.351242	31.4	27.4
CBDDTY010001032.1	1	31112	40	5205	16.7299	0.238236	31.1	20.8
CBDDTY010001033.1	1	31102	98	9068	29.1557	0.574079	29.1	13.7
CBDDTY010001034.1	1	31078	32	3857	12.4107	0.160596	31.5	8.91
CBDDTY010001035.1	1	31072	108	11260	36.2384	0.642379	30.2	24.1
CBDDTY010001036.1	1	31066	46	7639	24.5896	0.289931	29.9	39.9
CBDDTY010001037.1	1	31052	28	3102	9.98969	0.147076	28.6	3.75
CBDDTY010001038.1	1	31045	44	5304	17.0849	0.231052	29.6	17
CBDDTY010001039.1	1	31039	3	613	1.97493	0.0197493	29.9	8.33
CBDDTY010001040.1	1	31027	52	7827	25.2264	0.304606	29.5	13.8
CBDDTY010001041.1	1	31024	64	7831	25.2417	0.37774	30.8	21.8
CBDDTY010001042.1	1	31007	49	7056	22.7562	0.290709	30.5	23.5
CBDDTY010001043.1	1	31005	68	8839	28.5083	0.437284	29.5	18.5
CBDDTY010001044.1	1	30800	219	13528	43.9221	1.32406	29.5	12.1
CBDDTY010001045.1	1	30800	191	13286	43.1364	1.11062	30.5	17.6
CBDDTY010001046.1	1	31000	42	6108	19.7032	0.249903	32	5.76
CBDDTY010001047.1	1	31000	50	5108	16.4774	0.308806	29.8	5.4
CBDDTY010001048.1	1	31000	18	2857	9.21613	0.101323	30.7	10.3
CBDDTY010001049.1	1	31000	127	11285	36.4032	0.831129	29.5	13
CBDDTY010001050.1	1	31000	61	7419	23.9323	0.349	29.4	22.5
CBDDTY010001051.1	1	30800	45	6848	22.2338	0.278994	30.1	38.5
CBDDTY010001052.1	1	31000	49	6267	20.2161	0.263355	30.7	11.4
CBDDTY010001053.1	1	30800	60	7124	23.1299	0.344383	30.5	20.2
CBDDTY010001054.1	1	31000	60	7958	25.671	0.359355	28.6	20.4
CBDDTY010001055.1	1	31000	52	7218	23.2839	0.277935	29.1	17.7
CBDDTY010001056.1	1	31000	53	6294	20.3032	0.315258	31.5	2.15
CBDDTY010001057.1	1	31000	55	5223	16.8484	0.297161	30.6	10
CBDDTY010001058.1	1	30400	129	8636	28.4079	0.730822	30.8	22
CBDDTY010001059.1	1	31000	62	7798	25.1548	0.362581	29.6	23.4
CBDDTY010001060.1	1	31000	38	5555	17.9194	0.231516	29.7	17.2
CBDDTY010001061.1	1	30600	32	4115	13.4477	0.201078	29.4	11.8
CBDDTY010001062.1	1	31000	27	4209	13.5774	0.154516	31.7	20.7
CBDDTY010001063.1	1	30727	51	5743	18.6904	0.29518	30.1	3.29
CBDDTY010001064.1	1	30954	48	4360	14.0854	0.288977	29.2	1.67
CBDDTY010001065.1	1	30937	72	9711	31.3896	0.435272	31	38.6
CBDDTY010001066.1	1	30921	86	8622	27.884	0.534426	30.5	28.1
CBDDTY010001067.1	1	30906	71	9684	31.3337	0.419951	30.1	34.2
CBDDTY010001068.1	1	30905	55	6534	21.1422	0.317974	30.1	9.84
CBDDTY010001069.1	1	30888	43	6202	20.079	0.269004	30.9	21.1
CBDDTY010001070.1	1	30873	168	15262	49.4348	1.02578	29.8	3.96
CBDDTY010001071.1	1	30868	54	6369	20.633	0.319165	31.1	10.1
CBDDTY010001072.1	1	30865	38	5034	16.3097	0.219569	31.7	17.9
CBDDTY010001073.1	1	30863	32	5088	16.4858	0.196838	27.9	8.09
CBDDTY010001074.1	1	30860	21	2633	8.53208	0.114809	30.8	0.714
CBDDTY010001075.1	1	30852	77	9057	29.3563	0.498898	30.1	24.4
CBDDTY010001076.1	1	30848	43	5434	17.6154	0.248671	30.7	20.2
CBDDTY010001077.1	1	30839	104	10890	35.3124	0.601965	30.3	29.4
CBDDTY010001078.1	1	30834	58	8099	26.2665	0.337874	29	26.5
CBDDTY010001079.1	1	30819	56	8183	26.5518	0.327623	29.9	32.8
CBDDTY010001080.1	1	30815	48	7412	24.0532	0.279669	31.2	37.2
CBDDTY010001081.1	1	30792	15	2002	6.50169	0.0760912	28.9	27.8
CBDDTY010001082.1	1	30792	53	6513	21.1516	0.328982	29.7	21.6
CBDDTY010001083.1	1	30759	153	8945	29.0809	0.957216	29.2	14.6
CBDDTY010001084.1	1	30754	41	2692	8.75333	0.251935	31.4	2.93
CBDDTY010001085.1	1	30751	25	4186	13.6126	0.150109	30.5	16.6
CBDDTY010001086.1	1	30705	5	533	1.73587	0.0187266	32.2	0.6
CBDDTY010001087.1	1	30698	68	8709	28.3699	0.38224	30.2	35.8
CBDDTY010001088.1	1	30694	82	6491	21.1475	0.507884	29.6	7.34
CBDDTY010001089.1	1	30667	37	5024	16.3824	0.226465	29.9	12.7
CBDDTY010001090.1	1	30665	59	7867	25.6547	0.346649	29.6	20.6
CBDDTY010001091.1	1	30654	31	4851	15.825	0.182293	29.3	46.2
CBDDTY010001092.1	1	30651	73	9991	32.596	0.457571	31.2	34.4
CBDDTY010001093.1	1	30631	77	8708	28.4287	0.440861	31	14.3
CBDDTY010001094.1	1	30630	92	11234	36.6765	0.52922	30.3	36
CBDDTY010001095.1	1	30608	61	7063	23.0757	0.345498	31.7	10.2
CBDDTY010001096.1	1	30608	38	5024	16.414	0.208508	30.8	5.66
CBDDTY010001097.1	1	30400	73	8948	29.4342	0.408651	31	18.5
CBDDTY010001098.1	1	30599	58	8814	28.8049	0.342037	30.7	32.5
CBDDTY010001099.1	1	30591	54	9302	30.4076	0.362754	30.9	33.9
CBDDTY010001100.1	1	30568	60	10140	33.1719	0.371303	30.5	37.7
CBDDTY010001101.1	1	30565	38	5602	18.3282	0.24214	30.4	29.4
CBDDTY010001102.1	1	30549	17	2237	7.32266	0.0916888	29.7	3.41
CBDDTY010001103.1	1	30539	29	4258	13.9428	0.162186	31	5.21
CBDDTY010001104.1	1	30535	59	8249	27.0149	0.376944	30.2	19
CBDDTY010001105.1	1	30531	38	5152	16.8747	0.224886	30.5	20.9
CBDDTY010001106.1	1	30523	66	8736	28.621	0.379681	29.8	33.8
CBDDTY010001107.1	1	30519	32	4446	14.568	0.201284	31	7.5
CBDDTY010001108.1	1	30513	10	1383	4.53249	0.0513552	34.9	10.1
CBDDTY010001109.1	1	30489	37	4993	16.3764	0.197743	29.9	35.9
CBDDTY010001110.1	1	30474	55	8597	28.2109	0.334777	31.7	25.1
CBDDTY010001111.1	1	30470	63	8423	27.6436	0.337808	30.3	38.7
CBDDTY010001112.1	1	30466	39	6100	20.0223	0.237117	30.3	15.6
CBDDTY010001113.1	1	30460	59	9319	30.5942	0.375049	30.2	33.6
CBDDTY010001114.1	1	30440	27	3069	10.0821	0.150033	27.9	7.26
CBDDTY010001115.1	1	30432	50	7452	24.4874	0.318546	29	30.3
CBDDTY010001116.1	1	30415	77	8975	29.5085	0.448167	31	8.31
CBDDTY010001117.1	1	30410	50	4944	16.2578	0.283328	29.3	7.8
CBDDTY010001118.1	1	30405	17	1579	5.19322	0.103404	30.2	19.9
CBDDTY010001119.1	1	30396	56	7223	23.763	0.299316	30.2	14.6
CBDDTY010001120.1	1	30386	42	6590	21.6876	0.25334	31	8.33
CBDDTY010001121.1	1	30370	98	11739	38.6533	0.567896	30.8	34.6
CBDDTY010001122.1	1	30365	110	9500	31.286	0.662012	29.9	9.68
CBDDTY010001123.1	1	30347	72	9338	30.7708	0.446898	30.9	27
CBDDTY010001124.1	1	30341	116	5602	18.4635	0.749382	30.5	34.5
CBDDTY010001125.1	1	30326	284	14750	48.6381	1.76578	30.4	9.02
CBDDTY010001126.1	1	30320	44	6261	20.6497	0.239413	30.5	11.9
CBDDTY010001127.1	1	30312	72	7910	26.0953	0.430819	30.2	17.2
CBDDTY010001128.1	1	30295	50	5653	18.6598	0.311471	30.9	14.6
CBDDTY010001129.1	1	30290	70	8565	28.2767	0.401783	30.3	10.6
CBDDTY010001130.1	1	30268	62	8152	26.9327	0.361174	29	11.1
CBDDTY010001131.1	1	30261	73	7289	24.0871	0.451505	29.9	14.9
CBDDTY010001132.1	1	30260	40	4838	15.9881	0.220225	31	8.43
CBDDTY010001133.1	1	30259	78	8966	29.6309	0.436102	30.5	27.3
CBDDTY010001134.1	1	30212	225	15138	50.1059	1.35681	30.6	20.3
CBDDTY010001135.1	1	30206	122	9719	32.1757	0.715984	30.3	9.97
CBDDTY010001136.1	1	30205	61	7615	25.2111	0.349975	28.9	21.9
CBDDTY010001137.1	1	30200	26	2767	9.16225	0.150265	28.5	7.62
CBDDTY010001138.1	1	30189	28	4446	14.7272	0.163503	30.2	28
CBDDTY010001139.1	1	30186	62	9171	30.3816	0.360101	30.3	34.9
CBDDTY010001140.1	1	30174	45	6183	20.4912	0.275535	30.7	20.8
CBDDTY010001141.1	1	30172	59	7440	24.6586	0.365206	30	14.2
CBDDTY010001142.1	1	30165	28	4314	14.3013	0.165258	30.7	7.36
CBDDTY010001143.1	1	30145	33	4703	15.6013	0.192967	30.4	14.2
CBDDTY010001144.1	1	30139	53	7253	24.0652	0.327615	30.5	30.5
CBDDTY010001145.1	1	30127	101	9156	30.3913	0.597404	29.5	6.94
CBDDTY010001146.1	1	30106	148	13194	43.8252	0.938982	29.7	11.9
CBDDTY010001147.1	1	30089	13	1479	4.91542	0.075177	31.1	20.8
CBDDTY010001148.1	1	30076	70	8868	29.4853	0.44607	29.7	26.5
CBDDTY010001149.1	1	30071	43	4984	16.5741	0.233913	30.7	1.77
CBDDTY010001150.1	1	30043	46	6860	22.8339	0.29764	32.3	14.1
CBDDTY010001151.1	1	30030	37	4901	16.3203	0.220613	29.7	13.4
CBDDTY010001152.1	1	30013	50	8094	26.9683	0.337287	31.2	37.2
CBDDTY010001153.1	1	30000	17	1643	5.47667	0.0960667	30.6	10.6
CBDDTY010001154.1	1	30000	32	4432	14.7733	0.205233	29.4	11.8
CBDDTY010001155.1	1	30000	28	4200	14	0.161667	30.6	11.7
CBDDTY010001156.1	1	30000	27	3536	11.7867	0.133833	31.1	15
CBDDTY010001157.1	1	29800	28	3154	10.5839	0.158389	29.1	3.18
CBDDTY010001158.1	1	30000	94	10769	35.8967	0.6135	30.1	24.1
CBDDTY010001159.1	1	30000	58	6772	22.5733	0.352967	29.7	21.9
CBDDTY010001160.1	1	30000	57	3370	11.2333	0.371833	29.9	10.9
CBDDTY010001161.1	1	29800	41	4549	15.2651	0.408792	27.4	8.78
CBDDTY010001162.1	1	30000	47	5209	17.3633	0.293967	30.8	8.96
CBDDTY010001163.1	1	30000	38	5161	17.2033	0.2298	29.7	9.63
CBDDTY010001164.1	1	30000	64	8192	27.3067	0.360067	30.1	11
CBDDTY010001165.1	1	30000	51	4185	13.95	0.3493	30.1	10.5
CBDDTY010001166.1	1	29800	124	5268	17.6779	0.908087	30.6	2.83
CBDDTY010001167.1	1	30000	161	9597	31.99	1.06687	31.5	6.74
CBDDTY010001168.1	1	30000	31	4325	14.4167	0.199833	28.4	8.87
CBDDTY010001169.1	1	29800	34	5135	17.2315	0.235604	28.6	7.29
CBDDTY010001170.1	1	29800	62	5537	18.5805	0.390201	30.4	10.1
CBDDTY010001171.1	1	30000	58	8188	27.2933	0.320933	32.3	27.6
CBDDTY010001172.1	1	30000	67	7183	23.9433	0.4055	30.4	7.27
CBDDTY010001173.1	1	30000	78	7770	25.9	0.432233	29.4	13.6
CBDDTY010001174.1	1	29996	57	7576	25.2567	0.357781	29	11.4
CBDDTY010001175.1	1	29990	29	2229	7.43248	0.146782	29.5	11
CBDDTY010001176.1	1	29990	50	6061	20.2101	0.28106	30	15.4
CBDDTY010001177.1	1	29989	86	9161	30.5479	0.479643	30.1	31.2
CBDDTY010001178.1	1	29984	29	3669	12.2365	0.167289	30.8	10.1
CBDDTY010001179.1	1	29983	27	3933	13.1174	0.143415	29.9	15.3
CBDDTY010001180.1	1	29981	62	8554	28.5314	0.40032	29.7	26.7
CBDDTY010001181.1	1	29979	68	7855	26.2017	0.389172	31.2	27.2
CBDDTY010001182.1	1	29971	59	6902	23.0289	0.340362	28.9	15.3
CBDDTY010001183.1	1	29963	76	8638	28.8289	0.415779	29.8	20.4
CBDDTY010001184.1	1	29951	67	10643	35.5347	0.431171	30.8	41
CBDDTY010001185.1	1	29923	30	4033	13.4779	0.15834	31.1	15.7
CBDDTY010001186.1	1	29895	58	8387	28.0549	0.376183	29.7	36.2
CBDDTY010001187.1	1	29894	33	4122	13.7887	0.195457	29.6	15
CBDDTY010001188.1	1	29873	33	5178	17.3334	0.218793	29.2	33.2
CBDDTY010001189.1	1	29872	25	2909	9.73822	0.119811	30.5	8.36
CBDDTY010001190.1	1	29872	15	1487	4.97791	0.0902183	29.3	7.4
CBDDTY010001191.1	1	29854	22	3504	11.7371	0.120687	31.5	17
CBDDTY010001192.1	1	29843	51	7757	25.9927	0.316959	31.6	32.3
CBDDTY010001193.1	1	29840	43	6542	21.9236	0.249062	31.7	34
CBDDTY010001194.1	1	29838	41	4276	14.3307	0.24127	30.9	5.68
CBDDTY010001195.1	1	29803	71	9790	32.849	0.461329	30.5	18.6
CBDDTY010001196.1	1	29797	52	6997	23.4822	0.286673	29	15.1
CBDDTY010001197.1	1	29795	43	6679	22.4165	0.280315	29.6	17.8
CBDDTY010001198.1	1	29792	78	10664	35.7948	0.500503	29	34.5
CBDDTY010001199.1	1	29787	45	4991	16.7556	0.257998	29.6	14
CBDDTY010001200.1	1	29770	43	5850	19.6507	0.250722	30.2	24.8
CBDDTY010001201.1	1	29747	57	3188	10.717	0.325075	30.5	9.05
CBDDTY010001202.1	1	29735	55	6380	21.4562	0.291845	32.2	14.1
CBDDTY010001203.1	1	29729	39	4327	14.5548	0.229977	30.9	14.6
CBDDTY010001204.1	1	29728	21	3113	10.4716	0.132838	30.4	14.1
CBDDTY010001205.1	1	29726	64	9536	32.0797	0.454215	29.6	20.1
CBDDTY010001206.1	1	29724	39	5829	19.6104	0.246669	28.8	19.1
CBDDTY010001207.1	1	29699	70	9289	31.2771	0.418533	29.8	25.8
CBDDTY010001208.1	1	29686	56	6888	23.2029	0.309607	29.5	8.34
CBDDTY010001209.1	1	29684	28	4003	13.4854	0.156313	30.6	4.39
CBDDTY010001210.1	1	29665	9	1353	4.56093	0.0490814	33.2	3.67
CBDDTY010001211.1	1	29664	63	7883	26.5743	0.402677	30.8	29.8
CBDDTY010001212.1	1	29660	57	8554	28.8402	0.363756	28.9	43.2
CBDDTY010001213.1	1	29651	12	1834	6.18529	0.0641462	29.1	10.3
CBDDTY010001214.1	1	29634	53	7793	26.2975	0.33664	30.3	32.5
CBDDTY010001215.1	1	29632	27	2091	7.05656	0.134888	29	0.444
CBDDTY010001216.1	1	29631	50	7743	26.1314	0.303938	29.6	34.8
CBDDTY010001217.1	1	29627	68	6769	22.8474	0.431161	30.2	23.2
CBDDTY010001218.1	1	29601	15	2352	7.94568	0.0836458	29.7	9.13
CBDDTY010001219.1	1	29587	86	10884	36.7864	0.523135	30.2	29.6
CBDDTY010001220.1	1	29578	33	5379	18.1858	0.205085	30.9	12.7
CBDDTY010001221.1	1	29576	47	7403	25.0304	0.296152	29.4	29.8
CBDDTY010001222.1	1	29518	57	6827	23.1283	0.346704	30.3	21.5
CBDDTY010001223.1	1	29488	97	10650	36.1164	0.580745	29.8	17.7
CBDDTY010001224.1	1	29485	12	1716	5.81991	0.0820756	30.9	12.9
CBDDTY010001225.1	1	29467	59	6846	23.2328	0.330539	30.5	13.5
CBDDTY010001226.1	1	29452	40	5780	19.6252	0.212006	29.7	6.38
CBDDTY010001227.1	1	29448	51	5787	19.6516	0.316456	28.5	10.3
CBDDTY010001228.1	1	29447	41	5467	18.5656	0.25731	29.2	16.1
CBDDTY010001229.1	1	29446	32	5152	17.4964	0.197684	31.3	22.7
CBDDTY010001230.1	1	29418	74	10130	34.4347	0.472296	29.1	8.34
CBDDTY010001231.1	1	29409	20	3038	10.3302	0.116529	30.1	13.9
CBDDTY010001232.1	1	29384	33	4431	15.0796	0.202491	30.6	15.3
CBDDTY010001233.1	1	29384	49	5652	19.235	0.291043	30.9	34.7
CBDDTY010001234.1	1	29374	67	9222	31.3951	0.435113	30.8	23.6
CBDDTY010001235.1	1	29357	18	2428	8.2706	0.106039	29.7	0.778
CBDDTY010001236.1	1	29356	48	8528	29.0503	0.322455	30.4	37.2
CBDDTY010001237.1	1	29350	33	4537	15.4583	0.208109	28.9	9.33
CBDDTY010001238.1	1	29339	20	3814	12.9998	0.133747	30.5	11.9
CBDDTY010001239.1	1	29335	83	11004	37.5115	0.570377	30	29.4
CBDDTY010001240.1	1	29335	64	8171	27.8541	0.380978	31.7	40.2
CBDDTY010001241.1	1	29273	175	12492	42.6741	1.05674	30.1	10.5
CBDDTY010001242.1	1	29269	73	10210	34.8833	0.458403	30.3	34.9
CBDDTY010001243.1	1	29258	70	8648	29.5577	0.449245	30.3	8.36
CBDDTY010001244.1	1	29253	46	5424	18.5417	0.253478	29.8	6.5
CBDDTY010001245.1	1	29243	31	4971	16.9989	0.172964	30.6	28.8
CBDDTY010001246.1	1	29241	48	6123	20.9398	0.265552	31.4	25.2
CBDDTY010001247.1	1	29229	43	7177	24.5544	0.312498	30.3	16.3
CBDDTY010001248.1	1	29218	23	3888	13.3069	0.139948	30.5	21.3
CBDDTY010001249.1	1	29200	67	8041	27.5377	0.414829	30	13.7
CBDDTY010001250.1	1	29183	37	5973	20.4674	0.246445	30.8	39.7
CBDDTY010001251.1	1	29182	76	5779	19.8033	0.483586	29.9	2.76
CBDDTY010001252.1	1	29177	48	5700	19.5359	0.284711	30.2	14.7
CBDDTY010001253.1	1	29173	35	5638	19.3261	0.261989	30.2	42.1
CBDDTY010001254.1	1	29171	46	6914	23.7016	0.272942	30.9	14.8
CBDDTY010001255.1	1	29169	13	2200	7.54225	0.0892386	31.3	6.62
CBDDTY010001256.1	1	29144	55	7600	26.0774	0.350261	31	25.7
CBDDTY010001257.1	1	29144	83	11841	40.6293	0.535376	30.5	25.6
CBDDTY010001258.1	1	29139	68	7708	26.4525	0.41151	31.3	17.3
CBDDTY010001259.1	1	29134	33	4343	14.907	0.187273	29.1	4.03
CBDDTY010001260.1	1	29133	44	5476	18.7966	0.262829	30.4	20.6
CBDDTY010001261.1	1	29122	42	4613	15.8403	0.223165	29.4	14.5
CBDDTY010001262.1	1	29112	90	9488	32.5914	0.550048	30.3	19.9
CBDDTY010001263.1	1	29095	63	7119	24.4681	0.369239	31	18.9
CBDDTY010001264.1	1	29087	42	5761	19.8061	0.249905	31	8.17
CBDDTY010001265.1	1	29061	27	3220	11.0801	0.140291	30.7	6.04
CBDDTY010001266.1	1	29055	86	11122	38.2791	0.536775	30.9	41.7
CBDDTY010001267.1	1	29055	45	4951	17.0401	0.344553	30.3	13.3
CBDDTY010001268.1	1	29041	40	4904	16.8865	0.224545	30.7	31.9
CBDDTY010001269.1	1	29040	27	4401	15.155	0.163602	30.8	8.85
CBDDTY010001270.1	1	29028	69	8656	29.8195	0.414186	30.3	23
CBDDTY010001271.1	1	29011	35	4834	16.6626	0.203716	30	26.9
CBDDTY010001272.1	1	29000	75	10283	35.4586	0.527724	30	31.4
CBDDTY010001273.1	1	29000	51	7283	25.1138	0.351103	30.3	13.8
CBDDTY010001274.1	1	29000	82	7391	25.4862	0.545241	30.2	15.5
CBDDTY010001275.1	1	28800	16	2061	7.15625	0.0859375	29.9	4.62
CBDDTY010001276.1	1	29000	48	6845	23.6034	0.319069	29.5	28.1
CBDDTY010001277.1	1	28800	25	3223	11.191	0.162674	29.6	27.8
CBDDTY010001278.1	1	29000	144	10971	37.831	0.954931	30.7	16.3
CBDDTY010001279.1	1	29000	9	910	3.13793	0.0442759	31.9	11.4
CBDDTY010001280.1	1	29000	36	4525	15.6034	0.233621	29.1	13.5
CBDDTY010001281.1	1	29000	90	12128	41.8207	0.548483	30.1	32.9
CBDDTY010001282.1	1	29000	121	12038	41.5103	0.730862	31	22.5
CBDDTY010001283.1	1	29000	46	5012	17.2828	0.270517	30.9	20.5
CBDDTY010001284.1	1	29000	69	8810	30.3793	0.466138	29.3	11
CBDDTY010001285.1	1	29000	5	750	2.58621	0.0322414	25.5	1.4
CBDDTY010001286.1	1	29000	85	8101	27.9345	0.538897	29.9	14.2
CBDDTY010001287.1	1	29000	12	1549	5.34138	0.0665862	28.7	0.583
CBDDTY010001288.1	1	29000	51	6517	22.4724	0.330586	30.1	24.8
CBDDTY010001289.1	1	28800	49	5950	20.6597	0.317847	29.3	9.49
CBDDTY010001290.1	1	29000	11	1753	6.04483	0.0604483	32.8	2
CBDDTY010001291.1	1	29000	24	3254	11.2207	0.150793	28.7	30.9
CBDDTY010001292.1	1	29000	19	2810	9.68966	0.128103	30.3	7.89
CBDDTY010001293.1	1	29000	20	3423	11.8034	0.137379	29.6	47.2
CBDDTY010001294.1	1	29000	83	7933	27.3552	0.520448	28.7	14.6
CBDDTY010001295.1	1	28996	50	7715	26.6071	0.328597	31.8	34.7
CBDDTY010001296.1	1	28995	26	4190	14.4508	0.156648	30.4	0.0385
CBDDTY010001297.1	1	28980	49	6959	24.0131	0.303416	31.1	22.5
CBDDTY010001298.1	1	28957	49	4522	15.6163	0.290603	29.8	13.1
CBDDTY010001299.1	1	28951	51	7055	24.3688	0.312632	29.5	30.3
CBDDTY010001300.1	1	28947	36	5428	18.7515	0.227381	28.9	27.6
CBDDTY010001301.1	1	28940	49	7197	24.8687	0.331686	30.3	19.8
CBDDTY010001302.1	1	28923	45	6829	23.611	0.295025	29.6	41
CBDDTY010001303.1	1	28920	63	8662	29.9516	0.402732	31.7	29.4
CBDDTY010001304.1	1	28915	59	7292	25.2187	0.365001	30.3	25.5
CBDDTY010001305.1	1	28915	87	7815	27.0275	0.526128	30.2	5.46
CBDDTY010001306.1	1	28912	28	4617	15.9691	0.185079	30.1	24.1
CBDDTY010001307.1	1	28905	12	1666	5.76371	0.0613735	30.1	9.92
CBDDTY010001308.1	1	28900	81	12215	42.2664	0.549446	28.6	49.2
CBDDTY010001309.1	1	28880	88	8852	30.651	0.534488	31	18.2
CBDDTY010001310.1	1	28870	115	13074	45.2858	0.736786	29.6	30.5
CBDDTY010001311.1	1	28868	54	6422	22.2461	0.316163	29.2	13.1
CBDDTY010001312.1	1	28867	61	7622	26.4039	0.370423	31.6	7.66
CBDDTY010001313.1	1	28861	30	4143	14.355	0.185267	31.2	28.8
CBDDTY010001314.1	1	28849	36	4127	14.3055	0.21928	30	5.44
CBDDTY010001315.1	1	28845	20	3314	11.489	0.123453	32.8	30.4
CBDDTY010001316.1	1	28845	30	4581	15.8814	0.19168	32	34.3
CBDDTY010001317.1	1	28844	12	1920	6.6565	0.07076	32.8	15.7
CBDDTY010001318.1	1	28828	50	6687	23.1962	0.293499	29.7	27.4
CBDDTY010001319.1	1	28812	48	5652	19.6168	0.330383	29.6	16.4
CBDDTY010001320.1	1	28802	3	380	1.31935	0.0131935	36.3	1
CBDDTY010001321.1	1	28802	47	7023	24.3837	0.314423	30.2	31.6
CBDDTY010001322.1	1	28799	34	3960	13.7505	0.187888	30	2.79
CBDDTY010001323.1	1	28796	57	6427	22.3191	0.330428	30.6	11.4
CBDDTY010001324.1	1	28796	49	7723	26.8197	0.347687	28.5	34.2
CBDDTY010001326.1	1	28783	42	6100	21.1931	0.273008	29.5	23.7
CBDDTY010001327.1	1	28777	57	7049	24.4953	0.332835	31.1	27.4
CBDDTY010001328.1	1	28750	104	11488	39.9583	0.6496	31.2	33.7
CBDDTY010001329.1	1	28741	49	5484	19.0808	0.286838	28.5	8.86
CBDDTY010001330.1	1	28735	43	6621	23.0416	0.265704	29	33
CBDDTY010001331.1	1	28699	68	5724	19.9449	0.420607	29.7	4.43
CBDDTY010001332.1	1	28679	89	9348	32.5953	0.578472	29.6	12
CBDDTY010001333.1	1	28671	35	4882	17.0277	0.198807	29.4	24.5
CBDDTY010001334.1	1	28623	25	2684	9.37707	0.154526	29.6	15.6
CBDDTY010001335.1	1	28612	13	1671	5.84021	0.0674892	27.5	3.46
CBDDTY010001336.1	1	28607	66	8621	30.136	0.42951	30.6	23
CBDDTY010001338.1	1	28570	44	6787	23.7557	0.299265	31.6	33.8
CBDDTY010001339.1	1	28555	30	4558	15.9622	0.188478	31.4	29.7
CBDDTY010001340.1	1	28543	34	4704	16.4804	0.192797	30.9	20.6
CBDDTY010001341.1	1	28534	69	10054	35.2352	0.447151	30.7	38.6
CBDDTY010001342.1	1	28517	104	9078	31.8336	0.632921	30.4	13.9
CBDDTY010001343.1	1	28505	74	9184	32.2189	0.448834	29.7	20.1
CBDDTY010001344.1	1	28499	24	2674	9.38279	0.121373	32.5	5.79
CBDDTY010001345.1	1	28498	38	5113	17.9416	0.224682	30.8	12.3
CBDDTY010001346.1	1	28492	45	6598	23.1574	0.272287	31.7	15
CBDDTY010001347.1	1	28481	7	783	2.7492	0.0415014	31.2	12.7
CBDDTY010001348.1	1	28480	83	6833	23.9923	0.53118	31.3	27.3
CBDDTY010001349.1	1	28473	159	15847	55.6562	1.10705	30.1	19.1
CBDDTY010001350.1	1	28461	162	13700	48.136	1.0623	29.4	30.1
CBDDTY010001351.1	1	28445	32	3953	13.897	0.178414	31.5	11.1
CBDDTY010001352.1	1	28444	49	7282	25.6012	0.307868	29.2	26.3
CBDDTY010001353.1	1	28443	167	11360	39.9395	1.15107	30.1	17
CBDDTY010001354.1	1	28420	23	3281	11.5447	0.132935	30.6	10.9
CBDDTY010001355.1	1	28419	41	5131	18.0548	0.25124	29.8	6.56
CBDDTY010001356.1	1	28417	56	8505	29.9293	0.34328	30.3	29.5
CBDDTY010001357.1	1	28392	39	5175	18.227	0.254544	29.8	20.5
CBDDTY010001358.1	1	28385	77	9474	33.3768	0.478809	29.9	22.2
CBDDTY010001359.1	1	28371	56	7874	27.7537	0.386803	29.9	27.3
CBDDTY010001360.1	1	28338	28	3626	12.7955	0.154033	28.4	5.89
CBDDTY010001361.1	1	28331	59	8661	30.5708	0.408669	30.3	21.5
CBDDTY010001362.1	1	28311	45	6198	21.8926	0.258204	31	17.8
CBDDTY010001363.1	1	28310	105	7530	26.5984	0.677605	30.6	8.45
CBDDTY010001364.1	1	28310	57	7890	27.87	0.37107	30.9	41.8
CBDDTY010001365.1	1	28295	20	3656	12.921	0.150981	27.8	26
CBDDTY010001366.1	1	28295	65	7433	26.2697	0.363987	30.2	16.6
CBDDTY010001367.1	1	28291	62	7101	25.0999	0.388286	32.2	15
CBDDTY010001368.1	1	28289	98	9248	32.6912	0.637704	30	5.15
CBDDTY010001369.1	1	28287	48	7658	27.0725	0.306961	30.6	38.6
CBDDTY010001370.1	1	28278	39	6747	23.8595	0.262466	30.8	40
CBDDTY010001371.1	1	28239	33	4721	16.718	0.207019	29.2	19.8
CBDDTY010001372.1	1	28236	28	3472	12.2964	0.165604	30.6	2.68
CBDDTY010001373.1	1	28224	54	6638	23.519	0.308992	29.9	15.9
CBDDTY010001374.1	1	28218	95	11346	40.2084	0.633142	30.6	11.8
CBDDTY010001375.1	1	28212	38	5622	19.9277	0.23926	29.3	36.1
CBDDTY010001376.1	1	28210	102	11636	41.2478	0.673945	29.9	28.9
CBDDTY010001377.1	1	28207	47	6814	24.1571	0.298614	29.7	23.5
CBDDTY010001378.1	1	28204	57	7815	27.7088	0.362254	29.5	19.3
CBDDTY010001379.1	1	28203	33	5488	19.4589	0.232316	29.5	41.1
CBDDTY010001380.1	1	28193	73	9247	32.7989	0.458554	31	30.2
CBDDTY010001381.1	1	28176	72	10531	37.3758	0.463657	29.5	34.1
CBDDTY010001382.1	1	28176	46	7081	25.1313	0.289005	30.9	36.2
CBDDTY010001383.1	1	28155	59	9154	32.5129	0.423584	30.4	31.5
CBDDTY010001384.1	1	28153	52	7624	27.0806	0.310873	31.6	23
CBDDTY010001385.1	1	28152	42	3718	13.2069	0.268578	31.4	16.8
CBDDTY010001386.1	1	28149	46	7008	24.8961	0.309105	30.2	22.5
CBDDTY010001387.1	1	28144	47	6629	23.5539	0.28308	30.9	33.3
CBDDTY010001388.1	1	28121	23	3496	12.432	0.138331	30.6	17.3
CBDDTY010001389.1	1	28117	27	3057	10.8724	0.145962	29.4	11.6
CBDDTY010001390.1	1	28114	43	5058	17.991	0.261613	28.7	31.6
CBDDTY010001391.1	1	28091	55	8252	29.376	0.349792	29.9	32.1
CBDDTY010001392.1	1	28081	39	4533	16.1426	0.254977	30.8	7.56
CBDDTY010001393.1	1	28080	60	6690	23.8248	0.429772	30.9	7.37
CBDDTY010001394.1	1	28069	46	6643	23.6667	0.30425	31.2	27.3
CBDDTY010001395.1	1	28060	110	11784	41.9957	0.719708	30	17.6
CBDDTY010001396.1	1	28014	79	8413	30.0314	0.502606	29.7	22.9
CBDDTY010001397.1	1	28014	24	2699	9.63447	0.140644	31.9	17.7
CBDDTY010001398.1	1	28000	53	5145	18.375	0.344429	29.5	3.4
CBDDTY010001399.1	1	28000	34	4597	16.4179	0.220536	31.3	13.1
CBDDTY010001400.1	1	28000	37	5177	18.4893	0.218821	31.9	28.5
CBDDTY010001401.1	1	28000	20	2115	7.55357	0.136321	30.3	12.9
CBDDTY010001402.1	1	28000	46	5694	20.3357	0.31525	29.2	30.1
CBDDTY010001403.1	1	28000	25	4335	15.4821	0.183429	28.8	18.8
CBDDTY010001404.1	1	28000	20	2195	7.83929	0.130786	30.6	7.95
CBDDTY010001405.1	1	27800	21	2831	10.1835	0.148957	30.6	15
CBDDTY010001406.1	1	28000	19	2357	8.41786	0.110571	27.6	11
CBDDTY010001407.1	1	28000	40	4690	16.75	0.22175	30.1	13.3
CBDDTY010001408.1	1	28000	56	7792	27.8286	0.347607	29.6	27.4
CBDDTY010001409.1	1	28000	45	5795	20.6964	0.279536	31.8	13.1
CBDDTY010001410.1	1	28000	104	11125	39.7321	0.704214	30.1	22.8
CBDDTY010001411.1	1	27800	55	7471	26.8741	0.361511	30.7	23.5
CBDDTY010001412.1	1	27800	8	1497	5.38489	0.0628058	27.9	2.75
CBDDTY010001413.1	1	28000	35	4500	16.0714	0.188036	29.9	6.51
CBDDTY010001414.1	1	28000	143	14764	52.7286	0.970786	29	20.8
CBDDTY010001415.1	1	28000	56	6674	23.8357	0.346893	30.3	17.8
CBDDTY010001416.1	1	28000	49	4706	16.8071	0.343821	29.7	10.5
CBDDTY010001417.1	1	27600	66	4559	16.5181	0.486159	31.3	5.74
CBDDTY010001418.1	1	28000	100	12381	44.2179	0.678429	29.8	26.1
CBDDTY010001419.1	1	28000	149	13575	48.4821	0.947964	29.6	40.6
CBDDTY010001420.1	1	28000	40	5368	19.1714	0.250536	29	15.6
CBDDTY010001421.1	1	28000	9	951	3.39643	0.0470714	28.7	6.44
CBDDTY010001422.1	1	28000	31	3717	13.275	0.185107	30.3	9.52
CBDDTY010001423.1	1	28000	16	3227	11.525	0.144393	30.2	19.9
CBDDTY010001424.1	1	28000	55	6879	24.5679	0.340821	28.3	27.2
CBDDTY010001425.1	1	27984	30	5024	17.9531	0.196148	29.8	40.4
CBDDTY010001426.1	1	27978	70	9251	33.0653	0.436772	29	16.9
CBDDTY010001427.1	1	27978	15	2568	9.17864	0.0953249	31.4	29.6
CBDDTY010001428.1	1	27952	19	2803	10.0279	0.110511	32	38.6
CBDDTY010001429.1	1	27946	38	6252	22.3717	0.286338	31.2	39.8
CBDDTY010001430.1	1	27942	52	7566	27.0775	0.35588	30.7	30.5
CBDDTY010001431.1	1	27932	57	8724	31.233	0.388837	30.5	35
CBDDTY010001432.1	1	27929	24	3161	11.318	0.145333	31	2.96
CBDDTY010001433.1	1	27927	15	2262	8.09969	0.101479	27.4	7.87
CBDDTY010001434.1	1	27910	46	6017	21.5586	0.284199	31.2	17.5
CBDDTY010001435.1	1	27906	42	6112	21.9021	0.251451	31.3	29.8
CBDDTY010001436.1	1	27892	47	7403	26.5417	0.314104	30.4	41.7
CBDDTY010001437.1	1	27888	28	4049	14.5188	0.198939	29.9	21.3
CBDDTY010001438.1	1	27886	81	5578	20.0029	0.461594	31.1	6.63
CBDDTY010001439.1	1	27883	84	8169	29.2974	0.521644	30.6	5
CBDDTY010001440.1	1	27872	64	8232	29.535	0.413713	29	36.5
CBDDTY010001441.1	1	27863	42	5572	19.9978	0.27323	28.4	7.17
CBDDTY010001442.1	1	27853	43	6270	22.511	0.273651	30.5	35
CBDDTY010001443.1	1	27853	102	11624	41.7334	0.678993	29.4	40.5
CBDDTY010001444.1	1	27844	32	3427	12.3079	0.214732	28.3	16.5
CBDDTY010001445.1	1	27843	40	6189	22.2282	0.277951	30.5	21.4
CBDDTY010001446.1	1	27836	45	6667	23.951	0.294583	30.6	38.8
CBDDTY010001447.1	1	27832	86	9874	35.4771	0.55932	30.6	25.7
CBDDTY010001448.1	1	27831	60	8208	29.4923	0.417412	29.7	23.2
CBDDTY010001449.1	1	27805	76	7614	27.3836	0.486855	30.1	8.2
CBDDTY010001450.1	1	27801	46	6372	22.92	0.319701	30.1	11.5
CBDDTY010001451.1	1	27734	52	4410	15.9011	0.379318	31.1	6.6
CBDDTY010001452.1	1	27682	46	6679	24.1276	0.304458	31.7	31.7
CBDDTY010001453.1	1	27674	59	5699	20.5933	0.393004	29.8	18.3
CBDDTY010001454.1	1	27673	22	3223	11.6467	0.147653	27.9	16
CBDDTY010001455.1	1	27653	73	7155	25.8742	0.59404	30.7	4.99
CBDDTY010001456.1	1	27647	39	5928	21.4417	0.235143	30.6	30.6
CBDDTY010001457.1	1	27638	41	5977	21.626	0.259968	29.6	14.4
CBDDTY010001458.1	1	27634	62	7466	27.0174	0.372584	29.8	26.3
CBDDTY010001459.1	1	27616	39	6215	22.5051	0.270966	30.1	32
CBDDTY010001460.1	1	27612	73	8106	29.3568	0.481928	30.4	12
CBDDTY010001461.1	1	27603	33	3931	14.2412	0.246567	29.3	1.24
CBDDTY010001462.1	1	27602	73	9615	34.8344	0.512898	29.9	17.9
CBDDTY010001463.1	1	27599	45	5245	19.0043	0.280445	28.8	15.8
CBDDTY010001464.1	1	27594	43	7204	26.1071	0.301007	29.5	13
CBDDTY010001465.1	1	27590	18	2497	9.05038	0.110874	30.6	11
CBDDTY010001466.1	1	27590	22	3056	11.0765	0.155527	28.1	17.2
CBDDTY010001467.1	1	27588	64	9530	34.544	0.438741	29.9	43.2
CBDDTY010001468.1	1	27580	60	7710	27.955	0.401487	31.1	20
CBDDTY010001469.1	1	27576	50	6700	24.2965	0.3255	31.3	10.1
CBDDTY010001470.1	1	27559	54	6448	23.3971	0.347219	31.3	24.5
CBDDTY010001471.1	1	27553	60	7408	26.8864	0.41912	29.2	4.82
CBDDTY010001472.1	1	27552	81	6823	24.7641	0.529217	30.7	13.1
CBDDTY010001473.1	1	27538	12	1877	6.81604	0.0745152	30.1	3.25
CBDDTY010001474.1	1	27537	45	6660	24.1856	0.296655	30.8	27
CBDDTY010001475.1	1	27537	63	8555	31.0673	0.3983	30.3	35.3
CBDDTY010001476.1	1	27527	32	4485	16.2931	0.199768	29.2	8.5
CBDDTY010001477.1	1	27522	21	3023	10.9839	0.127752	32.3	9.62
CBDDTY010001478.1	1	27520	32	3887	14.1243	0.202398	29.6	6.84
CBDDTY010001479.1	1	27500	52	6899	25.0873	0.333636	32.4	31.9
CBDDTY010001480.1	1	27499	40	6134	22.3063	0.268555	30.7	37.9
CBDDTY010001481.1	1	27495	42	5065	18.4215	0.286307	30.7	8.64
CBDDTY010001482.1	1	27487	42	6445	23.4474	0.279696	30.7	33.5
CBDDTY010001483.1	1	27460	54	8043	29.2899	0.365805	30	23.6
CBDDTY010001484.1	1	27451	52	6553	23.8716	0.306036	30.7	27.8
CBDDTY010001485.1	1	27434	22	3064	11.1686	0.133375	31.6	9.32
CBDDTY010001486.1	1	27428	44	6112	22.2838	0.272021	30.6	21.1
CBDDTY010001487.1	1	27427	54	8639	31.4982	0.377694	29.7	34.4
CBDDTY010001488.1	1	27420	34	4565	16.6484	0.218162	29.1	20.5
CBDDTY010001489.1	1	27398	65	7500	27.3743	0.432112	29.3	21.1
CBDDTY010001490.1	1	27395	33	4543	16.5833	0.227998	29.5	20.8
CBDDTY010001491.1	1	27382	48	6853	25.0274	0.325871	31	31.4
CBDDTY010001492.1	1	27380	54	7415	27.0818	0.382067	32.1	23.9
CBDDTY010001493.1	1	27372	30	4384	16.0164	0.185737	31.1	35.1
CBDDTY010001494.1	1	27371	51	6146	22.4544	0.305067	30.8	11.4
CBDDTY010001495.1	1	27358	13	2138	7.8149	0.0926603	30.3	22.7
CBDDTY010001496.1	1	27350	57	7099	25.9561	0.33192	30.6	30.9
CBDDTY010001497.1	1	27350	38	5689	20.8007	0.259744	30.4	27.9
CBDDTY010001498.1	1	27346	32	4107	15.0186	0.197579	32.8	29.2
CBDDTY010001499.1	1	27321	41	5287	19.3514	0.258153	30.8	24.6
CBDDTY010001500.1	1	27318	35	3951	14.463	0.227323	28.9	6.17
CBDDTY010001501.1	1	27305	38	5335	19.5385	0.25607	30.6	33.7
CBDDTY010001502.1	1	27300	34	4663	17.0806	0.238095	29.9	20.4
CBDDTY010001503.1	1	27272	22	3899	14.2967	0.152941	31.3	32.9
CBDDTY010001504.1	1	27271	36	5068	18.5838	0.219904	29.7	21.5
CBDDTY010001505.1	1	27270	48	6925	25.3942	0.355996	29.8	27.5
CBDDTY010001506.1	1	27268	40	5952	21.8278	0.259755	30.6	18.6
CBDDTY010001507.1	1	27261	41	4112	15.0838	0.248487	29.9	12.3
CBDDTY010001508.1	1	27252	57	7763	28.486	0.383568	31.5	37.9
CBDDTY010001509.1	1	27230	41	6483	23.8083	0.279067	29.4	30.1
CBDDTY010001510.1	1	27210	58	7295	26.81	0.348916	30.9	23.7
CBDDTY010001511.1	1	27168	57	7324	26.9582	0.349308	30.1	33.2
CBDDTY010001512.1	1	27161	34	5188	19.1009	0.227017	32.1	31
CBDDTY010001513.1	1	27155	31	4339	15.9786	0.198048	31.3	10.7
CBDDTY010001514.1	1	27141	39	3906	14.3915	0.285214	31.1	13.1
CBDDTY010001515.1	1	27138	7	1355	4.993	0.0638588	33.6	37.9
CBDDTY010001516.1	1	27118	68	7697	28.3834	0.429493	31	19.6
CBDDTY010001517.1	1	27113	52	4967	18.3196	0.321543	31.8	18.4
CBDDTY010001518.1	1	27065	61	8073	29.8282	0.449104	30.1	12
CBDDTY010001519.1	1	27046	54	6243	23.0829	0.356393	29.2	7.24
CBDDTY010001520.1	1	27027	78	5570	20.609	0.533763	29.2	11.9
CBDDTY010001521.1	1	27027	35	4859	17.9783	0.252266	28.8	4.89
CBDDTY010001522.1	1	27013	33	3219	11.9165	0.213638	29.6	4.48
CBDDTY010001523.1	1	27007	59	6467	23.9456	0.408302	29.7	5.8
CBDDTY010001524.1	1	27001	22	1926	7.13307	0.148809	29	11.9
CBDDTY010001525.1	1	27000	7	1658	6.14074	0.0651481	31.4	0.143
CBDDTY010001526.1	1	27000	66	6646	24.6148	0.443259	30.3	13.6
CBDDTY010001527.1	1	27000	48	4816	17.837	0.276185	30.3	12.2
CBDDTY010001528.1	1	27000	30	4507	16.6926	0.220778	30	16.8
CBDDTY010001529.1	1	27000	16	2241	8.3	0.0988519	27.5	2.44
CBDDTY010001530.1	1	27000	39	4112	15.2296	0.246259	29.9	5.9
CBDDTY010001531.1	1	27000	73	6275	23.2407	0.489815	30.9	9.42
CBDDTY010001532.1	1	27000	40	3314	12.2741	0.282926	30	10.6
CBDDTY010001533.1	1	27000	39	6540	24.2222	0.295296	30.1	31.3
CBDDTY010001534.1	1	27000	71	7779	28.8111	0.475333	30.1	6.42
CBDDTY010001535.1	1	27000	59	7634	28.2741	0.404963	29.7	9.27
CBDDTY010001536.1	1	27000	54	4909	18.1815	0.39663	30.2	13.8
CBDDTY010001537.1	1	27000	19	2676	9.91111	0.104185	30.8	9.47
CBDDTY010001538.1	1	27000	23	3005	11.1296	0.161296	29.7	2.74
CBDDTY010001539.1	1	27000	209	17247	63.8778	1.4877	30.4	16
CBDDTY010001540.1	1	27000	25	4104	15.2	0.17163	30	22
CBDDTY010001541.1	1	27000	50	5553	20.5667	0.308	28.9	11.3
CBDDTY010001542.1	1	27000	20	2956	10.9481	0.121222	32.5	9.25
CBDDTY010001543.1	1	26800	21	2292	8.55224	0.121231	29.5	8.71
CBDDTY010001544.1	1	27000	16	2156	7.98519	0.108	32.9	17.4
CBDDTY010001545.1	1	27000	66	6939	25.7	0.454667	30	19.8
CBDDTY010001546.1	1	27000	38	5055	18.7222	0.256407	31	21.2
CBDDTY010001547.1	1	27000	38	5023	18.6037	0.240926	28.8	12.3
CBDDTY010001548.1	1	27000	36	5226	19.3556	0.23263	30.3	32.3
CBDDTY010001549.1	1	27000	49	5894	21.8296	0.308593	29.3	22.4
CBDDTY010001550.1	1	26987	38	3525	13.0618	0.247045	30.4	10.8
CBDDTY010001551.1	1	26984	38	5856	21.7017	0.277868	32	30.4
CBDDTY010001552.1	1	26955	40	4606	17.0877	0.271527	30.1	13.4
CBDDTY010001553.1	1	26953	30	4290	15.9166	0.196379	30.7	30
CBDDTY010001554.1	1	26910	58	7915	29.4129	0.353735	29.2	24.6
CBDDTY010001555.1	1	26882	46	5675	21.1108	0.295625	29	9.26
CBDDTY010001556.1	1	26849	42	4603	17.144	0.269023	30.2	18.3
CBDDTY010001557.1	1	26840	41	6551	24.4076	0.283308	31.5	19
CBDDTY010001558.1	1	26835	80	9859	36.7393	0.55409	29.8	19.9
CBDDTY010001559.1	1	26825	49	7102	26.4753	0.370662	30.5	22.1
CBDDTY010001560.1	1	26816	54	7932	29.5794	0.384882	30.5	30.2
CBDDTY010001561.1	1	26809	89	9631	35.9245	0.616472	30	23.6
CBDDTY010001562.1	1	26805	44	5702	21.2722	0.288416	30.5	31.6
CBDDTY010001563.1	1	26796	61	4104	15.3157	0.423645	30.1	3.69
CBDDTY010001564.1	1	26788	17	2409	8.99283	0.112588	30.5	11.1
CBDDTY010001565.1	1	26779	35	5810	21.6961	0.238919	29.5	28.8
CBDDTY010001566.1	1	26762	43	5263	19.6659	0.265227	29.5	18.6
CBDDTY010001567.1	1	26758	58	6544	24.4562	0.339674	31	15.6
CBDDTY010001568.1	1	26746	29	3875	14.4881	0.198721	29.1	10.4
CBDDTY010001569.1	1	26737	21	2384	8.91648	0.117104	28.9	15.9
CBDDTY010001570.1	1	26732	45	4722	17.6642	0.317223	29.8	5.24
CBDDTY010001571.1	1	26721	22	2574	9.63287	0.13626	31.2	15.3
CBDDTY010001572.1	1	26717	46	7160	26.7994	0.329753	30	35.8
CBDDTY010001573.1	1	26697	76	8457	31.6777	0.470877	30.1	20.2
CBDDTY010001574.1	1	26673	14	2123	7.95936	0.110899	32.3	1.64
CBDDTY010001575.1	1	26667	30	3541	13.2786	0.181273	31.4	14
CBDDTY010001576.1	1	26660	52	6578	24.6737	0.329895	29.7	30.6
CBDDTY010001577.1	1	26657	39	5540	20.7825	0.242713	32.5	33.5
CBDDTY010001578.1	1	26651	47	5713	21.4363	0.306593	29.4	16.3
CBDDTY010001579.1	1	26640	32	5088	19.0991	0.24497	31.1	20.3
CBDDTY010001580.1	1	26629	31	4020	15.0963	0.200909	30	30.2
CBDDTY010001581.1	1	26623	57	8903	33.441	0.421515	30.8	42.7
CBDDTY010001582.1	1	26616	73	7975	29.9632	0.478772	29.6	9.14
CBDDTY010001583.1	1	26597	45	6900	25.9428	0.332895	30.2	19.4
CBDDTY010001584.1	1	26597	31	4403	16.5545	0.231229	31.6	13.1
CBDDTY010001585.1	1	26592	49	5631	21.1755	0.328633	30.2	14.5
CBDDTY010001586.1	1	26586	113	7057	26.544	0.863462	29.4	9.88
CBDDTY010001587.1	1	26577	227	9681	36.4262	1.61203	30.3	24.9
CBDDTY010001588.1	1	26574	24	3367	12.6703	0.151351	29.7	8.5
CBDDTY010001589.1	1	26566	36	6274	23.6167	0.265302	29.5	38.2
CBDDTY010001590.1	1	26564	12	2005	7.54781	0.090009	29.3	0.25
CBDDTY010001591.1	1	26548	33	4724	17.7942	0.216287	28.1	22.3
CBDDTY010001592.1	1	26535	26	3851	14.5129	0.185265	29.3	14.8
CBDDTY010001593.1	1	26529	34	3528	13.2987	0.207999	29.5	7.5
CBDDTY010001594.1	1	26514	42	6225	23.4782	0.283473	30.9	33.2
CBDDTY010001595.1	1	26508	49	5798	21.8726	0.335597	30.9	16
CBDDTY010001596.1	1	26506	29	4390	16.5623	0.188033	30.2	26.1
CBDDTY010001597.1	1	26467	30	4377	16.5376	0.20705	31.5	26.8
CBDDTY010001598.1	1	26464	69	7479	28.261	0.459794	29.9	9.65
CBDDTY010001599.1	1	26458	38	4531	17.1253	0.274548	27.6	10.6
CBDDTY010001600.1	1	26455	29	4334	16.3825	0.178719	31.1	40.6
CBDDTY010001601.1	1	26448	92	10380	39.2468	0.679522	30.2	22.4
CBDDTY010001602.1	1	26444	10	1467	5.54757	0.0554757	30.4	1
CBDDTY010001603.1	1	26436	52	6122	23.1578	0.319035	30.8	12.3
CBDDTY010001604.1	1	26428	21	3162	11.9646	0.1327	32.1	26.7
CBDDTY010001605.1	1	26427	39	4731	17.9021	0.250312	30.4	21.7
CBDDTY010001606.1	1	26409	22	3092	11.7081	0.132796	30.9	15.2
CBDDTY010001607.1	1	26407	45	4055	15.3558	0.315485	31.8	22
CBDDTY010001608.1	1	26403	37	4149	15.7141	0.22986	30.6	8.7
CBDDTY010001609.1	1	26392	77	7971	30.2023	0.57309	29	14.8
CBDDTY010001610.1	1	26372	107	11211	42.511	0.753451	31	11.8
CBDDTY010001611.1	1	26370	49	7137	27.0648	0.351043	30.8	41.1
CBDDTY010001612.1	1	26369	53	5700	21.6163	0.306648	32.2	16.2
CBDDTY010001613.1	1	26368	126	8673	32.8921	1.01282	30.5	17.4
CBDDTY010001614.1	1	26365	21	3355	12.7252	0.168215	29.8	29.8
CBDDTY010001615.1	1	26352	42	5036	19.1105	0.316181	31.1	9.29
CBDDTY010001616.1	1	26332	24	3462	13.1475	0.177541	30.1	6.71
CBDDTY010001617.1	1	26328	36	5285	20.0737	0.225729	31.6	36.7
CBDDTY010001618.1	1	26313	52	7745	29.4341	0.383841	29.7	37.2
CBDDTY010001619.1	1	26311	37	4558	17.3236	0.257611	30.7	21.7
CBDDTY010001620.1	1	26310	125	9919	37.7005	0.826492	30.5	9.05
CBDDTY010001621.1	1	26301	42	5408	20.562	0.256492	28.3	7.33
CBDDTY010001622.1	1	26287	72	6792	25.8379	0.504242	29.8	3.92
CBDDTY010001623.1	1	26286	14	1750	6.65754	0.0976185	30.5	9
CBDDTY010001624.1	1	26276	56	4639	17.6549	0.399148	29.9	9.89
CBDDTY010001625.1	1	26251	73	6147	23.4163	0.555522	30.5	13
CBDDTY010001626.1	1	26251	19	2279	8.68157	0.107691	29.2	1.74
CBDDTY010001627.1	1	26244	41	5153	19.635	0.303079	29.4	24.1
CBDDTY010001628.1	1	26228	80	7815	29.7964	0.598559	29.8	13.7
CBDDTY010001629.1	1	26225	70	7902	30.1316	0.491668	29	13.6
CBDDTY010001630.1	1	26212	81	10224	39.005	0.599306	30.5	35.1
CBDDTY010001631.1	1	26198	45	6801	25.96	0.299069	31.1	15.3
CBDDTY010001632.1	1	26180	57	8071	30.8289	0.408976	30.6	37.8
CBDDTY010001633.1	1	26178	33	3598	13.7444	0.196233	29.8	8.15
CBDDTY010001634.1	1	26173	35	5150	19.6768	0.227563	29.9	37.8
CBDDTY010001635.1	1	26162	22	3509	13.4126	0.149568	31.1	36.4
CBDDTY010001636.1	1	26154	103	9851	37.6654	0.715072	30	8.16
CBDDTY010001637.1	1	26152	120	7116	27.2102	0.798753	30.7	10.1
CBDDTY010001638.1	1	26140	55	6648	25.4323	0.342349	29.7	24.4
CBDDTY010001639.1	1	26137	23	3158	12.0825	0.150782	31.2	25.4
CBDDTY010001640.1	1	26135	42	4734	18.1136	0.251004	31.8	3.14
CBDDTY010001641.1	1	26131	35	5122	19.6012	0.229727	29.2	15.1
CBDDTY010001642.1	1	26109	21	2910	11.1456	0.165996	32	13.5
CBDDTY010001643.1	1	26097	51	6135	23.5084	0.332031	29.9	12.5
CBDDTY010001644.1	1	26088	60	6356	24.3637	0.409575	30.2	20.6
CBDDTY010001645.1	1	26085	74	6324	24.2438	0.517884	30.4	7.95
CBDDTY010001646.1	1	26069	48	6696	25.6857	0.360505	31.8	32.3
CBDDTY010001647.1	1	26065	27	3805	14.5981	0.17253	31	11.7
CBDDTY010001648.1	1	26061	21	2866	10.9973	0.130271	32.7	2.95
CBDDTY010001649.1	1	26061	12	1470	5.64061	0.0929358	30.9	11.8
CBDDTY010001650.1	1	26040	17	2658	10.2074	0.135637	30.5	17.6
CBDDTY010001651.1	1	26018	75	9598	36.8898	0.555538	30.1	23.8
CBDDTY010001652.1	1	26000	49	4593	17.6654	0.336962	29.4	2.63
CBDDTY010001653.1	1	26000	77	11365	43.7115	0.600962	29.1	42.3
CBDDTY010001654.1	1	26000	20	1273	4.89615	0.0998077	31.6	0.45
CBDDTY010001655.1	1	26000	36	5569	21.4192	0.232692	30.6	22.1
CBDDTY010001656.1	1	26000	67	3435	13.2115	0.471077	32.4	13.7
CBDDTY010001657.1	1	26000	84	9405	36.1731	0.540962	29.6	14.3
CBDDTY010001658.1	1	26000	49	5504	21.1692	0.324038	30.7	10.6
CBDDTY010001659.1	1	26000	53	7350	28.2692	0.373308	29	34.1
CBDDTY010001660.1	1	26000	58	6827	26.2577	0.380115	31	13.9
CBDDTY010001661.1	1	25600	39	4797	18.7383	0.272734	28.8	18.5
CBDDTY010001662.1	1	26000	30	3500	13.4615	0.208962	30.5	12.4
CBDDTY010001663.1	1	26000	14	1817	6.98846	0.0850385	30.7	5.64
CBDDTY010001664.1	1	26000	16	2257	8.68077	0.116923	33.6	24.6
CBDDTY010001665.1	1	26000	92	7614	29.2846	0.629346	31.8	14.1
CBDDTY010001666.1	1	26000	21	3258	12.5308	0.138538	31.8	28.5
CBDDTY010001667.1	1	26000	61	6797	26.1423	0.436269	31.9	21.9
CBDDTY010001668.1	1	26000	67	5936	22.8308	0.619346	30.3	4.24
CBDDTY010001669.1	1	26000	39	4695	18.0577	0.249962	30.3	11.3
CBDDTY010001670.1	1	26000	37	4374	16.8231	0.255846	28.5	4.49
CBDDTY010001671.1	1	25800	54	6572	25.4729	0.356434	30	11.8
CBDDTY010001672.1	1	25800	43	4398	17.0465	0.267287	30.4	10.7
CBDDTY010001673.1	1	26000	32	4109	15.8038	0.184308	29.9	11.4
CBDDTY010001674.1	1	26000	30	3652	14.0462	0.172077	31.6	14.4
CBDDTY010001675.1	1	26000	51	7155	27.5192	0.337769	30.5	22.8
CBDDTY010001676.1	1	26000	39	6186	23.7923	0.299731	31.3	36.7
CBDDTY010001677.1	1	25800	25	4039	15.655	0.182829	30.1	5.72
CBDDTY010001678.1	1	26000	12	2275	8.75	0.0998846	31.6	15.1
CBDDTY010001679.1	1	26000	28	3986	15.3308	0.197577	30.3	21.5
CBDDTY010001680.1	1	25585	27	3426	13.3907	0.17862	32.6	7.22
CBDDTY010001681.1	1	25995	40	5514	21.2118	0.274284	29.9	10.4
CBDDTY010001682.1	1	25994	40	5036	19.3737	0.273371	30	29.9
CBDDTY010001683.1	1	25988	67	7405	28.4939	0.473526	30.1	7.85
CBDDTY010001684.1	1	25985	46	5333	20.5234	0.301289	31.3	15.9
CBDDTY010001685.1	1	25983	61	7111	27.3679	0.362198	31.7	12
CBDDTY010001686.1	1	25976	36	5761	22.1782	0.243186	29.5	27.4
CBDDTY010001687.1	1	25960	32	4579	17.6387	0.22423	31.4	20.6
CBDDTY010001688.1	1	25959	29	3407	13.1245	0.193652	30	5.41
CBDDTY010001689.1	1	25959	6	1185	4.56489	0.0456489	32.2	51.8
CBDDTY010001690.1	1	25947	12	2151	8.28998	0.0828998	28.8	27.3
CBDDTY010001691.1	1	25495	42	4973	19.5058	0.282918	29.8	5
CBDDTY010001692.1	1	25882	71	4224	16.3202	0.572715	30.1	0.732
CBDDTY010001693.1	1	25878	30	4079	15.7624	0.206392	30.8	27.3
CBDDTY010001694.1	1	25876	34	4149	16.0342	0.223218	31.2	4.53
CBDDTY010001695.1	1	25826	203	6004	23.2479	4.01537	25.1	13.8
CBDDTY010001696.1	1	25802	34	6012	23.3005	0.294008	29.5	41.9
CBDDTY010001697.1	1	25798	55	6885	26.6881	0.382394	30.8	27.3
CBDDTY010001698.1	1	25797	32	4297	16.657	0.234989	30.8	13.9
CBDDTY010001699.1	1	25796	69	6576	25.4923	0.471585	30.7	1.36
CBDDTY010001700.1	1	25792	50	6186	23.9842	0.372092	29.4	12.4
CBDDTY010001701.1	1	25770	26	4308	16.7171	0.238029	28.9	23.8
CBDDTY010001702.1	1	25755	39	5544	21.5259	0.250514	31	16.9
CBDDTY010001703.1	1	25750	54	8558	33.235	0.400932	30.7	21.2
CBDDTY010001704.1	1	25743	4	539	2.09377	0.0209377	35.3	6.25
CBDDTY010001705.1	1	25732	34	5161	20.0567	0.244987	30.9	38.3
CBDDTY010001706.1	1	25731	52	6086	23.6524	0.398585	30.5	10.8
CBDDTY010001707.1	1	25729	69	8683	33.7479	0.474912	29.6	21.2
CBDDTY010001708.1	1	25722	65	4116	16.0019	0.424189	31.5	11.1
CBDDTY010001709.1	1	25714	25	5158	20.0591	0.236836	30.9	26.4
CBDDTY010001710.1	1	25711	124	12628	49.1152	0.891914	29.8	37
CBDDTY010001711.1	1	25696	37	5274	20.5246	0.24747	31.3	20.6
CBDDTY010001712.1	1	25672	52	4883	19.0207	0.339124	31	15.3
CBDDTY010001713.1	1	25650	70	7460	29.0838	0.48	29.5	21.1
CBDDTY010001714.1	1	25650	59	5685	22.1637	0.434815	28.5	8.76
CBDDTY010001715.1	1	25637	50	7204	28.1	0.37871	31.5	21.2
CBDDTY010001716.1	1	25634	28	2702	10.5407	0.203792	31	8.04
CBDDTY010001717.1	1	25627	73	4379	17.0874	0.553206	30.3	5
CBDDTY010001718.1	1	25623	65	8146	31.7917	0.456036	31.5	23.1
CBDDTY010001719.1	1	25616	44	6518	25.445	0.308869	29.6	28.8
CBDDTY010001720.1	1	25611	32	4649	18.1524	0.20296	30.8	0.594
CBDDTY010001721.1	1	25601	66	6456	25.2178	0.482091	30.7	36.9
CBDDTY010001722.1	1	25589	41	7293	28.5005	0.317128	30.8	41.9
CBDDTY010001723.1	1	25584	42	5685	22.2209	0.318949	30.1	22.7
CBDDTY010001724.1	1	25581	57	7352	28.7401	0.403581	29.2	15.6
CBDDTY010001725.1	1	25571	24	2254	8.81467	0.167846	31.3	18.1
CBDDTY010001727.1	1	25560	28	4134	16.1737	0.202621	29.1	35.8
CBDDTY010001728.1	1	25557	28	3336	13.0532	0.198419	29.1	5.18
CBDDTY010001729.1	1	25554	49	4573	17.8954	0.353448	30.5	7.78
CBDDTY010001730.1	1	25549	85	6050	23.68	0.709147	31.7	13.7
CBDDTY010001731.1	1	25542	61	8053	31.5285	0.400947	30	27.1
CBDDTY010001732.1	1	25502	96	8781	34.4326	0.673908	30.5	7.3
CBDDTY010001733.1	1	25493	33	4743	18.6051	0.204684	31.2	22.9
CBDDTY010001734.1	1	25488	48	6847	26.8636	0.343103	30.6	31
CBDDTY010001735.1	1	25484	41	6168	24.2034	0.293439	29.2	27.6
CBDDTY010001736.1	1	25479	11	1703	6.68394	0.0778288	27	13.9
CBDDTY010001737.1	1	25476	66	8162	32.038	0.457372	30.3	27.4
CBDDTY010001738.1	1	25458	39	6049	23.7607	0.288829	30.6	32.1
CBDDTY010001739.1	1	25428	45	4068	15.9981	0.272377	30.4	5.11
CBDDTY010001740.1	1	25390	9	1004	3.95431	0.0556124	27.1	1.78
CBDDTY010001741.1	1	25385	88	8331	32.8186	0.63573	30.7	6.55
CBDDTY010001742.1	1	25379	11	1591	6.26896	0.065566	31.8	3.64
CBDDTY010001743.1	1	25323	61	6945	27.4257	0.436165	30.7	26.6
CBDDTY010001744.1	1	25319	137	9256	36.5575	0.996564	30	11.2
CBDDTY010001745.1	1	25313	16	2125	8.3949	0.10785	28.7	9.19
CBDDTY010001746.1	1	25310	53	6149	24.2947	0.395812	30.3	19.2
CBDDTY010001747.1	1	25305	48	5082	20.083	0.32377	30.6	7.25
CBDDTY010001748.1	1	25292	44	6012	23.7704	0.298237	30.8	37.5
CBDDTY010001749.1	1	25285	34	4965	19.6361	0.231521	29.7	8.76
CBDDTY010001750.1	1	25282	37	4562	18.0445	0.260739	29.6	16
CBDDTY010001751.1	1	25269	43	6056	23.9661	0.325537	30.6	21.3
CBDDTY010001752.1	1	25269	32	4677	18.5088	0.226958	30.8	45.5
CBDDTY010001753.1	1	25256	42	6744	26.7026	0.33687	30.5	38.4
CBDDTY010001754.1	1	25239	37	6501	25.7578	0.29601	30.5	40.5
CBDDTY010001755.1	1	25231	43	6053	23.9903	0.297808	30.8	27.2
CBDDTY010001756.1	1	25227	25	2725	10.8019	0.147342	30.8	15.9
CBDDTY010001757.1	1	25219	50	5059	20.0603	0.361355	29.6	1.22
CBDDTY010001758.1	1	25211	48	6487	25.7308	0.310023	30.6	25.4
CBDDTY010001759.1	1	25199	13	2221	8.81384	0.0916306	30.6	5.46
CBDDTY010001760.1	1	25198	28	4055	16.0925	0.182356	28.3	3.86
CBDDTY010001761.1	1	25187	59	5827	23.135	0.379362	29.2	11.6
CBDDTY010001762.1	1	25183	45	5850	23.23	0.309137	30.6	38.6
CBDDTY010001763.1	1	25181	4	609	2.41849	0.0241849	26.7	0.5
CBDDTY010001764.1	1	25164	37	6780	26.9433	0.297369	29.9	35.8
CBDDTY010001765.1	1	25150	59	7136	28.3738	0.459165	29	8.9
CBDDTY010001766.1	1	25141	43	4961	19.7327	0.279464	30.5	2.91
CBDDTY010001767.1	1	25138	39	5447	21.6684	0.301894	31	15.7
CBDDTY010001768.1	1	25125	66	8132	32.3662	0.509174	30.7	8.86
CBDDTY010001769.1	1	25122	105	7839	31.2037	0.735929	29.1	14.6
CBDDTY010001770.1	1	25120	43	5947	23.6744	0.317556	30.2	2.12
CBDDTY010001771.1	1	25102	58	4781	19.0463	0.402279	31.2	11.3
CBDDTY010001772.1	1	25098	25	3211	12.7938	0.194039	30.1	10.4
CBDDTY010001773.1	1	25083	50	8617	34.3539	0.389427	29.5	38.9
CBDDTY010001774.1	1	25071	42	4745	18.9262	0.268717	30.3	6.83
CBDDTY010001775.1	1	25065	39	3593	14.3347	0.235827	30.1	4.54
CBDDTY010001776.1	1	25055	61	5142	20.5228	0.525803	30.8	10.7
CBDDTY010001777.1	1	25044	49	6379	25.4712	0.333733	30.6	9
CBDDTY010001778.1	1	25040	26	3323	13.2708	0.178714	30	10.5
CBDDTY010001779.1	1	25024	29	3915	15.645	0.175112	29.2	26.4
CBDDTY010001780.1	1	25013	65	8824	35.2777	0.470955	30.8	39.1
CBDDTY010001781.1	1	25011	37	5257	21.0188	0.266323	28.6	29.9
CBDDTY010001782.1	1	25008	50	6392	25.5598	0.340851	29.9	26.3
CBDDTY010001783.1	1	25000	3	555	2.22	0.02412	32.5	22.7
CBDDTY010001784.1	1	25000	3	541	2.164	0.02164	31.5	4.67
CBDDTY010001785.1	1	25000	3	322	1.288	0.01676	32.1	0.333
CBDDTY010001786.1	1	25000	50	6098	24.392	0.33072	31.4	17.3
CBDDTY010001787.1	1	24800	74	5719	23.0605	0.532984	29.6	7.7
CBDDTY010001788.1	1	25000	25	3448	13.792	0.1744	31.3	19.8
CBDDTY010001789.1	1	25000	1	175	0.7	0.007	41.4	0
CBDDTY010001790.1	1	24200	22	3609	14.9132	0.18062	30.2	23.6
CBDDTY010001791.1	1	25000	28	2467	9.868	0.20144	31.1	30.6
CBDDTY010001792.1	1	25000	99	9773	39.092	0.68928	30.1	28.8
CBDDTY010001793.1	1	25000	109	9515	38.06	0.84324	29.1	8.5
CBDDTY010001794.1	1	25000	1	133	0.532	0.00532	34.8	0
CBDDTY010001795.1	1	25000	58	685	2.74	0.4886	30.5	4.36
CBDDTY010001796.1	1	25000	47	6188	24.752	0.33488	32	11
CBDDTY010001797.1	1	25000	34	4731	18.924	0.22968	30.8	10.7
CBDDTY010001798.1	1	25000	28	3958	15.832	0.18212	30.7	16
CBDDTY010001799.1	1	25000	15	2235	8.94	0.129	31.4	47.1
CBDDTY010001801.1	1	25000	61	7548	30.192	0.46128	30.7	30.9
CBDDTY010001802.1	1	25000	112	13034	52.136	0.89564	30.2	38.5
CBDDTY010001803.1	1	25000	4	495	1.98	0.0286	29.6	0.75
CBDDTY010001804.1	1	25000	33	4872	19.488	0.23788	30.2	22.8
CBDDTY010001805.1	1	25000	71	9259	37.036	0.46816	30.5	37.3
CBDDTY010001806.1	1	25000	42	4876	19.504	0.2984	29.5	18.6
CBDDTY010001807.1	1	25000	19	2162	8.648	0.12324	30.6	20.7
CBDDTY010001808.1	1	25000	29	4289	17.156	0.21452	28	16.5
CBDDTY010001809.1	1	25000	1357	21202	84.808	9.40364	26.5	0.414
CBDDTY010001810.1	1	25000	45	6537	26.148	0.30324	28.1	32.4
CBDDTY010001811.1	1	25000	31	4152	16.608	0.23392	31.4	15.7
CBDDTY010001812.1	1	24994	88	9152	36.6168	0.635593	30.9	26.2
CBDDTY010001813.1	1	24991	60	7677	30.7191	0.401184	31	34.4
CBDDTY010001814.1	1	24986	55	7818	31.2895	0.405867	32.3	25.8
CBDDTY010001815.1	1	24986	33	3987	15.9569	0.235052	31.1	8.61
CBDDTY010001816.1	1	24983	47	6446	25.8015	0.364488	30.9	16.8
CBDDTY010001818.1	1	24948	20	3463	13.8809	0.151315	30	22
CBDDTY010001819.1	1	24935	59	8773	35.1835	0.433006	30.1	32.5
CBDDTY010001820.1	1	24928	9	1518	6.08954	0.0821165	33.5	37
CBDDTY010001821.1	1	24923	65	7499	30.0887	0.465835	31.1	6.45
CBDDTY010001822.1	1	24881	61	8536	34.3073	0.456091	29.8	29.3
CBDDTY010001823.1	1	24878	44	6627	26.638	0.340542	29.7	22.9
CBDDTY010001824.1	1	24843	15	1820	7.32601	0.097291	30.5	0.0667
CBDDTY010001825.1	1	24835	15	2748	11.065	0.11065	29.7	6.07
CBDDTY010001826.1	1	24814	36	3915	15.7774	0.26876	31.4	7.36
CBDDTY010001827.1	1	24799	34	5027	20.271	0.246865	31.8	27.1
CBDDTY010001828.1	1	24799	40	5359	21.6097	0.269971	31.6	13.3
CBDDTY010001829.1	1	24788	46	6291	25.3792	0.384985	30.8	9.37
CBDDTY010001830.1	1	24787	72	6176	24.9163	0.49534	30.2	2.61
CBDDTY010001831.1	1	24758	218	13689	55.2912	1.7257	30.2	16.3
CBDDTY010001832.1	1	24752	78	8136	32.8701	0.571752	30.5	19.8
CBDDTY010001833.1	1	24750	18	2695	10.8889	0.142141	31.2	17.1
CBDDTY010001834.1	1	24726	73	9030	36.5203	0.519655	30.7	19.2
CBDDTY010001835.1	1	24720	31	3856	15.5987	0.211286	30.1	15.2
CBDDTY010001836.1	1	24708	44	6109	24.7248	0.319087	30.6	32.3
CBDDTY010001837.1	1	24707	3	511	2.06824	0.0206824	31.4	0
CBDDTY010001838.1	1	24698	26	3910	15.8312	0.194793	27.4	25.3
CBDDTY010001839.1	1	24689	43	3008	12.1836	0.340313	29.8	7.26
CBDDTY010001840.1	1	24683	22	3053	12.3688	0.166025	31.4	24.3
CBDDTY010001841.1	1	24665	55	6413	26.0004	0.37908	29.9	23.1
CBDDTY010001842.1	1	24661	41	4383	17.773	0.262641	29.6	11.7
CBDDTY010001843.1	1	24655	20	3224	13.0765	0.16305	31.6	26.1
CBDDTY010001844.1	1	24630	30	4705	19.1027	0.225051	30.2	35.6
CBDDTY010001845.1	1	24629	40	4668	18.9533	0.240083	30.8	17.2
CBDDTY010001846.1	1	24627	21	2683	10.8945	0.142608	30.6	0.476
CBDDTY010001847.1	1	24626	17	2295	9.31942	0.116016	30	0.765
CBDDTY010001848.1	1	24618	62	6332	25.721	0.422618	30.3	9.32
CBDDTY010001849.1	1	24613	25	2708	11.0023	0.167798	29.5	5.72
CBDDTY010001850.1	1	24611	119	10382	42.1844	0.88302	30.5	5.35
CBDDTY010001851.1	1	24610	49	6757	27.4563	0.386144	29.9	14.1
CBDDTY010001852.1	1	24598	60	8510	34.5963	0.48134	31.4	32.4
CBDDTY010001853.1	1	24590	36	4866	19.7885	0.25791	28.3	10.5
CBDDTY010001854.1	1	24585	56	7443	30.2746	0.406549	30.6	27.5
CBDDTY010001855.1	1	24584	14	2151	8.74959	0.0987227	30.5	18.2
CBDDTY010001856.1	1	24576	40	5703	23.2056	0.295695	28.8	28.8
CBDDTY010001857.1	1	24573	40	5931	24.1362	0.305254	30.4	37
CBDDTY010001858.1	1	24570	25	3793	15.4375	0.181359	31.5	28.6
CBDDTY010001859.1	1	24563	24	3218	13.101	0.190449	30.4	28.4
CBDDTY010001860.1	1	24551	39	4569	18.6102	0.276282	30.4	3.62
CBDDTY010001861.1	1	24534	26	3327	13.5608	0.242602	30.3	2.96
CBDDTY010001862.1	1	24531	28	4251	17.3291	0.217072	32.2	7.75
CBDDTY010001863.1	1	24512	75	9922	40.4781	0.564213	29.8	24.3
CBDDTY010001864.1	1	24503	11	1568	6.39922	0.073338	29.4	19.5
CBDDTY010001865.1	1	24470	9	1833	7.49081	0.0749081	30.1	9.78
CBDDTY010001866.1	1	24453	22	2498	10.2155	0.147712	28.3	4.73
CBDDTY010001867.1	1	24447	32	4235	17.3232	0.226694	31.4	23.2
CBDDTY010001868.1	1	24442	51	5993	24.5193	0.375256	31.3	9.02
CBDDTY010001869.1	1	24436	232	14196	58.0946	1.6853	29.7	18.7
CBDDTY010001870.1	1	24428	45	6221	25.4667	0.350377	32.5	35.8
CBDDTY010001871.1	1	24406	34	4962	20.3311	0.300541	31.2	9.94
CBDDTY010001872.1	1	24400	43	7506	30.7623	0.359754	29.3	28.3
CBDDTY010001873.1	1	24390	47	5917	24.2599	0.34715	29.7	4.85
CBDDTY010001874.1	1	24334	74	8571	35.2223	0.563985	28.7	10
CBDDTY010001875.1	1	24315	41	6463	26.5803	0.326835	32.1	30.5
CBDDTY010001876.1	1	24307	37	5273	21.6933	0.244539	30.9	33.3
CBDDTY010001877.1	1	24296	23	4746	19.5341	0.211311	29.3	43.8
CBDDTY010001878.1	1	24289	2	287	1.1816	0.011816	32.7	7.5
CBDDTY010001879.1	1	24277	40	5625	23.1701	0.29151	30.4	20.8
CBDDTY010001880.1	1	24252	34	5516	22.7445	0.29544	31	17.4
CBDDTY010001881.1	1	24235	51	7722	31.863	0.418857	29.2	46.9
CBDDTY010001882.1	1	24225	58	6896	28.4665	0.399546	29.8	22.6
CBDDTY010001883.1	1	24219	54	6881	28.4116	0.374912	31.8	30.8
CBDDTY010001884.1	1	24201	31	5171	21.3669	0.249576	30	31.1
CBDDTY010001885.1	1	24000	13	2120	8.83333	0.103333	30.9	17
CBDDTY010001886.1	1	24192	33	5433	22.4578	0.26083	31.9	36.4
CBDDTY010001887.1	1	24189	42	4232	17.4956	0.283641	30.2	3.52
CBDDTY010001888.1	1	24184	46	5497	22.7299	0.368632	29.6	13.4
CBDDTY010001889.1	1	24176	77	7446	30.7991	0.599065	30.6	28.7
CBDDTY010001890.1	1	24155	46	6748	27.9362	0.35976	31.6	29.6
CBDDTY010001891.1	1	24153	37	5107	21.1444	0.254875	30.4	20.8
CBDDTY010001892.1	1	24148	162	12343	51.114	1.17902	30	12.8
CBDDTY010001893.1	1	24145	37	4964	20.5591	0.267302	29.5	0.595
CBDDTY010001894.1	1	24123	33	4177	17.3154	0.221241	29.2	22.7
CBDDTY010001895.1	1	24121	24	3623	15.0201	0.174785	29.5	13.8
CBDDTY010001896.1	1	24112	42	5129	21.2716	0.280856	30.5	25
CBDDTY010001897.1	1	24100	28	4116	17.0788	0.2139	29.8	15
CBDDTY010001898.1	1	24079	33	4907	20.3788	0.262802	29.9	30.5
CBDDTY010001899.1	1	24075	16	2340	9.71963	0.10837	32.9	23.2
CBDDTY010001900.1	1	24070	95	8683	36.074	0.749065	30.8	24.4
CBDDTY010001901.1	1	24032	270	16288	67.7763	2.15284	29.9	37.7
CBDDTY010001902.1	1	24022	22	3245	13.5085	0.191491	27.4	5.82
CBDDTY010001903.1	1	24020	16	2227	9.27144	0.115321	31.3	6.75
CBDDTY010001904.1	1	24013	26	4304	17.9236	0.189647	29.7	5.42
CBDDTY010001905.1	1	24011	102	11219	46.7244	0.74899	30	13.4
CBDDTY010001906.1	1	24002	36	1956	8.14932	0.298892	32	3.28
CBDDTY010001907.1	1	24000	34	5645	23.5208	0.270792	28.7	31.9
CBDDTY010001908.1	1	24000	29	3679	15.3292	0.206917	30.3	4.1
CBDDTY010001909.1	1	24000	11	1736	7.23333	0.0772917	33	9.45
CBDDTY010001910.1	1	24000	1	86	0.358333	0.00358333	27.2	6
CBDDTY010001911.1	1	24000	60	6799	28.3292	0.453	31	23.4
CBDDTY010001912.1	1	24000	44	5281	22.0042	0.2995	31.1	11.4
CBDDTY010001913.1	1	24000	39	5187	21.6125	0.290208	30.9	17.1
CBDDTY010001914.1	1	24000	45	6352	26.4667	0.37875	28.5	5.11
CBDDTY010001915.1	1	24000	6	904	3.76667	0.0553333	29.7	3
CBDDTY010001916.1	1	24000	43	5263	21.9292	0.305875	30.2	11.8
CBDDTY010001917.1	1	24000	56	6827	28.4458	0.386167	31	44.7
CBDDTY010001918.1	1	24000	9	1003	4.17917	0.057875	31.8	25.7
CBDDTY010001919.1	1	24000	81	8463	35.2625	0.570208	30.1	26.4
CBDDTY010001920.1	1	23800	47	5376	22.5882	0.305882	31.5	15.7
CBDDTY010001921.1	1	24000	3	288	1.2	0.012	26.1	0.333
CBDDTY010001922.1	1	24000	29	3678	15.325	0.211	30.9	19.7
CBDDTY010001923.1	1	24000	38	4593	19.1375	0.289625	30.9	34.9
CBDDTY010001924.1	1	24000	73	7298	30.4083	0.547083	30.1	15.3
CBDDTY010001925.1	1	23669	31	4299	18.163	0.262115	28.5	7.1
CBDDTY010001926.1	1	24000	35	4086	17.025	0.219625	29	5.86
CBDDTY010001927.1	1	24000	4	623	2.59583	0.0259583	28.3	15.5
CBDDTY010001928.1	1	24000	42	5486	22.8583	0.322875	29.5	16.9
CBDDTY010001929.1	1	24000	46	4836	20.15	0.281375	28.9	17.4
CBDDTY010001930.1	1	24000	22	3780	15.75	0.185333	31.9	10.2
CBDDTY010001931.1	1	24000	64	9051	37.7125	0.58625	30.7	34.3
CBDDTY010001932.1	1	23998	8	1178	4.90874	0.0592966	30.8	14.6
CBDDTY010001933.1	1	23998	13	2163	9.01325	0.0901325	28.2	0
CBDDTY010001934.1	1	23965	62	7209	30.0814	0.487377	31	21.7
CBDDTY010001935.1	1	23964	200	9972	41.6124	1.67635	31.8	11
CBDDTY010001936.1	1	23963	23	2535	10.5788	0.157576	28.2	6.43
CBDDTY010001937.1	1	23959	23	2671	11.1482	0.161818	29.9	5.61
CBDDTY010001938.1	1	23959	56	9074	37.873	0.49856	30.5	18
CBDDTY010001939.1	1	23957	38	4701	19.6227	0.260425	31.1	1.32
CBDDTY010001940.1	1	23947	52	7082	29.5736	0.437508	31	22.5
CBDDTY010001941.1	1	23938	72	8675	36.2395	0.564416	29.9	15.2
CBDDTY010001942.1	1	23938	27	4323	18.0592	0.200393	31.4	30.4
CBDDTY010001943.1	1	23936	65	7392	30.8824	0.441552	31.2	19.3
CBDDTY010001944.1	1	23919	34	4275	17.8728	0.261257	31.6	4.18
CBDDTY010001945.1	1	23918	7	930	3.88828	0.0426457	28.4	5.86
CBDDTY010001946.1	1	23911	38	5392	22.5503	0.299151	30.5	21.1
CBDDTY010001947.1	1	23906	51	6042	25.274	0.367146	30.4	19.8
CBDDTY010001948.1	1	23897	36	5617	23.505	0.294179	29.9	30.3
CBDDTY010001949.1	1	23882	53	7148	29.9305	0.410183	29.4	28.2
CBDDTY010001950.1	1	23879	130	8700	36.4337	0.962017	29.7	13.6
CBDDTY010001951.1	1	23865	40	5606	23.4905	0.305217	32	49.4
CBDDTY010001952.1	1	23847	47	5223	21.9021	0.307712	29.5	8.4
CBDDTY010001953.1	1	23843	43	5307	22.2581	0.337877	29.7	21.7
CBDDTY010001954.1	1	23819	46	5834	24.4931	0.384987	30.8	22.9
CBDDTY010001955.1	1	23814	17	2360	9.91014	0.110817	30	3.76
CBDDTY010001956.1	1	23806	41	5564	23.3723	0.287323	30.5	23
CBDDTY010001957.1	1	23791	72	7780	32.7014	0.58581	29.2	2.35
CBDDTY010001958.1	1	23783	23	3855	16.2091	0.194929	32.2	6.35
CBDDTY010001959.1	1	23771	14	1688	7.10109	0.087123	31.1	10
CBDDTY010001960.1	1	23770	58	7466	31.4093	0.414135	30.5	31
CBDDTY010001961.1	1	23763	32	5156	21.6976	0.257459	31.6	35.7
CBDDTY010001962.1	1	23751	47	5894	24.8158	0.367016	31.1	10.6
CBDDTY010001963.1	1	23735	35	5805	24.4576	0.305245	28.9	26.8
CBDDTY010001964.1	1	23713	30	4029	16.9907	0.216927	30.7	7.8
CBDDTY010001965.1	1	23712	10	604	2.54723	0.0892797	27.9	0.8
CBDDTY010001966.1	1	23705	18	2712	11.4406	0.138199	30	18.1
CBDDTY010001967.1	1	23685	55	6723	28.3851	0.408993	30.7	13.9
CBDDTY010001968.1	1	23679	85	8278	34.9592	0.654039	30.1	14.6
CBDDTY010001969.1	1	23678	52	7038	29.7238	0.399949	30.8	21.5
CBDDTY010001970.1	1	23661	44	6517	27.5432	0.360086	30.6	25.9
CBDDTY010001971.1	1	23597	22	3641	15.4299	0.166504	30.2	35.9
CBDDTY010001972.1	1	23589	82	7708	32.6762	0.694943	29.7	2.27
CBDDTY010001973.1	1	23585	52	6913	29.311	0.410049	30.6	35.4
CBDDTY010001974.1	1	23567	18	1581	6.70853	0.0969152	30.5	3.33
CBDDTY010001975.1	1	23562	39	6682	28.3592	0.326415	29.9	31.4
CBDDTY010001976.1	1	23549	69	6373	27.0627	0.579388	28.8	13.8
CBDDTY010001977.1	1	23542	19	2340	9.93968	0.121443	29.5	3.84
CBDDTY010001978.1	1	23527	38	5805	24.6738	0.317508	30	14.1
CBDDTY010001979.1	1	23525	18	2457	10.4442	0.108523	28.2	10.7
CBDDTY010001980.1	1	23513	27	4125	17.5435	0.210352	31	14.9
CBDDTY010001981.1	1	23503	90	10595	45.0794	0.760073	30.5	28.7
CBDDTY010001982.1	1	23490	59	8139	34.6488	0.433929	29.9	33.8
CBDDTY010001983.1	1	23478	37	5703	24.2908	0.314209	30.8	42.5
CBDDTY010001984.1	1	23477	9	1012	4.3106	0.045321	31.5	10.7
CBDDTY010001985.1	1	23461	33	2982	12.7105	0.228933	29.8	2.91
CBDDTY010001986.1	1	23459	35	5171	22.0427	0.301164	29.8	24.6
CBDDTY010001987.1	1	23456	75	7783	33.1813	0.549667	31.3	16.3
CBDDTY010001988.1	1	23436	38	5347	22.8153	0.297448	28.4	13.1
CBDDTY010001989.1	1	23431	37	4584	19.5638	0.298237	30.2	12.9
CBDDTY010001990.1	1	23427	79	8567	36.5689	0.602467	31.1	35.5
CBDDTY010001991.1	1	23426	17	1595	6.80867	0.129087	30.3	13.3
CBDDTY010001992.1	1	23426	40	5040	21.5146	0.316443	29.3	7.3
CBDDTY010001993.1	1	23424	47	5934	25.333	0.366163	30.3	22.7
CBDDTY010001994.1	1	23424	17	2173	9.27681	0.125939	28.9	20.4
CBDDTY010001995.1	1	23406	45	6112	26.113	0.306631	29.8	27.5
CBDDTY010001996.1	1	23396	35	3221	13.7673	0.273423	31.2	13.9
CBDDTY010001997.1	1	23395	33	2678	11.4469	0.240094	30.5	4.09
CBDDTY010001998.1	1	23386	77	6181	26.4303	0.570598	29.5	7.05
CBDDTY010001999.1	1	23384	58	6974	29.8238	0.466729	29.9	25.9
CBDDTY010002000.1	1	23381	47	4946	21.1539	0.352124	29.4	22
CBDDTY010002001.1	1	23364	9	1564	6.69406	0.0798665	29.9	8
CBDDTY010002002.1	1	23327	78	6137	26.3086	0.611952	30.4	11.6
CBDDTY010002003.1	1	23326	46	5956	25.5337	0.328389	28.7	19.5
CBDDTY010002004.1	1	23324	37	5593	23.9796	0.32413	30.2	3.14
CBDDTY010002005.1	1	23306	30	4566	19.5915	0.231872	30.1	4.47
CBDDTY010002006.1	1	23304	37	4478	19.2156	0.287161	31	7.14
CBDDTY010002007.1	1	23298	36	3307	14.1944	0.265173	31	4.72
CBDDTY010002008.1	1	23285	60	6395	27.464	0.43702	28.6	24.4
CBDDTY010002009.1	1	23270	36	5735	24.6455	0.328664	29.4	32.9
CBDDTY010002010.1	1	23268	39	6189	26.5988	0.317475	29	37.7
CBDDTY010002011.1	1	23246	40	3353	14.424	0.25484	31.3	6.05
CBDDTY010002012.1	1	23243	37	5274	22.6907	0.289722	30.9	21.4
CBDDTY010002013.1	1	23241	31	4074	17.5294	0.229637	32.6	29.5
CBDDTY010002014.1	1	23226	36	5562	23.9473	0.292905	31.9	37
CBDDTY010002015.1	1	23220	40	5329	22.95	0.292593	30.1	15.9
CBDDTY010002016.1	1	23210	27	4690	20.2068	0.231969	30.9	40.8
CBDDTY010002017.1	1	23200	31	4761	20.5216	0.214914	28.8	35.5
CBDDTY010002018.1	1	23200	53	6297	27.1422	0.402802	29.2	23.2
CBDDTY010002019.1	1	23194	46	4799	20.6907	0.351729	32.1	11.7
CBDDTY010002020.1	1	23187	46	5979	25.786	0.338422	30	14.5
CBDDTY010002021.1	1	23187	132	12925	55.7424	1.20115	29.6	19.8
CBDDTY010002022.1	1	23184	25	3226	13.9148	0.175682	30	11.8
CBDDTY010002023.1	1	23179	51	7163	30.903	0.398248	31	36.5
CBDDTY010002024.1	1	23166	37	6333	27.3375	0.31857	29.6	44
CBDDTY010002025.1	1	23160	47	6628	28.6183	0.390328	30.9	27.5
CBDDTY010002026.1	1	23133	42	6183	26.7281	0.329011	29	33.4
CBDDTY010002027.1	1	23128	18	2336	10.1003	0.130967	28.1	8.11
CBDDTY010002028.1	1	23127	35	3991	17.2569	0.22865	30.8	10.7
CBDDTY010002029.1	1	23116	44	5870	25.3937	0.340933	31.5	27.2
CBDDTY010002030.1	1	23114	61	6145	26.5856	0.452323	30.9	26.3
CBDDTY010002031.1	1	23099	36	5350	23.1612	0.295467	30.8	42.1
CBDDTY010002032.1	1	23090	35	6255	27.0896	0.336683	31	44.5
CBDDTY010002033.1	1	23074	31	4119	17.8513	0.220205	30.3	18.4
CBDDTY010002034.1	1	23068	68	10093	43.7533	0.560213	29.1	47.3
CBDDTY010002035.1	1	23061	50	4607	19.9775	0.398552	31	8.32
CBDDTY010002036.1	1	23032	69	7226	31.3737	0.520016	29.3	20.8
CBDDTY010002037.1	1	23027	54	7461	32.4011	0.398706	29.8	10.8
CBDDTY010002038.1	1	23009	31	4684	20.3573	0.241036	31.3	23.1
CBDDTY010002039.1	1	22800	11	2270	9.95614	0.101886	29.1	17.5
CBDDTY010002040.1	1	23000	48	5651	24.5696	0.352696	31	4.19
CBDDTY010002041.1	1	23000	26	3590	15.6087	0.220174	31.2	10.9
CBDDTY010002042.1	1	23000	9	732	3.18261	0.0789565	30.1	6.22
CBDDTY010002043.1	1	23000	13	2008	8.73043	0.104261	32.6	28.3
CBDDTY010002044.1	1	23000	50	5689	24.7348	0.358391	30.1	13.7
CBDDTY010002045.1	1	23000	53	6336	27.5478	0.39187	31.3	10.2
CBDDTY010002046.1	1	23000	44	6284	27.3217	0.331174	29.5	28.7
CBDDTY010002047.1	1	23000	2	389	1.6913	0.023	31	0
CBDDTY010002048.1	1	23000	6	1094	4.75652	0.051	28.9	24.3
CBDDTY010002049.1	1	22393	26	4217	18.8318	0.222971	31.7	22.6
CBDDTY010002050.1	1	23000	69	4606	20.0261	0.509826	31	3.2
CBDDTY010002051.1	1	23000	41	3810	16.5652	0.296739	30.9	7.39
CBDDTY010002052.1	1	23000	42	5088	22.1217	0.29787	31.5	10.9
CBDDTY010002053.1	1	23000	22	2285	9.93478	0.144696	29.7	1.09
CBDDTY010002054.1	1	23000	31	3286	14.287	0.23587	29.8	22.4
CBDDTY010002055.1	1	23000	32	5168	22.4696	0.244	29	11.5
CBDDTY010002056.1	1	23000	14	1399	6.08261	0.0994783	32.8	11.4
CBDDTY010002057.1	1	23000	1	86	0.373913	0.00373913	29.2	0
CBDDTY010002058.1	1	23000	46	6132	26.6609	0.366565	29.5	17.8
CBDDTY010002059.1	1	23000	4	438	1.90435	0.0236087	31	21
CBDDTY010002060.1	1	23000	50	4325	18.8043	0.404217	29.3	5.42
CBDDTY010002061.1	1	23000	116	8816	38.3304	0.874565	31.1	12
CBDDTY010002062.1	1	23000	20	2177	9.46522	0.128565	30.1	8.6
CBDDTY010002063.1	1	22800	23	1202	5.27193	0.229254	33.1	8.26
CBDDTY010002064.1	1	23000	30	4957	21.5522	0.23787	29.6	28.4
CBDDTY010002065.1	1	23000	38	4234	18.4087	0.344739	28.3	10.8
CBDDTY010002066.1	1	23000	147	10379	45.1261	1.15048	30.7	23.5
CBDDTY010002067.1	1	23000	50	6700	29.1304	0.388348	29.9	14.1
CBDDTY010002068.1	1	23000	63	4484	19.4957	0.473783	30.6	6.43
CBDDTY010002069.1	1	23000	32	4105	17.8478	0.239522	30	7.84
CBDDTY010002070.1	1	23000	69	6302	27.4	0.590043	31.7	4.17
CBDDTY010002071.1	1	22999	16	2112	9.18301	0.113179	28.1	33.4
CBDDTY010002072.1	1	22989	39	6158	26.7867	0.355387	30.7	37.4
CBDDTY010002073.1	1	22978	15	1247	5.42693	0.145705	31	4
CBDDTY010002074.1	1	22953	37	5552	24.1886	0.283841	29.3	21.3
CBDDTY010002075.1	1	22931	9	1522	6.6373	0.0723911	30	11.2
CBDDTY010002076.1	1	22927	45	6308	27.5134	0.364679	30.8	21.2
CBDDTY010002077.1	1	22927	32	3416	14.8995	0.224059	29.6	5.06
CBDDTY010002078.1	1	22926	27	3459	15.0877	0.165271	31.5	6.81
CBDDTY010002079.1	1	22926	15	2447	10.6735	0.123702	30.8	10.9
CBDDTY010002080.1	1	22898	42	5347	23.3514	0.309241	31.9	11
CBDDTY010002081.1	1	22893	15	2371	10.3569	0.106932	29.5	17.1
CBDDTY010002082.1	1	22893	44	5871	25.6454	0.354126	29.4	17.9
CBDDTY010002083.1	1	22852	33	5369	23.4947	0.282032	29.7	27.2
CBDDTY010002084.1	1	22852	29	4346	19.018	0.248381	29	2.97
CBDDTY010002085.1	1	22834	29	4025	17.6272	0.218052	30.3	10.8
CBDDTY010002086.1	1	22820	106	7756	33.9877	0.835364	30.2	8.47
CBDDTY010002087.1	1	22816	37	5186	22.7297	0.279322	32.5	31.9
CBDDTY010002088.1	1	22803	53	5831	25.5712	0.394816	29.8	2.13
CBDDTY010002089.1	1	22791	38	7159	31.4115	0.358914	30.4	42.4
CBDDTY010002090.1	1	22791	38	5237	22.9784	0.294678	30.3	25.4
CBDDTY010002091.1	1	22776	53	5494	24.1219	0.45065	27.7	17.2
CBDDTY010002092.1	1	22776	65	5707	25.0571	0.545047	29.8	0.815
CBDDTY010002093.1	1	22775	18	2391	10.4984	0.127508	32.3	4.89
CBDDTY010002094.1	1	22773	9	1240	5.44504	0.076538	27.7	42
CBDDTY010002095.1	1	22760	49	8019	35.2329	0.436599	28.2	38.1
CBDDTY010002096.1	1	22756	35	5609	24.6484	0.297152	30.1	24.1
CBDDTY010002097.1	1	22751	68	8967	39.4137	0.573953	29	18.9
CBDDTY010002098.1	1	22751	40	4989	21.9287	0.279197	29.6	12.7
CBDDTY010002099.1	1	22729	66	8390	36.9132	0.496942	30.1	37
CBDDTY010002100.1	1	22725	19	2655	11.6832	0.147283	29.8	20.1
CBDDTY010002101.1	1	22723	82	9011	39.6559	0.649694	30	8.94
CBDDTY010002102.1	1	22715	67	9367	41.2371	0.555756	30	20.4
CBDDTY010002103.1	1	22687	40	3840	16.926	0.297175	26.2	4.88
CBDDTY010002104.1	1	22674	51	5864	25.8622	0.440019	30.8	23.8
CBDDTY010002105.1	1	22644	34	4588	20.2614	0.257066	30	29.4
CBDDTY010002106.1	1	22639	10	1102	4.86771	0.0611334	32.1	6.7
CBDDTY010002107.1	1	22634	54	5856	25.8726	0.430061	30.3	29.5
CBDDTY010002108.1	1	22618	55	4644	20.5323	0.463525	30.6	11.7
CBDDTY010002109.1	1	22610	4	695	3.07386	0.0307386	31.8	2.25
CBDDTY010002110.1	1	22592	29	4167	18.4446	0.219591	30.5	18.8
CBDDTY010002111.1	1	22590	31	3883	17.189	0.219168	31.6	6.84
CBDDTY010002112.1	1	22586	46	4869	21.5576	0.349774	28.6	14.7
CBDDTY010002113.1	1	22578	17	2713	12.0161	0.13491	29.1	19
CBDDTY010002114.1	1	22575	41	4816	21.3333	0.300465	29.2	6.49
CBDDTY010002115.1	1	22573	35	4177	18.5044	0.236965	30.9	8.2
CBDDTY010002116.1	1	22573	42	4422	19.5898	0.319718	30	2.74
CBDDTY010002117.1	1	22558	48	5707	25.2992	0.398307	30.5	11.7
CBDDTY010002118.1	1	22533	48	7143	31.7002	0.407891	30.8	33.3
CBDDTY010002119.1	1	22533	17	2403	10.6644	0.123286	32.2	24.4
CBDDTY010002120.1	1	22524	29	4795	21.2884	0.232064	30	37.6
CBDDTY010002121.1	1	22510	71	9362	41.5904	0.610973	29.9	6.34
CBDDTY010002122.1	1	22498	121	10832	48.1465	1.00044	29.7	18.1
CBDDTY010002123.1	1	22494	28	4044	17.9781	0.231884	29.7	10.3
CBDDTY010002124.1	1	22472	29	2400	10.68	0.22201	30.3	10.2
CBDDTY010002125.1	1	22451	68	7750	34.5196	0.537348	30	16.1
CBDDTY010002126.1	1	22448	17	2611	11.6313	0.149546	32.2	26.6
CBDDTY010002127.1	1	22447	54	7181	31.9909	0.454716	29.3	12.2
CBDDTY010002128.1	1	22446	59	7219	32.1616	0.498797	29.1	38.5
CBDDTY010002129.1	1	22444	52	5912	26.3411	0.420736	30.3	27.7
CBDDTY010002130.1	1	22442	48	4985	22.2128	0.32965	30.3	17.4
CBDDTY010002131.1	1	22416	28	3748	16.7202	0.218237	31.1	4.43
CBDDTY010002132.1	1	22402	53	5122	22.864	0.432327	32.6	25.1
CBDDTY010002133.1	1	22394	97	5530	24.6941	0.806868	30.4	7.54
CBDDTY010002134.1	1	22384	36	4956	22.1408	0.321971	31.5	24.6
CBDDTY010002135.1	1	22352	91	9715	43.4637	0.745705	29.9	22.9
CBDDTY010002136.1	1	22314	30	4538	20.337	0.23725	32.2	32.1
CBDDTY010002137.1	1	22310	68	7747	34.7243	0.555177	31.4	25.6
CBDDTY010002138.1	1	22307	13	1602	7.1816	0.0945443	30.9	0.385
CBDDTY010002139.1	1	22307	34	4998	22.4055	0.270184	29.1	32.1
CBDDTY010002140.1	1	22305	62	6178	27.6978	0.476306	29.6	5.89
CBDDTY010002141.1	1	22298	39	6515	29.2179	0.338775	30.3	40.1
CBDDTY010002142.1	1	22296	19	3075	13.7917	0.152359	30.6	10.7
CBDDTY010002143.1	1	22295	8	1094	4.90693	0.0490693	29.7	0.125
CBDDTY010002144.1	1	22294	31	3990	17.8972	0.206692	31.4	35.8
CBDDTY010002145.1	1	22292	93	5587	25.0628	0.76606	30	2.91
CBDDTY010002146.1	1	22285	43	4348	19.5109	0.321786	30.3	10
CBDDTY010002147.1	1	22282	37	4546	20.4021	0.309712	30.5	24.7
CBDDTY010002148.1	1	22276	44	7223	32.425	0.376998	31.1	40.5
CBDDTY010002149.1	1	22256	25	2767	12.4326	0.192038	29	17.3
CBDDTY010002150.1	1	22249	40	5392	24.2348	0.310396	30.3	33.7
CBDDTY010002151.1	1	22234	32	4102	18.4492	0.249168	32	23.3
CBDDTY010002152.1	1	22231	27	3963	17.8265	0.217804	28.2	13.8
CBDDTY010002153.1	1	22216	11	1589	7.1525	0.0890799	30.6	11
CBDDTY010002154.1	1	22216	35	4818	21.6871	0.266835	29.6	20.7
CBDDTY010002155.1	1	22211	43	6302	28.3733	0.348836	31	36.1
CBDDTY010002156.1	1	22198	40	5115	23.0426	0.337913	29.5	6.05
CBDDTY010002157.1	1	22183	16	2430	10.9543	0.138034	30.1	20.7
CBDDTY010002158.1	1	22166	18	2707	12.2124	0.147162	30.6	2.22
CBDDTY010002159.1	1	22154	26	3551	16.0287	0.185384	30.3	19.2
CBDDTY010002160.1	1	22139	49	5538	25.0147	0.366096	30.3	9.55
CBDDTY010002161.1	1	22136	40	4729	21.3634	0.339718	31.2	26.4
CBDDTY010002162.1	1	22099	34	4392	19.8742	0.252545	29.3	20
CBDDTY010002163.1	1	22095	51	4753	21.5117	0.44286	30.6	37.7
CBDDTY010002164.1	1	22059	28	4424	20.0553	0.238315	31.1	7.54
CBDDTY010002165.1	1	22055	30	2846	12.9041	0.235139	30.8	3.5
CBDDTY010002166.1	1	22052	26	3595	16.3024	0.199302	31.6	16.2
CBDDTY010002167.1	1	22046	26	3746	16.9917	0.222761	31.8	5.77
CBDDTY010002168.1	1	22044	47	4375	19.8467	0.370668	29.7	14
CBDDTY010002169.1	1	22035	35	5355	24.3022	0.299206	30.8	24.1
CBDDTY010002170.1	1	22011	20	2196	9.97683	0.123438	32	4.7
CBDDTY010002171.1	1	22004	17	2317	10.5299	0.16547	31.2	12.3
CBDDTY010002172.1	1	22003	28	3665	16.6568	0.214244	30.5	16.1
CBDDTY010002173.1	1	22000	23	3014	13.7	0.181727	30.3	5.91
CBDDTY010002174.1	1	22000	13	2066	9.39091	0.105545	30	5.54
CBDDTY010002175.1	1	22000	23	3109	14.1318	0.183591	30.7	10.3
CBDDTY010002176.1	1	22000	30	4144	18.8364	0.262409	31.1	15.4
CBDDTY010002177.1	1	22000	19	2942	13.3727	0.157136	30	18.8
CBDDTY010002178.1	1	22000	52	6848	31.1273	0.443955	31.9	26
CBDDTY010002179.1	1	22000	75	8150	37.0455	0.566318	30.3	23.9
CBDDTY010002180.1	1	22000	54	6434	29.2455	0.450273	31.3	10.3
CBDDTY010002181.1	1	22000	20	2809	12.7682	0.174773	30.4	8.05
CBDDTY010002182.1	1	21777	13	2130	9.78096	0.109932	32.1	6.31
CBDDTY010002183.1	1	22000	5	795	3.61364	0.0523182	33.5	3
CBDDTY010002184.1	1	22000	32	4738	21.5364	0.266727	31	6.03
CBDDTY010002185.1	1	22000	28	3576	16.2545	0.194091	28.8	9.39
CBDDTY010002186.1	1	22000	30	5036	22.8909	0.270227	28.1	26.8
CBDDTY010002187.1	1	22000	24	2826	12.8455	0.181909	30.6	6.33
CBDDTY010002188.1	1	22000	37	5504	25.0182	0.328727	30.9	24.6
CBDDTY010002189.1	1	22000	63	7676	34.8909	0.531682	29	31.9
CBDDTY010002190.1	1	22000	31	4070	18.5	0.249409	31.4	7.87
CBDDTY010002191.1	1	22000	112	12141	55.1864	1.00291	30.3	27
CBDDTY010002192.1	1	22000	62	9732	44.2364	0.579545	31.6	27.7
CBDDTY010002193.1	1	22000	56	6388	29.0364	0.460045	28.5	11.4
CBDDTY010002194.1	1	22000	46	5922	26.9182	0.360545	30.2	16.5
CBDDTY010002195.1	1	22000	6	585	2.65909	0.0325	31.8	8.5
CBDDTY010002196.1	1	22000	1	172	0.781818	0.00781818	28.5	1
CBDDTY010002197.1	1	22000	30	3395	15.4318	0.224273	31.2	29.7
CBDDTY010002198.1	1	22000	51	7349	33.4045	0.443273	30.7	26.8
CBDDTY010002199.1	1	22000	2	423	1.92273	0.0192273	34.1	60
CBDDTY010002200.1	1	21800	29	3496	16.0367	0.213991	31.4	6.07
CBDDTY010002201.1	1	22000	17	2630	11.9545	0.14	30.6	4.18
CBDDTY010002202.1	1	22000	52	5987	27.2136	0.440045	29.4	9.27
CBDDTY010002203.1	1	22000	27	4536	20.6182	0.252	28.8	35.7
CBDDTY010002204.1	1	22000	12	1864	8.47273	0.0991364	32.3	11.3
CBDDTY010002205.1	1	22000	1	211	0.959091	0.00959091	32.4	0
CBDDTY010002206.1	1	22000	45	5570	25.3182	0.390682	29.2	10.4
CBDDTY010002207.1	1	21998	20	2539	11.542	0.146195	29.7	23.8
CBDDTY010002208.1	1	21996	33	4166	18.9398	0.260138	29.4	14.9
CBDDTY010002209.1	1	21994	23	2721	12.3716	0.174457	31.5	19.3
CBDDTY010002210.1	1	21960	38	3400	15.4827	0.330191	29.4	4.87
CBDDTY010002211.1	1	21951	50	5199	23.6846	0.419252	31.1	4.94
CBDDTY010002212.1	1	21950	49	4666	21.2574	0.395308	28.8	6.33
CBDDTY010002213.1	1	21946	43	5153	23.4804	0.370272	31.4	7.23
CBDDTY010002214.1	1	21917	38	3621	16.5214	0.278825	29.4	9.45
CBDDTY010002215.1	1	21885	48	6024	27.5257	0.408362	29.3	25
CBDDTY010002216.1	1	21851	55	6156	28.1726	0.449911	30	29.5
CBDDTY010002217.1	1	21847	26	3594	16.4508	0.214309	30	9.81
CBDDTY010002218.1	1	21840	40	5479	25.087	0.361493	30.4	27.1
CBDDTY010002219.1	1	21830	77	7104	32.5424	0.64219	31.4	21.7
CBDDTY010002220.1	1	21805	36	4955	22.7241	0.316716	29.3	15
CBDDTY010002221.1	1	21805	14	2033	9.32355	0.110066	30.5	10.9
CBDDTY010002222.1	1	21795	76	7796	35.7697	0.637715	29.4	27.1
CBDDTY010002223.1	1	21791	42	6484	29.7554	0.350787	32	10.2
CBDDTY010002224.1	1	21782	12	1537	7.05629	0.0916353	23.3	1.67
CBDDTY010002225.1	1	21777	43	5243	24.0759	0.346972	30.2	4.88
CBDDTY010002226.1	1	21771	43	5343	24.5418	0.330302	30.9	32.1
CBDDTY010002227.1	1	21764	17	2131	9.7914	0.114087	31.8	0.824
CBDDTY010002228.1	1	21750	42	5817	26.7448	0.341471	30.3	28.2
CBDDTY010002229.1	1	21748	61	7710	35.4515	0.529888	29.6	15.8
CBDDTY010002230.1	1	21738	146	8491	39.0606	1.24413	30.7	8.04
CBDDTY010002231.1	1	21719	50	5734	26.4008	0.399788	30.5	24
CBDDTY010002232.1	1	21702	42	4876	22.468	0.361994	30.8	36
CBDDTY010002233.1	1	21699	44	6440	29.6788	0.359233	30.5	21.7
CBDDTY010002234.1	1	21693	34	4025	18.5544	0.2469	31.3	13
CBDDTY010002235.1	1	21691	48	7797	35.9458	0.453137	29.8	34.1
CBDDTY010002236.1	1	21686	37	5573	25.6986	0.320253	31	29.6
CBDDTY010002237.1	1	21662	46	5921	27.3336	0.385468	28.5	21.7
CBDDTY010002238.1	1	21661	24	3179	14.6761	0.176908	27.5	12
CBDDTY010002239.1	1	21659	25	2957	13.6525	0.203888	29.9	16.9
CBDDTY010002240.1	1	21644	20	3447	15.9259	0.183654	30.3	29.6
CBDDTY010002241.1	1	21634	32	5109	23.6156	0.26634	30.8	28.1
CBDDTY010002242.1	1	21633	17	2185	10.1003	0.123515	29.7	0.941
CBDDTY010002243.1	1	21633	37	5256	24.2962	0.31096	30.6	33.5
CBDDTY010002244.1	1	21632	26	4283	19.7994	0.228504	29.5	19.3
CBDDTY010002245.1	1	21620	54	6287	29.0796	0.446346	29.7	23.2
CBDDTY010002246.1	1	21613	18	2327	10.7667	0.157081	29.5	26.8
CBDDTY010002247.1	1	21604	31	3812	17.6449	0.242872	30.4	21.9
CBDDTY010002248.1	1	21604	42	5642	26.1155	0.349565	30.1	20.1
CBDDTY010002249.1	1	21601	73	10852	50.2384	0.657284	29.6	34.8
CBDDTY010002250.1	1	21597	57	7247	33.5556	0.494421	32	23.6
CBDDTY010002251.1	1	21580	43	5987	27.7433	0.342817	29.4	20.4
CBDDTY010002252.1	1	21567	57	8156	37.817	0.517318	30.2	34.8
CBDDTY010002253.1	1	21557	42	5765	26.7431	0.367537	30	39.4
CBDDTY010002254.1	1	21532	17	1804	8.37823	0.123398	30.5	6
CBDDTY010002255.1	1	21529	41	3525	16.3733	0.29091	30	17.6
CBDDTY010002256.1	1	21501	46	6796	31.6078	0.391656	30.4	25.4
CBDDTY010002257.1	1	21499	10	1447	6.73055	0.0677241	30.4	8.6
CBDDTY010002258.1	1	21490	78	6166	28.6924	0.782224	31.6	9.19
CBDDTY010002259.1	1	21488	46	6122	28.4903	0.346891	30.1	9.57
CBDDTY010002260.1	1	21487	25	3454	16.0748	0.183134	32.4	25.3
CBDDTY010002261.1	1	21483	37	5832	27.147	0.331983	30.1	36.8
CBDDTY010002262.1	1	21474	71	7083	32.9841	0.61777	29.3	24.5
CBDDTY010002263.1	1	21468	25	3193	14.8733	0.189258	30.5	15.5
CBDDTY010002264.1	1	21462	68	7272	33.8831	0.61737	29.6	12.5
CBDDTY010002265.1	1	21458	18	1998	9.31121	0.127365	27.5	14.4
CBDDTY010002266.1	1	21451	22	2796	13.0344	0.164002	29.9	29.6
CBDDTY010002267.1	1	21449	48	6082	28.3556	0.438062	28.8	6.35
CBDDTY010002268.1	1	21448	62	8373	39.0386	0.549095	30.3	26.1
CBDDTY010002269.1	1	21443	51	7262	33.8665	0.400084	31.1	25.2
CBDDTY010002270.1	1	21427	60	8368	39.0535	0.513184	30.7	26.4
CBDDTY010002271.1	1	21418	36	4689	21.8928	0.294659	30.1	24
CBDDTY010002272.1	1	21418	73	7767	36.2639	0.638622	30	9.4
CBDDTY010002273.1	1	21409	33	4189	19.5665	0.235882	29.8	7.64
CBDDTY010002274.1	1	21385	43	4798	22.4363	0.333552	29.5	14.6
CBDDTY010002275.1	1	21373	34	5761	26.9546	0.324709	28.8	40.9
CBDDTY010002276.1	1	21364	27	3711	17.3703	0.232822	30.5	15.1
CBDDTY010002277.1	1	21361	33	5278	24.7086	0.333973	30.9	20.8
CBDDTY010002278.1	1	21359	1	117	0.547778	0.00547778	37.3	12
CBDDTY010002279.1	1	21341	32	4266	19.9897	0.263577	30.7	30.3
CBDDTY010002280.1	1	21332	35	4751	22.2717	0.321301	30.4	36.3
CBDDTY010002281.1	1	21322	37	5157	24.1863	0.295469	30.2	36.5
CBDDTY010002282.1	1	21317	37	4237	19.8762	0.350425	31.7	5.11
CBDDTY010002283.1	1	21315	33	3990	18.7192	0.285667	28.9	6.7
CBDDTY010002284.1	1	21284	26	3132	14.7153	0.19066	31.5	13
CBDDTY010002285.1	1	21269	31	4017	18.8866	0.234426	29.4	20.6
CBDDTY010002286.1	1	21265	28	4196	19.732	0.214578	30	37.1
CBDDTY010002287.1	1	21253	24	3195	15.0332	0.203642	30.7	26.9
CBDDTY010002288.1	1	21251	29	4480	21.0814	0.260129	30.3	16.3
CBDDTY010002289.1	1	21219	26	3692	17.3995	0.203968	30.1	10.3
CBDDTY010002290.1	1	21214	44	7212	33.9964	0.379136	31.6	39.5
CBDDTY010002291.1	1	21200	32	4058	19.1415	0.252311	32.2	21.4
CBDDTY010002292.1	1	21175	50	4851	22.9091	0.408784	30.1	18.2
CBDDTY010002293.1	1	21159	18	2236	10.5676	0.149487	28.9	9.89
CBDDTY010002294.1	1	21158	46	6709	31.709	0.416769	30.5	25.6
CBDDTY010002295.1	1	21144	55	6565	31.049	0.488507	31.3	22.5
CBDDTY010002296.1	1	21142	27	3763	17.7987	0.241841	31.2	30.7
CBDDTY010002297.1	1	21134	29	3693	17.4742	0.271269	28.2	0.724
CBDDTY010002298.1	1	21132	21	2835	13.4157	0.183135	30.2	0.619
CBDDTY010002299.1	1	21131	28	3370	15.9481	0.231745	28.8	13.2
CBDDTY010002300.1	1	21122	84	6638	31.4269	0.721333	30.5	6.42
CBDDTY010002301.1	1	21119	36	3508	16.6106	0.310905	30.4	13.2
CBDDTY010002302.1	1	21116	25	3918	18.5547	0.216139	30.5	17.8
CBDDTY010002303.1	1	21078	40	7168	34.007	0.430591	28.8	40.2
CBDDTY010002304.1	1	21073	27	2949	13.9942	0.220756	32.5	7.59
CBDDTY010002305.1	1	21070	28	4430	21.0252	0.237257	29.6	23.1
CBDDTY010002306.1	1	21061	40	5073	24.0872	0.328902	31.7	8.57
CBDDTY010002307.1	1	21061	18	2880	13.6746	0.155881	30.2	33.8
CBDDTY010002308.1	1	21044	48	5696	27.0671	0.420833	30.5	23.8
CBDDTY010002309.1	1	21043	31	4108	19.5219	0.272157	31.2	22.5
CBDDTY010002310.1	1	21040	32	4157	19.7576	0.262357	30	16.7
CBDDTY010002311.1	1	21039	24	3532	16.7879	0.235515	29.2	20.2
CBDDTY010002312.1	1	21029	45	5600	26.6299	0.380807	29.4	27.3
CBDDTY010002313.1	1	21019	168	13477	64.1182	1.48818	29.8	34.1
CBDDTY010002314.1	1	21002	58	7394	35.2062	0.485001	30.3	26.8
CBDDTY010002315.1	1	21000	35	4722	22.4857	0.29719	30.3	10.9
CBDDTY010002316.1	1	21000	15	1841	8.76667	0.110476	29.8	7.07
CBDDTY010002317.1	1	21000	71	8843	42.1095	0.607238	30.4	36.6
CBDDTY010002318.1	1	21000	110	12520	59.619	0.987476	30.2	5.35
CBDDTY010002319.1	1	21000	33	3804	18.1143	0.276905	31.3	11
CBDDTY010002320.1	1	20800	17	2789	13.4087	0.16149	29	18.7
CBDDTY010002321.1	1	21000	13	1581	7.52857	0.0869048	30.6	2.77
CBDDTY010002323.1	1	20873	26	3361	16.1021	0.206966	29.3	2.31
CBDDTY010002324.1	1	21000	25	3141	14.9571	0.200048	30.4	6.52
CBDDTY010002325.1	1	21000	75	7624	36.3048	0.664381	29	16.2
CBDDTY010002326.1	1	21000	19	1229	5.85238	0.152714	32.7	12.8
CBDDTY010002327.1	1	21000	62	7571	36.0524	0.520905	30.9	26.5
CBDDTY010002328.1	1	21000	24	3673	17.4905	0.199429	29.9	21
CBDDTY010002330.1	1	21000	69	6615	31.5	0.58619	30.5	13.1
CBDDTY010002331.1	1	20800	47	5129	24.6587	0.40976	29.7	17.1
CBDDTY010002332.1	1	21000	4	569	2.70952	0.038381	30.6	13.5
CBDDTY010002333.1	1	21000	137	10077	47.9857	1.266	29.7	23.6
CBDDTY010002334.1	1	21000	2	263	1.25238	0.0155714	23.2	0.5
CBDDTY010002335.1	1	20800	20	3490	16.7788	0.210385	29.9	29.5
CBDDTY010002336.1	1	21000	3	522	2.48571	0.0248571	28.8	60
CBDDTY010002337.1	1	21000	23	3705	17.6429	0.18719	29.9	31.1
CBDDTY010002338.1	1	20800	4	786	3.77885	0.0427885	28.5	15.5
CBDDTY010002339.1	1	21000	34	3708	17.6571	0.247	30.7	5.53
CBDDTY010002340.1	1	21000	5	533	2.5381	0.0385238	32.4	31
CBDDTY010002341.1	1	21000	52	3680	17.5238	0.597	29.4	5.12
CBDDTY010002342.1	1	21000	7	749	3.56667	0.0524286	27	11.1
CBDDTY010002343.1	1	21000	38	4157	19.7952	0.323714	30.4	12.4
CBDDTY010002344.1	1	21000	1	216	1.02857	0.0102857	23.7	8
CBDDTY010002345.1	1	21000	13	1592	7.58095	0.134619	27.8	6.85
CBDDTY010002346.1	1	21000	45	5532	26.3429	0.384286	30.3	14.5
CBDDTY010002347.1	1	21000	47	6035	28.7381	0.380667	29.6	36.1
CBDDTY010002348.1	1	21000	18	2152	10.2476	0.131476	30.1	6.06
CBDDTY010002349.1	1	21000	40	4472	21.2952	0.314238	30.3	21.6
CBDDTY010002350.1	1	20993	32	4535	21.6024	0.273758	30.9	30.2
CBDDTY010002351.1	1	20943	12	1759	8.39899	0.0983145	29.8	31.8
CBDDTY010002352.1	1	20914	16	2159	10.3232	0.142297	31.4	9.56
CBDDTY010002353.1	1	20909	26	2404	11.4974	0.178536	30	4.08
CBDDTY010002354.1	1	20897	61	9631	46.088	0.576016	30.4	29
CBDDTY010002355.1	1	20896	31	4339	20.7647	0.276704	30.6	39.9
CBDDTY010002356.1	1	20893	70	7912	37.8691	0.681999	29.4	31.9
CBDDTY010002357.1	1	20879	80	8374	40.1073	0.722592	29	6.62
CBDDTY010002358.1	1	20874	51	6094	29.1942	0.402846	30.1	30.5
CBDDTY010002359.1	1	20838	65	7438	35.6944	0.553604	29.6	10.9
CBDDTY010002360.1	1	20831	36	4228	20.2967	0.281888	30.8	35
CBDDTY010002361.1	1	20829	18	2815	13.5148	0.148255	28.7	9.83
CBDDTY010002362.1	1	20824	31	5032	24.1644	0.288273	30.9	20.4
CBDDTY010002363.1	1	20824	64	7669	36.8277	0.5631	30.6	16.8
CBDDTY010002364.1	1	20807	66	6405	30.7829	0.525929	29.3	6.21
CBDDTY010002365.1	1	20787	17	2670	12.8446	0.14485	30.3	5.82
CBDDTY010002366.1	1	20785	3	900	4.33005	0.0433005	31.7	28
CBDDTY010002367.1	1	20773	44	4471	21.5231	0.324893	29.5	4.09
CBDDTY010002368.1	1	20758	26	4012	19.3275	0.248242	29.9	20.7
CBDDTY010002369.1	1	20733	38	4786	23.084	0.337288	29.3	11.6
CBDDTY010002370.1	1	20732	61	7999	38.5829	0.587449	30.9	26.5
CBDDTY010002371.1	1	20730	39	5643	27.2214	0.337144	31.6	8.59
CBDDTY010002372.1	1	20712	57	7110	34.3279	0.520423	29.9	22.8
CBDDTY010002373.1	1	20697	15	2335	11.2818	0.136058	32.4	32.9
CBDDTY010002374.1	1	20695	22	3413	16.4919	0.185697	29.8	1.68
CBDDTY010002375.1	1	20671	25	3430	16.5933	0.223502	29.5	9.12
CBDDTY010002376.1	1	20664	37	5588	27.0422	0.315767	29.8	29.4
CBDDTY010002377.1	1	20658	17	1938	9.38135	0.107029	30.3	1.76
CBDDTY010002378.1	1	20655	28	3724	18.0295	0.235343	29.4	22.1
CBDDTY010002379.1	1	20654	32	4080	19.754	0.27554	28.9	22.2
CBDDTY010002380.1	1	20628	40	5075	24.6025	0.390586	29.4	20.6
CBDDTY010002381.1	1	20624	12	1613	7.82099	0.105314	32.8	2.92
CBDDTY010002382.1	1	20623	38	5757	27.9154	0.344276	28.5	29.8
CBDDTY010002383.1	1	20605	68	8299	40.2766	0.58481	30.6	20.1
CBDDTY010002384.1	1	20604	34	5033	24.4273	0.315327	30.8	35.3
CBDDTY010002385.1	1	20597	36	3867	18.7746	0.269845	30.5	3.03
CBDDTY010002386.1	1	20596	53	6508	31.5984	0.487862	29.3	10.1
CBDDTY010002387.1	1	20586	24	3265	15.8603	0.207034	31.2	1.79
CBDDTY010002388.1	1	20582	73	7337	35.6477	0.62681	31	16
CBDDTY010002389.1	1	20582	24	3771	18.3218	0.215431	28.3	8.33
CBDDTY010002390.1	1	20574	29	3396	16.5063	0.226062	30.3	18.2
CBDDTY010002391.1	1	20573	27	4443	21.5963	0.24571	30.6	39.2
CBDDTY010002392.1	1	20569	53	7551	36.7106	0.522874	30.2	34.2
CBDDTY010002393.1	1	20567	25	3779	18.3741	0.205523	29.3	37.6
CBDDTY010002394.1	1	20565	21	2945	14.3204	0.168782	31.9	7.1
CBDDTY010002395.1	1	20557	24	2612	12.7061	0.177652	30.2	2.25
CBDDTY010002396.1	1	20551	31	4070	19.8044	0.280278	29.8	16.8
CBDDTY010002397.1	1	20550	41	5939	28.9002	0.385888	30.5	30
CBDDTY010002398.1	1	20537	21	2928	14.2572	0.19331	30.8	14.6
CBDDTY010002399.1	1	20525	49	5768	28.1023	0.452911	28.5	22.9
CBDDTY010002400.1	1	20504	46	5543	27.0337	0.400068	30.1	30.7
CBDDTY010002401.1	1	20472	30	3179	15.5285	0.273837	29.1	9.83
CBDDTY010002402.1	1	20464	26	3961	19.3559	0.25518	31.2	6.23
CBDDTY010002403.1	1	20455	118	8951	43.7595	1.04151	30.4	17.4
CBDDTY010002404.1	1	20447	153	7574	37.0421	1.46217	28.6	14.9
CBDDTY010002405.1	1	20439	13	1885	9.22256	0.108127	28.7	14.9
CBDDTY010002406.1	1	20428	29	3842	18.8075	0.246329	29.2	26.1
CBDDTY010002407.1	1	20416	22	2938	14.3907	0.174765	29	31.9
CBDDTY010002408.1	1	20416	30	3959	19.3917	0.238832	31	35.2
CBDDTY010002409.1	1	20410	38	5059	24.7869	0.352278	30.8	19.6
CBDDTY010002410.1	1	20373	44	5694	27.9488	0.353802	29.9	27.7
CBDDTY010002411.1	1	20371	25	3372	16.5529	0.244171	31	12.4
CBDDTY010002412.1	1	20366	65	8180	40.165	0.540558	31.1	29.6
CBDDTY010002413.1	1	20357	54	4216	20.7103	0.476396	30.5	8.13
CBDDTY010002414.1	1	20356	22	2615	12.8463	0.183435	31.8	33.1
CBDDTY010002415.1	1	20332	14	1956	9.6203	0.113368	27.1	11.1
CBDDTY010002416.1	1	20326	74	6768	33.2973	0.733691	30.2	2.93
CBDDTY010002417.1	1	20321	43	5443	26.7851	0.363073	29.7	17.7
CBDDTY010002418.1	1	20308	91	7321	36.0498	0.877093	29.3	20.2
CBDDTY010002419.1	1	20294	38	6170	30.4031	0.381295	31.5	42.9
CBDDTY010002420.1	1	20292	43	5059	24.931	0.377932	29.7	16.4
CBDDTY010002421.1	1	20285	48	5607	27.6411	0.417501	29.6	15.7
CBDDTY010002422.1	1	20277	33	4904	24.185	0.287567	30.9	45.8
CBDDTY010002423.1	1	20248	23	2792	13.789	0.177746	28.6	7.35
CBDDTY010002424.1	1	20247	33	3948	19.4992	0.278263	29.6	19.2
CBDDTY010002425.1	1	20243	37	4202	20.7578	0.308502	29.9	10.9
CBDDTY010002426.1	1	20241	114	10438	51.5686	0.986266	31	27.7
CBDDTY010002427.1	1	20240	25	3549	17.5346	0.225346	30.7	41.6
CBDDTY010002428.1	1	20232	40	4315	21.3276	0.317813	30.2	23.5
CBDDTY010002429.1	1	20226	43	6586	32.562	0.365371	29.8	35.6
CBDDTY010002430.1	1	20223	17	2602	12.8665	0.163378	31.6	30.6
CBDDTY010002431.1	1	20200	33	3560	17.6238	0.287376	29	20.9
CBDDTY010002432.1	1	20196	11	1688	8.35809	0.0997227	33.3	7.27
CBDDTY010002433.1	1	20188	17	1823	9.03012	0.132059	29	2.12
CBDDTY010002434.1	1	20172	69	6145	30.463	0.652935	30	15.5
CBDDTY010002435.1	1	20160	22	3103	15.3919	0.176042	29.8	5.68
CBDDTY010002436.1	1	20157	31	4513	22.3892	0.279307	31.8	29.5
CBDDTY010002437.1	1	20151	53	5595	27.7654	0.471689	30.6	18.6
CBDDTY010002438.1	1	20149	39	5315	26.3785	0.343441	30.6	33.3
CBDDTY010002439.1	1	20148	12	1266	6.2835	0.0971312	32.4	0.25
CBDDTY010002440.1	1	20147	31	5167	25.6465	0.292401	29.9	25.9
CBDDTY010002441.1	1	20144	46	7175	35.6185	0.426777	30.6	37.5
CBDDTY010002442.1	1	20129	59	5561	27.6268	0.460778	31.2	15.1
CBDDTY010002443.1	1	20129	31	4251	21.1188	0.241095	29.8	8.1
CBDDTY010002444.1	1	20125	27	3294	16.3677	0.240099	29.9	16.8
CBDDTY010002445.1	1	20109	36	4853	24.1335	0.339748	27.6	18.7
CBDDTY010002446.1	1	20103	11	1897	9.4364	0.115008	29.3	6.91
CBDDTY010002447.1	1	20082	33	5409	26.9346	0.324171	31.8	30.4
CBDDTY010002448.1	1	20080	14	1850	9.21315	0.120468	32.3	0.0714
CBDDTY010002449.1	1	20070	28	4359	21.719	0.290533	30.4	33.5
CBDDTY010002450.1	1	20060	92	9745	48.5793	0.826022	30.3	28.2
CBDDTY010002451.1	1	20044	20	3380	16.8629	0.186939	30.5	36.2
CBDDTY010002452.1	1	20034	6	484	2.41589	0.0420785	25.8	7
CBDDTY010002453.1	1	20019	36	4164	20.8002	0.302513	31.1	24.8
CBDDTY010002454.1	1	20000	14	1610	8.05	0.1552	30.4	3.5
CBDDTY010002455.1	1	20000	20	3083	15.415	0.17655	31	15.8
CBDDTY010002456.1	1	19800	28	4274	21.5859	0.25803	30.1	24.5
CBDDTY010002458.1	1	20000	2	250	1.25	0.0125	25.9	5
CBDDTY010002459.1	1	20000	84	5355	26.775	0.85775	30.6	7.76
CBDDTY010002460.1	1	20000	22	3120	15.6	0.22115	29.4	14.6
CBDDTY010002461.1	1	20000	27	3173	15.865	0.20175	30.5	16.9
CBDDTY010002462.1	1	20000	43	6469	32.345	0.39975	30.2	21.5
CBDDTY010002463.1	1	20000	40	5647	28.235	0.39785	29.6	35.8
CBDDTY010002464.1	1	20000	24	1923	9.615	0.2044	31	5.75
CBDDTY010002465.1	1	20000	9	1291	6.455	0.07635	31.3	10.3
CBDDTY010002466.1	1	20000	14	2167	10.835	0.1173	32.1	34.5
CBDDTY010002467.1	1	20000	56	6002	30.01	0.4838	29.7	16.4
CBDDTY010002468.1	1	20000	1	221	1.105	0.01105	22.4	0
CBDDTY010002469.1	1	20000	34	4884	24.42	0.31965	31	15.1
CBDDTY010002470.1	1	20000	48	6284	31.42	0.4019	29.5	36.3
CBDDTY010002471.1	1	20000	1	142	0.71	0.0071	26.8	0
CBDDTY010002472.1	1	20000	1	204	1.02	0.0102	23.5	1
CBDDTY010002473.1	1	20000	18	2034	10.17	0.14995	30.6	7.67
CBDDTY010002474.1	1	20000	45	6182	30.91	0.3902	30.5	34.1
CBDDTY010002475.1	1	19800	22	3026	15.2828	0.184343	30.8	11.6
CBDDTY010002476.1	1	20000	18	2384	11.92	0.1575	31.4	1.06
CBDDTY010002477.1	1	20000	27	3804	19.02	0.2303	30.1	30.7
CBDDTY010002478.1	1	20000	43	6069	30.345	0.42825	29.2	2.35
CBDDTY010002479.1	1	19800	30	3787	19.1263	0.291667	31.1	9.93
CBDDTY010002480.1	1	20000	82	7869	39.345	0.70645	29.6	14.5
CBDDTY010002481.1	1	20000	53	6174	30.87	0.51265	29.3	20.9
CBDDTY010002482.1	1	19979	22	2564	12.8335	0.170079	30.6	12.1
CBDDTY010002483.1	1	19975	21	2870	14.368	0.18388	30.3	16
CBDDTY010002484.1	1	19967	38	4901	24.5455	0.342665	30.7	17.6
CBDDTY010002485.1	1	19967	42	4231	21.19	0.324135	30.1	9.95
CBDDTY010002486.1	1	19963	40	4123	20.6532	0.366779	29.1	17.9
CBDDTY010002487.1	1	19950	31	3791	19.0025	0.282957	31.6	15.5
CBDDTY010002488.1	1	19948	21	3479	17.4403	0.198215	31.8	16
CBDDTY010002489.1	1	19947	31	4032	20.2136	0.279842	31.4	24.6
CBDDTY010002490.1	1	19945	25	3441	17.2524	0.208925	30.9	0.2
CBDDTY010002491.1	1	19925	46	3439	17.2597	0.461029	31.3	7.7
CBDDTY010002492.1	1	19924	109	8605	43.1891	0.984943	28.8	22.8
CBDDTY010002493.1	1	19914	18	3434	17.2441	0.189013	29.7	32.9
CBDDTY010002494.1	1	19912	103	5099	25.6077	0.951587	29.4	7.45
CBDDTY010002495.1	1	19908	51	6090	30.5907	0.463582	32.8	16.7
CBDDTY010002496.1	1	19895	19	2742	13.7824	0.158482	29.8	13.5
CBDDTY010002497.1	1	19889	49	4716	23.7116	0.471014	29	21.6
CBDDTY010002498.1	1	19885	38	4049	20.3621	0.30611	29.2	4.24
CBDDTY010002499.1	1	19885	13	1999	10.0528	0.102841	30.2	25.4
CBDDTY010002500.1	1	19884	57	4846	24.3714	0.483253	30.8	20.8
CBDDTY010002501.1	1	19881	38	5494	27.6344	0.359237	28.7	2.13
CBDDTY010002502.1	1	19869	33	5222	26.2821	0.339625	31.6	38.3
CBDDTY010002503.1	1	19860	28	3567	17.9607	0.212387	29.1	31.7
CBDDTY010002504.1	1	19858	19	1883	9.48232	0.165576	31	2.58
CBDDTY010002505.1	1	19858	49	6138	30.9095	0.485094	29.3	11.2
CBDDTY010002506.1	1	19852	16	3080	15.5148	0.168447	31.1	40.9
CBDDTY010002507.1	1	19850	19	2775	13.9798	0.174106	30.8	15.2
CBDDTY010002508.1	1	19848	48	5425	27.3327	0.435258	30.9	13.8
CBDDTY010002509.1	1	19846	27	2954	14.8846	0.216769	31.2	11.1
CBDDTY010002510.1	1	19844	53	5569	28.0639	0.462608	30.3	14
CBDDTY010002511.1	1	19839	12	1579	7.95907	0.0850345	34.3	18.3
CBDDTY010002512.1	1	19832	23	2817	14.2043	0.213796	30.5	1.09
CBDDTY010002513.1	1	19830	24	2619	13.2073	0.2176	27.8	6.42
CBDDTY010002514.1	1	19815	20	3013	15.2057	0.170729	29.4	0.95
CBDDTY010002515.1	1	19809	70	8056	40.6684	0.616386	30.8	28.5
CBDDTY010002516.1	1	19801	34	4391	22.1756	0.374375	28.8	15.1
CBDDTY010002517.1	1	19794	30	4368	22.0673	0.299182	28.6	20.1
CBDDTY010002518.1	1	19783	29	3628	18.339	0.248142	30.5	6.52
CBDDTY010002519.1	1	19783	44	5289	26.7351	0.464288	30.1	13
CBDDTY010002520.1	1	19771	23	4479	22.6544	0.241262	29.3	29.1
CBDDTY010002521.1	1	19756	42	5437	27.5208	0.375531	30.3	36.8
CBDDTY010002522.1	1	19729	40	4467	22.6418	0.391454	29.7	7.4
CBDDTY010002523.1	1	19726	16	2659	13.4797	0.150765	30	26.8
CBDDTY010002524.1	1	19720	21	4182	21.2069	0.226471	30.8	48
CBDDTY010002525.1	1	19715	36	3786	19.2037	0.299822	27.9	2.11
CBDDTY010002526.1	1	19714	28	3218	16.3234	0.22654	29.1	19
CBDDTY010002527.1	1	19697	21	2559	12.9918	0.172869	29.1	7.48
CBDDTY010002528.1	1	19688	42	6058	30.77	0.413348	31.2	27.8
CBDDTY010002529.1	1	19677	37	5913	30.0503	0.344361	30.6	25.7
CBDDTY010002530.1	1	19673	23	3768	19.1532	0.215829	32.3	30.2
CBDDTY010002531.1	1	19663	29	3205	16.2996	0.249911	28.5	18.7
CBDDTY010002532.1	1	19661	29	4145	21.0823	0.270129	31	28.2
CBDDTY010002533.1	1	19654	37	3249	16.531	0.348835	30.3	4.95
CBDDTY010002534.1	1	19650	31	3791	19.2926	0.264885	30.5	13.1
CBDDTY010002535.1	1	19646	22	3229	16.4359	0.20508	31.5	3.73
CBDDTY010002536.1	1	19606	60	6875	35.0658	0.589819	30.4	14.1
CBDDTY010002537.1	1	19603	13	1865	9.51385	0.12748	30.2	34.1
CBDDTY010002538.1	1	19597	40	5763	29.4076	0.365107	29.6	40.3
CBDDTY010002539.1	1	19589	25	3679	18.7809	0.202665	27.2	8.2
CBDDTY010002540.1	1	19578	25	3671	18.7506	0.222546	30.1	22.1
CBDDTY010002541.1	1	19577	27	3191	16.2997	0.207693	32.3	0.667
CBDDTY010002542.1	1	19568	36	4807	24.5656	0.346586	28.4	7.78
CBDDTY010002543.1	1	19562	135	12701	64.9269	1.30713	29.5	36.4
CBDDTY010002544.1	1	19553	35	4176	21.3573	0.281696	29.1	13.3
CBDDTY010002545.1	1	19544	23	3709	18.9777	0.194228	30.7	32.9
CBDDTY010002546.1	1	19539	24	3826	19.5814	0.227545	30.1	19.8
CBDDTY010002547.1	1	19538	86	5146	26.3384	0.809141	30.7	13.5
CBDDTY010002548.1	1	19525	62	7587	38.8579	0.56128	29.7	10.3
CBDDTY010002549.1	1	19500	27	4496	23.0564	0.286564	32.3	43.1
CBDDTY010002550.1	1	19457	54	6046	31.0736	0.538264	31	29.2
CBDDTY010002551.1	1	19433	6	655	3.37056	0.0430711	31.6	6
CBDDTY010002552.1	1	19431	17	2533	13.0359	0.158149	30.2	12.9
CBDDTY010002553.1	1	19425	35	4773	24.5714	0.301622	30.5	33.4
CBDDTY010002554.1	1	19403	48	6600	34.0154	0.416791	30.8	28.9
CBDDTY010002555.1	1	19401	25	4121	21.2412	0.258183	32.1	32.2
CBDDTY010002556.1	1	19392	25	4310	22.2257	0.251599	29.9	29.4
CBDDTY010002557.1	1	19380	36	5292	27.3065	0.344324	29.9	30.7
CBDDTY010002558.1	1	19370	16	2665	13.7584	0.14223	28.6	30.8
CBDDTY010002559.1	1	19363	25	3691	19.0621	0.233022	30.4	32.4
CBDDTY010002560.1	1	19342	36	4440	22.9552	0.318323	29.6	29
CBDDTY010002561.1	1	19330	39	6052	31.3088	0.382928	29.8	22
CBDDTY010002562.1	1	19300	35	4858	25.171	0.306528	30.6	23.8
CBDDTY010002563.1	1	19296	46	6731	34.8829	0.433613	30	24.9
CBDDTY010002564.1	1	19290	32	4519	23.4266	0.309902	30.4	20.4
CBDDTY010002565.1	1	19255	28	4919	25.5466	0.270527	31	45
CBDDTY010002566.1	1	19253	33	4421	22.9627	0.26827	29.9	31.2
CBDDTY010002567.1	1	19247	41	4304	22.3619	0.396218	29	13.5
CBDDTY010002568.1	1	19245	76	6097	31.681	0.692907	30.7	10.4
CBDDTY010002569.1	1	19237	25	4088	21.2507	0.241878	28.7	29.2
CBDDTY010002570.1	1	19228	98	6124	31.8494	0.945392	28.8	16.5
CBDDTY010002571.1	1	19225	30	4126	21.4616	0.262679	30.5	32.8
CBDDTY010002572.1	1	19209	53	7402	38.534	0.494039	29.8	25.6
CBDDTY010002573.1	1	19206	44	4427	23.0501	0.459544	28.6	10.8
CBDDTY010002574.1	1	19201	157	8810	45.883	1.52773	28.7	15.4
CBDDTY010002575.1	1	19192	51	3340	17.4031	0.506565	30.6	2.59
CBDDTY010002576.1	1	19184	26	3577	18.6457	0.234518	31	32.1
CBDDTY010002577.1	1	19166	38	6392	33.3507	0.454555	28.1	35.9
CBDDTY010002578.1	1	19151	46	4496	23.4766	0.409535	29.4	18.8
CBDDTY010002579.1	1	19151	36	5736	29.9514	0.339878	30.6	29.4
CBDDTY010002580.1	1	19140	3	656	3.42738	0.0342738	29.2	0.333
CBDDTY010002581.1	1	19126	42	3365	17.5939	0.428056	28.8	8.55
CBDDTY010002582.1	1	19124	25	3492	18.2598	0.223332	30.2	11.5
CBDDTY010002583.1	1	19123	32	3843	20.0962	0.297914	28.5	20.2
CBDDTY010002584.1	1	19109	53	6531	34.1776	0.504998	30.4	27.4
CBDDTY010002585.1	1	19103	38	5286	27.671	0.337329	30.8	24.9
CBDDTY010002586.1	1	19097	16	2818	14.7562	0.155784	29.6	6.56
CBDDTY010002587.1	1	19091	20	3398	17.799	0.185323	29.8	36.5
CBDDTY010002588.1	1	19083	48	6554	34.3447	0.485615	29.6	18.4
CBDDTY010002589.1	1	19076	30	4533	23.7628	0.285332	30.5	14.6
CBDDTY010002590.1	1	19041	51	5775	30.3293	0.464787	31.7	17.9
CBDDTY010002591.1	1	19040	125	10121	53.1565	1.27694	30.7	40.1
CBDDTY010002592.1	1	19009	19	2903	15.2717	0.164343	30.1	36.8
CBDDTY010002593.1	1	19008	28	3456	18.1818	0.272412	30	34.4
CBDDTY010002594.1	1	19003	26	2616	13.7662	0.192285	30.6	11.5
CBDDTY010002595.1	1	19000	14	2847	14.9842	0.154684	31.2	12.6
CBDDTY010002596.1	1	19000	17	2570	13.5263	0.169263	28.5	12.7
CBDDTY010002597.1	1	19000	19	3135	16.5	0.170263	29.7	2.42
CBDDTY010002598.1	1	19000	57	5049	26.5737	0.526947	30.3	12.4
CBDDTY010002599.1	1	19000	64	3886	20.4526	0.642211	29.9	34.1
CBDDTY010002600.1	1	19000	29	3823	20.1211	0.259421	32.5	32.8
CBDDTY010002601.1	1	19000	2	320	1.68421	0.0168421	23.9	16.5
CBDDTY010002602.1	1	19000	19	2007	10.5632	0.158737	32.5	15.5
CBDDTY010002603.1	1	19000	22	3193	16.8053	0.223526	31.9	27.6
CBDDTY010002604.1	1	19000	76	5976	31.4526	0.780895	31.4	17.7
CBDDTY010002605.1	1	19000	20	2773	14.5947	0.168316	30.4	13.1
CBDDTY010002606.1	1	19000	8	968	5.09474	0.0537895	27.8	1.88
CBDDTY010002607.1	1	19000	42	2181	11.4789	0.421211	30.3	13.8
CBDDTY010002608.1	1	19000	36	3595	18.9211	0.326474	30.6	19.3
CBDDTY010002610.1	1	19000	32	3050	16.0526	0.306158	30	7.59
CBDDTY010002611.1	1	19000	52	5190	27.3158	0.511105	29.9	12.9
CBDDTY010002612.1	1	19000	22	4080	21.4737	0.237053	29.1	15.2
CBDDTY010002613.1	1	19000	63	5132	27.0105	0.602737	29.7	8
CBDDTY010002614.1	1	19000	3	502	2.64211	0.0322105	28.3	0.333
CBDDTY010002615.1	1	19000	38	5077	26.7211	0.343632	30.3	26.6
CBDDTY010002616.1	1	19000	33	5025	26.4474	0.335474	30.4	28.5
CBDDTY010002617.1	1	19000	1	267	1.40526	0.0140526	39.1	1
CBDDTY010002619.1	1	19000	24	2939	15.4684	0.248316	30.2	3
CBDDTY010002620.1	1	19000	43	5866	30.8737	0.417737	29.3	16.9
CBDDTY010002621.1	1	19000	7	813	4.27895	0.0581053	33.2	0.286
CBDDTY010002622.1	1	19000	37	5134	27.0211	0.370684	31.3	4.38
CBDDTY010002624.1	1	18999	19	4054	21.338	0.238118	29.2	32
CBDDTY010002625.1	1	18975	11	1276	6.72464	0.099552	29.7	10.5
CBDDTY010002626.1	1	18966	40	5708	30.096	0.373141	30	30.9
CBDDTY010002627.1	1	18957	47	5863	30.9279	0.523817	29.9	20.8
CBDDTY010002628.1	1	18939	4	678	3.57991	0.0357991	32.1	13.8
CBDDTY010002629.1	1	18920	29	3754	19.8414	0.260148	30.9	30.6
CBDDTY010002630.1	1	18914	20	3173	16.7759	0.189225	28.8	6.5
CBDDTY010002631.1	1	18890	27	2799	14.8174	0.252409	30.8	2.63
CBDDTY010002632.1	1	18857	54	7125	37.7844	0.550247	29.6	29.2
CBDDTY010002633.1	1	18857	26	4564	24.2032	0.270244	28.4	42.9
CBDDTY010002634.1	1	18806	243	11263	59.8905	2.39684	31.2	11.3
CBDDTY010002635.1	1	18804	10	1205	6.40821	0.0679111	34.5	5.4
CBDDTY010002636.1	1	18798	17	2327	12.379	0.160602	28.3	12.6
CBDDTY010002637.1	1	18780	22	3266	17.3908	0.204739	31.9	6.68
CBDDTY010002638.1	1	18772	42	4300	22.9065	0.370286	28.5	11.1
CBDDTY010002639.1	1	18769	27	4423	23.5655	0.290159	28.3	21.7
CBDDTY010002640.1	1	18758	24	2655	14.154	0.207431	28.7	2.12
CBDDTY010002641.1	1	18754	65	5798	30.9161	0.608084	29.6	14
CBDDTY010002643.1	1	18720	7	1010	5.3953	0.0659188	29.4	2.71
CBDDTY010002644.1	1	18675	9	1701	9.10843	0.0910843	29.2	17
CBDDTY010002645.1	1	18674	69	6983	37.3942	0.683142	29.7	17.2
CBDDTY010002646.1	1	18671	38	4515	24.1819	0.356435	32.4	20.1
CBDDTY010002647.1	1	18669	21	3084	16.5194	0.207456	29.4	11.2
CBDDTY010002648.1	1	18643	25	4131	22.1585	0.26868	30.5	31.6
CBDDTY010002649.1	1	18638	27	3970	21.3006	0.269664	29.9	25.9
CBDDTY010002650.1	1	18631	57	7113	38.1783	0.485911	30.7	16.6
CBDDTY010002651.1	1	18620	21	2200	11.8153	0.173523	31.4	7.86
CBDDTY010002652.1	1	18588	38	5684	30.5789	0.418926	28.8	11.6
CBDDTY010002653.1	1	18586	31	4592	24.7068	0.283009	30.6	27.1
CBDDTY010002654.1	1	18583	19	2438	13.1195	0.199968	30.4	0.263
CBDDTY010002655.1	1	18542	32	3978	21.454	0.30261	29.8	23.6
CBDDTY010002656.1	1	18541	11	1741	9.39	0.0995631	29.9	10
CBDDTY010002657.1	1	18538	51	5335	28.7787	0.486676	30	14.2
CBDDTY010002658.1	1	18535	30	3188	17.1999	0.27877	29.8	13.1
CBDDTY010002659.1	1	18524	26	3558	19.2075	0.249892	29.9	2.73
CBDDTY010002660.1	1	18515	44	5863	31.6662	0.414475	31.4	34.5
CBDDTY010002661.1	1	18510	36	4674	25.2512	0.356024	30.4	8.39
CBDDTY010002662.1	1	18509	33	5019	27.1165	0.329029	30.3	22.3
CBDDTY010002663.1	1	18508	18	1981	10.7035	0.147018	33.2	12.6
CBDDTY010002664.1	1	18502	53	6062	32.764	0.489353	31.3	7.04
CBDDTY010002665.1	1	18498	39	5441	29.414	0.36658	31.3	33.9
CBDDTY010002666.1	1	18497	24	3938	21.2899	0.223334	30.1	23
CBDDTY010002667.1	1	18494	46	4743	25.6462	0.40159	28.2	15.1
CBDDTY010002668.1	1	18480	11	1250	6.76407	0.0811147	32.4	16.2
CBDDTY010002669.1	1	18467	9	978	5.29593	0.0609195	28.1	4.78
CBDDTY010002670.1	1	18436	7	1221	6.62291	0.0662291	28.3	38.3
CBDDTY010002671.1	1	18435	63	5416	29.3789	0.591484	31	7.65
CBDDTY010002672.1	1	18434	17	2804	15.211	0.164045	31.7	23.1
CBDDTY010002674.1	1	18422	112	4652	25.2524	1.06981	30.5	4.9
CBDDTY010002675.1	1	18420	19	2051	11.1346	0.167155	31.4	3.58
CBDDTY010002676.1	1	18417	11	1623	8.81251	0.105663	30.3	7.09
CBDDTY010002677.1	1	18410	50	6730	36.5562	0.560293	29.5	25.1
CBDDTY010002678.1	1	18395	23	3544	19.2661	0.232291	27.6	29.8
CBDDTY010002679.1	1	18386	36	5815	31.6273	0.407484	28.5	39.2
CBDDTY010002680.1	1	18365	65	7358	40.0653	0.662075	30.5	12.2
CBDDTY010002681.1	1	18355	60	5841	31.8224	0.634487	30.9	20.3
CBDDTY010002682.1	1	18343	6	634	3.45636	0.0496647	27.4	3
CBDDTY010002683.1	1	18318	31	4634	25.2975	0.303745	31.3	29.2
CBDDTY010002684.1	1	18310	33	4357	23.7957	0.309394	31	31.5
CBDDTY010002685.1	1	18300	43	4015	21.9399	0.421311	29.5	10.2
CBDDTY010002686.1	1	18295	16	2570	14.0476	0.165783	30.7	19.8
CBDDTY010002687.1	1	18294	34	4309	23.5542	0.320706	28.8	13.9
CBDDTY010002688.1	1	18267	84	6898	37.7621	0.780041	30.6	21
CBDDTY010002689.1	1	18263	36	5808	31.802	0.385205	30.8	40.3
CBDDTY010002690.1	1	18237	33	4875	26.7314	0.345671	29.8	25.8
CBDDTY010002691.1	1	18228	71	6329	34.7213	0.648672	30.5	20.6
CBDDTY010002692.1	1	18222	16	1791	9.82878	0.140764	28.1	15
CBDDTY010002693.1	1	18206	47	5577	30.6328	0.45474	28.4	32.9
CBDDTY010002694.1	1	18201	29	4247	23.3339	0.280369	30.1	34.7
CBDDTY010002695.1	1	18192	31	4483	24.6427	0.296284	29.7	35.8
CBDDTY010002696.1	1	18184	32	4793	26.3583	0.368346	28.2	15.9
CBDDTY010002697.1	1	18181	45	6999	38.4962	0.492547	29.3	28.5
CBDDTY010002699.1	1	18155	17	2649	14.591	0.174332	32.1	4.18
CBDDTY010002700.1	1	18148	26	3386	18.6577	0.260965	30.6	24.6
CBDDTY010002701.1	1	18121	26	3826	21.1136	0.247448	30.9	27.7
CBDDTY010002702.1	1	18107	3	364	2.01027	0.0201027	26.6	4.33
CBDDTY010002703.1	1	18105	23	3632	20.0608	0.25562	29.1	45.1
CBDDTY010002704.1	1	18087	24	3606	19.937	0.237187	30.9	37.3
CBDDTY010002705.1	1	18081	35	4823	26.6744	0.336762	31.9	38.1
CBDDTY010002706.1	1	18077	30	4105	22.7084	0.313216	30.9	11.5
CBDDTY010002707.1	1	18073	5	940	5.20113	0.0520113	28.5	22.2
CBDDTY010002708.1	1	18068	81	7178	39.7277	0.876301	30.2	21.1
CBDDTY010002709.1	1	18054	74	6623	36.6844	0.7333	30.7	30.8
CBDDTY010002710.1	1	18032	30	4842	26.8523	0.309561	31.9	39.9
CBDDTY010002711.1	1	18004	24	2960	16.4408	0.219618	29	4.17
CBDDTY010002712.1	1	18002	39	4326	24.0307	0.366959	29.3	26.8
CBDDTY010002713.1	1	18000	12	1443	8.01667	0.108167	29	9
CBDDTY010002714.1	1	18000	6	707	3.92778	0.0435556	31.8	14.3
CBDDTY010002715.1	1	18000	97	10437	57.9833	1.01267	30.9	27.5
CBDDTY010002716.1	1	18000	25	3012	16.7333	0.245278	29.8	10.4
CBDDTY010002717.1	1	18000	70	6319	35.1056	0.667667	30.2	4.77
CBDDTY010002718.1	1	18000	31	4931	27.3944	0.336556	31.1	36.6
CBDDTY010002719.1	1	18000	3	344	1.91111	0.0191111	28.1	2.33
CBDDTY010002720.1	1	18000	53	5844	32.4667	0.573778	29.9	7.45
CBDDTY010002721.1	1	18000	17	1916	10.6444	0.176167	26.7	16.6
CBDDTY010002722.1	1	18000	25	3818	21.2111	0.282611	28.9	28.6
CBDDTY010002723.1	1	18000	27	4265	23.6944	0.256944	27.8	21.1
CBDDTY010002724.1	1	18000	49	5637	31.3167	0.514389	29.9	9.71
CBDDTY010002725.1	1	18000	5	455	2.52778	0.0375	29.4	8.8
CBDDTY010002726.1	1	18000	71	3566	19.8111	0.7665	30.1	44
CBDDTY010002727.1	1	18000	34	4742	26.3444	0.322778	28.6	19.1
CBDDTY010002728.1	1	18000	28	2477	13.7611	0.283167	29.9	3.07
CBDDTY010002729.1	1	18000	253	2769	15.3833	0.769056	10.1	2.18
CBDDTY010002731.1	1	18000	34	4799	26.6611	0.354667	28.4	10.8
CBDDTY010002732.1	1	18000	37	5424	30.1333	0.361389	29.6	33.5
CBDDTY010002733.1	1	18000	20	2952	16.4	0.189889	27	22.6
CBDDTY010002734.1	1	17999	33	5074	28.1905	0.364242	30	15.8
CBDDTY010002735.1	1	17990	18	2771	15.403	0.178099	30.1	35.6
CBDDTY010002736.1	1	17988	42	4892	27.1959	0.399767	30.2	18.7
CBDDTY010002737.1	1	17986	39	3908	21.728	0.307739	29.6	10.1
CBDDTY010002738.1	1	17970	13	2358	13.1219	0.14079	27.2	32.5
CBDDTY010002739.1	1	17965	21	3076	17.1222	0.21425	29.9	36.2
CBDDTY010002740.1	1	17936	38	4071	22.6974	0.409177	30.4	3.29
CBDDTY010002741.1	1	17922	64	6522	36.391	0.651434	31.3	20.1
CBDDTY010002742.1	1	17917	41	5665	31.618	0.401686	29.7	32.6
CBDDTY010002743.1	1	17901	38	4869	27.1996	0.426457	28.5	6.26
CBDDTY010002744.1	1	17899	46	5350	29.8899	0.435723	30.7	23.6
CBDDTY010002745.1	1	17886	14	1708	9.54937	0.122107	28.9	12.3
CBDDTY010002746.1	1	17865	65	5853	32.7624	0.658998	30.5	28.4
CBDDTY010002747.1	1	17861	114	7605	42.5788	1.15038	30.3	6.95
CBDDTY010002748.1	1	17815	31	4530	25.428	0.301488	30.3	35.9
CBDDTY010002749.1	1	17811	34	4435	24.9003	0.351637	30.1	20.5
CBDDTY010002750.1	1	17801	73	6622	37.2002	0.772709	30.2	30.4
CBDDTY010002751.1	1	17800	64	6091	34.2191	0.619045	30.5	12.9
CBDDTY010002752.1	1	17783	24	3903	21.9479	0.251364	31.6	27.4
CBDDTY010002753.1	1	17782	42	5534	31.1214	0.386571	29.7	30.3
CBDDTY010002754.1	1	17780	68	4930	27.7278	0.728178	31.7	10.5
CBDDTY010002755.1	1	17761	37	6111	34.4068	0.436575	29.2	31.4
CBDDTY010002756.1	1	17759	25	2388	13.4467	0.275916	29.5	4.68
CBDDTY010002757.1	1	17755	37	5188	29.2199	0.37978	29.1	36.6
CBDDTY010002758.1	1	17747	37	5549	31.2673	0.402152	29.1	43.2
CBDDTY010002759.1	1	17745	41	4783	26.9541	0.423274	29.8	21.7
CBDDTY010002760.1	1	17736	49	4243	23.9231	0.489456	29.8	8.63
CBDDTY010002761.1	1	17729	13	1865	10.5195	0.139376	26.6	9.92
CBDDTY010002762.1	1	17723	18	1918	10.8221	0.165153	29.9	9.83
CBDDTY010002763.1	1	17717	15	1696	9.57273	0.119038	32.3	8.67
CBDDTY010002764.1	1	17710	26	3204	18.0915	0.295935	31.3	2
CBDDTY010002765.1	1	17705	43	5231	29.5453	0.471562	30.9	23.8
CBDDTY010002766.1	1	17700	33	3835	21.6667	0.378757	30.8	14.5
CBDDTY010002767.1	1	17700	65	7785	43.9831	0.627571	30.5	32.1
CBDDTY010002768.1	1	17675	39	4392	24.8487	0.447016	30.1	9.85
CBDDTY010002769.1	1	17665	34	2476	14.0164	0.360713	30.9	5.12
CBDDTY010002770.1	1	17648	26	3179	18.0134	0.287455	29.6	15
CBDDTY010002771.1	1	17627	24	2099	11.9079	0.257049	31.6	16.9
CBDDTY010002772.1	1	17607	31	4970	28.2274	0.322145	30.5	37.9
CBDDTY010002773.1	1	17604	26	1987	11.2872	0.263917	29.4	12.3
CBDDTY010002774.1	1	17584	5	775	4.40742	0.0440742	31.1	12
CBDDTY010002775.1	1	17580	23	3938	22.4005	0.284983	30.3	7.22
CBDDTY010002776.1	1	17551	29	4829	27.5141	0.330978	29.6	46
CBDDTY010002777.1	1	17535	35	5513	31.44	0.343998	29.2	19.1
CBDDTY010002778.1	1	17514	39	3951	22.5591	0.385406	30.1	2.97
CBDDTY010002779.1	1	17507	31	4355	24.8758	0.331068	30.1	12.8
CBDDTY010002780.1	1	17506	96	8869	50.6626	1.02154	30.7	35.5
CBDDTY010002781.1	1	17498	29	4430	25.3172	0.335181	31	21.7
CBDDTY010002782.1	1	17464	25	3295	18.8674	0.263514	30.3	10.1
CBDDTY010002783.1	1	17454	24	3751	21.4908	0.231466	31.3	32.5
CBDDTY010002784.1	1	17451	31	4730	27.1045	0.321242	31.5	35.2
CBDDTY010002785.1	1	17448	30	3982	22.8221	0.281465	30.4	25.5
CBDDTY010002786.1	1	17447	21	3032	17.3783	0.240844	30	22.7
CBDDTY010002787.1	1	17436	38	4405	25.2638	0.465474	30.6	10.3
CBDDTY010002788.1	1	17426	55	7817	44.8583	0.60886	29.4	36.9
CBDDTY010002789.1	1	17422	20	2366	13.5805	0.189473	30.3	5.2
CBDDTY010002790.1	1	17410	30	4517	25.9449	0.305399	29.8	29.2
CBDDTY010002791.1	1	17363	59	5685	32.742	0.562	30.3	21.6
CBDDTY010002792.1	1	17358	23	3473	20.0081	0.22975	28.9	19.9
CBDDTY010002793.1	1	17350	28	4557	26.2651	0.319712	30.3	41.9
CBDDTY010002794.1	1	17346	5	465	2.68073	0.0330336	33.9	15.6
CBDDTY010002795.1	1	17345	18	3006	17.3306	0.187777	32.3	30.9
CBDDTY010002796.1	1	17326	18	2438	14.0713	0.189138	31.4	8.11
CBDDTY010002797.1	1	17325	44	4896	28.2597	0.426147	29.3	7.73
CBDDTY010002798.1	1	17303	104	5224	30.1913	1.08421	31.6	14.2
CBDDTY010002799.1	1	17280	45	5407	31.2905	0.462789	28.6	27.9
CBDDTY010002800.1	1	17280	38	3689	21.3484	0.386343	31	1.58
CBDDTY010002801.1	1	17256	15	1319	7.64372	0.185095	28	10.2
CBDDTY010002802.1	1	17247	25	3220	18.6699	0.241897	29.2	23.3
CBDDTY010002803.1	1	17240	24	2351	13.6369	0.258121	32.1	2.29
CBDDTY010002804.1	1	17229	24	3364	19.5252	0.227117	31	19.3
CBDDTY010002805.1	1	17221	16	2078	12.0667	0.153533	31.1	6.56
CBDDTY010002806.1	1	17219	6	600	3.48452	0.0552297	30.1	19.3
CBDDTY010002807.1	1	17213	22	3050	17.7192	0.238599	29.1	1.82
CBDDTY010002808.1	1	17207	38	4479	26.0301	0.383739	29.1	26
CBDDTY010002809.1	1	17178	15	2352	13.6919	0.162883	30	3
CBDDTY010002810.1	1	17177	14	2253	13.1164	0.133667	29.5	20.5
CBDDTY010002811.1	1	17172	34	5816	33.8691	0.407291	30.6	38.9
CBDDTY010002812.1	1	17171	44	5781	33.6672	0.436783	30.8	16.3
CBDDTY010002813.1	1	17159	10	1298	7.56454	0.0897488	30.5	5.7
CBDDTY010002814.1	1	17147	20	2866	16.7143	0.176999	30.7	30.2
CBDDTY010002815.1	1	17141	35	4268	24.8994	0.420862	29.6	16.4
CBDDTY010002816.1	1	17137	27	4390	25.6171	0.294509	31.4	44.3
CBDDTY010002817.1	1	17132	34	4181	24.4046	0.329033	31.2	2.56
CBDDTY010002818.1	1	17125	18	2613	15.2584	0.20146	30.6	12.6
CBDDTY010002819.1	1	17122	35	5341	31.1938	0.395106	29.2	31.9
CBDDTY010002820.1	1	17118	18	3664	21.4044	0.21971	30.6	56.5
CBDDTY010002821.1	1	17112	39	4062	23.7377	0.41018	30.3	6.03
CBDDTY010002822.1	1	17109	47	5560	32.4975	0.516862	30.2	24
CBDDTY010002823.1	1	17101	38	3272	19.1334	0.340916	30.3	9.05
CBDDTY010002824.1	1	17086	84	7480	43.7785	0.9396	29.9	19.9
CBDDTY010002825.1	1	17083	60	5316	31.1187	0.647954	32.4	14.3
CBDDTY010002826.1	1	17072	18	1651	9.67081	0.195466	30.3	6.56
CBDDTY010002827.1	1	17052	40	6293	36.9048	0.468039	30.6	35.8
CBDDTY010002828.1	1	17051	29	4502	26.4031	0.346314	30.3	26.6
CBDDTY010002829.1	1	17033	39	5956	34.9674	0.416486	31.7	30.6
CBDDTY010002830.1	1	17027	22	2872	16.8673	0.227404	30.9	13.7
CBDDTY010002831.1	1	17023	32	4292	25.2129	0.347119	30.4	13.3
CBDDTY010002832.1	1	17021	30	4310	25.3217	0.321191	31.2	25.9
CBDDTY010002833.1	1	17019	86	5844	34.3381	0.977907	30.1	13.2
CBDDTY010002834.1	1	17002	25	2107	12.3927	0.253206	28.6	8.96
CBDDTY010002835.1	1	17000	17	2971	17.4765	0.184118	28.5	10.4
CBDDTY010002836.1	1	17000	282	11283	66.3706	3.02618	30.5	29.9
CBDDTY010002837.1	1	17000	1	138	0.811765	0.00811765	37.5	2
CBDDTY010002838.1	1	17000	80	9547	56.1588	0.780294	30.6	32.1
CBDDTY010002839.1	1	17000	44	5525	32.5	0.444706	30.7	9.82
CBDDTY010002841.1	1	17000	38	6053	35.6059	0.435471	28.9	15.7
CBDDTY010002842.1	1	17000	41	5148	30.2824	0.450118	30.9	20.9
CBDDTY010002843.1	1	17000	25	3345	19.6765	0.254235	28.4	10.8
CBDDTY010002844.1	1	17000	21	2852	16.7765	0.256941	30.5	22.4
CBDDTY010002845.1	1	17000	15	2409	14.1706	0.202	28.8	35.2
CBDDTY010002846.1	1	17000	17	2296	13.5059	0.163941	30.2	33.1
CBDDTY010002847.1	1	17000	14	1557	9.15882	0.137471	34.5	5.43
CBDDTY010002848.1	1	17000	27	3761	22.1235	0.289647	30.2	20.1
CBDDTY010002849.1	1	17000	32	3844	22.6118	0.315353	30.5	22.2
CBDDTY010002850.1	1	17000	48	4966	29.2118	0.542824	29.1	5.46
CBDDTY010002851.1	1	16800	14	1629	9.69643	0.149048	31.3	5.5
CBDDTY010002852.1	1	17000	31	4148	24.4	0.346353	30.1	29.7
CBDDTY010002853.1	1	17000	17	2592	15.2471	0.203882	28.9	31.2
CBDDTY010002854.1	1	17000	124	7331	43.1235	1.44412	29.9	5.89
CBDDTY010002855.1	1	17000	32	4254	25.0235	0.346353	29.9	22.2
CBDDTY010002857.1	1	17000	51	5933	34.9	0.527	30.2	24.7
CBDDTY010002858.1	1	17000	20	255	1.5	0.165294	31.7	11.5
CBDDTY010002859.1	1	17000	16	2164	12.7294	0.165529	30.7	31.2
CBDDTY010002860.1	1	17000	33	4142	24.3647	0.343882	28.8	3.67
CBDDTY010002861.1	1	17000	22	4946	29.0941	0.418706	19.7	27.1
CBDDTY010002862.1	1	17000	14	1327	7.80588	0.104176	31.6	4.14
CBDDTY010002863.1	1	17000	5	776	4.56471	0.0456471	28.5	13.4
CBDDTY010002864.1	1	17000	14	1549	9.11176	0.107	29.5	5.71
CBDDTY010002865.1	1	16991	44	4323	25.4429	0.425166	29.3	17.2
CBDDTY010002866.1	1	16987	24	3485	20.5157	0.284217	31.3	23.2
CBDDTY010002867.1	1	16968	41	5232	30.8345	0.474128	30.2	27.9
CBDDTY010002868.1	1	16958	21	2976	17.5492	0.191355	29.5	35
CBDDTY010002869.1	1	16948	30	4332	25.5605	0.332488	30.3	39.1
CBDDTY010002870.1	1	16942	89	9110	53.7717	0.98548	31.1	20.6
CBDDTY010002871.1	1	16938	8	889	5.24855	0.0642343	32.9	9.62
CBDDTY010002872.1	1	16904	23	3237	19.1493	0.220421	31.5	24.7
CBDDTY010002873.1	1	16897	24	3614	21.3884	0.278333	30.7	5.83
CBDDTY010002874.1	1	16883	30	3220	19.0724	0.316235	29	3.3
CBDDTY010002875.1	1	16866	6	920	5.45476	0.0545476	29.9	18
CBDDTY010002876.1	1	16862	32	3522	20.8872	0.335369	30.7	18.8
CBDDTY010002877.1	1	16850	16	2482	14.73	0.175727	30.8	36.1
CBDDTY010002878.1	1	16849	46	5730	34.008	0.505431	29.4	11.6
CBDDTY010002879.1	1	16832	26	3811	22.6414	0.286538	28.1	19.7
CBDDTY010002880.1	1	16821	23	2100	12.4844	0.205576	29.2	2.74
CBDDTY010002881.1	1	16812	24	3308	19.6764	0.27522	28.4	21.2
CBDDTY010002882.1	1	16795	32	4808	28.6276	0.370289	30.1	39.2
CBDDTY010002883.1	1	16786	32	4856	28.9289	0.409567	30.3	32.9
CBDDTY010002884.1	1	16782	34	4822	28.7332	0.351031	29.6	21.7
CBDDTY010002885.1	1	16764	33	3973	23.6996	0.330172	29.9	24.3
CBDDTY010002886.1	1	16760	13	2003	11.9511	0.13747	28.6	7
CBDDTY010002887.1	1	16730	37	5281	31.566	0.397908	30.8	30.6
CBDDTY010002888.1	1	16724	66	7314	43.7336	0.690684	30.2	25.2
CBDDTY010002889.1	1	16707	30	4187	25.0614	0.311426	27.7	38.7
CBDDTY010002890.1	1	16705	34	3503	20.9698	0.33924	27.4	4.15
CBDDTY010002891.1	1	16699	21	2890	17.3064	0.203006	29.6	17.8
CBDDTY010002892.1	1	16683	36	4474	26.8177	0.411856	29.7	14.1
CBDDTY010002893.1	1	16666	32	3961	23.767	0.300492	31	44.2
CBDDTY010002894.1	1	16658	30	4497	26.996	0.342358	31.6	27.1
CBDDTY010002895.1	1	16650	56	5539	33.2673	0.644685	30.7	10.4
CBDDTY010002896.1	1	16650	43	6323	37.976	0.472673	28.9	23.7
CBDDTY010002897.1	1	16647	34	2409	14.4711	0.35556	31.6	11.9
CBDDTY010002898.1	1	16635	21	3473	20.8777	0.239074	31.3	36.7
CBDDTY010002899.1	1	16623	6	631	3.79595	0.0449377	30.4	1.83
CBDDTY010002900.1	1	16608	25	4000	24.0848	0.299976	27.8	14.6
CBDDTY010002901.1	1	16601	35	4838	29.1428	0.379013	30.9	36.1
CBDDTY010002902.1	1	16595	18	2515	15.1552	0.226876	29.6	12.4
CBDDTY010002903.1	1	16587	57	6547	39.4707	0.597576	29.8	29.9
CBDDTY010002904.1	1	16574	35	4830	29.142	0.391275	29	29.1
CBDDTY010002905.1	1	16545	34	5933	35.8598	0.404775	29.1	38.1
CBDDTY010002906.1	1	16542	56	5340	32.2815	0.585056	30.4	8.71
CBDDTY010002907.1	1	16538	25	3809	23.0318	0.279599	31.6	5.24
CBDDTY010002908.1	1	16532	25	3544	21.4372	0.275708	31.2	27.6
CBDDTY010002909.1	1	16522	32	3185	19.2773	0.359642	30.6	24.3
CBDDTY010002910.1	1	16519	73	5472	33.1255	0.825958	30.7	6.75
CBDDTY010002911.1	1	16513	177	11140	67.462	2.04269	29.8	23.5
CBDDTY010002912.1	1	16506	11	1596	9.66921	0.111656	31	25.1
CBDDTY010002913.1	1	16469	36	4440	26.9597	0.348534	31.1	20.8
CBDDTY010002914.1	1	16468	51	4919	29.8701	0.584103	30.7	3.04
CBDDTY010002915.1	1	16459	27	3850	23.3915	0.27851	30	14.1
CBDDTY010002916.1	1	16453	33	3306	20.0936	0.342673	29	6.88
CBDDTY010002917.1	1	16451	39	6108	37.1284	0.475533	29.9	31.3
CBDDTY010002918.1	1	16435	17	2608	15.8686	0.201765	29.3	9.24
CBDDTY010002919.1	1	16414	34	5248	31.9727	0.423845	32.2	45.7
CBDDTY010002920.1	1	16408	70	5967	36.3664	0.69911	29.6	3.27
CBDDTY010002921.1	1	16407	57	5711	34.8083	0.714512	29.7	4.09
CBDDTY010002922.1	1	16395	23	4012	24.4709	0.278683	31.1	33.5
CBDDTY010002923.1	1	16391	16	2482	15.1425	0.187054	31.8	29.5
CBDDTY010002924.1	1	16384	18	2631	16.0583	0.212585	31.5	12.9
CBDDTY010002925.1	1	16383	25	3442	21.0096	0.29848	31.3	28.1
CBDDTY010002926.1	1	16380	25	3212	19.6093	0.261477	29.8	28.5
CBDDTY010002927.1	1	16377	32	5487	33.5043	0.393662	31.1	34.3
CBDDTY010002928.1	1	16360	17	2607	15.9352	0.193215	28	12.7
CBDDTY010002929.1	1	16359	23	2691	16.4497	0.221346	30.5	12.7
CBDDTY010002930.1	1	16358	62	8304	50.7642	0.737804	30.5	31.6
CBDDTY010002931.1	1	16353	23	3612	22.0877	0.261481	29.3	41.2
CBDDTY010002932.1	1	16353	67	7150	43.7229	0.748792	29.6	22
CBDDTY010002933.1	1	16342	11	1808	11.0635	0.114735	33.4	28.1
CBDDTY010002934.1	1	16341	28	3811	23.3217	0.284316	31.1	36
CBDDTY010002935.1	1	16339	41	6463	39.5557	0.517106	29.4	29.4
CBDDTY010002936.1	1	16329	29	4236	25.9416	0.310552	31.2	10.3
CBDDTY010002937.1	1	16318	43	5166	31.6583	0.4742	29.9	35.1
CBDDTY010002938.1	1	16315	77	6604	40.4781	0.820595	31.5	37.6
CBDDTY010002939.1	1	16304	23	3614	22.1663	0.287475	29.8	20.3
CBDDTY010002940.1	1	16296	45	4171	25.5952	0.536635	30.9	7.29
CBDDTY010002941.1	1	16282	1	49	0.300946	0.00300946	41.7	1
CBDDTY010002942.1	1	16279	27	3878	23.8221	0.267953	32.4	32
CBDDTY010002943.1	1	16248	21	3084	18.9808	0.230982	30	34.1
CBDDTY010002944.1	1	16245	31	4180	25.731	0.392428	29.5	6.48
CBDDTY010002945.1	1	16243	25	2922	17.9893	0.27538	29.5	12.2
CBDDTY010002946.1	1	16243	52	5182	31.903	0.550391	29.1	7.37
CBDDTY010002947.1	1	16230	66	4654	28.6753	0.736599	29.5	6.05
CBDDTY010002948.1	1	16221	28	4736	29.1967	0.35004	30.3	35.8
CBDDTY010002949.1	1	16201	26	3397	20.9678	0.260354	30.7	24.1
CBDDTY010002950.1	1	16199	38	5085	31.3908	0.376196	29.9	19.8
CBDDTY010002951.1	1	16177	32	4305	26.6119	0.342523	29.9	22.4
CBDDTY010002952.1	1	16176	10	1218	7.52967	0.109421	27.4	9.3
CBDDTY010002953.1	1	16160	29	4071	25.1918	0.300371	28.7	21.3
CBDDTY010002954.1	1	16148	16	1762	10.9116	0.130171	28.8	12.6
CBDDTY010002955.1	1	16119	17	2305	14.2999	0.164526	30.7	27.1
CBDDTY010002956.1	1	16086	30	3063	19.0414	0.336193	30.4	25.4
CBDDTY010002957.1	1	16084	26	3766	23.4146	0.276735	30.1	32.5
CBDDTY010002958.1	1	16078	34	4649	28.9153	0.408509	31.1	32
CBDDTY010002959.1	1	16074	28	3358	20.8909	0.281324	31.1	10.7
CBDDTY010002960.1	1	16069	34	3635	22.6212	0.337607	30.7	6.38
CBDDTY010002961.1	1	16061	29	3628	22.5889	0.337712	30.2	32.7
CBDDTY010002962.1	1	16057	22	3100	19.3062	0.238027	31	10.8
CBDDTY010002963.1	1	16046	19	2692	16.7768	0.20784	31.1	27.3
CBDDTY010002964.1	1	16040	97	7282	45.399	1.09763	29.4	17.7
CBDDTY010002965.1	1	16012	29	4102	25.6183	0.310829	27.2	19.8
CBDDTY010002966.1	1	16011	14	2251	14.0591	0.151646	31.9	20.6
CBDDTY010002967.1	1	16000	4	471	2.94375	0.0294375	28.9	6.75
CBDDTY010002968.1	1	16000	15	1926	12.0375	0.162438	20.6	13.2
CBDDTY010002970.1	1	16000	19	2654	16.5875	0.186062	28	24.3
CBDDTY010002971.1	1	16000	9	1001	6.25625	0.0849375	33.3	39.3
CBDDTY010002972.1	1	16000	45	5073	31.7063	0.463375	28.4	15.2
CBDDTY010002973.1	1	16000	14	1450	9.0625	0.131562	30.2	11.2
CBDDTY010002974.1	1	16000	31	3131	19.5688	0.320813	27.4	9.94
CBDDTY010002975.1	1	16000	77	8710	54.4375	0.804438	29.4	42.1
CBDDTY010002976.1	1	16000	46	5945	37.1562	0.524125	30.8	26
CBDDTY010002977.1	1	16000	7	648	4.05	0.0725	29.4	6.14
CBDDTY010002978.1	1	16000	4	710	4.4375	0.044375	32.2	30
CBDDTY010002979.1	1	16000	89	4963	31.0188	1.01219	32.2	7.03
CBDDTY010002980.1	1	16000	23	2890	18.0625	0.23875	31.2	5.96
CBDDTY010002981.1	1	16000	8	1560	9.75	0.10875	29.3	26
CBDDTY010002982.1	1	16000	23	3049	19.0562	0.249438	27.8	13.7
CBDDTY010002983.1	1	16000	11	1401	8.75625	0.11075	29.3	2.18
CBDDTY010002984.1	1	16000	11	1224	7.65	0.105188	31.7	18.4
CBDDTY010002985.1	1	16000	24	4050	25.3125	0.35	31.4	42.6
CBDDTY010002986.1	1	16000	22	3192	19.95	0.237313	30.2	10.4
CBDDTY010002987.1	1	16000	26	3891	24.3188	0.294187	28.7	23
CBDDTY010002988.1	1	16000	36	5252	32.825	0.438375	31.1	35.2
CBDDTY010002989.1	1	16000	13	1615	10.0938	0.13	28.5	8.62
CBDDTY010002990.1	1	16000	24	3419	21.3687	0.286562	29.9	18
CBDDTY010002991.1	1	16000	7	1045	6.53125	0.072	33	3.43
CBDDTY010002992.1	1	16000	14	2036	12.725	0.12725	31.1	29.4
CBDDTY010002993.1	1	15997	41	3712	23.2044	0.470526	30.1	10
CBDDTY010002994.1	1	15974	47	6003	37.5798	0.523976	31.4	28.3
CBDDTY010002995.1	1	15969	2	344	2.15417	0.0215417	30.5	0.5
CBDDTY010002996.1	1	15967	63	6027	37.7466	0.717104	30.2	20.9
CBDDTY010002997.1	1	15962	21	2956	18.519	0.214384	31.6	15.6
CBDDTY010002998.1	1	15957	42	5308	33.2644	0.494078	32.2	13
CBDDTY010002999.1	1	15952	18	3507	21.9847	0.245612	30.9	12
CBDDTY010003000.1	1	15948	21	3232	20.2659	0.235202	33.7	39.6
CBDDTY010003001.1	1	15947	29	4043	25.3527	0.300558	30.6	35.1
CBDDTY010003002.1	1	15902	30	4317	27.1475	0.36291	29.6	20
CBDDTY010003003.1	1	15897	48	2333	14.6757	0.550544	32.1	5.62
CBDDTY010003004.1	1	15886	13	1897	11.9413	0.132192	29.2	36.6
CBDDTY010003005.1	1	15878	20	3550	22.358	0.283222	30.2	34.7
CBDDTY010003006.1	1	15875	55	4714	29.6945	0.672252	30.3	28.8
CBDDTY010003007.1	1	15867	6	1182	7.44942	0.0744942	30.3	3.5
CBDDTY010003008.1	1	15849	19	2570	16.2155	0.211748	29.3	0.474
CBDDTY010003009.1	1	15847	18	2151	13.5735	0.223512	27.7	14.1
CBDDTY010003010.1	1	15834	31	3516	22.2054	0.394973	28.9	0.419
CBDDTY010003011.1	1	15826	24	4096	25.8815	0.291482	30.3	35.1
CBDDTY010003012.1	1	15825	29	4259	26.9131	0.333839	30.1	30.8
CBDDTY010003013.1	1	15823	34	4372	27.6307	0.343424	31.6	33.7
CBDDTY010003014.1	1	15795	31	4279	27.0909	0.335296	31.3	34.3
CBDDTY010003015.1	1	15786	45	5592	35.4238	0.466299	30	18.2
CBDDTY010003016.1	1	15734	32	3713	23.5986	0.387123	29.5	16.9
CBDDTY010003017.1	1	15720	39	3827	24.3448	0.471183	30.7	8.95
CBDDTY010003018.1	1	15717	31	3747	23.8404	0.380098	29.8	8
CBDDTY010003019.1	1	15715	10	1138	7.24149	0.092714	33.4	16
CBDDTY010003020.1	1	15703	21	3138	19.9834	0.245558	29.6	14.2
CBDDTY010003021.1	1	15694	54	6232	39.7094	0.613993	28.8	25
CBDDTY010003022.1	1	15682	32	5129	32.7063	0.415126	30.1	49
CBDDTY010003023.1	1	15681	31	4054	25.8529	0.360819	30.3	18.8
CBDDTY010003024.1	1	15664	55	4917	31.3904	0.695097	29.5	12.7
CBDDTY010003025.1	1	15644	33	3663	23.4147	0.342687	30.7	17.5
CBDDTY010003026.1	1	15642	25	3737	23.8908	0.294464	29.6	23.7
CBDDTY010003027.1	1	15634	21	3153	20.1676	0.218626	30.3	26.3
CBDDTY010003028.1	1	15631	27	2051	13.1214	0.332608	33.7	9.15
CBDDTY010003029.1	1	15601	21	3644	23.3575	0.261906	30.8	15.3
CBDDTY010003030.1	1	15597	24	3605	23.1134	0.281977	30.2	39.3
CBDDTY010003031.1	1	15594	33	5029	32.2496	0.39823	30.8	24.3
CBDDTY010003032.1	1	15574	42	4960	31.848	0.51586	30.3	26.5
CBDDTY010003033.1	1	15555	18	2195	14.1112	0.228351	31	9.06
CBDDTY010003034.1	1	15554	31	4481	28.8093	0.382603	27.9	25.4
CBDDTY010003035.1	1	15553	23	2987	19.2053	0.259821	30.3	6.57
CBDDTY010003036.1	1	15532	32	4784	30.8009	0.374968	28.6	34.1
CBDDTY010003037.1	1	15530	27	3685	23.7283	0.30322	30	35.3
CBDDTY010003039.1	1	15523	52	6635	42.743	0.607743	30.9	24.4
CBDDTY010003040.1	1	15522	40	3557	22.9159	0.383391	30.7	19.7
CBDDTY010003041.1	1	15520	22	3045	19.6198	0.251611	29.3	17.1
CBDDTY010003042.1	1	15507	2	324	2.08938	0.0208938	28.1	16
CBDDTY010003043.1	1	15507	43	5655	36.4674	0.544399	30.2	40.3
CBDDTY010003044.1	1	15503	32	4125	26.6078	0.399084	30.4	23.6
CBDDTY010003045.1	1	15494	26	3621	23.3703	0.327933	29.7	4.15
CBDDTY010003046.1	1	15493	11	1488	9.60434	0.103337	30.8	5
CBDDTY010003047.1	1	15488	49	6078	39.2433	0.584452	29.8	13.1
CBDDTY010003048.1	1	15450	16	2676	17.3204	0.187379	29.8	42.8
CBDDTY010003049.1	1	15445	14	2218	14.3606	0.181742	29.1	14.3
CBDDTY010003050.1	1	15445	5	897	5.8077	0.058077	32.2	2.8
CBDDTY010003051.1	1	15444	20	1981	12.827	0.219697	30.7	6.25
CBDDTY010003052.1	1	15438	33	5028	32.569	0.417152	30.1	23.2
CBDDTY010003053.1	1	15412	40	4322	28.0431	0.43823	28	15.5
CBDDTY010003054.1	1	15411	24	3819	24.781	0.314645	30.6	33.8
CBDDTY010003055.1	1	15409	19	2700	17.5222	0.229866	29.9	21.9
CBDDTY010003056.1	1	15407	20	2009	13.0395	0.211008	29.9	13
CBDDTY010003057.1	1	15404	45	6264	40.6648	0.537782	31.4	18.8
CBDDTY010003058.1	1	15401	25	4400	28.5696	0.34751	30.1	37.4
CBDDTY010003059.1	1	15388	56	5763	37.4513	0.627697	29	11
CBDDTY010003060.1	1	15365	20	2994	19.4858	0.223365	29.7	9.4
CBDDTY010003061.1	1	15359	28	3938	25.6397	0.304056	30.6	17.8
CBDDTY010003063.1	1	15353	13	1894	12.3364	0.130333	30.8	4.54
CBDDTY010003064.1	1	15347	68	5949	38.7633	0.777546	30.5	11
CBDDTY010003065.1	1	15343	20	3325	21.6711	0.244867	30.2	39
CBDDTY010003066.1	1	15343	25	4082	26.605	0.329531	31.3	52.4
CBDDTY010003067.1	1	15337	24	3704	24.1507	0.305079	29.2	34.3
CBDDTY010003068.1	1	15331	37	5088	33.1877	0.464549	30.8	16.2
CBDDTY010003069.1	1	15324	25	2904	18.9507	0.311276	30	13.4
CBDDTY010003070.1	1	15324	20	2437	15.9032	0.194727	33.8	21.9
CBDDTY010003071.1	1	15312	39	5030	32.8501	0.484391	28.7	24.3
CBDDTY010003072.1	1	15306	33	4627	30.23	0.374298	29.2	34.5
CBDDTY010003073.1	1	15290	25	3549	23.2112	0.299281	29.4	23.8
CBDDTY010003074.1	1	15284	6	1069	6.99424	0.0809343	30.2	23
CBDDTY010003075.1	1	15250	19	2705	17.7377	0.22282	28.5	46.7
CBDDTY010003076.1	1	15235	24	2525	16.5737	0.313948	30	30.1
CBDDTY010003077.1	1	15231	20	3401	22.3295	0.255597	29.4	26.9
CBDDTY010003078.1	1	15225	12	1205	7.91461	0.11225	30.7	7.42
CBDDTY010003079.1	1	15223	93	9420	61.88	1.21159	29.6	27.5
CBDDTY010003080.1	1	15212	25	4402	28.9377	0.346306	31.9	43.2
CBDDTY010003081.1	1	15211	21	3448	22.6678	0.254947	29.4	22.7
CBDDTY010003082.1	1	15208	10	1718	11.2967	0.122764	32.5	28.6
CBDDTY010003083.1	1	15207	23	2470	16.2425	0.217071	29.5	14.5
CBDDTY010003084.1	1	15206	36	4907	32.2702	0.434105	29.3	20.8
CBDDTY010003085.1	1	15206	33	4096	26.9367	0.40096	31.9	28
CBDDTY010003086.1	1	15194	30	3885	25.5693	0.35027	32.5	27.7
CBDDTY010003087.1	1	15181	38	4993	32.8898	0.418352	30.5	27.7
CBDDTY010003088.1	1	15137	40	4031	26.6301	0.451278	30.5	23.6
CBDDTY010003089.1	1	15136	48	6220	41.0941	0.623613	29.8	21.9
CBDDTY010003090.1	1	15132	34	5940	39.2546	0.511895	31	49.6
CBDDTY010003091.1	1	15116	29	2866	18.96	0.331238	30.2	7.41
CBDDTY010003092.1	1	15062	69	7489	49.7212	0.790068	29.5	26
CBDDTY010003093.1	1	15041	30	3071	20.4175	0.39984	31.3	0.0667
CBDDTY010003094.1	1	15039	25	3458	22.9936	0.277279	30.9	39.2
CBDDTY010003095.1	1	15037	31	4224	28.0907	0.426282	32.1	38.3
CBDDTY010003096.1	1	15022	20	1853	12.3352	0.210158	29.8	3.8
CBDDTY010003097.1	1	15016	80	6952	46.2973	0.951185	29.3	1.15
CBDDTY010003098.1	1	15014	30	2864	19.0755	0.325163	30.7	6.9
CBDDTY010003099.1	1	15000	13	1972	13.1467	0.150733	28.8	9.85
CBDDTY010003100.1	1	15000	40	4304	28.6933	0.505467	29.4	3.6
CBDDTY010003101.1	1	15000	14	2385	15.9	0.189733	32.3	24
CBDDTY010003102.1	1	15000	2	238	1.58667	0.0190667	37.3	55.5
CBDDTY010003103.1	1	15000	26	1681	11.2067	0.312733	30	0.885
CBDDTY010003104.1	1	15000	8	1208	8.05333	0.0899333	27.8	1.38
CBDDTY010003105.1	1	15000	21	3487	23.2467	0.296333	28.5	5.19
CBDDTY010003106.1	1	15000	15	2203	14.6867	0.191733	32.8	15.1
CBDDTY010003107.1	1	15000	34	3812	25.4133	0.4052	28.5	24.6
CBDDTY010003108.1	1	14800	21	2273	15.3581	0.228784	29.4	6.38
CBDDTY010003109.1	1	15000	21	3137	20.9133	0.282733	28.2	6.62
CBDDTY010003110.1	1	15000	17	1656	11.04	0.1776	31.5	19.6
CBDDTY010003111.1	1	15000	18	2689	17.9267	0.190467	30.7	9.56
CBDDTY010003112.1	1	15000	21	3102	20.68	0.263467	28.3	37
CBDDTY010003113.1	1	15000	36	5077	33.8467	0.458067	30.2	29
CBDDTY010003114.1	1	15000	6	197	1.31333	0.0482	23.2	2.33
CBDDTY010003115.1	1	15000	32	3781	25.2067	0.385933	31.5	8.28
CBDDTY010003116.1	1	15000	16	1952	13.0133	0.210067	31.6	8.88
CBDDTY010003117.1	1	15000	1	57	0.38	0.0038	33.6	0
CBDDTY010003118.1	1	15000	6	736	4.90667	0.0490667	30.3	0.833
CBDDTY010003119.1	1	15000	27	2856	19.04	0.373067	29.7	10.3
CBDDTY010003120.1	1	15000	32	4965	33.1	0.366667	31.4	34
CBDDTY010003121.1	1	15000	16	2331	15.54	0.185533	30.3	5.81
CBDDTY010003122.1	1	14987	38	4871	32.5015	0.463001	31.3	35.8
CBDDTY010003123.1	1	14980	13	2196	14.6595	0.17717	32.7	14
CBDDTY010003124.1	1	14957	33	4204	28.1072	0.409775	29.6	23.6
CBDDTY010003125.1	1	14953	19	2983	19.9492	0.252525	32.5	26.6
CBDDTY010003126.1	1	14940	60	4407	29.498	0.664993	30.4	23.9
CBDDTY010003127.1	1	14912	38	3729	25.0067	0.501006	29.9	17.4
CBDDTY010003128.1	1	14898	27	3326	22.3251	0.33622	31.4	5.07
CBDDTY010003129.1	1	14895	20	3594	24.1289	0.262706	31.7	15.2
CBDDTY010003130.1	1	14890	38	5062	33.996	0.466353	29.3	30.7
CBDDTY010003131.1	1	14887	212	11634	78.1487	2.48781	30.1	32
CBDDTY010003132.1	1	14882	15	2623	17.6253	0.178202	28.5	31.1
CBDDTY010003133.1	1	14871	16	2019	13.5768	0.163405	32.4	3.81
CBDDTY010003134.1	1	14870	38	4699	31.6005	0.449899	30.2	21.5
CBDDTY010003135.1	1	14853	31	5335	35.9187	0.41527	32	40.2
CBDDTY010003136.1	1	14844	28	4181	28.1663	0.348693	28.9	19.1
CBDDTY010003137.1	1	14837	23	3711	25.0118	0.287727	28.8	29.5
CBDDTY010003138.1	1	14833	27	3555	23.9668	0.334187	29.6	24.5
CBDDTY010003139.1	1	14830	46	5407	36.4599	0.534794	30.6	19.6
CBDDTY010003140.1	1	14798	30	3845	25.9832	0.351264	30	30.8
CBDDTY010003141.1	1	14795	18	2831	19.1348	0.242379	27.8	40.6
CBDDTY010003142.1	1	14794	22	3309	22.3672	0.256996	30.4	14.5
CBDDTY010003143.1	1	14780	40	5037	34.0798	0.474628	30.7	19.1
CBDDTY010003144.1	1	14777	71	2827	19.1311	0.937606	30.6	6.3
CBDDTY010003145.1	1	14776	7	773	5.23146	0.0650379	31.6	19.3
CBDDTY010003146.1	1	14758	17	1772	12.007	0.150969	30.8	6.29
CBDDTY010003147.1	1	14753	22	3276	22.2057	0.270318	29.6	35.6
CBDDTY010003148.1	1	14744	23	3252	22.0564	0.288795	30.3	19.7
CBDDTY010003149.1	1	14715	21	3710	25.2124	0.276181	30.8	26.5
CBDDTY010003150.1	1	14705	87	6080	41.3465	1.02747	30.6	5.37
CBDDTY010003151.1	1	14695	5	810	5.51208	0.0571623	33.1	12.4
CBDDTY010003152.1	1	14691	6	767	5.22088	0.0616704	30.5	6.17
CBDDTY010003153.1	1	14690	31	5231	35.6093	0.430293	30.2	32.4
CBDDTY010003154.1	1	14668	18	2157	14.7055	0.193551	30.9	31.8
CBDDTY010003155.1	1	14656	5	761	5.19241	0.0602484	31	25.2
CBDDTY010003156.1	1	14647	36	4674	31.911	0.411006	30	34.5
CBDDTY010003157.1	1	14637	22	2722	18.5967	0.248958	28.7	35
CBDDTY010003158.1	1	14622	19	3425	23.4236	0.254822	31.7	44.4
CBDDTY010003159.1	1	14620	7	780	5.33516	0.0574555	30.4	0.429
CBDDTY010003160.1	1	14620	33	2447	16.7373	0.432079	31.3	5.21
CBDDTY010003161.1	1	14619	6	1033	7.06615	0.0779123	29.9	4.67
CBDDTY010003162.1	1	14614	32	3926	26.8647	0.403586	30.2	30.3
CBDDTY010003163.1	1	14600	26	3984	27.2877	0.322397	29.6	35.6
CBDDTY010003164.1	1	14594	27	2860	19.5971	0.353022	30.7	22
CBDDTY010003165.1	1	14591	14	2425	16.6198	0.181756	32.2	28.1
CBDDTY010003166.1	1	14587	20	3133	21.478	0.276548	29	29.9
CBDDTY010003167.1	1	14585	17	2945	20.192	0.217141	30	41.4
CBDDTY010003168.1	1	14585	62	6858	47.0209	0.86253	30.3	29.4
CBDDTY010003169.1	1	14578	9	1153	7.90918	0.09775	29.1	13.9
CBDDTY010003170.1	1	14578	35	3759	25.7854	0.465702	30.4	2.8
CBDDTY010003171.1	1	14571	15	1575	10.8091	0.163956	31.5	1.53
CBDDTY010003172.1	1	14562	29	4393	30.1676	0.385593	30.8	35.5
CBDDTY010003173.1	1	14557	31	3709	25.4792	0.344508	29.1	18
CBDDTY010003174.1	1	14550	12	1876	12.8935	0.136426	30.8	8.75
CBDDTY010003175.1	1	14548	23	2299	15.8029	0.241064	30	1.7
CBDDTY010003176.1	1	14541	34	3366	23.1483	0.370332	29.2	0.765
CBDDTY010003177.1	1	14528	85	5733	39.4617	0.980452	31.2	7.79
CBDDTY010003178.1	1	14506	34	3802	26.2098	0.440438	30.7	24.4
CBDDTY010003179.1	1	14470	19	2216	15.3144	0.22405	31.1	3.16
CBDDTY010003180.1	1	14455	29	3928	27.174	0.381529	30.8	29.5
CBDDTY010003181.1	1	14452	22	2218	15.3474	0.264462	28.4	3
CBDDTY010003182.1	1	14450	32	4500	31.1419	0.442699	30.1	24.3
CBDDTY010003183.1	1	14450	15	944	6.53287	0.166159	32.2	1.47
CBDDTY010003184.1	1	14437	19	3167	21.9367	0.285724	31.8	45.2
CBDDTY010003185.1	1	14415	32	4446	30.8429	0.411585	28.9	30.4
CBDDTY010003186.1	1	14370	39	5030	35.0035	0.535978	29.5	13.2
CBDDTY010003187.1	1	14351	11	718	5.00314	0.111281	30.7	6.18
CBDDTY010003188.1	1	14350	14	1997	13.9164	0.193728	29.8	8.86
CBDDTY010003189.1	1	14346	18	2298	16.0184	0.19441	28.2	1.67
CBDDTY010003190.1	1	14343	25	3213	22.4012	0.268981	28.4	27.3
CBDDTY010003191.1	1	14302	23	2257	15.781	0.296043	30.5	13.2
CBDDTY010003192.1	1	14287	19	2659	18.6113	0.247638	30.4	28.6
CBDDTY010003193.1	1	14272	23	3522	24.6777	0.306194	31.5	22.4
CBDDTY010003194.1	1	14271	16	2431	17.0345	0.195782	30	9.75
CBDDTY010003195.1	1	14266	7	858	6.0143	0.060143	32.9	2
CBDDTY010003196.1	1	14261	32	3985	27.9433	0.40488	28.1	39.5
CBDDTY010003197.1	1	14242	35	3669	25.7618	0.409774	29.9	11.1
CBDDTY010003198.1	1	14230	26	1928	13.5488	0.294238	29	1.85
CBDDTY010003199.1	1	14221	12	1748	12.2917	0.13909	26.6	4.08
CBDDTY010003200.1	1	14164	21	2726	19.246	0.264968	30.2	29.8
CBDDTY010003201.1	1	14142	18	2215	15.6626	0.213336	29.3	1.44
CBDDTY010003202.1	1	14129	19	2389	16.9085	0.208224	29.7	2.05
CBDDTY010003203.1	1	14119	18	2632	18.6415	0.218854	28.4	36
CBDDTY010003204.1	1	14115	21	2446	17.3291	0.248742	30.1	0.238
CBDDTY010003205.1	1	14072	24	3077	21.8661	0.301094	27.8	20.1
CBDDTY010003206.1	1	14036	13	1986	14.1493	0.155885	30.8	47.5
CBDDTY010003207.1	1	14035	29	3855	27.467	0.343783	29.4	34.8
CBDDTY010003208.1	1	14030	32	4793	34.1625	0.423236	30.6	29.7
CBDDTY010003209.1	1	14024	10	1289	9.19139	0.15067	33.2	42
CBDDTY010003210.1	1	14000	18	2664	19.0286	0.213643	28.1	8.44
CBDDTY010003211.1	1	14000	30	4293	30.6643	0.398429	29.7	2.93
CBDDTY010003212.1	1	14000	22	2749	19.6357	0.303357	27.9	8.82
CBDDTY010003213.1	1	14000	16	2129	15.2071	0.171786	31.1	5.25
CBDDTY010003214.1	1	14000	121	8608	61.4857	1.63807	30.6	10.8
CBDDTY010003215.1	1	14000	6	653	4.66429	0.0708571	33.2	28.7
CBDDTY010003216.1	1	14000	11	2175	15.5357	0.165429	32.3	16
CBDDTY010003217.1	1	14000	13	1347	9.62143	0.169143	30.9	0.154
CBDDTY010003218.1	1	14000	25	2746	19.6143	0.313214	30.4	1.8
CBDDTY010003219.1	1	14000	12	1910	13.6429	0.147857	29.6	17.7
CBDDTY010003220.1	1	14000	44	3575	25.5357	0.486643	31.8	2.68
CBDDTY010003221.1	1	14000	25	3736	26.6857	0.360857	29.8	6.96
CBDDTY010003222.1	1	14000	94	6559	46.85	1.20057	31.3	27.7
CBDDTY010003223.1	1	14000	10	1237	8.83571	0.0956429	29.5	7.3
CBDDTY010003224.1	1	14000	3	517	3.69286	0.0369286	32.5	1.33
CBDDTY010003225.1	1	14000	10	1616	11.5429	0.125071	30.4	21.8
CBDDTY010003226.1	1	14000	22	3431	24.5071	0.284571	28.7	23.2
CBDDTY010003227.1	1	14000	98	6063	43.3071	1.29057	30.5	9.45
CBDDTY010003228.1	1	14000	25	1811	12.9357	0.293571	32.7	6.48
CBDDTY010003229.1	1	14000	26	3283	23.45	0.366571	29.5	15.1
CBDDTY010003230.1	1	14000	23	2802	20.0143	0.262429	31.4	13.7
CBDDTY010003231.1	1	14000	25	3646	26.0429	0.359929	28.6	30.1
CBDDTY010003232.1	1	14000	14	2089	14.9214	0.176643	29.6	43.1
CBDDTY010003233.1	1	14000	6	998	7.12857	0.0750714	30.7	8.67
CBDDTY010003234.1	1	13998	9	1171	8.36548	0.12266	31.2	2.22
CBDDTY010003235.1	1	13987	44	3999	28.5908	0.54758	30.7	16.2
CBDDTY010003236.1	1	13986	22	3577	25.5756	0.291434	30	29.6
CBDDTY010003237.1	1	13979	27	2817	20.1517	0.3526	27.3	19.4
CBDDTY010003238.1	1	13970	19	3278	23.4646	0.303865	28.2	28.1
CBDDTY010003239.1	1	13967	40	3984	28.5244	0.529104	30.3	12.4
CBDDTY010003240.1	1	13962	59	5214	37.3442	0.80361	30.6	19.7
CBDDTY010003241.1	1	13931	18	2578	18.5055	0.208456	28.2	12.7
CBDDTY010003242.1	1	13930	18	2358	16.9275	0.229002	29.1	6.72
CBDDTY010003243.1	1	13924	20	1329	9.54467	0.278727	31.5	1.25
CBDDTY010003244.1	1	13913	16	2793	20.0748	0.229569	31.1	36
CBDDTY010003245.1	1	13897	25	2989	21.5082	0.327912	28.3	9.48
CBDDTY010003246.1	1	13896	18	2714	19.5308	0.226972	32.8	41.9
CBDDTY010003247.1	1	13861	112	8058	58.1343	1.59988	27.4	11.6
CBDDTY010003248.1	1	13842	6	791	5.71449	0.065164	34.7	18.7
CBDDTY010003249.1	1	13836	12	2351	16.9919	0.209309	31.1	52.6
CBDDTY010003250.1	1	13828	2	186	1.3451	0.013451	27.1	0
CBDDTY010003251.1	1	13817	11	1501	10.8634	0.141203	30.1	31.5
CBDDTY010003252.1	1	13814	24	2288	16.5629	0.287752	32.4	10.4
CBDDTY010003253.1	1	13795	24	3784	27.4302	0.322943	31.9	37.1
CBDDTY010003254.1	1	13791	72	8227	59.6548	0.91799	29	33.2
CBDDTY010003255.1	1	13781	13	1696	12.3068	0.157463	30.3	0.308
CBDDTY010003256.1	1	13755	32	3747	27.241	0.441221	29.8	9.75
CBDDTY010003257.1	1	13741	10	1268	9.22786	0.127283	28.1	8.7
CBDDTY010003258.1	1	13738	14	2057	14.9731	0.183942	30.7	1.21
CBDDTY010003259.1	1	13738	47	3939	28.6723	0.557941	30	11
CBDDTY010003260.1	1	13703	32	4020	29.3366	0.426987	30.4	12.8
CBDDTY010003261.1	1	13683	14	1524	11.1379	0.177008	31.7	3.14
CBDDTY010003262.1	1	13672	19	1833	13.407	0.234055	28.1	10
CBDDTY010003263.1	1	13665	21	2878	21.0611	0.343944	31	26
CBDDTY010003264.1	1	13641	58	5529	40.5322	0.687706	31.1	19
CBDDTY010003265.1	1	13631	25	3471	25.464	0.317878	27.8	25.1
CBDDTY010003266.1	1	13622	70	6783	49.7945	0.965497	30.4	7.66
CBDDTY010003267.1	1	13600	20	2580	18.9706	0.271912	31	8.55
CBDDTY010003268.1	1	13597	15	2144	15.7682	0.178642	32.8	34.7
CBDDTY010003269.1	1	13596	25	2716	19.9765	0.278538	29	14.7
CBDDTY010003270.1	1	13587	13	1494	10.9958	0.165894	31.3	5.23
CBDDTY010003271.1	1	13574	41	3191	23.5082	0.542655	31.5	10.8
CBDDTY010003272.1	1	13569	21	3400	25.0571	0.284103	32.2	37.1
CBDDTY010003273.1	1	13555	20	2879	21.2394	0.250682	29	5.1
CBDDTY010003274.1	1	13533	55	5353	39.5552	0.785118	30.8	26.3
CBDDTY010003275.1	1	13524	61	5033	37.2153	0.797249	29.4	12.3
CBDDTY010003276.1	1	13513	24	2604	19.2703	0.310738	29.6	25
CBDDTY010003277.1	1	13511	41	5664	41.9214	0.603212	30.5	25.8
CBDDTY010003278.1	1	13507	25	3137	23.225	0.334789	29.9	4.36
CBDDTY010003279.1	1	13494	25	3039	22.5211	0.352749	31	8
CBDDTY010003280.1	1	13492	13	2456	18.2034	0.19241	27.9	31.5
CBDDTY010003281.1	1	13479	27	2943	21.834	0.296239	30.3	4.81
CBDDTY010003282.1	1	13457	20	2199	16.3409	0.20376	31.4	7.1
CBDDTY010003283.1	1	13448	21	2479	18.434	0.280711	29	16.1
CBDDTY010003284.1	1	13439	9	1054	7.84285	0.0959149	32.1	2.56
CBDDTY010003285.1	1	13418	24	3527	26.2856	0.333954	30.8	28.7
CBDDTY010003286.1	1	13417	17	2349	17.5076	0.238503	30.2	34.5
CBDDTY010003287.1	1	13416	44	4892	36.4639	0.530188	30.4	18.4
CBDDTY010003288.1	1	13414	31	3984	29.7003	0.407112	31	22
CBDDTY010003289.1	1	13408	23	3700	27.5955	0.313097	30.9	31.9
CBDDTY010003290.1	1	13376	23	3295	24.6337	0.280801	29.5	42
CBDDTY010003291.1	1	13362	43	5200	38.9163	0.584643	31.2	26.3
CBDDTY010003292.1	1	13360	19	2842	21.2725	0.235629	30.2	36.7
CBDDTY010003293.1	1	13360	20	2401	17.9716	0.22268	30.9	29.5
CBDDTY010003294.1	1	13357	7	1082	8.10062	0.0810062	32.7	38.6
CBDDTY010003295.1	1	13354	42	5382	40.3025	0.589786	29	30.7
CBDDTY010003296.1	1	13320	8	1586	11.9069	0.119069	31.9	12
CBDDTY010003297.1	1	13310	33	4577	34.3877	0.42299	30.8	21.2
CBDDTY010003298.1	1	13304	19	1778	13.3644	0.243235	29.6	2.68
CBDDTY010003299.1	1	13302	240	5822	43.7679	3.32161	28.4	1.37
CBDDTY010003300.1	1	13293	15	2420	18.2051	0.209283	29.5	28.8
CBDDTY010003301.1	1	13273	67	6352	47.8566	0.891283	31.4	21.3
CBDDTY010003302.1	1	13271	14	1856	13.9854	0.189963	29.4	31.9
CBDDTY010003303.1	1	13257	67	5512	41.578	0.946368	29.4	10.8
CBDDTY010003304.1	1	13210	59	5821	44.0651	0.771385	30	10.9
CBDDTY010003305.1	1	13207	19	2884	21.8369	0.290679	30.5	5.84
CBDDTY010003306.1	1	13199	19	2660	20.153	0.249034	31.8	23.5
CBDDTY010003307.1	1	13153	25	3492	26.5491	0.343496	29	26.3
CBDDTY010003308.1	1	13143	23	3962	30.1453	0.364224	29.5	42
CBDDTY010003309.1	1	13133	20	2981	22.6985	0.273966	29.8	27.7
CBDDTY010003310.1	1	13100	15	2353	17.9618	0.231527	32.1	37
CBDDTY010003311.1	1	13099	11	1428	10.9016	0.163906	29.5	13.8
CBDDTY010003312.1	1	13057	33	3700	28.3373	0.475454	28.2	8.76
CBDDTY010003313.1	1	13038	67	4089	31.3622	0.877205	29.8	18.7
CBDDTY010003314.1	1	13028	54	6794	52.1492	0.744166	30.5	34.1
CBDDTY010003315.1	1	13010	7	967	7.43274	0.0780169	30.7	5
CBDDTY010003316.1	1	13000	33	3554	27.3385	0.463231	29.7	8.97
CBDDTY010003317.1	1	13000	2	148	1.13846	0.0113846	35.1	4.5
CBDDTY010003318.1	1	13000	22	3310	25.4615	0.368846	30.7	6.18
CBDDTY010003319.1	1	13000	35	2094	16.1077	0.466846	28.8	23.8
CBDDTY010003320.1	1	13000	17	2756	21.2	0.227692	30.2	30.8
CBDDTY010003321.1	1	13000	11	1286	9.89231	0.140846	29.7	29.5
CBDDTY010003322.1	1	13000	30	2104	16.1846	0.360615	29.7	4.57
CBDDTY010003323.1	1	13000	18	2526	19.4308	0.246154	29.7	12.7
CBDDTY010003324.1	1	13000	12	1575	12.1154	0.161154	34	25.8
CBDDTY010003325.1	1	13000	18	2934	22.5692	0.246538	31.3	22.7
CBDDTY010003326.1	1	13000	16	1081	8.31538	0.197385	30.8	6.12
CBDDTY010003327.1	1	13000	18	2217	17.0538	0.225077	31.6	2.56
CBDDTY010003328.1	1	13000	24	2254	17.3385	0.308385	29.9	2.25
CBDDTY010003330.1	1	13000	53	5533	42.5615	0.808846	31.4	9.55
CBDDTY010003331.1	1	13000	2	205	1.57692	0.0157692	35.6	0
CBDDTY010003332.1	1	13000	11	1850	14.2308	0.199385	28.4	23.5
CBDDTY010003333.1	1	13000	15	2652	20.4	0.221	29.1	14.9
CBDDTY010003334.1	1	13000	7	1141	8.77692	0.107231	28.3	0.143
CBDDTY010003335.1	1	13000	20	1413	10.8692	0.303846	29.1	5
CBDDTY010003336.1	1	13000	20	2929	22.5308	0.256769	29.3	31.6
CBDDTY010003337.1	1	13000	18	2493	19.1769	0.264923	29.8	8.17
CBDDTY010003338.1	1	13000	15	2206	16.9692	0.210923	26.4	32.3
CBDDTY010003339.1	1	13000	29	2775	21.3462	0.389769	31.7	1.31
CBDDTY010003340.1	1	13000	32	5289	40.6846	0.489308	30.6	37.6
CBDDTY010003341.1	1	13000	19	2517	19.3615	0.253846	32.2	29.9
CBDDTY010003342.1	1	13000	3	525	4.03846	0.0403846	29.1	3.67
CBDDTY010003343.1	1	13000	147	7239	55.6846	2.20477	29.9	11.9
CBDDTY010003344.1	1	13000	24	3429	26.3769	0.317923	31.7	31.8
CBDDTY010003345.1	1	13000	11	2078	15.9846	0.168846	33.8	2.73
CBDDTY010003346.1	1	13000	21	3462	26.6308	0.303462	29.6	35.4
CBDDTY010003347.1	1	13000	11	1191	9.16154	0.127	28.1	16.4
CBDDTY010003348.1	1	13000	8	1289	9.91538	0.137615	27.8	5.88
CBDDTY010003349.1	1	13000	29	3921	30.1615	0.399385	30.4	27.8
CBDDTY010003350.1	1	13000	16	865	6.65385	0.139077	31.8	4.31
CBDDTY010003351.1	1	13000	13	1670	12.8462	0.175	28.7	14.3
CBDDTY010003352.1	1	13000	15	2529	19.4538	0.216385	30.8	11.6
CBDDTY010003353.1	1	12996	16	2197	16.9052	0.204986	32.4	24.4
CBDDTY010003354.1	1	12987	40	4586	35.3122	0.61346	27.9	36.2
CBDDTY010003355.1	1	12927	22	3921	30.3319	0.388334	28.7	39.3
CBDDTY010003356.1	1	12912	13	2132	16.5118	0.186029	32.7	35.8
CBDDTY010003357.1	1	12876	15	1973	15.3231	0.175909	30.6	7.07
CBDDTY010003358.1	1	12869	19	2283	17.7403	0.269096	31	35.9
CBDDTY010003359.1	1	12850	9	1415	11.0117	0.131984	34.7	34.1
CBDDTY010003360.1	1	12846	31	3127	24.3422	0.349681	31.9	3.74
CBDDTY010003361.1	1	12845	30	4814	37.4776	0.49747	30.5	31.4
CBDDTY010003362.1	1	12831	11	1465	11.4177	0.128829	30.8	2.18
CBDDTY010003363.1	1	12826	36	5182	40.4023	0.501325	30.5	14.5
CBDDTY010003364.1	1	12808	30	2424	18.9257	0.412008	29.8	4.87
CBDDTY010003365.1	1	12798	6	1036	8.09501	0.0923582	31.5	23.3
CBDDTY010003366.1	1	12741	40	5080	39.8713	0.5757	30.8	31.4
CBDDTY010003367.1	1	12675	98	6160	48.5996	1.30454	31	16
CBDDTY010003368.1	1	12660	16	3550	28.0411	0.306398	27.2	11
CBDDTY010003369.1	1	12650	32	4078	32.2372	0.429486	29.4	35.5
CBDDTY010003370.1	1	12644	65	4422	34.9731	0.837472	30	32.2
CBDDTY010003371.1	1	12631	28	3172	25.1128	0.398464	31	25.2
CBDDTY010003372.1	1	12581	12	1528	12.1453	0.167236	30.6	9.58
CBDDTY010003373.1	1	12555	28	3595	28.634	0.430824	28.9	28.8
CBDDTY010003374.1	1	12554	25	4606	36.6895	0.450454	28.7	19.8
CBDDTY010003375.1	1	12550	24	2989	23.8167	0.396016	31.5	29.4
CBDDTY010003376.1	1	12522	44	4279	34.1719	0.60813	30.5	12.6
CBDDTY010003377.1	1	12522	29	3720	29.7077	0.334771	31.3	15.8
CBDDTY010003378.1	1	12449	38	4594	36.9026	0.495702	31.1	37.2
CBDDTY010003379.1	1	12445	15	2208	17.7421	0.246605	30	5.8
CBDDTY010003380.1	1	12437	19	2734	21.9828	0.242181	31	22.3
CBDDTY010003381.1	1	12423	24	3236	26.0485	0.310955	31.8	35.4
CBDDTY010003382.1	1	12404	31	3684	29.7001	0.39971	29.6	24.4
CBDDTY010003383.1	1	12356	26	3137	25.3885	0.331904	30	33.1
CBDDTY010003384.1	1	12254	21	3515	28.6845	0.326179	30.2	20.9
CBDDTY010003385.1	1	12235	34	1243	10.1594	0.44291	30.7	20.3
CBDDTY010003386.1	1	12228	22	1766	14.4423	0.30561	29.2	31.5
CBDDTY010003387.1	1	12221	8	1414	11.5702	0.125522	32.1	33.9
CBDDTY010003388.1	1	12216	9	1166	9.54486	0.114686	29.2	16.8
CBDDTY010003389.1	1	12192	11	2006	16.4534	0.176837	32.3	28.5
CBDDTY010003390.1	1	12181	22	2769	22.7321	0.259749	29.1	32.7
CBDDTY010003391.1	1	12163	14	2199	18.0794	0.194031	30.9	40
CBDDTY010003392.1	1	12160	19	3368	27.6974	0.327385	29.7	20.8
CBDDTY010003393.1	1	12114	16	2534	20.9179	0.237824	30.6	15.8
CBDDTY010003394.1	1	12084	20	2478	20.5065	0.255462	33.8	10.4
CBDDTY010003395.1	1	12077	32	3305	27.3661	0.418895	30.4	5.09
CBDDTY010003396.1	1	12074	28	4048	33.5266	0.432085	31.9	22
CBDDTY010003397.1	1	12049	5	1095	9.08789	0.0961906	29.5	24.4
CBDDTY010003398.1	1	12021	17	2905	24.166	0.273521	30.9	42.1
CBDDTY010003399.1	1	12011	3	580	4.82891	0.0482891	27.9	6.67
CBDDTY010003400.1	1	12000	116	8378	69.8167	1.89475	30.7	27.9
CBDDTY010003401.1	1	12000	1	78	0.65	0.0065	18.2	1
CBDDTY010003402.1	1	12000	33	3174	26.45	0.490917	29.9	2.73
CBDDTY010003403.1	1	12000	18	2402	20.0167	0.2965	30.9	5.06
CBDDTY010003404.1	1	12000	68	6363	53.025	0.91975	30.7	34.3
CBDDTY010003405.1	1	12000	20	2801	23.3417	0.33375	31	10.5
CBDDTY010003406.1	1	12000	17	2254	18.7833	0.259917	31.1	39.3
CBDDTY010003407.1	1	12000	39	4977	41.475	0.64025	31.4	49.4
CBDDTY010003408.1	1	12000	16	3250	27.0833	0.298333	30.1	20.1
CBDDTY010003409.1	1	12000	15	2174	18.1167	0.25425	28.5	18.1
CBDDTY010003410.1	1	12000	9	1553	12.9417	0.15875	31.8	27.2
CBDDTY010003411.1	1	12000	15	1944	16.2	0.2025	31.4	18.1
CBDDTY010003412.1	1	12000	25	2746	22.8833	0.332417	30.5	13.5
CBDDTY010003413.1	1	12000	15	2221	18.5083	0.229583	29.1	1.13
CBDDTY010003414.1	1	12000	12	1364	11.3667	0.171917	28.2	0.667
CBDDTY010003415.1	1	12000	22	2494	20.7833	0.311833	31.8	14.9
CBDDTY010003416.1	1	12000	22	2776	23.1333	0.329333	30.9	6.23
CBDDTY010003417.1	1	12000	12	1535	12.7917	0.17475	29.7	0.917
CBDDTY010003418.1	1	12000	1	286	2.38333	0.0238333	34.5	60
CBDDTY010003419.1	1	12000	29	3516	29.3	0.468917	28.4	5.93
CBDDTY010003420.1	1	12000	27	2756	22.9667	0.375667	28.8	27.3
CBDDTY010003421.1	1	12000	21	2397	19.975	0.298	29.5	20.5
CBDDTY010003422.1	1	12000	33	3986	33.2167	0.494333	29.7	15.5
CBDDTY010003423.1	1	12000	25	2285	19.0417	0.372333	29.2	23.3
CBDDTY010003424.1	1	12000	18	1914	15.95	0.255833	28.3	3.56
CBDDTY010003425.1	1	12000	10	1278	10.65	0.123417	30.2	18.7
CBDDTY010003426.1	1	12000	25	3569	29.7417	0.39075	30.3	29
CBDDTY010003427.1	1	11972	22	3188	26.6288	0.374791	31	42.1
CBDDTY010003428.1	1	11969	9	1453	12.1397	0.150305	30.6	14.9
CBDDTY010003429.1	1	11949	28	4649	38.907	0.463302	29.6	25
CBDDTY010003430.1	1	11948	21	2386	19.9699	0.31319	32.1	9.52
CBDDTY010003431.1	1	11920	21	2903	24.354	0.298993	32.4	31
CBDDTY010003432.1	1	11908	26	4198	35.2536	0.436597	32.1	40.4
CBDDTY010003433.1	1	11906	158	6311	53.0069	2.52881	29.4	16
CBDDTY010003434.1	1	11850	26	3254	27.4599	0.383544	27.5	41.6
CBDDTY010003435.1	1	11830	3	236	1.99493	0.0365173	28.4	4
CBDDTY010003436.1	1	11819	49	4876	41.2556	0.785599	28.7	9.92
CBDDTY010003437.1	1	11812	32	2136	18.0833	0.429478	29.7	7.06
CBDDTY010003438.1	1	11777	10	1975	16.77	0.188588	29.8	6.3
CBDDTY010003439.1	1	11758	27	3662	31.1448	0.386971	29	33.2
CBDDTY010003440.1	1	11712	30	4353	37.167	0.542094	30.2	30.8
CBDDTY010003441.1	1	11691	23	3295	28.1841	0.35198	32.5	21
CBDDTY010003442.1	1	11671	17	2672	22.8944	0.24668	32.9	22
CBDDTY010003443.1	1	11620	2	219	1.88468	0.0188468	35.4	1
CBDDTY010003444.1	1	11610	14	2290	19.7244	0.230146	31.9	40.9
CBDDTY010003445.1	1	11603	32	4432	38.197	0.544601	30.6	17.2
CBDDTY010003446.1	1	11576	17	2711	23.4191	0.266932	30.8	39.5
CBDDTY010003447.1	1	11553	10	1959	16.9566	0.186791	31.9	28.7
CBDDTY010003448.1	1	11552	21	2729	23.6236	0.3241	30.5	13
CBDDTY010003449.1	1	11502	25	3385	29.4297	0.403582	29.5	29.8
CBDDTY010003450.1	1	11471	30	3862	33.6675	0.419144	30.4	25.9
CBDDTY010003451.1	1	11420	5	761	6.66375	0.0740806	28.1	11.2
CBDDTY010003452.1	1	11332	18	2781	24.5411	0.316449	27.3	9.06
CBDDTY010003453.1	1	11309	3	442	3.90839	0.0390839	27.2	11.3
CBDDTY010003454.1	1	11270	19	3049	27.0541	0.323514	28.8	50.2
CBDDTY010003455.1	1	11221	14	2153	19.1872	0.215756	29.6	37.1
CBDDTY010003456.1	1	11168	35	4423	39.6042	0.585602	31.1	35.6
CBDDTY010003457.1	1	11122	36	4581	41.1886	0.599083	28.2	35.4
CBDDTY010003458.1	1	11099	14	2350	21.1731	0.225876	32.2	28.6
CBDDTY010003459.1	1	11000	123	8651	78.6455	2.06836	30.1	35
CBDDTY010003460.1	1	11000	27	2207	20.0636	0.435818	29.5	18.3
CBDDTY010003461.1	1	11000	70	4058	36.8909	1.14218	30.8	25
CBDDTY010003462.1	1	11000	17	2094	19.0364	0.311182	32.5	20.6
CBDDTY010003463.1	1	11000	21	2893	26.3	0.377	31.5	41.6
CBDDTY010003464.1	1	11000	7	1497	13.6091	0.137091	30.5	28.1
CBDDTY010003465.1	1	11000	53	5755	52.3182	0.832182	29.3	16.3
CBDDTY010003466.1	1	11000	15	2716	24.6909	0.269636	29	11.5
CBDDTY010003467.1	1	11000	27	2889	26.2636	0.417	28.6	9.96
CBDDTY010003468.1	1	11000	14	1860	16.9091	0.230455	29.3	28.1
CBDDTY010003469.1	1	11000	12	1260	11.4545	0.21	33.3	13.8
CBDDTY010003470.1	1	11000	5	633	5.75455	0.0690909	35.4	24.2
CBDDTY010003471.1	1	11000	20	2782	25.2909	0.345636	28.4	19.4
CBDDTY010003472.1	1	11000	20	2976	27.0545	0.332909	27.8	15.2
CBDDTY010003473.1	1	11000	2	372	3.38182	0.0338182	27.4	30
CBDDTY010003474.1	1	11000	6	486	4.41818	0.0645455	30.9	3.17
CBDDTY010003475.1	1	11000	27	3193	29.0273	0.432455	32.5	0.0741
CBDDTY010003476.1	1	11000	77	4300	39.0909	1.29664	30.4	25.2
CBDDTY010003477.1	1	11000	12	2541	23.1	0.253818	31.5	36.9
CBDDTY010003478.1	1	11000	11	1797	16.3364	0.226909	29.9	39.5
CBDDTY010003479.1	1	11000	22	2924	26.5818	0.450455	31.3	0.273
CBDDTY010003480.1	1	11000	37	2904	26.4	0.604273	28.3	18.8
CBDDTY010003481.1	1	11000	7	1125	10.2273	0.117182	28.5	24.7
CBDDTY010003482.1	1	11000	11	1652	15.0182	0.171909	31.7	16.7
CBDDTY010003483.1	1	11000	6	614	5.58182	0.0922727	32	42.7
CBDDTY010003484.1	1	11000	4	501	4.55455	0.0455455	33.6	22.8
CBDDTY010003485.1	1	11000	10	1731	15.7364	0.178727	30.7	43.7
CBDDTY010003486.1	1	10894	17	2290	21.0207	0.29071	33.9	34.7
CBDDTY010003487.1	1	10881	5	766	7.03979	0.0703979	32.7	0.6
CBDDTY010003488.1	1	10877	12	1939	17.8266	0.22166	31.1	44
CBDDTY010003489.1	1	10760	20	2609	24.2472	0.303253	30.1	29.3
CBDDTY010003490.1	1	10741	22	3477	32.3713	0.388232	31.2	45.8
CBDDTY010003491.1	1	10657	28	3777	35.4415	0.469551	31.1	22
CBDDTY010003492.1	1	10327	15	1992	19.2892	0.245279	29.9	10.1
CBDDTY010003493.1	1	10000	22	2775	27.75	0.373	30	16.1
CBDDTY010003494.1	1	10000	19	2760	27.6	0.3804	29.9	13.4
CBDDTY010003495.1	1	10000	9	1548	15.48	0.1797	30.3	7
CBDDTY010003496.1	1	10000	14	2067	20.67	0.277	28.3	41.6
CBDDTY010003497.1	1	10000	17	2548	25.48	0.2987	31.7	30.2
CBDDTY010003498.1	1	10000	15	3342	33.42	0.367	29.5	41.5
CBDDTY010003499.1	1	10000	13	2306	23.06	0.2563	30.9	18.7
CBDDTY010003500.1	1	10000	24	2466	24.66	0.4167	31.1	18.9
CBDDTY010003501.1	1	10000	6	1208	12.08	0.1208	31.7	44.8
CBDDTY010003502.1	1	10000	15	2184	21.84	0.2645	28.1	30.7
CBDDTY010003503.1	1	9000	4	865	9.61111	0.0961111	28	1
CBDDTY010003504.1	1	9000	40	3127	34.7444	0.725556	31.1	11.2
CBDDTY010003505.1	1	9000	19	2386	26.5111	0.365889	30	6.84
CBDDTY010003506.1	1	9000	26	2708	30.0889	0.559778	31	36
CBDDTY010003507.1	1	9000	1	151	1.67778	0.0167778	18.9	1
CBDDTY010003508.1	1	9000	8	1427	15.8556	0.165222	34.2	27.5
CBDDTY010003509.1	1	9000	13	2247	24.9667	0.299667	31.6	28.3
CBDDTY010003511.1	1	9000	3	416	4.62222	0.0678889	30.3	0.667
CBDDTY010003512.1	1	9000	112	4613	51.2556	1.98711	31.3	31
CBDDTY010003513.1	1	9000	4	660	7.33333	0.0733333	28.6	0.25
CBDDTY010003514.1	1	9000	13	2066	22.9556	0.237	30.1	39.2
CBDDTY010003515.1	1	9000	18	2465	27.3889	0.336889	29.3	34.4
CBDDTY010003516.1	1	9000	9	1006	11.1778	0.143444	29.9	1.78
CBDDTY010003517.1	1	9000	4	735	8.16667	0.0816667	29	11.8
CBDDTY010003518.1	1	9000	9	1759	19.5444	0.203444	28	21.1
CBDDTY010003519.1	1	9000	13	1889	20.9889	0.269889	33.6	4.38
CBDDTY010003520.1	1	9000	17	3049	33.8778	0.391444	29.4	31.5
CBDDTY010003521.1	1	9000	32	4562	50.6889	0.683111	31.1	45.3
CBDDTY010003522.1	1	9000	9	1277	14.1889	0.182889	29.5	26.8
CBDDTY010003523.1	1	9000	23	2670	29.6667	0.421667	31.9	31.1
CBDDTY010003524.1	1	9000	16	2047	22.7444	0.314	33.1	29.7
CBDDTY010003525.1	1	9000	15	2178	24.2	0.295111	27.6	18.3
CBDDTY010003526.1	1	9000	21	2123	23.5889	0.422889	31.6	6.57
CBDDTY010003527.1	1	9000	4	577	6.41111	0.0641111	31.7	35.5
CBDDTY010003528.1	1	9000	17	1767	19.6333	0.334	25.6	3.65
CBDDTY010003529.1	1	9000	9	1387	15.4111	0.210556	31.4	50.7
CBDDTY010003530.1	1	9000	26	2583	28.7	0.545	30.4	25.9
CBDDTY010003531.1	1	8000	12	1705	21.3125	0.291	31.3	27.2
CBDDTY010003532.1	1	8000	27	3504	43.8	0.697625	29.9	26.9
CBDDTY010003533.1	1	8000	4	470	5.875	0.05875	30.8	2
CBDDTY010003534.1	1	8000	11	1421	17.7625	0.249875	28.7	11.4
CBDDTY010003535.1	1	8000	8	1307	16.3375	0.18725	36.9	1.38
CBDDTY010003536.1	1	8000	63	5934	74.175	1.349	30.4	27.4
CBDDTY010003537.1	1	8000	18	1710	21.375	0.399	31.4	19.8
CBDDTY010003538.1	1	8000	9	1025	12.8125	0.20275	29.4	3.56
CBDDTY010003539.1	1	8000	14	2514	31.425	0.36575	29.3	4.79
CBDDTY010003540.1	1	8000	13	1568	19.6	0.238	33.2	25.4
CBDDTY010003541.1	1	8000	2	416	5.2	0.052	29.6	4.5
CBDDTY010003542.1	1	8000	6	891	11.1375	0.111375	30.7	21
CBDDTY010003543.1	1	8000	33	3450	43.125	0.737625	29.8	19.1
CBDDTY010003544.1	1	8000	13	2037	25.4625	0.338375	27.5	7.38
CBDDTY010003545.1	1	8000	7	865	10.8125	0.184875	31.5	30.1
CBDDTY010003546.1	1	8000	12	1553	19.4125	0.241375	30.9	22.4
CBDDTY010003547.1	1	8000	10	1199	14.9875	0.206875	33.2	15.1
CBDDTY010003548.1	1	8000	5	799	9.9875	0.13375	29.6	0.4
CBDDTY010003549.1	1	8000	42	3927	49.0875	0.9785	31	35.8
CBDDTY010003550.1	1	8000	17	2329	29.1125	0.3595	27.8	12.9
CBDDTY010003551.1	1	8000	22	2091	26.1375	0.42975	31.1	5.45
CBDDTY010003552.1	1	8000	23	1662	20.775	0.52925	29.9	8.3
CBDDTY010003553.1	1	8000	21	2860	35.75	0.59025	27.8	41.1
CBDDTY010003554.1	1	8000	23	3013	37.6625	0.54	28.1	44.8
CBDDTY010003555.1	1	8000	23	2646	33.075	0.502625	31.4	20.6
CBDDTY010003556.1	1	8000	12	1262	15.775	0.21575	31	4.08
CBDDTY010003557.1	1	8000	14	1888	23.6	0.330875	32.9	0.786
CBDDTY010003558.1	1	8000	9	1093	13.6625	0.165125	31.3	19.8
CBDDTY010003559.1	1	8000	2	298	3.725	0.03725	29.4	32
CBDDTY010003560.1	1	8000	12	1820	22.75	0.3365	29.9	48.1
CBDDTY010003561.1	1	8000	25	2668	33.35	0.526625	29.7	10
CBDDTY010003562.1	1	8000	2	342	4.275	0.04275	29.2	24
CBDDTY010003563.1	1	7000	23	2377	33.9571	0.548429	32.8	15.2
CBDDTY010003564.1	1	7000	4	725	10.3571	0.136143	28.8	8.75
CBDDTY010003565.1	1	7000	6	786	11.2286	0.165143	27.8	3.83
CBDDTY010003566.1	1	7000	16	1144	16.3429	0.300571	30.9	12.9
CBDDTY010003567.1	1	7000	10	1705	24.3571	0.274429	31	31.3
CBDDTY010003568.1	1	7000	9	1312	18.7429	0.238	26.3	32.1
CBDDTY010003569.1	1	7000	14	1650	23.5714	0.26	32.6	33.9
CBDDTY010003570.1	1	7000	17	2420	34.5714	0.427286	30.3	4.71
CBDDTY010003571.1	1	7000	7	1032	14.7429	0.171	31.1	23.7
CBDDTY010003572.1	1	7000	10	1534	21.9143	0.246143	28.9	14.2
CBDDTY010003573.1	1	7000	19	2533	36.1857	0.506714	33.9	11.8
CBDDTY010003574.1	1	7000	10	1666	23.8	0.252286	31.5	21.7
CBDDTY010003576.1	1	7000	16	2095	29.9286	0.383571	31.1	14.1
CBDDTY010003577.1	1	7000	9	1542	22.0286	0.265	31.4	44.7
CBDDTY010003578.1	1	7000	9	1330	19	0.243286	28.7	39
CBDDTY010003579.1	1	7000	14	2052	29.3143	0.371286	30.4	19.9
CBDDTY010003580.1	1	7000	17	2460	35.1429	0.511143	29.4	46.7
CBDDTY010003581.1	1	7000	19	2351	33.5857	0.465143	29.7	5.37
CBDDTY010003582.1	1	7000	6	545	7.78571	0.161143	24.5	1.17
CBDDTY010003583.1	1	7000	13	1866	26.6571	0.320857	30.8	27.7
CBDDTY010003584.1	1	7000	9	1521	21.7286	0.321571	28.1	45.7
CBDDTY010003585.1	1	7000	27	3159	45.1286	0.632857	29.4	20.5
CBDDTY010003586.1	1	7000	34	2314	33.0571	0.713714	31.3	0.265
CBDDTY010003587.1	1	7000	11	1388	19.8286	0.253857	31.2	36.3
CBDDTY010003588.1	1	7000	34	3414	48.7714	0.880714	28.6	28.4
CBDDTY010003589.1	1	7000	21	2214	31.6286	0.533	31.9	14.3
CBDDTY010003591.1	1	7000	8	1202	17.1714	0.171714	28.9	21.2
CBDDTY010003592.1	1	7000	8	1053	15.0429	0.229429	30.5	35.6
CBDDTY010003593.1	1	7000	5	1097	15.6714	0.195571	19.2	8.4
CBDDTY010003594.1	1	7000	3	390	5.57143	0.0557143	30.4	0.333
CBDDTY010003595.1	1	7000	21	2802	40.0286	0.590286	28.4	14.5
CBDDTY010003596.1	1	7000	6	1127	16.1	0.161	29	19.2
CBDDTY010003597.1	1	7000	13	1673	23.9	0.293571	28.2	0.231
CBDDTY010003598.1	1	7000	4	588	8.4	0.0924286	32.9	5.75
CBDDTY010003599.1	1	7000	11	945	13.5	0.263286	28.9	0.909
CBDDTY010003600.1	1	7000	16	2412	34.4571	0.381857	31.1	29.9
CBDDTY010003601.1	1	7000	9	1233	17.6143	0.206286	30.4	4.78
CBDDTY010003602.1	1	6000	19	2181	36.35	0.520333	31.6	39.6
CBDDTY010003603.1	1	6000	41	2001	33.35	1.35383	29.9	5.59
CBDDTY010003604.1	1	6000	2	231	3.85	0.0385	40.5	5.5
CBDDTY010003605.1	1	6000	6	820	13.6667	0.160167	29.1	21.3
CBDDTY010003606.1	1	6000	8	1137	18.95	0.238833	35.6	18.4
CBDDTY010003607.1	1	6000	1	137	2.28333	0.0228333	33.9	1
CBDDTY010003608.1	1	6000	3	362	6.03333	0.0771667	28.7	23.7
CBDDTY010003609.1	1	6000	1	235	3.91667	0.0391667	34.7	17
CBDDTY010003610.1	1	6000	7	521	8.68333	0.213333	32.7	3.14
CBDDTY010003611.1	1	6000	7	960	16	0.177	30.9	18.1
CBDDTY010003613.1	1	6000	12	1581	26.35	0.3715	31.8	28.7
CBDDTY010003614.1	1	6000	9	1789	29.8167	0.3075	28.4	37.6
CBDDTY010003615.1	1	6000	10	1448	24.1333	0.337833	33.9	36.4
CBDDTY010003616.1	1	6000	17	1797	29.95	0.704833	31.5	9.35
CBDDTY010003617.1	1	6000	4	877	14.6167	0.146167	32.4	23.2
CBDDTY010003618.1	1	6000	28	3423	57.05	0.891833	30	49.8
CBDDTY010003619.1	1	6000	8	839	13.9833	0.1845	31.7	12.8
CBDDTY010003620.1	1	6000	9	1437	23.95	0.311333	31.3	27.1
CBDDTY010003621.1	1	6000	13	2073	34.55	0.4615	30.9	51.3
CBDDTY010003622.1	1	6000	2	747	12.45	0.1245	25.8	38
CBDDTY010003623.1	1	6000	5	446	7.43333	0.1305	28	6.2
CBDDTY010003625.1	1	6000	11	1172	19.5333	0.3	26.9	4.09
CBDDTY010003626.1	1	6000	11	1551	25.85	0.413	30.9	23.4
CBDDTY010003627.1	1	6000	6	1136	18.9333	0.199667	28.5	41.5
CBDDTY010003628.1	1	6000	10	1324	22.0667	0.259833	33.5	39
CBDDTY010003629.1	1	6000	12	2095	34.9167	0.404667	29.2	43.2
CBDDTY010003630.1	1	6000	10	1480	24.6667	0.366333	31.1	40.2
CBDDTY010003631.1	1	6000	11	1402	23.3667	0.288667	30.1	10.8
CBDDTY010003632.1	1	6000	8	953	15.8833	0.183667	32.5	26.6
CBDDTY010003633.1	1	6000	7	764	12.7333	0.173667	33.7	18
CBDDTY010003634.1	1	6000	16	2282	38.0333	0.501667	29	52.8
CBDDTY010003636.1	1	6000	1	135	2.25	0.0225	25.3	40
CBDDTY010003637.1	1	6000	8	1163	19.3833	0.254167	26.4	1.88
CBDDTY010003638.1	1	6000	21	1873	31.2167	0.567333	31.8	15.3
CBDDTY010003639.1	1	6000	12	1434	23.9	0.310667	30.8	20.4
CBDDTY010003640.1	1	6000	10	989	16.4833	0.227	31.4	15.3
CBDDTY010003641.1	1	6000	16	2283	38.05	0.597167	27	12.4
CBDDTY010003642.1	1	6000	1	195	3.25	0.0325	23.9	13
CBDDTY010003643.1	1	6000	26	2476	41.2667	0.825667	28.5	10.7
CBDDTY010003644.1	1	6000	1	255	4.25	0.0425	19.8	1
CBDDTY010003645.1	1	6000	14	1935	32.25	0.441	27.5	12.1
CBDDTY010003646.1	1	6000	8	1065	17.75	0.309	32	28.9
CBDDTY010003647.1	1	6000	5	854	14.2333	0.154	26.6	6.8
CBDDTY010003648.1	1	6000	4	520	8.66667	0.118833	32.2	33
CBDDTY010003649.1	1	6000	4	681	11.35	0.1135	34	37.8
CBDDTY010003650.1	1	6000	25	2657	44.2833	0.74	30.9	36.5
CBDDTY010003651.1	1	6000	14	2232	37.2	0.573667	27.4	0.214
CBDDTY010003652.1	1	6000	38	3972	66.2	1.12517	29.1	32.5
CBDDTY010003653.1	1	6000	20	1806	30.1	0.604833	28.4	3.75
CBDDTY010003654.1	1	6000	1	320	5.33333	0.0533333	30.4	1
CBDDTY010003655.1	1	6000	1	175	2.91667	0.0291667	31.6	60
CBDDTY010003656.1	1	6000	12	1691	28.1833	0.351333	31.7	29.5
CBDDTY010003657.1	1	6000	6	975	16.25	0.228667	31.8	36.8
CBDDTY010003658.1	1	6000	14	1999	33.3167	0.497	30.3	47.4
CBDDTY010003659.1	1	5000	8	1114	22.28	0.2906	28.7	30.6
CBDDTY010003660.1	1	5000	7	1091	21.82	0.2282	31.2	17.7
CBDDTY010003661.1	1	5000	7	1242	24.84	0.2986	31.3	22.7
CBDDTY010003662.1	1	5000	2	104	2.08	0.0366	35.1	0
CBDDTY010003663.1	1	5000	3	555	11.1	0.111	29.8	46
CBDDTY010003664.1	1	5000	4	562	11.24	0.1124	27.6	11.2
CBDDTY010003665.1	1	5000	6	701	14.02	0.1618	32.1	22.7
CBDDTY010003666.1	1	5000	6	756	15.12	0.1962	30.9	28.3
CBDDTY010003667.1	1	5000	8	922	18.44	0.2494	29.2	7.12
CBDDTY010003668.1	1	5000	2	381	7.62	0.0762	31	1
CBDDTY010003669.1	1	5000	21	1393	27.86	0.977	29.2	1.9
CBDDTY010003670.1	1	5000	8	1236	24.72	0.2946	28.6	5.62
CBDDTY010003671.1	1	5000	4	247	4.94	0.1498	27.5	1
CBDDTY010003672.1	1	5000	1	176	3.52	0.0352	34.7	15
CBDDTY010003673.1	1	5000	10	1557	31.14	0.347	30.2	39.4
CBDDTY010003674.1	1	5000	11	1613	32.26	0.4896	32.4	26.8
CBDDTY010003675.1	1	5000	8	1052	21.04	0.2622	32.3	39.1
CBDDTY010003678.1	1	5000	2	372	7.44	0.0744	29.6	13.5
CBDDTY010003679.1	1	5000	16	1963	39.26	0.6402	29.4	11.6
CBDDTY010003680.1	1	5000	2	179	3.58	0.0588	27.6	0
CBDDTY010003681.1	1	5000	12	1983	39.66	0.482	32.2	37.9
CBDDTY010003682.1	1	5000	4	506	10.12	0.1012	31.5	15.8
CBDDTY010003683.1	1	5000	6	962	19.24	0.2062	34.6	35.7
CBDDTY010003684.1	1	5000	12	1112	22.24	0.4248	32.5	7.75
CBDDTY010003685.1	1	5000	5	479	9.58	0.138	30.6	5.8
CBDDTY010003686.1	1	5000	10	1412	28.24	0.2824	30.7	25.2
CBDDTY010003687.1	1	5000	2	335	6.7	0.067	29.1	3
CBDDTY010003688.1	1	5000	7	1273	25.46	0.2546	30.9	17.9
CBDDTY010003689.1	1	5000	2	475	9.5	0.095	33.2	23.5
CBDDTY010003690.1	1	5000	1	194	3.88	0.0388	25.1	55
CBDDTY010003691.1	1	5000	13	1609	32.18	0.4448	29	4.77
CBDDTY010003692.1	1	5000	8	988	19.76	0.2546	29.9	33.1
CBDDTY010003693.1	1	5000	9	1254	25.08	0.2854	26.1	5.44
CBDDTY010003694.1	1	5000	7	848	16.96	0.216	31.3	41.4
CBDDTY010003695.1	1	5000	6	994	19.88	0.2238	29.3	28.7
CBDDTY010003696.1	1	5000	4	492	9.84	0.0984	28.8	28.5
CBDDTY010003697.1	1	5000	9	1366	27.32	0.3384	32.1	17.6
CBDDTY010003698.1	1	5000	26	3038	60.76	0.9784	27.4	16.6
CBDDTY010003699.1	1	4200	9	1285	30.5952	0.398333	35.6	24.7
CBDDTY010003700.1	1	5000	4	558	11.16	0.1294	34.6	0.5
CBDDTY010003701.1	1	5000	5	688	13.76	0.1606	29.1	2.6
CBDDTY010003702.1	1	5000	5	885	17.7	0.2206	24.9	2.4
CBDDTY010003703.1	1	5000	11	1266	25.32	0.3724	31.5	16.5
CBDDTY010003704.1	1	5000	11	1365	27.3	0.3516	32.9	51.8
CBDDTY010003705.1	1	5000	9	941	18.82	0.4058	31.2	18.2
CBDDTY010003706.1	1	5000	4	852	17.04	0.1704	34.1	21.2
CBDDTY010003708.1	1	5000	2	222	4.44	0.0444	24.9	0
CBDDTY010003709.1	1	5000	15	2232	44.64	0.5492	30.9	36.7
CBDDTY010003710.1	1	5000	17	2086	41.72	0.6006	30.8	26.4
CBDDTY010003712.1	1	5000	2	319	6.38	0.0854	28.4	9.5
CBDDTY010003713.1	1	5000	11	1335	26.7	0.37	29.2	12.6
CBDDTY010003714.1	1	5000	21	2419	48.38	0.8364	29.6	13.1
CBDDTY010003715.1	1	5000	20	1499	29.98	0.6582	27.9	1.4
CBDDTY010003716.1	1	5000	10	1632	32.64	0.4664	28.1	17.3
CBDDTY010003717.1	1	5000	20	2109	42.18	0.7574	30.9	8.15
CBDDTY010003718.1	1	5000	8	1017	20.34	0.2548	27.5	28.5
CBDDTY010003719.1	1	5000	19	2524	50.48	0.5806	29.4	35.5
CBDDTY010003720.1	1	5000	10	1507	30.14	0.371	28.5	11
CBDDTY010003721.1	1	5000	36	3312	66.24	1.394	31.9	47.3
CBDDTY010003722.1	1	5000	5	686	13.72	0.1682	29.8	26.4
CBDDTY010003723.1	1	5000	45	3955	79.1	1.7174	29.8	37.6
CBDDTY010003724.1	1	5000	1	214	4.28	0.0428	39	60
CBDDTY010003725.1	1	5000	7	816	16.32	0.2002	33.8	29
CBDDTY010003726.1	1	5000	3	290	5.8	0.058	29.9	6
CBDDTY010003727.1	1	5000	10	1779	35.58	0.382	28	31.6
CBDDTY010003728.1	1	5000	6	1273	25.46	0.2754	26.7	32.3
CBDDTY010003729.1	1	5000	3	516	10.32	0.116	27.9	49.7
CBDDTY010003730.1	1	5000	19	2772	55.44	0.6954	31.1	34
CBDDTY010003731.1	1	5000	8	1452	29.04	0.3654	26.2	15.4
CBDDTY010003732.1	1	5000	28	1388	27.76	0.8952	30.9	3.36
CBDDTY010003733.1	1	5000	14	1675	33.5	0.508	30.1	34.1
CBDDTY010003734.1	1	5000	1	204	4.08	0.0408	25.5	2
CBDDTY010003735.1	1	5000	4	510	10.2	0.122	31	27.5
CBDDTY010003736.1	1	5000	3	240	4.8	0.048	39.3	4
CBDDTY010003737.1	1	4000	9	1648	41.2	0.4565	32.3	33.3
CBDDTY010003738.1	1	4000	3	577	14.425	0.15675	33	57.7
CBDDTY010003739.1	1	4000	7	845	21.125	0.23775	30.1	26.1
CBDDTY010003740.1	1	4000	7	1132	28.3	0.49325	29.4	51.9
CBDDTY010003742.1	1	4000	9	2131	53.275	0.575	28.9	60
CBDDTY010003745.1	1	4000	3	562	14.05	0.1405	29.2	17
CBDDTY010003746.1	1	4000	37	3421	85.525	1.92825	28.7	25.4
CBDDTY010003747.1	1	4000	2	264	6.6	0.066	29.7	10.5
CBDDTY010003748.1	1	4000	6	763	19.075	0.218	27.8	10.5
CBDDTY010003749.1	1	4000	3	323	8.075	0.10625	23.6	37.7
CBDDTY010003750.1	1	4000	8	970	24.25	0.29025	28.3	20.8
CBDDTY010003751.1	1	4000	14	1167	29.175	0.555	30	11.1
CBDDTY010003752.1	1	4000	7	1010	25.25	0.2695	29.5	24.4
CBDDTY010003753.1	1	4000	4	516	12.9	0.1465	29.5	19.8
CBDDTY010003754.1	1	4000	59	1875	46.875	2.72275	30.9	12.3
CBDDTY010003755.1	1	4000	26	1567	39.175	1.328	31.4	23
CBDDTY010003756.1	1	4000	1	205	5.125	0.05125	28.4	1
CBDDTY010003757.1	1	4000	7	858	21.45	0.39475	33	51.7
CBDDTY010003758.1	1	4000	1	193	4.825	0.04825	27.4	60
CBDDTY010003759.1	1	4000	5	704	17.6	0.27925	31.9	12.4
CBDDTY010003760.1	1	4000	2	210	5.25	0.0525	29.2	14
CBDDTY010003761.1	1	4000	1	138	3.45	0.0345	42.4	7
CBDDTY010003762.1	1	4000	7	906	22.65	0.2625	26.3	8.43
CBDDTY010003763.1	1	4000	10	1345	33.625	0.422	28.8	43.7
CBDDTY010003764.1	1	4000	15	1249	31.225	0.68775	31.5	12.3
CBDDTY010003765.1	1	4000	14	1158	28.95	0.6425	32.9	31.4
CBDDTY010003766.1	1	4000	5	710	17.75	0.207	27.6	36.6
CBDDTY010003767.1	1	4000	4	979	24.475	0.26925	30.6	19
CBDDTY010003768.1	1	4000	2	340	8.5	0.085	27.4	12.5
CBDDTY010003769.1	1	4000	2	278	6.95	0.0695	28.1	14
CBDDTY010003770.1	1	4000	4	446	11.15	0.14525	35.7	4.75
CBDDTY010003771.1	1	4000	7	746	18.65	0.4225	33.5	4.43
CBDDTY010003772.1	1	4000	3	432	10.8	0.108	28	5.33
CBDDTY010003773.1	1	4000	6	1197	29.925	0.344	30.7	43.5
CBDDTY010003774.1	1	4000	5	461	11.525	0.2005	29	3.2
CBDDTY010003775.1	1	4000	11	1127	28.175	0.39575	30	1.55
CBDDTY010003776.1	1	4000	1	181	4.525	0.04525	30.3	1
CBDDTY010003778.1	1	4000	4	646	16.15	0.19775	33.4	34.8
CBDDTY010003780.1	1	4000	1	90	2.25	0.0225	17.2	1
CBDDTY010003781.1	1	4000	18	1109	27.725	0.759	31.1	3.11
CBDDTY010003782.1	1	4000	4	715	17.875	0.25275	27.6	13
CBDDTY010003783.1	1	4000	7	1514	37.85	0.46125	31.3	40.6
CBDDTY010003784.1	1	4000	6	756	18.9	0.21925	29.1	0.167
CBDDTY010003785.1	1	4000	10	1751	43.775	0.523	29.7	35.3
CBDDTY010003787.1	1	4000	11	1204	30.1	0.378	28.3	16.1
CBDDTY010003788.1	1	4000	11	1849	46.225	0.5325	31.5	34
CBDDTY010003789.1	1	4000	6	1209	30.225	0.3535	26.7	36.5
CBDDTY010003790.1	1	4000	9	1344	33.6	0.40625	29	35.6
CBDDTY010003791.1	1	4000	8	958	23.95	0.309	30.5	0.75
CBDDTY010003792.1	1	4000	12	681	17.025	0.47875	29.9	4.5
CBDDTY010003793.1	1	4000	3	561	14.025	0.19875	29.1	28.3
CBDDTY010003794.1	1	4000	4	379	9.475	0.184	33.1	34
CBDDTY010003795.1	1	4000	4	376	9.4	0.11	30.9	17.2
CBDDTY010003796.1	1	4000	1	123	3.075	0.03075	35.2	1
CBDDTY010003797.1	1	4000	4	707	17.675	0.20325	26.6	60
CBDDTY010003798.1	1	4000	45	2913	72.825	2.19975	30.8	36.3
CBDDTY010003799.1	1	4000	5	867	21.675	0.21675	32.2	25.8
CBDDTY010003800.1	1	4000	22	1791	44.775	0.98125	29.7	14.1
CBDDTY010003801.1	1	4000	9	1460	36.5	0.3855	31.6	24.6
CBDDTY010003802.1	1	4000	7	1094	27.35	0.2855	30.4	30
CBDDTY010003803.1	1	4000	5	803	20.075	0.25075	30.8	37.8
CBDDTY010003804.1	1	4000	6	1135	28.375	0.30725	29.6	29.8
CBDDTY010003805.1	1	4000	10	1230	30.75	0.471	29.2	31
CBDDTY010003807.1	1	4000	5	692	17.3	0.173	33	9.2
CBDDTY010003808.1	1	4000	2	139	3.475	0.06525	30	0.5
CBDDTY010003810.1	1	4000	7	1171	29.275	0.30775	31.3	49.9
CBDDTY010003811.1	1	4000	8	1273	31.825	0.3615	32.5	43.4
CBDDTY010003813.1	1	4000	7	845	21.125	0.399	31.2	27.1
CBDDTY010003814.1	1	4000	16	1776	44.4	0.9695	29.3	37.2
CBDDTY010003815.1	1	4000	39	2053	51.325	1.8885	30.2	31.8
CBDDTY010003816.1	1	4000	4	1083	27.075	0.27075	28	46.8
CBDDTY010003817.1	1	4000	8	1145	28.625	0.37375	28.5	34.8
CBDDTY010003818.1	1	4000	5	995	24.875	0.24875	34.1	40.6
CBDDTY010003819.1	1	4000	5	800	20	0.22575	24.7	39.2
CBDDTY010003820.1	1	4000	12	1431	35.775	0.47025	28.8	11.3
CBDDTY010003821.1	1	4000	1	106	2.65	0.0265	35.4	0
CBDDTY010003822.1	1	4000	1	243	6.075	0.06075	21.1	41
CBDDTY010003823.1	1	4000	5	436	10.9	0.13625	30	18.4
CBDDTY010003824.1	1	4000	7	1655	41.375	0.4275	30.4	43.3
CBDDTY010003825.1	1	4000	4	570	14.25	0.1745	29.4	33.5
CBDDTY010003826.1	1	4000	16	1771	44.275	0.71075	29.4	29.4
CBDDTY010003827.1	1	4000	3	428	10.7	0.1615	30.4	29.3
CBDDTY010003828.1	1	4000	7	1159	28.975	0.293	29.4	35.3
CBDDTY010003829.1	1	4000	4	563	14.075	0.15475	29.2	19
CBDDTY010003831.1	1	4000	10	1476	36.9	0.4935	29.4	26.4
CBDDTY010003832.1	1	4000	33	2798	69.95	1.57925	30.1	7.94
CBDDTY010003833.1	1	4000	4	1002	25.05	0.2505	29.7	39.5
CBDDTY010003834.1	1	4000	2	323	8.075	0.08075	25	41
CBDDTY010003835.1	1	4000	2	350	8.75	0.0875	23.7	0
CBDDTY010003836.1	1	4000	5	768	19.2	0.2495	30.4	47.6
CBDDTY010003837.1	1	4000	2	407	10.175	0.10175	23.6	6.5
CBDDTY010003838.1	1	4000	16	1637	40.925	0.7525	31.2	17.1
CBDDTY010003839.1	1	4000	5	824	20.6	0.21475	27.9	37.4
CBDDTY010003840.1	1	4000	6	734	18.35	0.213	31.9	12.3
CBDDTY010003841.1	1	4000	13	1210	30.25	0.49325	28.6	11.8
CBDDTY010003842.1	1	4000	4	572	14.3	0.143	30.3	54.8
CBDDTY010003843.1	1	4000	5	849	21.225	0.26725	24.4	40
CBDDTY010003844.1	1	4000	1	140	3.5	0.035	31.3	1
CBDDTY010003845.1	1	4000	18	1804	45.1	0.847	26.5	6.94
CBDDTY010003846.1	1	4000	27	2340	58.5	1.2185	29.1	10.6
CBDDTY010003847.1	1	4000	8	883	22.075	0.3775	32.4	45.4
CBDDTY010003848.1	1	4000	6	826	20.65	0.27675	33.3	39
CBDDTY010003849.1	1	4000	4	645	16.125	0.163	32.8	0.75
CBDDTY010003850.1	1	4000	7	1180	29.5	0.37625	30.9	42.7
CBDDTY010003851.1	1	4000	1	89	2.225	0.02225	23.4	15
CBDDTY010003852.1	1	4000	4	772	19.3	0.208	28.8	32.8
CBDDTY010003853.1	1	4000	36	2353	58.825	1.499	31.3	33.3
CBDDTY010003854.1	1	4000	9	741	18.525	0.3775	30.9	11.3
CBDDTY010003855.1	1	4000	1	222	5.55	0.0555	29	41
CBDDTY010003856.1	1	4000	4	808	20.2	0.202	32.3	45.2
CBDDTY010003857.1	1	4000	15	1848	46.2	0.7345	31.1	35.7
CBDDTY010003858.1	1	4000	3	464	11.6	0.14825	34.6	39
CBDDTY010003859.1	1	4000	1	55	1.375	0.01375	26.9	0
CBDDTY010003860.1	1	4000	22	2506	62.65	1.22125	28.5	41
CBDDTY010003861.1	1	4000	4	758	18.95	0.245	28.3	60
CBDDTY010003862.1	1	4000	7	1045	26.125	0.2895	31.6	23.4
CBDDTY010003863.1	1	4000	3	299	7.475	0.07475	32.5	0.333
CBDDTY010003864.1	1	4000	2	378	9.45	0.0945	32.5	5.5
CBDDTY010003865.1	1	4000	7	1069	26.725	0.41875	27.7	32.6
CBDDTY010003866.1	1	4000	9	1208	30.2	0.40675	32.8	24.3
CBDDTY010003867.1	1	4000	6	285	7.125	0.23975	32.4	33
CBDDTY010003868.1	1	4000	16	1648	41.2	0.929	26.9	3.12
CBDDTY010003869.1	1	4000	9	1230	30.75	0.37625	31.4	38.7
CBDDTY010003870.1	1	4000	8	672	16.8	0.3815	30.8	21.1
CBDDTY010003871.1	1	4000	2	450	11.25	0.1125	22.3	3.5
CBDDTY010003872.1	1	4000	33	1041	26.025	1.57925	29.6	2.64
CBDDTY010003874.1	1	3000	26	1878	62.6	1.62567	27.8	36.9
CBDDTY010003875.1	1	3000	4	671	22.3667	0.249333	26.6	0.75
CBDDTY010003876.1	1	3000	3	483	16.1	0.198667	31.6	60
CBDDTY010003877.1	1	3000	2	294	9.8	0.098	31	21.5
CBDDTY010003878.1	1	3000	4	679	22.6333	0.226333	30.2	1.25
CBDDTY010003879.1	1	3000	8	1126	37.5333	0.58	32.7	46
CBDDTY010003880.1	1	3000	4	458	15.2667	0.161667	28.4	3.5
CBDDTY010003881.1	1	3000	7	583	19.4333	0.426	31.7	0.571
CBDDTY010003882.1	1	3000	2	321	10.7	0.107	32	5.5
CBDDTY010003883.1	1	3000	2	283	9.43333	0.0943333	28.2	46
CBDDTY010003884.1	1	3000	5	768	25.6	0.279667	33.7	49
CBDDTY010003885.1	1	3000	1	61	2.03333	0.0203333	25.2	1
CBDDTY010003886.1	1	3000	13	781	26.0333	0.892667	35	6.31
CBDDTY010003887.1	1	3000	1	86	2.86667	0.0286667	42.6	6
CBDDTY010003888.1	1	3000	8	1090	36.3333	0.467333	26.8	29.1
CBDDTY010003889.1	1	3000	5	762	25.4	0.269667	33.8	31.6
CBDDTY010003890.1	1	3000	6	812	27.0667	0.489	32.8	14.3
CBDDTY010003892.1	1	3000	4	834	27.8	0.422333	32	36
CBDDTY010003893.1	1	3000	1	171	5.7	0.057	17.1	41
CBDDTY010003894.1	1	3000	18	1882	62.7333	1.105	30.9	31.1
CBDDTY010003895.1	1	3000	22	2053	68.4333	1.27933	31.8	34.8
CBDDTY010003896.1	1	3000	3	599	19.9667	0.208333	29.6	19.7
CBDDTY010003897.1	1	3000	1	133	4.43333	0.0443333	29.2	0
CBDDTY010003898.1	1	3000	5	807	26.9	0.451667	30.1	10.2
CBDDTY010003899.1	1	3000	2	390	13	0.13	38.6	1
CBDDTY010003900.1	1	3000	4	627	20.9	0.209	26.5	28.5
CBDDTY010003901.1	1	3000	6	893	29.7667	0.408333	35.2	56.8
CBDDTY010003902.1	1	3000	1	112	3.73333	0.0373333	29.7	20
CBDDTY010003903.1	1	3000	4	571	19.0333	0.314667	28.4	37.5
CBDDTY010003904.1	1	3000	15	2089	69.6333	0.887667	31.5	41.9
CBDDTY010003905.1	1	3000	9	1095	36.5	0.558	34.3	7.89
CBDDTY010003906.1	1	3000	6	925	30.8333	0.357	31	43.7
CBDDTY010003907.1	1	3000	4	594	19.8	0.272	28.4	1.75
CBDDTY010003908.1	1	3000	1	181	6.03333	0.0603333	25	6
CBDDTY010003909.1	1	3000	8	1227	40.9	0.462667	32	49.9
CBDDTY010003910.1	1	3000	9	1206	40.2	0.562	29.2	30.6
CBDDTY010003911.1	1	3000	1	212	7.06667	0.0706667	35.3	37
CBDDTY010003912.1	1	3000	6	952	31.7333	0.383667	30.3	50.8
CBDDTY010003914.1	1	3000	6	905	30.1667	0.415333	31.5	38
CBDDTY010003916.1	1	3000	6	543	18.1	0.356667	32	44.7
CBDDTY010003917.1	1	3000	4	892	29.7333	0.338	31.3	60
CBDDTY010003918.1	1	3000	4	471	15.7	0.247	34.4	0
CBDDTY010003919.1	1	3000	7	1010	33.6667	0.453667	26.6	38
CBDDTY010003920.1	1	3000	2	418	13.9333	0.139333	25.7	0.5
CBDDTY010003921.1	1	3000	6	639	21.3	0.371667	34.1	2.83
CBDDTY010003922.1	1	3000	5	808	26.9333	0.269333	32.9	21.6
CBDDTY010003924.1	1	3000	9	813	27.1	0.507	31.4	15.3
CBDDTY010003927.1	1	3000	10	1168	38.9333	0.685667	32	20.9
CBDDTY010003928.1	1	3000	4	431	14.3667	0.160667	24.9	0.75
CBDDTY010003929.1	1	3000	4	563	18.7667	0.216333	34.8	43.2
CBDDTY010003931.1	1	3000	2	240	8	0.131333	33.5	2.5
CBDDTY010003932.1	1	3000	4	431	14.3667	0.155	27.2	5.75
CBDDTY010003933.1	1	3000	11	1344	44.8	0.668667	28.8	7.55
CBDDTY010003934.1	1	3000	3	427	14.2333	0.142333	29.9	1.33
CBDDTY010003935.1	1	3000	31	1450	48.3333	1.65033	30.8	3.48
CBDDTY010003936.1	1	3000	15	1287	42.9	0.918	30.3	5.87
CBDDTY010003937.1	1	3000	10	1812	60.4	0.693	32.2	44.7
CBDDTY010003938.1	1	3000	5	693	23.1	0.247667	32.6	31.6
CBDDTY010003939.1	1	3000	10	1008	33.6	0.554	32.2	0.5
CBDDTY010003941.1	1	3000	3	577	19.2333	0.350667	27.1	46.7
CBDDTY010003942.1	1	3000	34	2167	72.2333	1.85533	29	28.6
CBDDTY010003943.1	1	3000	4	484	16.1333	0.217333	27.9	6.5
CBDDTY010003944.1	1	3000	5	739	24.6333	0.328667	29.2	36.2
CBDDTY010003945.1	1	3000	4	534	17.8	0.220333	29.2	30.5
CBDDTY010003946.1	1	3000	14	675	22.5	1.42667	33.6	1
CBDDTY010003947.1	1	3000	5	744	24.8	0.316	31.2	53.2
CBDDTY010003948.1	1	3000	7	571	19.0333	0.391333	30	3.43
CBDDTY010003949.1	1	3000	1	152	5.06667	0.0506667	28.8	25
CBDDTY010003950.1	1	3000	6	597	19.9	0.249	33	29.8
CBDDTY010003951.1	1	3000	8	919	30.6333	0.441667	33.2	38.1
CBDDTY010003952.1	1	3000	4	405	13.5	0.16	32.2	26.2
CBDDTY010003953.1	1	3000	3	439	14.6333	0.146333	30.1	0.667
CBDDTY010003954.1	1	3000	4	256	8.53333	0.150333	30.9	11.8
CBDDTY010003955.1	1	3000	2	224	7.46667	0.0746667	27.4	30
CBDDTY010003957.1	1	3000	2	236	7.86667	0.133	35.8	60
CBDDTY010003958.1	1	3000	3	749	24.9667	0.249667	27.1	28
CBDDTY010003959.1	1	3000	2	423	14.1	0.141	35.3	15.5
CBDDTY010003960.1	1	3000	2	528	17.6	0.176	33.3	37.5
CBDDTY010003961.1	1	3000	9	1565	52.1667	0.614667	29.6	47.3
CBDDTY010003962.1	1	3000	3	547	18.2333	0.182333	30.4	20.7
CBDDTY010003963.1	1	3000	9	965	32.1667	0.522333	30	7
CBDDTY010003964.1	1	3000	3	589	19.6333	0.196333	29	26
CBDDTY010003965.1	1	3000	35	2242	74.7333	2.372	29.4	18.2
CBDDTY010003967.1	1	3000	2	297	9.9	0.123	25.2	30.5
CBDDTY010003968.1	1	3000	26	2192	73.0667	1.63967	30.2	40.3
CBDDTY010003969.1	1	3000	4	411	13.7	0.230667	29.3	19
CBDDTY010003970.1	1	3000	4	507	16.9	0.191667	27.2	22.2
CBDDTY010003971.1	1	3000	3	504	16.8	0.168	30.9	6.33
CBDDTY010003972.1	1	3000	8	627	20.9	0.365333	32.7	11.9
CBDDTY010003974.1	1	3000	6	619	20.6333	0.286667	29.2	10
CBDDTY010003975.1	1	3000	8	1295	43.1667	0.582	29.6	35.2
CBDDTY010003976.1	1	3000	3	502	16.7333	0.167333	32.7	57
CBDDTY010003977.1	1	3000	5	503	16.7667	0.313333	33.5	47.8
CBDDTY010003978.1	1	3000	15	878	29.2667	0.780333	32.6	3.13
CBDDTY010003979.1	1	3000	6	1017	33.9	0.339	28.5	35.3
CBDDTY010003980.1	1	3000	4	388	12.9333	0.250667	28.6	4.5
CBDDTY010003981.1	1	3000	18	1388	46.2667	1.059	30.4	4.72
CBDDTY010003982.1	1	3000	3	656	21.8667	0.280333	31	7.67
CBDDTY010003983.1	1	3000	5	796	26.5333	0.330333	31.8	25.2
CBDDTY010003984.1	1	3000	4	497	16.5667	0.198333	31.4	0
CBDDTY010003985.1	1	3000	12	1536	51.2	0.793	29.7	30.6
CBDDTY010003986.1	1	3000	6	659	21.9667	0.354	31.4	10.7
CBDDTY010003987.1	1	3000	2	284	9.46667	0.0946667	29.2	40.5
CBDDTY010003988.1	1	3000	30	1649	54.9667	1.74167	28.5	12.1
CBDDTY010003989.1	1	3000	8	888	29.6	0.455	28.3	9.62
CBDDTY010003990.1	1	3000	18	1591	53.0333	1.075	32.4	20.7
CBDDTY010003991.1	1	3000	5	842	28.0667	0.351667	29.2	49.4
CBDDTY010003992.1	1	3000	8	987	32.9	0.4	30.5	37.4
CBDDTY010003993.1	1	3000	2	272	9.06667	0.142667	31.2	1
CBDDTY010003994.1	1	3000	4	813	27.1	0.271	32.5	34.8
CBDDTY010003995.1	1	3000	4	906	30.2	0.404667	28	57.5
CBDDTY010003997.1	1	3000	6	895	29.8333	0.314	34.5	57.8
CBDDTY010003998.1	1	3000	1	169	5.63333	0.0563333	29.1	9
CBDDTY010003999.1	1	3000	4	484	16.1333	0.240333	33	31.8
CBDDTY010004000.1	1	3000	4	654	21.8	0.218	30.9	32.8
CBDDTY010004001.1	1	3000	7	1050	35	0.423333	29.8	44.7
CBDDTY010004002.1	1	3000	54	2838	94.6	3.37533	30.3	38.5
CBDDTY010004003.1	1	3000	2	514	17.1333	0.171333	31.3	46
CBDDTY010004004.1	1	3000	6	659	21.9667	0.342	30.2	0.333
CBDDTY010004006.1	1	3000	6	513	17.1	0.325667	35	10.5
CBDDTY010004007.1	1	3000	7	1253	41.7667	0.447	30.3	11.3
CBDDTY010004008.1	1	3000	4	747	24.9	0.283333	36.2	42
CBDDTY010004009.1	1	3000	6	1388	46.2667	0.462667	25.4	43.8
CBDDTY010004010.1	1	3000	3	474	15.8	0.158	30.3	42.7
CBDDTY010004013.1	1	3000	5	922	30.7333	0.344333	28.2	9.6
CBDDTY010004014.1	1	3000	11	1358	45.2667	0.646333	27.6	28.6
CBDDTY010004016.1	1	3000	5	903	30.1	0.343	28	38.6
CBDDTY010004017.1	1	3000	15	1343	44.7667	1.043	32.6	42.6
CBDDTY010004018.1	1	3000	13	1066	35.5333	0.839333	26.5	0.846
CBDDTY010004020.1	1	3000	10	1303	43.4333	0.75	30.1	49.4
CBDDTY010004021.1	1	3000	4	496	16.5333	0.199667	35.7	16.8
CBDDTY010004022.1	1	3000	1	54	1.8	0.018	42	1
CBDDTY010004023.1	1	3000	2	325	10.8333	0.108333	33.8	41
CBDDTY010004024.1	1	3000	3	418	13.9333	0.139333	32.5	23
CBDDTY010004026.1	1	3000	2	344	11.4667	0.114667	32.3	60
CBDDTY010004027.1	1	3000	4	521	17.3667	0.173667	32.2	28.8
CBDDTY010004029.1	1	3000	2	390	13	0.13	29.6	58
CBDDTY010004030.1	1	3000	5	753	25.1	0.336333	30.9	21.4
CBDDTY010004031.1	1	3000	5	586	19.5333	0.230333	35.6	36.2
CBDDTY010004032.1	1	3000	5	669	22.3	0.245333	33.6	35.8
CBDDTY010004033.1	1	3000	9	1123	37.4333	0.434333	31.4	37.4
CBDDTY010004034.1	1	3000	42	2109	70.3	3.208	28.9	3.74
CBDDTY010004035.1	1	3000	2	392	13.0667	0.130667	35.1	5.5
CBDDTY010004036.1	1	3000	13	1168	38.9333	0.79	33.8	23.7
CBDDTY010004037.1	1	3000	6	805	26.8333	0.372333	30.2	0.333
CBDDTY010004038.1	1	3000	6	772	25.7333	0.296333	32.3	20.8
CBDDTY010004040.1	1	3000	4	761	25.3667	0.308	27.6	55.8
CBDDTY010004041.1	1	3000	3	525	17.5	0.175	30.1	20.3
CBDDTY010004043.1	1	3000	3	487	16.2333	0.207333	32.2	2.33
CBDDTY010004044.1	1	3000	2	354	11.8	0.118	28.8	17.5
CBDDTY010004045.1	1	3000	2	361	12.0333	0.120333	30.7	1
CBDDTY010004046.1	1	3000	1	226	7.53333	0.0753333	35.1	46
CBDDTY010004048.1	1	3000	4	493	16.4333	0.194	30.9	35.8
CBDDTY010004049.1	1	3000	45	785	26.1667	2.665	29.6	8.24
CBDDTY010004050.1	1	3000	4	809	26.9667	0.269667	29.5	42.5
CBDDTY010004051.1	1	3000	2	253	8.43333	0.0843333	34.3	7.5
CBDDTY010004052.1	1	3000	9	957	31.9	0.38	31.9	7.33
CBDDTY010004053.1	1	3000	2	269	8.96667	0.109667	29.4	42.5
CBDDTY010004054.1	1	3000	7	1446	48.2	0.526333	26.9	51.1
CBDDTY010004056.1	1	3000	2	337	11.2333	0.112333	34.2	10
CBDDTY010004057.1	1	3000	2	274	9.13333	0.0913333	32	38.5
CBDDTY010004059.1	1	3000	3	424	14.1333	0.182667	30.8	33.3
CBDDTY010004061.1	1	3000	11	1756	58.5333	0.913667	31.3	30.9
CBDDTY010004062.1	1	3000	9	1599	53.3	0.638	29.5	35.3
CBDDTY010004063.1	1	3000	5	578	19.2667	0.303667	30.6	2.2
CBDDTY010004064.1	1	3000	55	2818	93.9333	3.005	28.6	37.9
CBDDTY010004065.1	1	3000	2	344	11.4667	0.114667	32.1	26.5
CBDDTY010004066.1	1	3000	9	748	24.9333	0.389	33.8	4.89
CBDDTY010004067.1	1	3000	1	250	8.33333	0.0833333	37.1	22
CBDDTY010004068.1	1	3000	13	1465	48.8333	0.830333	30.9	50.1
CBDDTY010004069.1	1	3000	5	1050	35	0.378667	29.3	34.2
CBDDTY010004070.1	1	3000	9	1257	41.9	0.506	31.9	30.9
CBDDTY010004071.1	1	3000	11	1492	49.7333	0.576333	33.7	21.5
CBDDTY010004072.1	1	3000	4	697	23.2333	0.232333	30.6	34.2
CBDDTY010004073.1	1	3000	7	1230	41	0.612667	30.7	48.4
CBDDTY010004074.1	1	3000	6	918	30.6	0.307333	32.8	18.2
CBDDTY010004075.1	1	3000	5	739	24.6333	0.246333	34.1	22
CBDDTY010004076.1	1	3000	5	260	8.66667	0.192333	30.4	10
CBDDTY010004077.1	1	3000	4	846	28.2	0.312333	29.9	37.8
CBDDTY010004078.1	1	3000	5	941	31.3667	0.326667	34.2	30.2
CBDDTY010004079.1	1	3000	3	560	18.6667	0.186667	25.9	2
CBDDTY010004080.1	1	3000	5	675	22.5	0.307	31.2	9.2
CBDDTY010004081.1	1	3000	5	730	24.3333	0.243333	35.9	38.2
CBDDTY010004083.1	1	3000	3	248	8.26667	0.0826667	32.9	3
CBDDTY010004084.1	1	3000	2	295	9.83333	0.0983333	29.5	12.5
CBDDTY010004085.1	1	3000	11	1214	40.4667	0.590333	29.4	9.55
CBDDTY010004086.1	1	3000	5	456	15.2	0.285333	32.8	3.4
CBDDTY010004087.1	1	3000	6	635	21.1667	0.269333	27.4	6.17
CBDDTY010004088.1	1	3000	2	235	7.83333	0.0783333	27.9	0.5
CBDDTY010004089.1	1	3000	8	1131	37.7	0.631667	32.5	28.5
CBDDTY010004090.1	1	3000	3	506	16.8667	0.168667	35.3	11
CBDDTY010004091.1	1	3000	6	943	31.4333	0.322	28.6	23.8
CBDDTY010004092.1	1	3000	26	1770	59	1.48833	31.8	27.3
CBDDTY010004093.1	1	3000	4	755	25.1667	0.305667	34.4	52.2
CBDDTY010004094.1	1	3000	4	628	20.9333	0.236333	29.8	35
CBDDTY010004095.1	1	3000	3	499	16.6333	0.166333	36.6	21
CBDDTY010004096.1	1	3000	3	699	23.3	0.233	30.9	22
CBDDTY010004098.1	1	3000	4	781	26.0333	0.260333	26.9	11.2
CBDDTY010004099.1	1	3000	6	884	29.4667	0.365333	31.6	44.2
CBDDTY010004100.1	1	3000	57	2507	83.5667	3.70567	29.8	41.1
CBDDTY010004101.1	1	3000	2	311	10.3667	0.103667	34.4	52.5
CBDDTY010004102.1	1	3000	5	927	30.9	0.320333	27.6	37.4
CBDDTY010004103.1	1	3000	3	300	10	0.1	31.7	28
CBDDTY010004104.1	1	3000	2	312	10.4	0.104	31.3	0.5
CBDDTY010004105.1	1	3000	10	1069	35.6333	0.599	31.7	40.7
CBDDTY010004107.1	1	3000	3	431	14.3667	0.143667	30.1	13.7
CBDDTY010004108.1	1	3000	4	416	13.8667	0.164	29.9	17
CBDDTY010004109.1	1	3000	2	294	9.8	0.098	33.9	0.5
CBDDTY010004110.1	1	3000	5	465	15.5	0.191667	32	14.2
CBDDTY010004111.1	1	2000	7	742	37.1	0.7175	26.8	12.9
CBDDTY010004112.1	1	2000	4	533	26.65	0.2905	30.9	14.5
CBDDTY010004113.1	1	2000	4	536	26.8	0.375	28.3	23.5
CBDDTY010004114.1	1	2000	2	362	18.1	0.186	26.7	5
CBDDTY010004116.1	1	2000	2	356	17.8	0.178	32.6	38
CBDDTY010004117.1	1	2000	11	1045	52.25	0.7325	30.2	16.8
CBDDTY010004119.1	1	2000	4	464	23.2	0.2705	29.5	16.5
CBDDTY010004120.1	1	2000	3	825	41.25	0.4125	33.1	34
CBDDTY010004122.1	1	2000	5	822	41.1	0.433	27	56
CBDDTY010004124.1	1	2000	15	929	46.45	1.257	29	26.7
CBDDTY010004125.1	1	2000	1	222	11.1	0.111	34.6	60
CBDDTY010004126.1	1	2000	1	121	6.05	0.0605	28.3	23
CBDDTY010004128.1	1	2000	8	964	48.2	0.707	32.1	8.25
CBDDTY010004129.1	1	2000	3	183	9.15	0.123	31.2	3.67
CBDDTY010004130.1	1	2000	6	832	41.6	0.5475	30.6	24.2
CBDDTY010004131.1	1	2000	1	250	12.5	0.125	20.2	32
CBDDTY010004132.1	1	2000	1	366	18.3	0.183	25.1	1
CBDDTY010004133.1	1	2000	1	163	8.15	0.0815	38.1	1
CBDDTY010004134.1	1	2000	1	329	16.45	0.1645	29.8	1
CBDDTY010004135.1	1	2000	6	622	31.1	0.366	32.5	16.2
CBDDTY010004136.1	1	2000	6	628	31.4	0.3285	30	1.33
CBDDTY010004138.1	1	2000	1	90	4.5	0.045	31.7	13
CBDDTY010004139.1	1	2000	4	521	26.05	0.363	27.4	38
CBDDTY010004140.1	1	2000	1	256	12.8	0.128	28.4	3
CBDDTY010004141.1	1	2000	1	210	10.5	0.105	36.7	42
CBDDTY010004142.1	1	2000	3	581	29.05	0.2905	25	1.33
CBDDTY010004143.1	1	2000	4	581	29.05	0.437	34	50.5
CBDDTY010004144.1	1	2000	2	306	15.3	0.153	31.3	7
CBDDTY010004145.1	1	2000	3	813	40.65	0.4065	20.7	32.7
CBDDTY010004146.1	1	2000	1	185	9.25	0.0925	34	60
CBDDTY010004147.1	1	2000	6	825	41.25	0.513	32.4	38.2
CBDDTY010004149.1	1	2000	5	717	35.85	0.442	33.3	33.2
CBDDTY010004150.1	1	2000	1	275	13.75	0.1375	41.4	51
CBDDTY010004151.1	1	2000	3	477	23.85	0.2395	31.2	11
CBDDTY010004152.1	1	2000	7	902	45.1	0.722	25.8	23.3
CBDDTY010004153.1	1	2000	4	876	43.8	0.4825	30.1	37
CBDDTY010004154.1	1	2000	3	475	23.75	0.3105	31.4	1
CBDDTY010004155.1	1	2000	3	446	22.3	0.223	34.9	37.7
CBDDTY010004156.1	1	2000	9	896	44.8	1.082	26.3	9.89
CBDDTY010004157.1	1	2000	52	1176	58.8	4.432	31.4	33.3
CBDDTY010004158.1	1	2000	7	819	40.95	0.6445	31	6.71
CBDDTY010004161.1	1	2000	5	413	20.65	0.383	28.1	3.8
CBDDTY010004162.1	1	2000	4	480	24	0.24	26.3	0.5
CBDDTY010004165.1	1	2000	3	569	28.45	0.2845	27.6	21.7
CBDDTY010004166.1	1	2000	6	564	28.2	0.491	35.9	43
CBDDTY010004167.1	1	2000	3	334	16.7	0.205	26.3	23.3
CBDDTY010004168.1	1	2000	3	307	15.35	0.2395	32.6	36.7
CBDDTY010004169.1	1	2000	4	979	48.95	0.639	26.7	0.5
CBDDTY010004171.1	1	2000	6	950	47.5	0.627	30.4	35.2
CBDDTY010004172.1	1	2000	4	464	23.2	0.2975	31.2	37.5
CBDDTY010004173.1	1	2000	8	799	39.95	0.6575	31.5	34
CBDDTY010004174.1	1	2000	1	142	7.1	0.071	21.1	1
CBDDTY010004175.1	1	2000	2	326	16.3	0.163	27.4	44
CBDDTY010004176.1	1	2000	5	752	37.6	0.5365	33.7	18
CBDDTY010004178.1	1	2000	8	1021	51.05	0.6765	31.3	6.25
CBDDTY010004179.1	1	2000	19	750	37.5	1.725	28.4	28.1
CBDDTY010004180.1	1	2000	8	784	39.2	0.604	29.1	13.2
CBDDTY010004181.1	1	2000	2	489	24.45	0.2445	29.3	0.5
CBDDTY010004182.1	1	2000	3	349	17.45	0.1745	33.2	1
CBDDTY010004184.1	1	2000	1	112	5.6	0.056	40.4	10
CBDDTY010004186.1	1	2000	4	424	21.2	0.361	26.6	32.8
CBDDTY010004187.1	1	2000	1	143	7.15	0.0715	23.4	18
CBDDTY010004188.1	1	2000	2	144	7.2	0.072	29.7	23
CBDDTY010004189.1	1	2000	6	665	33.25	0.446	31.9	12.3
CBDDTY010004190.1	1	2000	2	549	27.45	0.2745	28.7	53.5
CBDDTY010004191.1	1	2000	6	726	36.3	0.408	34.1	14.5
CBDDTY010004192.1	1	2000	2	177	8.85	0.1525	28.9	12
CBDDTY010004193.1	1	2000	7	480	24	0.6085	31.8	11
CBDDTY010004195.1	1	2000	1	119	5.95	0.0595	16.9	1
CBDDTY010004196.1	1	2000	4	700	35	0.35	28	57.5
CBDDTY010004198.1	1	2000	6	900	45	0.45	30.9	44.8
CBDDTY010004200.1	1	2000	3	670	33.5	0.335	28.7	40.3
CBDDTY010004201.1	1	2000	11	1268	63.4	1.2045	30.1	46.7
CBDDTY010004203.1	1	2000	2	229	11.45	0.205	27.9	1.5
CBDDTY010004204.1	1	2000	9	973	48.65	0.945	29.5	30.8
CBDDTY010004205.1	1	2000	3	382	19.1	0.1995	35.8	29.3
CBDDTY010004206.1	1	2000	3	355	17.75	0.2235	29.9	10
CBDDTY010004209.1	1	2000	2	447	22.35	0.233	25.2	50
CBDDTY010004210.1	1	2000	1	422	21.1	0.211	32.4	60
CBDDTY010004211.1	1	2000	3	466	23.3	0.2805	30.9	60
CBDDTY010004212.1	1	2000	1	187	9.35	0.0935	27.6	60
CBDDTY010004213.1	1	2000	7	927	46.35	0.7365	30.4	35.3
CBDDTY010004214.1	1	2000	1	212	10.6	0.106	26.2	5
CBDDTY010004215.1	1	2000	5	709	35.45	0.4955	32.1	19.6
CBDDTY010004216.1	1	2000	2	269	13.45	0.1345	20.4	12.5
CBDDTY010004218.1	1	2000	6	651	32.55	0.53	31.6	26.5
CBDDTY010004220.1	1	2000	1	176	8.8	0.088	35.5	0
CBDDTY010004221.1	1	2000	2	479	23.95	0.2395	27.4	38
CBDDTY010004222.1	1	2000	1	243	12.15	0.1215	27	1
CBDDTY010004223.1	1	2000	4	695	34.75	0.3475	30.2	51.8
CBDDTY010004224.1	1	2000	7	580	29	0.4385	30.7	18.9
CBDDTY010004225.1	1	2000	11	1136	56.8	1.1995	29.8	10.5
CBDDTY010004226.1	1	2000	1	173	8.65	0.0865	17.5	8
CBDDTY010004227.1	1	2000	148	1806	90.3	12.527	29.2	43.3
CBDDTY010004228.1	1	2000	2	217	10.85	0.168	28.8	1
CBDDTY010004229.1	1	1983	3	316	15.9355	0.159355	30.4	9.67
CBDDTY010004230.1	1	2000	4	584	29.2	0.3785	31.3	22.8
CBDDTY010004231.1	1	2000	2	375	18.75	0.1955	23.9	56
CBDDTY010004232.1	1	2000	4	1010	50.5	0.506	30.6	42.8
CBDDTY010004233.1	1	2000	3	557	27.85	0.2785	33.9	40.3
CBDDTY010004234.1	1	2000	4	601	30.05	0.4365	32.1	0.75
CBDDTY010004235.1	1	2000	7	866	43.3	0.734	30.5	29.7
CBDDTY010004236.1	1	2000	1	72	3.6	0.036	35.8	9
CBDDTY010004237.1	1	2000	1	232	11.6	0.116	20.3	1
CBDDTY010004238.1	1	2000	1	235	11.75	0.1175	33.8	0
CBDDTY010004241.1	1	2000	21	1295	64.75	1.766	32.5	12.2
CBDDTY010004242.1	1	2000	3	258	12.9	0.203	31.3	21.7
CBDDTY010004243.1	1	2000	5	798	39.9	0.4565	33.1	34
CBDDTY010004244.1	1	2000	3	677	33.85	0.3385	26	45.3
CBDDTY010004246.1	1	2000	5	509	25.45	0.438	30.3	18
CBDDTY010004247.1	1	2000	6	1052	52.6	0.6475	28.1	9.67
CBDDTY010004248.1	1	2000	4	552	27.6	0.298	31.9	35.8
CBDDTY010004249.1	1	2000	14	1640	82	1.603	32	34.9
CBDDTY010004250.1	1	2000	2	244	12.2	0.122	29.9	30.5
CBDDTY010004251.1	1	2000	3	410	20.5	0.3575	27.4	59.7
CBDDTY010004252.1	1	2000	4	643	32.15	0.3215	32.5	41.8
CBDDTY010004253.1	1	2000	2	158	7.9	0.139	30.1	2
CBDDTY010004254.1	1	2000	3	567	28.35	0.3475	34.2	4.33
CBDDTY010004255.1	1	2000	5	795	39.75	0.52	30.7	8.6
CBDDTY010004256.1	1	2000	4	606	30.3	0.3725	31.5	46.5
CBDDTY010004257.1	1	2000	11	1110	55.5	0.8805	32.3	7.45
CBDDTY010004258.1	1	2000	6	692	34.6	0.527	26.6	15.2
CBDDTY010004259.1	1	2000	11	1385	69.25	1.0765	29.6	29.4
CBDDTY010004260.1	1	2000	3	382	19.1	0.197	32.4	0.333
CBDDTY010004262.1	1	2000	4	541	27.05	0.351	32.9	42.2
CBDDTY010004263.1	1	2000	2	307	15.35	0.1535	29.9	36.5
CBDDTY010004265.1	1	2000	1	63	3.15	0.0315	38.3	15
CBDDTY010004266.1	1	2000	2	423	21.15	0.2115	35	24
CBDDTY010004267.1	1	2000	5	599	29.95	0.3935	28.3	17.6
CBDDTY010004268.1	1	2000	5	972	48.6	0.584	30.1	47.4
CBDDTY010004269.1	1	2000	1	113	5.65	0.0565	30.2	0
CBDDTY010004270.1	1	2000	2	303	15.15	0.206	37.5	14.5
CBDDTY010004271.1	1	2000	7	722	36.1	0.5835	30.8	18.4
CBDDTY010004272.1	1	2000	1	132	6.6	0.066	39.9	13
CBDDTY010004273.1	1	2000	2	508	25.4	0.254	34.6	30.5
CBDDTY010004274.1	1	2000	10	1557	77.85	0.99	30.3	32.5
CBDDTY010004275.1	1	2000	24	1347	67.35	2.4575	31.4	20.5
CBDDTY010004276.1	1	2000	3	218	10.9	0.2375	34.3	1
CBDDTY010004278.1	1	2000	8	1095	54.75	0.6065	30.1	35.1
CBDDTY010004280.1	1	2000	3	552	27.6	0.3665	36.1	37.7
CBDDTY010004281.1	1	2000	5	667	33.35	0.51	29.3	0.4
CBDDTY010004283.1	1	2000	3	377	18.85	0.1885	36.3	26
CBDDTY010004285.1	1	2000	4	771	38.55	0.3855	33.6	43
CBDDTY010004286.1	1	2000	2	507	25.35	0.2535	37.4	6.5
CBDDTY010004287.1	1	2000	3	663	33.15	0.3315	31	5.33
CBDDTY010004288.1	1	2000	1	185	9.25	0.0925	18.1	38
CBDDTY010004290.1	1	2000	1	200	10	0.1	33.7	60
CBDDTY010004291.1	1	2000	4	477	23.85	0.2645	28.5	27.8
CBDDTY010004293.1	1	2000	1	204	10.2	0.102	36.5	0
CBDDTY010004294.1	1	2000	5	731	36.55	0.4785	25.5	18
CBDDTY010004295.1	1	2000	1	82	4.1	0.041	30.5	1
CBDDTY010004298.1	1	2000	1	110	5.5	0.055	25.5	9
CBDDTY010004299.1	1	2000	1	345	17.25	0.1725	29.2	39
CBDDTY010004301.1	1	2000	5	674	33.7	0.396	25.6	0.2
CBDDTY010004302.1	1	2000	2	267	13.35	0.1645	26.3	0.5
CBDDTY010004303.1	1	2000	3	414	20.7	0.278	34.1	43
CBDDTY010004304.1	1	2000	5	772	38.6	0.488	25.7	24
CBDDTY010004305.1	1	2000	1	161	8.05	0.0805	33.2	60
CBDDTY010004306.1	1	2000	1	104	5.2	0.052	28.3	1
CBDDTY010004307.1	1	2000	1	109	5.45	0.0545	38.7	52
CBDDTY010004308.1	1	2000	1	200	10	0.1	35.6	25
CBDDTY010004309.1	1	2000	6	570	28.5	0.393	30.9	16.5
CBDDTY010004310.1	1	2000	4	545	27.25	0.2725	29	30
CBDDTY010004311.1	1	2000	6	481	24.05	0.462	29.1	5.5
CBDDTY010004312.1	1	2000	2	409	20.45	0.2045	29.7	22.5
CBDDTY010004313.1	1	2000	1	60	3	0.03	32.2	16
CBDDTY010004314.1	1	2000	5	886	44.3	0.4945	31.9	44
CBDDTY010004315.1	1	2000	6	414	20.7	0.4485	30.5	10.2
CBDDTY010004316.1	1	2000	5	528	26.4	0.428	31.2	23.2
CBDDTY010004317.1	1	2000	3	403	20.15	0.3295	34.1	36.3
CBDDTY010004318.1	1	2000	1	317	15.85	0.1585	27.1	49
CBDDTY010004320.1	1	2000	13	444	22.2	1.074	30.2	0.231
CBDDTY010004321.1	1	2000	1	162	8.1	0.081	29.8	0
CBDDTY010004322.1	1	2000	5	689	34.45	0.4735	30.2	60
CBDDTY010004323.1	1	2000	5	616	30.8	0.5885	29	11.2
CBDDTY010004324.1	1	2000	5	1018	50.9	0.566	29	38.2
CBDDTY010004325.1	1	2000	1	289	14.45	0.1445	34.7	60
CBDDTY010004326.1	1	2000	6	719	35.95	0.4055	33.7	27.5
CBDDTY010004327.1	1	2000	3	309	15.45	0.2055	28	4.67
CBDDTY010004328.1	1	2000	3	517	25.85	0.2585	32.7	13.7
CBDDTY010004329.1	1	2000	11	868	43.4	1.164	26.5	3.82
CBDDTY010004331.1	1	2000	11	777	38.85	0.9905	29.8	31.1
CBDDTY010004332.1	1	2000	1	283	14.15	0.1415	24	1
CBDDTY010004334.1	1	2000	6	1105	55.25	0.709	30.9	32.8
CBDDTY010004335.1	1	2000	1	80	4	0.04	27.7	0
CBDDTY010004338.1	1	2000	6	860	43	0.497	31.2	37.2
CBDDTY010004339.1	1	2000	4	746	37.3	0.4045	27.2	44.5
CBDDTY010004340.1	1	2000	3	423	21.15	0.273	36.5	27.7
CBDDTY010004342.1	1	2000	2	122	6.1	0.101	34.2	3
CBDDTY010004343.1	1	2000	2	229	11.45	0.1145	28.8	6
CBDDTY010004345.1	1	2000	2	431	21.55	0.2155	29.1	1
CBDDTY010004346.1	1	2000	4	731	36.55	0.4925	27.9	60
CBDDTY010004348.1	1	2000	1	178	8.9	0.089	33.2	60
CBDDTY010004350.1	1	2000	5	702	35.1	0.442	30.2	29.6
CBDDTY010004351.1	1	2000	1	93	4.65	0.0465	21.9	13
CBDDTY010004353.1	1	2000	3	442	22.1	0.2535	29.1	8
CBDDTY010004354.1	1	2000	3	490	24.5	0.245	32.4	42
CBDDTY010004355.1	1	2000	2	217	10.85	0.145	29.4	1
CBDDTY010004356.1	1	2000	2	578	28.9	0.289	34.1	8.5
CBDDTY010004358.1	1	2000	1	145	7.25	0.0725	30.5	58
CBDDTY010004360.1	1	2000	2	380	19	0.19	34.1	45.5
CBDDTY010004361.1	1	2000	3	365	18.25	0.1825	31.6	12.7
CBDDTY010004363.1	1	2000	8	726	36.3	0.568	31.6	7.38
CBDDTY010004364.1	1	2000	10	1135	56.75	0.8605	33.5	35.8
CBDDTY010004365.1	1	2000	5	325	16.25	0.3395	28.8	0.8
CBDDTY010004366.1	1	2000	5	822	41.1	0.4805	28.9	40
CBDDTY010004367.1	1	2000	2	229	11.45	0.1145	30.2	1.5
CBDDTY010004368.1	1	2000	6	1033	51.65	0.683	25.4	31.2
CBDDTY010004369.1	1	2000	2	223	11.15	0.1115	31.3	0.5
CBDDTY010004370.1	1	2000	1	101	5.05	0.0505	30.4	3
CBDDTY010004372.1	1	2000	2	461	23.05	0.2305	26.9	25.5
CBDDTY010004373.1	1	2000	1	69	3.45	0.0345	27.7	0
CBDDTY010004374.1	1	2000	2	269	13.45	0.1345	32.9	1
CBDDTY010004375.1	1	2000	3	507	25.35	0.345	27.5	34.7
CBDDTY010004376.1	1	2000	11	1320	66	0.849	31.5	39.3
CBDDTY010004377.1	1	2000	5	544	27.2	0.31	31.8	23
CBDDTY010004378.1	1	2000	14	1415	70.75	1.7525	30.1	11.9
CBDDTY010004380.1	1	2000	2	235	11.75	0.1175	36.5	21.5
CBDDTY010004382.1	1	2000	2	341	17.05	0.1705	25.8	24
CBDDTY010004383.1	1	2000	20	1454	72.7	1.8285	29.5	22.4
CBDDTY010004384.1	1	2000	2	188	9.4	0.1725	23.1	52
CBDDTY010004385.1	1	2000	12	1443	72.15	1.33	31	29.2
CBDDTY010004387.1	1	2000	4	756	37.8	0.3955	30.1	60
CBDDTY010004388.1	1	2000	7	708	35.4	0.431	30.3	9.14
CBDDTY010004390.1	1	2000	5	586	29.3	0.343	32	39.2
CBDDTY010004391.1	1	2000	2	385	19.25	0.1925	33.8	30
CBDDTY010004392.1	1	2000	2	113	5.65	0.0995	25.9	1
CBDDTY010004393.1	1	2000	2	464	23.2	0.232	23.9	31.5
CBDDTY010004394.1	1	2000	4	576	28.8	0.386	23.9	12.5
CBDDTY010004395.1	1	2000	2	169	8.45	0.0845	30.7	0.5
CBDDTY010004396.1	1	2000	5	822	41.1	0.4915	32.2	23.2
CBDDTY010004400.1	1	2000	16	1432	71.6	1.566	31	27.9
CBDDTY010004401.1	1	2000	2	290	14.5	0.1735	26.5	54.5
CBDDTY010004402.1	1	2000	9	744	37.2	0.6965	33.5	19.1
CBDDTY010004403.1	1	2000	4	549	27.45	0.338	27.1	31.5
CBDDTY010004404.1	1	2000	4	518	25.9	0.2845	36.3	40.5
CBDDTY010004405.1	1	2000	4	603	30.15	0.3275	25.6	2.5
CBDDTY010004406.1	1	2000	1	245	12.25	0.1225	26.7	1
CBDDTY010004407.1	1	2000	26	1731	86.55	2.183	29.2	12.2
CBDDTY010004408.1	1	2000	3	380	19	0.19	32.8	23.7
CBDDTY010004410.1	1	2000	3	487	24.35	0.2875	28.9	39.3
CBDDTY010004411.1	1	2000	5	467	23.35	0.286	32.5	3.4
CBDDTY010004412.1	1	2000	2	344	17.2	0.3065	27	1
CBDDTY010004413.1	1	2000	3	467	23.35	0.2335	29.1	17.3
CBDDTY010004414.1	1	2000	14	1030	51.5	1.4765	31.1	24.1
CBDDTY010004415.1	1	2000	4	459	22.95	0.3185	31.8	14
CBDDTY010004416.1	1	2000	2	234	11.7	0.117	32.1	53.5
CBDDTY010004417.1	1	2000	2	373	18.65	0.1865	25.2	3.5
CBDDTY010004418.1	1	2000	4	512	25.6	0.4765	31.1	0
CBDDTY010004420.1	1	2000	3	239	11.95	0.1835	31.9	18.7
CBDDTY010004422.1	1	2000	5	681	34.05	0.5375	25.3	49
CBDDTY010004423.1	1	2000	1	144	7.2	0.072	31	1
CBDDTY010004424.1	1	2000	2	324	16.2	0.165	33.9	13.5
CBDDTY010004425.1	1	2000	9	571	28.55	0.739	35.2	11.3
CBDDTY010004427.1	1	2000	2	211	10.55	0.1055	29	2
CBDDTY010004428.1	1	2000	1	173	8.65	0.0865	32.5	29
CBDDTY010004431.1	1	2000	3	381	19.05	0.3615	33.3	10
CBDDTY010004432.1	1	2000	3	573	28.65	0.325	27.7	31.7
CBDDTY010004433.1	1	2000	3	507	25.35	0.2535	36	40.7
CBDDTY010004434.1	1	2000	16	1188	59.4	1.461	31	20.3
CBDDTY010004435.1	1	2000	2	280	14	0.2075	26.8	34
CBDDTY010004436.1	1	2000	3	554	27.7	0.277	26.6	60
CBDDTY010004437.1	1	2000	3	537	26.85	0.4065	34.5	13.7
CBDDTY010004438.1	1	2000	3	305	15.25	0.257	31.1	0.667
CBDDTY010004439.1	1	2000	2	237	11.85	0.21	30.6	56
CBDDTY010004440.1	1	2000	2	450	22.5	0.225	32.1	34
CBDDTY010004441.1	1	2000	7	935	46.75	0.7615	30.6	17
CBDDTY010004443.1	1	2000	1	211	10.55	0.1055	28.1	0
CBDDTY010004444.1	1	2000	2	224	11.2	0.1565	34.3	35.5
CBDDTY010004445.1	1	2000	2	294	14.7	0.147	25.4	32.5
CBDDTY010004446.1	1	2000	3	384	19.2	0.224	28.4	9
CBDDTY010004448.1	1	2000	1	262	13.1	0.131	29	60
CBDDTY010004449.1	1	2000	2	331	16.55	0.1655	30	20.5
CBDDTY010004451.1	1	2000	6	681	34.05	0.563	30.1	2.83
CBDDTY010004452.1	1	2000	8	1007	50.35	0.747	28.1	14.5
CBDDTY010004453.1	1	2000	1	257	12.85	0.1285	37.4	30
CBDDTY010004454.1	1	2000	1	146	7.3	0.073	28.2	15
CBDDTY010004455.1	1	2000	7	801	40.05	0.5095	27	34.1
CBDDTY010004456.1	1	2000	3	407	20.35	0.2035	27.4	20.7
CBDDTY010004457.1	1	2000	2	254	12.7	0.127	37.5	2.5
CBDDTY010004459.1	1	2000	5	760	38	0.4835	27.7	30.4
CBDDTY010004460.1	1	2000	4	497	24.85	0.2485	31.1	34.8
CBDDTY010004461.1	1	2000	1	158	7.9	0.079	35.6	15
CBDDTY010004462.1	1	2000	3	399	19.95	0.294	24.8	44.3
CBDDTY010004465.1	1	2000	4	560	28	0.334	27	24.8
CBDDTY010004466.1	1	2000	12	1085	54.25	0.9745	29.9	39.2
CBDDTY010004468.1	1	2000	5	916	45.8	0.5925	30.1	18.4
CBDDTY010004469.1	1	2000	4	543	27.15	0.382	28.2	9
CBDDTY010004470.1	1	2000	6	724	36.2	0.4005	28.3	32.5
CBDDTY010004472.1	1	2000	6	999	49.95	0.5695	31.1	33.2
CBDDTY010004473.1	1	2000	5	672	33.6	0.4175	34.7	15.8
CBDDTY010004474.1	1	2000	14	1256	62.8	1.4915	28.9	15.9
CBDDTY010004475.1	1	2000	7	991	49.55	0.746	30	24.9
CBDDTY010004476.1	1	2000	2	365	18.25	0.1825	32.3	49.5
CBDDTY010004478.1	1	2000	2	506	25.3	0.323	24.5	59
CBDDTY010004479.1	1	2000	1	179	8.95	0.0895	35.6	60
CBDDTY010004480.1	1	2000	3	278	13.9	0.1905	39.7	5.33
CBDDTY010004481.1	1	2000	1	195	9.75	0.0975	24.5	60
CBDDTY010004482.1	1	2000	7	735	36.75	0.8065	30.6	58.1
CBDDTY010004483.1	1	2000	4	581	29.05	0.3555	29.7	4.25
CBDDTY010004485.1	1	2000	10	755	37.75	0.712	28.7	27
CBDDTY010004486.1	1	2000	8	863	43.15	0.7715	31.5	0.5
CBDDTY010004487.1	1	2000	2	288	14.4	0.2415	33.1	60
CBDDTY010004488.1	1	2000	2	239	11.95	0.1195	33.6	8
CBDDTY010004489.1	1	2000	2	262	13.1	0.131	24.9	28.5
CBDDTY010004490.1	1	2000	5	681	34.05	0.367	29.4	26.2
CBDDTY010004491.1	1	2000	1	134	6.7	0.067	36.5	13
CBDDTY010004492.1	1	2000	5	879	43.95	0.5785	26.3	36
CBDDTY010004493.1	1	2000	3	513	25.65	0.275	27.5	26.7
CBDDTY010004494.1	1	2000	4	636	31.8	0.4165	33.3	4
CBDDTY010004495.1	1	2000	2	259	12.95	0.177	30.4	1
CBDDTY010004496.1	1	2000	1	122	6.1	0.061	39.5	0
CBDDTY010004497.1	1	2000	2	335	16.75	0.1675	33.7	16.5
CBDDTY010004500.1	1	2000	3	461	23.05	0.2305	31.5	58.3
CBDDTY010004502.1	1	2000	1	143	7.15	0.0715	39.7	60
CBDDTY010004503.1	1	2000	1	133	6.65	0.0665	30.1	41
CBDDTY010004504.1	1	2000	2	271	13.55	0.1355	32.3	34
CBDDTY010004505.1	1	2000	2	171	8.55	0.1675	30.1	1
CBDDTY010004506.1	1	2000	6	821	41.05	0.598	30.6	13.7
CBDDTY010004507.1	1	2000	2	157	7.85	0.0785	26	0.5
CBDDTY010004508.1	1	2000	2	434	21.7	0.217	34	60
CBDDTY010004509.1	1	2000	5	786	39.3	0.441	34.7	45.4
CBDDTY010004510.1	1	2000	9	982	49.1	0.7335	31.8	37.9
CBDDTY010004511.1	1	2000	1	220	11	0.11	21.3	38
CBDDTY010004512.1	1	2000	13	641	32.05	0.8535	29.6	8.38
CBDDTY010004513.1	1	2000	5	299	14.95	0.2945	32.6	10
CBDDTY010004515.1	1	2000	2	104	5.2	0.0845	35.2	15
CBDDTY010004516.1	1	2000	3	320	16	0.211	28.1	51
CBDDTY010004517.1	1	2000	4	752	37.6	0.376	28.4	34
CBDDTY010004518.1	1	2000	5	939	46.95	0.514	30.5	31.6
CBDDTY010004519.1	1	2000	1	212	10.6	0.106	18.1	60
CBDDTY010004520.1	1	2000	1	141	7.05	0.0705	26	2
CBDDTY010004521.1	1	2000	7	870	43.5	0.621	33.8	18.3
CBDDTY010004522.1	1	2000	1	236	11.8	0.118	28.9	16
CBDDTY010004523.1	1	2000	1	97	4.85	0.0485	23.5	0
CBDDTY010004524.1	1	2000	4	733	36.65	0.4995	31	51.8
CBDDTY010004525.1	1	2000	5	611	30.55	0.436	33.1	26.6
CBDDTY010004526.1	1	2000	6	1070	53.5	0.608	30.5	43.5
CBDDTY010004527.1	1	2000	3	296	14.8	0.2095	35.1	49.3
CBDDTY010004528.1	1	2000	6	993	49.65	0.5885	29.3	34.2
CBDDTY010004530.1	1	2000	6	759	37.95	0.4565	31.1	31.2
CBDDTY010004531.1	1	2000	22	1716	85.8	1.9615	28.6	13.7
CBDDTY010004532.1	1	2000	14	998	49.9	1.0875	29.6	1.79
CBDDTY010004533.1	1	2000	16	1145	57.25	1.4535	29.9	33.1
CBDDTY010004534.1	1	2000	7	705	35.25	0.634	28.7	46.1
CBDDTY010004535.1	1	2000	7	1185	59.25	0.9145	33	25
CBDDTY010004536.1	1	2000	8	750	37.5	0.616	28.3	39.6
CBDDTY010004537.1	1	2000	2	376	18.8	0.188	27.3	14.5
CBDDTY010004538.1	1	2000	3	506	25.3	0.253	29.2	44.3
CBDDTY010004539.1	1	2000	2	329	16.45	0.1645	31.6	53
CBDDTY010004540.1	1	2000	3	503	25.15	0.2515	34.2	35.3
CBDDTY010004541.1	1	2000	3	511	25.55	0.2555	33.4	47.3
CBDDTY010004543.1	1	2000	1	195	9.75	0.0975	35.5	0
CBDDTY010004544.1	1	2000	4	521	26.05	0.3155	31.9	0.75
CBDDTY010004545.1	1	2000	7	1158	57.9	0.719	30	45.7
CBDDTY010004546.1	1	2000	1	203	10.15	0.1015	24.6	60
CBDDTY010004547.1	1	2000	21	1388	69.4	1.746	33.9	1.43
CBDDTY010004548.1	1	2000	4	348	17.4	0.2385	34.4	14
CBDDTY010004549.1	1	2000	1	114	5.7	0.057	26.9	0
CBDDTY010004550.1	1	2000	9	1197	59.85	0.795	28.3	23.2
CBDDTY010004552.1	1	2000	4	609	30.45	0.38	32.6	30.5
CBDDTY010004553.1	1	2000	13	1351	67.55	1.28	32	4.54
CBDDTY010004555.1	1	2000	2	409	20.45	0.2045	25.7	35
CBDDTY010004556.1	1	2000	6	514	25.7	0.3845	29.1	24.5
CBDDTY010004557.1	1	2000	1	66	3.3	0.033	44.1	1
CBDDTY010004558.1	1	2000	3	457	22.85	0.2285	30.8	26.7
CBDDTY010004559.1	1	2000	8	949	47.45	0.586	29.7	38.2
CBDDTY010004561.1	1	2000	9	1022	51.1	0.8715	28.7	23.7
CBDDTY010004562.1	1	2000	7	745	37.25	0.503	27.9	45.7
CBDDTY010004563.1	1	2000	3	321	16.05	0.2225	34.6	30.3
CBDDTY010004564.1	1	2000	3	480	24	0.2835	30.7	20
CBDDTY010004565.1	1	2000	1	77	3.85	0.0385	30.1	1
CBDDTY010004566.1	1	2000	7	692	34.6	0.4185	31.7	20.3
CBDDTY010004567.1	1	2000	1	124	6.2	0.062	36.8	1
CBDDTY010004571.1	1	2000	4	562	28.1	0.37	32	52.2
CBDDTY010004572.1	1	2000	9	1139	56.95	0.99	32.8	19.7
CBDDTY010004574.1	1	2000	6	1319	65.95	1.009	29.6	32.5
CBDDTY010004575.1	1	2000	5	809	40.45	0.454	31	23.2
CBDDTY010004576.1	1	2000	3	445	22.25	0.29	31.8	59.7
CBDDTY010004577.1	1	2000	1	115	5.75	0.0575	33.8	6
CBDDTY010004579.1	1	2000	4	616	30.8	0.426	25.2	60
CBDDTY010004580.1	1	2000	2	451	22.55	0.2865	28	36
CBDDTY010004581.1	1	2000	1	127	6.35	0.0635	26.4	5
CBDDTY010004583.1	1	2000	6	762	38.1	0.4865	29.7	22.3
CBDDTY010004584.1	1	2000	4	686	34.3	0.363	30.8	56
CBDDTY010004585.1	1	2000	7	765	38.25	0.5255	31.3	33.3
CBDDTY010004586.1	1	2000	16	1113	55.65	1.319	32.8	13.4
CBDDTY010004587.1	1	2000	1	106	5.3	0.053	23.4	1
CBDDTY010004588.1	1	2000	3	447	22.35	0.269	29.8	40.7
CBDDTY010004589.1	1	2000	5	963	48.15	0.5005	33.9	37.8
CBDDTY010004590.1	1	2000	7	605	30.25	0.6155	33.7	9.29
CBDDTY010004591.1	1	2000	4	446	22.3	0.311	26.4	34.8
CBDDTY010004592.1	1	2000	3	651	32.55	0.3255	30.6	36.7
CBDDTY010004593.1	1	2000	9	1272	63.6	0.961	27.3	59.3
CBDDTY010004594.1	1	2000	8	990	49.5	0.7985	34.3	45.9
CBDDTY010004595.1	1	2000	18	856	42.8	1.641	29.9	5.78
CBDDTY010004596.1	1	2000	4	569	28.45	0.3235	27.5	1.5
CBDDTY010004597.1	1	2000	6	564	28.2	0.419	31.5	21.5
CBDDTY010004598.1	1	2000	9	534	26.7	0.8525	28.9	15.6
CBDDTY010004599.1	1	2000	1	212	10.6	0.106	29.7	60
CBDDTY010004600.1	1	2000	1	88	4.4	0.044	38.2	10
CBDDTY010004601.1	1	2000	5	849	42.45	0.4245	32.4	49.4
CBDDTY010004602.1	1	2000	2	278	13.9	0.2215	26.2	60
CBDDTY010004608.1	1	1000	1	139	13.9	0.139	17.8	24
CBDDTY010004609.1	1	1000	3	316	31.6	0.574	28.9	24.7
CBDDTY010004613.1	1	1000	3	273	27.3	0.418	29.3	40.3
CBDDTY010004616.1	1	1000	3	491	49.1	0.491	33	27
CBDDTY010004618.1	1	1000	2	230	23	0.23	32	20.5
CBDDTY010004619.1	1	1000	1	140	14	0.14	34.2	60
CBDDTY010004624.1	1	1000	2	376	37.6	0.376	29.6	45.5
CBDDTY010004627.1	1	1000	9	349	34.9	1.673	30.9	1.78
CBDDTY010004628.1	1	1000	1	230	23	0.23	29.4	60
CBDDTY010004629.1	1	1000	9	698	69.8	1.498	28.7	18.2
CBDDTY010004630.1	1	1000	1	160	16	0.16	27.7	1
CBDDTY010004632.1	1	1000	1	133	13.3	0.133	30.9	49
CBDDTY010004634.1	1	1000	1	89	8.9	0.089	32.7	3
CBDDTY010004635.1	1	1000	2	219	21.9	0.283	29.4	9.5
CBDDTY010004636.1	1	1000	2	282	28.2	0.282	27.4	6.5
CBDDTY010004637.1	1	1000	2	246	24.6	0.246	25	0
CBDDTY010004638.1	1	1000	2	434	43.4	0.434	22.5	23.5
CBDDTY010004640.1	1	1000	2	407	40.7	0.413	24.9	0.5
CBDDTY010004642.1	1	1000	6	405	40.5	0.835	27.3	0.833
CBDDTY010004643.1	1	1000	5	737	73.7	1.035	31.4	11.6
CBDDTY010004644.1	1	1000	2	158	15.8	0.255	28.1	36.5
CBDDTY010004645.1	1	1000	3	656	65.6	0.813	34.2	30.7
CBDDTY010004648.1	1	1000	1	76	7.6	0.076	29.2	0
CBDDTY010004649.1	1	1000	11	431	43.1	2.186	31.8	8.91
CBDDTY010004650.1	1	1000	1	190	19	0.19	35.8	60
CBDDTY010004651.1	1	1000	6	476	47.6	1.072	35.7	21.8
CBDDTY010004652.1	1	1000	4	699	69.9	0.785	31.8	48.8
CBDDTY010004653.1	1	1000	1	250	25	0.25	31.9	60
CBDDTY010004654.1	1	1000	1	148	14.8	0.148	35.9	60
CBDDTY010004655.1	1	1000	2	346	34.6	0.533	32.3	56
CBDDTY010004656.1	1	1000	3	276	27.6	0.437	29.6	29.3
CBDDTY010004657.1	1	1000	3	135	13.5	0.279	30.7	14
CBDDTY010004658.1	1	1000	2	363	36.3	0.363	36.9	60
CBDDTY010004659.1	1	1000	1	156	15.6	0.156	39	7
CBDDTY010004660.1	1	1000	6	786	78.6	1.026	28.4	16.5
CBDDTY010004662.1	1	1000	1	101	10.1	0.101	26.5	11
CBDDTY010004663.1	1	1000	2	294	29.4	0.294	30.6	11.5
CBDDTY010004664.1	1	1000	2	208	20.8	0.274	33.7	32.5
CBDDTY010004667.1	1	1000	1	131	13.1	0.131	40.4	0
CBDDTY010004668.1	1	1000	3	333	33.3	0.523	30.1	18.7
CBDDTY010004669.1	1	1000	6	593	59.3	0.84	30.3	31.3
CBDDTY010004674.1	1	1000	1	73	7.3	0.073	18	4
CBDDTY010004675.1	1	1000	3	389	38.9	0.518	34.3	10
CBDDTY010004676.1	1	1000	1	155	15.5	0.155	27.7	40
CBDDTY010004677.1	1	1000	1	177	17.7	0.177	33.7	17
CBDDTY010004679.1	1	1000	6	562	56.2	1.273	26.9	47.5
CBDDTY010004680.1	1	1000	5	358	35.8	0.715	31.1	35.8
CBDDTY010004682.1	1	1000	1	121	12.1	0.121	36	10
CBDDTY010004685.1	1	1000	5	542	54.2	0.968	31.5	25.8
CBDDTY010004687.1	1	1000	1	125	12.5	0.125	27.4	4
CBDDTY010004689.1	1	1000	3	482	48.2	0.509	35.9	0.333
CBDDTY010004690.1	1	1000	3	376	37.6	0.477	32.4	0.667
CBDDTY010004691.1	1	1000	4	483	48.3	0.631	33.4	30
CBDDTY010004693.1	1	1000	1	95	9.5	0.095	25.1	3
CBDDTY010004695.1	1	1000	2	288	28.8	0.288	32.4	60
CBDDTY010004696.1	1	1000	3	455	45.5	0.586	32.5	37
CBDDTY010004697.1	1	1000	2	164	16.4	0.217	36	9.5
CBDDTY010004698.1	1	1000	1	127	12.7	0.127	44.1	1
CBDDTY010004700.1	1	1000	3	380	38	0.568	29.3	11
CBDDTY010004701.1	1	1000	4	567	56.7	0.836	28.9	50.5
CBDDTY010004703.1	1	1000	2	425	42.5	0.427	28.4	35
CBDDTY010004704.1	1	1000	1	203	20.3	0.203	30.7	13
CBDDTY010004705.1	1	1000	1	289	28.9	0.289	25.1	19
CBDDTY010004707.1	1	1000	1	148	14.8	0.148	36.8	25
CBDDTY010004708.1	1	1000	3	293	29.3	0.618	28.4	0.667
CBDDTY010004709.1	1	1000	2	236	23.6	0.297	29.7	54
CBDDTY010004711.1	1	1000	1	62	6.2	0.062	39.9	1
CBDDTY010004713.1	1	1000	1	278	27.8	0.278	28.3	1
CBDDTY010004717.1	1	1000	1	247	24.7	0.247	11.3	19
CBDDTY010004719.1	1	1000	1	142	14.2	0.142	32.7	24
CBDDTY010004720.1	1	1000	1	225	22.5	0.225	23	60
CBDDTY010004721.1	1	1000	1	132	13.2	0.132	29.6	44
CBDDTY010004722.1	1	1000	1	158	15.8	0.158	24.8	10
CBDDTY010004723.1	1	1000	2	366	36.6	0.366	24.1	4.5
CBDDTY010004724.1	1	1000	5	536	53.6	0.838	31.6	13.2
CBDDTY010004726.1	1	1000	5	430	43	1.279	30.8	0.8
CBDDTY010004727.1	1	1000	1	68	6.8	0.068	27.5	0
CBDDTY010004729.1	1	1000	3	282	28.2	0.39	30.3	0
CBDDTY010004731.1	1	1000	3	336	33.6	0.678	32.9	35.7
CBDDTY010004732.1	1	1000	1	60	6	0.06	37.4	0
CBDDTY010004734.1	1	1000	10	822	82.2	1.707	31.6	48.9
CBDDTY010004735.1	1	1000	1	95	9.5	0.095	33.2	0
CBDDTY010004737.1	1	1000	1	125	12.5	0.125	31.2	31
CBDDTY010004740.1	1	1000	2	334	33.4	0.334	32.6	28
CBDDTY010004741.1	1	1000	1	164	16.4	0.164	30.8	1
CBDDTY010004743.1	1	1000	1	71	7.1	0.071	37.2	1
CBDDTY010004744.1	1	1000	2	388	38.8	0.388	33	15.5
CBDDTY010004745.1	1	1000	15	510	51	2.378	28.9	23.5
CBDDTY010004747.1	1	1000	2	445	44.5	0.445	27.7	47.5
CBDDTY010004748.1	1	1000	2	172	17.2	0.172	34.4	20
CBDDTY010004749.1	1	1000	2	241	24.1	0.339	42.3	36.5
CBDDTY010004750.1	1	1000	4	371	37.1	0.48	33.9	31.2
CBDDTY010004753.1	1	1000	2	300	30	0.426	25.5	6.5
CBDDTY010004754.1	1	1000	5	767	76.7	0.987	30.5	36
CBDDTY010004755.1	1	1000	3	524	52.4	0.756	35.1	18.7
CBDDTY010004757.1	1	1000	1	276	27.6	0.276	24	60
CBDDTY010004758.1	1	1000	2	167	16.7	0.167	34	10
CBDDTY010004759.1	1	1000	1	69	6.9	0.069	34.4	0
CBDDTY010004760.1	1	1000	6	418	41.8	0.723	28.9	10.2
CBDDTY010004761.1	1	1000	2	383	38.3	0.383	34.5	0.5
CBDDTY010004765.1	1	1000	1	249	24.9	0.249	36.3	1
CBDDTY010004766.1	1	1000	2	431	43.1	0.431	30.2	1
CBDDTY010004767.1	1	1000	5	498	49.8	0.768	34.1	14.6
CBDDTY010004770.1	1	1000	8	526	52.6	1.991	29.4	0.5
CBDDTY010004773.1	1	1000	6	545	54.5	0.806	27.6	16.2
CBDDTY010004775.1	1	1000	5	550	55	1.116	28.9	44.4
CBDDTY010004776.1	1	1000	3	283	28.3	0.414	31.6	0.333
CBDDTY010004777.1	1	1000	1	154	15.4	0.154	23.7	13
CBDDTY010004779.1	1	1000	1	200	20	0.2	37.3	1
CBDDTY010004780.1	1	1000	1	131	13.1	0.131	36.8	60
CBDDTY010004782.1	1	1000	1	125	12.5	0.125	25.1	1
CBDDTY010004783.1	1	1000	1	151	15.1	0.151	37.1	0
CBDDTY010004784.1	1	1000	5	577	57.7	0.943	29.2	49.6
CBDDTY010004786.1	1	1000	40	989	98.9	7.537	31.3	13.8
CBDDTY010004790.1	1	1000	1	222	22.2	0.222	29.6	5
CBDDTY010004791.1	1	1000	2	463	46.3	0.507	32.4	25.5
CBDDTY010004792.1	1	1000	1	287	28.7	0.287	26.6	60
CBDDTY010004793.1	1	1000	1	108	10.8	0.108	36	0
CBDDTY010004794.1	1	1000	7	924	92.4	1.518	31.7	55
CBDDTY010004797.1	1	1000	7	562	56.2	1.273	32	4.71
CBDDTY010004798.1	1	1000	3	376	37.6	0.689	29.5	1
CBDDTY010004800.1	1	1000	3	382	38.2	0.818	28.2	11.3
CBDDTY010004801.1	1	1000	5	414	41.4	0.828	25.5	4
CBDDTY010004804.1	1	1000	3	362	36.2	0.433	30.1	38.3
CBDDTY010004805.1	1	1000	1	144	14.4	0.144	28.5	1
CBDDTY010004809.1	1	1000	9	768	76.8	1.726	27.5	5.33
CBDDTY010004810.1	1	1000	4	334	33.4	0.527	32.9	0.75
CBDDTY010004811.1	1	1000	2	490	49	0.49	32.8	60
CBDDTY010004812.1	1	1000	1	119	11.9	0.119	36.2	8
CBDDTY010004814.1	1	1000	3	325	32.5	0.581	28.3	39
CBDDTY010004815.1	1	1000	3	500	50	0.543	32.2	34.7
CBDDTY010004816.1	1	1000	1	173	17.3	0.173	30.3	28
CBDDTY010004818.1	1	1000	1	322	32.2	0.322	32.7	60
CBDDTY010004819.1	1	1000	1	182	18.2	0.182	33.2	16
CBDDTY010004820.1	1	1000	2	296	29.6	0.296	34.2	0.5
CBDDTY010004821.1	1	1000	2	166	16.6	0.243	34.6	0.5
CBDDTY010004823.1	1	1000	5	403	40.3	0.582	31.6	7
CBDDTY010004825.1	1	1000	1	174	17.4	0.174	29.9	1
CBDDTY010004826.1	1	1000	1	182	18.2	0.182	27.7	25
CBDDTY010004827.1	1	1000	2	233	23.3	0.433	31.1	54.5
CBDDTY010004829.1	1	1000	1	128	12.8	0.128	33.1	1
CBDDTY010004830.1	1	1000	2	391	39.1	0.391	29	60
CBDDTY010004832.1	1	1000	2	161	16.1	0.313	33.7	20.5
CBDDTY010004833.1	1	1000	1	183	18.3	0.183	27.8	31
CBDDTY010004834.1	1	1000	1	59	5.9	0.059	23.8	3
CBDDTY010004835.1	1	1000	1	160	16	0.16	27.5	36
CBDDTY010004837.1	1	1000	1	186	18.6	0.186	39.5	8
CBDDTY010004838.1	1	1000	12	624	62.4	2.205	29	2.42
CBDDTY010004839.1	1	1000	1	242	24.2	0.242	20.7	60
CBDDTY010004840.1	1	1000	6	762	76.2	1.183	33.5	49.3
CBDDTY010004841.1	1	1000	1	160	16	0.16	38.6	0
CBDDTY010004842.1	1	1000	1	66	6.6	0.066	24.2	0
CBDDTY010004843.1	1	1000	3	440	44	0.568	29.8	17
CBDDTY010004844.1	1	1000	2	440	44	0.44	30.7	1
CBDDTY010004847.1	1	1000	9	766	76.6	1.24	30.8	7.89
CBDDTY010004848.1	1	1000	1	244	24.4	0.244	28	60
CBDDTY010004849.1	1	1000	1	282	28.2	0.282	32	1
CBDDTY010004850.1	1	1000	3	144	14.4	0.346	25.7	9.33
CBDDTY010004851.1	1	1000	3	219	21.9	0.264	24	0
CBDDTY010004854.1	1	1000	2	268	26.8	0.397	33.6	0
CBDDTY010004856.1	1	1000	1	74	7.4	0.074	39.4	1
CBDDTY010004857.1	1	1000	1	273	27.3	0.273	27.7	3
CBDDTY010004858.1	1	1000	3	320	32	0.32	31.5	6
CBDDTY010004859.1	1	1000	1	195	19.5	0.195	26.7	5
CBDDTY010004862.1	1	1000	1	190	19	0.19	40.4	60
CBDDTY010004863.1	1	1000	3	419	41.9	0.555	30.8	58.3
CBDDTY010004864.1	1	1000	4	313	31.3	0.685	30.8	1
CBDDTY010004865.1	1	1000	2	119	11.9	0.178	28.2	3
CBDDTY010004866.1	1	1000	20	910	91	3.76	28.8	36
CBDDTY010004867.1	1	1000	4	459	45.9	0.571	26.4	10.2
CBDDTY010004871.1	1	1000	2	181	18.1	0.262	32	18
CBDDTY010004873.1	1	1000	7	664	66.4	0.872	32	30.7
CBDDTY010004874.1	1	1000	3	650	65	0.69	34.8	40.7
CBDDTY010004876.1	1	1000	3	265	26.5	0.6	36.1	0.333
CBDDTY010004877.1	1	1000	1	324	32.4	0.324	22.4	60
CBDDTY010004878.1	1	1000	2	687	68.7	0.687	30	60
CBDDTY010004882.1	1	1000	1	206	20.6	0.206	22	27
CBDDTY010004884.1	1	1000	2	222	22.2	0.419	37.1	37.5
CBDDTY010004885.1	1	1000	2	215	21.5	0.215	23.5	1.5
CBDDTY010004886.1	1	1000	3	373	37.3	0.473	30.1	45.7
CBDDTY010004888.1	1	1000	1	134	13.4	0.134	33.3	60
CBDDTY010004892.1	1	1000	2	213	21.3	0.245	32.2	1
CBDDTY010004893.1	1	1000	1	58	5.8	0.058	19.2	7
CBDDTY010004894.1	1	1000	2	253	25.3	0.253	30.3	30
CBDDTY010004896.1	1	1000	1	93	9.3	0.093	39.4	34
CBDDTY010004897.1	1	1000	1	118	11.8	0.118	30.5	60
CBDDTY010004898.1	1	1000	2	332	33.2	0.332	33.8	23.5
CBDDTY010004900.1	1	1000	6	429	42.9	1.042	29.2	10.8
CBDDTY010004902.1	1	1000	3	298	29.8	0.374	26.4	5
CBDDTY010004903.1	1	1000	13	850	85	2.468	28.2	39.5
CBDDTY010004904.1	1	1000	1	240	24	0.24	25.2	1
CBDDTY010004906.1	1	1000	7	636	63.6	1.714	31.4	0.143
CBDDTY010004908.1	1	1000	1	135	13.5	0.135	26.8	1
CBDDTY010004910.1	1	1000	1	64	6.4	0.064	32.5	0
CBDDTY010004911.1	1	1000	2	249	24.9	0.357	31.8	1
CBDDTY010004912.1	1	1000	1	165	16.5	0.165	34	44
CBDDTY010004915.1	1	1000	1	77	7.7	0.077	37.8	1
CBDDTY010004916.1	1	1000	3	361	36.1	0.483	31.9	4.67
CBDDTY010004917.1	1	1000	4	504	50.4	0.806	27	36.5
CBDDTY010004919.1	1	1000	3	298	29.8	0.525	30.5	27.7
CBDDTY010004920.1	1	1000	2	260	26	0.262	31.1	19
CBDDTY010004921.1	1	1000	3	294	29.4	0.386	30.1	27.7
CBDDTY010004923.1	1	1000	13	481	48.1	2.319	31.5	4.15
CBDDTY010004924.1	1	1000	4	550	55	0.65	31.8	26.5
CBDDTY010004925.1	1	1000	1	90	9	0.09	26.5	1
CBDDTY010004929.1	1	1000	1	123	12.3	0.123	33.5	1
CBDDTY010004930.1	1	1000	1	139	13.9	0.139	40.6	0
CBDDTY010004933.1	1	1000	3	269	26.9	0.67	33.6	38.3
CBDDTY010004934.1	1	1000	5	450	45	0.735	31.5	0.4
CBDDTY010004936.1	1	1000	2	421	42.1	0.421	30.6	30
CBDDTY010004937.1	1	1000	4	394	39.4	0.855	29.5	46.8
CBDDTY010004938.1	1	1000	3	308	30.8	0.554	20.9	9
CBDDTY010004939.1	1	1000	3	322	32.2	0.355	30	37.3
CBDDTY010004940.1	1	1000	1	149	14.9	0.149	31.8	11
CBDDTY010004941.1	1	1000	3	312	31.2	0.316	30.9	20.7
CBDDTY010004942.1	1	1000	2	392	39.2	0.392	27.4	22.5
CBDDTY010004943.1	1	1000	4	316	31.6	0.562	31.4	15
CBDDTY010004945.1	1	1000	2	203	20.3	0.385	28.5	60
CBDDTY010004947.1	1	1000	1	422	42.2	0.422	27.8	60
CBDDTY010004949.1	1	1000	10	473	47.3	1.369	32.1	2.2
CBDDTY010004950.1	1	1000	3	244	24.4	0.372	29.3	40.3
CBDDTY010004952.1	1	1000	5	642	64.2	0.837	26.2	32.2
CBDDTY010004953.1	1	1000	3	244	24.4	0.452	31	29.7
CBDDTY010004954.1	1	1000	6	733	73.3	1.072	28.1	39.3
CBDDTY010004955.1	1	1000	5	704	70.4	0.975	31.5	50.2
CBDDTY010004957.1	1	1000	2	285	28.5	0.285	30	30.5
CBDDTY010004959.1	1	1000	1	278	27.8	0.278	28.1	60
CBDDTY010004962.1	1	1000	1	250	25	0.25	21.9	40
CBDDTY010004963.1	1	1000	1	60	6	0.06	32	1
CBDDTY010004964.1	1	1000	3	325	32.5	0.403	29.5	21
CBDDTY010004965.1	1	1000	3	332	33.2	0.458	35.2	0
CBDDTY010004967.1	1	1000	3	326	32.6	0.454	37.2	37.3
CBDDTY010004968.1	1	1000	2	177	17.7	0.226	28.3	0
CBDDTY010004969.1	1	1000	6	862	86.2	1.305	30	49.2
CBDDTY010004970.1	1	1000	1	153	15.3	0.153	30.6	0
CBDDTY010004971.1	1	1000	1	198	19.8	0.198	30.6	11
CBDDTY010004972.1	1	1000	3	638	63.8	0.691	27.8	40.3
CBDDTY010004973.1	1	1000	4	423	42.3	0.548	28.3	3.75
CBDDTY010004974.1	1	1000	1	226	22.6	0.226	35.9	30
CBDDTY010004976.1	1	1000	6	414	41.4	0.866	28	10
CBDDTY010004977.1	1	1000	1	128	12.8	0.128	29.1	1
CBDDTY010004978.1	1	1000	2	263	26.3	0.263	24.1	1
CBDDTY010004979.1	1	1000	2	563	56.3	0.563	25.5	1
CBDDTY010004980.1	1	1000	6	418	41.8	0.771	32.6	2.67
CBDDTY010004981.1	1	1000	1	75	7.5	0.075	33.5	0
CBDDTY010004984.1	1	1000	1	176	17.6	0.176	26.5	1
CBDDTY010004985.1	1	1000	1	204	20.4	0.204	28.1	34
CBDDTY010004986.1	1	1000	3	364	36.4	0.364	26.4	1
CBDDTY010004989.1	1	1000	1	217	21.7	0.217	31.8	1
CBDDTY010004990.1	1	1000	2	357	35.7	0.357	34.1	60
CBDDTY010004994.1	1	1000	2	334	33.4	0.449	30.4	6.5
CBDDTY010004995.1	1	1000	5	341	34.1	1.027	29.2	0.4
CBDDTY010004996.1	1	1000	2	289	28.9	0.289	27.9	17
CBDDTY010004997.1	1	1000	4	319	31.9	0.354	35.1	0.25
CBDDTY010004998.1	1	1000	3	473	47.3	0.638	28.4	16
CBDDTY010004999.1	1	1000	2	291	29.1	0.373	33.4	30
CBDDTY010005000.1	1	1000	3	416	41.6	0.509	36.3	34.7
CBDDTY010005002.1	1	1000	1	155	15.5	0.155	30.7	46
CBDDTY010005005.1	1	1000	1	171	17.1	0.171	29.2	1
CBDDTY010005006.1	1	1000	1	128	12.8	0.128	17.2	21
CBDDTY010005007.1	1	1000	1	148	14.8	0.148	35.1	55
CBDDTY010005008.1	1	1000	3	375	37.5	0.659	26.6	3.67
CBDDTY010005009.1	1	1000	1	166	16.6	0.166	28.5	36
CBDDTY010005012.1	1	1000	1	228	22.8	0.228	40.7	60
CBDDTY010005013.1	1	1000	1	142	14.2	0.142	39.3	60
CBDDTY010005019.1	1	1000	1	187	18.7	0.187	33.7	14
CBDDTY010005020.1	1	1000	1	137	13.7	0.137	26	3
CBDDTY010005024.1	1	1000	2	328	32.8	0.602	31.5	60
CBDDTY010005027.1	1	1000	2	326	32.6	0.417	31.2	12
CBDDTY010005028.1	1	1000	1	189	18.9	0.189	30.4	19
CBDDTY010005029.1	1	1000	1	300	30	0.3	32.9	60
CBDDTY010005030.1	1	1000	2	337	33.7	0.337	39.4	60
CBDDTY010005031.1	1	1000	1	229	22.9	0.229	36.7	1
CBDDTY010005032.1	1	1000	4	277	27.7	0.697	34.1	44.2
CBDDTY010005033.1	1	1000	2	302	30.2	0.302	38.9	1
CBDDTY010005035.1	1	1000	3	290	29	0.47	27.4	24.7
CBDDTY010005036.1	1	1000	4	312	31.2	0.474	36.2	34.5
CBDDTY010005037.1	1	1000	1	293	29.3	0.293	33.7	26
CBDDTY010005038.1	1	1000	3	676	67.6	0.96	33.1	60
CBDDTY010005039.1	1	1000	1	85	8.5	0.085	36.2	0
CBDDTY010005041.1	1	1000	5	305	30.5	0.54	30.1	24.4
CBDDTY010005042.1	1	1000	1	150	15	0.15	28	1
CBDDTY010005043.1	1	1000	3	582	58.2	0.722	33.2	46.3
CBDDTY010005045.1	1	1000	6	476	47.6	0.842	34.6	10.2
CBDDTY010005046.1	1	1000	3	252	25.2	0.252	23.6	16.7
CBDDTY010005050.1	1	1000	1	216	21.6	0.216	28.3	29
CBDDTY010005051.1	1	1000	2	249	24.9	0.249	33.1	4.5
CBDDTY010005054.1	1	1000	1	94	9.4	0.094	27.3	15
CBDDTY010005056.1	1	1000	2	347	34.7	0.347	38.3	48.5
CBDDTY010005057.1	1	1000	1	59	5.9	0.059	38.3	1
CBDDTY010005058.1	1	1000	10	628	62.8	1.67	26.6	6.4
CBDDTY010005060.1	1	1000	3	504	50.4	0.715	26.7	54.7
CBDDTY010005062.1	1	1000	3	503	50.3	0.635	35.2	47.7
CBDDTY010005063.1	1	1000	4	660	66	0.775	28.8	33.8
CBDDTY010005066.1	1	1000	3	508	50.8	0.508	27.6	49
CBDDTY010005068.1	1	1000	1	61	6.1	0.061	31.7	1
CBDDTY010005069.1	1	1000	2	483	48.3	0.483	33.6	60
CBDDTY010005070.1	1	1000	3	391	39.1	0.475	30.6	18
CBDDTY010005071.1	1	1000	1	140	14	0.14	22.2	6
CBDDTY010005073.1	1	1000	3	532	53.2	0.532	24.9	33
CBDDTY010005075.1	1	1000	6	509	50.9	1.264	28.4	21.5
CBDDTY010005076.1	1	1000	1	139	13.9	0.139	30.2	12
CBDDTY010005078.1	1	1000	3	283	28.3	0.351	28.5	1
CBDDTY010005079.1	1	1000	1	134	13.4	0.134	24.8	0
CBDDTY010005080.1	1	1000	2	287	28.7	0.287	31.6	25.5
CBDDTY010005081.1	1	1000	1	196	19.6	0.196	34.8	15
CBDDTY010005082.1	1	1000	1	207	20.7	0.207	27.4	42
CBDDTY010005083.1	1	1000	2	186	18.6	0.186	23.9	27.5
CBDDTY010005085.1	1	1000	3	511	51.1	0.575	35.4	42.7
CBDDTY010005086.1	1	1000	2	246	24.6	0.246	29.6	20
CBDDTY010005088.1	1	1000	2	184	18.4	0.274	25.4	0.5
CBDDTY010005089.1	1	1000	1	143	14.3	0.143	36.3	30
CBDDTY010005090.1	1	1000	5	488	48.8	0.845	29.7	45.2
CBDDTY010005092.1	1	1000	5	662	66.2	0.853	29.3	11.6
CBDDTY010005096.1	1	1000	3	423	42.3	0.482	35.7	23.7
CBDDTY010005097.1	1	1000	4	219	21.9	0.669	27	6.5
CBDDTY010005098.1	1	1000	1	216	21.6	0.216	23.6	1
CBDDTY010005101.1	1	1000	5	722	72.2	0.854	29.5	46.8
CBDDTY010005103.1	1	1000	1	257	25.7	0.257	25.8	1
CBDDTY010005104.1	1	1000	3	359	35.9	0.581	31.7	26
CBDDTY010005105.1	1	1000	4	678	67.8	1.065	29.5	0.75
CBDDTY010005106.1	1	1000	6	579	57.9	1.035	28.9	15.5
CBDDTY010005107.1	1	1000	1	101	10.1	0.101	25.1	13
CBDDTY010005108.1	1	1000	20	868	86.8	2.948	32.2	13.3
CBDDTY010005110.1	1	1000	1	235	23.5	0.235	30.9	5
CBDDTY010005111.1	1	1000	3	341	34.1	0.47	27.8	40.3
CBDDTY010005112.1	1	1000	1	145	14.5	0.145	27.8	58
CBDDTY010005113.1	1	1000	5	469	46.9	0.959	31.9	18.6
CBDDTY010005115.1	1	1000	2	225	22.5	0.225	27.4	5.5
CBDDTY010005116.1	1	1000	7	463	46.3	1.341	29.6	3.71
CBDDTY010005118.1	1	1000	3	391	39.1	0.453	21.8	29.7
CBDDTY010005121.1	1	1000	4	254	25.4	0.714	29.4	0.5
CBDDTY010005122.1	1	1000	1	186	18.6	0.186	31.6	1
CBDDTY010005124.1	1	1000	1	206	20.6	0.206	33	60
CBDDTY010005125.1	1	1000	2	319	31.9	0.319	30.1	3.5
CBDDTY010005126.1	1	1000	3	487	48.7	0.487	26.8	9.67
CBDDTY010005127.1	1	1000	2	311	31.1	0.311	29.9	4
CBDDTY010005128.1	1	1000	1	150	15	0.15	38.3	42
CBDDTY010005129.1	1	1000	9	625	62.5	1.868	29.8	12.6
CBDDTY010005132.1	1	1000	6	709	70.9	0.855	35.9	2
CBDDTY010005134.1	1	1000	1	131	13.1	0.131	36.8	15
CBDDTY010005136.1	1	1000	2	272	27.2	0.272	32.5	40
CBDDTY010005137.1	1	1000	2	331	33.1	0.331	24.3	30.5
CBDDTY010005143.1	1	1000	2	258	25.8	0.258	35.5	29
CBDDTY010005146.1	1	1000	1	57	5.7	0.057	38.2	0
CBDDTY010005147.1	1	1000	2	193	19.3	0.355	28.7	1
CBDDTY010005148.1	1	1000	2	356	35.6	0.356	25.3	0
CBDDTY010005151.1	1	1000	13	546	54.6	1.969	29.7	14.7
CBDDTY010005152.1	1	1000	1	118	11.8	0.118	34.4	0
CBDDTY010005153.1	1	1000	4	235	23.5	0.524	34.4	15
CBDDTY010005154.1	1	1000	2	436	43.6	0.436	29.1	3.5
CBDDTY010005156.1	1	1000	1	136	13.6	0.136	35.6	32
CBDDTY010005157.1	1	1000	1	219	21.9	0.219	39.4	60
CBDDTY010005158.1	1	1000	1	69	6.9	0.069	38.3	30
CBDDTY010005160.1	1	1000	1	317	31.7	0.317	30.6	60
CBDDTY010005164.1	1	1000	2	239	23.9	0.239	25.4	1
CBDDTY010005166.1	1	1000	4	289	28.9	0.826	28.1	42
CBDDTY010005168.1	1	1000	2	317	31.7	0.317	38.9	14.5
CBDDTY010005169.1	1	1000	3	379	37.9	0.57	27	12.3
CBDDTY010005170.1	1	1000	4	541	54.1	0.604	28.3	60
CBDDTY010005171.1	1	1000	5	568	56.8	1.15	31.1	0.6
CBDDTY010005172.1	1	1000	2	372	37.2	0.372	35.9	43.5
CBDDTY010005173.1	1	1000	3	627	62.7	0.762	36.4	10
CBDDTY010005174.1	1	1000	2	147	14.7	0.147	34	1.5
CBDDTY010005177.1	1	1000	2	152	15.2	0.152	40.1	0.5
CBDDTY010005178.1	1	1000	1	248	24.8	0.248	39.2	60
CBDDTY010005180.1	1	1000	1	165	16.5	0.165	21.5	1
CBDDTY010005181.1	1	1000	4	362	36.2	0.755	29.6	25.2
CBDDTY010005182.1	1	1000	1	224	22.4	0.224	31.2	1
CBDDTY010005183.1	1	1000	4	344	34.4	0.67	29.7	0.25
CBDDTY010005184.1	1	1000	1	211	21.1	0.211	21	0
CBDDTY010005186.1	1	1000	2	286	28.6	0.286	32.4	30.5
CBDDTY010005187.1	1	1000	2	215	21.5	0.215	35.8	44
CBDDTY010005188.1	1	1000	2	468	46.8	0.665	30.1	53.5
CBDDTY010005192.1	1	1000	1	214	21.4	0.214	29.3	60
CBDDTY010005193.1	1	1000	5	628	62.8	1.145	27.1	51.8
CBDDTY010005194.1	1	1000	3	340	34	0.455	31.2	49.7
CBDDTY010005195.1	1	1000	2	209	20.9	0.265	27.2	0.5
CBDDTY010005197.1	1	1000	1	325	32.5	0.325	17.9	1
CBDDTY010005201.1	1	1000	1	274	27.4	0.274	36.2	1
CBDDTY010005203.1	1	1000	2	339	33.9	0.339	28.9	1
CBDDTY010005209.1	1	1000	2	249	24.9	0.309	26.9	0.5
CBDDTY010005210.1	1	1000	1	187	18.7	0.187	28.1	49
CBDDTY010005211.1	1	1000	4	405	40.5	0.528	29.7	27
CBDDTY010005212.1	1	1000	8	572	57.2	1.649	32.8	6.75
CBDDTY010005219.1	1	1000	2	259	25.9	0.381	33.3	34.5
CBDDTY010005221.1	1	1000	1	215	21.5	0.215	26.5	1
CBDDTY010005223.1	1	1000	4	309	30.9	0.653	32.6	47
CBDDTY010005224.1	1	1000	4	652	65.2	0.716	31.2	38
CBDDTY010005227.1	1	1000	3	452	45.2	0.678	38.7	0.667
CBDDTY010005228.1	1	1000	2	256	25.6	0.333	33.6	21
CBDDTY010005229.1	1	1000	1	153	15.3	0.153	34.4	33
CBDDTY010005231.1	1	1000	1	168	16.8	0.168	30.4	48
CBDDTY010005232.1	1	1000	2	417	41.7	0.417	33.9	37.5
CBDDTY010005235.1	1	1000	2	377	37.7	0.39	29.6	60
CBDDTY010005236.1	1	1000	2	142	14.2	0.214	31.1	48
CBDDTY010005238.1	1	1000	3	473	47.3	0.584	33.3	20.7
CBDDTY010005239.1	1	1000	3	146	14.6	0.378	32.4	0.667
CBDDTY010005240.1	1	1000	4	497	49.7	0.729	32.7	44.5
CBDDTY010005241.1	1	1000	3	435	43.5	0.516	25.9	43.7
CBDDTY010005242.1	1	1000	1	252	25.2	0.252	29.2	1
CBDDTY010005243.1	1	1000	2	425	42.5	0.425	29.6	30.5
CBDDTY010005247.1	1	1000	1	128	12.8	0.128	35.5	1
CBDDTY010005250.1	1	1000	1	141	14.1	0.141	28.6	60
CBDDTY010005251.1	1	1000	4	398	39.8	0.626	34.3	38
CBDDTY010005252.1	1	1000	2	334	33.4	0.334	27.9	21.5
CBDDTY010005254.1	1	1000	1	94	9.4	0.094	30.5	0
CBDDTY010005256.1	1	998	2	197	19.7395	0.197395	32	0
CBDDTY010005258.1	1	1000	4	311	31.1	0.549	25.6	11.5
CBDDTY010005260.1	1	1000	3	385	38.5	0.385	30.4	38
CBDDTY010005261.1	1	1000	2	325	32.5	0.325	30.7	3
CBDDTY010005262.1	1	1000	4	548	54.8	0.717	32.3	17.2
CBDDTY010005263.1	1	1000	5	680	68	0.914	28.7	29.8
CBDDTY010005265.1	1	1000	6	728	72.8	1.299	27.8	2.67
CBDDTY010005266.1	1	1000	1	235	23.5	0.235	19	56
CBDDTY010005267.1	1	1000	7	438	43.8	0.892	34.3	0.143
CBDDTY010005268.1	1	1000	1	177	17.7	0.177	31.5	60
CBDDTY010005269.1	1	1000	1	129	12.9	0.129	36.9	18
CBDDTY010005270.1	1	1000	1	135	13.5	0.135	32.7	27
CBDDTY010005272.1	1	1000	1	156	15.6	0.156	23.8	59
CBDDTY010005274.1	1	1000	2	166	16.6	0.166	38.9	0.5
CBDDTY010005275.1	1	1000	3	239	23.9	0.537	24.6	0
CBDDTY010005277.1	1	1000	5	561	56.1	1.053	29.7	0.4
CBDDTY010005278.1	1	1000	2	382	38.2	0.382	27.3	58.5
CBDDTY010005280.1	1	1000	1	64	6.4	0.064	25.2	13
CBDDTY010005281.1	1	1000	5	276	27.6	0.513	28.5	2.4
CBDDTY010005282.1	1	800	1	127	15.875	0.15875	32.1	1
CBDDTY010005283.1	1	1000	2	245	24.5	0.287	31.3	13
CBDDTY010005285.1	1	1000	1	100	10	0.1	32.1	2
CBDDTY010005286.1	1	1000	1	263	26.3	0.263	30.1	60
CBDDTY010005288.1	1	1000	1	182	18.2	0.182	36.5	60
CBDDTY010005292.1	1	1000	1	177	17.7	0.177	24.4	0
CBDDTY010005293.1	1	1000	3	398	39.8	0.508	28.9	12
CBDDTY010005294.1	1	1000	1	152	15.2	0.152	37.5	15
CBDDTY010005295.1	1	1000	4	593	59.3	0.797	22.4	51.2
CBDDTY010005297.1	1	1000	2	259	25.9	0.341	27.3	34
CBDDTY010005298.1	1	1000	10	860	86	1.829	31.9	29.7
CBDDTY010005299.1	1	1000	2	453	45.3	0.669	25.1	1
CBDDTY010005305.1	1	1000	2	131	13.1	0.253	33.5	13
CBDDTY010005309.1	1	1000	3	423	42.3	0.423	25.7	36
CBDDTY010005310.1	1	1000	5	562	56.2	0.643	30.6	26.4
CBDDTY010005311.1	1	1000	1	89	8.9	0.089	41	4
CBDDTY010005312.1	1	1000	1	117	11.7	0.117	38.2	60
CBDDTY010005313.1	1	1000	1	145	14.5	0.145	31.6	31
CBDDTY010005314.1	1	1000	4	380	38	0.803	27.7	18.8
CBDDTY010005318.1	1	1000	30	987	98.7	4.52	28.5	35.8
CBDDTY010005319.1	1	1000	3	375	37.5	0.423	28.8	13.7
CBDDTY010005320.1	1	1000	1	186	18.6	0.186	25.9	11
CBDDTY010005321.1	1	1000	3	396	39.6	0.54	34.7	46.7
CBDDTY010005322.1	1	1000	4	417	41.7	0.742	28.1	17.8
CBDDTY010005325.1	1	1000	4	454	45.4	0.648	31.6	3.5
CBDDTY010005326.1	1	1000	4	610	61	0.956	27.4	35.5
CBDDTY010005327.1	1	1000	8	388	38.8	0.955	32.6	8
CBDDTY010005329.1	1	1000	14	866	86.6	2.93	29.7	54
CBDDTY010005331.1	1	1000	4	427	42.7	0.625	29.8	25.8
CBDDTY010005333.1	1	1000	1	85	8.5	0.085	32.6	0
CBDDTY010005334.1	1	1000	1	123	12.3	0.123	19	0
CBDDTY010005335.1	1	1000	3	489	48.9	0.518	28.9	38.3
CBDDTY010005336.1	1	1000	4	393	39.3	1.088	31.8	58
CBDDTY010005337.1	1	1000	1	155	15.5	0.155	25	6
CBDDTY010005342.1	1	1000	1	140	14	0.14	25.4	13
CBDDTY010005343.1	1	1000	2	277	27.7	0.277	29.1	16.5
CBDDTY010005344.1	1	1000	4	362	36.2	0.715	33.4	27.2
CBDDTY010005345.1	1	1000	15	563	56.3	2.842	29.6	4.33
CBDDTY010005347.1	1	1000	1	97	9.7	0.097	33.2	0
CBDDTY010005348.1	1	1000	1	127	12.7	0.127	31.3	1
CBDDTY010005349.1	1	1000	3	359	35.9	0.369	33.3	1
CBDDTY010005353.1	1	1000	1	228	22.8	0.228	30.1	60
CBDDTY010005354.1	1	815	2	344	42.2086	0.460123	27.9	29.5
CBDDTY010005355.1	1	1000	7	806	80.6	1.296	29.6	59
CBDDTY010005356.1	1	1000	1	237	23.7	0.237	33.2	60
CBDDTY010005357.1	1	1000	3	536	53.6	0.609	29.5	0
CBDDTY010005359.1	1	1000	2	247	24.7	0.323	30.4	4
CBDDTY010005360.1	1	1000	1	91	9.1	0.091	31.9	0
CBDDTY010005361.1	1	1000	4	612	61.2	0.733	29.4	11.8
CBDDTY010005364.1	1	1000	2	287	28.7	0.287	30.5	33
CBDDTY010005365.1	1	1000	1	239	23.9	0.239	37.8	60
CBDDTY010005366.1	1	1000	1	196	19.6	0.196	28	24
CBDDTY010005369.1	1	1000	4	591	59.1	0.632	32.7	13.5
CBDDTY010005370.1	1	1000	5	417	41.7	1.23	29.5	4.8
CBDDTY010005371.1	1	1000	3	363	36.3	0.502	29.8	1
CBDDTY010005372.1	1	1000	1	285	28.5	0.285	29.5	60
CBDDTY010005374.1	1	1000	1	295	29.5	0.295	34.3	26
CBDDTY010005376.1	1	1000	2	276	27.6	0.477	29.1	60
CBDDTY010005377.1	1	1000	1	82	8.2	0.082	30.8	7
CBDDTY010005379.1	1	1000	1	157	15.7	0.157	35	49
CBDDTY010005381.1	1	1000	1	92	9.2	0.092	24.9	1
CBDDTY010005382.1	1	1000	2	314	31.4	0.314	30.3	60
CBDDTY010005383.1	1	1000	1	244	24.4	0.244	24.7	12
CBDDTY010005384.1	1	1000	3	251	25.1	0.478	25.7	1.33
CBDDTY010005385.1	1	1000	20	938	93.8	4.177	31.2	34.3
CBDDTY010005386.1	1	1000	2	304	30.4	0.304	33.3	44
CBDDTY010005387.1	1	1000	1	171	17.1	0.171	31.7	10
CBDDTY010005388.1	1	1000	3	522	52.2	0.709	27.1	24
CBDDTY010005389.1	1	1000	1	316	31.6	0.316	31.7	0
CBDDTY010005390.1	1	1000	2	178	17.8	0.178	24.7	2.5
CBDDTY010005391.1	1	1000	2	203	20.3	0.299	32.4	0
CBDDTY010005398.1	1	1000	1	181	18.1	0.181	33.5	60
CBDDTY010005400.1	1	1000	11	783	78.3	1.945	31.5	7.64
CBDDTY010005402.1	1	1000	1	109	10.9	0.109	28.9	37
CBDDTY010005403.1	1	1000	1	138	13.8	0.138	22.6	1
CBDDTY010005404.1	1	1000	1	142	14.2	0.142	34.6	1
CBDDTY010005405.1	1	1000	6	530	53	0.749	27.2	11.8
CBDDTY010005406.1	1	1000	2	251	25.1	0.384	25.4	17
CBDDTY010005408.1	1	1000	1	373	37.3	0.373	23.4	60
CBDDTY010005410.1	1	1000	1	169	16.9	0.169	33.8	33
CBDDTY010005411.1	1	1000	3	448	44.8	0.534	34.5	43.7
CBDDTY010005412.1	1	1000	6	889	88.9	1.252	30.3	39.2
CBDDTY010005413.1	1	1000	2	457	45.7	0.513	25.8	36
CBDDTY010005415.1	1	1000	2	250	25	0.399	23.2	29.5
CBDDTY010005416.1	1	1000	2	309	30.9	0.309	28.2	7
CBDDTY010005417.1	1	1000	1	235	23.5	0.235	28.1	1
CBDDTY010005418.1	1	1000	2	192	19.2	0.319	36.4	44.5
CBDDTY010005419.1	1	1000	2	212	21.2	0.212	35.9	6.5
CBDDTY010005422.1	1	1000	2	322	32.2	0.473	27.7	25
CBDDTY010005424.1	1	1000	1	97	9.7	0.097	19.5	0
CBDDTY010005425.1	1	1000	1	155	15.5	0.155	28.5	34
CBDDTY010005426.1	1	1000	9	667	66.7	1.745	29.1	44.1
CBDDTY010005427.1	1	1000	3	687	68.7	0.857	31.9	56.3
CBDDTY010005428.1	1	1000	1	200	20	0.2	34.6	1
CBDDTY010005429.1	1	1000	1	101	10.1	0.101	34	15
CBDDTY010005431.1	1	1000	1	189	18.9	0.189	37.7	60
CBDDTY010005432.1	1	1000	1	224	22.4	0.224	26	60
CBDDTY010005433.1	1	1000	1	156	15.6	0.156	27.7	60
CBDDTY010005437.1	1	1000	5	833	83.3	1.149	32.5	0.6
CBDDTY010005441.1	1	1000	2	227	22.7	0.286	39.7	0.5
CBDDTY010005442.1	1	1000	1	380	38	0.38	25	60
CBDDTY010005443.1	1	1000	1	372	37.2	0.372	33.4	60
CBDDTY010005445.1	1	1000	6	662	66.2	1.002	29.4	10.2
CBDDTY010005447.1	1	1000	1	238	23.8	0.238	32.3	40
CBDDTY010005448.1	1	1000	4	339	33.9	0.548	32.5	0
CBDDTY010005450.1	1	1000	1	104	10.4	0.104	39.7	60
CBDDTY010005457.1	1	1000	2	310	31	0.392	35.8	17
CBDDTY010005458.1	1	1000	2	304	30.4	0.418	26.7	36
CBDDTY010005459.1	1	1000	2	245	24.5	0.355	25.4	28.5
CBDDTY010005461.1	1	1000	1	129	12.9	0.129	35	60
CBDDTY010005462.1	1	1000	1	117	11.7	0.117	26.4	0
CBDDTY010005463.1	1	1000	3	423	42.3	0.637	37.2	40.3
CBDDTY010005464.1	1	1000	2	388	38.8	0.727	29.1	60
CBDDTY010005468.1	1	1000	3	328	32.8	0.449	29.8	1
CBDDTY010005472.1	1	1000	21	444	44.4	3.866	30.3	2.19
CBDDTY010005475.1	1	1000	2	304	30.4	0.304	35.1	12.5
CBDDTY010005476.1	1	1000	11	798	79.8	1.554	32.4	42.8
CBDDTY010005477.1	1	1000	2	341	34.1	0.464	23.1	4.5
CBDDTY010005479.1	1	1000	2	384	38.4	0.595	28.1	36.5
CBDDTY010005480.1	1	1000	1	228	22.8	0.228	27.8	1
CBDDTY010005483.1	1	1000	1	92	9.2	0.092	33.9	10
CBDDTY010005484.1	1	1000	4	275	27.5	0.461	29.2	36.8
CBDDTY010005486.1	1	1000	1	243	24.3	0.243	25.4	60
CBDDTY010005487.1	1	1000	3	292	29.2	0.466	31.4	44
CBDDTY010005488.1	1	1000	8	962	96.2	1.479	28.8	36.5
CBDDTY010005490.1	1	1000	2	343	34.3	0.343	26	0
CBDDTY010005493.1	1	1000	2	196	19.6	0.333	31.8	0.5
CBDDTY010005494.1	1	1000	2	583	58.3	0.625	32.6	60
CBDDTY010005495.1	1	1000	3	376	37.6	0.376	28.8	37
CBDDTY010005496.1	1	1000	1	218	21.8	0.218	34.7	60
CBDDTY010005500.1	1	1000	1	183	18.3	0.183	26.5	1
CBDDTY010005501.1	1	1000	2	399	39.9	0.399	27.2	13.5
CBDDTY010005502.1	1	1000	3	331	33.1	0.331	36.6	28
CBDDTY010005504.1	1	1000	3	379	37.9	0.509	37.5	40.7
CBDDTY010005507.1	1	1000	4	558	55.8	0.621	27	26
CBDDTY010005509.1	1	1000	2	158	15.8	0.301	32.2	5.5
CBDDTY010005510.1	1	1000	1	69	6.9	0.069	35.6	1
CBDDTY010005512.1	1	1000	2	372	37.2	0.505	37.5	0.5
CBDDTY010005514.1	1	1000	5	367	36.7	0.63	29.2	18.2
CBDDTY010005517.1	1	1000	2	202	20.2	0.282	36.1	7
CBDDTY010005518.1	1	1000	2	336	33.6	0.336	29.7	49.5
CBDDTY010005520.1	1	1000	1	162	16.2	0.162	27.1	60
CBDDTY010005524.1	1	1000	1	165	16.5	0.165	31.2	60
CBDDTY010005529.1	1	1000	2	295	29.5	0.295	29.3	7
CBDDTY010005530.1	1	1000	1	133	13.3	0.133	35.2	13
CBDDTY010005532.1	1	1000	1	81	8.1	0.081	40.2	13
CBDDTY010005534.1	1	1000	3	330	33	0.454	26.4	7
CBDDTY010005536.1	1	1000	1	181	18.1	0.181	32.1	9
CBDDTY010005538.1	1	1000	1	367	36.7	0.367	30.8	5
CBDDTY010005540.1	1	1000	2	334	33.4	0.334	32.1	48
CBDDTY010005541.1	1	1000	1	133	13.3	0.133	22.3	1
CBDDTY010005543.1	1	1000	2	389	38.9	0.389	32.7	58
CBDDTY010005546.1	1	1000	4	603	60.3	0.794	31.3	48.2
CBDDTY010005548.1	1	1000	9	706	70.6	1.578	26.7	40.3
CBDDTY010005549.1	1	1000	3	457	45.7	0.515	31.9	37.7
CBDDTY010005551.1	1	1000	3	559	55.9	0.613	26.2	47.3
CBDDTY010005552.1	1	1000	4	599	59.9	0.752	33.9	47.8
CBDDTY010005553.1	1	1000	2	325	32.5	0.325	36.8	42.5
CBDDTY010005554.1	1	1000	1	350	35	0.35	23.1	60
CBDDTY010005557.1	1	1000	1	168	16.8	0.168	33.4	39
CBDDTY010005559.1	1	1000	2	227	22.7	0.227	31.6	25
CBDDTY010005561.1	1	1000	2	462	46.2	0.462	28.2	47.5
CBDDTY010005562.1	1	1000	1	190	19	0.19	27.8	1
CBDDTY010005563.1	1	1000	2	291	29.1	0.291	25.4	6
CBDDTY010005564.1	1	1000	1	114	11.4	0.114	35.9	60
CBDDTY010005565.1	1	1000	1	372	37.2	0.372	33.5	1
CBDDTY010005566.1	1	1000	4	414	41.4	0.996	29.3	58.8
OZ247669.1	1	18777	1882	18776	99.9947	17.5299	29.1	48.8
CBDDTY010000013.1	1	37029	0	0	0	0	0	0
CBDDTY010000017.1	1	800	0	0	0	0	0	0
CBDDTY010000021.1	1	514	0	0	0	0	0	0
CBDDTY010000065.1	1	158000	0	0	0	0	0	0
CBDDTY010000069.1	1	219	0	0	0	0	0	0
CBDDTY010000157.1	1	61000	0	0	0	0	0	0
CBDDTY010000171.1	1	53000	0	0	0	0	0	0
CBDDTY010000175.1	1	52000	0	0	0	0	0	0
CBDDTY010000932.1	1	32000	0	0	0	0	0	0
CBDDTY010000957.1	1	31943	0	0	0	0	0	0
CBDDTY010001325.1	1	28786	0	0	0	0	0	0
CBDDTY010001337.1	1	28589	0	0	0	0	0	0
CBDDTY010001726.1	1	25564	0	0	0	0	0	0
CBDDTY010001800.1	1	25000	0	0	0	0	0	0
CBDDTY010001817.1	1	24959	0	0	0	0	0	0
CBDDTY010002322.1	1	21000	0	0	0	0	0	0
CBDDTY010002329.1	1	21000	0	0	0	0	0	0
CBDDTY010002457.1	1	19600	0	0	0	0	0	0
CBDDTY010002609.1	1	19000	0	0	0	0	0	0
CBDDTY010002618.1	1	19000	0	0	0	0	0	0
CBDDTY010002623.1	1	19000	0	0	0	0	0	0
CBDDTY010002642.1	1	18752	0	0	0	0	0	0
CBDDTY010002673.1	1	18426	0	0	0	0	0	0
CBDDTY010002698.1	1	18157	0	0	0	0	0	0
CBDDTY010002730.1	1	18000	0	0	0	0	0	0
CBDDTY010002840.1	1	17000	0	0	0	0	0	0
CBDDTY010002856.1	1	17000	0	0	0	0	0	0
CBDDTY010002969.1	1	16000	0	0	0	0	0	0
CBDDTY010003038.1	1	15524	0	0	0	0	0	0
CBDDTY010003062.1	1	15357	0	0	0	0	0	0
CBDDTY010003329.1	1	13000	0	0	0	0	0	0
CBDDTY010003510.1	1	9000	0	0	0	0	0	0
CBDDTY010003575.1	1	7000	0	0	0	0	0	0
CBDDTY010003590.1	1	7000	0	0	0	0	0	0
CBDDTY010003612.1	1	6000	0	0	0	0	0	0
CBDDTY010003624.1	1	6000	0	0	0	0	0	0
CBDDTY010003635.1	1	6000	0	0	0	0	0	0
CBDDTY010003676.1	1	5000	0	0	0	0	0	0
CBDDTY010003677.1	1	5000	0	0	0	0	0	0
CBDDTY010003707.1	1	5000	0	0	0	0	0	0
CBDDTY010003711.1	1	5000	0	0	0	0	0	0
CBDDTY010003741.1	1	4000	0	0	0	0	0	0
CBDDTY010003743.1	1	4000	0	0	0	0	0	0
CBDDTY010003744.1	1	4000	0	0	0	0	0	0
CBDDTY010003777.1	1	4000	0	0	0	0	0	0
CBDDTY010003779.1	1	4000	0	0	0	0	0	0
CBDDTY010003786.1	1	4000	0	0	0	0	0	0
CBDDTY010003806.1	1	4000	0	0	0	0	0	0
CBDDTY010003809.1	1	4000	0	0	0	0	0	0
CBDDTY010003812.1	1	4000	0	0	0	0	0	0
CBDDTY010003830.1	1	4000	0	0	0	0	0	0
CBDDTY010003873.1	1	3000	0	0	0	0	0	0
CBDDTY010003891.1	1	3000	0	0	0	0	0	0
CBDDTY010003913.1	1	3000	0	0	0	0	0	0
CBDDTY010003915.1	1	3000	0	0	0	0	0	0
CBDDTY010003923.1	1	3000	0	0	0	0	0	0
CBDDTY010003925.1	1	3000	0	0	0	0	0	0
CBDDTY010003926.1	1	3000	0	0	0	0	0	0
CBDDTY010003930.1	1	3000	0	0	0	0	0	0
CBDDTY010003940.1	1	3000	0	0	0	0	0	0
CBDDTY010003956.1	1	3000	0	0	0	0	0	0
CBDDTY010003966.1	1	3000	0	0	0	0	0	0
CBDDTY010003973.1	1	3000	0	0	0	0	0	0
CBDDTY010003996.1	1	3000	0	0	0	0	0	0
CBDDTY010004005.1	1	3000	0	0	0	0	0	0
CBDDTY010004011.1	1	3000	0	0	0	0	0	0
CBDDTY010004012.1	1	3000	0	0	0	0	0	0
CBDDTY010004015.1	1	3000	0	0	0	0	0	0
CBDDTY010004019.1	1	3000	0	0	0	0	0	0
CBDDTY010004025.1	1	3000	0	0	0	0	0	0
CBDDTY010004028.1	1	3000	0	0	0	0	0	0
CBDDTY010004039.1	1	3000	0	0	0	0	0	0
CBDDTY010004042.1	1	3000	0	0	0	0	0	0
CBDDTY010004047.1	1	3000	0	0	0	0	0	0
CBDDTY010004055.1	1	3000	0	0	0	0	0	0
CBDDTY010004058.1	1	3000	0	0	0	0	0	0
CBDDTY010004060.1	1	3000	0	0	0	0	0	0
CBDDTY010004082.1	1	3000	0	0	0	0	0	0
CBDDTY010004097.1	1	3000	0	0	0	0	0	0
CBDDTY010004106.1	1	3000	0	0	0	0	0	0
CBDDTY010004115.1	1	2000	0	0	0	0	0	0
CBDDTY010004118.1	1	2000	0	0	0	0	0	0
CBDDTY010004121.1	1	2000	0	0	0	0	0	0
CBDDTY010004123.1	1	2000	0	0	0	0	0	0
CBDDTY010004127.1	1	2000	0	0	0	0	0	0
CBDDTY010004137.1	1	2000	0	0	0	0	0	0
CBDDTY010004148.1	1	2000	0	0	0	0	0	0
CBDDTY010004159.1	1	2000	0	0	0	0	0	0
CBDDTY010004160.1	1	2000	0	0	0	0	0	0
CBDDTY010004163.1	1	2000	0	0	0	0	0	0
CBDDTY010004164.1	1	2000	0	0	0	0	0	0
CBDDTY010004170.1	1	2000	0	0	0	0	0	0
CBDDTY010004177.1	1	2000	0	0	0	0	0	0
CBDDTY010004183.1	1	2000	0	0	0	0	0	0
CBDDTY010004185.1	1	2000	0	0	0	0	0	0
CBDDTY010004194.1	1	2000	0	0	0	0	0	0
CBDDTY010004197.1	1	2000	0	0	0	0	0	0
CBDDTY010004199.1	1	2000	0	0	0	0	0	0
CBDDTY010004202.1	1	2000	0	0	0	0	0	0
CBDDTY010004207.1	1	2000	0	0	0	0	0	0
CBDDTY010004208.1	1	2000	0	0	0	0	0	0
CBDDTY010004217.1	1	2000	0	0	0	0	0	0
CBDDTY010004219.1	1	2000	0	0	0	0	0	0
CBDDTY010004239.1	1	2000	0	0	0	0	0	0
CBDDTY010004240.1	1	2000	0	0	0	0	0	0
CBDDTY010004245.1	1	2000	0	0	0	0	0	0
CBDDTY010004261.1	1	2000	0	0	0	0	0	0
CBDDTY010004264.1	1	2000	0	0	0	0	0	0
CBDDTY010004277.1	1	2000	0	0	0	0	0	0
CBDDTY010004279.1	1	2000	0	0	0	0	0	0
CBDDTY010004282.1	1	2000	0	0	0	0	0	0
CBDDTY010004284.1	1	2000	0	0	0	0	0	0
CBDDTY010004289.1	1	2000	0	0	0	0	0	0
CBDDTY010004292.1	1	2000	0	0	0	0	0	0
CBDDTY010004296.1	1	2000	0	0	0	0	0	0
CBDDTY010004297.1	1	2000	0	0	0	0	0	0
CBDDTY010004300.1	1	2000	0	0	0	0	0	0
CBDDTY010004319.1	1	2000	0	0	0	0	0	0
CBDDTY010004330.1	1	2000	0	0	0	0	0	0
CBDDTY010004333.1	1	2000	0	0	0	0	0	0
CBDDTY010004336.1	1	2000	0	0	0	0	0	0
CBDDTY010004337.1	1	2000	0	0	0	0	0	0
CBDDTY010004341.1	1	2000	0	0	0	0	0	0
CBDDTY010004344.1	1	2000	0	0	0	0	0	0
CBDDTY010004347.1	1	2000	0	0	0	0	0	0
CBDDTY010004349.1	1	2000	0	0	0	0	0	0
CBDDTY010004352.1	1	2000	0	0	0	0	0	0
CBDDTY010004357.1	1	2000	0	0	0	0	0	0
CBDDTY010004359.1	1	2000	0	0	0	0	0	0
CBDDTY010004362.1	1	2000	0	0	0	0	0	0
CBDDTY010004371.1	1	2000	0	0	0	0	0	0
CBDDTY010004379.1	1	2000	0	0	0	0	0	0
CBDDTY010004381.1	1	2000	0	0	0	0	0	0
CBDDTY010004386.1	1	2000	0	0	0	0	0	0
CBDDTY010004389.1	1	2000	0	0	0	0	0	0
CBDDTY010004397.1	1	2000	0	0	0	0	0	0
CBDDTY010004398.1	1	2000	0	0	0	0	0	0
CBDDTY010004399.1	1	2000	0	0	0	0	0	0
CBDDTY010004409.1	1	2000	0	0	0	0	0	0
CBDDTY010004419.1	1	2000	0	0	0	0	0	0
CBDDTY010004421.1	1	2000	0	0	0	0	0	0
CBDDTY010004426.1	1	2000	0	0	0	0	0	0
CBDDTY010004429.1	1	2000	0	0	0	0	0	0
CBDDTY010004430.1	1	2000	0	0	0	0	0	0
CBDDTY010004442.1	1	2000	0	0	0	0	0	0
CBDDTY010004447.1	1	2000	0	0	0	0	0	0
CBDDTY010004450.1	1	2000	0	0	0	0	0	0
CBDDTY010004458.1	1	2000	0	0	0	0	0	0
CBDDTY010004463.1	1	2000	0	0	0	0	0	0
CBDDTY010004464.1	1	2000	0	0	0	0	0	0
CBDDTY010004467.1	1	2000	0	0	0	0	0	0
CBDDTY010004471.1	1	2000	0	0	0	0	0	0
CBDDTY010004477.1	1	2000	0	0	0	0	0	0
CBDDTY010004484.1	1	2000	0	0	0	0	0	0
CBDDTY010004498.1	1	2000	0	0	0	0	0	0
CBDDTY010004499.1	1	2000	0	0	0	0	0	0
CBDDTY010004501.1	1	2000	0	0	0	0	0	0
CBDDTY010004514.1	1	2000	0	0	0	0	0	0
CBDDTY010004529.1	1	2000	0	0	0	0	0	0
CBDDTY010004542.1	1	2000	0	0	0	0	0	0
CBDDTY010004551.1	1	2000	0	0	0	0	0	0
CBDDTY010004554.1	1	2000	0	0	0	0	0	0
CBDDTY010004560.1	1	2000	0	0	0	0	0	0
CBDDTY010004568.1	1	2000	0	0	0	0	0	0
CBDDTY010004569.1	1	2000	0	0	0	0	0	0
CBDDTY010004570.1	1	2000	0	0	0	0	0	0
CBDDTY010004573.1	1	2000	0	0	0	0	0	0
CBDDTY010004578.1	1	2000	0	0	0	0	0	0
CBDDTY010004582.1	1	2000	0	0	0	0	0	0
CBDDTY010004603.1	1	1000	0	0	0	0	0	0
CBDDTY010004604.1	1	1000	0	0	0	0	0	0
CBDDTY010004605.1	1	1000	0	0	0	0	0	0
CBDDTY010004606.1	1	1000	0	0	0	0	0	0
CBDDTY010004607.1	1	1000	0	0	0	0	0	0
CBDDTY010004610.1	1	1000	0	0	0	0	0	0
CBDDTY010004611.1	1	1000	0	0	0	0	0	0
CBDDTY010004612.1	1	1000	0	0	0	0	0	0
CBDDTY010004614.1	1	1000	0	0	0	0	0	0
CBDDTY010004615.1	1	1000	0	0	0	0	0	0
CBDDTY010004617.1	1	1000	0	0	0	0	0	0
CBDDTY010004620.1	1	1000	0	0	0	0	0	0
CBDDTY010004621.1	1	1000	0	0	0	0	0	0
CBDDTY010004622.1	1	1000	0	0	0	0	0	0
CBDDTY010004623.1	1	1000	0	0	0	0	0	0
CBDDTY010004625.1	1	1000	0	0	0	0	0	0
CBDDTY010004626.1	1	1000	0	0	0	0	0	0
CBDDTY010004631.1	1	1000	0	0	0	0	0	0
CBDDTY010004633.1	1	1000	0	0	0	0	0	0
CBDDTY010004639.1	1	1000	0	0	0	0	0	0
CBDDTY010004641.1	1	1000	0	0	0	0	0	0
CBDDTY010004646.1	1	1000	0	0	0	0	0	0
CBDDTY010004647.1	1	1000	0	0	0	0	0	0
CBDDTY010004661.1	1	1000	0	0	0	0	0	0
CBDDTY010004665.1	1	1000	0	0	0	0	0	0
CBDDTY010004666.1	1	1000	0	0	0	0	0	0
CBDDTY010004670.1	1	1000	0	0	0	0	0	0
CBDDTY010004671.1	1	1000	0	0	0	0	0	0
CBDDTY010004672.1	1	1000	0	0	0	0	0	0
CBDDTY010004673.1	1	1000	0	0	0	0	0	0
CBDDTY010004678.1	1	1000	0	0	0	0	0	0
CBDDTY010004681.1	1	1000	0	0	0	0	0	0
CBDDTY010004683.1	1	1000	0	0	0	0	0	0
CBDDTY010004684.1	1	1000	0	0	0	0	0	0
CBDDTY010004686.1	1	1000	0	0	0	0	0	0
CBDDTY010004688.1	1	1000	0	0	0	0	0	0
CBDDTY010004692.1	1	1000	0	0	0	0	0	0
CBDDTY010004694.1	1	1000	0	0	0	0	0	0
CBDDTY010004699.1	1	1000	0	0	0	0	0	0
CBDDTY010004702.1	1	1000	0	0	0	0	0	0
CBDDTY010004706.1	1	1000	0	0	0	0	0	0
CBDDTY010004710.1	1	1000	0	0	0	0	0	0
CBDDTY010004712.1	1	1000	0	0	0	0	0	0
CBDDTY010004714.1	1	1000	0	0	0	0	0	0
CBDDTY010004715.1	1	1000	0	0	0	0	0	0
CBDDTY010004716.1	1	1000	0	0	0	0	0	0
CBDDTY010004718.1	1	1000	0	0	0	0	0	0
CBDDTY010004725.1	1	1000	0	0	0	0	0	0
CBDDTY010004728.1	1	1000	0	0	0	0	0	0
CBDDTY010004730.1	1	1000	0	0	0	0	0	0
CBDDTY010004733.1	1	1000	0	0	0	0	0	0
CBDDTY010004736.1	1	1000	0	0	0	0	0	0
CBDDTY010004738.1	1	1000	0	0	0	0	0	0
CBDDTY010004739.1	1	1000	0	0	0	0	0	0
CBDDTY010004742.1	1	1000	0	0	0	0	0	0
CBDDTY010004746.1	1	1000	0	0	0	0	0	0
CBDDTY010004751.1	1	1000	0	0	0	0	0	0
CBDDTY010004752.1	1	1000	0	0	0	0	0	0
CBDDTY010004756.1	1	1000	0	0	0	0	0	0
CBDDTY010004762.1	1	1000	0	0	0	0	0	0
CBDDTY010004763.1	1	1000	0	0	0	0	0	0
CBDDTY010004764.1	1	1000	0	0	0	0	0	0
CBDDTY010004768.1	1	1000	0	0	0	0	0	0
CBDDTY010004769.1	1	1000	0	0	0	0	0	0
CBDDTY010004771.1	1	1000	0	0	0	0	0	0
CBDDTY010004772.1	1	1000	0	0	0	0	0	0
CBDDTY010004774.1	1	1000	0	0	0	0	0	0
CBDDTY010004778.1	1	1000	0	0	0	0	0	0
CBDDTY010004781.1	1	1000	0	0	0	0	0	0
CBDDTY010004785.1	1	1000	0	0	0	0	0	0
CBDDTY010004787.1	1	1000	0	0	0	0	0	0
CBDDTY010004788.1	1	1000	0	0	0	0	0	0
CBDDTY010004789.1	1	1000	0	0	0	0	0	0
CBDDTY010004795.1	1	1000	0	0	0	0	0	0
CBDDTY010004796.1	1	1000	0	0	0	0	0	0
CBDDTY010004799.1	1	1000	0	0	0	0	0	0
CBDDTY010004802.1	1	1000	0	0	0	0	0	0
CBDDTY010004803.1	1	1000	0	0	0	0	0	0
CBDDTY010004806.1	1	1000	0	0	0	0	0	0
CBDDTY010004807.1	1	1000	0	0	0	0	0	0
CBDDTY010004808.1	1	1000	0	0	0	0	0	0
CBDDTY010004813.1	1	1000	0	0	0	0	0	0
CBDDTY010004817.1	1	1000	0	0	0	0	0	0
CBDDTY010004822.1	1	1000	0	0	0	0	0	0
CBDDTY010004824.1	1	1000	0	0	0	0	0	0
CBDDTY010004828.1	1	1000	0	0	0	0	0	0
CBDDTY010004831.1	1	1000	0	0	0	0	0	0
CBDDTY010004836.1	1	1000	0	0	0	0	0	0
CBDDTY010004845.1	1	1000	0	0	0	0	0	0
CBDDTY010004846.1	1	1000	0	0	0	0	0	0
CBDDTY010004852.1	1	1000	0	0	0	0	0	0
CBDDTY010004853.1	1	1000	0	0	0	0	0	0
CBDDTY010004855.1	1	1000	0	0	0	0	0	0
CBDDTY010004860.1	1	1000	0	0	0	0	0	0
CBDDTY010004861.1	1	1000	0	0	0	0	0	0
CBDDTY010004868.1	1	1000	0	0	0	0	0	0
CBDDTY010004869.1	1	1000	0	0	0	0	0	0
CBDDTY010004870.1	1	1000	0	0	0	0	0	0
CBDDTY010004872.1	1	1000	0	0	0	0	0	0
CBDDTY010004875.1	1	1000	0	0	0	0	0	0
CBDDTY010004879.1	1	1000	0	0	0	0	0	0
CBDDTY010004880.1	1	1000	0	0	0	0	0	0
CBDDTY010004881.1	1	1000	0	0	0	0	0	0
CBDDTY010004883.1	1	1000	0	0	0	0	0	0
CBDDTY010004887.1	1	1000	0	0	0	0	0	0
CBDDTY010004889.1	1	1000	0	0	0	0	0	0
CBDDTY010004890.1	1	1000	0	0	0	0	0	0
CBDDTY010004891.1	1	1000	0	0	0	0	0	0
CBDDTY010004895.1	1	1000	0	0	0	0	0	0
CBDDTY010004899.1	1	1000	0	0	0	0	0	0
CBDDTY010004901.1	1	1000	0	0	0	0	0	0
CBDDTY010004905.1	1	1000	0	0	0	0	0	0
CBDDTY010004907.1	1	1000	0	0	0	0	0	0
CBDDTY010004909.1	1	1000	0	0	0	0	0	0
CBDDTY010004913.1	1	1000	0	0	0	0	0	0
CBDDTY010004914.1	1	1000	0	0	0	0	0	0
CBDDTY010004918.1	1	1000	0	0	0	0	0	0
CBDDTY010004922.1	1	1000	0	0	0	0	0	0
CBDDTY010004926.1	1	1000	0	0	0	0	0	0
CBDDTY010004927.1	1	1000	0	0	0	0	0	0
CBDDTY010004928.1	1	1000	0	0	0	0	0	0
CBDDTY010004931.1	1	1000	0	0	0	0	0	0
CBDDTY010004932.1	1	1000	0	0	0	0	0	0
CBDDTY010004935.1	1	1000	0	0	0	0	0	0
CBDDTY010004944.1	1	1000	0	0	0	0	0	0
CBDDTY010004946.1	1	1000	0	0	0	0	0	0
CBDDTY010004948.1	1	1000	0	0	0	0	0	0
CBDDTY010004951.1	1	1000	0	0	0	0	0	0
CBDDTY010004956.1	1	1000	0	0	0	0	0	0
CBDDTY010004958.1	1	1000	0	0	0	0	0	0
CBDDTY010004960.1	1	1000	0	0	0	0	0	0
CBDDTY010004961.1	1	1000	0	0	0	0	0	0
CBDDTY010004966.1	1	1000	0	0	0	0	0	0
CBDDTY010004975.1	1	1000	0	0	0	0	0	0
CBDDTY010004982.1	1	1000	0	0	0	0	0	0
CBDDTY010004983.1	1	1000	0	0	0	0	0	0
CBDDTY010004987.1	1	1000	0	0	0	0	0	0
CBDDTY010004988.1	1	1000	0	0	0	0	0	0
CBDDTY010004991.1	1	1000	0	0	0	0	0	0
CBDDTY010004992.1	1	1000	0	0	0	0	0	0
CBDDTY010004993.1	1	1000	0	0	0	0	0	0
CBDDTY010005001.1	1	1000	0	0	0	0	0	0
CBDDTY010005003.1	1	1000	0	0	0	0	0	0
CBDDTY010005004.1	1	1000	0	0	0	0	0	0
CBDDTY010005010.1	1	1000	0	0	0	0	0	0
CBDDTY010005011.1	1	1000	0	0	0	0	0	0
CBDDTY010005014.1	1	1000	0	0	0	0	0	0
CBDDTY010005015.1	1	1000	0	0	0	0	0	0
CBDDTY010005016.1	1	1000	0	0	0	0	0	0
CBDDTY010005017.1	1	1000	0	0	0	0	0	0
CBDDTY010005018.1	1	1000	0	0	0	0	0	0
CBDDTY010005021.1	1	1000	0	0	0	0	0	0
CBDDTY010005022.1	1	1000	0	0	0	0	0	0
CBDDTY010005023.1	1	1000	0	0	0	0	0	0
CBDDTY010005025.1	1	1000	0	0	0	0	0	0
CBDDTY010005026.1	1	1000	0	0	0	0	0	0
CBDDTY010005034.1	1	1000	0	0	0	0	0	0
CBDDTY010005040.1	1	1000	0	0	0	0	0	0
CBDDTY010005044.1	1	1000	0	0	0	0	0	0
CBDDTY010005047.1	1	1000	0	0	0	0	0	0
CBDDTY010005048.1	1	1000	0	0	0	0	0	0
CBDDTY010005049.1	1	1000	0	0	0	0	0	0
CBDDTY010005052.1	1	1000	0	0	0	0	0	0
CBDDTY010005053.1	1	1000	0	0	0	0	0	0
CBDDTY010005055.1	1	1000	0	0	0	0	0	0
CBDDTY010005059.1	1	1000	0	0	0	0	0	0
CBDDTY010005061.1	1	1000	0	0	0	0	0	0
CBDDTY010005064.1	1	1000	0	0	0	0	0	0
CBDDTY010005065.1	1	1000	0	0	0	0	0	0
CBDDTY010005067.1	1	1000	0	0	0	0	0	0
CBDDTY010005072.1	1	1000	0	0	0	0	0	0
CBDDTY010005074.1	1	1000	0	0	0	0	0	0
CBDDTY010005077.1	1	1000	0	0	0	0	0	0
CBDDTY010005084.1	1	1000	0	0	0	0	0	0
CBDDTY010005087.1	1	1000	0	0	0	0	0	0
CBDDTY010005091.1	1	1000	0	0	0	0	0	0
CBDDTY010005093.1	1	1000	0	0	0	0	0	0
CBDDTY010005094.1	1	1000	0	0	0	0	0	0
CBDDTY010005095.1	1	1000	0	0	0	0	0	0
CBDDTY010005099.1	1	1000	0	0	0	0	0	0
CBDDTY010005100.1	1	1000	0	0	0	0	0	0
CBDDTY010005102.1	1	1000	0	0	0	0	0	0
CBDDTY010005109.1	1	1000	0	0	0	0	0	0
CBDDTY010005114.1	1	1000	0	0	0	0	0	0
CBDDTY010005117.1	1	1000	0	0	0	0	0	0
CBDDTY010005119.1	1	1000	0	0	0	0	0	0
CBDDTY010005120.1	1	1000	0	0	0	0	0	0
CBDDTY010005123.1	1	1000	0	0	0	0	0	0
CBDDTY010005130.1	1	1000	0	0	0	0	0	0
CBDDTY010005131.1	1	1000	0	0	0	0	0	0
CBDDTY010005133.1	1	1000	0	0	0	0	0	0
CBDDTY010005135.1	1	1000	0	0	0	0	0	0
CBDDTY010005138.1	1	1000	0	0	0	0	0	0
CBDDTY010005139.1	1	1000	0	0	0	0	0	0
CBDDTY010005140.1	1	1000	0	0	0	0	0	0
CBDDTY010005141.1	1	1000	0	0	0	0	0	0
CBDDTY010005142.1	1	1000	0	0	0	0	0	0
CBDDTY010005144.1	1	1000	0	0	0	0	0	0
CBDDTY010005145.1	1	1000	0	0	0	0	0	0
CBDDTY010005149.1	1	1000	0	0	0	0	0	0
CBDDTY010005150.1	1	1000	0	0	0	0	0	0
CBDDTY010005155.1	1	1000	0	0	0	0	0	0
CBDDTY010005159.1	1	1000	0	0	0	0	0	0
CBDDTY010005161.1	1	1000	0	0	0	0	0	0
CBDDTY010005162.1	1	1000	0	0	0	0	0	0
CBDDTY010005163.1	1	1000	0	0	0	0	0	0
CBDDTY010005165.1	1	1000	0	0	0	0	0	0
CBDDTY010005167.1	1	600	0	0	0	0	0	0
CBDDTY010005175.1	1	1000	0	0	0	0	0	0
CBDDTY010005176.1	1	1000	0	0	0	0	0	0
CBDDTY010005179.1	1	1000	0	0	0	0	0	0
CBDDTY010005185.1	1	1000	0	0	0	0	0	0
CBDDTY010005189.1	1	1000	0	0	0	0	0	0
CBDDTY010005190.1	1	1000	0	0	0	0	0	0
CBDDTY010005191.1	1	1000	0	0	0	0	0	0
CBDDTY010005196.1	1	1000	0	0	0	0	0	0
CBDDTY010005198.1	1	1000	0	0	0	0	0	0
CBDDTY010005199.1	1	1000	0	0	0	0	0	0
CBDDTY010005200.1	1	1000	0	0	0	0	0	0
CBDDTY010005202.1	1	1000	0	0	0	0	0	0
CBDDTY010005204.1	1	1000	0	0	0	0	0	0
CBDDTY010005205.1	1	1000	0	0	0	0	0	0
CBDDTY010005206.1	1	1000	0	0	0	0	0	0
CBDDTY010005207.1	1	1000	0	0	0	0	0	0
CBDDTY010005208.1	1	1000	0	0	0	0	0	0
CBDDTY010005213.1	1	1000	0	0	0	0	0	0
CBDDTY010005214.1	1	1000	0	0	0	0	0	0
CBDDTY010005215.1	1	1000	0	0	0	0	0	0
CBDDTY010005216.1	1	1000	0	0	0	0	0	0
CBDDTY010005217.1	1	1000	0	0	0	0	0	0
CBDDTY010005218.1	1	1000	0	0	0	0	0	0
CBDDTY010005220.1	1	1000	0	0	0	0	0	0
CBDDTY010005222.1	1	1000	0	0	0	0	0	0
CBDDTY010005225.1	1	1000	0	0	0	0	0	0
CBDDTY010005226.1	1	1000	0	0	0	0	0	0
CBDDTY010005230.1	1	1000	0	0	0	0	0	0
CBDDTY010005233.1	1	1000	0	0	0	0	0	0
CBDDTY010005234.1	1	1000	0	0	0	0	0	0
CBDDTY010005237.1	1	1000	0	0	0	0	0	0
CBDDTY010005244.1	1	1000	0	0	0	0	0	0
CBDDTY010005245.1	1	1000	0	0	0	0	0	0
CBDDTY010005246.1	1	1000	0	0	0	0	0	0
CBDDTY010005248.1	1	1000	0	0	0	0	0	0
CBDDTY010005249.1	1	1000	0	0	0	0	0	0
CBDDTY010005253.1	1	1000	0	0	0	0	0	0
CBDDTY010005255.1	1	1000	0	0	0	0	0	0
CBDDTY010005257.1	1	1000	0	0	0	0	0	0
CBDDTY010005259.1	1	1000	0	0	0	0	0	0
CBDDTY010005264.1	1	1000	0	0	0	0	0	0
CBDDTY010005271.1	1	1000	0	0	0	0	0	0
CBDDTY010005273.1	1	1000	0	0	0	0	0	0
CBDDTY010005276.1	1	1000	0	0	0	0	0	0
CBDDTY010005279.1	1	1000	0	0	0	0	0	0
CBDDTY010005284.1	1	1000	0	0	0	0	0	0
CBDDTY010005287.1	1	1000	0	0	0	0	0	0
CBDDTY010005289.1	1	1000	0	0	0	0	0	0
CBDDTY010005290.1	1	1000	0	0	0	0	0	0
CBDDTY010005291.1	1	1000	0	0	0	0	0	0
CBDDTY010005296.1	1	1000	0	0	0	0	0	0
CBDDTY010005300.1	1	1000	0	0	0	0	0	0
CBDDTY010005301.1	1	1000	0	0	0	0	0	0
CBDDTY010005302.1	1	1000	0	0	0	0	0	0
CBDDTY010005303.1	1	1000	0	0	0	0	0	0
CBDDTY010005304.1	1	1000	0	0	0	0	0	0
CBDDTY010005306.1	1	1000	0	0	0	0	0	0
CBDDTY010005307.1	1	1000	0	0	0	0	0	0
CBDDTY010005308.1	1	1000	0	0	0	0	0	0
CBDDTY010005315.1	1	1000	0	0	0	0	0	0
CBDDTY010005316.1	1	1000	0	0	0	0	0	0
CBDDTY010005317.1	1	1000	0	0	0	0	0	0
CBDDTY010005323.1	1	1000	0	0	0	0	0	0
CBDDTY010005324.1	1	1000	0	0	0	0	0	0
CBDDTY010005328.1	1	1000	0	0	0	0	0	0
CBDDTY010005330.1	1	1000	0	0	0	0	0	0
CBDDTY010005332.1	1	1000	0	0	0	0	0	0
CBDDTY010005338.1	1	1000	0	0	0	0	0	0
CBDDTY010005339.1	1	1000	0	0	0	0	0	0
CBDDTY010005340.1	1	1000	0	0	0	0	0	0
CBDDTY010005341.1	1	1000	0	0	0	0	0	0
CBDDTY010005346.1	1	1000	0	0	0	0	0	0
CBDDTY010005350.1	1	1000	0	0	0	0	0	0
CBDDTY010005351.1	1	1000	0	0	0	0	0	0
CBDDTY010005352.1	1	1000	0	0	0	0	0	0
CBDDTY010005358.1	1	1000	0	0	0	0	0	0
CBDDTY010005362.1	1	1000	0	0	0	0	0	0
CBDDTY010005363.1	1	1000	0	0	0	0	0	0
CBDDTY010005367.1	1	1000	0	0	0	0	0	0
CBDDTY010005368.1	1	1000	0	0	0	0	0	0
CBDDTY010005373.1	1	1000	0	0	0	0	0	0
CBDDTY010005375.1	1	1000	0	0	0	0	0	0
CBDDTY010005378.1	1	1000	0	0	0	0	0	0
CBDDTY010005380.1	1	1000	0	0	0	0	0	0
CBDDTY010005392.1	1	1000	0	0	0	0	0	0
CBDDTY010005393.1	1	1000	0	0	0	0	0	0
CBDDTY010005394.1	1	1000	0	0	0	0	0	0
CBDDTY010005395.1	1	1000	0	0	0	0	0	0
CBDDTY010005396.1	1	1000	0	0	0	0	0	0
CBDDTY010005397.1	1	1000	0	0	0	0	0	0
CBDDTY010005399.1	1	1000	0	0	0	0	0	0
CBDDTY010005401.1	1	1000	0	0	0	0	0	0
CBDDTY010005407.1	1	1000	0	0	0	0	0	0
CBDDTY010005409.1	1	1000	0	0	0	0	0	0
CBDDTY010005414.1	1	1000	0	0	0	0	0	0
CBDDTY010005420.1	1	1000	0	0	0	0	0	0
CBDDTY010005421.1	1	1000	0	0	0	0	0	0
CBDDTY010005423.1	1	1000	0	0	0	0	0	0
CBDDTY010005430.1	1	1000	0	0	0	0	0	0
CBDDTY010005434.1	1	1000	0	0	0	0	0	0
CBDDTY010005435.1	1	1000	0	0	0	0	0	0
CBDDTY010005436.1	1	1000	0	0	0	0	0	0
CBDDTY010005438.1	1	1000	0	0	0	0	0	0
CBDDTY010005439.1	1	1000	0	0	0	0	0	0
CBDDTY010005440.1	1	1000	0	0	0	0	0	0
CBDDTY010005444.1	1	1000	0	0	0	0	0	0
CBDDTY010005446.1	1	1000	0	0	0	0	0	0
CBDDTY010005449.1	1	1000	0	0	0	0	0	0
CBDDTY010005451.1	1	1000	0	0	0	0	0	0
CBDDTY010005452.1	1	1000	0	0	0	0	0	0
CBDDTY010005453.1	1	1000	0	0	0	0	0	0
CBDDTY010005454.1	1	1000	0	0	0	0	0	0
CBDDTY010005455.1	1	1000	0	0	0	0	0	0
CBDDTY010005456.1	1	1000	0	0	0	0	0	0
CBDDTY010005460.1	1	1000	0	0	0	0	0	0
CBDDTY010005465.1	1	1000	0	0	0	0	0	0
CBDDTY010005466.1	1	1000	0	0	0	0	0	0
CBDDTY010005467.1	1	1000	0	0	0	0	0	0
CBDDTY010005469.1	1	1000	0	0	0	0	0	0
CBDDTY010005470.1	1	1000	0	0	0	0	0	0
CBDDTY010005471.1	1	1000	0	0	0	0	0	0
CBDDTY010005473.1	1	1000	0	0	0	0	0	0
CBDDTY010005474.1	1	1000	0	0	0	0	0	0
CBDDTY010005478.1	1	1000	0	0	0	0	0	0
CBDDTY010005481.1	1	1000	0	0	0	0	0	0
CBDDTY010005482.1	1	1000	0	0	0	0	0	0
CBDDTY010005485.1	1	1000	0	0	0	0	0	0
CBDDTY010005489.1	1	1000	0	0	0	0	0	0
CBDDTY010005491.1	1	1000	0	0	0	0	0	0
CBDDTY010005492.1	1	1000	0	0	0	0	0	0
CBDDTY010005497.1	1	1000	0	0	0	0	0	0
CBDDTY010005498.1	1	1000	0	0	0	0	0	0
CBDDTY010005499.1	1	1000	0	0	0	0	0	0
CBDDTY010005503.1	1	1000	0	0	0	0	0	0
CBDDTY010005505.1	1	1000	0	0	0	0	0	0
CBDDTY010005506.1	1	1000	0	0	0	0	0	0
CBDDTY010005508.1	1	1000	0	0	0	0	0	0
CBDDTY010005511.1	1	1000	0	0	0	0	0	0
CBDDTY010005513.1	1	1000	0	0	0	0	0	0
CBDDTY010005515.1	1	1000	0	0	0	0	0	0
CBDDTY010005516.1	1	1000	0	0	0	0	0	0
CBDDTY010005519.1	1	1000	0	0	0	0	0	0
CBDDTY010005521.1	1	1000	0	0	0	0	0	0
CBDDTY010005522.1	1	1000	0	0	0	0	0	0
CBDDTY010005523.1	1	1000	0	0	0	0	0	0
CBDDTY010005525.1	1	1000	0	0	0	0	0	0
CBDDTY010005526.1	1	1000	0	0	0	0	0	0
CBDDTY010005527.1	1	1000	0	0	0	0	0	0
CBDDTY010005528.1	1	1000	0	0	0	0	0	0
CBDDTY010005531.1	1	1000	0	0	0	0	0	0
CBDDTY010005533.1	1	1000	0	0	0	0	0	0
CBDDTY010005535.1	1	1000	0	0	0	0	0	0
CBDDTY010005537.1	1	1000	0	0	0	0	0	0
CBDDTY010005539.1	1	1000	0	0	0	0	0	0
CBDDTY010005542.1	1	1000	0	0	0	0	0	0
CBDDTY010005544.1	1	1000	0	0	0	0	0	0
CBDDTY010005545.1	1	1000	0	0	0	0	0	0
CBDDTY010005547.1	1	1000	0	0	0	0	0	0
CBDDTY010005550.1	1	1000	0	0	0	0	0	0
CBDDTY010005555.1	1	1000	0	0	0	0	0	0
CBDDTY010005556.1	1	1000	0	0	0	0	0	0
CBDDTY010005558.1	1	1000	0	0	0	0	0	0
CBDDTY010005560.1	1	1000	0	0	0	0	0	0
