#rname	startpos	endpos	numreads	covbases	coverage	meandepth	meanbaseq	meanmapq
OZ247652.1	1	90891126	216285	29451608	32.4032	0.838014	30.5	27.3
CBDDTY010000001.1	1	2201400	2405	399425	18.1441	0.370356	30.6	23.4
CBDDTY010000002.1	1	375200	415	68413	18.2337	0.428406	30.6	2.13
OZ247653.1	1	59305165	185482	28389309	47.8699	1.10984	30.4	32.4
CBDDTY010000003.1	1	159000	33	10177	6.40063	0.0946226	31.2	0.364
CBDDTY010000004.1	1	132000	157	27489	20.825	0.472129	30.9	6.39
CBDDTY010000005.1	1	112000	162	26644	23.7893	0.626527	31.5	0.395
OZ247654.1	1	55603820	180010	26768909	48.1422	1.15794	30.4	31.6
CBDDTY010000006.1	1	237387	485	65680	27.6679	0.716737	30.2	34.5
CBDDTY010000007.1	1	212000	140	36232	17.0906	0.355146	31.7	1.66
OZ247655.1	1	27535131	94776	11156650	40.5179	1.27049	30.6	28.7
OZ247656.1	1	25493044	97100	14264617	55.9549	1.38548	30.4	36
OZ247657.1	1	20427586	71706	11202960	54.8423	1.26188	30.5	36.5
CBDDTY010000008.1	1	1510391	255	106416	7.04559	0.109199	31.4	1.39
CBDDTY010000009.1	1	203586	177	34162	16.7801	0.345358	31.5	1.58
OZ247658.1	1	19570859	62156	9751365	49.8259	1.14911	30.5	33.7
OZ247659.1	1	15043846	48863	7487450	49.7708	1.16355	30.5	33
CBDDTY010000010.1	1	3154400	5127	720866	22.8527	0.592177	30.5	24.8
CBDDTY010000011.1	1	372599	1707	162570	43.6314	1.95945	30.3	7.2
OZ247660.1	1	18558849	57608	8752353	47.16	1.11612	30.4	33
OZ247661.1	1	18228942	75346	8681952	47.6273	1.52808	30.4	27.3
OZ247662.1	1	18164600	59797	9324614	51.334	1.19001	30.4	34.4
OZ247663.1	1	17898725	56839	8650760	48.3317	1.15967	30.5	32.3
OZ247664.1	1	16834196	58594	8786563	52.1947	1.25379	30.5	34.1
OZ247665.1	1	16704832	59651	8775161	52.5307	1.29484	30.5	33.6
OZ247666.1	1	16645368	55075	8499589	51.0628	1.19196	30.5	34.4
OZ247667.1	1	14847524	47835	7695602	51.8309	1.1918	30.6	36.3
OZ247668.1	1	14820029	48651	7660389	51.6894	1.18806	30.5	33.9
CBDDTY010000012.1	1	6743	21	1815	26.9168	0.69954	31.5	42
CBDDTY010000013.1	1	37029	2	2028	5.47679	0.0547679	24.2	2
CBDDTY010000014.1	1	74823	424	48008	64.1621	2.04712	30.7	40.2
CBDDTY010000015.1	1	513578	1366	183371	35.7046	0.928326	30.1	21.7
CBDDTY010000016.1	1	15272	81	6779	44.3884	1.79859	30.7	27.5
CBDDTY010000018.1	1	1808000	2689	447934	24.7751	0.545209	30.4	21.7
CBDDTY010000019.1	1	1397391	1631	341142	24.4128	0.461471	30.5	2.27
CBDDTY010000020.1	1	1374880	2400	347632	25.2845	0.580455	30.4	24
CBDDTY010000022.1	1	792527	2519	314684	39.7064	1.09924	30.4	22.4
CBDDTY010000023.1	1	1139680	5814	304851	26.7488	2.37179	30.5	10.8
CBDDTY010000024.1	1	1667	6	306	18.3563	0.34793	31.1	0
CBDDTY010000025.1	1	1026420	2334	339793	33.1047	0.790824	30.2	26.6
CBDDTY010000026.1	1	1012600	905	132982	13.1327	0.320431	30.8	20.9
CBDDTY010000027.1	1	968581	1162	197924	20.4344	0.413447	30.7	21.6
CBDDTY010000028.1	1	555299	1323	164902	29.6961	0.955262	30.7	8.41
CBDDTY010000029.1	1	799000	3902	258020	32.2929	1.89577	31	22.2
CBDDTY010000030.1	1	749000	75	24348	3.25073	0.0399199	30.7	0.453
CBDDTY010000031.1	1	715217	1520	186758	26.1121	0.725576	30.5	27.6
CBDDTY010000032.1	1	699400	770	118257	16.9084	0.415633	30.6	12.9
CBDDTY010000033.1	1	662224	99	33564	5.06838	0.0759154	31.4	1.32
CBDDTY010000034.1	1	657600	2049	134283	20.4202	1.2888	31.3	15.6
CBDDTY010000035.1	1	604775	1621	209964	34.7177	0.932294	30.4	28.7
CBDDTY010000036.1	1	577475	1679	244990	42.4243	1.02661	30.3	30.3
CBDDTY010000037.1	1	364000	47	15775	4.33379	0.0552912	30.4	24.4
CBDDTY010000038.1	1	353843	610	83701	23.6548	0.595581	30.2	22
CBDDTY010000039.1	1	347000	673	105532	30.4127	0.675821	30.6	20
CBDDTY010000040.1	1	340000	265	41553	12.2215	0.267509	30.5	20.4
CBDDTY010000041.1	1	335200	518	91336	27.2482	0.579344	30.5	15.3
CBDDTY010000042.1	1	294000	1210	135910	46.2279	1.41231	29.9	24.9
CBDDTY010000043.1	1	288000	587	76359	26.5135	0.676715	30.6	16.7
CBDDTY010000044.1	1	285552	590	73276	25.6612	0.76723	30.3	17.7
CBDDTY010000045.1	1	284000	662	85099	29.9644	0.853211	30.6	16
CBDDTY010000046.1	1	267800	968	110919	41.4186	1.27962	30.7	19.6
CBDDTY010000047.1	1	254316	123	31403	12.348	0.224111	31.4	2.94
CBDDTY010000048.1	1	240800	550	82258	34.1603	0.779946	30.4	19.7
CBDDTY010000049.1	1	221200	838	117072	52.9259	1.69197	31.2	6
CBDDTY010000050.1	1	211042	487	69757	33.0536	0.827233	30.6	27.9
CBDDTY010000051.1	1	205000	560	64278	31.3551	1.04275	31	25.7
CBDDTY010000052.1	1	195200	272	48359	24.7741	0.506936	29.5	12.3
CBDDTY010000053.1	1	195000	553	106733	54.7349	1.00509	30.4	43.6
CBDDTY010000054.1	1	194200	529	58382	30.0628	1.20988	30.4	1.91
CBDDTY010000055.1	1	193800	660	70296	36.2724	1.26545	30.3	25.6
CBDDTY010000056.1	1	190600	703	96604	50.6842	1.3244	30.6	20.5
CBDDTY010000057.1	1	180000	150	16695	9.275	0.29695	30.7	7.91
CBDDTY010000058.1	1	178701	227	32192	18.0144	0.387676	31.2	17.5
CBDDTY010000059.1	1	175000	93	22726	12.9863	0.166989	30.8	4.46
CBDDTY010000060.1	1	169926	457	54032	31.7974	0.936843	30.7	11.8
CBDDTY010000061.1	1	165200	221	31976	19.3559	0.475024	30.8	11
CBDDTY010000062.1	1	162000	490	61820	38.1605	1.16052	30.8	14.7
CBDDTY010000063.1	1	161000	170	34606	21.4944	0.35336	29.7	1.64
CBDDTY010000064.1	1	4986	8	2444	49.0172	0.537304	28.5	32
CBDDTY010000065.1	1	158000	1	348	0.220253	0.00220253	26.6	0
CBDDTY010000066.1	1	155400	53	12409	7.9852	0.116313	31.9	10.6
CBDDTY010000067.1	1	153036	375	56311	36.7959	0.845677	30.7	14.6
CBDDTY010000068.1	1	153000	359	43634	28.519	0.779431	30	16.8
CBDDTY010000069.1	1	219	1	103	47.032	0.47032	30.7	1
CBDDTY010000070.1	1	150357	424	66680	44.3478	0.94829	30.3	18.5
CBDDTY010000071.1	1	142400	128	31615	22.2015	0.691503	28.3	2.17
CBDDTY010000072.1	1	140603	577	69517	49.442	1.47228	30.5	22.4
CBDDTY010000073.1	1	134000	474	61891	46.1873	2.3686	32	0.764
CBDDTY010000074.1	1	127396	98	16518	12.9659	0.22266	29.2	2.27
CBDDTY010000075.1	1	126000	149	24603	19.5262	0.383937	30.5	3.85
CBDDTY010000076.1	1	122094	392	49418	40.4754	1.10762	30.3	10.8
CBDDTY010000077.1	1	118000	176	42121	35.6958	0.648025	30.8	1.45
CBDDTY010000078.1	1	113200	222	39398	34.8039	0.627244	30.4	1.52
CBDDTY010000079.1	1	110600	731	52060	47.0705	2.62935	29.1	20.5
CBDDTY010000080.1	1	109000	10	1946	1.78532	0.0317523	28.7	0.1
CBDDTY010000081.1	1	106000	30	10174	9.59811	0.111528	30.8	0.533
CBDDTY010000082.1	1	105000	196	34044	32.4229	0.600781	30.5	16.1
CBDDTY010000083.1	1	103000	6	3478	3.3767	0.0428155	33.7	3.17
CBDDTY010000084.1	1	101400	10	1983	1.95562	0.020286	30.6	0
CBDDTY010000085.1	1	101000	57	10984	10.8752	0.149782	30.7	1.14
CBDDTY010000086.1	1	99160	276	33925	34.2124	0.940299	30.5	23.4
CBDDTY010000087.1	1	98000	87	13255	13.5255	0.320704	31.7	0.851
CBDDTY010000088.1	1	94000	113	18144	19.3021	0.397883	29.9	3.29
CBDDTY010000089.1	1	93200	58	13869	14.8809	0.204174	31.2	1.62
CBDDTY010000090.1	1	93200	305	41599	44.6341	1.23885	30.2	33.5
CBDDTY010000091.1	1	91592	4	2477	2.70438	0.0294349	28	1.25
CBDDTY010000092.1	1	91000	22	9033	9.92637	0.115231	32.3	0.455
CBDDTY010000093.1	1	89742	258	42718	47.6009	1.00039	30.3	2.24
CBDDTY010000094.1	1	89082	157	25546	28.6769	0.613581	30.8	20.4
CBDDTY010000095.1	1	89000	75	9820	11.0337	0.322978	30	22
CBDDTY010000096.1	1	89000	24	8413	9.45281	0.134787	31.3	0.625
CBDDTY010000097.1	1	88400	108	13880	15.7014	0.407093	30.1	8.53
CBDDTY010000098.1	1	88187	128	26992	30.6077	0.527515	31.3	1.86
CBDDTY010000099.1	1	88000	416	47821	54.342	1.63443	29.5	21.7
CBDDTY010000100.1	1	85432	321	43956	51.4514	1.30844	30.5	4.19
CBDDTY010000101.1	1	84721	185	36346	42.9008	0.81249	29.7	13.9
CBDDTY010000102.1	1	84000	328	46003	54.7655	1.44739	30.6	29.6
CBDDTY010000103.1	1	82593	14	4162	5.03917	0.0568329	30.7	0.429
CBDDTY010000104.1	1	82000	108	18642	22.7341	0.615	31.8	0.602
CBDDTY010000105.1	1	81000	5	1456	1.79753	0.0179753	30.8	0.6
CBDDTY010000106.1	1	79800	87	15478	19.396	0.375639	29.9	15.9
CBDDTY010000107.1	1	80000	5	4238	5.2975	0.052975	32.7	0.8
CBDDTY010000108.1	1	80000	146	23625	29.5312	0.754513	31.6	11.7
CBDDTY010000109.1	1	79658	157	20511	25.7488	0.707839	30.2	28.4
CBDDTY010000110.1	1	78800	250	36474	46.2868	1.03426	30.2	31.6
CBDDTY010000111.1	1	79000	563	48702	61.6481	2.83324	30.8	3.35
CBDDTY010000112.1	1	78378	145	26395	33.6765	0.605132	29.8	14.7
CBDDTY010000113.1	1	78200	319	36898	47.1841	1.84041	31.2	3.8
CBDDTY010000114.1	1	77000	158	23872	31.0026	0.648701	29.6	28.7
CBDDTY010000115.1	1	76454	169	28835	37.7155	0.779711	30.2	1.28
CBDDTY010000116.1	1	75599	2855	39537	52.2983	14.2208	29.6	0.173
CBDDTY010000117.1	1	75000	204	29196	38.928	0.962373	29.9	8.39
CBDDTY010000118.1	1	74641	208	38864	52.0679	1.03328	29.7	43.8
CBDDTY010000119.1	1	74000	244	42133	56.9365	1.11661	30.8	35.6
CBDDTY010000120.1	1	74000	119	20322	27.4622	0.541865	30.8	1.44
CBDDTY010000121.1	1	74000	31	9226	12.4676	0.160378	29.1	0.419
CBDDTY010000122.1	1	74000	5	1259	1.70135	0.0170135	32.8	0.2
CBDDTY010000123.1	1	72678	148	21890	30.1192	0.707394	30.2	27.6
CBDDTY010000124.1	1	72011	147	24156	33.5449	0.815334	31.4	20.7
CBDDTY010000125.1	1	71823	222	32921	45.8363	1.09734	30.6	23.8
CBDDTY010000126.1	1	72000	264	29485	40.9514	1.42167	30.3	10.4
CBDDTY010000127.1	1	72000	17	4106	5.70278	0.100653	33.4	28.9
CBDDTY010000128.1	1	72000	205	23138	32.1361	0.891417	31	21.9
CBDDTY010000129.1	1	71000	140	13706	19.3042	0.696972	30.3	7.21
CBDDTY010000130.1	1	70000	116	23219	33.17	0.6286	31.1	1.34
CBDDTY010000131.1	1	69800	206	29464	42.212	0.891991	30.3	19.8
CBDDTY010000132.1	1	69600	58	14440	20.7471	0.311106	32.3	13.8
CBDDTY010000133.1	1	68800	201	33307	48.4113	1.03375	30	20
CBDDTY010000134.1	1	69000	198	36144	52.3826	1.21012	30.7	3.23
CBDDTY010000135.1	1	68847	190	25173	36.5637	0.930629	30.6	15
CBDDTY010000136.1	1	68000	60	9193	13.5191	0.296309	30.6	29.9
CBDDTY010000137.1	1	68000	62	14343	21.0926	0.263809	30.7	0.242
CBDDTY010000138.1	1	66000	279	22155	33.5682	1.62883	31	19.8
CBDDTY010000139.1	1	65676	65	17975	27.3692	0.361928	32.2	3.52
CBDDTY010000140.1	1	65517	145	26064	39.782	0.78485	30.2	41.3
CBDDTY010000141.1	1	65000	868	26448	40.6892	5.07535	29.8	21.2
CBDDTY010000142.1	1	64675	87	16552	25.5926	0.425157	30.9	2.11
CBDDTY010000143.1	1	64000	145	21467	33.5422	0.7005	30.3	6.17
CBDDTY010000144.1	1	64000	53	13523	21.1297	0.4165	30.8	0.547
CBDDTY010000145.1	1	64000	130	18314	28.6156	0.567344	29.9	9.74
CBDDTY010000146.1	1	63800	91	13842	21.6959	0.497618	30.9	12.1
CBDDTY010000147.1	1	64000	34	7390	11.5469	0.163375	30.2	2.32
CBDDTY010000148.1	1	63205	182	23937	37.872	1.02878	30.3	9.77
CBDDTY010000149.1	1	63000	98	23640	37.5238	0.535587	30.9	4.87
CBDDTY010000150.1	1	63000	107	27500	43.6508	0.671698	30.1	0.234
CBDDTY010000151.1	1	62400	173	9891	15.851	0.77883	30.8	10.1
CBDDTY010000152.1	1	61800	154	29105	47.0955	0.912087	30	14.1
CBDDTY010000153.1	1	62000	99	17410	28.0806	0.521871	30.8	3.05
CBDDTY010000154.1	1	61792	56	5882	9.51903	0.302499	31.1	34.4
CBDDTY010000155.1	1	61130	111	16599	27.1536	0.697988	30.1	13.3
CBDDTY010000156.1	1	61000	16	3732	6.11803	0.11918	29.1	0.438
CBDDTY010000158.1	1	59400	80	13801	23.234	0.431734	29.7	2.36
CBDDTY010000159.1	1	60000	17	3969	6.615	0.0722167	31.3	0.824
CBDDTY010000160.1	1	58000	71	13705	23.6293	0.431621	30.9	1.75
CBDDTY010000161.1	1	57000	47	8355	14.6579	0.273895	30.4	1.64
CBDDTY010000162.1	1	56000	326	25778	46.0321	2.20841	31.1	0.681
CBDDTY010000163.1	1	55600	80	15320	27.554	0.463813	30.5	1.6
CBDDTY010000164.1	1	54600	101	17382	31.8352	0.605788	31.7	23.5
CBDDTY010000165.1	1	54285	95	19662	36.22	0.721986	31.4	0.874
CBDDTY010000166.1	1	54000	348	32400	60	2.31052	30.1	43.7
CBDDTY010000167.1	1	53357	2	588	1.10201	0.0110201	33.2	0.5
CBDDTY010000168.1	1	53000	40	7980	15.0566	0.269698	29.8	9.57
CBDDTY010000169.1	1	53000	15	2886	5.44528	0.0763585	29.1	1.2
CBDDTY010000170.1	1	53000	39	9009	16.9981	0.229113	32.3	4.15
CBDDTY010000172.1	1	52000	24	6036	11.6077	0.256673	32.9	2.92
CBDDTY010000173.1	1	52000	1	538	1.03462	0.0103462	37.5	1
CBDDTY010000174.1	1	52000	323	29699	57.1135	2.42827	30.5	0.551
CBDDTY010000175.1	1	52000	2	559	1.075	0.0147692	26.9	1
CBDDTY010000176.1	1	51767	95	11538	22.2883	0.787278	30.7	16.5
CBDDTY010000177.1	1	51000	158	14553	28.5353	1.05584	30.8	12.1
CBDDTY010000178.1	1	51000	49	9766	19.149	0.364765	29.3	2.45
CBDDTY010000179.1	1	50278	739	31411	62.4746	5.30069	30.2	1
CBDDTY010000180.1	1	50000	45	8841	17.682	0.37374	29.8	0.911
CBDDTY010000181.1	1	49343	609	40383	81.8414	6.03413	31.6	9.23
CBDDTY010000182.1	1	43800	117	17638	40.2694	0.973082	30.3	25.2
CBDDTY010000183.1	1	43018	14	3475	8.07801	0.103282	28	2.07
CBDDTY010000184.1	1	42800	97	15635	36.5304	0.73778	29.5	6.88
CBDDTY010000185.1	1	39997	74	11395	28.4896	0.704128	29.9	50.5
CBDDTY010000186.1	1	39979	205	27590	69.0112	1.9966	30.4	34.7
CBDDTY010000187.1	1	39930	133	19301	48.3371	1.25788	30.4	33.4
CBDDTY010000188.1	1	39923	106	20985	52.5637	0.924981	29.6	37.9
CBDDTY010000189.1	1	39907	170	28481	71.3684	1.6542	29.6	39.6
CBDDTY010000190.1	1	39885	145	25758	64.5807	1.26707	30.4	47.4
CBDDTY010000191.1	1	39852	211	25526	64.052	1.88174	31.4	40.3
CBDDTY010000192.1	1	39835	108	16132	40.4971	0.852316	31.1	36.2
CBDDTY010000193.1	1	39826	100	17527	44.0089	0.830688	29.7	44.4
CBDDTY010000194.1	1	39777	103	11870	29.8414	0.846821	30.3	7.38
CBDDTY010000195.1	1	39752	160	27475	69.116	1.39027	30.3	42.5
CBDDTY010000196.1	1	39747	152	28153	70.8305	1.37937	30.4	42
CBDDTY010000197.1	1	39727	136	18914	47.6099	1.2306	31.1	26.5
CBDDTY010000198.1	1	39726	132	23332	58.7323	1.22622	29.8	42.6
CBDDTY010000199.1	1	39701	17	2616	6.58925	0.0954384	30.7	14.8
CBDDTY010000200.1	1	39691	249	28171	70.9758	2.38114	30.3	26.1
CBDDTY010000201.1	1	39675	50	11308	28.5016	0.409527	31.5	31.1
CBDDTY010000202.1	1	39636	401	28368	71.5713	3.63866	30.1	43
CBDDTY010000203.1	1	39634	79	14246	35.9439	0.615633	30.3	19
CBDDTY010000204.1	1	39633	62	10080	25.4334	0.52807	30.4	19.1
CBDDTY010000205.1	1	39628	156	26433	66.7028	1.33744	30.5	37.3
CBDDTY010000206.1	1	39601	161	26113	65.9403	1.39418	30.3	33.5
CBDDTY010000207.1	1	39600	90	14711	37.149	0.737121	30.4	36.5
CBDDTY010000208.1	1	39595	111	14707	37.1436	0.937871	30.4	20.9
CBDDTY010000209.1	1	39385	49	8005	20.325	0.348432	30.9	8.45
CBDDTY010000210.1	1	39584	31	5079	12.8309	0.23123	31.4	18
CBDDTY010000211.1	1	39576	93	15660	39.5694	0.778073	30.6	26.5
CBDDTY010000212.1	1	39569	55	8917	22.5353	0.39958	30.1	9.29
CBDDTY010000213.1	1	39567	147	18654	47.1453	1.27397	29.8	15.5
CBDDTY010000214.1	1	39564	224	27074	68.4309	2.10656	30.5	35.6
CBDDTY010000215.1	1	39559	187	21095	53.3254	1.67815	31.1	38.6
CBDDTY010000216.1	1	39546	73	12851	32.4963	0.591084	30.1	17.5
CBDDTY010000217.1	1	39539	118	19506	49.3336	1.10729	30	18.9
CBDDTY010000218.1	1	39539	128	22251	56.2761	1.02868	31	39.9
CBDDTY010000219.1	1	39529	285	28157	71.2312	2.73746	30.5	26
CBDDTY010000220.1	1	39525	126	25260	63.9089	1.12739	30.9	43.4
CBDDTY010000221.1	1	39512	157	21263	53.814	1.27311	30.8	24
CBDDTY010000222.1	1	39446	61	5173	13.1141	0.568752	30.2	11.4
CBDDTY010000223.1	1	39434	113	18610	47.1928	0.947812	29.7	32.1
CBDDTY010000224.1	1	39425	160	26022	66.0038	1.34605	30.2	40.8
CBDDTY010000225.1	1	39419	362	31163	79.0558	3.36924	30.1	36.9
CBDDTY010000226.1	1	39410	72	13910	35.2956	0.601345	30.8	21.5
CBDDTY010000227.1	1	39362	175	17140	43.5445	1.58572	30.7	41.7
CBDDTY010000228.1	1	39355	111	18624	47.3231	0.980638	30	31.5
CBDDTY010000229.1	1	39340	157	15140	38.485	1.36952	32	19.6
CBDDTY010000230.1	1	39328	75	12381	31.4814	0.667438	30.2	22.7
CBDDTY010000231.1	1	39324	163	25735	65.4435	1.50748	31	36
CBDDTY010000232.1	1	39317	47	10672	27.1435	0.392883	30.6	30.4
CBDDTY010000233.1	1	39277	152	24819	63.1897	1.43094	30.3	48.8
CBDDTY010000234.1	1	39272	294	25504	64.9419	2.73225	29.5	27.3
CBDDTY010000235.1	1	39248	73	11514	29.3365	0.595903	30.8	16.9
CBDDTY010000236.1	1	39207	73	9847	25.1154	0.556253	30.3	13.3
CBDDTY010000237.1	1	39200	86	13698	34.9439	0.672577	29.7	20
CBDDTY010000238.1	1	39153	101	15350	39.2052	0.810666	30.7	17.7
CBDDTY010000239.1	1	39125	139	25651	65.5617	1.21825	31.1	52
CBDDTY010000240.1	1	39102	105	21354	54.611	1.03708	30.1	37
CBDDTY010000241.1	1	39098	18	3306	8.45568	0.117909	28.6	13.1
CBDDTY010000242.1	1	39086	226	16482	42.1686	2.26705	30.1	2.62
CBDDTY010000243.1	1	39070	56	11853	30.3379	0.558869	30.2	47.8
CBDDTY010000244.1	1	39068	312	23223	59.4425	2.77434	30.5	27.9
CBDDTY010000245.1	1	39057	138	20293	51.9574	1.07945	29.7	33.6
CBDDTY010000246.1	1	39044	133	19101	48.9217	1.24104	31	21.5
CBDDTY010000247.1	1	39044	107	14709	37.6729	0.828501	31.2	22.6
CBDDTY010000248.1	1	39041	134	25367	64.9753	1.28127	29.6	33.9
CBDDTY010000249.1	1	39022	100	16831	43.1321	0.833017	30.6	34.7
CBDDTY010000250.1	1	39001	123	22585	57.9088	1.13038	30.5	47
CBDDTY010000251.1	1	38800	317	27307	70.3789	2.7875	29.3	15.7
CBDDTY010000252.1	1	39000	8	2916	7.47692	0.0753846	30.1	4.12
CBDDTY010000253.1	1	39000	256	22420	57.4872	2.47387	31.3	19.6
CBDDTY010000254.1	1	39000	119	23133	59.3154	1.12408	30.7	37.1
CBDDTY010000255.1	1	39000	69	8963	22.9821	0.638949	30.7	22.8
CBDDTY010000256.1	1	38800	10	1657	4.27062	0.0563918	34.3	3.7
CBDDTY010000257.1	1	39000	100	11374	29.1641	0.976385	29.3	13
CBDDTY010000258.1	1	39000	258	22354	57.3179	2.33	30.5	53.6
CBDDTY010000259.1	1	39000	39	7844	20.1128	0.302205	29.8	27.1
CBDDTY010000260.1	1	39000	70	12793	32.8026	0.620308	30.8	11.1
CBDDTY010000261.1	1	39000	435	26954	69.1128	4.12346	30.1	33.8
CBDDTY010000262.1	1	39000	160	28652	73.4667	1.30387	30.2	44
CBDDTY010000263.1	1	39000	60	10534	27.0103	0.518923	29.8	44.8
CBDDTY010000264.1	1	39000	137	24783	63.5462	1.16328	30.3	39.6
CBDDTY010000265.1	1	38800	165	29614	76.3247	1.5366	30.3	46.5
CBDDTY010000266.1	1	39000	128	25174	64.5487	1.24823	30.4	47.6
CBDDTY010000267.1	1	39000	125	15364	39.3949	1.2179	29.8	7.7
CBDDTY010000268.1	1	39000	158	15975	40.9615	1.2779	30.5	25.1
CBDDTY010000269.1	1	39000	273	22399	57.4333	2.31805	31.4	7.82
CBDDTY010000270.1	1	38982	254	29469	75.5964	2.20953	30.9	28.8
CBDDTY010000271.1	1	38976	127	23941	61.425	1.26262	30.2	30.4
CBDDTY010000272.1	1	38962	94	14844	38.0987	0.810482	30.8	21
CBDDTY010000273.1	1	38953	69	10706	27.4844	0.602187	30.9	36.4
CBDDTY010000274.1	1	38909	188	21845	56.1438	1.7663	30.2	20.6
CBDDTY010000275.1	1	38882	64	12197	31.3693	0.572296	30.8	42.8
CBDDTY010000276.1	1	38878	75	15650	40.2541	0.604146	30.8	20.5
CBDDTY010000277.1	1	38878	173	20624	53.048	1.40612	30	20.5
CBDDTY010000278.1	1	38865	138	16824	43.2883	1.22089	30.4	6.99
CBDDTY010000279.1	1	38853	114	19732	50.7863	0.995264	30.2	42.4
CBDDTY010000280.1	1	38850	117	21358	54.9755	1.07689	30.7	33.8
CBDDTY010000281.1	1	38832	134	18360	47.2806	1.33475	30.7	20.1
CBDDTY010000282.1	1	38810	166	21591	55.6326	1.78433	30.6	27.4
CBDDTY010000283.1	1	38771	111	14576	37.5951	0.994945	30.2	26.5
CBDDTY010000284.1	1	38770	102	19854	51.2097	1.00539	30.9	46.9
CBDDTY010000285.1	1	38755	68	13150	33.9311	0.578403	28.9	25.6
CBDDTY010000286.1	1	38738	92	15777	40.7275	0.751768	30.2	39.6
CBDDTY010000287.1	1	38720	198	23604	60.9607	1.62438	30.5	19.1
CBDDTY010000288.1	1	38713	133	22056	56.9731	1.11291	29.6	41.8
CBDDTY010000289.1	1	38712	47	9064	23.4139	0.366915	29.7	10
CBDDTY010000290.1	1	38709	121	14763	38.1384	1.07058	30.6	33.4
CBDDTY010000291.1	1	38702	153	22056	56.9893	1.27541	31.3	20.4
CBDDTY010000292.1	1	38701	131	28215	72.9051	1.43182	29.9	49.3
CBDDTY010000293.1	1	38680	156	20009	51.7296	1.29535	30.5	28
CBDDTY010000294.1	1	38634	230	24428	63.2293	1.94562	30.3	31.7
CBDDTY010000295.1	1	38608	112	11596	30.0352	0.944778	30.6	14.4
CBDDTY010000296.1	1	38606	148	25683	66.5259	1.40805	29.8	41.5
CBDDTY010000297.1	1	38601	154	22069	57.1721	1.54962	30.5	28.5
CBDDTY010000298.1	1	38590	145	23265	60.2876	1.39373	30.3	26.6
CBDDTY010000299.1	1	38564	137	20074	52.0537	1.1791	30.3	25.7
CBDDTY010000300.1	1	38531	192	25713	66.7333	1.82046	30.2	31.3
CBDDTY010000301.1	1	38525	123	15265	39.6236	1.17371	30.4	25.7
CBDDTY010000302.1	1	38520	162	22617	58.715	1.36241	30.6	31.6
CBDDTY010000303.1	1	38510	152	23027	59.7949	1.37946	30.3	28
CBDDTY010000304.1	1	38509	131	26855	69.7369	1.37905	31.6	54.7
CBDDTY010000305.1	1	38500	149	26294	68.2961	1.37735	30	42.4
CBDDTY010000306.1	1	38496	142	25146	65.3211	1.28759	30.7	46.6
CBDDTY010000307.1	1	38496	39	7468	19.3994	0.26995	30.5	15.5
CBDDTY010000308.1	1	38488	152	28191	73.2462	1.42395	29.2	45.3
CBDDTY010000309.1	1	38475	146	16176	42.0429	1.2958	29.5	24.7
CBDDTY010000310.1	1	38475	266	23139	60.1404	2.15532	30.4	22.2
CBDDTY010000311.1	1	38461	184	16632	43.2438	1.64832	30.8	15.1
CBDDTY010000312.1	1	38440	203	25910	67.4037	1.93512	30.5	16
CBDDTY010000313.1	1	38421	6	1048	2.72767	0.041748	31.4	14.2
CBDDTY010000314.1	1	38411	207	24089	62.7138	1.83604	30.7	23.8
CBDDTY010000315.1	1	38407	245	25390	66.1077	2.51077	30.8	20.1
CBDDTY010000316.1	1	38391	153	19836	51.6684	1.32596	30.7	40
CBDDTY010000317.1	1	38384	85	9855	25.6748	0.754637	30.4	6.95
CBDDTY010000318.1	1	38383	133	18287	47.6435	1.12995	30.4	32.7
CBDDTY010000319.1	1	38375	182	17980	46.8534	1.67481	30.8	19.1
CBDDTY010000320.1	1	38368	154	17492	45.5901	1.21901	30.4	13
CBDDTY010000321.1	1	38356	168	28141	73.3679	1.61299	31.1	49.1
CBDDTY010000322.1	1	38340	136	11203	29.2201	1.09113	30.3	12.7
CBDDTY010000323.1	1	38335	101	18672	48.7074	0.892657	30.8	36.7
CBDDTY010000324.1	1	38317	20	3227	8.42185	0.127828	32.3	10.7
CBDDTY010000325.1	1	38299	127	24475	63.9051	1.338	30.1	52.2
CBDDTY010000326.1	1	38273	162	22767	59.4858	1.47088	31.8	44.8
CBDDTY010000327.1	1	38259	175	22709	59.356	1.70075	29.8	16.2
CBDDTY010000328.1	1	38219	119	20946	54.8052	1.07808	29.6	27
CBDDTY010000329.1	1	38211	158	27738	72.5917	1.47447	29.8	47.6
CBDDTY010000330.1	1	38211	122	15525	40.6297	0.959593	30.4	22.6
CBDDTY010000331.1	1	38209	93	15083	39.475	0.855034	31	15.3
CBDDTY010000332.1	1	38200	196	25571	66.9398	1.77921	30.1	23
CBDDTY010000333.1	1	38155	53	10885	28.5284	0.552798	29.9	10.4
CBDDTY010000334.1	1	38145	130	21294	55.8238	1.09451	30.5	24.4
CBDDTY010000335.1	1	38142	107	13005	34.0963	1.02433	30.5	5.7
CBDDTY010000336.1	1	38087	121	19259	50.5658	1.05112	30.4	30.4
CBDDTY010000337.1	1	38074	53	8209	21.5606	0.46646	31.6	5.85
CBDDTY010000338.1	1	38035	112	11258	29.5991	1.11324	30.4	22.8
CBDDTY010000339.1	1	38023	99	10295	27.0757	0.844752	29.8	24.3
CBDDTY010000340.1	1	38010	32	5059	13.3097	0.236569	28.9	9.72
CBDDTY010000341.1	1	38009	152	26275	69.1284	1.4461	29.8	51.3
CBDDTY010000342.1	1	38000	189	24512	64.5053	1.86042	30.7	35.4
CBDDTY010000343.1	1	37800	132	15894	42.0476	1.13257	30.8	30.3
CBDDTY010000344.1	1	37800	2	156	0.412698	0.00412698	30.8	0
CBDDTY010000345.1	1	38000	36	10742	28.2684	0.3655	30.3	35.2
CBDDTY010000346.1	1	38000	54	8993	23.6658	0.556579	32.5	28.6
CBDDTY010000347.1	1	38000	105	22571	59.3974	0.9925	29.8	36.9
CBDDTY010000348.1	1	38000	80	10070	26.5	0.655105	29.4	19.5
CBDDTY010000349.1	1	38000	250	30012	78.9789	2.48934	30.7	43.5
CBDDTY010000350.1	1	38000	79	16064	42.2737	0.760289	31	21.7
CBDDTY010000351.1	1	38000	189	21902	57.6368	1.96879	30.8	19.5
CBDDTY010000352.1	1	38000	14	3198	8.41579	0.104421	29.9	9.71
CBDDTY010000353.1	1	38000	148	12815	33.7237	1.69876	30.4	24.1
CBDDTY010000354.1	1	38000	191	21615	56.8816	1.918	30.6	33.4
CBDDTY010000355.1	1	37800	112	20724	54.8254	0.932434	29.8	50.4
CBDDTY010000356.1	1	38000	144	15834	41.6684	1.37726	30.5	22.5
CBDDTY010000357.1	1	38000	235	13821	36.3711	2.39834	29.7	25.9
CBDDTY010000358.1	1	38000	229	23408	61.6	2.29529	30.6	27.6
CBDDTY010000359.1	1	38000	103	15921	41.8974	0.930789	30.6	21.6
CBDDTY010000360.1	1	37800	61	10837	28.6693	0.460212	31.6	35.5
CBDDTY010000361.1	1	37981	236	20867	54.9406	2.00034	30.9	16.5
CBDDTY010000362.1	1	37963	100	18301	48.2075	0.823934	30.9	19.7
CBDDTY010000363.1	1	37945	114	10129	26.6939	1.17217	30	20.5
CBDDTY010000364.1	1	37938	163	27526	72.5552	1.50445	29.8	46.4
CBDDTY010000365.1	1	37936	187	22715	59.8772	1.84648	29.7	27.9
CBDDTY010000366.1	1	37933	110	15970	42.1005	1.01677	30.6	47.1
CBDDTY010000367.1	1	37907	50	11888	31.361	0.415016	33	6.9
CBDDTY010000368.1	1	37899	43	7959	21.0006	0.34022	28.2	15.7
CBDDTY010000369.1	1	37885	87	15597	41.1693	0.833285	30.8	29.5
CBDDTY010000370.1	1	37879	114	25465	67.2272	1.25257	30.4	49.2
CBDDTY010000371.1	1	37870	77	16419	43.3562	0.658014	29.8	25.9
CBDDTY010000372.1	1	37842	207	23524	62.1637	1.75292	29.8	36.4
CBDDTY010000373.1	1	37831	110	21513	56.8661	1.01739	30.3	44
CBDDTY010000374.1	1	37830	121	22313	58.9823	1.16207	30.8	52.1
CBDDTY010000375.1	1	37814	162	19195	50.7616	1.47562	29.6	18.5
CBDDTY010000376.1	1	37795	113	20077	53.1208	1.14719	30.6	40
CBDDTY010000377.1	1	37771	307	27176	71.9494	2.94387	30.4	37
CBDDTY010000378.1	1	37750	14	2399	6.35497	0.0963974	29.6	13.3
CBDDTY010000379.1	1	37725	101	16756	44.4162	0.876978	30.7	27.7
CBDDTY010000380.1	1	37697	141	28324	75.136	1.42438	29.8	49.7
CBDDTY010000381.1	1	37692	83	17498	46.4236	0.874589	30.9	31.7
CBDDTY010000382.1	1	37682	96	11688	31.0175	0.719229	30.8	22.3
CBDDTY010000383.1	1	37667	136	18225	48.3845	1.12656	30.2	24.3
CBDDTY010000384.1	1	37660	149	19716	52.3526	1.37151	30.8	23.8
CBDDTY010000385.1	1	37657	165	15709	41.716	1.48042	30.4	11.2
CBDDTY010000386.1	1	37656	172	29849	79.2676	1.58224	30.5	52.8
CBDDTY010000387.1	1	37650	112	16065	42.6693	0.883772	30.4	24.6
CBDDTY010000388.1	1	37648	97	10979	29.1622	0.873672	30.4	23.2
CBDDTY010000389.1	1	37620	88	13617	36.1962	0.807682	29.6	9.99
CBDDTY010000390.1	1	37599	157	19249	51.1955	1.31192	29.7	32.9
CBDDTY010000391.1	1	37587	171	28387	75.5235	1.60252	30.8	43.5
CBDDTY010000392.1	1	37579	84	13264	35.2963	0.764283	30.2	20.5
CBDDTY010000393.1	1	37565	129	13260	35.2988	1.20383	30.4	21.4
CBDDTY010000394.1	1	37561	36	7247	19.2939	0.328239	29.1	12
CBDDTY010000395.1	1	37552	134	26712	71.1334	1.39159	31.1	35.3
CBDDTY010000396.1	1	37526	53	10606	28.2631	0.465251	30.8	2.49
CBDDTY010000397.1	1	37511	35	6357	16.947	0.228946	29.5	27.5
CBDDTY010000398.1	1	37500	116	21131	56.3493	1.06248	30.4	39.2
CBDDTY010000399.1	1	37488	112	11570	30.8632	1.00574	31.1	18.5
CBDDTY010000400.1	1	37486	68	12067	32.1907	0.48162	29.7	10.9
CBDDTY010000401.1	1	37468	127	17869	47.6914	1.24685	30.2	17.8
CBDDTY010000402.1	1	37458	67	8986	23.9895	0.531155	30.3	13.6
CBDDTY010000403.1	1	37449	74	13721	36.6392	0.62744	29.7	23.4
CBDDTY010000404.1	1	37432	127	13620	36.386	1.10446	29.3	21.7
CBDDTY010000405.1	1	37422	152	20393	54.4947	1.3014	29.6	32.3
CBDDTY010000406.1	1	37413	222	19812	52.9549	2.06586	30.5	20.7
CBDDTY010000407.1	1	37403	156	20796	55.5998	1.5668	30.2	22.4
CBDDTY010000408.1	1	37401	69	13153	35.1675	0.527553	31.6	25
CBDDTY010000409.1	1	37392	132	27542	73.6575	1.38554	29.5	52.8
CBDDTY010000410.1	1	37375	163	21597	57.7846	1.48701	30.3	34.2
CBDDTY010000411.1	1	37372	81	10739	28.7354	0.671492	30.9	11.7
CBDDTY010000412.1	1	37362	81	14478	38.7506	0.813768	30	22.8
CBDDTY010000413.1	1	37357	83	6559	17.5576	0.594802	29.8	13.4
CBDDTY010000414.1	1	37356	74	9376	25.099	0.573536	30.3	16.4
CBDDTY010000415.1	1	37351	48	11346	30.3767	0.44288	30.2	16.2
CBDDTY010000416.1	1	37340	231	22436	60.0857	2.39845	30.3	26.5
CBDDTY010000417.1	1	37339	168	25951	69.5011	1.54924	30.3	38.3
CBDDTY010000418.1	1	37333	139	23528	63.022	1.27887	30.8	39
CBDDTY010000419.1	1	37330	163	25754	68.9901	1.73421	30.6	49.4
CBDDTY010000420.1	1	37320	146	29393	78.7594	1.48974	30.9	54.1
CBDDTY010000421.1	1	37314	184	25943	69.5262	1.62534	30.2	42.1
CBDDTY010000422.1	1	37303	123	23024	61.7216	1.11522	30.9	39.1
CBDDTY010000423.1	1	37294	137	25820	69.2337	1.36097	30.5	50.6
CBDDTY010000424.1	1	37288	101	18604	49.8927	0.996326	29.5	27.8
CBDDTY010000425.1	1	37287	24	5595	15.0052	0.231368	30.7	14.8
CBDDTY010000426.1	1	37269	139	17783	47.7153	1.22872	29.9	23.9
CBDDTY010000427.1	1	37260	21	4353	11.6828	0.164788	29.4	11.6
CBDDTY010000428.1	1	37255	122	23067	61.9165	1.14446	31.1	40.9
CBDDTY010000429.1	1	37239	128	21314	57.2357	1.23666	29.9	28.1
CBDDTY010000430.1	1	37224	122	24021	64.5309	1.23254	31.1	48.4
CBDDTY010000431.1	1	37219	156	28389	76.2756	1.69717	29.8	51.2
CBDDTY010000432.1	1	37210	112	17074	45.8855	1.17412	30.6	27.5
CBDDTY010000433.1	1	37180	329	30253	81.369	3.24373	30.5	25.6
CBDDTY010000434.1	1	37176	126	19177	51.5844	1.09243	30.1	31.2
CBDDTY010000435.1	1	37173	259	28766	77.3841	2.53533	29.7	45.7
CBDDTY010000436.1	1	37171	160	31261	84.1005	1.63504	30	54
CBDDTY010000437.1	1	37161	135	20103	54.097	1.40212	30.2	36.3
CBDDTY010000438.1	1	37150	113	23421	63.0444	1.11082	30.3	47.2
CBDDTY010000439.1	1	37148	156	22941	61.7557	1.50404	30	36.9
CBDDTY010000440.1	1	37139	66	10041	27.0363	0.524812	30.2	14.3
CBDDTY010000441.1	1	37137	80	16417	44.2066	0.811697	30.6	38.7
CBDDTY010000442.1	1	37117	221	21186	57.079	1.88787	30.2	31.1
CBDDTY010000443.1	1	37073	139	21417	57.7698	1.23224	29.6	38
CBDDTY010000444.1	1	37063	55	8884	23.97	0.390012	31.2	15.6
CBDDTY010000445.1	1	37063	60	11614	31.3358	0.56868	31.8	15.2
CBDDTY010000446.1	1	37027	119	17801	48.0757	1.11586	30.6	36.2
CBDDTY010000447.1	1	37021	168	20862	56.3518	1.52705	29.8	19.2
CBDDTY010000448.1	1	37009	71	9363	25.2993	0.578832	30.1	10.9
CBDDTY010000449.1	1	37009	120	21016	56.7862	1.12097	30.5	44
CBDDTY010000450.1	1	37003	99	10382	28.0572	0.810096	30.8	18.3
CBDDTY010000451.1	1	37000	74	8182	22.1135	0.69527	28.5	15.4
CBDDTY010000452.1	1	37000	75	12815	34.6351	0.601676	30	32.5
CBDDTY010000453.1	1	37000	220	18136	49.0162	2.09611	30.5	18.4
CBDDTY010000454.1	1	37000	78	14687	39.6946	0.791	30.1	22.9
CBDDTY010000455.1	1	37000	165	21493	58.0892	1.67254	31.2	26.4
CBDDTY010000456.1	1	37000	39	9168	24.7784	0.342081	29.9	17.9
CBDDTY010000457.1	1	37000	54	5791	15.6514	0.528378	31.6	17.1
CBDDTY010000458.1	1	37000	109	12963	35.0351	1.03714	30.2	22.2
CBDDTY010000459.1	1	37000	101	16533	44.6838	0.912649	30.5	12.3
CBDDTY010000460.1	1	37000	19	5246	14.1784	0.183162	30.7	27
CBDDTY010000461.1	1	37000	35	6759	18.2676	0.329027	30.3	32.3
CBDDTY010000462.1	1	36600	82	15072	41.1803	0.88571	32.3	25.8
CBDDTY010000463.1	1	37000	118	23799	64.3216	1.10846	31.1	46
CBDDTY010000464.1	1	37000	229	23732	64.1405	2.37724	29.9	29.5
CBDDTY010000465.1	1	37000	20	5018	13.5622	0.183459	29.1	12.1
CBDDTY010000466.1	1	37000	127	11554	31.227	1.28024	29.4	27.7
CBDDTY010000467.1	1	36974	163	19202	51.9338	1.48832	30.1	17.6
CBDDTY010000468.1	1	36968	181	18913	51.1605	1.55194	30.5	11.1
CBDDTY010000469.1	1	36961	122	25279	68.3937	1.19155	30.6	52.5
CBDDTY010000470.1	1	36960	117	23118	62.5487	1.15322	30.6	33.2
CBDDTY010000471.1	1	36951	86	11591	31.3686	0.832264	31.1	5.43
CBDDTY010000472.1	1	36947	178	27971	75.7057	1.80104	31.1	42.3
CBDDTY010000473.1	1	36947	93	19178	51.9068	0.91837	30.9	47.7
CBDDTY010000474.1	1	36939	92	16962	45.9189	0.845908	30.2	37.9
CBDDTY010000475.1	1	36891	252	23796	64.5035	2.41257	30	23.7
CBDDTY010000476.1	1	36876	131	17275	46.8462	1.25976	30.5	20.7
CBDDTY010000477.1	1	36867	133	24792	67.2471	1.3492	30.7	51.8
CBDDTY010000478.1	1	36850	114	24906	67.5875	1.19758	30.5	42.3
CBDDTY010000479.1	1	36847	111	14941	40.5488	1.06288	30.8	11.3
CBDDTY010000480.1	1	36827	115	17459	47.4082	1.13042	29.4	40.2
CBDDTY010000481.1	1	36803	68	12591	34.2119	0.616689	30.2	26.8
CBDDTY010000482.1	1	36768	67	14039	38.1827	0.722286	30.4	41.6
CBDDTY010000483.1	1	36764	424	28284	76.934	4.03922	30.4	27.4
CBDDTY010000484.1	1	36752	81	8567	23.3103	0.782216	29.8	6.19
CBDDTY010000485.1	1	36750	119	18147	49.3796	1.02871	30	14
CBDDTY010000486.1	1	36725	102	20870	56.8278	0.924466	30.3	46.5
CBDDTY010000487.1	1	36704	224	28925	78.8061	2.20295	30.1	45.9
CBDDTY010000488.1	1	36703	124	23586	64.2618	1.33414	30.6	44.1
CBDDTY010000489.1	1	36700	66	12164	33.1444	0.745995	30.3	25.3
CBDDTY010000490.1	1	36697	133	21209	57.7949	1.23244	30.7	36.6
CBDDTY010000491.1	1	36695	128	20582	56.0894	1.13539	29.1	33.6
CBDDTY010000492.1	1	36693	37	11037	30.0793	0.463549	29.7	39.1
CBDDTY010000493.1	1	36680	54	9205	25.0954	0.419738	31.4	15.6
CBDDTY010000494.1	1	36660	105	16239	44.2962	0.84449	29.8	35.5
CBDDTY010000495.1	1	36651	176	27871	76.0443	1.97422	30	41.5
CBDDTY010000496.1	1	36643	147	25564	69.765	1.44167	30	34.6
CBDDTY010000497.1	1	36635	66	10596	28.9232	0.566071	30	10.8
CBDDTY010000498.1	1	36632	83	10146	27.6971	0.763758	30.3	12.2
CBDDTY010000499.1	1	36626	141	21834	59.6134	1.32188	30.5	35.9
CBDDTY010000500.1	1	36604	141	20953	57.2424	1.278	30.3	43.6
CBDDTY010000501.1	1	36576	44	13414	36.6743	0.50555	30.2	33.6
CBDDTY010000502.1	1	36569	49	8630	23.5992	0.494298	30.7	9.98
CBDDTY010000503.1	1	36544	129	6078	16.632	1.20816	29.9	14.5
CBDDTY010000504.1	1	36537	40	8070	22.0872	0.339519	30.3	19.5
CBDDTY010000505.1	1	36535	244	18974	51.9338	2.45655	30.3	22.2
CBDDTY010000506.1	1	36522	124	23460	64.2353	1.19276	31.7	44.5
CBDDTY010000507.1	1	36517	156	24349	66.6785	1.49571	30.9	36.2
CBDDTY010000508.1	1	36508	44	8942	24.4933	0.419826	30.1	38.3
CBDDTY010000509.1	1	36479	133	24656	67.5896	1.31772	30.9	36.5
CBDDTY010000510.1	1	36479	159	23093	63.3049	1.66918	30.9	36.9
CBDDTY010000511.1	1	36464	132	23885	65.503	1.23648	31.6	45.8
CBDDTY010000512.1	1	36411	127	12302	33.7865	1.18574	30.9	39.4
CBDDTY010000513.1	1	36383	118	19599	53.8686	1.12083	30.1	29.9
CBDDTY010000514.1	1	36369	28	6687	18.3865	0.252248	30.4	20.1
CBDDTY010000515.1	1	36361	97	16329	44.908	0.954979	31.6	26.9
CBDDTY010000516.1	1	36346	120	19845	54.6002	1.12601	29.9	39.6
CBDDTY010000517.1	1	36321	118	20626	56.7881	1.22274	30.3	41.8
CBDDTY010000518.1	1	36316	48	7473	20.5777	0.339465	30.6	9.54
CBDDTY010000519.1	1	36300	90	14347	39.5234	0.78303	30.6	28.2
CBDDTY010000520.1	1	36292	111	19408	53.4774	1.00251	29.9	13.5
CBDDTY010000521.1	1	36254	212	17662	48.7174	2.0721	30.6	22.9
CBDDTY010000522.1	1	36241	124	15731	43.4066	1.07169	30.6	22
CBDDTY010000523.1	1	36224	118	16305	45.0116	0.992878	31	31.2
CBDDTY010000524.1	1	36203	71	10664	29.4561	0.733144	29.4	21
CBDDTY010000525.1	1	36196	130	20423	56.4234	1.29699	30	18.4
CBDDTY010000526.1	1	36191	148	26881	74.2754	1.51563	30.1	51.2
CBDDTY010000527.1	1	36185	80	12316	34.0362	0.823794	30.8	15.5
CBDDTY010000528.1	1	36177	120	13060	36.1003	1.16585	30.7	11
CBDDTY010000529.1	1	36170	119	10097	27.9154	1.15026	31.7	22
CBDDTY010000530.1	1	36068	193	24865	68.9392	2.02811	30.6	32.9
CBDDTY010000531.1	1	36067	103	23105	64.0613	1.1381	30.5	45.1
CBDDTY010000532.1	1	36042	241	19473	54.0286	2.51312	30.9	18.8
CBDDTY010000533.1	1	36041	148	22180	61.541	1.45593	30.5	35.3
CBDDTY010000534.1	1	36038	126	20283	56.2823	1.21891	30.4	49.6
CBDDTY010000535.1	1	36037	76	11202	31.0847	0.627855	31.3	10.9
CBDDTY010000536.1	1	36027	107	17423	48.361	1.10312	31	38.3
CBDDTY010000537.1	1	36021	92	17520	48.6383	0.920269	30.2	43.6
CBDDTY010000538.1	1	36013	20	3238	8.9912	0.170244	31.7	15.2
CBDDTY010000539.1	1	36009	73	11261	31.2727	0.723069	30.6	12.7
CBDDTY010000540.1	1	36007	72	14164	39.3368	0.673925	30.7	21.8
CBDDTY010000541.1	1	36000	48	7251	20.1417	0.491167	30.3	9.08
CBDDTY010000542.1	1	36000	53	6849	19.025	0.372556	29.8	8.45
CBDDTY010000543.1	1	36000	40	4958	13.7722	0.355444	30	14.9
CBDDTY010000544.1	1	35600	27	5745	16.1376	0.332051	31.1	14.5
CBDDTY010000545.1	1	36000	22	5236	14.5444	0.278222	31.8	0.773
CBDDTY010000546.1	1	36000	269	19077	52.9917	2.54206	30.1	26.8
CBDDTY010000547.1	1	36000	94	19383	53.8417	0.858056	31.2	38.6
CBDDTY010000548.1	1	36000	30	6236	17.3222	0.273194	30.9	17.8
CBDDTY010000549.1	1	36000	27	5013	13.925	0.253528	29.7	15.3
CBDDTY010000550.1	1	36000	114	22160	61.5556	1.22978	30.5	49.2
CBDDTY010000551.1	1	36000	58	6844	19.0111	0.448833	32.4	41.1
CBDDTY010000552.1	1	36000	46	5646	15.6833	0.437528	32.1	7.93
CBDDTY010000553.1	1	36000	101	12643	35.1194	0.98	30.7	8.24
CBDDTY010000554.1	1	36000	115	14371	39.9194	1.0735	29.5	15.3
CBDDTY010000555.1	1	36000	62	9593	26.6472	0.513639	30.9	3.24
CBDDTY010000556.1	1	36000	114	14570	40.4722	1.22139	30.1	15.4
CBDDTY010000557.1	1	36000	69	11647	32.3528	0.602333	30.3	25.9
CBDDTY010000558.1	1	36000	58	8937	24.825	0.569583	29.7	15.9
CBDDTY010000559.1	1	36000	88	13765	38.2361	0.814056	29.9	14.2
CBDDTY010000560.1	1	36000	139	18737	52.0472	1.38036	30.5	21.2
CBDDTY010000561.1	1	36000	77	12433	34.5361	0.726556	30.2	21.3
CBDDTY010000562.1	1	35996	43	8311	23.0887	0.526253	29.2	16.9
CBDDTY010000563.1	1	35994	67	13291	36.9256	0.595155	31.2	20.6
CBDDTY010000564.1	1	35993	116	19068	52.977	1.19559	31.3	49
CBDDTY010000565.1	1	35974	76	12849	35.7175	0.668094	30.7	23.4
CBDDTY010000566.1	1	35951	164	23520	65.4224	1.65139	30.7	27.7
CBDDTY010000567.1	1	35932	99	18234	50.7459	0.91175	31	34.3
CBDDTY010000568.1	1	35907	58	10014	27.8887	0.571978	30.1	41.2
CBDDTY010000569.1	1	35901	90	17104	47.6421	0.864516	30.6	28.1
CBDDTY010000570.1	1	35881	27	4097	11.4183	0.190519	30.3	13.3
CBDDTY010000571.1	1	35878	116	14956	41.6857	1.09145	30.8	30.5
CBDDTY010000572.1	1	35869	103	18167	50.6482	1.01221	32	44.2
CBDDTY010000573.1	1	35838	80	12785	35.6744	0.750349	30.8	44.5
CBDDTY010000574.1	1	35809	126	17618	49.1999	1.25111	29.8	25
CBDDTY010000575.1	1	35804	117	19684	54.9771	1.12454	31.1	40.7
CBDDTY010000576.1	1	35783	209	23615	65.995	1.98611	29.5	28.3
CBDDTY010000577.1	1	35774	65	11799	32.9821	0.603511	30.1	24.5
CBDDTY010000578.1	1	35767	81	9452	26.4266	0.635055	30.8	25.2
CBDDTY010000579.1	1	35746	192	13772	38.5274	2.21885	30	16
CBDDTY010000580.1	1	35706	181	25061	70.1871	1.92256	30.5	44.7
CBDDTY010000581.1	1	35701	52	11501	32.2148	0.584605	30.4	10.2
CBDDTY010000582.1	1	35667	163	22454	62.9546	1.45067	30.4	24.1
CBDDTY010000583.1	1	35664	343	23819	66.7872	3.77857	30.3	31.9
CBDDTY010000584.1	1	35663	87	13445	37.7001	0.741272	30.3	18.6
CBDDTY010000585.1	1	35659	353	24168	67.7753	4.05917	29.9	23.7
CBDDTY010000586.1	1	35653	72	11409	32.0001	0.665386	30.7	18.9
CBDDTY010000587.1	1	35632	119	22564	63.3251	1.05557	30.8	40.2
CBDDTY010000588.1	1	35623	138	13620	38.2337	1.50813	30.3	29.7
CBDDTY010000589.1	1	35617	105	17738	49.8021	0.975265	30.2	30.8
CBDDTY010000590.1	1	35611	20	4845	13.6053	0.160175	30.6	10.9
CBDDTY010000591.1	1	35600	133	20617	57.9129	1.13376	31.3	32.8
CBDDTY010000592.1	1	35580	140	26786	75.2839	1.45683	30.7	45.1
CBDDTY010000593.1	1	35579	65	12085	33.9667	0.569044	31	35.5
CBDDTY010000594.1	1	35553	132	21688	61.0019	1.22952	30.8	40.9
CBDDTY010000595.1	1	35548	23	5132	14.4368	0.224738	31	27.6
CBDDTY010000596.1	1	35530	67	12017	33.8221	0.657613	31	18.8
CBDDTY010000597.1	1	35530	133	20420	57.4726	1.4973	31	37.6
CBDDTY010000598.1	1	35528	18	3780	10.6395	0.157594	32.9	51.9
CBDDTY010000599.1	1	35493	80	14106	39.743	0.880061	30	23.6
CBDDTY010000600.1	1	35492	137	22246	62.6789	1.31351	30.5	35.6
CBDDTY010000601.1	1	35485	53	10850	30.5763	0.627955	31.3	47.3
CBDDTY010000602.1	1	35471	137	22441	63.2658	1.34169	30.3	37.4
CBDDTY010000603.1	1	35451	115	14939	42.1399	1.08454	30.7	21.2
CBDDTY010000604.1	1	35446	135	19468	54.923	1.21661	29.9	38.3
CBDDTY010000605.1	1	35444	180	23558	66.4654	1.75271	30.4	27.1
CBDDTY010000606.1	1	35436	119	24320	68.6308	1.365	31.1	43.2
CBDDTY010000607.1	1	35427	127	18101	51.0938	1.46688	30.4	22.6
CBDDTY010000608.1	1	35411	167	12496	35.2885	1.56734	30.4	16.1
CBDDTY010000609.1	1	35406	191	19980	56.4311	2.03141	30.3	26.4
CBDDTY010000610.1	1	35405	98	16021	45.2507	0.842282	29.6	19.6
CBDDTY010000611.1	1	35394	160	20752	58.6314	1.5573	31	32
CBDDTY010000612.1	1	35391	126	19156	54.1268	1.23673	30.3	40.9
CBDDTY010000613.1	1	35375	157	25314	71.559	1.61925	30.2	39
CBDDTY010000614.1	1	35360	42	8793	24.8671	0.44112	31.7	22.7
CBDDTY010000615.1	1	35356	134	20628	58.3437	1.27172	30.6	39
CBDDTY010000616.1	1	35353	149	21807	61.6836	1.80098	30.3	27.3
CBDDTY010000617.1	1	35339	92	19350	54.7554	0.949433	30	39.5
CBDDTY010000618.1	1	35335	202	28738	81.3301	2.10556	29.6	33.1
CBDDTY010000619.1	1	35317	81	14179	40.1478	0.888269	30.6	35.1
CBDDTY010000620.1	1	35312	100	17704	50.1359	0.992326	29.4	45.9
CBDDTY010000621.1	1	35302	79	14405	40.8051	0.79157	29.3	21.8
CBDDTY010000622.1	1	35301	69	11707	33.1634	0.823376	29.7	35.8
CBDDTY010000623.1	1	35276	115	22933	65.0102	1.22471	30.2	50.7
CBDDTY010000624.1	1	35275	105	19509	55.3055	1.03569	30.3	50.1
CBDDTY010000625.1	1	35268	125	16450	46.6428	1.02589	30.3	23.9
CBDDTY010000626.1	1	35244	150	22785	64.6493	1.6478	30.3	35.3
CBDDTY010000627.1	1	35237	133	24681	70.0429	1.36283	29.2	52
CBDDTY010000628.1	1	35226	97	17162	48.7197	1.02532	30.2	23
CBDDTY010000629.1	1	35215	141	21264	60.3834	1.41511	30.9	35.4
CBDDTY010000630.1	1	35189	122	19127	54.3551	1.26443	29.8	2.84
CBDDTY010000631.1	1	35182	221	28526	81.0812	2.29248	30.1	47.1
CBDDTY010000632.1	1	35142	103	20397	58.0417	1.02794	30.5	35
CBDDTY010000633.1	1	35132	23	5638	16.048	0.233462	29.9	37.1
CBDDTY010000634.1	1	35126	204	20902	59.5058	2.00828	30.1	37.2
CBDDTY010000635.1	1	35121	192	23643	67.3187	2.02329	30.6	30.4
CBDDTY010000636.1	1	35089	107	14409	41.0642	1.09465	30.9	24.2
CBDDTY010000637.1	1	35077	181	21189	60.4071	2.08658	29.2	30.7
CBDDTY010000638.1	1	35069	83	18580	52.9813	0.755511	29.7	25.5
CBDDTY010000639.1	1	35053	153	18992	54.1808	1.67663	30.7	15.4
CBDDTY010000640.1	1	35042	105	19547	55.7816	1.10793	31.1	42.6
CBDDTY010000641.1	1	35041	109	20123	57.427	1.01644	30.5	43.8
CBDDTY010000642.1	1	35040	50	11766	33.5788	0.484989	29.4	34.2
CBDDTY010000643.1	1	35019	79	17117	48.8792	0.781519	31.1	41.1
CBDDTY010000644.1	1	35016	97	21115	60.301	1.13714	31.1	53.8
CBDDTY010000645.1	1	35010	117	21525	61.4824	1.04856	30.4	52.3
CBDDTY010000646.1	1	35000	10	2088	5.96571	0.0879714	29.1	7.5
CBDDTY010000647.1	1	35000	99	16589	47.3971	1.14817	31.1	10.5
CBDDTY010000648.1	1	35000	156	18628	53.2229	1.4494	30	27.2
CBDDTY010000649.1	1	35000	49	7368	21.0514	0.436829	29.7	7.1
CBDDTY010000650.1	1	35000	94	9929	28.3686	0.895514	30.1	20.5
CBDDTY010000651.1	1	35000	41	8436	24.1029	0.438543	29.8	24.2
CBDDTY010000652.1	1	35000	227	19053	54.4371	2.31543	31.1	22.7
CBDDTY010000653.1	1	35000	85	10930	31.2286	0.891257	30.8	27.9
CBDDTY010000654.1	1	35000	110	14189	40.54	1.16111	31.2	4.66
CBDDTY010000655.1	1	35000	50	9535	27.2429	0.4264	29	1.96
CBDDTY010000656.1	1	35000	101	12603	36.0086	0.9182	30	10.5
CBDDTY010000657.1	1	34800	67	11494	33.0287	0.516236	30.4	17.2
CBDDTY010000658.1	1	35000	168	19875	56.7857	1.71306	30.1	27.8
CBDDTY010000659.1	1	35000	219	19547	55.8486	2.16611	30.1	39.8
CBDDTY010000660.1	1	35000	62	6494	18.5543	0.539714	29.7	13.7
CBDDTY010000661.1	1	35000	182	18630	53.2286	2.02697	31.1	20.4
CBDDTY010000662.1	1	35000	133	12741	36.4029	1.2364	29.7	11.3
CBDDTY010000663.1	1	35000	54	8768	25.0514	0.461829	30.2	17.3
CBDDTY010000664.1	1	34987	65	6508	18.6012	0.557064	31	6.34
CBDDTY010000665.1	1	34986	59	10230	29.2403	0.627765	29.7	15.6
CBDDTY010000666.1	1	34983	120	22714	64.9287	1.11926	29.9	42.2
CBDDTY010000667.1	1	34982	66	10335	29.5438	0.655194	29.8	25.2
CBDDTY010000668.1	1	34972	101	15712	44.9274	1.00712	30.2	18.8
CBDDTY010000669.1	1	34950	120	19151	54.7954	1.18807	29.9	29.7
CBDDTY010000670.1	1	34942	403	26338	75.3763	4.06388	30.4	39
CBDDTY010000671.1	1	34934	142	19579	56.0457	1.54778	30.5	27.8
CBDDTY010000672.1	1	34925	28	5949	17.0336	0.23141	30.1	9.43
CBDDTY010000673.1	1	34922	70	15263	43.706	0.703912	30.4	18.5
CBDDTY010000674.1	1	34918	72	12312	35.2598	0.643135	30.3	30
CBDDTY010000675.1	1	34907	148	24745	70.8884	1.57814	30.9	34.5
CBDDTY010000676.1	1	34893	110	14675	42.0571	1.03786	30.6	17.9
CBDDTY010000677.1	1	34876	139	24449	70.1026	1.42591	31	42.4
CBDDTY010000678.1	1	34863	51	10388	29.7966	0.449674	31.2	7.78
CBDDTY010000679.1	1	34854	141	20602	59.1094	1.52424	30.7	39.5
CBDDTY010000680.1	1	34847	89	15852	45.4903	0.858237	30.2	30.5
CBDDTY010000681.1	1	34839	52	9240	26.522	0.53598	31.1	8.81
CBDDTY010000682.1	1	34824	140	22086	63.4218	1.46758	30.9	28.7
CBDDTY010000683.1	1	34791	48	9373	26.9409	0.42054	30.1	19.6
CBDDTY010000684.1	1	34774	135	23574	67.792	1.4007	30.6	49.1
CBDDTY010000685.1	1	34677	242	25246	72.8033	2.64403	29.4	36.4
CBDDTY010000686.1	1	34671	179	20796	59.981	1.72392	30.7	29.9
CBDDTY010000687.1	1	34617	96	15964	46.1161	0.940001	30.9	40.3
CBDDTY010000688.1	1	34609	84	13617	39.3453	0.787685	31.1	34.8
CBDDTY010000689.1	1	34607	116	17381	50.2239	1.11203	30.5	26.7
CBDDTY010000690.1	1	34599	91	7010	20.2607	0.674962	31	16.6
CBDDTY010000691.1	1	34599	152	15428	44.5909	1.58415	30.8	14.5
CBDDTY010000692.1	1	34584	118	19450	56.2399	1.30572	30.3	37.3
CBDDTY010000693.1	1	34578	81	14961	43.2674	0.76621	30.2	24.3
CBDDTY010000694.1	1	34559	140	25180	72.8609	1.73616	31.1	49.1
CBDDTY010000695.1	1	34533	118	17931	51.9242	1.2614	30.2	21.2
CBDDTY010000696.1	1	34476	135	23467	68.0676	1.44979	30.2	34.6
CBDDTY010000697.1	1	34476	99	14951	43.3664	1.05598	30.9	23.5
CBDDTY010000698.1	1	34464	94	15574	45.1892	0.914055	29.4	32.2
CBDDTY010000699.1	1	34461	70	10533	30.565	0.715998	29.3	21.8
CBDDTY010000700.1	1	34459	103	12020	34.882	0.973011	30.5	16.3
CBDDTY010000701.1	1	34436	48	5312	15.4257	0.391712	30.8	10.2
CBDDTY010000702.1	1	34429	174	27767	80.65	1.88495	30.3	38.6
CBDDTY010000703.1	1	34426	154	20890	60.6809	1.5926	30.7	23.1
CBDDTY010000704.1	1	34379	240	21166	61.5667	2.27453	31.5	31.8
CBDDTY010000705.1	1	34351	234	23646	68.8364	2.63285	30.2	45.6
CBDDTY010000706.1	1	34304	89	12904	37.6166	0.927006	30.7	11.9
CBDDTY010000707.1	1	34288	180	22192	64.7224	1.97124	30.4	32.7
CBDDTY010000708.1	1	34277	96	18491	53.9458	0.893019	29.9	40.3
CBDDTY010000709.1	1	34223	155	20736	60.5908	1.58709	30.2	36.1
CBDDTY010000710.1	1	34219	125	21734	63.5144	1.33084	30	13.6
CBDDTY010000711.1	1	34211	89	16447	48.0752	0.956973	30.1	32.3
CBDDTY010000712.1	1	34207	128	20095	58.7453	1.13898	30.8	33.2
CBDDTY010000713.1	1	34200	94	16570	48.4503	0.981901	31.5	33
CBDDTY010000714.1	1	34198	125	21580	63.1031	1.05705	30.4	42.7
CBDDTY010000715.1	1	34194	135	24315	71.109	1.42624	30.3	50.7
CBDDTY010000716.1	1	34185	260	22967	67.1844	2.86289	30.3	25.7
CBDDTY010000717.1	1	34155	107	18852	55.1954	1.12727	29.9	38.9
CBDDTY010000718.1	1	34148	156	24305	71.1755	1.62071	30.8	35.4
CBDDTY010000719.1	1	34147	106	19945	58.4092	1.01631	30.2	47.3
CBDDTY010000720.1	1	34139	114	15065	44.1284	1.17473	29.1	16.3
CBDDTY010000721.1	1	34138	87	16370	47.9524	0.862441	30.5	39.2
CBDDTY010000722.1	1	34137	105	10709	31.3707	0.981545	30.6	10
CBDDTY010000723.1	1	34130	126	18044	52.8684	1.25409	30.6	29.5
CBDDTY010000724.1	1	34124	106	16083	47.1311	1.02087	30.3	20.9
CBDDTY010000725.1	1	34122	98	15924	46.6678	1.03265	30	8.41
CBDDTY010000726.1	1	34090	163	23477	68.8677	1.63145	30.9	34
CBDDTY010000727.1	1	34087	110	12033	35.3008	1.10623	30.6	22.2
CBDDTY010000728.1	1	34078	54	10896	31.9737	0.50942	31.2	9.26
CBDDTY010000729.1	1	34053	20	3550	10.4249	0.169765	31.4	13.3
CBDDTY010000730.1	1	34026	103	16108	47.3403	1.0728	29.8	12.6
CBDDTY010000731.1	1	34006	18	3429	10.0835	0.123243	32.7	11.1
CBDDTY010000732.1	1	34000	70	9436	27.7529	0.583882	30.4	8.5
CBDDTY010000733.1	1	34000	47	9476	27.8706	0.383676	30.2	17.7
CBDDTY010000734.1	1	34000	87	11451	33.6794	0.882206	31.4	21.1
CBDDTY010000735.1	1	34000	226	9962	29.3	2.34862	31.2	24.5
CBDDTY010000736.1	1	34000	131	17763	52.2441	1.47112	30.2	31.6
CBDDTY010000737.1	1	34000	54	10481	30.8265	0.548294	30.7	18.6
CBDDTY010000738.1	1	34000	118	20053	58.9794	1.22874	30.4	34.5
CBDDTY010000739.1	1	34000	145	12529	36.85	1.53285	29.6	16.7
CBDDTY010000740.1	1	34000	229	16980	49.9412	2.34959	31	22.4
CBDDTY010000741.1	1	34000	195	11249	33.0853	1.92726	30.7	14.6
CBDDTY010000742.1	1	33800	296	13603	40.2456	2.92456	30.2	37.1
CBDDTY010000743.1	1	34000	32	5185	15.25	0.269941	30.5	9.03
CBDDTY010000744.1	1	34000	55	8727	25.6676	0.452059	31.3	9.16
CBDDTY010000745.1	1	34000	54	6794	19.9824	0.560471	30.4	18.1
CBDDTY010000746.1	1	34000	91	10265	30.1912	0.830088	30.2	16.8
CBDDTY010000747.1	1	34000	211	14886	43.7824	2.41856	30.6	18.3
CBDDTY010000748.1	1	34000	52	9074	26.6882	0.408735	31.8	12.7
CBDDTY010000749.1	1	34000	51	8331	24.5029	0.513647	30.9	22.3
CBDDTY010000750.1	1	33800	111	15669	46.358	1.27331	29.7	17.7
CBDDTY010000751.1	1	34000	30	6927	20.3735	0.298824	29.3	17.6
CBDDTY010000752.1	1	34000	109	18876	55.5176	1.16494	30.5	26.3
CBDDTY010000753.1	1	34000	122	20189	59.3794	1.26476	30.5	37.5
CBDDTY010000754.1	1	33612	110	19207	57.1433	1.12198	29.7	30.5
CBDDTY010000755.1	1	33992	107	16976	49.9412	1.10623	30.5	34.4
CBDDTY010000756.1	1	33985	183	22864	67.2767	1.95007	28.9	42.1
CBDDTY010000757.1	1	33983	90	19385	57.0432	0.913574	29.9	46.8
CBDDTY010000758.1	1	33983	66	8666	25.501	0.580202	30.8	12
CBDDTY010000759.1	1	33929	53	10554	31.1061	0.456601	29.7	3.53
CBDDTY010000760.1	1	33925	91	11340	33.4267	0.85126	30	11.7
CBDDTY010000761.1	1	33923	113	22133	65.2448	1.24945	30.3	52
CBDDTY010000762.1	1	33914	95	19089	56.2865	1.09571	30.3	37.6
CBDDTY010000763.1	1	33898	120	20077	59.2277	1.19405	31	30.6
CBDDTY010000764.1	1	33890	49	9289	27.4093	0.542195	29.9	31.7
CBDDTY010000765.1	1	33888	93	18489	54.5591	0.908876	30.8	43.2
CBDDTY010000766.1	1	33673	160	17791	52.8346	1.5965	30.1	16.5
CBDDTY010000767.1	1	33858	92	20584	60.7951	1.0982	31.1	51.9
CBDDTY010000768.1	1	33839	30	7338	21.685	0.283696	30	21.7
CBDDTY010000769.1	1	33835	192	22761	67.2706	1.8355	30.8	34
CBDDTY010000770.1	1	33831	141	21303	62.9689	1.41858	30.5	38.8
CBDDTY010000771.1	1	33828	83	16325	48.2588	0.852105	30.6	46.9
CBDDTY010000772.1	1	33826	110	21491	63.534	1.2138	29.6	42.8
CBDDTY010000773.1	1	33818	129	15695	46.4102	1.20037	30.6	30.1
CBDDTY010000774.1	1	33817	192	24907	73.6523	2.01819	30.1	28.8
CBDDTY010000775.1	1	33801	120	18426	54.5132	1.14423	30.3	26.6
CBDDTY010000776.1	1	33789	127	10954	32.4188	1.24546	30.7	21
CBDDTY010000777.1	1	33769	119	22961	67.9943	1.32568	31	55.2
CBDDTY010000778.1	1	33768	71	11690	34.6186	0.699242	29.8	13.8
CBDDTY010000779.1	1	33766	153	17502	51.8332	1.76417	30.5	35.7
CBDDTY010000780.1	1	33762	55	9198	27.2436	0.674249	31	28.5
CBDDTY010000781.1	1	33751	53	10370	30.725	0.563094	31.7	30.1
CBDDTY010000782.1	1	33746	64	13369	39.6165	0.635127	29.8	30.2
CBDDTY010000783.1	1	33732	109	19245	57.0527	1.03326	30.2	35.7
CBDDTY010000784.1	1	33722	235	23007	68.2255	2.32181	30.4	10.1
CBDDTY010000785.1	1	33708	119	17419	51.6762	1.22971	31.1	36.5
CBDDTY010000786.1	1	33702	96	15056	44.6739	0.96297	29.9	24.1
CBDDTY010000787.1	1	33661	72	13349	39.6572	0.81388	30.3	26.9
CBDDTY010000788.1	1	33654	51	8776	26.0771	0.451833	30.7	25.6
CBDDTY010000789.1	1	33644	122	18140	53.9175	1.25443	29.6	44.3
CBDDTY010000790.1	1	33638	99	17968	53.4158	1.01683	30	19
CBDDTY010000791.1	1	33637	126	19624	58.3405	1.27381	30.2	25.2
CBDDTY010000792.1	1	33637	59	10357	30.7905	0.544757	29.6	20.8
CBDDTY010000793.1	1	33634	84	16113	47.9069	0.828239	29.2	20.8
CBDDTY010000794.1	1	33629	112	18963	56.3888	1.22614	30.7	28.3
CBDDTY010000795.1	1	33617	116	19283	57.3609	1.20853	30.7	38
CBDDTY010000796.1	1	33612	94	19094	56.8071	1.01511	30.4	43.1
CBDDTY010000797.1	1	33606	409	14435	42.9536	4.55335	30.1	25.5
CBDDTY010000798.1	1	33591	13	3089	9.19592	0.0961865	28.1	11.3
CBDDTY010000799.1	1	33579	77	11320	33.7115	0.792221	30.3	24.7
CBDDTY010000800.1	1	33572	114	23098	68.8014	1.3539	29.9	53.1
CBDDTY010000801.1	1	33566	79	15269	45.4895	0.851397	29.3	41.4
CBDDTY010000802.1	1	33558	56	13451	40.0828	0.597622	28.7	40.2
CBDDTY010000803.1	1	33558	130	11336	33.7803	1.2687	30.1	45.2
CBDDTY010000804.1	1	33534	67	12196	36.3691	0.708326	29.8	33.4
CBDDTY010000805.1	1	33515	171	16419	48.99	1.54071	30.8	13.3
CBDDTY010000806.1	1	33512	87	15268	45.5598	0.840744	31.9	30.8
CBDDTY010000807.1	1	33506	141	24590	73.3898	1.49528	30.8	38.7
CBDDTY010000808.1	1	33489	157	16106	48.0934	1.66293	30.1	17.4
CBDDTY010000809.1	1	33465	120	17381	51.9378	1.20819	30	26.9
CBDDTY010000810.1	1	33458	73	13129	39.2402	0.605804	29.6	1.34
CBDDTY010000811.1	1	33457	77	9762	29.1778	0.796276	30.7	9.96
CBDDTY010000812.1	1	33457	32	7768	23.2179	0.381684	29.2	37.7
CBDDTY010000813.1	1	33431	40	8056	24.0974	0.37899	31.4	12.2
CBDDTY010000814.1	1	33402	144	24019	71.9089	1.52796	30.8	34.9
CBDDTY010000815.1	1	33384	306	27882	83.5191	3.65226	30.1	30
CBDDTY010000816.1	1	33379	57	7323	21.9389	0.438929	31.1	4.46
CBDDTY010000817.1	1	33356	76	12398	37.1687	0.692229	30.8	11.9
CBDDTY010000818.1	1	33356	95	20258	60.7327	0.974188	29.8	50.2
CBDDTY010000819.1	1	33350	114	20650	61.919	1.30732	30.2	29.7
CBDDTY010000820.1	1	33349	196	18530	55.5639	2.03958	30.1	19.8
CBDDTY010000821.1	1	33284	90	18730	56.2733	0.984587	30.7	39.2
CBDDTY010000822.1	1	33274	176	18542	55.7252	1.91955	30.6	33.6
CBDDTY010000823.1	1	33274	243	21342	64.1402	2.63521	30.6	39.6
CBDDTY010000824.1	1	33255	135	20943	62.977	1.43572	30.5	38.5
CBDDTY010000825.1	1	33215	107	13085	39.3949	0.896854	30.6	26.6
CBDDTY010000826.1	1	33147	84	17699	53.3955	0.913507	30.3	21
CBDDTY010000827.1	1	33145	115	21079	63.5963	1.45256	29.6	38.1
CBDDTY010000828.1	1	33130	92	18287	55.1977	1.02318	29.9	37.5
CBDDTY010000829.1	1	33113	173	13600	41.0715	1.88418	29.7	19.6
CBDDTY010000830.1	1	33105	44	7086	21.4046	0.358919	29.7	17.5
CBDDTY010000831.1	1	33092	140	17962	54.279	1.39949	30.9	33.3
CBDDTY010000832.1	1	33090	105	17749	53.6386	1.00369	30.6	44.2
CBDDTY010000833.1	1	33069	102	19651	59.4242	1.13133	30.2	29.6
CBDDTY010000834.1	1	33053	53	7437	22.5002	0.499773	30.6	8.96
CBDDTY010000835.1	1	33051	52	11405	34.5073	0.565429	30.8	21
CBDDTY010000836.1	1	33016	113	18871	57.1571	1.23661	30.3	34.1
CBDDTY010000837.1	1	33006	98	15103	45.7583	0.884112	30.1	26.7
CBDDTY010000838.1	1	33000	69	11927	36.1424	0.795394	29.6	20.8
CBDDTY010000839.1	1	33000	34	6391	19.3667	0.294455	30.1	32.5
CBDDTY010000840.1	1	33000	58	5676	17.2	0.467394	30.6	17.2
CBDDTY010000841.1	1	33000	84	14025	42.5	0.895939	30.1	9.71
CBDDTY010000842.1	1	33000	109	18184	55.103	1.16803	30.8	34.7
CBDDTY010000843.1	1	33000	164	26076	79.0182	2.024	30.4	27.8
CBDDTY010000844.1	1	33000	144	13433	40.7061	1.44412	30.6	45
CBDDTY010000845.1	1	32800	234	23756	72.4268	2.67625	29.9	9.21
CBDDTY010000846.1	1	33000	134	13518	40.9636	1.54176	30.3	33.2
CBDDTY010000847.1	1	33000	123	15909	48.2091	1.32012	30.5	25.4
CBDDTY010000848.1	1	33000	26	4670	14.1515	0.262182	31.1	19.8
CBDDTY010000849.1	1	33000	76	7942	24.0667	0.706	30.6	6.91
CBDDTY010000850.1	1	33000	50	5711	17.3061	0.488788	31.1	16.5
CBDDTY010000851.1	1	33000	132	22566	68.3818	1.55739	31.4	48.7
CBDDTY010000852.1	1	33000	48	5083	15.403	0.403939	29.1	19.5
CBDDTY010000853.1	1	33000	27	3907	11.8394	0.228242	28.9	12.3
CBDDTY010000854.1	1	33000	163	16964	51.4061	1.84894	30.6	11.2
CBDDTY010000855.1	1	33000	53	5584	16.9212	0.547576	31.2	39.4
CBDDTY010000856.1	1	33000	69	12724	38.5576	0.705848	29.8	25.7
CBDDTY010000857.1	1	32600	150	18090	55.4908	1.70985	30.6	22.4
CBDDTY010000858.1	1	32995	130	21850	66.2222	1.32581	30.2	48.3
CBDDTY010000859.1	1	32982	62	9563	28.9946	0.694834	29.5	19.5
CBDDTY010000860.1	1	32981	34	6035	18.2984	0.309451	30.6	23.3
CBDDTY010000861.1	1	32973	24	5699	17.2838	0.252692	30.2	32.7
CBDDTY010000862.1	1	32972	86	15873	48.1408	0.991114	29.5	43.8
CBDDTY010000863.1	1	32968	123	21882	66.3735	1.38968	30.6	48.2
CBDDTY010000864.1	1	32945	162	24209	73.4831	1.76303	29.9	32.7
CBDDTY010000865.1	1	32929	119	24768	75.2164	1.33141	30.8	49.5
CBDDTY010000866.1	1	32909	30	4904	14.9017	0.249871	29.9	5.43
CBDDTY010000867.1	1	32895	64	11647	35.4066	0.544399	29.8	28.9
CBDDTY010000868.1	1	32880	114	18284	55.6083	1.30909	31.5	35.9
CBDDTY010000869.1	1	32860	215	19113	58.1649	2.19519	29.9	40.1
CBDDTY010000870.1	1	32845	82	13785	41.9699	0.749155	31.4	21.2
CBDDTY010000871.1	1	32844	85	16143	49.1505	0.895719	29.6	39.1
CBDDTY010000872.1	1	32844	118	19183	58.4064	1.36238	30.8	25.4
CBDDTY010000873.1	1	32842	129	11932	36.3315	1.21183	31.3	16.2
CBDDTY010000874.1	1	32811	105	12001	36.5761	1.22782	30.1	19.8
CBDDTY010000875.1	1	32802	137	21640	65.9716	1.45092	29.7	37.8
CBDDTY010000876.1	1	32800	15	3093	9.42988	0.126829	29.4	5.73
CBDDTY010000877.1	1	32799	116	20750	63.2641	1.26964	29.5	50.9
CBDDTY010000878.1	1	32787	77	11294	34.4466	0.721658	30.9	17.2
CBDDTY010000879.1	1	32758	82	16891	51.563	0.934367	29.9	43.9
CBDDTY010000880.1	1	32752	98	15649	47.7803	0.889411	30.6	37.2
CBDDTY010000881.1	1	32736	7	2058	6.28666	0.0845858	34.1	2.14
CBDDTY010000882.1	1	32721	41	7221	22.0684	0.350264	31.1	3.78
CBDDTY010000883.1	1	32713	190	22409	68.5018	2.00697	29.7	39.6
CBDDTY010000884.1	1	32695	158	24105	73.7269	1.86824	30.9	46.4
CBDDTY010000885.1	1	32654	107	17849	54.661	1.13943	30.1	35.5
CBDDTY010000886.1	1	32652	83	14400	44.1014	0.858937	30.9	29.8
CBDDTY010000887.1	1	32652	66	11474	35.1403	0.798389	31.5	24.1
CBDDTY010000888.1	1	32650	88	15298	46.8545	0.923982	31.5	31.4
CBDDTY010000889.1	1	32631	85	12017	36.8269	0.867243	29.8	29.7
CBDDTY010000890.1	1	32628	41	7124	21.834	0.445538	30.5	18.3
CBDDTY010000891.1	1	32627	117	19466	59.6622	1.4381	31	34.9
CBDDTY010000892.1	1	32626	136	20229	62.0027	1.4486	30.7	42.5
CBDDTY010000893.1	1	32599	67	11580	35.5226	0.717783	30.1	16
CBDDTY010000894.1	1	32560	46	9940	30.5283	0.462838	30.1	15.2
CBDDTY010000895.1	1	32545	96	19929	61.2352	1.11707	30	36.9
CBDDTY010000896.1	1	32521	51	11177	34.3686	0.49937	31.5	19.7
CBDDTY010000897.1	1	32477	119	10368	31.9241	1.05622	29.5	20.5
CBDDTY010000898.1	1	32385	157	24219	74.7846	1.7245	31	45.5
CBDDTY010000899.1	1	32338	51	6835	21.1361	0.430299	30.8	16
CBDDTY010000900.1	1	32332	196	20548	63.5531	2.02657	30	25
CBDDTY010000901.1	1	32328	88	16163	49.9969	1.06549	31.1	26.4
CBDDTY010000902.1	1	32322	101	12190	37.7143	0.896232	30.2	8.64
CBDDTY010000903.1	1	32321	77	12873	39.8286	0.817209	30	24
CBDDTY010000904.1	1	32315	140	21313	65.9539	1.45827	31.2	29.3
CBDDTY010000905.1	1	32285	100	12523	38.7889	1.10494	30.5	30.7
CBDDTY010000906.1	1	32274	126	22546	69.8581	1.37402	31.5	47.2
CBDDTY010000907.1	1	32264	34	4803	14.8866	0.354513	32.7	12.7
CBDDTY010000908.1	1	32248	38	7004	21.7192	0.338471	29.4	12.2
CBDDTY010000909.1	1	32245	212	20929	64.9062	2.10439	30.5	17
CBDDTY010000910.1	1	32244	73	10649	33.0263	0.684686	29.6	12.8
CBDDTY010000911.1	1	32240	70	12965	40.214	0.728381	31.2	11.1
CBDDTY010000912.1	1	32228	88	10980	34.0698	0.871571	30.1	16.6
CBDDTY010000913.1	1	32224	109	21014	65.2123	1.26021	29.6	44.9
CBDDTY010000914.1	1	32221	15	2873	8.91655	0.156451	31.7	16.1
CBDDTY010000915.1	1	32207	147	21006	65.2218	1.55929	30.1	27.9
CBDDTY010000916.1	1	32207	53	9113	28.2951	0.47291	30.2	21.6
CBDDTY010000917.1	1	32206	25	4535	14.0812	0.205552	28.6	9.12
CBDDTY010000918.1	1	32199	37	6965	21.6311	0.300102	30.2	13.6
CBDDTY010000919.1	1	32185	165	17940	55.7403	1.8755	29.6	16.2
CBDDTY010000920.1	1	32174	60	8647	26.8757	0.487785	30.1	15.8
CBDDTY010000921.1	1	32164	99	21077	65.5298	1.0698	30.5	47.1
CBDDTY010000922.1	1	32159	117	19790	61.538	1.36786	29.7	21
CBDDTY010000923.1	1	32157	98	17266	53.6928	1.09824	30.9	43.2
CBDDTY010000924.1	1	32156	181	18502	57.5383	1.72301	30.3	34.5
CBDDTY010000925.1	1	32151	77	9116	28.3537	0.754098	32.5	20.8
CBDDTY010000926.1	1	32149	86	12487	38.841	0.836822	30.5	9.83
CBDDTY010000927.1	1	32123	121	23315	72.5804	1.38001	29.8	49.1
CBDDTY010000928.1	1	32074	119	19557	60.9746	1.2237	29.3	31.6
CBDDTY010000929.1	1	32048	14	2691	8.39678	0.106403	32.1	26.2
CBDDTY010000930.1	1	32000	147	25021	78.1906	1.66606	30.5	38.1
CBDDTY010000931.1	1	31800	72	12529	39.3994	0.808522	29.5	17.2
CBDDTY010000933.1	1	32000	451	24252	75.7875	5.02016	29.5	18.7
CBDDTY010000934.1	1	32000	33	7801	24.3781	0.330156	30.1	22.8
CBDDTY010000935.1	1	32000	72	13621	42.5656	0.715219	30	42.4
CBDDTY010000936.1	1	32000	6	1335	4.17188	0.0417187	26.6	0.167
CBDDTY010000937.1	1	32000	85	13013	40.6656	0.761156	30	21.8
CBDDTY010000938.1	1	32000	50	8457	26.4281	0.56125	31.6	2.6
CBDDTY010000939.1	1	32000	97	9924	31.0125	0.996375	30.1	4.22
CBDDTY010000940.1	1	32000	129	17476	54.6125	1.38969	30.5	24.1
CBDDTY010000941.1	1	32000	55	11016	34.425	0.5575	29.3	15.7
CBDDTY010000942.1	1	32000	53	4645	14.5156	0.514188	30.1	20.5
CBDDTY010000943.1	1	32000	139	23084	72.1375	1.48369	30.4	38.3
CBDDTY010000944.1	1	32000	79	10591	33.0969	0.918875	29.1	26.6
CBDDTY010000945.1	1	32000	110	20048	62.65	1.23547	30.2	33
CBDDTY010000946.1	1	32000	42	8239	25.7469	0.382344	29.1	18.7
CBDDTY010000947.1	1	32000	99	19574	61.1688	1.17487	29.9	40.7
CBDDTY010000948.1	1	32000	106	17231	53.8469	1.27394	29.6	21.3
CBDDTY010000949.1	1	32000	44	5680	17.75	0.354906	30.9	9.75
CBDDTY010000950.1	1	32000	170	21192	66.225	1.68003	29.2	37.1
CBDDTY010000951.1	1	32000	151	21613	67.5406	1.71919	30.7	22.7
CBDDTY010000953.1	1	31999	123	21728	67.9021	1.43861	30.6	35.9
CBDDTY010000954.1	1	31996	72	12670	39.5987	0.63658	30.5	11.2
CBDDTY010000955.1	1	31979	36	8021	25.0821	0.46321	32.4	31.2
CBDDTY010000956.1	1	31977	100	16627	51.9967	1.1016	30.2	25.9
CBDDTY010000958.1	1	31917	105	16413	51.424	1.20782	30.2	36.3
CBDDTY010000959.1	1	31914	95	18227	57.1129	1.1338	31.5	45.4
CBDDTY010000960.1	1	31910	133	18338	57.4679	1.47161	29.8	22.6
CBDDTY010000961.1	1	31898	89	15151	47.4983	0.866449	31	13.4
CBDDTY010000962.1	1	31883	138	19631	61.572	1.70411	29.6	27.8
CBDDTY010000963.1	1	31877	85	13942	43.7369	0.867302	29.8	35.6
CBDDTY010000964.1	1	31877	20	4945	15.5128	0.206105	29.7	31.2
CBDDTY010000965.1	1	31863	223	26617	83.5358	2.44123	30.5	28.5
CBDDTY010000966.1	1	31845	82	6887	21.6266	0.763699	31.3	7.54
CBDDTY010000967.1	1	31840	138	22572	70.892	1.46501	29.6	48.6
CBDDTY010000968.1	1	31838	25	5270	16.5525	0.210911	30.4	1.52
CBDDTY010000969.1	1	31822	109	21246	66.7651	1.26007	30.9	52.2
CBDDTY010000970.1	1	31815	97	15197	47.7668	0.981267	30.1	32
CBDDTY010000971.1	1	31800	259	25559	80.3742	3.05368	30.1	29.1
CBDDTY010000972.1	1	31799	95	16386	51.5299	1.15397	30.1	14.1
CBDDTY010000973.1	1	31794	122	19070	59.9799	1.27521	30	32.3
CBDDTY010000974.1	1	31778	53	10586	33.3124	0.632073	30.5	33
CBDDTY010000975.1	1	31769	103	11104	34.9523	0.995625	31.4	11
CBDDTY010000976.1	1	31747	91	17899	56.3801	1.09147	30	25.5
CBDDTY010000977.1	1	31746	248	15589	49.1054	2.85819	30.7	17.7
CBDDTY010000978.1	1	31735	98	17177	54.1264	1.13367	29.7	37.2
CBDDTY010000979.1	1	31693	61	12470	39.3462	0.633799	30.5	23.7
CBDDTY010000980.1	1	31667	162	17038	53.8036	1.82685	30.3	10.8
CBDDTY010000981.1	1	31665	143	22433	70.8448	1.60963	30.2	39.1
CBDDTY010000982.1	1	31646	53	8065	25.4851	0.484485	30.1	32.5
CBDDTY010000983.1	1	31631	103	16346	51.6772	0.981569	30.1	18
CBDDTY010000984.1	1	31630	148	25164	79.5574	1.65887	30	43
CBDDTY010000985.1	1	31626	96	14376	45.4563	0.873964	30.9	32.3
CBDDTY010000986.1	1	31622	50	6696	21.1751	0.496964	30.9	17.9
CBDDTY010000987.1	1	31606	2	423	1.33835	0.0133835	29.1	0
CBDDTY010000988.1	1	31590	224	23287	73.7164	2.43128	30.1	33.9
CBDDTY010000989.1	1	31588	130	17080	54.0712	1.45777	30	26.5
CBDDTY010000990.1	1	31579	112	21421	67.8331	1.22173	30	52.9
CBDDTY010000991.1	1	31573	167	18933	59.9658	1.8016	30.1	25.9
CBDDTY010000992.1	1	31554	110	22039	69.8453	1.2085	28.8	52.8
CBDDTY010000993.1	1	31531	93	14365	45.5583	0.915163	29.4	36.5
CBDDTY010000994.1	1	31506	133	13499	42.8458	1.58916	31.1	3.99
CBDDTY010000995.1	1	31504	140	20250	64.2776	1.29907	30	29.9
CBDDTY010000996.1	1	31489	52	8168	25.9392	0.610372	32	17
CBDDTY010000997.1	1	31488	96	11271	35.7946	1.07854	30.2	39.6
CBDDTY010000998.1	1	31472	33	3456	10.9812	0.331215	31.5	4.3
CBDDTY010000999.1	1	31468	12	2660	8.45303	0.114751	30.8	3.75
CBDDTY010001000.1	1	31466	95	19155	60.8752	1.075	30.4	53.1
CBDDTY010001001.1	1	31458	57	11398	36.2324	0.591265	29.8	21
CBDDTY010001002.1	1	31438	19	2874	9.1418	0.121732	30	6.05
CBDDTY010001003.1	1	31438	125	21805	69.3587	1.46479	30.3	45.4
CBDDTY010001004.1	1	31429	67	10056	31.9959	0.849598	30.1	22.1
CBDDTY010001005.1	1	31426	36	5726	18.2206	0.362502	32.2	25.9
CBDDTY010001006.1	1	31423	84	15433	49.1137	1.05455	30.7	40.9
CBDDTY010001007.1	1	31421	77	16352	52.0416	0.832596	30.3	42.2
CBDDTY010001008.1	1	31411	81	11923	37.958	0.817771	30	31.4
CBDDTY010001009.1	1	31401	93	10022	31.9162	0.860387	30.3	10.5
CBDDTY010001010.1	1	31393	132	11441	36.4444	1.49642	29.8	7.4
CBDDTY010001011.1	1	31393	227	18344	58.4334	2.7919	30.6	32.5
CBDDTY010001012.1	1	31353	81	15340	48.9267	0.895991	29.4	32.6
CBDDTY010001013.1	1	31349	117	19968	63.6958	1.39191	30	42.5
CBDDTY010001014.1	1	31330	139	21665	69.151	1.60466	29.6	34
CBDDTY010001015.1	1	31314	81	15285	48.812	0.895797	30.7	39.7
CBDDTY010001016.1	1	31312	196	19109	61.0277	2.2576	31.2	29.9
CBDDTY010001017.1	1	31302	125	22370	71.4651	1.52326	30	42.4
CBDDTY010001018.1	1	31290	135	14946	47.7661	1.44823	28.8	17.9
CBDDTY010001019.1	1	31275	103	18836	60.227	1.10811	31	45.2
CBDDTY010001020.1	1	31270	49	10511	33.6137	0.559354	29.4	6.88
CBDDTY010001021.1	1	31266	133	20780	66.462	1.47102	31.3	50.9
CBDDTY010001022.1	1	31232	138	18340	58.7218	1.78794	30.2	47.1
CBDDTY010001023.1	1	31224	123	13311	42.6307	1.39514	29.7	19.5
CBDDTY010001024.1	1	31216	140	11496	36.8273	1.62878	31.4	20.2
CBDDTY010001025.1	1	31211	64	9818	31.4569	0.586268	29	17.7
CBDDTY010001026.1	1	31195	81	12377	39.6762	0.832954	31.3	21.1
CBDDTY010001027.1	1	31190	56	13390	42.9304	0.592337	30.5	24.3
CBDDTY010001028.1	1	31144	139	16531	53.0792	1.69265	30.5	9.71
CBDDTY010001029.1	1	31142	38	6820	21.8997	0.317706	30.1	17.8
CBDDTY010001030.1	1	31136	94	20285	65.1497	1.06462	30.1	50.5
CBDDTY010001031.1	1	31121	111	17652	56.7205	1.17895	30.7	34.3
CBDDTY010001032.1	1	31112	62	8529	27.4139	0.619761	30.9	23.5
CBDDTY010001033.1	1	31102	135	17943	57.6908	1.60398	30.7	26.2
CBDDTY010001034.1	1	31078	39	7486	24.0878	0.420909	29.4	17.3
CBDDTY010001035.1	1	31072	168	16738	53.8684	1.67765	30.6	34.7
CBDDTY010001036.1	1	31066	115	21980	70.7526	1.28546	29.9	46.7
CBDDTY010001037.1	1	31052	44	5791	18.6494	0.414627	31.1	16.3
CBDDTY010001038.1	1	31045	56	9019	29.0514	0.586471	29.4	31.9
CBDDTY010001039.1	1	31039	8	1862	5.9989	0.0633075	29.9	16.2
CBDDTY010001040.1	1	31027	90	12310	39.6751	1.03694	30	17.4
CBDDTY010001041.1	1	31024	107	18587	59.9117	1.16026	31.2	31.2
CBDDTY010001042.1	1	31007	101	15833	51.0627	1.15832	30.4	32
CBDDTY010001043.1	1	31005	138	17351	55.9619	1.40055	30.5	28.6
CBDDTY010001044.1	1	30800	246	22860	74.2208	2.9375	29.9	22.3
CBDDTY010001045.1	1	30800	323	21880	71.039	3.54406	30.3	27
CBDDTY010001046.1	1	31000	81	12920	41.6774	0.798871	29.9	20.7
CBDDTY010001047.1	1	31000	99	11245	36.2742	1.30745	30.8	13.3
CBDDTY010001048.1	1	31000	51	11738	37.8645	0.559258	30.7	28.6
CBDDTY010001049.1	1	31000	187	16981	54.7774	2.53374	30.3	25
CBDDTY010001050.1	1	31000	119	19263	62.1387	1.46648	29.6	28.7
CBDDTY010001051.1	1	30800	82	15932	51.7273	0.889448	30.1	50.2
CBDDTY010001052.1	1	31000	68	11157	35.9903	0.789677	30.4	32.8
CBDDTY010001053.1	1	30800	151	19097	62.0032	1.89188	30.2	30.1
CBDDTY010001054.1	1	31000	68	14429	46.5452	0.803097	31	37.1
CBDDTY010001055.1	1	31000	81	13220	42.6452	0.889387	30.5	19.9
CBDDTY010001056.1	1	31000	80	12163	39.2355	0.829032	30.1	13.7
CBDDTY010001057.1	1	31000	89	6184	19.9484	1.31971	30	27.2
CBDDTY010001058.1	1	30400	281	11841	38.9507	3.62467	31	37.5
CBDDTY010001059.1	1	31000	120	16206	52.2774	1.28113	30.1	27.9
CBDDTY010001060.1	1	31000	71	11807	38.0871	0.807355	31.1	34.4
CBDDTY010001061.1	1	30600	76	12480	40.7843	0.831993	30.5	26.7
CBDDTY010001062.1	1	31000	51	11956	38.5677	0.63229	31.2	36.5
CBDDTY010001063.1	1	30727	82	10622	34.5689	0.85407	30.7	8.54
CBDDTY010001064.1	1	30954	101	8998	29.0689	1.16957	30.5	5.76
CBDDTY010001065.1	1	30937	130	21267	68.7429	1.41245	29.8	47.6
CBDDTY010001066.1	1	30921	196	23286	75.308	2.18285	31.3	32.8
CBDDTY010001067.1	1	30906	115	20227	65.4468	1.31661	30	49.1
CBDDTY010001068.1	1	30905	90	12596	40.7572	0.920628	30.2	18.5
CBDDTY010001069.1	1	30888	68	14237	46.0923	0.786778	30.1	40.5
CBDDTY010001070.1	1	30873	286	19841	64.2665	3.385	29.8	11.3
CBDDTY010001071.1	1	30868	125	14457	46.8349	1.36319	30.9	10.4
CBDDTY010001072.1	1	30865	91	9608	31.1291	1.04196	30.8	13.1
CBDDTY010001073.1	1	30863	59	11694	37.89	0.809578	30.5	15.6
CBDDTY010001074.1	1	30860	37	5887	19.0765	0.385774	28.7	5.59
CBDDTY010001075.1	1	30852	182	23718	76.8767	2.14372	30.5	37.1
CBDDTY010001076.1	1	30848	117	16808	54.4865	1.34903	30.5	40.9
CBDDTY010001077.1	1	30839	131	17173	55.686	1.58235	30.3	41.7
CBDDTY010001078.1	1	30834	129	21132	68.5347	1.30123	30.6	33.2
CBDDTY010001079.1	1	30819	246	25035	81.2324	3.28103	30	41.3
CBDDTY010001080.1	1	30815	107	18218	59.1206	1.2343	30	47.6
CBDDTY010001081.1	1	30792	70	12428	40.3611	0.861652	31.4	43.9
CBDDTY010001082.1	1	30792	68	6923	22.4831	0.747857	31.1	17
CBDDTY010001083.1	1	30759	244	12624	41.0416	3.14451	30.2	23.9
CBDDTY010001084.1	1	30754	63	5075	16.5019	0.692268	31.6	5.73
CBDDTY010001085.1	1	30751	42	9197	29.908	0.415856	29.9	15.8
CBDDTY010001086.1	1	30705	3	715	2.32861	0.0232861	30.2	3.33
CBDDTY010001087.1	1	30698	63	13069	42.5728	0.665744	30.9	51.7
CBDDTY010001088.1	1	30694	182	14764	48.1006	2.11168	30	15.1
CBDDTY010001089.1	1	30667	49	9174	29.9149	0.497342	30.8	27.9
CBDDTY010001090.1	1	30665	63	11035	35.9857	0.637372	30.6	34.8
CBDDTY010001091.1	1	30654	104	17775	57.9859	1.18728	30.3	47.2
CBDDTY010001092.1	1	30651	106	19848	64.7548	1.26355	29.1	42.4
CBDDTY010001093.1	1	30631	151	17059	55.6919	1.50406	30.1	22.3
CBDDTY010001094.1	1	30630	69	12836	41.9066	0.806791	29.6	34.5
CBDDTY010001095.1	1	30608	82	13286	43.407	0.902444	30.7	25.3
CBDDTY010001096.1	1	30608	73	13352	43.6226	0.901627	29.9	21.9
CBDDTY010001097.1	1	30400	107	16406	53.9671	1.08132	30.5	32.7
CBDDTY010001098.1	1	30599	115	18829	61.5347	1.09157	30.4	43.1
CBDDTY010001099.1	1	30591	219	25824	84.417	2.65304	30.7	47.4
CBDDTY010001100.1	1	30568	117	22389	73.2433	1.51655	30.3	51.7
CBDDTY010001101.1	1	30565	86	15285	50.0082	1.02382	29.7	35.7
CBDDTY010001102.1	1	30549	76	10969	35.9062	1.01028	30.4	10.4
CBDDTY010001103.1	1	30539	37	4136	13.5433	0.32971	31.1	11.2
CBDDTY010001104.1	1	30535	99	14789	48.4329	1.15703	32.4	31.6
CBDDTY010001105.1	1	30531	73	13896	45.5144	0.868232	30.1	31.8
CBDDTY010001106.1	1	30523	125	21122	69.2003	1.43977	29.8	44
CBDDTY010001107.1	1	30519	88	12890	42.236	1.04967	30.5	18
CBDDTY010001108.1	1	30513	16	2423	7.94088	0.101793	30.1	13.3
CBDDTY010001109.1	1	30489	85	17003	55.7677	0.916527	29.8	41.2
CBDDTY010001110.1	1	30474	131	20521	67.3394	1.59149	30.7	40.7
CBDDTY010001111.1	1	30470	129	20194	66.275	1.4743	31.2	48
CBDDTY010001112.1	1	30466	67	8305	27.2599	0.69228	30.5	16.8
CBDDTY010001113.1	1	30460	122	20240	66.4478	1.33572	29.3	40.9
CBDDTY010001114.1	1	30440	33	5897	19.3725	0.362418	30.2	20
CBDDTY010001115.1	1	30432	89	17507	57.5283	1.04232	30.7	40.1
CBDDTY010001116.1	1	30415	96	16718	54.9663	1.10432	31.2	17.6
CBDDTY010001117.1	1	30410	72	9869	32.4531	0.590464	30.1	14.9
CBDDTY010001118.1	1	30405	44	5671	18.6515	0.519125	31	21.5
CBDDTY010001119.1	1	30396	131	17592	57.876	1.43009	30.6	21.4
CBDDTY010001120.1	1	30386	57	15130	49.7927	0.849174	30.5	21.6
CBDDTY010001121.1	1	30370	182	23535	77.4942	2.15604	30.5	47.2
CBDDTY010001122.1	1	30365	154	8530	28.0916	1.75752	29.7	10.5
CBDDTY010001123.1	1	30347	137	21913	72.2081	1.59169	30.9	38.8
CBDDTY010001124.1	1	30341	212	12524	41.2775	2.40358	31.4	43.4
CBDDTY010001125.1	1	30326	465	23323	76.9076	5.79298	31	17.6
CBDDTY010001126.1	1	30320	92	16361	53.9611	1.01616	29.3	29.5
CBDDTY010001127.1	1	30312	155	21013	69.3224	1.81753	30.3	35
CBDDTY010001128.1	1	30295	108	17972	59.3233	1.41508	30.4	32.5
CBDDTY010001129.1	1	30290	104	15142	49.9901	1.107	30.3	20.9
CBDDTY010001130.1	1	30268	108	14881	49.1641	1.23226	31	11.2
CBDDTY010001131.1	1	30261	107	15957	52.7312	1.21546	30.2	23.1
CBDDTY010001132.1	1	30260	84	12030	39.7555	0.873827	30.1	17.8
CBDDTY010001133.1	1	30259	133	19250	63.6174	1.45692	31.1	33.4
CBDDTY010001134.1	1	30212	265	19735	65.3217	3.12154	31	27.9
CBDDTY010001135.1	1	30206	210	19146	63.3848	2.39085	30.5	21.7
CBDDTY010001136.1	1	30205	124	20558	68.0616	1.59099	30.9	39
CBDDTY010001137.1	1	30200	14	2183	7.22848	0.0961589	30.4	6.07
CBDDTY010001138.1	1	30189	119	18537	61.4032	1.41989	30.2	36.5
CBDDTY010001139.1	1	30186	138	22647	75.0248	1.79199	30	40.5
CBDDTY010001140.1	1	30174	111	12682	42.0296	1.20561	30.3	30.2
CBDDTY010001141.1	1	30172	161	13721	45.4759	1.7209	30.1	28.9
CBDDTY010001142.1	1	30165	69	11724	38.8662	0.877739	29.8	6.57
CBDDTY010001143.1	1	30145	63	11368	37.7111	0.730668	29.5	23.9
CBDDTY010001144.1	1	30139	100	19313	64.0798	1.31514	30.3	45.6
CBDDTY010001145.1	1	30127	118	15002	49.7959	1.43579	30.4	13.1
CBDDTY010001146.1	1	30106	175	19787	65.7244	2.02129	30.5	19
CBDDTY010001147.1	1	30089	82	8895	29.5623	1.15002	31.3	26.9
CBDDTY010001148.1	1	30076	142	19117	63.5623	1.77371	29.9	37.7
CBDDTY010001149.1	1	30071	49	6262	20.824	0.442852	30	2.96
CBDDTY010001150.1	1	30043	105	15238	50.7206	1.18374	30.3	32.1
CBDDTY010001151.1	1	30030	72	13778	45.8808	0.829471	31.2	30
CBDDTY010001152.1	1	30013	122	19357	64.4954	1.40826	31.4	43.8
CBDDTY010001153.1	1	30000	41	5388	17.96	0.516233	30.2	5.07
CBDDTY010001154.1	1	30000	87	9595	31.9833	0.826933	30.7	21.1
CBDDTY010001155.1	1	30000	45	6565	21.8833	0.452667	31	15.5
CBDDTY010001156.1	1	30000	34	6298	20.9933	0.2773	29.8	15.2
CBDDTY010001157.1	1	29800	48	7555	25.3523	0.612987	29.5	8.85
CBDDTY010001158.1	1	30000	206	25397	84.6567	2.7584	29.8	34.9
CBDDTY010001159.1	1	30000	121	13887	46.29	1.2771	30.6	24.2
CBDDTY010001160.1	1	30000	162	4473	14.91	2.40037	31	14.9
CBDDTY010001161.1	1	29800	48	4940	16.5772	0.598557	31.3	6.75
CBDDTY010001162.1	1	30000	80	9401	31.3367	1.02903	29.5	7.83
CBDDTY010001163.1	1	30000	72	10997	36.6567	0.821933	32.1	14.8
CBDDTY010001164.1	1	30000	85	12772	42.5733	0.870267	30.3	21.7
CBDDTY010001165.1	1	30000	103	7570	25.2333	1.2949	31	6.56
CBDDTY010001166.1	1	29800	207	7808	26.2013	2.59027	30.5	10.5
CBDDTY010001167.1	1	30000	169	15482	51.6067	2.0404	30.9	15.5
CBDDTY010001168.1	1	30000	77	10558	35.1933	0.8394	31.8	16.1
CBDDTY010001169.1	1	29800	53	8953	30.0436	0.638893	30.9	20.3
CBDDTY010001170.1	1	29800	133	15277	51.2651	1.87906	30.7	13.5
CBDDTY010001171.1	1	30000	112	16625	55.4167	1.2474	31.2	46.8
CBDDTY010001172.1	1	30000	189	19335	64.45	2.40353	31.1	29
CBDDTY010001173.1	1	30000	120	12122	40.4067	1.44573	31.8	32.1
CBDDTY010001174.1	1	29996	89	13569	45.236	0.918489	30.1	11.5
CBDDTY010001175.1	1	29990	63	10020	33.4111	0.633111	31.6	24.7
CBDDTY010001176.1	1	29990	141	15902	53.0243	1.705	30.1	28.2
CBDDTY010001177.1	1	29989	149	22167	73.9171	1.91253	28.9	42.2
CBDDTY010001178.1	1	29984	42	7840	26.1473	0.409051	30.3	10.3
CBDDTY010001179.1	1	29983	43	7219	24.077	0.431511	32.1	32
CBDDTY010001180.1	1	29981	128	19692	65.6816	1.39228	30.9	38
CBDDTY010001181.1	1	29979	87	12849	42.86	0.846726	29.9	32.8
CBDDTY010001182.1	1	29971	122	14514	48.4268	1.54423	30.1	34.4
CBDDTY010001183.1	1	29963	119	15123	50.4722	1.33154	30.4	23.8
CBDDTY010001184.1	1	29951	111	20532	68.552	1.45928	31.5	52.4
CBDDTY010001185.1	1	29923	48	8762	29.2818	0.4674	30.6	11.7
CBDDTY010001186.1	1	29895	152	21843	73.0657	1.93367	29.3	45.7
CBDDTY010001187.1	1	29894	61	12607	42.1723	0.672175	29.9	28.9
CBDDTY010001188.1	1	29873	57	12236	40.9601	0.630168	30.5	33
CBDDTY010001189.1	1	29872	65	12322	41.2493	0.721411	31.4	31.2
CBDDTY010001190.1	1	29872	34	4471	14.9672	0.370481	29.4	18.6
CBDDTY010001191.1	1	29854	85	14505	48.5865	0.970523	30.1	24
CBDDTY010001192.1	1	29843	109	18281	61.2572	1.29411	29.8	43.1
CBDDTY010001193.1	1	29840	109	23861	79.9631	1.48187	30.4	52.7
CBDDTY010001194.1	1	29838	53	6598	22.1127	0.661941	30.5	5.89
CBDDTY010001195.1	1	29803	106	16001	53.6892	1.10271	29.8	27.9
CBDDTY010001196.1	1	29797	119	15747	52.8476	1.21428	29.4	30.5
CBDDTY010001197.1	1	29795	99	16272	54.6132	1.12324	30	28.7
CBDDTY010001198.1	1	29792	132	21996	73.8319	1.72516	30.7	49.9
CBDDTY010001199.1	1	29787	71	12967	43.5324	0.747172	29.6	28.7
CBDDTY010001200.1	1	29770	54	12137	40.7692	0.695667	31.7	38
CBDDTY010001201.1	1	29747	89	9113	30.635	1.10724	30.2	7.42
CBDDTY010001202.1	1	29735	103	15268	51.3469	1.19442	31.8	24.9
CBDDTY010001203.1	1	29729	60	9598	32.285	0.611053	29.4	24.1
CBDDTY010001204.1	1	29728	20	5292	17.8014	0.269073	29.5	15.1
CBDDTY010001205.1	1	29726	105	16828	56.6104	1.24174	30.4	23.2
CBDDTY010001206.1	1	29724	66	12363	41.5927	0.694456	29.8	31.7
CBDDTY010001207.1	1	29699	152	20442	68.8306	1.76545	30.6	42.9
CBDDTY010001208.1	1	29686	111	14252	48.0092	1.26575	29.3	22.1
CBDDTY010001209.1	1	29684	44	7396	24.9158	0.402709	29.5	16
CBDDTY010001210.1	1	29665	29	5966	20.1112	0.331704	30.5	20.7
CBDDTY010001211.1	1	29664	125	18715	63.0899	1.36745	29.7	36.4
CBDDTY010001212.1	1	29660	100	21119	71.2036	1.27539	30.6	52
CBDDTY010001213.1	1	29651	75	16996	57.3202	0.840612	29.9	41.4
CBDDTY010001214.1	1	29634	100	18853	63.6195	1.21006	30.4	45.6
CBDDTY010001215.1	1	29632	30	3547	11.9702	0.311218	29.5	0.8
CBDDTY010001216.1	1	29631	88	16009	54.0279	0.911849	30.9	45.2
CBDDTY010001217.1	1	29627	176	16083	54.2849	2.10676	30.5	35.2
CBDDTY010001218.1	1	29601	38	8127	27.4552	0.420155	30.5	16.5
CBDDTY010001219.1	1	29587	143	17826	60.2494	1.4942	30.9	44.1
CBDDTY010001220.1	1	29578	73	15869	53.6514	0.854182	30.4	11.4
CBDDTY010001221.1	1	29576	116	19848	67.1085	1.47413	30.9	35.6
CBDDTY010001222.1	1	29518	101	16881	57.1888	1.1471	29.1	23.3
CBDDTY010001223.1	1	29488	150	21887	74.2234	2.01611	30.3	30.5
CBDDTY010001224.1	1	29485	16	2645	8.97066	0.161201	30.2	14.2
CBDDTY010001225.1	1	29467	76	14020	47.5786	0.92646	30.9	31.9
CBDDTY010001226.1	1	29452	64	14838	50.3803	0.863303	28.9	20.3
CBDDTY010001227.1	1	29448	57	8573	29.1123	0.573146	31.5	13.5
CBDDTY010001228.1	1	29447	81	13195	44.8093	0.992054	30.1	29.6
CBDDTY010001229.1	1	29446	45	9946	33.7771	0.572811	32.2	36.3
CBDDTY010001230.1	1	29418	107	16346	55.5646	1.30553	30.3	14.5
CBDDTY010001231.1	1	29409	47	9556	32.4935	0.636744	31.2	17.2
CBDDTY010001232.1	1	29384	53	10160	34.5766	0.572863	30.2	21.6
CBDDTY010001233.1	1	29384	90	17397	59.2057	1.00684	29.1	42
CBDDTY010001234.1	1	29374	86	14575	49.6187	1.10394	30.4	27.2
CBDDTY010001235.1	1	29357	61	12242	41.7004	0.789863	29.4	32.1
CBDDTY010001236.1	1	29356	116	18305	62.3552	1.5434	30.7	37.6
CBDDTY010001237.1	1	29350	86	12171	41.4685	0.896354	30.1	21.7
CBDDTY010001238.1	1	29339	75	13901	47.3806	1.0165	31.2	12
CBDDTY010001239.1	1	29335	157	23686	80.7431	2.20143	30.1	41.3
CBDDTY010001240.1	1	29335	164	23458	79.9659	2.08413	30.8	53.9
CBDDTY010001241.1	1	29273	382	24870	84.9588	4.90346	30.9	26.5
CBDDTY010001242.1	1	29269	130	20977	71.6697	1.56866	30.4	50.5
CBDDTY010001243.1	1	29258	102	13781	47.1016	1.34145	30.1	8.7
CBDDTY010001244.1	1	29253	57	9539	32.6086	0.554029	30.6	16.9
CBDDTY010001245.1	1	29243	61	14091	48.1859	0.757275	31.1	42.5
CBDDTY010001246.1	1	29241	103	18496	63.2537	1.28405	31.2	47.3
CBDDTY010001247.1	1	29229	127	21351	73.0473	1.93281	29.8	27.3
CBDDTY010001248.1	1	29218	38	8160	27.928	0.452735	29.5	31.9
CBDDTY010001249.1	1	29200	117	12007	41.1199	1.38555	30.8	24
CBDDTY010001250.1	1	29183	108	20337	69.6878	1.29781	29.2	51.2
CBDDTY010001251.1	1	29182	114	8617	29.5285	1.37249	30	12.3
CBDDTY010001252.1	1	29177	123	19063	65.3357	1.47188	31.5	36.2
CBDDTY010001253.1	1	29173	101	18089	62.006	1.07277	31.4	35
CBDDTY010001254.1	1	29171	54	12526	42.9399	0.705221	30.7	33.3
CBDDTY010001255.1	1	29169	18	2905	9.9592	0.173883	32.4	14.6
CBDDTY010001256.1	1	29144	162	17698	60.726	1.9041	30.4	26.2
CBDDTY010001257.1	1	29144	168	23309	79.9787	2.13348	29.8	45.7
CBDDTY010001258.1	1	29139	129	19080	65.4793	1.57994	30	30
CBDDTY010001259.1	1	29134	42	9041	31.0325	0.418068	31.1	7.86
CBDDTY010001260.1	1	29133	87	13792	47.3415	1.14073	31.1	33.8
CBDDTY010001261.1	1	29122	74	13446	46.1713	0.821132	30.1	31.6
CBDDTY010001262.1	1	29112	175	16223	55.7262	1.91577	31.1	32.9
CBDDTY010001263.1	1	29095	84	11777	40.4777	0.81966	30.7	30.8
CBDDTY010001264.1	1	29087	51	9654	33.1901	0.560869	30.3	16.1
CBDDTY010001265.1	1	29061	49	5959	20.5051	0.4526	31	5.29
CBDDTY010001266.1	1	29055	136	22189	76.369	1.57876	30.3	48.1
CBDDTY010001267.1	1	29055	86	12290	42.2991	1.05479	30.7	16.9
CBDDTY010001268.1	1	29041	103	18682	64.3297	1.34176	30.6	45.9
CBDDTY010001269.1	1	29040	64	13794	47.5	0.772383	30.6	21.9
CBDDTY010001270.1	1	29028	94	15275	52.6216	1.06638	29.3	30
CBDDTY010001271.1	1	29011	56	11033	38.0304	0.588742	30.6	30.8
CBDDTY010001272.1	1	29000	124	18793	64.8034	1.41879	30.1	40.2
CBDDTY010001273.1	1	29000	77	9599	33.1	0.869103	29.8	19.9
CBDDTY010001274.1	1	29000	224	20683	71.3207	2.81359	30.3	29.2
CBDDTY010001275.1	1	28800	27	4645	16.1285	0.280833	30.9	14
CBDDTY010001276.1	1	29000	102	18272	63.0069	1.13969	29.4	40.1
CBDDTY010001277.1	1	28800	60	7543	26.191	0.790035	31.3	34.3
CBDDTY010001278.1	1	29000	142	15144	52.2207	1.78455	30.2	16.9
CBDDTY010001279.1	1	29000	15	2657	9.16207	0.160276	30.3	13.5
CBDDTY010001280.1	1	29000	84	12957	44.6793	1.093	30.6	26.1
CBDDTY010001281.1	1	29000	136	21187	73.0586	1.62538	30.4	41.4
CBDDTY010001282.1	1	29000	204	22595	77.9138	2.32276	29.6	33.3
CBDDTY010001283.1	1	29000	86	9956	34.331	0.941862	29.6	29.3
CBDDTY010001284.1	1	29000	175	20218	69.7172	2.30879	30.5	28.8
CBDDTY010001285.1	1	29000	19	3311	11.4172	0.260655	31.8	3.47
CBDDTY010001286.1	1	29000	165	13907	47.9552	2.02093	31.1	24.5
CBDDTY010001287.1	1	29000	21	3328	11.4759	0.244241	28.3	8.29
CBDDTY010001288.1	1	29000	65	9086	31.331	0.622034	30.7	22.9
CBDDTY010001289.1	1	28800	77	12144	42.1667	0.850833	29.4	19
CBDDTY010001290.1	1	29000	15	3789	13.0655	0.173103	30.4	33.4
CBDDTY010001291.1	1	29000	56	8033	27.7	0.679793	31	47
CBDDTY010001292.1	1	29000	44	3940	13.5862	0.413276	31.3	14.4
CBDDTY010001293.1	1	29000	20	4816	16.6069	0.273069	30.9	56.2
CBDDTY010001294.1	1	29000	152	16083	55.4586	1.97824	29.9	21.4
CBDDTY010001295.1	1	28996	129	22908	79.004	1.70427	29.8	48.1
CBDDTY010001296.1	1	28995	30	7011	24.18	0.337679	30.3	0.133
CBDDTY010001297.1	1	28980	127	19445	67.098	1.64023	29.7	32.4
CBDDTY010001298.1	1	28957	68	11383	39.31	0.779881	29.7	23.7
CBDDTY010001299.1	1	28951	115	16910	58.409	1.29225	30.2	42.8
CBDDTY010001300.1	1	28947	57	12103	41.8109	0.648565	31.3	35.4
CBDDTY010001301.1	1	28940	119	16740	57.8438	1.69924	30.8	23
CBDDTY010001302.1	1	28923	106	19248	66.5491	1.43533	30.3	54.2
CBDDTY010001303.1	1	28920	137	21274	73.5615	1.57652	30.9	44.7
CBDDTY010001304.1	1	28915	95	14793	51.1603	1.01103	29.9	30
CBDDTY010001305.1	1	28915	140	12148	42.0128	1.58091	29.7	7.75
CBDDTY010001306.1	1	28912	45	7308	25.2767	0.469009	31.3	32.5
CBDDTY010001307.1	1	28905	119	17194	59.4845	1.50701	29.8	40.2
CBDDTY010001308.1	1	28900	72	14467	50.0588	0.877855	29.5	53
CBDDTY010001309.1	1	28880	79	14204	49.1828	0.981475	30	22
CBDDTY010001310.1	1	28870	156	16224	56.1967	1.76793	29.8	43.8
CBDDTY010001311.1	1	28868	79	12776	44.2566	0.787308	31	15.6
CBDDTY010001312.1	1	28867	123	13920	48.2212	1.4739	29.7	9.67
CBDDTY010001313.1	1	28861	62	10803	37.4311	0.611136	31.4	39
CBDDTY010001314.1	1	28849	73	11100	38.4762	0.804777	30.5	17.7
CBDDTY010001315.1	1	28845	81	15760	54.6369	1.05082	30.9	45.7
CBDDTY010001316.1	1	28845	74	16244	56.3148	0.899289	30.6	51.5
CBDDTY010001317.1	1	28844	42	7869	27.2812	0.55769	31.1	37.1
CBDDTY010001318.1	1	28828	85	15322	53.1497	1.13071	30.3	38.4
CBDDTY010001319.1	1	28812	70	7860	27.2803	0.663682	29.4	18
CBDDTY010001320.1	1	28802	5	1201	4.16985	0.0545448	32.7	2.2
CBDDTY010001321.1	1	28802	102	19497	67.6932	1.24866	30.5	45
CBDDTY010001322.1	1	28799	50	6679	23.1918	0.600368	32.9	8.28
CBDDTY010001323.1	1	28796	104	13186	45.7911	1.28056	29.9	15.9
CBDDTY010001324.1	1	28796	93	16622	57.7233	1.09175	30	42.4
CBDDTY010001326.1	1	28783	90	14298	49.6752	1.09106	30.7	32.5
CBDDTY010001327.1	1	28777	113	15556	54.0571	1.35858	30.8	36.3
CBDDTY010001328.1	1	28750	132	17929	62.3617	1.63757	30.7	38.2
CBDDTY010001329.1	1	28741	73	11847	41.2199	0.930378	30.1	14
CBDDTY010001330.1	1	28735	125	20674	71.9471	1.43438	30.5	43.1
CBDDTY010001331.1	1	28699	92	9276	32.3217	0.940416	30	8.84
CBDDTY010001332.1	1	28679	152	16544	57.6868	1.82475	30.3	21.7
CBDDTY010001333.1	1	28671	22	3075	10.7251	0.198354	28.3	10.7
CBDDTY010001334.1	1	28623	36	4827	16.8641	0.457045	32.6	26.1
CBDDTY010001335.1	1	28612	19	4815	16.8286	0.204355	30.9	0.789
CBDDTY010001336.1	1	28607	82	14373	50.2429	0.967176	29.5	42.3
CBDDTY010001337.1	1	28589	15	3205	11.2106	0.177726	32.6	32.1
CBDDTY010001338.1	1	28570	96	18064	63.2272	1.12657	30.9	45.3
CBDDTY010001339.1	1	28555	72	12511	43.8137	0.816635	30.4	38.5
CBDDTY010001340.1	1	28543	60	11769	41.2325	0.702169	31.2	22.5
CBDDTY010001341.1	1	28534	120	19255	67.4809	1.51493	30.1	44.3
CBDDTY010001342.1	1	28517	162	16535	57.983	1.83087	30.1	30.6
CBDDTY010001343.1	1	28505	107	15479	54.3028	1.27764	30.4	33.6
CBDDTY010001344.1	1	28499	58	11726	41.1453	0.693428	30.5	12.3
CBDDTY010001345.1	1	28498	131	15844	55.5969	1.95828	30.7	18.9
CBDDTY010001346.1	1	28492	80	12756	44.7705	0.863119	30.4	22.6
CBDDTY010001347.1	1	28481	10	1940	6.81156	0.0953267	30.9	16.9
CBDDTY010001348.1	1	28480	209	16945	59.4979	2.37103	30.2	40.1
CBDDTY010001349.1	1	28473	78	13545	47.5714	0.945879	30.6	27.2
CBDDTY010001350.1	1	28461	366	21403	75.2012	4.7609	30.5	41.3
CBDDTY010001351.1	1	28445	54	7878	27.6956	0.626824	30.3	25.1
CBDDTY010001352.1	1	28444	99	18110	63.669	1.33677	30.2	46.1
CBDDTY010001353.1	1	28443	277	17525	61.6145	3.91355	31.2	24.6
CBDDTY010001354.1	1	28420	91	17828	62.7305	1.15218	30.4	13.8
CBDDTY010001355.1	1	28419	62	11789	41.4828	0.770928	30.2	22.5
CBDDTY010001356.1	1	28417	165	23356	82.1902	2.27923	31.2	42.1
CBDDTY010001357.1	1	28392	25	4954	17.4486	0.249859	29.1	12.7
CBDDTY010001358.1	1	28385	155	18061	63.6287	2.10911	30.6	36.3
CBDDTY010001359.1	1	28371	120	17794	62.719	1.57058	31.2	40.5
CBDDTY010001360.1	1	28338	50	11617	40.9944	0.616593	30.5	17.3
CBDDTY010001361.1	1	28331	133	20651	72.8919	1.67329	29.9	32.3
CBDDTY010001362.1	1	28311	96	14291	50.4786	1.04426	30.7	23.1
CBDDTY010001363.1	1	28310	79	11249	39.7351	0.850618	31.2	14.2
CBDDTY010001364.1	1	28310	105	20935	73.9491	1.45486	29.9	51.8
CBDDTY010001365.1	1	28295	33	9385	33.1684	0.44803	30.2	29.8
CBDDTY010001366.1	1	28295	115	15318	54.1368	1.28599	30.6	33.8
CBDDTY010001367.1	1	28291	131	17192	60.7684	1.76067	29.7	15.3
CBDDTY010001368.1	1	28289	158	16720	59.1042	2.06731	30.7	10.6
CBDDTY010001369.1	1	28287	96	19932	70.4635	1.39308	32	45.8
CBDDTY010001370.1	1	28278	63	15339	54.2436	0.83199	30.8	47.3
CBDDTY010001371.1	1	28239	49	9425	33.3758	0.504019	29.9	36.2
CBDDTY010001372.1	1	28236	107	13503	47.8219	1.56169	30	16.9
CBDDTY010001373.1	1	28224	101	16459	58.3156	1.14456	30.7	23.8
CBDDTY010001374.1	1	28218	91	12425	44.0322	1.05986	30.5	13
CBDDTY010001375.1	1	28212	73	15672	55.5508	0.878491	30.3	50
CBDDTY010001376.1	1	28210	170	19168	67.9475	2.07586	30.3	42.5
CBDDTY010001377.1	1	28207	90	17471	61.9385	1.02056	30.7	44.5
CBDDTY010001378.1	1	28204	184	20127	71.3622	2.54865	30.1	33.6
CBDDTY010001379.1	1	28203	93	17323	61.4225	1.167	30.1	43.8
CBDDTY010001380.1	1	28193	115	19154	67.9389	1.46473	30	35.3
CBDDTY010001381.1	1	28176	107	20198	71.6851	1.33766	29.9	45.5
CBDDTY010001382.1	1	28176	94	18621	66.0882	1.21387	30.4	53.1
CBDDTY010001383.1	1	28155	109	18871	67.0254	1.36285	30.7	41.8
CBDDTY010001384.1	1	28153	126	19115	67.8968	1.47164	30.6	36.9
CBDDTY010001385.1	1	28152	44	4802	17.0574	0.468173	32.5	27.4
CBDDTY010001386.1	1	28149	129	13868	49.2664	1.43302	31.1	19.3
CBDDTY010001387.1	1	28144	94	18688	66.4014	1.32486	29.9	50.3
CBDDTY010001388.1	1	28121	36	8606	30.6035	0.530138	30.7	34.8
CBDDTY010001389.1	1	28117	35	7237	25.7389	0.434292	30.1	10.9
CBDDTY010001390.1	1	28114	72	10735	38.1838	0.867931	30.6	38
CBDDTY010001391.1	1	28091	98	17984	64.0205	1.35965	29.9	40.8
CBDDTY010001392.1	1	28081	93	10265	36.555	0.900538	30.5	12.6
CBDDTY010001393.1	1	28080	249	22409	79.8041	3.33383	30.7	35.3
CBDDTY010001394.1	1	28069	164	20436	72.8063	2.16292	30.5	47.4
CBDDTY010001395.1	1	28060	136	18842	67.149	1.88503	30.4	32.9
CBDDTY010001396.1	1	28014	129	9385	33.5011	1.57307	30.6	33.4
CBDDTY010001397.1	1	28014	38	6035	21.5428	0.337938	31.2	30.3
CBDDTY010001398.1	1	28000	105	11744	41.9429	1.40682	31	9.71
CBDDTY010001399.1	1	28000	59	9783	34.9393	0.6695	30.7	14.7
CBDDTY010001400.1	1	28000	64	13056	46.6286	0.775536	30.5	38.6
CBDDTY010001401.1	1	28000	42	5066	18.0929	0.430286	31.2	24
CBDDTY010001402.1	1	28000	113	8836	31.5571	1.45321	30.3	44.4
CBDDTY010001403.1	1	28000	111	14926	53.3071	1.39321	30	38.5
CBDDTY010001404.1	1	28000	32	2912	10.4	0.308857	29.5	3.91
CBDDTY010001405.1	1	27800	30	5255	18.9029	0.301259	30.5	19.9
CBDDTY010001406.1	1	28000	40	6299	22.4964	0.400036	29.2	20.4
CBDDTY010001407.1	1	28000	43	7848	28.0286	0.511964	29.8	20.4
CBDDTY010001408.1	1	28000	209	19993	71.4036	2.58836	29.9	29.9
CBDDTY010001409.1	1	28000	63	10639	37.9964	0.705321	30.4	32.1
CBDDTY010001410.1	1	28000	195	15857	56.6321	2.56079	30.8	32.1
CBDDTY010001411.1	1	27800	54	10957	39.4137	0.733921	30.2	29.6
CBDDTY010001412.1	1	27800	26	4509	16.2194	0.286727	31.5	20
CBDDTY010001413.1	1	28000	70	10121	36.1464	0.905393	30.5	15.8
CBDDTY010001414.1	1	28000	269	21277	75.9893	3.75711	30.3	26.2
CBDDTY010001415.1	1	28000	119	16949	60.5321	1.518	30.2	27.1
CBDDTY010001416.1	1	28000	110	9965	35.5893	1.52079	29.9	22.7
CBDDTY010001417.1	1	27600	164	9348	33.8696	2.38373	31.6	7.75
CBDDTY010001418.1	1	28000	184	23775	84.9107	2.38221	31.3	40.1
CBDDTY010001419.1	1	28000	238	20167	72.025	2.83936	29.2	51.4
CBDDTY010001420.1	1	28000	85	14478	51.7071	1.00404	30.7	29.8
CBDDTY010001421.1	1	28000	16	2903	10.3679	0.155393	29.4	14.9
CBDDTY010001422.1	1	28000	60	8047	28.7393	0.641393	31.1	29.8
CBDDTY010001423.1	1	28000	31	6514	23.2643	0.413821	29.6	28.6
CBDDTY010001424.1	1	28000	102	14884	53.1571	1.23464	31.5	43.2
CBDDTY010001425.1	1	27984	100	21221	75.8326	1.42206	29.7	53.9
CBDDTY010001426.1	1	27978	129	18462	65.9876	1.54625	29.6	27.5
CBDDTY010001427.1	1	27978	49	10099	36.0962	0.544499	30.2	30
CBDDTY010001428.1	1	27952	65	10879	38.9203	0.730932	30	47.8
CBDDTY010001429.1	1	27946	92	17832	63.8088	1.19831	30.9	47.2
CBDDTY010001430.1	1	27942	84	15048	53.8544	0.961635	30	45.9
CBDDTY010001431.1	1	27932	73	17782	63.6617	1.06996	30.8	49.4
CBDDTY010001432.1	1	27929	33	5710	20.4447	0.411114	29.5	2.52
CBDDTY010001433.1	1	27927	41	9300	33.3011	0.566298	31.2	14.7
CBDDTY010001434.1	1	27910	112	15562	55.7578	1.54049	31.1	35.2
CBDDTY010001435.1	1	27906	66	12541	44.9402	0.874543	30	22.2
CBDDTY010001436.1	1	27892	109	18850	67.5821	1.35871	30	48.1
CBDDTY010001437.1	1	27888	42	8971	32.168	0.461596	30.8	22
CBDDTY010001438.1	1	27886	138	12237	43.8822	1.80331	30.2	15.7
CBDDTY010001439.1	1	27883	168	14583	52.3007	2.34433	30.5	13.3
CBDDTY010001440.1	1	27872	113	20153	72.3055	1.56167	31	46.1
CBDDTY010001441.1	1	27863	40	5532	19.8543	0.439795	30.3	12.3
CBDDTY010001442.1	1	27853	84	13930	50.0126	0.869242	30.8	33.5
CBDDTY010001443.1	1	27853	179	20486	73.5504	2.36513	30.7	51.1
CBDDTY010001444.1	1	27844	51	7752	27.8408	0.54342	30.8	31.4
CBDDTY010001445.1	1	27843	98	17580	63.1397	1.1368	29.6	36.2
CBDDTY010001446.1	1	27836	75	16191	58.1657	0.928294	29.7	41.7
CBDDTY010001447.1	1	27832	144	16723	60.0855	1.72895	29.6	26.3
CBDDTY010001448.1	1	27831	84	12042	43.2683	0.991987	30.6	36.5
CBDDTY010001449.1	1	27805	100	9222	33.1667	1.16393	30.3	11.1
CBDDTY010001450.1	1	27801	75	11603	41.7359	0.961224	31.4	18.2
CBDDTY010001451.1	1	27734	74	11693	42.1612	0.822564	30.6	21.5
CBDDTY010001452.1	1	27682	96	16542	59.7572	1.2407	30.4	42.7
CBDDTY010001453.1	1	27674	313	24090	87.0492	4.10924	30.7	41.6
CBDDTY010001454.1	1	27673	67	12050	43.5442	1.00893	30.1	21.8
CBDDTY010001455.1	1	27653	184	15585	56.3592	3.23513	30.4	4.36
CBDDTY010001456.1	1	27647	85	15884	57.4529	1.113	30.8	40.5
CBDDTY010001457.1	1	27638	77	16359	59.1902	1.0555	30.7	35.5
CBDDTY010001458.1	1	27634	81	11030	39.9146	0.880148	30.7	34.5
CBDDTY010001459.1	1	27616	91	16638	60.2477	1.08053	30	43.6
CBDDTY010001460.1	1	27612	139	18277	66.1922	1.55635	30.3	18.6
CBDDTY010001461.1	1	27603	97	8572	31.0546	1.45531	30.8	4.73
CBDDTY010001462.1	1	27602	160	19259	69.7739	2.22212	31	35
CBDDTY010001463.1	1	27599	86	6849	24.8161	1.20407	30.6	17.6
CBDDTY010001464.1	1	27594	247	22876	82.9021	3.32667	31	7.64
CBDDTY010001465.1	1	27590	38	9724	35.2447	0.494527	29.8	26.8
CBDDTY010001466.1	1	27590	13	2009	7.28162	0.108953	33.4	9.62
CBDDTY010001467.1	1	27588	98	19303	69.9688	1.28599	30.5	50.2
CBDDTY010001468.1	1	27580	92	13230	47.9695	0.994815	31.2	26
CBDDTY010001469.1	1	27576	110	17103	62.0213	1.53304	30.5	10.3
CBDDTY010001470.1	1	27559	159	20391	73.9903	2.12805	30	39.1
CBDDTY010001471.1	1	27553	151	17691	64.2072	2.08845	31.1	16.3
CBDDTY010001472.1	1	27552	193	16920	61.4111	2.93794	30	25.7
CBDDTY010001473.1	1	27538	25	5841	21.2107	0.282156	31.4	15.1
CBDDTY010001474.1	1	27537	98	18362	66.6812	1.31369	29.9	39.6
CBDDTY010001475.1	1	27537	94	13920	50.5502	1.06573	31	30.8
CBDDTY010001476.1	1	27527	71	11014	40.0116	0.792749	29.8	17.6
CBDDTY010001477.1	1	27522	37	5433	19.7406	0.365671	31	15.4
CBDDTY010001478.1	1	27520	67	11542	41.9404	0.790843	30.4	18.8
CBDDTY010001479.1	1	27500	91	17474	63.5418	1.21909	30.5	47.7
CBDDTY010001480.1	1	27499	63	12887	46.8635	0.653006	30.1	38.3
CBDDTY010001481.1	1	27495	107	11646	42.3568	1.24524	31.4	15.7
CBDDTY010001482.1	1	27487	82	13673	49.7435	1.02699	30.5	39.6
CBDDTY010001483.1	1	27460	85	14117	51.4093	0.988529	30.3	32.5
CBDDTY010001484.1	1	27451	71	12673	46.1659	0.829915	30.3	33.6
CBDDTY010001485.1	1	27434	37	8277	30.1706	0.453343	31.4	37.5
CBDDTY010001486.1	1	27428	58	10860	39.5946	0.633623	31.7	32.3
CBDDTY010001487.1	1	27427	91	15949	58.1507	1.16542	30.3	46.9
CBDDTY010001488.1	1	27420	51	9353	34.1101	0.560394	29.9	22
CBDDTY010001489.1	1	27398	57	7429	27.1151	0.667895	29.4	27
CBDDTY010001490.1	1	27395	64	11686	42.6574	0.843329	29.7	27.3
CBDDTY010001491.1	1	27382	90	15736	57.4684	1.0474	30.1	37
CBDDTY010001492.1	1	27380	78	14775	53.9627	1.04781	30.8	26.6
CBDDTY010001493.1	1	27372	84	16643	60.803	1.04863	30.9	53.7
CBDDTY010001494.1	1	27371	81	11470	41.9057	1.11041	30.5	16
CBDDTY010001495.1	1	27358	38	8128	29.7098	0.475217	29.6	37.1
CBDDTY010001496.1	1	27350	112	17906	65.4698	1.3951	30.5	42.4
CBDDTY010001497.1	1	27350	92	16458	60.1755	1.0959	29.8	37.8
CBDDTY010001498.1	1	27346	37	7490	27.3897	0.432934	31.3	34.2
CBDDTY010001499.1	1	27321	91	15806	57.8529	0.952454	31.6	31.6
CBDDTY010001500.1	1	27318	33	7832	28.6697	0.355883	29.9	7.67
CBDDTY010001501.1	1	27305	99	16102	58.9709	1.21688	29.5	45.4
CBDDTY010001502.1	1	27300	63	11297	41.381	0.702125	30	30.5
CBDDTY010001503.1	1	27272	56	12756	46.7732	0.694999	30.7	45.3
CBDDTY010001504.1	1	27271	88	10639	39.0121	1.00011	30.7	30
CBDDTY010001505.1	1	27270	96	15945	58.4708	1.31492	29.8	36.7
CBDDTY010001506.1	1	27268	107	17330	63.5543	1.47297	30.1	37.7
CBDDTY010001507.1	1	27261	29	7021	25.7547	0.362826	29.3	18.1
CBDDTY010001508.1	1	27252	90	17051	62.5679	1.21485	30.4	42.7
CBDDTY010001509.1	1	27230	91	17545	64.4326	1.31509	30.8	46.6
CBDDTY010001510.1	1	27210	87	15058	55.3399	0.965968	30.6	41.3
CBDDTY010001511.1	1	27168	96	13079	48.1412	1.16792	29.9	39.9
CBDDTY010001512.1	1	27161	56	13886	51.1248	0.813961	29.2	39.1
CBDDTY010001513.1	1	27155	68	8498	31.2944	0.82541	30.6	20.4
CBDDTY010001514.1	1	27141	100	6674	24.5901	1.1511	31.7	11.7
CBDDTY010001515.1	1	27138	13	3059	11.272	0.178827	27.4	35.5
CBDDTY010001516.1	1	27118	156	17114	63.1094	1.88019	30.7	34.3
CBDDTY010001517.1	1	27113	164	17449	64.3566	2.15351	30.7	40.7
CBDDTY010001518.1	1	27065	85	11912	44.0126	1.11269	31.1	17.7
CBDDTY010001519.1	1	27046	48	9457	34.9664	0.572469	30.4	6.58
CBDDTY010001520.1	1	27027	157	8569	31.7053	2.18252	30.4	25
CBDDTY010001521.1	1	27027	55	9490	35.113	0.678322	29.4	10.5
CBDDTY010001522.1	1	27013	59	7919	29.3155	0.559212	32.3	11.5
CBDDTY010001523.1	1	27007	94	12598	46.6472	1.44155	30.9	12
CBDDTY010001524.1	1	27001	45	7068	26.1768	0.442243	30.8	16.4
CBDDTY010001525.1	1	27000	27	6679	24.737	0.503407	31.5	1
CBDDTY010001526.1	1	27000	145	10493	38.863	1.89104	30.5	28
CBDDTY010001527.1	1	27000	137	16260	60.2222	1.81344	30	21.2
CBDDTY010001528.1	1	27000	62	13458	49.8444	0.893037	31.1	32.6
CBDDTY010001529.1	1	27000	24	4044	14.9778	0.228222	30.8	27.1
CBDDTY010001530.1	1	27000	62	7343	27.1963	0.746963	30.3	11.7
CBDDTY010001531.1	1	27000	150	17639	65.3296	1.83741	30.8	22.8
CBDDTY010001532.1	1	27000	94	5168	19.1407	1.32563	30.3	20.3
CBDDTY010001533.1	1	27000	73	12546	46.4667	0.835519	29.9	43.3
CBDDTY010001534.1	1	27000	177	15271	56.5593	2.37056	29.5	11.4
CBDDTY010001535.1	1	27000	110	15423	57.1222	1.51489	29.5	19.5
CBDDTY010001536.1	1	27000	88	8861	32.8185	1.10285	30.4	31.8
CBDDTY010001537.1	1	27000	58	10286	38.0963	0.710519	31	28.6
CBDDTY010001538.1	1	27000	35	5726	21.2074	0.46437	29.6	17.1
CBDDTY010001539.1	1	27000	175	17022	63.0444	2.32733	30.3	20.2
CBDDTY010001540.1	1	27000	63	12677	46.9519	0.728741	30.7	26.1
CBDDTY010001541.1	1	27000	77	11792	43.6741	1.05289	30.3	17.8
CBDDTY010001542.1	1	27000	41	6503	24.0852	0.557185	30.6	14.3
CBDDTY010001543.1	1	26800	72	14788	55.1791	1.06504	29.1	39.5
CBDDTY010001544.1	1	27000	22	5699	21.1074	0.252407	31.1	18.1
CBDDTY010001545.1	1	27000	112	9068	33.5852	1.52619	30.5	33.9
CBDDTY010001546.1	1	27000	93	13192	48.8593	1.191	30.8	28
CBDDTY010001547.1	1	27000	76	13135	48.6481	0.939259	30.1	20.9
CBDDTY010001548.1	1	27000	46	10333	38.2704	0.594296	30.4	40.9
CBDDTY010001549.1	1	27000	108	13955	51.6852	1.42367	30	29.4
CBDDTY010001550.1	1	26987	118	20435	75.7216	1.84945	30.4	28.8
CBDDTY010001551.1	1	26984	108	19270	71.4127	1.4068	30	46.8
CBDDTY010001552.1	1	26955	53	9381	34.8024	0.629457	31.2	21.8
CBDDTY010001553.1	1	26953	80	14763	54.7731	0.974437	30.8	43.6
CBDDTY010001554.1	1	26910	83	16879	62.7239	1.06001	30.4	46.4
CBDDTY010001555.1	1	26882	94	14467	53.8167	1.26322	29.8	14.5
CBDDTY010001556.1	1	26849	87	11650	43.3908	1.01311	30.3	31.5
CBDDTY010001557.1	1	26840	74	13943	51.9486	0.897615	30.5	28.1
CBDDTY010001558.1	1	26835	185	20691	77.1045	2.66141	29.8	32.8
CBDDTY010001559.1	1	26825	75	10676	39.7987	0.932712	30.7	21.7
CBDDTY010001560.1	1	26816	123	21478	80.094	1.79822	31	41.8
CBDDTY010001561.1	1	26809	169	18957	70.7113	2.08557	31.3	38.7
CBDDTY010001562.1	1	26805	75	10753	40.1157	1.01683	32.3	50.8
CBDDTY010001563.1	1	26796	200	20034	74.7649	2.58177	29.8	27.6
CBDDTY010001564.1	1	26788	40	9195	34.3251	0.481447	29.7	26.7
CBDDTY010001565.1	1	26779	85	16139	60.2674	1.16356	30.9	44.5
CBDDTY010001566.1	1	26762	70	13345	49.8655	0.991182	31.3	29.2
CBDDTY010001567.1	1	26758	103	12619	47.1597	1.10602	31.1	25.5
CBDDTY010001568.1	1	26746	59	8690	32.4908	0.729118	30.2	21.3
CBDDTY010001569.1	1	26737	20	5954	22.2688	0.248532	30.7	25.4
CBDDTY010001570.1	1	26732	91	12024	44.9798	1.22782	30.1	9.44
CBDDTY010001571.1	1	26721	84	9980	37.3489	0.959919	31	24.6
CBDDTY010001572.1	1	26717	108	18942	70.8987	1.37033	31.2	42.5
CBDDTY010001573.1	1	26697	74	10847	40.63	0.850395	31.6	27.2
CBDDTY010001574.1	1	26673	45	5730	21.4824	0.518614	30.3	5.76
CBDDTY010001575.1	1	26667	89	15473	58.023	1.43432	31	36.4
CBDDTY010001576.1	1	26660	114	19983	74.955	1.60356	30.6	41.2
CBDDTY010001577.1	1	26657	79	15521	58.2249	1.04423	30.4	52.5
CBDDTY010001578.1	1	26651	82	13006	48.8012	0.949908	30.3	18.6
CBDDTY010001579.1	1	26640	62	12771	47.9392	0.732995	31.2	37.7
CBDDTY010001580.1	1	26629	110	18348	68.9023	1.47767	31.1	35.5
CBDDTY010001581.1	1	26623	95	17515	65.789	1.23367	29.4	48.6
CBDDTY010001582.1	1	26616	85	14552	54.6739	0.943943	31.1	11.5
CBDDTY010001583.1	1	26597	91	14651	55.0852	1.18198	30.2	26.8
CBDDTY010001584.1	1	26597	87	10741	40.3843	1.18006	30.1	27.9
CBDDTY010001585.1	1	26592	75	12328	46.3598	0.811485	31.8	25.1
CBDDTY010001586.1	1	26586	253	11391	42.8459	3.74035	28.1	19.1
CBDDTY010001587.1	1	26577	244	13673	51.4467	3.25417	31.1	26.5
CBDDTY010001588.1	1	26574	54	11308	42.5529	0.60356	29.1	38.3
CBDDTY010001589.1	1	26566	84	15618	58.7894	1.16611	30.8	44.6
CBDDTY010001590.1	1	26564	8	1297	4.88255	0.0717889	26.3	30.2
CBDDTY010001591.1	1	26548	93	16442	61.9331	1.28394	29.9	34
CBDDTY010001592.1	1	26535	97	15289	57.6182	1.36966	30.8	37.9
CBDDTY010001593.1	1	26529	51	5819	21.9345	0.64209	29.6	15.6
CBDDTY010001594.1	1	26514	102	17217	64.9355	1.3626	29.4	48.9
CBDDTY010001595.1	1	26508	60	9944	37.5132	0.765467	30.2	19.3
CBDDTY010001596.1	1	26506	86	17179	64.8117	1.20109	31	37.2
CBDDTY010001597.1	1	26467	27	2910	10.9948	0.231987	31.6	19.1
CBDDTY010001598.1	1	26464	114	14940	56.4541	1.47986	29.9	25.1
CBDDTY010001599.1	1	26458	55	10175	38.4572	0.67609	30.1	24.7
CBDDTY010001600.1	1	26455	67	12730	48.1194	0.844755	29.8	39.9
CBDDTY010001601.1	1	26448	155	19060	72.0659	2.15797	29.9	25.4
CBDDTY010001602.1	1	26444	8	2751	10.4031	0.106792	29.7	0.5
CBDDTY010001603.1	1	26436	21	4156	15.721	0.196096	29.3	5.14
CBDDTY010001604.1	1	26428	61	11184	42.3188	0.795444	30.1	48.7
CBDDTY010001605.1	1	26427	87	13109	49.6046	1.10417	30.5	31.5
CBDDTY010001606.1	1	26409	49	8204	31.0652	0.547086	29.4	28.3
CBDDTY010001607.1	1	26407	76	6452	24.4329	1.09248	28.9	25.5
CBDDTY010001608.1	1	26403	71	12908	48.8884	0.982956	29.8	21.5
CBDDTY010001609.1	1	26392	99	13397	50.7616	1.5186	31.2	32
CBDDTY010001610.1	1	26372	191	17502	66.3658	2.68292	30.5	18.7
CBDDTY010001611.1	1	26370	117	19795	75.0664	1.56515	30.9	48.8
CBDDTY010001612.1	1	26369	64	11578	43.9076	0.793659	30	32.2
CBDDTY010001613.1	1	26368	188	13166	49.9317	2.56876	30.7	14.5
CBDDTY010001614.1	1	26365	75	13774	52.2435	0.940186	30.1	44.2
CBDDTY010001615.1	1	26352	85	10891	41.3289	1.10656	30.6	16.8
CBDDTY010001616.1	1	26332	86	13400	50.8887	1.19231	31.2	20.3
CBDDTY010001617.1	1	26328	88	16781	63.7382	1.25315	31	51.1
CBDDTY010001618.1	1	26313	94	16967	64.4814	1.25132	30.3	43.2
CBDDTY010001619.1	1	26311	69	11630	44.202	0.843906	30.5	25.6
CBDDTY010001620.1	1	26310	188	17633	67.0201	2.54694	29.7	15.3
CBDDTY010001621.1	1	26301	62	12011	45.6675	0.819779	29.9	23.2
CBDDTY010001622.1	1	26287	95	9229	35.1086	1.07627	30.4	12.9
CBDDTY010001623.1	1	26286	30	5025	19.1166	0.349692	31.1	10
CBDDTY010001624.1	1	26276	154	13717	52.2035	2.08392	30.3	16.9
CBDDTY010001625.1	1	26251	147	12000	45.7125	2.24601	30.6	14.5
CBDDTY010001626.1	1	26251	27	5394	20.5478	0.305093	29.1	5.37
CBDDTY010001627.1	1	26244	82	16452	62.6886	1.24867	29.3	44
CBDDTY010001628.1	1	26228	170	13944	53.1646	2.41909	30.1	21.9
CBDDTY010001629.1	1	26225	123	15937	60.7703	1.82753	30	20.4
CBDDTY010001630.1	1	26212	69	11098	42.3394	0.937128	29.6	34.8
CBDDTY010001631.1	1	26198	77	13214	50.439	0.838957	30.9	30.2
CBDDTY010001632.1	1	26180	80	16164	61.7418	1.2047	31.3	46.2
CBDDTY010001633.1	1	26178	59	8854	33.8223	0.82279	30.1	32
CBDDTY010001634.1	1	26173	121	19385	74.0649	1.65457	30.9	53.7
CBDDTY010001635.1	1	26162	60	10807	41.308	0.727467	29.9	34.4
CBDDTY010001636.1	1	26154	163	14129	54.0223	1.93389	30.1	17.8
CBDDTY010001637.1	1	26152	215	12142	46.4286	2.54313	30.7	23.2
CBDDTY010001638.1	1	26140	107	16821	64.3497	1.53623	30.5	34.8
CBDDTY010001639.1	1	26137	41	7537	28.8365	0.550025	29.8	35
CBDDTY010001640.1	1	26135	54	9176	35.11	0.620968	30.8	9.02
CBDDTY010001641.1	1	26131	120	12788	48.938	1.57602	30.7	18.3
CBDDTY010001642.1	1	26109	31	2213	8.476	0.307289	32.4	4.45
CBDDTY010001643.1	1	26097	84	15781	60.4706	1.27513	30.8	28.8
CBDDTY010001644.1	1	26088	139	18227	69.8674	1.91253	31.1	38.2
CBDDTY010001645.1	1	26085	120	12867	49.3272	1.44309	29	12.7
CBDDTY010001646.1	1	26069	115	12950	49.6759	1.28398	30.6	37.7
CBDDTY010001647.1	1	26065	42	8552	32.8103	0.535929	31.7	16.9
CBDDTY010001648.1	1	26061	74	11758	45.1172	0.914393	30.3	27.1
CBDDTY010001649.1	1	26061	14	3288	12.6166	0.182955	31.1	22.2
CBDDTY010001650.1	1	26040	36	9265	35.5799	0.55288	29.4	29.8
CBDDTY010001651.1	1	26018	79	15609	59.9931	1.07195	31	38.2
CBDDTY010001652.1	1	26000	63	6999	26.9192	0.785269	30.5	14.2
CBDDTY010001653.1	1	26000	130	21763	83.7038	1.82569	30.4	52.4
CBDDTY010001654.1	1	26000	15	1912	7.35385	0.146577	31.5	1.47
CBDDTY010001655.1	1	26000	48	9812	37.7385	0.682038	31	31.4
CBDDTY010001656.1	1	26000	123	7282	28.0077	1.35727	30.8	26.7
CBDDTY010001657.1	1	26000	92	12222	47.0077	1.12069	31.5	13.8
CBDDTY010001658.1	1	26000	70	10346	39.7923	0.777731	30	13.9
CBDDTY010001659.1	1	26000	140	19400	74.6154	1.85273	30.4	45
CBDDTY010001660.1	1	26000	165	14837	57.0654	2.18412	31	37
CBDDTY010001661.1	1	25600	94	9197	35.9258	1.10488	30.2	23.5
CBDDTY010001662.1	1	26000	71	12823	49.3192	0.965462	30.4	19.2
CBDDTY010001663.1	1	26000	15	2488	9.56923	0.226654	30.6	5.93
CBDDTY010001664.1	1	26000	41	5648	21.7231	0.557038	31.7	28
CBDDTY010001665.1	1	26000	149	13182	50.7	1.99904	31.6	24
CBDDTY010001666.1	1	26000	27	6174	23.7462	0.307231	32.4	38.8
CBDDTY010001667.1	1	26000	76	11759	45.2269	0.927115	31.6	33.2
CBDDTY010001668.1	1	26000	174	15252	58.6615	3.24227	31.3	4.94
CBDDTY010001669.1	1	26000	76	11109	42.7269	1.09065	29.7	27.6
CBDDTY010001670.1	1	26000	46	8206	31.5615	0.569115	29.3	12.1
CBDDTY010001671.1	1	25800	91	11315	43.8566	1.13399	30.5	13
CBDDTY010001672.1	1	25800	62	9815	38.0426	0.845194	31.1	12.7
CBDDTY010001673.1	1	26000	73	11303	43.4731	0.972308	30.2	20.8
CBDDTY010001674.1	1	26000	37	7328	28.1846	0.504115	31.9	20.7
CBDDTY010001675.1	1	26000	72	15177	58.3731	1.05635	32.2	40
CBDDTY010001676.1	1	26000	87	16026	61.6385	1.10242	30.1	50.2
CBDDTY010001677.1	1	25800	34	6076	23.5504	0.362907	30.2	4.41
CBDDTY010001678.1	1	26000	66	11884	45.7077	0.840038	29.7	46.9
CBDDTY010001679.1	1	26000	38	7470	28.7308	0.5625	30.1	25.3
CBDDTY010001680.1	1	25585	110	7381	28.8489	1.29572	29.3	7.3
CBDDTY010001681.1	1	25995	57	7594	29.2133	0.608425	30.3	19.9
CBDDTY010001682.1	1	25994	109	18961	72.9438	1.52285	31.6	39.6
CBDDTY010001683.1	1	25988	78	12976	49.9307	0.886525	31.4	13.1
CBDDTY010001684.1	1	25985	108	14166	54.5161	1.41143	30	25.2
CBDDTY010001685.1	1	25983	113	14026	53.9814	1.39738	30.9	13.7
CBDDTY010001686.1	1	25976	70	14002	53.9036	0.91034	30.5	46
CBDDTY010001687.1	1	25960	62	11427	44.0177	0.756202	29.7	33.9
CBDDTY010001688.1	1	25959	27	6090	23.4601	0.306098	30.2	13.3
CBDDTY010001689.1	1	25959	5	2652	10.2161	0.102161	33	60
CBDDTY010001690.1	1	25947	24	4798	18.4915	0.245886	31.6	16.6
CBDDTY010001691.1	1	25495	86	10960	42.9888	1.13446	30.1	15.6
CBDDTY010001692.1	1	25882	171	6693	25.8597	2.93467	30.4	10.3
CBDDTY010001693.1	1	25878	91	13797	53.3156	1.23031	30.9	44.9
CBDDTY010001694.1	1	25876	45	7877	30.4413	0.490802	29.1	7.36
CBDDTY010001695.1	1	25826	165	18090	70.0457	2.72845	29.3	28.5
CBDDTY010001696.1	1	25802	68	15240	59.0652	1.01701	29.7	49.9
CBDDTY010001697.1	1	25798	75	13416	52.004	0.92135	31	36.5
CBDDTY010001698.1	1	25797	43	4697	18.2075	0.510098	29.6	17.4
CBDDTY010001699.1	1	25796	121	15354	59.5209	1.8587	30.9	14.3
CBDDTY010001700.1	1	25792	95	12959	50.2443	1.25527	29.6	19.3
CBDDTY010001701.1	1	25770	70	10168	39.4567	0.999845	31	32.7
CBDDTY010001702.1	1	25755	115	16447	63.8594	1.69924	30.4	28.7
CBDDTY010001703.1	1	25750	104	18025	70	1.57476	30.1	38.7
CBDDTY010001704.1	1	25743	4	783	3.0416	0.030416	29.6	10
CBDDTY010001705.1	1	25732	104	19734	76.6905	1.58114	29.6	46.8
CBDDTY010001706.1	1	25731	118	10979	42.6684	1.62182	31.1	22.8
CBDDTY010001707.1	1	25729	158	20538	79.8243	1.95247	30.6	40
CBDDTY010001708.1	1	25722	97	6993	27.1868	1.30468	30.1	16.8
CBDDTY010001709.1	1	25714	79	13484	52.4384	0.983978	30.8	29
CBDDTY010001710.1	1	25711	62	6088	23.6786	0.640348	29	24.7
CBDDTY010001711.1	1	25696	74	11095	43.1779	0.995992	30.8	38.4
CBDDTY010001712.1	1	25672	84	11153	43.4442	1.19476	30.9	17.7
CBDDTY010001713.1	1	25650	109	12191	47.5283	1.61953	30.3	39
CBDDTY010001714.1	1	25650	123	11167	43.5361	1.95244	29.9	23.7
CBDDTY010001715.1	1	25637	84	13818	53.8987	1.18306	29.8	24
CBDDTY010001716.1	1	25634	62	7111	27.7405	0.831747	31.2	14.9
CBDDTY010001717.1	1	25627	341	11793	46.0179	5.17681	32.8	6.54
CBDDTY010001718.1	1	25623	113	16282	63.5445	1.4373	30.4	23.7
CBDDTY010001719.1	1	25616	98	17780	69.4097	1.36446	30.9	47.1
CBDDTY010001720.1	1	25611	35	9662	37.726	0.509469	30.9	10.4
CBDDTY010001721.1	1	25601	111	13629	53.2362	1.64341	30.9	46.6
CBDDTY010001722.1	1	25589	73	15886	62.0814	1.02997	29.5	54.4
CBDDTY010001723.1	1	25584	83	12018	46.9747	0.95419	30.2	26.9
CBDDTY010001724.1	1	25581	108	14800	57.8554	1.48384	30.9	21.4
CBDDTY010001725.1	1	25571	18	2807	10.9773	0.269993	30.8	35.7
CBDDTY010001727.1	1	25560	58	8873	34.7144	0.803365	30.5	32.7
CBDDTY010001728.1	1	25557	39	5618	21.9822	0.457174	31.3	8.54
CBDDTY010001729.1	1	25554	90	7991	31.271	1.08703	31.8	9.64
CBDDTY010001730.1	1	25549	256	13803	54.0256	3.88673	31.1	20.4
CBDDTY010001731.1	1	25542	80	15302	59.9092	1.09631	30.4	36.9
CBDDTY010001732.1	1	25502	176	18408	72.1826	2.5598	30.8	16
CBDDTY010001733.1	1	25493	66	15162	59.4752	1.0202	31.3	46.7
CBDDTY010001734.1	1	25488	84	14756	57.8939	1.06066	30.9	43.9
CBDDTY010001735.1	1	25484	133	19054	74.7685	1.76927	30.2	44.8
CBDDTY010001736.1	1	25479	25	3948	15.4951	0.322697	30.9	1.6
CBDDTY010001737.1	1	25476	109	18168	71.3142	1.36399	30.3	37.9
CBDDTY010001738.1	1	25458	90	15819	62.1376	1.15932	30.3	42.1
CBDDTY010001739.1	1	25428	106	9838	38.6896	1.40845	30.1	11.7
CBDDTY010001740.1	1	25390	78	14077	55.4431	1.23734	31	32.7
CBDDTY010001741.1	1	25385	181	15810	62.2809	2.56431	30.7	17
CBDDTY010001742.1	1	25379	22	5507	21.699	0.266638	31.2	25.6
CBDDTY010001743.1	1	25323	130	16785	66.2836	1.82423	31.5	39.6
CBDDTY010001744.1	1	25319	176	13424	53.0195	2.45898	30.3	15.9
CBDDTY010001745.1	1	25313	84	14134	55.8369	1.34974	31	37.7
CBDDTY010001746.1	1	25310	213	18694	73.8601	3.21778	31.1	33
CBDDTY010001747.1	1	25305	56	7026	27.7653	0.649674	31	9.73
CBDDTY010001748.1	1	25292	104	17101	67.6143	1.33817	30	49.4
CBDDTY010001749.1	1	25285	48	7905	31.2636	0.61491	31.2	14.4
CBDDTY010001750.1	1	25282	86	14795	58.5199	1.15711	30.8	30
CBDDTY010001751.1	1	25269	85	12285	48.6169	1.1767	31.3	33.2
CBDDTY010001752.1	1	25269	105	20150	79.742	1.56662	29.6	53.9
CBDDTY010001753.1	1	25256	60	11216	44.4092	0.739626	29.7	43.7
CBDDTY010001754.1	1	25239	85	16410	65.0184	1.22735	31.6	51.5
CBDDTY010001755.1	1	25231	88	15816	62.6848	1.08755	31.2	34.8
CBDDTY010001756.1	1	25227	44	8292	32.8695	0.578349	29.8	33.2
CBDDTY010001757.1	1	25219	62	7686	30.477	0.786272	30.2	4.85
CBDDTY010001758.1	1	25211	126	16196	64.2418	1.59379	30.6	33.1
CBDDTY010001759.1	1	25199	34	6175	24.5049	0.397714	30.8	21.3
CBDDTY010001760.1	1	25198	82	11821	46.9125	1.1891	30.1	15.1
CBDDTY010001761.1	1	25187	97	15765	62.5918	1.28066	29.7	22.7
CBDDTY010001762.1	1	25183	112	16923	67.2001	1.59405	29.7	39.3
CBDDTY010001763.1	1	25181	2	1188	4.71784	0.0471784	31.8	1
CBDDTY010001764.1	1	25164	92	16737	66.5117	1.41416	30.7	44.7
CBDDTY010001765.1	1	25150	134	13954	55.4831	2.09336	30.3	14.2
CBDDTY010001766.1	1	25141	67	9842	39.1472	0.950837	31.2	13.6
CBDDTY010001767.1	1	25138	83	11540	45.9066	1.10311	29.8	25.3
CBDDTY010001768.1	1	25125	112	15779	62.802	1.58503	29.8	11.9
CBDDTY010001769.1	1	25122	260	9321	37.1029	3.69103	29.7	25.9
CBDDTY010001770.1	1	25120	46	10736	42.7389	0.657245	31.2	6.76
CBDDTY010001771.1	1	25102	138	11374	45.3111	1.80683	30.9	20.2
CBDDTY010001772.1	1	25098	29	5895	23.4879	0.335804	32.4	14.1
CBDDTY010001773.1	1	25083	88	16967	67.6434	1.1391	31.3	49.7
CBDDTY010001774.1	1	25071	99	12602	50.2652	1.50369	30.4	14.4
CBDDTY010001775.1	1	25065	65	11313	45.1346	0.816477	30.6	16.1
CBDDTY010001776.1	1	25055	137	6455	25.7633	1.98248	30.5	20.5
CBDDTY010001777.1	1	25044	72	10291	41.0917	0.878134	29.4	15.6
CBDDTY010001778.1	1	25040	80	11247	44.9161	1.02804	29.9	31.1
CBDDTY010001779.1	1	25024	58	11711	46.7991	0.73997	30	45.1
CBDDTY010001780.1	1	25013	83	15347	61.3561	1.06397	30.4	43.2
CBDDTY010001781.1	1	25011	92	17431	69.6933	1.28092	30	48.4
CBDDTY010001782.1	1	25008	70	11621	46.4691	0.945577	30.7	40.9
CBDDTY010001783.1	1	25000	11	3318	13.272	0.13272	29.1	16.7
CBDDTY010001784.1	1	25000	9	1133	4.532	0.09008	30.4	10.9
CBDDTY010001785.1	1	25000	3	517	2.068	0.02068	26.8	4
CBDDTY010001786.1	1	25000	88	13413	53.652	1.29124	30	29.3
CBDDTY010001787.1	1	24800	90	8157	32.8911	1.3575	30.5	15.9
CBDDTY010001788.1	1	25000	71	9442	37.768	1.03468	30.2	32.6
CBDDTY010001789.1	1	25000	4	617	2.468	0.04004	32.3	0.75
CBDDTY010001790.1	1	24200	35	4395	18.1612	0.412769	31.1	26.8
CBDDTY010001791.1	1	25000	77	5630	22.52	1.27532	30.1	49.3
CBDDTY010001792.1	1	25000	120	14495	57.98	1.53548	31.4	33.9
CBDDTY010001793.1	1	25000	259	18656	74.624	4.14688	29.5	13.3
CBDDTY010001794.1	1	25000	3	1340	5.36	0.05752	31.8	1.33
CBDDTY010001795.1	1	25000	67	3517	14.068	0.90968	30	4.52
CBDDTY010001796.1	1	25000	134	16304	65.216	1.85868	29.5	26
CBDDTY010001797.1	1	25000	90	11178	44.712	1.36756	30.4	28.5
CBDDTY010001798.1	1	25000	48	8809	35.236	0.58992	32	32.6
CBDDTY010001799.1	1	25000	27	4911	19.644	0.33152	30.5	41.5
CBDDTY010001800.1	1	25000	2	488	1.952	0.01952	31.4	1
CBDDTY010001801.1	1	25000	93	12270	49.08	1.44384	31.7	42.6
CBDDTY010001802.1	1	25000	204	21329	85.316	3.04372	31.3	43.3
CBDDTY010001803.1	1	25000	29	2665	10.66	0.27612	30.1	1.76
CBDDTY010001804.1	1	25000	69	14257	57.028	0.97428	31.1	37.6
CBDDTY010001805.1	1	25000	128	19888	79.552	1.96364	30.1	49
CBDDTY010001806.1	1	25000	59	7500	30	0.69668	29.1	20.3
CBDDTY010001807.1	1	25000	51	8667	34.668	0.66716	31	35.1
CBDDTY010001808.1	1	25000	88	11190	44.76	1.28068	30.1	34.6
CBDDTY010001809.1	1	25000	1922	22340	89.36	27.7437	29.4	0.618
CBDDTY010001810.1	1	25000	85	16785	67.14	1.2594	29.9	47.2
CBDDTY010001811.1	1	25000	64	10239	40.956	0.9034	30.7	35.3
CBDDTY010001812.1	1	24994	60	8764	35.0644	0.795911	30	23.4
CBDDTY010001813.1	1	24991	130	18673	74.7189	1.91513	31.9	50.9
CBDDTY010001814.1	1	24986	94	16680	66.7574	1.19843	30.5	39.8
CBDDTY010001815.1	1	24986	17	4534	18.1462	0.204675	28.6	8.29
CBDDTY010001816.1	1	24983	53	9127	36.5328	0.685026	31.1	28.2
CBDDTY010001818.1	1	24948	18	4907	19.6689	0.225349	29.9	40.6
CBDDTY010001819.1	1	24935	161	19185	76.94	2.34185	30.5	48.5
CBDDTY010001820.1	1	24928	11	1588	6.37035	0.200377	29.5	54.5
CBDDTY010001821.1	1	24923	110	13482	54.0946	1.77527	30.1	14.7
CBDDTY010001822.1	1	24881	97	15430	62.0152	1.43262	30.2	26.6
CBDDTY010001823.1	1	24878	141	18274	73.4545	1.85361	29.6	35.7
CBDDTY010001824.1	1	24843	10	1852	7.45482	0.163909	28.7	0
CBDDTY010001825.1	1	24835	49	9590	38.6149	0.633139	30.3	9.65
CBDDTY010001826.1	1	24814	57	5192	20.9237	0.741517	29.9	10.1
CBDDTY010001827.1	1	24799	60	9902	39.929	0.688496	29.9	38.4
CBDDTY010001828.1	1	24799	66	9229	37.2152	0.790758	29.3	15.2
CBDDTY010001829.1	1	24788	97	15474	62.4254	1.37038	29.8	14.1
CBDDTY010001830.1	1	24787	107	9890	39.8999	1.41937	31.1	11.1
CBDDTY010001831.1	1	24758	435	19142	77.3164	7.28589	31.2	25.7
CBDDTY010001832.1	1	24752	166	11949	48.2749	2.30341	30.6	32
CBDDTY010001833.1	1	24750	24	5342	21.5838	0.36699	29.2	31.2
CBDDTY010001834.1	1	24726	85	13498	54.5903	1.20703	31.2	15.4
CBDDTY010001835.1	1	24720	57	10181	41.1853	0.827023	31.5	21.2
CBDDTY010001836.1	1	24708	96	16820	68.0751	1.26769	29.6	44.8
CBDDTY010001837.1	1	24707	3	1210	4.8974	0.0641519	29.8	2
CBDDTY010001838.1	1	24698	47	9320	37.7358	0.659446	31.5	33.3
CBDDTY010001839.1	1	24689	62	9551	38.6852	0.851958	30.9	18.7
CBDDTY010001840.1	1	24683	74	11774	47.7008	0.990439	29.6	28.8
CBDDTY010001841.1	1	24665	63	10523	42.6637	0.792094	29.9	34.1
CBDDTY010001842.1	1	24661	74	9742	39.5037	0.979441	30.4	18.7
CBDDTY010001843.1	1	24655	20	3890	15.7777	0.257716	30.7	36.6
CBDDTY010001844.1	1	24630	94	15387	62.4726	1.25185	29.4	40.6
CBDDTY010001845.1	1	24629	97	14758	59.9212	1.31642	30.1	38.2
CBDDTY010001846.1	1	24627	56	7988	32.4359	0.659114	29.4	4.3
CBDDTY010001847.1	1	24626	43	6919	28.0963	0.641314	32	21
CBDDTY010001848.1	1	24618	122	13232	53.7493	1.74762	29.1	16.2
CBDDTY010001849.1	1	24613	67	7744	31.463	1.06232	31	12.1
CBDDTY010001850.1	1	24611	216	16213	65.877	2.94043	31.2	9.94
CBDDTY010001851.1	1	24610	80	12031	48.8866	1.05319	30.6	24.4
CBDDTY010001852.1	1	24598	108	13286	54.0125	1.50898	31.2	48.2
CBDDTY010001853.1	1	24590	34	6015	24.4612	0.357422	29.3	19.2
CBDDTY010001854.1	1	24585	131	16070	65.3651	1.90327	30.4	31.6
CBDDTY010001855.1	1	24584	94	14476	58.8838	1.55947	30.5	33.9
CBDDTY010001856.1	1	24576	72	12455	50.6795	0.901001	31	38.5
CBDDTY010001857.1	1	24573	95	18017	73.3203	1.51793	29.7	54.1
CBDDTY010001858.1	1	24570	46	8534	34.7334	0.579162	28.6	21.9
CBDDTY010001859.1	1	24563	59	12267	49.941	0.806172	31	31.1
CBDDTY010001860.1	1	24551	43	7474	30.4428	0.53175	29.3	8.49
CBDDTY010001861.1	1	24534	115	16104	65.6395	3.77676	32.5	2.16
CBDDTY010001862.1	1	24531	75	11270	45.9419	1.06102	30.3	24.5
CBDDTY010001863.1	1	24512	105	18527	75.5834	1.60583	30	36.7
CBDDTY010001864.1	1	24503	27	6574	26.8294	0.365588	29.2	36.8
CBDDTY010001865.1	1	24470	17	4157	16.9881	0.235022	31	15.8
CBDDTY010001866.1	1	24453	33	4910	20.0793	0.390872	31.7	16.7
CBDDTY010001867.1	1	24447	36	5560	22.7431	0.434573	31.2	15.6
CBDDTY010001868.1	1	24442	66	9511	38.9125	0.863841	30.3	12.6
CBDDTY010001869.1	1	24436	630	19614	80.2668	9.54088	30.4	23.3
CBDDTY010001870.1	1	24428	101	15548	63.6483	1.45607	30.3	39.9
CBDDTY010001871.1	1	24406	83	10059	41.2153	1.1911	30.2	19.9
CBDDTY010001872.1	1	24400	84	18021	73.8566	1.27992	31	36.5
CBDDTY010001873.1	1	24390	105	13026	53.4071	1.28963	30.8	8.35
CBDDTY010001874.1	1	24334	171	19295	79.2923	2.63528	31	16.9
CBDDTY010001875.1	1	24315	90	16115	66.276	1.34304	30.6	45.5
CBDDTY010001876.1	1	24307	80	15209	62.5705	1.1084	31.1	43.3
CBDDTY010001877.1	1	24296	57	9591	39.4756	0.752881	30	35.2
CBDDTY010001878.1	1	24289	3	1060	4.36412	0.047223	27.1	1
CBDDTY010001879.1	1	24277	82	14128	58.195	1.1426	30.3	32
CBDDTY010001880.1	1	24252	68	12266	50.5773	0.868093	30.5	30.3
CBDDTY010001881.1	1	24235	97	16751	69.119	1.42034	31	51.7
CBDDTY010001882.1	1	24225	123	17794	73.453	1.91356	28.9	34.3
CBDDTY010001883.1	1	24219	82	12079	49.8741	1.0109	30.7	35.4
CBDDTY010001884.1	1	24201	58	13679	56.5225	0.952771	30.1	40.8
CBDDTY010001885.1	1	24000	30	6614	27.5583	0.385708	28.6	24
CBDDTY010001886.1	1	24192	88	17516	72.4041	1.31655	30.1	48.5
CBDDTY010001887.1	1	24189	79	9470	39.15	1.10988	30.7	10
CBDDTY010001888.1	1	24184	101	14609	60.4077	1.4976	29.3	28.8
CBDDTY010001889.1	1	24176	109	17108	70.7644	1.79327	29.2	41.1
CBDDTY010001890.1	1	24155	85	13910	57.5864	1.18034	30.9	37.6
CBDDTY010001891.1	1	24153	53	10577	43.7917	0.929947	30.1	38.7
CBDDTY010001892.1	1	24148	151	16740	69.3225	2.24064	30.3	24.2
CBDDTY010001893.1	1	24145	67	9950	41.2094	0.950922	30.6	0.746
CBDDTY010001894.1	1	24123	52	10747	44.5508	0.801268	31.5	32.6
CBDDTY010001895.1	1	24121	24	3897	16.156	0.207952	31.1	7.58
CBDDTY010001896.1	1	24112	94	16723	69.3555	1.29342	32.3	46.3
CBDDTY010001897.1	1	24100	85	12356	51.2697	1.23734	30.6	25
CBDDTY010001898.1	1	24079	70	13004	54.0056	0.888451	30.3	47.1
CBDDTY010001899.1	1	24075	14	2830	11.7549	0.175078	31.4	10.5
CBDDTY010001900.1	1	24070	212	13534	56.2277	2.85177	30.7	32.4
CBDDTY010001901.1	1	24032	293	20623	85.8147	4.43155	30.4	38.2
CBDDTY010001902.1	1	24022	74	13749	57.235	1.13904	30.1	22.9
CBDDTY010001903.1	1	24020	7	1377	5.73272	0.067652	29.8	22.4
CBDDTY010001904.1	1	24013	45	9792	40.7779	0.622246	28.5	3.98
CBDDTY010001905.1	1	24011	167	19228	80.08	2.64654	30.6	28
CBDDTY010001906.1	1	24002	104	8719	36.3261	1.86051	31.9	11.1
CBDDTY010001907.1	1	24000	81	14423	60.0958	1.19379	31.1	43
CBDDTY010001908.1	1	24000	60	6781	28.2542	0.744458	30.6	8.37
CBDDTY010001909.1	1	24000	8	922	3.84167	0.06425	34.4	7.75
CBDDTY010001911.1	1	24000	56	9179	38.2458	0.727167	29.2	20.6
CBDDTY010001912.1	1	24000	100	12302	51.2583	1.49904	30.9	22.2
CBDDTY010001913.1	1	24000	42	7904	32.9333	0.518333	30.4	16.5
CBDDTY010001914.1	1	24000	123	12068	50.2833	1.95	30.4	23
CBDDTY010001915.1	1	24000	5	806	3.35833	0.0455	33.3	19.8
CBDDTY010001916.1	1	24000	43	7572	31.55	0.514833	30.2	18.6
CBDDTY010001917.1	1	24000	105	14637	60.9875	1.47129	30.8	47.7
CBDDTY010001918.1	1	24000	10	1873	7.80417	0.112458	31.1	32.3
CBDDTY010001919.1	1	24000	191	17276	71.9833	2.82437	29.6	43.6
CBDDTY010001920.1	1	23800	40	9926	41.7059	0.687521	29.8	29.7
CBDDTY010001921.1	1	24000	9	4124	17.1833	0.19725	30.3	0
CBDDTY010001922.1	1	24000	40	7213	30.0542	0.5635	30.3	35.1
CBDDTY010001923.1	1	24000	92	11100	46.25	1.37204	31	47.7
CBDDTY010001924.1	1	24000	69	9963	41.5125	0.860125	30.3	25.2
CBDDTY010001925.1	1	23669	65	8644	36.5203	0.912502	30.6	18
CBDDTY010001926.1	1	24000	46	7421	30.9208	0.622042	28.9	11.8
CBDDTY010001927.1	1	24000	10	2287	9.52917	0.1175	32.1	28.9
CBDDTY010001928.1	1	24000	54	4870	20.2917	0.78	29.7	9.07
CBDDTY010001929.1	1	24000	60	7040	29.3333	0.7185	30.4	30.2
CBDDTY010001930.1	1	24000	105	14083	58.6792	1.41975	31	27.6
CBDDTY010001931.1	1	24000	83	15911	66.2958	1.22021	31	44.3
CBDDTY010001932.1	1	23998	48	12171	50.7167	0.747437	29.1	40.5
CBDDTY010001933.1	1	23998	61	9015	37.5656	0.908034	29.1	0.115
CBDDTY010001934.1	1	23965	86	10725	44.7528	0.938285	29.7	28.9
CBDDTY010001935.1	1	23964	505	23042	96.1526	7.62832	30.5	33.4
CBDDTY010001936.1	1	23963	38	4168	17.3935	0.457038	31	12.6
CBDDTY010001937.1	1	23959	47	7994	33.3653	0.681539	31.4	23
CBDDTY010001938.1	1	23959	146	16374	68.3418	2.31391	30.5	31.3
CBDDTY010001939.1	1	23957	37	8264	34.4951	0.441124	30.9	1.68
CBDDTY010001940.1	1	23947	86	15522	64.8181	1.14453	30.1	42.7
CBDDTY010001941.1	1	23938	108	16734	69.9056	1.68949	30.5	25.5
CBDDTY010001942.1	1	23938	94	15376	64.2326	1.54077	31.2	46.5
CBDDTY010001943.1	1	23936	155	20144	84.1578	2.35056	30.5	34.5
CBDDTY010001944.1	1	23919	41	8437	35.2732	0.723191	28.9	10.9
CBDDTY010001945.1	1	23918	9	1075	4.49452	0.0548541	28.8	9.78
CBDDTY010001946.1	1	23911	76	12418	51.9343	1.20514	30.6	27.4
CBDDTY010001947.1	1	23906	100	13277	55.5384	1.44416	30.8	35.2
CBDDTY010001948.1	1	23897	61	12924	54.0821	1.11763	31.6	34.2
CBDDTY010001949.1	1	23882	118	13172	55.1545	1.64773	30.4	39
CBDDTY010001950.1	1	23879	148	13107	54.8892	1.74723	29.5	26.1
CBDDTY010001951.1	1	23865	89	16210	67.9237	1.43197	30.2	51.6
CBDDTY010001952.1	1	23847	53	7383	30.9599	0.565061	29.5	15.4
CBDDTY010001953.1	1	23843	88	14851	62.2866	1.19553	30.5	31.7
CBDDTY010001954.1	1	23819	123	16358	68.6763	1.75969	30.5	30.4
CBDDTY010001955.1	1	23814	34	5406	22.7009	0.515537	32.3	19.3
CBDDTY010001956.1	1	23806	71	13210	55.4902	0.896917	29.9	26.9
CBDDTY010001957.1	1	23791	147	12306	51.7254	2.29692	30.5	7.15
CBDDTY010001958.1	1	23783	53	8718	36.6564	0.706513	30.6	6.06
CBDDTY010001959.1	1	23771	30	6109	25.6994	0.399394	30.6	15.6
CBDDTY010001960.1	1	23770	135	16657	70.0757	1.90686	30.3	42.1
CBDDTY010001961.1	1	23763	86	14862	62.5426	1.34457	30.3	39.8
CBDDTY010001962.1	1	23751	74	10643	44.8107	0.923414	29.8	18.5
CBDDTY010001963.1	1	23735	115	14390	60.6278	1.85229	29.6	40.2
CBDDTY010001964.1	1	23713	34	6204	26.1629	0.482858	30	12.5
CBDDTY010001965.1	1	23712	14	927	3.90941	0.170209	29.6	1.21
CBDDTY010001966.1	1	23705	39	8165	34.4442	0.612107	29.6	26.4
CBDDTY010001967.1	1	23685	90	11721	49.487	1.25527	30.1	19.7
CBDDTY010001968.1	1	23679	148	15915	67.2115	2.22277	31.1	19.2
CBDDTY010001969.1	1	23678	114	14125	59.6545	1.70014	30.7	39.5
CBDDTY010001970.1	1	23661	76	11222	47.4283	1.05249	31	33.3
CBDDTY010001971.1	1	23597	59	13263	56.2063	0.879391	30	42.4
CBDDTY010001972.1	1	23589	133	13332	56.5179	2.17156	31.3	7.86
CBDDTY010001973.1	1	23585	75	14583	61.8317	1.08845	30.2	44.2
CBDDTY010001974.1	1	23567	55	10753	45.6274	0.667289	31.2	30.2
CBDDTY010001975.1	1	23562	83	14878	63.144	1.31674	29.6	41.5
CBDDTY010001976.1	1	23549	108	13038	55.3654	1.67171	29.8	35.4
CBDDTY010001977.1	1	23542	23	4752	20.1852	0.333659	31.7	13
CBDDTY010001978.1	1	23527	84	10209	43.3927	1.38526	29.8	21.2
CBDDTY010001979.1	1	23525	46	9461	40.2168	0.601275	29.2	18.8
CBDDTY010001980.1	1	23513	59	10228	43.4993	0.818824	30.9	34.4
CBDDTY010001981.1	1	23503	129	15674	66.6894	2.00787	30.3	35.6
CBDDTY010001982.1	1	23490	120	20531	87.4032	2.06249	30.1	49.5
CBDDTY010001983.1	1	23478	86	14168	60.3459	1.14379	31.3	47.1
CBDDTY010001984.1	1	23477	39	4793	20.4157	0.518422	30.3	23.2
CBDDTY010001985.1	1	23461	58	8289	35.331	0.784834	30.1	11.6
CBDDTY010001986.1	1	23459	90	12834	54.7082	1.22567	29.9	32.3
CBDDTY010001987.1	1	23456	80	11604	49.4714	1.14687	29.9	34.1
CBDDTY010001988.1	1	23436	69	10504	44.8199	0.900751	30.6	21
CBDDTY010001989.1	1	23431	69	9767	41.6841	0.972899	30.5	19.3
CBDDTY010001990.1	1	23427	156	16961	72.3994	2.1208	30.1	46.4
CBDDTY010001991.1	1	23426	40	5272	22.5049	0.553146	30.2	14.8
CBDDTY010001992.1	1	23426	93	11612	49.5689	1.54832	30.9	12.4
CBDDTY010001993.1	1	23424	69	10694	45.654	0.903859	29.9	33.3
CBDDTY010001994.1	1	23424	61	10817	46.1791	0.773395	31.5	39.5
CBDDTY010001995.1	1	23406	78	14747	63.0052	1.23661	30.8	41.2
CBDDTY010001996.1	1	23396	50	4683	20.0162	0.682296	31.5	21.3
CBDDTY010001997.1	1	23395	85	6219	26.5826	1.21128	30.9	12.2
CBDDTY010001998.1	1	23386	91	6650	28.4358	1.23258	30.6	5.53
CBDDTY010001999.1	1	23384	127	18875	80.7176	1.88779	30.4	42.3
CBDDTY010002000.1	1	23381	128	16453	70.3691	2.01967	29.7	38.2
CBDDTY010002001.1	1	23364	18	3949	16.9021	0.300205	30.5	25.1
CBDDTY010002002.1	1	23327	130	13064	56.0038	2.02353	30.9	28.2
CBDDTY010002003.1	1	23326	23	3579	15.3434	0.234116	31	15.4
CBDDTY010002004.1	1	23324	72	11351	48.6666	1.10761	30.6	13.2
CBDDTY010002005.1	1	23306	43	9137	39.2045	0.631382	30.1	11
CBDDTY010002006.1	1	23304	62	9709	41.6624	0.771842	30.4	16.8
CBDDTY010002007.1	1	23298	61	6523	27.9981	1.03133	30.4	8.36
CBDDTY010002008.1	1	23285	73	13659	58.6601	1.06296	30.2	37.3
CBDDTY010002009.1	1	23270	60	12169	52.2948	0.798152	29.7	37.4
CBDDTY010002010.1	1	23268	85	15187	65.2699	1.31335	31.6	46.4
CBDDTY010002011.1	1	23246	65	7413	31.8894	0.770799	31.2	12.4
CBDDTY010002012.1	1	23243	60	10534	45.3212	0.924364	29.9	24.5
CBDDTY010002013.1	1	23241	83	14917	64.184	1.24977	30.4	46.6
CBDDTY010002014.1	1	23226	70	12469	53.6855	0.98562	29.7	45.8
CBDDTY010002015.1	1	23220	81	13596	58.553	1.28829	31	23.3
CBDDTY010002016.1	1	23210	55	10201	43.9509	0.824171	29.7	41.2
CBDDTY010002017.1	1	23200	77	16590	71.5086	1.32909	30.5	51.4
CBDDTY010002018.1	1	23200	75	12299	53.0129	1.18401	30.4	39.1
CBDDTY010002019.1	1	23194	78	9448	40.7347	1.16103	31	13.6
CBDDTY010002020.1	1	23187	52	8688	37.4693	0.653383	30	30.6
CBDDTY010002021.1	1	23187	323	19123	82.4729	6.11739	30.4	30.9
CBDDTY010002022.1	1	23184	51	9255	39.9198	0.758756	31.3	24
CBDDTY010002023.1	1	23179	96	16224	69.9944	1.27728	30.1	44.4
CBDDTY010002024.1	1	23166	94	15846	68.402	1.43633	30.4	52.7
CBDDTY010002025.1	1	23160	68	11076	47.8238	1.00047	31.7	35.1
CBDDTY010002026.1	1	23133	66	13942	60.2689	1.17343	29.8	51.6
CBDDTY010002027.1	1	23128	25	5048	21.8264	0.355759	31.6	25.1
CBDDTY010002028.1	1	23127	68	12154	52.5533	0.999654	31.1	28.1
CBDDTY010002029.1	1	23116	50	10273	44.4411	0.690344	29.5	33.3
CBDDTY010002030.1	1	23114	131	14547	62.9359	1.65268	30.8	39.4
CBDDTY010002031.1	1	23099	57	11475	49.6775	0.755401	30.2	44.5
CBDDTY010002032.1	1	23090	67	14098	61.0567	1.06124	31.2	54.3
CBDDTY010002033.1	1	23074	70	11433	49.5493	1.08338	30.5	32.8
CBDDTY010002034.1	1	23068	106	17162	74.3974	1.82929	29.8	50.1
CBDDTY010002035.1	1	23061	95	14225	61.6842	1.43346	31.3	22.2
CBDDTY010002036.1	1	23032	149	15151	65.7824	2.1158	30.3	30.2
CBDDTY010002037.1	1	23027	64	9901	42.9974	0.785773	30.3	24.9
CBDDTY010002038.1	1	23009	88	12383	53.8181	1.33843	29.9	33
CBDDTY010002039.1	1	22800	51	10046	44.0614	0.805789	31.5	30.6
CBDDTY010002040.1	1	23000	85	12040	52.3478	1.31978	31	14.7
CBDDTY010002041.1	1	23000	42	7246	31.5043	0.619478	31.2	12.9
CBDDTY010002042.1	1	23000	11	1983	8.62174	0.156348	29.3	13.4
CBDDTY010002043.1	1	23000	43	8130	35.3478	0.556043	31.2	33.1
CBDDTY010002044.1	1	23000	52	9024	39.2348	0.65987	29.9	26.8
CBDDTY010002045.1	1	23000	79	11847	51.5087	1.11474	30.4	28.7
CBDDTY010002046.1	1	23000	75	10638	46.2522	0.972957	31.3	34.7
CBDDTY010002047.1	1	23000	3	1514	6.58261	0.0705217	31	0.333
CBDDTY010002048.1	1	23000	4	1162	5.05217	0.0505217	32.8	30.2
CBDDTY010002049.1	1	22393	112	17673	78.922	2.11093	29.2	42
CBDDTY010002050.1	1	23000	100	7555	32.8478	1.42109	30.2	11.3
CBDDTY010002051.1	1	23000	58	7266	31.5913	0.735696	29.8	10.5
CBDDTY010002052.1	1	23000	60	9091	39.5261	0.781609	31.5	16.5
CBDDTY010002053.1	1	23000	29	4640	20.1739	0.334652	31.1	6.93
CBDDTY010002054.1	1	23000	47	7996	34.7652	0.774304	27.2	29.6
CBDDTY010002055.1	1	23000	86	12614	54.8435	1.15339	30.1	27.1
CBDDTY010002056.1	1	23000	29	2869	12.4739	0.267957	31.1	23.2
CBDDTY010002057.1	1	23000	29	4499	19.5609	0.72813	31	2.72
CBDDTY010002058.1	1	23000	72	14384	62.5391	1.01196	30.9	39.4
CBDDTY010002059.1	1	23000	12	1814	7.88696	0.145043	29.9	41.3
CBDDTY010002060.1	1	23000	84	6875	29.8913	1.18017	30.3	8.87
CBDDTY010002061.1	1	23000	168	14068	61.1652	2.69735	30.3	23.8
CBDDTY010002062.1	1	23000	49	9859	42.8652	0.604522	29.6	26
CBDDTY010002063.1	1	22800	34	2593	11.3728	0.485175	34	10.1
CBDDTY010002064.1	1	23000	43	9101	39.5696	0.647478	29.9	42.4
CBDDTY010002065.1	1	23000	72	8044	34.9739	1.16857	31	6.81
CBDDTY010002066.1	1	23000	118	14346	62.3739	1.66822	30.9	31.5
CBDDTY010002067.1	1	23000	65	11956	51.9826	0.895783	31.2	23
CBDDTY010002068.1	1	23000	64	7298	31.7304	0.939609	29.9	14
CBDDTY010002069.1	1	23000	48	7724	33.5826	0.764261	30.6	20.1
CBDDTY010002070.1	1	23000	94	9509	41.3435	1.35039	29.8	9.48
CBDDTY010002071.1	1	22999	52	10489	45.6063	0.86969	32.5	51.9
CBDDTY010002072.1	1	22989	79	15371	66.8624	1.15642	31.1	44.9
CBDDTY010002073.1	1	22978	18	2621	11.4066	0.261467	30.8	7.67
CBDDTY010002074.1	1	22953	67	11143	48.547	0.896658	30.4	31.4
CBDDTY010002075.1	1	22931	40	8628	37.6259	0.670533	32.2	40.3
CBDDTY010002076.1	1	22927	92	14176	61.831	1.37912	29.9	30.7
CBDDTY010002077.1	1	22927	111	9687	42.2515	2.00951	29.7	20.6
CBDDTY010002078.1	1	22926	27	5672	24.7405	0.420134	31.6	9.04
CBDDTY010002079.1	1	22926	38	7007	30.5636	0.494417	30.6	28.3
CBDDTY010002080.1	1	22898	91	14785	64.569	1.42689	31.6	22.8
CBDDTY010002081.1	1	22893	20	3203	13.9912	0.247062	31.6	7.45
CBDDTY010002082.1	1	22893	37	6054	26.4448	0.539204	30.8	29.9
CBDDTY010002083.1	1	22852	55	12344	54.0172	0.827411	30.1	46.6
CBDDTY010002084.1	1	22852	50	11317	49.523	0.876072	30.9	22.6
CBDDTY010002085.1	1	22834	52	6703	29.3553	0.657966	29.3	14.2
CBDDTY010002086.1	1	22820	207	16207	71.021	3.33221	30.1	21.6
CBDDTY010002087.1	1	22816	96	15810	69.2935	1.48321	30.7	38
CBDDTY010002088.1	1	22803	79	9057	39.7185	1.19822	31.2	5.65
CBDDTY010002089.1	1	22791	105	16280	71.4317	1.48651	31	46.5
CBDDTY010002090.1	1	22791	53	12216	53.6001	0.779299	30.4	39.1
CBDDTY010002091.1	1	22776	91	12623	55.4224	1.50114	29.4	28.8
CBDDTY010002092.1	1	22776	89	6627	29.0964	1.32091	30.8	2.4
CBDDTY010002093.1	1	22775	21	3781	16.6015	0.280483	32.3	9.71
CBDDTY010002094.1	1	22773	10	2275	9.9899	0.160234	30.3	48.2
CBDDTY010002095.1	1	22760	85	14467	63.5633	1.34332	29.9	50
CBDDTY010002096.1	1	22756	51	11387	50.0396	0.802338	30	38.3
CBDDTY010002097.1	1	22751	125	14112	62.028	1.96941	30.5	26.6
CBDDTY010002098.1	1	22751	92	15608	68.6036	1.40556	30.2	36.5
CBDDTY010002099.1	1	22729	131	17856	78.5604	2.12403	30.2	42.7
CBDDTY010002100.1	1	22725	49	7903	34.7767	0.639076	30.5	29.2
CBDDTY010002101.1	1	22723	151	15783	69.4583	2.35607	29.8	21.5
CBDDTY010002102.1	1	22715	95	13919	61.2767	1.71292	30.7	22.4
CBDDTY010002103.1	1	22687	53	6159	27.1477	0.83885	29.7	14.2
CBDDTY010002104.1	1	22674	73	7874	34.727	1.11965	31	30.4
CBDDTY010002105.1	1	22644	46	9255	40.8718	0.733925	29.8	34.6
CBDDTY010002106.1	1	22639	16	3260	14.3999	0.202085	30.8	21.3
CBDDTY010002107.1	1	22634	63	11894	52.5493	0.932403	31.1	40.3
CBDDTY010002108.1	1	22618	75	6267	27.708	1.24171	31.5	12.7
CBDDTY010002109.1	1	22610	55	9472	41.893	0.684564	29.9	44.6
CBDDTY010002110.1	1	22592	49	9096	40.262	0.711004	30.2	23.2
CBDDTY010002111.1	1	22590	40	5095	22.5542	0.526162	31.1	15.8
CBDDTY010002112.1	1	22586	69	12961	57.3851	1.09267	30.3	19.9
CBDDTY010002113.1	1	22578	35	6888	30.5076	0.440429	28.9	31.5
CBDDTY010002114.1	1	22575	89	8319	36.8505	1.46388	30.5	12.6
CBDDTY010002115.1	1	22573	65	9393	41.6117	0.807868	30.8	18.9
CBDDTY010002116.1	1	22573	60	8741	38.7233	0.849333	29.6	10.9
CBDDTY010002117.1	1	22558	57	9114	40.4025	0.824098	31	15.3
CBDDTY010002118.1	1	22533	78	15828	70.2436	1.25443	30.2	42.7
CBDDTY010002119.1	1	22533	16	4048	17.9648	0.298407	34	29.6
CBDDTY010002120.1	1	22524	85	16511	73.304	1.43114	31.5	41.9
CBDDTY010002121.1	1	22510	71	12734	56.5704	1.0446	30.4	10.9
CBDDTY010002122.1	1	22498	190	16063	71.3975	2.81301	30.6	22.8
CBDDTY010002123.1	1	22494	33	6883	30.5993	0.519516	32.3	17.3
CBDDTY010002124.1	1	22472	89	6584	29.2987	1.61708	29.2	22
CBDDTY010002125.1	1	22451	147	17102	76.1748	2.44363	31.9	28.3
CBDDTY010002126.1	1	22448	72	11695	52.0982	1.31335	30.7	35
CBDDTY010002127.1	1	22447	85	13813	61.5361	1.27589	30.1	15
CBDDTY010002128.1	1	22446	181	17503	77.9783	2.98944	30.1	38.1
CBDDTY010002129.1	1	22444	98	13797	61.473	1.47037	30.2	42.9
CBDDTY010002130.1	1	22442	68	12483	55.6234	1.09478	31.1	27.1
CBDDTY010002131.1	1	22416	58	7149	31.8924	0.788276	31.3	7.97
CBDDTY010002132.1	1	22402	78	10810	48.2546	1.22623	29.5	30.1
CBDDTY010002133.1	1	22394	262	9241	41.2655	4.44936	31.2	21.8
CBDDTY010002134.1	1	22384	49	9113	40.7121	0.7328	29.6	36.3
CBDDTY010002135.1	1	22352	159	17842	79.8228	2.60903	30.2	33.3
CBDDTY010002136.1	1	22314	57	10550	47.2797	0.824146	30.2	41.4
CBDDTY010002137.1	1	22310	96	14693	65.8584	1.40964	30.5	19.3
CBDDTY010002138.1	1	22307	44	7906	35.4418	0.6606	30.6	13.7
CBDDTY010002139.1	1	22307	82	15761	70.655	1.3771	29.6	52.2
CBDDTY010002140.1	1	22305	220	14479	64.9137	4.22206	30.7	6.49
CBDDTY010002141.1	1	22298	85	15127	67.8402	1.32671	30.6	47.4
CBDDTY010002142.1	1	22296	64	9425	42.2722	0.95035	30.7	25.4
CBDDTY010002143.1	1	22295	18	4852	21.7627	0.334021	29.2	0
CBDDTY010002144.1	1	22294	79	14381	64.5061	1.25671	29.8	47.9
CBDDTY010002145.1	1	22292	153	7906	35.4656	2.06567	30	10.4
CBDDTY010002146.1	1	22285	48	6400	28.7189	0.657976	30.6	5.15
CBDDTY010002147.1	1	22282	70	11769	52.8184	1.03689	30	42.9
CBDDTY010002148.1	1	22276	80	16039	72.0013	1.36416	30.9	47.1
CBDDTY010002149.1	1	22256	42	5891	26.4693	0.535271	31.4	14.3
CBDDTY010002150.1	1	22249	77	15107	67.8997	1.28752	29.9	45.8
CBDDTY010002151.1	1	22234	56	10893	48.9925	0.778627	32	44.4
CBDDTY010002152.1	1	22231	42	6551	29.4679	0.618371	29.8	24.5
CBDDTY010002153.1	1	22216	35	5003	22.5198	0.444094	32.6	12.7
CBDDTY010002154.1	1	22216	62	9943	44.756	0.902773	28.7	35.6
CBDDTY010002155.1	1	22211	61	13310	59.9253	0.900905	31.1	47.3
CBDDTY010002156.1	1	22198	37	7110	32.0299	0.671727	30.2	13.2
CBDDTY010002157.1	1	22183	26	4928	22.2152	0.303115	31.2	27.6
CBDDTY010002158.1	1	22166	18	4634	20.9059	0.282775	33	13.1
CBDDTY010002159.1	1	22154	21	5487	24.7675	0.317685	31.3	24
CBDDTY010002160.1	1	22139	67	11672	52.7214	0.973666	30.3	22.5
CBDDTY010002161.1	1	22136	100	13945	62.9969	1.46463	29.8	39.6
CBDDTY010002162.1	1	22099	67	11852	53.6314	1.07552	29.9	34.5
CBDDTY010002163.1	1	22095	169	5968	27.0106	2.85286	29.8	45.2
CBDDTY010002164.1	1	22059	80	11877	53.842	1.15876	31.4	16.8
CBDDTY010002165.1	1	22055	73	6951	31.5167	1.00716	30.1	5.51
CBDDTY010002166.1	1	22052	38	7955	36.0738	0.60448	32.3	26.6
CBDDTY010002167.1	1	22046	56	8330	37.7846	0.833847	29.6	13.3
CBDDTY010002168.1	1	22044	85	6773	30.7249	1.24719	31.5	30.1
CBDDTY010002169.1	1	22035	70	12985	58.929	0.987202	30	27.2
CBDDTY010002170.1	1	22011	22	5144	23.3701	0.315978	28.9	14.3
CBDDTY010002171.1	1	22004	51	8728	39.6655	0.799264	31	25.8
CBDDTY010002172.1	1	22003	92	12515	56.8786	1.26469	30.3	27.5
CBDDTY010002173.1	1	22000	34	8580	39	0.514318	31.1	19.3
CBDDTY010002174.1	1	22000	44	6521	29.6409	0.622364	29.8	14.5
CBDDTY010002175.1	1	22000	37	6170	28.0455	0.710591	30	21.1
CBDDTY010002176.1	1	22000	52	7734	35.1545	0.640909	30.8	10.6
CBDDTY010002177.1	1	22000	29	5120	23.2727	0.446455	29.1	15.3
CBDDTY010002178.1	1	22000	95	13594	61.7909	1.35791	30.3	29.4
CBDDTY010002179.1	1	22000	202	21043	95.65	3.41927	30.9	41.1
CBDDTY010002180.1	1	22000	61	8191	37.2318	0.9205	31.4	28.5
CBDDTY010002181.1	1	22000	15	1984	9.01818	0.269182	32	5.47
CBDDTY010002182.1	1	21777	44	7662	35.1839	0.626441	31.9	7.61
CBDDTY010002183.1	1	22000	12	855	3.88636	0.199182	28.5	11.8
CBDDTY010002184.1	1	22000	57	7577	34.4409	0.855773	31.1	15.9
CBDDTY010002185.1	1	22000	36	7081	32.1864	0.571182	31	8.83
CBDDTY010002186.1	1	22000	73	12038	54.7182	1.14786	29.2	39.3
CBDDTY010002187.1	1	22000	22	4301	19.55	0.302727	31.2	10.1
CBDDTY010002188.1	1	22000	78	12614	57.3364	1.15923	30.1	30
CBDDTY010002189.1	1	22000	88	13972	63.5091	1.41355	31.3	45
CBDDTY010002190.1	1	22000	61	8280	37.6364	0.963409	29.9	18.8
CBDDTY010002191.1	1	22000	100	13317	60.5318	1.69405	30.1	30.4
CBDDTY010002192.1	1	22000	115	15777	71.7136	1.96005	30.3	37
CBDDTY010002193.1	1	22000	83	14860	67.5455	1.46995	30.7	29.7
CBDDTY010002194.1	1	22000	76	10508	47.7636	1.18177	32.1	26.7
CBDDTY010002195.1	1	22000	15	2624	11.9273	0.239136	31.9	21.3
CBDDTY010002196.1	1	22000	3	424	1.92727	0.0265909	30	0.667
CBDDTY010002197.1	1	22000	79	9961	45.2773	1.44977	31	39.4
CBDDTY010002198.1	1	22000	90	13601	61.8227	1.34023	29.9	34.1
CBDDTY010002199.1	1	22000	8	1805	8.20455	0.196364	30.4	52.9
CBDDTY010002200.1	1	21800	93	13253	60.7936	1.51991	29.9	21.7
CBDDTY010002201.1	1	22000	36	7591	34.5045	0.520773	29.9	4.28
CBDDTY010002202.1	1	22000	80	11730	53.3182	1.19664	31	14.5
CBDDTY010002203.1	1	22000	83	15210	69.1364	1.27459	30.2	50.4
CBDDTY010002204.1	1	22000	28	5002	22.7364	0.355045	30.8	12.8
CBDDTY010002205.1	1	22000	3	398	1.80909	0.0245909	32.1	3.33
CBDDTY010002206.1	1	22000	101	11506	52.3	1.63136	30.9	23.9
CBDDTY010002207.1	1	21998	72	15104	68.6608	1.24402	29.9	35.5
CBDDTY010002208.1	1	21996	50	6034	27.4323	0.689034	30.1	16.5
CBDDTY010002209.1	1	21994	57	9901	45.0168	0.830772	29.7	33
CBDDTY010002210.1	1	21960	66	8505	38.7295	0.948452	30.7	13.6
CBDDTY010002211.1	1	21951	121	12272	55.9063	1.93659	29.3	18.3
CBDDTY010002212.1	1	21950	64	9593	43.7039	1.06993	30.9	20
CBDDTY010002213.1	1	21946	100	10902	49.6765	1.50679	30.1	18.3
CBDDTY010002214.1	1	21917	57	11021	50.2852	0.924488	29.9	13.3
CBDDTY010002215.1	1	21885	141	16751	76.541	2.31012	30.1	30.6
CBDDTY010002216.1	1	21851	55	9532	43.6227	1.09354	30.1	28.8
CBDDTY010002217.1	1	21847	40	6260	28.6538	0.507942	29.2	6.7
CBDDTY010002218.1	1	21840	91	14266	65.3205	1.39533	30.4	39.4
CBDDTY010002219.1	1	21830	139	13847	63.4311	2.23349	30.8	33.3
CBDDTY010002220.1	1	21805	67	10918	50.0711	0.977666	31.5	31.8
CBDDTY010002221.1	1	21805	30	5454	25.0126	0.457005	32.2	14.1
CBDDTY010002222.1	1	21795	101	14608	67.0245	1.71273	30.4	32.8
CBDDTY010002223.1	1	21791	44	9579	43.9585	0.712221	31.3	22.5
CBDDTY010002224.1	1	21782	41	4824	22.1467	0.490267	28.6	4.9
CBDDTY010002225.1	1	21777	71	9968	45.7731	1.06893	30.2	20.9
CBDDTY010002226.1	1	21771	88	13232	60.7781	1.44564	30.9	38.6
CBDDTY010002227.1	1	21764	67	13889	63.8164	1.03455	30.6	36.3
CBDDTY010002228.1	1	21750	72	14417	66.2851	1.21669	31.4	40.4
CBDDTY010002229.1	1	21748	69	9998	45.972	0.986022	30.2	19.9
CBDDTY010002230.1	1	21738	178	10105	46.4854	2.74625	30.3	14.7
CBDDTY010002231.1	1	21719	101	15181	69.8973	1.61062	30.4	32.9
CBDDTY010002232.1	1	21702	95	13198	60.8147	1.57068	30.1	46.9
CBDDTY010002233.1	1	21699	88	14539	67.0031	1.46219	30.8	31.7
CBDDTY010002234.1	1	21693	56	8066	37.1825	0.812566	30.9	18.4
CBDDTY010002235.1	1	21691	88	13732	63.3074	1.25448	31.1	43.2
CBDDTY010002236.1	1	21686	74	16069	74.0985	1.23817	31.1	43.5
CBDDTY010002237.1	1	21662	121	15093	69.675	1.85823	29.4	33.1
CBDDTY010002238.1	1	21661	97	13831	63.8521	1.51221	30.3	39.3
CBDDTY010002239.1	1	21659	67	11867	54.7902	1.07817	30.4	32.7
CBDDTY010002240.1	1	21644	43	8893	41.0876	0.648355	29.8	40.5
CBDDTY010002241.1	1	21634	91	15729	72.705	1.56388	30	37.5
CBDDTY010002242.1	1	21633	37	6407	29.6168	0.502288	30.3	2.41
CBDDTY010002243.1	1	21633	75	12808	59.2058	1.10674	29.6	46.7
CBDDTY010002244.1	1	21632	51	9089	42.0165	0.935882	31.6	36.3
CBDDTY010002245.1	1	21620	85	12260	56.7068	1.60786	31.4	39.7
CBDDTY010002246.1	1	21613	36	5472	25.3181	0.511174	30.4	28.4
CBDDTY010002247.1	1	21604	76	11704	54.1752	1.21422	31.4	33.6
CBDDTY010002248.1	1	21604	124	14930	69.1076	2.15955	30.7	30.1
CBDDTY010002249.1	1	21601	110	18355	84.9729	1.807	30.1	45.4
CBDDTY010002250.1	1	21597	180	16325	75.5892	3.12506	30.2	37.9
CBDDTY010002251.1	1	21580	84	15904	73.6979	1.60445	31.2	40
CBDDTY010002252.1	1	21567	100	16806	77.9246	1.58747	31.6	47.9
CBDDTY010002253.1	1	21557	80	13760	63.8308	1.28116	30.5	47.9
CBDDTY010002254.1	1	21532	14	2144	9.95727	0.138724	29.4	13.7
CBDDTY010002255.1	1	21529	119	15070	69.9986	2.36973	31.4	36.8
CBDDTY010002256.1	1	21501	112	15490	72.0432	1.71876	30.6	38.7
CBDDTY010002257.1	1	21499	17	2783	12.9448	0.237034	29.2	12.3
CBDDTY010002258.1	1	21490	240	18359	85.4304	3.68348	30.1	31.2
CBDDTY010002259.1	1	21488	98	13312	61.9509	1.59494	30.7	21.8
CBDDTY010002260.1	1	21487	51	9425	43.8637	0.905059	31.4	45
CBDDTY010002261.1	1	21483	52	10221	47.5772	0.767118	31.3	37.1
CBDDTY010002262.1	1	21474	104	14346	66.8064	1.64962	29.6	37.2
CBDDTY010002263.1	1	21468	73	9977	46.4738	1.07523	30.8	20
CBDDTY010002264.1	1	21462	179	10319	48.0803	2.87289	30.4	23.1
CBDDTY010002265.1	1	21458	29	4735	22.0664	0.372775	30.4	25.6
CBDDTY010002266.1	1	21451	22	4829	22.5118	0.278122	31.9	33.3
CBDDTY010002267.1	1	21449	138	10881	50.7296	2.20379	30.4	20.6
CBDDTY010002268.1	1	21448	153	17514	81.658	2.88325	30.1	38.3
CBDDTY010002269.1	1	21443	80	12933	60.3134	1.36655	30.6	30.2
CBDDTY010002270.1	1	21427	113	17274	80.6179	1.76558	29.4	41.6
CBDDTY010002271.1	1	21418	64	9690	45.2423	0.853441	30.4	36.3
CBDDTY010002272.1	1	21418	126	12465	58.1987	2.03861	31	20.2
CBDDTY010002273.1	1	21409	49	10446	48.7926	0.793591	30.2	22
CBDDTY010002274.1	1	21385	44	7694	35.9785	0.603834	29.6	14.9
CBDDTY010002275.1	1	21373	103	17156	80.2695	1.68778	31.4	48.1
CBDDTY010002276.1	1	21364	58	9508	44.5048	0.880406	31.3	26.1
CBDDTY010002277.1	1	21361	43	6707	31.3983	0.720285	30.3	14.9
CBDDTY010002278.1	1	21359	8	1076	5.03769	0.127909	26.9	43.1
CBDDTY010002279.1	1	21341	82	14276	66.8947	1.33911	30.3	41.3
CBDDTY010002280.1	1	21332	63	10673	50.0328	1.04196	30.2	35.4
CBDDTY010002281.1	1	21322	70	14964	70.181	1.31521	29.9	50.9
CBDDTY010002282.1	1	21317	66	8540	40.0619	0.950978	30.4	9.59
CBDDTY010002283.1	1	21315	63	9731	45.6533	0.96289	31.3	8.27
CBDDTY010002284.1	1	21284	39	4964	23.3227	0.688733	30	27.2
CBDDTY010002285.1	1	21269	61	9760	45.8884	0.875123	29.1	34.3
CBDDTY010002286.1	1	21265	79	15518	72.9744	1.2854	30.3	51.9
CBDDTY010002287.1	1	21253	71	12095	56.9096	1.03063	31.1	39.6
CBDDTY010002288.1	1	21251	60	8289	39.0052	1.03172	29.8	22.7
CBDDTY010002289.1	1	21219	34	5869	27.6592	0.527499	31.6	14.9
CBDDTY010002290.1	1	21214	80	15846	74.696	1.44301	31	54.5
CBDDTY010002291.1	1	21200	73	10886	51.3491	1.04505	29.8	29
CBDDTY010002292.1	1	21175	81	10716	50.6068	1.3056	30.4	25.4
CBDDTY010002293.1	1	21159	40	5022	23.7346	0.490335	29.3	16.4
CBDDTY010002294.1	1	21158	88	12897	60.9557	1.48823	29.2	22
CBDDTY010002295.1	1	21144	113	13688	64.737	2.0167	30.6	24.5
CBDDTY010002296.1	1	21142	29	5316	25.1443	0.449674	31.2	14.7
CBDDTY010002297.1	1	21134	42	6680	31.6078	0.623356	30.5	1.69
CBDDTY010002298.1	1	21132	36	4289	20.2962	0.620339	30.8	2.75
CBDDTY010002299.1	1	21131	55	6740	31.8963	0.822441	30.6	17.1
CBDDTY010002300.1	1	21122	168	11923	56.4483	3.01629	30	14.9
CBDDTY010002301.1	1	21119	86	10379	49.1453	1.31422	30.5	25.8
CBDDTY010002302.1	1	21116	40	6070	28.746	0.68602	30	35
CBDDTY010002303.1	1	21078	78	15554	73.7926	1.36189	30.5	42.4
CBDDTY010002304.1	1	21073	56	4543	21.5584	0.968443	30.3	28.5
CBDDTY010002305.1	1	21070	67	11335	53.7969	1.09312	29.4	47.5
CBDDTY010002306.1	1	21061	72	10589	50.2778	1.25787	30.1	13.8
CBDDTY010002307.1	1	21061	6	403	1.91349	0.0267794	28.7	5.17
CBDDTY010002308.1	1	21044	65	11721	55.6976	0.962555	29.4	44
CBDDTY010002309.1	1	21043	69	14367	68.2745	1.37133	30.6	48.4
CBDDTY010002310.1	1	21040	41	9206	43.7548	0.65903	30.9	27.1
CBDDTY010002311.1	1	21039	74	11258	53.5101	1.19478	30.4	36.1
CBDDTY010002312.1	1	21029	119	14968	71.1779	1.93119	30.6	36.8
CBDDTY010002313.1	1	21019	233	18507	88.0489	4.20263	30.6	46.9
CBDDTY010002314.1	1	21002	106	15043	71.6265	1.82702	30.8	32
CBDDTY010002315.1	1	21000	63	7617	36.2714	0.912286	31	16.4
CBDDTY010002316.1	1	21000	15	3095	14.7381	0.181667	29.4	16.9
CBDDTY010002317.1	1	21000	107	17398	82.8476	1.91252	30.8	45.1
CBDDTY010002318.1	1	21000	237	17231	82.0524	4.21862	30.6	11.7
CBDDTY010002319.1	1	21000	92	12012	57.2	1.48048	30.1	14.9
CBDDTY010002320.1	1	20800	29	4124	19.8269	0.449519	31.8	19.7
CBDDTY010002321.1	1	21000	8	1323	6.3	0.0705714	30.6	0.75
CBDDTY010002322.1	1	21000	2	897	4.27143	0.0521429	25.6	1
CBDDTY010002323.1	1	20873	57	7138	34.1973	0.721746	31.9	10.4
CBDDTY010002324.1	1	21000	67	8732	41.581	1.02233	29.4	19.3
CBDDTY010002325.1	1	21000	94	12109	57.6619	1.54624	30.9	26.7
CBDDTY010002326.1	1	21000	30	2414	11.4952	0.378524	29.8	14.2
CBDDTY010002327.1	1	21000	86	12166	57.9333	1.53643	31.2	32.3
CBDDTY010002328.1	1	21000	66	12565	59.8333	1.05938	29.8	35.8
CBDDTY010002329.1	1	21000	6	1363	6.49048	0.0822381	33.5	24
CBDDTY010002330.1	1	21000	84	8982	42.7714	1.29333	30.7	16.4
CBDDTY010002331.1	1	20800	29	4523	21.7452	0.359471	30.2	11.8
CBDDTY010002332.1	1	21000	2	460	2.19048	0.0219048	36.4	16.5
CBDDTY010002333.1	1	21000	238	16395	78.0714	4.63995	30.2	30.3
CBDDTY010002334.1	1	21000	1	807	3.84286	0.0384286	30.5	0
CBDDTY010002335.1	1	20800	22	6118	29.4135	0.375625	30.5	29.6
CBDDTY010002336.1	1	21000	6	999	4.75714	0.0555238	27.2	33.8
CBDDTY010002337.1	1	21000	68	13118	62.4667	1.27748	30.3	44.4
CBDDTY010002338.1	1	20800	16	2354	11.3173	0.210385	30.8	22.8
CBDDTY010002339.1	1	21000	60	7256	34.5524	0.883952	32.1	17.4
CBDDTY010002340.1	1	21000	42	4645	22.119	0.674429	32	41.5
CBDDTY010002341.1	1	21000	133	7485	35.6429	2.58652	30.6	15.3
CBDDTY010002342.1	1	21000	7	1383	6.58571	0.0765238	29.4	36.9
CBDDTY010002343.1	1	21000	82	11376	54.1714	1.24038	29.1	21.5
CBDDTY010002344.1	1	21000	1	104	0.495238	0.00495238	28.9	1
CBDDTY010002345.1	1	21000	18	2267	10.7952	0.289476	29.4	6.17
CBDDTY010002346.1	1	21000	151	11748	55.9429	2.35205	30	21.3
CBDDTY010002347.1	1	21000	37	6664	31.7333	0.569	30.1	37.6
CBDDTY010002348.1	1	21000	53	7661	36.481	0.946619	30.9	12
CBDDTY010002349.1	1	21000	29	6476	30.8381	0.462238	28.7	31.1
CBDDTY010002350.1	1	20993	61	10851	51.6887	0.933359	30.4	44.6
CBDDTY010002351.1	1	20943	38	6053	28.9023	0.557752	30.5	35.4
CBDDTY010002352.1	1	20914	71	9365	44.7786	0.939849	29.3	14.7
CBDDTY010002353.1	1	20909	40	6078	29.0688	0.612607	27.8	14.9
CBDDTY010002354.1	1	20897	197	19049	91.1566	3.52577	30.6	41.8
CBDDTY010002355.1	1	20896	53	11537	55.2115	1.03527	31.7	49.6
CBDDTY010002356.1	1	20893	107	11002	52.6588	1.70052	30.1	41.1
CBDDTY010002357.1	1	20879	147	12884	61.7079	2.51904	30	10.4
CBDDTY010002358.1	1	20874	92	15466	74.0922	1.53579	31.3	42.9
CBDDTY010002359.1	1	20838	73	10809	51.8716	1.20515	30	19
CBDDTY010002360.1	1	20831	40	8572	41.1502	0.693198	29.9	36.7
CBDDTY010002361.1	1	20829	52	6923	33.2373	0.678717	31.8	4.92
CBDDTY010002362.1	1	20824	27	6154	29.5524	0.455484	31.8	25.2
CBDDTY010002363.1	1	20824	101	14662	70.4091	1.67235	29.9	29.9
CBDDTY010002364.1	1	20807	79	12144	58.365	1.32499	30.3	17.4
CBDDTY010002365.1	1	20787	29	6255	30.0909	0.430606	30.4	9.55
CBDDTY010002366.1	1	20785	8	2247	10.8107	0.115131	33	11
CBDDTY010002367.1	1	20773	114	9313	44.8322	1.84942	30.6	12.2
CBDDTY010002368.1	1	20758	62	8119	39.1126	1.00361	29.6	27.9
CBDDTY010002369.1	1	20733	78	11559	55.7517	1.20065	29.4	30.4
CBDDTY010002370.1	1	20732	92	14249	68.7295	1.35279	29	33.7
CBDDTY010002371.1	1	20730	42	10691	51.5726	0.757212	30.7	23
CBDDTY010002372.1	1	20712	125	10860	52.4334	2.05451	30.3	33.1
CBDDTY010002373.1	1	20697	29	5398	26.0811	0.405904	29.5	28.7
CBDDTY010002374.1	1	20695	35	6317	30.5243	0.671128	30.4	7.54
CBDDTY010002375.1	1	20671	31	5790	28.0103	0.45155	29.7	23.4
CBDDTY010002376.1	1	20664	100	14834	71.7867	1.70311	29.7	31
CBDDTY010002377.1	1	20658	28	5090	24.6394	0.309565	31.3	26.5
CBDDTY010002378.1	1	20655	169	13107	63.4568	2.88584	30.1	48.2
CBDDTY010002379.1	1	20654	71	11885	57.5433	1.28987	30.1	33.6
CBDDTY010002380.1	1	20628	78	8592	41.6521	1.41274	30.6	22.1
CBDDTY010002381.1	1	20624	27	4558	22.1005	0.451852	30.9	6.44
CBDDTY010002382.1	1	20623	82	12580	60.9999	1.19585	31.2	38.8
CBDDTY010002383.1	1	20605	100	14003	67.9592	1.65047	28.2	24.8
CBDDTY010002384.1	1	20604	71	12361	59.9932	1.34687	29.9	45.1
CBDDTY010002385.1	1	20597	45	7103	34.4856	0.734427	29.1	12.1
CBDDTY010002386.1	1	20596	86	10600	51.4663	1.37556	31.2	22.9
CBDDTY010002387.1	1	20586	67	8346	40.5421	1.0495	31	6.34
CBDDTY010002388.1	1	20582	94	10901	52.9638	1.80566	30.3	28.7
CBDDTY010002389.1	1	20582	37	8310	40.3751	0.539403	28	12.8
CBDDTY010002390.1	1	20574	84	11411	55.4632	1.41703	31.1	23.1
CBDDTY010002391.1	1	20573	75	12989	63.1361	1.21368	30.2	53.6
CBDDTY010002392.1	1	20569	58	9874	48.0043	1.06695	31.3	45.5
CBDDTY010002393.1	1	20567	48	10196	49.5746	0.795838	29.8	46.9
CBDDTY010002394.1	1	20565	42	8698	42.2952	0.643666	31.2	32.4
CBDDTY010002395.1	1	20557	53	7299	35.5062	0.725933	30	7.11
CBDDTY010002396.1	1	20551	26	4671	22.7288	0.380225	29.3	20.7
CBDDTY010002397.1	1	20550	58	10384	50.5304	0.855523	30.1	34
CBDDTY010002398.1	1	20537	29	6152	29.9557	0.483225	30.6	28.3
CBDDTY010002399.1	1	20525	98	13850	67.4787	1.63903	30.8	34.8
CBDDTY010002400.1	1	20504	105	15779	76.9557	1.73161	30.5	37.6
CBDDTY010002401.1	1	20472	45	7410	36.1958	0.909291	31.2	28.6
CBDDTY010002402.1	1	20464	41	9065	44.2973	0.743452	31.4	25.3
CBDDTY010002403.1	1	20455	242	16094	78.68	4.45651	30.7	18.9
CBDDTY010002404.1	1	20447	176	13396	65.5157	3.00998	30.7	23.9
CBDDTY010002405.1	1	20439	31	4736	23.1714	0.442243	29	31.6
CBDDTY010002406.1	1	20428	68	12418	60.7891	1.17138	30.2	35.1
CBDDTY010002407.1	1	20416	65	11191	54.8149	0.972766	30.4	44.5
CBDDTY010002408.1	1	20416	14	2461	12.0543	0.204692	29.3	13.4
CBDDTY010002409.1	1	20410	54	10775	52.7927	1.00441	31.3	22.7
CBDDTY010002410.1	1	20373	96	12673	62.2049	1.67717	31.1	38.5
CBDDTY010002411.1	1	20371	48	10429	51.1953	0.925237	30.5	23.1
CBDDTY010002412.1	1	20366	98	14076	69.1152	1.83414	30.2	46.8
CBDDTY010002413.1	1	20357	61	4029	19.7917	1.14319	30.3	18.5
CBDDTY010002414.1	1	20356	37	5593	27.4759	0.697681	29.8	34.7
CBDDTY010002415.1	1	20332	36	6753	33.2137	0.496606	30.4	11.8
CBDDTY010002416.1	1	20326	79	8772	43.1565	1.30463	30.9	10.9
CBDDTY010002417.1	1	20321	41	8577	42.2076	0.692584	29.5	12
CBDDTY010002418.1	1	20308	196	14995	73.8379	3.71292	30	32.2
CBDDTY010002419.1	1	20294	72	13857	68.2813	1.34794	30.1	47.2
CBDDTY010002420.1	1	20292	55	9918	48.8764	1.01498	30	27.5
CBDDTY010002421.1	1	20285	82	13117	64.6635	1.26976	29.6	30.6
CBDDTY010002422.1	1	20277	72	11798	58.1841	1.27938	31.2	55.9
CBDDTY010002423.1	1	20248	19	3988	19.6958	0.274101	27.6	10.6
CBDDTY010002424.1	1	20247	48	9377	46.313	0.823925	31	35.7
CBDDTY010002425.1	1	20243	41	6071	29.9906	0.650595	29.9	24.1
CBDDTY010002426.1	1	20241	109	12916	63.8111	1.88731	30.6	31
CBDDTY010002427.1	1	20240	66	12120	59.8814	1.10529	30.2	46.4
CBDDTY010002428.1	1	20232	78	10116	50	1.1769	31.4	27.7
CBDDTY010002429.1	1	20226	74	12804	63.3047	1.25744	30.3	48.3
CBDDTY010002430.1	1	20223	27	6511	32.196	0.416259	30.5	37.9
CBDDTY010002431.1	1	20200	58	7398	36.6238	0.978911	29.4	40.7
CBDDTY010002432.1	1	20196	27	6716	33.2541	0.475886	28.9	25.2
CBDDTY010002433.1	1	20188	51	12305	60.9521	1.01783	29.9	20.7
CBDDTY010002434.1	1	20172	136	12294	60.9459	2.4479	30.5	30.6
CBDDTY010002435.1	1	20160	34	7107	35.253	0.575	30.1	13.1
CBDDTY010002436.1	1	20157	75	12994	64.464	1.34846	30.8	41.4
CBDDTY010002437.1	1	20151	66	10904	54.1115	1.38896	30.5	31.4
CBDDTY010002438.1	1	20149	61	10436	51.7941	0.984168	31	39
CBDDTY010002439.1	1	20148	75	12148	60.2938	1.13867	31.1	43.4
CBDDTY010002440.1	1	20147	51	11016	54.6781	0.92793	31	40
CBDDTY010002441.1	1	20144	75	13352	66.2828	1.52006	30.3	44.9
CBDDTY010002442.1	1	20129	88	12032	59.7745	1.28769	29.6	27.4
CBDDTY010002443.1	1	20129	43	6008	29.8475	0.769735	29.7	4.35
CBDDTY010002444.1	1	20125	52	10412	51.7366	0.813317	30.1	23.7
CBDDTY010002445.1	1	20109	83	13331	66.2937	1.54737	30.2	31.9
CBDDTY010002446.1	1	20103	49	8485	42.2076	1.07392	29.3	31.7
CBDDTY010002447.1	1	20082	23	3773	18.788	0.333035	29.1	33.7
CBDDTY010002448.1	1	20080	34	7824	38.9641	0.829482	29.6	0.824
CBDDTY010002449.1	1	20070	63	10900	54.3099	1.2558	30.4	37.9
CBDDTY010002450.1	1	20060	158	15914	79.332	3.2989	30.1	38.4
CBDDTY010002451.1	1	20044	54	11889	59.3145	0.970714	31.1	41.9
CBDDTY010002452.1	1	20034	45	9879	49.3112	0.797794	31.6	45.9
CBDDTY010002453.1	1	20019	71	11493	57.4105	1.2671	29.9	36
CBDDTY010002454.1	1	20000	30	3640	18.2	0.5375	31.2	3.8
CBDDTY010002455.1	1	20000	39	7163	35.815	0.6821	29.3	19.3
CBDDTY010002456.1	1	19800	55	10817	54.6313	1.10702	31.4	45.1
CBDDTY010002458.1	1	20000	3	328	1.64	0.0257	32.2	0.667
CBDDTY010002459.1	1	20000	148	8600	43	2.91105	31.1	15.8
CBDDTY010002460.1	1	20000	45	10174	50.87	0.97985	30.9	32.4
CBDDTY010002461.1	1	20000	61	9137	45.685	0.95015	30.5	34.6
CBDDTY010002462.1	1	20000	74	10498	52.49	1.42615	31.1	27.8
CBDDTY010002463.1	1	20000	46	8931	44.655	0.89825	29.6	46.4
CBDDTY010002464.1	1	20000	29	3776	18.88	0.456	29.3	7.38
CBDDTY010002465.1	1	20000	21	2599	12.995	0.30605	29.3	8.62
CBDDTY010002466.1	1	20000	59	12547	62.735	1.2677	30.4	38.4
CBDDTY010002467.1	1	20000	67	10420	52.1	1.2294	29.7	28.8
CBDDTY010002468.1	1	20000	3	541	2.705	0.03995	32.4	0
CBDDTY010002469.1	1	20000	89	10298	51.49	1.2616	30.8	17.4
CBDDTY010002470.1	1	20000	96	12616	63.08	1.6348	30.6	41.4
CBDDTY010002472.1	1	20000	8	1142	5.71	0.144	29.6	41
CBDDTY010002473.1	1	20000	29	4546	22.73	0.4785	32.4	22.1
CBDDTY010002474.1	1	20000	71	13082	65.41	1.16505	29.6	42.9
CBDDTY010002475.1	1	19800	14	2921	14.7525	0.200707	31.2	10.9
CBDDTY010002476.1	1	20000	36	4213	21.065	0.47055	29	6.97
CBDDTY010002477.1	1	20000	60	10313	51.565	1.04265	31.2	34.2
CBDDTY010002478.1	1	20000	53	10660	53.3	1.24895	30.3	14
CBDDTY010002479.1	1	19800	24	4842	24.4545	0.538788	31.9	14.8
CBDDTY010002480.1	1	20000	140	12830	64.15	2.67185	29.8	28.5
CBDDTY010002481.1	1	20000	117	10429	52.145	2.16905	31.4	34.9
CBDDTY010002482.1	1	19979	20	4776	23.9051	0.30497	29.5	19.6
CBDDTY010002483.1	1	19975	28	5521	27.6395	0.423479	31.3	37.3
CBDDTY010002484.1	1	19967	83	13861	69.4195	1.4214	28.9	23.7
CBDDTY010002485.1	1	19967	80	11813	59.1626	1.27811	30	21
CBDDTY010002486.1	1	19963	58	6741	33.7675	0.970345	31.3	15.6
CBDDTY010002487.1	1	19950	73	11615	58.2206	1.1586	29.9	31.7
CBDDTY010002488.1	1	19948	24	4769	23.9072	0.349509	32	18.8
CBDDTY010002489.1	1	19947	28	4948	24.8057	0.437309	29.6	25.7
CBDDTY010002490.1	1	19945	24	4384	21.9804	0.379093	30.5	0.792
CBDDTY010002491.1	1	19925	57	6586	33.054	0.92266	30.1	17.2
CBDDTY010002492.1	1	19924	133	6835	34.3054	2.40991	31.5	22.4
CBDDTY010002493.1	1	19914	74	12635	63.4478	1.2208	30.7	36
CBDDTY010002494.1	1	19912	191	10045	50.447	3.41176	29.5	14.6
CBDDTY010002495.1	1	19908	59	6626	33.2831	0.897277	31.3	23.9
CBDDTY010002496.1	1	19895	36	8372	42.0809	0.7047	30.3	27
CBDDTY010002497.1	1	19889	67	7283	36.6182	1.21489	29	31.4
CBDDTY010002498.1	1	19885	92	8453	42.5094	1.51275	30.1	16.5
CBDDTY010002499.1	1	19885	66	12817	64.4556	1.25029	30.7	53.3
CBDDTY010002500.1	1	19884	123	10898	54.8079	1.99567	28.6	22.5
CBDDTY010002501.1	1	19881	51	8261	41.5522	0.862834	29.7	4.96
CBDDTY010002502.1	1	19869	66	13004	65.4487	1.42539	29.7	49.4
CBDDTY010002503.1	1	19860	40	8922	44.9245	0.822961	30.1	35.6
CBDDTY010002504.1	1	19858	49	6078	30.6073	0.737134	31.1	3.59
CBDDTY010002505.1	1	19858	68	11177	56.2846	1.3027	29.2	24
CBDDTY010002506.1	1	19852	55	10761	54.2061	0.929982	30.4	38.1
CBDDTY010002507.1	1	19850	40	8483	42.7355	1.02403	29.9	18.9
CBDDTY010002508.1	1	19848	99	12418	62.5655	1.49758	30.5	30.7
CBDDTY010002509.1	1	19846	50	6892	34.7274	0.684168	29.9	18.7
CBDDTY010002510.1	1	19844	99	9913	49.9546	1.58995	30.7	15.9
CBDDTY010002511.1	1	19839	32	7113	35.8536	0.556026	29.7	17.8
CBDDTY010002512.1	1	19832	38	4618	23.2856	0.492638	30.1	4.66
CBDDTY010002513.1	1	19830	62	8504	42.8845	1.09254	31.7	19
CBDDTY010002514.1	1	19815	33	7075	35.7053	0.509261	29.7	17.8
CBDDTY010002515.1	1	19809	111	14129	71.3262	2.03832	30	41.8
CBDDTY010002516.1	1	19801	62	11806	59.6233	1.23655	29.6	32
CBDDTY010002517.1	1	19794	68	10973	55.436	1.28554	30.4	28.8
CBDDTY010002518.1	1	19783	56	10158	51.3471	1.00101	30.7	15.7
CBDDTY010002519.1	1	19783	50	7168	36.2331	0.787646	30.2	11.1
CBDDTY010002520.1	1	19771	64	11854	59.9565	1.18436	30.6	41.1
CBDDTY010002521.1	1	19756	87	13030	65.9546	1.42812	30.4	43.6
CBDDTY010002522.1	1	19729	77	9820	49.7744	1.48619	30.9	13.4
CBDDTY010002523.1	1	19726	22	3508	17.7836	0.273446	31.5	41
CBDDTY010002524.1	1	19720	62	12896	65.3955	1.05958	29.5	53.6
CBDDTY010002525.1	1	19715	50	7188	36.4595	0.725133	30.9	8.8
CBDDTY010002526.1	1	19714	32	5430	27.5439	0.459217	29.5	16
CBDDTY010002527.1	1	19697	26	3269	16.5964	0.350307	29.4	9.96
CBDDTY010002528.1	1	19688	94	13216	67.1272	1.58736	30.5	37.6
CBDDTY010002529.1	1	19677	72	11946	60.7105	1.25095	29.3	38.9
CBDDTY010002530.1	1	19673	66	12857	65.3535	1.32466	31.4	48.8
CBDDTY010002531.1	1	19663	65	9186	46.7172	1.04501	31.4	34.1
CBDDTY010002532.1	1	19661	65	11755	59.7884	1.11795	30.3	42.1
CBDDTY010002533.1	1	19654	116	7667	39.0099	2.08126	30.1	9.3
CBDDTY010002534.1	1	19650	93	11322	57.6183	1.55623	30.4	30.8
CBDDTY010002535.1	1	19646	77	12792	65.1125	1.41576	29.7	37.3
CBDDTY010002536.1	1	19606	66	11059	56.4062	1.15857	30.3	19.9
CBDDTY010002537.1	1	19603	2	443	2.25986	0.0225986	33.4	1
CBDDTY010002538.1	1	19597	73	13933	71.0976	1.22014	30.4	45.7
CBDDTY010002539.1	1	19589	36	5976	30.5069	0.473123	31.1	13.5
CBDDTY010002540.1	1	19578	30	4773	24.3794	0.495454	30.7	22
CBDDTY010002541.1	1	19577	17	3015	15.4007	0.210911	27.1	4.94
CBDDTY010002542.1	1	19568	76	9298	47.5164	1.77693	30.3	12.1
CBDDTY010002543.1	1	19562	371	15329	78.3611	7.25309	30	44.3
CBDDTY010002544.1	1	19553	36	7065	36.1326	0.590446	31	13
CBDDTY010002545.1	1	19544	65	10506	53.7556	1.04718	30.6	45.4
CBDDTY010002546.1	1	19539	11	2644	13.5319	0.150059	30.5	0.273
CBDDTY010002547.1	1	19538	198	8047	41.1864	3.47216	32.4	18.9
CBDDTY010002548.1	1	19525	113	11128	56.9936	1.92497	29.9	22.6
CBDDTY010002549.1	1	19500	47	8541	43.8	0.735949	30.4	43.9
CBDDTY010002550.1	1	19457	115	12357	63.5093	1.71979	30	37.6
CBDDTY010002551.1	1	19433	9	2449	12.6023	0.176967	31.4	12.6
CBDDTY010002552.1	1	19431	44	6401	32.9422	0.762236	30.7	16.4
CBDDTY010002553.1	1	19425	81	14403	74.1467	1.49477	30.2	52.1
CBDDTY010002554.1	1	19403	95	10580	54.5277	1.67041	31.3	28.8
CBDDTY010002555.1	1	19401	34	7627	39.3124	0.61935	30.9	38.6
CBDDTY010002556.1	1	19392	62	10575	54.5328	1.08215	29.8	35.3
CBDDTY010002557.1	1	19380	112	15106	77.9463	2.0676	31.1	43.1
CBDDTY010002558.1	1	19370	37	8441	43.5777	0.750077	31.7	31.7
CBDDTY010002559.1	1	19363	61	10889	56.2361	1.09652	30	39.4
CBDDTY010002560.1	1	19342	16	4881	25.2352	0.309275	28.8	25
CBDDTY010002561.1	1	19330	91	13395	69.2964	1.58432	30.9	36.7
CBDDTY010002562.1	1	19300	89	13917	72.1088	1.60549	30.2	34.7
CBDDTY010002563.1	1	19296	89	13509	70.0093	1.73953	30.9	42.9
CBDDTY010002564.1	1	19290	75	12714	65.9098	1.47133	29.7	33.5
CBDDTY010002565.1	1	19255	31	8625	44.7936	0.535809	30.8	54.5
CBDDTY010002566.1	1	19253	90	13825	71.807	1.77266	31.5	41.5
CBDDTY010002567.1	1	19247	77	11913	61.8954	1.34733	30.8	24.5
CBDDTY010002568.1	1	19245	106	10562	54.8818	1.72663	30	16.2
CBDDTY010002569.1	1	19237	40	8663	45.033	0.690596	29	33.3
CBDDTY010002570.1	1	19228	137	10021	52.1167	2.30487	30.2	17.6
CBDDTY010002571.1	1	19225	68	10597	55.1209	1.17462	29.9	47.1
CBDDTY010002572.1	1	19209	85	13544	70.5086	1.56604	30.2	37.6
CBDDTY010002573.1	1	19206	89	8743	45.5222	1.38613	30	16.8
CBDDTY010002574.1	1	19201	245	15911	82.8655	4.51846	29.9	27.6
CBDDTY010002575.1	1	19192	85	4800	25.0104	1.64292	31.7	9.25
CBDDTY010002576.1	1	19184	66	11922	62.1455	1.0577	30.2	42.4
CBDDTY010002577.1	1	19166	54	11828	61.7135	1.16874	30.9	45.1
CBDDTY010002578.1	1	19151	82	13435	70.153	1.52551	30.8	38.2
CBDDTY010002579.1	1	19151	80	13124	68.5291	1.62274	30.5	39.5
CBDDTY010002580.1	1	19140	5	648	3.38558	0.0519331	27	0.8
CBDDTY010002581.1	1	19126	88	9991	52.2378	1.49875	31.1	19.2
CBDDTY010002582.1	1	19124	36	5912	30.914	0.646674	29.1	23.5
CBDDTY010002583.1	1	19123	64	11896	62.2078	1.11693	30.4	43.9
CBDDTY010002584.1	1	19109	97	15630	81.7939	1.97457	30.7	42.4
CBDDTY010002585.1	1	19103	53	10319	54.0177	0.985709	31.4	49.7
CBDDTY010002586.1	1	19097	27	4679	24.5012	0.3422	30.5	13
CBDDTY010002587.1	1	19091	62	11688	61.2226	1.06034	30.8	46.8
CBDDTY010002588.1	1	19083	65	9339	48.9388	1.10234	30.2	28.9
CBDDTY010002589.1	1	19076	66	11194	58.6811	1.32848	31	26.5
CBDDTY010002590.1	1	19041	119	16323	85.7255	2.47266	31.6	24.7
CBDDTY010002591.1	1	19040	141	10843	56.9485	2.81465	30.3	40
CBDDTY010002592.1	1	19009	70	13871	72.9707	1.39071	30.9	55.1
CBDDTY010002593.1	1	19008	42	9197	48.3849	0.682239	28.6	31.7
CBDDTY010002594.1	1	19003	32	3274	17.2289	0.625954	31.1	12.6
CBDDTY010002595.1	1	19000	63	8686	45.7158	1.00089	31.2	31.2
CBDDTY010002596.1	1	19000	47	7692	40.4842	0.794842	31.2	21.8
CBDDTY010002597.1	1	19000	50	8448	44.4632	0.878	30.3	11.3
CBDDTY010002598.1	1	19000	51	7597	39.9842	0.892526	31	30
CBDDTY010002599.1	1	19000	75	5709	30.0474	1.24779	28.9	41.9
CBDDTY010002600.1	1	19000	49	7877	41.4579	0.753684	31.2	47.4
CBDDTY010002601.1	1	19000	5	612	3.22105	0.0708947	34	55.2
CBDDTY010002602.1	1	19000	22	4607	24.2474	0.456579	31.2	29
CBDDTY010002603.1	1	19000	51	9069	47.7316	0.963684	30.6	33.3
CBDDTY010002604.1	1	19000	103	11769	61.9421	1.79632	31.2	34.9
CBDDTY010002605.1	1	19000	42	9215	48.5	0.920947	31.1	26.7
CBDDTY010002606.1	1	19000	16	2556	13.4526	0.224053	30.1	4.88
CBDDTY010002607.1	1	19000	49	6541	34.4263	0.874789	32	28.4
CBDDTY010002608.1	1	19000	67	7644	40.2316	1.13137	31.2	26.7
CBDDTY010002609.1	1	19000	4	881	4.63684	0.0463684	30.7	8.5
CBDDTY010002610.1	1	19000	49	4566	24.0316	0.773474	29.5	17.6
CBDDTY010002611.1	1	19000	129	5773	30.3842	2.34721	29.8	18.2
CBDDTY010002612.1	1	19000	40	8342	43.9053	0.704368	30	20.1
CBDDTY010002613.1	1	19000	102	5395	28.3947	1.52874	30.5	14.3
CBDDTY010002614.1	1	19000	5	492	2.58947	0.0714211	34.3	0.6
CBDDTY010002615.1	1	19000	62	12914	67.9684	1.15	31.2	39
CBDDTY010002616.1	1	19000	91	11663	61.3842	1.605	30.5	30.9
CBDDTY010002617.1	1	19000	19	5591	29.4263	0.465053	28.9	2.53
CBDDTY010002619.1	1	19000	46	5347	28.1421	0.777421	29.9	8.98
CBDDTY010002620.1	1	19000	51	9214	48.4947	0.817737	29.9	15.1
CBDDTY010002621.1	1	19000	7	1129	5.94211	0.102947	26.2	2.57
CBDDTY010002622.1	1	19000	65	10345	54.4474	1.14421	30.4	17.4
CBDDTY010002624.1	1	18999	37	8268	43.5181	0.79241	30.4	49.6
CBDDTY010002625.1	1	18975	48	5113	26.946	0.740079	29.1	13.8
CBDDTY010002626.1	1	18966	67	11564	60.9723	1.13013	30.8	47.1
CBDDTY010002627.1	1	18957	107	12417	65.5009	2.01709	29.9	30.3
CBDDTY010002628.1	1	18939	14	2745	14.4939	0.222715	30.4	23.5
CBDDTY010002629.1	1	18920	60	11427	60.3964	0.975846	29.9	46
CBDDTY010002630.1	1	18914	56	8042	42.5188	1.0488	29.9	14.5
CBDDTY010002631.1	1	18890	35	5440	28.7983	0.501641	30.5	12.2
CBDDTY010002632.1	1	18857	61	7587	40.2344	0.980644	30.5	30.4
CBDDTY010002633.1	1	18857	71	13197	69.9846	1.27512	30	49
CBDDTY010002634.1	1	18806	680	14476	76.9754	13.1141	30.5	13.8
CBDDTY010002635.1	1	18804	26	4879	25.9466	0.470591	30.7	16.9
CBDDTY010002636.1	1	18798	48	9625	51.2023	0.841579	30.1	24.5
CBDDTY010002637.1	1	18780	37	8102	43.1416	0.681363	30	7.38
CBDDTY010002638.1	1	18772	61	7549	40.2141	0.904645	31	12.6
CBDDTY010002639.1	1	18769	57	12493	66.5619	1.11338	30	44.5
CBDDTY010002640.1	1	18758	48	9995	53.2839	0.771084	29.5	24.7
CBDDTY010002641.1	1	18754	90	8231	43.8893	1.68423	30.2	22.4
CBDDTY010002643.1	1	18720	18	2412	12.8846	0.306143	30.6	30.2
CBDDTY010002644.1	1	18675	29	5289	28.3213	0.495904	28	34.2
CBDDTY010002645.1	1	18674	181	14054	75.2597	3.84053	30.6	22.8
CBDDTY010002646.1	1	18671	86	11501	61.5982	1.59965	30.5	45
CBDDTY010002647.1	1	18669	33	5330	28.55	0.500402	31.3	11.3
CBDDTY010002648.1	1	18643	52	12734	68.3045	1.09156	30.2	47.7
CBDDTY010002649.1	1	18638	78	13468	72.261	1.47779	29.7	47.9
CBDDTY010002650.1	1	18631	99	12957	69.5454	1.4412	30.6	20.4
CBDDTY010002651.1	1	18620	34	5009	26.9012	0.625779	30.3	13.9
CBDDTY010002652.1	1	18588	74	10857	58.4087	1.52227	29.6	16.6
CBDDTY010002653.1	1	18586	67	14087	75.7936	1.40762	29.6	49.8
CBDDTY010002654.1	1	18583	59	6313	33.9719	1.15767	31.5	5.53
CBDDTY010002655.1	1	18542	53	7876	42.4765	0.855032	31.7	36.7
CBDDTY010002656.1	1	18541	31	4240	22.8682	0.588102	29.2	7.84
CBDDTY010002657.1	1	18538	63	9324	50.2967	1.51025	29.3	19.2
CBDDTY010002658.1	1	18535	45	4944	26.6739	0.784192	29.4	30.4
CBDDTY010002659.1	1	18524	51	8238	44.472	1.06143	30.4	6.59
CBDDTY010002660.1	1	18515	72	15069	81.3881	1.49538	30.7	50.3
CBDDTY010002661.1	1	18510	66	9626	52.0043	1.21286	32.1	21.8
CBDDTY010002662.1	1	18509	67	10752	58.0907	1.18407	30.1	31.7
CBDDTY010002663.1	1	18508	25	5699	30.7921	0.459855	31.4	35.1
CBDDTY010002664.1	1	18502	84	10970	59.2909	1.26024	30.4	13.4
CBDDTY010002665.1	1	18498	70	11850	64.061	1.34042	30.8	49.4
CBDDTY010002666.1	1	18497	35	6019	32.5404	0.490836	30.6	34.5
CBDDTY010002667.1	1	18494	63	9385	50.7462	1.20044	31.3	24
CBDDTY010002668.1	1	18480	24	5159	27.9167	0.398864	30.4	30.7
CBDDTY010002669.1	1	18467	60	11175	60.5133	1.29718	30.5	12.5
CBDDTY010002670.1	1	18436	25	5478	29.7136	0.342048	30.5	26.1
CBDDTY010002671.1	1	18435	97	8877	48.153	1.5533	31.2	16
CBDDTY010002672.1	1	18434	62	12502	67.8203	1.21694	29.7	39.2
CBDDTY010002674.1	1	18422	177	9507	51.6068	3.36771	30.5	15.9
CBDDTY010002675.1	1	18420	39	6608	35.874	0.716124	28.7	15.5
CBDDTY010002676.1	1	18417	31	6645	36.0808	0.59798	29.9	23
CBDDTY010002677.1	1	18410	64	11635	63.1993	1.26415	29.3	37
CBDDTY010002678.1	1	18395	30	6554	35.6292	0.653167	29.3	46.9
CBDDTY010002679.1	1	18386	69	13070	71.0867	1.3519	30.8	48.8
CBDDTY010002680.1	1	18365	112	12627	68.7558	2.24536	29.7	28.6
CBDDTY010002681.1	1	18355	116	11421	62.2228	2.08706	30.5	26.6
CBDDTY010002682.1	1	18343	17	4179	22.7825	0.284577	30.5	32.3
CBDDTY010002683.1	1	18318	38	7031	38.383	0.612785	30.7	41.4
CBDDTY010002684.1	1	18310	36	6975	38.0939	0.639705	30.5	46.4
CBDDTY010002685.1	1	18300	99	6351	34.7049	1.75934	29.8	27.3
CBDDTY010002686.1	1	18295	60	8299	45.3621	1.06472	28.4	25.2
CBDDTY010002687.1	1	18294	57	8199	44.818	0.992621	30.7	21.1
CBDDTY010002688.1	1	18267	128	11337	62.0627	2.31861	31.3	24
CBDDTY010002689.1	1	18263	90	13974	76.5154	1.74506	29.6	49.6
CBDDTY010002690.1	1	18237	99	12238	67.1053	2.29468	31.8	27.3
CBDDTY010002691.1	1	18228	218	17397	95.4411	3.79372	30.1	41.6
CBDDTY010002692.1	1	18222	38	7829	42.9645	0.846779	31.6	29
CBDDTY010002693.1	1	18206	110	12924	70.9876	2.21103	30.8	48.5
CBDDTY010002694.1	1	18201	64	10663	58.5847	1.2001	30.5	42.1
CBDDTY010002695.1	1	18192	43	9591	52.721	0.896933	29.9	51.7
CBDDTY010002696.1	1	18184	58	11205	61.6201	1.15514	31.9	30.5
CBDDTY010002697.1	1	18181	60	8830	48.5672	1.02464	30.3	27.3
CBDDTY010002699.1	1	18155	22	2987	16.4528	0.398403	30.5	8.73
CBDDTY010002700.1	1	18148	51	5970	32.8962	0.867258	30.3	40.7
CBDDTY010002701.1	1	18121	63	11051	60.9845	1.15976	30.6	50.2
CBDDTY010002702.1	1	18107	36	10400	57.4364	0.697741	28.5	47.2
CBDDTY010002703.1	1	18105	79	14727	81.3422	1.52411	30.7	50.9
CBDDTY010002704.1	1	18087	64	11047	61.077	1.12805	30.8	53.9
CBDDTY010002705.1	1	18081	56	11618	64.2553	1.07151	30.5	45.9
CBDDTY010002706.1	1	18077	67	11206	61.9904	1.51126	31.3	28.6
CBDDTY010002707.1	1	18073	12	1901	10.5185	0.14198	31.2	15.8
CBDDTY010002708.1	1	18068	115	11825	65.4472	2.1201	30.4	26.3
CBDDTY010002709.1	1	18054	112	14191	78.6031	2.36612	30.4	46
CBDDTY010002710.1	1	18032	71	13149	72.9204	1.47954	30.4	51.4
CBDDTY010002711.1	1	18004	46	6342	35.2255	0.811209	30.4	16.2
CBDDTY010002712.1	1	18002	49	8558	47.5392	0.891345	30.6	39.6
CBDDTY010002713.1	1	18000	33	3700	20.5556	0.469944	31	10.6
CBDDTY010002714.1	1	18000	17	2782	15.4556	0.274889	28.6	14
CBDDTY010002715.1	1	18000	138	14459	80.3278	2.72883	30.1	39
CBDDTY010002716.1	1	18000	58	7106	39.4778	1.08956	31.3	26.7
CBDDTY010002717.1	1	18000	82	9090	50.5	1.4085	30.4	6.46
CBDDTY010002718.1	1	18000	34	8474	47.0778	0.793222	30.8	49.7
CBDDTY010002719.1	1	18000	9	1758	9.76667	0.134944	32	4
CBDDTY010002720.1	1	18000	60	7326	40.7	1.04556	30.6	10.4
CBDDTY010002721.1	1	18000	60	10644	59.1333	1.31444	29.9	38.6
CBDDTY010002722.1	1	18000	85	12864	71.4667	1.78233	29.7	42
CBDDTY010002723.1	1	18000	63	11168	62.0444	1.22439	30	32.3
CBDDTY010002724.1	1	18000	73	8350	46.3889	1.26767	30.7	16.9
CBDDTY010002725.1	1	18000	11	988	5.48889	0.169222	29.1	0.273
CBDDTY010002726.1	1	18000	68	3739	20.7722	1.33072	30.6	53
CBDDTY010002727.1	1	18000	45	8714	48.4111	0.8605	29.6	28.5
CBDDTY010002728.1	1	18000	62	4522	25.1222	1.48467	30.1	14.7
CBDDTY010002729.1	1	18000	104	4093	22.7389	0.619944	22.4	6.47
CBDDTY010002731.1	1	18000	58	11348	63.0444	1.19583	29.7	30.3
CBDDTY010002732.1	1	18000	33	6655	36.9722	0.567278	28.5	44.6
CBDDTY010002733.1	1	18000	42	8872	49.2889	0.823667	30.9	26.2
CBDDTY010002734.1	1	17999	32	5814	32.3018	0.524974	31.4	18.5
CBDDTY010002735.1	1	17990	41	7374	40.9894	0.810061	30.3	49.7
CBDDTY010002736.1	1	17988	58	9801	54.4863	1.12002	31.7	29.2
CBDDTY010002737.1	1	17986	66	8325	46.286	1.05365	30.4	17.6
CBDDTY010002738.1	1	17970	6	1689	9.399	0.108403	34.9	10
CBDDTY010002739.1	1	17965	25	3782	21.052	0.380406	30.4	3.88
CBDDTY010002740.1	1	17936	76	5304	29.5718	1.3789	30.4	7.28
CBDDTY010002741.1	1	17922	97	12382	69.0883	1.87987	30.8	27.8
CBDDTY010002742.1	1	17917	81	11876	66.2834	1.51214	29.8	47.5
CBDDTY010002743.1	1	17901	48	7372	41.1821	0.806771	30.8	8.92
CBDDTY010002744.1	1	17899	110	11368	63.5119	2.05162	31.6	26.1
CBDDTY010002745.1	1	17886	37	3302	18.4614	0.654311	29.4	18.4
CBDDTY010002746.1	1	17865	113	12456	69.7229	2.3316	30.5	36.4
CBDDTY010002747.1	1	17861	187	9582	53.6476	3.59745	31.1	17.9
CBDDTY010002748.1	1	17815	54	10911	61.2461	1.0828	31.2	49.1
CBDDTY010002749.1	1	17811	52	7091	39.8125	0.830049	30.4	29.5
CBDDTY010002750.1	1	17801	105	8872	49.8399	1.97393	29.9	42.7
CBDDTY010002751.1	1	17800	100	10753	60.4101	2.00753	30.6	31.4
CBDDTY010002752.1	1	17783	72	13147	73.9302	1.46303	31.2	44.4
CBDDTY010002753.1	1	17782	66	11627	65.3863	1.32269	30.6	45.9
CBDDTY010002754.1	1	17780	84	10676	60.045	1.79016	32	23.8
CBDDTY010002755.1	1	17761	64	13388	75.3786	1.42903	29.6	48.8
CBDDTY010002756.1	1	17759	73	7960	44.8223	1.52013	32	15.8
CBDDTY010002757.1	1	17755	74	10810	60.8843	1.45097	29.6	50.1
CBDDTY010002758.1	1	17747	40	10721	60.4102	1.02541	30.6	54.2
CBDDTY010002759.1	1	17745	59	8935	50.3522	1.08357	31.5	22.9
CBDDTY010002760.1	1	17736	90	7939	44.7621	1.62613	30.5	18.4
CBDDTY010002761.1	1	17729	16	2999	16.9158	0.274917	31.6	11.4
CBDDTY010002762.1	1	17723	17	2675	15.0934	0.307961	30.9	19.5
CBDDTY010002763.1	1	17717	24	3726	21.0306	0.386126	29.6	13.7
CBDDTY010002764.1	1	17710	17	2784	15.7199	0.275099	30.8	6.47
CBDDTY010002765.1	1	17705	91	11098	62.6829	2.03073	30	33.8
CBDDTY010002766.1	1	17700	58	7806	44.1017	1.10096	30.5	23.1
CBDDTY010002767.1	1	17700	110	14196	80.2034	2.27847	30.3	46.6
CBDDTY010002768.1	1	17675	47	7547	42.6987	0.796945	30.4	28.3
CBDDTY010002769.1	1	17665	87	5628	31.8596	2.21845	31.3	5.62
CBDDTY010002770.1	1	17648	68	8198	46.4529	1.65316	31	26.3
CBDDTY010002771.1	1	17627	45	5220	29.6137	0.744256	30.4	27.2
CBDDTY010002772.1	1	17607	80	14773	83.9041	1.72602	30.4	46.3
CBDDTY010002773.1	1	17604	47	4307	24.466	0.845149	30.1	21.9
CBDDTY010002774.1	1	17584	23	7274	41.3672	0.449386	30.3	26.7
CBDDTY010002775.1	1	17580	52	7118	40.4892	1.0438	29.4	16
CBDDTY010002776.1	1	17551	58	11427	65.1074	1.15087	29.8	50.2
CBDDTY010002777.1	1	17535	84	11399	65.0071	1.67077	30.2	31.3
CBDDTY010002778.1	1	17514	55	4446	25.3854	0.695558	29.7	2.84
CBDDTY010002779.1	1	17507	74	8060	46.0387	1.41412	30	20.2
CBDDTY010002780.1	1	17506	164	11476	65.5547	3.43042	30.1	40.2
CBDDTY010002781.1	1	17498	73	11199	64.0016	1.40313	30.3	33.9
CBDDTY010002782.1	1	17464	56	7745	44.3484	1.10771	30.6	20
CBDDTY010002783.1	1	17454	62	12527	71.7715	1.25587	30.2	45.8
CBDDTY010002784.1	1	17451	62	12591	72.1506	1.297	30.7	50.7
CBDDTY010002785.1	1	17448	62	11984	68.6841	1.25625	31.5	33.1
CBDDTY010002786.1	1	17447	47	9125	52.3013	0.841463	30.5	22.3
CBDDTY010002787.1	1	17436	59	8836	50.6768	1.36832	31.1	12
CBDDTY010002788.1	1	17426	45	9865	56.6108	0.910134	29.7	41.9
CBDDTY010002789.1	1	17422	56	9060	52.0032	1.26708	30.2	23.5
CBDDTY010002790.1	1	17410	57	10378	59.6094	1.20971	30.5	38.1
CBDDTY010002791.1	1	17363	82	11822	68.0873	1.44169	29.6	33.2
CBDDTY010002792.1	1	17358	42	7954	45.8233	0.813227	31	39.5
CBDDTY010002793.1	1	17350	48	8873	51.1412	1.00559	30.5	55.1
CBDDTY010002794.1	1	17346	11	1676	9.66217	0.195261	31.3	9
CBDDTY010002795.1	1	17345	55	8558	49.3399	0.853618	29.6	39.1
CBDDTY010002796.1	1	17326	12	1538	8.87683	0.170726	31.9	6.83
CBDDTY010002797.1	1	17325	52	6741	38.9091	0.987128	32.1	9.58
CBDDTY010002798.1	1	17303	139	8905	51.4651	3.07137	31.3	26.6
CBDDTY010002799.1	1	17280	54	9942	57.5347	1.02471	30.9	33.5
CBDDTY010002800.1	1	17280	69	5720	33.1019	1.05278	31.1	2.22
CBDDTY010002801.1	1	17256	53	6029	34.9386	1.15797	29.6	28.9
CBDDTY010002802.1	1	17247	21	3244	18.8091	0.285499	30.2	4.43
CBDDTY010002803.1	1	17240	44	5650	32.7726	0.809745	29.8	4.48
CBDDTY010002804.1	1	17229	56	8298	48.163	1.10279	29.9	27.6
CBDDTY010002805.1	1	17221	30	5897	34.2431	0.576331	30.8	38.2
CBDDTY010002806.1	1	17219	28	5962	34.6245	0.458912	31.3	31.1
CBDDTY010002807.1	1	17213	53	9352	54.331	1.12427	30	5.06
CBDDTY010002808.1	1	17207	34	3132	18.2019	0.587842	30.1	20.6
CBDDTY010002809.1	1	17178	22	5349	31.1387	0.441786	31.3	9.09
CBDDTY010002810.1	1	17177	38	7174	41.7652	0.667753	31.5	36.6
CBDDTY010002811.1	1	17172	72	10553	61.4547	1.26165	30.2	49.3
CBDDTY010002812.1	1	17171	68	9762	56.8517	1.17873	29.8	22.2
CBDDTY010002813.1	1	17159	25	2901	16.9066	0.53319	30.5	7.96
CBDDTY010002814.1	1	17147	51	9087	52.9947	0.973756	29.9	35.5
CBDDTY010002815.1	1	17141	83	9361	54.6117	1.68333	29.8	22.1
CBDDTY010002816.1	1	17137	41	8512	49.6703	0.782401	31.2	52.7
CBDDTY010002817.1	1	17132	60	9799	57.1971	1.3532	31.5	6.9
CBDDTY010002818.1	1	17125	25	4952	28.9168	0.457285	30.3	19
CBDDTY010002819.1	1	17122	65	11724	68.4733	1.51886	29.9	51.8
CBDDTY010002820.1	1	17118	6	2013	11.7596	0.149725	35.3	43.7
CBDDTY010002821.1	1	17112	85	12736	74.4273	1.71137	30.5	22.2
CBDDTY010002822.1	1	17109	58	11109	64.9307	1.23298	32.2	36.2
CBDDTY010002823.1	1	17101	40	6013	35.1617	0.65926	30.2	10.3
CBDDTY010002824.1	1	17086	145	13516	79.1057	3.18056	31.5	32.6
CBDDTY010002825.1	1	17083	127	12554	73.4883	2.84687	30.7	26.1
CBDDTY010002826.1	1	17072	51	5342	31.291	0.985239	29.5	23.2
CBDDTY010002827.1	1	17052	115	14386	84.3655	2.61905	30	45
CBDDTY010002828.1	1	17051	71	10515	61.6679	1.37441	30.4	41.6
CBDDTY010002829.1	1	17033	95	13608	79.892	2.13556	30.4	37.5
CBDDTY010002830.1	1	17027	115	9941	58.3837	2.23545	30.9	16.6
CBDDTY010002831.1	1	17023	78	10659	62.6153	1.53768	30.7	26.8
CBDDTY010002832.1	1	17021	62	11318	66.4943	1.29857	30.8	42.9
CBDDTY010002833.1	1	17019	153	9730	57.1714	3.18832	30.3	18.6
CBDDTY010002834.1	1	17002	34	4075	23.9678	0.575168	31.7	16.8
CBDDTY010002835.1	1	17000	27	4441	26.1235	0.472941	30.3	18
CBDDTY010002836.1	1	17000	561	13620	80.1176	12.3851	31.3	41.1
CBDDTY010002837.1	1	17000	1	457	2.68824	0.0268824	34.8	18
CBDDTY010002838.1	1	17000	75	10336	60.8	1.49424	30.4	35.5
CBDDTY010002839.1	1	17000	108	10772	63.3647	2.17029	30.1	15.6
CBDDTY010002841.1	1	17000	46	6788	39.9294	0.867	30.2	13.2
CBDDTY010002842.1	1	17000	60	9011	53.0059	1.22776	30.6	22.6
CBDDTY010002843.1	1	17000	56	6709	39.4647	1.028	30.1	29.1
CBDDTY010002844.1	1	17000	48	5337	31.3941	0.978588	29.9	20.1
CBDDTY010002845.1	1	17000	41	8536	50.2118	0.921588	29.9	35.2
CBDDTY010002846.1	1	17000	27	5469	32.1706	0.490824	29.8	32.7
CBDDTY010002847.1	1	17000	20	2804	16.4941	0.299059	30.6	11.9
CBDDTY010002848.1	1	17000	67	11907	70.0412	1.52947	30.2	46.3
CBDDTY010002849.1	1	17000	31	5241	30.8294	0.636235	29.8	28.4
CBDDTY010002850.1	1	17000	76	10188	59.9294	1.50565	30.2	9.39
CBDDTY010002851.1	1	16800	27	3736	22.2381	0.410655	30	6.3
CBDDTY010002852.1	1	17000	48	9815	57.7353	1.01965	30.3	37.5
CBDDTY010002853.1	1	17000	51	11490	67.5882	1.17906	31	44.5
CBDDTY010002854.1	1	17000	135	9964	58.6118	2.96082	30.1	6.91
CBDDTY010002855.1	1	17000	52	6790	39.9412	1.08824	29.7	21.4
CBDDTY010002856.1	1	17000	5	1175	6.91176	0.0795882	32.6	0.8
CBDDTY010002857.1	1	17000	102	8292	48.7765	2.02282	30.5	19.8
CBDDTY010002858.1	1	17000	7	249	1.46471	0.0702941	33.9	10.1
CBDDTY010002859.1	1	17000	9	1864	10.9647	0.162294	32.4	38.3
CBDDTY010002860.1	1	17000	52	7297	42.9235	1.21665	30.1	15.9
CBDDTY010002861.1	1	17000	30	4369	25.7	0.628294	26.8	20.4
CBDDTY010002862.1	1	17000	39	5958	35.0471	0.709824	29.9	16.5
CBDDTY010002863.1	1	17000	17	3220	18.9412	0.255353	31.9	5.76
CBDDTY010002864.1	1	17000	14	2825	16.6176	0.221941	26.4	11
CBDDTY010002865.1	1	16991	89	12645	74.4218	1.74333	30.2	33
CBDDTY010002866.1	1	16987	65	7890	46.4473	1.32731	30.3	25.4
CBDDTY010002867.1	1	16968	64	9112	53.7011	1.2909	30	43.3
CBDDTY010002868.1	1	16958	52	10756	63.4273	1.09382	30	45.7
CBDDTY010002869.1	1	16948	67	11700	69.0347	1.36282	29.3	49
CBDDTY010002870.1	1	16942	150	9506	56.1091	3.10146	30.9	17.4
CBDDTY010002871.1	1	16938	17	2219	13.1007	0.257291	31.2	19.9
CBDDTY010002872.1	1	16904	32	6644	39.3043	0.649787	30.8	47.5
CBDDTY010002873.1	1	16897	60	6522	38.5986	1.38326	29.8	8.32
CBDDTY010002874.1	1	16883	66	4802	28.4428	1.38601	30.5	9.48
CBDDTY010002875.1	1	16866	11	3006	17.8228	0.253053	30.9	30.4
CBDDTY010002876.1	1	16862	56	7098	42.0947	1.12021	30.9	14.8
CBDDTY010002877.1	1	16850	22	4236	25.1395	0.352819	30.2	21.5
CBDDTY010002878.1	1	16849	77	10740	63.7427	1.431	29.4	11
CBDDTY010002879.1	1	16832	40	7051	41.8904	0.760694	29.8	32.5
CBDDTY010002880.1	1	16821	14	3275	19.4697	0.28078	27.7	16.9
CBDDTY010002881.1	1	16812	65	8872	52.7718	1.46711	28.5	31.9
CBDDTY010002882.1	1	16795	74	11984	71.3546	1.60554	30.7	39.2
CBDDTY010002883.1	1	16786	80	11137	66.347	1.59317	30.3	36
CBDDTY010002884.1	1	16782	64	11849	70.6054	1.36491	29.9	36.3
CBDDTY010002885.1	1	16764	93	7692	45.884	1.81764	30.3	45.5
CBDDTY010002886.1	1	16760	28	3565	21.2709	0.558353	32	14.2
CBDDTY010002887.1	1	16730	42	8424	50.3527	0.825284	31.7	48.8
CBDDTY010002888.1	1	16724	39	6362	38.0411	0.761481	30.3	28
CBDDTY010002889.1	1	16707	52	10689	63.9792	1.0337	29.7	54
CBDDTY010002890.1	1	16705	52	7575	45.3457	1.27776	29.1	13.3
CBDDTY010002891.1	1	16699	62	8498	50.8893	1.2087	30	26.7
CBDDTY010002892.1	1	16683	47	7755	46.4844	0.776059	29.4	18.2
CBDDTY010002893.1	1	16666	69	12943	77.6611	1.4154	29	51.3
CBDDTY010002894.1	1	16658	53	10398	62.4205	1.15164	30.7	38.6
CBDDTY010002895.1	1	16650	55	6738	40.4685	0.997237	31.1	14.2
CBDDTY010002896.1	1	16650	45	9484	56.961	1.14426	29.9	38.2
CBDDTY010002897.1	1	16647	44	5815	34.9312	0.713822	31.5	19.2
CBDDTY010002898.1	1	16635	54	8892	53.4536	0.943252	29.8	41.1
CBDDTY010002899.1	1	16623	30	5610	33.7484	0.540035	30.5	11.1
CBDDTY010002900.1	1	16608	59	8590	51.7221	1.23278	30.8	26.4
CBDDTY010002901.1	1	16601	69	10966	66.0563	1.30625	31.6	49.6
CBDDTY010002902.1	1	16595	28	4460	26.8756	0.546972	30.9	12.2
CBDDTY010002903.1	1	16587	110	13456	81.1238	2.05329	30.6	39.7
CBDDTY010002904.1	1	16574	38	7002	42.2469	0.70152	31.4	42.1
CBDDTY010002905.1	1	16545	70	12604	76.1801	1.46467	30.1	49.3
CBDDTY010002906.1	1	16542	45	6370	38.508	0.856184	30.3	12
CBDDTY010002907.1	1	16538	49	6347	38.3783	0.893276	29.9	7.94
CBDDTY010002908.1	1	16532	36	7740	46.8183	0.752843	30.7	30.6
CBDDTY010002909.1	1	16522	55	7121	43.1001	1.10386	31.3	25
CBDDTY010002910.1	1	16519	103	9752	59.0351	2.14026	30	18.5
CBDDTY010002911.1	1	16513	207	13245	80.2095	4.55302	30.3	31.3
CBDDTY010002912.1	1	16506	31	5853	35.4598	0.521144	31	46.6
CBDDTY010002913.1	1	16469	62	9956	60.453	1.33918	30.4	27.3
CBDDTY010002914.1	1	16468	67	6685	40.5939	1.24435	29.5	4.69
CBDDTY010002915.1	1	16459	38	6609	40.1543	0.770338	28.7	24.7
CBDDTY010002916.1	1	16453	79	7416	45.0738	1.76071	30.8	4.23
CBDDTY010002917.1	1	16451	41	7371	44.8058	0.719288	31	37.8
CBDDTY010002918.1	1	16435	32	4420	26.8938	0.570551	30	20.4
CBDDTY010002919.1	1	16414	64	11294	68.8071	1.23681	29.7	49.1
CBDDTY010002920.1	1	16408	102	10563	64.3771	2.1974	30.5	4.48
CBDDTY010002921.1	1	16407	57	7567	46.1206	1.24258	30.2	14.9
CBDDTY010002922.1	1	16395	36	6811	41.5432	0.773468	28.8	44.5
CBDDTY010002923.1	1	16391	78	11072	67.5493	1.71326	30.5	39.9
CBDDTY010002924.1	1	16384	33	5850	35.7056	0.54187	30.5	20.4
CBDDTY010002925.1	1	16383	61	7367	44.9673	1.29988	30.7	32.7
CBDDTY010002926.1	1	16380	31	5977	36.4896	0.543346	30.6	24.3
CBDDTY010002927.1	1	16377	46	9702	59.2416	1.04928	30.3	52.1
CBDDTY010002928.1	1	16360	19	2129	13.0134	0.297066	28.2	6.32
CBDDTY010002929.1	1	16359	32	6998	42.7777	0.650651	31.3	31.5
CBDDTY010002930.1	1	16358	127	14583	89.149	2.72277	30.3	45.3
CBDDTY010002931.1	1	16353	71	9980	61.0286	1.44891	31.1	45.2
CBDDTY010002932.1	1	16353	129	13747	84.0641	3.09179	30.3	27.5
CBDDTY010002933.1	1	16342	28	4216	25.7986	0.524905	30.6	34.9
CBDDTY010002934.1	1	16341	53	10602	64.8798	1.28438	30.3	45.9
CBDDTY010002935.1	1	16339	78	9970	61.0196	1.37928	29.1	31.3
CBDDTY010002936.1	1	16329	50	7839	48.0066	1.05861	30.7	21.7
CBDDTY010002937.1	1	16318	63	11196	68.6113	1.24874	31.5	45.6
CBDDTY010002938.1	1	16315	121	10563	64.7441	2.90904	31.2	51.5
CBDDTY010002939.1	1	16304	30	9899	60.7152	0.838322	29.6	23.9
CBDDTY010002940.1	1	16296	90	7674	47.0913	1.93735	29.9	13.5
CBDDTY010002941.1	1	16282	39	6381	39.1905	0.723621	28	43.2
CBDDTY010002942.1	1	16279	58	11732	72.0683	1.3784	30.2	49.5
CBDDTY010002943.1	1	16248	29	7392	45.4948	0.665928	30	50
CBDDTY010002944.1	1	16245	48	7629	46.9621	1.37926	30.6	14.8
CBDDTY010002945.1	1	16243	35	6392	39.3523	0.801514	30.8	28.1
CBDDTY010002946.1	1	16243	103	7334	45.1518	2.4123	30	18.1
CBDDTY010002947.1	1	16230	175	11878	73.1855	4.20474	29.5	13.1
CBDDTY010002948.1	1	16221	55	10078	62.1293	1.07472	29.4	39.4
CBDDTY010002949.1	1	16201	44	9647	59.5457	0.893216	30.4	43.6
CBDDTY010002950.1	1	16199	71	9814	60.584	1.5843	29.5	34.1
CBDDTY010002951.1	1	16177	140	14541	89.8869	3.30605	29.9	44.8
CBDDTY010002952.1	1	16176	27	3782	23.3803	0.530045	30.3	14.1
CBDDTY010002953.1	1	16160	67	11304	69.9505	1.52611	29.3	43.2
CBDDTY010002954.1	1	16148	17	3761	23.2908	0.323198	28.5	22.8
CBDDTY010002955.1	1	16119	37	5358	33.2403	0.624977	31.6	39.2
CBDDTY010002956.1	1	16086	73	9952	61.8675	1.54774	31.3	31
CBDDTY010002957.1	1	16084	112	12783	79.4765	2.73638	29.9	51.7
CBDDTY010002958.1	1	16078	87	13050	81.1668	1.81142	29.8	42.2
CBDDTY010002959.1	1	16074	32	5567	34.6336	0.625544	31.2	9.69
CBDDTY010002960.1	1	16069	37	5823	36.2375	0.619391	30.2	8.22
CBDDTY010002961.1	1	16061	65	8594	53.5085	1.37407	30.8	38.5
CBDDTY010002962.1	1	16057	25	4295	26.7485	0.434016	30.8	26.7
CBDDTY010002963.1	1	16046	38	6338	39.4989	0.857098	30.3	27.9
CBDDTY010002964.1	1	16040	125	10216	63.6908	2.99819	30	26.9
CBDDTY010002965.1	1	16012	12	2921	18.2426	0.239383	30.3	12.2
CBDDTY010002966.1	1	16011	43	9341	58.3411	0.920117	30.1	32.6
CBDDTY010002967.1	1	16000	23	5865	36.6562	0.59075	27.9	49.7
CBDDTY010002968.1	1	16000	36	4088	25.55	0.578625	28.4	11.9
CBDDTY010002969.1	1	16000	1	603	3.76875	0.0376875	24.6	0
CBDDTY010002970.1	1	16000	40	7131	44.5688	0.724562	30.6	25
CBDDTY010002971.1	1	16000	47	6103	38.1437	1.18444	29.4	47.5
CBDDTY010002972.1	1	16000	45	6442	40.2625	0.969125	30.1	22.4
CBDDTY010002973.1	1	16000	20	4829	30.1812	0.388188	31	32.4
CBDDTY010002974.1	1	16000	32	5575	34.8438	0.702688	30.6	19.7
CBDDTY010002975.1	1	16000	55	9262	57.8875	0.987375	30.8	52.6
CBDDTY010002976.1	1	16000	100	13626	85.1625	2.6425	29.5	42.3
CBDDTY010002977.1	1	16000	22	2382	14.8875	0.499125	32	9.09
CBDDTY010002978.1	1	16000	12	1428	8.925	0.220188	27.1	28.2
CBDDTY010002979.1	1	16000	114	6571	41.0688	2.43631	30.1	16.4
CBDDTY010002980.1	1	16000	42	6404	40.025	0.803687	29.8	4.71
CBDDTY010002981.1	1	16000	20	4724	29.525	0.52825	30.1	30.1
CBDDTY010002982.1	1	16000	35	7182	44.8875	0.846313	29.7	28.1
CBDDTY010002983.1	1	16000	25	4416	27.6	0.603437	31.6	9.24
CBDDTY010002984.1	1	16000	26	6592	41.2	0.529813	32.3	32
CBDDTY010002985.1	1	16000	34	6439	40.2437	0.624938	30.2	37.7
CBDDTY010002986.1	1	16000	32	4969	31.0562	0.761563	30.7	8.28
CBDDTY010002987.1	1	16000	66	10457	65.3563	1.37662	30.7	39.8
CBDDTY010002988.1	1	16000	61	11235	70.2188	1.39694	30.8	36.9
CBDDTY010002989.1	1	16000	43	6006	37.5375	0.64975	29.8	20.7
CBDDTY010002990.1	1	16000	50	10974	68.5875	1.24463	29.8	31
CBDDTY010002991.1	1	16000	29	6868	42.925	0.619437	29.7	38.3
CBDDTY010002992.1	1	16000	30	4953	30.9563	0.591875	30.4	43.2
CBDDTY010002993.1	1	15997	97	5988	37.432	1.56504	30.3	6.65
CBDDTY010002994.1	1	15974	37	7502	46.9638	0.794353	29.7	27.9
CBDDTY010002995.1	1	15969	5	856	5.36039	0.0683199	28	7.4
CBDDTY010002996.1	1	15967	61	9631	60.3182	1.41373	30	42.1
CBDDTY010002997.1	1	15962	46	7347	46.0281	0.764503	30.2	26.8
CBDDTY010002998.1	1	15957	69	9741	61.0453	1.63991	30.5	20.6
CBDDTY010002999.1	1	15952	28	5599	35.099	0.623684	31.7	18.5
CBDDTY010003000.1	1	15948	47	10569	66.2716	1.19789	31.1	50.1
CBDDTY010003001.1	1	15947	55	10685	67.0032	1.24149	29.9	52.9
CBDDTY010003002.1	1	15902	49	8898	55.9552	1.03823	29.3	27.6
CBDDTY010003003.1	1	15897	79	6452	40.5863	1.64691	30.8	20.4
CBDDTY010003004.1	1	15886	59	10689	67.2857	1.31336	32	52
CBDDTY010003005.1	1	15878	28	5155	32.4663	0.60883	30.2	43.8
CBDDTY010003006.1	1	15875	110	8548	53.8457	2.49065	31.3	27
CBDDTY010003007.1	1	15867	15	3448	21.7306	0.260541	27.7	25.2
CBDDTY010003008.1	1	15849	23	4109	25.9259	0.440028	30.6	3.22
CBDDTY010003009.1	1	15847	42	8036	50.7099	1.05257	30.4	25.8
CBDDTY010003010.1	1	15834	30	4908	30.9966	0.622521	31.3	2.37
CBDDTY010003011.1	1	15826	48	11438	72.2735	1.20321	31.2	51.3
CBDDTY010003012.1	1	15825	46	8287	52.3665	1.01302	29.5	33.3
CBDDTY010003013.1	1	15823	50	10594	66.9532	1.10403	30.9	46.2
CBDDTY010003014.1	1	15795	57	10390	65.7803	1.30554	31.6	44.9
CBDDTY010003015.1	1	15786	68	10070	63.7907	1.63689	30.4	25.1
CBDDTY010003016.1	1	15734	42	7617	48.4111	0.853693	31.4	25.5
CBDDTY010003017.1	1	15720	57	8159	51.902	1.18562	31.3	21.1
CBDDTY010003018.1	1	15717	75	9594	61.0422	1.70624	29.8	30.3
CBDDTY010003019.1	1	15715	25	5251	33.4139	0.572829	30.9	47.9
CBDDTY010003020.1	1	15703	60	11867	75.5715	1.33631	30.3	27.4
CBDDTY010003021.1	1	15694	57	4920	31.3496	0.989805	30.1	9.93
CBDDTY010003022.1	1	15682	76	12765	81.3991	1.72166	29.8	55.4
CBDDTY010003023.1	1	15681	104	12721	81.1237	2.65595	30.6	34.4
CBDDTY010003024.1	1	15664	82	8940	57.0735	1.62366	29.9	15.3
CBDDTY010003025.1	1	15644	66	9055	57.8816	1.78484	29.8	39.1
CBDDTY010003026.1	1	15642	41	9127	58.3493	0.931914	30.4	28.7
CBDDTY010003027.1	1	15634	59	9997	63.944	1.3218	29.9	32
CBDDTY010003028.1	1	15631	90	10686	68.3641	2.05527	31	34.7
CBDDTY010003029.1	1	15601	51	8207	52.6056	1.08019	31.3	22.7
CBDDTY010003030.1	1	15597	72	11461	73.4821	1.91505	30.7	55.9
CBDDTY010003031.1	1	15594	74	9823	62.9922	1.68135	31.1	34.9
CBDDTY010003032.1	1	15574	74	10546	67.7154	1.58668	30.1	39.1
CBDDTY010003033.1	1	15555	24	3054	19.6336	0.457538	31.3	10.5
CBDDTY010003034.1	1	15554	60	9004	57.8886	1.36402	30.9	41.6
CBDDTY010003035.1	1	15553	53	5840	37.549	1.11683	30.4	7.62
CBDDTY010003036.1	1	15532	74	9698	62.4388	1.71472	29.8	53
CBDDTY010003037.1	1	15530	61	9648	62.1249	1.34636	31.3	46.1
CBDDTY010003039.1	1	15523	99	10775	69.4131	2.34375	30.2	32.6
CBDDTY010003040.1	1	15522	59	7942	51.1661	1.17356	31.3	31.6
CBDDTY010003041.1	1	15520	51	7042	45.3737	1.27378	30.5	25.2
CBDDTY010003042.1	1	15507	23	6092	39.2855	0.620494	30.3	40.7
CBDDTY010003043.1	1	15507	51	8743	56.381	0.948023	29.9	35.8
CBDDTY010003044.1	1	15503	65	8148	52.5576	1.25027	29.8	31.1
CBDDTY010003045.1	1	15494	35	4911	31.6961	0.703627	31.1	14.1
CBDDTY010003046.1	1	15493	9	1246	8.04234	0.134383	27.8	14.4
CBDDTY010003047.1	1	15488	78	11194	72.2753	1.65296	30.6	27.7
CBDDTY010003048.1	1	15450	47	9256	59.9094	1.11657	30.7	50.4
CBDDTY010003049.1	1	15445	51	8360	54.1275	1.0305	30.1	37.1
CBDDTY010003050.1	1	15445	25	3719	24.079	0.36944	28	7
CBDDTY010003051.1	1	15444	33	5203	33.6895	0.623219	31.2	20.3
CBDDTY010003052.1	1	15438	82	10661	69.0569	1.78229	30.2	30.2
CBDDTY010003053.1	1	15412	69	7723	50.1103	1.51414	27.7	37.6
CBDDTY010003054.1	1	15411	19	5837	37.8755	0.459023	31.9	31.8
CBDDTY010003055.1	1	15409	35	7356	47.7383	0.858394	30.6	45.9
CBDDTY010003056.1	1	15407	43	5005	32.4852	1.04822	28.9	22.3
CBDDTY010003057.1	1	15404	96	11405	74.0392	2.22884	31.6	36.5
CBDDTY010003058.1	1	15401	48	7639	49.6007	1.01532	30.8	33.4
CBDDTY010003059.1	1	15388	60	10153	65.98	1.15135	30	22.4
CBDDTY010003060.1	1	15365	44	7892	51.3635	1.05968	29.5	23.7
CBDDTY010003061.1	1	15359	45	6302	41.0313	1.08093	30.8	14.9
CBDDTY010003063.1	1	15353	18	3972	25.8712	0.300723	28.7	18.2
CBDDTY010003064.1	1	15347	102	9097	59.2754	2.23119	30.2	23.8
CBDDTY010003065.1	1	15343	48	9788	63.7946	1.15095	30.6	50.6
CBDDTY010003066.1	1	15343	63	12049	78.5309	1.58287	31.1	51.3
CBDDTY010003067.1	1	15337	54	9145	59.627	1.21275	29.8	42.9
CBDDTY010003068.1	1	15331	39	6962	45.4113	0.768117	30.4	22.6
CBDDTY010003069.1	1	15324	41	6948	45.3406	1.0139	32	20.1
CBDDTY010003070.1	1	15324	62	7706	50.2871	1.05116	31.2	31.4
CBDDTY010003071.1	1	15312	70	6802	44.4227	1.44586	29.9	24.3
CBDDTY010003072.1	1	15306	73	11861	77.4925	1.63635	29.9	48.4
CBDDTY010003073.1	1	15290	52	9307	60.8698	1.3157	30.9	33.7
CBDDTY010003074.1	1	15284	22	3444	22.5334	0.380398	31.8	34.7
CBDDTY010003075.1	1	15250	59	12195	79.9672	1.61915	29.2	54.4
CBDDTY010003076.1	1	15235	44	4869	31.9593	0.919199	29.9	20.1
CBDDTY010003077.1	1	15231	55	10118	66.4303	1.50968	28.9	39
CBDDTY010003078.1	1	15225	22	2179	14.312	0.42023	30.4	5.18
CBDDTY010003079.1	1	15223	235	13812	90.7311	5.2445	30.1	39.7
CBDDTY010003080.1	1	15212	55	9646	63.4105	1.10248	31.8	39.5
CBDDTY010003081.1	1	15211	38	6714	44.1391	0.806785	29.2	28.5
CBDDTY010003082.1	1	15208	14	2875	18.9045	0.290045	29.4	34.6
CBDDTY010003083.1	1	15207	49	8610	56.6187	1.1715	29.5	32.8
CBDDTY010003084.1	1	15206	113	12372	81.3626	2.73392	29.8	38.2
CBDDTY010003085.1	1	15206	59	11405	75.0033	1.52525	30.2	44
CBDDTY010003086.1	1	15194	63	11908	78.373	1.5616	31	46.6
CBDDTY010003087.1	1	15181	47	8512	56.0701	0.974837	31.5	46.6
CBDDTY010003088.1	1	15137	91	12754	84.2571	2.30845	30.3	41.1
CBDDTY010003089.1	1	15136	70	9444	62.3943	1.5078	29.9	24.9
CBDDTY010003090.1	1	15132	60	10323	68.2197	1.42942	30.9	48.8
CBDDTY010003091.1	1	15116	35	3975	26.2966	0.663006	29.9	23.7
CBDDTY010003092.1	1	15062	115	12676	84.1588	2.6134	30.1	32.2
CBDDTY010003093.1	1	15041	65	6051	40.23	1.5255	31.1	4.82
CBDDTY010003094.1	1	15039	39	8070	53.6605	0.782964	31.8	42.4
CBDDTY010003095.1	1	15037	62	9164	60.943	1.58223	32.3	44.6
CBDDTY010003096.1	1	15022	31	4030	26.8273	0.61623	31	26.2
CBDDTY010003097.1	1	15016	94	10426	69.4326	2.50479	30.3	5.2
CBDDTY010003098.1	1	15014	27	4244	28.267	0.678633	30.5	6.59
CBDDTY010003099.1	1	15000	15	4163	27.7533	0.355333	31.2	24.9
CBDDTY010003100.1	1	15000	42	6116	40.7733	0.867667	30.1	8.21
CBDDTY010003101.1	1	15000	34	7106	47.3733	0.764333	30.3	32.1
CBDDTY010003102.1	1	15000	3	619	4.12667	0.0938667	32.6	1
CBDDTY010003103.1	1	15000	91	7250	48.3333	3.9986	31.7	2.6
CBDDTY010003104.1	1	15000	21	5779	38.5267	0.5092	31.5	37.9
CBDDTY010003105.1	1	15000	53	8018	53.4533	1.44607	31.5	9.4
CBDDTY010003106.1	1	15000	62	10002	66.68	1.50407	31.1	20.1
CBDDTY010003107.1	1	15000	77	10433	69.5533	1.74907	29.9	40.3
CBDDTY010003108.1	1	14800	40	4306	29.0946	0.945338	30.5	18.4
CBDDTY010003109.1	1	15000	25	4507	30.0467	0.636867	29.2	11.9
CBDDTY010003110.1	1	15000	22	5615	37.4333	0.515067	29.6	42.8
CBDDTY010003111.1	1	15000	12	2347	15.6467	0.215867	29.8	6.92
CBDDTY010003112.1	1	15000	42	9365	62.4333	1.0548	30.4	40.7
CBDDTY010003113.1	1	15000	61	8843	58.9533	1.4818	29.6	29.3
CBDDTY010003114.1	1	15000	6	1133	7.55333	0.154533	30.2	5.67
CBDDTY010003115.1	1	15000	43	5620	37.4667	0.811667	31	8.56
CBDDTY010003116.1	1	15000	51	11645	77.6333	1.26093	30.8	36.4
CBDDTY010003117.1	1	15000	1	186	1.24	0.0124	32.9	34
CBDDTY010003118.1	1	15000	29	6354	42.36	0.660867	29.8	38
CBDDTY010003119.1	1	15000	56	4847	32.3133	1.38653	32.1	6.36
CBDDTY010003120.1	1	15000	68	11181	74.54	1.48813	30.3	40.6
CBDDTY010003121.1	1	15000	62	6694	44.6267	1.3422	30.8	18.8
CBDDTY010003122.1	1	14987	63	10075	67.2249	1.34296	30.9	45.8
CBDDTY010003123.1	1	14980	20	3879	25.8945	0.478371	32	18
CBDDTY010003124.1	1	14957	38	5793	38.731	1.05977	32.1	18.1
CBDDTY010003125.1	1	14953	29	6475	43.3023	0.628904	29.1	44.9
CBDDTY010003126.1	1	14940	101	5784	38.7149	2.23956	28	32.9
CBDDTY010003127.1	1	14912	48	6864	46.03	1.20775	29.7	18.6
CBDDTY010003128.1	1	14898	39	5914	39.6966	0.963217	30.7	7.13
CBDDTY010003129.1	1	14895	38	7129	47.8617	0.804834	30.4	24.3
CBDDTY010003130.1	1	14890	57	9778	65.6682	1.25185	30.4	32.2
CBDDTY010003131.1	1	14887	307	14512	97.481	7.05696	30.4	39.9
CBDDTY010003132.1	1	14882	42	8244	55.3958	0.92669	31.6	51.3
CBDDTY010003133.1	1	14871	31	4910	33.0173	0.818035	30.8	13.2
CBDDTY010003134.1	1	14870	70	9900	66.577	1.50518	29.8	31.6
CBDDTY010003135.1	1	14853	64	11369	76.5435	1.81532	30.9	53.8
CBDDTY010003136.1	1	14844	28	5577	37.5707	0.588184	31.5	19.8
CBDDTY010003137.1	1	14837	62	10194	68.7066	1.33295	30.2	39.4
CBDDTY010003138.1	1	14833	65	11359	76.5792	1.42419	31	42.7
CBDDTY010003139.1	1	14830	77	10591	71.416	1.8147	30.3	38
CBDDTY010003140.1	1	14798	94	11832	79.9568	2.22936	30.7	44.5
CBDDTY010003141.1	1	14795	49	9927	67.097	1.18128	30.8	50.4
CBDDTY010003142.1	1	14794	76	10252	69.2984	1.82642	30.6	18.2
CBDDTY010003143.1	1	14780	77	10681	72.2666	2.06881	32.1	32.8
CBDDTY010003144.1	1	14777	156	6774	45.8415	3.5357	30.2	11
CBDDTY010003145.1	1	14776	15	4120	27.8831	0.368435	31	32.1
CBDDTY010003146.1	1	14758	24	4873	33.0194	0.550617	31.4	10.3
CBDDTY010003147.1	1	14753	35	7874	53.3722	0.914187	31.4	43.9
CBDDTY010003148.1	1	14744	47	5684	38.5513	1.06226	30.9	23.9
CBDDTY010003149.1	1	14715	54	9496	64.5328	1.43609	29.9	43.1
CBDDTY010003150.1	1	14705	153	9796	66.6168	3.74968	30.4	11
CBDDTY010003151.1	1	14695	18	3864	26.2947	0.351344	28.4	32.1
CBDDTY010003152.1	1	14691	10	1400	9.52964	0.194745	31.9	23.7
CBDDTY010003153.1	1	14690	39	8123	55.2961	0.887747	30.6	40.8
CBDDTY010003154.1	1	14668	48	5777	39.3851	1.04622	29.6	28.6
CBDDTY010003155.1	1	14656	32	6251	42.6515	0.672967	29.3	32.5
CBDDTY010003156.1	1	14647	71	9625	65.7131	1.50393	30.5	44.6
CBDDTY010003157.1	1	14637	33	6608	45.1459	0.793742	30.2	46.5
CBDDTY010003158.1	1	14622	40	9387	64.1978	1.15784	31	58.4
CBDDTY010003159.1	1	14620	16	2624	17.948	0.260944	32	6.25
CBDDTY010003160.1	1	14620	84	5760	39.3981	2.19829	30.7	10.8
CBDDTY010003161.1	1	14619	8	1130	7.72967	0.145359	32.6	14
CBDDTY010003162.1	1	14614	93	10870	74.3807	2.40612	29.8	47.3
CBDDTY010003163.1	1	14600	49	9496	65.0411	1.01199	31.8	44.3
CBDDTY010003164.1	1	14594	61	7470	51.1854	1.4915	30.5	35.6
CBDDTY010003165.1	1	14591	36	7347	50.353	0.903845	29.5	46.8
CBDDTY010003166.1	1	14587	32	5705	39.1102	0.79091	30.4	43.5
CBDDTY010003167.1	1	14585	58	10100	69.2492	1.63675	29	45.3
CBDDTY010003168.1	1	14585	83	11402	78.1762	1.92108	30.4	32.7
CBDDTY010003169.1	1	14578	8	1342	9.20565	0.129579	28.1	17.9
CBDDTY010003170.1	1	14578	44	6338	43.4765	1.08506	30.4	7.91
CBDDTY010003171.1	1	14571	17	3004	20.6163	0.28392	30	9.24
CBDDTY010003172.1	1	14562	46	8480	58.2338	1.14112	28.7	49.5
CBDDTY010003173.1	1	14557	43	7713	52.9848	1.00055	29.3	32.4
CBDDTY010003174.1	1	14550	20	4305	29.5876	0.440137	29.7	29
CBDDTY010003175.1	1	14548	34	4457	30.6365	0.765604	31.3	10.4
CBDDTY010003176.1	1	14541	63	7713	53.0431	1.59184	29.4	3.79
CBDDTY010003177.1	1	14528	130	10784	74.2291	2.60001	30.1	17.6
CBDDTY010003178.1	1	14506	49	8322	57.3694	1.17827	31.2	34
CBDDTY010003179.1	1	14470	29	4098	28.3207	0.752937	29.8	20.8
CBDDTY010003180.1	1	14455	84	10411	72.0235	1.92916	30.9	38.4
CBDDTY010003181.1	1	14452	33	4177	28.9026	0.780792	28.5	3.42
CBDDTY010003182.1	1	14450	49	9216	63.7785	1.38256	31.2	35
CBDDTY010003183.1	1	14450	9	1266	8.76125	0.173495	30.8	0.333
CBDDTY010003184.1	1	14437	46	9634	66.7313	1.12579	30.7	48.5
CBDDTY010003185.1	1	14415	51	11244	78.0021	1.24696	30.4	48.1
CBDDTY010003186.1	1	14370	62	9432	65.6367	1.66131	30.9	31.3
CBDDTY010003187.1	1	14351	11	922	6.42464	0.101596	30.5	6.36
CBDDTY010003188.1	1	14350	25	4601	32.0627	0.545505	30.8	12.3
CBDDTY010003189.1	1	14346	25	4619	32.1971	0.523351	31	8
CBDDTY010003190.1	1	14343	44	7047	49.132	0.873667	31.6	32.5
CBDDTY010003191.1	1	14302	45	6541	45.7349	0.964341	28.9	30
CBDDTY010003192.1	1	14287	97	12245	85.7073	2.21761	30.6	32.3
CBDDTY010003193.1	1	14272	26	5380	37.6962	0.55199	29.9	21.1
CBDDTY010003194.1	1	14271	35	6440	45.1265	0.774087	28	37.1
CBDDTY010003195.1	1	14266	10	2194	15.3792	0.158629	29.5	1.9
CBDDTY010003196.1	1	14261	54	10123	70.9838	1.2835	29.9	49.7
CBDDTY010003197.1	1	14242	110	6458	45.3448	3.05645	30.2	17.6
CBDDTY010003198.1	1	14230	22	3036	21.3352	0.466058	29.8	5
CBDDTY010003199.1	1	14221	15	2871	20.1885	0.230715	31.8	8.27
CBDDTY010003200.1	1	14164	23	5428	38.3225	0.513273	28.1	26.7
CBDDTY010003201.1	1	14142	29	4571	32.3222	0.607057	31.9	1.79
CBDDTY010003202.1	1	14129	21	3299	23.3491	0.317503	30.6	15.3
CBDDTY010003203.1	1	14119	61	9899	70.1112	1.49182	31.5	52.1
CBDDTY010003204.1	1	14115	41	4671	33.0925	1.06277	29.3	1.27
CBDDTY010003205.1	1	14072	24	5426	38.5588	0.556211	29.8	14.6
CBDDTY010003206.1	1	14036	46	8700	61.9835	1.12696	30.6	52.4
CBDDTY010003207.1	1	14035	43	7813	55.668	0.995155	31.5	48.9
CBDDTY010003208.1	1	14030	46	7892	56.2509	1.17798	31	32.7
CBDDTY010003209.1	1	14024	23	2639	18.8177	0.54257	31.9	46
CBDDTY010003210.1	1	14000	46	5321	38.0071	1.25043	28	24.5
CBDDTY010003211.1	1	14000	61	8859	63.2786	1.57293	31.1	10.8
CBDDTY010003212.1	1	14000	28	6223	44.45	0.795786	31.7	13
CBDDTY010003213.1	1	14000	34	4332	30.9429	0.675286	29.5	11.3
CBDDTY010003214.1	1	14000	171	10803	77.1643	4.38914	30.7	19.1
CBDDTY010003215.1	1	14000	16	3540	25.2857	0.548429	32.5	3.06
CBDDTY010003216.1	1	14000	22	4242	30.3	0.522857	29.9	17.6
CBDDTY010003217.1	1	14000	46	3186	22.7571	0.932929	32.5	0.109
CBDDTY010003218.1	1	14000	31	5886	42.0429	0.669	30.1	2.03
CBDDTY010003219.1	1	14000	20	3321	23.7214	0.428214	29.6	27.1
CBDDTY010003220.1	1	14000	76	6227	44.4786	1.83421	31	6.29
CBDDTY010003221.1	1	14000	90	8513	60.8071	2.29243	29.9	15.7
CBDDTY010003222.1	1	14000	135	6644	47.4571	3.41421	31.2	42.8
CBDDTY010003223.1	1	14000	9	2067	14.7643	0.1875	32.1	9.22
CBDDTY010003224.1	1	14000	32	6752	48.2286	0.659071	29.2	50.8
CBDDTY010003225.1	1	14000	34	4909	35.0643	0.815571	30.9	20
CBDDTY010003226.1	1	14000	35	4955	35.3929	0.654786	28.6	16.1
CBDDTY010003227.1	1	14000	159	8657	61.8357	3.98207	30.2	21.2
CBDDTY010003228.1	1	14000	47	3840	27.4286	1.03607	31.4	11.2
CBDDTY010003229.1	1	14000	59	8994	64.2429	1.40943	32.5	30.6
CBDDTY010003230.1	1	14000	49	7104	50.7429	1.27771	29.3	24
CBDDTY010003231.1	1	14000	66	9557	68.2643	1.8075	30.7	32.9
CBDDTY010003232.1	1	14000	5	1553	11.0929	0.112286	31.9	36.4
CBDDTY010003233.1	1	14000	11	4157	29.6929	0.377857	31.5	29
CBDDTY010003234.1	1	13998	24	3887	27.7683	0.445635	29	14.1
CBDDTY010003235.1	1	13987	123	11871	84.8717	2.73668	31.2	35.7
CBDDTY010003236.1	1	13986	52	8880	63.4921	1.35628	30.1	44.7
CBDDTY010003237.1	1	13979	111	10051	71.9007	2.84448	30	46
CBDDTY010003238.1	1	13970	39	7869	56.3278	1.07079	29.3	37.1
CBDDTY010003239.1	1	13967	90	9744	69.7644	2.19997	31	26.4
CBDDTY010003240.1	1	13962	73	9378	67.168	1.67591	30.4	35.2
CBDDTY010003241.1	1	13931	22	3642	26.1431	0.475199	30.8	22.1
CBDDTY010003242.1	1	13930	34	4597	33.0007	0.741709	29.3	16.7
CBDDTY010003243.1	1	13924	36	1845	13.2505	0.683352	31.4	3.83
CBDDTY010003244.1	1	13913	30	6067	43.6067	0.774096	29.8	44
CBDDTY010003245.1	1	13897	39	5645	40.6203	0.771461	29.2	16
CBDDTY010003246.1	1	13896	38	8773	63.1333	1.09528	31.4	53.5
CBDDTY010003247.1	1	13861	147	10548	76.0984	4.04098	28.4	18.9
CBDDTY010003248.1	1	13842	46	9045	65.3446	1.323	30.1	50
CBDDTY010003249.1	1	13836	25	7076	51.1419	0.800882	31.8	46.9
CBDDTY010003250.1	1	13828	9	1510	10.9199	0.193954	29.2	0.667
CBDDTY010003251.1	1	13817	37	7203	52.1314	0.831005	31.5	22.4
CBDDTY010003252.1	1	13814	36	5337	38.6347	0.914797	30.6	14.5
CBDDTY010003253.1	1	13795	51	10232	74.1718	1.4693	29.4	51.6
CBDDTY010003254.1	1	13791	81	9872	71.5829	1.75419	30.7	41.4
CBDDTY010003255.1	1	13781	23	4401	31.9353	0.514839	31	9.04
CBDDTY010003256.1	1	13755	37	5224	37.9789	0.984442	29.7	17.9
CBDDTY010003257.1	1	13741	21	3510	25.544	0.538534	30.3	16.9
CBDDTY010003258.1	1	13738	13	3333	24.2612	0.289416	29.5	2
CBDDTY010003259.1	1	13738	135	9161	66.6837	3.24611	30.4	22.7
CBDDTY010003260.1	1	13703	46	7657	55.8783	1.3497	29.6	32.6
CBDDTY010003261.1	1	13683	36	3141	22.9555	0.847329	32.4	9.47
CBDDTY010003262.1	1	13672	29	5256	38.4435	0.716647	30.7	21.2
CBDDTY010003263.1	1	13665	66	10452	76.4874	1.75024	31.7	28.4
CBDDTY010003264.1	1	13641	70	7380	54.1016	1.50575	29.5	22
CBDDTY010003265.1	1	13631	38	8648	63.4436	0.981073	29.4	43.8
CBDDTY010003266.1	1	13622	91	8336	61.1951	2.85927	29.9	16.3
CBDDTY010003267.1	1	13600	24	5291	38.9044	0.618529	29.4	11.9
CBDDTY010003268.1	1	13597	32	5579	41.0311	0.844451	29.8	42.2
CBDDTY010003269.1	1	13596	62	9457	69.5572	1.32664	30.8	34.3
CBDDTY010003270.1	1	13587	23	4088	30.0876	0.686539	31.8	8.39
CBDDTY010003271.1	1	13574	94	8712	64.1815	2.20657	30.2	23.1
CBDDTY010003272.1	1	13569	71	8988	66.2392	1.80544	30.2	42.9
CBDDTY010003273.1	1	13555	20	3815	28.1446	0.417263	28.8	10.1
CBDDTY010003274.1	1	13533	54	7984	58.9965	1.40168	30.4	44.4
CBDDTY010003275.1	1	13524	118	9600	70.9849	2.93212	29.8	18.7
CBDDTY010003276.1	1	13513	52	5957	44.0835	1.35677	29.7	22.3
CBDDTY010003277.1	1	13511	62	9571	70.8386	1.77226	30.8	35.1
CBDDTY010003278.1	1	13507	46	5113	37.8544	1.33464	30.6	13.3
CBDDTY010003279.1	1	13494	33	5063	37.5204	0.824737	29.7	26.7
CBDDTY010003280.1	1	13492	50	8824	65.4017	1.26801	29.9	27.2
CBDDTY010003281.1	1	13479	36	3936	29.201	0.884858	30.7	19.5
CBDDTY010003282.1	1	13457	30	4223	31.3814	0.672735	31.9	14.5
CBDDTY010003283.1	1	13448	64	7062	52.5134	1.44735	31.4	27.4
CBDDTY010003284.1	1	13439	17	3571	26.5719	0.400402	29.3	31.6
CBDDTY010003285.1	1	13418	27	5108	38.0683	0.638843	32.1	30.4
CBDDTY010003286.1	1	13417	30	5453	40.6425	0.602445	31	41.6
CBDDTY010003287.1	1	13416	88	11385	84.8614	2.51901	30.4	38.8
CBDDTY010003288.1	1	13414	28	5558	41.4343	0.636797	31.2	31.8
CBDDTY010003289.1	1	13408	44	6796	50.6862	0.93847	28.6	45.7
CBDDTY010003290.1	1	13376	48	8133	60.8029	1.14952	29.8	54.8
CBDDTY010003291.1	1	13362	60	7153	53.5324	1.40421	30.9	32.4
CBDDTY010003292.1	1	13360	49	9757	73.0314	1.56123	30.9	52
CBDDTY010003293.1	1	13360	28	6420	48.0539	0.988997	30.9	43.4
CBDDTY010003294.1	1	13357	41	7642	57.2134	1.02366	30.6	43.4
CBDDTY010003295.1	1	13354	30	6266	46.9223	0.733863	30.4	45.1
CBDDTY010003296.1	1	13320	25	6443	48.3709	0.640541	31.6	25.5
CBDDTY010003297.1	1	13310	49	8523	64.0346	1.28843	30.5	36.5
CBDDTY010003298.1	1	13304	35	3524	26.4883	0.830051	29.9	9.34
CBDDTY010003299.1	1	13302	263	8039	60.4345	6.83642	30.3	3.49
CBDDTY010003300.1	1	13293	35	6695	50.3649	1.01159	31.3	41.6
CBDDTY010003301.1	1	13273	140	12211	91.9988	3.86017	30.2	35.2
CBDDTY010003302.1	1	13271	54	9511	71.6675	1.46161	30.3	41.7
CBDDTY010003303.1	1	13257	142	7405	55.8573	3.68681	31.2	13.6
CBDDTY010003304.1	1	13210	90	9527	72.1196	2.14913	29.9	20.2
CBDDTY010003305.1	1	13207	45	8163	61.8081	1.10517	29.9	34.8
CBDDTY010003306.1	1	13199	39	7399	56.0573	1.16115	29.7	45.2
CBDDTY010003307.1	1	13153	35	6460	49.1143	1.0422	29.3	39.2
CBDDTY010003308.1	1	13143	27	6643	50.544	0.654797	33.5	46.7
CBDDTY010003309.1	1	13133	29	5614	42.7473	0.654382	30	40.7
CBDDTY010003310.1	1	13100	29	5650	43.1298	0.747481	31.9	42.5
CBDDTY010003311.1	1	13099	57	4651	35.5065	1.2191	29.3	26
CBDDTY010003312.1	1	13057	73	9879	75.6606	2.23022	29.8	20.1
CBDDTY010003313.1	1	13038	137	9733	74.651	4.0622	30.5	33.6
CBDDTY010003314.1	1	13028	113	12128	93.0918	2.95111	29.5	45.2
CBDDTY010003315.1	1	13010	19	4158	31.96	0.515373	27.9	25.6
CBDDTY010003316.1	1	13000	59	7447	57.2846	1.51038	30.5	7.56
CBDDTY010003317.1	1	13000	5	752	5.78462	0.0853077	30.3	9
CBDDTY010003318.1	1	13000	47	7485	57.5769	1.315	31.2	21.6
CBDDTY010003319.1	1	13000	63	5760	44.3077	1.24723	30.6	22.8
CBDDTY010003320.1	1	13000	45	8558	65.8308	1.22977	31.1	48.1
CBDDTY010003321.1	1	13000	16	3393	26.1	0.411077	31	35
CBDDTY010003322.1	1	13000	55	2666	20.5077	1.55292	30.2	7.51
CBDDTY010003323.1	1	13000	47	7405	56.9615	1.55892	30.5	31
CBDDTY010003324.1	1	13000	10	2035	15.6538	0.185077	31	25.4
CBDDTY010003325.1	1	13000	32	7520	57.8462	1.07277	30.3	44.2
CBDDTY010003326.1	1	13000	63	6837	52.5923	1.43892	30.7	25.6
CBDDTY010003327.1	1	13000	36	5159	39.6846	0.985692	30.3	12.1
CBDDTY010003328.1	1	13000	33	4959	38.1462	0.904462	31.2	5.15
CBDDTY010003330.1	1	13000	80	9438	72.6	2.295	29.7	13.9
CBDDTY010003331.1	1	13000	3	921	7.08462	0.0708462	28	20
CBDDTY010003332.1	1	13000	27	4853	37.3308	0.707692	30.8	34.7
CBDDTY010003333.1	1	13000	29	6624	50.9538	0.833538	29.5	36
CBDDTY010003334.1	1	13000	5	1399	10.7615	0.140385	27	10
CBDDTY010003335.1	1	13000	81	3674	28.2615	2.14462	31	15.1
CBDDTY010003336.1	1	13000	46	8265	63.5769	1.28354	30.1	43.8
CBDDTY010003337.1	1	13000	23	4227	32.5154	0.588769	29.7	16.7
CBDDTY010003338.1	1	13000	17	4357	33.5154	0.427769	28.9	37.6
CBDDTY010003339.1	1	13000	43	3397	26.1308	1.25631	29	16.3
CBDDTY010003340.1	1	13000	54	8436	64.8923	1.44423	31.6	48.8
CBDDTY010003341.1	1	13000	44	6872	52.8615	1.00569	30	36.5
CBDDTY010003342.1	1	13000	11	1873	14.4077	0.225077	32.2	15.7
CBDDTY010003343.1	1	13000	227	6490	49.9231	7.839	30	22.6
CBDDTY010003344.1	1	13000	69	10382	79.8615	1.97377	30.7	42.7
CBDDTY010003345.1	1	13000	21	4525	34.8077	0.460385	31.6	10.8
CBDDTY010003346.1	1	13000	38	6607	50.8231	1.02438	29.9	42.8
CBDDTY010003347.1	1	13000	28	5997	46.1308	0.769308	30.6	34.6
CBDDTY010003348.1	1	13000	32	5760	44.3077	0.836538	32.2	27.4
CBDDTY010003349.1	1	13000	25	5011	38.5462	0.513615	31.2	29.6
CBDDTY010003350.1	1	13000	21	3847	29.5923	0.438769	29.8	12.7
CBDDTY010003351.1	1	13000	6	1132	8.70769	0.138769	33.8	0.5
CBDDTY010003352.1	1	13000	40	6267	48.2077	0.918231	30.8	12.2
CBDDTY010003353.1	1	12996	16	2974	22.884	0.358726	31.3	33.2
CBDDTY010003354.1	1	12987	67	9768	75.2137	1.71656	30.6	41.2
CBDDTY010003355.1	1	12927	53	7774	60.1377	1.439	30.5	36.3
CBDDTY010003356.1	1	12912	17	3210	24.8606	0.3386	31.5	36.2
CBDDTY010003357.1	1	12876	21	3743	29.0696	0.424278	29.1	20.5
CBDDTY010003358.1	1	12869	51	9075	70.5183	1.4207	31.4	47.4
CBDDTY010003359.1	1	12850	34	6904	53.7276	0.934475	29.9	52.4
CBDDTY010003360.1	1	12846	77	7221	56.2121	2.03542	30.3	12
CBDDTY010003361.1	1	12845	43	7514	58.4975	1.18536	30.5	46.9
CBDDTY010003362.1	1	12831	12	2085	16.2497	0.317201	31.1	6.5
CBDDTY010003363.1	1	12826	69	8693	67.7764	2.00148	30.3	13.7
CBDDTY010003364.1	1	12808	69	7556	58.9944	1.67801	30.7	14.1
CBDDTY010003365.1	1	12798	59	8704	68.0106	1.38983	30.5	50.4
CBDDTY010003366.1	1	12741	88	10278	80.6687	2.29786	30.1	43.3
CBDDTY010003367.1	1	12675	242	8304	65.5148	6.49822	29.7	26.5
CBDDTY010003368.1	1	12660	48	9063	71.5877	1.43009	30.4	16.9
CBDDTY010003369.1	1	12650	39	8686	68.664	0.993043	30.7	41.9
CBDDTY010003370.1	1	12644	88	7563	59.8149	2.46813	30.6	46
CBDDTY010003371.1	1	12631	30	4874	38.5876	0.616341	31	23
CBDDTY010003372.1	1	12581	22	3494	27.772	0.456323	31.5	18.2
CBDDTY010003373.1	1	12555	94	9517	75.8025	2.37865	31.1	46.6
CBDDTY010003374.1	1	12554	57	7237	57.647	1.70049	30.8	16.6
CBDDTY010003375.1	1	12550	44	4652	37.0677	1.53378	30.8	24.2
CBDDTY010003376.1	1	12522	93	6976	55.71	2.55319	30.1	18
CBDDTY010003377.1	1	12522	49	6261	50	1.56381	31.4	27.9
CBDDTY010003378.1	1	12449	87	9365	75.2269	2.18307	29.1	38.6
CBDDTY010003379.1	1	12445	94	10927	87.8023	2.83632	30.4	26.9
CBDDTY010003380.1	1	12437	49	9003	72.3888	1.43572	30.6	33.3
CBDDTY010003381.1	1	12423	35	7187	57.8524	1.05876	29.2	52
CBDDTY010003382.1	1	12404	83	8170	65.8658	2.56135	29.8	32.6
CBDDTY010003383.1	1	12356	45	8170	66.1217	1.41259	29.7	46.3
CBDDTY010003384.1	1	12254	58	9382	76.5628	1.51771	31	33.6
CBDDTY010003385.1	1	12235	72	2742	22.4111	1.98218	31.8	30.6
CBDDTY010003386.1	1	12228	40	2250	18.4004	0.919447	29.1	39.2
CBDDTY010003387.1	1	12221	15	3233	26.4545	0.608543	34.6	44
CBDDTY010003388.1	1	12216	23	2803	22.9453	0.575966	32.5	33.3
CBDDTY010003389.1	1	12192	31	6230	51.0991	0.875492	30.6	38.2
CBDDTY010003390.1	1	12181	31	6510	53.4439	0.91339	31.3	38.2
CBDDTY010003391.1	1	12163	48	9678	79.5692	1.41618	30.3	55.6
CBDDTY010003392.1	1	12160	19	3823	31.4391	0.552961	30.9	28.1
CBDDTY010003393.1	1	12114	43	7348	60.6571	1.26407	30.4	35.2
CBDDTY010003394.1	1	12084	33	6186	51.1917	0.901192	30.9	33.7
CBDDTY010003395.1	1	12077	50	4646	38.4698	1.34048	31.4	9.82
CBDDTY010003396.1	1	12074	51	6274	51.9629	1.39109	30.8	28.8
CBDDTY010003397.1	1	12049	27	4741	39.3477	0.749938	30.8	24.7
CBDDTY010003398.1	1	12021	53	9723	80.8835	1.60769	31.1	50.1
CBDDTY010003399.1	1	12011	35	7195	59.9034	1.21031	30.7	42.1
CBDDTY010003400.1	1	12000	173	9795	81.625	5.41758	31.1	35.7
CBDDTY010003401.1	1	12000	7	1880	15.6667	0.1955	28.9	31.1
CBDDTY010003402.1	1	12000	70	7477	62.3083	1.59142	30.4	15.9
CBDDTY010003403.1	1	12000	28	4390	36.5833	0.94675	31.8	9.39
CBDDTY010003404.1	1	12000	71	9645	80.375	2.06775	28.9	44.1
CBDDTY010003405.1	1	12000	22	4117	34.3083	0.6345	30.8	23.6
CBDDTY010003406.1	1	12000	16	3978	33.15	0.388	32.1	29.3
CBDDTY010003407.1	1	12000	53	8098	67.4833	1.47625	31.4	48.8
CBDDTY010003408.1	1	12000	47	6977	58.1417	1.45083	30.4	30.4
CBDDTY010003409.1	1	12000	20	3981	33.175	0.610417	28.5	32.8
CBDDTY010003410.1	1	12000	16	3393	28.275	0.4205	27.2	20.4
CBDDTY010003411.1	1	12000	26	5598	46.65	0.90375	30.1	12.7
CBDDTY010003412.1	1	12000	35	5185	43.2083	0.89325	29.4	30.6
CBDDTY010003413.1	1	12000	28	4409	36.7417	0.566333	30.5	9.89
CBDDTY010003414.1	1	12000	27	3923	32.6917	0.76875	28.7	10.6
CBDDTY010003415.1	1	12000	32	5774	48.1167	0.815833	28.9	17.8
CBDDTY010003416.1	1	12000	54	6768	56.4	1.434	30.3	18.1
CBDDTY010003417.1	1	12000	32	4219	35.1583	1.22575	29.9	4.91
CBDDTY010003418.1	1	12000	3	843	7.025	0.0798333	33.9	16
CBDDTY010003419.1	1	12000	57	5863	48.8583	1.53625	30.3	5.74
CBDDTY010003420.1	1	12000	30	4158	34.65	0.65	28.7	25.8
CBDDTY010003421.1	1	12000	3	909	7.575	0.123833	30	40
CBDDTY010003422.1	1	12000	30	7466	62.2167	0.951667	31	23.8
CBDDTY010003423.1	1	12000	82	3338	27.8167	2.56025	31.2	40.8
CBDDTY010003424.1	1	12000	18	3487	29.0583	0.414833	29.3	9.89
CBDDTY010003425.1	1	12000	19	3930	32.75	0.6845	30.7	44.9
CBDDTY010003426.1	1	12000	35	5735	47.7917	1.02717	30.8	29.8
CBDDTY010003427.1	1	11972	55	7951	66.4133	1.59263	32.1	46.5
CBDDTY010003428.1	1	11969	16	3140	26.2344	0.525942	29.5	29.6
CBDDTY010003429.1	1	11949	35	6119	51.2093	0.995146	30	44.9
CBDDTY010003430.1	1	11948	44	4530	37.9143	1.16379	31.2	13.2
CBDDTY010003431.1	1	11920	52	8594	72.0973	1.6193	30.9	33.2
CBDDTY010003432.1	1	11908	39	7760	65.1663	1.24966	30.9	43.2
CBDDTY010003433.1	1	11906	274	7448	62.5567	8.09541	29.9	26.6
CBDDTY010003434.1	1	11850	46	8084	68.2194	1.31241	29.7	54.8
CBDDTY010003435.1	1	11830	5	1109	9.37447	0.113271	30.3	15.2
CBDDTY010003436.1	1	11819	127	10223	86.4963	4.02902	30.1	20.4
CBDDTY010003437.1	1	11812	34	3844	32.5432	1.0077	29.6	34.8
CBDDTY010003438.1	1	11777	19	4475	37.9978	0.485268	30.1	7.21
CBDDTY010003439.1	1	11758	39	7381	62.7743	1.2406	31.7	42.4
CBDDTY010003440.1	1	11712	32	5821	49.7012	0.887295	31.1	29.8
CBDDTY010003441.1	1	11691	48	7523	64.3486	1.43794	29.2	41.5
CBDDTY010003442.1	1	11671	49	7235	61.9913	1.41196	29.1	43
CBDDTY010003443.1	1	11620	6	1623	13.9673	0.183735	29.2	6.83
CBDDTY010003444.1	1	11610	39	7817	67.3299	1.13531	30.9	54.9
CBDDTY010003445.1	1	11603	34	5695	49.0821	0.892786	30.3	19.9
CBDDTY010003446.1	1	11576	47	8566	73.9979	1.36809	29.7	52.1
CBDDTY010003447.1	1	11553	36	6765	58.5562	1.24582	31.7	46.5
CBDDTY010003448.1	1	11552	51	7367	63.7725	1.41196	31	29.2
CBDDTY010003449.1	1	11502	36	6015	52.2953	0.923231	30.2	42.9
CBDDTY010003450.1	1	11471	45	9518	82.9745	1.5248	29.1	30.4
CBDDTY010003451.1	1	11420	16	3164	27.7058	0.449825	31.5	19.1
CBDDTY010003452.1	1	11332	43	8182	72.2026	1.59089	29.7	21.4
CBDDTY010003453.1	1	11309	25	5596	49.4827	0.801662	30.1	32.5
CBDDTY010003454.1	1	11270	67	10550	93.6114	2.34064	29.3	48
CBDDTY010003455.1	1	11221	30	6338	56.4834	0.958292	30.9	48.1
CBDDTY010003456.1	1	11168	44	7398	66.2428	1.50663	31.6	30.8
CBDDTY010003457.1	1	11122	34	7299	65.6267	1.09719	31.3	50.8
CBDDTY010003458.1	1	11099	27	6115	55.0951	1.04262	29.8	49.9
CBDDTY010003459.1	1	11000	132	10438	94.8909	4.63355	30.7	43.7
CBDDTY010003460.1	1	11000	88	7144	64.9455	2.78045	30.1	26.8
CBDDTY010003461.1	1	11000	106	6712	61.0182	3.70927	29.6	40.2
CBDDTY010003462.1	1	11000	27	4346	39.5091	0.841909	30.8	25.9
CBDDTY010003463.1	1	11000	36	5985	54.4091	1.17773	32.1	46.1
CBDDTY010003464.1	1	11000	6	1238	11.2545	0.145	33.1	20.3
CBDDTY010003465.1	1	11000	113	8223	74.7545	3.49845	29.9	25.9
CBDDTY010003466.1	1	11000	44	7818	71.0727	1.36918	30.3	21.5
CBDDTY010003467.1	1	11000	32	4270	38.8182	0.790091	31.4	21.7
CBDDTY010003468.1	1	11000	29	4919	44.7182	0.661818	31.2	40.2
CBDDTY010003469.1	1	11000	6	582	5.29091	0.174909	33.3	2.83
CBDDTY010003470.1	1	11000	1	268	2.43636	0.0243636	29.3	0
CBDDTY010003471.1	1	11000	35	6610	60.0909	0.965909	31.5	27.1
CBDDTY010003472.1	1	11000	18	4059	36.9	0.651909	30.8	14.9
CBDDTY010003473.1	1	11000	9	1891	17.1909	0.266636	33.7	30.4
CBDDTY010003474.1	1	11000	14	2751	25.0091	0.348455	29	34.2
CBDDTY010003475.1	1	11000	40	4781	43.4636	1.21182	29.5	1.1
CBDDTY010003476.1	1	11000	144	7811	71.0091	4.58309	30.6	31.6
CBDDTY010003477.1	1	11000	36	5012	45.5636	1.08364	31.5	53.6
CBDDTY010003478.1	1	11000	8	2323	21.1182	0.284	30	32.9
CBDDTY010003479.1	1	11000	77	6870	62.4545	3.31618	31.6	0.714
CBDDTY010003480.1	1	11000	49	4507	40.9727	1.24218	29.7	24.9
CBDDTY010003481.1	1	11000	18	4374	39.7636	0.497727	30.8	31.1
CBDDTY010003482.1	1	11000	32	6825	62.0455	1.18773	31.6	28.4
CBDDTY010003483.1	1	11000	10	2669	24.2636	0.327455	27.3	24.8
CBDDTY010003484.1	1	11000	14	3756	34.1455	0.593182	30.2	38.4
CBDDTY010003485.1	1	11000	22	4308	39.1636	0.560727	29.1	17.2
CBDDTY010003486.1	1	10894	23	4691	43.0604	0.654305	30.3	41.7
CBDDTY010003487.1	1	10881	6	1603	14.7321	0.147321	30.2	0
CBDDTY010003488.1	1	10877	34	6153	56.5689	0.89988	31.4	46.3
CBDDTY010003489.1	1	10760	39	8022	74.5539	1.346	29.4	50.4
CBDDTY010003490.1	1	10741	42	9120	84.9083	1.61028	30.8	50.6
CBDDTY010003491.1	1	10657	54	7340	68.8749	1.67674	30.3	17.9
CBDDTY010003492.1	1	10327	5	953	9.22824	0.106226	30.2	2.6
CBDDTY010003493.1	1	10000	29	2251	22.51	0.6908	30.9	12.8
CBDDTY010003494.1	1	10000	25	3646	36.46	0.7869	29.8	21
CBDDTY010003495.1	1	10000	21	4256	42.56	0.7556	33.6	25
CBDDTY010003496.1	1	10000	36	6682	66.82	1.2897	30.5	49
CBDDTY010003497.1	1	10000	34	6250	62.5	1.3529	31.2	19.9
CBDDTY010003498.1	1	10000	32	6542	65.42	1.0176	30.8	46.4
CBDDTY010003499.1	1	10000	44	6877	68.77	1.645	29.2	28.9
CBDDTY010003500.1	1	10000	65	7247	72.47	2.0297	32.3	34.8
CBDDTY010003501.1	1	10000	13	3243	32.43	0.4587	28.2	60
CBDDTY010003502.1	1	10000	32	5685	56.85	1.0823	28.8	44.9
CBDDTY010003503.1	1	9000	4	1151	12.7889	0.134667	30.5	12.2
CBDDTY010003504.1	1	9000	60	5439	60.4333	2.29	31.2	18.9
CBDDTY010003505.1	1	9000	21	3779	41.9889	0.781444	30.6	13.2
CBDDTY010003506.1	1	9000	37	3262	36.2444	1.86622	31.8	49.3
CBDDTY010003507.1	1	9000	2	266	2.95556	0.0512222	25.1	0
CBDDTY010003508.1	1	9000	11	3131	34.7889	0.428667	28.7	27.9
CBDDTY010003509.1	1	9000	37	7612	84.5778	1.85056	30.1	44.7
CBDDTY010003511.1	1	9000	5	1024	11.3778	0.163111	28.2	8.2
CBDDTY010003512.1	1	9000	98	2656	29.5111	3.78033	31	44.7
CBDDTY010003513.1	1	9000	11	1424	15.8222	0.274556	31.9	5.36
CBDDTY010003514.1	1	9000	9	1435	15.9444	0.273222	29.6	32.9
CBDDTY010003515.1	1	9000	13	3645	40.5	0.53	30.8	44.8
CBDDTY010003516.1	1	9000	7	1616	17.9556	0.183	27.2	2.43
CBDDTY010003517.1	1	9000	5	853	9.47778	0.109333	29.3	16.4
CBDDTY010003518.1	1	9000	6	1622	18.0222	0.225222	29.2	33
CBDDTY010003519.1	1	9000	15	2551	28.3444	0.456778	29.7	8.53
CBDDTY010003520.1	1	9000	48	6218	69.0889	1.77133	30.9	32.9
CBDDTY010003521.1	1	9000	26	5782	64.2444	1.06189	30.4	40
CBDDTY010003522.1	1	9000	10	2126	23.6222	0.395444	30	42.1
CBDDTY010003523.1	1	9000	18	4805	53.3889	0.845111	28.6	43.1
CBDDTY010003524.1	1	9000	29	5008	55.6444	0.897222	31.3	45.9
CBDDTY010003525.1	1	9000	40	5632	62.5778	1.28422	30.4	31.7
CBDDTY010003526.1	1	9000	32	2607	28.9667	1.29611	29.7	14.2
CBDDTY010003527.1	1	9000	13	3615	40.1667	0.638667	30	46.3
CBDDTY010003528.1	1	9000	72	5244	58.2667	2.382	29.5	7.12
CBDDTY010003529.1	1	9000	35	6802	75.5778	1.38167	31.1	41.5
CBDDTY010003530.1	1	9000	53	3601	40.0111	1.84344	32.2	41.9
CBDDTY010003531.1	1	8000	18	3672	45.9	0.675125	30.7	28.6
CBDDTY010003532.1	1	8000	40	6522	81.525	1.7555	30.3	40.6
CBDDTY010003533.1	1	8000	10	2652	33.15	0.37025	31.3	33.7
CBDDTY010003534.1	1	8000	21	1465	18.3125	0.7045	30.1	5.24
CBDDTY010003535.1	1	8000	8	2466	30.825	0.449125	32.2	4.75
CBDDTY010003536.1	1	8000	31	5784	72.3	1.18075	31.2	22.3
CBDDTY010003537.1	1	8000	20	4457	55.7125	0.991625	31.6	45.4
CBDDTY010003538.1	1	8000	13	2011	25.1375	0.355125	28.3	3.69
CBDDTY010003539.1	1	8000	33	3485	43.5625	1.88013	29.5	12.1
CBDDTY010003540.1	1	8000	17	3599	44.9875	0.86825	29.8	28.5
CBDDTY010003541.1	1	8000	6	1248	15.6	0.2245	32.4	3.5
CBDDTY010003542.1	1	8000	19	2811	35.1375	0.704	30.7	29.6
CBDDTY010003543.1	1	8000	72	6520	81.5	3.086	30.1	42.8
CBDDTY010003544.1	1	8000	21	3188	39.85	0.95475	31.7	15.2
CBDDTY010003545.1	1	8000	13	1499	18.7375	0.51425	30.3	41.8
CBDDTY010003546.1	1	8000	14	2958	36.975	0.515875	29.7	50.6
CBDDTY010003547.1	1	8000	17	3233	40.4125	0.616375	31.8	20.8
CBDDTY010003548.1	1	8000	44	6888	86.1	2.40163	30.6	2.68
CBDDTY010003549.1	1	8000	104	4928	61.6	4.80288	29.8	49.5
CBDDTY010003550.1	1	8000	16	2841	35.5125	0.691125	30.2	13.6
CBDDTY010003551.1	1	8000	43	4689	58.6125	1.44813	31.1	12.3
CBDDTY010003552.1	1	8000	44	2326	29.075	2.03388	29.8	22.1
CBDDTY010003553.1	1	8000	26	4542	56.775	1.22025	30.8	40.3
CBDDTY010003554.1	1	8000	32	5270	65.875	1.20637	29.4	51.1
CBDDTY010003555.1	1	8000	33	4830	60.375	1.89538	30.5	24.5
CBDDTY010003556.1	1	8000	21	2652	33.15	0.647875	31.9	7.43
CBDDTY010003557.1	1	8000	19	3157	39.4625	0.65525	29.4	0.263
CBDDTY010003558.1	1	8000	12	2670	33.375	0.48525	32.3	32.7
CBDDTY010003559.1	1	8000	13	2395	29.9375	0.58375	30	26
CBDDTY010003560.1	1	8000	42	6718	83.975	2.23062	30.6	54.5
CBDDTY010003561.1	1	8000	35	4731	59.1375	1.401	29.3	24
CBDDTY010003562.1	1	8000	15	2401	30.0125	0.526625	31.2	40.9
CBDDTY010003563.1	1	7000	34	4550	65	1.40114	32.4	23
CBDDTY010003564.1	1	7000	7	1455	20.7857	0.310571	31.2	1
CBDDTY010003565.1	1	7000	18	3683	52.6143	0.852571	30.2	35.9
CBDDTY010003566.1	1	7000	20	1746	24.9429	0.570571	30.9	14.6
CBDDTY010003567.1	1	7000	11	2596	37.0857	0.519429	30.9	47.3
CBDDTY010003568.1	1	7000	12	1352	19.3143	0.380714	27.2	22.1
CBDDTY010003569.1	1	7000	34	3616	51.6571	1.62543	30.6	40.1
CBDDTY010003570.1	1	7000	8	1453	20.7571	0.251143	30.3	4
CBDDTY010003571.1	1	7000	13	3135	44.7857	0.585143	28.7	18.8
CBDDTY010003572.1	1	7000	15	2693	38.4714	0.731571	32.4	25.6
CBDDTY010003573.1	1	7000	53	4048	57.8286	2.67671	32.7	25.5
CBDDTY010003574.1	1	7000	21	4399	62.8429	1.11571	30.9	49.4
CBDDTY010003576.1	1	7000	38	5524	78.9143	2.00643	30.5	27.7
CBDDTY010003577.1	1	7000	35	5694	81.3429	1.69271	30.2	53.4
CBDDTY010003578.1	1	7000	28	5283	75.4714	1.245	30.4	54.1
CBDDTY010003579.1	1	7000	36	5207	74.3857	1.75186	31.7	28.6
CBDDTY010003580.1	1	7000	19	4111	58.7286	0.835286	29.1	46.2
CBDDTY010003581.1	1	7000	29	3827	54.6714	1.33157	30.4	18.5
CBDDTY010003582.1	1	7000	7	1384	19.7714	0.247143	27.5	5
CBDDTY010003583.1	1	7000	19	4438	63.4	0.964286	28.6	50.9
CBDDTY010003584.1	1	7000	11	3421	48.8714	0.911571	29.6	50.2
CBDDTY010003585.1	1	7000	22	2235	31.9286	0.898286	31.5	7.91
CBDDTY010003586.1	1	7000	43	4312	61.6	2.04514	30.6	10.8
CBDDTY010003587.1	1	7000	33	5157	73.6714	1.46857	30.7	49.7
CBDDTY010003588.1	1	7000	59	6513	93.0429	3.12229	28.7	36.3
CBDDTY010003589.1	1	7000	18	2487	35.5286	0.589714	30.7	25.2
CBDDTY010003591.1	1	7000	21	3506	50.0857	0.791714	32.6	42.3
CBDDTY010003592.1	1	7000	7	1263	18.0429	0.222286	31.9	22.9
CBDDTY010003593.1	1	7000	14	2666	38.0857	0.596	26.7	20.9
CBDDTY010003594.1	1	7000	2	296	4.22857	0.0422857	34	5
CBDDTY010003595.1	1	7000	31	4117	58.8143	1.74914	30.5	20.2
CBDDTY010003596.1	1	7000	15	2944	42.0571	0.642857	31.4	23.7
CBDDTY010003597.1	1	7000	52	4290	61.2857	3.00186	25.7	10.4
CBDDTY010003598.1	1	7000	10	1943	27.7571	0.674857	29.3	13.2
CBDDTY010003599.1	1	7000	18	2649	37.8429	0.786143	29.5	8.56
CBDDTY010003600.1	1	7000	25	4991	71.3	1.21886	29.7	54.8
CBDDTY010003601.1	1	7000	11	2357	33.6714	0.518857	31.6	31.4
CBDDTY010003602.1	1	6000	28	4553	75.8833	1.5415	28.9	42.9
CBDDTY010003603.1	1	6000	66	1728	28.8	3.60917	30.2	16.7
CBDDTY010003604.1	1	6000	8	1116	18.6	0.5245	32.1	21.2
CBDDTY010003605.1	1	6000	16	3248	54.1333	1.00333	30.7	32.1
CBDDTY010003606.1	1	6000	25	4172	69.5333	1.37083	29.1	42.5
CBDDTY010003607.1	1	6000	9	1682	28.0333	0.467167	29.1	46.7
CBDDTY010003608.1	1	6000	3	627	10.45	0.130667	29.8	9.67
CBDDTY010003610.1	1	6000	11	1079	17.9833	0.510833	31.1	8.27
CBDDTY010003611.1	1	6000	13	2135	35.5833	0.512667	30.7	19.8
CBDDTY010003612.1	1	6000	5	1354	22.5667	0.3095	27	47.6
CBDDTY010003613.1	1	6000	35	4067	67.7833	1.67183	29.9	30.2
CBDDTY010003614.1	1	6000	21	3599	59.9833	0.947333	28.6	52.5
CBDDTY010003615.1	1	6000	26	4100	68.3333	1.41567	31.1	40.8
CBDDTY010003616.1	1	6000	32	2564	42.7333	1.90717	30.8	6.25
CBDDTY010003617.1	1	6000	15	2735	45.5833	1.00867	30.1	35.4
CBDDTY010003618.1	1	6000	61	5880	98	4.21233	30.7	54.7
CBDDTY010003619.1	1	6000	13	3352	55.8667	0.759	33	31.5
CBDDTY010003620.1	1	6000	9	2279	37.9833	0.657667	28.7	21.3
CBDDTY010003621.1	1	6000	22	3796	63.2667	1.19983	29.1	55.1
CBDDTY010003622.1	1	6000	15	2319	38.65	0.883167	30.7	46.1
CBDDTY010003623.1	1	6000	13	2574	42.9	0.545667	30	32.7
CBDDTY010003625.1	1	6000	38	4288	71.4667	2.49817	29.4	24
CBDDTY010003626.1	1	6000	9	2035	33.9167	0.43	32.5	52.4
CBDDTY010003627.1	1	6000	22	3591	59.85	1.181	30.9	41.8
CBDDTY010003628.1	1	6000	16	4325	72.0833	1.10817	29.7	50.5
CBDDTY010003629.1	1	6000	16	3448	57.4667	1.0225	31.7	54.1
CBDDTY010003630.1	1	6000	20	4024	67.0667	1.09367	31.5	56.6
CBDDTY010003631.1	1	6000	19	2172	36.2	1.38317	30	42.6
CBDDTY010003632.1	1	6000	19	4544	75.7333	1.14733	29.6	48.9
CBDDTY010003633.1	1	6000	16	2970	49.5	1.211	30.5	32.6
CBDDTY010003634.1	1	6000	38	5491	91.5167	2.266	30.9	54.2
CBDDTY010003637.1	1	6000	11	1431	23.85	0.384167	28.3	4.36
CBDDTY010003638.1	1	6000	47	3299	54.9833	2.0195	30.1	18
CBDDTY010003639.1	1	6000	20	5477	91.2833	1.759	31	30.4
CBDDTY010003640.1	1	6000	30	4729	78.8167	1.59583	30.6	39.5
CBDDTY010003641.1	1	6000	17	2180	36.3333	0.963	28.2	2.94
CBDDTY010003642.1	1	6000	3	654	10.9	0.166333	30	6
CBDDTY010003643.1	1	6000	22	2740	45.6667	1.24433	30.7	11.9
CBDDTY010003644.1	1	6000	1	60	1	0.01	27.8	1
CBDDTY010003645.1	1	6000	16	2164	36.0667	0.654333	29.3	31.5
CBDDTY010003646.1	1	6000	11	674	11.2333	0.592667	34.3	14.9
CBDDTY010003647.1	1	6000	7	785	13.0833	0.2485	31.3	20.7
CBDDTY010003648.1	1	6000	19	3022	50.3667	1.23	30.2	56.6
CBDDTY010003649.1	1	6000	17	3057	50.95	0.8365	28.6	45.8
CBDDTY010003650.1	1	6000	52	4004	66.7333	2.99217	28.2	47.4
CBDDTY010003651.1	1	6000	48	3503	58.3833	2.9315	31.2	7.88
CBDDTY010003652.1	1	6000	39	5276	87.9333	2.82433	30.4	49.6
CBDDTY010003653.1	1	6000	41	3058	50.9667	2.714	29.8	25
CBDDTY010003654.1	1	6000	8	1419	23.65	0.371167	26	15.8
CBDDTY010003655.1	1	6000	3	570	9.5	0.144167	33.7	32
CBDDTY010003656.1	1	6000	20	3741	62.35	1.168	30.1	39.9
CBDDTY010003657.1	1	6000	20	3429	57.15	1.074	30.4	29.3
CBDDTY010003658.1	1	6000	23	4113	68.55	1.50317	31.4	53.1
CBDDTY010003659.1	1	5000	14	3905	78.1	1.1186	31.7	49.3
CBDDTY010003660.1	1	5000	11	1874	37.48	0.579	31.1	16.2
CBDDTY010003661.1	1	5000	46	4931	98.62	3.516	30.3	48.2
CBDDTY010003662.1	1	5000	9	1940	38.8	0.709	30.6	39.9
CBDDTY010003663.1	1	5000	9	1311	26.22	0.5506	33.1	11.3
CBDDTY010003664.1	1	5000	10	1453	29.06	0.4222	30	39.3
CBDDTY010003665.1	1	5000	10	2419	48.38	0.5992	28.2	31.4
CBDDTY010003666.1	1	5000	12	3733	74.66	1.0686	29	60
CBDDTY010003667.1	1	5000	8	1065	21.3	0.4136	33.7	3.12
CBDDTY010003668.1	1	5000	10	2709	54.18	0.7438	29.4	23.3
CBDDTY010003669.1	1	5000	63	1943	38.86	5.6682	29.8	1.95
CBDDTY010003670.1	1	5000	23	3329	66.58	1.8598	31.6	27.4
CBDDTY010003671.1	1	5000	8	1449	28.98	0.7498	31.9	3
CBDDTY010003672.1	1	5000	12	3407	68.14	0.9186	28.2	49.1
CBDDTY010003673.1	1	5000	47	4950	99	3.593	29.8	53.8
CBDDTY010003674.1	1	5000	39	3502	70.04	3.174	31.6	26.2
CBDDTY010003675.1	1	5000	22	3442	68.84	1.4748	30.2	45.1
CBDDTY010003676.1	1	5000	4	743	14.86	0.1486	30.9	46.2
CBDDTY010003678.1	1	5000	7	1781	35.62	0.4422	28.5	23.3
CBDDTY010003679.1	1	5000	29	3244	64.88	2.3036	26.5	12.2
CBDDTY010003680.1	1	5000	5	1759	35.18	0.381	31.8	12.2
CBDDTY010003681.1	1	5000	17	2704	54.08	0.9714	28.1	47.7
CBDDTY010003682.1	1	5000	9	2110	42.2	0.5224	31.4	21.8
CBDDTY010003683.1	1	5000	21	3161	63.22	1.5442	29.6	46
CBDDTY010003684.1	1	5000	9	1335	26.7	0.3784	28.8	6.11
CBDDTY010003685.1	1	5000	6	1407	28.14	0.3562	30.3	12.8
CBDDTY010003686.1	1	5000	7	1054	21.08	0.3692	28.9	28
CBDDTY010003687.1	1	5000	1	494	9.88	0.0988	29.6	1
CBDDTY010003688.1	1	5000	18	2977	59.54	0.9948	32.3	29.7
CBDDTY010003689.1	1	5000	8	1779	35.58	0.5824	30	34.9
CBDDTY010003690.1	1	5000	7	2022	40.44	0.6868	31.9	49.4
CBDDTY010003691.1	1	5000	19	2950	59	1.4096	28.4	16.5
CBDDTY010003692.1	1	5000	19	3159	63.18	1.3568	30.2	52.8
CBDDTY010003693.1	1	5000	14	2470	49.4	0.8438	29.9	21.8
CBDDTY010003694.1	1	5000	19	2867	57.34	1.1156	29.8	33.2
CBDDTY010003695.1	1	5000	19	3299	65.98	1.1226	30.4	49.7
CBDDTY010003696.1	1	5000	20	2351	47.02	1.4154	30.7	54.6
CBDDTY010003697.1	1	5000	12	2772	55.44	0.824	30.3	47
CBDDTY010003698.1	1	5000	31	4070	81.4	1.9726	29.8	20.2
CBDDTY010003699.1	1	4200	6	1519	36.1667	0.57881	28.9	50.2
CBDDTY010003700.1	1	5000	11	1865	37.3	0.701	32.7	45.7
CBDDTY010003701.1	1	5000	8	764	15.28	0.472	34	30.4
CBDDTY010003702.1	1	5000	8	2215	44.3	0.443	27.1	13
CBDDTY010003703.1	1	5000	16	2776	55.52	1.1448	28.7	47.1
CBDDTY010003704.1	1	5000	15	3193	63.86	1.1198	31	60
CBDDTY010003705.1	1	5000	7	2810	56.2	0.6054	30.9	27.3
CBDDTY010003706.1	1	5000	22	3172	63.44	2.0562	33.3	48.9
CBDDTY010003707.1	1	5000	1	80	1.6	0.016	36.7	1
CBDDTY010003708.1	1	5000	2	344	6.88	0.0688	27.2	0.5
CBDDTY010003709.1	1	5000	23	3107	62.14	1.494	30.6	49
CBDDTY010003710.1	1	5000	35	3847	76.94	2.6	31.2	40.4
CBDDTY010003711.1	1	5000	12	3440	68.8	1.4524	30.5	2.33
CBDDTY010003712.1	1	5000	13	1502	30.04	0.7676	30.7	14
CBDDTY010003713.1	1	5000	19	3333	66.66	1.1546	31.5	42.9
CBDDTY010003714.1	1	5000	47	4685	93.7	3.2138	30.7	26
CBDDTY010003715.1	1	5000	7	1533	30.66	0.492	30.1	5.14
CBDDTY010003716.1	1	5000	3	281	5.62	0.064	35.7	1.33
CBDDTY010003717.1	1	5000	41	4483	89.66	2.8132	29.5	13.6
CBDDTY010003718.1	1	5000	32	2270	45.4	2.048	30	45.6
CBDDTY010003719.1	1	5000	28	4159	83.18	2.0176	30.7	39.3
CBDDTY010003720.1	1	5000	8	1777	35.54	0.561	30.2	31.4
CBDDTY010003721.1	1	5000	31	4076	81.52	2.2686	31.4	54.1
CBDDTY010003722.1	1	5000	13	2251	45.02	1.0964	33.3	39.5
CBDDTY010003723.1	1	5000	43	4561	91.22	3.48	30.7	53
CBDDTY010003724.1	1	5000	9	1130	22.6	0.6286	31	30.2
CBDDTY010003725.1	1	5000	22	2661	53.22	1.3714	29.5	49.7
CBDDTY010003726.1	1	5000	6	1465	29.3	0.39	32.3	40.2
CBDDTY010003727.1	1	5000	1	350	7	0.07	33.9	1
CBDDTY010003728.1	1	5000	5	1105	22.1	0.3964	33.7	24.8
CBDDTY010003729.1	1	5000	7	1323	26.46	0.4458	31.2	39.6
CBDDTY010003730.1	1	5000	19	3123	62.46	1.3282	31.7	45.4
CBDDTY010003731.1	1	5000	16	2637	52.74	1.0018	29.6	38.5
CBDDTY010003732.1	1	5000	60	1710	34.2	3.6078	31.9	10.1
CBDDTY010003733.1	1	5000	15	2712	54.24	0.8392	31	37.3
CBDDTY010003735.1	1	5000	15	2840	56.8	0.8678	31.9	38.7
CBDDTY010003736.1	1	5000	6	1905	38.1	0.381	29.1	24.2
CBDDTY010003737.1	1	4000	5	1863	46.575	0.5055	33.2	60
CBDDTY010003738.1	1	4000	9	2204	55.1	0.6015	32.6	45.9
CBDDTY010003739.1	1	4000	15	2432	60.8	1.2085	31.6	46.8
CBDDTY010003740.1	1	4000	14	2525	63.125	1.5175	30.2	58.6
CBDDTY010003741.1	1	4000	8	2258	56.45	0.8235	31.2	34.4
CBDDTY010003742.1	1	4000	18	3263	81.575	1.43275	30.6	49.5
CBDDTY010003744.1	1	4000	1	206	5.15	0.0515	29.8	1
CBDDTY010003746.1	1	4000	126	3993	99.825	12.17	30.8	43.4
CBDDTY010003747.1	1	4000	2	532	13.3	0.133	38.8	8
CBDDTY010003748.1	1	4000	4	829	20.725	0.274	31	4.5
CBDDTY010003749.1	1	4000	20	2117	52.925	1.03775	30.7	47.3
CBDDTY010003750.1	1	4000	23	3383	84.575	2.00125	32.6	34.3
CBDDTY010003751.1	1	4000	15	1870	46.75	1.0915	31.1	10.4
CBDDTY010003752.1	1	4000	15	1779	44.475	1.049	29.2	27.5
CBDDTY010003753.1	1	4000	6	1124	28.1	0.31225	29.7	36
CBDDTY010003754.1	1	4000	79	3868	96.7	5.925	31.1	19.9
CBDDTY010003755.1	1	4000	103	2197	54.925	8.77625	29.8	24.8
CBDDTY010003756.1	1	4000	4	659	16.475	0.2515	25.2	30
CBDDTY010003757.1	1	4000	13	1959	48.975	1.07225	30.5	53.5
CBDDTY010003758.1	1	4000	13	3025	75.625	1.684	32.9	49.4
CBDDTY010003759.1	1	4000	12	1991	49.775	1.16475	30.4	21
CBDDTY010003760.1	1	4000	7	1591	39.775	0.45075	32.2	44.3
CBDDTY010003761.1	1	4000	4	777	19.425	0.19425	35.6	15.8
CBDDTY010003762.1	1	4000	8	1322	33.05	0.41	34.2	11.4
CBDDTY010003763.1	1	4000	16	3672	91.8	1.6395	31.1	57.2
CBDDTY010003764.1	1	4000	8	944	23.6	0.39725	30.6	11.8
CBDDTY010003765.1	1	4000	8	1196	29.9	0.8595	27.5	45.2
CBDDTY010003766.1	1	4000	12	2073	51.825	1.15975	31.9	29.8
CBDDTY010003767.1	1	4000	48	2828	70.7	3.557	29.8	48.5
CBDDTY010003768.1	1	4000	11	1384	34.6	1.05175	32	48.2
CBDDTY010003769.1	1	4000	3	409	10.225	0.11425	36.2	18.7
CBDDTY010003770.1	1	4000	8	1390	34.75	0.43675	32.9	18.2
CBDDTY010003771.1	1	4000	35	1734	43.35	2.93975	29.8	11.3
CBDDTY010003772.1	1	4000	17	3381	84.525	1.7365	27.9	53.9
CBDDTY010003773.1	1	4000	29	3600	90	2.75275	32.2	54.4
CBDDTY010003774.1	1	4000	7	1836	45.9	0.556	31.8	32.7
CBDDTY010003775.1	1	4000	16	2760	69	1.28025	30.7	25.9
CBDDTY010003776.1	1	4000	8	1539	38.475	0.64725	28.9	32.6
CBDDTY010003777.1	1	4000	3	1068	26.7	0.3505	26.4	48.3
CBDDTY010003778.1	1	4000	10	1708	42.7	0.75425	24.7	14
CBDDTY010003779.1	1	4000	2	646	16.15	0.1615	30.6	2.5
CBDDTY010003781.1	1	4000	20	1387	34.675	1.0055	30.2	3.4
CBDDTY010003782.1	1	4000	4	950	23.75	0.29425	31.8	10
CBDDTY010003783.1	1	4000	30	3808	95.2	3.10375	31.5	53.4
CBDDTY010003784.1	1	4000	12	1985	49.625	0.862	30.7	5.17
CBDDTY010003785.1	1	4000	50	3894	97.35	4.4705	32.2	42.4
CBDDTY010003786.1	1	4000	1	117	2.925	0.02925	27	2
CBDDTY010003787.1	1	4000	21	2646	66.15	1.27175	30.6	13.4
CBDDTY010003788.1	1	4000	18	3327	83.175	2.0945	30.2	47.8
CBDDTY010003789.1	1	4000	13	2433	60.825	1.01425	32.8	40.3
CBDDTY010003790.1	1	4000	16	3383	84.575	1.99925	31.4	59.9
CBDDTY010003791.1	1	4000	19	1681	42.025	1.26825	31.4	19.8
CBDDTY010003792.1	1	4000	15	1336	33.4	0.9755	27.4	3.2
CBDDTY010003793.1	1	4000	6	1358	33.95	0.3395	28.4	15.5
CBDDTY010003794.1	1	4000	11	2293	57.325	0.973	25.4	50.7
CBDDTY010003795.1	1	4000	1	167	4.175	0.04175	18.4	18
CBDDTY010003796.1	1	4000	32	2487	62.175	2.5485	29.5	8.84
CBDDTY010003797.1	1	4000	20	2095	52.375	1.55725	31	49.5
CBDDTY010003798.1	1	4000	90	3931	98.275	8.1895	30.5	47.1
CBDDTY010003799.1	1	4000	6	1330	33.25	0.47925	29.3	54.2
CBDDTY010003800.1	1	4000	7	1347	33.675	0.48	32.4	11.7
CBDDTY010003801.1	1	4000	13	1914	47.85	1.28625	29.4	54.8
CBDDTY010003802.1	1	4000	24	3500	87.5	2.38725	30.1	49.7
CBDDTY010003803.1	1	4000	12	2165	54.125	0.9035	31.7	38.7
CBDDTY010003804.1	1	4000	9	2011	50.275	0.804	31	42.9
CBDDTY010003805.1	1	4000	19	2461	61.525	1.4365	31.2	29.1
CBDDTY010003806.1	1	4000	1	440	11	0.11	35.8	16
CBDDTY010003807.1	1	4000	5	942	23.55	0.37175	36.4	50
CBDDTY010003808.1	1	4000	3	346	8.65	0.0865	28.7	0.667
CBDDTY010003810.1	1	4000	15	3278	81.95	1.188	29	60
CBDDTY010003811.1	1	4000	16	2496	62.4	1.3355	30.6	58.2
CBDDTY010003812.1	1	4000	15	2067	51.675	0.97575	29.9	47.5
CBDDTY010003813.1	1	4000	14	2249	56.225	1.04075	33	40.9
CBDDTY010003814.1	1	4000	17	2951	73.775	1.8615	28.9	40.6
CBDDTY010003815.1	1	4000	76	3704	92.6	6.01925	30.8	38.8
CBDDTY010003816.1	1	4000	17	2263	56.575	1.553	30.4	55.2
CBDDTY010003817.1	1	4000	6	1521	38.025	0.6295	26.1	44
CBDDTY010003818.1	1	4000	15	2791	69.775	1.12375	30.2	41.9
CBDDTY010003819.1	1	4000	7	1529	38.225	0.427	30.1	52
CBDDTY010003820.1	1	4000	6	1195	29.875	0.344	30.4	12.8
CBDDTY010003821.1	1	4000	2	784	19.6	0.196	18.8	1
CBDDTY010003822.1	1	4000	7	1514	37.85	0.54325	30.8	25.9
CBDDTY010003823.1	1	4000	16	2620	65.5	1.2855	32.2	37.9
CBDDTY010003824.1	1	4000	14	2609	65.225	1.208	30	59.1
CBDDTY010003825.1	1	4000	16	2722	68.05	1.54975	32.4	36.2
CBDDTY010003826.1	1	4000	19	2008	50.2	1.613	30.3	51.8
CBDDTY010003827.1	1	4000	8	2050	51.25	0.952	28.1	32.1
CBDDTY010003828.1	1	4000	10	2001	50.025	0.85725	27	44.9
CBDDTY010003829.1	1	4000	6	1201	30.025	0.46375	32.3	43.7
CBDDTY010003830.1	1	4000	3	823	20.575	0.247	29.7	7.33
CBDDTY010003831.1	1	4000	13	1867	46.675	0.931	32.7	45.3
CBDDTY010003832.1	1	4000	46	3446	86.15	3.8645	30.6	16.1
CBDDTY010003833.1	1	4000	23	3395	84.875	1.92825	31.3	43
CBDDTY010003834.1	1	4000	7	799	19.975	0.3795	28.8	25.9
CBDDTY010003835.1	1	4000	9	2362	59.05	0.673	31.4	17.2
CBDDTY010003836.1	1	4000	11	2059	51.475	0.832	31.7	19
CBDDTY010003837.1	1	4000	11	2606	65.15	0.966	29.2	39.8
CBDDTY010003838.1	1	4000	42	2817	70.425	3.69725	30	21.4
CBDDTY010003839.1	1	4000	15	2633	65.825	1.102	30.5	40.7
CBDDTY010003840.1	1	4000	13	2099	52.475	0.97525	31.6	55.8
CBDDTY010003841.1	1	4000	36	2511	62.775	3.483	29.2	17.9
CBDDTY010003842.1	1	4000	7	1472	36.8	0.479	33.1	49.4
CBDDTY010003843.1	1	4000	19	2915	72.875	1.903	29	41.5
CBDDTY010003845.1	1	4000	44	2818	70.45	4.17975	30.1	18.6
CBDDTY010003846.1	1	4000	27	3175	79.375	2.51025	29.3	24.2
CBDDTY010003847.1	1	4000	8	2645	66.125	0.82925	30.6	28.8
CBDDTY010003848.1	1	4000	7	1695	42.375	0.60675	31.5	55.7
CBDDTY010003849.1	1	4000	17	2545	63.625	1.61475	32.3	30.2
CBDDTY010003850.1	1	4000	7	2908	72.7	0.7625	30.9	58
CBDDTY010003851.1	1	4000	5	1035	25.875	0.3405	31.9	8
CBDDTY010003852.1	1	4000	30	2867	71.675	2.22275	27.4	41.4
CBDDTY010003853.1	1	4000	59	2584	64.6	5.224	31.2	41.9
CBDDTY010003854.1	1	4000	33	1910	47.75	1.97	31.1	12.5
CBDDTY010003855.1	1	4000	3	1692	42.3	0.648	27.1	52
CBDDTY010003856.1	1	4000	16	2242	56.05	1.465	28.8	49.2
CBDDTY010003857.1	1	4000	47	3641	91.025	4.265	31.2	46.9
CBDDTY010003858.1	1	4000	18	3194	79.85	1.64725	29.8	50.7
CBDDTY010003859.1	1	4000	4	1075	26.875	0.4375	28.7	45
CBDDTY010003860.1	1	4000	37	3568	89.2	3.35075	31.5	47
CBDDTY010003861.1	1	4000	30	2073	51.825	2.3535	30.7	44.9
CBDDTY010003862.1	1	4000	15	2817	70.425	1.399	31.8	47.1
CBDDTY010003863.1	1	4000	4	577	14.425	0.14425	28.7	15
CBDDTY010003864.1	1	4000	2	1004	25.1	0.251	33.5	42
CBDDTY010003865.1	1	4000	36	3604	90.1	3.8535	28.6	38.9
CBDDTY010003866.1	1	4000	19	2603	65.075	1.8385	31.1	49.8
CBDDTY010003867.1	1	4000	9	664	16.6	0.45025	31	34.7
CBDDTY010003868.1	1	4000	29	2774	69.35	2.51225	29.1	7.24
CBDDTY010003869.1	1	4000	12	2267	56.675	0.9255	29.1	35.8
CBDDTY010003870.1	1	4000	10	1372	34.3	0.607	31.7	15.4
CBDDTY010003871.1	1	4000	2	456	11.4	0.114	23.6	39.5
CBDDTY010003872.1	1	4000	48	1021	25.525	3.6845	29.7	16.4
CBDDTY010003873.1	1	3000	1	447	14.9	0.149	23.4	1
CBDDTY010003874.1	1	3000	44	2447	81.5667	5.06133	30.9	53.8
CBDDTY010003875.1	1	3000	6	1201	40.0333	0.619333	33.5	5.17
CBDDTY010003876.1	1	3000	9	1832	61.0667	1.09	28.9	59.1
CBDDTY010003877.1	1	3000	23	2849	94.9667	2.91	28.7	31.5
CBDDTY010003878.1	1	3000	2	307	10.2333	0.152667	33.1	0.5
CBDDTY010003879.1	1	3000	13	2191	73.0333	1.59667	30.1	41.8
CBDDTY010003880.1	1	3000	2	137	4.56667	0.0456667	28.3	0.5
CBDDTY010003881.1	1	3000	27	2036	67.8667	2.71867	33.8	36.3
CBDDTY010003883.1	1	3000	5	1476	49.2	0.673667	28	60
CBDDTY010003884.1	1	3000	13	2459	81.9667	1.653	27.1	50.1
CBDDTY010003885.1	1	3000	1	210	7	0.07	32.5	60
CBDDTY010003886.1	1	3000	41	1981	66.0333	4.819	31.3	25.3
CBDDTY010003887.1	1	3000	1	142	4.73333	0.0473333	27.4	1
CBDDTY010003888.1	1	3000	5	1117	37.2333	0.604333	32.7	54.6
CBDDTY010003889.1	1	3000	13	2432	81.0667	1.43	30.3	53.8
CBDDTY010003890.1	1	3000	2	583	19.4333	0.194333	34.1	30.5
CBDDTY010003891.1	1	3000	4	1349	44.9667	0.454	31.4	57
CBDDTY010003892.1	1	3000	5	1065	35.5	0.421	33.3	38.4
CBDDTY010003893.1	1	3000	7	2314	77.1333	1.12433	31.1	43.1
CBDDTY010003894.1	1	3000	12	1915	63.8333	1.41267	31.5	41.3
CBDDTY010003895.1	1	3000	36	2563	85.4333	3.44233	30.4	45.4
CBDDTY010003896.1	1	3000	8	851	28.3667	0.579667	31	7
CBDDTY010003898.1	1	3000	9	1439	47.9667	1.375	30.5	10.1
CBDDTY010003900.1	1	3000	7	1301	43.3667	0.589333	31.2	20.4
CBDDTY010003901.1	1	3000	11	1910	63.6667	1.043	28.8	59.7
CBDDTY010003902.1	1	3000	6	694	23.1333	0.455667	28.7	43.5
CBDDTY010003903.1	1	3000	3	561	18.7	0.223	28.7	42
CBDDTY010003904.1	1	3000	7	1434	47.8	0.843667	34.4	52
CBDDTY010003905.1	1	3000	11	1981	66.0333	1.684	32.3	34.9
CBDDTY010003906.1	1	3000	7	1205	40.1667	0.921667	31.8	60
CBDDTY010003907.1	1	3000	9	1998	66.6	1.34167	30.5	2.22
CBDDTY010003908.1	1	3000	5	1583	52.7667	0.796667	28.4	2.2
CBDDTY010003909.1	1	3000	8	1851	61.7	1.147	31.8	60
CBDDTY010003910.1	1	3000	5	1630	54.3333	0.559667	32.1	45.8
CBDDTY010003911.1	1	3000	2	103	3.43333	0.061	34.1	4
CBDDTY010003912.1	1	3000	11	2337	77.9	1.361	31.1	49.8
CBDDTY010003913.1	1	3000	8	2230	74.3333	0.996	31.2	60
CBDDTY010003914.1	1	3000	13	2605	86.8333	1.605	31.2	50.4
CBDDTY010003916.1	1	3000	14	1281	42.7	1.82033	28.9	44.3
CBDDTY010003917.1	1	3000	8	1751	58.3667	1.25633	28.3	56.6
CBDDTY010003919.1	1	3000	12	2888	96.2667	1.83833	29.5	56.2
CBDDTY010003920.1	1	3000	6	1190	39.6667	0.896667	33.7	39.7
CBDDTY010003921.1	1	3000	10	1449	48.3	0.987667	31.7	0.8
CBDDTY010003922.1	1	3000	9	1736	57.8667	0.882667	29.7	42.1
CBDDTY010003923.1	1	3000	6	2351	78.3667	0.938333	33.9	48.2
CBDDTY010003924.1	1	3000	10	1849	61.6333	1.008	29.1	32.7
CBDDTY010003926.1	1	3000	4	238	7.93333	0.187	29	0.5
CBDDTY010003927.1	1	3000	15	1944	64.8	1.41067	34.8	28.9
CBDDTY010003928.1	1	3000	8	1328	44.2667	0.982333	33.2	6.62
CBDDTY010003929.1	1	3000	18	2125	70.8333	2.36967	29.1	39.6
CBDDTY010003930.1	1	3000	3	754	25.1333	0.511333	34.5	20.7
CBDDTY010003931.1	1	3000	9	1495	49.8333	1.16633	29.9	57.4
CBDDTY010003932.1	1	3000	2	238	7.93333	0.0793333	31.3	0.5
CBDDTY010003933.1	1	3000	9	1250	41.6667	0.712667	30.7	20.6
CBDDTY010003934.1	1	3000	5	985	32.8333	0.463	31.9	29.8
CBDDTY010003935.1	1	3000	31	1750	58.3333	4.00467	30.2	12.9
CBDDTY010003936.1	1	3000	25	1972	65.7333	3.32833	29.8	9.32
CBDDTY010003937.1	1	3000	12	2319	77.3	1.39767	31	57.5
CBDDTY010003938.1	1	3000	17	2513	83.7667	2.13133	30.2	51.6
CBDDTY010003939.1	1	3000	16	1903	63.4333	1.94267	30.8	14.6
CBDDTY010003940.1	1	3000	5	1552	51.7333	0.935333	33	60
CBDDTY010003941.1	1	3000	4	406	13.5333	0.208667	29.6	7.5
CBDDTY010003942.1	1	3000	30	2088	69.6	3.75567	32.1	43.7
CBDDTY010003943.1	1	3000	10	1991	66.3667	0.979	30.9	30.1
CBDDTY010003944.1	1	3000	8	1307	43.5667	0.747	29.2	47.8
CBDDTY010003945.1	1	3000	6	1353	45.1	0.617	30	39.2
CBDDTY010003946.1	1	3000	225	2836	94.5333	42.463	32.8	2.34
CBDDTY010003947.1	1	3000	4	1129	37.6333	0.417	29.3	45
CBDDTY010003948.1	1	3000	1	598	19.9333	0.199333	31	1
CBDDTY010003949.1	1	3000	2	467	15.5667	0.155667	25.7	42.5
CBDDTY010003950.1	1	3000	8	1850	61.6667	0.958333	32	56
CBDDTY010003951.1	1	3000	11	1542	51.4	1.265	28.1	53.6
CBDDTY010003952.1	1	3000	3	991	33.0333	0.339333	29.4	60
CBDDTY010003954.1	1	3000	2	386	12.8667	0.214667	27.2	38.5
CBDDTY010003955.1	1	3000	6	1037	34.5667	0.804667	31.4	25.8
CBDDTY010003956.1	1	3000	1	146	4.86667	0.0486667	31.5	38
CBDDTY010003957.1	1	3000	2	903	30.1	0.301	33.8	60
CBDDTY010003958.1	1	3000	16	2063	68.7667	1.54433	29.9	28.8
CBDDTY010003959.1	1	3000	2	474	15.8	0.158	22.4	23
CBDDTY010003960.1	1	3000	14	1644	54.8	1.38833	29.9	46.8
CBDDTY010003961.1	1	3000	17	2444	81.4667	2.104	28.8	55.6
CBDDTY010003962.1	1	3000	7	1226	40.8667	0.585333	33.2	20.6
CBDDTY010003963.1	1	3000	4	1007	33.5667	0.429	28.6	17.5
CBDDTY010003964.1	1	3000	14	2350	78.3333	1.63533	27.5	47.6
CBDDTY010003965.1	1	3000	53	2549	84.9667	5.19767	30.8	22.6
CBDDTY010003966.1	1	3000	8	1002	33.4	0.814333	32.1	56.8
CBDDTY010003967.1	1	3000	6	1351	45.0333	0.828	32.4	23.7
CBDDTY010003968.1	1	3000	60	2998	99.9333	6.95133	30.5	55.4
CBDDTY010003969.1	1	3000	10	1120	37.3333	1.19033	30.7	16.1
CBDDTY010003970.1	1	3000	11	1321	44.0333	0.970333	32.1	46.6
CBDDTY010003971.1	1	3000	10	1470	49	0.856	30.6	23.2
CBDDTY010003972.1	1	3000	20	1611	53.7	2.45133	32.2	13.2
CBDDTY010003973.1	1	3000	2	606	20.2	0.314333	34.9	11
CBDDTY010003974.1	1	3000	14	2034	67.8	1.58867	26.7	17.4
CBDDTY010003975.1	1	3000	3	1262	42.0667	0.435333	34.6	54.7
CBDDTY010003976.1	1	3000	9	2462	82.0667	1.303	28.6	60
CBDDTY010003977.1	1	3000	1	144	4.8	0.048	31.1	2
CBDDTY010003978.1	1	3000	33	1069	35.6333	2.72933	30.4	10.3
CBDDTY010003979.1	1	3000	5	1065	35.5	0.382667	30.7	25.2
CBDDTY010003980.1	1	3000	3	1286	42.8667	0.43	29.6	40.3
CBDDTY010003981.1	1	3000	36	2584	86.1333	4.31433	30.7	7.75
CBDDTY010003982.1	1	3000	4	848	28.2667	0.322333	32.5	22
CBDDTY010003983.1	1	3000	5	1143	38.1	0.673	26.7	28
CBDDTY010003984.1	1	3000	14	1027	34.2333	2.21067	32.3	4.79
CBDDTY010003985.1	1	3000	12	2607	86.9	1.58567	29.8	30.7
CBDDTY010003986.1	1	3000	7	855	28.5	0.591333	28	5.86
CBDDTY010003987.1	1	3000	2	145	4.83333	0.0873333	33.8	1.5
CBDDTY010003988.1	1	3000	35	2644	88.1333	3.80833	29.1	22.9
CBDDTY010003989.1	1	3000	8	512	17.0667	0.410333	34.9	25.2
CBDDTY010003990.1	1	3000	29	2592	86.4	3.26567	30.1	34.1
CBDDTY010003991.1	1	3000	12	1921	64.0333	1.14467	30.9	51.4
CBDDTY010003992.1	1	3000	7	1316	43.8667	0.527	28.7	40.3
CBDDTY010003993.1	1	3000	4	531	17.7	0.194333	25.9	0.75
CBDDTY010003994.1	1	3000	6	1633	54.4333	0.632333	31.4	33.3
CBDDTY010003995.1	1	3000	7	2566	85.5333	1.14367	29.5	41.3
CBDDTY010003996.1	1	3000	4	1159	38.6333	0.386333	27.1	23.5
CBDDTY010003997.1	1	3000	10	1700	56.6667	0.918333	28.8	51.6
CBDDTY010003998.1	1	3000	5	1505	50.1667	0.684	28.5	18
CBDDTY010003999.1	1	3000	7	1367	45.5667	1.058	31	51.6
CBDDTY010004000.1	1	3000	13	2143	71.4333	1.09367	29.2	43.3
CBDDTY010004001.1	1	3000	10	2995	99.8333	1.97067	29.7	60
CBDDTY010004002.1	1	3000	48	2995	99.8333	6.20767	29.6	53.6
CBDDTY010004003.1	1	3000	2	625	20.8333	0.291333	22.9	60
CBDDTY010004004.1	1	3000	5	489	16.3	0.455	27.4	0.6
CBDDTY010004006.1	1	3000	9	1549	51.6333	1.047	29.8	21.9
CBDDTY010004007.1	1	3000	14	2152	71.7333	1.285	31.1	27.8
CBDDTY010004008.1	1	3000	6	1052	35.0667	0.603667	30.4	59.8
CBDDTY010004009.1	1	3000	13	2119	70.6333	1.62033	30.8	31.5
CBDDTY010004010.1	1	3000	11	1835	61.1667	1.20467	30.7	53
CBDDTY010004011.1	1	3000	4	1120	37.3333	0.542	27.4	6.75
CBDDTY010004013.1	1	3000	10	1797	59.9	1.24167	28.9	36.2
CBDDTY010004014.1	1	3000	24	2496	83.2	2.92	30.2	51.6
CBDDTY010004015.1	1	3000	8	2034	67.8	0.951667	31.5	53.2
CBDDTY010004016.1	1	3000	9	1154	38.4667	0.706	31.4	53.9
CBDDTY010004017.1	1	3000	13	1661	55.3667	1.56767	31.6	56.3
CBDDTY010004018.1	1	3000	26	2116	70.5333	2.53867	28.9	12.6
CBDDTY010004019.1	1	3000	5	1013	33.7667	0.337667	30.8	24
CBDDTY010004020.1	1	3000	10	2339	77.9667	1.31967	27.9	55.3
CBDDTY010004021.1	1	3000	4	860	28.6667	0.303333	29.1	9
CBDDTY010004022.1	1	3000	1	323	10.7667	0.107667	34.2	1
CBDDTY010004023.1	1	3000	9	1031	34.3667	0.686667	31.4	30.4
CBDDTY010004024.1	1	3000	2	725	24.1667	0.241667	26.3	60
CBDDTY010004025.1	1	3000	5	1289	42.9667	0.500667	28.3	38.4
CBDDTY010004026.1	1	3000	12	2139	71.3	1.313	31.8	46.8
CBDDTY010004027.1	1	3000	1	167	5.56667	0.0556667	33.3	1
CBDDTY010004029.1	1	3000	4	1581	52.7	0.732	30.5	45.2
CBDDTY010004030.1	1	3000	20	1727	57.5667	2.22133	32.5	21.6
CBDDTY010004031.1	1	3000	7	1057	35.2333	0.520667	29.5	29
CBDDTY010004032.1	1	3000	12	2142	71.4	1.526	31.4	36.6
CBDDTY010004033.1	1	3000	11	2848	94.9333	1.32467	32.9	45.5
CBDDTY010004034.1	1	3000	211	2318	77.2667	31.5227	27.7	7.19
CBDDTY010004035.1	1	3000	1	73	2.43333	0.0243333	37.8	0
CBDDTY010004036.1	1	3000	8	1202	40.0667	0.733667	33.2	22.4
CBDDTY010004037.1	1	3000	3	737	24.5667	0.400667	33.1	2.67
CBDDTY010004038.1	1	3000	7	1493	49.7667	0.844667	28.1	35.7
CBDDTY010004039.1	1	3000	1	190	6.33333	0.0633333	29.8	25
CBDDTY010004040.1	1	3000	8	2085	69.5	1.155	29.3	48.9
CBDDTY010004041.1	1	3000	9	1482	49.4	0.621333	28.7	30.6
CBDDTY010004042.1	1	3000	10	2100	70	1.34833	29.9	52.3
CBDDTY010004043.1	1	3000	1	886	29.5333	0.295333	22.7	1
CBDDTY010004044.1	1	3000	6	1318	43.9333	0.617667	32.7	44
CBDDTY010004046.1	1	3000	1	319	10.6333	0.106333	28.6	1
CBDDTY010004047.1	1	3000	8	1805	60.1667	0.849667	29.9	43.8
CBDDTY010004048.1	1	3000	7	1321	44.0333	0.678667	30.5	48.6
CBDDTY010004049.1	1	3000	61	824	27.4667	6.28133	30.1	13.6
CBDDTY010004050.1	1	3000	4	921	30.7	0.436	31.5	58.5
CBDDTY010004051.1	1	3000	7	1537	51.2333	0.708333	31.3	8.43
CBDDTY010004052.1	1	3000	28	2330	77.6667	3.782	30.9	27.5
CBDDTY010004053.1	1	3000	17	2835	94.5	2.59367	29.2	53.5
CBDDTY010004054.1	1	3000	12	2038	67.9333	1.63633	30.6	55.7
CBDDTY010004055.1	1	3000	2	1130	37.6667	0.542667	33.4	60
CBDDTY010004056.1	1	3000	4	480	16	0.237667	34.6	7.5
CBDDTY010004057.1	1	3000	4	793	26.4333	0.264333	29.4	42.8
CBDDTY010004059.1	1	3000	9	1683	56.1	0.897	30	44.3
CBDDTY010004060.1	1	3000	7	1581	52.7	0.706	32.4	53.1
CBDDTY010004061.1	1	3000	7	1140	38	0.702333	28.8	10.7
CBDDTY010004062.1	1	3000	22	2252	75.0667	3.62167	31.1	53.7
CBDDTY010004063.1	1	3000	5	663	22.1	0.508333	30	6.6
CBDDTY010004064.1	1	3000	40	2951	98.3667	5.36267	30.3	58.6
CBDDTY010004065.1	1	3000	9	1486	49.5333	0.823667	29.5	15.2
CBDDTY010004066.1	1	3000	6	981	32.7	0.438	28.2	4.67
CBDDTY010004067.1	1	3000	11	1425	47.5	0.768333	33.6	46.1
CBDDTY010004068.1	1	3000	14	2172	72.4	1.43633	31	57.4
CBDDTY010004069.1	1	3000	6	1759	58.6333	1.17667	33.6	50.5
CBDDTY010004070.1	1	3000	20	1942	64.7333	1.42767	32.7	27.6
CBDDTY010004071.1	1	3000	32	2999	99.9667	4.29633	29.3	44.4
CBDDTY010004072.1	1	3000	12	2163	72.1	1.20867	34.5	52.2
CBDDTY010004073.1	1	3000	17	2368	78.9333	2.00167	30.5	52.6
CBDDTY010004074.1	1	3000	4	729	24.3	0.5	33.1	31.5
CBDDTY010004075.1	1	3000	12	1849	61.6333	1.23833	30.8	40.2
CBDDTY010004077.1	1	3000	3	936	31.2	0.312	28.8	6
CBDDTY010004078.1	1	3000	7	1121	37.3667	1.62267	34.4	60
CBDDTY010004079.1	1	3000	12	1590	53	1.316	29.1	10.5
CBDDTY010004080.1	1	3000	6	1335	44.5	0.770333	32	33.2
CBDDTY010004081.1	1	3000	4	784	26.1333	0.578333	30.7	45.2
CBDDTY010004082.1	1	3000	6	877	29.2333	0.464333	31.6	11.5
CBDDTY010004083.1	1	3000	4	813	27.1	0.271	31.9	7.25
CBDDTY010004084.1	1	3000	1	191	6.36667	0.0636667	31.3	1
CBDDTY010004085.1	1	3000	12	1380	46	0.865	29.6	18.3
CBDDTY010004086.1	1	3000	3	921	30.7	0.395667	30.5	20.7
CBDDTY010004087.1	1	3000	3	1112	37.0667	0.388333	29.7	3.67
CBDDTY010004088.1	1	3000	3	374	12.4667	0.195	28.8	7
CBDDTY010004089.1	1	3000	16	2156	71.8667	1.545	28.8	32.2
CBDDTY010004090.1	1	3000	15	2328	77.6	2.10967	30.3	48.7
CBDDTY010004091.1	1	3000	11	2663	88.7667	1.363	30.8	54.9
CBDDTY010004092.1	1	3000	25	2507	83.5667	2.29767	31.6	22.1
CBDDTY010004093.1	1	3000	12	1489	49.6333	0.997667	30.2	32.8
CBDDTY010004094.1	1	3000	4	908	30.2667	0.444667	27.6	3
CBDDTY010004095.1	1	3000	5	829	27.6333	0.673	27.5	19.6
CBDDTY010004096.1	1	3000	5	1354	45.1333	0.503333	32.9	19.8
CBDDTY010004097.1	1	3000	4	677	22.5667	0.584	32.4	49.2
CBDDTY010004098.1	1	3000	11	2329	77.6333	1.268	23.6	15.6
CBDDTY010004099.1	1	3000	16	2562	85.4	2.166	30.3	54.9
CBDDTY010004100.1	1	3000	141	2842	94.7333	17.8283	28.8	52.8
CBDDTY010004101.1	1	3000	15	2716	90.5333	1.47967	30.9	50.3
CBDDTY010004102.1	1	3000	3	732	24.4	0.244	27.1	40.3
CBDDTY010004103.1	1	3000	7	1720	57.3333	0.632333	29.6	51.6
CBDDTY010004104.1	1	3000	7	920	30.6667	0.462333	31.9	8
CBDDTY010004105.1	1	3000	12	1966	65.5333	1.084	31	43.8
CBDDTY010004106.1	1	3000	4	462	15.4	0.255667	32.3	1
CBDDTY010004107.1	1	3000	12	1598	53.2667	1.19367	25.4	14.1
CBDDTY010004108.1	1	3000	14	1540	51.3333	1.358	29	22.9
CBDDTY010004109.1	1	3000	5	977	32.5667	0.451	33.9	1
CBDDTY010004110.1	1	3000	1	151	5.03333	0.0503333	29	11
CBDDTY010004111.1	1	2000	19	1845	92.25	3.2335	28.9	19
CBDDTY010004112.1	1	2000	1	103	5.15	0.0515	37.3	0
CBDDTY010004113.1	1	2000	8	1586	79.3	1.7215	30	57.8
CBDDTY010004114.1	1	2000	1	103	5.15	0.0515	40.5	17
CBDDTY010004115.1	1	2000	2	548	27.4	0.4515	34	16.5
CBDDTY010004116.1	1	2000	5	1365	68.25	0.8425	33.6	42.8
CBDDTY010004117.1	1	2000	10	983	49.15	1.152	29.6	2.6
CBDDTY010004118.1	1	2000	1	381	19.05	0.1905	34	60
CBDDTY010004119.1	1	2000	20	1196	59.8	2.568	29.8	30.5
CBDDTY010004120.1	1	2000	4	1458	72.9	1.146	35.7	60
CBDDTY010004122.1	1	2000	10	1816	90.8	2.064	31.2	57.7
CBDDTY010004124.1	1	2000	8	1049	52.45	2.0045	27.1	34.5
CBDDTY010004125.1	1	2000	3	644	32.2	0.4715	29.3	60
CBDDTY010004126.1	1	2000	9	1392	69.6	1.259	28.6	30.4
CBDDTY010004127.1	1	2000	2	665	33.25	0.3325	26.6	36
CBDDTY010004128.1	1	2000	4	838	41.9	0.419	35.4	7.5
CBDDTY010004129.1	1	2000	10	1554	77.7	1.4675	29	37.3
CBDDTY010004130.1	1	2000	10	1561	78.05	2.5135	31.8	60
CBDDTY010004131.1	1	2000	3	1017	50.85	0.63	26.9	60
CBDDTY010004132.1	1	2000	12	1546	77.3	2.3085	27.9	42.2
CBDDTY010004133.1	1	2000	3	471	23.55	0.2355	29.3	20
CBDDTY010004134.1	1	2000	1	116	5.8	0.058	30.8	1
CBDDTY010004135.1	1	2000	5	993	49.65	0.646	27.4	51.8
CBDDTY010004136.1	1	2000	6	905	45.25	0.6905	32	1.33
CBDDTY010004139.1	1	2000	10	1317	65.85	1.9525	31.7	54.2
CBDDTY010004140.1	1	2000	9	1206	60.3	1.296	28	23.7
CBDDTY010004141.1	1	2000	2	580	29	0.29	26	49.5
CBDDTY010004143.1	1	2000	5	936	46.8	0.554	35.5	42.4
CBDDTY010004144.1	1	2000	1	423	21.15	0.2115	28.2	1
CBDDTY010004145.1	1	2000	3	642	32.1	0.371	32.5	38.3
CBDDTY010004146.1	1	2000	6	1394	69.7	0.927	30.5	39.8
CBDDTY010004147.1	1	2000	14	1658	82.9	2.8945	28.5	47.3
CBDDTY010004149.1	1	2000	7	1120	56	0.8595	30.4	30.7
CBDDTY010004150.1	1	2000	33	1942	97.1	7.092	30	34.5
CBDDTY010004151.1	1	2000	7	1622	81.1	1.1015	31.1	40.9
CBDDTY010004152.1	1	2000	4	757	37.85	0.7265	30	55.2
CBDDTY010004153.1	1	2000	10	1718	85.9	1.671	26.6	59.5
CBDDTY010004154.1	1	2000	14	1765	88.25	1.707	31.1	25.2
CBDDTY010004155.1	1	2000	5	1122	56.1	0.936	28.3	57.8
CBDDTY010004156.1	1	2000	19	1322	66.1	4.1245	29.7	9.42
CBDDTY010004157.1	1	2000	73	1960	98	11.5615	31.9	47.2
CBDDTY010004158.1	1	2000	17	1070	53.5	3.128	32.8	19.9
CBDDTY010004159.1	1	2000	1	106	5.3	0.053	28.6	1
CBDDTY010004161.1	1	2000	13	1367	68.35	1.7725	26.6	18.2
CBDDTY010004162.1	1	2000	4	430	21.5	0.547	30	21.2
CBDDTY010004163.1	1	2000	1	237	11.85	0.1185	32.4	0
CBDDTY010004164.1	1	2000	2	630	31.5	0.315	29.1	60
CBDDTY010004166.1	1	2000	10	1569	78.45	1.2425	30	44.6
CBDDTY010004167.1	1	2000	7	1463	73.15	1.066	31.2	45.6
CBDDTY010004168.1	1	2000	6	944	47.2	0.819	30.8	53.3
CBDDTY010004169.1	1	2000	40	1731	86.55	7.62	26.6	2.92
CBDDTY010004171.1	1	2000	12	1631	81.55	1.9315	32.5	35.1
CBDDTY010004172.1	1	2000	7	1133	56.65	1.166	32.6	43.4
CBDDTY010004173.1	1	2000	24	1983	99.15	3.4205	31.1	37.5
CBDDTY010004174.1	1	2000	1	150	7.5	0.075	31.4	15
CBDDTY010004175.1	1	2000	1	367	18.35	0.1835	28.3	60
CBDDTY010004176.1	1	2000	10	1726	86.3	1.9205	30.2	55.3
CBDDTY010004177.1	1	2000	7	1565	78.25	1.749	29	45.1
CBDDTY010004178.1	1	2000	6	1028	51.4	0.713	31.6	32.7
CBDDTY010004179.1	1	2000	31	1934	96.7	4.282	30.8	32.1
CBDDTY010004180.1	1	2000	5	567	28.35	0.712	29.2	45.6
CBDDTY010004181.1	1	2000	2	606	30.3	0.399	31.3	6.5
CBDDTY010004182.1	1	2000	4	898	44.9	0.5365	29	46.2
CBDDTY010004184.1	1	2000	8	725	36.25	1.115	30.3	12
CBDDTY010004185.1	1	2000	1	226	11.3	0.113	28.9	1
CBDDTY010004186.1	1	2000	7	1418	70.9	1.577	28.6	60
CBDDTY010004187.1	1	2000	1	742	37.1	0.371	26.3	60
CBDDTY010004188.1	1	2000	3	447	22.35	0.4095	30.4	34
CBDDTY010004189.1	1	2000	12	1479	73.95	1.44	32.2	29.8
CBDDTY010004190.1	1	2000	5	1010	50.5	0.6625	35.1	49.4
CBDDTY010004191.1	1	2000	8	1178	58.9	1.1375	29.1	33.9
CBDDTY010004192.1	1	2000	2	161	8.05	0.139	28.5	1
CBDDTY010004193.1	1	2000	6	650	32.5	0.542	32.1	6.17
CBDDTY010004194.1	1	2000	1	265	13.25	0.1325	28.5	1
CBDDTY010004196.1	1	2000	11	1775	88.75	2.005	29.9	52
CBDDTY010004197.1	1	2000	2	364	18.2	0.3095	35.6	25
CBDDTY010004198.1	1	2000	13	1450	72.5	1.8815	32.6	60
CBDDTY010004199.1	1	2000	2	423	21.15	0.2115	29.1	14.5
CBDDTY010004200.1	1	2000	3	1033	51.65	0.591	33.7	59.7
CBDDTY010004201.1	1	2000	15	1388	69.4	2.294	30.1	53.7
CBDDTY010004202.1	1	2000	2	428	21.4	0.214	28.7	8
CBDDTY010004203.1	1	2000	6	892	44.6	0.6805	30.2	24.8
CBDDTY010004204.1	1	2000	26	1703	85.15	5.0675	30.3	43.2
CBDDTY010004205.1	1	2000	5	926	46.3	0.56	26.2	51.6
CBDDTY010004206.1	1	2000	5	386	19.3	0.4085	26.2	37
CBDDTY010004207.1	1	2000	4	1481	74.05	0.8885	33.2	45.8
CBDDTY010004209.1	1	2000	5	1395	69.75	1.068	29.9	54.2
CBDDTY010004210.1	1	2000	12	1642	82.1	2.217	31	49.1
CBDDTY010004212.1	1	2000	10	1690	84.5	1.8515	28.3	52.6
CBDDTY010004213.1	1	2000	15	1898	94.9	2.9395	29.4	55.9
CBDDTY010004215.1	1	2000	13	1780	89	1.9235	29.7	40.4
CBDDTY010004216.1	1	2000	6	1688	84.4	1.2145	30.2	60
CBDDTY010004217.1	1	2000	5	1268	63.4	0.985	28.5	25.6
CBDDTY010004218.1	1	2000	4	1252	62.6	0.839	27.8	53.2
CBDDTY010004219.1	1	2000	3	330	16.5	0.209	26.6	3.33
CBDDTY010004220.1	1	2000	2	755	37.75	0.3775	23.1	0.5
CBDDTY010004221.1	1	2000	7	1260	63	1.2495	30.9	55.3
CBDDTY010004222.1	1	2000	4	793	39.65	0.8035	34.1	36.8
CBDDTY010004223.1	1	2000	5	1010	50.5	0.898	31.3	57
CBDDTY010004224.1	1	2000	5	923	46.15	0.6865	30.2	36
CBDDTY010004225.1	1	2000	6	824	41.2	0.6775	28.5	1.5
CBDDTY010004226.1	1	2000	8	1207	60.35	1.1125	30.1	48.6
CBDDTY010004227.1	1	2000	213	1947	97.35	32.855	29.8	54.9
CBDDTY010004228.1	1	2000	5	843	42.15	0.598	29.6	2.2
CBDDTY010004229.1	1	1983	1	203	10.237	0.10237	36.4	43
CBDDTY010004230.1	1	2000	14	1245	62.25	1.9355	30.3	12.2
CBDDTY010004231.1	1	2000	5	917	45.85	0.79	30.7	60
CBDDTY010004232.1	1	2000	9	1257	62.85	1.4575	28.7	39.3
CBDDTY010004233.1	1	2000	4	782	39.1	0.539	30.2	51.5
CBDDTY010004234.1	1	2000	6	1087	54.35	0.6535	34.1	1
CBDDTY010004235.1	1	2000	3	467	23.35	0.3535	31.1	1
CBDDTY010004236.1	1	2000	5	812	40.6	0.839	33.5	57.4
CBDDTY010004239.1	1	2000	3	589	29.45	0.5305	30.3	7.67
CBDDTY010004241.1	1	2000	23	1509	75.45	4.057	32.3	17.6
CBDDTY010004242.1	1	2000	6	1078	53.9	0.96	30.5	30.2
CBDDTY010004243.1	1	2000	7	1756	87.8	1.13	30.5	56
CBDDTY010004244.1	1	2000	2	598	29.9	0.299	30.4	53
CBDDTY010004245.1	1	2000	5	783	39.15	0.424	33.7	24.4
CBDDTY010004246.1	1	2000	3	249	12.45	0.344	30.2	2.33
CBDDTY010004247.1	1	2000	28	1856	92.8	4.577	34.1	27
CBDDTY010004248.1	1	2000	9	1601	80.05	1.422	31.5	53.2
CBDDTY010004249.1	1	2000	5	1316	65.8	0.736	30.4	38.4
CBDDTY010004250.1	1	2000	1	200	10	0.1	28.3	17
CBDDTY010004251.1	1	2000	3	1635	81.75	0.856	31.7	20.7
CBDDTY010004252.1	1	2000	9	1663	83.15	1.4845	29.5	48.2
CBDDTY010004254.1	1	2000	1	177	8.85	0.0885	27.9	1
CBDDTY010004255.1	1	2000	4	724	36.2	0.362	28.2	0.75
CBDDTY010004256.1	1	2000	10	1066	53.3	1.4285	33.2	47
CBDDTY010004257.1	1	2000	21	1908	95.4	3.975	31.6	13.9
CBDDTY010004258.1	1	2000	17	1249	62.45	2.274	30.7	11.6
CBDDTY010004259.1	1	2000	18	1425	71.25	2.3675	28.5	36.3
CBDDTY010004260.1	1	2000	6	1215	60.75	1.15	33.7	9.83
CBDDTY010004262.1	1	2000	12	1936	96.8	2.9535	31.5	56.2
CBDDTY010004263.1	1	2000	5	1209	60.45	0.711	26.8	35
CBDDTY010004265.1	1	2000	6	687	34.35	0.558	29.9	31
CBDDTY010004266.1	1	2000	1	50	2.5	0.025	19.4	13
CBDDTY010004267.1	1	2000	7	709	35.45	1.448	28.5	4.43
CBDDTY010004268.1	1	2000	9	1644	82.2	1.644	30.2	47.4
CBDDTY010004269.1	1	2000	7	1011	50.55	1.2995	32.5	54
CBDDTY010004270.1	1	2000	3	882	44.1	0.468	31.6	23.7
CBDDTY010004271.1	1	2000	7	901	45.05	1.16	24.2	5
CBDDTY010004272.1	1	2000	10	481	24.05	1.2545	30.3	34.1
CBDDTY010004273.1	1	2000	9	1241	62.05	0.9425	32	14.4
CBDDTY010004274.1	1	2000	3	751	37.55	0.602	29.4	40.3
CBDDTY010004275.1	1	2000	41	1456	72.8	4.832	30.5	11.7
CBDDTY010004277.1	1	2000	1	239	11.95	0.1195	19.1	1
CBDDTY010004278.1	1	2000	6	1449	72.45	0.952	31.2	60
CBDDTY010004279.1	1	2000	8	1272	63.6	1.1385	29.8	56.4
CBDDTY010004280.1	1	2000	3	732	36.6	0.637	29.7	20.7
CBDDTY010004281.1	1	2000	7	1367	68.35	1.748	33.2	0.857
CBDDTY010004283.1	1	2000	9	1480	74	1.2685	30.1	52.3
CBDDTY010004285.1	1	2000	6	1500	75	0.949	32.6	53.2
CBDDTY010004286.1	1	2000	7	1005	50.25	0.878	33.9	15.4
CBDDTY010004287.1	1	2000	4	630	31.5	0.576	26.1	40.8
CBDDTY010004288.1	1	2000	8	675	33.75	1.1515	32.5	35
CBDDTY010004289.1	1	2000	3	536	26.8	0.4355	36.8	59.7
CBDDTY010004290.1	1	2000	2	454	22.7	0.227	25.7	30.5
CBDDTY010004291.1	1	2000	6	341	17.05	0.686	30.8	49.7
CBDDTY010004292.1	1	2000	6	1874	93.7	1.481	31	60
CBDDTY010004293.1	1	2000	7	638	31.9	1.1365	33.5	4
CBDDTY010004294.1	1	2000	13	1536	76.8	2.135	29.7	35.7
CBDDTY010004297.1	1	2000	1	234	11.7	0.117	38.1	0
CBDDTY010004298.1	1	2000	4	642	32.1	0.4085	32.2	21.8
CBDDTY010004300.1	1	2000	2	466	23.3	0.4255	27.2	60
CBDDTY010004301.1	1	2000	10	1217	60.85	1.4665	29.8	0.9
CBDDTY010004303.1	1	2000	2	407	20.35	0.2035	26.7	5.5
CBDDTY010004304.1	1	2000	7	1127	56.35	0.861	29.2	49
CBDDTY010004305.1	1	2000	5	1755	87.75	1.573	29.7	23.4
CBDDTY010004306.1	1	2000	1	85	4.25	0.0425	40.1	29
CBDDTY010004307.1	1	2000	9	1994	99.7	2.6515	30.8	46.2
CBDDTY010004309.1	1	2000	12	1418	70.9	1.6825	31.6	18.7
CBDDTY010004310.1	1	2000	6	1164	58.2	1.1165	30	30.8
CBDDTY010004311.1	1	2000	9	1515	75.75	1.6765	29.1	15.7
CBDDTY010004312.1	1	2000	5	1177	58.85	0.9355	31.6	50
CBDDTY010004313.1	1	2000	2	785	39.25	0.3925	30.9	60
CBDDTY010004314.1	1	2000	7	1788	89.4	1.9545	30.8	60
CBDDTY010004315.1	1	2000	6	714	35.7	0.524	32.1	33.2
CBDDTY010004316.1	1	2000	13	1355	67.75	2.5325	32.5	30.3
CBDDTY010004317.1	1	2000	3	427	21.35	0.2195	33.3	20.3
CBDDTY010004318.1	1	2000	2	419	20.95	0.2095	32.3	60
CBDDTY010004320.1	1	2000	14	667	33.35	2.053	32.1	7.07
CBDDTY010004321.1	1	2000	3	1300	65	0.7795	31.8	60
CBDDTY010004322.1	1	2000	4	1182	59.1	0.7845	33.7	60
CBDDTY010004323.1	1	2000	2	516	25.8	0.258	30.8	34
CBDDTY010004324.1	1	2000	5	1265	63.25	1.156	33.1	49.6
CBDDTY010004326.1	1	2000	13	1472	73.6	1.8355	29.3	38.6
CBDDTY010004327.1	1	2000	5	869	43.45	0.6835	31.6	57.4
CBDDTY010004328.1	1	2000	7	1750	87.5	1.0765	33.6	29.7
CBDDTY010004329.1	1	2000	25	954	47.7	3.4675	31.1	9.64
CBDDTY010004330.1	1	2000	2	515	25.75	0.2575	27.9	19
CBDDTY010004331.1	1	2000	6	1199	59.95	1.464	29.4	40
CBDDTY010004332.1	1	2000	8	1445	72.25	1.4965	31.2	48.1
CBDDTY010004334.1	1	2000	8	1406	70.3	1.508	29.5	20.6
CBDDTY010004335.1	1	2000	4	496	24.8	0.359	27.6	2.75
CBDDTY010004336.1	1	2000	2	380	19	0.309	26.9	60
CBDDTY010004337.1	1	2000	4	893	44.65	0.4845	29.5	33
CBDDTY010004338.1	1	2000	7	1455	72.75	1.231	26.6	55
CBDDTY010004339.1	1	2000	7	944	47.2	1.9565	28.6	46
CBDDTY010004340.1	1	2000	6	1878	93.9	1.3755	29.1	42.3
CBDDTY010004342.1	1	2000	3	1389	69.45	0.7785	32.5	44.7
CBDDTY010004343.1	1	2000	4	388	19.4	0.574	30.7	4
CBDDTY010004344.1	1	2000	5	124	6.2	0.2675	27.7	6.6
CBDDTY010004345.1	1	2000	7	1667	83.35	1.543	27.3	10.6
CBDDTY010004346.1	1	2000	6	1412	70.6	1.109	30.9	46.2
CBDDTY010004348.1	1	2000	13	1869	93.45	2.851	28.9	56.3
CBDDTY010004349.1	1	2000	4	1086	54.3	0.877	28.1	1.5
CBDDTY010004350.1	1	2000	9	1717	85.85	2.06	30.7	42.1
CBDDTY010004351.1	1	2000	2	583	29.15	0.4425	29.6	60
CBDDTY010004352.1	1	2000	2	874	43.7	0.448	28	42.5
CBDDTY010004353.1	1	2000	7	912	45.6	1.195	30.1	5.14
CBDDTY010004354.1	1	2000	3	766	38.3	0.4285	30.1	44.3
CBDDTY010004355.1	1	2000	1	296	14.8	0.148	26.8	60
CBDDTY010004356.1	1	2000	3	317	15.85	0.2625	29.7	31.3
CBDDTY010004358.1	1	2000	9	1117	55.85	0.9015	27.7	48
CBDDTY010004359.1	1	2000	5	1056	52.8	0.7615	26.7	11.4
CBDDTY010004360.1	1	2000	8	1243	62.15	1.15	32.9	51
CBDDTY010004361.1	1	2000	8	1528	76.4	1.619	31.1	59.4
CBDDTY010004363.1	1	2000	7	713	35.65	0.7995	29.3	28.9
CBDDTY010004364.1	1	2000	17	1636	81.8	2.947	34	39.9
CBDDTY010004365.1	1	2000	4	463	23.15	0.3175	28.5	0.5
CBDDTY010004366.1	1	2000	10	1604	80.2	1.6855	31.1	51.9
CBDDTY010004367.1	1	2000	4	1098	54.9	0.9435	32.4	20.2
CBDDTY010004368.1	1	2000	6	1132	56.6	0.806	30.1	37
CBDDTY010004369.1	1	2000	9	1123	56.15	1.138	31.5	25.9
CBDDTY010004370.1	1	2000	1	136	6.8	0.068	31.3	1
CBDDTY010004371.1	1	2000	3	402	20.1	0.312	32.5	31
CBDDTY010004372.1	1	2000	12	1785	89.25	1.9875	31.2	60
CBDDTY010004373.1	1	2000	5	732	36.6	0.557	30.5	7.8
CBDDTY010004374.1	1	2000	5	631	31.55	0.692	31.2	38.6
CBDDTY010004375.1	1	2000	4	1242	62.1	0.621	32.8	29
CBDDTY010004376.1	1	2000	34	1999	99.95	5.106	29.7	48.3
CBDDTY010004377.1	1	2000	3	1096	54.8	0.548	32.7	50.3
CBDDTY010004378.1	1	2000	65	1931	96.55	12.8335	29.1	20.6
CBDDTY010004380.1	1	2000	7	1667	83.35	1.5805	30	58.3
CBDDTY010004381.1	1	2000	4	1021	51.05	0.609	32	46.8
CBDDTY010004382.1	1	2000	5	728	36.4	0.5205	27.3	38
CBDDTY010004383.1	1	2000	31	1963	98.15	5.7785	29.9	31.8
CBDDTY010004384.1	1	2000	1	109	5.45	0.0545	25.6	60
CBDDTY010004385.1	1	2000	14	1760	88	2.2035	33.9	44.8
CBDDTY010004387.1	1	2000	3	965	48.25	0.683	27.9	56.3
CBDDTY010004388.1	1	2000	16	1250	62.5	1.9305	28.7	39.2
CBDDTY010004389.1	1	2000	9	1225	61.25	0.971	31.2	44.3
CBDDTY010004390.1	1	2000	2	695	34.75	0.4995	28.8	56.5
CBDDTY010004391.1	1	2000	8	836	41.8	0.8395	30.6	51.8
CBDDTY010004392.1	1	2000	6	956	47.8	0.853	27.9	43.7
CBDDTY010004393.1	1	2000	21	1742	87.1	4.034	29.4	19.9
CBDDTY010004394.1	1	2000	9	1452	72.6	1.5045	29.4	25.2
CBDDTY010004395.1	1	2000	5	734	36.7	0.565	30.6	3
CBDDTY010004396.1	1	2000	3	399	19.95	0.504	32.8	60
CBDDTY010004397.1	1	2000	4	770	38.5	0.449	29.7	33.5
CBDDTY010004398.1	1	2000	1	53	2.65	0.0265	43.4	0
CBDDTY010004399.1	1	2000	1	363	18.15	0.1815	28.1	1
CBDDTY010004400.1	1	2000	31	1913	95.65	5.247	29.4	45.3
CBDDTY010004401.1	1	2000	12	1967	98.35	1.9345	29.6	52.8
CBDDTY010004402.1	1	2000	5	975	48.75	0.684	29.8	19
CBDDTY010004403.1	1	2000	6	1206	60.3	0.8955	29.1	60
CBDDTY010004404.1	1	2000	8	1555	77.75	1.179	27.9	49.2
CBDDTY010004405.1	1	2000	10	1173	58.65	1.272	30.8	20.7
CBDDTY010004407.1	1	2000	19	1955	97.75	3.2905	31.5	9.53
CBDDTY010004408.1	1	2000	9	1255	62.75	1.749	28.7	48.8
CBDDTY010004409.1	1	2000	1	383	19.15	0.1915	32.5	1
CBDDTY010004410.1	1	2000	6	1146	57.3	1.1015	28	21.5
CBDDTY010004411.1	1	2000	12	890	44.5	1.136	29.7	12.5
CBDDTY010004412.1	1	2000	3	507	25.35	0.5645	33.9	12
CBDDTY010004413.1	1	2000	3	679	33.95	0.4305	25	44.7
CBDDTY010004414.1	1	2000	13	920	46	1.3825	33.4	14.6
CBDDTY010004415.1	1	2000	14	1608	80.4	2	31.1	10.5
CBDDTY010004417.1	1	2000	10	1389	69.45	1.7245	30.3	52.2
CBDDTY010004418.1	1	2000	2	308	15.4	0.154	28.9	0
CBDDTY010004419.1	1	2000	2	706	35.3	0.493	32.7	60
CBDDTY010004420.1	1	2000	9	1433	71.65	1.549	29.4	60
CBDDTY010004422.1	1	2000	4	984	49.2	0.544	31.9	45.2
CBDDTY010004423.1	1	2000	1	108	5.4	0.054	25.8	0
CBDDTY010004424.1	1	2000	8	727	36.35	1.056	30.2	5.25
CBDDTY010004425.1	1	2000	18	856	42.8	2.824	35.7	11.5
CBDDTY010004426.1	1	2000	1	193	9.65	0.0965	20.9	25
CBDDTY010004427.1	1	2000	3	562	28.1	0.281	25	27.3
CBDDTY010004428.1	1	2000	6	650	32.5	0.836	30	10.7
CBDDTY010004430.1	1	2000	7	1544	77.2	1.0285	31.4	57
CBDDTY010004431.1	1	2000	18	1912	95.6	3.8885	30.7	24.1
CBDDTY010004432.1	1	2000	5	727	36.35	0.641	29	41.2
CBDDTY010004433.1	1	2000	5	1406	70.3	0.8875	32.6	60
CBDDTY010004434.1	1	2000	18	1242	62.1	3.2205	27.1	33
CBDDTY010004435.1	1	2000	5	1224	61.2	0.642	29.1	48.6
CBDDTY010004436.1	1	2000	10	1900	95	1.7125	30.6	33.7
CBDDTY010004437.1	1	2000	5	506	25.3	0.8185	26.9	11.6
CBDDTY010004438.1	1	2000	4	1065	53.25	0.8775	32.6	5.25
CBDDTY010004439.1	1	2000	4	807	40.35	0.7765	29.9	41.5
CBDDTY010004440.1	1	2000	11	1118	55.9	1.578	31.5	54.4
CBDDTY010004441.1	1	2000	10	1606	80.3	1.928	31.6	35.9
CBDDTY010004442.1	1	2000	1	104	5.2	0.052	26.5	0
CBDDTY010004443.1	1	2000	1	174	8.7	0.087	25.1	1
CBDDTY010004444.1	1	2000	6	1043	52.15	1.0095	31.4	44.3
CBDDTY010004445.1	1	2000	6	885	44.25	0.86	29.1	60
CBDDTY010004446.1	1	2000	3	1142	57.1	0.804	31.3	47
CBDDTY010004448.1	1	2000	2	296	14.8	0.255	25.8	51
CBDDTY010004449.1	1	2000	15	1921	96.05	2.031	30.8	29.6
CBDDTY010004450.1	1	2000	4	906	45.3	0.595	30	45.2
CBDDTY010004451.1	1	2000	3	825	41.25	0.4635	29.4	1
CBDDTY010004452.1	1	2000	21	1272	63.6	3.2805	31.3	11.7
CBDDTY010004453.1	1	2000	11	1351	67.55	1.708	27.4	33.6
CBDDTY010004454.1	1	2000	6	1813	90.65	1.1525	31	49.8
CBDDTY010004455.1	1	2000	16	1909	95.45	2.3075	31.8	50.4
CBDDTY010004456.1	1	2000	7	1099	54.95	1.019	29.6	40.6
CBDDTY010004459.1	1	2000	2	415	20.75	0.2075	29.5	50.5
CBDDTY010004460.1	1	2000	12	1939	96.95	2.6665	29.7	59.1
CBDDTY010004461.1	1	2000	4	698	34.9	0.4835	26.9	31.5
CBDDTY010004462.1	1	2000	5	1308	65.4	0.8525	31.8	60
CBDDTY010004463.1	1	2000	2	485	24.25	0.4455	32.6	57
CBDDTY010004464.1	1	2000	2	733	36.65	0.477	28.4	1
CBDDTY010004465.1	1	2000	5	1292	64.6	0.7995	30.2	42.4
CBDDTY010004466.1	1	2000	15	1997	99.85	2.681	31	48.8
CBDDTY010004467.1	1	2000	1	253	12.65	0.1265	30.4	1
CBDDTY010004468.1	1	2000	5	1061	53.05	0.962	32.2	27
CBDDTY010004469.1	1	2000	7	1413	70.65	1.018	31.2	23.3
CBDDTY010004470.1	1	2000	3	596	29.8	0.3415	30.3	60
CBDDTY010004472.1	1	2000	1	311	15.55	0.1555	31.5	25
CBDDTY010004473.1	1	2000	4	885	44.25	0.526	28.9	23.2
CBDDTY010004474.1	1	2000	16	1878	93.9	3.146	30.3	29.1
CBDDTY010004475.1	1	2000	16	1741	87.05	3.5175	29.4	36.7
CBDDTY010004476.1	1	2000	3	711	35.55	0.3555	30.3	50
CBDDTY010004478.1	1	2000	9	1372	68.6	1.6645	27.8	33.4
CBDDTY010004479.1	1	2000	5	656	32.8	0.757	29.8	52.6
CBDDTY010004480.1	1	2000	8	1687	84.35	1.6985	30.8	45.1
CBDDTY010004481.1	1	2000	7	1375	68.75	1.2995	30.8	57.6
CBDDTY010004482.1	1	2000	8	1453	72.65	1.1985	30.7	23.1
CBDDTY010004483.1	1	2000	3	630	31.5	0.3825	34.7	8.67
CBDDTY010004485.1	1	2000	11	1541	77.05	1.861	31.1	43.4
CBDDTY010004486.1	1	2000	4	784	39.2	0.392	28.8	1
CBDDTY010004487.1	1	2000	3	878	43.9	0.5165	33.3	42.3
CBDDTY010004488.1	1	2000	8	1317	65.85	1.806	29.4	60
CBDDTY010004489.1	1	2000	6	1340	67	0.996	29.2	50
CBDDTY010004490.1	1	2000	1	398	19.9	0.199	41.6	1
CBDDTY010004491.1	1	2000	1	179	8.95	0.0895	36.6	1
CBDDTY010004492.1	1	2000	12	1453	72.65	1.868	34.1	50
CBDDTY010004493.1	1	2000	8	1652	82.6	1.375	29.7	52
CBDDTY010004494.1	1	2000	9	1489	74.45	1.244	30.2	27
CBDDTY010004495.1	1	2000	19	1467	73.35	3.432	32.6	35.1
CBDDTY010004496.1	1	2000	6	1394	69.7	0.8475	27.3	28.5
CBDDTY010004497.1	1	2000	9	1334	66.7	1.6595	33.7	49.1
CBDDTY010004499.1	1	2000	4	392	19.6	0.5835	36.7	1.25
CBDDTY010004500.1	1	2000	10	1593	79.65	1.5325	30	33.5
CBDDTY010004501.1	1	2000	6	945	47.25	0.934	29.2	45.8
CBDDTY010004502.1	1	2000	5	1171	58.55	0.865	28.5	60
CBDDTY010004503.1	1	2000	11	1698	84.9	2.21	33	60
CBDDTY010004504.1	1	2000	7	1414	70.7	1.763	29.5	56.9
CBDDTY010004505.1	1	2000	2	394	19.7	0.308	30.6	1
CBDDTY010004506.1	1	2000	10	1367	68.35	1.1795	29.2	12.6
CBDDTY010004507.1	1	2000	1	198	9.9	0.099	34.4	1
CBDDTY010004508.1	1	2000	11	1961	98.05	1.868	33	46.2
CBDDTY010004509.1	1	2000	3	1376	68.8	0.688	28.3	60
CBDDTY010004510.1	1	2000	33	1994	99.7	5.365	30.1	52.8
CBDDTY010004511.1	1	2000	8	1721	86.05	1.552	32.1	60
CBDDTY010004512.1	1	2000	8	1033	51.65	0.974	32.9	5.5
CBDDTY010004513.1	1	2000	2	231	11.55	0.1155	27.5	0.5
CBDDTY010004514.1	1	2000	1	217	10.85	0.1085	27.5	1
CBDDTY010004516.1	1	2000	10	1252	62.6	1.545	29.5	56.4
CBDDTY010004517.1	1	2000	5	827	41.35	0.5555	28.7	42.4
CBDDTY010004518.1	1	2000	5	1600	80	1.0025	36.6	52
CBDDTY010004519.1	1	2000	6	942	47.1	0.7585	30.3	51
CBDDTY010004520.1	1	2000	9	1137	56.85	1.226	29.2	44.4
CBDDTY010004521.1	1	2000	15	1947	97.35	2.9945	29.5	33.7
CBDDTY010004522.1	1	2000	2	407	20.35	0.2035	29	7
CBDDTY010004523.1	1	2000	4	400	20	0.3195	28.4	3.25
CBDDTY010004524.1	1	2000	5	1269	63.45	0.898	30.1	60
CBDDTY010004525.1	1	2000	8	1397	69.85	1.3925	33.1	46.4
CBDDTY010004526.1	1	2000	6	1173	58.65	1.191	30.2	60
CBDDTY010004527.1	1	2000	9	1444	72.2	1.4855	26.8	43.3
CBDDTY010004529.1	1	2000	7	1377	68.85	1.1775	29.3	52.9
CBDDTY010004531.1	1	2000	22	1538	76.9	3.252	29.5	30.7
CBDDTY010004532.1	1	2000	21	1319	65.95	2.635	30.5	9.33
CBDDTY010004533.1	1	2000	15	1355	67.75	1.9745	29.3	47.2
CBDDTY010004534.1	1	2000	5	1103	55.15	0.7585	31.5	59.6
CBDDTY010004535.1	1	2000	12	1758	87.9	2.2835	31.2	36.8
CBDDTY010004536.1	1	2000	8	1221	61.05	1.3215	32.5	60
CBDDTY010004537.1	1	2000	8	1599	79.95	1.419	31	59.2
CBDDTY010004538.1	1	2000	7	1345	67.25	1.4155	30.9	50.6
CBDDTY010004539.1	1	2000	1	254	12.7	0.127	28	60
CBDDTY010004540.1	1	2000	10	985	49.25	1.912	31	41.4
CBDDTY010004544.1	1	2000	2	206	10.3	0.103	30.6	0
CBDDTY010004545.1	1	2000	5	1055	52.75	0.5805	30	50.6
CBDDTY010004546.1	1	2000	3	1020	51	0.5555	31.6	1
CBDDTY010004547.1	1	2000	49	1938	96.9	8.6295	31.8	22.6
CBDDTY010004548.1	1	2000	4	1018	50.9	0.738	29.9	48.5
CBDDTY010004549.1	1	2000	4	670	33.5	0.335	31.7	12.5
CBDDTY010004550.1	1	2000	11	1734	86.7	1.836	30.6	40.5
CBDDTY010004551.1	1	2000	1	259	12.95	0.1295	33.1	60
CBDDTY010004552.1	1	2000	6	1249	62.45	0.955	29.3	32.8
CBDDTY010004553.1	1	2000	17	1542	77.1	3.106	31.9	10.9
CBDDTY010004555.1	1	2000	7	845	42.25	1.174	32.4	60
CBDDTY010004556.1	1	2000	2	712	35.6	0.356	31.2	60
CBDDTY010004557.1	1	2000	8	1244	62.2	0.9565	28	38.1
CBDDTY010004558.1	1	2000	11	1620	81	1.6525	32.6	51.6
CBDDTY010004559.1	1	2000	22	1985	99.25	4.767	30.9	54.2
CBDDTY010004561.1	1	2000	10	1419	70.95	1.084	31.1	33.6
CBDDTY010004562.1	1	2000	23	1999	99.95	3.949	28.3	58
CBDDTY010004563.1	1	2000	3	737	36.85	0.401	29.7	0.667
CBDDTY010004564.1	1	2000	4	627	31.35	0.372	29.3	11.5
CBDDTY010004565.1	1	2000	1	71	3.55	0.0355	29.9	0
CBDDTY010004566.1	1	2000	10	1163	58.15	1.1865	31.8	33.8
CBDDTY010004567.1	1	2000	1	113	5.65	0.0565	31.2	21
CBDDTY010004568.1	1	2000	1	361	18.05	0.1805	25.7	5
CBDDTY010004569.1	1	2000	6	914	45.7	0.7215	26.5	34.3
CBDDTY010004570.1	1	2000	5	1040	52	0.645	29.9	30.2
CBDDTY010004571.1	1	2000	4	918	45.9	0.675	29.2	60
CBDDTY010004572.1	1	2000	30	1571	78.55	4.606	31.5	15.8
CBDDTY010004573.1	1	2000	1	164	8.2	0.082	28.9	1
CBDDTY010004574.1	1	2000	8	1329	66.45	1.1795	25.4	39.8
CBDDTY010004575.1	1	2000	2	448	22.4	0.224	19.7	10.5
CBDDTY010004576.1	1	2000	1	713	35.65	0.3565	33.2	60
CBDDTY010004577.1	1	2000	4	1100	55	0.653	31	42.2
CBDDTY010004578.1	1	2000	3	794	39.7	0.397	25.2	43
CBDDTY010004579.1	1	2000	4	1273	63.65	0.742	34.3	60
CBDDTY010004580.1	1	2000	11	995	49.75	1.7495	29.2	53.4
CBDDTY010004581.1	1	2000	7	1148	57.4	1.3925	30.5	55.7
CBDDTY010004583.1	1	2000	7	1674	83.7	1.2925	30.7	54.7
CBDDTY010004584.1	1	2000	14	1816	90.8	2.147	29.3	39.6
CBDDTY010004585.1	1	2000	16	1812	90.6	2.4595	30.9	45.6
CBDDTY010004586.1	1	2000	8	917	45.85	1.295	30.5	29
CBDDTY010004587.1	1	2000	2	165	8.25	0.133	36	0
CBDDTY010004588.1	1	2000	6	1628	81.4	1.155	31.9	30.8
CBDDTY010004589.1	1	2000	4	880	44	0.491	32.9	50.5
CBDDTY010004590.1	1	2000	9	1240	62	1.156	33.5	34.2
CBDDTY010004591.1	1	2000	3	497	24.85	0.2485	32.4	31.3
CBDDTY010004592.1	1	2000	6	1015	50.75	0.9865	29.1	53.8
CBDDTY010004593.1	1	2000	9	1829	91.45	1.8715	28.7	56
CBDDTY010004594.1	1	2000	7	1583	79.15	1.184	31.2	60
CBDDTY010004595.1	1	2000	10	703	35.15	1.1915	30.4	1.9
CBDDTY010004596.1	1	2000	4	470	23.5	0.464	30.3	0
CBDDTY010004597.1	1	2000	9	1567	78.35	1.5315	31	49.6
CBDDTY010004598.1	1	2000	11	630	31.5	1.1405	31.2	13.4
CBDDTY010004599.1	1	2000	3	807	40.35	0.629	31.7	52.7
CBDDTY010004600.1	1	2000	3	816	40.8	0.408	32.5	41
CBDDTY010004601.1	1	2000	9	1224	61.2	1.4	31.8	60
CBDDTY010004602.1	1	2000	1	192	9.6	0.096	38.3	60
CBDDTY010004606.1	1	1000	2	261	26.1	0.425	24.8	1
CBDDTY010004609.1	1	1000	1	240	24	0.24	32.1	48
CBDDTY010004610.1	1	1000	3	417	41.7	0.591	33.1	40.7
CBDDTY010004611.1	1	1000	3	373	37.3	0.738	27.3	60
CBDDTY010004612.1	1	1000	7	999	99.9	2.573	30.9	59.1
CBDDTY010004616.1	1	1000	6	987	98.7	2.263	30.7	44.8
CBDDTY010004617.1	1	1000	1	396	39.6	0.396	29.8	1
CBDDTY010004618.1	1	1000	3	879	87.9	1.023	29.4	43.3
CBDDTY010004619.1	1	1000	3	691	69.1	1.39	34.4	60
CBDDTY010004620.1	1	1000	1	176	17.6	0.176	20.9	1
CBDDTY010004624.1	1	1000	6	817	81.7	2.01	28.7	44
CBDDTY010004626.1	1	1000	1	157	15.7	0.157	36.3	0
CBDDTY010004627.1	1	1000	20	839	83.9	3.913	31.5	4.35
CBDDTY010004628.1	1	1000	5	658	65.8	1.42	30.2	60
CBDDTY010004629.1	1	1000	8	918	91.8	2.542	28.2	35.8
CBDDTY010004630.1	1	1000	1	323	32.3	0.323	24.6	1
CBDDTY010004632.1	1	1000	5	415	41.5	0.836	30.3	34.6
CBDDTY010004634.1	1	1000	1	84	8.4	0.084	34.7	0
CBDDTY010004635.1	1	1000	4	862	86.2	1.175	28	55.8
CBDDTY010004636.1	1	1000	4	788	78.8	1.001	31.3	42.2
CBDDTY010004637.1	1	1000	1	129	12.9	0.129	21.5	0
CBDDTY010004638.1	1	1000	6	755	75.5	2.043	28.7	60
CBDDTY010004639.1	1	1000	1	531	53.1	0.531	27	60
CBDDTY010004640.1	1	1000	1	163	16.3	0.163	18.5	0
CBDDTY010004641.1	1	1000	1	628	62.8	0.628	29.3	60
CBDDTY010004642.1	1	1000	1	149	14.9	0.149	23.5	1
CBDDTY010004643.1	1	1000	5	850	85	1.869	26.3	32.2
CBDDTY010004644.1	1	1000	5	996	99.6	2.167	27.2	60
CBDDTY010004645.1	1	1000	8	972	97.2	2.938	33.4	31
CBDDTY010004646.1	1	1000	5	985	98.5	2.203	27	51.2
CBDDTY010004647.1	1	1000	4	614	61.4	1.292	29.7	31
CBDDTY010004649.1	1	1000	32	483	48.3	8.532	29.1	17.1
CBDDTY010004650.1	1	1000	3	643	64.3	1.232	28.3	60
CBDDTY010004651.1	1	1000	11	731	73.1	3.137	30.2	41.1
CBDDTY010004652.1	1	1000	14	842	84.2	3.399	32.7	20.7
CBDDTY010004655.1	1	1000	5	549	54.9	2.075	30.4	57
CBDDTY010004656.1	1	1000	5	990	99	2.123	29.4	54.2
CBDDTY010004657.1	1	1000	7	941	94.1	2.008	29.1	40.1
CBDDTY010004658.1	1	1000	7	996	99.6	1.681	31.2	47.6
CBDDTY010004659.1	1	1000	1	242	24.2	0.242	36.3	60
CBDDTY010004660.1	1	1000	14	978	97.8	3.846	31.9	28.5
CBDDTY010004662.1	1	1000	2	409	40.9	0.409	33.9	60
CBDDTY010004663.1	1	1000	3	511	51.1	0.639	35.3	25.7
CBDDTY010004664.1	1	1000	6	640	64	1.578	32.6	56.7
CBDDTY010004665.1	1	1000	2	293	29.3	0.293	29.7	33
CBDDTY010004666.1	1	1000	4	656	65.6	1.055	27.1	54
CBDDTY010004668.1	1	1000	2	425	42.5	0.642	33.3	45.5
CBDDTY010004669.1	1	1000	8	994	99.4	1.916	30.2	48.9
CBDDTY010004670.1	1	1000	8	884	88.4	2.463	29.8	44.2
CBDDTY010004671.1	1	1000	2	418	41.8	0.418	25.9	30.5
CBDDTY010004672.1	1	1000	1	143	14.3	0.143	19.9	1
CBDDTY010004673.1	1	1000	1	404	40.4	0.404	31.1	60
CBDDTY010004674.1	1	1000	2	181	18.1	0.344	35.3	12
CBDDTY010004675.1	1	1000	1	115	11.5	0.115	24.2	0
CBDDTY010004676.1	1	1000	3	918	91.8	0.92	33.3	60
CBDDTY010004677.1	1	1000	4	979	97.9	1.846	30.7	60
CBDDTY010004678.1	1	1000	1	150	15	0.15	28.8	14
CBDDTY010004680.1	1	1000	20	999	99.9	7.219	31.1	47.4
CBDDTY010004681.1	1	1000	2	827	82.7	0.827	30.4	46
CBDDTY010004685.1	1	1000	19	992	99.2	5.609	31.6	19.8
CBDDTY010004686.1	1	1000	2	379	37.9	0.579	29.3	60
CBDDTY010004688.1	1	1000	3	394	39.4	0.749	34.8	40.3
CBDDTY010004689.1	1	1000	5	673	67.3	1.6	29.5	19.8
CBDDTY010004691.1	1	1000	10	997	99.7	3.402	30.1	53.6
CBDDTY010004692.1	1	1000	2	590	59	0.637	29	52
CBDDTY010004694.1	1	1000	3	699	69.9	1.314	28.8	60
CBDDTY010004695.1	1	1000	2	398	39.8	0.68	27.9	60
CBDDTY010004696.1	1	1000	20	972	97.2	6.146	30.1	25.7
CBDDTY010004697.1	1	1000	1	55	5.5	0.055	26.5	0
CBDDTY010004699.1	1	1000	1	561	56.1	0.561	11.5	60
CBDDTY010004700.1	1	1000	5	851	85.1	1.624	29.1	11.2
CBDDTY010004701.1	1	1000	5	793	79.3	2.316	26.7	60
CBDDTY010004703.1	1	1000	4	941	94.1	1.89	33.4	60
CBDDTY010004705.1	1	1000	4	499	49.9	0.834	32	33.2
CBDDTY010004706.1	1	1000	1	148	14.8	0.148	26.4	1
CBDDTY010004707.1	1	1000	2	330	33	0.512	32.5	60
CBDDTY010004708.1	1	1000	9	799	79.9	2.478	29.7	5.44
CBDDTY010004709.1	1	1000	5	820	82	1.963	32.4	48.2
CBDDTY010004710.1	1	1000	1	311	31.1	0.311	37.4	60
CBDDTY010004711.1	1	1000	1	354	35.4	0.354	26.8	60
CBDDTY010004712.1	1	1000	2	275	27.5	0.275	26.3	0.5
CBDDTY010004714.1	1	1000	5	701	70.1	1.508	21.9	29.6
CBDDTY010004715.1	1	1000	1	390	39	0.39	27.1	11
CBDDTY010004716.1	1	1000	4	766	76.6	1.696	27.8	30.8
CBDDTY010004718.1	1	1000	2	288	28.8	0.41	31.6	30
CBDDTY010004719.1	1	1000	2	611	61.1	0.855	35.1	60
CBDDTY010004720.1	1	1000	5	775	77.5	1.892	32.5	48.6
CBDDTY010004721.1	1	1000	1	212	21.2	0.212	24	60
CBDDTY010004722.1	1	1000	2	523	52.3	0.523	27.7	19
CBDDTY010004723.1	1	1000	5	517	51.7	1.651	28.5	8.2
CBDDTY010004724.1	1	1000	2	357	35.7	0.576	28	60
CBDDTY010004726.1	1	1000	9	538	53.8	2.449	30.6	0.778
CBDDTY010004729.1	1	1000	3	676	67.6	1.138	34.5	2.33
CBDDTY010004730.1	1	1000	3	373	37.3	0.606	29.1	60
CBDDTY010004731.1	1	1000	2	409	40.9	0.585	28.8	60
CBDDTY010004732.1	1	1000	1	148	14.8	0.148	36	21
CBDDTY010004734.1	1	1000	22	949	94.9	5.32	31.6	51.3
CBDDTY010004737.1	1	1000	3	688	68.8	0.85	28.6	36
CBDDTY010004738.1	1	1000	6	855	85.5	2.016	28.9	50.2
CBDDTY010004740.1	1	1000	4	997	99.7	1.722	30.4	60
CBDDTY010004741.1	1	1000	1	370	37	0.37	22.8	60
CBDDTY010004743.1	1	1000	5	409	40.9	0.767	32.5	39.8
CBDDTY010004744.1	1	1000	1	106	10.6	0.106	35.5	60
CBDDTY010004745.1	1	1000	36	828	82.8	9.664	31.4	53.1
CBDDTY010004746.1	1	1000	2	465	46.5	0.465	26.2	60
CBDDTY010004747.1	1	1000	3	898	89.8	1.154	33.2	36.7
CBDDTY010004748.1	1	1000	1	139	13.9	0.139	21.6	28
CBDDTY010004749.1	1	1000	5	665	66.5	0.931	27.6	25
CBDDTY010004750.1	1	1000	3	461	46.1	0.755	30.7	18.3
CBDDTY010004752.1	1	1000	2	494	49.4	0.675	32.6	30
CBDDTY010004753.1	1	1000	3	422	42.2	0.632	26.4	8.33
CBDDTY010004754.1	1	1000	3	594	59.4	0.838	24.7	41.3
CBDDTY010004755.1	1	1000	1	254	25.4	0.254	28.3	60
CBDDTY010004756.1	1	1000	2	348	34.8	0.348	34	60
CBDDTY010004758.1	1	1000	3	865	86.5	1.041	30.2	22.3
CBDDTY010004760.1	1	1000	2	219	21.9	0.358	29	1
CBDDTY010004761.1	1	1000	2	549	54.9	0.671	30.3	0.5
CBDDTY010004763.1	1	1000	3	633	63.3	1.323	27.2	44.3
CBDDTY010004764.1	1	1000	2	684	68.4	0.899	36	60
CBDDTY010004765.1	1	1000	5	441	44.1	0.905	27.8	3.6
CBDDTY010004766.1	1	1000	9	996	99.6	2.882	31.1	23.1
CBDDTY010004767.1	1	1000	6	679	67.9	1.68	29.5	24.3
CBDDTY010004770.1	1	1000	8	526	52.6	2.126	31	0.25
CBDDTY010004772.1	1	1000	7	766	76.6	1.822	28.7	42.4
CBDDTY010004773.1	1	1000	3	502	50.2	0.688	34.1	60
CBDDTY010004774.1	1	1000	1	179	17.9	0.179	27.1	34
CBDDTY010004775.1	1	1000	2	867	86.7	1.093	29.3	60
CBDDTY010004776.1	1	1000	1	191	19.1	0.191	30.4	0
CBDDTY010004777.1	1	1000	1	936	93.6	0.936	36.4	11
CBDDTY010004778.1	1	1000	2	389	38.9	0.49	29.9	0.5
CBDDTY010004779.1	1	1000	3	650	65	0.65	26.9	18.3
CBDDTY010004780.1	1	1000	3	372	37.2	0.6	32.8	34
CBDDTY010004781.1	1	1000	1	96	9.6	0.096	32.9	7
CBDDTY010004782.1	1	1000	2	309	30.9	0.505	29.1	1
CBDDTY010004783.1	1	1000	1	151	15.1	0.151	37.5	0
CBDDTY010004784.1	1	1000	9	844	84.4	4.005	28.7	54.3
CBDDTY010004785.1	1	1000	1	75	7.5	0.075	21.8	1
CBDDTY010004786.1	1	1000	40	754	75.4	13.335	30.2	16.9
CBDDTY010004787.1	1	1000	10	354	35.4	1.858	28.8	42.7
CBDDTY010004790.1	1	1000	3	501	50.1	0.649	29.7	4.33
CBDDTY010004792.1	1	1000	2	409	40.9	0.409	24.4	43.5
CBDDTY010004793.1	1	1000	1	101	10.1	0.101	28.4	0
CBDDTY010004794.1	1	1000	8	998	99.8	2.848	29.4	46.5
CBDDTY010004795.1	1	1000	1	545	54.5	0.545	22.7	1
CBDDTY010004796.1	1	1000	3	413	41.3	0.807	34	27.7
CBDDTY010004797.1	1	1000	10	900	90	2.569	31	9.7
CBDDTY010004798.1	1	1000	5	715	71.5	1.4	33	34.2
CBDDTY010004800.1	1	1000	2	456	45.6	0.456	27.3	30.5
CBDDTY010004801.1	1	1000	5	497	49.7	1.2	31.9	15.2
CBDDTY010004804.1	1	1000	3	659	65.9	0.967	32.4	58.7
CBDDTY010004805.1	1	1000	4	628	62.8	0.82	32.7	18.5
CBDDTY010004806.1	1	1000	2	624	62.4	0.825	34.1	60
CBDDTY010004808.1	1	1000	6	900	90	2.482	31.7	50
CBDDTY010004809.1	1	1000	38	951	95.1	12.129	30	20
CBDDTY010004810.1	1	1000	1	347	34.7	0.347	28.8	1
CBDDTY010004811.1	1	1000	9	973	97.3	4.584	33.7	51.2
CBDDTY010004812.1	1	1000	2	453	45.3	0.453	25	8
CBDDTY010004813.1	1	1000	1	130	13	0.13	27.4	23
CBDDTY010004814.1	1	1000	3	553	55.3	0.724	28.3	40.3
CBDDTY010004815.1	1	1000	2	947	94.7	1.394	31.6	60
CBDDTY010004816.1	1	1000	2	470	47	0.643	31.6	37
CBDDTY010004817.1	1	1000	1	185	18.5	0.185	33.4	0
CBDDTY010004819.1	1	1000	1	297	29.7	0.297	26.6	1
CBDDTY010004821.1	1	1000	4	655	65.5	1.031	28.3	4.25
CBDDTY010004822.1	1	1000	2	443	44.3	0.688	34.7	43.5
CBDDTY010004823.1	1	1000	9	651	65.1	2.94	30.9	8.67
CBDDTY010004824.1	1	1000	2	387	38.7	0.557	26.8	6
CBDDTY010004825.1	1	1000	7	856	85.6	1.869	30.1	30.1
CBDDTY010004826.1	1	1000	3	918	91.8	1.362	31.6	47.7
CBDDTY010004827.1	1	1000	7	230	23	1.392	33.1	45.1
CBDDTY010004829.1	1	1000	1	169	16.9	0.169	31.2	1
CBDDTY010004830.1	1	1000	2	436	43.6	0.436	32	1
CBDDTY010004831.1	1	1000	4	575	57.5	1.193	31.3	7
CBDDTY010004832.1	1	1000	2	486	48.6	0.813	29.3	60
CBDDTY010004833.1	1	1000	1	288	28.8	0.288	28.6	60
CBDDTY010004834.1	1	1000	1	652	65.2	0.652	30.3	60
CBDDTY010004835.1	1	1000	8	857	85.7	1.623	29.3	49.2
CBDDTY010004836.1	1	1000	1	416	41.6	0.416	29	1
CBDDTY010004838.1	1	1000	10	873	87.3	2.601	31.1	13.9
CBDDTY010004840.1	1	1000	9	990	99	3.217	31.8	40.4
CBDDTY010004842.1	1	1000	1	236	23.6	0.236	32	6
CBDDTY010004843.1	1	1000	4	788	78.8	1.275	31.8	44.8
CBDDTY010004844.1	1	1000	2	283	28.3	0.385	30.7	7
CBDDTY010004845.1	1	1000	1	342	34.2	0.342	25.9	14
CBDDTY010004847.1	1	1000	24	903	90.3	5.705	31.7	12.1
CBDDTY010004848.1	1	1000	2	288	28.8	0.444	21.4	38
CBDDTY010004849.1	1	1000	1	183	18.3	0.183	41.1	0
CBDDTY010004850.1	1	1000	2	271	27.1	0.275	26.7	2.5
CBDDTY010004851.1	1	1000	8	869	86.9	2.584	28.2	11
CBDDTY010004852.1	1	1000	1	204	20.4	0.204	32.5	29
CBDDTY010004853.1	1	1000	1	519	51.9	0.519	34.3	60
CBDDTY010004854.1	1	1000	4	365	36.5	0.869	33.8	18.2
CBDDTY010004856.1	1	1000	2	438	43.8	0.438	25.2	46.5
CBDDTY010004857.1	1	1000	1	312	31.2	0.312	38	60
CBDDTY010004858.1	1	1000	1	148	14.8	0.148	36.6	60
CBDDTY010004859.1	1	1000	2	524	52.4	0.798	29.8	60
CBDDTY010004860.1	1	1000	1	934	93.4	0.934	25.3	60
CBDDTY010004861.1	1	1000	1	92	9.2	0.092	27.4	0
CBDDTY010004862.1	1	1000	6	659	65.9	1.748	30.4	45.8
CBDDTY010004863.1	1	1000	6	842	84.2	2.07	34.7	52.7
CBDDTY010004865.1	1	1000	7	728	72.8	2.55	31.9	51.6
CBDDTY010004866.1	1	1000	11	763	76.3	2.312	29.5	47.5
CBDDTY010004867.1	1	1000	4	949	94.9	1.992	30.2	54
CBDDTY010004868.1	1	1000	1	90	9	0.09	23.4	1
CBDDTY010004871.1	1	1000	1	142	14.2	0.142	20.9	0
CBDDTY010004873.1	1	1000	5	984	98.4	2.362	28.9	59.6
CBDDTY010004874.1	1	1000	1	227	22.7	0.227	33.4	60
CBDDTY010004875.1	1	1000	4	572	57.2	0.671	30.5	47.8
CBDDTY010004876.1	1	1000	3	300	30	0.54	32.7	0.667
CBDDTY010004877.1	1	1000	5	811	81.1	1.504	29.5	60
CBDDTY010004878.1	1	1000	2	221	22.1	0.221	24.4	13
CBDDTY010004879.1	1	1000	3	262	26.2	0.333	31.1	0.667
CBDDTY010004880.1	1	1000	2	257	25.7	0.375	30.3	32
CBDDTY010004881.1	1	1000	1	213	21.3	0.213	31.5	60
CBDDTY010004882.1	1	1000	2	295	29.5	0.406	27.9	45
CBDDTY010004886.1	1	1000	4	457	45.7	1.154	30.2	51
CBDDTY010004888.1	1	1000	5	947	94.7	1.928	30.8	48.2
CBDDTY010004890.1	1	1000	1	171	17.1	0.171	37.6	0
CBDDTY010004891.1	1	1000	2	172	17.2	0.265	30.2	13.5
CBDDTY010004893.1	1	1000	4	601	60.1	0.7	32.3	13
CBDDTY010004894.1	1	1000	1	362	36.2	0.362	38.2	39
CBDDTY010004896.1	1	1000	2	530	53	0.53	29.7	60
CBDDTY010004897.1	1	1000	3	526	52.6	0.884	35.5	40.7
CBDDTY010004899.1	1	1000	4	472	47.2	0.605	30.7	56.2
CBDDTY010004900.1	1	1000	38	952	95.2	14.3	28.1	11.4
CBDDTY010004901.1	1	1000	4	660	66	1.087	33.7	45.8
CBDDTY010004903.1	1	1000	37	1000	100	13.74	31.3	53
CBDDTY010004906.1	1	1000	27	798	79.8	10.324	30.9	2.89
CBDDTY010004907.1	1	1000	3	589	58.9	0.589	33.1	53.7
CBDDTY010004908.1	1	1000	3	732	73.2	1.23	25	0.667
CBDDTY010004910.1	1	1000	1	170	17	0.17	24.6	1
CBDDTY010004911.1	1	1000	2	237	23.7	0.401	30	57.5
CBDDTY010004912.1	1	1000	2	279	27.9	0.279	25.6	7.5
CBDDTY010004913.1	1	1000	1	290	29	0.29	28	60
CBDDTY010004915.1	1	1000	1	147	14.7	0.147	35.6	4
CBDDTY010004916.1	1	1000	3	325	32.5	0.752	21.1	43.3
CBDDTY010004917.1	1	1000	8	913	91.3	2.49	30.3	42.2
CBDDTY010004919.1	1	1000	2	613	61.3	1.044	30.5	60
CBDDTY010004920.1	1	1000	2	257	25.7	0.257	33.7	9
CBDDTY010004921.1	1	1000	3	956	95.6	1.306	32.4	60
CBDDTY010004922.1	1	1000	1	243	24.3	0.243	25.7	1
CBDDTY010004923.1	1	1000	9	611	61.1	2.352	31	8
CBDDTY010004924.1	1	1000	4	905	90.5	1.514	29.2	52
CBDDTY010004925.1	1	1000	1	78	7.8	0.078	42.5	41
CBDDTY010004927.1	1	1000	5	959	95.9	1.814	28.5	32.8
CBDDTY010004928.1	1	1000	2	196	19.6	0.196	37.7	33.5
CBDDTY010004929.1	1	1000	3	384	38.4	0.723	32.6	0.667
CBDDTY010004930.1	1	1000	4	233	23.3	0.622	30.3	0.75
CBDDTY010004931.1	1	1000	1	205	20.5	0.205	41.9	3
CBDDTY010004932.1	1	1000	1	200	20	0.2	27	0
CBDDTY010004933.1	1	1000	4	623	62.3	0.969	33.2	22.2
CBDDTY010004934.1	1	1000	6	859	85.9	2.349	30.8	13.2
CBDDTY010004935.1	1	1000	2	488	48.8	0.833	31.5	1
CBDDTY010004936.1	1	1000	2	821	82.1	1.335	26	60
CBDDTY010004937.1	1	1000	1	68	6.8	0.068	34.8	10
CBDDTY010004938.1	1	1000	5	701	70.1	1.391	31.9	1.4
CBDDTY010004939.1	1	1000	8	517	51.7	2.38	31.3	60
CBDDTY010004940.1	1	1000	2	538	53.8	0.603	35.4	21.5
CBDDTY010004941.1	1	1000	3	542	54.2	0.542	27.4	40.7
CBDDTY010004942.1	1	1000	3	428	42.8	0.659	38.5	26
CBDDTY010004943.1	1	1000	4	739	73.9	2.052	32	30
CBDDTY010004944.1	1	1000	10	821	82.1	2.748	27.2	26.5
CBDDTY010004945.1	1	1000	1	270	27	0.27	30.5	60
CBDDTY010004946.1	1	1000	1	256	25.6	0.256	32.1	53
CBDDTY010004947.1	1	1000	3	648	64.8	0.827	28	47
CBDDTY010004948.1	1	1000	1	96	9.6	0.096	32.7	56
CBDDTY010004949.1	1	1000	5	561	56.1	0.974	30.1	16.8
CBDDTY010004950.1	1	1000	2	420	42	0.537	31.2	30.5
CBDDTY010004951.1	1	1000	1	286	28.6	0.286	30	57
CBDDTY010004952.1	1	1000	7	1000	100	3.089	31.4	60
CBDDTY010004953.1	1	1000	6	676	67.6	1.073	31.6	41.3
CBDDTY010004954.1	1	1000	2	708	70.8	0.708	35	35
CBDDTY010004955.1	1	1000	5	569	56.9	0.946	32.8	48.8
CBDDTY010004957.1	1	1000	5	953	95.3	1.607	27.2	58.6
CBDDTY010004958.1	1	1000	1	340	34	0.34	31.3	60
CBDDTY010004960.1	1	1000	2	534	53.4	0.621	27.7	30.5
CBDDTY010004962.1	1	1000	3	341	34.1	0.619	25.1	45.3
CBDDTY010004963.1	1	1000	3	660	66	1.178	26.2	40
CBDDTY010004964.1	1	1000	4	369	36.9	0.963	26.8	25.5
CBDDTY010004965.1	1	1000	5	664	66.4	1.361	28.3	21.4
CBDDTY010004966.1	1	1000	1	206	20.6	0.206	28.6	8
CBDDTY010004967.1	1	1000	3	392	39.2	1.051	31.7	60
CBDDTY010004968.1	1	1000	1	156	15.6	0.156	28.8	0
CBDDTY010004969.1	1	1000	6	846	84.6	1.895	31.8	60
CBDDTY010004970.1	1	1000	5	727	72.7	1.338	30.3	7.6
CBDDTY010004971.1	1	1000	3	584	58.4	1.424	29.6	60
CBDDTY010004972.1	1	1000	3	438	43.8	0.726	34.7	40
CBDDTY010004973.1	1	1000	5	843	84.3	1.433	32.2	29
CBDDTY010004974.1	1	1000	2	573	57.3	0.924	36.2	60
CBDDTY010004975.1	1	1000	1	200	20	0.2	29.9	22
CBDDTY010004976.1	1	1000	4	383	38.3	0.956	26.5	2.5
CBDDTY010004978.1	1	1000	2	407	40.7	0.407	28.8	0
CBDDTY010004979.1	1	1000	5	872	87.2	2.381	26	8
CBDDTY010004980.1	1	1000	10	233	23.3	1.465	27.3	13
CBDDTY010004981.1	1	1000	7	911	91.1	2.254	31	6.71
CBDDTY010004982.1	1	1000	2	803	80.3	0.989	31.6	60
CBDDTY010004983.1	1	1000	4	829	82.9	1.344	28.9	3
CBDDTY010004985.1	1	1000	5	598	59.8	1.216	33.6	23.8
CBDDTY010004986.1	1	1000	1	234	23.4	0.234	25.4	1
CBDDTY010004987.1	1	1000	2	294	29.4	0.426	31.6	29.5
CBDDTY010004988.1	1	1000	3	389	38.9	1.066	30.9	0.667
CBDDTY010004989.1	1	1000	3	498	49.8	0.749	33.8	8
CBDDTY010004990.1	1	1000	6	828	82.8	1.482	31.7	54
CBDDTY010004993.1	1	1000	1	274	27.4	0.274	39.1	60
CBDDTY010004995.1	1	1000	4	580	58	0.946	32.9	15
CBDDTY010004996.1	1	1000	6	323	32.3	1.321	33.6	32.5
CBDDTY010004997.1	1	1000	2	485	48.5	0.566	31.8	0.5
CBDDTY010004998.1	1	1000	2	565	56.5	0.73	28.6	30.5
CBDDTY010004999.1	1	1000	7	814	81.4	1.88	29.8	24
CBDDTY010005000.1	1	1000	2	484	48.4	0.639	29.8	60
CBDDTY010005001.1	1	1000	4	842	84.2	1.363	30.6	60
CBDDTY010005002.1	1	1000	4	513	51.3	1.179	37.4	60
CBDDTY010005003.1	1	1000	6	768	76.8	1.22	27.7	32.7
CBDDTY010005004.1	1	1000	4	648	64.8	0.808	30	7.75
CBDDTY010005005.1	1	1000	6	363	36.3	1.026	33.9	3.17
CBDDTY010005007.1	1	1000	4	915	91.5	1.218	33.7	7.25
CBDDTY010005008.1	1	1000	5	612	61.2	1.243	28.8	0.6
CBDDTY010005012.1	1	1000	2	618	61.8	0.618	30.9	60
CBDDTY010005013.1	1	1000	4	990	99	1.774	29.7	46.8
CBDDTY010005014.1	1	1000	1	725	72.5	0.725	33.2	43
CBDDTY010005015.1	1	1000	1	256	25.6	0.256	22.8	29
CBDDTY010005017.1	1	1000	1	93	9.3	0.093	32.1	1
CBDDTY010005019.1	1	1000	2	589	58.9	0.73	26.8	31
CBDDTY010005023.1	1	1000	4	936	93.6	2.177	29.2	47.5
CBDDTY010005024.1	1	1000	2	838	83.8	0.838	22.9	60
CBDDTY010005025.1	1	1000	3	464	46.4	0.673	31.7	42.7
CBDDTY010005026.1	1	1000	5	996	99.6	2.001	31.3	55.2
CBDDTY010005027.1	1	1000	1	157	15.7	0.157	37.6	1
CBDDTY010005028.1	1	1000	4	369	36.9	0.64	31	31.8
CBDDTY010005029.1	1	1000	3	572	57.2	1.011	29.7	60
CBDDTY010005030.1	1	1000	6	893	89.3	1.318	32.1	52.3
CBDDTY010005031.1	1	1000	1	126	12.6	0.126	30.8	13
CBDDTY010005032.1	1	1000	15	975	97.5	4.772	31.2	45.8
CBDDTY010005033.1	1	1000	1	467	46.7	0.467	30.8	60
CBDDTY010005034.1	1	1000	1	418	41.8	0.418	34.5	1
CBDDTY010005035.1	1	1000	3	755	75.5	0.935	27.7	48.7
CBDDTY010005036.1	1	1000	5	870	87	2.298	35.9	60
CBDDTY010005038.1	1	1000	5	876	87.6	1.658	33	46.6
CBDDTY010005040.1	1	1000	1	282	28.2	0.282	32	9
CBDDTY010005041.1	1	1000	3	422	42.2	0.566	31.9	20.3
CBDDTY010005043.1	1	1000	5	970	97	1.527	32.3	46.8
CBDDTY010005045.1	1	1000	28	429	42.9	6.711	33.5	18.7
CBDDTY010005046.1	1	1000	3	820	82	1.04	32.6	26.7
CBDDTY010005047.1	1	1000	4	876	87.6	1.337	31	60
CBDDTY010005048.1	1	1000	3	724	72.4	1.11	29.8	0.667
CBDDTY010005049.1	1	1000	5	904	90.4	1.627	26.8	21.4
CBDDTY010005050.1	1	1000	3	720	72	0.979	35.9	60
CBDDTY010005051.1	1	1000	3	584	58.4	0.649	28.1	6.67
CBDDTY010005054.1	1	1000	9	987	98.7	3.354	31.4	38.4
CBDDTY010005056.1	1	1000	2	708	70.8	0.805	29	45.5
CBDDTY010005057.1	1	1000	1	403	40.3	0.403	30.6	60
CBDDTY010005058.1	1	1000	9	694	69.4	2.897	32	9.67
CBDDTY010005060.1	1	1000	2	238	23.8	0.331	32.3	46
CBDDTY010005062.1	1	1000	1	395	39.5	0.395	28.6	60
CBDDTY010005063.1	1	1000	5	967	96.7	2.106	28	60
CBDDTY010005065.1	1	1000	1	183	18.3	0.183	23.1	0
CBDDTY010005066.1	1	1000	2	897	89.7	1.09	36.4	60
CBDDTY010005067.1	1	1000	2	495	49.5	0.647	29.5	2.5
CBDDTY010005069.1	1	1000	3	625	62.5	1.279	28.1	50.7
CBDDTY010005070.1	1	1000	4	934	93.4	1.455	27.9	15
CBDDTY010005073.1	1	1000	5	978	97.8	1.856	30.2	56
CBDDTY010005074.1	1	1000	3	400	40	0.546	26.6	11
CBDDTY010005075.1	1	1000	3	417	41.7	0.651	28.4	60
CBDDTY010005076.1	1	1000	2	655	65.5	0.878	30.3	60
CBDDTY010005078.1	1	1000	2	149	14.9	0.149	35	5.5
CBDDTY010005080.1	1	1000	4	868	86.8	1.191	30.7	45
CBDDTY010005081.1	1	1000	2	144	14.4	0.144	27.2	14
CBDDTY010005082.1	1	1000	2	471	47.1	0.704	33.5	60
CBDDTY010005083.1	1	1000	2	514	51.4	0.783	29.6	49.5
CBDDTY010005085.1	1	1000	6	807	80.7	1.933	30.1	59.5
CBDDTY010005086.1	1	1000	3	875	87.5	1.04	29.6	60
CBDDTY010005087.1	1	1000	2	383	38.3	0.449	27.1	42.5
CBDDTY010005088.1	1	1000	1	146	14.6	0.146	24.7	0
CBDDTY010005090.1	1	1000	5	921	92.1	1.881	31.3	55
CBDDTY010005092.1	1	1000	1	239	23.9	0.239	41.6	60
CBDDTY010005093.1	1	1000	3	718	71.8	1.106	30	40.3
CBDDTY010005094.1	1	1000	3	355	35.5	0.374	30.8	54.7
CBDDTY010005095.1	1	1000	2	957	95.7	1.04	32.9	13.5
CBDDTY010005096.1	1	1000	2	250	25	0.338	29.9	12.5
CBDDTY010005097.1	1	1000	5	491	49.1	0.93	26.7	0.6
CBDDTY010005098.1	1	1000	2	534	53.4	0.534	28.8	1.5
CBDDTY010005099.1	1	1000	1	240	24	0.24	28.5	1
CBDDTY010005100.1	1	1000	1	346	34.6	0.346	32.1	32
CBDDTY010005103.1	1	1000	7	552	55.2	2.209	32	6.29
CBDDTY010005105.1	1	1000	8	972	97.2	4.616	29.1	12.9
CBDDTY010005106.1	1	1000	6	644	64.4	2.047	34.8	7.67
CBDDTY010005107.1	1	1000	4	284	28.4	0.601	29.8	36.2
CBDDTY010005108.1	1	1000	32	963	96.3	8.674	30.4	25.4
CBDDTY010005110.1	1	1000	1	242	24.2	0.242	27.5	18
CBDDTY010005111.1	1	1000	2	406	40.6	0.616	33.6	60
CBDDTY010005112.1	1	1000	5	652	65.2	0.915	29.4	38.4
CBDDTY010005113.1	1	1000	2	328	32.8	0.328	32.5	3
CBDDTY010005115.1	1	1000	5	915	91.5	1.777	30.5	24.6
CBDDTY010005116.1	1	1000	8	661	66.1	1.563	31.4	7
CBDDTY010005117.1	1	1000	2	671	67.1	1.036	24.3	22.5
CBDDTY010005118.1	1	1000	4	648	64.8	1.242	30.5	39
CBDDTY010005119.1	1	1000	2	342	34.2	0.342	25.9	30.5
CBDDTY010005121.1	1	1000	3	360	36	0.831	31.4	11.7
CBDDTY010005122.1	1	1000	2	421	42.1	0.421	32.5	41.5
CBDDTY010005124.1	1	1000	4	834	83.4	1.49	26.9	33
CBDDTY010005126.1	1	1000	5	434	43.4	0.922	30.7	24.4
CBDDTY010005127.1	1	1000	2	348	34.8	0.484	29.1	1
CBDDTY010005128.1	1	1000	4	379	37.9	0.82	35	6.25
CBDDTY010005129.1	1	1000	5	991	99.1	1.402	32	12.6
CBDDTY010005132.1	1	1000	4	951	95.1	1.869	33.6	30.2
CBDDTY010005133.1	1	1000	5	817	81.7	1.795	28.7	39
CBDDTY010005134.1	1	1000	1	370	37	0.37	32.4	1
CBDDTY010005136.1	1	1000	5	765	76.5	1.696	25.5	2.4
CBDDTY010005137.1	1	1000	2	673	67.3	0.881	31.5	60
CBDDTY010005138.1	1	1000	3	509	50.9	0.761	29	28
CBDDTY010005139.1	1	1000	8	679	67.9	2.719	30.6	7.5
CBDDTY010005142.1	1	1000	4	653	65.3	0.99	35.7	33.8
CBDDTY010005143.1	1	1000	1	259	25.9	0.259	31.2	60
CBDDTY010005145.1	1	1000	5	991	99.1	1.628	29.6	56.4
CBDDTY010005146.1	1	1000	1	293	29.3	0.293	36.4	1
CBDDTY010005147.1	1	1000	4	234	23.4	0.816	34.1	1
CBDDTY010005148.1	1	1000	4	894	89.4	1.107	30.2	0.75
CBDDTY010005150.1	1	1000	3	766	76.6	1.272	31.8	33.7
CBDDTY010005151.1	1	1000	24	717	71.7	5.089	30.3	22.8
CBDDTY010005152.1	1	1000	6	875	87.5	1.565	29.1	51
CBDDTY010005153.1	1	1000	1	117	11.7	0.117	34.6	1
CBDDTY010005154.1	1	1000	2	426	42.6	0.426	30	28
CBDDTY010005155.1	1	1000	1	188	18.8	0.188	21.3	0
CBDDTY010005157.1	1	1000	1	138	13.8	0.138	30.4	60
CBDDTY010005158.1	1	1000	5	746	74.6	0.927	30.5	26
CBDDTY010005160.1	1	1000	1	490	49	0.49	32.9	60
CBDDTY010005162.1	1	1000	4	538	53.8	1.592	29.3	2.5
CBDDTY010005163.1	1	1000	3	668	66.8	0.698	25.4	21
CBDDTY010005166.1	1	1000	3	502	50.2	0.724	30.9	51.3
CBDDTY010005167.1	1	600	1	133	22.1667	0.221667	34.7	55
CBDDTY010005168.1	1	1000	8	957	95.7	2.639	30.1	21.5
CBDDTY010005169.1	1	1000	5	323	32.3	0.85	31.1	9
CBDDTY010005170.1	1	1000	6	764	76.4	1.482	32.5	59.5
CBDDTY010005171.1	1	1000	5	583	58.3	1.35	28.8	0.4
CBDDTY010005172.1	1	1000	2	372	37.2	0.372	30.9	48
CBDDTY010005173.1	1	1000	8	969	96.9	2.508	31.9	45
CBDDTY010005174.1	1	1000	1	353	35.3	0.353	35	12
CBDDTY010005177.1	1	1000	1	106	10.6	0.106	22.7	0
CBDDTY010005178.1	1	1000	2	312	31.2	0.435	26.1	33.5
CBDDTY010005181.1	1	1000	11	873	87.3	2.663	31.1	21.2
CBDDTY010005183.1	1	1000	1	145	14.5	0.145	22.4	0
CBDDTY010005186.1	1	1000	7	964	96.4	2.095	32	42.1
CBDDTY010005188.1	1	1000	1	120	12	0.12	39.1	25
CBDDTY010005189.1	1	1000	1	91	9.1	0.091	28.6	0
CBDDTY010005191.1	1	1000	3	501	50.1	0.572	29.6	60
CBDDTY010005192.1	1	1000	4	865	86.5	1.722	32.1	59
CBDDTY010005193.1	1	1000	28	1000	100	8.153	30.4	52.8
CBDDTY010005194.1	1	1000	5	927	92.7	1.6	33.3	58.6
CBDDTY010005195.1	1	1000	4	291	29.1	0.741	24.9	9
CBDDTY010005198.1	1	1000	8	784	78.4	1.649	29.7	41.4
CBDDTY010005199.1	1	1000	1	496	49.6	0.496	22.1	60
CBDDTY010005200.1	1	1000	4	619	61.9	1.043	34.2	60
CBDDTY010005201.1	1	1000	24	974	97.4	10.671	30.4	40.5
CBDDTY010005202.1	1	1000	4	572	57.2	1.338	32.6	11.8
CBDDTY010005203.1	1	1000	1	253	25.3	0.253	34.1	1
CBDDTY010005207.1	1	1000	3	938	93.8	1.601	33.8	12.7
CBDDTY010005208.1	1	1000	1	175	17.5	0.175	32.3	1
CBDDTY010005211.1	1	1000	4	892	89.2	1.111	33.9	46
CBDDTY010005212.1	1	1000	15	694	69.4	4.639	32.4	14.6
CBDDTY010005213.1	1	1000	2	726	72.6	0.726	30.8	60
CBDDTY010005214.1	1	1000	1	156	15.6	0.156	32	44
CBDDTY010005215.1	1	1000	1	276	27.6	0.276	26.4	1
CBDDTY010005217.1	1	1000	1	613	61.3	0.613	32	1
CBDDTY010005218.1	1	1000	1	195	19.5	0.195	36.5	50
CBDDTY010005219.1	1	1000	8	994	99.4	2.691	29.1	54.2
CBDDTY010005221.1	1	1000	5	511	51.1	1.586	31	60
CBDDTY010005223.1	1	1000	3	574	57.4	0.857	26.4	47.3
CBDDTY010005224.1	1	1000	1	67	6.7	0.067	24.9	9
CBDDTY010005225.1	1	1000	1	397	39.7	0.397	20.5	51
CBDDTY010005226.1	1	1000	3	989	98.9	1.619	33.4	60
CBDDTY010005229.1	1	1000	7	991	99.1	3.585	33.1	57.3
CBDDTY010005230.1	1	1000	6	961	96.1	2.596	35	59
CBDDTY010005231.1	1	1000	5	277	27.7	0.868	25.6	3.4
CBDDTY010005232.1	1	1000	1	134	13.4	0.134	31.5	1
CBDDTY010005233.1	1	1000	1	217	21.7	0.217	24.1	3
CBDDTY010005234.1	1	1000	1	302	30.2	0.302	26.5	60
CBDDTY010005235.1	1	1000	3	544	54.4	1.037	26	59
CBDDTY010005236.1	1	1000	3	368	36.8	0.475	31.7	47
CBDDTY010005237.1	1	1000	3	546	54.6	0.665	29.3	32
CBDDTY010005238.1	1	1000	4	840	84	1.404	30.9	35
CBDDTY010005239.1	1	1000	4	473	47.3	0.654	33.2	0.75
CBDDTY010005240.1	1	1000	2	499	49.9	0.499	33.7	60
CBDDTY010005241.1	1	1000	6	965	96.5	2.017	30.6	57.8
CBDDTY010005242.1	1	1000	8	844	84.4	2.482	29.6	45.2
CBDDTY010005243.1	1	1000	1	306	30.6	0.306	23.1	60
CBDDTY010005247.1	1	1000	1	405	40.5	0.405	26.8	60
CBDDTY010005248.1	1	1000	1	269	26.9	0.269	28.9	60
CBDDTY010005251.1	1	1000	1	182	18.2	0.182	33.6	1
CBDDTY010005252.1	1	1000	6	397	39.7	0.815	32.1	9.5
CBDDTY010005253.1	1	1000	5	623	62.3	0.922	33.4	25.4
CBDDTY010005254.1	1	1000	2	578	57.8	0.884	27.8	60
CBDDTY010005255.1	1	1000	3	879	87.9	1.168	33.8	39.3
CBDDTY010005258.1	1	1000	1	168	16.8	0.168	31.4	0
CBDDTY010005259.1	1	1000	6	637	63.7	1.997	32.6	58.5
CBDDTY010005260.1	1	1000	4	542	54.2	0.649	32.5	39
CBDDTY010005261.1	1	1000	2	479	47.9	0.767	28.8	11.5
CBDDTY010005262.1	1	1000	12	831	83.1	3.477	29.8	34
CBDDTY010005263.1	1	1000	4	969	96.9	1.601	33.5	30.5
CBDDTY010005264.1	1	1000	1	162	16.2	0.162	28.7	59
CBDDTY010005265.1	1	1000	12	678	67.8	3.869	29.3	5.58
CBDDTY010005266.1	1	1000	5	987	98.7	1.958	30.7	48.2
CBDDTY010005267.1	1	1000	9	818	81.8	2.957	32.6	17.9
CBDDTY010005268.1	1	1000	1	139	13.9	0.139	34.4	1
CBDDTY010005269.1	1	1000	3	371	37.1	0.636	27.1	44
CBDDTY010005270.1	1	1000	2	276	27.6	0.395	30.5	60
CBDDTY010005272.1	1	1000	2	538	53.8	0.757	32.9	44.5
CBDDTY010005273.1	1	1000	3	700	70	1.678	30.3	60
CBDDTY010005275.1	1	1000	1	149	14.9	0.149	25	7
CBDDTY010005277.1	1	1000	9	765	76.5	2.215	31.5	19.6
CBDDTY010005278.1	1	1000	5	513	51.3	1.094	35.1	54.4
CBDDTY010005280.1	1	1000	1	129	12.9	0.129	37.3	32
CBDDTY010005281.1	1	1000	10	434	43.4	1.99	30.4	14.8
CBDDTY010005285.1	1	1000	4	928	92.8	1.347	29	48.2
CBDDTY010005287.1	1	1000	3	945	94.5	1.57	33.6	60
CBDDTY010005288.1	1	1000	3	878	87.8	1.388	31.9	49.7
CBDDTY010005292.1	1	1000	1	118	11.8	0.118	35.8	15
CBDDTY010005293.1	1	1000	1	363	36.3	0.363	29.2	53
CBDDTY010005294.1	1	1000	5	994	99.4	2.342	31.5	59
CBDDTY010005295.1	1	1000	4	919	91.9	1.421	30	45.2
CBDDTY010005297.1	1	1000	2	235	23.5	0.353	23.6	1
CBDDTY010005298.1	1	1000	17	929	92.9	5.165	32.4	56.3
CBDDTY010005299.1	1	1000	10	945	94.5	3.73	27.8	0.4
CBDDTY010005302.1	1	1000	1	160	16	0.16	37.8	0
CBDDTY010005303.1	1	1000	4	732	73.2	0.967	29.6	29
CBDDTY010005304.1	1	1000	1	290	29	0.29	30.8	57
CBDDTY010005305.1	1	1000	1	83	8.3	0.083	17.8	1
CBDDTY010005306.1	1	1000	4	783	78.3	0.803	29.1	26
CBDDTY010005307.1	1	1000	2	537	53.7	0.537	27	44.5
CBDDTY010005309.1	1	1000	3	325	32.5	0.65	33.2	0.667
CBDDTY010005310.1	1	1000	2	508	50.8	0.508	33.4	47
CBDDTY010005311.1	1	1000	5	897	89.7	1.373	31.8	45
CBDDTY010005312.1	1	1000	4	915	91.5	1.305	31.9	60
CBDDTY010005313.1	1	1000	5	687	68.7	1.147	31.2	53
CBDDTY010005314.1	1	1000	5	543	54.3	1.076	26.9	17.8
CBDDTY010005316.1	1	1000	3	984	98.4	1.258	25.3	52
CBDDTY010005318.1	1	1000	31	1000	100	8.916	28.7	46.5
CBDDTY010005322.1	1	1000	1	168	16.8	0.168	37.2	13
CBDDTY010005326.1	1	1000	1	160	16	0.16	40.9	1
CBDDTY010005327.1	1	1000	9	403	40.3	1.567	29.5	28.4
CBDDTY010005328.1	1	1000	2	301	30.1	0.389	31.5	0.5
CBDDTY010005329.1	1	1000	15	1000	100	4.628	29	49.7
CBDDTY010005331.1	1	1000	7	898	89.8	2.115	32	59.3
CBDDTY010005332.1	1	1000	2	466	46.6	0.466	33.2	13
CBDDTY010005333.1	1	1000	3	500	50	0.523	26.7	25.3
CBDDTY010005335.1	1	1000	1	157	15.7	0.157	33.2	60
CBDDTY010005336.1	1	1000	4	696	69.6	1.197	29.5	53.2
CBDDTY010005337.1	1	1000	1	312	31.2	0.312	21.8	60
CBDDTY010005339.1	1	1000	1	326	32.6	0.326	20.5	60
CBDDTY010005341.1	1	1000	2	762	76.2	1.081	26.1	21.5
CBDDTY010005342.1	1	1000	2	505	50.5	0.668	31.9	30.5
CBDDTY010005343.1	1	1000	6	780	78	1.603	30.8	9.33
CBDDTY010005344.1	1	1000	3	613	61.3	0.795	31	30.3
CBDDTY010005345.1	1	1000	14	728	72.8	3.885	31.1	15.2
CBDDTY010005346.1	1	1000	1	146	14.6	0.146	23	12
CBDDTY010005348.1	1	1000	3	323	32.3	0.497	33.4	21.3
CBDDTY010005349.1	1	1000	1	301	30.1	0.301	40.9	1
CBDDTY010005350.1	1	1000	2	381	38.1	0.381	25.2	0.5
CBDDTY010005352.1	1	1000	2	400	40	0.579	27.7	1
CBDDTY010005354.1	1	815	6	725	88.9571	1.74969	29.6	50.2
CBDDTY010005355.1	1	1000	6	995	99.5	2.51	28.4	53.3
CBDDTY010005356.1	1	1000	6	898	89.8	2.192	32.9	47.5
CBDDTY010005357.1	1	1000	9	674	67.4	3.235	27.8	14.1
CBDDTY010005358.1	1	1000	9	970	97	2.414	27.7	54.3
CBDDTY010005359.1	1	1000	2	354	35.4	0.364	37.2	3.5
CBDDTY010005360.1	1	1000	2	636	63.6	0.723	28.9	34
CBDDTY010005361.1	1	1000	10	659	65.9	1.858	28.4	1.6
CBDDTY010005365.1	1	1000	2	703	70.3	0.703	29.6	30.5
CBDDTY010005366.1	1	1000	2	481	48.1	0.481	28.7	51
CBDDTY010005370.1	1	1000	2	699	69.9	0.699	25.7	1
CBDDTY010005371.1	1	1000	1	261	26.1	0.261	30.8	1
CBDDTY010005372.1	1	1000	3	539	53.9	0.825	29.2	33.3
CBDDTY010005375.1	1	1000	1	244	24.4	0.244	30	0
CBDDTY010005376.1	1	1000	1	392	39.2	0.392	33.3	60
CBDDTY010005377.1	1	1000	9	687	68.7	1.928	29.4	12.8
CBDDTY010005378.1	1	1000	1	139	13.9	0.139	28.1	1
CBDDTY010005379.1	1	1000	1	411	41.1	0.411	26.9	24
CBDDTY010005382.1	1	1000	9	999	99.9	3.227	29.5	52.8
CBDDTY010005383.1	1	1000	5	944	94.4	2.152	28.5	55.8
CBDDTY010005384.1	1	1000	7	504	50.4	1.393	28.7	4.43
CBDDTY010005385.1	1	1000	39	1000	100	15.033	31.9	39.8
CBDDTY010005386.1	1	1000	2	444	44.4	0.444	29	60
CBDDTY010005387.1	1	1000	1	136	13.6	0.136	30.4	60
CBDDTY010005388.1	1	1000	6	710	71	1.514	32	25.5
CBDDTY010005389.1	1	1000	6	330	33	1.585	29	0.667
CBDDTY010005390.1	1	1000	1	226	22.6	0.226	42.1	44
CBDDTY010005391.1	1	1000	4	533	53.3	0.948	27.3	8
CBDDTY010005392.1	1	1000	3	255	25.5	0.317	31.3	6.33
CBDDTY010005393.1	1	1000	1	506	50.6	0.506	25.3	60
CBDDTY010005394.1	1	1000	4	526	52.6	1.485	30.7	36.8
CBDDTY010005396.1	1	1000	1	595	59.5	0.595	39.5	60
CBDDTY010005398.1	1	1000	1	165	16.5	0.165	28.2	1
CBDDTY010005400.1	1	1000	20	905	90.5	6.168	30.9	19.6
CBDDTY010005402.1	1	1000	3	199	19.9	0.57	30.4	1
CBDDTY010005403.1	1	1000	1	167	16.7	0.167	31.4	1
CBDDTY010005404.1	1	1000	4	520	52	0.791	34.5	35.5
CBDDTY010005405.1	1	1000	2	899	89.9	0.989	26.1	3
CBDDTY010005408.1	1	1000	1	432	43.2	0.432	30.3	60
CBDDTY010005409.1	1	1000	3	677	67.7	1.024	34.3	20.3
CBDDTY010005410.1	1	1000	1	400	40	0.4	34.7	31
CBDDTY010005411.1	1	1000	3	627	62.7	0.714	24.7	60
CBDDTY010005412.1	1	1000	4	747	74.7	1.801	31.9	24
CBDDTY010005414.1	1	1000	7	993	99.3	3.596	35	26.6
CBDDTY010005415.1	1	1000	2	558	55.8	0.558	30.2	51
CBDDTY010005416.1	1	1000	6	786	78.6	3.206	34.6	50.7
CBDDTY010005418.1	1	1000	3	632	63.2	0.873	33	46
CBDDTY010005419.1	1	1000	5	865	86.5	1.382	32.3	16.4
CBDDTY010005420.1	1	1000	1	157	15.7	0.157	20.2	15
CBDDTY010005421.1	1	1000	1	153	15.3	0.153	31.1	0
CBDDTY010005422.1	1	1000	5	725	72.5	1.472	28	54.6
CBDDTY010005425.1	1	1000	3	684	68.4	1.527	32.5	60
CBDDTY010005426.1	1	1000	18	953	95.3	5.575	30.7	52.2
CBDDTY010005427.1	1	1000	7	797	79.7	1.933	30.4	52.6
CBDDTY010005428.1	1	1000	1	236	23.6	0.236	31.6	0
CBDDTY010005431.1	1	1000	2	515	51.5	0.515	32.4	41.5
CBDDTY010005432.1	1	1000	6	542	54.2	1.629	26.9	42.3
CBDDTY010005433.1	1	1000	5	746	74.6	1.5	33.1	48.2
CBDDTY010005434.1	1	1000	2	298	29.8	0.468	25.7	7
CBDDTY010005437.1	1	1000	6	713	71.3	1.462	26.7	14.3
CBDDTY010005439.1	1	1000	1	452	45.2	0.452	28.5	54
CBDDTY010005442.1	1	1000	3	371	37.1	0.489	29.2	60
CBDDTY010005443.1	1	1000	2	495	49.5	0.749	21.3	34
CBDDTY010005444.1	1	1000	2	663	66.3	0.893	28	38
CBDDTY010005445.1	1	1000	8	722	72.2	2.268	31.4	7.75
CBDDTY010005448.1	1	1000	1	177	17.7	0.177	20.2	0
CBDDTY010005449.1	1	1000	2	360	36	0.668	26	34.5
CBDDTY010005450.1	1	1000	2	515	51.5	0.829	36	60
CBDDTY010005452.1	1	1000	1	230	23	0.23	25.6	60
CBDDTY010005453.1	1	1000	1	441	44.1	0.441	31.7	60
CBDDTY010005454.1	1	1000	3	472	47.2	0.771	31.4	48.7
CBDDTY010005457.1	1	1000	5	511	51.1	1.47	33	33.6
CBDDTY010005458.1	1	1000	5	991	99.1	2.267	31.9	60
CBDDTY010005459.1	1	1000	3	487	48.7	0.943	32.3	60
CBDDTY010005460.1	1	1000	5	605	60.5	1.959	31.1	48.2
CBDDTY010005461.1	1	1000	2	311	31.1	0.6	33.8	49
CBDDTY010005462.1	1	1000	1	388	38.8	0.388	34.4	1
CBDDTY010005463.1	1	1000	2	969	96.9	1.035	31.9	60
CBDDTY010005464.1	1	1000	3	849	84.9	1.322	29.1	47
CBDDTY010005469.1	1	1000	1	282	28.2	0.282	32.2	60
CBDDTY010005471.1	1	1000	5	906	90.6	2.228	30.2	48.2
CBDDTY010005472.1	1	1000	21	479	47.9	5.74	31.6	3.38
CBDDTY010005474.1	1	1000	2	531	53.1	0.83	28	58
CBDDTY010005475.1	1	1000	8	998	99.8	2.614	33.5	29
CBDDTY010005476.1	1	1000	10	1000	100	3.861	28.5	52.4
CBDDTY010005477.1	1	1000	2	484	48.4	0.81	34.6	34.5
CBDDTY010005478.1	1	1000	4	637	63.7	1.035	28.9	60
CBDDTY010005479.1	1	1000	9	753	75.3	2.703	31.1	56
CBDDTY010005480.1	1	1000	3	786	78.6	1.076	36.4	15.7
CBDDTY010005481.1	1	1000	2	494	49.4	0.502	34.2	33
CBDDTY010005482.1	1	1000	4	533	53.3	1.941	32.7	1
CBDDTY010005483.1	1	1000	1	84	8.4	0.084	35.1	10
CBDDTY010005484.1	1	1000	6	965	96.5	1.853	30.5	58.8
CBDDTY010005487.1	1	1000	2	612	61.2	0.856	33.9	60
CBDDTY010005488.1	1	1000	18	999	99.9	6.002	28.5	54.4
CBDDTY010005490.1	1	1000	2	342	34.2	0.56	28.6	3
CBDDTY010005491.1	1	1000	1	343	34.3	0.343	25.5	60
CBDDTY010005492.1	1	1000	4	792	79.2	1.591	28.9	48.5
CBDDTY010005494.1	1	1000	4	780	78	1.042	32	48.5
CBDDTY010005495.1	1	1000	6	588	58.8	1.248	30.3	57.5
CBDDTY010005496.1	1	1000	3	755	75.5	0.82	35.2	59.7
CBDDTY010005498.1	1	1000	1	199	19.9	0.199	32.4	13
CBDDTY010005499.1	1	1000	6	982	98.2	2.322	34.3	37.7
CBDDTY010005500.1	1	1000	3	373	37.3	0.48	30.2	22
CBDDTY010005501.1	1	1000	1	408	40.8	0.408	36.5	60
CBDDTY010005502.1	1	1000	1	579	57.9	0.579	29.4	60
CBDDTY010005504.1	1	1000	1	113	11.3	0.113	29	60
CBDDTY010005507.1	1	1000	2	506	50.6	0.506	24.1	1
CBDDTY010005508.1	1	1000	2	326	32.6	0.421	36.5	4.5
CBDDTY010005509.1	1	1000	7	986	98.6	2.255	27.9	60
CBDDTY010005510.1	1	1000	4	713	71.3	1.457	26.6	60
CBDDTY010005511.1	1	1000	3	841	84.1	1.112	32.9	48.3
CBDDTY010005514.1	1	1000	1	191	19.1	0.191	31.9	36
CBDDTY010005515.1	1	1000	3	803	80.3	1.271	31.7	49
CBDDTY010005516.1	1	1000	1	662	66.2	0.662	25.8	60
CBDDTY010005517.1	1	1000	1	283	28.3	0.283	26.9	1
CBDDTY010005518.1	1	1000	2	437	43.7	0.462	31.4	57
CBDDTY010005519.1	1	1000	1	109	10.9	0.109	21.4	16
CBDDTY010005520.1	1	1000	2	373	37.3	0.463	25.1	39.5
CBDDTY010005521.1	1	1000	1	282	28.2	0.282	30.8	1
CBDDTY010005522.1	1	1000	2	792	79.2	0.937	29.9	60
CBDDTY010005524.1	1	1000	6	856	85.6	1.219	31.6	38
CBDDTY010005525.1	1	1000	3	562	56.2	0.562	31.7	20.7
CBDDTY010005526.1	1	1000	2	384	38.4	0.384	25	11.5
CBDDTY010005529.1	1	1000	3	747	74.7	0.871	33.6	51
CBDDTY010005531.1	1	1000	1	265	26.5	0.265	23	32
CBDDTY010005532.1	1	1000	1	177	17.7	0.177	25.9	60
CBDDTY010005534.1	1	1000	2	221	22.1	0.221	37.5	9
CBDDTY010005536.1	1	1000	3	653	65.3	0.809	33.5	37.7
CBDDTY010005538.1	1	1000	3	700	70	1	31	20.3
CBDDTY010005539.1	1	1000	2	343	34.3	0.544	36.4	32
CBDDTY010005540.1	1	1000	1	672	67.2	0.672	26.4	60
CBDDTY010005541.1	1	1000	8	817	81.7	2.138	31	17
CBDDTY010005543.1	1	1000	23	1000	100	8.127	28.5	52.2
CBDDTY010005544.1	1	1000	9	701	70.1	2.926	30.7	54.6
CBDDTY010005545.1	1	1000	2	488	48.8	0.71	29.6	9.5
CBDDTY010005546.1	1	1000	6	849	84.9	2.585	31	60
CBDDTY010005548.1	1	1000	16	990	99	4.513	28.9	42.5
CBDDTY010005549.1	1	1000	4	757	75.7	2.046	29.1	46.2
CBDDTY010005550.1	1	1000	1	168	16.8	0.168	15.9	13
CBDDTY010005551.1	1	1000	7	998	99.8	2.597	30.6	58.3
CBDDTY010005552.1	1	1000	3	497	49.7	0.497	30.2	24.3
CBDDTY010005553.1	1	1000	4	770	77	1.478	25.5	60
CBDDTY010005554.1	1	1000	3	288	28.8	0.853	34.2	60
CBDDTY010005555.1	1	1000	8	966	96.6	2.032	28.9	54.4
CBDDTY010005556.1	1	1000	1	285	28.5	0.285	31.5	1
CBDDTY010005557.1	1	1000	2	926	92.6	1.18	30.1	60
CBDDTY010005559.1	1	1000	7	984	98.4	2.517	29.6	54.6
CBDDTY010005564.1	1	1000	3	987	98.7	1.059	32	60
CBDDTY010005566.1	1	1000	3	487	48.7	1.116	31.3	60
OZ247669.1	1	18777	3710	18777	100	79.7232	28.5	57.5
CBDDTY010000017.1	1	800	0	0	0	0	0	0
CBDDTY010000021.1	1	514	0	0	0	0	0	0
CBDDTY010000157.1	1	61000	0	0	0	0	0	0
CBDDTY010000171.1	1	53000	0	0	0	0	0	0
CBDDTY010000932.1	1	32000	0	0	0	0	0	0
CBDDTY010000952.1	1	32000	0	0	0	0	0	0
CBDDTY010000957.1	1	31943	0	0	0	0	0	0
CBDDTY010001325.1	1	28786	0	0	0	0	0	0
CBDDTY010001726.1	1	25564	0	0	0	0	0	0
CBDDTY010001817.1	1	24959	0	0	0	0	0	0
CBDDTY010001910.1	1	24000	0	0	0	0	0	0
CBDDTY010002457.1	1	19600	0	0	0	0	0	0
CBDDTY010002471.1	1	20000	0	0	0	0	0	0
CBDDTY010002618.1	1	19000	0	0	0	0	0	0
CBDDTY010002623.1	1	19000	0	0	0	0	0	0
CBDDTY010002642.1	1	18752	0	0	0	0	0	0
CBDDTY010002673.1	1	18426	0	0	0	0	0	0
CBDDTY010002698.1	1	18157	0	0	0	0	0	0
CBDDTY010002730.1	1	18000	0	0	0	0	0	0
CBDDTY010002840.1	1	17000	0	0	0	0	0	0
CBDDTY010003038.1	1	15524	0	0	0	0	0	0
CBDDTY010003062.1	1	15357	0	0	0	0	0	0
CBDDTY010003329.1	1	13000	0	0	0	0	0	0
CBDDTY010003510.1	1	9000	0	0	0	0	0	0
CBDDTY010003575.1	1	7000	0	0	0	0	0	0
CBDDTY010003590.1	1	7000	0	0	0	0	0	0
CBDDTY010003609.1	1	6000	0	0	0	0	0	0
CBDDTY010003624.1	1	6000	0	0	0	0	0	0
CBDDTY010003635.1	1	6000	0	0	0	0	0	0
CBDDTY010003636.1	1	6000	0	0	0	0	0	0
CBDDTY010003677.1	1	5000	0	0	0	0	0	0
CBDDTY010003734.1	1	5000	0	0	0	0	0	0
CBDDTY010003743.1	1	4000	0	0	0	0	0	0
CBDDTY010003745.1	1	4000	0	0	0	0	0	0
CBDDTY010003780.1	1	4000	0	0	0	0	0	0
CBDDTY010003809.1	1	4000	0	0	0	0	0	0
CBDDTY010003844.1	1	4000	0	0	0	0	0	0
CBDDTY010003882.1	1	3000	0	0	0	0	0	0
CBDDTY010003897.1	1	3000	0	0	0	0	0	0
CBDDTY010003899.1	1	3000	0	0	0	0	0	0
CBDDTY010003915.1	1	3000	0	0	0	0	0	0
CBDDTY010003918.1	1	3000	0	0	0	0	0	0
CBDDTY010003925.1	1	3000	0	0	0	0	0	0
CBDDTY010003953.1	1	3000	0	0	0	0	0	0
CBDDTY010004005.1	1	3000	0	0	0	0	0	0
CBDDTY010004012.1	1	3000	0	0	0	0	0	0
CBDDTY010004028.1	1	3000	0	0	0	0	0	0
CBDDTY010004045.1	1	3000	0	0	0	0	0	0
CBDDTY010004058.1	1	3000	0	0	0	0	0	0
CBDDTY010004076.1	1	3000	0	0	0	0	0	0
CBDDTY010004121.1	1	2000	0	0	0	0	0	0
CBDDTY010004123.1	1	2000	0	0	0	0	0	0
CBDDTY010004137.1	1	2000	0	0	0	0	0	0
CBDDTY010004138.1	1	2000	0	0	0	0	0	0
CBDDTY010004142.1	1	2000	0	0	0	0	0	0
CBDDTY010004148.1	1	2000	0	0	0	0	0	0
CBDDTY010004160.1	1	2000	0	0	0	0	0	0
CBDDTY010004165.1	1	2000	0	0	0	0	0	0
CBDDTY010004170.1	1	2000	0	0	0	0	0	0
CBDDTY010004183.1	1	2000	0	0	0	0	0	0
CBDDTY010004195.1	1	2000	0	0	0	0	0	0
CBDDTY010004208.1	1	2000	0	0	0	0	0	0
CBDDTY010004211.1	1	2000	0	0	0	0	0	0
CBDDTY010004214.1	1	2000	0	0	0	0	0	0
CBDDTY010004237.1	1	2000	0	0	0	0	0	0
CBDDTY010004238.1	1	2000	0	0	0	0	0	0
CBDDTY010004240.1	1	2000	0	0	0	0	0	0
CBDDTY010004253.1	1	2000	0	0	0	0	0	0
CBDDTY010004261.1	1	2000	0	0	0	0	0	0
CBDDTY010004264.1	1	2000	0	0	0	0	0	0
CBDDTY010004276.1	1	2000	0	0	0	0	0	0
CBDDTY010004282.1	1	2000	0	0	0	0	0	0
CBDDTY010004284.1	1	2000	0	0	0	0	0	0
CBDDTY010004295.1	1	2000	0	0	0	0	0	0
CBDDTY010004296.1	1	2000	0	0	0	0	0	0
CBDDTY010004299.1	1	2000	0	0	0	0	0	0
CBDDTY010004302.1	1	2000	0	0	0	0	0	0
CBDDTY010004308.1	1	2000	0	0	0	0	0	0
CBDDTY010004319.1	1	2000	0	0	0	0	0	0
CBDDTY010004325.1	1	2000	0	0	0	0	0	0
CBDDTY010004333.1	1	2000	0	0	0	0	0	0
CBDDTY010004341.1	1	2000	0	0	0	0	0	0
CBDDTY010004347.1	1	2000	0	0	0	0	0	0
CBDDTY010004357.1	1	2000	0	0	0	0	0	0
CBDDTY010004362.1	1	2000	0	0	0	0	0	0
CBDDTY010004379.1	1	2000	0	0	0	0	0	0
CBDDTY010004386.1	1	2000	0	0	0	0	0	0
CBDDTY010004406.1	1	2000	0	0	0	0	0	0
CBDDTY010004416.1	1	2000	0	0	0	0	0	0
CBDDTY010004421.1	1	2000	0	0	0	0	0	0
CBDDTY010004429.1	1	2000	0	0	0	0	0	0
CBDDTY010004447.1	1	2000	0	0	0	0	0	0
CBDDTY010004457.1	1	2000	0	0	0	0	0	0
CBDDTY010004458.1	1	2000	0	0	0	0	0	0
CBDDTY010004471.1	1	2000	0	0	0	0	0	0
CBDDTY010004477.1	1	2000	0	0	0	0	0	0
CBDDTY010004484.1	1	2000	0	0	0	0	0	0
CBDDTY010004498.1	1	2000	0	0	0	0	0	0
CBDDTY010004515.1	1	2000	0	0	0	0	0	0
CBDDTY010004528.1	1	2000	0	0	0	0	0	0
CBDDTY010004530.1	1	2000	0	0	0	0	0	0
CBDDTY010004541.1	1	2000	0	0	0	0	0	0
CBDDTY010004542.1	1	2000	0	0	0	0	0	0
CBDDTY010004543.1	1	2000	0	0	0	0	0	0
CBDDTY010004554.1	1	2000	0	0	0	0	0	0
CBDDTY010004560.1	1	2000	0	0	0	0	0	0
CBDDTY010004582.1	1	2000	0	0	0	0	0	0
CBDDTY010004603.1	1	1000	0	0	0	0	0	0
CBDDTY010004604.1	1	1000	0	0	0	0	0	0
CBDDTY010004605.1	1	1000	0	0	0	0	0	0
CBDDTY010004607.1	1	1000	0	0	0	0	0	0
CBDDTY010004608.1	1	1000	0	0	0	0	0	0
CBDDTY010004613.1	1	1000	0	0	0	0	0	0
CBDDTY010004614.1	1	1000	0	0	0	0	0	0
CBDDTY010004615.1	1	1000	0	0	0	0	0	0
CBDDTY010004621.1	1	1000	0	0	0	0	0	0
CBDDTY010004622.1	1	1000	0	0	0	0	0	0
CBDDTY010004623.1	1	1000	0	0	0	0	0	0
CBDDTY010004625.1	1	1000	0	0	0	0	0	0
CBDDTY010004631.1	1	1000	0	0	0	0	0	0
CBDDTY010004633.1	1	1000	0	0	0	0	0	0
CBDDTY010004648.1	1	1000	0	0	0	0	0	0
CBDDTY010004653.1	1	1000	0	0	0	0	0	0
CBDDTY010004654.1	1	1000	0	0	0	0	0	0
CBDDTY010004661.1	1	1000	0	0	0	0	0	0
CBDDTY010004667.1	1	1000	0	0	0	0	0	0
CBDDTY010004679.1	1	1000	0	0	0	0	0	0
CBDDTY010004682.1	1	1000	0	0	0	0	0	0
CBDDTY010004683.1	1	1000	0	0	0	0	0	0
CBDDTY010004684.1	1	1000	0	0	0	0	0	0
CBDDTY010004687.1	1	1000	0	0	0	0	0	0
CBDDTY010004690.1	1	1000	0	0	0	0	0	0
CBDDTY010004693.1	1	1000	0	0	0	0	0	0
CBDDTY010004698.1	1	1000	0	0	0	0	0	0
CBDDTY010004702.1	1	1000	0	0	0	0	0	0
CBDDTY010004704.1	1	1000	0	0	0	0	0	0
CBDDTY010004713.1	1	1000	0	0	0	0	0	0
CBDDTY010004717.1	1	1000	0	0	0	0	0	0
CBDDTY010004725.1	1	1000	0	0	0	0	0	0
CBDDTY010004727.1	1	1000	0	0	0	0	0	0
CBDDTY010004728.1	1	1000	0	0	0	0	0	0
CBDDTY010004733.1	1	1000	0	0	0	0	0	0
CBDDTY010004735.1	1	1000	0	0	0	0	0	0
CBDDTY010004736.1	1	1000	0	0	0	0	0	0
CBDDTY010004739.1	1	1000	0	0	0	0	0	0
CBDDTY010004742.1	1	1000	0	0	0	0	0	0
CBDDTY010004751.1	1	1000	0	0	0	0	0	0
CBDDTY010004757.1	1	1000	0	0	0	0	0	0
CBDDTY010004759.1	1	1000	0	0	0	0	0	0
CBDDTY010004762.1	1	1000	0	0	0	0	0	0
CBDDTY010004768.1	1	1000	0	0	0	0	0	0
CBDDTY010004769.1	1	1000	0	0	0	0	0	0
CBDDTY010004771.1	1	1000	0	0	0	0	0	0
CBDDTY010004788.1	1	1000	0	0	0	0	0	0
CBDDTY010004789.1	1	1000	0	0	0	0	0	0
CBDDTY010004791.1	1	1000	0	0	0	0	0	0
CBDDTY010004799.1	1	1000	0	0	0	0	0	0
CBDDTY010004802.1	1	1000	0	0	0	0	0	0
CBDDTY010004803.1	1	1000	0	0	0	0	0	0
CBDDTY010004807.1	1	1000	0	0	0	0	0	0
CBDDTY010004818.1	1	1000	0	0	0	0	0	0
CBDDTY010004820.1	1	1000	0	0	0	0	0	0
CBDDTY010004828.1	1	1000	0	0	0	0	0	0
CBDDTY010004837.1	1	1000	0	0	0	0	0	0
CBDDTY010004839.1	1	1000	0	0	0	0	0	0
CBDDTY010004841.1	1	1000	0	0	0	0	0	0
CBDDTY010004846.1	1	1000	0	0	0	0	0	0
CBDDTY010004855.1	1	1000	0	0	0	0	0	0
CBDDTY010004864.1	1	1000	0	0	0	0	0	0
CBDDTY010004869.1	1	1000	0	0	0	0	0	0
CBDDTY010004870.1	1	1000	0	0	0	0	0	0
CBDDTY010004872.1	1	1000	0	0	0	0	0	0
CBDDTY010004883.1	1	1000	0	0	0	0	0	0
CBDDTY010004884.1	1	1000	0	0	0	0	0	0
CBDDTY010004885.1	1	1000	0	0	0	0	0	0
CBDDTY010004887.1	1	1000	0	0	0	0	0	0
CBDDTY010004889.1	1	1000	0	0	0	0	0	0
CBDDTY010004892.1	1	1000	0	0	0	0	0	0
CBDDTY010004895.1	1	1000	0	0	0	0	0	0
CBDDTY010004898.1	1	1000	0	0	0	0	0	0
CBDDTY010004902.1	1	1000	0	0	0	0	0	0
CBDDTY010004904.1	1	1000	0	0	0	0	0	0
CBDDTY010004905.1	1	1000	0	0	0	0	0	0
CBDDTY010004909.1	1	1000	0	0	0	0	0	0
CBDDTY010004914.1	1	1000	0	0	0	0	0	0
CBDDTY010004918.1	1	1000	0	0	0	0	0	0
CBDDTY010004926.1	1	1000	0	0	0	0	0	0
CBDDTY010004956.1	1	1000	0	0	0	0	0	0
CBDDTY010004959.1	1	1000	0	0	0	0	0	0
CBDDTY010004961.1	1	1000	0	0	0	0	0	0
CBDDTY010004977.1	1	1000	0	0	0	0	0	0
CBDDTY010004984.1	1	1000	0	0	0	0	0	0
CBDDTY010004991.1	1	1000	0	0	0	0	0	0
CBDDTY010004992.1	1	1000	0	0	0	0	0	0
CBDDTY010004994.1	1	1000	0	0	0	0	0	0
CBDDTY010005006.1	1	1000	0	0	0	0	0	0
CBDDTY010005009.1	1	1000	0	0	0	0	0	0
CBDDTY010005010.1	1	1000	0	0	0	0	0	0
CBDDTY010005011.1	1	1000	0	0	0	0	0	0
CBDDTY010005016.1	1	1000	0	0	0	0	0	0
CBDDTY010005018.1	1	1000	0	0	0	0	0	0
CBDDTY010005020.1	1	1000	0	0	0	0	0	0
CBDDTY010005021.1	1	1000	0	0	0	0	0	0
CBDDTY010005022.1	1	1000	0	0	0	0	0	0
CBDDTY010005037.1	1	1000	0	0	0	0	0	0
CBDDTY010005039.1	1	1000	0	0	0	0	0	0
CBDDTY010005042.1	1	1000	0	0	0	0	0	0
CBDDTY010005044.1	1	1000	0	0	0	0	0	0
CBDDTY010005052.1	1	1000	0	0	0	0	0	0
CBDDTY010005053.1	1	1000	0	0	0	0	0	0
CBDDTY010005055.1	1	1000	0	0	0	0	0	0
CBDDTY010005059.1	1	1000	0	0	0	0	0	0
CBDDTY010005061.1	1	1000	0	0	0	0	0	0
CBDDTY010005064.1	1	1000	0	0	0	0	0	0
CBDDTY010005068.1	1	1000	0	0	0	0	0	0
CBDDTY010005071.1	1	1000	0	0	0	0	0	0
CBDDTY010005072.1	1	1000	0	0	0	0	0	0
CBDDTY010005077.1	1	1000	0	0	0	0	0	0
CBDDTY010005079.1	1	1000	0	0	0	0	0	0
CBDDTY010005084.1	1	1000	0	0	0	0	0	0
CBDDTY010005089.1	1	1000	0	0	0	0	0	0
CBDDTY010005091.1	1	1000	0	0	0	0	0	0
CBDDTY010005101.1	1	1000	0	0	0	0	0	0
CBDDTY010005102.1	1	1000	0	0	0	0	0	0
CBDDTY010005104.1	1	1000	0	0	0	0	0	0
CBDDTY010005109.1	1	1000	0	0	0	0	0	0
CBDDTY010005114.1	1	1000	0	0	0	0	0	0
CBDDTY010005120.1	1	1000	0	0	0	0	0	0
CBDDTY010005123.1	1	1000	0	0	0	0	0	0
CBDDTY010005125.1	1	1000	0	0	0	0	0	0
CBDDTY010005130.1	1	1000	0	0	0	0	0	0
CBDDTY010005131.1	1	1000	0	0	0	0	0	0
CBDDTY010005135.1	1	1000	0	0	0	0	0	0
CBDDTY010005140.1	1	1000	0	0	0	0	0	0
CBDDTY010005141.1	1	1000	0	0	0	0	0	0
CBDDTY010005144.1	1	1000	0	0	0	0	0	0
CBDDTY010005149.1	1	1000	0	0	0	0	0	0
CBDDTY010005156.1	1	1000	0	0	0	0	0	0
CBDDTY010005159.1	1	1000	0	0	0	0	0	0
CBDDTY010005161.1	1	1000	0	0	0	0	0	0
CBDDTY010005164.1	1	1000	0	0	0	0	0	0
CBDDTY010005165.1	1	1000	0	0	0	0	0	0
CBDDTY010005175.1	1	1000	0	0	0	0	0	0
CBDDTY010005176.1	1	1000	0	0	0	0	0	0
CBDDTY010005179.1	1	1000	0	0	0	0	0	0
CBDDTY010005180.1	1	1000	0	0	0	0	0	0
CBDDTY010005182.1	1	1000	0	0	0	0	0	0
CBDDTY010005184.1	1	1000	0	0	0	0	0	0
CBDDTY010005185.1	1	1000	0	0	0	0	0	0
CBDDTY010005187.1	1	1000	0	0	0	0	0	0
CBDDTY010005190.1	1	1000	0	0	0	0	0	0
CBDDTY010005196.1	1	1000	0	0	0	0	0	0
CBDDTY010005197.1	1	1000	0	0	0	0	0	0
CBDDTY010005204.1	1	1000	0	0	0	0	0	0
CBDDTY010005205.1	1	1000	0	0	0	0	0	0
CBDDTY010005206.1	1	1000	0	0	0	0	0	0
CBDDTY010005209.1	1	1000	0	0	0	0	0	0
CBDDTY010005210.1	1	1000	0	0	0	0	0	0
CBDDTY010005216.1	1	1000	0	0	0	0	0	0
CBDDTY010005220.1	1	1000	0	0	0	0	0	0
CBDDTY010005222.1	1	1000	0	0	0	0	0	0
CBDDTY010005227.1	1	1000	0	0	0	0	0	0
CBDDTY010005228.1	1	1000	0	0	0	0	0	0
CBDDTY010005244.1	1	1000	0	0	0	0	0	0
CBDDTY010005245.1	1	1000	0	0	0	0	0	0
CBDDTY010005246.1	1	1000	0	0	0	0	0	0
CBDDTY010005249.1	1	1000	0	0	0	0	0	0
CBDDTY010005250.1	1	1000	0	0	0	0	0	0
CBDDTY010005256.1	1	998	0	0	0	0	0	0
CBDDTY010005257.1	1	1000	0	0	0	0	0	0
CBDDTY010005271.1	1	1000	0	0	0	0	0	0
CBDDTY010005274.1	1	1000	0	0	0	0	0	0
CBDDTY010005276.1	1	1000	0	0	0	0	0	0
CBDDTY010005279.1	1	1000	0	0	0	0	0	0
CBDDTY010005282.1	1	800	0	0	0	0	0	0
CBDDTY010005283.1	1	1000	0	0	0	0	0	0
CBDDTY010005284.1	1	1000	0	0	0	0	0	0
CBDDTY010005286.1	1	1000	0	0	0	0	0	0
CBDDTY010005289.1	1	1000	0	0	0	0	0	0
CBDDTY010005290.1	1	1000	0	0	0	0	0	0
CBDDTY010005291.1	1	1000	0	0	0	0	0	0
CBDDTY010005296.1	1	1000	0	0	0	0	0	0
CBDDTY010005300.1	1	1000	0	0	0	0	0	0
CBDDTY010005301.1	1	1000	0	0	0	0	0	0
CBDDTY010005308.1	1	1000	0	0	0	0	0	0
CBDDTY010005315.1	1	1000	0	0	0	0	0	0
CBDDTY010005317.1	1	1000	0	0	0	0	0	0
CBDDTY010005319.1	1	1000	0	0	0	0	0	0
CBDDTY010005320.1	1	1000	0	0	0	0	0	0
CBDDTY010005321.1	1	1000	0	0	0	0	0	0
CBDDTY010005323.1	1	1000	0	0	0	0	0	0
CBDDTY010005324.1	1	1000	0	0	0	0	0	0
CBDDTY010005325.1	1	1000	0	0	0	0	0	0
CBDDTY010005330.1	1	1000	0	0	0	0	0	0
CBDDTY010005334.1	1	1000	0	0	0	0	0	0
CBDDTY010005338.1	1	1000	0	0	0	0	0	0
CBDDTY010005340.1	1	1000	0	0	0	0	0	0
CBDDTY010005347.1	1	1000	0	0	0	0	0	0
CBDDTY010005351.1	1	1000	0	0	0	0	0	0
CBDDTY010005353.1	1	1000	0	0	0	0	0	0
CBDDTY010005362.1	1	1000	0	0	0	0	0	0
CBDDTY010005363.1	1	1000	0	0	0	0	0	0
CBDDTY010005364.1	1	1000	0	0	0	0	0	0
CBDDTY010005367.1	1	1000	0	0	0	0	0	0
CBDDTY010005368.1	1	1000	0	0	0	0	0	0
CBDDTY010005369.1	1	1000	0	0	0	0	0	0
CBDDTY010005373.1	1	1000	0	0	0	0	0	0
CBDDTY010005374.1	1	1000	0	0	0	0	0	0
CBDDTY010005380.1	1	1000	0	0	0	0	0	0
CBDDTY010005381.1	1	1000	0	0	0	0	0	0
CBDDTY010005395.1	1	1000	0	0	0	0	0	0
CBDDTY010005397.1	1	1000	0	0	0	0	0	0
CBDDTY010005399.1	1	1000	0	0	0	0	0	0
CBDDTY010005401.1	1	1000	0	0	0	0	0	0
CBDDTY010005406.1	1	1000	0	0	0	0	0	0
CBDDTY010005407.1	1	1000	0	0	0	0	0	0
CBDDTY010005413.1	1	1000	0	0	0	0	0	0
CBDDTY010005417.1	1	1000	0	0	0	0	0	0
CBDDTY010005423.1	1	1000	0	0	0	0	0	0
CBDDTY010005424.1	1	1000	0	0	0	0	0	0
CBDDTY010005429.1	1	1000	0	0	0	0	0	0
CBDDTY010005430.1	1	1000	0	0	0	0	0	0
CBDDTY010005435.1	1	1000	0	0	0	0	0	0
CBDDTY010005436.1	1	1000	0	0	0	0	0	0
CBDDTY010005438.1	1	1000	0	0	0	0	0	0
CBDDTY010005440.1	1	1000	0	0	0	0	0	0
CBDDTY010005441.1	1	1000	0	0	0	0	0	0
CBDDTY010005446.1	1	1000	0	0	0	0	0	0
CBDDTY010005447.1	1	1000	0	0	0	0	0	0
CBDDTY010005451.1	1	1000	0	0	0	0	0	0
CBDDTY010005455.1	1	1000	0	0	0	0	0	0
CBDDTY010005456.1	1	1000	0	0	0	0	0	0
CBDDTY010005465.1	1	1000	0	0	0	0	0	0
CBDDTY010005466.1	1	1000	0	0	0	0	0	0
CBDDTY010005467.1	1	1000	0	0	0	0	0	0
CBDDTY010005468.1	1	1000	0	0	0	0	0	0
CBDDTY010005470.1	1	1000	0	0	0	0	0	0
CBDDTY010005473.1	1	1000	0	0	0	0	0	0
CBDDTY010005485.1	1	1000	0	0	0	0	0	0
CBDDTY010005486.1	1	1000	0	0	0	0	0	0
CBDDTY010005489.1	1	1000	0	0	0	0	0	0
CBDDTY010005493.1	1	1000	0	0	0	0	0	0
CBDDTY010005497.1	1	1000	0	0	0	0	0	0
CBDDTY010005503.1	1	1000	0	0	0	0	0	0
CBDDTY010005505.1	1	1000	0	0	0	0	0	0
CBDDTY010005506.1	1	1000	0	0	0	0	0	0
CBDDTY010005512.1	1	1000	0	0	0	0	0	0
CBDDTY010005513.1	1	1000	0	0	0	0	0	0
CBDDTY010005523.1	1	1000	0	0	0	0	0	0
CBDDTY010005527.1	1	1000	0	0	0	0	0	0
CBDDTY010005528.1	1	1000	0	0	0	0	0	0
CBDDTY010005530.1	1	1000	0	0	0	0	0	0
CBDDTY010005533.1	1	1000	0	0	0	0	0	0
CBDDTY010005535.1	1	1000	0	0	0	0	0	0
CBDDTY010005537.1	1	1000	0	0	0	0	0	0
CBDDTY010005542.1	1	1000	0	0	0	0	0	0
CBDDTY010005547.1	1	1000	0	0	0	0	0	0
CBDDTY010005558.1	1	1000	0	0	0	0	0	0
CBDDTY010005560.1	1	1000	0	0	0	0	0	0
CBDDTY010005561.1	1	1000	0	0	0	0	0	0
CBDDTY010005562.1	1	1000	0	0	0	0	0	0
CBDDTY010005563.1	1	1000	0	0	0	0	0	0
CBDDTY010005565.1	1	1000	0	0	0	0	0	0
